{
"type": "FeatureCollection",
"name": "AQHI_WCAS_2024_blend",
"crs": { "type": "name", "properties": { "name": "urn:ogc:def:crs:OGC:1.3:CRS84" } },
"features": [
{ "type": "Feature", "properties": { "value": "1", "label": "AQHI 1", "color": "#01cbff", "timestamp": "2026-10-09 14:00:00", "generated_at": "2026-10-09T20:31:38.042297", "nearest_km": 59.753282755052702, "n_points": 12, "weight_sum": 0.00085250418197893184, "confidence": "Medium", "flagged": false }, "geometry": { "type": "Polygon", "coordinates": [ [ [ -117.801325097808842, 52.12699482820188 ], [ -117.701325097808848, 52.12699482820188 ], [ -117.701325097808848, 52.226994828201882 ], [ -117.801325097808842, 52.226994828201882 ], [ -117.801325097808842, 52.12699482820188 ] ] ] } },
{ "type": "Feature", "properties": { "value": "1", "label": "AQHI 1", "color": "#01cbff", "timestamp": "2026-10-09 14:00:00", "generated_at": "2026-10-09T20:31:38.042297", "nearest_km": 49.079965362505831, "n_points": 12, "weight_sum": 0.00097121749237930608, "confidence": "Medium", "flagged": false }, "geometry": { "type": "Polygon", "coordinates": [ [ [ -117.701325097808848, 52.12699482820188 ], [ -117.601325097808854, 52.12699482820188 ], [ -117.601325097808854, 52.226994828201882 ], [ -117.701325097808848, 52.226994828201882 ], [ -117.701325097808848, 52.12699482820188 ] ] ] } },
{ "type": "Feature", "properties": { "value": "1", "label": "AQHI 1", "color": "#01cbff", "timestamp": "2026-10-09 14:00:00", "generated_at": "2026-10-09T20:31:38.042297", "nearest_km": 38.647783894606903, "n_points": 12, "weight_sum": 0.0011887132391084345, "confidence": "Medium", "flagged": false }, "geometry": { "type": "Polygon", "coordinates": [ [ [ -117.601325097808854, 52.12699482820188 ], [ -117.501325097808859, 52.12699482820188 ], [ -117.501325097808859, 52.226994828201882 ], [ -117.601325097808854, 52.226994828201882 ], [ -117.601325097808854, 52.12699482820188 ] ] ] } },
{ "type": "Feature", "properties": { "value": "1", "label": "AQHI 1", "color": "#01cbff", "timestamp": "2026-10-09 14:00:00", "generated_at": "2026-10-09T20:31:38.042297", "nearest_km": 28.720713778450456, "n_points": 12, "weight_sum": 0.0016567587128602868, "confidence": "Medium", "flagged": false }, "geometry": { "type": "Polygon", "coordinates": [ [ [ -117.501325097808859, 52.12699482820188 ], [ -117.401325097808865, 52.12699482820188 ], [ -117.401325097808865, 52.226994828201882 ], [ -117.501325097808859, 52.226994828201882 ], [ -117.501325097808859, 52.12699482820188 ] ] ] } },
{ "type": "Feature", "properties": { "value": "1", "label": "AQHI 1", "color": "#01cbff", "timestamp": "2026-10-09 14:00:00", "generated_at": "2026-10-09T20:31:38.042297", "nearest_km": 20.063090487835687, "n_points": 12, "weight_sum": 0.0028246315143825771, "confidence": "High", "flagged": false }, "geometry": { "type": "Polygon", "coordinates": [ [ [ -117.401325097808865, 52.12699482820188 ], [ -117.301325097808871, 52.12699482820188 ], [ -117.301325097808871, 52.226994828201882 ], [ -117.401325097808865, 52.226994828201882 ], [ -117.401325097808865, 52.12699482820188 ] ] ] } },
{ "type": "Feature", "properties": { "value": "1", "label": "AQHI 1", "color": "#01cbff", "timestamp": "2026-10-09 14:00:00", "generated_at": "2026-10-09T20:31:38.042297", "nearest_km": 13.418037367756819, "n_points": 12, "weight_sum": 0.0055493179089732697, "confidence": "High", "flagged": false }, "geometry": { "type": "Polygon", "coordinates": [ [ [ -117.301325097808871, 52.12699482820188 ], [ -117.201325097808876, 52.12699482820188 ], [ -117.201325097808876, 52.226994828201882 ], [ -117.301325097808871, 52.226994828201882 ], [ -117.301325097808871, 52.12699482820188 ] ] ] } },
{ "type": "Feature", "properties": { "value": "1", "label": "AQHI 1", "color": "#01cbff", "timestamp": "2026-10-09 14:00:00", "generated_at": "2026-10-09T20:31:38.042297", "nearest_km": 10.69739037251107, "n_points": 12, "weight_sum": 0.0066338505103388529, "confidence": "High", "flagged": false }, "geometry": { "type": "Polygon", "coordinates": [ [ [ -117.201325097808876, 52.12699482820188 ], [ -117.101325097808882, 52.12699482820188 ], [ -117.101325097808882, 52.226994828201882 ], [ -117.201325097808876, 52.226994828201882 ], [ -117.201325097808876, 52.12699482820188 ] ] ] } },
{ "type": "Feature", "properties": { "value": "1", "label": "AQHI 1", "color": "#01cbff", "timestamp": "2026-10-09 14:00:00", "generated_at": "2026-10-09T20:31:38.042297", "nearest_km": 17.182682990768317, "n_points": 9, "weight_sum": 0.0030295258725119107, "confidence": "High", "flagged": false }, "geometry": { "type": "Polygon", "coordinates": [ [ [ -117.101325097808882, 52.12699482820188 ], [ -117.001325097808888, 52.12699482820188 ], [ -117.001325097808888, 52.226994828201882 ], [ -117.101325097808882, 52.226994828201882 ], [ -117.101325097808882, 52.12699482820188 ] ] ] } },
{ "type": "Feature", "properties": { "value": "1", "label": "AQHI 1", "color": "#01cbff", "timestamp": "2026-10-09 14:00:00", "generated_at": "2026-10-09T20:31:38.042297", "nearest_km": 26.878895601206477, "n_points": 9, "weight_sum": 0.0017632714497241469, "confidence": "Medium", "flagged": false }, "geometry": { "type": "Polygon", "coordinates": [ [ [ -117.001325097808888, 52.12699482820188 ], [ -116.901325097808893, 52.12699482820188 ], [ -116.901325097808893, 52.226994828201882 ], [ -117.001325097808888, 52.226994828201882 ], [ -117.001325097808888, 52.12699482820188 ] ] ] } },
{ "type": "Feature", "properties": { "value": "1", "label": "AQHI 1", "color": "#01cbff", "timestamp": "2026-10-09 14:00:00", "generated_at": "2026-10-09T20:31:38.042297", "nearest_km": 62.757954052617436, "n_points": 12, "weight_sum": 0.00092793588632422382, "confidence": "Medium", "flagged": false }, "geometry": { "type": "Polygon", "coordinates": [ [ [ -117.901325097808837, 52.226994828201882 ], [ -117.801325097808842, 52.226994828201882 ], [ -117.801325097808842, 52.326994828201883 ], [ -117.901325097808837, 52.326994828201883 ], [ -117.901325097808837, 52.226994828201882 ] ] ] } },
{ "type": "Feature", "properties": { "value": "1", "label": "AQHI 1", "color": "#01cbff", "timestamp": "2026-10-09 14:00:00", "generated_at": "2026-10-09T20:31:38.042297", "nearest_km": 57.997164013944207, "n_points": 12, "weight_sum": 0.0010074278467174845, "confidence": "Medium", "flagged": false }, "geometry": { "type": "Polygon", "coordinates": [ [ [ -117.801325097808842, 52.226994828201882 ], [ -117.701325097808848, 52.226994828201882 ], [ -117.701325097808848, 52.326994828201883 ], [ -117.801325097808842, 52.326994828201883 ], [ -117.801325097808842, 52.226994828201882 ] ] ] } },
{ "type": "Feature", "properties": { "value": "1", "label": "AQHI 1", "color": "#01cbff", "timestamp": "2026-10-09 14:00:00", "generated_at": "2026-10-09T20:31:38.042297", "nearest_km": 46.926103968258829, "n_points": 12, "weight_sum": 0.001134674890058307, "confidence": "Medium", "flagged": false }, "geometry": { "type": "Polygon", "coordinates": [ [ [ -117.701325097808848, 52.226994828201882 ], [ -117.601325097808854, 52.226994828201882 ], [ -117.601325097808854, 52.326994828201883 ], [ -117.701325097808848, 52.326994828201883 ], [ -117.701325097808848, 52.226994828201882 ] ] ] } },
{ "type": "Feature", "properties": { "value": "1", "label": "AQHI 1", "color": "#01cbff", "timestamp": "2026-10-09 14:00:00", "generated_at": "2026-10-09T20:31:38.042297", "nearest_km": 35.872934555445873, "n_points": 12, "weight_sum": 0.0013862284541648544, "confidence": "Medium", "flagged": false }, "geometry": { "type": "Polygon", "coordinates": [ [ [ -117.601325097808854, 52.226994828201882 ], [ -117.501325097808859, 52.226994828201882 ], [ -117.501325097808859, 52.326994828201883 ], [ -117.601325097808854, 52.326994828201883 ], [ -117.601325097808854, 52.226994828201882 ] ] ] } },
{ "type": "Feature", "properties": { "value": "1", "label": "AQHI 1", "color": "#01cbff", "timestamp": "2026-10-09 14:00:00", "generated_at": "2026-10-09T20:31:38.042297", "nearest_km": 24.861529188662939, "n_points": 12, "weight_sum": 0.0020263475454602403, "confidence": "High", "flagged": false }, "geometry": { "type": "Polygon", "coordinates": [ [ [ -117.501325097808859, 52.226994828201882 ], [ -117.401325097808865, 52.226994828201882 ], [ -117.401325097808865, 52.326994828201883 ], [ -117.501325097808859, 52.326994828201883 ], [ -117.501325097808859, 52.226994828201882 ] ] ] } },
{ "type": "Feature", "properties": { "value": "1", "label": "AQHI 1", "color": "#01cbff", "timestamp": "2026-10-09 14:00:00", "generated_at": "2026-10-09T20:31:38.042297", "nearest_km": 13.990848207958958, "n_points": 12, "weight_sum": 0.0045155316927665114, "confidence": "High", "flagged": false }, "geometry": { "type": "Polygon", "coordinates": [ [ [ -117.401325097808865, 52.226994828201882 ], [ -117.301325097808871, 52.226994828201882 ], [ -117.301325097808871, 52.326994828201883 ], [ -117.401325097808865, 52.326994828201883 ], [ -117.401325097808865, 52.226994828201882 ] ] ] } },
{ "type": "Feature", "properties": { "value": "1", "label": "AQHI 1", "color": "#01cbff", "timestamp": "2026-10-09 14:00:00", "generated_at": "2026-10-09T20:31:38.042297", "nearest_km": 4.4510710573444552, "n_points": 12, "weight_sum": 0.03274245944233399, "confidence": "High", "flagged": false }, "geometry": { "type": "Polygon", "coordinates": [ [ [ -117.301325097808871, 52.226994828201882 ], [ -117.201325097808876, 52.226994828201882 ], [ -117.201325097808876, 52.326994828201883 ], [ -117.301325097808871, 52.326994828201883 ], [ -117.301325097808871, 52.226994828201882 ] ] ] } },
{ "type": "Feature", "properties": { "value": "1", "label": "AQHI 1", "color": "#01cbff", "timestamp": "2026-10-09 14:00:00", "generated_at": "2026-10-09T20:31:38.042297", "nearest_km": 2.6932059774496984, "n_points": 12, "weight_sum": 0.075107938379971914, "confidence": "High", "flagged": false }, "geometry": { "type": "Polygon", "coordinates": [ [ [ -117.201325097808876, 52.226994828201882 ], [ -117.101325097808882, 52.226994828201882 ], [ -117.101325097808882, 52.326994828201883 ], [ -117.201325097808876, 52.326994828201883 ], [ -117.201325097808876, 52.226994828201882 ] ] ] } },
{ "type": "Feature", "properties": { "value": "1", "label": "AQHI 1", "color": "#01cbff", "timestamp": "2026-10-09 14:00:00", "generated_at": "2026-10-09T20:31:38.042297", "nearest_km": 13.713635273563206, "n_points": 12, "weight_sum": 0.0045394265241516674, "confidence": "High", "flagged": false }, "geometry": { "type": "Polygon", "coordinates": [ [ [ -117.101325097808882, 52.226994828201882 ], [ -117.001325097808888, 52.226994828201882 ], [ -117.001325097808888, 52.326994828201883 ], [ -117.101325097808882, 52.326994828201883 ], [ -117.101325097808882, 52.226994828201882 ] ] ] } },
{ "type": "Feature", "properties": { "value": "1", "label": "AQHI 1", "color": "#01cbff", "timestamp": "2026-10-09 14:00:00", "generated_at": "2026-10-09T20:31:38.042297", "nearest_km": 24.805125002620631, "n_points": 12, "weight_sum": 0.0020293546151933972, "confidence": "High", "flagged": false }, "geometry": { "type": "Polygon", "coordinates": [ [ [ -117.001325097808888, 52.226994828201882 ], [ -116.901325097808893, 52.226994828201882 ], [ -116.901325097808893, 52.326994828201883 ], [ -117.001325097808888, 52.326994828201883 ], [ -117.001325097808888, 52.226994828201882 ] ] ] } },
{ "type": "Feature", "properties": { "value": "1", "label": "AQHI 1", "color": "#01cbff", "timestamp": "2026-10-09 14:00:00", "generated_at": "2026-10-09T20:31:38.042297", "nearest_km": 59.678490566135594, "n_points": 9, "weight_sum": 0.00075248865185504341, "confidence": "Medium", "flagged": false }, "geometry": { "type": "Polygon", "coordinates": [ [ [ -118.301325097808814, 52.326994828201883 ], [ -118.201325097808819, 52.326994828201883 ], [ -118.201325097808819, 52.426994828201885 ], [ -118.301325097808814, 52.426994828201885 ], [ -118.301325097808814, 52.326994828201883 ] ] ] } },
{ "type": "Feature", "properties": { "value": "1", "label": "AQHI 1", "color": "#01cbff", "timestamp": "2026-10-09 14:00:00", "generated_at": "2026-10-09T20:31:38.042297", "nearest_km": 57.038245627226999, "n_points": 9, "weight_sum": 0.00084633278400149988, "confidence": "Medium", "flagged": false }, "geometry": { "type": "Polygon", "coordinates": [ [ [ -118.201325097808819, 52.326994828201883 ], [ -118.101325097808825, 52.326994828201883 ], [ -118.101325097808825, 52.426994828201885 ], [ -118.201325097808819, 52.426994828201885 ], [ -118.201325097808819, 52.326994828201883 ] ] ] } },
{ "type": "Feature", "properties": { "value": "1", "label": "AQHI 1", "color": "#01cbff", "timestamp": "2026-10-09 14:00:00", "generated_at": "2026-10-09T20:31:38.042297", "nearest_km": 56.494430630031104, "n_points": 11, "weight_sum": 0.00099419996100064806, "confidence": "Medium", "flagged": false }, "geometry": { "type": "Polygon", "coordinates": [ [ [ -118.101325097808825, 52.326994828201883 ], [ -118.001325097808831, 52.326994828201883 ], [ -118.001325097808831, 52.426994828201885 ], [ -118.101325097808825, 52.426994828201885 ], [ -118.101325097808825, 52.326994828201883 ] ] ] } },
{ "type": "Feature", "properties": { "value": "1", "label": "AQHI 1", "color": "#01cbff", "timestamp": "2026-10-09 14:00:00", "generated_at": "2026-10-09T20:31:38.042297", "nearest_km": 58.105937047696635, "n_points": 12, "weight_sum": 0.0010799480123277407, "confidence": "Medium", "flagged": false }, "geometry": { "type": "Polygon", "coordinates": [ [ [ -118.001325097808831, 52.326994828201883 ], [ -117.901325097808837, 52.326994828201883 ], [ -117.901325097808837, 52.426994828201885 ], [ -118.001325097808831, 52.426994828201885 ], [ -118.001325097808831, 52.326994828201883 ] ] ] } },
{ "type": "Feature", "properties": { "value": "1", "label": "AQHI 1", "color": "#01cbff", "timestamp": "2026-10-09 14:00:00", "generated_at": "2026-10-09T20:31:38.042297", "nearest_km": 53.116880391505504, "n_points": 12, "weight_sum": 0.0011386375972676868, "confidence": "Medium", "flagged": false }, "geometry": { "type": "Polygon", "coordinates": [ [ [ -117.901325097808837, 52.326994828201883 ], [ -117.801325097808842, 52.326994828201883 ], [ -117.801325097808842, 52.426994828201885 ], [ -117.901325097808837, 52.426994828201885 ], [ -117.901325097808837, 52.326994828201883 ] ] ] } },
{ "type": "Feature", "properties": { "value": "1", "label": "AQHI 1", "color": "#01cbff", "timestamp": "2026-10-09 14:00:00", "generated_at": "2026-10-09T20:31:38.042297", "nearest_km": 48.063817217372431, "n_points": 12, "weight_sum": 0.001211666356055123, "confidence": "Medium", "flagged": false }, "geometry": { "type": "Polygon", "coordinates": [ [ [ -117.801325097808842, 52.326994828201883 ], [ -117.701325097808848, 52.326994828201883 ], [ -117.701325097808848, 52.426994828201885 ], [ -117.801325097808842, 52.426994828201885 ], [ -117.801325097808842, 52.326994828201883 ] ] ] } },
{ "type": "Feature", "properties": { "value": "1", "label": "AQHI 1", "color": "#01cbff", "timestamp": "2026-10-09 14:00:00", "generated_at": "2026-10-09T20:31:38.042297", "nearest_km": 45.224750618267016, "n_points": 12, "weight_sum": 0.0013259045067469447, "confidence": "Medium", "flagged": false }, "geometry": { "type": "Polygon", "coordinates": [ [ [ -117.701325097808848, 52.326994828201883 ], [ -117.601325097808854, 52.326994828201883 ], [ -117.601325097808854, 52.426994828201885 ], [ -117.701325097808848, 52.426994828201885 ], [ -117.701325097808848, 52.326994828201883 ] ] ] } },
{ "type": "Feature", "properties": { "value": "1", "label": "AQHI 1", "color": "#01cbff", "timestamp": "2026-10-09 14:00:00", "generated_at": "2026-10-09T20:31:38.042297", "nearest_km": 36.421198048312121, "n_points": 12, "weight_sum": 0.0015412059214614626, "confidence": "Medium", "flagged": false }, "geometry": { "type": "Polygon", "coordinates": [ [ [ -117.601325097808854, 52.326994828201883 ], [ -117.501325097808859, 52.326994828201883 ], [ -117.501325097808859, 52.426994828201885 ], [ -117.601325097808854, 52.426994828201885 ], [ -117.601325097808854, 52.326994828201883 ] ] ] } },
{ "type": "Feature", "properties": { "value": "1", "label": "AQHI 1", "color": "#01cbff", "timestamp": "2026-10-09 14:00:00", "generated_at": "2026-10-09T20:31:38.042297", "nearest_km": 25.646283692843525, "n_points": 12, "weight_sum": 0.0020701038395163707, "confidence": "Medium", "flagged": false }, "geometry": { "type": "Polygon", "coordinates": [ [ [ -117.501325097808859, 52.326994828201883 ], [ -117.401325097808865, 52.326994828201883 ], [ -117.401325097808865, 52.426994828201885 ], [ -117.501325097808859, 52.426994828201885 ], [ -117.501325097808859, 52.326994828201883 ] ] ] } },
{ "type": "Feature", "properties": { "value": "1", "label": "AQHI 1", "color": "#01cbff", "timestamp": "2026-10-09 14:00:00", "generated_at": "2026-10-09T20:31:38.042297", "nearest_km": 15.34210113489091, "n_points": 12, "weight_sum": 0.0038705272488024378, "confidence": "High", "flagged": false }, "geometry": { "type": "Polygon", "coordinates": [ [ [ -117.401325097808865, 52.326994828201883 ], [ -117.301325097808871, 52.326994828201883 ], [ -117.301325097808871, 52.426994828201885 ], [ -117.401325097808865, 52.426994828201885 ], [ -117.401325097808865, 52.326994828201883 ] ] ] } },
{ "type": "Feature", "properties": { "value": "1", "label": "AQHI 1", "color": "#01cbff", "timestamp": "2026-10-09 14:00:00", "generated_at": "2026-10-09T20:31:38.042297", "nearest_km": 7.710270242514337, "n_points": 12, "weight_sum": 0.011513285446264863, "confidence": "High", "flagged": false }, "geometry": { "type": "Polygon", "coordinates": [ [ [ -117.301325097808871, 52.326994828201883 ], [ -117.201325097808876, 52.326994828201883 ], [ -117.201325097808876, 52.426994828201885 ], [ -117.301325097808871, 52.426994828201885 ], [ -117.301325097808871, 52.326994828201883 ] ] ] } },
{ "type": "Feature", "properties": { "value": "1", "label": "AQHI 1", "color": "#01cbff", "timestamp": "2026-10-09 14:00:00", "generated_at": "2026-10-09T20:31:38.042297", "nearest_km": 11.398967812567731, "n_points": 12, "weight_sum": 0.0079738013255978863, "confidence": "High", "flagged": false }, "geometry": { "type": "Polygon", "coordinates": [ [ [ -117.201325097808876, 52.326994828201883 ], [ -117.101325097808882, 52.326994828201883 ], [ -117.101325097808882, 52.426994828201885 ], [ -117.201325097808876, 52.426994828201885 ], [ -117.201325097808876, 52.326994828201883 ] ] ] } },
{ "type": "Feature", "properties": { "value": "1", "label": "AQHI 1", "color": "#01cbff", "timestamp": "2026-10-09 14:00:00", "generated_at": "2026-10-09T20:31:38.042297", "nearest_km": 18.091517074900111, "n_points": 12, "weight_sum": 0.0033424386356064356, "confidence": "High", "flagged": false }, "geometry": { "type": "Polygon", "coordinates": [ [ [ -117.101325097808882, 52.326994828201883 ], [ -117.001325097808888, 52.326994828201883 ], [ -117.001325097808888, 52.426994828201885 ], [ -117.101325097808882, 52.426994828201885 ], [ -117.101325097808882, 52.326994828201883 ] ] ] } },
{ "type": "Feature", "properties": { "value": "1", "label": "AQHI 1", "color": "#01cbff", "timestamp": "2026-10-09 14:00:00", "generated_at": "2026-10-09T20:31:38.042297", "nearest_km": 27.468771797274087, "n_points": 12, "weight_sum": 0.0018523123380096041, "confidence": "Medium", "flagged": false }, "geometry": { "type": "Polygon", "coordinates": [ [ [ -117.001325097808888, 52.326994828201883 ], [ -116.901325097808893, 52.326994828201883 ], [ -116.901325097808893, 52.426994828201885 ], [ -117.001325097808888, 52.426994828201885 ], [ -117.001325097808888, 52.326994828201883 ] ] ] } },
{ "type": "Feature", "properties": { "value": "1", "label": "AQHI 1", "color": "#01cbff", "timestamp": "2026-10-09 14:00:00", "generated_at": "2026-10-09T20:31:38.042297", "nearest_km": 37.791319876791952, "n_points": 14, "weight_sum": 0.0013749526540802501, "confidence": "Medium", "flagged": false }, "geometry": { "type": "Polygon", "coordinates": [ [ [ -116.901325097808893, 52.326994828201883 ], [ -116.801325097808899, 52.326994828201883 ], [ -116.801325097808899, 52.426994828201885 ], [ -116.901325097808893, 52.426994828201885 ], [ -116.901325097808893, 52.326994828201883 ] ] ] } },
{ "type": "Feature", "properties": { "value": "1", "label": "AQHI 1", "color": "#01cbff", "timestamp": "2026-10-09 14:00:00", "generated_at": "2026-10-09T20:31:38.042297", "nearest_km": 49.315952140330907, "n_points": 9, "weight_sum": 0.00098437726607083771, "confidence": "Medium", "flagged": false }, "geometry": { "type": "Polygon", "coordinates": [ [ [ -118.301325097808814, 52.426994828201885 ], [ -118.201325097808819, 52.426994828201885 ], [ -118.201325097808819, 52.526994828201886 ], [ -118.301325097808814, 52.526994828201886 ], [ -118.301325097808814, 52.426994828201885 ] ] ] } },
{ "type": "Feature", "properties": { "value": "1", "label": "AQHI 1", "color": "#01cbff", "timestamp": "2026-10-09 14:00:00", "generated_at": "2026-10-09T20:31:38.042297", "nearest_km": 46.08581520909609, "n_points": 11, "weight_sum": 0.0012121740419828103, "confidence": "Medium", "flagged": false }, "geometry": { "type": "Polygon", "coordinates": [ [ [ -118.201325097808819, 52.426994828201885 ], [ -118.101325097808825, 52.426994828201885 ], [ -118.101325097808825, 52.526994828201886 ], [ -118.201325097808819, 52.526994828201886 ], [ -118.201325097808819, 52.426994828201885 ] ] ] } },
{ "type": "Feature", "properties": { "value": "1", "label": "AQHI 1", "color": "#01cbff", "timestamp": "2026-10-09 14:00:00", "generated_at": "2026-10-09T20:31:38.042297", "nearest_km": 45.411029403290001, "n_points": 11, "weight_sum": 0.0013329184397625783, "confidence": "Medium", "flagged": false }, "geometry": { "type": "Polygon", "coordinates": [ [ [ -118.101325097808825, 52.426994828201885 ], [ -118.001325097808831, 52.426994828201885 ], [ -118.001325097808831, 52.526994828201886 ], [ -118.101325097808825, 52.526994828201886 ], [ -118.101325097808825, 52.426994828201885 ] ] ] } },
{ "type": "Feature", "properties": { "value": "1", "label": "AQHI 1", "color": "#01cbff", "timestamp": "2026-10-09 14:00:00", "generated_at": "2026-10-09T20:31:38.042297", "nearest_km": 47.400852518134712, "n_points": 11, "weight_sum": 0.0013949978958358285, "confidence": "Medium", "flagged": false }, "geometry": { "type": "Polygon", "coordinates": [ [ [ -118.001325097808831, 52.426994828201885 ], [ -117.901325097808837, 52.426994828201885 ], [ -117.901325097808837, 52.526994828201886 ], [ -118.001325097808831, 52.526994828201886 ], [ -118.001325097808831, 52.426994828201885 ] ] ] } },
{ "type": "Feature", "properties": { "value": "1", "label": "AQHI 1", "color": "#01cbff", "timestamp": "2026-10-09 14:00:00", "generated_at": "2026-10-09T20:31:38.042297", "nearest_km": 44.16633523602075, "n_points": 12, "weight_sum": 0.0014560169659347342, "confidence": "Medium", "flagged": false }, "geometry": { "type": "Polygon", "coordinates": [ [ [ -117.901325097808837, 52.426994828201885 ], [ -117.801325097808842, 52.426994828201885 ], [ -117.801325097808842, 52.526994828201886 ], [ -117.901325097808837, 52.526994828201886 ], [ -117.901325097808837, 52.426994828201885 ] ] ] } },
{ "type": "Feature", "properties": { "value": "1", "label": "AQHI 1", "color": "#01cbff", "timestamp": "2026-10-09 14:00:00", "generated_at": "2026-10-09T20:31:38.042297", "nearest_km": 37.939329345153851, "n_points": 12, "weight_sum": 0.0015177656465037018, "confidence": "Medium", "flagged": false }, "geometry": { "type": "Polygon", "coordinates": [ [ [ -117.801325097808842, 52.426994828201885 ], [ -117.701325097808848, 52.426994828201885 ], [ -117.701325097808848, 52.526994828201886 ], [ -117.801325097808842, 52.526994828201886 ], [ -117.801325097808842, 52.426994828201885 ] ] ] } },
{ "type": "Feature", "properties": { "value": "1", "label": "AQHI 1", "color": "#01cbff", "timestamp": "2026-10-09 14:00:00", "generated_at": "2026-10-09T20:31:38.042297", "nearest_km": 34.271566263296293, "n_points": 12, "weight_sum": 0.0016167904635941176, "confidence": "Medium", "flagged": false }, "geometry": { "type": "Polygon", "coordinates": [ [ [ -117.701325097808848, 52.426994828201885 ], [ -117.601325097808854, 52.426994828201885 ], [ -117.601325097808854, 52.526994828201886 ], [ -117.701325097808848, 52.526994828201886 ], [ -117.701325097808848, 52.426994828201885 ] ] ] } },
{ "type": "Feature", "properties": { "value": "1", "label": "AQHI 1", "color": "#01cbff", "timestamp": "2026-10-09 14:00:00", "generated_at": "2026-10-09T20:31:38.042297", "nearest_km": 34.001585214794574, "n_points": 12, "weight_sum": 0.0017419641331060387, "confidence": "Medium", "flagged": false }, "geometry": { "type": "Polygon", "coordinates": [ [ [ -117.601325097808854, 52.426994828201885 ], [ -117.501325097808859, 52.426994828201885 ], [ -117.501325097808859, 52.526994828201886 ], [ -117.601325097808854, 52.526994828201886 ], [ -117.601325097808854, 52.426994828201885 ] ] ] } },
{ "type": "Feature", "properties": { "value": "1", "label": "AQHI 1", "color": "#01cbff", "timestamp": "2026-10-09 14:00:00", "generated_at": "2026-10-09T20:31:38.042297", "nearest_km": 30.721134433951025, "n_points": 12, "weight_sum": 0.0019674487342944348, "confidence": "Medium", "flagged": false }, "geometry": { "type": "Polygon", "coordinates": [ [ [ -117.501325097808859, 52.426994828201885 ], [ -117.401325097808865, 52.426994828201885 ], [ -117.401325097808865, 52.526994828201886 ], [ -117.501325097808859, 52.526994828201886 ], [ -117.501325097808859, 52.426994828201885 ] ] ] } },
{ "type": "Feature", "properties": { "value": "1", "label": "AQHI 1", "color": "#01cbff", "timestamp": "2026-10-09 14:00:00", "generated_at": "2026-10-09T20:31:38.042297", "nearest_km": 22.834979765445393, "n_points": 12, "weight_sum": 0.0024852184877036149, "confidence": "High", "flagged": false }, "geometry": { "type": "Polygon", "coordinates": [ [ [ -117.401325097808865, 52.426994828201885 ], [ -117.301325097808871, 52.426994828201885 ], [ -117.301325097808871, 52.526994828201886 ], [ -117.401325097808865, 52.526994828201886 ], [ -117.401325097808865, 52.426994828201885 ] ] ] } },
{ "type": "Feature", "properties": { "value": "1", "label": "AQHI 1", "color": "#01cbff", "timestamp": "2026-10-09 14:00:00", "generated_at": "2026-10-09T20:31:38.042297", "nearest_km": 18.587751366630705, "n_points": 12, "weight_sum": 0.003167247722676471, "confidence": "High", "flagged": false }, "geometry": { "type": "Polygon", "coordinates": [ [ [ -117.301325097808871, 52.426994828201885 ], [ -117.201325097808876, 52.426994828201885 ], [ -117.201325097808876, 52.526994828201886 ], [ -117.301325097808871, 52.526994828201886 ], [ -117.301325097808871, 52.426994828201885 ] ] ] } },
{ "type": "Feature", "properties": { "value": "1", "label": "AQHI 1", "color": "#01cbff", "timestamp": "2026-10-09 14:00:00", "generated_at": "2026-10-09T20:31:38.042297", "nearest_km": 20.395899118377567, "n_points": 12, "weight_sum": 0.0029598383814112106, "confidence": "High", "flagged": false }, "geometry": { "type": "Polygon", "coordinates": [ [ [ -117.201325097808876, 52.426994828201885 ], [ -117.101325097808882, 52.426994828201885 ], [ -117.101325097808882, 52.526994828201886 ], [ -117.201325097808876, 52.526994828201886 ], [ -117.201325097808876, 52.426994828201885 ] ] ] } },
{ "type": "Feature", "properties": { "value": "1", "label": "AQHI 1", "color": "#01cbff", "timestamp": "2026-10-09 14:00:00", "generated_at": "2026-10-09T20:31:38.042297", "nearest_km": 26.701351795864088, "n_points": 14, "weight_sum": 0.0022006427701880891, "confidence": "Medium", "flagged": false }, "geometry": { "type": "Polygon", "coordinates": [ [ [ -117.101325097808882, 52.426994828201885 ], [ -117.001325097808888, 52.426994828201885 ], [ -117.001325097808888, 52.526994828201886 ], [ -117.101325097808882, 52.526994828201886 ], [ -117.101325097808882, 52.426994828201885 ] ] ] } },
{ "type": "Feature", "properties": { "value": "1", "label": "AQHI 1", "color": "#01cbff", "timestamp": "2026-10-09 14:00:00", "generated_at": "2026-10-09T20:31:38.042297", "nearest_km": 33.766738393066817, "n_points": 14, "weight_sum": 0.0016083071176759981, "confidence": "Medium", "flagged": false }, "geometry": { "type": "Polygon", "coordinates": [ [ [ -117.001325097808888, 52.426994828201885 ], [ -116.901325097808893, 52.426994828201885 ], [ -116.901325097808893, 52.526994828201886 ], [ -117.001325097808888, 52.526994828201886 ], [ -117.001325097808888, 52.426994828201885 ] ] ] } },
{ "type": "Feature", "properties": { "value": "1", "label": "AQHI 1", "color": "#01cbff", "timestamp": "2026-10-09 14:00:00", "generated_at": "2026-10-09T20:31:38.042297", "nearest_km": 42.589236382977127, "n_points": 14, "weight_sum": 0.0012673242091000804, "confidence": "Medium", "flagged": false }, "geometry": { "type": "Polygon", "coordinates": [ [ [ -116.901325097808893, 52.426994828201885 ], [ -116.801325097808899, 52.426994828201885 ], [ -116.801325097808899, 52.526994828201886 ], [ -116.901325097808893, 52.526994828201886 ], [ -116.901325097808893, 52.426994828201885 ] ] ] } },
{ "type": "Feature", "properties": { "value": "1", "label": "AQHI 1", "color": "#01cbff", "timestamp": "2026-10-09 14:00:00", "generated_at": "2026-10-09T20:31:38.042297", "nearest_km": 51.659018718436712, "n_points": 11, "weight_sum": 0.00097462873030247003, "confidence": "Medium", "flagged": false }, "geometry": { "type": "Polygon", "coordinates": [ [ [ -116.801325097808899, 52.426994828201885 ], [ -116.701325097808905, 52.426994828201885 ], [ -116.701325097808905, 52.526994828201886 ], [ -116.801325097808899, 52.526994828201886 ], [ -116.801325097808899, 52.426994828201885 ] ] ] } },
{ "type": "Feature", "properties": { "value": "1", "label": "AQHI 1", "color": "#01cbff", "timestamp": "2026-10-09 14:00:00", "generated_at": "2026-10-09T20:31:38.042297", "nearest_km": 45.865071751638155, "n_points": 9, "weight_sum": 0.001055622418993497, "confidence": "Medium", "flagged": false }, "geometry": { "type": "Polygon", "coordinates": [ [ [ -118.401325097808808, 52.526994828201886 ], [ -118.301325097808814, 52.526994828201886 ], [ -118.301325097808814, 52.626994828201887 ], [ -118.401325097808808, 52.626994828201887 ], [ -118.401325097808808, 52.526994828201886 ] ] ] } },
{ "type": "Feature", "properties": { "value": "1", "label": "AQHI 1", "color": "#01cbff", "timestamp": "2026-10-09 14:00:00", "generated_at": "2026-10-09T20:31:38.042297", "nearest_km": 39.357642647426033, "n_points": 9, "weight_sum": 0.0013638020085569226, "confidence": "Medium", "flagged": false }, "geometry": { "type": "Polygon", "coordinates": [ [ [ -118.301325097808814, 52.526994828201886 ], [ -118.201325097808819, 52.526994828201886 ], [ -118.201325097808819, 52.626994828201887 ], [ -118.301325097808814, 52.626994828201887 ], [ -118.301325097808814, 52.526994828201886 ] ] ] } },
{ "type": "Feature", "properties": { "value": "1", "label": "AQHI 1", "color": "#01cbff", "timestamp": "2026-10-09 14:00:00", "generated_at": "2026-10-09T20:31:38.042297", "nearest_km": 35.225889097963638, "n_points": 11, "weight_sum": 0.0017597559363926514, "confidence": "Medium", "flagged": false }, "geometry": { "type": "Polygon", "coordinates": [ [ [ -118.201325097808819, 52.526994828201886 ], [ -118.101325097808825, 52.526994828201886 ], [ -118.101325097808825, 52.626994828201887 ], [ -118.201325097808819, 52.626994828201887 ], [ -118.201325097808819, 52.526994828201886 ] ] ] } },
{ "type": "Feature", "properties": { "value": "1", "label": "AQHI 1", "color": "#01cbff", "timestamp": "2026-10-09 14:00:00", "generated_at": "2026-10-09T20:31:38.042297", "nearest_km": 34.33835305779165, "n_points": 11, "weight_sum": 0.0019700880045428093, "confidence": "Medium", "flagged": false }, "geometry": { "type": "Polygon", "coordinates": [ [ [ -118.101325097808825, 52.526994828201886 ], [ -118.001325097808831, 52.526994828201886 ], [ -118.001325097808831, 52.626994828201887 ], [ -118.101325097808825, 52.626994828201887 ], [ -118.101325097808825, 52.526994828201886 ] ] ] } },
{ "type": "Feature", "properties": { "value": "1", "label": "AQHI 1", "color": "#01cbff", "timestamp": "2026-10-09 14:00:00", "generated_at": "2026-10-09T20:31:38.042297", "nearest_km": 36.92968614409061, "n_points": 11, "weight_sum": 0.0019896567778829883, "confidence": "Medium", "flagged": false }, "geometry": { "type": "Polygon", "coordinates": [ [ [ -118.001325097808831, 52.526994828201886 ], [ -117.901325097808837, 52.526994828201886 ], [ -117.901325097808837, 52.626994828201887 ], [ -118.001325097808831, 52.626994828201887 ], [ -118.001325097808831, 52.526994828201886 ] ] ] } },
{ "type": "Feature", "properties": { "value": "1", "label": "AQHI 1", "color": "#01cbff", "timestamp": "2026-10-09 14:00:00", "generated_at": "2026-10-09T20:31:38.042297", "nearest_km": 36.419052072172896, "n_points": 12, "weight_sum": 0.0019656530826974239, "confidence": "Medium", "flagged": false }, "geometry": { "type": "Polygon", "coordinates": [ [ [ -117.901325097808837, 52.526994828201886 ], [ -117.801325097808842, 52.526994828201886 ], [ -117.801325097808842, 52.626994828201887 ], [ -117.901325097808837, 52.626994828201887 ], [ -117.901325097808837, 52.526994828201886 ] ] ] } },
{ "type": "Feature", "properties": { "value": "1", "label": "AQHI 1", "color": "#01cbff", "timestamp": "2026-10-09 14:00:00", "generated_at": "2026-10-09T20:31:38.042297", "nearest_km": 28.549516577608202, "n_points": 12, "weight_sum": 0.0020348492184432496, "confidence": "Medium", "flagged": false }, "geometry": { "type": "Polygon", "coordinates": [ [ [ -117.801325097808842, 52.526994828201886 ], [ -117.701325097808848, 52.526994828201886 ], [ -117.701325097808848, 52.626994828201887 ], [ -117.801325097808842, 52.626994828201887 ], [ -117.801325097808842, 52.526994828201886 ] ] ] } },
{ "type": "Feature", "properties": { "value": "1", "label": "AQHI 1", "color": "#01cbff", "timestamp": "2026-10-09 14:00:00", "generated_at": "2026-10-09T20:31:38.042297", "nearest_km": 23.456820752066591, "n_points": 12, "weight_sum": 0.0022432277088170771, "confidence": "High", "flagged": false }, "geometry": { "type": "Polygon", "coordinates": [ [ [ -117.701325097808848, 52.526994828201886 ], [ -117.601325097808854, 52.526994828201886 ], [ -117.601325097808854, 52.626994828201887 ], [ -117.701325097808848, 52.626994828201887 ], [ -117.701325097808848, 52.526994828201886 ] ] ] } },
{ "type": "Feature", "properties": { "value": "1", "label": "AQHI 1", "color": "#01cbff", "timestamp": "2026-10-09 14:00:00", "generated_at": "2026-10-09T20:31:38.042297", "nearest_km": 23.060572039175657, "n_points": 12, "weight_sum": 0.0022836031000367661, "confidence": "High", "flagged": false }, "geometry": { "type": "Polygon", "coordinates": [ [ [ -117.601325097808854, 52.526994828201886 ], [ -117.501325097808859, 52.526994828201886 ], [ -117.501325097808859, 52.626994828201887 ], [ -117.601325097808854, 52.626994828201887 ], [ -117.601325097808854, 52.526994828201886 ] ] ] } },
{ "type": "Feature", "properties": { "value": "1", "label": "AQHI 1", "color": "#01cbff", "timestamp": "2026-10-09 14:00:00", "generated_at": "2026-10-09T20:31:38.042297", "nearest_km": 27.564062214292917, "n_points": 12, "weight_sum": 0.0021083492936217439, "confidence": "Medium", "flagged": false }, "geometry": { "type": "Polygon", "coordinates": [ [ [ -117.501325097808859, 52.526994828201886 ], [ -117.401325097808865, 52.526994828201886 ], [ -117.401325097808865, 52.626994828201887 ], [ -117.501325097808859, 52.626994828201887 ], [ -117.501325097808859, 52.526994828201886 ] ] ] } },
{ "type": "Feature", "properties": { "value": "1", "label": "AQHI 1", "color": "#01cbff", "timestamp": "2026-10-09 14:00:00", "generated_at": "2026-10-09T20:31:38.042297", "nearest_km": 32.464019075637985, "n_points": 12, "weight_sum": 0.0020398574768742518, "confidence": "Medium", "flagged": false }, "geometry": { "type": "Polygon", "coordinates": [ [ [ -117.401325097808865, 52.526994828201886 ], [ -117.301325097808871, 52.526994828201886 ], [ -117.301325097808871, 52.626994828201887 ], [ -117.401325097808865, 52.626994828201887 ], [ -117.401325097808865, 52.526994828201886 ] ] ] } },
{ "type": "Feature", "properties": { "value": "1", "label": "AQHI 1", "color": "#01cbff", "timestamp": "2026-10-09 14:00:00", "generated_at": "2026-10-09T20:31:38.042297", "nearest_km": 29.630739689092618, "n_points": 12, "weight_sum": 0.0020451423632821346, "confidence": "Medium", "flagged": false }, "geometry": { "type": "Polygon", "coordinates": [ [ [ -117.301325097808871, 52.526994828201886 ], [ -117.201325097808876, 52.526994828201886 ], [ -117.201325097808876, 52.626994828201887 ], [ -117.301325097808871, 52.626994828201887 ], [ -117.301325097808871, 52.526994828201886 ] ] ] } },
{ "type": "Feature", "properties": { "value": "1", "label": "AQHI 1", "color": "#01cbff", "timestamp": "2026-10-09 14:00:00", "generated_at": "2026-10-09T20:31:38.042297", "nearest_km": 30.79722283749172, "n_points": 14, "weight_sum": 0.0019699512332554204, "confidence": "Medium", "flagged": false }, "geometry": { "type": "Polygon", "coordinates": [ [ [ -117.201325097808876, 52.526994828201886 ], [ -117.101325097808882, 52.526994828201886 ], [ -117.101325097808882, 52.626994828201887 ], [ -117.201325097808876, 52.626994828201887 ], [ -117.201325097808876, 52.526994828201886 ] ] ] } },
{ "type": "Feature", "properties": { "value": "1", "label": "AQHI 1", "color": "#01cbff", "timestamp": "2026-10-09 14:00:00", "generated_at": "2026-10-09T20:31:38.042297", "nearest_km": 35.572139863683297, "n_points": 14, "weight_sum": 0.0017106091397575338, "confidence": "Medium", "flagged": false }, "geometry": { "type": "Polygon", "coordinates": [ [ [ -117.101325097808882, 52.526994828201886 ], [ -117.001325097808888, 52.526994828201886 ], [ -117.001325097808888, 52.626994828201887 ], [ -117.101325097808882, 52.626994828201887 ], [ -117.101325097808882, 52.526994828201886 ] ] ] } },
{ "type": "Feature", "properties": { "value": "1", "label": "AQHI 1", "color": "#01cbff", "timestamp": "2026-10-09 14:00:00", "generated_at": "2026-10-09T20:31:38.042297", "nearest_km": 42.098358867786189, "n_points": 14, "weight_sum": 0.0014380942814986779, "confidence": "Medium", "flagged": false }, "geometry": { "type": "Polygon", "coordinates": [ [ [ -117.001325097808888, 52.526994828201886 ], [ -116.901325097808893, 52.526994828201886 ], [ -116.901325097808893, 52.626994828201887 ], [ -117.001325097808888, 52.626994828201887 ], [ -117.001325097808888, 52.526994828201886 ] ] ] } },
{ "type": "Feature", "properties": { "value": "1", "label": "AQHI 1", "color": "#01cbff", "timestamp": "2026-10-09 14:00:00", "generated_at": "2026-10-09T20:31:38.042297", "nearest_km": 49.456266067508594, "n_points": 14, "weight_sum": 0.0012147761143095172, "confidence": "Medium", "flagged": false }, "geometry": { "type": "Polygon", "coordinates": [ [ [ -116.901325097808893, 52.526994828201886 ], [ -116.801325097808899, 52.526994828201886 ], [ -116.801325097808899, 52.626994828201887 ], [ -116.901325097808893, 52.626994828201887 ], [ -116.901325097808893, 52.526994828201886 ] ] ] } },
{ "type": "Feature", "properties": { "value": "1", "label": "AQHI 1", "color": "#01cbff", "timestamp": "2026-10-09 14:00:00", "generated_at": "2026-10-09T20:31:38.042297", "nearest_km": 58.017175795788816, "n_points": 13, "weight_sum": 0.0010182893323401128, "confidence": "Medium", "flagged": false }, "geometry": { "type": "Polygon", "coordinates": [ [ [ -116.801325097808899, 52.526994828201886 ], [ -116.701325097808905, 52.526994828201886 ], [ -116.701325097808905, 52.626994828201887 ], [ -116.801325097808899, 52.626994828201887 ], [ -116.801325097808899, 52.526994828201886 ] ] ] } },
{ "type": "Feature", "properties": { "value": "1", "label": "AQHI 1", "color": "#01cbff", "timestamp": "2026-10-09 14:00:00", "generated_at": "2026-10-09T20:31:38.042297", "nearest_km": 38.301249405704816, "n_points": 9, "weight_sum": 0.0013860491475026163, "confidence": "Medium", "flagged": false }, "geometry": { "type": "Polygon", "coordinates": [ [ [ -118.401325097808808, 52.626994828201887 ], [ -118.301325097808814, 52.626994828201887 ], [ -118.301325097808814, 52.726994828201889 ], [ -118.401325097808808, 52.726994828201889 ], [ -118.401325097808808, 52.626994828201887 ] ] ] } },
{ "type": "Feature", "properties": { "value": "1", "label": "AQHI 1", "color": "#01cbff", "timestamp": "2026-10-09 14:00:00", "generated_at": "2026-10-09T20:31:38.042297", "nearest_km": 30.206041349663412, "n_points": 11, "weight_sum": 0.0020952115811912202, "confidence": "Medium", "flagged": false }, "geometry": { "type": "Polygon", "coordinates": [ [ [ -118.301325097808814, 52.626994828201887 ], [ -118.201325097808819, 52.626994828201887 ], [ -118.201325097808819, 52.726994828201889 ], [ -118.301325097808814, 52.726994828201889 ], [ -118.301325097808814, 52.626994828201887 ] ] ] } },
{ "type": "Feature", "properties": { "value": "1", "label": "AQHI 1", "color": "#01cbff", "timestamp": "2026-10-09 14:00:00", "generated_at": "2026-10-09T20:31:38.042297", "nearest_km": 24.581378358365509, "n_points": 11, "weight_sum": 0.002959027607081745, "confidence": "High", "flagged": false }, "geometry": { "type": "Polygon", "coordinates": [ [ [ -118.201325097808819, 52.626994828201887 ], [ -118.101325097808825, 52.626994828201887 ], [ -118.101325097808825, 52.726994828201889 ], [ -118.201325097808819, 52.726994828201889 ], [ -118.201325097808819, 52.626994828201887 ] ] ] } },
{ "type": "Feature", "properties": { "value": "1", "label": "AQHI 1", "color": "#01cbff", "timestamp": "2026-10-09 14:00:00", "generated_at": "2026-10-09T20:31:38.042297", "nearest_km": 23.291702170014037, "n_points": 11, "weight_sum": 0.0034996097661343702, "confidence": "High", "flagged": false }, "geometry": { "type": "Polygon", "coordinates": [ [ [ -118.101325097808825, 52.626994828201887 ], [ -118.001325097808831, 52.626994828201887 ], [ -118.001325097808831, 52.726994828201889 ], [ -118.101325097808825, 52.726994828201889 ], [ -118.101325097808825, 52.626994828201887 ] ] ] } },
{ "type": "Feature", "properties": { "value": "1", "label": "AQHI 1", "color": "#01cbff", "timestamp": "2026-10-09 14:00:00", "generated_at": "2026-10-09T20:31:38.042297", "nearest_km": 26.966323775333656, "n_points": 11, "weight_sum": 0.0032213851579880686, "confidence": "Medium", "flagged": false }, "geometry": { "type": "Polygon", "coordinates": [ [ [ -118.001325097808831, 52.626994828201887 ], [ -117.901325097808837, 52.626994828201887 ], [ -117.901325097808837, 52.726994828201889 ], [ -118.001325097808831, 52.726994828201889 ], [ -118.001325097808831, 52.626994828201887 ] ] ] } },
{ "type": "Feature", "properties": { "value": "1", "label": "AQHI 1", "color": "#01cbff", "timestamp": "2026-10-09 14:00:00", "generated_at": "2026-10-09T20:31:38.042297", "nearest_km": 30.796907953408592, "n_points": 11, "weight_sum": 0.0027723815418057929, "confidence": "Medium", "flagged": false }, "geometry": { "type": "Polygon", "coordinates": [ [ [ -117.901325097808837, 52.626994828201887 ], [ -117.801325097808842, 52.626994828201887 ], [ -117.801325097808842, 52.726994828201889 ], [ -117.901325097808837, 52.726994828201889 ], [ -117.901325097808837, 52.626994828201887 ] ] ] } },
{ "type": "Feature", "properties": { "value": "1", "label": "AQHI 1", "color": "#01cbff", "timestamp": "2026-10-09 14:00:00", "generated_at": "2026-10-09T20:31:38.042297", "nearest_km": 20.908780033043673, "n_points": 12, "weight_sum": 0.0029279413843648896, "confidence": "High", "flagged": false }, "geometry": { "type": "Polygon", "coordinates": [ [ [ -117.801325097808842, 52.626994828201887 ], [ -117.701325097808848, 52.626994828201887 ], [ -117.701325097808848, 52.726994828201889 ], [ -117.801325097808842, 52.726994828201889 ], [ -117.801325097808842, 52.626994828201887 ] ] ] } },
{ "type": "Feature", "properties": { "value": "1", "label": "AQHI 1", "color": "#01cbff", "timestamp": "2026-10-09 14:00:00", "generated_at": "2026-10-09T20:31:38.042297", "nearest_km": 13.127247443758426, "n_points": 12, "weight_sum": 0.0044326573583677179, "confidence": "High", "flagged": false }, "geometry": { "type": "Polygon", "coordinates": [ [ [ -117.701325097808848, 52.626994828201887 ], [ -117.601325097808854, 52.626994828201887 ], [ -117.601325097808854, 52.726994828201889 ], [ -117.701325097808848, 52.726994828201889 ], [ -117.701325097808848, 52.626994828201887 ] ] ] } },
{ "type": "Feature", "properties": { "value": "1", "label": "AQHI 1", "color": "#01cbff", "timestamp": "2026-10-09 14:00:00", "generated_at": "2026-10-09T20:31:38.042297", "nearest_km": 12.405328227382396, "n_points": 12, "weight_sum": 0.0046834169313742608, "confidence": "High", "flagged": false }, "geometry": { "type": "Polygon", "coordinates": [ [ [ -117.601325097808854, 52.626994828201887 ], [ -117.501325097808859, 52.626994828201887 ], [ -117.501325097808859, 52.726994828201889 ], [ -117.601325097808854, 52.726994828201889 ], [ -117.601325097808854, 52.626994828201887 ] ] ] } },
{ "type": "Feature", "properties": { "value": "1", "label": "AQHI 1", "color": "#01cbff", "timestamp": "2026-10-09 14:00:00", "generated_at": "2026-10-09T20:31:38.042297", "nearest_km": 19.541742793530233, "n_points": 12, "weight_sum": 0.0027444710740552568, "confidence": "High", "flagged": false }, "geometry": { "type": "Polygon", "coordinates": [ [ [ -117.501325097808859, 52.626994828201887 ], [ -117.401325097808865, 52.626994828201887 ], [ -117.401325097808865, 52.726994828201889 ], [ -117.501325097808859, 52.726994828201889 ], [ -117.501325097808859, 52.626994828201887 ] ] ] } },
{ "type": "Feature", "properties": { "value": "1", "label": "AQHI 1", "color": "#01cbff", "timestamp": "2026-10-09 14:00:00", "generated_at": "2026-10-09T20:31:38.042297", "nearest_km": 29.26238634130619, "n_points": 13, "weight_sum": 0.0020916052440194113, "confidence": "Medium", "flagged": false }, "geometry": { "type": "Polygon", "coordinates": [ [ [ -117.401325097808865, 52.626994828201887 ], [ -117.301325097808871, 52.626994828201887 ], [ -117.301325097808871, 52.726994828201889 ], [ -117.401325097808865, 52.726994828201889 ], [ -117.401325097808865, 52.626994828201887 ] ] ] } },
{ "type": "Feature", "properties": { "value": "1", "label": "AQHI 1", "color": "#01cbff", "timestamp": "2026-10-09 14:00:00", "generated_at": "2026-10-09T20:31:38.042297", "nearest_km": 39.712904670487241, "n_points": 14, "weight_sum": 0.0018943918826082023, "confidence": "Medium", "flagged": false }, "geometry": { "type": "Polygon", "coordinates": [ [ [ -117.301325097808871, 52.626994828201887 ], [ -117.201325097808876, 52.626994828201887 ], [ -117.201325097808876, 52.726994828201889 ], [ -117.301325097808871, 52.726994828201889 ], [ -117.301325097808871, 52.626994828201887 ] ] ] } },
{ "type": "Feature", "properties": { "value": "1", "label": "AQHI 1", "color": "#01cbff", "timestamp": "2026-10-09 14:00:00", "generated_at": "2026-10-09T20:31:38.042297", "nearest_km": 41.561582839892118, "n_points": 14, "weight_sum": 0.0017609133815306148, "confidence": "Medium", "flagged": false }, "geometry": { "type": "Polygon", "coordinates": [ [ [ -117.201325097808876, 52.626994828201887 ], [ -117.101325097808882, 52.626994828201887 ], [ -117.101325097808882, 52.726994828201889 ], [ -117.201325097808876, 52.726994828201889 ], [ -117.201325097808876, 52.626994828201887 ] ] ] } },
{ "type": "Feature", "properties": { "value": "1", "label": "AQHI 1", "color": "#01cbff", "timestamp": "2026-10-09 14:00:00", "generated_at": "2026-10-09T20:31:38.042297", "nearest_km": 45.21364139434624, "n_points": 14, "weight_sum": 0.0016081784218055953, "confidence": "Medium", "flagged": false }, "geometry": { "type": "Polygon", "coordinates": [ [ [ -117.101325097808882, 52.626994828201887 ], [ -117.001325097808888, 52.626994828201887 ], [ -117.001325097808888, 52.726994828201889 ], [ -117.101325097808882, 52.726994828201889 ], [ -117.101325097808882, 52.626994828201887 ] ] ] } },
{ "type": "Feature", "properties": { "value": "1", "label": "AQHI 1", "color": "#01cbff", "timestamp": "2026-10-09 14:00:00", "generated_at": "2026-10-09T20:31:38.042297", "nearest_km": 51.064680241002556, "n_points": 14, "weight_sum": 0.0014301283134625954, "confidence": "Medium", "flagged": false }, "geometry": { "type": "Polygon", "coordinates": [ [ [ -117.001325097808888, 52.626994828201887 ], [ -116.901325097808893, 52.626994828201887 ], [ -116.901325097808893, 52.726994828201889 ], [ -117.001325097808888, 52.726994828201889 ], [ -117.001325097808888, 52.626994828201887 ] ] ] } },
{ "type": "Feature", "properties": { "value": "1", "label": "AQHI 1", "color": "#01cbff", "timestamp": "2026-10-09 14:00:00", "generated_at": "2026-10-09T20:31:38.042297", "nearest_km": 57.657796099012565, "n_points": 14, "weight_sum": 0.0012474002606073314, "confidence": "Medium", "flagged": false }, "geometry": { "type": "Polygon", "coordinates": [ [ [ -116.901325097808893, 52.626994828201887 ], [ -116.801325097808899, 52.626994828201887 ], [ -116.801325097808899, 52.726994828201889 ], [ -116.901325097808893, 52.726994828201889 ], [ -116.901325097808893, 52.626994828201887 ] ] ] } },
{ "type": "Feature", "properties": { "value": "1", "label": "AQHI 1", "color": "#01cbff", "timestamp": "2026-10-09 14:00:00", "generated_at": "2026-10-09T20:31:38.042297", "nearest_km": 64.603406431947192, "n_points": 14, "weight_sum": 0.0010778116140231447, "confidence": "Medium", "flagged": false }, "geometry": { "type": "Polygon", "coordinates": [ [ [ -116.801325097808899, 52.626994828201887 ], [ -116.701325097808905, 52.626994828201887 ], [ -116.701325097808905, 52.726994828201889 ], [ -116.801325097808899, 52.726994828201889 ], [ -116.801325097808899, 52.626994828201887 ] ] ] } },
{ "type": "Feature", "properties": { "value": "1", "label": "AQHI 1", "color": "#01cbff", "timestamp": "2026-10-09 14:00:00", "generated_at": "2026-10-09T20:31:38.042297", "nearest_km": 43.333444097065453, "n_points": 8, "weight_sum": 0.0011303280301910947, "confidence": "Medium", "flagged": false }, "geometry": { "type": "Polygon", "coordinates": [ [ [ -118.501325097808802, 52.726994828201889 ], [ -118.401325097808808, 52.726994828201889 ], [ -118.401325097808808, 52.82699482820189 ], [ -118.501325097808802, 52.82699482820189 ], [ -118.501325097808802, 52.726994828201889 ] ] ] } },
{ "type": "Feature", "properties": { "value": "1", "label": "AQHI 1", "color": "#01cbff", "timestamp": "2026-10-09 14:00:00", "generated_at": "2026-10-09T20:31:38.042297", "nearest_km": 32.814426785989987, "n_points": 9, "weight_sum": 0.0017813643192476237, "confidence": "Medium", "flagged": false }, "geometry": { "type": "Polygon", "coordinates": [ [ [ -118.401325097808808, 52.726994828201889 ], [ -118.301325097808814, 52.726994828201889 ], [ -118.301325097808814, 52.82699482820189 ], [ -118.401325097808808, 52.82699482820189 ], [ -118.401325097808808, 52.726994828201889 ] ] ] } },
{ "type": "Feature", "properties": { "value": "1", "label": "AQHI 1", "color": "#01cbff", "timestamp": "2026-10-09 14:00:00", "generated_at": "2026-10-09T20:31:38.042297", "nearest_km": 22.851823412425315, "n_points": 11, "weight_sum": 0.0032103454894701969, "confidence": "High", "flagged": false }, "geometry": { "type": "Polygon", "coordinates": [ [ [ -118.301325097808814, 52.726994828201889 ], [ -118.201325097808819, 52.726994828201889 ], [ -118.201325097808819, 52.82699482820189 ], [ -118.301325097808814, 52.82699482820189 ], [ -118.301325097808814, 52.726994828201889 ] ] ] } },
{ "type": "Feature", "properties": { "value": "1", "label": "AQHI 1", "color": "#01cbff", "timestamp": "2026-10-09 14:00:00", "generated_at": "2026-10-09T20:31:38.042297", "nearest_km": 14.630278919153051, "n_points": 11, "weight_sum": 0.0064027558378078626, "confidence": "High", "flagged": false }, "geometry": { "type": "Polygon", "coordinates": [ [ [ -118.201325097808819, 52.726994828201889 ], [ -118.101325097808825, 52.726994828201889 ], [ -118.101325097808825, 52.82699482820189 ], [ -118.201325097808819, 52.82699482820189 ], [ -118.201325097808819, 52.726994828201889 ] ] ] } },
{ "type": "Feature", "properties": { "value": "1", "label": "AQHI 1", "color": "#01cbff", "timestamp": "2026-10-09 14:00:00", "generated_at": "2026-10-09T20:31:38.042297", "nearest_km": 12.341162393864307, "n_points": 11, "weight_sum": 0.0094831306819819043, "confidence": "High", "flagged": false }, "geometry": { "type": "Polygon", "coordinates": [ [ [ -118.101325097808825, 52.726994828201889 ], [ -118.001325097808831, 52.726994828201889 ], [ -118.001325097808831, 52.82699482820189 ], [ -118.101325097808825, 52.82699482820189 ], [ -118.101325097808825, 52.726994828201889 ] ] ] } },
{ "type": "Feature", "properties": { "value": "1", "label": "AQHI 1", "color": "#01cbff", "timestamp": "2026-10-09 14:00:00", "generated_at": "2026-10-09T20:31:38.042297", "nearest_km": 18.357110807837355, "n_points": 11, "weight_sum": 0.0064560856331530459, "confidence": "High", "flagged": false }, "geometry": { "type": "Polygon", "coordinates": [ [ [ -118.001325097808831, 52.726994828201889 ], [ -117.901325097808837, 52.726994828201889 ], [ -117.901325097808837, 52.82699482820189 ], [ -118.001325097808831, 52.82699482820189 ], [ -118.001325097808831, 52.726994828201889 ] ] ] } },
{ "type": "Feature", "properties": { "value": "1", "label": "AQHI 1", "color": "#01cbff", "timestamp": "2026-10-09 14:00:00", "generated_at": "2026-10-09T20:31:38.042297", "nearest_km": 26.281507473029297, "n_points": 11, "weight_sum": 0.0040142526554121276, "confidence": "Medium", "flagged": false }, "geometry": { "type": "Polygon", "coordinates": [ [ [ -117.901325097808837, 52.726994828201889 ], [ -117.801325097808842, 52.726994828201889 ], [ -117.801325097808842, 52.82699482820189 ], [ -117.901325097808837, 52.82699482820189 ], [ -117.901325097808837, 52.726994828201889 ] ] ] } },
{ "type": "Feature", "properties": { "value": "1", "label": "AQHI 1", "color": "#01cbff", "timestamp": "2026-10-09 14:00:00", "generated_at": "2026-10-09T20:31:38.042297", "nearest_km": 17.484257723028822, "n_points": 12, "weight_sum": 0.0038862552268356743, "confidence": "High", "flagged": false }, "geometry": { "type": "Polygon", "coordinates": [ [ [ -117.801325097808842, 52.726994828201889 ], [ -117.701325097808848, 52.726994828201889 ], [ -117.701325097808848, 52.82699482820189 ], [ -117.801325097808842, 52.82699482820189 ], [ -117.801325097808842, 52.726994828201889 ] ] ] } },
{ "type": "Feature", "properties": { "value": "1", "label": "AQHI 1", "color": "#01cbff", "timestamp": "2026-10-09 14:00:00", "generated_at": "2026-10-09T20:31:38.042297", "nearest_km": 6.3911509999959613, "n_points": 12, "weight_sum": 0.01401286686584537, "confidence": "High", "flagged": false }, "geometry": { "type": "Polygon", "coordinates": [ [ [ -117.701325097808848, 52.726994828201889 ], [ -117.601325097808854, 52.726994828201889 ], [ -117.601325097808854, 52.82699482820189 ], [ -117.701325097808848, 52.82699482820189 ], [ -117.701325097808848, 52.726994828201889 ] ] ] } },
{ "type": "Feature", "properties": { "value": "1", "label": "AQHI 1", "color": "#01cbff", "timestamp": "2026-10-09 14:00:00", "generated_at": "2026-10-09T20:31:38.042297", "nearest_km": 4.7343800105375715, "n_points": 12, "weight_sum": 0.023892208838973972, "confidence": "High", "flagged": false }, "geometry": { "type": "Polygon", "coordinates": [ [ [ -117.601325097808854, 52.726994828201889 ], [ -117.501325097808859, 52.726994828201889 ], [ -117.501325097808859, 52.82699482820189 ], [ -117.601325097808854, 52.82699482820189 ], [ -117.601325097808854, 52.726994828201889 ] ] ] } },
{ "type": "Feature", "properties": { "value": "1", "label": "AQHI 1", "color": "#01cbff", "timestamp": "2026-10-09 14:00:00", "generated_at": "2026-10-09T20:31:38.042297", "nearest_km": 15.824092298251363, "n_points": 12, "weight_sum": 0.0035318081576989268, "confidence": "High", "flagged": false }, "geometry": { "type": "Polygon", "coordinates": [ [ [ -117.501325097808859, 52.726994828201889 ], [ -117.401325097808865, 52.726994828201889 ], [ -117.401325097808865, 52.82699482820189 ], [ -117.501325097808859, 52.82699482820189 ], [ -117.501325097808859, 52.726994828201889 ] ] ] } },
{ "type": "Feature", "properties": { "value": "1", "label": "AQHI 1", "color": "#01cbff", "timestamp": "2026-10-09 14:00:00", "generated_at": "2026-10-09T20:31:38.042297", "nearest_km": 26.922285193552021, "n_points": 14, "weight_sum": 0.0022915046061266252, "confidence": "Medium", "flagged": false }, "geometry": { "type": "Polygon", "coordinates": [ [ [ -117.401325097808865, 52.726994828201889 ], [ -117.301325097808871, 52.726994828201889 ], [ -117.301325097808871, 52.82699482820189 ], [ -117.401325097808865, 52.82699482820189 ], [ -117.401325097808865, 52.726994828201889 ] ] ] } },
{ "type": "Feature", "properties": { "value": "1", "label": "AQHI 1", "color": "#01cbff", "timestamp": "2026-10-09 14:00:00", "generated_at": "2026-10-09T20:31:38.042297", "nearest_km": 38.021533149286533, "n_points": 14, "weight_sum": 0.0019953645971539642, "confidence": "Medium", "flagged": false }, "geometry": { "type": "Polygon", "coordinates": [ [ [ -117.301325097808871, 52.726994828201889 ], [ -117.201325097808876, 52.726994828201889 ], [ -117.201325097808876, 52.82699482820189 ], [ -117.301325097808871, 52.82699482820189 ], [ -117.301325097808871, 52.726994828201889 ] ] ] } },
{ "type": "Feature", "properties": { "value": "1", "label": "AQHI 1", "color": "#01cbff", "timestamp": "2026-10-09 14:00:00", "generated_at": "2026-10-09T20:31:38.042297", "nearest_km": 46.609294218525505, "n_points": 14, "weight_sum": 0.0018838981124004229, "confidence": "Medium", "flagged": false }, "geometry": { "type": "Polygon", "coordinates": [ [ [ -117.201325097808876, 52.726994828201889 ], [ -117.101325097808882, 52.726994828201889 ], [ -117.101325097808882, 52.82699482820189 ], [ -117.201325097808876, 52.82699482820189 ], [ -117.201325097808876, 52.726994828201889 ] ] ] } },
{ "type": "Feature", "properties": { "value": "1", "label": "AQHI 1", "color": "#01cbff", "timestamp": "2026-10-09 14:00:00", "generated_at": "2026-10-09T20:31:38.042297", "nearest_km": 44.975136236908256, "n_points": 14, "weight_sum": 0.001773961954088011, "confidence": "Medium", "flagged": false }, "geometry": { "type": "Polygon", "coordinates": [ [ [ -117.101325097808882, 52.726994828201889 ], [ -117.001325097808888, 52.726994828201889 ], [ -117.001325097808888, 52.82699482820189 ], [ -117.101325097808882, 52.82699482820189 ], [ -117.101325097808882, 52.726994828201889 ] ] ] } },
{ "type": "Feature", "properties": { "value": "1", "label": "AQHI 1", "color": "#01cbff", "timestamp": "2026-10-09 14:00:00", "generated_at": "2026-10-09T20:31:38.042297", "nearest_km": 46.038239013974163, "n_points": 14, "weight_sum": 0.001605809834440802, "confidence": "Medium", "flagged": false }, "geometry": { "type": "Polygon", "coordinates": [ [ [ -117.001325097808888, 52.726994828201889 ], [ -116.901325097808893, 52.726994828201889 ], [ -116.901325097808893, 52.82699482820189 ], [ -117.001325097808888, 52.82699482820189 ], [ -117.001325097808888, 52.726994828201889 ] ] ] } },
{ "type": "Feature", "properties": { "value": "1", "label": "AQHI 1", "color": "#01cbff", "timestamp": "2026-10-09 14:00:00", "generated_at": "2026-10-09T20:31:38.042297", "nearest_km": 49.625558168016013, "n_points": 14, "weight_sum": 0.0013947327562498402, "confidence": "Medium", "flagged": false }, "geometry": { "type": "Polygon", "coordinates": [ [ [ -116.901325097808893, 52.726994828201889 ], [ -116.801325097808899, 52.726994828201889 ], [ -116.801325097808899, 52.82699482820189 ], [ -116.901325097808893, 52.82699482820189 ], [ -116.901325097808893, 52.726994828201889 ] ] ] } },
{ "type": "Feature", "properties": { "value": "1", "label": "AQHI 1", "color": "#01cbff", "timestamp": "2026-10-09 14:00:00", "generated_at": "2026-10-09T20:31:38.042297", "nearest_km": 55.247557371040749, "n_points": 15, "weight_sum": 0.0012089137272469858, "confidence": "Medium", "flagged": false }, "geometry": { "type": "Polygon", "coordinates": [ [ [ -116.801325097808899, 52.726994828201889 ], [ -116.701325097808905, 52.726994828201889 ], [ -116.701325097808905, 52.82699482820189 ], [ -116.801325097808899, 52.82699482820189 ], [ -116.801325097808899, 52.726994828201889 ] ] ] } },
{ "type": "Feature", "properties": { "value": "1", "label": "AQHI 1", "color": "#01cbff", "timestamp": "2026-10-09 14:00:00", "generated_at": "2026-10-09T20:31:38.042297", "nearest_km": 62.356308160808481, "n_points": 12, "weight_sum": 0.00094765990010459665, "confidence": "Medium", "flagged": false }, "geometry": { "type": "Polygon", "coordinates": [ [ [ -116.701325097808905, 52.726994828201889 ], [ -116.60132509780891, 52.726994828201889 ], [ -116.60132509780891, 52.82699482820189 ], [ -116.701325097808905, 52.82699482820189 ], [ -116.701325097808905, 52.726994828201889 ] ] ] } },
{ "type": "Feature", "properties": { "value": "1", "label": "AQHI 1", "color": "#01cbff", "timestamp": "2026-10-09 14:00:00", "generated_at": "2026-10-09T20:31:38.042297", "nearest_km": 70.503515794781137, "n_points": 12, "weight_sum": 0.00081362467635904038, "confidence": "Medium", "flagged": false }, "geometry": { "type": "Polygon", "coordinates": [ [ [ -116.60132509780891, 52.726994828201889 ], [ -116.501325097808916, 52.726994828201889 ], [ -116.501325097808916, 52.82699482820189 ], [ -116.60132509780891, 52.82699482820189 ], [ -116.60132509780891, 52.726994828201889 ] ] ] } },
{ "type": "Feature", "properties": { "value": "1", "label": "AQHI 1", "color": "#01cbff", "timestamp": "2026-10-09 14:00:00", "generated_at": "2026-10-09T20:31:38.042297", "nearest_km": 52.739255290428297, "n_points": 7, "weight_sum": 0.00082603891908217221, "confidence": "Medium", "flagged": false }, "geometry": { "type": "Polygon", "coordinates": [ [ [ -118.601325097808797, 52.82699482820189 ], [ -118.501325097808802, 52.82699482820189 ], [ -118.501325097808802, 52.926994828201892 ], [ -118.601325097808797, 52.926994828201892 ], [ -118.601325097808797, 52.82699482820189 ] ] ] } },
{ "type": "Feature", "properties": { "value": "1", "label": "AQHI 1", "color": "#01cbff", "timestamp": "2026-10-09 14:00:00", "generated_at": "2026-10-09T20:31:38.042297", "nearest_km": 41.641425006459585, "n_points": 8, "weight_sum": 0.0012379054395538088, "confidence": "Medium", "flagged": false }, "geometry": { "type": "Polygon", "coordinates": [ [ [ -118.501325097808802, 52.82699482820189 ], [ -118.401325097808808, 52.82699482820189 ], [ -118.401325097808808, 52.926994828201892 ], [ -118.501325097808802, 52.926994828201892 ], [ -118.501325097808802, 52.82699482820189 ] ] ] } },
{ "type": "Feature", "properties": { "value": "1", "label": "AQHI 1", "color": "#01cbff", "timestamp": "2026-10-09 14:00:00", "generated_at": "2026-10-09T20:31:38.042297", "nearest_km": 30.545171542294511, "n_points": 11, "weight_sum": 0.0021366077252118311, "confidence": "Medium", "flagged": false }, "geometry": { "type": "Polygon", "coordinates": [ [ [ -118.401325097808808, 52.82699482820189 ], [ -118.301325097808814, 52.82699482820189 ], [ -118.301325097808814, 52.926994828201892 ], [ -118.401325097808808, 52.926994828201892 ], [ -118.401325097808808, 52.82699482820189 ] ] ] } },
{ "type": "Feature", "properties": { "value": "1", "label": "AQHI 1", "color": "#01cbff", "timestamp": "2026-10-09 14:00:00", "generated_at": "2026-10-09T20:31:38.042297", "nearest_km": 19.453193376095626, "n_points": 11, "weight_sum": 0.0043533935475827427, "confidence": "High", "flagged": false }, "geometry": { "type": "Polygon", "coordinates": [ [ [ -118.301325097808814, 52.82699482820189 ], [ -118.201325097808819, 52.82699482820189 ], [ -118.201325097808819, 52.926994828201892 ], [ -118.301325097808814, 52.926994828201892 ], [ -118.301325097808814, 52.82699482820189 ] ] ] } },
{ "type": "Feature", "properties": { "value": "1", "label": "AQHI 1", "color": "#01cbff", "timestamp": "2026-10-09 14:00:00", "generated_at": "2026-10-09T20:31:38.042297", "nearest_km": 8.3824793770885737, "n_points": 11, "weight_sum": 0.015897176377126593, "confidence": "High", "flagged": false }, "geometry": { "type": "Polygon", "coordinates": [ [ [ -118.201325097808819, 52.82699482820189 ], [ -118.101325097808825, 52.82699482820189 ], [ -118.101325097808825, 52.926994828201892 ], [ -118.201325097808819, 52.926994828201892 ], [ -118.201325097808819, 52.82699482820189 ] ] ] } },
{ "type": "Feature", "properties": { "value": "1", "label": "AQHI 1", "color": "#01cbff", "timestamp": "2026-10-09 14:00:00", "generated_at": "2026-10-09T20:31:38.042297", "nearest_km": 2.9197925417453323, "n_points": 11, "weight_sum": 0.11000881723132799, "confidence": "High", "flagged": false }, "geometry": { "type": "Polygon", "coordinates": [ [ [ -118.101325097808825, 52.82699482820189 ], [ -118.001325097808831, 52.82699482820189 ], [ -118.001325097808831, 52.926994828201892 ], [ -118.101325097808825, 52.926994828201892 ], [ -118.101325097808825, 52.82699482820189 ] ] ] } },
{ "type": "Feature", "properties": { "value": "2", "label": "AQHI 2", "color": "#0099cb", "timestamp": "2026-10-09 14:00:00", "generated_at": "2026-10-09T20:31:38.042297", "nearest_km": 10.780824909558145, "n_points": 11, "weight_sum": 0.015676433676007663, "confidence": "High", "flagged": false }, "geometry": { "type": "Polygon", "coordinates": [ [ [ -118.001325097808831, 52.82699482820189 ], [ -117.901325097808837, 52.82699482820189 ], [ -117.901325097808837, 52.926994828201892 ], [ -118.001325097808831, 52.926994828201892 ], [ -118.001325097808831, 52.82699482820189 ] ] ] } },
{ "type": "Feature", "properties": { "value": "1", "label": "AQHI 1", "color": "#01cbff", "timestamp": "2026-10-09 14:00:00", "generated_at": "2026-10-09T20:31:38.042297", "nearest_km": 21.097347622627691, "n_points": 11, "weight_sum": 0.0052908085550913732, "confidence": "High", "flagged": false }, "geometry": { "type": "Polygon", "coordinates": [ [ [ -117.901325097808837, 52.82699482820189 ], [ -117.801325097808842, 52.82699482820189 ], [ -117.801325097808842, 52.926994828201892 ], [ -117.901325097808837, 52.926994828201892 ], [ -117.901325097808837, 52.82699482820189 ] ] ] } },
{ "type": "Feature", "properties": { "value": "1", "label": "AQHI 1", "color": "#01cbff", "timestamp": "2026-10-09 14:00:00", "generated_at": "2026-10-09T20:31:38.042297", "nearest_km": 20.509545430857003, "n_points": 11, "weight_sum": 0.003839712439772013, "confidence": "High", "flagged": false }, "geometry": { "type": "Polygon", "coordinates": [ [ [ -117.801325097808842, 52.82699482820189 ], [ -117.701325097808848, 52.82699482820189 ], [ -117.701325097808848, 52.926994828201892 ], [ -117.801325097808842, 52.926994828201892 ], [ -117.801325097808842, 52.82699482820189 ] ] ] } },
{ "type": "Feature", "properties": { "value": "1", "label": "AQHI 1", "color": "#01cbff", "timestamp": "2026-10-09 14:00:00", "generated_at": "2026-10-09T20:31:38.042297", "nearest_km": 12.481546248756349, "n_points": 12, "weight_sum": 0.0052261582627147179, "confidence": "High", "flagged": false }, "geometry": { "type": "Polygon", "coordinates": [ [ [ -117.701325097808848, 52.82699482820189 ], [ -117.601325097808854, 52.82699482820189 ], [ -117.601325097808854, 52.926994828201892 ], [ -117.701325097808848, 52.926994828201892 ], [ -117.701325097808848, 52.82699482820189 ] ] ] } },
{ "type": "Feature", "properties": { "value": "1", "label": "AQHI 1", "color": "#01cbff", "timestamp": "2026-10-09 14:00:00", "generated_at": "2026-10-09T20:31:38.042297", "nearest_km": 11.719920637072249, "n_points": 12, "weight_sum": 0.0054295328607062059, "confidence": "High", "flagged": false }, "geometry": { "type": "Polygon", "coordinates": [ [ [ -117.601325097808854, 52.82699482820189 ], [ -117.501325097808859, 52.82699482820189 ], [ -117.501325097808859, 52.926994828201892 ], [ -117.601325097808854, 52.926994828201892 ], [ -117.601325097808854, 52.82699482820189 ] ] ] } },
{ "type": "Feature", "properties": { "value": "1", "label": "AQHI 1", "color": "#01cbff", "timestamp": "2026-10-09 14:00:00", "generated_at": "2026-10-09T20:31:38.042297", "nearest_km": 19.113976109608181, "n_points": 14, "weight_sum": 0.0031521359365204804, "confidence": "High", "flagged": false }, "geometry": { "type": "Polygon", "coordinates": [ [ [ -117.501325097808859, 52.82699482820189 ], [ -117.401325097808865, 52.82699482820189 ], [ -117.401325097808865, 52.926994828201892 ], [ -117.501325097808859, 52.926994828201892 ], [ -117.501325097808859, 52.82699482820189 ] ] ] } },
{ "type": "Feature", "properties": { "value": "1", "label": "AQHI 1", "color": "#01cbff", "timestamp": "2026-10-09 14:00:00", "generated_at": "2026-10-09T20:31:38.042297", "nearest_km": 28.978468311800825, "n_points": 14, "weight_sum": 0.0024320807087924376, "confidence": "Medium", "flagged": false }, "geometry": { "type": "Polygon", "coordinates": [ [ [ -117.401325097808865, 52.82699482820189 ], [ -117.301325097808871, 52.82699482820189 ], [ -117.301325097808871, 52.926994828201892 ], [ -117.401325097808865, 52.926994828201892 ], [ -117.401325097808865, 52.82699482820189 ] ] ] } },
{ "type": "Feature", "properties": { "value": "1", "label": "AQHI 1", "color": "#01cbff", "timestamp": "2026-10-09 14:00:00", "generated_at": "2026-10-09T20:31:38.042297", "nearest_km": 39.504166472378436, "n_points": 14, "weight_sum": 0.0022895939110162238, "confidence": "Medium", "flagged": false }, "geometry": { "type": "Polygon", "coordinates": [ [ [ -117.301325097808871, 52.82699482820189 ], [ -117.201325097808876, 52.82699482820189 ], [ -117.201325097808876, 52.926994828201892 ], [ -117.301325097808871, 52.926994828201892 ], [ -117.301325097808871, 52.82699482820189 ] ] ] } },
{ "type": "Feature", "properties": { "value": "1", "label": "AQHI 1", "color": "#01cbff", "timestamp": "2026-10-09 14:00:00", "generated_at": "2026-10-09T20:31:38.042297", "nearest_km": 36.021365609928857, "n_points": 14, "weight_sum": 0.0023302320306032229, "confidence": "Medium", "flagged": false }, "geometry": { "type": "Polygon", "coordinates": [ [ [ -117.201325097808876, 52.82699482820189 ], [ -117.101325097808882, 52.82699482820189 ], [ -117.101325097808882, 52.926994828201892 ], [ -117.201325097808876, 52.926994828201892 ], [ -117.201325097808876, 52.82699482820189 ] ] ] } },
{ "type": "Feature", "properties": { "value": "1", "label": "AQHI 1", "color": "#01cbff", "timestamp": "2026-10-09 14:00:00", "generated_at": "2026-10-09T20:31:38.042297", "nearest_km": 33.880309213222198, "n_points": 14, "weight_sum": 0.0023144141140236611, "confidence": "Medium", "flagged": false }, "geometry": { "type": "Polygon", "coordinates": [ [ [ -117.101325097808882, 52.82699482820189 ], [ -117.001325097808888, 52.82699482820189 ], [ -117.001325097808888, 52.926994828201892 ], [ -117.101325097808882, 52.926994828201892 ], [ -117.101325097808882, 52.82699482820189 ] ] ] } },
{ "type": "Feature", "properties": { "value": "1", "label": "AQHI 1", "color": "#01cbff", "timestamp": "2026-10-09 14:00:00", "generated_at": "2026-10-09T20:31:38.042297", "nearest_km": 35.27934132552511, "n_points": 14, "weight_sum": 0.0020824173511951841, "confidence": "Medium", "flagged": false }, "geometry": { "type": "Polygon", "coordinates": [ [ [ -117.001325097808888, 52.82699482820189 ], [ -116.901325097808893, 52.82699482820189 ], [ -116.901325097808893, 52.926994828201892 ], [ -117.001325097808888, 52.926994828201892 ], [ -117.001325097808888, 52.82699482820189 ] ] ] } },
{ "type": "Feature", "properties": { "value": "1", "label": "AQHI 1", "color": "#01cbff", "timestamp": "2026-10-09 14:00:00", "generated_at": "2026-10-09T20:31:38.042297", "nearest_km": 39.847314794628637, "n_points": 15, "weight_sum": 0.001742002353778512, "confidence": "Medium", "flagged": false }, "geometry": { "type": "Polygon", "coordinates": [ [ [ -116.901325097808893, 52.82699482820189 ], [ -116.801325097808899, 52.82699482820189 ], [ -116.801325097808899, 52.926994828201892 ], [ -116.901325097808893, 52.926994828201892 ], [ -116.901325097808893, 52.82699482820189 ] ] ] } },
{ "type": "Feature", "properties": { "value": "1", "label": "AQHI 1", "color": "#01cbff", "timestamp": "2026-10-09 14:00:00", "generated_at": "2026-10-09T20:31:38.042297", "nearest_km": 46.662673180193288, "n_points": 15, "weight_sum": 0.0014057760920571094, "confidence": "Medium", "flagged": false }, "geometry": { "type": "Polygon", "coordinates": [ [ [ -116.801325097808899, 52.82699482820189 ], [ -116.701325097808905, 52.82699482820189 ], [ -116.701325097808905, 52.926994828201892 ], [ -116.801325097808899, 52.926994828201892 ], [ -116.801325097808899, 52.82699482820189 ] ] ] } },
{ "type": "Feature", "properties": { "value": "1", "label": "AQHI 1", "color": "#01cbff", "timestamp": "2026-10-09 14:00:00", "generated_at": "2026-10-09T20:31:38.042297", "nearest_km": 54.894641271264369, "n_points": 12, "weight_sum": 0.0010670623797889647, "confidence": "Medium", "flagged": false }, "geometry": { "type": "Polygon", "coordinates": [ [ [ -116.701325097808905, 52.82699482820189 ], [ -116.60132509780891, 52.82699482820189 ], [ -116.60132509780891, 52.926994828201892 ], [ -116.701325097808905, 52.926994828201892 ], [ -116.701325097808905, 52.82699482820189 ] ] ] } },
{ "type": "Feature", "properties": { "value": "1", "label": "AQHI 1", "color": "#01cbff", "timestamp": "2026-10-09 14:00:00", "generated_at": "2026-10-09T20:31:38.042297", "nearest_km": 63.99889227385146, "n_points": 12, "weight_sum": 0.00089328028003583966, "confidence": "Medium", "flagged": false }, "geometry": { "type": "Polygon", "coordinates": [ [ [ -116.60132509780891, 52.82699482820189 ], [ -116.501325097808916, 52.82699482820189 ], [ -116.501325097808916, 52.926994828201892 ], [ -116.60132509780891, 52.926994828201892 ], [ -116.60132509780891, 52.82699482820189 ] ] ] } },
{ "type": "Feature", "properties": { "value": "1", "label": "AQHI 1", "color": "#01cbff", "timestamp": "2026-10-09 14:00:00", "generated_at": "2026-10-09T20:31:38.042297", "nearest_km": 73.652663117223796, "n_points": 12, "weight_sum": 0.00076692183748297744, "confidence": "Medium", "flagged": false }, "geometry": { "type": "Polygon", "coordinates": [ [ [ -116.501325097808916, 52.82699482820189 ], [ -116.401325097808922, 52.82699482820189 ], [ -116.401325097808922, 52.926994828201892 ], [ -116.501325097808916, 52.926994828201892 ], [ -116.501325097808916, 52.82699482820189 ] ] ] } },
{ "type": "Feature", "properties": { "value": "1", "label": "AQHI 1", "color": "#01cbff", "timestamp": "2026-10-09 14:00:00", "generated_at": "2026-10-09T20:31:38.042297", "nearest_km": 83.623368233125248, "n_points": 12, "weight_sum": 0.00067097378663239903, "confidence": "Low", "flagged": false }, "geometry": { "type": "Polygon", "coordinates": [ [ [ -116.401325097808922, 52.82699482820189 ], [ -116.301325097808927, 52.82699482820189 ], [ -116.301325097808927, 52.926994828201892 ], [ -116.401325097808922, 52.926994828201892 ], [ -116.401325097808922, 52.82699482820189 ] ] ] } },
{ "type": "Feature", "properties": { "value": "1", "label": "AQHI 1", "color": "#01cbff", "timestamp": "2026-10-09 14:00:00", "generated_at": "2026-10-09T20:31:38.042297", "nearest_km": 84.97423820565902, "n_points": 9, "weight_sum": 0.00048895263999598141, "confidence": "Low", "flagged": false }, "geometry": { "type": "Polygon", "coordinates": [ [ [ -116.301325097808927, 52.82699482820189 ], [ -116.201325097808933, 52.82699482820189 ], [ -116.201325097808933, 52.926994828201892 ], [ -116.301325097808927, 52.926994828201892 ], [ -116.301325097808927, 52.82699482820189 ] ] ] } },
{ "type": "Feature", "properties": { "value": "1", "label": "AQHI 1", "color": "#01cbff", "timestamp": "2026-10-09 14:00:00", "generated_at": "2026-10-09T20:31:38.042297", "nearest_km": 87.719978355054735, "n_points": 10, "weight_sum": 0.00049287070729545318, "confidence": "Low", "flagged": false }, "geometry": { "type": "Polygon", "coordinates": [ [ [ -116.201325097808933, 52.82699482820189 ], [ -116.101325097808939, 52.82699482820189 ], [ -116.101325097808939, 52.926994828201892 ], [ -116.201325097808933, 52.926994828201892 ], [ -116.201325097808933, 52.82699482820189 ] ] ] } },
{ "type": "Feature", "properties": { "value": "1", "label": "AQHI 1", "color": "#01cbff", "timestamp": "2026-10-09 14:00:00", "generated_at": "2026-10-09T20:31:38.042297", "nearest_km": 91.642985882443739, "n_points": 13, "weight_sum": 0.00053408950081119564, "confidence": "Low", "flagged": false }, "geometry": { "type": "Polygon", "coordinates": [ [ [ -116.101325097808939, 52.82699482820189 ], [ -116.001325097808945, 52.82699482820189 ], [ -116.001325097808945, 52.926994828201892 ], [ -116.101325097808939, 52.926994828201892 ], [ -116.101325097808939, 52.82699482820189 ] ] ] } },
{ "type": "Feature", "properties": { "value": "1", "label": "AQHI 1", "color": "#01cbff", "timestamp": "2026-10-09 14:00:00", "generated_at": "2026-10-09T20:31:38.042297", "nearest_km": 89.185923998291443, "n_points": 13, "weight_sum": 0.00052972685917711433, "confidence": "Low", "flagged": false }, "geometry": { "type": "Polygon", "coordinates": [ [ [ -116.001325097808945, 52.82699482820189 ], [ -115.90132509780895, 52.82699482820189 ], [ -115.90132509780895, 52.926994828201892 ], [ -116.001325097808945, 52.926994828201892 ], [ -116.001325097808945, 52.82699482820189 ] ] ] } },
{ "type": "Feature", "properties": { "value": "1", "label": "AQHI 1", "color": "#01cbff", "timestamp": "2026-10-09 14:00:00", "generated_at": "2026-10-09T20:31:38.042297", "nearest_km": 88.069524907360687, "n_points": 13, "weight_sum": 0.00054028824190335313, "confidence": "Low", "flagged": false }, "geometry": { "type": "Polygon", "coordinates": [ [ [ -115.90132509780895, 52.82699482820189 ], [ -115.801325097808956, 52.82699482820189 ], [ -115.801325097808956, 52.926994828201892 ], [ -115.90132509780895, 52.926994828201892 ], [ -115.90132509780895, 52.82699482820189 ] ] ] } },
{ "type": "Feature", "properties": { "value": "1", "label": "AQHI 1", "color": "#01cbff", "timestamp": "2026-10-09 14:00:00", "generated_at": "2026-10-09T20:31:38.042297", "nearest_km": 88.344628559903981, "n_points": 13, "weight_sum": 0.00056240691058261722, "confidence": "Low", "flagged": false }, "geometry": { "type": "Polygon", "coordinates": [ [ [ -115.801325097808956, 52.82699482820189 ], [ -115.701325097808962, 52.82699482820189 ], [ -115.701325097808962, 52.926994828201892 ], [ -115.801325097808956, 52.926994828201892 ], [ -115.801325097808956, 52.82699482820189 ] ] ] } },
{ "type": "Feature", "properties": { "value": "1", "label": "AQHI 1", "color": "#01cbff", "timestamp": "2026-10-09 14:00:00", "generated_at": "2026-10-09T20:31:38.042297", "nearest_km": 89.698554602947183, "n_points": 12, "weight_sum": 0.00056378743348955713, "confidence": "Low", "flagged": false }, "geometry": { "type": "Polygon", "coordinates": [ [ [ -115.701325097808962, 52.82699482820189 ], [ -115.601325097808967, 52.82699482820189 ], [ -115.601325097808967, 52.926994828201892 ], [ -115.701325097808962, 52.926994828201892 ], [ -115.701325097808962, 52.82699482820189 ] ] ] } },
{ "type": "Feature", "properties": { "value": "2", "label": "AQHI 2", "color": "#0099cb", "timestamp": "2026-10-09 14:00:00", "generated_at": "2026-10-09T20:31:38.042297", "nearest_km": 79.982771231291679, "n_points": 11, "weight_sum": 0.00060969110200817208, "confidence": "Low", "flagged": false }, "geometry": { "type": "Polygon", "coordinates": [ [ [ -115.601325097808967, 52.82699482820189 ], [ -115.501325097808973, 52.82699482820189 ], [ -115.501325097808973, 52.926994828201892 ], [ -115.601325097808967, 52.926994828201892 ], [ -115.601325097808967, 52.82699482820189 ] ] ] } },
{ "type": "Feature", "properties": { "value": "2", "label": "AQHI 2", "color": "#0099cb", "timestamp": "2026-10-09 14:00:00", "generated_at": "2026-10-09T20:31:38.042297", "nearest_km": 70.675856484490865, "n_points": 14, "weight_sum": 0.00077599555564323891, "confidence": "Medium", "flagged": false }, "geometry": { "type": "Polygon", "coordinates": [ [ [ -115.501325097808973, 52.82699482820189 ], [ -115.401325097808979, 52.82699482820189 ], [ -115.401325097808979, 52.926994828201892 ], [ -115.501325097808973, 52.926994828201892 ], [ -115.501325097808973, 52.82699482820189 ] ] ] } },
{ "type": "Feature", "properties": { "value": "2", "label": "AQHI 2", "color": "#0099cb", "timestamp": "2026-10-09 14:00:00", "generated_at": "2026-10-09T20:31:38.042297", "nearest_km": 61.962324728786065, "n_points": 16, "weight_sum": 0.00098062680788907493, "confidence": "Medium", "flagged": false }, "geometry": { "type": "Polygon", "coordinates": [ [ [ -115.401325097808979, 52.82699482820189 ], [ -115.301325097808984, 52.82699482820189 ], [ -115.301325097808984, 52.926994828201892 ], [ -115.401325097808979, 52.926994828201892 ], [ -115.401325097808979, 52.82699482820189 ] ] ] } },
{ "type": "Feature", "properties": { "value": "2", "label": "AQHI 2", "color": "#0099cb", "timestamp": "2026-10-09 14:00:00", "generated_at": "2026-10-09T20:31:38.042297", "nearest_km": 54.129499182744041, "n_points": 14, "weight_sum": 0.0011163795369639557, "confidence": "Medium", "flagged": false }, "geometry": { "type": "Polygon", "coordinates": [ [ [ -115.301325097808984, 52.82699482820189 ], [ -115.20132509780899, 52.82699482820189 ], [ -115.20132509780899, 52.926994828201892 ], [ -115.301325097808984, 52.926994828201892 ], [ -115.301325097808984, 52.82699482820189 ] ] ] } },
{ "type": "Feature", "properties": { "value": "2", "label": "AQHI 2", "color": "#0099cb", "timestamp": "2026-10-09 14:00:00", "generated_at": "2026-10-09T20:31:38.042297", "nearest_km": 47.614028161391843, "n_points": 15, "weight_sum": 0.0013582465093779079, "confidence": "Medium", "flagged": false }, "geometry": { "type": "Polygon", "coordinates": [ [ [ -115.20132509780899, 52.82699482820189 ], [ -115.101325097808996, 52.82699482820189 ], [ -115.101325097808996, 52.926994828201892 ], [ -115.20132509780899, 52.926994828201892 ], [ -115.20132509780899, 52.82699482820189 ] ] ] } },
{ "type": "Feature", "properties": { "value": "2", "label": "AQHI 2", "color": "#0099cb", "timestamp": "2026-10-09 14:00:00", "generated_at": "2026-10-09T20:31:38.042297", "nearest_km": 43.01870144173246, "n_points": 16, "weight_sum": 0.0016062199865129407, "confidence": "Medium", "flagged": false }, "geometry": { "type": "Polygon", "coordinates": [ [ [ -115.101325097808996, 52.82699482820189 ], [ -115.001325097809001, 52.82699482820189 ], [ -115.001325097809001, 52.926994828201892 ], [ -115.101325097808996, 52.926994828201892 ], [ -115.101325097808996, 52.82699482820189 ] ] ] } },
{ "type": "Feature", "properties": { "value": "2", "label": "AQHI 2", "color": "#0099cb", "timestamp": "2026-10-09 14:00:00", "generated_at": "2026-10-09T20:31:38.042297", "nearest_km": 40.994410225200042, "n_points": 22, "weight_sum": 0.0019627266735572318, "confidence": "Medium", "flagged": false }, "geometry": { "type": "Polygon", "coordinates": [ [ [ -115.001325097809001, 52.82699482820189 ], [ -114.901325097809007, 52.82699482820189 ], [ -114.901325097809007, 52.926994828201892 ], [ -115.001325097809001, 52.926994828201892 ], [ -115.001325097809001, 52.82699482820189 ] ] ] } },
{ "type": "Feature", "properties": { "value": "2", "label": "AQHI 2", "color": "#0099cb", "timestamp": "2026-10-09 14:00:00", "generated_at": "2026-10-09T20:31:38.042297", "nearest_km": 41.9153273360835, "n_points": 25, "weight_sum": 0.0021520487811719918, "confidence": "Medium", "flagged": false }, "geometry": { "type": "Polygon", "coordinates": [ [ [ -114.901325097809007, 52.82699482820189 ], [ -114.801325097809013, 52.82699482820189 ], [ -114.801325097809013, 52.926994828201892 ], [ -114.901325097809007, 52.926994828201892 ], [ -114.901325097809007, 52.82699482820189 ] ] ] } },
{ "type": "Feature", "properties": { "value": "2", "label": "AQHI 2", "color": "#0099cb", "timestamp": "2026-10-09 14:00:00", "generated_at": "2026-10-09T20:31:38.042297", "nearest_km": 45.60337335844843, "n_points": 31, "weight_sum": 0.0023353170397212193, "confidence": "Medium", "flagged": false }, "geometry": { "type": "Polygon", "coordinates": [ [ [ -114.801325097809013, 52.82699482820189 ], [ -114.701325097809018, 52.82699482820189 ], [ -114.701325097809018, 52.926994828201892 ], [ -114.801325097809013, 52.926994828201892 ], [ -114.801325097809013, 52.82699482820189 ] ] ] } },
{ "type": "Feature", "properties": { "value": "2", "label": "AQHI 2", "color": "#0099cb", "timestamp": "2026-10-09 14:00:00", "generated_at": "2026-10-09T20:31:38.042297", "nearest_km": 38.137941633507111, "n_points": 45, "weight_sum": 0.0027867503755857393, "confidence": "Medium", "flagged": false }, "geometry": { "type": "Polygon", "coordinates": [ [ [ -114.701325097809018, 52.82699482820189 ], [ -114.601325097809024, 52.82699482820189 ], [ -114.601325097809024, 52.926994828201892 ], [ -114.701325097809018, 52.926994828201892 ], [ -114.701325097809018, 52.82699482820189 ] ] ] } },
{ "type": "Feature", "properties": { "value": "2", "label": "AQHI 2", "color": "#0099cb", "timestamp": "2026-10-09 14:00:00", "generated_at": "2026-10-09T20:31:38.042297", "nearest_km": 31.116583440664677, "n_points": 73, "weight_sum": 0.003804010602898234, "confidence": "Medium", "flagged": false }, "geometry": { "type": "Polygon", "coordinates": [ [ [ -114.601325097809024, 52.82699482820189 ], [ -114.50132509780903, 52.82699482820189 ], [ -114.50132509780903, 52.926994828201892 ], [ -114.601325097809024, 52.926994828201892 ], [ -114.601325097809024, 52.82699482820189 ] ] ] } },
{ "type": "Feature", "properties": { "value": "2", "label": "AQHI 2", "color": "#0099cb", "timestamp": "2026-10-09 14:00:00", "generated_at": "2026-10-09T20:31:38.042297", "nearest_km": 26.988903979207304, "n_points": 93, "weight_sum": 0.0047396656865541058, "confidence": "Medium", "flagged": false }, "geometry": { "type": "Polygon", "coordinates": [ [ [ -114.50132509780903, 52.82699482820189 ], [ -114.401325097809035, 52.82699482820189 ], [ -114.401325097809035, 52.926994828201892 ], [ -114.50132509780903, 52.926994828201892 ], [ -114.50132509780903, 52.82699482820189 ] ] ] } },
{ "type": "Feature", "properties": { "value": "2", "label": "AQHI 2", "color": "#0099cb", "timestamp": "2026-10-09 14:00:00", "generated_at": "2026-10-09T20:31:38.042297", "nearest_km": 27.110516612153827, "n_points": 100, "weight_sum": 0.0053642391462675118, "confidence": "Medium", "flagged": false }, "geometry": { "type": "Polygon", "coordinates": [ [ [ -114.401325097809035, 52.82699482820189 ], [ -114.301325097809041, 52.82699482820189 ], [ -114.301325097809041, 52.926994828201892 ], [ -114.401325097809035, 52.926994828201892 ], [ -114.401325097809035, 52.82699482820189 ] ] ] } },
{ "type": "Feature", "properties": { "value": "2", "label": "AQHI 2", "color": "#0099cb", "timestamp": "2026-10-09 14:00:00", "generated_at": "2026-10-09T20:31:38.042297", "nearest_km": 31.432137756710674, "n_points": 103, "weight_sum": 0.0058751248161418518, "confidence": "Medium", "flagged": false }, "geometry": { "type": "Polygon", "coordinates": [ [ [ -114.301325097809041, 52.82699482820189 ], [ -114.201325097809047, 52.82699482820189 ], [ -114.201325097809047, 52.926994828201892 ], [ -114.301325097809041, 52.926994828201892 ], [ -114.301325097809041, 52.82699482820189 ] ] ] } },
{ "type": "Feature", "properties": { "value": "2", "label": "AQHI 2", "color": "#0099cb", "timestamp": "2026-10-09 14:00:00", "generated_at": "2026-10-09T20:31:38.042297", "nearest_km": 28.632142369444736, "n_points": 107, "weight_sum": 0.006551631930785333, "confidence": "Medium", "flagged": false }, "geometry": { "type": "Polygon", "coordinates": [ [ [ -114.201325097809047, 52.82699482820189 ], [ -114.101325097809053, 52.82699482820189 ], [ -114.101325097809053, 52.926994828201892 ], [ -114.201325097809047, 52.926994828201892 ], [ -114.201325097809047, 52.82699482820189 ] ] ] } },
{ "type": "Feature", "properties": { "value": "2", "label": "AQHI 2", "color": "#0099cb", "timestamp": "2026-10-09 14:00:00", "generated_at": "2026-10-09T20:31:38.042297", "nearest_km": 28.314303569805336, "n_points": 108, "weight_sum": 0.0070954344744464928, "confidence": "Medium", "flagged": false }, "geometry": { "type": "Polygon", "coordinates": [ [ [ -114.101325097809053, 52.82699482820189 ], [ -114.001325097809058, 52.82699482820189 ], [ -114.001325097809058, 52.926994828201892 ], [ -114.101325097809053, 52.926994828201892 ], [ -114.101325097809053, 52.82699482820189 ] ] ] } },
{ "type": "Feature", "properties": { "value": "2", "label": "AQHI 2", "color": "#0099cb", "timestamp": "2026-10-09 14:00:00", "generated_at": "2026-10-09T20:31:38.042297", "nearest_km": 32.093924606099542, "n_points": 108, "weight_sum": 0.0075859117137364119, "confidence": "Medium", "flagged": false }, "geometry": { "type": "Polygon", "coordinates": [ [ [ -114.001325097809058, 52.82699482820189 ], [ -113.901325097809064, 52.82699482820189 ], [ -113.901325097809064, 52.926994828201892 ], [ -114.001325097809058, 52.926994828201892 ], [ -114.001325097809058, 52.82699482820189 ] ] ] } },
{ "type": "Feature", "properties": { "value": "2", "label": "AQHI 2", "color": "#0099cb", "timestamp": "2026-10-09 14:00:00", "generated_at": "2026-10-09T20:31:38.042297", "nearest_km": 38.791238786624021, "n_points": 108, "weight_sum": 0.008184108832833506, "confidence": "Medium", "flagged": false }, "geometry": { "type": "Polygon", "coordinates": [ [ [ -113.901325097809064, 52.82699482820189 ], [ -113.80132509780907, 52.82699482820189 ], [ -113.80132509780907, 52.926994828201892 ], [ -113.901325097809064, 52.926994828201892 ], [ -113.901325097809064, 52.82699482820189 ] ] ] } },
{ "type": "Feature", "properties": { "value": "2", "label": "AQHI 2", "color": "#0099cb", "timestamp": "2026-10-09 14:00:00", "generated_at": "2026-10-09T20:31:38.042297", "nearest_km": 41.443647223272066, "n_points": 108, "weight_sum": 0.0089469461177362174, "confidence": "Medium", "flagged": false }, "geometry": { "type": "Polygon", "coordinates": [ [ [ -113.80132509780907, 52.82699482820189 ], [ -113.701325097809075, 52.82699482820189 ], [ -113.701325097809075, 52.926994828201892 ], [ -113.80132509780907, 52.926994828201892 ], [ -113.80132509780907, 52.82699482820189 ] ] ] } },
{ "type": "Feature", "properties": { "value": "1", "label": "AQHI 1", "color": "#01cbff", "timestamp": "2026-10-09 14:00:00", "generated_at": "2026-10-09T20:31:38.042297", "nearest_km": 64.63675981873179, "n_points": 7, "weight_sum": 0.00060919986512596104, "confidence": "Medium", "flagged": false }, "geometry": { "type": "Polygon", "coordinates": [ [ [ -118.701325097808791, 52.926994828201892 ], [ -118.601325097808797, 52.926994828201892 ], [ -118.601325097808797, 53.026994828201893 ], [ -118.701325097808791, 53.026994828201893 ], [ -118.701325097808791, 52.926994828201892 ] ] ] } },
{ "type": "Feature", "properties": { "value": "1", "label": "AQHI 1", "color": "#01cbff", "timestamp": "2026-10-09 14:00:00", "generated_at": "2026-10-09T20:31:38.042297", "nearest_km": 53.703537572901823, "n_points": 7, "weight_sum": 0.00082897139427040752, "confidence": "Medium", "flagged": false }, "geometry": { "type": "Polygon", "coordinates": [ [ [ -118.601325097808797, 52.926994828201892 ], [ -118.501325097808802, 52.926994828201892 ], [ -118.501325097808802, 53.026994828201893 ], [ -118.601325097808797, 53.026994828201893 ], [ -118.601325097808797, 52.926994828201892 ] ] ] } },
{ "type": "Feature", "properties": { "value": "1", "label": "AQHI 1", "color": "#01cbff", "timestamp": "2026-10-09 14:00:00", "generated_at": "2026-10-09T20:31:38.042297", "nearest_km": 42.856145134901091, "n_points": 7, "weight_sum": 0.001211074272825238, "confidence": "Medium", "flagged": false }, "geometry": { "type": "Polygon", "coordinates": [ [ [ -118.501325097808802, 52.926994828201892 ], [ -118.401325097808808, 52.926994828201892 ], [ -118.401325097808808, 53.026994828201893 ], [ -118.501325097808802, 53.026994828201893 ], [ -118.501325097808802, 52.926994828201892 ] ] ] } },
{ "type": "Feature", "properties": { "value": "1", "label": "AQHI 1", "color": "#01cbff", "timestamp": "2026-10-09 14:00:00", "generated_at": "2026-10-09T20:31:38.042297", "nearest_km": 32.181491634218986, "n_points": 10, "weight_sum": 0.0020729810872499397, "confidence": "Medium", "flagged": false }, "geometry": { "type": "Polygon", "coordinates": [ [ [ -118.401325097808808, 52.926994828201892 ], [ -118.301325097808814, 52.926994828201892 ], [ -118.301325097808814, 53.026994828201893 ], [ -118.401325097808808, 53.026994828201893 ], [ -118.401325097808808, 52.926994828201892 ] ] ] } },
{ "type": "Feature", "properties": { "value": "1", "label": "AQHI 1", "color": "#01cbff", "timestamp": "2026-10-09 14:00:00", "generated_at": "2026-10-09T20:31:38.042297", "nearest_km": 21.933254017196784, "n_points": 11, "weight_sum": 0.0040678595104346044, "confidence": "High", "flagged": false }, "geometry": { "type": "Polygon", "coordinates": [ [ [ -118.301325097808814, 52.926994828201892 ], [ -118.201325097808819, 52.926994828201892 ], [ -118.201325097808819, 53.026994828201893 ], [ -118.301325097808814, 53.026994828201893 ], [ -118.301325097808814, 52.926994828201892 ] ] ] } },
{ "type": "Feature", "properties": { "value": "1", "label": "AQHI 1", "color": "#01cbff", "timestamp": "2026-10-09 14:00:00", "generated_at": "2026-10-09T20:31:38.042297", "nearest_km": 13.149405300713159, "n_points": 11, "weight_sum": 0.011429862416889891, "confidence": "High", "flagged": false }, "geometry": { "type": "Polygon", "coordinates": [ [ [ -118.201325097808819, 52.926994828201892 ], [ -118.101325097808825, 52.926994828201892 ], [ -118.101325097808825, 53.026994828201893 ], [ -118.201325097808819, 53.026994828201893 ], [ -118.201325097808819, 52.926994828201892 ] ] ] } },
{ "type": "Feature", "properties": { "value": "2", "label": "AQHI 2", "color": "#0099cb", "timestamp": "2026-10-09 14:00:00", "generated_at": "2026-10-09T20:31:38.042297", "nearest_km": 5.8800286058983593, "n_points": 11, "weight_sum": 0.047142950488861933, "confidence": "High", "flagged": false }, "geometry": { "type": "Polygon", "coordinates": [ [ [ -118.101325097808825, 52.926994828201892 ], [ -118.001325097808831, 52.926994828201892 ], [ -118.001325097808831, 53.026994828201893 ], [ -118.101325097808825, 53.026994828201893 ], [ -118.101325097808825, 52.926994828201892 ] ] ] } },
{ "type": "Feature", "properties": { "value": "2", "label": "AQHI 2", "color": "#0099cb", "timestamp": "2026-10-09 14:00:00", "generated_at": "2026-10-09T20:31:38.042297", "nearest_km": 10.817884607706626, "n_points": 11, "weight_sum": 0.014289708779239864, "confidence": "High", "flagged": false }, "geometry": { "type": "Polygon", "coordinates": [ [ [ -118.001325097808831, 52.926994828201892 ], [ -117.901325097808837, 52.926994828201892 ], [ -117.901325097808837, 53.026994828201893 ], [ -118.001325097808831, 53.026994828201893 ], [ -118.001325097808831, 52.926994828201892 ] ] ] } },
{ "type": "Feature", "properties": { "value": "1", "label": "AQHI 1", "color": "#01cbff", "timestamp": "2026-10-09 14:00:00", "generated_at": "2026-10-09T20:31:38.042297", "nearest_km": 21.11630929791238, "n_points": 11, "weight_sum": 0.0051199243538051194, "confidence": "High", "flagged": false }, "geometry": { "type": "Polygon", "coordinates": [ [ [ -117.901325097808837, 52.926994828201892 ], [ -117.801325097808842, 52.926994828201892 ], [ -117.801325097808842, 53.026994828201893 ], [ -117.901325097808837, 53.026994828201893 ], [ -117.901325097808837, 52.926994828201892 ] ] ] } },
{ "type": "Feature", "properties": { "value": "1", "label": "AQHI 1", "color": "#01cbff", "timestamp": "2026-10-09 14:00:00", "generated_at": "2026-10-09T20:31:38.042297", "nearest_km": 27.964327981117098, "n_points": 11, "weight_sum": 0.0034381509261140336, "confidence": "Medium", "flagged": false }, "geometry": { "type": "Polygon", "coordinates": [ [ [ -117.801325097808842, 52.926994828201892 ], [ -117.701325097808848, 52.926994828201892 ], [ -117.701325097808848, 53.026994828201893 ], [ -117.801325097808842, 53.026994828201893 ], [ -117.801325097808842, 52.926994828201892 ] ] ] } },
{ "type": "Feature", "properties": { "value": "1", "label": "AQHI 1", "color": "#01cbff", "timestamp": "2026-10-09 14:00:00", "generated_at": "2026-10-09T20:31:38.042297", "nearest_km": 22.740958256303646, "n_points": 11, "weight_sum": 0.0031866042297351272, "confidence": "High", "flagged": false }, "geometry": { "type": "Polygon", "coordinates": [ [ [ -117.701325097808848, 52.926994828201892 ], [ -117.601325097808854, 52.926994828201892 ], [ -117.601325097808854, 53.026994828201893 ], [ -117.701325097808848, 53.026994828201893 ], [ -117.701325097808848, 52.926994828201892 ] ] ] } },
{ "type": "Feature", "properties": { "value": "1", "label": "AQHI 1", "color": "#01cbff", "timestamp": "2026-10-09 14:00:00", "generated_at": "2026-10-09T20:31:38.042297", "nearest_km": 22.332011225914545, "n_points": 14, "weight_sum": 0.0031155594488916812, "confidence": "High", "flagged": false }, "geometry": { "type": "Polygon", "coordinates": [ [ [ -117.601325097808854, 52.926994828201892 ], [ -117.501325097808859, 52.926994828201892 ], [ -117.501325097808859, 53.026994828201893 ], [ -117.601325097808854, 53.026994828201893 ], [ -117.601325097808854, 52.926994828201892 ] ] ] } },
{ "type": "Feature", "properties": { "value": "1", "label": "AQHI 1", "color": "#01cbff", "timestamp": "2026-10-09 14:00:00", "generated_at": "2026-10-09T20:31:38.042297", "nearest_km": 26.957490023623741, "n_points": 14, "weight_sum": 0.0027964266653860547, "confidence": "Medium", "flagged": false }, "geometry": { "type": "Polygon", "coordinates": [ [ [ -117.501325097808859, 52.926994828201892 ], [ -117.401325097808865, 52.926994828201892 ], [ -117.401325097808865, 53.026994828201893 ], [ -117.501325097808859, 53.026994828201893 ], [ -117.501325097808859, 52.926994828201892 ] ] ] } },
{ "type": "Feature", "properties": { "value": "1", "label": "AQHI 1", "color": "#01cbff", "timestamp": "2026-10-09 14:00:00", "generated_at": "2026-10-09T20:31:38.042297", "nearest_km": 34.657088904770205, "n_points": 14, "weight_sum": 0.0026574876271554769, "confidence": "Medium", "flagged": false }, "geometry": { "type": "Polygon", "coordinates": [ [ [ -117.401325097808865, 52.926994828201892 ], [ -117.301325097808871, 52.926994828201892 ], [ -117.301325097808871, 53.026994828201893 ], [ -117.401325097808865, 53.026994828201893 ], [ -117.401325097808865, 52.926994828201892 ] ] ] } },
{ "type": "Feature", "properties": { "value": "1", "label": "AQHI 1", "color": "#01cbff", "timestamp": "2026-10-09 14:00:00", "generated_at": "2026-10-09T20:31:38.042297", "nearest_km": 32.631421706693267, "n_points": 14, "weight_sum": 0.0028650683091041404, "confidence": "Medium", "flagged": false }, "geometry": { "type": "Polygon", "coordinates": [ [ [ -117.301325097808871, 52.926994828201892 ], [ -117.201325097808876, 52.926994828201892 ], [ -117.201325097808876, 53.026994828201893 ], [ -117.301325097808871, 53.026994828201893 ], [ -117.301325097808871, 52.926994828201892 ] ] ] } },
{ "type": "Feature", "properties": { "value": "1", "label": "AQHI 1", "color": "#01cbff", "timestamp": "2026-10-09 14:00:00", "generated_at": "2026-10-09T20:31:38.042297", "nearest_km": 25.866411681160233, "n_points": 14, "weight_sum": 0.0034564739102044533, "confidence": "Medium", "flagged": false }, "geometry": { "type": "Polygon", "coordinates": [ [ [ -117.201325097808876, 52.926994828201892 ], [ -117.101325097808882, 52.926994828201892 ], [ -117.101325097808882, 53.026994828201893 ], [ -117.201325097808876, 53.026994828201893 ], [ -117.201325097808876, 52.926994828201892 ] ] ] } },
{ "type": "Feature", "properties": { "value": "1", "label": "AQHI 1", "color": "#01cbff", "timestamp": "2026-10-09 14:00:00", "generated_at": "2026-10-09T20:31:38.042297", "nearest_km": 22.790520512674686, "n_points": 14, "weight_sum": 0.0039140468056114109, "confidence": "High", "flagged": false }, "geometry": { "type": "Polygon", "coordinates": [ [ [ -117.101325097808882, 52.926994828201892 ], [ -117.001325097808888, 52.926994828201892 ], [ -117.001325097808888, 53.026994828201893 ], [ -117.101325097808882, 53.026994828201893 ], [ -117.101325097808882, 52.926994828201892 ] ] ] } },
{ "type": "Feature", "properties": { "value": "1", "label": "AQHI 1", "color": "#01cbff", "timestamp": "2026-10-09 14:00:00", "generated_at": "2026-10-09T20:31:38.042297", "nearest_km": 24.822658947381139, "n_points": 15, "weight_sum": 0.0033434379877874134, "confidence": "High", "flagged": false }, "geometry": { "type": "Polygon", "coordinates": [ [ [ -117.001325097808888, 52.926994828201892 ], [ -116.901325097808893, 52.926994828201892 ], [ -116.901325097808893, 53.026994828201893 ], [ -117.001325097808888, 53.026994828201893 ], [ -117.001325097808888, 52.926994828201892 ] ] ] } },
{ "type": "Feature", "properties": { "value": "1", "label": "AQHI 1", "color": "#01cbff", "timestamp": "2026-10-09 14:00:00", "generated_at": "2026-10-09T20:31:38.042297", "nearest_km": 30.973229879967768, "n_points": 15, "weight_sum": 0.0023737338105190376, "confidence": "Medium", "flagged": false }, "geometry": { "type": "Polygon", "coordinates": [ [ [ -116.901325097808893, 52.926994828201892 ], [ -116.801325097808899, 52.926994828201892 ], [ -116.801325097808899, 53.026994828201893 ], [ -116.901325097808893, 53.026994828201893 ], [ -116.901325097808893, 52.926994828201892 ] ] ] } },
{ "type": "Feature", "properties": { "value": "1", "label": "AQHI 1", "color": "#01cbff", "timestamp": "2026-10-09 14:00:00", "generated_at": "2026-10-09T20:31:38.042297", "nearest_km": 39.356543816456075, "n_points": 15, "weight_sum": 0.0017042467071031369, "confidence": "Medium", "flagged": false }, "geometry": { "type": "Polygon", "coordinates": [ [ [ -116.801325097808899, 52.926994828201892 ], [ -116.701325097808905, 52.926994828201892 ], [ -116.701325097808905, 53.026994828201893 ], [ -116.801325097808899, 53.026994828201893 ], [ -116.801325097808899, 52.926994828201892 ] ] ] } },
{ "type": "Feature", "properties": { "value": "1", "label": "AQHI 1", "color": "#01cbff", "timestamp": "2026-10-09 14:00:00", "generated_at": "2026-10-09T20:31:38.042297", "nearest_km": 48.835991984968402, "n_points": 12, "weight_sum": 0.0012250632347960175, "confidence": "Medium", "flagged": false }, "geometry": { "type": "Polygon", "coordinates": [ [ [ -116.701325097808905, 52.926994828201892 ], [ -116.60132509780891, 52.926994828201892 ], [ -116.60132509780891, 53.026994828201893 ], [ -116.701325097808905, 53.026994828201893 ], [ -116.701325097808905, 52.926994828201892 ] ] ] } },
{ "type": "Feature", "properties": { "value": "1", "label": "AQHI 1", "color": "#01cbff", "timestamp": "2026-10-09 14:00:00", "generated_at": "2026-10-09T20:31:38.042297", "nearest_km": 58.884553875656913, "n_points": 12, "weight_sum": 0.00099456909589566342, "confidence": "Medium", "flagged": false }, "geometry": { "type": "Polygon", "coordinates": [ [ [ -116.60132509780891, 52.926994828201892 ], [ -116.501325097808916, 52.926994828201892 ], [ -116.501325097808916, 53.026994828201893 ], [ -116.60132509780891, 53.026994828201893 ], [ -116.60132509780891, 52.926994828201892 ] ] ] } },
{ "type": "Feature", "properties": { "value": "1", "label": "AQHI 1", "color": "#01cbff", "timestamp": "2026-10-09 14:00:00", "generated_at": "2026-10-09T20:31:38.042297", "nearest_km": 69.254943918209591, "n_points": 12, "weight_sum": 0.0008448026265422215, "confidence": "Medium", "flagged": false }, "geometry": { "type": "Polygon", "coordinates": [ [ [ -116.501325097808916, 52.926994828201892 ], [ -116.401325097808922, 52.926994828201892 ], [ -116.401325097808922, 53.026994828201893 ], [ -116.501325097808916, 53.026994828201893 ], [ -116.501325097808916, 52.926994828201892 ] ] ] } },
{ "type": "Feature", "properties": { "value": "1", "label": "AQHI 1", "color": "#01cbff", "timestamp": "2026-10-09 14:00:00", "generated_at": "2026-10-09T20:31:38.042297", "nearest_km": 72.543675849159527, "n_points": 12, "weight_sum": 0.00073777392974678406, "confidence": "Medium", "flagged": false }, "geometry": { "type": "Polygon", "coordinates": [ [ [ -116.401325097808922, 52.926994828201892 ], [ -116.301325097808927, 52.926994828201892 ], [ -116.301325097808927, 53.026994828201893 ], [ -116.401325097808922, 53.026994828201893 ], [ -116.401325097808922, 52.926994828201892 ] ] ] } },
{ "type": "Feature", "properties": { "value": "1", "label": "AQHI 1", "color": "#01cbff", "timestamp": "2026-10-09 14:00:00", "generated_at": "2026-10-09T20:31:38.042297", "nearest_km": 74.096817405926103, "n_points": 12, "weight_sum": 0.0006553065010094719, "confidence": "Medium", "flagged": false }, "geometry": { "type": "Polygon", "coordinates": [ [ [ -116.301325097808927, 52.926994828201892 ], [ -116.201325097808933, 52.926994828201892 ], [ -116.201325097808933, 53.026994828201893 ], [ -116.301325097808927, 53.026994828201893 ], [ -116.301325097808927, 52.926994828201892 ] ] ] } },
{ "type": "Feature", "properties": { "value": "1", "label": "AQHI 1", "color": "#01cbff", "timestamp": "2026-10-09 14:00:00", "generated_at": "2026-10-09T20:31:38.042297", "nearest_km": 77.230251803722268, "n_points": 10, "weight_sum": 0.00054508569671306035, "confidence": "Low", "flagged": false }, "geometry": { "type": "Polygon", "coordinates": [ [ [ -116.201325097808933, 52.926994828201892 ], [ -116.101325097808939, 52.926994828201892 ], [ -116.101325097808939, 53.026994828201893 ], [ -116.201325097808933, 53.026994828201893 ], [ -116.201325097808933, 52.926994828201892 ] ] ] } },
{ "type": "Feature", "properties": { "value": "1", "label": "AQHI 1", "color": "#01cbff", "timestamp": "2026-10-09 14:00:00", "generated_at": "2026-10-09T20:31:38.042297", "nearest_km": 81.042767167125106, "n_points": 14, "weight_sum": 0.00061059157360375451, "confidence": "Low", "flagged": false }, "geometry": { "type": "Polygon", "coordinates": [ [ [ -116.101325097808939, 52.926994828201892 ], [ -116.001325097808945, 52.926994828201892 ], [ -116.001325097808945, 53.026994828201893 ], [ -116.101325097808939, 53.026994828201893 ], [ -116.101325097808939, 52.926994828201892 ] ] ] } },
{ "type": "Feature", "properties": { "value": "1", "label": "AQHI 1", "color": "#01cbff", "timestamp": "2026-10-09 14:00:00", "generated_at": "2026-10-09T20:31:38.042297", "nearest_km": 78.25357683891572, "n_points": 13, "weight_sum": 0.00058660846862224948, "confidence": "Low", "flagged": false }, "geometry": { "type": "Polygon", "coordinates": [ [ [ -116.001325097808945, 52.926994828201892 ], [ -115.90132509780895, 52.926994828201892 ], [ -115.90132509780895, 53.026994828201893 ], [ -116.001325097808945, 53.026994828201893 ], [ -116.001325097808945, 52.926994828201892 ] ] ] } },
{ "type": "Feature", "properties": { "value": "1", "label": "AQHI 1", "color": "#01cbff", "timestamp": "2026-10-09 14:00:00", "generated_at": "2026-10-09T20:31:38.042297", "nearest_km": 76.978792313619024, "n_points": 13, "weight_sum": 0.00059736564652813863, "confidence": "Low", "flagged": false }, "geometry": { "type": "Polygon", "coordinates": [ [ [ -115.90132509780895, 52.926994828201892 ], [ -115.801325097808956, 52.926994828201892 ], [ -115.801325097808956, 53.026994828201893 ], [ -115.90132509780895, 53.026994828201893 ], [ -115.90132509780895, 52.926994828201892 ] ] ] } },
{ "type": "Feature", "properties": { "value": "1", "label": "AQHI 1", "color": "#01cbff", "timestamp": "2026-10-09 14:00:00", "generated_at": "2026-10-09T20:31:38.042297", "nearest_km": 77.293380337791348, "n_points": 13, "weight_sum": 0.00062193600378146431, "confidence": "Low", "flagged": false }, "geometry": { "type": "Polygon", "coordinates": [ [ [ -115.801325097808956, 52.926994828201892 ], [ -115.701325097808962, 52.926994828201892 ], [ -115.701325097808962, 53.026994828201893 ], [ -115.801325097808956, 53.026994828201893 ], [ -115.801325097808956, 52.926994828201892 ] ] ] } },
{ "type": "Feature", "properties": { "value": "1", "label": "AQHI 1", "color": "#01cbff", "timestamp": "2026-10-09 14:00:00", "generated_at": "2026-10-09T20:31:38.042297", "nearest_km": 79.178398708370082, "n_points": 11, "weight_sum": 0.00060751745757541226, "confidence": "Low", "flagged": false }, "geometry": { "type": "Polygon", "coordinates": [ [ [ -115.701325097808962, 52.926994828201892 ], [ -115.601325097808967, 52.926994828201892 ], [ -115.601325097808967, 53.026994828201893 ], [ -115.701325097808962, 53.026994828201893 ], [ -115.701325097808962, 52.926994828201892 ] ] ] } },
{ "type": "Feature", "properties": { "value": "2", "label": "AQHI 2", "color": "#0099cb", "timestamp": "2026-10-09 14:00:00", "generated_at": "2026-10-09T20:31:38.042297", "nearest_km": 74.910512270923789, "n_points": 14, "weight_sum": 0.00076044497128914914, "confidence": "Medium", "flagged": false }, "geometry": { "type": "Polygon", "coordinates": [ [ [ -115.601325097808967, 52.926994828201892 ], [ -115.501325097808973, 52.926994828201892 ], [ -115.501325097808973, 53.026994828201893 ], [ -115.601325097808967, 53.026994828201893 ], [ -115.601325097808967, 52.926994828201892 ] ] ] } },
{ "type": "Feature", "properties": { "value": "2", "label": "AQHI 2", "color": "#0099cb", "timestamp": "2026-10-09 14:00:00", "generated_at": "2026-10-09T20:31:38.042297", "nearest_km": 64.880026546476017, "n_points": 14, "weight_sum": 0.00088612553012831232, "confidence": "Medium", "flagged": false }, "geometry": { "type": "Polygon", "coordinates": [ [ [ -115.501325097808973, 52.926994828201892 ], [ -115.401325097808979, 52.926994828201892 ], [ -115.401325097808979, 53.026994828201893 ], [ -115.501325097808973, 53.026994828201893 ], [ -115.501325097808973, 52.926994828201892 ] ] ] } },
{ "type": "Feature", "properties": { "value": "2", "label": "AQHI 2", "color": "#0099cb", "timestamp": "2026-10-09 14:00:00", "generated_at": "2026-10-09T20:31:38.042297", "nearest_km": 55.260029321840008, "n_points": 16, "weight_sum": 0.0011404727198140578, "confidence": "Medium", "flagged": false }, "geometry": { "type": "Polygon", "coordinates": [ [ [ -115.401325097808979, 52.926994828201892 ], [ -115.301325097808984, 52.926994828201892 ], [ -115.301325097808984, 53.026994828201893 ], [ -115.401325097808979, 53.026994828201893 ], [ -115.401325097808979, 52.926994828201892 ] ] ] } },
{ "type": "Feature", "properties": { "value": "2", "label": "AQHI 2", "color": "#0099cb", "timestamp": "2026-10-09 14:00:00", "generated_at": "2026-10-09T20:31:38.042297", "nearest_km": 46.307060332413371, "n_points": 17, "weight_sum": 0.0014283124077867034, "confidence": "Medium", "flagged": false }, "geometry": { "type": "Polygon", "coordinates": [ [ [ -115.301325097808984, 52.926994828201892 ], [ -115.20132509780899, 52.926994828201892 ], [ -115.20132509780899, 53.026994828201893 ], [ -115.301325097808984, 53.026994828201893 ], [ -115.301325097808984, 52.926994828201892 ] ] ] } },
{ "type": "Feature", "properties": { "value": "2", "label": "AQHI 2", "color": "#0099cb", "timestamp": "2026-10-09 14:00:00", "generated_at": "2026-10-09T20:31:38.042297", "nearest_km": 38.489437935736333, "n_points": 15, "weight_sum": 0.0017525544591671489, "confidence": "Medium", "flagged": false }, "geometry": { "type": "Polygon", "coordinates": [ [ [ -115.20132509780899, 52.926994828201892 ], [ -115.101325097808996, 52.926994828201892 ], [ -115.101325097808996, 53.026994828201893 ], [ -115.20132509780899, 53.026994828201893 ], [ -115.20132509780899, 52.926994828201892 ] ] ] } },
{ "type": "Feature", "properties": { "value": "2", "label": "AQHI 2", "color": "#0099cb", "timestamp": "2026-10-09 14:00:00", "generated_at": "2026-10-09T20:31:38.042297", "nearest_km": 32.633569044589628, "n_points": 19, "weight_sum": 0.0022824762948285724, "confidence": "Medium", "flagged": false }, "geometry": { "type": "Polygon", "coordinates": [ [ [ -115.101325097808996, 52.926994828201892 ], [ -115.001325097809001, 52.926994828201892 ], [ -115.001325097809001, 53.026994828201893 ], [ -115.101325097808996, 53.026994828201893 ], [ -115.101325097808996, 52.926994828201892 ] ] ] } },
{ "type": "Feature", "properties": { "value": "2", "label": "AQHI 2", "color": "#0099cb", "timestamp": "2026-10-09 14:00:00", "generated_at": "2026-10-09T20:31:38.042297", "nearest_km": 29.914592167821205, "n_points": 21, "weight_sum": 0.0026653645409329741, "confidence": "Medium", "flagged": false }, "geometry": { "type": "Polygon", "coordinates": [ [ [ -115.001325097809001, 52.926994828201892 ], [ -114.901325097809007, 52.926994828201892 ], [ -114.901325097809007, 53.026994828201893 ], [ -115.001325097809001, 53.026994828201893 ], [ -115.001325097809001, 52.926994828201892 ] ] ] } },
{ "type": "Feature", "properties": { "value": "2", "label": "AQHI 2", "color": "#0099cb", "timestamp": "2026-10-09 14:00:00", "generated_at": "2026-10-09T20:31:38.042297", "nearest_km": 31.164656592783324, "n_points": 27, "weight_sum": 0.002893362201773675, "confidence": "Medium", "flagged": false }, "geometry": { "type": "Polygon", "coordinates": [ [ [ -114.901325097809007, 52.926994828201892 ], [ -114.801325097809013, 52.926994828201892 ], [ -114.801325097809013, 53.026994828201893 ], [ -114.901325097809007, 53.026994828201893 ], [ -114.901325097809007, 52.926994828201892 ] ] ] } },
{ "type": "Feature", "properties": { "value": "2", "label": "AQHI 2", "color": "#0099cb", "timestamp": "2026-10-09 14:00:00", "generated_at": "2026-10-09T20:31:38.042297", "nearest_km": 35.972334043332914, "n_points": 37, "weight_sum": 0.0030720813754396155, "confidence": "Medium", "flagged": false }, "geometry": { "type": "Polygon", "coordinates": [ [ [ -114.801325097809013, 52.926994828201892 ], [ -114.701325097809018, 52.926994828201892 ], [ -114.701325097809018, 53.026994828201893 ], [ -114.801325097809013, 53.026994828201893 ], [ -114.801325097809013, 52.926994828201892 ] ] ] } },
{ "type": "Feature", "properties": { "value": "2", "label": "AQHI 2", "color": "#0099cb", "timestamp": "2026-10-09 14:00:00", "generated_at": "2026-10-09T20:31:38.042297", "nearest_km": 31.464586161205016, "n_points": 63, "weight_sum": 0.0038443778067065574, "confidence": "Medium", "flagged": false }, "geometry": { "type": "Polygon", "coordinates": [ [ [ -114.701325097809018, 52.926994828201892 ], [ -114.601325097809024, 52.926994828201892 ], [ -114.601325097809024, 53.026994828201893 ], [ -114.701325097809018, 53.026994828201893 ], [ -114.701325097809018, 52.926994828201892 ] ] ] } },
{ "type": "Feature", "properties": { "value": "2", "label": "AQHI 2", "color": "#0099cb", "timestamp": "2026-10-09 14:00:00", "generated_at": "2026-10-09T20:31:38.042297", "nearest_km": 22.444584096724686, "n_points": 91, "weight_sum": 0.005131631231931672, "confidence": "High", "flagged": false }, "geometry": { "type": "Polygon", "coordinates": [ [ [ -114.601325097809024, 52.926994828201892 ], [ -114.50132509780903, 52.926994828201892 ], [ -114.50132509780903, 53.026994828201893 ], [ -114.601325097809024, 53.026994828201893 ], [ -114.601325097809024, 52.926994828201892 ] ] ] } },
{ "type": "Feature", "properties": { "value": "2", "label": "AQHI 2", "color": "#0099cb", "timestamp": "2026-10-09 14:00:00", "generated_at": "2026-10-09T20:31:38.042297", "nearest_km": 16.245569496141748, "n_points": 96, "weight_sum": 0.0065875520048165959, "confidence": "High", "flagged": false }, "geometry": { "type": "Polygon", "coordinates": [ [ [ -114.50132509780903, 52.926994828201892 ], [ -114.401325097809035, 52.926994828201892 ], [ -114.401325097809035, 53.026994828201893 ], [ -114.50132509780903, 53.026994828201893 ], [ -114.50132509780903, 52.926994828201892 ] ] ] } },
{ "type": "Feature", "properties": { "value": "2", "label": "AQHI 2", "color": "#0099cb", "timestamp": "2026-10-09 14:00:00", "generated_at": "2026-10-09T20:31:38.042297", "nearest_km": 16.446814318674843, "n_points": 102, "weight_sum": 0.0073221706442759549, "confidence": "High", "flagged": false }, "geometry": { "type": "Polygon", "coordinates": [ [ [ -114.401325097809035, 52.926994828201892 ], [ -114.301325097809041, 52.926994828201892 ], [ -114.301325097809041, 53.026994828201893 ], [ -114.401325097809035, 53.026994828201893 ], [ -114.401325097809035, 52.926994828201892 ] ] ] } },
{ "type": "Feature", "properties": { "value": "2", "label": "AQHI 2", "color": "#0099cb", "timestamp": "2026-10-09 14:00:00", "generated_at": "2026-10-09T20:31:38.042297", "nearest_km": 22.880054069252903, "n_points": 108, "weight_sum": 0.0076461950606172349, "confidence": "High", "flagged": false }, "geometry": { "type": "Polygon", "coordinates": [ [ [ -114.301325097809041, 52.926994828201892 ], [ -114.201325097809047, 52.926994828201892 ], [ -114.201325097809047, 53.026994828201893 ], [ -114.301325097809041, 53.026994828201893 ], [ -114.301325097809041, 52.926994828201892 ] ] ] } },
{ "type": "Feature", "properties": { "value": "2", "label": "AQHI 2", "color": "#0099cb", "timestamp": "2026-10-09 14:00:00", "generated_at": "2026-10-09T20:31:38.042297", "nearest_km": 17.98006025905471, "n_points": 109, "weight_sum": 0.0085967363471492718, "confidence": "High", "flagged": false }, "geometry": { "type": "Polygon", "coordinates": [ [ [ -114.201325097809047, 52.926994828201892 ], [ -114.101325097809053, 52.926994828201892 ], [ -114.101325097809053, 53.026994828201893 ], [ -114.201325097809047, 53.026994828201893 ], [ -114.201325097809047, 52.926994828201892 ] ] ] } },
{ "type": "Feature", "properties": { "value": "1", "label": "AQHI 1", "color": "#01cbff", "timestamp": "2026-10-09 14:00:00", "generated_at": "2026-10-09T20:31:38.042297", "nearest_km": 17.469481300203999, "n_points": 110, "weight_sum": 0.0092861528975596973, "confidence": "High", "flagged": false }, "geometry": { "type": "Polygon", "coordinates": [ [ [ -114.101325097809053, 52.926994828201892 ], [ -114.001325097809058, 52.926994828201892 ], [ -114.001325097809058, 53.026994828201893 ], [ -114.101325097809053, 53.026994828201893 ], [ -114.101325097809053, 52.926994828201892 ] ] ] } },
{ "type": "Feature", "properties": { "value": "2", "label": "AQHI 2", "color": "#0099cb", "timestamp": "2026-10-09 14:00:00", "generated_at": "2026-10-09T20:31:38.042297", "nearest_km": 23.097683582495623, "n_points": 110, "weight_sum": 0.0093820001884262778, "confidence": "High", "flagged": false }, "geometry": { "type": "Polygon", "coordinates": [ [ [ -114.001325097809058, 52.926994828201892 ], [ -113.901325097809064, 52.926994828201892 ], [ -113.901325097809064, 53.026994828201893 ], [ -114.001325097809058, 53.026994828201893 ], [ -114.001325097809058, 52.926994828201892 ] ] ] } },
{ "type": "Feature", "properties": { "value": "2", "label": "AQHI 2", "color": "#0099cb", "timestamp": "2026-10-09 14:00:00", "generated_at": "2026-10-09T20:31:38.042297", "nearest_km": 31.752845492269987, "n_points": 114, "weight_sum": 0.010111582456236591, "confidence": "Medium", "flagged": false }, "geometry": { "type": "Polygon", "coordinates": [ [ [ -113.901325097809064, 52.926994828201892 ], [ -113.80132509780907, 52.926994828201892 ], [ -113.80132509780907, 53.026994828201893 ], [ -113.901325097809064, 53.026994828201893 ], [ -113.901325097809064, 52.926994828201892 ] ] ] } },
{ "type": "Feature", "properties": { "value": "2", "label": "AQHI 2", "color": "#0099cb", "timestamp": "2026-10-09 14:00:00", "generated_at": "2026-10-09T20:31:38.042297", "nearest_km": 41.586096316375077, "n_points": 113, "weight_sum": 0.011117700801386476, "confidence": "Medium", "flagged": false }, "geometry": { "type": "Polygon", "coordinates": [ [ [ -113.80132509780907, 52.926994828201892 ], [ -113.701325097809075, 52.926994828201892 ], [ -113.701325097809075, 53.026994828201893 ], [ -113.80132509780907, 53.026994828201893 ], [ -113.80132509780907, 52.926994828201892 ] ] ] } },
{ "type": "Feature", "properties": { "value": "2", "label": "AQHI 2", "color": "#0099cb", "timestamp": "2026-10-09 14:00:00", "generated_at": "2026-10-09T20:31:38.042297", "nearest_km": 35.655404166763255, "n_points": 109, "weight_sum": 0.012299899651936069, "confidence": "Medium", "flagged": false }, "geometry": { "type": "Polygon", "coordinates": [ [ [ -113.701325097809075, 52.926994828201892 ], [ -113.601325097809081, 52.926994828201892 ], [ -113.601325097809081, 53.026994828201893 ], [ -113.701325097809075, 53.026994828201893 ], [ -113.701325097809075, 52.926994828201892 ] ] ] } },
{ "type": "Feature", "properties": { "value": "1", "label": "AQHI 1", "color": "#01cbff", "timestamp": "2026-10-09 14:00:00", "generated_at": "2026-10-09T20:31:38.042297", "nearest_km": 77.892441168189436, "n_points": 7, "weight_sum": 0.00046044696377215826, "confidence": "Low", "flagged": false }, "geometry": { "type": "Polygon", "coordinates": [ [ [ -118.801325097808785, 53.026994828201893 ], [ -118.701325097808791, 53.026994828201893 ], [ -118.701325097808791, 53.126994828201894 ], [ -118.801325097808785, 53.126994828201894 ], [ -118.801325097808785, 53.026994828201893 ] ] ] } },
{ "type": "Feature", "properties": { "value": "1", "label": "AQHI 1", "color": "#01cbff", "timestamp": "2026-10-09 14:00:00", "generated_at": "2026-10-09T20:31:38.042297", "nearest_km": 67.282773568867796, "n_points": 7, "weight_sum": 0.00058982906242497962, "confidence": "Medium", "flagged": false }, "geometry": { "type": "Polygon", "coordinates": [ [ [ -118.701325097808791, 53.026994828201893 ], [ -118.601325097808797, 53.026994828201893 ], [ -118.601325097808797, 53.126994828201894 ], [ -118.701325097808791, 53.126994828201894 ], [ -118.701325097808791, 53.026994828201893 ] ] ] } },
{ "type": "Feature", "properties": { "value": "1", "label": "AQHI 1", "color": "#01cbff", "timestamp": "2026-10-09 14:00:00", "generated_at": "2026-10-09T20:31:38.042297", "nearest_km": 56.860626509907469, "n_points": 7, "weight_sum": 0.00078603251468456275, "confidence": "Medium", "flagged": false }, "geometry": { "type": "Polygon", "coordinates": [ [ [ -118.601325097808797, 53.026994828201893 ], [ -118.501325097808802, 53.026994828201893 ], [ -118.501325097808802, 53.126994828201894 ], [ -118.601325097808797, 53.126994828201894 ], [ -118.601325097808797, 53.026994828201893 ] ] ] } },
{ "type": "Feature", "properties": { "value": "1", "label": "AQHI 1", "color": "#01cbff", "timestamp": "2026-10-09 14:00:00", "generated_at": "2026-10-09T20:31:38.042297", "nearest_km": 46.751578316446398, "n_points": 7, "weight_sum": 0.0011047705579817655, "confidence": "Medium", "flagged": false }, "geometry": { "type": "Polygon", "coordinates": [ [ [ -118.501325097808802, 53.026994828201893 ], [ -118.401325097808808, 53.026994828201893 ], [ -118.401325097808808, 53.126994828201894 ], [ -118.501325097808802, 53.126994828201894 ], [ -118.501325097808802, 53.026994828201893 ] ] ] } },
{ "type": "Feature", "properties": { "value": "1", "label": "AQHI 1", "color": "#01cbff", "timestamp": "2026-10-09 14:00:00", "generated_at": "2026-10-09T20:31:38.042297", "nearest_km": 37.211682346521528, "n_points": 9, "weight_sum": 0.0017390198172356809, "confidence": "Medium", "flagged": false }, "geometry": { "type": "Polygon", "coordinates": [ [ [ -118.401325097808808, 53.026994828201893 ], [ -118.301325097808814, 53.026994828201893 ], [ -118.301325097808814, 53.126994828201894 ], [ -118.401325097808808, 53.126994828201894 ], [ -118.401325097808808, 53.026994828201893 ] ] ] } },
{ "type": "Feature", "properties": { "value": "1", "label": "AQHI 1", "color": "#01cbff", "timestamp": "2026-10-09 14:00:00", "generated_at": "2026-10-09T20:31:38.042297", "nearest_km": 28.811951184152626, "n_points": 11, "weight_sum": 0.0028854756533873253, "confidence": "Medium", "flagged": false }, "geometry": { "type": "Polygon", "coordinates": [ [ [ -118.301325097808814, 53.026994828201893 ], [ -118.201325097808819, 53.026994828201893 ], [ -118.201325097808819, 53.126994828201894 ], [ -118.301325097808814, 53.126994828201894 ], [ -118.301325097808814, 53.026994828201893 ] ] ] } },
{ "type": "Feature", "properties": { "value": "1", "label": "AQHI 1", "color": "#01cbff", "timestamp": "2026-10-09 14:00:00", "generated_at": "2026-10-09T20:31:38.042297", "nearest_km": 20.951320445568989, "n_points": 11, "weight_sum": 0.0049737143496014794, "confidence": "High", "flagged": false }, "geometry": { "type": "Polygon", "coordinates": [ [ [ -118.201325097808819, 53.026994828201893 ], [ -118.101325097808825, 53.026994828201893 ], [ -118.101325097808825, 53.126994828201894 ], [ -118.201325097808819, 53.126994828201894 ], [ -118.201325097808819, 53.026994828201893 ] ] ] } },
{ "type": "Feature", "properties": { "value": "1", "label": "AQHI 1", "color": "#01cbff", "timestamp": "2026-10-09 14:00:00", "generated_at": "2026-10-09T20:31:38.042297", "nearest_km": 16.786756031505806, "n_points": 11, "weight_sum": 0.0070682124464906456, "confidence": "High", "flagged": false }, "geometry": { "type": "Polygon", "coordinates": [ [ [ -118.101325097808825, 53.026994828201893 ], [ -118.001325097808831, 53.026994828201893 ], [ -118.001325097808831, 53.126994828201894 ], [ -118.101325097808825, 53.126994828201894 ], [ -118.101325097808825, 53.026994828201893 ] ] ] } },
{ "type": "Feature", "properties": { "value": "1", "label": "AQHI 1", "color": "#01cbff", "timestamp": "2026-10-09 14:00:00", "generated_at": "2026-10-09T20:31:38.042297", "nearest_km": 19.085257898199053, "n_points": 11, "weight_sum": 0.0057053491034804015, "confidence": "High", "flagged": false }, "geometry": { "type": "Polygon", "coordinates": [ [ [ -118.001325097808831, 53.026994828201893 ], [ -117.901325097808837, 53.026994828201893 ], [ -117.901325097808837, 53.126994828201894 ], [ -118.001325097808831, 53.126994828201894 ], [ -118.001325097808831, 53.026994828201893 ] ] ] } },
{ "type": "Feature", "properties": { "value": "1", "label": "AQHI 1", "color": "#01cbff", "timestamp": "2026-10-09 14:00:00", "generated_at": "2026-10-09T20:31:38.042297", "nearest_km": 26.327152523966852, "n_points": 11, "weight_sum": 0.0038381210509189968, "confidence": "Medium", "flagged": false }, "geometry": { "type": "Polygon", "coordinates": [ [ [ -117.901325097808837, 53.026994828201893 ], [ -117.801325097808842, 53.026994828201893 ], [ -117.801325097808842, 53.126994828201894 ], [ -117.901325097808837, 53.126994828201894 ], [ -117.901325097808837, 53.026994828201893 ] ] ] } },
{ "type": "Feature", "properties": { "value": "1", "label": "AQHI 1", "color": "#01cbff", "timestamp": "2026-10-09 14:00:00", "generated_at": "2026-10-09T20:31:38.042297", "nearest_km": 35.614756085078426, "n_points": 11, "weight_sum": 0.0031035774694465829, "confidence": "Medium", "flagged": false }, "geometry": { "type": "Polygon", "coordinates": [ [ [ -117.801325097808842, 53.026994828201893 ], [ -117.701325097808848, 53.026994828201893 ], [ -117.701325097808848, 53.126994828201894 ], [ -117.801325097808842, 53.126994828201894 ], [ -117.801325097808842, 53.026994828201893 ] ] ] } },
{ "type": "Feature", "properties": { "value": "1", "label": "AQHI 1", "color": "#01cbff", "timestamp": "2026-10-09 14:00:00", "generated_at": "2026-10-09T20:31:38.042297", "nearest_km": 33.54002635762312, "n_points": 11, "weight_sum": 0.0029586968671303018, "confidence": "Medium", "flagged": false }, "geometry": { "type": "Polygon", "coordinates": [ [ [ -117.701325097808848, 53.026994828201893 ], [ -117.601325097808854, 53.026994828201893 ], [ -117.601325097808854, 53.126994828201894 ], [ -117.701325097808848, 53.126994828201894 ], [ -117.701325097808848, 53.026994828201893 ] ] ] } },
{ "type": "Feature", "properties": { "value": "1", "label": "AQHI 1", "color": "#01cbff", "timestamp": "2026-10-09 14:00:00", "generated_at": "2026-10-09T20:31:38.042297", "nearest_km": 33.264108451144182, "n_points": 13, "weight_sum": 0.0030078241956449838, "confidence": "Medium", "flagged": false }, "geometry": { "type": "Polygon", "coordinates": [ [ [ -117.601325097808854, 53.026994828201893 ], [ -117.501325097808859, 53.026994828201893 ], [ -117.501325097808859, 53.126994828201894 ], [ -117.601325097808854, 53.126994828201894 ], [ -117.601325097808854, 53.026994828201893 ] ] ] } },
{ "type": "Feature", "properties": { "value": "1", "label": "AQHI 1", "color": "#01cbff", "timestamp": "2026-10-09 14:00:00", "generated_at": "2026-10-09T20:31:38.042297", "nearest_km": 36.530650884276369, "n_points": 14, "weight_sum": 0.0030101893340908222, "confidence": "Medium", "flagged": false }, "geometry": { "type": "Polygon", "coordinates": [ [ [ -117.501325097808859, 53.026994828201893 ], [ -117.401325097808865, 53.026994828201893 ], [ -117.401325097808865, 53.126994828201894 ], [ -117.501325097808859, 53.126994828201894 ], [ -117.501325097808859, 53.026994828201893 ] ] ] } },
{ "type": "Feature", "properties": { "value": "1", "label": "AQHI 1", "color": "#01cbff", "timestamp": "2026-10-09 14:00:00", "generated_at": "2026-10-09T20:31:38.042297", "nearest_km": 36.370776979269088, "n_points": 14, "weight_sum": 0.003109494084983901, "confidence": "Medium", "flagged": false }, "geometry": { "type": "Polygon", "coordinates": [ [ [ -117.401325097808865, 53.026994828201893 ], [ -117.301325097808871, 53.026994828201893 ], [ -117.301325097808871, 53.126994828201894 ], [ -117.401325097808865, 53.126994828201894 ], [ -117.401325097808865, 53.026994828201893 ] ] ] } },
{ "type": "Feature", "properties": { "value": "1", "label": "AQHI 1", "color": "#01cbff", "timestamp": "2026-10-09 14:00:00", "generated_at": "2026-10-09T20:31:38.042297", "nearest_km": 26.107735218803441, "n_points": 14, "weight_sum": 0.0038172298385547761, "confidence": "Medium", "flagged": false }, "geometry": { "type": "Polygon", "coordinates": [ [ [ -117.301325097808871, 53.026994828201893 ], [ -117.201325097808876, 53.026994828201893 ], [ -117.201325097808876, 53.126994828201894 ], [ -117.301325097808871, 53.126994828201894 ], [ -117.301325097808871, 53.026994828201893 ] ] ] } },
{ "type": "Feature", "properties": { "value": "1", "label": "AQHI 1", "color": "#01cbff", "timestamp": "2026-10-09 14:00:00", "generated_at": "2026-10-09T20:31:38.042297", "nearest_km": 16.935591469876123, "n_points": 14, "weight_sum": 0.0065495240613624777, "confidence": "High", "flagged": false }, "geometry": { "type": "Polygon", "coordinates": [ [ [ -117.201325097808876, 53.026994828201893 ], [ -117.101325097808882, 53.026994828201893 ], [ -117.101325097808882, 53.126994828201894 ], [ -117.201325097808876, 53.126994828201894 ], [ -117.201325097808876, 53.026994828201893 ] ] ] } },
{ "type": "Feature", "properties": { "value": "1", "label": "AQHI 1", "color": "#01cbff", "timestamp": "2026-10-09 14:00:00", "generated_at": "2026-10-09T20:31:38.042297", "nearest_km": 11.720080976416073, "n_points": 14, "weight_sum": 0.011960516005441348, "confidence": "High", "flagged": false }, "geometry": { "type": "Polygon", "coordinates": [ [ [ -117.101325097808882, 53.026994828201893 ], [ -117.001325097808888, 53.026994828201893 ], [ -117.001325097808888, 53.126994828201894 ], [ -117.101325097808882, 53.126994828201894 ], [ -117.101325097808882, 53.026994828201893 ] ] ] } },
{ "type": "Feature", "properties": { "value": "1", "label": "AQHI 1", "color": "#01cbff", "timestamp": "2026-10-09 14:00:00", "generated_at": "2026-10-09T20:31:38.042297", "nearest_km": 15.300878081767237, "n_points": 15, "weight_sum": 0.0073246673086508488, "confidence": "High", "flagged": false }, "geometry": { "type": "Polygon", "coordinates": [ [ [ -117.001325097808888, 53.026994828201893 ], [ -116.901325097808893, 53.026994828201893 ], [ -116.901325097808893, 53.126994828201894 ], [ -117.001325097808888, 53.126994828201894 ], [ -117.001325097808888, 53.026994828201893 ] ] ] } },
{ "type": "Feature", "properties": { "value": "1", "label": "AQHI 1", "color": "#01cbff", "timestamp": "2026-10-09 14:00:00", "generated_at": "2026-10-09T20:31:38.042297", "nearest_km": 24.026931598779569, "n_points": 15, "weight_sum": 0.0034379828726535961, "confidence": "High", "flagged": false }, "geometry": { "type": "Polygon", "coordinates": [ [ [ -116.901325097808893, 53.026994828201893 ], [ -116.801325097808899, 53.026994828201893 ], [ -116.801325097808899, 53.126994828201894 ], [ -116.901325097808893, 53.126994828201894 ], [ -116.901325097808893, 53.026994828201893 ] ] ] } },
{ "type": "Feature", "properties": { "value": "1", "label": "AQHI 1", "color": "#01cbff", "timestamp": "2026-10-09 14:00:00", "generated_at": "2026-10-09T20:31:38.042297", "nearest_km": 34.159771867384173, "n_points": 15, "weight_sum": 0.0020588488809405742, "confidence": "Medium", "flagged": false }, "geometry": { "type": "Polygon", "coordinates": [ [ [ -116.801325097808899, 53.026994828201893 ], [ -116.701325097808905, 53.026994828201893 ], [ -116.701325097808905, 53.126994828201894 ], [ -116.801325097808899, 53.126994828201894 ], [ -116.801325097808899, 53.026994828201893 ] ] ] } },
{ "type": "Feature", "properties": { "value": "1", "label": "AQHI 1", "color": "#01cbff", "timestamp": "2026-10-09 14:00:00", "generated_at": "2026-10-09T20:31:38.042297", "nearest_km": 44.753844371305156, "n_points": 12, "weight_sum": 0.0013941779566836727, "confidence": "Medium", "flagged": false }, "geometry": { "type": "Polygon", "coordinates": [ [ [ -116.701325097808905, 53.026994828201893 ], [ -116.60132509780891, 53.026994828201893 ], [ -116.60132509780891, 53.126994828201894 ], [ -116.701325097808905, 53.126994828201894 ], [ -116.701325097808905, 53.026994828201893 ] ] ] } },
{ "type": "Feature", "properties": { "value": "1", "label": "AQHI 1", "color": "#01cbff", "timestamp": "2026-10-09 14:00:00", "generated_at": "2026-10-09T20:31:38.042297", "nearest_km": 55.545865354590042, "n_points": 12, "weight_sum": 0.0011095831392367896, "confidence": "Medium", "flagged": false }, "geometry": { "type": "Polygon", "coordinates": [ [ [ -116.60132509780891, 53.026994828201893 ], [ -116.501325097808916, 53.026994828201893 ], [ -116.501325097808916, 53.126994828201894 ], [ -116.60132509780891, 53.126994828201894 ], [ -116.60132509780891, 53.026994828201893 ] ] ] } },
{ "type": "Feature", "properties": { "value": "1", "label": "AQHI 1", "color": "#01cbff", "timestamp": "2026-10-09 14:00:00", "generated_at": "2026-10-09T20:31:38.042297", "nearest_km": 61.622955566767175, "n_points": 12, "weight_sum": 0.00094361032545677156, "confidence": "Medium", "flagged": false }, "geometry": { "type": "Polygon", "coordinates": [ [ [ -116.501325097808916, 53.026994828201893 ], [ -116.401325097808922, 53.026994828201893 ], [ -116.401325097808922, 53.126994828201894 ], [ -116.501325097808916, 53.126994828201894 ], [ -116.501325097808916, 53.026994828201893 ] ] ] } },
{ "type": "Feature", "properties": { "value": "1", "label": "AQHI 1", "color": "#01cbff", "timestamp": "2026-10-09 14:00:00", "generated_at": "2026-10-09T20:31:38.042297", "nearest_km": 61.47131116840611, "n_points": 12, "weight_sum": 0.00082919839276591502, "confidence": "Medium", "flagged": false }, "geometry": { "type": "Polygon", "coordinates": [ [ [ -116.401325097808922, 53.026994828201893 ], [ -116.301325097808927, 53.026994828201893 ], [ -116.301325097808927, 53.126994828201894 ], [ -116.401325097808922, 53.126994828201894 ], [ -116.401325097808922, 53.026994828201893 ] ] ] } },
{ "type": "Feature", "properties": { "value": "1", "label": "AQHI 1", "color": "#01cbff", "timestamp": "2026-10-09 14:00:00", "generated_at": "2026-10-09T20:31:38.042297", "nearest_km": 63.29672614553008, "n_points": 13, "weight_sum": 0.00078485637063418058, "confidence": "Medium", "flagged": false }, "geometry": { "type": "Polygon", "coordinates": [ [ [ -116.301325097808927, 53.026994828201893 ], [ -116.201325097808933, 53.026994828201893 ], [ -116.201325097808933, 53.126994828201894 ], [ -116.301325097808927, 53.126994828201894 ], [ -116.301325097808927, 53.026994828201893 ] ] ] } },
{ "type": "Feature", "properties": { "value": "1", "label": "AQHI 1", "color": "#01cbff", "timestamp": "2026-10-09 14:00:00", "generated_at": "2026-10-09T20:31:38.042297", "nearest_km": 66.937649979076994, "n_points": 13, "weight_sum": 0.00068682276783292562, "confidence": "Medium", "flagged": false }, "geometry": { "type": "Polygon", "coordinates": [ [ [ -116.201325097808933, 53.026994828201893 ], [ -116.101325097808939, 53.026994828201893 ], [ -116.101325097808939, 53.126994828201894 ], [ -116.201325097808933, 53.126994828201894 ], [ -116.201325097808933, 53.026994828201893 ] ] ] } },
{ "type": "Feature", "properties": { "value": "1", "label": "AQHI 1", "color": "#01cbff", "timestamp": "2026-10-09 14:00:00", "generated_at": "2026-10-09T20:31:38.042297", "nearest_km": 70.596340972885599, "n_points": 13, "weight_sum": 0.00066361984731877868, "confidence": "Medium", "flagged": false }, "geometry": { "type": "Polygon", "coordinates": [ [ [ -116.101325097808939, 53.026994828201893 ], [ -116.001325097808945, 53.026994828201893 ], [ -116.001325097808945, 53.126994828201894 ], [ -116.101325097808939, 53.126994828201894 ], [ -116.101325097808939, 53.026994828201893 ] ] ] } },
{ "type": "Feature", "properties": { "value": "1", "label": "AQHI 1", "color": "#01cbff", "timestamp": "2026-10-09 14:00:00", "generated_at": "2026-10-09T20:31:38.042297", "nearest_km": 67.376075403210905, "n_points": 13, "weight_sum": 0.00065885415396115291, "confidence": "Medium", "flagged": false }, "geometry": { "type": "Polygon", "coordinates": [ [ [ -116.001325097808945, 53.026994828201893 ], [ -115.90132509780895, 53.026994828201893 ], [ -115.90132509780895, 53.126994828201894 ], [ -116.001325097808945, 53.126994828201894 ], [ -116.001325097808945, 53.026994828201893 ] ] ] } },
{ "type": "Feature", "properties": { "value": "1", "label": "AQHI 1", "color": "#01cbff", "timestamp": "2026-10-09 14:00:00", "generated_at": "2026-10-09T20:31:38.042297", "nearest_km": 65.891180856912612, "n_points": 13, "weight_sum": 0.00066807034868777656, "confidence": "Medium", "flagged": false }, "geometry": { "type": "Polygon", "coordinates": [ [ [ -115.90132509780895, 53.026994828201893 ], [ -115.801325097808956, 53.026994828201893 ], [ -115.801325097808956, 53.126994828201894 ], [ -115.90132509780895, 53.126994828201894 ], [ -115.90132509780895, 53.026994828201893 ] ] ] } },
{ "type": "Feature", "properties": { "value": "1", "label": "AQHI 1", "color": "#01cbff", "timestamp": "2026-10-09 14:00:00", "generated_at": "2026-10-09T20:31:38.042297", "nearest_km": 66.258432615762558, "n_points": 13, "weight_sum": 0.00069485962347724058, "confidence": "Medium", "flagged": false }, "geometry": { "type": "Polygon", "coordinates": [ [ [ -115.801325097808956, 53.026994828201893 ], [ -115.701325097808962, 53.026994828201893 ], [ -115.701325097808962, 53.126994828201894 ], [ -115.801325097808956, 53.126994828201894 ], [ -115.801325097808956, 53.026994828201893 ] ] ] } },
{ "type": "Feature", "properties": { "value": "2", "label": "AQHI 2", "color": "#0099cb", "timestamp": "2026-10-09 14:00:00", "generated_at": "2026-10-09T20:31:38.042297", "nearest_km": 68.448024592947149, "n_points": 12, "weight_sum": 0.00070876464532717664, "confidence": "Medium", "flagged": false }, "geometry": { "type": "Polygon", "coordinates": [ [ [ -115.701325097808962, 53.026994828201893 ], [ -115.601325097808967, 53.026994828201893 ], [ -115.601325097808967, 53.126994828201894 ], [ -115.701325097808962, 53.126994828201894 ], [ -115.701325097808962, 53.026994828201893 ] ] ] } },
{ "type": "Feature", "properties": { "value": "2", "label": "AQHI 2", "color": "#0099cb", "timestamp": "2026-10-09 14:00:00", "generated_at": "2026-10-09T20:31:38.042297", "nearest_km": 71.220404404547679, "n_points": 14, "weight_sum": 0.00085519542511772336, "confidence": "Medium", "flagged": false }, "geometry": { "type": "Polygon", "coordinates": [ [ [ -115.601325097808967, 53.026994828201893 ], [ -115.501325097808973, 53.026994828201893 ], [ -115.501325097808973, 53.126994828201894 ], [ -115.601325097808967, 53.126994828201894 ], [ -115.601325097808967, 53.026994828201893 ] ] ] } },
{ "type": "Feature", "properties": { "value": "2", "label": "AQHI 2", "color": "#0099cb", "timestamp": "2026-10-09 14:00:00", "generated_at": "2026-10-09T20:31:38.042297", "nearest_km": 60.582002273996565, "n_points": 15, "weight_sum": 0.0010562453245104198, "confidence": "Medium", "flagged": false }, "geometry": { "type": "Polygon", "coordinates": [ [ [ -115.501325097808973, 53.026994828201893 ], [ -115.401325097808979, 53.026994828201893 ], [ -115.401325097808979, 53.126994828201894 ], [ -115.501325097808973, 53.126994828201894 ], [ -115.501325097808973, 53.026994828201893 ] ] ] } },
{ "type": "Feature", "properties": { "value": "2", "label": "AQHI 2", "color": "#0099cb", "timestamp": "2026-10-09 14:00:00", "generated_at": "2026-10-09T20:31:38.042297", "nearest_km": 50.14411227158886, "n_points": 16, "weight_sum": 0.00133033686874135, "confidence": "Medium", "flagged": false }, "geometry": { "type": "Polygon", "coordinates": [ [ [ -115.401325097808979, 53.026994828201893 ], [ -115.301325097808984, 53.026994828201893 ], [ -115.301325097808984, 53.126994828201894 ], [ -115.401325097808979, 53.126994828201894 ], [ -115.401325097808979, 53.026994828201893 ] ] ] } },
{ "type": "Feature", "properties": { "value": "2", "label": "AQHI 2", "color": "#0099cb", "timestamp": "2026-10-09 14:00:00", "generated_at": "2026-10-09T20:31:38.042297", "nearest_km": 40.063761574331281, "n_points": 17, "weight_sum": 0.0017603845554122865, "confidence": "Medium", "flagged": false }, "geometry": { "type": "Polygon", "coordinates": [ [ [ -115.301325097808984, 53.026994828201893 ], [ -115.20132509780899, 53.026994828201893 ], [ -115.20132509780899, 53.126994828201894 ], [ -115.301325097808984, 53.126994828201894 ], [ -115.301325097808984, 53.026994828201893 ] ] ] } },
{ "type": "Feature", "properties": { "value": "2", "label": "AQHI 2", "color": "#0099cb", "timestamp": "2026-10-09 14:00:00", "generated_at": "2026-10-09T20:31:38.042297", "nearest_km": 30.695243727066096, "n_points": 17, "weight_sum": 0.0024594209600817029, "confidence": "Medium", "flagged": false }, "geometry": { "type": "Polygon", "coordinates": [ [ [ -115.20132509780899, 53.026994828201893 ], [ -115.101325097808996, 53.026994828201893 ], [ -115.101325097808996, 53.126994828201894 ], [ -115.20132509780899, 53.126994828201894 ], [ -115.20132509780899, 53.026994828201893 ] ] ] } },
{ "type": "Feature", "properties": { "value": "2", "label": "AQHI 2", "color": "#0099cb", "timestamp": "2026-10-09 14:00:00", "generated_at": "2026-10-09T20:31:38.042297", "nearest_km": 22.928388156237446, "n_points": 22, "weight_sum": 0.0037536644561163833, "confidence": "High", "flagged": false }, "geometry": { "type": "Polygon", "coordinates": [ [ [ -115.101325097808996, 53.026994828201893 ], [ -115.001325097809001, 53.026994828201893 ], [ -115.001325097809001, 53.126994828201894 ], [ -115.101325097808996, 53.126994828201894 ], [ -115.101325097808996, 53.026994828201893 ] ] ] } },
{ "type": "Feature", "properties": { "value": "2", "label": "AQHI 2", "color": "#0099cb", "timestamp": "2026-10-09 14:00:00", "generated_at": "2026-10-09T20:31:38.042297", "nearest_km": 18.858525377721364, "n_points": 24, "weight_sum": 0.0049967506417833724, "confidence": "High", "flagged": false }, "geometry": { "type": "Polygon", "coordinates": [ [ [ -115.001325097809001, 53.026994828201893 ], [ -114.901325097809007, 53.026994828201893 ], [ -114.901325097809007, 53.126994828201894 ], [ -115.001325097809001, 53.126994828201894 ], [ -115.001325097809001, 53.026994828201893 ] ] ] } },
{ "type": "Feature", "properties": { "value": "2", "label": "AQHI 2", "color": "#0099cb", "timestamp": "2026-10-09 14:00:00", "generated_at": "2026-10-09T20:31:38.042297", "nearest_km": 20.78453693016046, "n_points": 30, "weight_sum": 0.0047725282754539546, "confidence": "High", "flagged": false }, "geometry": { "type": "Polygon", "coordinates": [ [ [ -114.901325097809007, 53.026994828201893 ], [ -114.801325097809013, 53.026994828201893 ], [ -114.801325097809013, 53.126994828201894 ], [ -114.901325097809007, 53.126994828201894 ], [ -114.901325097809007, 53.026994828201893 ] ] ] } },
{ "type": "Feature", "properties": { "value": "2", "label": "AQHI 2", "color": "#0099cb", "timestamp": "2026-10-09 14:00:00", "generated_at": "2026-10-09T20:31:38.042297", "nearest_km": 27.473077209883481, "n_points": 48, "weight_sum": 0.0043474631666684128, "confidence": "Medium", "flagged": false }, "geometry": { "type": "Polygon", "coordinates": [ [ [ -114.801325097809013, 53.026994828201893 ], [ -114.701325097809018, 53.026994828201893 ], [ -114.701325097809018, 53.126994828201894 ], [ -114.801325097809013, 53.126994828201894 ], [ -114.801325097809013, 53.026994828201893 ] ] ] } },
{ "type": "Feature", "properties": { "value": "2", "label": "AQHI 2", "color": "#0099cb", "timestamp": "2026-10-09 14:00:00", "generated_at": "2026-10-09T20:31:38.042297", "nearest_km": 27.784128068935338, "n_points": 77, "weight_sum": 0.0049173872192254959, "confidence": "Medium", "flagged": false }, "geometry": { "type": "Polygon", "coordinates": [ [ [ -114.701325097809018, 53.026994828201893 ], [ -114.601325097809024, 53.026994828201893 ], [ -114.601325097809024, 53.126994828201894 ], [ -114.701325097809018, 53.126994828201894 ], [ -114.701325097809018, 53.026994828201893 ] ] ] } },
{ "type": "Feature", "properties": { "value": "2", "label": "AQHI 2", "color": "#0099cb", "timestamp": "2026-10-09 14:00:00", "generated_at": "2026-10-09T20:31:38.042297", "nearest_km": 16.902572157220717, "n_points": 96, "weight_sum": 0.0065954419122244787, "confidence": "High", "flagged": false }, "geometry": { "type": "Polygon", "coordinates": [ [ [ -114.601325097809024, 53.026994828201893 ], [ -114.50132509780903, 53.026994828201893 ], [ -114.50132509780903, 53.126994828201894 ], [ -114.601325097809024, 53.126994828201894 ], [ -114.601325097809024, 53.026994828201893 ] ] ] } },
{ "type": "Feature", "properties": { "value": "2", "label": "AQHI 2", "color": "#0099cb", "timestamp": "2026-10-09 14:00:00", "generated_at": "2026-10-09T20:31:38.042297", "nearest_km": 6.7717145915253658, "n_points": 104, "weight_sum": 0.016455320981623545, "confidence": "High", "flagged": false }, "geometry": { "type": "Polygon", "coordinates": [ [ [ -114.50132509780903, 53.026994828201893 ], [ -114.401325097809035, 53.026994828201893 ], [ -114.401325097809035, 53.126994828201894 ], [ -114.50132509780903, 53.126994828201894 ], [ -114.50132509780903, 53.026994828201893 ] ] ] } },
{ "type": "Feature", "properties": { "value": "2", "label": "AQHI 2", "color": "#0099cb", "timestamp": "2026-10-09 14:00:00", "generated_at": "2026-10-09T20:31:38.042297", "nearest_km": 7.2412216847762734, "n_points": 108, "weight_sum": 0.016175396404545381, "confidence": "High", "flagged": false }, "geometry": { "type": "Polygon", "coordinates": [ [ [ -114.401325097809035, 53.026994828201893 ], [ -114.301325097809041, 53.026994828201893 ], [ -114.301325097809041, 53.126994828201894 ], [ -114.401325097809035, 53.126994828201894 ], [ -114.401325097809035, 53.026994828201893 ] ] ] } },
{ "type": "Feature", "properties": { "value": "2", "label": "AQHI 2", "color": "#0099cb", "timestamp": "2026-10-09 14:00:00", "generated_at": "2026-10-09T20:31:38.042297", "nearest_km": 17.476683451588936, "n_points": 109, "weight_sum": 0.010087293019383065, "confidence": "High", "flagged": false }, "geometry": { "type": "Polygon", "coordinates": [ [ [ -114.301325097809041, 53.026994828201893 ], [ -114.201325097809047, 53.026994828201893 ], [ -114.201325097809047, 53.126994828201894 ], [ -114.301325097809041, 53.126994828201894 ], [ -114.301325097809041, 53.026994828201893 ] ] ] } },
{ "type": "Feature", "properties": { "value": "1", "label": "AQHI 1", "color": "#01cbff", "timestamp": "2026-10-09 14:00:00", "generated_at": "2026-10-09T20:31:38.042297", "nearest_km": 8.5548557658403297, "n_points": 111, "weight_sum": 0.015423453695634626, "confidence": "High", "flagged": false }, "geometry": { "type": "Polygon", "coordinates": [ [ [ -114.201325097809047, 53.026994828201893 ], [ -114.101325097809053, 53.026994828201893 ], [ -114.101325097809053, 53.126994828201894 ], [ -114.201325097809047, 53.126994828201894 ], [ -114.201325097809047, 53.026994828201893 ] ] ] } },
{ "type": "Feature", "properties": { "value": "1", "label": "AQHI 1", "color": "#01cbff", "timestamp": "2026-10-09 14:00:00", "generated_at": "2026-10-09T20:31:38.042297", "nearest_km": 7.4219786548648976, "n_points": 111, "weight_sum": 0.018333230444466053, "confidence": "High", "flagged": false }, "geometry": { "type": "Polygon", "coordinates": [ [ [ -114.101325097809053, 53.026994828201893 ], [ -114.001325097809058, 53.026994828201893 ], [ -114.001325097809058, 53.126994828201894 ], [ -114.101325097809053, 53.126994828201894 ], [ -114.101325097809053, 53.026994828201893 ] ] ] } },
{ "type": "Feature", "properties": { "value": "2", "label": "AQHI 2", "color": "#0099cb", "timestamp": "2026-10-09 14:00:00", "generated_at": "2026-10-09T20:31:38.042297", "nearest_km": 16.834665934677194, "n_points": 115, "weight_sum": 0.012203108815041372, "confidence": "High", "flagged": false }, "geometry": { "type": "Polygon", "coordinates": [ [ [ -114.001325097809058, 53.026994828201893 ], [ -113.901325097809064, 53.026994828201893 ], [ -113.901325097809064, 53.126994828201894 ], [ -114.001325097809058, 53.126994828201894 ], [ -114.001325097809058, 53.026994828201893 ] ] ] } },
{ "type": "Feature", "properties": { "value": "2", "label": "AQHI 2", "color": "#0099cb", "timestamp": "2026-10-09 14:00:00", "generated_at": "2026-10-09T20:31:38.042297", "nearest_km": 27.534454545370306, "n_points": 115, "weight_sum": 0.012591832391423037, "confidence": "Medium", "flagged": false }, "geometry": { "type": "Polygon", "coordinates": [ [ [ -113.901325097809064, 53.026994828201893 ], [ -113.80132509780907, 53.026994828201893 ], [ -113.80132509780907, 53.126994828201894 ], [ -113.901325097809064, 53.126994828201894 ], [ -113.901325097809064, 53.026994828201893 ] ] ] } },
{ "type": "Feature", "properties": { "value": "2", "label": "AQHI 2", "color": "#0099cb", "timestamp": "2026-10-09 14:00:00", "generated_at": "2026-10-09T20:31:38.042297", "nearest_km": 36.862593430683049, "n_points": 116, "weight_sum": 0.014236718709668193, "confidence": "Medium", "flagged": false }, "geometry": { "type": "Polygon", "coordinates": [ [ [ -113.80132509780907, 53.026994828201893 ], [ -113.701325097809075, 53.026994828201893 ], [ -113.701325097809075, 53.126994828201894 ], [ -113.80132509780907, 53.126994828201894 ], [ -113.80132509780907, 53.026994828201893 ] ] ] } },
{ "type": "Feature", "properties": { "value": "1", "label": "AQHI 1", "color": "#01cbff", "timestamp": "2026-10-09 14:00:00", "generated_at": "2026-10-09T20:31:38.042297", "nearest_km": 134.38867939858673, "n_points": 3, "weight_sum": 0.00010710572777235224, "confidence": "Low", "flagged": false }, "geometry": { "type": "Polygon", "coordinates": [ [ [ -119.301325097808757, 53.126994828201894 ], [ -119.201325097808763, 53.126994828201894 ], [ -119.201325097808763, 53.226994828201896 ], [ -119.301325097808757, 53.226994828201896 ], [ -119.301325097808757, 53.126994828201894 ] ] ] } },
{ "type": "Feature", "properties": { "value": "1", "label": "AQHI 1", "color": "#01cbff", "timestamp": "2026-10-09 14:00:00", "generated_at": "2026-10-09T20:31:38.042297", "nearest_km": 123.64447572971449, "n_points": 3, "weight_sum": 0.0001263202466557359, "confidence": "Low", "flagged": false }, "geometry": { "type": "Polygon", "coordinates": [ [ [ -119.201325097808763, 53.126994828201894 ], [ -119.101325097808768, 53.126994828201894 ], [ -119.101325097808768, 53.226994828201896 ], [ -119.201325097808763, 53.226994828201896 ], [ -119.201325097808763, 53.126994828201894 ] ] ] } },
{ "type": "Feature", "properties": { "value": "1", "label": "AQHI 1", "color": "#01cbff", "timestamp": "2026-10-09 14:00:00", "generated_at": "2026-10-09T20:31:38.042297", "nearest_km": 112.96909137660511, "n_points": 3, "weight_sum": 0.00015106987497317327, "confidence": "Low", "flagged": false }, "geometry": { "type": "Polygon", "coordinates": [ [ [ -119.101325097808768, 53.126994828201894 ], [ -119.001325097808774, 53.126994828201894 ], [ -119.001325097808774, 53.226994828201896 ], [ -119.101325097808768, 53.226994828201896 ], [ -119.101325097808768, 53.126994828201894 ] ] ] } },
{ "type": "Feature", "properties": { "value": "1", "label": "AQHI 1", "color": "#01cbff", "timestamp": "2026-10-09 14:00:00", "generated_at": "2026-10-09T20:31:38.042297", "nearest_km": 102.38405556743453, "n_points": 3, "weight_sum": 0.00018362858450095488, "confidence": "Low", "flagged": false }, "geometry": { "type": "Polygon", "coordinates": [ [ [ -119.001325097808774, 53.126994828201894 ], [ -118.90132509780878, 53.126994828201894 ], [ -118.90132509780878, 53.226994828201896 ], [ -119.001325097808774, 53.226994828201896 ], [ -119.001325097808774, 53.126994828201894 ] ] ] } },
{ "type": "Feature", "properties": { "value": "1", "label": "AQHI 1", "color": "#01cbff", "timestamp": "2026-10-09 14:00:00", "generated_at": "2026-10-09T20:31:38.042297", "nearest_km": 91.920585629200943, "n_points": 5, "weight_sum": 0.00029583517482674541, "confidence": "Low", "flagged": false }, "geometry": { "type": "Polygon", "coordinates": [ [ [ -118.90132509780878, 53.126994828201894 ], [ -118.801325097808785, 53.126994828201894 ], [ -118.801325097808785, 53.226994828201896 ], [ -118.90132509780878, 53.226994828201896 ], [ -118.90132509780878, 53.126994828201894 ] ] ] } },
{ "type": "Feature", "properties": { "value": "1", "label": "AQHI 1", "color": "#01cbff", "timestamp": "2026-10-09 14:00:00", "generated_at": "2026-10-09T20:31:38.042297", "nearest_km": 81.625445116060305, "n_points": 7, "weight_sum": 0.00044043520536424192, "confidence": "Low", "flagged": false }, "geometry": { "type": "Polygon", "coordinates": [ [ [ -118.801325097808785, 53.126994828201894 ], [ -118.701325097808791, 53.126994828201894 ], [ -118.701325097808791, 53.226994828201896 ], [ -118.801325097808785, 53.226994828201896 ], [ -118.801325097808785, 53.126994828201894 ] ] ] } },
{ "type": "Feature", "properties": { "value": "1", "label": "AQHI 1", "color": "#01cbff", "timestamp": "2026-10-09 14:00:00", "generated_at": "2026-10-09T20:31:38.042297", "nearest_km": 71.571310721368363, "n_points": 7, "weight_sum": 0.00055366133326268676, "confidence": "Medium", "flagged": false }, "geometry": { "type": "Polygon", "coordinates": [ [ [ -118.701325097808791, 53.126994828201894 ], [ -118.601325097808797, 53.126994828201894 ], [ -118.601325097808797, 53.226994828201896 ], [ -118.701325097808791, 53.226994828201896 ], [ -118.701325097808791, 53.126994828201894 ] ] ] } },
{ "type": "Feature", "properties": { "value": "1", "label": "AQHI 1", "color": "#01cbff", "timestamp": "2026-10-09 14:00:00", "generated_at": "2026-10-09T20:31:38.042297", "nearest_km": 61.875776733341418, "n_points": 7, "weight_sum": 0.00071584532855985684, "confidence": "Medium", "flagged": false }, "geometry": { "type": "Polygon", "coordinates": [ [ [ -118.601325097808797, 53.126994828201894 ], [ -118.501325097808802, 53.126994828201894 ], [ -118.501325097808802, 53.226994828201896 ], [ -118.601325097808797, 53.226994828201896 ], [ -118.601325097808797, 53.126994828201894 ] ] ] } },
{ "type": "Feature", "properties": { "value": "1", "label": "AQHI 1", "color": "#01cbff", "timestamp": "2026-10-09 14:00:00", "generated_at": "2026-10-09T20:31:38.042297", "nearest_km": 52.736998154369225, "n_points": 7, "weight_sum": 0.0009561936902478833, "confidence": "Medium", "flagged": false }, "geometry": { "type": "Polygon", "coordinates": [ [ [ -118.501325097808802, 53.126994828201894 ], [ -118.401325097808808, 53.126994828201894 ], [ -118.401325097808808, 53.226994828201896 ], [ -118.501325097808802, 53.226994828201896 ], [ -118.501325097808802, 53.126994828201894 ] ] ] } },
{ "type": "Feature", "properties": { "value": "1", "label": "AQHI 1", "color": "#01cbff", "timestamp": "2026-10-09 14:00:00", "generated_at": "2026-10-09T20:31:38.042297", "nearest_km": 44.438029912552388, "n_points": 9, "weight_sum": 0.0013915618094042109, "confidence": "Medium", "flagged": false }, "geometry": { "type": "Polygon", "coordinates": [ [ [ -118.401325097808808, 53.126994828201894 ], [ -118.301325097808814, 53.126994828201894 ], [ -118.301325097808814, 53.226994828201896 ], [ -118.401325097808808, 53.226994828201896 ], [ -118.401325097808808, 53.126994828201894 ] ] ] } },
{ "type": "Feature", "properties": { "value": "1", "label": "AQHI 1", "color": "#01cbff", "timestamp": "2026-10-09 14:00:00", "generated_at": "2026-10-09T20:31:38.042297", "nearest_km": 36.528477171769417, "n_points": 10, "weight_sum": 0.0019668426699303134, "confidence": "Medium", "flagged": false }, "geometry": { "type": "Polygon", "coordinates": [ [ [ -118.301325097808814, 53.126994828201894 ], [ -118.201325097808819, 53.126994828201894 ], [ -118.201325097808819, 53.226994828201896 ], [ -118.301325097808814, 53.226994828201896 ], [ -118.301325097808814, 53.126994828201894 ] ] ] } },
{ "type": "Feature", "properties": { "value": "1", "label": "AQHI 1", "color": "#01cbff", "timestamp": "2026-10-09 14:00:00", "generated_at": "2026-10-09T20:31:38.042297", "nearest_km": 30.649693778844121, "n_points": 11, "weight_sum": 0.0026890444683597319, "confidence": "Medium", "flagged": false }, "geometry": { "type": "Polygon", "coordinates": [ [ [ -118.201325097808819, 53.126994828201894 ], [ -118.101325097808825, 53.126994828201894 ], [ -118.101325097808825, 53.226994828201896 ], [ -118.201325097808819, 53.226994828201896 ], [ -118.201325097808819, 53.126994828201894 ] ] ] } },
{ "type": "Feature", "properties": { "value": "1", "label": "AQHI 1", "color": "#01cbff", "timestamp": "2026-10-09 14:00:00", "generated_at": "2026-10-09T20:31:38.042297", "nearest_km": 27.846644676090101, "n_points": 11, "weight_sum": 0.0032067633650270334, "confidence": "Medium", "flagged": false }, "geometry": { "type": "Polygon", "coordinates": [ [ [ -118.101325097808825, 53.126994828201894 ], [ -118.001325097808831, 53.126994828201894 ], [ -118.001325097808831, 53.226994828201896 ], [ -118.101325097808825, 53.226994828201896 ], [ -118.101325097808825, 53.126994828201894 ] ] ] } },
{ "type": "Feature", "properties": { "value": "1", "label": "AQHI 1", "color": "#01cbff", "timestamp": "2026-10-09 14:00:00", "generated_at": "2026-10-09T20:31:38.042297", "nearest_km": 29.289716808052098, "n_points": 11, "weight_sum": 0.0031945771819273426, "confidence": "Medium", "flagged": false }, "geometry": { "type": "Polygon", "coordinates": [ [ [ -118.001325097808831, 53.126994828201894 ], [ -117.901325097808837, 53.126994828201894 ], [ -117.901325097808837, 53.226994828201896 ], [ -118.001325097808831, 53.226994828201896 ], [ -118.001325097808831, 53.126994828201894 ] ] ] } },
{ "type": "Feature", "properties": { "value": "1", "label": "AQHI 1", "color": "#01cbff", "timestamp": "2026-10-09 14:00:00", "generated_at": "2026-10-09T20:31:38.042297", "nearest_km": 34.449374474369414, "n_points": 11, "weight_sum": 0.0029949712143651636, "confidence": "Medium", "flagged": false }, "geometry": { "type": "Polygon", "coordinates": [ [ [ -117.901325097808837, 53.126994828201894 ], [ -117.801325097808842, 53.126994828201894 ], [ -117.801325097808842, 53.226994828201896 ], [ -117.901325097808837, 53.226994828201896 ], [ -117.901325097808837, 53.126994828201894 ] ] ] } },
{ "type": "Feature", "properties": { "value": "1", "label": "AQHI 1", "color": "#01cbff", "timestamp": "2026-10-09 14:00:00", "generated_at": "2026-10-09T20:31:38.042297", "nearest_km": 38.06259055561474, "n_points": 11, "weight_sum": 0.0030493918578636966, "confidence": "Medium", "flagged": false }, "geometry": { "type": "Polygon", "coordinates": [ [ [ -117.801325097808842, 53.126994828201894 ], [ -117.701325097808848, 53.126994828201894 ], [ -117.701325097808848, 53.226994828201896 ], [ -117.801325097808842, 53.226994828201896 ], [ -117.801325097808842, 53.126994828201894 ] ] ] } },
{ "type": "Feature", "properties": { "value": "1", "label": "AQHI 1", "color": "#01cbff", "timestamp": "2026-10-09 14:00:00", "generated_at": "2026-10-09T20:31:38.042297", "nearest_km": 32.217045269605798, "n_points": 12, "weight_sum": 0.0034290496822321501, "confidence": "Medium", "flagged": false }, "geometry": { "type": "Polygon", "coordinates": [ [ [ -117.701325097808848, 53.126994828201894 ], [ -117.601325097808854, 53.126994828201894 ], [ -117.601325097808854, 53.226994828201896 ], [ -117.701325097808848, 53.226994828201896 ], [ -117.701325097808848, 53.126994828201894 ] ] ] } },
{ "type": "Feature", "properties": { "value": "1", "label": "AQHI 1", "color": "#01cbff", "timestamp": "2026-10-09 14:00:00", "generated_at": "2026-10-09T20:31:38.042297", "nearest_km": 29.555629108568436, "n_points": 13, "weight_sum": 0.0038334523318263591, "confidence": "Medium", "flagged": false }, "geometry": { "type": "Polygon", "coordinates": [ [ [ -117.601325097808854, 53.126994828201894 ], [ -117.501325097808859, 53.126994828201894 ], [ -117.501325097808859, 53.226994828201896 ], [ -117.601325097808854, 53.226994828201896 ], [ -117.601325097808854, 53.126994828201894 ] ] ] } },
{ "type": "Feature", "properties": { "value": "1", "label": "AQHI 1", "color": "#01cbff", "timestamp": "2026-10-09 14:00:00", "generated_at": "2026-10-09T20:31:38.042297", "nearest_km": 30.912010903573691, "n_points": 13, "weight_sum": 0.0038726013710880056, "confidence": "Medium", "flagged": false }, "geometry": { "type": "Polygon", "coordinates": [ [ [ -117.501325097808859, 53.126994828201894 ], [ -117.401325097808865, 53.126994828201894 ], [ -117.401325097808865, 53.226994828201896 ], [ -117.501325097808859, 53.226994828201896 ], [ -117.501325097808859, 53.126994828201894 ] ] ] } },
{ "type": "Feature", "properties": { "value": "1", "label": "AQHI 1", "color": "#01cbff", "timestamp": "2026-10-09 14:00:00", "generated_at": "2026-10-09T20:31:38.042297", "nearest_km": 34.439186600888732, "n_points": 14, "weight_sum": 0.0038314593456927871, "confidence": "Medium", "flagged": false }, "geometry": { "type": "Polygon", "coordinates": [ [ [ -117.401325097808865, 53.126994828201894 ], [ -117.301325097808871, 53.126994828201894 ], [ -117.301325097808871, 53.226994828201896 ], [ -117.401325097808865, 53.226994828201896 ], [ -117.401325097808865, 53.126994828201894 ] ] ] } },
{ "type": "Feature", "properties": { "value": "1", "label": "AQHI 1", "color": "#01cbff", "timestamp": "2026-10-09 14:00:00", "generated_at": "2026-10-09T20:31:38.042297", "nearest_km": 23.341765012746006, "n_points": 14, "weight_sum": 0.0047031106091478831, "confidence": "High", "flagged": false }, "geometry": { "type": "Polygon", "coordinates": [ [ [ -117.301325097808871, 53.126994828201894 ], [ -117.201325097808876, 53.126994828201894 ], [ -117.201325097808876, 53.226994828201896 ], [ -117.301325097808871, 53.226994828201896 ], [ -117.301325097808871, 53.126994828201894 ] ] ] } },
{ "type": "Feature", "properties": { "value": "1", "label": "AQHI 1", "color": "#01cbff", "timestamp": "2026-10-09 14:00:00", "generated_at": "2026-10-09T20:31:38.042297", "nearest_km": 12.24901686216673, "n_points": 15, "weight_sum": 0.011510733495193416, "confidence": "High", "flagged": false }, "geometry": { "type": "Polygon", "coordinates": [ [ [ -117.201325097808876, 53.126994828201894 ], [ -117.101325097808882, 53.126994828201894 ], [ -117.101325097808882, 53.226994828201896 ], [ -117.201325097808876, 53.226994828201896 ], [ -117.201325097808876, 53.126994828201894 ] ] ] } },
{ "type": "Feature", "properties": { "value": "1", "label": "AQHI 1", "color": "#01cbff", "timestamp": "2026-10-09 14:00:00", "generated_at": "2026-10-09T20:31:38.042297", "nearest_km": 1.2879574018608877, "n_points": 16, "weight_sum": 0.89264980135341665, "confidence": "High", "flagged": false }, "geometry": { "type": "Polygon", "coordinates": [ [ [ -117.101325097808882, 53.126994828201894 ], [ -117.001325097808888, 53.126994828201894 ], [ -117.001325097808888, 53.226994828201896 ], [ -117.101325097808882, 53.226994828201896 ], [ -117.101325097808882, 53.126994828201894 ] ] ] } },
{ "type": "Feature", "properties": { "value": "1", "label": "AQHI 1", "color": "#01cbff", "timestamp": "2026-10-09 14:00:00", "generated_at": "2026-10-09T20:31:38.042297", "nearest_km": 9.9241797105965546, "n_points": 16, "weight_sum": 0.016175482766371659, "confidence": "High", "flagged": false }, "geometry": { "type": "Polygon", "coordinates": [ [ [ -117.001325097808888, 53.126994828201894 ], [ -116.901325097808893, 53.126994828201894 ], [ -116.901325097808893, 53.226994828201896 ], [ -117.001325097808888, 53.226994828201896 ], [ -117.001325097808888, 53.126994828201894 ] ] ] } },
{ "type": "Feature", "properties": { "value": "1", "label": "AQHI 1", "color": "#01cbff", "timestamp": "2026-10-09 14:00:00", "generated_at": "2026-10-09T20:31:38.042297", "nearest_km": 21.015849136010264, "n_points": 16, "weight_sum": 0.004333810378970274, "confidence": "High", "flagged": false }, "geometry": { "type": "Polygon", "coordinates": [ [ [ -116.901325097808893, 53.126994828201894 ], [ -116.801325097808899, 53.126994828201894 ], [ -116.801325097808899, 53.226994828201896 ], [ -116.901325097808893, 53.226994828201896 ], [ -116.901325097808893, 53.126994828201894 ] ] ] } },
{ "type": "Feature", "properties": { "value": "1", "label": "AQHI 1", "color": "#01cbff", "timestamp": "2026-10-09 14:00:00", "generated_at": "2026-10-09T20:31:38.042297", "nearest_km": 32.113275866638745, "n_points": 15, "weight_sum": 0.0023135061516350265, "confidence": "Medium", "flagged": false }, "geometry": { "type": "Polygon", "coordinates": [ [ [ -116.801325097808899, 53.126994828201894 ], [ -116.701325097808905, 53.126994828201894 ], [ -116.701325097808905, 53.226994828201896 ], [ -116.801325097808899, 53.226994828201896 ], [ -116.801325097808899, 53.126994828201894 ] ] ] } },
{ "type": "Feature", "properties": { "value": "1", "label": "AQHI 1", "color": "#01cbff", "timestamp": "2026-10-09 14:00:00", "generated_at": "2026-10-09T20:31:38.042297", "nearest_km": 43.212024470812679, "n_points": 13, "weight_sum": 0.0015770834493483246, "confidence": "Medium", "flagged": false }, "geometry": { "type": "Polygon", "coordinates": [ [ [ -116.701325097808905, 53.126994828201894 ], [ -116.60132509780891, 53.126994828201894 ], [ -116.60132509780891, 53.226994828201896 ], [ -116.701325097808905, 53.226994828201896 ], [ -116.701325097808905, 53.126994828201894 ] ] ] } },
{ "type": "Feature", "properties": { "value": "1", "label": "AQHI 1", "color": "#01cbff", "timestamp": "2026-10-09 14:00:00", "generated_at": "2026-10-09T20:31:38.042297", "nearest_km": 53.15103385503965, "n_points": 13, "weight_sum": 0.0012846144691308595, "confidence": "Medium", "flagged": false }, "geometry": { "type": "Polygon", "coordinates": [ [ [ -116.60132509780891, 53.126994828201894 ], [ -116.501325097808916, 53.126994828201894 ], [ -116.501325097808916, 53.226994828201896 ], [ -116.60132509780891, 53.226994828201896 ], [ -116.60132509780891, 53.126994828201894 ] ] ] } },
{ "type": "Feature", "properties": { "value": "1", "label": "AQHI 1", "color": "#01cbff", "timestamp": "2026-10-09 14:00:00", "generated_at": "2026-10-09T20:31:38.042297", "nearest_km": 50.595907382305619, "n_points": 13, "weight_sum": 0.0011270485115788126, "confidence": "Medium", "flagged": false }, "geometry": { "type": "Polygon", "coordinates": [ [ [ -116.501325097808916, 53.126994828201894 ], [ -116.401325097808922, 53.126994828201894 ], [ -116.401325097808922, 53.226994828201896 ], [ -116.501325097808916, 53.226994828201896 ], [ -116.501325097808916, 53.126994828201894 ] ] ] } },
{ "type": "Feature", "properties": { "value": "1", "label": "AQHI 1", "color": "#01cbff", "timestamp": "2026-10-09 14:00:00", "generated_at": "2026-10-09T20:31:38.042297", "nearest_km": 50.411102822871243, "n_points": 13, "weight_sum": 0.001012971333277932, "confidence": "Medium", "flagged": false }, "geometry": { "type": "Polygon", "coordinates": [ [ [ -116.401325097808922, 53.126994828201894 ], [ -116.301325097808927, 53.126994828201894 ], [ -116.301325097808927, 53.226994828201896 ], [ -116.401325097808922, 53.226994828201896 ], [ -116.401325097808922, 53.126994828201894 ] ] ] } },
{ "type": "Feature", "properties": { "value": "1", "label": "AQHI 1", "color": "#01cbff", "timestamp": "2026-10-09 14:00:00", "generated_at": "2026-10-09T20:31:38.042297", "nearest_km": 52.621599479655863, "n_points": 13, "weight_sum": 0.00091348995159857096, "confidence": "Medium", "flagged": false }, "geometry": { "type": "Polygon", "coordinates": [ [ [ -116.301325097808927, 53.126994828201894 ], [ -116.201325097808933, 53.126994828201894 ], [ -116.201325097808933, 53.226994828201896 ], [ -116.301325097808927, 53.226994828201896 ], [ -116.301325097808927, 53.126994828201894 ] ] ] } },
{ "type": "Feature", "properties": { "value": "1", "label": "AQHI 1", "color": "#01cbff", "timestamp": "2026-10-09 14:00:00", "generated_at": "2026-10-09T20:31:38.042297", "nearest_km": 56.949154302557567, "n_points": 12, "weight_sum": 0.00077939633563242682, "confidence": "Medium", "flagged": false }, "geometry": { "type": "Polygon", "coordinates": [ [ [ -116.201325097808933, 53.126994828201894 ], [ -116.101325097808939, 53.126994828201894 ], [ -116.101325097808939, 53.226994828201896 ], [ -116.201325097808933, 53.226994828201896 ], [ -116.201325097808933, 53.126994828201894 ] ] ] } },
{ "type": "Feature", "properties": { "value": "1", "label": "AQHI 1", "color": "#01cbff", "timestamp": "2026-10-09 14:00:00", "generated_at": "2026-10-09T20:31:38.042297", "nearest_km": 60.383578955002406, "n_points": 12, "weight_sum": 0.00074626540286660246, "confidence": "Medium", "flagged": false }, "geometry": { "type": "Polygon", "coordinates": [ [ [ -116.101325097808939, 53.126994828201894 ], [ -116.001325097808945, 53.126994828201894 ], [ -116.001325097808945, 53.226994828201896 ], [ -116.101325097808939, 53.226994828201896 ], [ -116.101325097808939, 53.126994828201894 ] ] ] } },
{ "type": "Feature", "properties": { "value": "1", "label": "AQHI 1", "color": "#01cbff", "timestamp": "2026-10-09 14:00:00", "generated_at": "2026-10-09T20:31:38.042297", "nearest_km": 56.585057969345975, "n_points": 12, "weight_sum": 0.00073338238393897207, "confidence": "Medium", "flagged": false }, "geometry": { "type": "Polygon", "coordinates": [ [ [ -116.001325097808945, 53.126994828201894 ], [ -115.90132509780895, 53.126994828201894 ], [ -115.90132509780895, 53.226994828201896 ], [ -116.001325097808945, 53.226994828201896 ], [ -116.001325097808945, 53.126994828201894 ] ] ] } },
{ "type": "Feature", "properties": { "value": "1", "label": "AQHI 1", "color": "#01cbff", "timestamp": "2026-10-09 14:00:00", "generated_at": "2026-10-09T20:31:38.042297", "nearest_km": 54.808584759811581, "n_points": 12, "weight_sum": 0.00074086681965979031, "confidence": "Medium", "flagged": false }, "geometry": { "type": "Polygon", "coordinates": [ [ [ -115.90132509780895, 53.126994828201894 ], [ -115.801325097808956, 53.126994828201894 ], [ -115.801325097808956, 53.226994828201896 ], [ -115.90132509780895, 53.226994828201896 ], [ -115.90132509780895, 53.126994828201894 ] ] ] } },
{ "type": "Feature", "properties": { "value": "1", "label": "AQHI 1", "color": "#01cbff", "timestamp": "2026-10-09 14:00:00", "generated_at": "2026-10-09T20:31:38.042297", "nearest_km": 55.249553313602725, "n_points": 14, "weight_sum": 0.00081051094867577137, "confidence": "Medium", "flagged": false }, "geometry": { "type": "Polygon", "coordinates": [ [ [ -115.801325097808956, 53.126994828201894 ], [ -115.701325097808962, 53.126994828201894 ], [ -115.701325097808962, 53.226994828201896 ], [ -115.801325097808956, 53.226994828201896 ], [ -115.801325097808956, 53.126994828201894 ] ] ] } },
{ "type": "Feature", "properties": { "value": "1", "label": "AQHI 1", "color": "#01cbff", "timestamp": "2026-10-09 14:00:00", "generated_at": "2026-10-09T20:31:38.042297", "nearest_km": 57.857284064599682, "n_points": 13, "weight_sum": 0.00082486597538441401, "confidence": "Medium", "flagged": false }, "geometry": { "type": "Polygon", "coordinates": [ [ [ -115.701325097808962, 53.126994828201894 ], [ -115.601325097808967, 53.126994828201894 ], [ -115.601325097808967, 53.226994828201896 ], [ -115.701325097808962, 53.226994828201896 ], [ -115.701325097808962, 53.126994828201894 ] ] ] } },
{ "type": "Feature", "properties": { "value": "2", "label": "AQHI 2", "color": "#0099cb", "timestamp": "2026-10-09 14:00:00", "generated_at": "2026-10-09T20:31:38.042297", "nearest_km": 62.36054439556235, "n_points": 14, "weight_sum": 0.00095766403503002619, "confidence": "Medium", "flagged": false }, "geometry": { "type": "Polygon", "coordinates": [ [ [ -115.601325097808967, 53.126994828201894 ], [ -115.501325097808973, 53.126994828201894 ], [ -115.501325097808973, 53.226994828201896 ], [ -115.601325097808967, 53.226994828201896 ], [ -115.601325097808967, 53.126994828201894 ] ] ] } },
{ "type": "Feature", "properties": { "value": "2", "label": "AQHI 2", "color": "#0099cb", "timestamp": "2026-10-09 14:00:00", "generated_at": "2026-10-09T20:31:38.042297", "nearest_km": 58.115059617810111, "n_points": 15, "weight_sum": 0.0011861689005567755, "confidence": "Medium", "flagged": false }, "geometry": { "type": "Polygon", "coordinates": [ [ [ -115.501325097808973, 53.126994828201894 ], [ -115.401325097808979, 53.126994828201894 ], [ -115.401325097808979, 53.226994828201896 ], [ -115.501325097808973, 53.226994828201896 ], [ -115.501325097808973, 53.126994828201894 ] ] ] } },
{ "type": "Feature", "properties": { "value": "2", "label": "AQHI 2", "color": "#0099cb", "timestamp": "2026-10-09 14:00:00", "generated_at": "2026-10-09T20:31:38.042297", "nearest_km": 47.133991453735447, "n_points": 16, "weight_sum": 0.0015264516553761822, "confidence": "Medium", "flagged": false }, "geometry": { "type": "Polygon", "coordinates": [ [ [ -115.401325097808979, 53.126994828201894 ], [ -115.301325097808984, 53.126994828201894 ], [ -115.301325097808984, 53.226994828201896 ], [ -115.401325097808979, 53.226994828201896 ], [ -115.401325097808979, 53.126994828201894 ] ] ] } },
{ "type": "Feature", "properties": { "value": "2", "label": "AQHI 2", "color": "#0099cb", "timestamp": "2026-10-09 14:00:00", "generated_at": "2026-10-09T20:31:38.042297", "nearest_km": 36.225490284328259, "n_points": 20, "weight_sum": 0.0021959454386791268, "confidence": "Medium", "flagged": false }, "geometry": { "type": "Polygon", "coordinates": [ [ [ -115.301325097808984, 53.126994828201894 ], [ -115.20132509780899, 53.126994828201894 ], [ -115.20132509780899, 53.226994828201896 ], [ -115.301325097808984, 53.226994828201896 ], [ -115.301325097808984, 53.126994828201894 ] ] ] } },
{ "type": "Feature", "properties": { "value": "2", "label": "AQHI 2", "color": "#0099cb", "timestamp": "2026-10-09 14:00:00", "generated_at": "2026-10-09T20:31:38.042297", "nearest_km": 25.482918638160122, "n_points": 22, "weight_sum": 0.0034969585822054363, "confidence": "Medium", "flagged": false }, "geometry": { "type": "Polygon", "coordinates": [ [ [ -115.20132509780899, 53.126994828201894 ], [ -115.101325097808996, 53.126994828201894 ], [ -115.101325097808996, 53.226994828201896 ], [ -115.20132509780899, 53.226994828201896 ], [ -115.20132509780899, 53.126994828201894 ] ] ] } },
{ "type": "Feature", "properties": { "value": "2", "label": "AQHI 2", "color": "#0099cb", "timestamp": "2026-10-09 14:00:00", "generated_at": "2026-10-09T20:31:38.042297", "nearest_km": 15.260803985969666, "n_points": 22, "weight_sum": 0.0072107115504801153, "confidence": "High", "flagged": false }, "geometry": { "type": "Polygon", "coordinates": [ [ [ -115.101325097808996, 53.126994828201894 ], [ -115.001325097809001, 53.126994828201894 ], [ -115.001325097809001, 53.226994828201896 ], [ -115.101325097808996, 53.226994828201896 ], [ -115.101325097808996, 53.126994828201894 ] ] ] } },
{ "type": "Feature", "properties": { "value": "2", "label": "AQHI 2", "color": "#0099cb", "timestamp": "2026-10-09 14:00:00", "generated_at": "2026-10-09T20:31:38.042297", "nearest_km": 7.926230773656469, "n_points": 26, "weight_sum": 0.018760539783705593, "confidence": "High", "flagged": false }, "geometry": { "type": "Polygon", "coordinates": [ [ [ -115.001325097809001, 53.126994828201894 ], [ -114.901325097809007, 53.126994828201894 ], [ -114.901325097809007, 53.226994828201896 ], [ -115.001325097809001, 53.226994828201896 ], [ -115.001325097809001, 53.126994828201894 ] ] ] } },
{ "type": "Feature", "properties": { "value": "2", "label": "AQHI 2", "color": "#0099cb", "timestamp": "2026-10-09 14:00:00", "generated_at": "2026-10-09T20:31:38.042297", "nearest_km": 11.797378109406429, "n_points": 30, "weight_sum": 0.010918853145697432, "confidence": "High", "flagged": false }, "geometry": { "type": "Polygon", "coordinates": [ [ [ -114.901325097809007, 53.126994828201894 ], [ -114.801325097809013, 53.126994828201894 ], [ -114.801325097809013, 53.226994828201896 ], [ -114.901325097809007, 53.226994828201896 ], [ -114.901325097809007, 53.126994828201894 ] ] ] } },
{ "type": "Feature", "properties": { "value": "2", "label": "AQHI 2", "color": "#0099cb", "timestamp": "2026-10-09 14:00:00", "generated_at": "2026-10-09T20:31:38.042297", "nearest_km": 21.493048323476991, "n_points": 61, "weight_sum": 0.0062046656260470725, "confidence": "High", "flagged": false }, "geometry": { "type": "Polygon", "coordinates": [ [ [ -114.801325097809013, 53.126994828201894 ], [ -114.701325097809018, 53.126994828201894 ], [ -114.701325097809018, 53.226994828201896 ], [ -114.801325097809013, 53.226994828201896 ], [ -114.801325097809013, 53.126994828201894 ] ] ] } },
{ "type": "Feature", "properties": { "value": "2", "label": "AQHI 2", "color": "#0099cb", "timestamp": "2026-10-09 14:00:00", "generated_at": "2026-10-09T20:31:38.042297", "nearest_km": 28.289845577629329, "n_points": 93, "weight_sum": 0.0059962285861871537, "confidence": "Medium", "flagged": false }, "geometry": { "type": "Polygon", "coordinates": [ [ [ -114.701325097809018, 53.126994828201894 ], [ -114.601325097809024, 53.126994828201894 ], [ -114.601325097809024, 53.226994828201896 ], [ -114.701325097809018, 53.226994828201896 ], [ -114.701325097809018, 53.126994828201894 ] ] ] } },
{ "type": "Feature", "properties": { "value": "2", "label": "AQHI 2", "color": "#0099cb", "timestamp": "2026-10-09 14:00:00", "generated_at": "2026-10-09T20:31:38.042297", "nearest_km": 17.721583896062064, "n_points": 97, "weight_sum": 0.0071232386482448073, "confidence": "High", "flagged": false }, "geometry": { "type": "Polygon", "coordinates": [ [ [ -114.601325097809024, 53.126994828201894 ], [ -114.50132509780903, 53.126994828201894 ], [ -114.50132509780903, 53.226994828201896 ], [ -114.601325097809024, 53.226994828201896 ], [ -114.601325097809024, 53.126994828201894 ] ] ] } },
{ "type": "Feature", "properties": { "value": "2", "label": "AQHI 2", "color": "#0099cb", "timestamp": "2026-10-09 14:00:00", "generated_at": "2026-10-09T20:31:38.042297", "nearest_km": 8.6147378813397975, "n_points": 103, "weight_sum": 0.013070421915162535, "confidence": "High", "flagged": false }, "geometry": { "type": "Polygon", "coordinates": [ [ [ -114.50132509780903, 53.126994828201894 ], [ -114.401325097809035, 53.126994828201894 ], [ -114.401325097809035, 53.226994828201896 ], [ -114.50132509780903, 53.226994828201896 ], [ -114.50132509780903, 53.126994828201894 ] ] ] } },
{ "type": "Feature", "properties": { "value": "2", "label": "AQHI 2", "color": "#0099cb", "timestamp": "2026-10-09 14:00:00", "generated_at": "2026-10-09T20:31:38.042297", "nearest_km": 8.9884860651384137, "n_points": 109, "weight_sum": 0.014067088121235055, "confidence": "High", "flagged": false }, "geometry": { "type": "Polygon", "coordinates": [ [ [ -114.401325097809035, 53.126994828201894 ], [ -114.301325097809041, 53.126994828201894 ], [ -114.301325097809041, 53.226994828201896 ], [ -114.401325097809035, 53.226994828201896 ], [ -114.401325097809035, 53.126994828201894 ] ] ] } },
{ "type": "Feature", "properties": { "value": "2", "label": "AQHI 2", "color": "#0099cb", "timestamp": "2026-10-09 14:00:00", "generated_at": "2026-10-09T20:31:38.042297", "nearest_km": 18.269976867039432, "n_points": 111, "weight_sum": 0.011926190395913378, "confidence": "High", "flagged": false }, "geometry": { "type": "Polygon", "coordinates": [ [ [ -114.301325097809041, 53.126994828201894 ], [ -114.201325097809047, 53.126994828201894 ], [ -114.201325097809047, 53.226994828201896 ], [ -114.301325097809041, 53.226994828201896 ], [ -114.301325097809041, 53.126994828201894 ] ] ] } },
{ "type": "Feature", "properties": { "value": "1", "label": "AQHI 1", "color": "#01cbff", "timestamp": "2026-10-09 14:00:00", "generated_at": "2026-10-09T20:31:38.042297", "nearest_km": 8.3371786252563602, "n_points": 112, "weight_sum": 0.018390617517432234, "confidence": "High", "flagged": false }, "geometry": { "type": "Polygon", "coordinates": [ [ [ -114.201325097809047, 53.126994828201894 ], [ -114.101325097809053, 53.126994828201894 ], [ -114.101325097809053, 53.226994828201896 ], [ -114.201325097809047, 53.226994828201896 ], [ -114.201325097809047, 53.126994828201894 ] ] ] } },
{ "type": "Feature", "properties": { "value": "1", "label": "AQHI 1", "color": "#01cbff", "timestamp": "2026-10-09 14:00:00", "generated_at": "2026-10-09T20:31:38.042297", "nearest_km": 7.1699900563648029, "n_points": 113, "weight_sum": 0.021533301843361836, "confidence": "High", "flagged": false }, "geometry": { "type": "Polygon", "coordinates": [ [ [ -114.101325097809053, 53.126994828201894 ], [ -114.001325097809058, 53.126994828201894 ], [ -114.001325097809058, 53.226994828201896 ], [ -114.101325097809053, 53.226994828201896 ], [ -114.101325097809053, 53.126994828201894 ] ] ] } },
{ "type": "Feature", "properties": { "value": "2", "label": "AQHI 2", "color": "#0099cb", "timestamp": "2026-10-09 14:00:00", "generated_at": "2026-10-09T20:31:38.042297", "nearest_km": 16.725099921593316, "n_points": 115, "weight_sum": 0.014739969973808106, "confidence": "High", "flagged": false }, "geometry": { "type": "Polygon", "coordinates": [ [ [ -114.001325097809058, 53.126994828201894 ], [ -113.901325097809064, 53.126994828201894 ], [ -113.901325097809064, 53.226994828201896 ], [ -114.001325097809058, 53.226994828201896 ], [ -114.001325097809058, 53.126994828201894 ] ] ] } },
{ "type": "Feature", "properties": { "value": "2", "label": "AQHI 2", "color": "#0099cb", "timestamp": "2026-10-09 14:00:00", "generated_at": "2026-10-09T20:31:38.042297", "nearest_km": 27.467602322848702, "n_points": 116, "weight_sum": 0.015792248500847275, "confidence": "Medium", "flagged": false }, "geometry": { "type": "Polygon", "coordinates": [ [ [ -113.901325097809064, 53.126994828201894 ], [ -113.80132509780907, 53.126994828201894 ], [ -113.80132509780907, 53.226994828201896 ], [ -113.901325097809064, 53.226994828201896 ], [ -113.901325097809064, 53.126994828201894 ] ] ] } },
{ "type": "Feature", "properties": { "value": "2", "label": "AQHI 2", "color": "#0099cb", "timestamp": "2026-10-09 14:00:00", "generated_at": "2026-10-09T20:31:38.042297", "nearest_km": 28.158335251811557, "n_points": 116, "weight_sum": 0.018785690089733163, "confidence": "Medium", "flagged": false }, "geometry": { "type": "Polygon", "coordinates": [ [ [ -113.80132509780907, 53.126994828201894 ], [ -113.701325097809075, 53.126994828201894 ], [ -113.701325097809075, 53.226994828201896 ], [ -113.80132509780907, 53.226994828201896 ], [ -113.80132509780907, 53.126994828201894 ] ] ] } },
{ "type": "Feature", "properties": { "value": "1", "label": "AQHI 1", "color": "#01cbff", "timestamp": "2026-10-09 14:00:00", "generated_at": "2026-10-09T20:31:38.042297", "nearest_km": 148.05741731426835, "n_points": 1, "weight_sum": 2.2809179639360778e-05, "confidence": "Low", "flagged": false }, "geometry": { "type": "Polygon", "coordinates": [ [ [ -119.401325097808751, 53.226994828201896 ], [ -119.301325097808757, 53.226994828201896 ], [ -119.301325097808757, 53.326994828201897 ], [ -119.401325097808751, 53.326994828201897 ], [ -119.401325097808751, 53.226994828201896 ] ] ] } },
{ "type": "Feature", "properties": { "value": "1", "label": "AQHI 1", "color": "#01cbff", "timestamp": "2026-10-09 14:00:00", "generated_at": "2026-10-09T20:31:38.042297", "nearest_km": 137.48533758096264, "n_points": 3, "weight_sum": 0.00010285768968655782, "confidence": "Low", "flagged": false }, "geometry": { "type": "Polygon", "coordinates": [ [ [ -119.301325097808757, 53.226994828201896 ], [ -119.201325097808763, 53.226994828201896 ], [ -119.201325097808763, 53.326994828201897 ], [ -119.301325097808757, 53.326994828201897 ], [ -119.301325097808757, 53.226994828201896 ] ] ] } },
{ "type": "Feature", "properties": { "value": "1", "label": "AQHI 1", "color": "#01cbff", "timestamp": "2026-10-09 14:00:00", "generated_at": "2026-10-09T20:31:38.042297", "nearest_km": 127.0033750643308, "n_points": 3, "weight_sum": 0.00012045246940990861, "confidence": "Low", "flagged": false }, "geometry": { "type": "Polygon", "coordinates": [ [ [ -119.201325097808763, 53.226994828201896 ], [ -119.101325097808768, 53.226994828201896 ], [ -119.101325097808768, 53.326994828201897 ], [ -119.201325097808763, 53.326994828201897 ], [ -119.201325097808763, 53.226994828201896 ] ] ] } },
{ "type": "Feature", "properties": { "value": "1", "label": "AQHI 1", "color": "#01cbff", "timestamp": "2026-10-09 14:00:00", "generated_at": "2026-10-09T20:31:38.042297", "nearest_km": 116.63582856785852, "n_points": 3, "weight_sum": 0.00014275245411653447, "confidence": "Low", "flagged": false }, "geometry": { "type": "Polygon", "coordinates": [ [ [ -119.101325097808768, 53.226994828201896 ], [ -119.001325097808774, 53.226994828201896 ], [ -119.001325097808774, 53.326994828201897 ], [ -119.101325097808768, 53.326994828201897 ], [ -119.101325097808768, 53.226994828201896 ] ] ] } },
{ "type": "Feature", "properties": { "value": "1", "label": "AQHI 1", "color": "#01cbff", "timestamp": "2026-10-09 14:00:00", "generated_at": "2026-10-09T20:31:38.042297", "nearest_km": 106.41614414030725, "n_points": 3, "weight_sum": 0.00017148292561006145, "confidence": "Low", "flagged": false }, "geometry": { "type": "Polygon", "coordinates": [ [ [ -119.001325097808774, 53.226994828201896 ], [ -118.90132509780878, 53.226994828201896 ], [ -118.90132509780878, 53.326994828201897 ], [ -119.001325097808774, 53.326994828201897 ], [ -119.001325097808774, 53.226994828201896 ] ] ] } },
{ "type": "Feature", "properties": { "value": "1", "label": "AQHI 1", "color": "#01cbff", "timestamp": "2026-10-09 14:00:00", "generated_at": "2026-10-09T20:31:38.042297", "nearest_km": 96.391363522207683, "n_points": 4, "weight_sum": 0.00025524081090115547, "confidence": "Low", "flagged": false }, "geometry": { "type": "Polygon", "coordinates": [ [ [ -118.90132509780878, 53.226994828201896 ], [ -118.801325097808785, 53.226994828201896 ], [ -118.801325097808785, 53.326994828201897 ], [ -118.90132509780878, 53.326994828201897 ], [ -118.90132509780878, 53.226994828201896 ] ] ] } },
{ "type": "Feature", "properties": { "value": "1", "label": "AQHI 1", "color": "#01cbff", "timestamp": "2026-10-09 14:00:00", "generated_at": "2026-10-09T20:31:38.042297", "nearest_km": 86.629176318663582, "n_points": 7, "weight_sum": 0.00041377796319605915, "confidence": "Low", "flagged": false }, "geometry": { "type": "Polygon", "coordinates": [ [ [ -118.801325097808785, 53.226994828201896 ], [ -118.701325097808791, 53.226994828201896 ], [ -118.701325097808791, 53.326994828201897 ], [ -118.801325097808785, 53.326994828201897 ], [ -118.801325097808785, 53.226994828201896 ] ] ] } },
{ "type": "Feature", "properties": { "value": "1", "label": "AQHI 1", "color": "#01cbff", "timestamp": "2026-10-09 14:00:00", "generated_at": "2026-10-09T20:31:38.042297", "nearest_km": 77.229226447179869, "n_points": 7, "weight_sum": 0.00050927087291711861, "confidence": "Low", "flagged": false }, "geometry": { "type": "Polygon", "coordinates": [ [ [ -118.701325097808791, 53.226994828201896 ], [ -118.601325097808797, 53.226994828201896 ], [ -118.601325097808797, 53.326994828201897 ], [ -118.701325097808791, 53.326994828201897 ], [ -118.701325097808791, 53.226994828201896 ] ] ] } },
{ "type": "Feature", "properties": { "value": "1", "label": "AQHI 1", "color": "#01cbff", "timestamp": "2026-10-09 14:00:00", "generated_at": "2026-10-09T20:31:38.042297", "nearest_km": 68.341148992458727, "n_points": 7, "weight_sum": 0.00063823926235988737, "confidence": "Medium", "flagged": false }, "geometry": { "type": "Polygon", "coordinates": [ [ [ -118.601325097808797, 53.226994828201896 ], [ -118.501325097808802, 53.226994828201896 ], [ -118.501325097808802, 53.326994828201897 ], [ -118.601325097808797, 53.326994828201897 ], [ -118.601325097808797, 53.226994828201896 ] ] ] } },
{ "type": "Feature", "properties": { "value": "1", "label": "AQHI 1", "color": "#01cbff", "timestamp": "2026-10-09 14:00:00", "generated_at": "2026-10-09T20:31:38.042297", "nearest_km": 60.078035242378014, "n_points": 7, "weight_sum": 0.00081372772468026023, "confidence": "Medium", "flagged": false }, "geometry": { "type": "Polygon", "coordinates": [ [ [ -118.501325097808802, 53.226994828201896 ], [ -118.401325097808808, 53.226994828201896 ], [ -118.401325097808808, 53.326994828201897 ], [ -118.501325097808802, 53.326994828201897 ], [ -118.501325097808802, 53.226994828201896 ] ] ] } },
{ "type": "Feature", "properties": { "value": "1", "label": "AQHI 1", "color": "#01cbff", "timestamp": "2026-10-09 14:00:00", "generated_at": "2026-10-09T20:31:38.042297", "nearest_km": 52.177978693736506, "n_points": 9, "weight_sum": 0.0011198475423678175, "confidence": "Medium", "flagged": false }, "geometry": { "type": "Polygon", "coordinates": [ [ [ -118.401325097808808, 53.226994828201896 ], [ -118.301325097808814, 53.226994828201896 ], [ -118.301325097808814, 53.326994828201897 ], [ -118.401325097808808, 53.326994828201897 ], [ -118.401325097808808, 53.226994828201896 ] ] ] } },
{ "type": "Feature", "properties": { "value": "1", "label": "AQHI 1", "color": "#01cbff", "timestamp": "2026-10-09 14:00:00", "generated_at": "2026-10-09T20:31:38.042297", "nearest_km": 45.630391216201502, "n_points": 9, "weight_sum": 0.0014299524581157393, "confidence": "Medium", "flagged": false }, "geometry": { "type": "Polygon", "coordinates": [ [ [ -118.301325097808814, 53.226994828201896 ], [ -118.201325097808819, 53.226994828201896 ], [ -118.201325097808819, 53.326994828201897 ], [ -118.301325097808814, 53.326994828201897 ], [ -118.301325097808814, 53.226994828201896 ] ] ] } },
{ "type": "Feature", "properties": { "value": "1", "label": "AQHI 1", "color": "#01cbff", "timestamp": "2026-10-09 14:00:00", "generated_at": "2026-10-09T20:31:38.042297", "nearest_km": 40.981266090642492, "n_points": 10, "weight_sum": 0.0017945442762703344, "confidence": "Medium", "flagged": false }, "geometry": { "type": "Polygon", "coordinates": [ [ [ -118.201325097808819, 53.226994828201896 ], [ -118.101325097808825, 53.226994828201896 ], [ -118.101325097808825, 53.326994828201897 ], [ -118.201325097808819, 53.326994828201897 ], [ -118.201325097808819, 53.226994828201896 ] ] ] } },
{ "type": "Feature", "properties": { "value": "1", "label": "AQHI 1", "color": "#01cbff", "timestamp": "2026-10-09 14:00:00", "generated_at": "2026-10-09T20:31:38.042297", "nearest_km": 38.929372732829187, "n_points": 11, "weight_sum": 0.0021187780202073774, "confidence": "Medium", "flagged": false }, "geometry": { "type": "Polygon", "coordinates": [ [ [ -118.101325097808825, 53.226994828201896 ], [ -118.001325097808831, 53.226994828201896 ], [ -118.001325097808831, 53.326994828201897 ], [ -118.101325097808825, 53.326994828201897 ], [ -118.101325097808825, 53.226994828201896 ] ] ] } },
{ "type": "Feature", "properties": { "value": "1", "label": "AQHI 1", "color": "#01cbff", "timestamp": "2026-10-09 14:00:00", "generated_at": "2026-10-09T20:31:38.042297", "nearest_km": 39.974341174696271, "n_points": 11, "weight_sum": 0.0023590301650490662, "confidence": "Medium", "flagged": false }, "geometry": { "type": "Polygon", "coordinates": [ [ [ -118.001325097808831, 53.226994828201896 ], [ -117.901325097808837, 53.226994828201896 ], [ -117.901325097808837, 53.326994828201897 ], [ -118.001325097808831, 53.326994828201897 ], [ -118.001325097808831, 53.226994828201896 ] ] ] } },
{ "type": "Feature", "properties": { "value": "1", "label": "AQHI 1", "color": "#01cbff", "timestamp": "2026-10-09 14:00:00", "generated_at": "2026-10-09T20:31:38.042297", "nearest_km": 39.678368994453322, "n_points": 11, "weight_sum": 0.0026897630713427359, "confidence": "Medium", "flagged": false }, "geometry": { "type": "Polygon", "coordinates": [ [ [ -117.901325097808837, 53.226994828201896 ], [ -117.801325097808842, 53.226994828201896 ], [ -117.801325097808842, 53.326994828201897 ], [ -117.901325097808837, 53.326994828201897 ], [ -117.901325097808837, 53.226994828201896 ] ] ] } },
{ "type": "Feature", "properties": { "value": "1", "label": "AQHI 1", "color": "#01cbff", "timestamp": "2026-10-09 14:00:00", "generated_at": "2026-10-09T20:31:38.042297", "nearest_km": 30.28415711489226, "n_points": 11, "weight_sum": 0.0034242128143551522, "confidence": "Medium", "flagged": false }, "geometry": { "type": "Polygon", "coordinates": [ [ [ -117.801325097808842, 53.226994828201896 ], [ -117.701325097808848, 53.226994828201896 ], [ -117.701325097808848, 53.326994828201897 ], [ -117.801325097808842, 53.326994828201897 ], [ -117.801325097808842, 53.226994828201896 ] ] ] } },
{ "type": "Feature", "properties": { "value": "1", "label": "AQHI 1", "color": "#01cbff", "timestamp": "2026-10-09 14:00:00", "generated_at": "2026-10-09T20:31:38.042297", "nearest_km": 22.501275036293755, "n_points": 13, "weight_sum": 0.005009130636951571, "confidence": "High", "flagged": false }, "geometry": { "type": "Polygon", "coordinates": [ [ [ -117.701325097808848, 53.226994828201896 ], [ -117.601325097808854, 53.226994828201896 ], [ -117.601325097808854, 53.326994828201897 ], [ -117.701325097808848, 53.326994828201897 ], [ -117.701325097808848, 53.226994828201896 ] ] ] } },
{ "type": "Feature", "properties": { "value": "1", "label": "AQHI 1", "color": "#01cbff", "timestamp": "2026-10-09 14:00:00", "generated_at": "2026-10-09T20:31:38.042297", "nearest_km": 18.490662085451817, "n_points": 13, "weight_sum": 0.0069187515879475751, "confidence": "High", "flagged": false }, "geometry": { "type": "Polygon", "coordinates": [ [ [ -117.601325097808854, 53.226994828201896 ], [ -117.501325097808859, 53.226994828201896 ], [ -117.501325097808859, 53.326994828201897 ], [ -117.601325097808854, 53.326994828201897 ], [ -117.601325097808854, 53.226994828201896 ] ] ] } },
{ "type": "Feature", "properties": { "value": "1", "label": "AQHI 1", "color": "#01cbff", "timestamp": "2026-10-09 14:00:00", "generated_at": "2026-10-09T20:31:38.042297", "nearest_km": 20.589361098823975, "n_points": 13, "weight_sum": 0.0066213092174810745, "confidence": "High", "flagged": false }, "geometry": { "type": "Polygon", "coordinates": [ [ [ -117.501325097808859, 53.226994828201896 ], [ -117.401325097808865, 53.226994828201896 ], [ -117.401325097808865, 53.326994828201897 ], [ -117.501325097808859, 53.326994828201897 ], [ -117.501325097808859, 53.226994828201896 ] ] ] } },
{ "type": "Feature", "properties": { "value": "1", "label": "AQHI 1", "color": "#01cbff", "timestamp": "2026-10-09 14:00:00", "generated_at": "2026-10-09T20:31:38.042297", "nearest_km": 26.590680506896035, "n_points": 14, "weight_sum": 0.0051359251294796392, "confidence": "Medium", "flagged": false }, "geometry": { "type": "Polygon", "coordinates": [ [ [ -117.401325097808865, 53.226994828201896 ], [ -117.301325097808871, 53.226994828201896 ], [ -117.301325097808871, 53.326994828201897 ], [ -117.401325097808865, 53.326994828201897 ], [ -117.401325097808865, 53.226994828201896 ] ] ] } },
{ "type": "Feature", "properties": { "value": "1", "label": "AQHI 1", "color": "#01cbff", "timestamp": "2026-10-09 14:00:00", "generated_at": "2026-10-09T20:31:38.042297", "nearest_km": 25.582848738273157, "n_points": 14, "weight_sum": 0.0048387114303048359, "confidence": "Medium", "flagged": false }, "geometry": { "type": "Polygon", "coordinates": [ [ [ -117.301325097808871, 53.226994828201896 ], [ -117.201325097808876, 53.226994828201896 ], [ -117.201325097808876, 53.326994828201897 ], [ -117.301325097808871, 53.326994828201897 ], [ -117.301325097808871, 53.226994828201896 ] ] ] } },
{ "type": "Feature", "properties": { "value": "1", "label": "AQHI 1", "color": "#01cbff", "timestamp": "2026-10-09 14:00:00", "generated_at": "2026-10-09T20:31:38.042297", "nearest_km": 16.114669396073747, "n_points": 15, "weight_sum": 0.0075431974627497567, "confidence": "High", "flagged": false }, "geometry": { "type": "Polygon", "coordinates": [ [ [ -117.201325097808876, 53.226994828201896 ], [ -117.101325097808882, 53.226994828201896 ], [ -117.101325097808882, 53.326994828201897 ], [ -117.201325097808876, 53.326994828201897 ], [ -117.201325097808876, 53.226994828201896 ] ] ] } },
{ "type": "Feature", "properties": { "value": "1", "label": "AQHI 1", "color": "#01cbff", "timestamp": "2026-10-09 14:00:00", "generated_at": "2026-10-09T20:31:38.042297", "nearest_km": 10.550023219127016, "n_points": 16, "weight_sum": 0.014806191662439235, "confidence": "High", "flagged": false }, "geometry": { "type": "Polygon", "coordinates": [ [ [ -117.101325097808882, 53.226994828201896 ], [ -117.001325097808888, 53.226994828201896 ], [ -117.001325097808888, 53.326994828201897 ], [ -117.101325097808882, 53.326994828201897 ], [ -117.101325097808882, 53.226994828201896 ] ] ] } },
{ "type": "Feature", "properties": { "value": "1", "label": "AQHI 1", "color": "#01cbff", "timestamp": "2026-10-09 14:00:00", "generated_at": "2026-10-09T20:31:38.042297", "nearest_km": 14.466575814038874, "n_points": 16, "weight_sum": 0.0083067195357469543, "confidence": "High", "flagged": false }, "geometry": { "type": "Polygon", "coordinates": [ [ [ -117.001325097808888, 53.226994828201896 ], [ -116.901325097808893, 53.226994828201896 ], [ -116.901325097808893, 53.326994828201897 ], [ -117.001325097808888, 53.326994828201897 ], [ -117.001325097808888, 53.226994828201896 ] ] ] } },
{ "type": "Feature", "properties": { "value": "1", "label": "AQHI 1", "color": "#01cbff", "timestamp": "2026-10-09 14:00:00", "generated_at": "2026-10-09T20:31:38.042297", "nearest_km": 23.504433363998835, "n_points": 16, "weight_sum": 0.0037269675142599635, "confidence": "High", "flagged": false }, "geometry": { "type": "Polygon", "coordinates": [ [ [ -116.901325097808893, 53.226994828201896 ], [ -116.801325097808899, 53.226994828201896 ], [ -116.801325097808899, 53.326994828201897 ], [ -116.901325097808893, 53.326994828201897 ], [ -116.901325097808893, 53.226994828201896 ] ] ] } },
{ "type": "Feature", "properties": { "value": "1", "label": "AQHI 1", "color": "#01cbff", "timestamp": "2026-10-09 14:00:00", "generated_at": "2026-10-09T20:31:38.042297", "nearest_km": 33.794303658190096, "n_points": 15, "weight_sum": 0.0022595599138638405, "confidence": "Medium", "flagged": false }, "geometry": { "type": "Polygon", "coordinates": [ [ [ -116.801325097808899, 53.226994828201896 ], [ -116.701325097808905, 53.226994828201896 ], [ -116.701325097808905, 53.326994828201897 ], [ -116.801325097808899, 53.326994828201897 ], [ -116.801325097808899, 53.226994828201896 ] ] ] } },
{ "type": "Feature", "properties": { "value": "1", "label": "AQHI 1", "color": "#01cbff", "timestamp": "2026-10-09 14:00:00", "generated_at": "2026-10-09T20:31:38.042297", "nearest_km": 44.475516092803595, "n_points": 13, "weight_sum": 0.0016617628296035378, "confidence": "Medium", "flagged": false }, "geometry": { "type": "Polygon", "coordinates": [ [ [ -116.701325097808905, 53.226994828201896 ], [ -116.60132509780891, 53.226994828201896 ], [ -116.60132509780891, 53.326994828201897 ], [ -116.701325097808905, 53.326994828201897 ], [ -116.701325097808905, 53.226994828201896 ] ] ] } },
{ "type": "Feature", "properties": { "value": "1", "label": "AQHI 1", "color": "#01cbff", "timestamp": "2026-10-09 14:00:00", "generated_at": "2026-10-09T20:31:38.042297", "nearest_km": 42.825338187977735, "n_points": 13, "weight_sum": 0.0014559106832326089, "confidence": "Medium", "flagged": false }, "geometry": { "type": "Polygon", "coordinates": [ [ [ -116.60132509780891, 53.226994828201896 ], [ -116.501325097808916, 53.226994828201896 ], [ -116.501325097808916, 53.326994828201897 ], [ -116.60132509780891, 53.326994828201897 ], [ -116.60132509780891, 53.226994828201896 ] ] ] } },
{ "type": "Feature", "properties": { "value": "1", "label": "AQHI 1", "color": "#01cbff", "timestamp": "2026-10-09 14:00:00", "generated_at": "2026-10-09T20:31:38.042297", "nearest_km": 39.609633107287692, "n_points": 13, "weight_sum": 0.0013642796492300676, "confidence": "Medium", "flagged": false }, "geometry": { "type": "Polygon", "coordinates": [ [ [ -116.501325097808916, 53.226994828201896 ], [ -116.401325097808922, 53.226994828201896 ], [ -116.401325097808922, 53.326994828201897 ], [ -116.501325097808916, 53.326994828201897 ], [ -116.501325097808916, 53.226994828201896 ] ] ] } },
{ "type": "Feature", "properties": { "value": "1", "label": "AQHI 1", "color": "#01cbff", "timestamp": "2026-10-09 14:00:00", "generated_at": "2026-10-09T20:31:38.042297", "nearest_km": 39.373296520271069, "n_points": 13, "weight_sum": 0.0012683790521875195, "confidence": "Medium", "flagged": false }, "geometry": { "type": "Polygon", "coordinates": [ [ [ -116.401325097808922, 53.226994828201896 ], [ -116.301325097808927, 53.226994828201896 ], [ -116.301325097808927, 53.326994828201897 ], [ -116.401325097808922, 53.326994828201897 ], [ -116.401325097808922, 53.226994828201896 ] ] ] } },
{ "type": "Feature", "properties": { "value": "1", "label": "AQHI 1", "color": "#01cbff", "timestamp": "2026-10-09 14:00:00", "generated_at": "2026-10-09T20:31:38.042297", "nearest_km": 42.166454947652532, "n_points": 13, "weight_sum": 0.0011596310465926043, "confidence": "Medium", "flagged": false }, "geometry": { "type": "Polygon", "coordinates": [ [ [ -116.301325097808927, 53.226994828201896 ], [ -116.201325097808933, 53.226994828201896 ], [ -116.201325097808933, 53.326994828201897 ], [ -116.301325097808927, 53.326994828201897 ], [ -116.301325097808927, 53.226994828201896 ] ] ] } },
{ "type": "Feature", "properties": { "value": "1", "label": "AQHI 1", "color": "#01cbff", "timestamp": "2026-10-09 14:00:00", "generated_at": "2026-10-09T20:31:38.042297", "nearest_km": 47.439288946152885, "n_points": 13, "weight_sum": 0.0010026292071396226, "confidence": "Medium", "flagged": false }, "geometry": { "type": "Polygon", "coordinates": [ [ [ -116.201325097808933, 53.226994828201896 ], [ -116.101325097808939, 53.226994828201896 ], [ -116.101325097808939, 53.326994828201897 ], [ -116.201325097808933, 53.326994828201897 ], [ -116.201325097808933, 53.226994828201896 ] ] ] } },
{ "type": "Feature", "properties": { "value": "1", "label": "AQHI 1", "color": "#01cbff", "timestamp": "2026-10-09 14:00:00", "generated_at": "2026-10-09T20:31:38.042297", "nearest_km": 50.546313971150248, "n_points": 11, "weight_sum": 0.0008735524004204534, "confidence": "Medium", "flagged": false }, "geometry": { "type": "Polygon", "coordinates": [ [ [ -116.101325097808939, 53.226994828201896 ], [ -116.001325097808945, 53.226994828201896 ], [ -116.001325097808945, 53.326994828201897 ], [ -116.101325097808939, 53.326994828201897 ], [ -116.101325097808939, 53.226994828201896 ] ] ] } },
{ "type": "Feature", "properties": { "value": "1", "label": "AQHI 1", "color": "#01cbff", "timestamp": "2026-10-09 14:00:00", "generated_at": "2026-10-09T20:31:38.042297", "nearest_km": 45.941506658460099, "n_points": 11, "weight_sum": 0.00085283128118478647, "confidence": "Medium", "flagged": false }, "geometry": { "type": "Polygon", "coordinates": [ [ [ -116.001325097808945, 53.226994828201896 ], [ -115.90132509780895, 53.226994828201896 ], [ -115.90132509780895, 53.326994828201897 ], [ -116.001325097808945, 53.326994828201897 ], [ -116.001325097808945, 53.226994828201896 ] ] ] } },
{ "type": "Feature", "properties": { "value": "1", "label": "AQHI 1", "color": "#01cbff", "timestamp": "2026-10-09 14:00:00", "generated_at": "2026-10-09T20:31:38.042297", "nearest_km": 43.734816931462518, "n_points": 12, "weight_sum": 0.00087981677688359137, "confidence": "Medium", "flagged": false }, "geometry": { "type": "Polygon", "coordinates": [ [ [ -115.90132509780895, 53.226994828201896 ], [ -115.801325097808956, 53.226994828201896 ], [ -115.801325097808956, 53.326994828201897 ], [ -115.90132509780895, 53.326994828201897 ], [ -115.90132509780895, 53.226994828201896 ] ] ] } },
{ "type": "Feature", "properties": { "value": "1", "label": "AQHI 1", "color": "#01cbff", "timestamp": "2026-10-09 14:00:00", "generated_at": "2026-10-09T20:31:38.042297", "nearest_km": 44.286187350095062, "n_points": 13, "weight_sum": 0.00091949243562242816, "confidence": "Medium", "flagged": false }, "geometry": { "type": "Polygon", "coordinates": [ [ [ -115.801325097808956, 53.226994828201896 ], [ -115.701325097808962, 53.226994828201896 ], [ -115.701325097808962, 53.326994828201897 ], [ -115.801325097808956, 53.326994828201897 ], [ -115.801325097808956, 53.226994828201896 ] ] ] } },
{ "type": "Feature", "properties": { "value": "1", "label": "AQHI 1", "color": "#01cbff", "timestamp": "2026-10-09 14:00:00", "generated_at": "2026-10-09T20:31:38.042297", "nearest_km": 47.499669135551564, "n_points": 14, "weight_sum": 0.00096441958403040129, "confidence": "Medium", "flagged": false }, "geometry": { "type": "Polygon", "coordinates": [ [ [ -115.701325097808962, 53.226994828201896 ], [ -115.601325097808967, 53.226994828201896 ], [ -115.601325097808967, 53.326994828201897 ], [ -115.701325097808962, 53.326994828201897 ], [ -115.701325097808962, 53.226994828201896 ] ] ] } },
{ "type": "Feature", "properties": { "value": "1", "label": "AQHI 1", "color": "#01cbff", "timestamp": "2026-10-09 14:00:00", "generated_at": "2026-10-09T20:31:38.042297", "nearest_km": 52.892256011310323, "n_points": 14, "weight_sum": 0.0010672293524966448, "confidence": "Medium", "flagged": false }, "geometry": { "type": "Polygon", "coordinates": [ [ [ -115.601325097808967, 53.226994828201896 ], [ -115.501325097808973, 53.226994828201896 ], [ -115.501325097808973, 53.326994828201897 ], [ -115.601325097808967, 53.326994828201897 ], [ -115.601325097808967, 53.226994828201896 ] ] ] } },
{ "type": "Feature", "properties": { "value": "2", "label": "AQHI 2", "color": "#0099cb", "timestamp": "2026-10-09 14:00:00", "generated_at": "2026-10-09T20:31:38.042297", "nearest_km": 57.493957094258974, "n_points": 16, "weight_sum": 0.0013314520935465042, "confidence": "Medium", "flagged": false }, "geometry": { "type": "Polygon", "coordinates": [ [ [ -115.501325097808973, 53.226994828201896 ], [ -115.401325097808979, 53.226994828201896 ], [ -115.401325097808979, 53.326994828201897 ], [ -115.501325097808973, 53.326994828201897 ], [ -115.501325097808973, 53.226994828201896 ] ] ] } },
{ "type": "Feature", "properties": { "value": "2", "label": "AQHI 2", "color": "#0099cb", "timestamp": "2026-10-09 14:00:00", "generated_at": "2026-10-09T20:31:38.042297", "nearest_km": 46.395191452732156, "n_points": 20, "weight_sum": 0.0017871464716957379, "confidence": "Medium", "flagged": false }, "geometry": { "type": "Polygon", "coordinates": [ [ [ -115.401325097808979, 53.226994828201896 ], [ -115.301325097808984, 53.226994828201896 ], [ -115.301325097808984, 53.326994828201897 ], [ -115.401325097808979, 53.326994828201897 ], [ -115.401325097808979, 53.226994828201896 ] ] ] } },
{ "type": "Feature", "properties": { "value": "2", "label": "AQHI 2", "color": "#0099cb", "timestamp": "2026-10-09 14:00:00", "generated_at": "2026-10-09T20:31:38.042297", "nearest_km": 35.297202120208112, "n_points": 21, "weight_sum": 0.0025094285962922107, "confidence": "Medium", "flagged": false }, "geometry": { "type": "Polygon", "coordinates": [ [ [ -115.301325097808984, 53.226994828201896 ], [ -115.20132509780899, 53.226994828201896 ], [ -115.20132509780899, 53.326994828201897 ], [ -115.301325097808984, 53.326994828201897 ], [ -115.301325097808984, 53.226994828201896 ] ] ] } },
{ "type": "Feature", "properties": { "value": "2", "label": "AQHI 2", "color": "#0099cb", "timestamp": "2026-10-09 14:00:00", "generated_at": "2026-10-09T20:31:38.042297", "nearest_km": 24.201057106951925, "n_points": 24, "weight_sum": 0.0041794997655822891, "confidence": "High", "flagged": false }, "geometry": { "type": "Polygon", "coordinates": [ [ [ -115.20132509780899, 53.226994828201896 ], [ -115.101325097808996, 53.226994828201896 ], [ -115.101325097808996, 53.326994828201897 ], [ -115.20132509780899, 53.326994828201897 ], [ -115.20132509780899, 53.226994828201896 ] ] ] } },
{ "type": "Feature", "properties": { "value": "2", "label": "AQHI 2", "color": "#0099cb", "timestamp": "2026-10-09 14:00:00", "generated_at": "2026-10-09T20:31:38.042297", "nearest_km": 13.111439763544075, "n_points": 23, "weight_sum": 0.010420081260242844, "confidence": "High", "flagged": false }, "geometry": { "type": "Polygon", "coordinates": [ [ [ -115.101325097808996, 53.226994828201896 ], [ -115.001325097809001, 53.226994828201896 ], [ -115.001325097809001, 53.326994828201897 ], [ -115.101325097808996, 53.326994828201897 ], [ -115.101325097808996, 53.226994828201896 ] ] ] } },
{ "type": "Feature", "properties": { "value": "2", "label": "AQHI 2", "color": "#0099cb", "timestamp": "2026-10-09 14:00:00", "generated_at": "2026-10-09T20:31:38.042297", "nearest_km": 2.132730703139305, "n_points": 27, "weight_sum": 0.25258809864153819, "confidence": "High", "flagged": false }, "geometry": { "type": "Polygon", "coordinates": [ [ [ -115.001325097809001, 53.226994828201896 ], [ -114.901325097809007, 53.226994828201896 ], [ -114.901325097809007, 53.326994828201897 ], [ -115.001325097809001, 53.326994828201897 ], [ -115.001325097809001, 53.226994828201896 ] ] ] } },
{ "type": "Feature", "properties": { "value": "2", "label": "AQHI 2", "color": "#0099cb", "timestamp": "2026-10-09 14:00:00", "generated_at": "2026-10-09T20:31:38.042297", "nearest_km": 9.1436988047044441, "n_points": 35, "weight_sum": 0.02004043170951976, "confidence": "High", "flagged": false }, "geometry": { "type": "Polygon", "coordinates": [ [ [ -114.901325097809007, 53.226994828201896 ], [ -114.801325097809013, 53.226994828201896 ], [ -114.801325097809013, 53.326994828201897 ], [ -114.901325097809007, 53.326994828201897 ], [ -114.901325097809007, 53.226994828201896 ] ] ] } },
{ "type": "Feature", "properties": { "value": "2", "label": "AQHI 2", "color": "#0099cb", "timestamp": "2026-10-09 14:00:00", "generated_at": "2026-10-09T20:31:38.042297", "nearest_km": 20.225872426428626, "n_points": 62, "weight_sum": 0.0072822689498120482, "confidence": "High", "flagged": false }, "geometry": { "type": "Polygon", "coordinates": [ [ [ -114.801325097809013, 53.226994828201896 ], [ -114.701325097809018, 53.226994828201896 ], [ -114.701325097809018, 53.326994828201897 ], [ -114.801325097809013, 53.326994828201897 ], [ -114.801325097809013, 53.226994828201896 ] ] ] } },
{ "type": "Feature", "properties": { "value": "2", "label": "AQHI 2", "color": "#0099cb", "timestamp": "2026-10-09 14:00:00", "generated_at": "2026-10-09T20:31:38.042297", "nearest_km": 31.320673731405428, "n_points": 93, "weight_sum": 0.0064917733409045469, "confidence": "Medium", "flagged": false }, "geometry": { "type": "Polygon", "coordinates": [ [ [ -114.701325097809018, 53.226994828201896 ], [ -114.601325097809024, 53.226994828201896 ], [ -114.601325097809024, 53.326994828201897 ], [ -114.701325097809018, 53.326994828201897 ], [ -114.701325097809018, 53.226994828201896 ] ] ] } },
{ "type": "Feature", "properties": { "value": "2", "label": "AQHI 2", "color": "#0099cb", "timestamp": "2026-10-09 14:00:00", "generated_at": "2026-10-09T20:31:38.042297", "nearest_km": 24.265863389549661, "n_points": 100, "weight_sum": 0.0071602771363410457, "confidence": "High", "flagged": false }, "geometry": { "type": "Polygon", "coordinates": [ [ [ -114.601325097809024, 53.226994828201896 ], [ -114.50132509780903, 53.226994828201896 ], [ -114.50132509780903, 53.326994828201897 ], [ -114.601325097809024, 53.326994828201897 ], [ -114.601325097809024, 53.226994828201896 ] ] ] } },
{ "type": "Feature", "properties": { "value": "2", "label": "AQHI 2", "color": "#0099cb", "timestamp": "2026-10-09 14:00:00", "generated_at": "2026-10-09T20:31:38.042297", "nearest_km": 18.68130881440889, "n_points": 107, "weight_sum": 0.0089718136343318808, "confidence": "High", "flagged": false }, "geometry": { "type": "Polygon", "coordinates": [ [ [ -114.50132509780903, 53.226994828201896 ], [ -114.401325097809035, 53.226994828201896 ], [ -114.401325097809035, 53.326994828201897 ], [ -114.50132509780903, 53.326994828201897 ], [ -114.50132509780903, 53.226994828201896 ] ] ] } },
{ "type": "Feature", "properties": { "value": "2", "label": "AQHI 2", "color": "#0099cb", "timestamp": "2026-10-09 14:00:00", "generated_at": "2026-10-09T20:31:38.042297", "nearest_km": 18.856576359411264, "n_points": 109, "weight_sum": 0.011023206011601314, "confidence": "High", "flagged": false }, "geometry": { "type": "Polygon", "coordinates": [ [ [ -114.401325097809035, 53.226994828201896 ], [ -114.301325097809041, 53.226994828201896 ], [ -114.301325097809041, 53.326994828201897 ], [ -114.401325097809035, 53.326994828201897 ], [ -114.401325097809035, 53.226994828201896 ] ] ] } },
{ "type": "Feature", "properties": { "value": "2", "label": "AQHI 2", "color": "#0099cb", "timestamp": "2026-10-09 14:00:00", "generated_at": "2026-10-09T20:31:38.042297", "nearest_km": 14.266312169593954, "n_points": 111, "weight_sum": 0.014956474677081416, "confidence": "High", "flagged": false }, "geometry": { "type": "Polygon", "coordinates": [ [ [ -114.301325097809041, 53.226994828201896 ], [ -114.201325097809047, 53.226994828201896 ], [ -114.201325097809047, 53.326994828201897 ], [ -114.301325097809041, 53.326994828201897 ], [ -114.301325097809041, 53.226994828201896 ] ] ] } },
{ "type": "Feature", "properties": { "value": "2", "label": "AQHI 2", "color": "#0099cb", "timestamp": "2026-10-09 14:00:00", "generated_at": "2026-10-09T20:31:38.042297", "nearest_km": 8.826518809771482, "n_points": 113, "weight_sum": 0.02446146489201163, "confidence": "High", "flagged": false }, "geometry": { "type": "Polygon", "coordinates": [ [ [ -114.201325097809047, 53.226994828201896 ], [ -114.101325097809053, 53.226994828201896 ], [ -114.101325097809053, 53.326994828201897 ], [ -114.201325097809047, 53.326994828201897 ], [ -114.201325097809047, 53.226994828201896 ] ] ] } },
{ "type": "Feature", "properties": { "value": "2", "label": "AQHI 2", "color": "#0099cb", "timestamp": "2026-10-09 14:00:00", "generated_at": "2026-10-09T20:31:38.042297", "nearest_km": 14.096354339976237, "n_points": 115, "weight_sum": 0.018547161266843425, "confidence": "High", "flagged": false }, "geometry": { "type": "Polygon", "coordinates": [ [ [ -114.101325097809053, 53.226994828201896 ], [ -114.001325097809058, 53.226994828201896 ], [ -114.001325097809058, 53.326994828201897 ], [ -114.101325097809053, 53.326994828201897 ], [ -114.101325097809053, 53.226994828201896 ] ] ] } },
{ "type": "Feature", "properties": { "value": "2", "label": "AQHI 2", "color": "#0099cb", "timestamp": "2026-10-09 14:00:00", "generated_at": "2026-10-09T20:31:38.042297", "nearest_km": 22.857645496472021, "n_points": 117, "weight_sum": 0.017350969467186166, "confidence": "High", "flagged": false }, "geometry": { "type": "Polygon", "coordinates": [ [ [ -114.001325097809058, 53.226994828201896 ], [ -113.901325097809064, 53.226994828201896 ], [ -113.901325097809064, 53.326994828201897 ], [ -114.001325097809058, 53.326994828201897 ], [ -114.001325097809058, 53.226994828201896 ] ] ] } },
{ "type": "Feature", "properties": { "value": "2", "label": "AQHI 2", "color": "#0099cb", "timestamp": "2026-10-09 14:00:00", "generated_at": "2026-10-09T20:31:38.042297", "nearest_km": 25.551579411644845, "n_points": 116, "weight_sum": 0.020103851047534371, "confidence": "Medium", "flagged": false }, "geometry": { "type": "Polygon", "coordinates": [ [ [ -113.901325097809064, 53.226994828201896 ], [ -113.80132509780907, 53.226994828201896 ], [ -113.80132509780907, 53.326994828201897 ], [ -113.901325097809064, 53.326994828201897 ], [ -113.901325097809064, 53.226994828201896 ] ] ] } },
{ "type": "Feature", "properties": { "value": "2", "label": "AQHI 2", "color": "#0099cb", "timestamp": "2026-10-09 14:00:00", "generated_at": "2026-10-09T20:31:38.042297", "nearest_km": 18.036883999419512, "n_points": 115, "weight_sum": 0.025915533927192438, "confidence": "High", "flagged": false }, "geometry": { "type": "Polygon", "coordinates": [ [ [ -113.80132509780907, 53.226994828201896 ], [ -113.701325097809075, 53.226994828201896 ], [ -113.701325097809075, 53.326994828201897 ], [ -113.80132509780907, 53.326994828201897 ], [ -113.80132509780907, 53.226994828201896 ] ] ] } },
{ "type": "Feature", "properties": { "value": "NA", "label": "No Data", "color": "#D3D3D3", "timestamp": "2026-10-09 14:00:00", "generated_at": "2026-10-09T20:31:38.042297", "nearest_km": 193.77472180113395, "n_points": 0, "weight_sum": 0.0, "confidence": "None", "flagged": false }, "geometry": { "type": "Polygon", "coordinates": [ [ [ -119.801325097808729, 53.326994828201897 ], [ -119.701325097808734, 53.326994828201897 ], [ -119.701325097808734, 53.426994828201899 ], [ -119.801325097808729, 53.426994828201899 ], [ -119.801325097808729, 53.326994828201897 ] ] ] } },
{ "type": "Feature", "properties": { "value": "NA", "label": "No Data", "color": "#D3D3D3", "timestamp": "2026-10-09 14:00:00", "generated_at": "2026-10-09T20:31:38.042297", "nearest_km": 183.15070853558501, "n_points": 0, "weight_sum": 0.0, "confidence": "None", "flagged": false }, "geometry": { "type": "Polygon", "coordinates": [ [ [ -119.701325097808734, 53.326994828201897 ], [ -119.60132509780874, 53.326994828201897 ], [ -119.60132509780874, 53.426994828201899 ], [ -119.701325097808734, 53.426994828201899 ], [ -119.701325097808734, 53.326994828201897 ] ] ] } },
{ "type": "Feature", "properties": { "value": "NA", "label": "No Data", "color": "#D3D3D3", "timestamp": "2026-10-09 14:00:00", "generated_at": "2026-10-09T20:31:38.042297", "nearest_km": 172.58661960032347, "n_points": 0, "weight_sum": 0.0, "confidence": "None", "flagged": false }, "geometry": { "type": "Polygon", "coordinates": [ [ [ -119.60132509780874, 53.326994828201897 ], [ -119.501325097808746, 53.326994828201897 ], [ -119.501325097808746, 53.426994828201899 ], [ -119.60132509780874, 53.426994828201899 ], [ -119.60132509780874, 53.326994828201897 ] ] ] } },
{ "type": "Feature", "properties": { "value": "NA", "label": "No Data", "color": "#D3D3D3", "timestamp": "2026-10-09 14:00:00", "generated_at": "2026-10-09T20:31:38.042297", "nearest_km": 162.09417168129971, "n_points": 0, "weight_sum": 0.0, "confidence": "None", "flagged": false }, "geometry": { "type": "Polygon", "coordinates": [ [ [ -119.501325097808746, 53.326994828201897 ], [ -119.401325097808751, 53.326994828201897 ], [ -119.401325097808751, 53.426994828201899 ], [ -119.501325097808746, 53.426994828201899 ], [ -119.501325097808746, 53.326994828201897 ] ] ] } },
{ "type": "Feature", "properties": { "value": "NA", "label": "No Data", "color": "#D3D3D3", "timestamp": "2026-10-09 14:00:00", "generated_at": "2026-10-09T20:31:38.042297", "nearest_km": 151.68823197936794, "n_points": 0, "weight_sum": 0.0, "confidence": "None", "flagged": false }, "geometry": { "type": "Polygon", "coordinates": [ [ [ -119.401325097808751, 53.326994828201897 ], [ -119.301325097808757, 53.326994828201897 ], [ -119.301325097808757, 53.426994828201899 ], [ -119.401325097808751, 53.426994828201899 ], [ -119.401325097808751, 53.326994828201897 ] ] ] } },
{ "type": "Feature", "properties": { "value": "1", "label": "AQHI 1", "color": "#01cbff", "timestamp": "2026-10-09 14:00:00", "generated_at": "2026-10-09T20:31:38.042297", "nearest_km": 141.38790241391376, "n_points": 3, "weight_sum": 9.7743647448228185e-05, "confidence": "Low", "flagged": false }, "geometry": { "type": "Polygon", "coordinates": [ [ [ -119.301325097808757, 53.326994828201897 ], [ -119.201325097808763, 53.326994828201897 ], [ -119.201325097808763, 53.426994828201899 ], [ -119.301325097808757, 53.426994828201899 ], [ -119.301325097808757, 53.326994828201897 ] ] ] } },
{ "type": "Feature", "properties": { "value": "1", "label": "AQHI 1", "color": "#01cbff", "timestamp": "2026-10-09 14:00:00", "generated_at": "2026-10-09T20:31:38.042297", "nearest_km": 131.218055834501, "n_points": 3, "weight_sum": 0.00011349818588697179, "confidence": "Low", "flagged": false }, "geometry": { "type": "Polygon", "coordinates": [ [ [ -119.201325097808763, 53.326994828201897 ], [ -119.101325097808768, 53.326994828201897 ], [ -119.101325097808768, 53.426994828201899 ], [ -119.201325097808763, 53.426994828201899 ], [ -119.201325097808763, 53.326994828201897 ] ] ] } },
{ "type": "Feature", "properties": { "value": "1", "label": "AQHI 1", "color": "#01cbff", "timestamp": "2026-10-09 14:00:00", "generated_at": "2026-10-09T20:31:38.042297", "nearest_km": 121.21153990015149, "n_points": 3, "weight_sum": 0.00013308817208835302, "confidence": "Low", "flagged": false }, "geometry": { "type": "Polygon", "coordinates": [ [ [ -119.101325097808768, 53.326994828201897 ], [ -119.001325097808774, 53.326994828201897 ], [ -119.001325097808774, 53.426994828201899 ], [ -119.101325097808768, 53.426994828201899 ], [ -119.101325097808768, 53.326994828201897 ] ] ] } },
{ "type": "Feature", "properties": { "value": "1", "label": "AQHI 1", "color": "#01cbff", "timestamp": "2026-10-09 14:00:00", "generated_at": "2026-10-09T20:31:38.042297", "nearest_km": 111.41237199227824, "n_points": 3, "weight_sum": 0.00015772507014135518, "confidence": "Low", "flagged": false }, "geometry": { "type": "Polygon", "coordinates": [ [ [ -119.001325097808774, 53.326994828201897 ], [ -118.90132509780878, 53.326994828201897 ], [ -118.90132509780878, 53.426994828201899 ], [ -119.001325097808774, 53.426994828201899 ], [ -119.001325097808774, 53.326994828201897 ] ] ] } },
{ "type": "Feature", "properties": { "value": "1", "label": "AQHI 1", "color": "#01cbff", "timestamp": "2026-10-09 14:00:00", "generated_at": "2026-10-09T20:31:38.042297", "nearest_km": 101.88039978781751, "n_points": 4, "weight_sum": 0.00023574377320587092, "confidence": "Low", "flagged": false }, "geometry": { "type": "Polygon", "coordinates": [ [ [ -118.90132509780878, 53.326994828201897 ], [ -118.801325097808785, 53.326994828201897 ], [ -118.801325097808785, 53.426994828201899 ], [ -118.90132509780878, 53.426994828201899 ], [ -118.90132509780878, 53.326994828201897 ] ] ] } },
{ "type": "Feature", "properties": { "value": "1", "label": "AQHI 1", "color": "#01cbff", "timestamp": "2026-10-09 14:00:00", "generated_at": "2026-10-09T20:31:38.042297", "nearest_km": 92.698085680909486, "n_points": 7, "weight_sum": 0.00038412186464889758, "confidence": "Low", "flagged": false }, "geometry": { "type": "Polygon", "coordinates": [ [ [ -118.801325097808785, 53.326994828201897 ], [ -118.701325097808791, 53.326994828201897 ], [ -118.701325097808791, 53.426994828201899 ], [ -118.801325097808785, 53.426994828201899 ], [ -118.801325097808785, 53.326994828201897 ] ] ] } },
{ "type": "Feature", "properties": { "value": "1", "label": "AQHI 1", "color": "#01cbff", "timestamp": "2026-10-09 14:00:00", "generated_at": "2026-10-09T20:31:38.042297", "nearest_km": 83.980201934056595, "n_points": 7, "weight_sum": 0.00046334247627003485, "confidence": "Low", "flagged": false }, "geometry": { "type": "Polygon", "coordinates": [ [ [ -118.701325097808791, 53.326994828201897 ], [ -118.601325097808797, 53.326994828201897 ], [ -118.601325097808797, 53.426994828201899 ], [ -118.701325097808791, 53.426994828201899 ], [ -118.701325097808791, 53.326994828201897 ] ] ] } },
{ "type": "Feature", "properties": { "value": "1", "label": "AQHI 1", "color": "#01cbff", "timestamp": "2026-10-09 14:00:00", "generated_at": "2026-10-09T20:31:38.042297", "nearest_km": 75.741944354894315, "n_points": 7, "weight_sum": 0.00056517526270943516, "confidence": "Low", "flagged": false }, "geometry": { "type": "Polygon", "coordinates": [ [ [ -118.601325097808797, 53.326994828201897 ], [ -118.501325097808802, 53.326994828201897 ], [ -118.501325097808802, 53.426994828201899 ], [ -118.601325097808797, 53.426994828201899 ], [ -118.601325097808797, 53.326994828201897 ] ] ] } },
{ "type": "Feature", "properties": { "value": "1", "label": "AQHI 1", "color": "#01cbff", "timestamp": "2026-10-09 14:00:00", "generated_at": "2026-10-09T20:31:38.042297", "nearest_km": 67.849784646965105, "n_points": 7, "weight_sum": 0.00069535718363942242, "confidence": "Medium", "flagged": false }, "geometry": { "type": "Polygon", "coordinates": [ [ [ -118.501325097808802, 53.326994828201897 ], [ -118.401325097808808, 53.326994828201897 ], [ -118.401325097808808, 53.426994828201899 ], [ -118.501325097808802, 53.426994828201899 ], [ -118.501325097808802, 53.326994828201897 ] ] ] } },
{ "type": "Feature", "properties": { "value": "1", "label": "AQHI 1", "color": "#01cbff", "timestamp": "2026-10-09 14:00:00", "generated_at": "2026-10-09T20:31:38.042297", "nearest_km": 60.965272234438089, "n_points": 9, "weight_sum": 0.00092747058412677007, "confidence": "Medium", "flagged": false }, "geometry": { "type": "Polygon", "coordinates": [ [ [ -118.401325097808808, 53.326994828201897 ], [ -118.301325097808814, 53.326994828201897 ], [ -118.301325097808814, 53.426994828201899 ], [ -118.401325097808808, 53.426994828201899 ], [ -118.401325097808808, 53.326994828201897 ] ] ] } },
{ "type": "Feature", "properties": { "value": "1", "label": "AQHI 1", "color": "#01cbff", "timestamp": "2026-10-09 14:00:00", "generated_at": "2026-10-09T20:31:38.042297", "nearest_km": 55.464697971481364, "n_points": 9, "weight_sum": 0.001133378129800485, "confidence": "Medium", "flagged": false }, "geometry": { "type": "Polygon", "coordinates": [ [ [ -118.301325097808814, 53.326994828201897 ], [ -118.201325097808819, 53.326994828201897 ], [ -118.201325097808819, 53.426994828201899 ], [ -118.301325097808814, 53.426994828201899 ], [ -118.301325097808814, 53.326994828201897 ] ] ] } },
{ "type": "Feature", "properties": { "value": "1", "label": "AQHI 1", "color": "#01cbff", "timestamp": "2026-10-09 14:00:00", "generated_at": "2026-10-09T20:31:38.042297", "nearest_km": 51.632786212320347, "n_points": 9, "weight_sum": 0.001365958388454882, "confidence": "Medium", "flagged": false }, "geometry": { "type": "Polygon", "coordinates": [ [ [ -118.201325097808819, 53.326994828201897 ], [ -118.101325097808825, 53.326994828201897 ], [ -118.101325097808825, 53.426994828201899 ], [ -118.201325097808819, 53.426994828201899 ], [ -118.201325097808819, 53.326994828201897 ] ] ] } },
{ "type": "Feature", "properties": { "value": "1", "label": "AQHI 1", "color": "#01cbff", "timestamp": "2026-10-09 14:00:00", "generated_at": "2026-10-09T20:31:38.042297", "nearest_km": 50.019761125246085, "n_points": 10, "weight_sum": 0.0016474580276062472, "confidence": "Medium", "flagged": false }, "geometry": { "type": "Polygon", "coordinates": [ [ [ -118.101325097808825, 53.326994828201897 ], [ -118.001325097808831, 53.326994828201897 ], [ -118.001325097808831, 53.426994828201899 ], [ -118.101325097808825, 53.426994828201899 ], [ -118.101325097808825, 53.326994828201897 ] ] ] } },
{ "type": "Feature", "properties": { "value": "1", "label": "AQHI 1", "color": "#01cbff", "timestamp": "2026-10-09 14:00:00", "generated_at": "2026-10-09T20:31:38.042297", "nearest_km": 46.827610790169473, "n_points": 10, "weight_sum": 0.0019871644493887897, "confidence": "Medium", "flagged": false }, "geometry": { "type": "Polygon", "coordinates": [ [ [ -118.001325097808831, 53.326994828201897 ], [ -117.901325097808837, 53.326994828201897 ], [ -117.901325097808837, 53.426994828201899 ], [ -118.001325097808831, 53.426994828201899 ], [ -118.001325097808831, 53.326994828201897 ] ] ] } },
{ "type": "Feature", "properties": { "value": "1", "label": "AQHI 1", "color": "#01cbff", "timestamp": "2026-10-09 14:00:00", "generated_at": "2026-10-09T20:31:38.042297", "nearest_km": 35.904906884924642, "n_points": 11, "weight_sum": 0.0026203290125246903, "confidence": "Medium", "flagged": false }, "geometry": { "type": "Polygon", "coordinates": [ [ [ -117.901325097808837, 53.326994828201897 ], [ -117.801325097808842, 53.326994828201897 ], [ -117.801325097808842, 53.426994828201899 ], [ -117.901325097808837, 53.426994828201899 ], [ -117.901325097808837, 53.326994828201897 ] ] ] } },
{ "type": "Feature", "properties": { "value": "1", "label": "AQHI 1", "color": "#01cbff", "timestamp": "2026-10-09 14:00:00", "generated_at": "2026-10-09T20:31:38.042297", "nearest_km": 25.138009955336443, "n_points": 11, "weight_sum": 0.0040883402305148878, "confidence": "Medium", "flagged": false }, "geometry": { "type": "Polygon", "coordinates": [ [ [ -117.801325097808842, 53.326994828201897 ], [ -117.701325097808848, 53.326994828201897 ], [ -117.701325097808848, 53.426994828201899 ], [ -117.801325097808842, 53.426994828201899 ], [ -117.801325097808842, 53.326994828201897 ] ] ] } },
{ "type": "Feature", "properties": { "value": "1", "label": "AQHI 1", "color": "#01cbff", "timestamp": "2026-10-09 14:00:00", "generated_at": "2026-10-09T20:31:38.042297", "nearest_km": 14.86932246654335, "n_points": 13, "weight_sum": 0.0089365558131682121, "confidence": "High", "flagged": false }, "geometry": { "type": "Polygon", "coordinates": [ [ [ -117.701325097808848, 53.326994828201897 ], [ -117.601325097808854, 53.326994828201897 ], [ -117.601325097808854, 53.426994828201899 ], [ -117.701325097808848, 53.426994828201899 ], [ -117.701325097808848, 53.326994828201897 ] ] ] } },
{ "type": "Feature", "properties": { "value": "1", "label": "AQHI 1", "color": "#01cbff", "timestamp": "2026-10-09 14:00:00", "generated_at": "2026-10-09T20:31:38.042297", "nearest_km": 7.5295389442833507, "n_points": 14, "weight_sum": 0.027793062791099454, "confidence": "High", "flagged": false }, "geometry": { "type": "Polygon", "coordinates": [ [ [ -117.601325097808854, 53.326994828201897 ], [ -117.501325097808859, 53.326994828201897 ], [ -117.501325097808859, 53.426994828201899 ], [ -117.601325097808854, 53.426994828201899 ], [ -117.601325097808854, 53.326994828201897 ] ] ] } },
{ "type": "Feature", "properties": { "value": "1", "label": "AQHI 1", "color": "#01cbff", "timestamp": "2026-10-09 14:00:00", "generated_at": "2026-10-09T20:31:38.042297", "nearest_km": 11.486922908053005, "n_points": 14, "weight_sum": 0.018992041894326898, "confidence": "High", "flagged": false }, "geometry": { "type": "Polygon", "coordinates": [ [ [ -117.501325097808859, 53.326994828201897 ], [ -117.401325097808865, 53.326994828201897 ], [ -117.401325097808865, 53.426994828201899 ], [ -117.501325097808859, 53.426994828201899 ], [ -117.501325097808859, 53.326994828201897 ] ] ] } },
{ "type": "Feature", "properties": { "value": "1", "label": "AQHI 1", "color": "#01cbff", "timestamp": "2026-10-09 14:00:00", "generated_at": "2026-10-09T20:31:38.042297", "nearest_km": 18.582570163326018, "n_points": 14, "weight_sum": 0.0076956898612886128, "confidence": "High", "flagged": false }, "geometry": { "type": "Polygon", "coordinates": [ [ [ -117.401325097808865, 53.326994828201897 ], [ -117.301325097808871, 53.326994828201897 ], [ -117.301325097808871, 53.426994828201899 ], [ -117.401325097808865, 53.426994828201899 ], [ -117.401325097808865, 53.326994828201897 ] ] ] } },
{ "type": "Feature", "properties": { "value": "1", "label": "AQHI 1", "color": "#01cbff", "timestamp": "2026-10-09 14:00:00", "generated_at": "2026-10-09T20:31:38.042297", "nearest_km": 28.374185976945448, "n_points": 14, "weight_sum": 0.0047431879677727129, "confidence": "Medium", "flagged": false }, "geometry": { "type": "Polygon", "coordinates": [ [ [ -117.301325097808871, 53.326994828201897 ], [ -117.201325097808876, 53.326994828201897 ], [ -117.201325097808876, 53.426994828201899 ], [ -117.301325097808871, 53.426994828201899 ], [ -117.301325097808871, 53.326994828201897 ] ] ] } },
{ "type": "Feature", "properties": { "value": "1", "label": "AQHI 1", "color": "#01cbff", "timestamp": "2026-10-09 14:00:00", "generated_at": "2026-10-09T20:31:38.042297", "nearest_km": 24.814244405177316, "n_points": 14, "weight_sum": 0.0044239110196848466, "confidence": "High", "flagged": false }, "geometry": { "type": "Polygon", "coordinates": [ [ [ -117.201325097808876, 53.326994828201897 ], [ -117.101325097808882, 53.326994828201897 ], [ -117.101325097808882, 53.426994828201899 ], [ -117.201325097808876, 53.426994828201899 ], [ -117.201325097808876, 53.326994828201897 ] ] ] } },
{ "type": "Feature", "properties": { "value": "1", "label": "AQHI 1", "color": "#01cbff", "timestamp": "2026-10-09 14:00:00", "generated_at": "2026-10-09T20:31:38.042297", "nearest_km": 21.618675851662079, "n_points": 15, "weight_sum": 0.0046571263520163633, "confidence": "High", "flagged": false }, "geometry": { "type": "Polygon", "coordinates": [ [ [ -117.101325097808882, 53.326994828201897 ], [ -117.001325097808888, 53.326994828201897 ], [ -117.001325097808888, 53.426994828201899 ], [ -117.101325097808882, 53.426994828201899 ], [ -117.101325097808882, 53.326994828201897 ] ] ] } },
{ "type": "Feature", "properties": { "value": "1", "label": "AQHI 1", "color": "#01cbff", "timestamp": "2026-10-09 14:00:00", "generated_at": "2026-10-09T20:31:38.042297", "nearest_km": 23.778300312650028, "n_points": 15, "weight_sum": 0.0038309973755172909, "confidence": "High", "flagged": false }, "geometry": { "type": "Polygon", "coordinates": [ [ [ -117.001325097808888, 53.326994828201897 ], [ -116.901325097808893, 53.326994828201897 ], [ -116.901325097808893, 53.426994828201899 ], [ -117.001325097808888, 53.426994828201899 ], [ -117.001325097808888, 53.326994828201897 ] ] ] } },
{ "type": "Feature", "properties": { "value": "1", "label": "AQHI 1", "color": "#01cbff", "timestamp": "2026-10-09 14:00:00", "generated_at": "2026-10-09T20:31:38.042297", "nearest_km": 30.160750332473274, "n_points": 15, "weight_sum": 0.0027085833168176855, "confidence": "Medium", "flagged": false }, "geometry": { "type": "Polygon", "coordinates": [ [ [ -116.901325097808893, 53.326994828201897 ], [ -116.801325097808899, 53.326994828201897 ], [ -116.801325097808899, 53.426994828201899 ], [ -116.901325097808893, 53.426994828201899 ], [ -116.901325097808893, 53.326994828201897 ] ] ] } },
{ "type": "Feature", "properties": { "value": "1", "label": "AQHI 1", "color": "#01cbff", "timestamp": "2026-10-09 14:00:00", "generated_at": "2026-10-09T20:31:38.042297", "nearest_km": 38.720374902589541, "n_points": 12, "weight_sum": 0.0019651617808445873, "confidence": "Medium", "flagged": false }, "geometry": { "type": "Polygon", "coordinates": [ [ [ -116.801325097808899, 53.326994828201897 ], [ -116.701325097808905, 53.326994828201897 ], [ -116.701325097808905, 53.426994828201899 ], [ -116.801325097808899, 53.426994828201899 ], [ -116.801325097808899, 53.326994828201897 ] ] ] } },
{ "type": "Feature", "properties": { "value": "1", "label": "AQHI 1", "color": "#01cbff", "timestamp": "2026-10-09 14:00:00", "generated_at": "2026-10-09T20:31:38.042297", "nearest_km": 40.01141509607551, "n_points": 12, "weight_sum": 0.001717868246310979, "confidence": "Medium", "flagged": false }, "geometry": { "type": "Polygon", "coordinates": [ [ [ -116.701325097808905, 53.326994828201897 ], [ -116.60132509780891, 53.326994828201897 ], [ -116.60132509780891, 53.426994828201899 ], [ -116.701325097808905, 53.426994828201899 ], [ -116.701325097808905, 53.326994828201897 ] ] ] } },
{ "type": "Feature", "properties": { "value": "1", "label": "AQHI 1", "color": "#01cbff", "timestamp": "2026-10-09 14:00:00", "generated_at": "2026-10-09T20:31:38.042297", "nearest_km": 33.006162787724413, "n_points": 12, "weight_sum": 0.0017365373198245113, "confidence": "Medium", "flagged": false }, "geometry": { "type": "Polygon", "coordinates": [ [ [ -116.60132509780891, 53.326994828201897 ], [ -116.501325097808916, 53.326994828201897 ], [ -116.501325097808916, 53.426994828201899 ], [ -116.60132509780891, 53.426994828201899 ], [ -116.60132509780891, 53.326994828201897 ] ] ] } },
{ "type": "Feature", "properties": { "value": "1", "label": "AQHI 1", "color": "#01cbff", "timestamp": "2026-10-09 14:00:00", "generated_at": "2026-10-09T20:31:38.042297", "nearest_km": 28.710977446771828, "n_points": 12, "weight_sum": 0.001865396252934842, "confidence": "Medium", "flagged": false }, "geometry": { "type": "Polygon", "coordinates": [ [ [ -116.501325097808916, 53.326994828201897 ], [ -116.401325097808922, 53.326994828201897 ], [ -116.401325097808922, 53.426994828201899 ], [ -116.501325097808916, 53.426994828201899 ], [ -116.501325097808916, 53.326994828201897 ] ] ] } },
{ "type": "Feature", "properties": { "value": "1", "label": "AQHI 1", "color": "#01cbff", "timestamp": "2026-10-09 14:00:00", "generated_at": "2026-10-09T20:31:38.042297", "nearest_km": 28.384038999555539, "n_points": 9, "weight_sum": 0.0017615067137243597, "confidence": "Medium", "flagged": false }, "geometry": { "type": "Polygon", "coordinates": [ [ [ -116.401325097808922, 53.326994828201897 ], [ -116.301325097808927, 53.326994828201897 ], [ -116.301325097808927, 53.426994828201899 ], [ -116.401325097808922, 53.426994828201899 ], [ -116.401325097808922, 53.326994828201897 ] ] ] } },
{ "type": "Feature", "properties": { "value": "1", "label": "AQHI 1", "color": "#01cbff", "timestamp": "2026-10-09 14:00:00", "generated_at": "2026-10-09T20:31:38.042297", "nearest_km": 32.146650119530506, "n_points": 13, "weight_sum": 0.0015969627718124457, "confidence": "Medium", "flagged": false }, "geometry": { "type": "Polygon", "coordinates": [ [ [ -116.301325097808927, 53.326994828201897 ], [ -116.201325097808933, 53.326994828201897 ], [ -116.201325097808933, 53.426994828201899 ], [ -116.301325097808927, 53.426994828201899 ], [ -116.301325097808927, 53.326994828201897 ] ] ] } },
{ "type": "Feature", "properties": { "value": "1", "label": "AQHI 1", "color": "#01cbff", "timestamp": "2026-10-09 14:00:00", "generated_at": "2026-10-09T20:31:38.042297", "nearest_km": 38.45432661446165, "n_points": 14, "weight_sum": 0.0013326842619510774, "confidence": "Medium", "flagged": false }, "geometry": { "type": "Polygon", "coordinates": [ [ [ -116.201325097808933, 53.326994828201897 ], [ -116.101325097808939, 53.326994828201897 ], [ -116.101325097808939, 53.426994828201899 ], [ -116.201325097808933, 53.426994828201899 ], [ -116.201325097808933, 53.326994828201897 ] ] ] } },
{ "type": "Feature", "properties": { "value": "1", "label": "AQHI 1", "color": "#01cbff", "timestamp": "2026-10-09 14:00:00", "generated_at": "2026-10-09T20:31:38.042297", "nearest_km": 41.35339290463596, "n_points": 12, "weight_sum": 0.0011382038113740096, "confidence": "Medium", "flagged": false }, "geometry": { "type": "Polygon", "coordinates": [ [ [ -116.101325097808939, 53.326994828201897 ], [ -116.001325097808945, 53.326994828201897 ], [ -116.001325097808945, 53.426994828201899 ], [ -116.101325097808939, 53.426994828201899 ], [ -116.101325097808939, 53.326994828201897 ] ] ] } },
{ "type": "Feature", "properties": { "value": "1", "label": "AQHI 1", "color": "#01cbff", "timestamp": "2026-10-09 14:00:00", "generated_at": "2026-10-09T20:31:38.042297", "nearest_km": 35.578016846142937, "n_points": 12, "weight_sum": 0.0011225662242250953, "confidence": "Medium", "flagged": false }, "geometry": { "type": "Polygon", "coordinates": [ [ [ -116.001325097808945, 53.326994828201897 ], [ -115.90132509780895, 53.326994828201897 ], [ -115.90132509780895, 53.426994828201899 ], [ -116.001325097808945, 53.426994828201899 ], [ -116.001325097808945, 53.326994828201897 ] ] ] } },
{ "type": "Feature", "properties": { "value": "1", "label": "AQHI 1", "color": "#01cbff", "timestamp": "2026-10-09 14:00:00", "generated_at": "2026-10-09T20:31:38.042297", "nearest_km": 32.678853417518148, "n_points": 12, "weight_sum": 0.0011284715039331038, "confidence": "Medium", "flagged": false }, "geometry": { "type": "Polygon", "coordinates": [ [ [ -115.90132509780895, 53.326994828201897 ], [ -115.801325097808956, 53.326994828201897 ], [ -115.801325097808956, 53.426994828201899 ], [ -115.90132509780895, 53.426994828201899 ], [ -115.90132509780895, 53.326994828201897 ] ] ] } },
{ "type": "Feature", "properties": { "value": "1", "label": "AQHI 1", "color": "#01cbff", "timestamp": "2026-10-09 14:00:00", "generated_at": "2026-10-09T20:31:38.042297", "nearest_km": 33.413165648630425, "n_points": 13, "weight_sum": 0.001144739453965252, "confidence": "Medium", "flagged": false }, "geometry": { "type": "Polygon", "coordinates": [ [ [ -115.801325097808956, 53.326994828201897 ], [ -115.701325097808962, 53.326994828201897 ], [ -115.701325097808962, 53.426994828201899 ], [ -115.801325097808956, 53.426994828201899 ], [ -115.801325097808956, 53.326994828201897 ] ] ] } },
{ "type": "Feature", "properties": { "value": "1", "label": "AQHI 1", "color": "#01cbff", "timestamp": "2026-10-09 14:00:00", "generated_at": "2026-10-09T20:31:38.042297", "nearest_km": 37.568495001024026, "n_points": 14, "weight_sum": 0.0011311326083908646, "confidence": "Medium", "flagged": false }, "geometry": { "type": "Polygon", "coordinates": [ [ [ -115.701325097808962, 53.326994828201897 ], [ -115.601325097808967, 53.326994828201897 ], [ -115.601325097808967, 53.426994828201899 ], [ -115.701325097808962, 53.426994828201899 ], [ -115.701325097808962, 53.326994828201897 ] ] ] } },
{ "type": "Feature", "properties": { "value": "1", "label": "AQHI 1", "color": "#01cbff", "timestamp": "2026-10-09 14:00:00", "generated_at": "2026-10-09T20:31:38.042297", "nearest_km": 44.190089325787632, "n_points": 15, "weight_sum": 0.0012114102820425777, "confidence": "Medium", "flagged": false }, "geometry": { "type": "Polygon", "coordinates": [ [ [ -115.601325097808967, 53.326994828201897 ], [ -115.501325097808973, 53.326994828201897 ], [ -115.501325097808973, 53.426994828201899 ], [ -115.601325097808967, 53.426994828201899 ], [ -115.601325097808967, 53.326994828201897 ] ] ] } },
{ "type": "Feature", "properties": { "value": "2", "label": "AQHI 2", "color": "#0099cb", "timestamp": "2026-10-09 14:00:00", "generated_at": "2026-10-09T20:31:38.042297", "nearest_km": 52.35032160932905, "n_points": 16, "weight_sum": 0.0014409542700267257, "confidence": "Medium", "flagged": false }, "geometry": { "type": "Polygon", "coordinates": [ [ [ -115.501325097808973, 53.326994828201897 ], [ -115.401325097808979, 53.326994828201897 ], [ -115.401325097808979, 53.426994828201899 ], [ -115.501325097808973, 53.426994828201899 ], [ -115.501325097808973, 53.326994828201897 ] ] ] } },
{ "type": "Feature", "properties": { "value": "2", "label": "AQHI 2", "color": "#0099cb", "timestamp": "2026-10-09 14:00:00", "generated_at": "2026-10-09T20:31:38.042297", "nearest_km": 47.88342563341503, "n_points": 20, "weight_sum": 0.0019185545261084639, "confidence": "Medium", "flagged": false }, "geometry": { "type": "Polygon", "coordinates": [ [ [ -115.401325097808979, 53.326994828201897 ], [ -115.301325097808984, 53.326994828201897 ], [ -115.301325097808984, 53.426994828201899 ], [ -115.401325097808979, 53.426994828201899 ], [ -115.401325097808979, 53.326994828201897 ] ] ] } },
{ "type": "Feature", "properties": { "value": "2", "label": "AQHI 2", "color": "#0099cb", "timestamp": "2026-10-09 14:00:00", "generated_at": "2026-10-09T20:31:38.042297", "nearest_km": 37.231722199892133, "n_points": 21, "weight_sum": 0.002669552572581725, "confidence": "Medium", "flagged": false }, "geometry": { "type": "Polygon", "coordinates": [ [ [ -115.301325097808984, 53.326994828201897 ], [ -115.20132509780899, 53.326994828201897 ], [ -115.20132509780899, 53.426994828201899 ], [ -115.301325097808984, 53.426994828201899 ], [ -115.301325097808984, 53.326994828201897 ] ] ] } },
{ "type": "Feature", "properties": { "value": "2", "label": "AQHI 2", "color": "#0099cb", "timestamp": "2026-10-09 14:00:00", "generated_at": "2026-10-09T20:31:38.042297", "nearest_km": 26.944383933374034, "n_points": 25, "weight_sum": 0.004190988866446122, "confidence": "Medium", "flagged": false }, "geometry": { "type": "Polygon", "coordinates": [ [ [ -115.20132509780899, 53.326994828201897 ], [ -115.101325097808996, 53.326994828201897 ], [ -115.101325097808996, 53.426994828201899 ], [ -115.20132509780899, 53.426994828201899 ], [ -115.20132509780899, 53.326994828201897 ] ] ] } },
{ "type": "Feature", "properties": { "value": "2", "label": "AQHI 2", "color": "#0099cb", "timestamp": "2026-10-09 14:00:00", "generated_at": "2026-10-09T20:31:38.042297", "nearest_km": 17.669706084939875, "n_points": 24, "weight_sum": 0.0073011250126104035, "confidence": "High", "flagged": false }, "geometry": { "type": "Polygon", "coordinates": [ [ [ -115.101325097808996, 53.326994828201897 ], [ -115.001325097809001, 53.326994828201897 ], [ -115.001325097809001, 53.426994828201899 ], [ -115.101325097808996, 53.426994828201899 ], [ -115.101325097808996, 53.326994828201897 ] ] ] } },
{ "type": "Feature", "properties": { "value": "2", "label": "AQHI 2", "color": "#0099cb", "timestamp": "2026-10-09 14:00:00", "generated_at": "2026-10-09T20:31:38.042297", "nearest_km": 12.03566370032121, "n_points": 28, "weight_sum": 0.012635336748930422, "confidence": "High", "flagged": false }, "geometry": { "type": "Polygon", "coordinates": [ [ [ -115.001325097809001, 53.326994828201897 ], [ -114.901325097809007, 53.326994828201897 ], [ -114.901325097809007, 53.426994828201899 ], [ -115.001325097809001, 53.426994828201899 ], [ -115.001325097809001, 53.326994828201897 ] ] ] } },
{ "type": "Feature", "properties": { "value": "2", "label": "AQHI 2", "color": "#0099cb", "timestamp": "2026-10-09 14:00:00", "generated_at": "2026-10-09T20:31:38.042297", "nearest_km": 14.963819308126855, "n_points": 41, "weight_sum": 0.0099874579339884039, "confidence": "High", "flagged": false }, "geometry": { "type": "Polygon", "coordinates": [ [ [ -114.901325097809007, 53.326994828201897 ], [ -114.801325097809013, 53.326994828201897 ], [ -114.801325097809013, 53.426994828201899 ], [ -114.901325097809007, 53.426994828201899 ], [ -114.901325097809007, 53.326994828201897 ] ] ] } },
{ "type": "Feature", "properties": { "value": "2", "label": "AQHI 2", "color": "#0099cb", "timestamp": "2026-10-09 14:00:00", "generated_at": "2026-10-09T20:31:38.042297", "nearest_km": 23.439167559136617, "n_points": 68, "weight_sum": 0.0071339239126108362, "confidence": "High", "flagged": false }, "geometry": { "type": "Polygon", "coordinates": [ [ [ -114.801325097809013, 53.326994828201897 ], [ -114.701325097809018, 53.326994828201897 ], [ -114.701325097809018, 53.426994828201899 ], [ -114.801325097809013, 53.426994828201899 ], [ -114.801325097809013, 53.326994828201897 ] ] ] } },
{ "type": "Feature", "properties": { "value": "2", "label": "AQHI 2", "color": "#0099cb", "timestamp": "2026-10-09 14:00:00", "generated_at": "2026-10-09T20:31:38.042297", "nearest_km": 33.485717305207402, "n_points": 91, "weight_sum": 0.0067284542051147412, "confidence": "Medium", "flagged": false }, "geometry": { "type": "Polygon", "coordinates": [ [ [ -114.701325097809018, 53.326994828201897 ], [ -114.601325097809024, 53.326994828201897 ], [ -114.601325097809024, 53.426994828201899 ], [ -114.701325097809018, 53.426994828201899 ], [ -114.701325097809018, 53.326994828201897 ] ] ] } },
{ "type": "Feature", "properties": { "value": "2", "label": "AQHI 2", "color": "#0099cb", "timestamp": "2026-10-09 14:00:00", "generated_at": "2026-10-09T20:31:38.042297", "nearest_km": 27.363676141701273, "n_points": 101, "weight_sum": 0.0075544159749944351, "confidence": "Medium", "flagged": false }, "geometry": { "type": "Polygon", "coordinates": [ [ [ -114.601325097809024, 53.326994828201897 ], [ -114.50132509780903, 53.326994828201897 ], [ -114.50132509780903, 53.426994828201899 ], [ -114.601325097809024, 53.426994828201899 ], [ -114.601325097809024, 53.326994828201897 ] ] ] } },
{ "type": "Feature", "properties": { "value": "1", "label": "AQHI 1", "color": "#01cbff", "timestamp": "2026-10-09 14:00:00", "generated_at": "2026-10-09T20:31:38.042297", "nearest_km": 17.712378213185684, "n_points": 107, "weight_sum": 0.0097211841158654083, "confidence": "High", "flagged": false }, "geometry": { "type": "Polygon", "coordinates": [ [ [ -114.50132509780903, 53.326994828201897 ], [ -114.401325097809035, 53.326994828201897 ], [ -114.401325097809035, 53.426994828201899 ], [ -114.50132509780903, 53.426994828201899 ], [ -114.50132509780903, 53.326994828201897 ] ] ] } },
{ "type": "Feature", "properties": { "value": "1", "label": "AQHI 1", "color": "#01cbff", "timestamp": "2026-10-09 14:00:00", "generated_at": "2026-10-09T20:31:38.042297", "nearest_km": 11.185075410828954, "n_points": 110, "weight_sum": 0.014177565358153742, "confidence": "High", "flagged": false }, "geometry": { "type": "Polygon", "coordinates": [ [ [ -114.401325097809035, 53.326994828201897 ], [ -114.301325097809041, 53.326994828201897 ], [ -114.301325097809041, 53.426994828201899 ], [ -114.401325097809035, 53.426994828201899 ], [ -114.401325097809035, 53.326994828201897 ] ] ] } },
{ "type": "Feature", "properties": { "value": "2", "label": "AQHI 2", "color": "#0099cb", "timestamp": "2026-10-09 14:00:00", "generated_at": "2026-10-09T20:31:38.042297", "nearest_km": 11.436947546238406, "n_points": 113, "weight_sum": 0.019856525629274587, "confidence": "High", "flagged": false }, "geometry": { "type": "Polygon", "coordinates": [ [ [ -114.301325097809041, 53.326994828201897 ], [ -114.201325097809047, 53.326994828201897 ], [ -114.201325097809047, 53.426994828201899 ], [ -114.301325097809041, 53.426994828201899 ], [ -114.301325097809041, 53.326994828201897 ] ] ] } },
{ "type": "Feature", "properties": { "value": "2", "label": "AQHI 2", "color": "#0099cb", "timestamp": "2026-10-09 14:00:00", "generated_at": "2026-10-09T20:31:38.042297", "nearest_km": 2.2767390176201294, "n_points": 113, "weight_sum": 0.20542458847125955, "confidence": "High", "flagged": false }, "geometry": { "type": "Polygon", "coordinates": [ [ [ -114.201325097809047, 53.326994828201897 ], [ -114.101325097809053, 53.326994828201897 ], [ -114.101325097809053, 53.426994828201899 ], [ -114.201325097809047, 53.426994828201899 ], [ -114.201325097809047, 53.326994828201897 ] ] ] } },
{ "type": "Feature", "properties": { "value": "2", "label": "AQHI 2", "color": "#0099cb", "timestamp": "2026-10-09 14:00:00", "generated_at": "2026-10-09T20:31:38.042297", "nearest_km": 11.224228790133916, "n_points": 116, "weight_sum": 0.022976265794191791, "confidence": "High", "flagged": false }, "geometry": { "type": "Polygon", "coordinates": [ [ [ -114.101325097809053, 53.326994828201897 ], [ -114.001325097809058, 53.326994828201897 ], [ -114.001325097809058, 53.426994828201899 ], [ -114.101325097809053, 53.426994828201899 ], [ -114.101325097809053, 53.326994828201897 ] ] ] } },
{ "type": "Feature", "properties": { "value": "2", "label": "AQHI 2", "color": "#0099cb", "timestamp": "2026-10-09 14:00:00", "generated_at": "2026-10-09T20:31:38.042297", "nearest_km": 22.208176046496035, "n_points": 117, "weight_sum": 0.021071876051508152, "confidence": "High", "flagged": false }, "geometry": { "type": "Polygon", "coordinates": [ [ [ -114.001325097809058, 53.326994828201897 ], [ -113.901325097809064, 53.326994828201897 ], [ -113.901325097809064, 53.426994828201899 ], [ -114.001325097809058, 53.426994828201899 ], [ -114.001325097809058, 53.326994828201897 ] ] ] } },
{ "type": "Feature", "properties": { "value": "2", "label": "AQHI 2", "color": "#0099cb", "timestamp": "2026-10-09 14:00:00", "generated_at": "2026-10-09T20:31:38.042297", "nearest_km": 20.778367372936255, "n_points": 116, "weight_sum": 0.026301307207163602, "confidence": "High", "flagged": false }, "geometry": { "type": "Polygon", "coordinates": [ [ [ -113.901325097809064, 53.326994828201897 ], [ -113.80132509780907, 53.326994828201897 ], [ -113.80132509780907, 53.426994828201899 ], [ -113.901325097809064, 53.426994828201899 ], [ -113.901325097809064, 53.326994828201897 ] ] ] } },
{ "type": "Feature", "properties": { "value": "2", "label": "AQHI 2", "color": "#0099cb", "timestamp": "2026-10-09 14:00:00", "generated_at": "2026-10-09T20:31:38.042297", "nearest_km": 10.207180054433481, "n_points": 115, "weight_sum": 0.039051230759311252, "confidence": "High", "flagged": false }, "geometry": { "type": "Polygon", "coordinates": [ [ [ -113.80132509780907, 53.326994828201897 ], [ -113.701325097809075, 53.326994828201897 ], [ -113.701325097809075, 53.426994828201899 ], [ -113.80132509780907, 53.426994828201899 ], [ -113.80132509780907, 53.326994828201897 ] ] ] } },
{ "type": "Feature", "properties": { "value": "NA", "label": "No Data", "color": "#D3D3D3", "timestamp": "2026-10-09 14:00:00", "generated_at": "2026-10-09T20:31:38.042297", "nearest_km": 204.22149007020974, "n_points": 0, "weight_sum": 0.0, "confidence": "None", "flagged": false }, "geometry": { "type": "Polygon", "coordinates": [ [ [ -119.901325097808723, 53.426994828201899 ], [ -119.801325097808729, 53.426994828201899 ], [ -119.801325097808729, 53.5269948282019 ], [ -119.901325097808723, 53.5269948282019 ], [ -119.901325097808723, 53.426994828201899 ] ] ] } },
{ "type": "Feature", "properties": { "value": "NA", "label": "No Data", "color": "#D3D3D3", "timestamp": "2026-10-09 14:00:00", "generated_at": "2026-10-09T20:31:38.042297", "nearest_km": 197.18870076239662, "n_points": 0, "weight_sum": 0.0, "confidence": "None", "flagged": false }, "geometry": { "type": "Polygon", "coordinates": [ [ [ -119.801325097808729, 53.426994828201899 ], [ -119.701325097808734, 53.426994828201899 ], [ -119.701325097808734, 53.5269948282019 ], [ -119.801325097808729, 53.5269948282019 ], [ -119.801325097808729, 53.426994828201899 ] ] ] } },
{ "type": "Feature", "properties": { "value": "NA", "label": "No Data", "color": "#D3D3D3", "timestamp": "2026-10-09 14:00:00", "generated_at": "2026-10-09T20:31:38.042297", "nearest_km": 186.75899693546751, "n_points": 0, "weight_sum": 0.0, "confidence": "None", "flagged": false }, "geometry": { "type": "Polygon", "coordinates": [ [ [ -119.701325097808734, 53.426994828201899 ], [ -119.60132509780874, 53.426994828201899 ], [ -119.60132509780874, 53.5269948282019 ], [ -119.701325097808734, 53.5269948282019 ], [ -119.701325097808734, 53.426994828201899 ] ] ] } },
{ "type": "Feature", "properties": { "value": "NA", "label": "No Data", "color": "#D3D3D3", "timestamp": "2026-10-09 14:00:00", "generated_at": "2026-10-09T20:31:38.042297", "nearest_km": 176.4111168955117, "n_points": 0, "weight_sum": 0.0, "confidence": "None", "flagged": false }, "geometry": { "type": "Polygon", "coordinates": [ [ [ -119.60132509780874, 53.426994828201899 ], [ -119.501325097808746, 53.426994828201899 ], [ -119.501325097808746, 53.5269948282019 ], [ -119.60132509780874, 53.5269948282019 ], [ -119.60132509780874, 53.426994828201899 ] ] ] } },
{ "type": "Feature", "properties": { "value": "NA", "label": "No Data", "color": "#D3D3D3", "timestamp": "2026-10-09 14:00:00", "generated_at": "2026-10-09T20:31:38.042297", "nearest_km": 166.16034843578601, "n_points": 0, "weight_sum": 0.0, "confidence": "None", "flagged": false }, "geometry": { "type": "Polygon", "coordinates": [ [ [ -119.501325097808746, 53.426994828201899 ], [ -119.401325097808751, 53.426994828201899 ], [ -119.401325097808751, 53.5269948282019 ], [ -119.501325097808746, 53.5269948282019 ], [ -119.501325097808746, 53.426994828201899 ] ] ] } },
{ "type": "Feature", "properties": { "value": "NA", "label": "No Data", "color": "#D3D3D3", "timestamp": "2026-10-09 14:00:00", "generated_at": "2026-10-09T20:31:38.042297", "nearest_km": 156.02583318246272, "n_points": 0, "weight_sum": 0.0, "confidence": "None", "flagged": false }, "geometry": { "type": "Polygon", "coordinates": [ [ [ -119.401325097808751, 53.426994828201899 ], [ -119.301325097808757, 53.426994828201899 ], [ -119.301325097808757, 53.5269948282019 ], [ -119.401325097808751, 53.5269948282019 ], [ -119.401325097808751, 53.426994828201899 ] ] ] } },
{ "type": "Feature", "properties": { "value": "1", "label": "AQHI 1", "color": "#01cbff", "timestamp": "2026-10-09 14:00:00", "generated_at": "2026-10-09T20:31:38.042297", "nearest_km": 146.03177684415655, "n_points": 3, "weight_sum": 9.2059134608620224e-05, "confidence": "Low", "flagged": false }, "geometry": { "type": "Polygon", "coordinates": [ [ [ -119.301325097808757, 53.426994828201899 ], [ -119.201325097808763, 53.426994828201899 ], [ -119.201325097808763, 53.5269948282019 ], [ -119.301325097808757, 53.5269948282019 ], [ -119.301325097808757, 53.426994828201899 ] ] ] } },
{ "type": "Feature", "properties": { "value": "1", "label": "AQHI 1", "color": "#01cbff", "timestamp": "2026-10-09 14:00:00", "generated_at": "2026-10-09T20:31:38.042297", "nearest_km": 136.20910056321995, "n_points": 3, "weight_sum": 0.0001059048709269699, "confidence": "Low", "flagged": false }, "geometry": { "type": "Polygon", "coordinates": [ [ [ -119.201325097808763, 53.426994828201899 ], [ -119.101325097808768, 53.426994828201899 ], [ -119.101325097808768, 53.5269948282019 ], [ -119.201325097808763, 53.5269948282019 ], [ -119.201325097808763, 53.426994828201899 ] ] ] } },
{ "type": "Feature", "properties": { "value": "1", "label": "AQHI 1", "color": "#01cbff", "timestamp": "2026-10-09 14:00:00", "generated_at": "2026-10-09T20:31:38.042297", "nearest_km": 126.597702602461, "n_points": 3, "weight_sum": 0.00012276708735903529, "confidence": "Low", "flagged": false }, "geometry": { "type": "Polygon", "coordinates": [ [ [ -119.101325097808768, 53.426994828201899 ], [ -119.001325097808774, 53.426994828201899 ], [ -119.001325097808774, 53.5269948282019 ], [ -119.101325097808768, 53.5269948282019 ], [ -119.101325097808768, 53.426994828201899 ] ] ] } },
{ "type": "Feature", "properties": { "value": "1", "label": "AQHI 1", "color": "#01cbff", "timestamp": "2026-10-09 14:00:00", "generated_at": "2026-10-09T20:31:38.042297", "nearest_km": 117.24955237526893, "n_points": 3, "weight_sum": 0.0001434353994972126, "confidence": "Low", "flagged": false }, "geometry": { "type": "Polygon", "coordinates": [ [ [ -119.001325097808774, 53.426994828201899 ], [ -118.90132509780878, 53.426994828201899 ], [ -118.90132509780878, 53.5269948282019 ], [ -119.001325097808774, 53.5269948282019 ], [ -119.001325097808774, 53.426994828201899 ] ] ] } },
{ "type": "Feature", "properties": { "value": "1", "label": "AQHI 1", "color": "#01cbff", "timestamp": "2026-10-09 14:00:00", "generated_at": "2026-10-09T20:31:38.042297", "nearest_km": 108.23288206539023, "n_points": 4, "weight_sum": 0.0002156652470162717, "confidence": "Low", "flagged": false }, "geometry": { "type": "Polygon", "coordinates": [ [ [ -118.90132509780878, 53.426994828201899 ], [ -118.801325097808785, 53.426994828201899 ], [ -118.801325097808785, 53.5269948282019 ], [ -118.90132509780878, 53.5269948282019 ], [ -118.90132509780878, 53.426994828201899 ] ] ] } },
{ "type": "Feature", "properties": { "value": "1", "label": "AQHI 1", "color": "#01cbff", "timestamp": "2026-10-09 14:00:00", "generated_at": "2026-10-09T20:31:38.042297", "nearest_km": 99.637723720287696, "n_points": 7, "weight_sum": 0.0003540318126803516, "confidence": "Low", "flagged": false }, "geometry": { "type": "Polygon", "coordinates": [ [ [ -118.801325097808785, 53.426994828201899 ], [ -118.701325097808791, 53.426994828201899 ], [ -118.701325097808791, 53.5269948282019 ], [ -118.801325097808785, 53.5269948282019 ], [ -118.801325097808785, 53.426994828201899 ] ] ] } },
{ "type": "Feature", "properties": { "value": "1", "label": "AQHI 1", "color": "#01cbff", "timestamp": "2026-10-09 14:00:00", "generated_at": "2026-10-09T20:31:38.042297", "nearest_km": 91.417470708477694, "n_points": 7, "weight_sum": 0.00041960167906241017, "confidence": "Low", "flagged": false }, "geometry": { "type": "Polygon", "coordinates": [ [ [ -118.701325097808791, 53.426994828201899 ], [ -118.601325097808797, 53.426994828201899 ], [ -118.601325097808797, 53.5269948282019 ], [ -118.701325097808791, 53.5269948282019 ], [ -118.701325097808791, 53.426994828201899 ] ] ] } },
{ "type": "Feature", "properties": { "value": "1", "label": "AQHI 1", "color": "#01cbff", "timestamp": "2026-10-09 14:00:00", "generated_at": "2026-10-09T20:31:38.042297", "nearest_km": 83.531341978415753, "n_points": 7, "weight_sum": 0.00050090460266414335, "confidence": "Low", "flagged": false }, "geometry": { "type": "Polygon", "coordinates": [ [ [ -118.601325097808797, 53.426994828201899 ], [ -118.501325097808802, 53.426994828201899 ], [ -118.501325097808802, 53.5269948282019 ], [ -118.601325097808797, 53.5269948282019 ], [ -118.601325097808797, 53.426994828201899 ] ] ] } },
{ "type": "Feature", "properties": { "value": "1", "label": "AQHI 1", "color": "#01cbff", "timestamp": "2026-10-09 14:00:00", "generated_at": "2026-10-09T20:31:38.042297", "nearest_km": 76.447604505927288, "n_points": 7, "weight_sum": 0.0006009803833462047, "confidence": "Low", "flagged": false }, "geometry": { "type": "Polygon", "coordinates": [ [ [ -118.501325097808802, 53.426994828201899 ], [ -118.401325097808808, 53.426994828201899 ], [ -118.401325097808808, 53.5269948282019 ], [ -118.501325097808802, 53.5269948282019 ], [ -118.501325097808802, 53.426994828201899 ] ] ] } },
{ "type": "Feature", "properties": { "value": "1", "label": "AQHI 1", "color": "#01cbff", "timestamp": "2026-10-09 14:00:00", "generated_at": "2026-10-09T20:31:38.042297", "nearest_km": 70.408858651978463, "n_points": 9, "weight_sum": 0.00078987320340509731, "confidence": "Medium", "flagged": false }, "geometry": { "type": "Polygon", "coordinates": [ [ [ -118.401325097808808, 53.426994828201899 ], [ -118.301325097808814, 53.426994828201899 ], [ -118.301325097808814, 53.5269948282019 ], [ -118.401325097808808, 53.5269948282019 ], [ -118.401325097808808, 53.426994828201899 ] ] ] } },
{ "type": "Feature", "properties": { "value": "1", "label": "AQHI 1", "color": "#01cbff", "timestamp": "2026-10-09 14:00:00", "generated_at": "2026-10-09T20:31:38.042297", "nearest_km": 65.644749696550676, "n_points": 9, "weight_sum": 0.00094575096086552406, "confidence": "Medium", "flagged": false }, "geometry": { "type": "Polygon", "coordinates": [ [ [ -118.301325097808814, 53.426994828201899 ], [ -118.201325097808819, 53.426994828201899 ], [ -118.201325097808819, 53.5269948282019 ], [ -118.301325097808814, 53.5269948282019 ], [ -118.301325097808814, 53.426994828201899 ] ] ] } },
{ "type": "Feature", "properties": { "value": "1", "label": "AQHI 1", "color": "#01cbff", "timestamp": "2026-10-09 14:00:00", "generated_at": "2026-10-09T20:31:38.042297", "nearest_km": 62.440732328363353, "n_points": 9, "weight_sum": 0.0011332832984895017, "confidence": "Medium", "flagged": false }, "geometry": { "type": "Polygon", "coordinates": [ [ [ -118.201325097808819, 53.426994828201899 ], [ -118.101325097808825, 53.426994828201899 ], [ -118.101325097808825, 53.5269948282019 ], [ -118.201325097808819, 53.5269948282019 ], [ -118.201325097808819, 53.426994828201899 ] ] ] } },
{ "type": "Feature", "properties": { "value": "1", "label": "AQHI 1", "color": "#01cbff", "timestamp": "2026-10-09 14:00:00", "generated_at": "2026-10-09T20:31:38.042297", "nearest_km": 57.481451778562246, "n_points": 9, "weight_sum": 0.0013746454224338159, "confidence": "Medium", "flagged": false }, "geometry": { "type": "Polygon", "coordinates": [ [ [ -118.101325097808825, 53.426994828201899 ], [ -118.001325097808831, 53.426994828201899 ], [ -118.001325097808831, 53.5269948282019 ], [ -118.101325097808825, 53.5269948282019 ], [ -118.101325097808825, 53.426994828201899 ] ] ] } },
{ "type": "Feature", "properties": { "value": "1", "label": "AQHI 1", "color": "#01cbff", "timestamp": "2026-10-09 14:00:00", "generated_at": "2026-10-09T20:31:38.042297", "nearest_km": 46.411577269801093, "n_points": 9, "weight_sum": 0.0017406042680490098, "confidence": "Medium", "flagged": false }, "geometry": { "type": "Polygon", "coordinates": [ [ [ -118.001325097808831, 53.426994828201899 ], [ -117.901325097808837, 53.426994828201899 ], [ -117.901325097808837, 53.5269948282019 ], [ -118.001325097808831, 53.5269948282019 ], [ -118.001325097808831, 53.426994828201899 ] ] ] } },
{ "type": "Feature", "properties": { "value": "1", "label": "AQHI 1", "color": "#01cbff", "timestamp": "2026-10-09 14:00:00", "generated_at": "2026-10-09T20:31:38.042297", "nearest_km": 35.360595452710214, "n_points": 10, "weight_sum": 0.0024623247577034621, "confidence": "Medium", "flagged": false }, "geometry": { "type": "Polygon", "coordinates": [ [ [ -117.901325097808837, 53.426994828201899 ], [ -117.801325097808842, 53.426994828201899 ], [ -117.801325097808842, 53.5269948282019 ], [ -117.901325097808837, 53.5269948282019 ], [ -117.901325097808837, 53.426994828201899 ] ] ] } },
{ "type": "Feature", "properties": { "value": "1", "label": "AQHI 1", "color": "#01cbff", "timestamp": "2026-10-09 14:00:00", "generated_at": "2026-10-09T20:31:38.042297", "nearest_km": 24.354238170587792, "n_points": 11, "weight_sum": 0.0042328478930537252, "confidence": "High", "flagged": false }, "geometry": { "type": "Polygon", "coordinates": [ [ [ -117.801325097808842, 53.426994828201899 ], [ -117.701325097808848, 53.426994828201899 ], [ -117.701325097808848, 53.5269948282019 ], [ -117.801325097808842, 53.5269948282019 ], [ -117.801325097808842, 53.426994828201899 ] ] ] } },
{ "type": "Feature", "properties": { "value": "1", "label": "AQHI 1", "color": "#01cbff", "timestamp": "2026-10-09 14:00:00", "generated_at": "2026-10-09T20:31:38.042297", "nearest_km": 13.502078468486699, "n_points": 14, "weight_sum": 0.011125190182327414, "confidence": "High", "flagged": false }, "geometry": { "type": "Polygon", "coordinates": [ [ [ -117.701325097808848, 53.426994828201899 ], [ -117.601325097808854, 53.426994828201899 ], [ -117.601325097808854, 53.5269948282019 ], [ -117.701325097808848, 53.5269948282019 ], [ -117.701325097808848, 53.426994828201899 ] ] ] } },
{ "type": "Feature", "properties": { "value": "1", "label": "AQHI 1", "color": "#01cbff", "timestamp": "2026-10-09 14:00:00", "generated_at": "2026-10-09T20:31:38.042297", "nearest_km": 4.2312325708475242, "n_points": 14, "weight_sum": 0.091562789298336625, "confidence": "High", "flagged": false }, "geometry": { "type": "Polygon", "coordinates": [ [ [ -117.601325097808854, 53.426994828201899 ], [ -117.501325097808859, 53.426994828201899 ], [ -117.501325097808859, 53.5269948282019 ], [ -117.601325097808854, 53.5269948282019 ], [ -117.601325097808854, 53.426994828201899 ] ] ] } },
{ "type": "Feature", "properties": { "value": "1", "label": "AQHI 1", "color": "#01cbff", "timestamp": "2026-10-09 14:00:00", "generated_at": "2026-10-09T20:31:38.042297", "nearest_km": 4.0763981589969251, "n_points": 14, "weight_sum": 0.085503823169879284, "confidence": "High", "flagged": false }, "geometry": { "type": "Polygon", "coordinates": [ [ [ -117.501325097808859, 53.426994828201899 ], [ -117.401325097808865, 53.426994828201899 ], [ -117.401325097808865, 53.5269948282019 ], [ -117.501325097808859, 53.5269948282019 ], [ -117.501325097808859, 53.426994828201899 ] ] ] } },
{ "type": "Feature", "properties": { "value": "1", "label": "AQHI 1", "color": "#01cbff", "timestamp": "2026-10-09 14:00:00", "generated_at": "2026-10-09T20:31:38.042297", "nearest_km": 15.165076258629727, "n_points": 14, "weight_sum": 0.0096385223250056804, "confidence": "High", "flagged": false }, "geometry": { "type": "Polygon", "coordinates": [ [ [ -117.401325097808865, 53.426994828201899 ], [ -117.301325097808871, 53.426994828201899 ], [ -117.301325097808871, 53.5269948282019 ], [ -117.401325097808865, 53.5269948282019 ], [ -117.401325097808865, 53.426994828201899 ] ] ] } },
{ "type": "Feature", "properties": { "value": "1", "label": "AQHI 1", "color": "#01cbff", "timestamp": "2026-10-09 14:00:00", "generated_at": "2026-10-09T20:31:38.042297", "nearest_km": 26.263321456156458, "n_points": 14, "weight_sum": 0.0044971949048011207, "confidence": "Medium", "flagged": false }, "geometry": { "type": "Polygon", "coordinates": [ [ [ -117.301325097808871, 53.426994828201899 ], [ -117.201325097808876, 53.426994828201899 ], [ -117.201325097808876, 53.5269948282019 ], [ -117.301325097808871, 53.5269948282019 ], [ -117.301325097808871, 53.426994828201899 ] ] ] } },
{ "type": "Feature", "properties": { "value": "1", "label": "AQHI 1", "color": "#01cbff", "timestamp": "2026-10-09 14:00:00", "generated_at": "2026-10-09T20:31:38.042297", "nearest_km": 34.903164341575085, "n_points": 15, "weight_sum": 0.0033185360130685787, "confidence": "Medium", "flagged": false }, "geometry": { "type": "Polygon", "coordinates": [ [ [ -117.201325097808876, 53.426994828201899 ], [ -117.101325097808882, 53.426994828201899 ], [ -117.101325097808882, 53.5269948282019 ], [ -117.201325097808876, 53.5269948282019 ], [ -117.201325097808876, 53.426994828201899 ] ] ] } },
{ "type": "Feature", "properties": { "value": "1", "label": "AQHI 1", "color": "#01cbff", "timestamp": "2026-10-09 14:00:00", "generated_at": "2026-10-09T20:31:38.042297", "nearest_km": 32.708581461664792, "n_points": 15, "weight_sum": 0.0028848295060220101, "confidence": "Medium", "flagged": false }, "geometry": { "type": "Polygon", "coordinates": [ [ [ -117.101325097808882, 53.426994828201899 ], [ -117.001325097808888, 53.426994828201899 ], [ -117.001325097808888, 53.5269948282019 ], [ -117.101325097808882, 53.5269948282019 ], [ -117.101325097808882, 53.426994828201899 ] ] ] } },
{ "type": "Feature", "properties": { "value": "1", "label": "AQHI 1", "color": "#01cbff", "timestamp": "2026-10-09 14:00:00", "generated_at": "2026-10-09T20:31:38.042297", "nearest_km": 34.174430813309783, "n_points": 15, "weight_sum": 0.0024943292662410808, "confidence": "Medium", "flagged": false }, "geometry": { "type": "Polygon", "coordinates": [ [ [ -117.001325097808888, 53.426994828201899 ], [ -116.901325097808893, 53.426994828201899 ], [ -116.901325097808893, 53.5269948282019 ], [ -117.001325097808888, 53.5269948282019 ], [ -117.001325097808888, 53.426994828201899 ] ] ] } },
{ "type": "Feature", "properties": { "value": "1", "label": "AQHI 1", "color": "#01cbff", "timestamp": "2026-10-09 14:00:00", "generated_at": "2026-10-09T20:31:38.042297", "nearest_km": 38.888971979122886, "n_points": 14, "weight_sum": 0.002082977485138352, "confidence": "Medium", "flagged": false }, "geometry": { "type": "Polygon", "coordinates": [ [ [ -116.901325097808893, 53.426994828201899 ], [ -116.801325097808899, 53.426994828201899 ], [ -116.801325097808899, 53.5269948282019 ], [ -116.901325097808893, 53.5269948282019 ], [ -116.901325097808893, 53.426994828201899 ] ] ] } },
{ "type": "Feature", "properties": { "value": "1", "label": "AQHI 1", "color": "#01cbff", "timestamp": "2026-10-09 14:00:00", "generated_at": "2026-10-09T20:31:38.042297", "nearest_km": 43.135334530593738, "n_points": 12, "weight_sum": 0.0017946323023310122, "confidence": "Medium", "flagged": false }, "geometry": { "type": "Polygon", "coordinates": [ [ [ -116.801325097808899, 53.426994828201899 ], [ -116.701325097808905, 53.426994828201899 ], [ -116.701325097808905, 53.5269948282019 ], [ -116.801325097808899, 53.5269948282019 ], [ -116.801325097808899, 53.426994828201899 ] ] ] } },
{ "type": "Feature", "properties": { "value": "1", "label": "AQHI 1", "color": "#01cbff", "timestamp": "2026-10-09 14:00:00", "generated_at": "2026-10-09T20:31:38.042297", "nearest_km": 33.207386663897026, "n_points": 12, "weight_sum": 0.0018554883761510393, "confidence": "Medium", "flagged": false }, "geometry": { "type": "Polygon", "coordinates": [ [ [ -116.701325097808905, 53.426994828201899 ], [ -116.60132509780891, 53.426994828201899 ], [ -116.60132509780891, 53.5269948282019 ], [ -116.701325097808905, 53.5269948282019 ], [ -116.701325097808905, 53.426994828201899 ] ] ] } },
{ "type": "Feature", "properties": { "value": "1", "label": "AQHI 1", "color": "#01cbff", "timestamp": "2026-10-09 14:00:00", "generated_at": "2026-10-09T20:31:38.042297", "nearest_km": 24.315097635520011, "n_points": 11, "weight_sum": 0.0023519013398093412, "confidence": "High", "flagged": false }, "geometry": { "type": "Polygon", "coordinates": [ [ [ -116.60132509780891, 53.426994828201899 ], [ -116.501325097808916, 53.426994828201899 ], [ -116.501325097808916, 53.5269948282019 ], [ -116.60132509780891, 53.5269948282019 ], [ -116.60132509780891, 53.426994828201899 ] ] ] } },
{ "type": "Feature", "properties": { "value": "1", "label": "AQHI 1", "color": "#01cbff", "timestamp": "2026-10-09 14:00:00", "generated_at": "2026-10-09T20:31:38.042297", "nearest_km": 18.059275096308482, "n_points": 10, "weight_sum": 0.0034492518337976841, "confidence": "High", "flagged": false }, "geometry": { "type": "Polygon", "coordinates": [ [ [ -116.501325097808916, 53.426994828201899 ], [ -116.401325097808922, 53.426994828201899 ], [ -116.401325097808922, 53.5269948282019 ], [ -116.501325097808916, 53.5269948282019 ], [ -116.501325097808916, 53.426994828201899 ] ] ] } },
{ "type": "Feature", "properties": { "value": "1", "label": "AQHI 1", "color": "#01cbff", "timestamp": "2026-10-09 14:00:00", "generated_at": "2026-10-09T20:31:38.042297", "nearest_km": 17.534847047619117, "n_points": 9, "weight_sum": 0.0036832651177855771, "confidence": "High", "flagged": false }, "geometry": { "type": "Polygon", "coordinates": [ [ [ -116.401325097808922, 53.426994828201899 ], [ -116.301325097808927, 53.426994828201899 ], [ -116.301325097808927, 53.5269948282019 ], [ -116.401325097808922, 53.5269948282019 ], [ -116.401325097808922, 53.426994828201899 ] ] ] } },
{ "type": "Feature", "properties": { "value": "1", "label": "AQHI 1", "color": "#01cbff", "timestamp": "2026-10-09 14:00:00", "generated_at": "2026-10-09T20:31:38.042297", "nearest_km": 22.835927834174264, "n_points": 15, "weight_sum": 0.0026042341650378627, "confidence": "High", "flagged": false }, "geometry": { "type": "Polygon", "coordinates": [ [ [ -116.301325097808927, 53.426994828201899 ], [ -116.201325097808933, 53.426994828201899 ], [ -116.201325097808933, 53.5269948282019 ], [ -116.301325097808927, 53.5269948282019 ], [ -116.301325097808927, 53.426994828201899 ] ] ] } },
{ "type": "Feature", "properties": { "value": "1", "label": "AQHI 1", "color": "#01cbff", "timestamp": "2026-10-09 14:00:00", "generated_at": "2026-10-09T20:31:38.042297", "nearest_km": 30.877246234514047, "n_points": 14, "weight_sum": 0.0017537253311146553, "confidence": "Medium", "flagged": false }, "geometry": { "type": "Polygon", "coordinates": [ [ [ -116.201325097808933, 53.426994828201899 ], [ -116.101325097808939, 53.426994828201899 ], [ -116.101325097808939, 53.5269948282019 ], [ -116.201325097808933, 53.5269948282019 ], [ -116.201325097808933, 53.426994828201899 ] ] ] } },
{ "type": "Feature", "properties": { "value": "1", "label": "AQHI 1", "color": "#01cbff", "timestamp": "2026-10-09 14:00:00", "generated_at": "2026-10-09T20:31:38.042297", "nearest_km": 33.342110811709261, "n_points": 12, "weight_sum": 0.001438202896757997, "confidence": "Medium", "flagged": false }, "geometry": { "type": "Polygon", "coordinates": [ [ [ -116.101325097808939, 53.426994828201899 ], [ -116.001325097808945, 53.426994828201899 ], [ -116.001325097808945, 53.5269948282019 ], [ -116.101325097808939, 53.5269948282019 ], [ -116.101325097808939, 53.426994828201899 ] ] ] } },
{ "type": "Feature", "properties": { "value": "1", "label": "AQHI 1", "color": "#01cbff", "timestamp": "2026-10-09 14:00:00", "generated_at": "2026-10-09T20:31:38.042297", "nearest_km": 25.833864042367622, "n_points": 12, "weight_sum": 0.001543641509161562, "confidence": "Medium", "flagged": false }, "geometry": { "type": "Polygon", "coordinates": [ [ [ -116.001325097808945, 53.426994828201899 ], [ -115.90132509780895, 53.426994828201899 ], [ -115.90132509780895, 53.5269948282019 ], [ -116.001325097808945, 53.5269948282019 ], [ -116.001325097808945, 53.426994828201899 ] ] ] } },
{ "type": "Feature", "properties": { "value": "1", "label": "AQHI 1", "color": "#01cbff", "timestamp": "2026-10-09 14:00:00", "generated_at": "2026-10-09T20:31:38.042297", "nearest_km": 21.667965048401324, "n_points": 13, "weight_sum": 0.0018047755319733139, "confidence": "High", "flagged": false }, "geometry": { "type": "Polygon", "coordinates": [ [ [ -115.90132509780895, 53.426994828201899 ], [ -115.801325097808956, 53.426994828201899 ], [ -115.801325097808956, 53.5269948282019 ], [ -115.90132509780895, 53.5269948282019 ], [ -115.90132509780895, 53.426994828201899 ] ] ] } },
{ "type": "Feature", "properties": { "value": "1", "label": "AQHI 1", "color": "#01cbff", "timestamp": "2026-10-09 14:00:00", "generated_at": "2026-10-09T20:31:38.042297", "nearest_km": 22.760335834910702, "n_points": 12, "weight_sum": 0.0016605593642014329, "confidence": "High", "flagged": false }, "geometry": { "type": "Polygon", "coordinates": [ [ [ -115.801325097808956, 53.426994828201899 ], [ -115.701325097808962, 53.426994828201899 ], [ -115.701325097808962, 53.5269948282019 ], [ -115.801325097808956, 53.5269948282019 ], [ -115.801325097808956, 53.426994828201899 ] ] ] } },
{ "type": "Feature", "properties": { "value": "1", "label": "AQHI 1", "color": "#01cbff", "timestamp": "2026-10-09 14:00:00", "generated_at": "2026-10-09T20:31:38.042297", "nearest_km": 28.512892966113959, "n_points": 15, "weight_sum": 0.0014346172247574895, "confidence": "Medium", "flagged": false }, "geometry": { "type": "Polygon", "coordinates": [ [ [ -115.701325097808962, 53.426994828201899 ], [ -115.601325097808967, 53.426994828201899 ], [ -115.601325097808967, 53.5269948282019 ], [ -115.701325097808962, 53.5269948282019 ], [ -115.701325097808962, 53.426994828201899 ] ] ] } },
{ "type": "Feature", "properties": { "value": "1", "label": "AQHI 1", "color": "#01cbff", "timestamp": "2026-10-09 14:00:00", "generated_at": "2026-10-09T20:31:38.042297", "nearest_km": 36.801592944819568, "n_points": 15, "weight_sum": 0.00134926431915438, "confidence": "Medium", "flagged": false }, "geometry": { "type": "Polygon", "coordinates": [ [ [ -115.601325097808967, 53.426994828201899 ], [ -115.501325097808973, 53.426994828201899 ], [ -115.501325097808973, 53.5269948282019 ], [ -115.601325097808967, 53.5269948282019 ], [ -115.601325097808967, 53.426994828201899 ] ] ] } },
{ "type": "Feature", "properties": { "value": "2", "label": "AQHI 2", "color": "#0099cb", "timestamp": "2026-10-09 14:00:00", "generated_at": "2026-10-09T20:31:38.042297", "nearest_km": 46.283360090374686, "n_points": 18, "weight_sum": 0.0015759742140353031, "confidence": "Medium", "flagged": false }, "geometry": { "type": "Polygon", "coordinates": [ [ [ -115.501325097808973, 53.426994828201899 ], [ -115.401325097808979, 53.426994828201899 ], [ -115.401325097808979, 53.5269948282019 ], [ -115.501325097808973, 53.5269948282019 ], [ -115.501325097808973, 53.426994828201899 ] ] ] } },
{ "type": "Feature", "properties": { "value": "2", "label": "AQHI 2", "color": "#0099cb", "timestamp": "2026-10-09 14:00:00", "generated_at": "2026-10-09T20:31:38.042297", "nearest_km": 46.86425024082093, "n_points": 20, "weight_sum": 0.0020102688222705225, "confidence": "Medium", "flagged": false }, "geometry": { "type": "Polygon", "coordinates": [ [ [ -115.401325097808979, 53.426994828201899 ], [ -115.301325097808984, 53.426994828201899 ], [ -115.301325097808984, 53.5269948282019 ], [ -115.401325097808979, 53.5269948282019 ], [ -115.401325097808979, 53.426994828201899 ] ] ] } },
{ "type": "Feature", "properties": { "value": "2", "label": "AQHI 2", "color": "#0099cb", "timestamp": "2026-10-09 14:00:00", "generated_at": "2026-10-09T20:31:38.042297", "nearest_km": 37.090181636296201, "n_points": 22, "weight_sum": 0.0028258724541502991, "confidence": "Medium", "flagged": false }, "geometry": { "type": "Polygon", "coordinates": [ [ [ -115.301325097808984, 53.426994828201899 ], [ -115.20132509780899, 53.426994828201899 ], [ -115.20132509780899, 53.5269948282019 ], [ -115.301325097808984, 53.5269948282019 ], [ -115.301325097808984, 53.426994828201899 ] ] ] } },
{ "type": "Feature", "properties": { "value": "2", "label": "AQHI 2", "color": "#0099cb", "timestamp": "2026-10-09 14:00:00", "generated_at": "2026-10-09T20:31:38.042297", "nearest_km": 28.311220337395824, "n_points": 25, "weight_sum": 0.0043616742078607176, "confidence": "Medium", "flagged": false }, "geometry": { "type": "Polygon", "coordinates": [ [ [ -115.20132509780899, 53.426994828201899 ], [ -115.101325097808996, 53.426994828201899 ], [ -115.101325097808996, 53.5269948282019 ], [ -115.20132509780899, 53.5269948282019 ], [ -115.20132509780899, 53.426994828201899 ] ] ] } },
{ "type": "Feature", "properties": { "value": "2", "label": "AQHI 2", "color": "#0099cb", "timestamp": "2026-10-09 14:00:00", "generated_at": "2026-10-09T20:31:38.042297", "nearest_km": 21.766690611383208, "n_points": 26, "weight_sum": 0.0069801254068326771, "confidence": "High", "flagged": false }, "geometry": { "type": "Polygon", "coordinates": [ [ [ -115.101325097808996, 53.426994828201899 ], [ -115.001325097809001, 53.426994828201899 ], [ -115.001325097809001, 53.5269948282019 ], [ -115.101325097808996, 53.5269948282019 ], [ -115.101325097808996, 53.426994828201899 ] ] ] } },
{ "type": "Feature", "properties": { "value": "2", "label": "AQHI 2", "color": "#0099cb", "timestamp": "2026-10-09 14:00:00", "generated_at": "2026-10-09T20:31:38.042297", "nearest_km": 18.461105445155866, "n_points": 29, "weight_sum": 0.0095036519678074263, "confidence": "High", "flagged": false }, "geometry": { "type": "Polygon", "coordinates": [ [ [ -115.001325097809001, 53.426994828201899 ], [ -114.901325097809007, 53.426994828201899 ], [ -114.901325097809007, 53.5269948282019 ], [ -115.001325097809001, 53.5269948282019 ], [ -115.001325097809001, 53.426994828201899 ] ] ] } },
{ "type": "Feature", "properties": { "value": "2", "label": "AQHI 2", "color": "#0099cb", "timestamp": "2026-10-09 14:00:00", "generated_at": "2026-10-09T20:31:38.042297", "nearest_km": 20.048053777315946, "n_points": 45, "weight_sum": 0.0087976403025236405, "confidence": "High", "flagged": false }, "geometry": { "type": "Polygon", "coordinates": [ [ [ -114.901325097809007, 53.426994828201899 ], [ -114.801325097809013, 53.426994828201899 ], [ -114.801325097809013, 53.5269948282019 ], [ -114.901325097809007, 53.5269948282019 ], [ -114.901325097809007, 53.426994828201899 ] ] ] } },
{ "type": "Feature", "properties": { "value": "2", "label": "AQHI 2", "color": "#0099cb", "timestamp": "2026-10-09 14:00:00", "generated_at": "2026-10-09T20:31:38.042297", "nearest_km": 26.40892052389048, "n_points": 73, "weight_sum": 0.0073609566909053712, "confidence": "Medium", "flagged": false }, "geometry": { "type": "Polygon", "coordinates": [ [ [ -114.801325097809013, 53.426994828201899 ], [ -114.701325097809018, 53.426994828201899 ], [ -114.701325097809018, 53.5269948282019 ], [ -114.801325097809013, 53.5269948282019 ], [ -114.801325097809013, 53.426994828201899 ] ] ] } },
{ "type": "Feature", "properties": { "value": "2", "label": "AQHI 2", "color": "#0099cb", "timestamp": "2026-10-09 14:00:00", "generated_at": "2026-10-09T20:31:38.042297", "nearest_km": 30.870639807983355, "n_points": 93, "weight_sum": 0.0071410676914923539, "confidence": "Medium", "flagged": false }, "geometry": { "type": "Polygon", "coordinates": [ [ [ -114.701325097809018, 53.426994828201899 ], [ -114.601325097809024, 53.426994828201899 ], [ -114.601325097809024, 53.5269948282019 ], [ -114.701325097809018, 53.5269948282019 ], [ -114.701325097809018, 53.426994828201899 ] ] ] } },
{ "type": "Feature", "properties": { "value": "1", "label": "AQHI 1", "color": "#01cbff", "timestamp": "2026-10-09 14:00:00", "generated_at": "2026-10-09T20:31:38.042297", "nearest_km": 21.729453194530063, "n_points": 100, "weight_sum": 0.0082161073313859398, "confidence": "High", "flagged": false }, "geometry": { "type": "Polygon", "coordinates": [ [ [ -114.601325097809024, 53.426994828201899 ], [ -114.50132509780903, 53.426994828201899 ], [ -114.50132509780903, 53.5269948282019 ], [ -114.601325097809024, 53.5269948282019 ], [ -114.601325097809024, 53.426994828201899 ] ] ] } },
{ "type": "Feature", "properties": { "value": "1", "label": "AQHI 1", "color": "#01cbff", "timestamp": "2026-10-09 14:00:00", "generated_at": "2026-10-09T20:31:38.042297", "nearest_km": 14.049926306641174, "n_points": 105, "weight_sum": 0.011885747264155252, "confidence": "High", "flagged": false }, "geometry": { "type": "Polygon", "coordinates": [ [ [ -114.50132509780903, 53.426994828201899 ], [ -114.401325097809035, 53.426994828201899 ], [ -114.401325097809035, 53.5269948282019 ], [ -114.50132509780903, 53.5269948282019 ], [ -114.50132509780903, 53.426994828201899 ] ] ] } },
{ "type": "Feature", "properties": { "value": "1", "label": "AQHI 1", "color": "#01cbff", "timestamp": "2026-10-09 14:00:00", "generated_at": "2026-10-09T20:31:38.042297", "nearest_km": 2.9627688402984216, "n_points": 110, "weight_sum": 0.068020689499375148, "confidence": "High", "flagged": false }, "geometry": { "type": "Polygon", "coordinates": [ [ [ -114.401325097809035, 53.426994828201899 ], [ -114.301325097809041, 53.426994828201899 ], [ -114.301325097809041, 53.5269948282019 ], [ -114.401325097809035, 53.5269948282019 ], [ -114.401325097809035, 53.426994828201899 ] ] ] } },
{ "type": "Feature", "properties": { "value": "1", "label": "AQHI 1", "color": "#01cbff", "timestamp": "2026-10-09 14:00:00", "generated_at": "2026-10-09T20:31:38.042297", "nearest_km": 8.1593853432725432, "n_points": 113, "weight_sum": 0.021248540602272312, "confidence": "High", "flagged": false }, "geometry": { "type": "Polygon", "coordinates": [ [ [ -114.301325097809041, 53.426994828201899 ], [ -114.201325097809047, 53.426994828201899 ], [ -114.201325097809047, 53.5269948282019 ], [ -114.301325097809041, 53.5269948282019 ], [ -114.301325097809041, 53.426994828201899 ] ] ] } },
{ "type": "Feature", "properties": { "value": "2", "label": "AQHI 2", "color": "#0099cb", "timestamp": "2026-10-09 14:00:00", "generated_at": "2026-10-09T20:31:38.042297", "nearest_km": 13.374589594057268, "n_points": 115, "weight_sum": 0.020409541081518955, "confidence": "High", "flagged": false }, "geometry": { "type": "Polygon", "coordinates": [ [ [ -114.201325097809047, 53.426994828201899 ], [ -114.101325097809053, 53.426994828201899 ], [ -114.101325097809053, 53.5269948282019 ], [ -114.201325097809047, 53.5269948282019 ], [ -114.201325097809047, 53.426994828201899 ] ] ] } },
{ "type": "Feature", "properties": { "value": "2", "label": "AQHI 2", "color": "#0099cb", "timestamp": "2026-10-09 14:00:00", "generated_at": "2026-10-09T20:31:38.042297", "nearest_km": 13.399368235921807, "n_points": 116, "weight_sum": 0.022843111733587475, "confidence": "High", "flagged": false }, "geometry": { "type": "Polygon", "coordinates": [ [ [ -114.101325097809053, 53.426994828201899 ], [ -114.001325097809058, 53.426994828201899 ], [ -114.001325097809058, 53.5269948282019 ], [ -114.101325097809053, 53.5269948282019 ], [ -114.101325097809053, 53.426994828201899 ] ] ] } },
{ "type": "Feature", "properties": { "value": "2", "label": "AQHI 2", "color": "#0099cb", "timestamp": "2026-10-09 14:00:00", "generated_at": "2026-10-09T20:31:38.042297", "nearest_km": 14.653391468982491, "n_points": 116, "weight_sum": 0.027909713422193557, "confidence": "High", "flagged": false }, "geometry": { "type": "Polygon", "coordinates": [ [ [ -114.001325097809058, 53.426994828201899 ], [ -113.901325097809064, 53.426994828201899 ], [ -113.901325097809064, 53.5269948282019 ], [ -114.001325097809058, 53.5269948282019 ], [ -114.001325097809058, 53.426994828201899 ] ] ] } },
{ "type": "Feature", "properties": { "value": "2", "label": "AQHI 2", "color": "#0099cb", "timestamp": "2026-10-09 14:00:00", "generated_at": "2026-10-09T20:31:38.042297", "nearest_km": 13.124469571036412, "n_points": 116, "weight_sum": 0.037363106233261979, "confidence": "High", "flagged": false }, "geometry": { "type": "Polygon", "coordinates": [ [ [ -113.901325097809064, 53.426994828201899 ], [ -113.80132509780907, 53.426994828201899 ], [ -113.80132509780907, 53.5269948282019 ], [ -113.901325097809064, 53.5269948282019 ], [ -113.901325097809064, 53.426994828201899 ] ] ] } },
{ "type": "Feature", "properties": { "value": "2", "label": "AQHI 2", "color": "#0099cb", "timestamp": "2026-10-09 14:00:00", "generated_at": "2026-10-09T20:31:38.042297", "nearest_km": 9.0848598392692015, "n_points": 116, "weight_sum": 0.060554067038657497, "confidence": "High", "flagged": false }, "geometry": { "type": "Polygon", "coordinates": [ [ [ -113.80132509780907, 53.426994828201899 ], [ -113.701325097809075, 53.426994828201899 ], [ -113.701325097809075, 53.5269948282019 ], [ -113.80132509780907, 53.5269948282019 ], [ -113.80132509780907, 53.426994828201899 ] ] ] } },
{ "type": "Feature", "properties": { "value": "NA", "label": "No Data", "color": "#D3D3D3", "timestamp": "2026-10-09 14:00:00", "generated_at": "2026-10-09T20:31:38.042297", "nearest_km": 193.57093067439604, "n_points": 0, "weight_sum": 0.0, "confidence": "None", "flagged": false }, "geometry": { "type": "Polygon", "coordinates": [ [ [ -119.901325097808723, 53.5269948282019 ], [ -119.801325097808729, 53.5269948282019 ], [ -119.801325097808729, 53.626994828201902 ], [ -119.901325097808723, 53.626994828201902 ], [ -119.901325097808723, 53.5269948282019 ] ] ] } },
{ "type": "Feature", "properties": { "value": "NA", "label": "No Data", "color": "#D3D3D3", "timestamp": "2026-10-09 14:00:00", "generated_at": "2026-10-09T20:31:38.042297", "nearest_km": 190.65587967889067, "n_points": 0, "weight_sum": 0.0, "confidence": "None", "flagged": false }, "geometry": { "type": "Polygon", "coordinates": [ [ [ -119.801325097808729, 53.5269948282019 ], [ -119.701325097808734, 53.5269948282019 ], [ -119.701325097808734, 53.626994828201902 ], [ -119.801325097808729, 53.626994828201902 ], [ -119.801325097808729, 53.5269948282019 ] ] ] } },
{ "type": "Feature", "properties": { "value": "NA", "label": "No Data", "color": "#D3D3D3", "timestamp": "2026-10-09 14:00:00", "generated_at": "2026-10-09T20:31:38.042297", "nearest_km": 188.3508526928174, "n_points": 0, "weight_sum": 0.0, "confidence": "None", "flagged": false }, "geometry": { "type": "Polygon", "coordinates": [ [ [ -119.701325097808734, 53.5269948282019 ], [ -119.60132509780874, 53.5269948282019 ], [ -119.60132509780874, 53.626994828201902 ], [ -119.701325097808734, 53.626994828201902 ], [ -119.701325097808734, 53.5269948282019 ] ] ] } },
{ "type": "Feature", "properties": { "value": "NA", "label": "No Data", "color": "#D3D3D3", "timestamp": "2026-10-09 14:00:00", "generated_at": "2026-10-09T20:31:38.042297", "nearest_km": 180.83706219571542, "n_points": 0, "weight_sum": 0.0, "confidence": "None", "flagged": false }, "geometry": { "type": "Polygon", "coordinates": [ [ [ -119.60132509780874, 53.5269948282019 ], [ -119.501325097808746, 53.5269948282019 ], [ -119.501325097808746, 53.626994828201902 ], [ -119.60132509780874, 53.626994828201902 ], [ -119.60132509780874, 53.5269948282019 ] ] ] } },
{ "type": "Feature", "properties": { "value": "NA", "label": "No Data", "color": "#D3D3D3", "timestamp": "2026-10-09 14:00:00", "generated_at": "2026-10-09T20:31:38.042297", "nearest_km": 170.85204795833428, "n_points": 0, "weight_sum": 0.0, "confidence": "None", "flagged": false }, "geometry": { "type": "Polygon", "coordinates": [ [ [ -119.501325097808746, 53.5269948282019 ], [ -119.401325097808751, 53.5269948282019 ], [ -119.401325097808751, 53.626994828201902 ], [ -119.501325097808746, 53.626994828201902 ], [ -119.501325097808746, 53.5269948282019 ] ] ] } },
{ "type": "Feature", "properties": { "value": "NA", "label": "No Data", "color": "#D3D3D3", "timestamp": "2026-10-09 14:00:00", "generated_at": "2026-10-09T20:31:38.042297", "nearest_km": 161.01310977537463, "n_points": 0, "weight_sum": 0.0, "confidence": "None", "flagged": false }, "geometry": { "type": "Polygon", "coordinates": [ [ [ -119.401325097808751, 53.5269948282019 ], [ -119.301325097808757, 53.5269948282019 ], [ -119.301325097808757, 53.626994828201902 ], [ -119.401325097808751, 53.626994828201902 ], [ -119.401325097808751, 53.5269948282019 ] ] ] } },
{ "type": "Feature", "properties": { "value": "NA", "label": "No Data", "color": "#D3D3D3", "timestamp": "2026-10-09 14:00:00", "generated_at": "2026-10-09T20:31:38.042297", "nearest_km": 151.34873883688854, "n_points": 0, "weight_sum": 0.0, "confidence": "None", "flagged": false }, "geometry": { "type": "Polygon", "coordinates": [ [ [ -119.301325097808757, 53.5269948282019 ], [ -119.201325097808763, 53.5269948282019 ], [ -119.201325097808763, 53.626994828201902 ], [ -119.301325097808757, 53.626994828201902 ], [ -119.301325097808757, 53.5269948282019 ] ] ] } },
{ "type": "Feature", "properties": { "value": "1", "label": "AQHI 1", "color": "#01cbff", "timestamp": "2026-10-09 14:00:00", "generated_at": "2026-10-09T20:31:38.042297", "nearest_km": 141.89460869073397, "n_points": 3, "weight_sum": 9.8066046146128523e-05, "confidence": "Low", "flagged": false }, "geometry": { "type": "Polygon", "coordinates": [ [ [ -119.201325097808763, 53.5269948282019 ], [ -119.101325097808768, 53.5269948282019 ], [ -119.101325097808768, 53.626994828201902 ], [ -119.201325097808763, 53.626994828201902 ], [ -119.201325097808763, 53.5269948282019 ] ] ] } },
{ "type": "Feature", "properties": { "value": "1", "label": "AQHI 1", "color": "#01cbff", "timestamp": "2026-10-09 14:00:00", "generated_at": "2026-10-09T20:31:38.042297", "nearest_km": 132.69566384579531, "n_points": 3, "weight_sum": 0.00011235672054848829, "confidence": "Low", "flagged": false }, "geometry": { "type": "Polygon", "coordinates": [ [ [ -119.101325097808768, 53.5269948282019 ], [ -119.001325097808774, 53.5269948282019 ], [ -119.001325097808774, 53.626994828201902 ], [ -119.101325097808768, 53.626994828201902 ], [ -119.101325097808768, 53.5269948282019 ] ] ] } },
{ "type": "Feature", "properties": { "value": "1", "label": "AQHI 1", "color": "#01cbff", "timestamp": "2026-10-09 14:00:00", "generated_at": "2026-10-09T20:31:38.042297", "nearest_km": 123.80879787582172, "n_points": 3, "weight_sum": 0.00012942603338474248, "confidence": "Low", "flagged": false }, "geometry": { "type": "Polygon", "coordinates": [ [ [ -119.001325097808774, 53.5269948282019 ], [ -118.90132509780878, 53.5269948282019 ], [ -118.90132509780878, 53.626994828201902 ], [ -119.001325097808774, 53.626994828201902 ], [ -119.001325097808774, 53.5269948282019 ] ] ] } },
{ "type": "Feature", "properties": { "value": "1", "label": "AQHI 1", "color": "#01cbff", "timestamp": "2026-10-09 14:00:00", "generated_at": "2026-10-09T20:31:38.042297", "nearest_km": 115.30619089812922, "n_points": 4, "weight_sum": 0.00019612699071682924, "confidence": "Low", "flagged": false }, "geometry": { "type": "Polygon", "coordinates": [ [ [ -118.90132509780878, 53.5269948282019 ], [ -118.801325097808785, 53.5269948282019 ], [ -118.801325097808785, 53.626994828201902 ], [ -118.90132509780878, 53.626994828201902 ], [ -118.90132509780878, 53.5269948282019 ] ] ] } },
{ "type": "Feature", "properties": { "value": "1", "label": "AQHI 1", "color": "#01cbff", "timestamp": "2026-10-09 14:00:00", "generated_at": "2026-10-09T20:31:38.042297", "nearest_km": 107.09951338269856, "n_points": 6, "weight_sum": 0.00030441097402278216, "confidence": "Low", "flagged": false }, "geometry": { "type": "Polygon", "coordinates": [ [ [ -118.801325097808785, 53.5269948282019 ], [ -118.701325097808791, 53.5269948282019 ], [ -118.701325097808791, 53.626994828201902 ], [ -118.801325097808785, 53.626994828201902 ], [ -118.801325097808785, 53.5269948282019 ] ] ] } },
{ "type": "Feature", "properties": { "value": "1", "label": "AQHI 1", "color": "#01cbff", "timestamp": "2026-10-09 14:00:00", "generated_at": "2026-10-09T20:31:38.042297", "nearest_km": 99.218027136153637, "n_points": 7, "weight_sum": 0.00037948476040291921, "confidence": "Low", "flagged": false }, "geometry": { "type": "Polygon", "coordinates": [ [ [ -118.701325097808791, 53.5269948282019 ], [ -118.601325097808797, 53.5269948282019 ], [ -118.601325097808797, 53.626994828201902 ], [ -118.701325097808791, 53.626994828201902 ], [ -118.701325097808791, 53.5269948282019 ] ] ] } },
{ "type": "Feature", "properties": { "value": "1", "label": "AQHI 1", "color": "#01cbff", "timestamp": "2026-10-09 14:00:00", "generated_at": "2026-10-09T20:31:38.042297", "nearest_km": 92.002978488580354, "n_points": 7, "weight_sum": 0.00044546138943128786, "confidence": "Low", "flagged": false }, "geometry": { "type": "Polygon", "coordinates": [ [ [ -118.601325097808797, 53.5269948282019 ], [ -118.501325097808802, 53.5269948282019 ], [ -118.501325097808802, 53.626994828201902 ], [ -118.601325097808797, 53.626994828201902 ], [ -118.601325097808797, 53.5269948282019 ] ] ] } },
{ "type": "Feature", "properties": { "value": "1", "label": "AQHI 1", "color": "#01cbff", "timestamp": "2026-10-09 14:00:00", "generated_at": "2026-10-09T20:31:38.042297", "nearest_km": 85.623006211822627, "n_points": 7, "weight_sum": 0.00052501720875201352, "confidence": "Low", "flagged": false }, "geometry": { "type": "Polygon", "coordinates": [ [ [ -118.501325097808802, 53.5269948282019 ], [ -118.401325097808808, 53.5269948282019 ], [ -118.401325097808808, 53.626994828201902 ], [ -118.501325097808802, 53.626994828201902 ], [ -118.501325097808802, 53.5269948282019 ] ] ] } },
{ "type": "Feature", "properties": { "value": "1", "label": "AQHI 1", "color": "#01cbff", "timestamp": "2026-10-09 14:00:00", "generated_at": "2026-10-09T20:31:38.042297", "nearest_km": 80.277458447122143, "n_points": 7, "weight_sum": 0.00062068766990795439, "confidence": "Low", "flagged": false }, "geometry": { "type": "Polygon", "coordinates": [ [ [ -118.401325097808808, 53.5269948282019 ], [ -118.301325097808814, 53.5269948282019 ], [ -118.301325097808814, 53.626994828201902 ], [ -118.401325097808808, 53.626994828201902 ], [ -118.401325097808808, 53.5269948282019 ] ] ] } },
{ "type": "Feature", "properties": { "value": "1", "label": "AQHI 1", "color": "#01cbff", "timestamp": "2026-10-09 14:00:00", "generated_at": "2026-10-09T20:31:38.042297", "nearest_km": 76.0825446760158, "n_points": 9, "weight_sum": 0.00081169303026932768, "confidence": "Low", "flagged": false }, "geometry": { "type": "Polygon", "coordinates": [ [ [ -118.301325097808814, 53.5269948282019 ], [ -118.201325097808819, 53.5269948282019 ], [ -118.201325097808819, 53.626994828201902 ], [ -118.301325097808814, 53.626994828201902 ], [ -118.301325097808814, 53.5269948282019 ] ] ] } },
{ "type": "Feature", "properties": { "value": "1", "label": "AQHI 1", "color": "#01cbff", "timestamp": "2026-10-09 14:00:00", "generated_at": "2026-10-09T20:31:38.042297", "nearest_km": 70.058899968717299, "n_points": 9, "weight_sum": 0.00096966172051585458, "confidence": "Medium", "flagged": false }, "geometry": { "type": "Polygon", "coordinates": [ [ [ -118.201325097808819, 53.5269948282019 ], [ -118.101325097808825, 53.5269948282019 ], [ -118.101325097808825, 53.626994828201902 ], [ -118.201325097808819, 53.626994828201902 ], [ -118.201325097808819, 53.5269948282019 ] ] ] } },
{ "type": "Feature", "properties": { "value": "1", "label": "AQHI 1", "color": "#01cbff", "timestamp": "2026-10-09 14:00:00", "generated_at": "2026-10-09T20:31:38.042297", "nearest_km": 59.25999216103817, "n_points": 9, "weight_sum": 0.0011838933849931078, "confidence": "Medium", "flagged": false }, "geometry": { "type": "Polygon", "coordinates": [ [ [ -118.101325097808825, 53.5269948282019 ], [ -118.001325097808831, 53.5269948282019 ], [ -118.001325097808831, 53.626994828201902 ], [ -118.101325097808825, 53.626994828201902 ], [ -118.101325097808825, 53.5269948282019 ] ] ] } },
{ "type": "Feature", "properties": { "value": "1", "label": "AQHI 1", "color": "#01cbff", "timestamp": "2026-10-09 14:00:00", "generated_at": "2026-10-09T20:31:38.042297", "nearest_km": 48.596953371850852, "n_points": 9, "weight_sum": 0.0015139789532047808, "confidence": "Medium", "flagged": false }, "geometry": { "type": "Polygon", "coordinates": [ [ [ -118.001325097808831, 53.5269948282019 ], [ -117.901325097808837, 53.5269948282019 ], [ -117.901325097808837, 53.626994828201902 ], [ -118.001325097808831, 53.626994828201902 ], [ -118.001325097808831, 53.5269948282019 ] ] ] } },
{ "type": "Feature", "properties": { "value": "1", "label": "AQHI 1", "color": "#01cbff", "timestamp": "2026-10-09 14:00:00", "generated_at": "2026-10-09T20:31:38.042297", "nearest_km": 38.183780367131789, "n_points": 9, "weight_sum": 0.0021087406816467846, "confidence": "Medium", "flagged": false }, "geometry": { "type": "Polygon", "coordinates": [ [ [ -117.901325097808837, 53.5269948282019 ], [ -117.801325097808842, 53.5269948282019 ], [ -117.801325097808842, 53.626994828201902 ], [ -117.901325097808837, 53.626994828201902 ], [ -117.901325097808837, 53.5269948282019 ] ] ] } },
{ "type": "Feature", "properties": { "value": "1", "label": "AQHI 1", "color": "#01cbff", "timestamp": "2026-10-09 14:00:00", "generated_at": "2026-10-09T20:31:38.042297", "nearest_km": 28.297672858820807, "n_points": 10, "weight_sum": 0.0034235606363357523, "confidence": "Medium", "flagged": false }, "geometry": { "type": "Polygon", "coordinates": [ [ [ -117.801325097808842, 53.5269948282019 ], [ -117.701325097808848, 53.5269948282019 ], [ -117.701325097808848, 53.626994828201902 ], [ -117.801325097808842, 53.626994828201902 ], [ -117.801325097808842, 53.5269948282019 ] ] ] } },
{ "type": "Feature", "properties": { "value": "1", "label": "AQHI 1", "color": "#01cbff", "timestamp": "2026-10-09 14:00:00", "generated_at": "2026-10-09T20:31:38.042297", "nearest_km": 19.746784429985063, "n_points": 13, "weight_sum": 0.0066846312024255094, "confidence": "High", "flagged": false }, "geometry": { "type": "Polygon", "coordinates": [ [ [ -117.701325097808848, 53.5269948282019 ], [ -117.601325097808854, 53.5269948282019 ], [ -117.601325097808854, 53.626994828201902 ], [ -117.701325097808848, 53.626994828201902 ], [ -117.701325097808848, 53.5269948282019 ] ] ] } },
{ "type": "Feature", "properties": { "value": "1", "label": "AQHI 1", "color": "#01cbff", "timestamp": "2026-10-09 14:00:00", "generated_at": "2026-10-09T20:31:38.042297", "nearest_km": 12.761297471863609, "n_points": 13, "weight_sum": 0.014076200274269007, "confidence": "High", "flagged": false }, "geometry": { "type": "Polygon", "coordinates": [ [ [ -117.601325097808854, 53.5269948282019 ], [ -117.501325097808859, 53.5269948282019 ], [ -117.501325097808859, 53.626994828201902 ], [ -117.601325097808854, 53.626994828201902 ], [ -117.601325097808854, 53.5269948282019 ] ] ] } },
{ "type": "Feature", "properties": { "value": "1", "label": "AQHI 1", "color": "#01cbff", "timestamp": "2026-10-09 14:00:00", "generated_at": "2026-10-09T20:31:38.042297", "nearest_km": 12.040154008350783, "n_points": 14, "weight_sum": 0.014361269667493305, "confidence": "High", "flagged": false }, "geometry": { "type": "Polygon", "coordinates": [ [ [ -117.501325097808859, 53.5269948282019 ], [ -117.401325097808865, 53.5269948282019 ], [ -117.401325097808865, 53.626994828201902 ], [ -117.501325097808859, 53.626994828201902 ], [ -117.501325097808859, 53.5269948282019 ] ] ] } },
{ "type": "Feature", "properties": { "value": "1", "label": "AQHI 1", "color": "#01cbff", "timestamp": "2026-10-09 14:00:00", "generated_at": "2026-10-09T20:31:38.042297", "nearest_km": 19.001767338465719, "n_points": 14, "weight_sum": 0.0065604195946707584, "confidence": "High", "flagged": false }, "geometry": { "type": "Polygon", "coordinates": [ [ [ -117.401325097808865, 53.5269948282019 ], [ -117.301325097808871, 53.5269948282019 ], [ -117.301325097808871, 53.626994828201902 ], [ -117.401325097808865, 53.626994828201902 ], [ -117.401325097808865, 53.5269948282019 ] ] ] } },
{ "type": "Feature", "properties": { "value": "1", "label": "AQHI 1", "color": "#01cbff", "timestamp": "2026-10-09 14:00:00", "generated_at": "2026-10-09T20:31:38.042297", "nearest_km": 28.650474306100694, "n_points": 14, "weight_sum": 0.0036658309946037675, "confidence": "Medium", "flagged": false }, "geometry": { "type": "Polygon", "coordinates": [ [ [ -117.301325097808871, 53.5269948282019 ], [ -117.201325097808876, 53.5269948282019 ], [ -117.201325097808876, 53.626994828201902 ], [ -117.301325097808871, 53.626994828201902 ], [ -117.301325097808871, 53.5269948282019 ] ] ] } },
{ "type": "Feature", "properties": { "value": "1", "label": "AQHI 1", "color": "#01cbff", "timestamp": "2026-10-09 14:00:00", "generated_at": "2026-10-09T20:31:38.042297", "nearest_km": 39.077515196642956, "n_points": 15, "weight_sum": 0.0026598068244743697, "confidence": "Medium", "flagged": false }, "geometry": { "type": "Polygon", "coordinates": [ [ [ -117.201325097808876, 53.5269948282019 ], [ -117.101325097808882, 53.5269948282019 ], [ -117.101325097808882, 53.626994828201902 ], [ -117.201325097808876, 53.626994828201902 ], [ -117.201325097808876, 53.5269948282019 ] ] ] } },
{ "type": "Feature", "properties": { "value": "1", "label": "AQHI 1", "color": "#01cbff", "timestamp": "2026-10-09 14:00:00", "generated_at": "2026-10-09T20:31:38.042297", "nearest_km": 43.803600958020496, "n_points": 15, "weight_sum": 0.0022098793588340615, "confidence": "Medium", "flagged": false }, "geometry": { "type": "Polygon", "coordinates": [ [ [ -117.101325097808882, 53.5269948282019 ], [ -117.001325097808888, 53.5269948282019 ], [ -117.001325097808888, 53.626994828201902 ], [ -117.101325097808882, 53.626994828201902 ], [ -117.101325097808882, 53.5269948282019 ] ] ] } },
{ "type": "Feature", "properties": { "value": "1", "label": "AQHI 1", "color": "#01cbff", "timestamp": "2026-10-09 14:00:00", "generated_at": "2026-10-09T20:31:38.042297", "nearest_km": 44.908750562321693, "n_points": 15, "weight_sum": 0.0019422011393224713, "confidence": "Medium", "flagged": false }, "geometry": { "type": "Polygon", "coordinates": [ [ [ -117.001325097808888, 53.5269948282019 ], [ -116.901325097808893, 53.5269948282019 ], [ -116.901325097808893, 53.626994828201902 ], [ -117.001325097808888, 53.626994828201902 ], [ -117.001325097808888, 53.5269948282019 ] ] ] } },
{ "type": "Feature", "properties": { "value": "1", "label": "AQHI 1", "color": "#01cbff", "timestamp": "2026-10-09 14:00:00", "generated_at": "2026-10-09T20:31:38.042297", "nearest_km": 48.592759720437122, "n_points": 13, "weight_sum": 0.0017065856166747057, "confidence": "Medium", "flagged": false }, "geometry": { "type": "Polygon", "coordinates": [ [ [ -116.901325097808893, 53.5269948282019 ], [ -116.801325097808899, 53.5269948282019 ], [ -116.801325097808899, 53.626994828201902 ], [ -116.901325097808893, 53.626994828201902 ], [ -116.901325097808893, 53.5269948282019 ] ] ] } },
{ "type": "Feature", "properties": { "value": "1", "label": "AQHI 1", "color": "#01cbff", "timestamp": "2026-10-09 14:00:00", "generated_at": "2026-10-09T20:31:38.042297", "nearest_km": 40.111024371378832, "n_points": 10, "weight_sum": 0.0016304380897175668, "confidence": "Medium", "flagged": false }, "geometry": { "type": "Polygon", "coordinates": [ [ [ -116.801325097808899, 53.5269948282019 ], [ -116.701325097808905, 53.5269948282019 ], [ -116.701325097808905, 53.626994828201902 ], [ -116.801325097808899, 53.626994828201902 ], [ -116.801325097808899, 53.5269948282019 ] ] ] } },
{ "type": "Feature", "properties": { "value": "1", "label": "AQHI 1", "color": "#01cbff", "timestamp": "2026-10-09 14:00:00", "generated_at": "2026-10-09T20:31:38.042297", "nearest_km": 29.171351016034205, "n_points": 10, "weight_sum": 0.001956344882590097, "confidence": "Medium", "flagged": false }, "geometry": { "type": "Polygon", "coordinates": [ [ [ -116.701325097808905, 53.5269948282019 ], [ -116.60132509780891, 53.5269948282019 ], [ -116.60132509780891, 53.626994828201902 ], [ -116.701325097808905, 53.626994828201902 ], [ -116.701325097808905, 53.5269948282019 ] ] ] } },
{ "type": "Feature", "properties": { "value": "1", "label": "AQHI 1", "color": "#01cbff", "timestamp": "2026-10-09 14:00:00", "generated_at": "2026-10-09T20:31:38.042297", "nearest_km": 18.424471880626179, "n_points": 10, "weight_sum": 0.003375003028031003, "confidence": "High", "flagged": false }, "geometry": { "type": "Polygon", "coordinates": [ [ [ -116.60132509780891, 53.5269948282019 ], [ -116.501325097808916, 53.5269948282019 ], [ -116.501325097808916, 53.626994828201902 ], [ -116.60132509780891, 53.626994828201902 ], [ -116.60132509780891, 53.5269948282019 ] ] ] } },
{ "type": "Feature", "properties": { "value": "1", "label": "AQHI 1", "color": "#01cbff", "timestamp": "2026-10-09 14:00:00", "generated_at": "2026-10-09T20:31:38.042297", "nearest_km": 8.6240714317114637, "n_points": 9, "weight_sum": 0.011577633210608318, "confidence": "High", "flagged": false }, "geometry": { "type": "Polygon", "coordinates": [ [ [ -116.501325097808916, 53.5269948282019 ], [ -116.401325097808922, 53.5269948282019 ], [ -116.401325097808922, 53.626994828201902 ], [ -116.501325097808916, 53.626994828201902 ], [ -116.501325097808916, 53.5269948282019 ] ] ] } },
{ "type": "Feature", "properties": { "value": "1", "label": "AQHI 1", "color": "#01cbff", "timestamp": "2026-10-09 14:00:00", "generated_at": "2026-10-09T20:31:38.042297", "nearest_km": 7.4637826896628505, "n_points": 9, "weight_sum": 0.018308517607238596, "confidence": "High", "flagged": false }, "geometry": { "type": "Polygon", "coordinates": [ [ [ -116.401325097808922, 53.5269948282019 ], [ -116.301325097808927, 53.5269948282019 ], [ -116.301325097808927, 53.626994828201902 ], [ -116.401325097808922, 53.626994828201902 ], [ -116.401325097808922, 53.5269948282019 ] ] ] } },
{ "type": "Feature", "properties": { "value": "1", "label": "AQHI 1", "color": "#01cbff", "timestamp": "2026-10-09 14:00:00", "generated_at": "2026-10-09T20:31:38.042297", "nearest_km": 15.574617160711846, "n_points": 13, "weight_sum": 0.0044925088983387915, "confidence": "High", "flagged": false }, "geometry": { "type": "Polygon", "coordinates": [ [ [ -116.301325097808927, 53.5269948282019 ], [ -116.201325097808933, 53.5269948282019 ], [ -116.201325097808933, 53.626994828201902 ], [ -116.301325097808927, 53.626994828201902 ], [ -116.301325097808927, 53.5269948282019 ] ] ] } },
{ "type": "Feature", "properties": { "value": "1", "label": "AQHI 1", "color": "#01cbff", "timestamp": "2026-10-09 14:00:00", "generated_at": "2026-10-09T20:31:38.042297", "nearest_km": 25.971011429706333, "n_points": 14, "weight_sum": 0.002201285447878217, "confidence": "Medium", "flagged": false }, "geometry": { "type": "Polygon", "coordinates": [ [ [ -116.201325097808933, 53.5269948282019 ], [ -116.101325097808939, 53.5269948282019 ], [ -116.101325097808939, 53.626994828201902 ], [ -116.201325097808933, 53.626994828201902 ], [ -116.201325097808933, 53.5269948282019 ] ] ] } },
{ "type": "Feature", "properties": { "value": "1", "label": "AQHI 1", "color": "#01cbff", "timestamp": "2026-10-09 14:00:00", "generated_at": "2026-10-09T20:31:38.042297", "nearest_km": 27.56283008029855, "n_points": 12, "weight_sum": 0.0017590972198303668, "confidence": "Medium", "flagged": false }, "geometry": { "type": "Polygon", "coordinates": [ [ [ -116.101325097808939, 53.5269948282019 ], [ -116.001325097808945, 53.5269948282019 ], [ -116.001325097808945, 53.626994828201902 ], [ -116.101325097808939, 53.626994828201902 ], [ -116.101325097808939, 53.5269948282019 ] ] ] } },
{ "type": "Feature", "properties": { "value": "1", "label": "AQHI 1", "color": "#01cbff", "timestamp": "2026-10-09 14:00:00", "generated_at": "2026-10-09T20:31:38.042297", "nearest_km": 17.759554611944679, "n_points": 12, "weight_sum": 0.0024228891926095101, "confidence": "High", "flagged": false }, "geometry": { "type": "Polygon", "coordinates": [ [ [ -116.001325097808945, 53.5269948282019 ], [ -115.90132509780895, 53.5269948282019 ], [ -115.90132509780895, 53.626994828201902 ], [ -116.001325097808945, 53.626994828201902 ], [ -116.001325097808945, 53.5269948282019 ] ] ] } },
{ "type": "Feature", "properties": { "value": "1", "label": "AQHI 1", "color": "#01cbff", "timestamp": "2026-10-09 14:00:00", "generated_at": "2026-10-09T20:31:38.042297", "nearest_km": 10.840385509466545, "n_points": 13, "weight_sum": 0.0050148942748410447, "confidence": "High", "flagged": false }, "geometry": { "type": "Polygon", "coordinates": [ [ [ -115.90132509780895, 53.5269948282019 ], [ -115.801325097808956, 53.5269948282019 ], [ -115.801325097808956, 53.626994828201902 ], [ -115.90132509780895, 53.626994828201902 ], [ -115.90132509780895, 53.5269948282019 ] ] ] } },
{ "type": "Feature", "properties": { "value": "1", "label": "AQHI 1", "color": "#01cbff", "timestamp": "2026-10-09 14:00:00", "generated_at": "2026-10-09T20:31:38.042297", "nearest_km": 12.885889025326541, "n_points": 15, "weight_sum": 0.0038044758874786057, "confidence": "High", "flagged": false }, "geometry": { "type": "Polygon", "coordinates": [ [ [ -115.801325097808956, 53.5269948282019 ], [ -115.701325097808962, 53.5269948282019 ], [ -115.701325097808962, 53.626994828201902 ], [ -115.801325097808956, 53.626994828201902 ], [ -115.801325097808956, 53.5269948282019 ] ] ] } },
{ "type": "Feature", "properties": { "value": "1", "label": "AQHI 1", "color": "#01cbff", "timestamp": "2026-10-09 14:00:00", "generated_at": "2026-10-09T20:31:38.042297", "nearest_km": 21.470871290010141, "n_points": 14, "weight_sum": 0.0018857260347380788, "confidence": "High", "flagged": false }, "geometry": { "type": "Polygon", "coordinates": [ [ [ -115.701325097808962, 53.5269948282019 ], [ -115.601325097808967, 53.5269948282019 ], [ -115.601325097808967, 53.626994828201902 ], [ -115.701325097808962, 53.626994828201902 ], [ -115.701325097808962, 53.5269948282019 ] ] ] } },
{ "type": "Feature", "properties": { "value": "1", "label": "AQHI 1", "color": "#01cbff", "timestamp": "2026-10-09 14:00:00", "generated_at": "2026-10-09T20:31:38.042297", "nearest_km": 31.660235184396601, "n_points": 17, "weight_sum": 0.0015240293154882808, "confidence": "Medium", "flagged": false }, "geometry": { "type": "Polygon", "coordinates": [ [ [ -115.601325097808967, 53.5269948282019 ], [ -115.501325097808973, 53.5269948282019 ], [ -115.501325097808973, 53.626994828201902 ], [ -115.601325097808967, 53.626994828201902 ], [ -115.601325097808967, 53.5269948282019 ] ] ] } },
{ "type": "Feature", "properties": { "value": "1", "label": "AQHI 1", "color": "#01cbff", "timestamp": "2026-10-09 14:00:00", "generated_at": "2026-10-09T20:31:38.042297", "nearest_km": 42.310313989740131, "n_points": 18, "weight_sum": 0.0016256845260379125, "confidence": "Medium", "flagged": false }, "geometry": { "type": "Polygon", "coordinates": [ [ [ -115.501325097808973, 53.5269948282019 ], [ -115.401325097808979, 53.5269948282019 ], [ -115.401325097808979, 53.626994828201902 ], [ -115.501325097808973, 53.626994828201902 ], [ -115.501325097808973, 53.5269948282019 ] ] ] } },
{ "type": "Feature", "properties": { "value": "2", "label": "AQHI 2", "color": "#0099cb", "timestamp": "2026-10-09 14:00:00", "generated_at": "2026-10-09T20:31:38.042297", "nearest_km": 43.378167714754781, "n_points": 21, "weight_sum": 0.002072818061280941, "confidence": "Medium", "flagged": false }, "geometry": { "type": "Polygon", "coordinates": [ [ [ -115.401325097808979, 53.5269948282019 ], [ -115.301325097808984, 53.5269948282019 ], [ -115.301325097808984, 53.626994828201902 ], [ -115.401325097808979, 53.626994828201902 ], [ -115.401325097808979, 53.5269948282019 ] ] ] } },
{ "type": "Feature", "properties": { "value": "2", "label": "AQHI 2", "color": "#0099cb", "timestamp": "2026-10-09 14:00:00", "generated_at": "2026-10-09T20:31:38.042297", "nearest_km": 32.5743619656403, "n_points": 22, "weight_sum": 0.0029468775902649425, "confidence": "Medium", "flagged": false }, "geometry": { "type": "Polygon", "coordinates": [ [ [ -115.301325097808984, 53.5269948282019 ], [ -115.20132509780899, 53.5269948282019 ], [ -115.20132509780899, 53.626994828201902 ], [ -115.301325097808984, 53.626994828201902 ], [ -115.301325097808984, 53.5269948282019 ] ] ] } },
{ "type": "Feature", "properties": { "value": "2", "label": "AQHI 2", "color": "#0099cb", "timestamp": "2026-10-09 14:00:00", "generated_at": "2026-10-09T20:31:38.042297", "nearest_km": 22.066551172480136, "n_points": 25, "weight_sum": 0.0050356342712710184, "confidence": "High", "flagged": false }, "geometry": { "type": "Polygon", "coordinates": [ [ [ -115.20132509780899, 53.5269948282019 ], [ -115.101325097808996, 53.5269948282019 ], [ -115.101325097808996, 53.626994828201902 ], [ -115.20132509780899, 53.626994828201902 ], [ -115.20132509780899, 53.5269948282019 ] ] ] } },
{ "type": "Feature", "properties": { "value": "2", "label": "AQHI 2", "color": "#0099cb", "timestamp": "2026-10-09 14:00:00", "generated_at": "2026-10-09T20:31:38.042297", "nearest_km": 12.61730176490946, "n_points": 27, "weight_sum": 0.011789216033785644, "confidence": "High", "flagged": false }, "geometry": { "type": "Polygon", "coordinates": [ [ [ -115.101325097808996, 53.5269948282019 ], [ -115.001325097809001, 53.5269948282019 ], [ -115.001325097809001, 53.626994828201902 ], [ -115.101325097808996, 53.626994828201902 ], [ -115.101325097808996, 53.5269948282019 ] ] ] } },
{ "type": "Feature", "properties": { "value": "2", "label": "AQHI 2", "color": "#0099cb", "timestamp": "2026-10-09 14:00:00", "generated_at": "2026-10-09T20:31:38.042297", "nearest_km": 7.3821807694125381, "n_points": 31, "weight_sum": 0.033775536546920476, "confidence": "High", "flagged": false }, "geometry": { "type": "Polygon", "coordinates": [ [ [ -115.001325097809001, 53.5269948282019 ], [ -114.901325097809007, 53.5269948282019 ], [ -114.901325097809007, 53.626994828201902 ], [ -115.001325097809001, 53.626994828201902 ], [ -115.001325097809001, 53.5269948282019 ] ] ] } },
{ "type": "Feature", "properties": { "value": "1", "label": "AQHI 1", "color": "#01cbff", "timestamp": "2026-10-09 14:00:00", "generated_at": "2026-10-09T20:31:38.042297", "nearest_km": 10.713113969022713, "n_points": 45, "weight_sum": 0.016848566497416215, "confidence": "High", "flagged": false }, "geometry": { "type": "Polygon", "coordinates": [ [ [ -114.901325097809007, 53.5269948282019 ], [ -114.801325097809013, 53.5269948282019 ], [ -114.801325097809013, 53.626994828201902 ], [ -114.901325097809007, 53.626994828201902 ], [ -114.901325097809007, 53.5269948282019 ] ] ] } },
{ "type": "Feature", "properties": { "value": "2", "label": "AQHI 2", "color": "#0099cb", "timestamp": "2026-10-09 14:00:00", "generated_at": "2026-10-09T20:31:38.042297", "nearest_km": 20.255306314452049, "n_points": 73, "weight_sum": 0.0085006312514497705, "confidence": "High", "flagged": false }, "geometry": { "type": "Polygon", "coordinates": [ [ [ -114.801325097809013, 53.5269948282019 ], [ -114.701325097809018, 53.5269948282019 ], [ -114.701325097809018, 53.626994828201902 ], [ -114.801325097809013, 53.626994828201902 ], [ -114.801325097809013, 53.5269948282019 ] ] ] } },
{ "type": "Feature", "properties": { "value": "2", "label": "AQHI 2", "color": "#0099cb", "timestamp": "2026-10-09 14:00:00", "generated_at": "2026-10-09T20:31:38.042297", "nearest_km": 27.430948190125651, "n_points": 93, "weight_sum": 0.0075494939196456027, "confidence": "Medium", "flagged": false }, "geometry": { "type": "Polygon", "coordinates": [ [ [ -114.701325097809018, 53.5269948282019 ], [ -114.601325097809024, 53.5269948282019 ], [ -114.601325097809024, 53.626994828201902 ], [ -114.701325097809018, 53.626994828201902 ], [ -114.701325097809018, 53.5269948282019 ] ] ] } },
{ "type": "Feature", "properties": { "value": "1", "label": "AQHI 1", "color": "#01cbff", "timestamp": "2026-10-09 14:00:00", "generated_at": "2026-10-09T20:31:38.042297", "nearest_km": 16.481190872882451, "n_points": 100, "weight_sum": 0.0089850462051387185, "confidence": "High", "flagged": false }, "geometry": { "type": "Polygon", "coordinates": [ [ [ -114.601325097809024, 53.5269948282019 ], [ -114.50132509780903, 53.5269948282019 ], [ -114.50132509780903, 53.626994828201902 ], [ -114.601325097809024, 53.626994828201902 ], [ -114.601325097809024, 53.5269948282019 ] ] ] } },
{ "type": "Feature", "properties": { "value": "1", "label": "AQHI 1", "color": "#01cbff", "timestamp": "2026-10-09 14:00:00", "generated_at": "2026-10-09T20:31:38.042297", "nearest_km": 6.1010152079290823, "n_points": 104, "weight_sum": 0.022105277440579101, "confidence": "High", "flagged": false }, "geometry": { "type": "Polygon", "coordinates": [ [ [ -114.50132509780903, 53.5269948282019 ], [ -114.401325097809035, 53.5269948282019 ], [ -114.401325097809035, 53.626994828201902 ], [ -114.50132509780903, 53.626994828201902 ], [ -114.50132509780903, 53.5269948282019 ] ] ] } },
{ "type": "Feature", "properties": { "value": "1", "label": "AQHI 1", "color": "#01cbff", "timestamp": "2026-10-09 14:00:00", "generated_at": "2026-10-09T20:31:38.042297", "nearest_km": 7.0167742265482627, "n_points": 108, "weight_sum": 0.022329812036582332, "confidence": "High", "flagged": false }, "geometry": { "type": "Polygon", "coordinates": [ [ [ -114.401325097809035, 53.5269948282019 ], [ -114.301325097809041, 53.5269948282019 ], [ -114.301325097809041, 53.626994828201902 ], [ -114.401325097809035, 53.626994828201902 ], [ -114.401325097809035, 53.5269948282019 ] ] ] } },
{ "type": "Feature", "properties": { "value": "1", "label": "AQHI 1", "color": "#01cbff", "timestamp": "2026-10-09 14:00:00", "generated_at": "2026-10-09T20:31:38.042297", "nearest_km": 14.023824600840191, "n_points": 113, "weight_sum": 0.015479989928468822, "confidence": "High", "flagged": false }, "geometry": { "type": "Polygon", "coordinates": [ [ [ -114.301325097809041, 53.5269948282019 ], [ -114.201325097809047, 53.5269948282019 ], [ -114.201325097809047, 53.626994828201902 ], [ -114.301325097809041, 53.626994828201902 ], [ -114.301325097809041, 53.5269948282019 ] ] ] } },
{ "type": "Feature", "properties": { "value": "1", "label": "AQHI 1", "color": "#01cbff", "timestamp": "2026-10-09 14:00:00", "generated_at": "2026-10-09T20:31:38.042297", "nearest_km": 10.558488660693818, "n_points": 115, "weight_sum": 0.019605711239072992, "confidence": "High", "flagged": false }, "geometry": { "type": "Polygon", "coordinates": [ [ [ -114.201325097809047, 53.5269948282019 ], [ -114.101325097809053, 53.5269948282019 ], [ -114.101325097809053, 53.626994828201902 ], [ -114.201325097809047, 53.626994828201902 ], [ -114.201325097809047, 53.5269948282019 ] ] ] } },
{ "type": "Feature", "properties": { "value": "1", "label": "AQHI 1", "color": "#01cbff", "timestamp": "2026-10-09 14:00:00", "generated_at": "2026-10-09T20:31:38.042297", "nearest_km": 2.4091958776632834, "n_points": 116, "weight_sum": 0.10775556843761991, "confidence": "High", "flagged": false }, "geometry": { "type": "Polygon", "coordinates": [ [ [ -114.101325097809053, 53.5269948282019 ], [ -114.001325097809058, 53.5269948282019 ], [ -114.001325097809058, 53.626994828201902 ], [ -114.101325097809053, 53.626994828201902 ], [ -114.101325097809053, 53.5269948282019 ] ] ] } },
{ "type": "Feature", "properties": { "value": "2", "label": "AQHI 2", "color": "#0099cb", "timestamp": "2026-10-09 14:00:00", "generated_at": "2026-10-09T20:31:38.042297", "nearest_km": 3.5538643753490438, "n_points": 116, "weight_sum": 0.079253246015045881, "confidence": "High", "flagged": false }, "geometry": { "type": "Polygon", "coordinates": [ [ [ -114.001325097809058, 53.5269948282019 ], [ -113.901325097809064, 53.5269948282019 ], [ -113.901325097809064, 53.626994828201902 ], [ -114.001325097809058, 53.626994828201902 ], [ -114.001325097809058, 53.5269948282019 ] ] ] } },
{ "type": "Feature", "properties": { "value": "2", "label": "AQHI 2", "color": "#0099cb", "timestamp": "2026-10-09 14:00:00", "generated_at": "2026-10-09T20:31:38.042297", "nearest_km": 2.0307241506858666, "n_points": 116, "weight_sum": 0.2110681421650053, "confidence": "High", "flagged": false }, "geometry": { "type": "Polygon", "coordinates": [ [ [ -113.901325097809064, 53.5269948282019 ], [ -113.80132509780907, 53.5269948282019 ], [ -113.80132509780907, 53.626994828201902 ], [ -113.901325097809064, 53.626994828201902 ], [ -113.901325097809064, 53.5269948282019 ] ] ] } },
{ "type": "Feature", "properties": { "value": "2", "label": "AQHI 2", "color": "#0099cb", "timestamp": "2026-10-09 14:00:00", "generated_at": "2026-10-09T20:31:38.042297", "nearest_km": 5.5353122291596213, "n_points": 116, "weight_sum": 0.090001375574031678, "confidence": "High", "flagged": false }, "geometry": { "type": "Polygon", "coordinates": [ [ [ -113.80132509780907, 53.5269948282019 ], [ -113.701325097809075, 53.5269948282019 ], [ -113.701325097809075, 53.626994828201902 ], [ -113.80132509780907, 53.626994828201902 ], [ -113.80132509780907, 53.5269948282019 ] ] ] } },
{ "type": "Feature", "properties": { "value": "NA", "label": "No Data", "color": "#D3D3D3", "timestamp": "2026-10-09 14:00:00", "generated_at": "2026-10-09T20:31:38.042297", "nearest_km": 186.67049617930272, "n_points": 0, "weight_sum": 0.0, "confidence": "None", "flagged": false }, "geometry": { "type": "Polygon", "coordinates": [ [ [ -120.001325097808717, 53.626994828201902 ], [ -119.901325097808723, 53.626994828201902 ], [ -119.901325097808723, 53.726994828201903 ], [ -120.001325097808717, 53.726994828201903 ], [ -120.001325097808717, 53.626994828201902 ] ] ] } },
{ "type": "Feature", "properties": { "value": "NA", "label": "No Data", "color": "#D3D3D3", "timestamp": "2026-10-09 14:00:00", "generated_at": "2026-10-09T20:31:38.042297", "nearest_km": 182.97380522306165, "n_points": 0, "weight_sum": 0.0, "confidence": "None", "flagged": false }, "geometry": { "type": "Polygon", "coordinates": [ [ [ -119.901325097808723, 53.626994828201902 ], [ -119.801325097808729, 53.626994828201902 ], [ -119.801325097808729, 53.726994828201903 ], [ -119.901325097808723, 53.726994828201903 ], [ -119.901325097808723, 53.626994828201902 ] ] ] } },
{ "type": "Feature", "properties": { "value": "NA", "label": "No Data", "color": "#D3D3D3", "timestamp": "2026-10-09 14:00:00", "generated_at": "2026-10-09T20:31:38.042297", "nearest_km": 179.88711085507683, "n_points": 0, "weight_sum": 0.0, "confidence": "None", "flagged": false }, "geometry": { "type": "Polygon", "coordinates": [ [ [ -119.801325097808729, 53.626994828201902 ], [ -119.701325097808734, 53.626994828201902 ], [ -119.701325097808734, 53.726994828201903 ], [ -119.801325097808729, 53.726994828201903 ], [ -119.801325097808729, 53.626994828201902 ] ] ] } },
{ "type": "Feature", "properties": { "value": "NA", "label": "No Data", "color": "#D3D3D3", "timestamp": "2026-10-09 14:00:00", "generated_at": "2026-10-09T20:31:38.042297", "nearest_km": 177.44224949477635, "n_points": 0, "weight_sum": 0.0, "confidence": "None", "flagged": false }, "geometry": { "type": "Polygon", "coordinates": [ [ [ -119.701325097808734, 53.626994828201902 ], [ -119.60132509780874, 53.626994828201902 ], [ -119.60132509780874, 53.726994828201903 ], [ -119.701325097808734, 53.726994828201903 ], [ -119.701325097808734, 53.626994828201902 ] ] ] } },
{ "type": "Feature", "properties": { "value": "NA", "label": "No Data", "color": "#D3D3D3", "timestamp": "2026-10-09 14:00:00", "generated_at": "2026-10-09T20:31:38.042297", "nearest_km": 175.66602164262218, "n_points": 0, "weight_sum": 0.0, "confidence": "None", "flagged": false }, "geometry": { "type": "Polygon", "coordinates": [ [ [ -119.60132509780874, 53.626994828201902 ], [ -119.501325097808746, 53.626994828201902 ], [ -119.501325097808746, 53.726994828201903 ], [ -119.60132509780874, 53.726994828201903 ], [ -119.60132509780874, 53.626994828201902 ] ] ] } },
{ "type": "Feature", "properties": { "value": "NA", "label": "No Data", "color": "#D3D3D3", "timestamp": "2026-10-09 14:00:00", "generated_at": "2026-10-09T20:31:38.042297", "nearest_km": 174.57883724474144, "n_points": 0, "weight_sum": 0.0, "confidence": "None", "flagged": false }, "geometry": { "type": "Polygon", "coordinates": [ [ [ -119.501325097808746, 53.626994828201902 ], [ -119.401325097808751, 53.626994828201902 ], [ -119.401325097808751, 53.726994828201903 ], [ -119.501325097808746, 53.726994828201903 ], [ -119.501325097808746, 53.626994828201902 ] ] ] } },
{ "type": "Feature", "properties": { "value": "NA", "label": "No Data", "color": "#D3D3D3", "timestamp": "2026-10-09 14:00:00", "generated_at": "2026-10-09T20:31:38.042297", "nearest_km": 166.59172374038272, "n_points": 0, "weight_sum": 0.0, "confidence": "None", "flagged": false }, "geometry": { "type": "Polygon", "coordinates": [ [ [ -119.401325097808751, 53.626994828201902 ], [ -119.301325097808757, 53.626994828201902 ], [ -119.301325097808757, 53.726994828201903 ], [ -119.401325097808751, 53.726994828201903 ], [ -119.401325097808751, 53.626994828201902 ] ] ] } },
{ "type": "Feature", "properties": { "value": "NA", "label": "No Data", "color": "#D3D3D3", "timestamp": "2026-10-09 14:00:00", "generated_at": "2026-10-09T20:31:38.042297", "nearest_km": 157.27053648656459, "n_points": 0, "weight_sum": 0.0, "confidence": "None", "flagged": false }, "geometry": { "type": "Polygon", "coordinates": [ [ [ -119.301325097808757, 53.626994828201902 ], [ -119.201325097808763, 53.626994828201902 ], [ -119.201325097808763, 53.726994828201903 ], [ -119.301325097808757, 53.726994828201903 ], [ -119.301325097808757, 53.626994828201902 ] ] ] } },
{ "type": "Feature", "properties": { "value": "1", "label": "AQHI 1", "color": "#01cbff", "timestamp": "2026-10-09 14:00:00", "generated_at": "2026-10-09T20:31:38.042297", "nearest_km": 148.19467222120932, "n_points": 3, "weight_sum": 9.0293034884386068e-05, "confidence": "Low", "flagged": false }, "geometry": { "type": "Polygon", "coordinates": [ [ [ -119.201325097808763, 53.626994828201902 ], [ -119.101325097808768, 53.626994828201902 ], [ -119.101325097808768, 53.726994828201903 ], [ -119.201325097808763, 53.726994828201903 ], [ -119.201325097808763, 53.626994828201902 ] ] ] } },
{ "type": "Feature", "properties": { "value": "1", "label": "AQHI 1", "color": "#01cbff", "timestamp": "2026-10-09 14:00:00", "generated_at": "2026-10-09T20:31:38.042297", "nearest_km": 139.41205149746369, "n_points": 3, "weight_sum": 0.00010227040370331491, "confidence": "Low", "flagged": false }, "geometry": { "type": "Polygon", "coordinates": [ [ [ -119.101325097808768, 53.626994828201902 ], [ -119.001325097808774, 53.626994828201902 ], [ -119.001325097808774, 53.726994828201903 ], [ -119.101325097808768, 53.726994828201903 ], [ -119.101325097808768, 53.626994828201902 ] ] ] } },
{ "type": "Feature", "properties": { "value": "2", "label": "AQHI 2", "color": "#0099cb", "timestamp": "2026-10-09 14:00:00", "generated_at": "2026-10-09T20:31:38.042297", "nearest_km": 130.98167555315223, "n_points": 3, "weight_sum": 0.0001162235110185368, "confidence": "Low", "flagged": false }, "geometry": { "type": "Polygon", "coordinates": [ [ [ -119.001325097808774, 53.626994828201902 ], [ -118.90132509780878, 53.626994828201902 ], [ -118.90132509780878, 53.726994828201903 ], [ -119.001325097808774, 53.726994828201903 ], [ -119.001325097808774, 53.626994828201902 ] ] ] } },
{ "type": "Feature", "properties": { "value": "1", "label": "AQHI 1", "color": "#01cbff", "timestamp": "2026-10-09 14:00:00", "generated_at": "2026-10-09T20:31:38.042297", "nearest_km": 122.78557563039014, "n_points": 4, "weight_sum": 0.00017776848437649125, "confidence": "Low", "flagged": false }, "geometry": { "type": "Polygon", "coordinates": [ [ [ -118.90132509780878, 53.626994828201902 ], [ -118.801325097808785, 53.626994828201902 ], [ -118.801325097808785, 53.726994828201903 ], [ -118.90132509780878, 53.726994828201903 ], [ -118.90132509780878, 53.626994828201902 ] ] ] } },
{ "type": "Feature", "properties": { "value": "1", "label": "AQHI 1", "color": "#01cbff", "timestamp": "2026-10-09 14:00:00", "generated_at": "2026-10-09T20:31:38.042297", "nearest_km": 114.90774005638599, "n_points": 6, "weight_sum": 0.00027865689123951156, "confidence": "Low", "flagged": false }, "geometry": { "type": "Polygon", "coordinates": [ [ [ -118.801325097808785, 53.626994828201902 ], [ -118.701325097808791, 53.626994828201902 ], [ -118.701325097808791, 53.726994828201903 ], [ -118.801325097808785, 53.726994828201903 ], [ -118.801325097808785, 53.626994828201902 ] ] ] } },
{ "type": "Feature", "properties": { "value": "1", "label": "AQHI 1", "color": "#01cbff", "timestamp": "2026-10-09 14:00:00", "generated_at": "2026-10-09T20:31:38.042297", "nearest_km": 107.59972057048135, "n_points": 6, "weight_sum": 0.00032207320001999263, "confidence": "Low", "flagged": false }, "geometry": { "type": "Polygon", "coordinates": [ [ [ -118.701325097808791, 53.626994828201902 ], [ -118.601325097808797, 53.626994828201902 ], [ -118.601325097808797, 53.726994828201903 ], [ -118.701325097808791, 53.726994828201903 ], [ -118.701325097808791, 53.626994828201902 ] ] ] } },
{ "type": "Feature", "properties": { "value": "1", "label": "AQHI 1", "color": "#01cbff", "timestamp": "2026-10-09 14:00:00", "generated_at": "2026-10-09T20:31:38.042297", "nearest_km": 100.98530095427418, "n_points": 7, "weight_sum": 0.00039744163096563879, "confidence": "Low", "flagged": false }, "geometry": { "type": "Polygon", "coordinates": [ [ [ -118.601325097808797, 53.626994828201902 ], [ -118.501325097808802, 53.626994828201902 ], [ -118.501325097808802, 53.726994828201903 ], [ -118.601325097808797, 53.726994828201903 ], [ -118.601325097808797, 53.626994828201902 ] ] ] } },
{ "type": "Feature", "properties": { "value": "1", "label": "AQHI 1", "color": "#01cbff", "timestamp": "2026-10-09 14:00:00", "generated_at": "2026-10-09T20:31:38.042297", "nearest_km": 95.209149512034642, "n_points": 7, "weight_sum": 0.00046206141916829398, "confidence": "Low", "flagged": false }, "geometry": { "type": "Polygon", "coordinates": [ [ [ -118.501325097808802, 53.626994828201902 ], [ -118.401325097808808, 53.626994828201902 ], [ -118.401325097808808, 53.726994828201903 ], [ -118.501325097808802, 53.726994828201903 ], [ -118.501325097808802, 53.626994828201902 ] ] ] } },
{ "type": "Feature", "properties": { "value": "1", "label": "AQHI 1", "color": "#01cbff", "timestamp": "2026-10-09 14:00:00", "generated_at": "2026-10-09T20:31:38.042297", "nearest_km": 90.394148898330457, "n_points": 7, "weight_sum": 0.00053946737505507366, "confidence": "Low", "flagged": false }, "geometry": { "type": "Polygon", "coordinates": [ [ [ -118.401325097808808, 53.626994828201902 ], [ -118.301325097808814, 53.626994828201902 ], [ -118.301325097808814, 53.726994828201903 ], [ -118.401325097808808, 53.726994828201903 ], [ -118.401325097808808, 53.626994828201902 ] ] ] } },
{ "type": "Feature", "properties": { "value": "1", "label": "AQHI 1", "color": "#01cbff", "timestamp": "2026-10-09 14:00:00", "generated_at": "2026-10-09T20:31:38.042297", "nearest_km": 83.697202050500309, "n_points": 9, "weight_sum": 0.000705083483286783, "confidence": "Low", "flagged": false }, "geometry": { "type": "Polygon", "coordinates": [ [ [ -118.301325097808814, 53.626994828201902 ], [ -118.201325097808819, 53.626994828201902 ], [ -118.201325097808819, 53.726994828201903 ], [ -118.301325097808814, 53.726994828201903 ], [ -118.301325097808814, 53.626994828201902 ] ] ] } },
{ "type": "Feature", "properties": { "value": "1", "label": "AQHI 1", "color": "#01cbff", "timestamp": "2026-10-09 14:00:00", "generated_at": "2026-10-09T20:31:38.042297", "nearest_km": 73.227719049427392, "n_points": 9, "weight_sum": 0.00083612614118320312, "confidence": "Medium", "flagged": false }, "geometry": { "type": "Polygon", "coordinates": [ [ [ -118.201325097808819, 53.626994828201902 ], [ -118.101325097808825, 53.626994828201902 ], [ -118.101325097808825, 53.726994828201903 ], [ -118.201325097808819, 53.726994828201903 ], [ -118.201325097808819, 53.626994828201902 ] ] ] } },
{ "type": "Feature", "properties": { "value": "1", "label": "AQHI 1", "color": "#01cbff", "timestamp": "2026-10-09 14:00:00", "generated_at": "2026-10-09T20:31:38.042297", "nearest_km": 62.974566638298043, "n_points": 9, "weight_sum": 0.001012821010759495, "confidence": "Medium", "flagged": false }, "geometry": { "type": "Polygon", "coordinates": [ [ [ -118.101325097808825, 53.626994828201902 ], [ -118.001325097808831, 53.626994828201902 ], [ -118.001325097808831, 53.726994828201903 ], [ -118.101325097808825, 53.726994828201903 ], [ -118.101325097808825, 53.626994828201902 ] ] ] } },
{ "type": "Feature", "properties": { "value": "1", "label": "AQHI 1", "color": "#01cbff", "timestamp": "2026-10-09 14:00:00", "generated_at": "2026-10-09T20:31:38.042297", "nearest_km": 53.063294746754856, "n_points": 9, "weight_sum": 0.0012719346738422005, "confidence": "Medium", "flagged": false }, "geometry": { "type": "Polygon", "coordinates": [ [ [ -118.001325097808831, 53.626994828201902 ], [ -117.901325097808837, 53.626994828201902 ], [ -117.901325097808837, 53.726994828201903 ], [ -118.001325097808831, 53.726994828201903 ], [ -118.001325097808831, 53.626994828201902 ] ] ] } },
{ "type": "Feature", "properties": { "value": "1", "label": "AQHI 1", "color": "#01cbff", "timestamp": "2026-10-09 14:00:00", "generated_at": "2026-10-09T20:31:38.042297", "nearest_km": 43.726999159335122, "n_points": 10, "weight_sum": 0.0017311585436731122, "confidence": "Medium", "flagged": false }, "geometry": { "type": "Polygon", "coordinates": [ [ [ -117.901325097808837, 53.626994828201902 ], [ -117.801325097808842, 53.626994828201902 ], [ -117.801325097808842, 53.726994828201903 ], [ -117.901325097808837, 53.726994828201903 ], [ -117.901325097808837, 53.626994828201902 ] ] ] } },
{ "type": "Feature", "properties": { "value": "1", "label": "AQHI 1", "color": "#01cbff", "timestamp": "2026-10-09 14:00:00", "generated_at": "2026-10-09T20:31:38.042297", "nearest_km": 35.423264411682602, "n_points": 10, "weight_sum": 0.0024348407599974029, "confidence": "Medium", "flagged": false }, "geometry": { "type": "Polygon", "coordinates": [ [ [ -117.801325097808842, 53.626994828201902 ], [ -117.701325097808848, 53.626994828201902 ], [ -117.701325097808848, 53.726994828201903 ], [ -117.801325097808842, 53.726994828201903 ], [ -117.801325097808842, 53.626994828201902 ] ] ] } },
{ "type": "Feature", "properties": { "value": "1", "label": "AQHI 1", "color": "#01cbff", "timestamp": "2026-10-09 14:00:00", "generated_at": "2026-10-09T20:31:38.042297", "nearest_km": 28.214028475584236, "n_points": 12, "weight_sum": 0.0036147288906498111, "confidence": "Medium", "flagged": false }, "geometry": { "type": "Polygon", "coordinates": [ [ [ -117.701325097808848, 53.626994828201902 ], [ -117.601325097808854, 53.626994828201902 ], [ -117.601325097808854, 53.726994828201903 ], [ -117.701325097808848, 53.726994828201903 ], [ -117.701325097808848, 53.626994828201902 ] ] ] } },
{ "type": "Feature", "properties": { "value": "1", "label": "AQHI 1", "color": "#01cbff", "timestamp": "2026-10-09 14:00:00", "generated_at": "2026-10-09T20:31:38.042297", "nearest_km": 23.059184682041973, "n_points": 12, "weight_sum": 0.0048617781426292649, "confidence": "High", "flagged": false }, "geometry": { "type": "Polygon", "coordinates": [ [ [ -117.601325097808854, 53.626994828201902 ], [ -117.501325097808859, 53.626994828201902 ], [ -117.501325097808859, 53.726994828201903 ], [ -117.601325097808854, 53.726994828201903 ], [ -117.601325097808854, 53.626994828201902 ] ] ] } },
{ "type": "Feature", "properties": { "value": "1", "label": "AQHI 1", "color": "#01cbff", "timestamp": "2026-10-09 14:00:00", "generated_at": "2026-10-09T20:31:38.042297", "nearest_km": 22.668052267010768, "n_points": 13, "weight_sum": 0.0048981474010953187, "confidence": "High", "flagged": false }, "geometry": { "type": "Polygon", "coordinates": [ [ [ -117.501325097808859, 53.626994828201902 ], [ -117.401325097808865, 53.626994828201902 ], [ -117.401325097808865, 53.726994828201903 ], [ -117.501325097808859, 53.726994828201903 ], [ -117.501325097808859, 53.626994828201902 ] ] ] } },
{ "type": "Feature", "properties": { "value": "1", "label": "AQHI 1", "color": "#01cbff", "timestamp": "2026-10-09 14:00:00", "generated_at": "2026-10-09T20:31:38.042297", "nearest_km": 27.17673243861957, "n_points": 13, "weight_sum": 0.0036939160809103932, "confidence": "Medium", "flagged": false }, "geometry": { "type": "Polygon", "coordinates": [ [ [ -117.401325097808865, 53.626994828201902 ], [ -117.301325097808871, 53.626994828201902 ], [ -117.301325097808871, 53.726994828201903 ], [ -117.401325097808865, 53.726994828201903 ], [ -117.401325097808865, 53.626994828201902 ] ] ] } },
{ "type": "Feature", "properties": { "value": "1", "label": "AQHI 1", "color": "#01cbff", "timestamp": "2026-10-09 14:00:00", "generated_at": "2026-10-09T20:31:38.042297", "nearest_km": 34.617297728443084, "n_points": 13, "weight_sum": 0.002667247529535479, "confidence": "Medium", "flagged": false }, "geometry": { "type": "Polygon", "coordinates": [ [ [ -117.301325097808871, 53.626994828201902 ], [ -117.201325097808876, 53.626994828201902 ], [ -117.201325097808876, 53.726994828201903 ], [ -117.301325097808871, 53.726994828201903 ], [ -117.301325097808871, 53.626994828201902 ] ] ] } },
{ "type": "Feature", "properties": { "value": "1", "label": "AQHI 1", "color": "#01cbff", "timestamp": "2026-10-09 14:00:00", "generated_at": "2026-10-09T20:31:38.042297", "nearest_km": 43.641262791067305, "n_points": 14, "weight_sum": 0.0021058395133055517, "confidence": "Medium", "flagged": false }, "geometry": { "type": "Polygon", "coordinates": [ [ [ -117.201325097808876, 53.626994828201902 ], [ -117.101325097808882, 53.626994828201902 ], [ -117.101325097808882, 53.726994828201903 ], [ -117.201325097808876, 53.726994828201903 ], [ -117.201325097808876, 53.626994828201902 ] ] ] } },
{ "type": "Feature", "properties": { "value": "1", "label": "AQHI 1", "color": "#01cbff", "timestamp": "2026-10-09 14:00:00", "generated_at": "2026-10-09T20:31:38.042297", "nearest_km": 53.452617653191631, "n_points": 14, "weight_sum": 0.0017904576846104366, "confidence": "Medium", "flagged": false }, "geometry": { "type": "Polygon", "coordinates": [ [ [ -117.101325097808882, 53.626994828201902 ], [ -117.001325097808888, 53.626994828201902 ], [ -117.001325097808888, 53.726994828201903 ], [ -117.101325097808882, 53.726994828201903 ], [ -117.101325097808882, 53.626994828201902 ] ] ] } },
{ "type": "Feature", "properties": { "value": "1", "label": "AQHI 1", "color": "#01cbff", "timestamp": "2026-10-09 14:00:00", "generated_at": "2026-10-09T20:31:38.042297", "nearest_km": 55.786378558963371, "n_points": 13, "weight_sum": 0.0015921470582590978, "confidence": "Medium", "flagged": false }, "geometry": { "type": "Polygon", "coordinates": [ [ [ -117.001325097808888, 53.626994828201902 ], [ -116.901325097808893, 53.626994828201902 ], [ -116.901325097808893, 53.726994828201903 ], [ -117.001325097808888, 53.726994828201903 ], [ -117.001325097808888, 53.626994828201902 ] ] ] } },
{ "type": "Feature", "properties": { "value": "1", "label": "AQHI 1", "color": "#01cbff", "timestamp": "2026-10-09 14:00:00", "generated_at": "2026-10-09T20:31:38.042297", "nearest_km": 51.067582899498063, "n_points": 11, "weight_sum": 0.0014561957316143943, "confidence": "Medium", "flagged": false }, "geometry": { "type": "Polygon", "coordinates": [ [ [ -116.901325097808893, 53.626994828201902 ], [ -116.801325097808899, 53.626994828201902 ], [ -116.801325097808899, 53.726994828201903 ], [ -116.901325097808893, 53.726994828201903 ], [ -116.901325097808893, 53.626994828201902 ] ] ] } },
{ "type": "Feature", "properties": { "value": "1", "label": "AQHI 1", "color": "#01cbff", "timestamp": "2026-10-09 14:00:00", "generated_at": "2026-10-09T20:31:38.042297", "nearest_km": 40.044368732400656, "n_points": 10, "weight_sum": 0.0015078369561466057, "confidence": "Medium", "flagged": false }, "geometry": { "type": "Polygon", "coordinates": [ [ [ -116.801325097808899, 53.626994828201902 ], [ -116.701325097808905, 53.626994828201902 ], [ -116.701325097808905, 53.726994828201903 ], [ -116.801325097808899, 53.726994828201903 ], [ -116.801325097808899, 53.626994828201902 ] ] ] } },
{ "type": "Feature", "properties": { "value": "1", "label": "AQHI 1", "color": "#01cbff", "timestamp": "2026-10-09 14:00:00", "generated_at": "2026-10-09T20:31:38.042297", "nearest_km": 29.079630519588807, "n_points": 10, "weight_sum": 0.0019043050648448172, "confidence": "Medium", "flagged": false }, "geometry": { "type": "Polygon", "coordinates": [ [ [ -116.701325097808905, 53.626994828201902 ], [ -116.60132509780891, 53.626994828201902 ], [ -116.60132509780891, 53.726994828201903 ], [ -116.701325097808905, 53.726994828201903 ], [ -116.701325097808905, 53.626994828201902 ] ] ] } },
{ "type": "Feature", "properties": { "value": "1", "label": "AQHI 1", "color": "#01cbff", "timestamp": "2026-10-09 14:00:00", "generated_at": "2026-10-09T20:31:38.042297", "nearest_km": 18.278904648121173, "n_points": 9, "weight_sum": 0.0034357724980667564, "confidence": "High", "flagged": false }, "geometry": { "type": "Polygon", "coordinates": [ [ [ -116.60132509780891, 53.626994828201902 ], [ -116.501325097808916, 53.626994828201902 ], [ -116.501325097808916, 53.726994828201903 ], [ -116.60132509780891, 53.726994828201903 ], [ -116.60132509780891, 53.626994828201902 ] ] ] } },
{ "type": "Feature", "properties": { "value": "1", "label": "AQHI 1", "color": "#01cbff", "timestamp": "2026-10-09 14:00:00", "generated_at": "2026-10-09T20:31:38.042297", "nearest_km": 8.3085377241956877, "n_points": 9, "weight_sum": 0.013692296188875883, "confidence": "High", "flagged": false }, "geometry": { "type": "Polygon", "coordinates": [ [ [ -116.501325097808916, 53.626994828201902 ], [ -116.401325097808922, 53.626994828201902 ], [ -116.401325097808922, 53.726994828201903 ], [ -116.501325097808916, 53.726994828201903 ], [ -116.501325097808916, 53.626994828201902 ] ] ] } },
{ "type": "Feature", "properties": { "value": "1", "label": "AQHI 1", "color": "#01cbff", "timestamp": "2026-10-09 14:00:00", "generated_at": "2026-10-09T20:31:38.042297", "nearest_km": 4.9571225906413412, "n_points": 9, "weight_sum": 0.030841992286233664, "confidence": "High", "flagged": false }, "geometry": { "type": "Polygon", "coordinates": [ [ [ -116.401325097808922, 53.626994828201902 ], [ -116.301325097808927, 53.626994828201902 ], [ -116.301325097808927, 53.726994828201903 ], [ -116.401325097808922, 53.726994828201903 ], [ -116.401325097808922, 53.626994828201902 ] ] ] } },
{ "type": "Feature", "properties": { "value": "1", "label": "AQHI 1", "color": "#01cbff", "timestamp": "2026-10-09 14:00:00", "generated_at": "2026-10-09T20:31:38.042297", "nearest_km": 14.494060830487493, "n_points": 13, "weight_sum": 0.0048519942727876433, "confidence": "High", "flagged": false }, "geometry": { "type": "Polygon", "coordinates": [ [ [ -116.301325097808927, 53.626994828201902 ], [ -116.201325097808933, 53.626994828201902 ], [ -116.201325097808933, 53.726994828201903 ], [ -116.301325097808927, 53.726994828201903 ], [ -116.301325097808927, 53.626994828201902 ] ] ] } },
{ "type": "Feature", "properties": { "value": "1", "label": "AQHI 1", "color": "#01cbff", "timestamp": "2026-10-09 14:00:00", "generated_at": "2026-10-09T20:31:38.042297", "nearest_km": 25.33776892974338, "n_points": 12, "weight_sum": 0.002201377836727623, "confidence": "Medium", "flagged": false }, "geometry": { "type": "Polygon", "coordinates": [ [ [ -116.201325097808933, 53.626994828201902 ], [ -116.101325097808939, 53.626994828201902 ], [ -116.101325097808939, 53.726994828201903 ], [ -116.201325097808933, 53.726994828201903 ], [ -116.201325097808933, 53.626994828201902 ] ] ] } },
{ "type": "Feature", "properties": { "value": "1", "label": "AQHI 1", "color": "#01cbff", "timestamp": "2026-10-09 14:00:00", "generated_at": "2026-10-09T20:31:38.042297", "nearest_km": 25.576216504606943, "n_points": 12, "weight_sum": 0.0018733178135055086, "confidence": "Medium", "flagged": false }, "geometry": { "type": "Polygon", "coordinates": [ [ [ -116.101325097808939, 53.626994828201902 ], [ -116.001325097808945, 53.626994828201902 ], [ -116.001325097808945, 53.726994828201903 ], [ -116.101325097808939, 53.726994828201903 ], [ -116.101325097808939, 53.626994828201902 ] ] ] } },
{ "type": "Feature", "properties": { "value": "1", "label": "AQHI 1", "color": "#01cbff", "timestamp": "2026-10-09 14:00:00", "generated_at": "2026-10-09T20:31:38.042297", "nearest_km": 14.485683576199065, "n_points": 13, "weight_sum": 0.0032429834873555757, "confidence": "High", "flagged": false }, "geometry": { "type": "Polygon", "coordinates": [ [ [ -116.001325097808945, 53.626994828201902 ], [ -115.90132509780895, 53.626994828201902 ], [ -115.90132509780895, 53.726994828201903 ], [ -116.001325097808945, 53.726994828201903 ], [ -116.001325097808945, 53.626994828201902 ] ] ] } },
{ "type": "Feature", "properties": { "value": "1", "label": "AQHI 1", "color": "#01cbff", "timestamp": "2026-10-09 14:00:00", "generated_at": "2026-10-09T20:31:38.042297", "nearest_km": 3.4564731517791532, "n_points": 14, "weight_sum": 0.042629641575593749, "confidence": "High", "flagged": false }, "geometry": { "type": "Polygon", "coordinates": [ [ [ -115.90132509780895, 53.626994828201902 ], [ -115.801325097808956, 53.626994828201902 ], [ -115.801325097808956, 53.726994828201903 ], [ -115.90132509780895, 53.726994828201903 ], [ -115.90132509780895, 53.626994828201902 ] ] ] } },
{ "type": "Feature", "properties": { "value": "1", "label": "AQHI 1", "color": "#01cbff", "timestamp": "2026-10-09 14:00:00", "generated_at": "2026-10-09T20:31:38.042297", "nearest_km": 7.7768492738479154, "n_points": 13, "weight_sum": 0.0089902359797880103, "confidence": "High", "flagged": false }, "geometry": { "type": "Polygon", "coordinates": [ [ [ -115.801325097808956, 53.626994828201902 ], [ -115.701325097808962, 53.626994828201902 ], [ -115.701325097808962, 53.726994828201903 ], [ -115.801325097808956, 53.726994828201903 ], [ -115.801325097808956, 53.626994828201902 ] ] ] } },
{ "type": "Feature", "properties": { "value": "1", "label": "AQHI 1", "color": "#01cbff", "timestamp": "2026-10-09 14:00:00", "generated_at": "2026-10-09T20:31:38.042297", "nearest_km": 18.852892685402406, "n_points": 14, "weight_sum": 0.0022156790292916281, "confidence": "High", "flagged": false }, "geometry": { "type": "Polygon", "coordinates": [ [ [ -115.701325097808962, 53.626994828201902 ], [ -115.601325097808967, 53.626994828201902 ], [ -115.601325097808967, 53.726994828201903 ], [ -115.701325097808962, 53.726994828201903 ], [ -115.701325097808962, 53.626994828201902 ] ] ] } },
{ "type": "Feature", "properties": { "value": "1", "label": "AQHI 1", "color": "#01cbff", "timestamp": "2026-10-09 14:00:00", "generated_at": "2026-10-09T20:31:38.042297", "nearest_km": 29.9466816289622, "n_points": 16, "weight_sum": 0.0015385142138056131, "confidence": "Medium", "flagged": false }, "geometry": { "type": "Polygon", "coordinates": [ [ [ -115.601325097808967, 53.626994828201902 ], [ -115.501325097808973, 53.626994828201902 ], [ -115.501325097808973, 53.726994828201903 ], [ -115.601325097808967, 53.726994828201903 ], [ -115.601325097808967, 53.626994828201902 ] ] ] } },
{ "type": "Feature", "properties": { "value": "1", "label": "AQHI 1", "color": "#01cbff", "timestamp": "2026-10-09 14:00:00", "generated_at": "2026-10-09T20:31:38.042297", "nearest_km": 41.043829238577594, "n_points": 18, "weight_sum": 0.0016049191639289401, "confidence": "Medium", "flagged": false }, "geometry": { "type": "Polygon", "coordinates": [ [ [ -115.501325097808973, 53.626994828201902 ], [ -115.401325097808979, 53.626994828201902 ], [ -115.401325097808979, 53.726994828201903 ], [ -115.501325097808973, 53.726994828201903 ], [ -115.501325097808973, 53.626994828201902 ] ] ] } },
{ "type": "Feature", "properties": { "value": "2", "label": "AQHI 2", "color": "#0099cb", "timestamp": "2026-10-09 14:00:00", "generated_at": "2026-10-09T20:31:38.042297", "nearest_km": 42.585125548065619, "n_points": 20, "weight_sum": 0.0019964590696358621, "confidence": "Medium", "flagged": false }, "geometry": { "type": "Polygon", "coordinates": [ [ [ -115.401325097808979, 53.626994828201902 ], [ -115.301325097808984, 53.626994828201902 ], [ -115.301325097808984, 53.726994828201903 ], [ -115.401325097808979, 53.726994828201903 ], [ -115.401325097808979, 53.626994828201902 ] ] ] } },
{ "type": "Feature", "properties": { "value": "2", "label": "AQHI 2", "color": "#0099cb", "timestamp": "2026-10-09 14:00:00", "generated_at": "2026-10-09T20:31:38.042297", "nearest_km": 31.510578241658308, "n_points": 22, "weight_sum": 0.0028709951358315815, "confidence": "Medium", "flagged": false }, "geometry": { "type": "Polygon", "coordinates": [ [ [ -115.301325097808984, 53.626994828201902 ], [ -115.20132509780899, 53.626994828201902 ], [ -115.20132509780899, 53.726994828201903 ], [ -115.301325097808984, 53.726994828201903 ], [ -115.301325097808984, 53.626994828201902 ] ] ] } },
{ "type": "Feature", "properties": { "value": "2", "label": "AQHI 2", "color": "#0099cb", "timestamp": "2026-10-09 14:00:00", "generated_at": "2026-10-09T20:31:38.042297", "nearest_km": 20.463630281619171, "n_points": 25, "weight_sum": 0.0051064124857349378, "confidence": "High", "flagged": false }, "geometry": { "type": "Polygon", "coordinates": [ [ [ -115.20132509780899, 53.626994828201902 ], [ -115.101325097808996, 53.626994828201902 ], [ -115.101325097808996, 53.726994828201903 ], [ -115.20132509780899, 53.726994828201903 ], [ -115.20132509780899, 53.626994828201902 ] ] ] } },
{ "type": "Feature", "properties": { "value": "2", "label": "AQHI 2", "color": "#0099cb", "timestamp": "2026-10-09 14:00:00", "generated_at": "2026-10-09T20:31:38.042297", "nearest_km": 9.5406387355304449, "n_points": 27, "weight_sum": 0.015178535080257016, "confidence": "High", "flagged": false }, "geometry": { "type": "Polygon", "coordinates": [ [ [ -115.101325097808996, 53.626994828201902 ], [ -115.001325097809001, 53.626994828201902 ], [ -115.001325097809001, 53.726994828201903 ], [ -115.101325097808996, 53.726994828201903 ], [ -115.101325097808996, 53.626994828201902 ] ] ] } },
{ "type": "Feature", "properties": { "value": "2", "label": "AQHI 2", "color": "#0099cb", "timestamp": "2026-10-09 14:00:00", "generated_at": "2026-10-09T20:31:38.042297", "nearest_km": 3.115671783256218, "n_points": 30, "weight_sum": 0.13108548381498986, "confidence": "High", "flagged": false }, "geometry": { "type": "Polygon", "coordinates": [ [ [ -115.001325097809001, 53.626994828201902 ], [ -114.901325097809007, 53.626994828201902 ], [ -114.901325097809007, 53.726994828201903 ], [ -115.001325097809001, 53.726994828201903 ], [ -115.001325097809001, 53.626994828201902 ] ] ] } },
{ "type": "Feature", "properties": { "value": "1", "label": "AQHI 1", "color": "#01cbff", "timestamp": "2026-10-09 14:00:00", "generated_at": "2026-10-09T20:31:38.042297", "nearest_km": 8.6044849682240674, "n_points": 45, "weight_sum": 0.022804712682044589, "confidence": "High", "flagged": false }, "geometry": { "type": "Polygon", "coordinates": [ [ [ -114.901325097809007, 53.626994828201902 ], [ -114.801325097809013, 53.626994828201902 ], [ -114.801325097809013, 53.726994828201903 ], [ -114.901325097809007, 53.726994828201903 ], [ -114.901325097809007, 53.626994828201902 ] ] ] } },
{ "type": "Feature", "properties": { "value": "2", "label": "AQHI 2", "color": "#0099cb", "timestamp": "2026-10-09 14:00:00", "generated_at": "2026-10-09T20:31:38.042297", "nearest_km": 19.223521647903265, "n_points": 70, "weight_sum": 0.0088560346076684837, "confidence": "High", "flagged": false }, "geometry": { "type": "Polygon", "coordinates": [ [ [ -114.801325097809013, 53.626994828201902 ], [ -114.701325097809018, 53.626994828201902 ], [ -114.701325097809018, 53.726994828201903 ], [ -114.801325097809013, 53.726994828201903 ], [ -114.801325097809013, 53.626994828201902 ] ] ] } },
{ "type": "Feature", "properties": { "value": "2", "label": "AQHI 2", "color": "#0099cb", "timestamp": "2026-10-09 14:00:00", "generated_at": "2026-10-09T20:31:38.042297", "nearest_km": 21.550026502675003, "n_points": 93, "weight_sum": 0.0079116953166763343, "confidence": "High", "flagged": false }, "geometry": { "type": "Polygon", "coordinates": [ [ [ -114.701325097809018, 53.626994828201902 ], [ -114.601325097809024, 53.626994828201902 ], [ -114.601325097809024, 53.726994828201903 ], [ -114.701325097809018, 53.726994828201903 ], [ -114.701325097809018, 53.626994828201902 ] ] ] } },
{ "type": "Feature", "properties": { "value": "2", "label": "AQHI 2", "color": "#0099cb", "timestamp": "2026-10-09 14:00:00", "generated_at": "2026-10-09T20:31:38.042297", "nearest_km": 17.818815029162351, "n_points": 99, "weight_sum": 0.0088157080915439653, "confidence": "High", "flagged": false }, "geometry": { "type": "Polygon", "coordinates": [ [ [ -114.601325097809024, 53.626994828201902 ], [ -114.50132509780903, 53.626994828201902 ], [ -114.50132509780903, 53.726994828201903 ], [ -114.601325097809024, 53.726994828201903 ], [ -114.601325097809024, 53.626994828201902 ] ] ] } },
{ "type": "Feature", "properties": { "value": "1", "label": "AQHI 1", "color": "#01cbff", "timestamp": "2026-10-09 14:00:00", "generated_at": "2026-10-09T20:31:38.042297", "nearest_km": 9.1160793668385836, "n_points": 103, "weight_sum": 0.013867320003782725, "confidence": "High", "flagged": false }, "geometry": { "type": "Polygon", "coordinates": [ [ [ -114.50132509780903, 53.626994828201902 ], [ -114.401325097809035, 53.626994828201902 ], [ -114.401325097809035, 53.726994828201903 ], [ -114.50132509780903, 53.726994828201903 ], [ -114.50132509780903, 53.626994828201902 ] ] ] } },
{ "type": "Feature", "properties": { "value": "1", "label": "AQHI 1", "color": "#01cbff", "timestamp": "2026-10-09 14:00:00", "generated_at": "2026-10-09T20:31:38.042297", "nearest_km": 9.7527245937466187, "n_points": 110, "weight_sum": 0.01454096625673066, "confidence": "High", "flagged": false }, "geometry": { "type": "Polygon", "coordinates": [ [ [ -114.401325097809035, 53.626994828201902 ], [ -114.301325097809041, 53.626994828201902 ], [ -114.301325097809041, 53.726994828201903 ], [ -114.401325097809035, 53.726994828201903 ], [ -114.401325097809035, 53.626994828201902 ] ] ] } },
{ "type": "Feature", "properties": { "value": "1", "label": "AQHI 1", "color": "#01cbff", "timestamp": "2026-10-09 14:00:00", "generated_at": "2026-10-09T20:31:38.042297", "nearest_km": 18.802881986025763, "n_points": 110, "weight_sum": 0.012644081445252066, "confidence": "High", "flagged": false }, "geometry": { "type": "Polygon", "coordinates": [ [ [ -114.301325097809041, 53.626994828201902 ], [ -114.201325097809047, 53.626994828201902 ], [ -114.201325097809047, 53.726994828201903 ], [ -114.301325097809041, 53.726994828201903 ], [ -114.301325097809041, 53.626994828201902 ] ] ] } },
{ "type": "Feature", "properties": { "value": "2", "label": "AQHI 2", "color": "#0099cb", "timestamp": "2026-10-09 14:00:00", "generated_at": "2026-10-09T20:31:38.042297", "nearest_km": 13.570660943857025, "n_points": 112, "weight_sum": 0.016133926217031243, "confidence": "High", "flagged": false }, "geometry": { "type": "Polygon", "coordinates": [ [ [ -114.201325097809047, 53.626994828201902 ], [ -114.101325097809053, 53.626994828201902 ], [ -114.101325097809053, 53.726994828201903 ], [ -114.201325097809047, 53.726994828201903 ], [ -114.201325097809047, 53.626994828201902 ] ] ] } },
{ "type": "Feature", "properties": { "value": "NA", "label": "No Data", "color": "#D3D3D3", "timestamp": "2026-10-09 14:00:00", "generated_at": "2026-10-09T20:31:38.042297", "nearest_km": 176.35759790687257, "n_points": 0, "weight_sum": 0.0, "confidence": "None", "flagged": false }, "geometry": { "type": "Polygon", "coordinates": [ [ [ -120.001325097808717, 53.726994828201903 ], [ -119.901325097808723, 53.726994828201903 ], [ -119.901325097808723, 53.826994828201904 ], [ -120.001325097808717, 53.826994828201904 ], [ -120.001325097808717, 53.726994828201903 ] ] ] } },
{ "type": "Feature", "properties": { "value": "NA", "label": "No Data", "color": "#D3D3D3", "timestamp": "2026-10-09 14:00:00", "generated_at": "2026-10-09T20:31:38.042297", "nearest_km": 172.43996518632787, "n_points": 0, "weight_sum": 0.0, "confidence": "None", "flagged": false }, "geometry": { "type": "Polygon", "coordinates": [ [ [ -119.901325097808723, 53.726994828201903 ], [ -119.801325097808729, 53.726994828201903 ], [ -119.801325097808729, 53.826994828201904 ], [ -119.901325097808723, 53.826994828201904 ], [ -119.901325097808723, 53.726994828201903 ] ] ] } },
{ "type": "Feature", "properties": { "value": "NA", "label": "No Data", "color": "#D3D3D3", "timestamp": "2026-10-09 14:00:00", "generated_at": "2026-10-09T20:31:38.042297", "nearest_km": 169.16116826104556, "n_points": 0, "weight_sum": 0.0, "confidence": "None", "flagged": false }, "geometry": { "type": "Polygon", "coordinates": [ [ [ -119.801325097808729, 53.726994828201903 ], [ -119.701325097808734, 53.726994828201903 ], [ -119.701325097808734, 53.826994828201904 ], [ -119.801325097808729, 53.826994828201904 ], [ -119.801325097808729, 53.726994828201903 ] ] ] } },
{ "type": "Feature", "properties": { "value": "NA", "label": "No Data", "color": "#D3D3D3", "timestamp": "2026-10-09 14:00:00", "generated_at": "2026-10-09T20:31:38.042297", "nearest_km": 166.55893882173223, "n_points": 0, "weight_sum": 0.0, "confidence": "None", "flagged": false }, "geometry": { "type": "Polygon", "coordinates": [ [ [ -119.701325097808734, 53.726994828201903 ], [ -119.60132509780874, 53.726994828201903 ], [ -119.60132509780874, 53.826994828201904 ], [ -119.701325097808734, 53.826994828201904 ], [ -119.701325097808734, 53.726994828201903 ] ] ] } },
{ "type": "Feature", "properties": { "value": "NA", "label": "No Data", "color": "#D3D3D3", "timestamp": "2026-10-09 14:00:00", "generated_at": "2026-10-09T20:31:38.042297", "nearest_km": 164.66535566232892, "n_points": 0, "weight_sum": 0.0, "confidence": "None", "flagged": false }, "geometry": { "type": "Polygon", "coordinates": [ [ [ -119.60132509780874, 53.726994828201903 ], [ -119.501325097808746, 53.726994828201903 ], [ -119.501325097808746, 53.826994828201904 ], [ -119.60132509780874, 53.826994828201904 ], [ -119.60132509780874, 53.726994828201903 ] ] ] } },
{ "type": "Feature", "properties": { "value": "NA", "label": "No Data", "color": "#D3D3D3", "timestamp": "2026-10-09 14:00:00", "generated_at": "2026-10-09T20:31:38.042297", "nearest_km": 163.50504154117388, "n_points": 0, "weight_sum": 0.0, "confidence": "None", "flagged": false }, "geometry": { "type": "Polygon", "coordinates": [ [ [ -119.501325097808746, 53.726994828201903 ], [ -119.401325097808751, 53.726994828201903 ], [ -119.401325097808751, 53.826994828201904 ], [ -119.501325097808746, 53.826994828201904 ], [ -119.501325097808746, 53.726994828201903 ] ] ] } },
{ "type": "Feature", "properties": { "value": "NA", "label": "No Data", "color": "#D3D3D3", "timestamp": "2026-10-09 14:00:00", "generated_at": "2026-10-09T20:31:38.042297", "nearest_km": 163.09364752607834, "n_points": 0, "weight_sum": 0.0, "confidence": "None", "flagged": false }, "geometry": { "type": "Polygon", "coordinates": [ [ [ -119.401325097808751, 53.726994828201903 ], [ -119.301325097808757, 53.726994828201903 ], [ -119.301325097808757, 53.826994828201904 ], [ -119.401325097808751, 53.826994828201904 ], [ -119.401325097808751, 53.726994828201903 ] ] ] } },
{ "type": "Feature", "properties": { "value": "NA", "label": "No Data", "color": "#D3D3D3", "timestamp": "2026-10-09 14:00:00", "generated_at": "2026-10-09T20:31:38.042297", "nearest_km": 163.43682913388997, "n_points": 0, "weight_sum": 0.0, "confidence": "None", "flagged": false }, "geometry": { "type": "Polygon", "coordinates": [ [ [ -119.301325097808757, 53.726994828201903 ], [ -119.201325097808763, 53.726994828201903 ], [ -119.201325097808763, 53.826994828201904 ], [ -119.301325097808757, 53.826994828201904 ], [ -119.301325097808757, 53.726994828201903 ] ] ] } },
{ "type": "Feature", "properties": { "value": "NA", "label": "No Data", "color": "#D3D3D3", "timestamp": "2026-10-09 14:00:00", "generated_at": "2026-10-09T20:31:38.042297", "nearest_km": 155.03438900452645, "n_points": 0, "weight_sum": 0.0, "confidence": "None", "flagged": false }, "geometry": { "type": "Polygon", "coordinates": [ [ [ -119.201325097808763, 53.726994828201903 ], [ -119.101325097808768, 53.726994828201903 ], [ -119.101325097808768, 53.826994828201904 ], [ -119.201325097808763, 53.826994828201904 ], [ -119.201325097808763, 53.726994828201903 ] ] ] } },
{ "type": "Feature", "properties": { "value": "2", "label": "AQHI 2", "color": "#0099cb", "timestamp": "2026-10-09 14:00:00", "generated_at": "2026-10-09T20:31:38.042297", "nearest_km": 146.66192758172323, "n_points": 3, "weight_sum": 9.2774163506367981e-05, "confidence": "Low", "flagged": false }, "geometry": { "type": "Polygon", "coordinates": [ [ [ -119.101325097808768, 53.726994828201903 ], [ -119.001325097808774, 53.726994828201903 ], [ -119.001325097808774, 53.826994828201904 ], [ -119.101325097808768, 53.826994828201904 ], [ -119.101325097808768, 53.726994828201903 ] ] ] } },
{ "type": "Feature", "properties": { "value": "2", "label": "AQHI 2", "color": "#0099cb", "timestamp": "2026-10-09 14:00:00", "generated_at": "2026-10-09T20:31:38.042297", "nearest_km": 138.47429147304442, "n_points": 3, "weight_sum": 0.00010411363659849622, "confidence": "Low", "flagged": false }, "geometry": { "type": "Polygon", "coordinates": [ [ [ -119.001325097808774, 53.726994828201903 ], [ -118.90132509780878, 53.726994828201903 ], [ -118.90132509780878, 53.826994828201904 ], [ -119.001325097808774, 53.826994828201904 ], [ -119.001325097808774, 53.726994828201903 ] ] ] } },
{ "type": "Feature", "properties": { "value": "2", "label": "AQHI 2", "color": "#0099cb", "timestamp": "2026-10-09 14:00:00", "generated_at": "2026-10-09T20:31:38.042297", "nearest_km": 130.59938951213135, "n_points": 3, "weight_sum": 0.00011690383716729489, "confidence": "Low", "flagged": false }, "geometry": { "type": "Polygon", "coordinates": [ [ [ -118.90132509780878, 53.726994828201903 ], [ -118.801325097808785, 53.726994828201903 ], [ -118.801325097808785, 53.826994828201904 ], [ -118.90132509780878, 53.826994828201904 ], [ -118.90132509780878, 53.726994828201903 ] ] ] } },
{ "type": "Feature", "properties": { "value": "1", "label": "AQHI 1", "color": "#01cbff", "timestamp": "2026-10-09 14:00:00", "generated_at": "2026-10-09T20:31:38.042297", "nearest_km": 123.22212335015628, "n_points": 6, "weight_sum": 0.00025472681566300154, "confidence": "Low", "flagged": false }, "geometry": { "type": "Polygon", "coordinates": [ [ [ -118.801325097808785, 53.726994828201903 ], [ -118.701325097808791, 53.726994828201903 ], [ -118.701325097808791, 53.826994828201904 ], [ -118.801325097808785, 53.826994828201904 ], [ -118.801325097808785, 53.726994828201903 ] ] ] } },
{ "type": "Feature", "properties": { "value": "1", "label": "AQHI 1", "color": "#01cbff", "timestamp": "2026-10-09 14:00:00", "generated_at": "2026-10-09T20:31:38.042297", "nearest_km": 116.43711961784705, "n_points": 6, "weight_sum": 0.00029119413167707174, "confidence": "Low", "flagged": false }, "geometry": { "type": "Polygon", "coordinates": [ [ [ -118.701325097808791, 53.726994828201903 ], [ -118.601325097808797, 53.726994828201903 ], [ -118.601325097808797, 53.826994828201904 ], [ -118.701325097808791, 53.826994828201904 ], [ -118.701325097808791, 53.726994828201903 ] ] ] } },
{ "type": "Feature", "properties": { "value": "1", "label": "AQHI 1", "color": "#01cbff", "timestamp": "2026-10-09 14:00:00", "generated_at": "2026-10-09T20:31:38.042297", "nearest_km": 110.35367672570082, "n_points": 6, "weight_sum": 0.00033412286420585337, "confidence": "Low", "flagged": false }, "geometry": { "type": "Polygon", "coordinates": [ [ [ -118.601325097808797, 53.726994828201903 ], [ -118.501325097808802, 53.726994828201903 ], [ -118.501325097808802, 53.826994828201904 ], [ -118.601325097808797, 53.826994828201904 ], [ -118.601325097808797, 53.726994828201903 ] ] ] } },
{ "type": "Feature", "properties": { "value": "1", "label": "AQHI 1", "color": "#01cbff", "timestamp": "2026-10-09 14:00:00", "generated_at": "2026-10-09T20:31:38.042297", "nearest_km": 105.09369680842006, "n_points": 7, "weight_sum": 0.00040834320358600296, "confidence": "Low", "flagged": false }, "geometry": { "type": "Polygon", "coordinates": [ [ [ -118.501325097808802, 53.726994828201903 ], [ -118.401325097808808, 53.726994828201903 ], [ -118.401325097808808, 53.826994828201904 ], [ -118.501325097808802, 53.826994828201904 ], [ -118.501325097808802, 53.726994828201903 ] ] ] } },
{ "type": "Feature", "properties": { "value": "1", "label": "AQHI 1", "color": "#01cbff", "timestamp": "2026-10-09 14:00:00", "generated_at": "2026-10-09T20:31:38.042297", "nearest_km": 97.954243386071795, "n_points": 7, "weight_sum": 0.00047133726400398301, "confidence": "Low", "flagged": false }, "geometry": { "type": "Polygon", "coordinates": [ [ [ -118.401325097808808, 53.726994828201903 ], [ -118.301325097808814, 53.726994828201903 ], [ -118.301325097808814, 53.826994828201904 ], [ -118.401325097808808, 53.826994828201904 ], [ -118.401325097808808, 53.726994828201903 ] ] ] } },
{ "type": "Feature", "properties": { "value": "1", "label": "AQHI 1", "color": "#01cbff", "timestamp": "2026-10-09 14:00:00", "generated_at": "2026-10-09T20:31:38.042297", "nearest_km": 87.782065386030965, "n_points": 9, "weight_sum": 0.00061462095221954298, "confidence": "Low", "flagged": false }, "geometry": { "type": "Polygon", "coordinates": [ [ [ -118.301325097808814, 53.726994828201903 ], [ -118.201325097808819, 53.726994828201903 ], [ -118.201325097808819, 53.826994828201904 ], [ -118.301325097808814, 53.826994828201904 ], [ -118.301325097808814, 53.726994828201903 ] ] ] } },
{ "type": "Feature", "properties": { "value": "1", "label": "AQHI 1", "color": "#01cbff", "timestamp": "2026-10-09 14:00:00", "generated_at": "2026-10-09T20:31:38.042297", "nearest_km": 77.863779830785347, "n_points": 9, "weight_sum": 0.00071998918145449095, "confidence": "Low", "flagged": false }, "geometry": { "type": "Polygon", "coordinates": [ [ [ -118.201325097808819, 53.726994828201903 ], [ -118.101325097808825, 53.726994828201903 ], [ -118.101325097808825, 53.826994828201904 ], [ -118.201325097808819, 53.826994828201904 ], [ -118.201325097808819, 53.726994828201903 ] ] ] } },
{ "type": "Feature", "properties": { "value": "1", "label": "AQHI 1", "color": "#01cbff", "timestamp": "2026-10-09 14:00:00", "generated_at": "2026-10-09T20:31:38.042297", "nearest_km": 68.310068186443672, "n_points": 9, "weight_sum": 0.00085699666881936009, "confidence": "Medium", "flagged": false }, "geometry": { "type": "Polygon", "coordinates": [ [ [ -118.101325097808825, 53.726994828201903 ], [ -118.001325097808831, 53.726994828201903 ], [ -118.001325097808831, 53.826994828201904 ], [ -118.101325097808825, 53.826994828201904 ], [ -118.101325097808825, 53.726994828201903 ] ] ] } },
{ "type": "Feature", "properties": { "value": "1", "label": "AQHI 1", "color": "#01cbff", "timestamp": "2026-10-09 14:00:00", "generated_at": "2026-10-09T20:31:38.042297", "nearest_km": 59.29740822106919, "n_points": 9, "weight_sum": 0.0010432620908959497, "confidence": "Medium", "flagged": false }, "geometry": { "type": "Polygon", "coordinates": [ [ [ -118.001325097808831, 53.726994828201903 ], [ -117.901325097808837, 53.726994828201903 ], [ -117.901325097808837, 53.826994828201904 ], [ -118.001325097808831, 53.826994828201904 ], [ -118.001325097808831, 53.726994828201903 ] ] ] } },
{ "type": "Feature", "properties": { "value": "1", "label": "AQHI 1", "color": "#01cbff", "timestamp": "2026-10-09 14:00:00", "generated_at": "2026-10-09T20:31:38.042297", "nearest_km": 51.112814712512524, "n_points": 10, "weight_sum": 0.0013532740632876874, "confidence": "Medium", "flagged": false }, "geometry": { "type": "Polygon", "coordinates": [ [ [ -117.901325097808837, 53.726994828201903 ], [ -117.801325097808842, 53.726994828201903 ], [ -117.801325097808842, 53.826994828201904 ], [ -117.901325097808837, 53.826994828201904 ], [ -117.901325097808837, 53.726994828201903 ] ] ] } },
{ "type": "Feature", "properties": { "value": "1", "label": "AQHI 1", "color": "#01cbff", "timestamp": "2026-10-09 14:00:00", "generated_at": "2026-10-09T20:31:38.042297", "nearest_km": 43.841214541533212, "n_points": 11, "weight_sum": 0.0017393955804056176, "confidence": "Medium", "flagged": false }, "geometry": { "type": "Polygon", "coordinates": [ [ [ -117.801325097808842, 53.726994828201903 ], [ -117.701325097808848, 53.726994828201903 ], [ -117.701325097808848, 53.826994828201904 ], [ -117.801325097808842, 53.826994828201904 ], [ -117.801325097808842, 53.726994828201903 ] ] ] } },
{ "type": "Feature", "properties": { "value": "1", "label": "AQHI 1", "color": "#01cbff", "timestamp": "2026-10-09 14:00:00", "generated_at": "2026-10-09T20:31:38.042297", "nearest_km": 37.567628190454236, "n_points": 13, "weight_sum": 0.0022258522701487982, "confidence": "Medium", "flagged": false }, "geometry": { "type": "Polygon", "coordinates": [ [ [ -117.701325097808848, 53.726994828201903 ], [ -117.601325097808854, 53.726994828201903 ], [ -117.601325097808854, 53.826994828201904 ], [ -117.701325097808848, 53.826994828201904 ], [ -117.701325097808848, 53.726994828201903 ] ] ] } },
{ "type": "Feature", "properties": { "value": "1", "label": "AQHI 1", "color": "#01cbff", "timestamp": "2026-10-09 14:00:00", "generated_at": "2026-10-09T20:31:38.042297", "nearest_km": 33.867702656596776, "n_points": 13, "weight_sum": 0.0025818456419496386, "confidence": "Medium", "flagged": false }, "geometry": { "type": "Polygon", "coordinates": [ [ [ -117.601325097808854, 53.726994828201903 ], [ -117.501325097808859, 53.726994828201903 ], [ -117.501325097808859, 53.826994828201904 ], [ -117.601325097808854, 53.826994828201904 ], [ -117.601325097808854, 53.726994828201903 ] ] ] } },
{ "type": "Feature", "properties": { "value": "1", "label": "AQHI 1", "color": "#01cbff", "timestamp": "2026-10-09 14:00:00", "generated_at": "2026-10-09T20:31:38.042297", "nearest_km": 33.602617139369748, "n_points": 13, "weight_sum": 0.0026096361757682492, "confidence": "Medium", "flagged": false }, "geometry": { "type": "Polygon", "coordinates": [ [ [ -117.501325097808859, 53.726994828201903 ], [ -117.401325097808865, 53.726994828201903 ], [ -117.401325097808865, 53.826994828201904 ], [ -117.501325097808859, 53.826994828201904 ], [ -117.501325097808859, 53.726994828201903 ] ] ] } },
{ "type": "Feature", "properties": { "value": "1", "label": "AQHI 1", "color": "#01cbff", "timestamp": "2026-10-09 14:00:00", "generated_at": "2026-10-09T20:31:38.042297", "nearest_km": 36.846580221160963, "n_points": 13, "weight_sum": 0.0023172126603505099, "confidence": "Medium", "flagged": false }, "geometry": { "type": "Polygon", "coordinates": [ [ [ -117.401325097808865, 53.726994828201903 ], [ -117.301325097808871, 53.726994828201903 ], [ -117.301325097808871, 53.826994828201904 ], [ -117.401325097808865, 53.826994828201904 ], [ -117.401325097808865, 53.726994828201903 ] ] ] } },
{ "type": "Feature", "properties": { "value": "1", "label": "AQHI 1", "color": "#01cbff", "timestamp": "2026-10-09 14:00:00", "generated_at": "2026-10-09T20:31:38.042297", "nearest_km": 42.688229362141648, "n_points": 13, "weight_sum": 0.0019538393680072026, "confidence": "Medium", "flagged": false }, "geometry": { "type": "Polygon", "coordinates": [ [ [ -117.301325097808871, 53.726994828201903 ], [ -117.201325097808876, 53.726994828201903 ], [ -117.201325097808876, 53.826994828201904 ], [ -117.301325097808871, 53.826994828201904 ], [ -117.301325097808871, 53.726994828201903 ] ] ] } },
{ "type": "Feature", "properties": { "value": "1", "label": "AQHI 1", "color": "#01cbff", "timestamp": "2026-10-09 14:00:00", "generated_at": "2026-10-09T20:31:38.042297", "nearest_km": 50.284067477225207, "n_points": 14, "weight_sum": 0.0016942626395727244, "confidence": "Medium", "flagged": false }, "geometry": { "type": "Polygon", "coordinates": [ [ [ -117.201325097808876, 53.726994828201903 ], [ -117.101325097808882, 53.726994828201903 ], [ -117.101325097808882, 53.826994828201904 ], [ -117.201325097808876, 53.826994828201904 ], [ -117.201325097808876, 53.726994828201903 ] ] ] } },
{ "type": "Feature", "properties": { "value": "1", "label": "AQHI 1", "color": "#01cbff", "timestamp": "2026-10-09 14:00:00", "generated_at": "2026-10-09T20:31:38.042297", "nearest_km": 59.000931840382279, "n_points": 13, "weight_sum": 0.0014913793358377605, "confidence": "Medium", "flagged": false }, "geometry": { "type": "Polygon", "coordinates": [ [ [ -117.101325097808882, 53.726994828201903 ], [ -117.001325097808888, 53.726994828201903 ], [ -117.001325097808888, 53.826994828201904 ], [ -117.101325097808882, 53.826994828201904 ], [ -117.101325097808882, 53.726994828201903 ] ] ] } },
{ "type": "Feature", "properties": { "value": "1", "label": "AQHI 1", "color": "#01cbff", "timestamp": "2026-10-09 14:00:00", "generated_at": "2026-10-09T20:31:38.042297", "nearest_km": 64.029225907181214, "n_points": 11, "weight_sum": 0.0013274561414277992, "confidence": "Medium", "flagged": false }, "geometry": { "type": "Polygon", "coordinates": [ [ [ -117.001325097808888, 53.726994828201903 ], [ -116.901325097808893, 53.726994828201903 ], [ -116.901325097808893, 53.826994828201904 ], [ -117.001325097808888, 53.826994828201904 ], [ -117.001325097808888, 53.726994828201903 ] ] ] } },
{ "type": "Feature", "properties": { "value": "1", "label": "AQHI 1", "color": "#01cbff", "timestamp": "2026-10-09 14:00:00", "generated_at": "2026-10-09T20:31:38.042297", "nearest_km": 53.375792399291228, "n_points": 11, "weight_sum": 0.0013059066785810723, "confidence": "Medium", "flagged": false }, "geometry": { "type": "Polygon", "coordinates": [ [ [ -116.901325097808893, 53.726994828201903 ], [ -116.801325097808899, 53.726994828201903 ], [ -116.801325097808899, 53.826994828201904 ], [ -116.901325097808893, 53.826994828201904 ], [ -116.901325097808893, 53.726994828201903 ] ] ] } },
{ "type": "Feature", "properties": { "value": "1", "label": "AQHI 1", "color": "#01cbff", "timestamp": "2026-10-09 14:00:00", "generated_at": "2026-10-09T20:31:38.042297", "nearest_km": 42.949140366619631, "n_points": 11, "weight_sum": 0.0013833180996511629, "confidence": "Medium", "flagged": false }, "geometry": { "type": "Polygon", "coordinates": [ [ [ -116.801325097808899, 53.726994828201903 ], [ -116.701325097808905, 53.726994828201903 ], [ -116.701325097808905, 53.826994828201904 ], [ -116.801325097808899, 53.826994828201904 ], [ -116.801325097808899, 53.726994828201903 ] ] ] } },
{ "type": "Feature", "properties": { "value": "1", "label": "AQHI 1", "color": "#01cbff", "timestamp": "2026-10-09 14:00:00", "generated_at": "2026-10-09T20:31:38.042297", "nearest_km": 32.965164980793418, "n_points": 10, "weight_sum": 0.0016339939533716191, "confidence": "Medium", "flagged": false }, "geometry": { "type": "Polygon", "coordinates": [ [ [ -116.701325097808905, 53.726994828201903 ], [ -116.60132509780891, 53.726994828201903 ], [ -116.60132509780891, 53.826994828201904 ], [ -116.701325097808905, 53.826994828201904 ], [ -116.701325097808905, 53.726994828201903 ] ] ] } },
{ "type": "Feature", "properties": { "value": "1", "label": "AQHI 1", "color": "#01cbff", "timestamp": "2026-10-09 14:00:00", "generated_at": "2026-10-09T20:31:38.042297", "nearest_km": 23.983234689887723, "n_points": 9, "weight_sum": 0.0023386262287573545, "confidence": "High", "flagged": false }, "geometry": { "type": "Polygon", "coordinates": [ [ [ -116.60132509780891, 53.726994828201903 ], [ -116.501325097808916, 53.726994828201903 ], [ -116.501325097808916, 53.826994828201904 ], [ -116.60132509780891, 53.826994828201904 ], [ -116.60132509780891, 53.726994828201903 ] ] ] } },
{ "type": "Feature", "properties": { "value": "1", "label": "AQHI 1", "color": "#01cbff", "timestamp": "2026-10-09 14:00:00", "generated_at": "2026-10-09T20:31:38.042297", "nearest_km": 17.303682528714301, "n_points": 9, "weight_sum": 0.0038718091243636647, "confidence": "High", "flagged": false }, "geometry": { "type": "Polygon", "coordinates": [ [ [ -116.501325097808916, 53.726994828201903 ], [ -116.401325097808922, 53.726994828201903 ], [ -116.401325097808922, 53.826994828201904 ], [ -116.501325097808916, 53.826994828201904 ], [ -116.501325097808916, 53.726994828201903 ] ] ] } },
{ "type": "Feature", "properties": { "value": "1", "label": "AQHI 1", "color": "#01cbff", "timestamp": "2026-10-09 14:00:00", "generated_at": "2026-10-09T20:31:38.042297", "nearest_km": 15.443515274502296, "n_points": 9, "weight_sum": 0.0043709480202139221, "confidence": "High", "flagged": false }, "geometry": { "type": "Polygon", "coordinates": [ [ [ -116.401325097808922, 53.726994828201903 ], [ -116.301325097808927, 53.726994828201903 ], [ -116.301325097808927, 53.826994828201904 ], [ -116.401325097808922, 53.826994828201904 ], [ -116.401325097808922, 53.726994828201903 ] ] ] } },
{ "type": "Feature", "properties": { "value": "1", "label": "AQHI 1", "color": "#01cbff", "timestamp": "2026-10-09 14:00:00", "generated_at": "2026-10-09T20:31:38.042297", "nearest_km": 20.591427804137595, "n_points": 13, "weight_sum": 0.0028027089249033203, "confidence": "High", "flagged": false }, "geometry": { "type": "Polygon", "coordinates": [ [ [ -116.301325097808927, 53.726994828201903 ], [ -116.201325097808933, 53.726994828201903 ], [ -116.201325097808933, 53.826994828201904 ], [ -116.301325097808927, 53.826994828201904 ], [ -116.301325097808927, 53.726994828201903 ] ] ] } },
{ "type": "Feature", "properties": { "value": "1", "label": "AQHI 1", "color": "#01cbff", "timestamp": "2026-10-09 14:00:00", "generated_at": "2026-10-09T20:31:38.042297", "nearest_km": 29.256309302306196, "n_points": 12, "weight_sum": 0.0018087613284283133, "confidence": "Medium", "flagged": false }, "geometry": { "type": "Polygon", "coordinates": [ [ [ -116.201325097808933, 53.726994828201903 ], [ -116.101325097808939, 53.726994828201903 ], [ -116.101325097808939, 53.826994828201904 ], [ -116.201325097808933, 53.826994828201904 ], [ -116.201325097808933, 53.726994828201903 ] ] ] } },
{ "type": "Feature", "properties": { "value": "1", "label": "AQHI 1", "color": "#01cbff", "timestamp": "2026-10-09 14:00:00", "generated_at": "2026-10-09T20:31:38.042297", "nearest_km": 28.195675188681925, "n_points": 12, "weight_sum": 0.0016335356396554614, "confidence": "Medium", "flagged": false }, "geometry": { "type": "Polygon", "coordinates": [ [ [ -116.101325097808939, 53.726994828201903 ], [ -116.001325097808945, 53.726994828201903 ], [ -116.001325097808945, 53.826994828201904 ], [ -116.101325097808939, 53.826994828201904 ], [ -116.101325097808939, 53.726994828201903 ] ] ] } },
{ "type": "Feature", "properties": { "value": "1", "label": "AQHI 1", "color": "#01cbff", "timestamp": "2026-10-09 14:00:00", "generated_at": "2026-10-09T20:31:38.042297", "nearest_km": 18.726672884548613, "n_points": 13, "weight_sum": 0.0022413641152376203, "confidence": "High", "flagged": false }, "geometry": { "type": "Polygon", "coordinates": [ [ [ -116.001325097808945, 53.726994828201903 ], [ -115.90132509780895, 53.726994828201903 ], [ -115.90132509780895, 53.826994828201904 ], [ -116.001325097808945, 53.826994828201904 ], [ -116.001325097808945, 53.726994828201903 ] ] ] } },
{ "type": "Feature", "properties": { "value": "1", "label": "AQHI 1", "color": "#01cbff", "timestamp": "2026-10-09 14:00:00", "generated_at": "2026-10-09T20:31:38.042297", "nearest_km": 12.361248128894387, "n_points": 14, "weight_sum": 0.0040245420247770241, "confidence": "High", "flagged": false }, "geometry": { "type": "Polygon", "coordinates": [ [ [ -115.90132509780895, 53.726994828201903 ], [ -115.801325097808956, 53.726994828201903 ], [ -115.801325097808956, 53.826994828201904 ], [ -115.90132509780895, 53.826994828201904 ], [ -115.90132509780895, 53.726994828201903 ] ] ] } },
{ "type": "Feature", "properties": { "value": "1", "label": "AQHI 1", "color": "#01cbff", "timestamp": "2026-10-09 14:00:00", "generated_at": "2026-10-09T20:31:38.042297", "nearest_km": 14.189173100757975, "n_points": 12, "weight_sum": 0.0031630695450641805, "confidence": "High", "flagged": false }, "geometry": { "type": "Polygon", "coordinates": [ [ [ -115.801325097808956, 53.726994828201903 ], [ -115.701325097808962, 53.726994828201903 ], [ -115.701325097808962, 53.826994828201904 ], [ -115.801325097808956, 53.826994828201904 ], [ -115.801325097808956, 53.726994828201903 ] ] ] } },
{ "type": "Feature", "properties": { "value": "1", "label": "AQHI 1", "color": "#01cbff", "timestamp": "2026-10-09 14:00:00", "generated_at": "2026-10-09T20:31:38.042297", "nearest_km": 22.277450735270957, "n_points": 13, "weight_sum": 0.0017656518146994876, "confidence": "High", "flagged": false }, "geometry": { "type": "Polygon", "coordinates": [ [ [ -115.701325097808962, 53.726994828201903 ], [ -115.601325097808967, 53.726994828201903 ], [ -115.601325097808967, 53.826994828201904 ], [ -115.701325097808962, 53.826994828201904 ], [ -115.701325097808962, 53.726994828201903 ] ] ] } },
{ "type": "Feature", "properties": { "value": "1", "label": "AQHI 1", "color": "#01cbff", "timestamp": "2026-10-09 14:00:00", "generated_at": "2026-10-09T20:31:38.042297", "nearest_km": 32.212683670280363, "n_points": 16, "weight_sum": 0.0014157794258800661, "confidence": "Medium", "flagged": false }, "geometry": { "type": "Polygon", "coordinates": [ [ [ -115.601325097808967, 53.726994828201903 ], [ -115.501325097808973, 53.726994828201903 ], [ -115.501325097808973, 53.826994828201904 ], [ -115.601325097808967, 53.826994828201904 ], [ -115.601325097808967, 53.726994828201903 ] ] ] } },
{ "type": "Feature", "properties": { "value": "1", "label": "AQHI 1", "color": "#01cbff", "timestamp": "2026-10-09 14:00:00", "generated_at": "2026-10-09T20:31:38.042297", "nearest_km": 42.725275507837772, "n_points": 17, "weight_sum": 0.0014602177115505817, "confidence": "Medium", "flagged": false }, "geometry": { "type": "Polygon", "coordinates": [ [ [ -115.501325097808973, 53.726994828201903 ], [ -115.401325097808979, 53.726994828201903 ], [ -115.401325097808979, 53.826994828201904 ], [ -115.501325097808973, 53.826994828201904 ], [ -115.501325097808973, 53.726994828201903 ] ] ] } },
{ "type": "Feature", "properties": { "value": "2", "label": "AQHI 2", "color": "#0099cb", "timestamp": "2026-10-09 14:00:00", "generated_at": "2026-10-09T20:31:38.042297", "nearest_km": 44.628918893466761, "n_points": 19, "weight_sum": 0.0018163990878038206, "confidence": "Medium", "flagged": false }, "geometry": { "type": "Polygon", "coordinates": [ [ [ -115.401325097808979, 53.726994828201903 ], [ -115.301325097808984, 53.726994828201903 ], [ -115.301325097808984, 53.826994828201904 ], [ -115.401325097808979, 53.826994828201904 ], [ -115.401325097808979, 53.726994828201903 ] ] ] } },
{ "type": "Feature", "properties": { "value": "2", "label": "AQHI 2", "color": "#0099cb", "timestamp": "2026-10-09 14:00:00", "generated_at": "2026-10-09T20:31:38.042297", "nearest_km": 34.222273810762388, "n_points": 21, "weight_sum": 0.002502660773408139, "confidence": "Medium", "flagged": false }, "geometry": { "type": "Polygon", "coordinates": [ [ [ -115.301325097808984, 53.726994828201903 ], [ -115.20132509780899, 53.726994828201903 ], [ -115.20132509780899, 53.826994828201904 ], [ -115.301325097808984, 53.826994828201904 ], [ -115.301325097808984, 53.726994828201903 ] ] ] } },
{ "type": "Feature", "properties": { "value": "2", "label": "AQHI 2", "color": "#0099cb", "timestamp": "2026-10-09 14:00:00", "generated_at": "2026-10-09T20:31:38.042297", "nearest_km": 24.433739950280319, "n_points": 24, "weight_sum": 0.0039550894271576272, "confidence": "High", "flagged": false }, "geometry": { "type": "Polygon", "coordinates": [ [ [ -115.20132509780899, 53.726994828201903 ], [ -115.101325097808996, 53.726994828201903 ], [ -115.101325097808996, 53.826994828201904 ], [ -115.20132509780899, 53.826994828201904 ], [ -115.20132509780899, 53.726994828201903 ] ] ] } },
{ "type": "Feature", "properties": { "value": "2", "label": "AQHI 2", "color": "#0099cb", "timestamp": "2026-10-09 14:00:00", "generated_at": "2026-10-09T20:31:38.042297", "nearest_km": 16.409487229558014, "n_points": 26, "weight_sum": 0.007173055059362895, "confidence": "High", "flagged": false }, "geometry": { "type": "Polygon", "coordinates": [ [ [ -115.101325097808996, 53.726994828201903 ], [ -115.001325097809001, 53.726994828201903 ], [ -115.001325097809001, 53.826994828201904 ], [ -115.101325097808996, 53.826994828201904 ], [ -115.101325097808996, 53.726994828201903 ] ] ] } },
{ "type": "Feature", "properties": { "value": "2", "label": "AQHI 2", "color": "#0099cb", "timestamp": "2026-10-09 14:00:00", "generated_at": "2026-10-09T20:31:38.042297", "nearest_km": 13.70966426708191, "n_points": 30, "weight_sum": 0.011290765748399201, "confidence": "High", "flagged": false }, "geometry": { "type": "Polygon", "coordinates": [ [ [ -115.001325097809001, 53.726994828201903 ], [ -114.901325097809007, 53.726994828201903 ], [ -114.901325097809007, 53.826994828201904 ], [ -115.001325097809001, 53.826994828201904 ], [ -115.001325097809001, 53.726994828201903 ] ] ] } },
{ "type": "Feature", "properties": { "value": "2", "label": "AQHI 2", "color": "#0099cb", "timestamp": "2026-10-09 14:00:00", "generated_at": "2026-10-09T20:31:38.042297", "nearest_km": 16.724936837654287, "n_points": 42, "weight_sum": 0.009377119503339873, "confidence": "High", "flagged": false }, "geometry": { "type": "Polygon", "coordinates": [ [ [ -114.901325097809007, 53.726994828201903 ], [ -114.801325097809013, 53.726994828201903 ], [ -114.801325097809013, 53.826994828201904 ], [ -114.901325097809007, 53.826994828201904 ], [ -114.901325097809007, 53.726994828201903 ] ] ] } },
{ "type": "Feature", "properties": { "value": "2", "label": "AQHI 2", "color": "#0099cb", "timestamp": "2026-10-09 14:00:00", "generated_at": "2026-10-09T20:31:38.042297", "nearest_km": 16.809089801119192, "n_points": 68, "weight_sum": 0.0080915116599402977, "confidence": "High", "flagged": false }, "geometry": { "type": "Polygon", "coordinates": [ [ [ -114.801325097809013, 53.726994828201903 ], [ -114.701325097809018, 53.726994828201903 ], [ -114.701325097809018, 53.826994828201904 ], [ -114.801325097809013, 53.826994828201904 ], [ -114.801325097809013, 53.726994828201903 ] ] ] } },
{ "type": "Feature", "properties": { "value": "2", "label": "AQHI 2", "color": "#0099cb", "timestamp": "2026-10-09 14:00:00", "generated_at": "2026-10-09T20:31:38.042297", "nearest_km": 10.563682308793846, "n_points": 92, "weight_sum": 0.010600514137358508, "confidence": "High", "flagged": false }, "geometry": { "type": "Polygon", "coordinates": [ [ [ -114.701325097809018, 53.726994828201903 ], [ -114.601325097809024, 53.726994828201903 ], [ -114.601325097809024, 53.826994828201904 ], [ -114.701325097809018, 53.826994828201904 ], [ -114.701325097809018, 53.726994828201903 ] ] ] } },
{ "type": "Feature", "properties": { "value": "2", "label": "AQHI 2", "color": "#0099cb", "timestamp": "2026-10-09 14:00:00", "generated_at": "2026-10-09T20:31:38.042297", "nearest_km": 13.676888092696045, "n_points": 97, "weight_sum": 0.0093863283297252499, "confidence": "High", "flagged": false }, "geometry": { "type": "Polygon", "coordinates": [ [ [ -114.601325097809024, 53.726994828201903 ], [ -114.50132509780903, 53.726994828201903 ], [ -114.50132509780903, 53.826994828201904 ], [ -114.601325097809024, 53.826994828201904 ], [ -114.601325097809024, 53.726994828201903 ] ] ] } },
{ "type": "Feature", "properties": { "value": "2", "label": "AQHI 2", "color": "#0099cb", "timestamp": "2026-10-09 14:00:00", "generated_at": "2026-10-09T20:31:38.042297", "nearest_km": 19.375330177254408, "n_points": 102, "weight_sum": 0.009017131472974893, "confidence": "High", "flagged": false }, "geometry": { "type": "Polygon", "coordinates": [ [ [ -114.50132509780903, 53.726994828201903 ], [ -114.401325097809035, 53.726994828201903 ], [ -114.401325097809035, 53.826994828201904 ], [ -114.50132509780903, 53.826994828201904 ], [ -114.50132509780903, 53.726994828201903 ] ] ] } },
{ "type": "Feature", "properties": { "value": "2", "label": "AQHI 2", "color": "#0099cb", "timestamp": "2026-10-09 14:00:00", "generated_at": "2026-10-09T20:31:38.042297", "nearest_km": 19.682889865479495, "n_points": 109, "weight_sum": 0.0097522508834714285, "confidence": "High", "flagged": false }, "geometry": { "type": "Polygon", "coordinates": [ [ [ -114.401325097809035, 53.726994828201903 ], [ -114.301325097809041, 53.726994828201903 ], [ -114.301325097809041, 53.826994828201904 ], [ -114.401325097809035, 53.826994828201904 ], [ -114.401325097809035, 53.726994828201903 ] ] ] } },
{ "type": "Feature", "properties": { "value": "2", "label": "AQHI 2", "color": "#0099cb", "timestamp": "2026-10-09 14:00:00", "generated_at": "2026-10-09T20:31:38.042297", "nearest_km": 25.413557158247983, "n_points": 110, "weight_sum": 0.010666656489860005, "confidence": "Medium", "flagged": false }, "geometry": { "type": "Polygon", "coordinates": [ [ [ -114.301325097809041, 53.726994828201903 ], [ -114.201325097809047, 53.726994828201903 ], [ -114.201325097809047, 53.826994828201904 ], [ -114.301325097809041, 53.826994828201904 ], [ -114.301325097809041, 53.726994828201903 ] ] ] } },
{ "type": "Feature", "properties": { "value": "2", "label": "AQHI 2", "color": "#0099cb", "timestamp": "2026-10-09 14:00:00", "generated_at": "2026-10-09T20:31:38.042297", "nearest_km": 22.433546177728122, "n_points": 112, "weight_sum": 0.012805649835657604, "confidence": "High", "flagged": false }, "geometry": { "type": "Polygon", "coordinates": [ [ [ -114.201325097809047, 53.726994828201903 ], [ -114.101325097809053, 53.726994828201903 ], [ -114.101325097809053, 53.826994828201904 ], [ -114.201325097809047, 53.826994828201904 ], [ -114.201325097809047, 53.726994828201903 ] ] ] } },
{ "type": "Feature", "properties": { "value": "2", "label": "AQHI 2", "color": "#0099cb", "timestamp": "2026-10-09 14:00:00", "generated_at": "2026-10-09T20:31:38.042297", "nearest_km": 19.939572113944916, "n_points": 113, "weight_sum": 0.016337624106875934, "confidence": "High", "flagged": false }, "geometry": { "type": "Polygon", "coordinates": [ [ [ -114.101325097809053, 53.726994828201903 ], [ -114.001325097809058, 53.726994828201903 ], [ -114.001325097809058, 53.826994828201904 ], [ -114.101325097809053, 53.826994828201904 ], [ -114.101325097809053, 53.726994828201903 ] ] ] } },
{ "type": "Feature", "properties": { "value": "NA", "label": "No Data", "color": "#D3D3D3", "timestamp": "2026-10-09 14:00:00", "generated_at": "2026-10-09T20:31:38.042297", "nearest_km": 166.1461721952607, "n_points": 0, "weight_sum": 0.0, "confidence": "None", "flagged": false }, "geometry": { "type": "Polygon", "coordinates": [ [ [ -120.001325097808717, 53.826994828201904 ], [ -119.901325097808723, 53.826994828201904 ], [ -119.901325097808723, 53.926994828201906 ], [ -120.001325097808717, 53.926994828201906 ], [ -120.001325097808717, 53.826994828201904 ] ] ] } },
{ "type": "Feature", "properties": { "value": "NA", "label": "No Data", "color": "#D3D3D3", "timestamp": "2026-10-09 14:00:00", "generated_at": "2026-10-09T20:31:38.042297", "nearest_km": 161.98175758126916, "n_points": 0, "weight_sum": 0.0, "confidence": "None", "flagged": false }, "geometry": { "type": "Polygon", "coordinates": [ [ [ -119.901325097808723, 53.826994828201904 ], [ -119.801325097808729, 53.826994828201904 ], [ -119.801325097808729, 53.926994828201906 ], [ -119.901325097808723, 53.926994828201906 ], [ -119.901325097808723, 53.826994828201904 ] ] ] } },
{ "type": "Feature", "properties": { "value": "NA", "label": "No Data", "color": "#D3D3D3", "timestamp": "2026-10-09 14:00:00", "generated_at": "2026-10-09T20:31:38.042297", "nearest_km": 158.48674721596393, "n_points": 0, "weight_sum": 0.0, "confidence": "None", "flagged": false }, "geometry": { "type": "Polygon", "coordinates": [ [ [ -119.801325097808729, 53.826994828201904 ], [ -119.701325097808734, 53.826994828201904 ], [ -119.701325097808734, 53.926994828201906 ], [ -119.801325097808729, 53.926994828201906 ], [ -119.801325097808729, 53.826994828201904 ] ] ] } },
{ "type": "Feature", "properties": { "value": "NA", "label": "No Data", "color": "#D3D3D3", "timestamp": "2026-10-09 14:00:00", "generated_at": "2026-10-09T20:31:38.042297", "nearest_km": 155.70622433633349, "n_points": 0, "weight_sum": 0.0, "confidence": "None", "flagged": false }, "geometry": { "type": "Polygon", "coordinates": [ [ [ -119.701325097808734, 53.826994828201904 ], [ -119.60132509780874, 53.826994828201904 ], [ -119.60132509780874, 53.926994828201906 ], [ -119.701325097808734, 53.926994828201906 ], [ -119.701325097808734, 53.826994828201904 ] ] ] } },
{ "type": "Feature", "properties": { "value": "NA", "label": "No Data", "color": "#D3D3D3", "timestamp": "2026-10-09 14:00:00", "generated_at": "2026-10-09T20:31:38.042297", "nearest_km": 153.67897563120454, "n_points": 0, "weight_sum": 0.0, "confidence": "None", "flagged": false }, "geometry": { "type": "Polygon", "coordinates": [ [ [ -119.60132509780874, 53.826994828201904 ], [ -119.501325097808746, 53.826994828201904 ], [ -119.501325097808746, 53.926994828201906 ], [ -119.60132509780874, 53.926994828201906 ], [ -119.60132509780874, 53.826994828201904 ] ] ] } },
{ "type": "Feature", "properties": { "value": "NA", "label": "No Data", "color": "#D3D3D3", "timestamp": "2026-10-09 14:00:00", "generated_at": "2026-10-09T20:31:38.042297", "nearest_km": 152.43505766402973, "n_points": 0, "weight_sum": 0.0, "confidence": "None", "flagged": false }, "geometry": { "type": "Polygon", "coordinates": [ [ [ -119.501325097808746, 53.826994828201904 ], [ -119.401325097808751, 53.826994828201904 ], [ -119.401325097808751, 53.926994828201906 ], [ -119.501325097808746, 53.926994828201906 ], [ -119.501325097808746, 53.826994828201904 ] ] ] } },
{ "type": "Feature", "properties": { "value": "NA", "label": "No Data", "color": "#D3D3D3", "timestamp": "2026-10-09 14:00:00", "generated_at": "2026-10-09T20:31:38.042297", "nearest_km": 151.99370401110622, "n_points": 0, "weight_sum": 0.0, "confidence": "None", "flagged": false }, "geometry": { "type": "Polygon", "coordinates": [ [ [ -119.401325097808751, 53.826994828201904 ], [ -119.301325097808757, 53.826994828201904 ], [ -119.301325097808757, 53.926994828201906 ], [ -119.401325097808751, 53.926994828201906 ], [ -119.401325097808751, 53.826994828201904 ] ] ] } },
{ "type": "Feature", "properties": { "value": "NA", "label": "No Data", "color": "#D3D3D3", "timestamp": "2026-10-09 14:00:00", "generated_at": "2026-10-09T20:31:38.042297", "nearest_km": 152.3618893063335, "n_points": 0, "weight_sum": 0.0, "confidence": "None", "flagged": false }, "geometry": { "type": "Polygon", "coordinates": [ [ [ -119.301325097808757, 53.826994828201904 ], [ -119.201325097808763, 53.826994828201904 ], [ -119.201325097808763, 53.926994828201906 ], [ -119.301325097808757, 53.926994828201906 ], [ -119.301325097808757, 53.826994828201904 ] ] ] } },
{ "type": "Feature", "properties": { "value": "NA", "label": "No Data", "color": "#D3D3D3", "timestamp": "2026-10-09 14:00:00", "generated_at": "2026-10-09T20:31:38.042297", "nearest_km": 153.53378965874271, "n_points": 0, "weight_sum": 0.0, "confidence": "None", "flagged": false }, "geometry": { "type": "Polygon", "coordinates": [ [ [ -119.201325097808763, 53.826994828201904 ], [ -119.101325097808768, 53.826994828201904 ], [ -119.101325097808768, 53.926994828201906 ], [ -119.201325097808763, 53.926994828201906 ], [ -119.201325097808763, 53.826994828201904 ] ] ] } },
{ "type": "Feature", "properties": { "value": "NA", "label": "No Data", "color": "#D3D3D3", "timestamp": "2026-10-09 14:00:00", "generated_at": "2026-10-09T20:31:38.042297", "nearest_km": 153.31328201570321, "n_points": 0, "weight_sum": 0.0, "confidence": "None", "flagged": false }, "geometry": { "type": "Polygon", "coordinates": [ [ [ -119.101325097808768, 53.826994828201904 ], [ -119.001325097808774, 53.826994828201904 ], [ -119.001325097808774, 53.926994828201906 ], [ -119.101325097808768, 53.926994828201906 ], [ -119.101325097808768, 53.826994828201904 ] ] ] } },
{ "type": "Feature", "properties": { "value": "2", "label": "AQHI 2", "color": "#0099cb", "timestamp": "2026-10-09 14:00:00", "generated_at": "2026-10-09T20:31:38.042297", "nearest_km": 146.29235235314533, "n_points": 3, "weight_sum": 9.3207152498733711e-05, "confidence": "Low", "flagged": false }, "geometry": { "type": "Polygon", "coordinates": [ [ [ -119.001325097808774, 53.826994828201904 ], [ -118.90132509780878, 53.826994828201904 ], [ -118.90132509780878, 53.926994828201906 ], [ -119.001325097808774, 53.926994828201906 ], [ -119.001325097808774, 53.826994828201904 ] ] ] } },
{ "type": "Feature", "properties": { "value": "2", "label": "AQHI 2", "color": "#0099cb", "timestamp": "2026-10-09 14:00:00", "generated_at": "2026-10-09T20:31:38.042297", "nearest_km": 138.86152634548048, "n_points": 3, "weight_sum": 0.00010332867590647402, "confidence": "Low", "flagged": false }, "geometry": { "type": "Polygon", "coordinates": [ [ [ -118.90132509780878, 53.826994828201904 ], [ -118.801325097808785, 53.826994828201904 ], [ -118.801325097808785, 53.926994828201906 ], [ -118.90132509780878, 53.926994828201906 ], [ -118.90132509780878, 53.826994828201904 ] ] ] } },
{ "type": "Feature", "properties": { "value": "1", "label": "AQHI 1", "color": "#01cbff", "timestamp": "2026-10-09 14:00:00", "generated_at": "2026-10-09T20:31:38.042297", "nearest_km": 131.94701452089129, "n_points": 7, "weight_sum": 0.00027717776275110585, "confidence": "Low", "flagged": false }, "geometry": { "type": "Polygon", "coordinates": [ [ [ -118.801325097808785, 53.826994828201904 ], [ -118.701325097808791, 53.826994828201904 ], [ -118.701325097808791, 53.926994828201906 ], [ -118.801325097808785, 53.926994828201906 ], [ -118.801325097808785, 53.826994828201904 ] ] ] } },
{ "type": "Feature", "properties": { "value": "1", "label": "AQHI 1", "color": "#01cbff", "timestamp": "2026-10-09 14:00:00", "generated_at": "2026-10-09T20:31:38.042297", "nearest_km": 125.63409482682628, "n_points": 6, "weight_sum": 0.00026330667815843098, "confidence": "Low", "flagged": false }, "geometry": { "type": "Polygon", "coordinates": [ [ [ -118.701325097808791, 53.826994828201904 ], [ -118.601325097808797, 53.826994828201904 ], [ -118.601325097808797, 53.926994828201906 ], [ -118.701325097808791, 53.926994828201906 ], [ -118.701325097808791, 53.826994828201904 ] ] ] } },
{ "type": "Feature", "properties": { "value": "1", "label": "AQHI 1", "color": "#01cbff", "timestamp": "2026-10-09 14:00:00", "generated_at": "2026-10-09T20:31:38.042297", "nearest_km": 120.01773587655971, "n_points": 6, "weight_sum": 0.00029898140713766031, "confidence": "Low", "flagged": false }, "geometry": { "type": "Polygon", "coordinates": [ [ [ -118.601325097808797, 53.826994828201904 ], [ -118.501325097808802, 53.826994828201904 ], [ -118.501325097808802, 53.926994828201906 ], [ -118.601325097808797, 53.926994828201906 ], [ -118.601325097808797, 53.826994828201904 ] ] ] } },
{ "type": "Feature", "properties": { "value": "1", "label": "AQHI 1", "color": "#01cbff", "timestamp": "2026-10-09 14:00:00", "generated_at": "2026-10-09T20:31:38.042297", "nearest_km": 112.59523064319062, "n_points": 6, "weight_sum": 0.00034065478068091804, "confidence": "Low", "flagged": false }, "geometry": { "type": "Polygon", "coordinates": [ [ [ -118.501325097808802, 53.826994828201904 ], [ -118.401325097808808, 53.826994828201904 ], [ -118.401325097808808, 53.926994828201906 ], [ -118.501325097808802, 53.926994828201906 ], [ -118.501325097808802, 53.826994828201904 ] ] ] } },
{ "type": "Feature", "properties": { "value": "1", "label": "AQHI 1", "color": "#01cbff", "timestamp": "2026-10-09 14:00:00", "generated_at": "2026-10-09T20:31:38.042297", "nearest_km": 102.67386799810818, "n_points": 7, "weight_sum": 0.00041262835041744469, "confidence": "Low", "flagged": false }, "geometry": { "type": "Polygon", "coordinates": [ [ [ -118.401325097808808, 53.826994828201904 ], [ -118.301325097808814, 53.826994828201904 ], [ -118.301325097808814, 53.926994828201906 ], [ -118.401325097808808, 53.926994828201906 ], [ -118.401325097808808, 53.826994828201904 ] ] ] } },
{ "type": "Feature", "properties": { "value": "1", "label": "AQHI 1", "color": "#01cbff", "timestamp": "2026-10-09 14:00:00", "generated_at": "2026-10-09T20:31:38.042297", "nearest_km": 93.019247340497046, "n_points": 7, "weight_sum": 0.0004734232555029512, "confidence": "Low", "flagged": false }, "geometry": { "type": "Polygon", "coordinates": [ [ [ -118.301325097808814, 53.826994828201904 ], [ -118.201325097808819, 53.826994828201904 ], [ -118.201325097808819, 53.926994828201906 ], [ -118.301325097808814, 53.926994828201906 ], [ -118.301325097808814, 53.826994828201904 ] ] ] } },
{ "type": "Feature", "properties": { "value": "1", "label": "AQHI 1", "color": "#01cbff", "timestamp": "2026-10-09 14:00:00", "generated_at": "2026-10-09T20:31:38.042297", "nearest_km": 83.72369785127843, "n_points": 9, "weight_sum": 0.00061834112194563383, "confidence": "Low", "flagged": false }, "geometry": { "type": "Polygon", "coordinates": [ [ [ -118.201325097808819, 53.826994828201904 ], [ -118.101325097808825, 53.826994828201904 ], [ -118.101325097808825, 53.926994828201906 ], [ -118.201325097808819, 53.926994828201906 ], [ -118.201325097808819, 53.826994828201904 ] ] ] } },
{ "type": "Feature", "properties": { "value": "1", "label": "AQHI 1", "color": "#01cbff", "timestamp": "2026-10-09 14:00:00", "generated_at": "2026-10-09T20:31:38.042297", "nearest_km": 74.920990303063476, "n_points": 9, "weight_sum": 0.00072042411617700964, "confidence": "Medium", "flagged": false }, "geometry": { "type": "Polygon", "coordinates": [ [ [ -118.101325097808825, 53.826994828201904 ], [ -118.001325097808831, 53.826994828201904 ], [ -118.001325097808831, 53.926994828201906 ], [ -118.101325097808825, 53.926994828201906 ], [ -118.101325097808825, 53.826994828201904 ] ] ] } },
{ "type": "Feature", "properties": { "value": "1", "label": "AQHI 1", "color": "#01cbff", "timestamp": "2026-10-09 14:00:00", "generated_at": "2026-10-09T20:31:38.042297", "nearest_km": 66.806227210427565, "n_points": 10, "weight_sum": 0.0008952463465422356, "confidence": "Medium", "flagged": false }, "geometry": { "type": "Polygon", "coordinates": [ [ [ -118.001325097808831, 53.826994828201904 ], [ -117.901325097808837, 53.826994828201904 ], [ -117.901325097808837, 53.926994828201906 ], [ -118.001325097808831, 53.926994828201906 ], [ -118.001325097808831, 53.826994828201904 ] ] ] } },
{ "type": "Feature", "properties": { "value": "1", "label": "AQHI 1", "color": "#01cbff", "timestamp": "2026-10-09 14:00:00", "generated_at": "2026-10-09T20:31:38.042297", "nearest_km": 59.505569337099757, "n_points": 11, "weight_sum": 0.0010854778325973876, "confidence": "Medium", "flagged": false }, "geometry": { "type": "Polygon", "coordinates": [ [ [ -117.901325097808837, 53.826994828201904 ], [ -117.801325097808842, 53.826994828201904 ], [ -117.801325097808842, 53.926994828201906 ], [ -117.901325097808837, 53.926994828201906 ], [ -117.901325097808837, 53.826994828201904 ] ] ] } },
{ "type": "Feature", "properties": { "value": "1", "label": "AQHI 1", "color": "#01cbff", "timestamp": "2026-10-09 14:00:00", "generated_at": "2026-10-09T20:31:38.042297", "nearest_km": 52.76141940387771, "n_points": 11, "weight_sum": 0.0012829422329236999, "confidence": "Medium", "flagged": false }, "geometry": { "type": "Polygon", "coordinates": [ [ [ -117.801325097808842, 53.826994828201904 ], [ -117.701325097808848, 53.826994828201904 ], [ -117.701325097808848, 53.926994828201906 ], [ -117.801325097808842, 53.926994828201906 ], [ -117.801325097808842, 53.826994828201904 ] ] ] } },
{ "type": "Feature", "properties": { "value": "1", "label": "AQHI 1", "color": "#01cbff", "timestamp": "2026-10-09 14:00:00", "generated_at": "2026-10-09T20:31:38.042297", "nearest_km": 47.676429951196567, "n_points": 13, "weight_sum": 0.0015304870626036281, "confidence": "Medium", "flagged": false }, "geometry": { "type": "Polygon", "coordinates": [ [ [ -117.701325097808848, 53.826994828201904 ], [ -117.601325097808854, 53.826994828201904 ], [ -117.601325097808854, 53.926994828201906 ], [ -117.701325097808848, 53.926994828201906 ], [ -117.701325097808848, 53.826994828201904 ] ] ] } },
{ "type": "Feature", "properties": { "value": "1", "label": "AQHI 1", "color": "#01cbff", "timestamp": "2026-10-09 14:00:00", "generated_at": "2026-10-09T20:31:38.042297", "nearest_km": 44.818930913965289, "n_points": 13, "weight_sum": 0.0016789953240046512, "confidence": "Medium", "flagged": false }, "geometry": { "type": "Polygon", "coordinates": [ [ [ -117.601325097808854, 53.826994828201904 ], [ -117.501325097808859, 53.826994828201904 ], [ -117.501325097808859, 53.926994828201906 ], [ -117.601325097808854, 53.926994828201906 ], [ -117.601325097808854, 53.826994828201904 ] ] ] } },
{ "type": "Feature", "properties": { "value": "1", "label": "AQHI 1", "color": "#01cbff", "timestamp": "2026-10-09 14:00:00", "generated_at": "2026-10-09T20:31:38.042297", "nearest_km": 44.618955205721775, "n_points": 13, "weight_sum": 0.0017116793780850351, "confidence": "Medium", "flagged": false }, "geometry": { "type": "Polygon", "coordinates": [ [ [ -117.501325097808859, 53.826994828201904 ], [ -117.401325097808865, 53.826994828201904 ], [ -117.401325097808865, 53.926994828201906 ], [ -117.501325097808859, 53.926994828201906 ], [ -117.501325097808859, 53.826994828201904 ] ] ] } },
{ "type": "Feature", "properties": { "value": "1", "label": "AQHI 1", "color": "#01cbff", "timestamp": "2026-10-09 14:00:00", "generated_at": "2026-10-09T20:31:38.042297", "nearest_km": 47.110357237337858, "n_points": 13, "weight_sum": 0.0016315324063470721, "confidence": "Medium", "flagged": false }, "geometry": { "type": "Polygon", "coordinates": [ [ [ -117.401325097808865, 53.826994828201904 ], [ -117.301325097808871, 53.826994828201904 ], [ -117.301325097808871, 53.926994828201906 ], [ -117.401325097808865, 53.926994828201906 ], [ -117.401325097808865, 53.826994828201904 ] ] ] } },
{ "type": "Feature", "properties": { "value": "1", "label": "AQHI 1", "color": "#01cbff", "timestamp": "2026-10-09 14:00:00", "generated_at": "2026-10-09T20:31:38.042297", "nearest_km": 51.890582480156851, "n_points": 13, "weight_sum": 0.0015012029619097869, "confidence": "Medium", "flagged": false }, "geometry": { "type": "Polygon", "coordinates": [ [ [ -117.301325097808871, 53.826994828201904 ], [ -117.201325097808876, 53.826994828201904 ], [ -117.201325097808876, 53.926994828201906 ], [ -117.301325097808871, 53.926994828201906 ], [ -117.301325097808871, 53.826994828201904 ] ] ] } },
{ "type": "Feature", "properties": { "value": "1", "label": "AQHI 1", "color": "#01cbff", "timestamp": "2026-10-09 14:00:00", "generated_at": "2026-10-09T20:31:38.042297", "nearest_km": 58.299528866958148, "n_points": 13, "weight_sum": 0.0013798725313648153, "confidence": "Medium", "flagged": false }, "geometry": { "type": "Polygon", "coordinates": [ [ [ -117.201325097808876, 53.826994828201904 ], [ -117.101325097808882, 53.826994828201904 ], [ -117.101325097808882, 53.926994828201906 ], [ -117.201325097808876, 53.926994828201906 ], [ -117.201325097808876, 53.826994828201904 ] ] ] } },
{ "type": "Feature", "properties": { "value": "1", "label": "AQHI 1", "color": "#01cbff", "timestamp": "2026-10-09 14:00:00", "generated_at": "2026-10-09T20:31:38.042297", "nearest_km": 65.965578767176623, "n_points": 11, "weight_sum": 0.001233553118314083, "confidence": "Medium", "flagged": false }, "geometry": { "type": "Polygon", "coordinates": [ [ [ -117.101325097808882, 53.826994828201904 ], [ -117.001325097808888, 53.826994828201904 ], [ -117.001325097808888, 53.926994828201906 ], [ -117.101325097808882, 53.926994828201906 ], [ -117.101325097808882, 53.826994828201904 ] ] ] } },
{ "type": "Feature", "properties": { "value": "1", "label": "AQHI 1", "color": "#01cbff", "timestamp": "2026-10-09 14:00:00", "generated_at": "2026-10-09T20:31:38.042297", "nearest_km": 66.599405767704454, "n_points": 11, "weight_sum": 0.0011974795751003367, "confidence": "Medium", "flagged": false }, "geometry": { "type": "Polygon", "coordinates": [ [ [ -117.001325097808888, 53.826994828201904 ], [ -116.901325097808893, 53.826994828201904 ], [ -116.901325097808893, 53.926994828201906 ], [ -117.001325097808888, 53.926994828201906 ], [ -117.001325097808888, 53.826994828201904 ] ] ] } },
{ "type": "Feature", "properties": { "value": "1", "label": "AQHI 1", "color": "#01cbff", "timestamp": "2026-10-09 14:00:00", "generated_at": "2026-10-09T20:31:38.042297", "nearest_km": 57.762205682499435, "n_points": 11, "weight_sum": 0.0012010073010133757, "confidence": "Medium", "flagged": false }, "geometry": { "type": "Polygon", "coordinates": [ [ [ -116.901325097808893, 53.826994828201904 ], [ -116.801325097808899, 53.826994828201904 ], [ -116.801325097808899, 53.926994828201906 ], [ -116.901325097808893, 53.926994828201906 ], [ -116.901325097808893, 53.826994828201904 ] ] ] } },
{ "type": "Feature", "properties": { "value": "1", "label": "AQHI 1", "color": "#01cbff", "timestamp": "2026-10-09 14:00:00", "generated_at": "2026-10-09T20:31:38.042297", "nearest_km": 48.292088889244901, "n_points": 10, "weight_sum": 0.0012334520619537194, "confidence": "Medium", "flagged": false }, "geometry": { "type": "Polygon", "coordinates": [ [ [ -116.801325097808899, 53.826994828201904 ], [ -116.701325097808905, 53.826994828201904 ], [ -116.701325097808905, 53.926994828201906 ], [ -116.801325097808899, 53.926994828201906 ], [ -116.801325097808899, 53.826994828201904 ] ] ] } },
{ "type": "Feature", "properties": { "value": "1", "label": "AQHI 1", "color": "#01cbff", "timestamp": "2026-10-09 14:00:00", "generated_at": "2026-10-09T20:31:38.042297", "nearest_km": 39.676180426876577, "n_points": 10, "weight_sum": 0.0013671778463131504, "confidence": "Medium", "flagged": false }, "geometry": { "type": "Polygon", "coordinates": [ [ [ -116.701325097808905, 53.826994828201904 ], [ -116.60132509780891, 53.826994828201904 ], [ -116.60132509780891, 53.926994828201906 ], [ -116.701325097808905, 53.926994828201906 ], [ -116.701325097808905, 53.826994828201904 ] ] ] } },
{ "type": "Feature", "properties": { "value": "1", "label": "AQHI 1", "color": "#01cbff", "timestamp": "2026-10-09 14:00:00", "generated_at": "2026-10-09T20:31:38.042297", "nearest_km": 32.598968346335269, "n_points": 10, "weight_sum": 0.0016115389079546377, "confidence": "Medium", "flagged": false }, "geometry": { "type": "Polygon", "coordinates": [ [ [ -116.60132509780891, 53.826994828201904 ], [ -116.501325097808916, 53.826994828201904 ], [ -116.501325097808916, 53.926994828201906 ], [ -116.60132509780891, 53.926994828201906 ], [ -116.60132509780891, 53.826994828201904 ] ] ] } },
{ "type": "Feature", "properties": { "value": "1", "label": "AQHI 1", "color": "#01cbff", "timestamp": "2026-10-09 14:00:00", "generated_at": "2026-10-09T20:31:38.042297", "nearest_km": 27.563862732020681, "n_points": 10, "weight_sum": 0.0018988403182712142, "confidence": "Medium", "flagged": false }, "geometry": { "type": "Polygon", "coordinates": [ [ [ -116.501325097808916, 53.826994828201904 ], [ -116.401325097808922, 53.826994828201904 ], [ -116.401325097808922, 53.926994828201906 ], [ -116.501325097808916, 53.926994828201906 ], [ -116.501325097808916, 53.826994828201904 ] ] ] } },
{ "type": "Feature", "properties": { "value": "1", "label": "AQHI 1", "color": "#01cbff", "timestamp": "2026-10-09 14:00:00", "generated_at": "2026-10-09T20:31:38.042297", "nearest_km": 26.435795121178625, "n_points": 9, "weight_sum": 0.0019096996530905787, "confidence": "Medium", "flagged": false }, "geometry": { "type": "Polygon", "coordinates": [ [ [ -116.401325097808922, 53.826994828201904 ], [ -116.301325097808927, 53.826994828201904 ], [ -116.301325097808927, 53.926994828201906 ], [ -116.401325097808922, 53.926994828201906 ], [ -116.401325097808922, 53.826994828201904 ] ] ] } },
{ "type": "Feature", "properties": { "value": "1", "label": "AQHI 1", "color": "#01cbff", "timestamp": "2026-10-09 14:00:00", "generated_at": "2026-10-09T20:31:38.042297", "nearest_km": 29.73812365748984, "n_points": 12, "weight_sum": 0.0016528956619886387, "confidence": "Medium", "flagged": false }, "geometry": { "type": "Polygon", "coordinates": [ [ [ -116.301325097808927, 53.826994828201904 ], [ -116.201325097808933, 53.826994828201904 ], [ -116.201325097808933, 53.926994828201906 ], [ -116.301325097808927, 53.926994828201906 ], [ -116.301325097808927, 53.826994828201904 ] ] ] } },
{ "type": "Feature", "properties": { "value": "1", "label": "AQHI 1", "color": "#01cbff", "timestamp": "2026-10-09 14:00:00", "generated_at": "2026-10-09T20:31:38.042297", "nearest_km": 36.280583424847975, "n_points": 10, "weight_sum": 0.0013039651957966068, "confidence": "Medium", "flagged": false }, "geometry": { "type": "Polygon", "coordinates": [ [ [ -116.201325097808933, 53.826994828201904 ], [ -116.101325097808939, 53.826994828201904 ], [ -116.101325097808939, 53.926994828201906 ], [ -116.201325097808933, 53.926994828201906 ], [ -116.201325097808933, 53.826994828201904 ] ] ] } },
{ "type": "Feature", "properties": { "value": "1", "label": "AQHI 1", "color": "#01cbff", "timestamp": "2026-10-09 14:00:00", "generated_at": "2026-10-09T20:31:38.042297", "nearest_km": 34.384143845685401, "n_points": 12, "weight_sum": 0.0012832736206890615, "confidence": "Medium", "flagged": false }, "geometry": { "type": "Polygon", "coordinates": [ [ [ -116.101325097808939, 53.826994828201904 ], [ -116.001325097808945, 53.826994828201904 ], [ -116.001325097808945, 53.926994828201906 ], [ -116.101325097808939, 53.926994828201906 ], [ -116.101325097808939, 53.826994828201904 ] ] ] } },
{ "type": "Feature", "properties": { "value": "1", "label": "AQHI 1", "color": "#01cbff", "timestamp": "2026-10-09 14:00:00", "generated_at": "2026-10-09T20:31:38.042297", "nearest_km": 27.165447281059446, "n_points": 14, "weight_sum": 0.0014460673527677546, "confidence": "Medium", "flagged": false }, "geometry": { "type": "Polygon", "coordinates": [ [ [ -116.001325097808945, 53.826994828201904 ], [ -115.90132509780895, 53.826994828201904 ], [ -115.90132509780895, 53.926994828201906 ], [ -116.001325097808945, 53.926994828201906 ], [ -116.001325097808945, 53.826994828201904 ] ] ] } },
{ "type": "Feature", "properties": { "value": "1", "label": "AQHI 1", "color": "#01cbff", "timestamp": "2026-10-09 14:00:00", "generated_at": "2026-10-09T20:31:38.042297", "nearest_km": 23.239485879838799, "n_points": 12, "weight_sum": 0.0015703244597806624, "confidence": "High", "flagged": false }, "geometry": { "type": "Polygon", "coordinates": [ [ [ -115.90132509780895, 53.826994828201904 ], [ -115.801325097808956, 53.826994828201904 ], [ -115.801325097808956, 53.926994828201906 ], [ -115.90132509780895, 53.926994828201906 ], [ -115.90132509780895, 53.826994828201904 ] ] ] } },
{ "type": "Feature", "properties": { "value": "1", "label": "AQHI 1", "color": "#01cbff", "timestamp": "2026-10-09 14:00:00", "generated_at": "2026-10-09T20:31:38.042297", "nearest_km": 24.261201164377777, "n_points": 12, "weight_sum": 0.0014944898843459299, "confidence": "High", "flagged": false }, "geometry": { "type": "Polygon", "coordinates": [ [ [ -115.801325097808956, 53.826994828201904 ], [ -115.701325097808962, 53.826994828201904 ], [ -115.701325097808962, 53.926994828201906 ], [ -115.801325097808956, 53.926994828201906 ], [ -115.801325097808956, 53.826994828201904 ] ] ] } },
{ "type": "Feature", "properties": { "value": "1", "label": "AQHI 1", "color": "#01cbff", "timestamp": "2026-10-09 14:00:00", "generated_at": "2026-10-09T20:31:38.042297", "nearest_km": 29.724704538776432, "n_points": 15, "weight_sum": 0.0013273540307583934, "confidence": "Medium", "flagged": false }, "geometry": { "type": "Polygon", "coordinates": [ [ [ -115.701325097808962, 53.826994828201904 ], [ -115.601325097808967, 53.826994828201904 ], [ -115.601325097808967, 53.926994828201906 ], [ -115.701325097808962, 53.926994828201906 ], [ -115.701325097808962, 53.826994828201904 ] ] ] } },
{ "type": "Feature", "properties": { "value": "1", "label": "AQHI 1", "color": "#01cbff", "timestamp": "2026-10-09 14:00:00", "generated_at": "2026-10-09T20:31:38.042297", "nearest_km": 37.748248143412944, "n_points": 17, "weight_sum": 0.0012668050716522481, "confidence": "Medium", "flagged": false }, "geometry": { "type": "Polygon", "coordinates": [ [ [ -115.601325097808967, 53.826994828201904 ], [ -115.501325097808973, 53.826994828201904 ], [ -115.501325097808973, 53.926994828201906 ], [ -115.601325097808967, 53.926994828201906 ], [ -115.601325097808967, 53.826994828201904 ] ] ] } },
{ "type": "Feature", "properties": { "value": "1", "label": "AQHI 1", "color": "#01cbff", "timestamp": "2026-10-09 14:00:00", "generated_at": "2026-10-09T20:31:38.042297", "nearest_km": 47.03958350023705, "n_points": 17, "weight_sum": 0.0013082470118503252, "confidence": "Medium", "flagged": false }, "geometry": { "type": "Polygon", "coordinates": [ [ [ -115.501325097808973, 53.826994828201904 ], [ -115.401325097808979, 53.826994828201904 ], [ -115.401325097808979, 53.926994828201906 ], [ -115.501325097808973, 53.926994828201906 ], [ -115.501325097808973, 53.826994828201904 ] ] ] } },
{ "type": "Feature", "properties": { "value": "2", "label": "AQHI 2", "color": "#0099cb", "timestamp": "2026-10-09 14:00:00", "generated_at": "2026-10-09T20:31:38.042297", "nearest_km": 49.156971888581225, "n_points": 19, "weight_sum": 0.0015999035003555644, "confidence": "Medium", "flagged": false }, "geometry": { "type": "Polygon", "coordinates": [ [ [ -115.401325097808979, 53.826994828201904 ], [ -115.301325097808984, 53.826994828201904 ], [ -115.301325097808984, 53.926994828201906 ], [ -115.401325097808979, 53.926994828201906 ], [ -115.401325097808979, 53.826994828201904 ] ] ] } },
{ "type": "Feature", "properties": { "value": "2", "label": "AQHI 2", "color": "#0099cb", "timestamp": "2026-10-09 14:00:00", "generated_at": "2026-10-09T20:31:38.042297", "nearest_km": 39.947859873013527, "n_points": 20, "weight_sum": 0.0020492508572442, "confidence": "Medium", "flagged": false }, "geometry": { "type": "Polygon", "coordinates": [ [ [ -115.301325097808984, 53.826994828201904 ], [ -115.20132509780899, 53.826994828201904 ], [ -115.20132509780899, 53.926994828201906 ], [ -115.301325097808984, 53.926994828201906 ], [ -115.301325097808984, 53.826994828201904 ] ] ] } },
{ "type": "Feature", "properties": { "value": "2", "label": "AQHI 2", "color": "#0099cb", "timestamp": "2026-10-09 14:00:00", "generated_at": "2026-10-09T20:31:38.042297", "nearest_km": 31.963653289526452, "n_points": 25, "weight_sum": 0.0028764566077175537, "confidence": "Medium", "flagged": false }, "geometry": { "type": "Polygon", "coordinates": [ [ [ -115.20132509780899, 53.826994828201904 ], [ -115.101325097808996, 53.826994828201904 ], [ -115.101325097808996, 53.926994828201906 ], [ -115.20132509780899, 53.926994828201906 ], [ -115.20132509780899, 53.826994828201904 ] ] ] } },
{ "type": "Feature", "properties": { "value": "2", "label": "AQHI 2", "color": "#0099cb", "timestamp": "2026-10-09 14:00:00", "generated_at": "2026-10-09T20:31:38.042297", "nearest_km": 26.342717300843475, "n_points": 25, "weight_sum": 0.0039024658737310952, "confidence": "Medium", "flagged": false }, "geometry": { "type": "Polygon", "coordinates": [ [ [ -115.101325097808996, 53.826994828201904 ], [ -115.001325097809001, 53.826994828201904 ], [ -115.001325097809001, 53.926994828201906 ], [ -115.101325097808996, 53.926994828201906 ], [ -115.101325097808996, 53.826994828201904 ] ] ] } },
{ "type": "Feature", "properties": { "value": "2", "label": "AQHI 2", "color": "#0099cb", "timestamp": "2026-10-09 14:00:00", "generated_at": "2026-10-09T20:31:38.042297", "nearest_km": 24.751209626424988, "n_points": 27, "weight_sum": 0.004859645067311371, "confidence": "High", "flagged": false }, "geometry": { "type": "Polygon", "coordinates": [ [ [ -115.001325097809001, 53.826994828201904 ], [ -114.901325097809007, 53.826994828201904 ], [ -114.901325097809007, 53.926994828201906 ], [ -115.001325097809001, 53.926994828201906 ], [ -115.001325097809001, 53.826994828201904 ] ] ] } },
{ "type": "Feature", "properties": { "value": "2", "label": "AQHI 2", "color": "#0099cb", "timestamp": "2026-10-09 14:00:00", "generated_at": "2026-10-09T20:31:38.042297", "nearest_km": 24.362416908389086, "n_points": 37, "weight_sum": 0.0054141134495546174, "confidence": "High", "flagged": false }, "geometry": { "type": "Polygon", "coordinates": [ [ [ -114.901325097809007, 53.826994828201904 ], [ -114.801325097809013, 53.826994828201904 ], [ -114.801325097809013, 53.926994828201906 ], [ -114.901325097809007, 53.926994828201906 ], [ -114.901325097809007, 53.826994828201904 ] ] ] } },
{ "type": "Feature", "properties": { "value": "2", "label": "AQHI 2", "color": "#0099cb", "timestamp": "2026-10-09 14:00:00", "generated_at": "2026-10-09T20:31:38.042297", "nearest_km": 13.272273414800694, "n_points": 61, "weight_sum": 0.0075721785047370635, "confidence": "High", "flagged": false }, "geometry": { "type": "Polygon", "coordinates": [ [ [ -114.801325097809013, 53.826994828201904 ], [ -114.701325097809018, 53.826994828201904 ], [ -114.701325097809018, 53.926994828201906 ], [ -114.801325097809013, 53.926994828201906 ], [ -114.801325097809013, 53.826994828201904 ] ] ] } },
{ "type": "Feature", "properties": { "value": "3", "label": "AQHI 3", "color": "#016797", "timestamp": "2026-10-09 14:00:00", "generated_at": "2026-10-09T20:31:38.042297", "nearest_km": 2.2801591120489868, "n_points": 90, "weight_sum": 0.10154208137295079, "confidence": "High", "flagged": false }, "geometry": { "type": "Polygon", "coordinates": [ [ [ -114.701325097809018, 53.826994828201904 ], [ -114.601325097809024, 53.826994828201904 ], [ -114.601325097809024, 53.926994828201906 ], [ -114.701325097809018, 53.926994828201906 ], [ -114.701325097809018, 53.826994828201904 ] ] ] } },
{ "type": "Feature", "properties": { "value": "2", "label": "AQHI 2", "color": "#0099cb", "timestamp": "2026-10-09 14:00:00", "generated_at": "2026-10-09T20:31:38.042297", "nearest_km": 8.9813701379726467, "n_points": 97, "weight_sum": 0.012264767859451589, "confidence": "High", "flagged": false }, "geometry": { "type": "Polygon", "coordinates": [ [ [ -114.601325097809024, 53.826994828201904 ], [ -114.50132509780903, 53.826994828201904 ], [ -114.50132509780903, 53.926994828201906 ], [ -114.601325097809024, 53.926994828201906 ], [ -114.601325097809024, 53.826994828201904 ] ] ] } },
{ "type": "Feature", "properties": { "value": "2", "label": "AQHI 2", "color": "#0099cb", "timestamp": "2026-10-09 14:00:00", "generated_at": "2026-10-09T20:31:38.042297", "nearest_km": 20.063670988486766, "n_points": 101, "weight_sum": 0.008261813143189474, "confidence": "High", "flagged": false }, "geometry": { "type": "Polygon", "coordinates": [ [ [ -114.50132509780903, 53.826994828201904 ], [ -114.401325097809035, 53.826994828201904 ], [ -114.401325097809035, 53.926994828201906 ], [ -114.50132509780903, 53.926994828201906 ], [ -114.50132509780903, 53.826994828201904 ] ] ] } },
{ "type": "Feature", "properties": { "value": "2", "label": "AQHI 2", "color": "#0099cb", "timestamp": "2026-10-09 14:00:00", "generated_at": "2026-10-09T20:31:38.042297", "nearest_km": 30.432493652537374, "n_points": 109, "weight_sum": 0.0087037935656346134, "confidence": "Medium", "flagged": false }, "geometry": { "type": "Polygon", "coordinates": [ [ [ -114.401325097809035, 53.826994828201904 ], [ -114.301325097809041, 53.826994828201904 ], [ -114.301325097809041, 53.926994828201906 ], [ -114.401325097809035, 53.926994828201906 ], [ -114.401325097809035, 53.826994828201904 ] ] ] } },
{ "type": "Feature", "properties": { "value": "2", "label": "AQHI 2", "color": "#0099cb", "timestamp": "2026-10-09 14:00:00", "generated_at": "2026-10-09T20:31:38.042297", "nearest_km": 34.417574055860904, "n_points": 109, "weight_sum": 0.0095293315749844613, "confidence": "Medium", "flagged": false }, "geometry": { "type": "Polygon", "coordinates": [ [ [ -114.301325097809041, 53.826994828201904 ], [ -114.201325097809047, 53.826994828201904 ], [ -114.201325097809047, 53.926994828201906 ], [ -114.301325097809041, 53.926994828201906 ], [ -114.301325097809041, 53.826994828201904 ] ] ] } },
{ "type": "Feature", "properties": { "value": "2", "label": "AQHI 2", "color": "#0099cb", "timestamp": "2026-10-09 14:00:00", "generated_at": "2026-10-09T20:31:38.042297", "nearest_km": 32.692279666052663, "n_points": 112, "weight_sum": 0.011024020681769834, "confidence": "Medium", "flagged": false }, "geometry": { "type": "Polygon", "coordinates": [ [ [ -114.201325097809047, 53.826994828201904 ], [ -114.101325097809053, 53.826994828201904 ], [ -114.101325097809053, 53.926994828201906 ], [ -114.201325097809047, 53.926994828201906 ], [ -114.201325097809047, 53.826994828201904 ] ] ] } },
{ "type": "Feature", "properties": { "value": "2", "label": "AQHI 2", "color": "#0099cb", "timestamp": "2026-10-09 14:00:00", "generated_at": "2026-10-09T20:31:38.042297", "nearest_km": 31.033976408806367, "n_points": 113, "weight_sum": 0.013247760798205102, "confidence": "Medium", "flagged": false }, "geometry": { "type": "Polygon", "coordinates": [ [ [ -114.101325097809053, 53.826994828201904 ], [ -114.001325097809058, 53.826994828201904 ], [ -114.001325097809058, 53.926994828201906 ], [ -114.101325097809053, 53.926994828201906 ], [ -114.101325097809053, 53.826994828201904 ] ] ] } },
{ "type": "Feature", "properties": { "value": "2", "label": "AQHI 2", "color": "#0099cb", "timestamp": "2026-10-09 14:00:00", "generated_at": "2026-10-09T20:31:38.042297", "nearest_km": 28.118566444202514, "n_points": 113, "weight_sum": 0.016363077786160505, "confidence": "Medium", "flagged": false }, "geometry": { "type": "Polygon", "coordinates": [ [ [ -114.001325097809058, 53.826994828201904 ], [ -113.901325097809064, 53.826994828201904 ], [ -113.901325097809064, 53.926994828201906 ], [ -114.001325097809058, 53.926994828201906 ], [ -114.001325097809058, 53.826994828201904 ] ] ] } },
{ "type": "Feature", "properties": { "value": "NA", "label": "No Data", "color": "#D3D3D3", "timestamp": "2026-10-09 14:00:00", "generated_at": "2026-10-09T20:31:38.042297", "nearest_km": 156.05613967669555, "n_points": 0, "weight_sum": 0.0, "confidence": "None", "flagged": false }, "geometry": { "type": "Polygon", "coordinates": [ [ [ -120.001325097808717, 53.926994828201906 ], [ -119.901325097808723, 53.926994828201906 ], [ -119.901325097808723, 54.026994828201907 ], [ -120.001325097808717, 54.026994828201907 ], [ -120.001325097808717, 53.926994828201906 ] ] ] } },
{ "type": "Feature", "properties": { "value": "NA", "label": "No Data", "color": "#D3D3D3", "timestamp": "2026-10-09 14:00:00", "generated_at": "2026-10-09T20:31:38.042297", "nearest_km": 151.61483431634298, "n_points": 0, "weight_sum": 0.0, "confidence": "None", "flagged": false }, "geometry": { "type": "Polygon", "coordinates": [ [ [ -119.901325097808723, 53.926994828201906 ], [ -119.801325097808729, 53.926994828201906 ], [ -119.801325097808729, 54.026994828201907 ], [ -119.901325097808723, 54.026994828201907 ], [ -119.901325097808723, 53.926994828201906 ] ] ] } },
{ "type": "Feature", "properties": { "value": "1", "label": "AQHI 1", "color": "#01cbff", "timestamp": "2026-10-09 14:00:00", "generated_at": "2026-10-09T20:31:38.042297", "nearest_km": 147.87500545647302, "n_points": 1, "weight_sum": 4.5730974146205756e-05, "confidence": "Low", "flagged": false }, "geometry": { "type": "Polygon", "coordinates": [ [ [ -119.801325097808729, 53.926994828201906 ], [ -119.701325097808734, 53.926994828201906 ], [ -119.701325097808734, 54.026994828201907 ], [ -119.801325097808729, 54.026994828201907 ], [ -119.801325097808729, 53.926994828201906 ] ] ] } },
{ "type": "Feature", "properties": { "value": "1", "label": "AQHI 1", "color": "#01cbff", "timestamp": "2026-10-09 14:00:00", "generated_at": "2026-10-09T20:31:38.042297", "nearest_km": 144.8909814057856, "n_points": 1, "weight_sum": 4.7634026268508675e-05, "confidence": "Low", "flagged": false }, "geometry": { "type": "Polygon", "coordinates": [ [ [ -119.701325097808734, 53.926994828201906 ], [ -119.60132509780874, 53.926994828201906 ], [ -119.60132509780874, 54.026994828201907 ], [ -119.701325097808734, 54.026994828201907 ], [ -119.701325097808734, 53.926994828201906 ] ] ] } },
{ "type": "Feature", "properties": { "value": "1", "label": "AQHI 1", "color": "#01cbff", "timestamp": "2026-10-09 14:00:00", "generated_at": "2026-10-09T20:31:38.042297", "nearest_km": 142.71018094975372, "n_points": 1, "weight_sum": 4.9100971651098421e-05, "confidence": "Low", "flagged": false }, "geometry": { "type": "Polygon", "coordinates": [ [ [ -119.60132509780874, 53.926994828201906 ], [ -119.501325097808746, 53.926994828201906 ], [ -119.501325097808746, 54.026994828201907 ], [ -119.60132509780874, 54.026994828201907 ], [ -119.60132509780874, 53.926994828201906 ] ] ] } },
{ "type": "Feature", "properties": { "value": "1", "label": "AQHI 1", "color": "#01cbff", "timestamp": "2026-10-09 14:00:00", "generated_at": "2026-10-09T20:31:38.042297", "nearest_km": 141.36978107322358, "n_points": 1, "weight_sum": 5.0036489107952809e-05, "confidence": "Low", "flagged": false }, "geometry": { "type": "Polygon", "coordinates": [ [ [ -119.501325097808746, 53.926994828201906 ], [ -119.401325097808751, 53.926994828201906 ], [ -119.401325097808751, 54.026994828201907 ], [ -119.501325097808746, 54.026994828201907 ], [ -119.501325097808746, 53.926994828201906 ] ] ] } },
{ "type": "Feature", "properties": { "value": "1", "label": "AQHI 1", "color": "#01cbff", "timestamp": "2026-10-09 14:00:00", "generated_at": "2026-10-09T20:31:38.042297", "nearest_km": 140.89376939620448, "n_points": 1, "weight_sum": 5.037515827476545e-05, "confidence": "Low", "flagged": false }, "geometry": { "type": "Polygon", "coordinates": [ [ [ -119.401325097808751, 53.926994828201906 ], [ -119.301325097808757, 53.926994828201906 ], [ -119.301325097808757, 54.026994828201907 ], [ -119.401325097808751, 54.026994828201907 ], [ -119.401325097808751, 53.926994828201906 ] ] ] } },
{ "type": "Feature", "properties": { "value": "1", "label": "AQHI 1", "color": "#01cbff", "timestamp": "2026-10-09 14:00:00", "generated_at": "2026-10-09T20:31:38.042297", "nearest_km": 141.29088260977957, "n_points": 2, "weight_sum": 9.5052262900792103e-05, "confidence": "Low", "flagged": false }, "geometry": { "type": "Polygon", "coordinates": [ [ [ -119.301325097808757, 53.926994828201906 ], [ -119.201325097808763, 53.926994828201906 ], [ -119.201325097808763, 54.026994828201907 ], [ -119.301325097808757, 54.026994828201907 ], [ -119.301325097808757, 53.926994828201906 ] ] ] } },
{ "type": "Feature", "properties": { "value": "1", "label": "AQHI 1", "color": "#01cbff", "timestamp": "2026-10-09 14:00:00", "generated_at": "2026-10-09T20:31:38.042297", "nearest_km": 142.55382408981575, "n_points": 2, "weight_sum": 9.6492278655920574e-05, "confidence": "Low", "flagged": false }, "geometry": { "type": "Polygon", "coordinates": [ [ [ -119.201325097808763, 53.926994828201906 ], [ -119.101325097808768, 53.926994828201906 ], [ -119.101325097808768, 54.026994828201907 ], [ -119.201325097808763, 54.026994828201907 ], [ -119.201325097808763, 53.926994828201906 ] ] ] } },
{ "type": "Feature", "properties": { "value": "1", "label": "AQHI 1", "color": "#01cbff", "timestamp": "2026-10-09 14:00:00", "generated_at": "2026-10-09T20:31:38.042297", "nearest_km": 142.48644034153438, "n_points": 2, "weight_sum": 9.7041613098608741e-05, "confidence": "Low", "flagged": false }, "geometry": { "type": "Polygon", "coordinates": [ [ [ -119.101325097808768, 53.926994828201906 ], [ -119.001325097808774, 53.926994828201906 ], [ -119.001325097808774, 54.026994828201907 ], [ -119.101325097808768, 54.026994828201907 ], [ -119.101325097808768, 53.926994828201906 ] ] ] } },
{ "type": "Feature", "properties": { "value": "1", "label": "AQHI 1", "color": "#01cbff", "timestamp": "2026-10-09 14:00:00", "generated_at": "2026-10-09T20:31:38.042297", "nearest_km": 140.36445945566595, "n_points": 2, "weight_sum": 9.6674097606899332e-05, "confidence": "Low", "flagged": false }, "geometry": { "type": "Polygon", "coordinates": [ [ [ -119.001325097808774, 53.926994828201906 ], [ -118.90132509780878, 53.926994828201906 ], [ -118.90132509780878, 54.026994828201907 ], [ -119.001325097808774, 54.026994828201907 ], [ -119.001325097808774, 53.926994828201906 ] ] ] } },
{ "type": "Feature", "properties": { "value": "1", "label": "AQHI 1", "color": "#01cbff", "timestamp": "2026-10-09 14:00:00", "generated_at": "2026-10-09T20:31:38.042297", "nearest_km": 82.501297931286445, "n_points": 9, "weight_sum": 0.00060524936643923961, "confidence": "Low", "flagged": false }, "geometry": { "type": "Polygon", "coordinates": [ [ [ -118.101325097808825, 53.926994828201906 ], [ -118.001325097808831, 53.926994828201906 ], [ -118.001325097808831, 54.026994828201907 ], [ -118.101325097808825, 54.026994828201907 ], [ -118.101325097808825, 53.926994828201906 ] ] ] } },
{ "type": "Feature", "properties": { "value": "1", "label": "AQHI 1", "color": "#01cbff", "timestamp": "2026-10-09 14:00:00", "generated_at": "2026-10-09T20:31:38.042297", "nearest_km": 75.183864437710369, "n_points": 11, "weight_sum": 0.00076651073265636719, "confidence": "Low", "flagged": false }, "geometry": { "type": "Polygon", "coordinates": [ [ [ -118.001325097808831, 53.926994828201906 ], [ -117.901325097808837, 53.926994828201906 ], [ -117.901325097808837, 54.026994828201907 ], [ -118.001325097808831, 54.026994828201907 ], [ -118.001325097808831, 53.926994828201906 ] ] ] } },
{ "type": "Feature", "properties": { "value": "1", "label": "AQHI 1", "color": "#01cbff", "timestamp": "2026-10-09 14:00:00", "generated_at": "2026-10-09T20:31:38.042297", "nearest_km": 68.183928217487832, "n_points": 11, "weight_sum": 0.00087597402654452879, "confidence": "Medium", "flagged": false }, "geometry": { "type": "Polygon", "coordinates": [ [ [ -117.901325097808837, 53.926994828201906 ], [ -117.801325097808842, 53.926994828201906 ], [ -117.801325097808842, 54.026994828201907 ], [ -117.901325097808837, 54.026994828201907 ], [ -117.901325097808837, 53.926994828201906 ] ] ] } },
{ "type": "Feature", "properties": { "value": "1", "label": "AQHI 1", "color": "#01cbff", "timestamp": "2026-10-09 14:00:00", "generated_at": "2026-10-09T20:31:38.042297", "nearest_km": 62.385115713181385, "n_points": 11, "weight_sum": 0.00099230866531428014, "confidence": "Medium", "flagged": false }, "geometry": { "type": "Polygon", "coordinates": [ [ [ -117.801325097808842, 53.926994828201906 ], [ -117.701325097808848, 53.926994828201906 ], [ -117.701325097808848, 54.026994828201907 ], [ -117.801325097808842, 54.026994828201907 ], [ -117.801325097808842, 53.926994828201906 ] ] ] } },
{ "type": "Feature", "properties": { "value": "1", "label": "AQHI 1", "color": "#01cbff", "timestamp": "2026-10-09 14:00:00", "generated_at": "2026-10-09T20:31:38.042297", "nearest_km": 58.147891259498827, "n_points": 13, "weight_sum": 0.0011470684793392686, "confidence": "Medium", "flagged": false }, "geometry": { "type": "Polygon", "coordinates": [ [ [ -117.701325097808848, 53.926994828201906 ], [ -117.601325097808854, 53.926994828201906 ], [ -117.601325097808854, 54.026994828201907 ], [ -117.701325097808848, 54.026994828201907 ], [ -117.701325097808848, 53.926994828201906 ] ] ] } },
{ "type": "Feature", "properties": { "value": "1", "label": "AQHI 1", "color": "#01cbff", "timestamp": "2026-10-09 14:00:00", "generated_at": "2026-10-09T20:31:38.042297", "nearest_km": 55.828951748227745, "n_points": 13, "weight_sum": 0.0012307524605338466, "confidence": "Medium", "flagged": false }, "geometry": { "type": "Polygon", "coordinates": [ [ [ -117.601325097808854, 53.926994828201906 ], [ -117.501325097808859, 53.926994828201906 ], [ -117.501325097808859, 54.026994828201907 ], [ -117.601325097808854, 54.026994828201907 ], [ -117.601325097808854, 53.926994828201906 ] ] ] } },
{ "type": "Feature", "properties": { "value": "1", "label": "AQHI 1", "color": "#01cbff", "timestamp": "2026-10-09 14:00:00", "generated_at": "2026-10-09T20:31:38.042297", "nearest_km": 55.668540924703194, "n_points": 13, "weight_sum": 0.0012667471820622005, "confidence": "Medium", "flagged": false }, "geometry": { "type": "Polygon", "coordinates": [ [ [ -117.501325097808859, 53.926994828201906 ], [ -117.401325097808865, 53.926994828201906 ], [ -117.401325097808865, 54.026994828201907 ], [ -117.501325097808859, 54.026994828201907 ], [ -117.501325097808859, 53.926994828201906 ] ] ] } },
{ "type": "Feature", "properties": { "value": "1", "label": "AQHI 1", "color": "#01cbff", "timestamp": "2026-10-09 14:00:00", "generated_at": "2026-10-09T20:31:38.042297", "nearest_km": 57.684669055692247, "n_points": 13, "weight_sum": 0.0012572213056628958, "confidence": "Medium", "flagged": false }, "geometry": { "type": "Polygon", "coordinates": [ [ [ -117.401325097808865, 53.926994828201906 ], [ -117.301325097808871, 53.926994828201906 ], [ -117.301325097808871, 54.026994828201907 ], [ -117.401325097808865, 54.026994828201907 ], [ -117.401325097808865, 53.926994828201906 ] ] ] } },
{ "type": "Feature", "properties": { "value": "1", "label": "AQHI 1", "color": "#01cbff", "timestamp": "2026-10-09 14:00:00", "generated_at": "2026-10-09T20:31:38.042297", "nearest_km": 61.664216847731836, "n_points": 12, "weight_sum": 0.0012017296216325335, "confidence": "Medium", "flagged": false }, "geometry": { "type": "Polygon", "coordinates": [ [ [ -117.301325097808871, 53.926994828201906 ], [ -117.201325097808876, 53.926994828201906 ], [ -117.201325097808876, 54.026994828201907 ], [ -117.301325097808871, 54.026994828201907 ], [ -117.301325097808871, 53.926994828201906 ] ] ] } },
{ "type": "Feature", "properties": { "value": "1", "label": "AQHI 1", "color": "#01cbff", "timestamp": "2026-10-09 14:00:00", "generated_at": "2026-10-09T20:31:38.042297", "nearest_km": 67.198234278621058, "n_points": 10, "weight_sum": 0.0011060482481531806, "confidence": "Medium", "flagged": false }, "geometry": { "type": "Polygon", "coordinates": [ [ [ -117.201325097808876, 53.926994828201906 ], [ -117.101325097808882, 53.926994828201906 ], [ -117.101325097808882, 54.026994828201907 ], [ -117.201325097808876, 54.026994828201907 ], [ -117.201325097808876, 53.926994828201906 ] ] ] } },
{ "type": "Feature", "properties": { "value": "1", "label": "AQHI 1", "color": "#01cbff", "timestamp": "2026-10-09 14:00:00", "generated_at": "2026-10-09T20:31:38.042297", "nearest_km": 61.267893777141587, "n_points": 11, "weight_sum": 0.0011217400167216076, "confidence": "Medium", "flagged": false }, "geometry": { "type": "Polygon", "coordinates": [ [ [ -117.101325097808882, 53.926994828201906 ], [ -117.001325097808888, 53.926994828201906 ], [ -117.001325097808888, 54.026994828201907 ], [ -117.101325097808882, 54.026994828201907 ], [ -117.101325097808882, 53.926994828201906 ] ] ] } },
{ "type": "Feature", "properties": { "value": "1", "label": "AQHI 1", "color": "#01cbff", "timestamp": "2026-10-09 14:00:00", "generated_at": "2026-10-09T20:31:38.042297", "nearest_km": 56.194306810089472, "n_points": 10, "weight_sum": 0.0011139903565872871, "confidence": "Medium", "flagged": false }, "geometry": { "type": "Polygon", "coordinates": [ [ [ -117.001325097808888, 53.926994828201906 ], [ -116.901325097808893, 53.926994828201906 ], [ -116.901325097808893, 54.026994828201907 ], [ -117.001325097808888, 54.026994828201907 ], [ -117.001325097808888, 53.926994828201906 ] ] ] } },
{ "type": "Feature", "properties": { "value": "1", "label": "AQHI 1", "color": "#01cbff", "timestamp": "2026-10-09 14:00:00", "generated_at": "2026-10-09T20:31:38.042297", "nearest_km": 52.993069620902347, "n_points": 10, "weight_sum": 0.0011445730785986303, "confidence": "Medium", "flagged": false }, "geometry": { "type": "Polygon", "coordinates": [ [ [ -116.901325097808893, 53.926994828201906 ], [ -116.801325097808899, 53.926994828201906 ], [ -116.801325097808899, 54.026994828201907 ], [ -116.901325097808893, 54.026994828201907 ], [ -116.901325097808893, 53.926994828201906 ] ] ] } },
{ "type": "Feature", "properties": { "value": "1", "label": "AQHI 1", "color": "#01cbff", "timestamp": "2026-10-09 14:00:00", "generated_at": "2026-10-09T20:31:38.042297", "nearest_km": 52.011063609823552, "n_points": 10, "weight_sum": 0.0011818470256560816, "confidence": "Medium", "flagged": false }, "geometry": { "type": "Polygon", "coordinates": [ [ [ -116.801325097808899, 53.926994828201906 ], [ -116.701325097808905, 53.926994828201906 ], [ -116.701325097808905, 54.026994828201907 ], [ -116.801325097808899, 54.026994828201907 ], [ -116.801325097808899, 53.926994828201906 ] ] ] } },
{ "type": "Feature", "properties": { "value": "1", "label": "AQHI 1", "color": "#01cbff", "timestamp": "2026-10-09 14:00:00", "generated_at": "2026-10-09T20:31:38.042297", "nearest_km": 48.04286090899673, "n_points": 10, "weight_sum": 0.0012248016987212902, "confidence": "Medium", "flagged": false }, "geometry": { "type": "Polygon", "coordinates": [ [ [ -116.701325097808905, 53.926994828201906 ], [ -116.60132509780891, 53.926994828201906 ], [ -116.60132509780891, 54.026994828201907 ], [ -116.701325097808905, 54.026994828201907 ], [ -116.701325097808905, 53.926994828201906 ] ] ] } },
{ "type": "Feature", "properties": { "value": "1", "label": "AQHI 1", "color": "#01cbff", "timestamp": "2026-10-09 14:00:00", "generated_at": "2026-10-09T20:31:38.042297", "nearest_km": 42.117346704007254, "n_points": 10, "weight_sum": 0.0012746451015033314, "confidence": "Medium", "flagged": false }, "geometry": { "type": "Polygon", "coordinates": [ [ [ -116.60132509780891, 53.926994828201906 ], [ -116.501325097808916, 53.926994828201906 ], [ -116.501325097808916, 54.026994828201907 ], [ -116.60132509780891, 54.026994828201907 ], [ -116.60132509780891, 53.926994828201906 ] ] ] } },
{ "type": "Feature", "properties": { "value": "1", "label": "AQHI 1", "color": "#01cbff", "timestamp": "2026-10-09 14:00:00", "generated_at": "2026-10-09T20:31:38.042297", "nearest_km": 38.29537345900718, "n_points": 10, "weight_sum": 0.0013060500710699652, "confidence": "Medium", "flagged": false }, "geometry": { "type": "Polygon", "coordinates": [ [ [ -116.501325097808916, 53.926994828201906 ], [ -116.401325097808922, 53.926994828201906 ], [ -116.401325097808922, 54.026994828201907 ], [ -116.501325097808916, 54.026994828201907 ], [ -116.501325097808916, 53.926994828201906 ] ] ] } },
{ "type": "Feature", "properties": { "value": "1", "label": "AQHI 1", "color": "#01cbff", "timestamp": "2026-10-09 14:00:00", "generated_at": "2026-10-09T20:31:38.042297", "nearest_km": 37.491603904662234, "n_points": 10, "weight_sum": 0.0012653842095588759, "confidence": "Medium", "flagged": false }, "geometry": { "type": "Polygon", "coordinates": [ [ [ -116.401325097808922, 53.926994828201906 ], [ -116.301325097808927, 53.926994828201906 ], [ -116.301325097808927, 54.026994828201907 ], [ -116.401325097808922, 54.026994828201907 ], [ -116.401325097808922, 53.926994828201906 ] ] ] } },
{ "type": "Feature", "properties": { "value": "1", "label": "AQHI 1", "color": "#01cbff", "timestamp": "2026-10-09 14:00:00", "generated_at": "2026-10-09T20:31:38.042297", "nearest_km": 39.888909465204861, "n_points": 10, "weight_sum": 0.0011271079024860659, "confidence": "Medium", "flagged": false }, "geometry": { "type": "Polygon", "coordinates": [ [ [ -116.301325097808927, 53.926994828201906 ], [ -116.201325097808933, 53.926994828201906 ], [ -116.201325097808933, 54.026994828201907 ], [ -116.301325097808927, 54.026994828201907 ], [ -116.301325097808927, 53.926994828201906 ] ] ] } },
{ "type": "Feature", "properties": { "value": "1", "label": "AQHI 1", "color": "#01cbff", "timestamp": "2026-10-09 14:00:00", "generated_at": "2026-10-09T20:31:38.042297", "nearest_km": 44.97832626168416, "n_points": 10, "weight_sum": 0.00099868520751351291, "confidence": "Medium", "flagged": false }, "geometry": { "type": "Polygon", "coordinates": [ [ [ -116.201325097808933, 53.926994828201906 ], [ -116.101325097808939, 53.926994828201906 ], [ -116.101325097808939, 54.026994828201907 ], [ -116.201325097808933, 54.026994828201907 ], [ -116.201325097808933, 53.926994828201906 ] ] ] } },
{ "type": "Feature", "properties": { "value": "1", "label": "AQHI 1", "color": "#01cbff", "timestamp": "2026-10-09 14:00:00", "generated_at": "2026-10-09T20:31:38.042297", "nearest_km": 42.614112646586037, "n_points": 12, "weight_sum": 0.0010088665302814513, "confidence": "Medium", "flagged": false }, "geometry": { "type": "Polygon", "coordinates": [ [ [ -116.101325097808939, 53.926994828201906 ], [ -116.001325097808945, 53.926994828201906 ], [ -116.001325097808945, 54.026994828201907 ], [ -116.101325097808939, 54.026994828201907 ], [ -116.101325097808939, 53.926994828201906 ] ] ] } },
{ "type": "Feature", "properties": { "value": "1", "label": "AQHI 1", "color": "#01cbff", "timestamp": "2026-10-09 14:00:00", "generated_at": "2026-10-09T20:31:38.042297", "nearest_km": 37.035857957325071, "n_points": 14, "weight_sum": 0.0010601212387193692, "confidence": "Medium", "flagged": false }, "geometry": { "type": "Polygon", "coordinates": [ [ [ -116.001325097808945, 53.926994828201906 ], [ -115.90132509780895, 53.926994828201906 ], [ -115.90132509780895, 54.026994828201907 ], [ -116.001325097808945, 54.026994828201907 ], [ -116.001325097808945, 53.926994828201906 ] ] ] } },
{ "type": "Feature", "properties": { "value": "1", "label": "AQHI 1", "color": "#01cbff", "timestamp": "2026-10-09 14:00:00", "generated_at": "2026-10-09T20:31:38.042297", "nearest_km": 34.260282436290069, "n_points": 12, "weight_sum": 0.001023847613039731, "confidence": "Medium", "flagged": false }, "geometry": { "type": "Polygon", "coordinates": [ [ [ -115.90132509780895, 53.926994828201906 ], [ -115.801325097808956, 53.926994828201906 ], [ -115.801325097808956, 54.026994828201907 ], [ -115.90132509780895, 54.026994828201907 ], [ -115.90132509780895, 53.926994828201906 ] ] ] } },
{ "type": "Feature", "properties": { "value": "1", "label": "AQHI 1", "color": "#01cbff", "timestamp": "2026-10-09 14:00:00", "generated_at": "2026-10-09T20:31:38.042297", "nearest_km": 34.961394860525004, "n_points": 12, "weight_sum": 0.0010114963996431855, "confidence": "Medium", "flagged": false }, "geometry": { "type": "Polygon", "coordinates": [ [ [ -115.801325097808956, 53.926994828201906 ], [ -115.701325097808962, 53.926994828201906 ], [ -115.701325097808962, 54.026994828201907 ], [ -115.801325097808956, 54.026994828201907 ], [ -115.801325097808956, 53.926994828201906 ] ] ] } },
{ "type": "Feature", "properties": { "value": "1", "label": "AQHI 1", "color": "#01cbff", "timestamp": "2026-10-09 14:00:00", "generated_at": "2026-10-09T20:31:38.042297", "nearest_km": 38.951910204413537, "n_points": 15, "weight_sum": 0.0010415841526796824, "confidence": "Medium", "flagged": false }, "geometry": { "type": "Polygon", "coordinates": [ [ [ -115.701325097808962, 53.926994828201906 ], [ -115.601325097808967, 53.926994828201906 ], [ -115.601325097808967, 54.026994828201907 ], [ -115.701325097808962, 54.026994828201907 ], [ -115.701325097808962, 53.926994828201906 ] ] ] } },
{ "type": "Feature", "properties": { "value": "1", "label": "AQHI 1", "color": "#01cbff", "timestamp": "2026-10-09 14:00:00", "generated_at": "2026-10-09T20:31:38.042297", "nearest_km": 45.37205623014917, "n_points": 17, "weight_sum": 0.0010900681677618197, "confidence": "Medium", "flagged": false }, "geometry": { "type": "Polygon", "coordinates": [ [ [ -115.601325097808967, 53.926994828201906 ], [ -115.501325097808973, 53.926994828201906 ], [ -115.501325097808973, 54.026994828201907 ], [ -115.601325097808967, 54.026994828201907 ], [ -115.601325097808967, 53.926994828201906 ] ] ] } },
{ "type": "Feature", "properties": { "value": "1", "label": "AQHI 1", "color": "#01cbff", "timestamp": "2026-10-09 14:00:00", "generated_at": "2026-10-09T20:31:38.042297", "nearest_km": 53.351810321027649, "n_points": 16, "weight_sum": 0.0011242268435684639, "confidence": "Medium", "flagged": false }, "geometry": { "type": "Polygon", "coordinates": [ [ [ -115.501325097808973, 53.926994828201906 ], [ -115.401325097808979, 53.926994828201906 ], [ -115.401325097808979, 54.026994828201907 ], [ -115.501325097808973, 54.026994828201907 ], [ -115.501325097808973, 53.926994828201906 ] ] ] } },
{ "type": "Feature", "properties": { "value": "2", "label": "AQHI 2", "color": "#0099cb", "timestamp": "2026-10-09 14:00:00", "generated_at": "2026-10-09T20:31:38.042297", "nearest_km": 55.565235254697726, "n_points": 18, "weight_sum": 0.0013384246411461782, "confidence": "Medium", "flagged": false }, "geometry": { "type": "Polygon", "coordinates": [ [ [ -115.401325097808979, 53.926994828201906 ], [ -115.301325097808984, 53.926994828201906 ], [ -115.301325097808984, 54.026994828201907 ], [ -115.401325097808979, 54.026994828201907 ], [ -115.401325097808979, 53.926994828201906 ] ] ] } },
{ "type": "Feature", "properties": { "value": "2", "label": "AQHI 2", "color": "#0099cb", "timestamp": "2026-10-09 14:00:00", "generated_at": "2026-10-09T20:31:38.042297", "nearest_km": 47.612172730185947, "n_points": 19, "weight_sum": 0.0016623243882943838, "confidence": "Medium", "flagged": false }, "geometry": { "type": "Polygon", "coordinates": [ [ [ -115.301325097808984, 53.926994828201906 ], [ -115.20132509780899, 53.926994828201906 ], [ -115.20132509780899, 54.026994828201907 ], [ -115.301325097808984, 54.026994828201907 ], [ -115.301325097808984, 53.926994828201906 ] ] ] } },
{ "type": "Feature", "properties": { "value": "2", "label": "AQHI 2", "color": "#0099cb", "timestamp": "2026-10-09 14:00:00", "generated_at": "2026-10-09T20:31:38.042297", "nearest_km": 41.143196463913597, "n_points": 23, "weight_sum": 0.0021454185049102729, "confidence": "Medium", "flagged": false }, "geometry": { "type": "Polygon", "coordinates": [ [ [ -115.20132509780899, 53.926994828201906 ], [ -115.101325097808996, 53.926994828201906 ], [ -115.101325097808996, 54.026994828201907 ], [ -115.20132509780899, 54.026994828201907 ], [ -115.20132509780899, 53.926994828201906 ] ] ] } },
{ "type": "Feature", "properties": { "value": "2", "label": "AQHI 2", "color": "#0099cb", "timestamp": "2026-10-09 14:00:00", "generated_at": "2026-10-09T20:31:38.042297", "nearest_km": 36.946261494869759, "n_points": 24, "weight_sum": 0.0026541183678022067, "confidence": "Medium", "flagged": false }, "geometry": { "type": "Polygon", "coordinates": [ [ [ -115.101325097808996, 53.926994828201906 ], [ -115.001325097809001, 53.926994828201906 ], [ -115.001325097809001, 54.026994828201907 ], [ -115.101325097808996, 54.026994828201907 ], [ -115.101325097808996, 53.926994828201906 ] ] ] } },
{ "type": "Feature", "properties": { "value": "2", "label": "AQHI 2", "color": "#0099cb", "timestamp": "2026-10-09 14:00:00", "generated_at": "2026-10-09T20:31:38.042297", "nearest_km": 35.828897019394425, "n_points": 25, "weight_sum": 0.0031704594228671931, "confidence": "Medium", "flagged": false }, "geometry": { "type": "Polygon", "coordinates": [ [ [ -115.001325097809001, 53.926994828201906 ], [ -114.901325097809007, 53.926994828201906 ], [ -114.901325097809007, 54.026994828201907 ], [ -115.001325097809001, 54.026994828201907 ], [ -115.001325097809001, 53.926994828201906 ] ] ] } },
{ "type": "Feature", "properties": { "value": "2", "label": "AQHI 2", "color": "#0099cb", "timestamp": "2026-10-09 14:00:00", "generated_at": "2026-10-09T20:31:38.042297", "nearest_km": 27.084222330967993, "n_points": 36, "weight_sum": 0.0039201156306427846, "confidence": "Medium", "flagged": false }, "geometry": { "type": "Polygon", "coordinates": [ [ [ -114.901325097809007, 53.926994828201906 ], [ -114.801325097809013, 53.926994828201906 ], [ -114.801325097809013, 54.026994828201907 ], [ -114.901325097809007, 54.026994828201907 ], [ -114.901325097809007, 53.926994828201906 ] ] ] } },
{ "type": "Feature", "properties": { "value": "2", "label": "AQHI 2", "color": "#0099cb", "timestamp": "2026-10-09 14:00:00", "generated_at": "2026-10-09T20:31:38.042297", "nearest_km": 17.781478657647352, "n_points": 54, "weight_sum": 0.0053764010115646722, "confidence": "High", "flagged": false }, "geometry": { "type": "Polygon", "coordinates": [ [ [ -114.801325097809013, 53.926994828201906 ], [ -114.701325097809018, 53.926994828201906 ], [ -114.701325097809018, 54.026994828201907 ], [ -114.801325097809013, 54.026994828201907 ], [ -114.801325097809013, 53.926994828201906 ] ] ] } },
{ "type": "Feature", "properties": { "value": "2", "label": "AQHI 2", "color": "#0099cb", "timestamp": "2026-10-09 14:00:00", "generated_at": "2026-10-09T20:31:38.042297", "nearest_km": 12.051011046024435, "n_points": 88, "weight_sum": 0.0083344667578385077, "confidence": "High", "flagged": false }, "geometry": { "type": "Polygon", "coordinates": [ [ [ -114.701325097809018, 53.926994828201906 ], [ -114.601325097809024, 53.926994828201906 ], [ -114.601325097809024, 54.026994828201907 ], [ -114.701325097809018, 54.026994828201907 ], [ -114.701325097809018, 53.926994828201906 ] ] ] } },
{ "type": "Feature", "properties": { "value": "2", "label": "AQHI 2", "color": "#0099cb", "timestamp": "2026-10-09 14:00:00", "generated_at": "2026-10-09T20:31:38.042297", "nearest_km": 14.855731258016542, "n_points": 96, "weight_sum": 0.0081366991139655079, "confidence": "High", "flagged": false }, "geometry": { "type": "Polygon", "coordinates": [ [ [ -114.601325097809024, 53.926994828201906 ], [ -114.50132509780903, 53.926994828201906 ], [ -114.50132509780903, 54.026994828201907 ], [ -114.601325097809024, 54.026994828201907 ], [ -114.601325097809024, 53.926994828201906 ] ] ] } },
{ "type": "Feature", "properties": { "value": "2", "label": "AQHI 2", "color": "#0099cb", "timestamp": "2026-10-09 14:00:00", "generated_at": "2026-10-09T20:31:38.042297", "nearest_km": 23.293317393393938, "n_points": 101, "weight_sum": 0.0080897922589048994, "confidence": "High", "flagged": false }, "geometry": { "type": "Polygon", "coordinates": [ [ [ -114.50132509780903, 53.926994828201906 ], [ -114.401325097809035, 53.926994828201906 ], [ -114.401325097809035, 54.026994828201907 ], [ -114.50132509780903, 54.026994828201907 ], [ -114.50132509780903, 53.926994828201906 ] ] ] } },
{ "type": "Feature", "properties": { "value": "2", "label": "AQHI 2", "color": "#0099cb", "timestamp": "2026-10-09 14:00:00", "generated_at": "2026-10-09T20:31:38.042297", "nearest_km": 21.883376991816817, "n_points": 107, "weight_sum": 0.0089281217117542205, "confidence": "High", "flagged": false }, "geometry": { "type": "Polygon", "coordinates": [ [ [ -114.401325097809035, 53.926994828201906 ], [ -114.301325097809041, 53.926994828201906 ], [ -114.301325097809041, 54.026994828201907 ], [ -114.401325097809035, 54.026994828201907 ], [ -114.401325097809035, 53.926994828201906 ] ] ] } },
{ "type": "Feature", "properties": { "value": "2", "label": "AQHI 2", "color": "#0099cb", "timestamp": "2026-10-09 14:00:00", "generated_at": "2026-10-09T20:31:38.042297", "nearest_km": 24.678322649229468, "n_points": 109, "weight_sum": 0.0093276039544911322, "confidence": "High", "flagged": false }, "geometry": { "type": "Polygon", "coordinates": [ [ [ -114.301325097809041, 53.926994828201906 ], [ -114.201325097809047, 53.926994828201906 ], [ -114.201325097809047, 54.026994828201907 ], [ -114.301325097809041, 54.026994828201907 ], [ -114.301325097809041, 53.926994828201906 ] ] ] } },
{ "type": "Feature", "properties": { "value": "2", "label": "AQHI 2", "color": "#0099cb", "timestamp": "2026-10-09 14:00:00", "generated_at": "2026-10-09T20:31:38.042297", "nearest_km": 31.231143154844958, "n_points": 110, "weight_sum": 0.0099987462471695654, "confidence": "Medium", "flagged": false }, "geometry": { "type": "Polygon", "coordinates": [ [ [ -114.201325097809047, 53.926994828201906 ], [ -114.101325097809053, 53.926994828201906 ], [ -114.101325097809053, 54.026994828201907 ], [ -114.201325097809047, 54.026994828201907 ], [ -114.201325097809047, 53.926994828201906 ] ] ] } },
{ "type": "Feature", "properties": { "value": "2", "label": "AQHI 2", "color": "#0099cb", "timestamp": "2026-10-09 14:00:00", "generated_at": "2026-10-09T20:31:38.042297", "nearest_km": 28.036503750525316, "n_points": 112, "weight_sum": 0.011572447502978129, "confidence": "Medium", "flagged": false }, "geometry": { "type": "Polygon", "coordinates": [ [ [ -114.101325097809053, 53.926994828201906 ], [ -114.001325097809058, 53.926994828201906 ], [ -114.001325097809058, 54.026994828201907 ], [ -114.101325097809053, 54.026994828201907 ], [ -114.101325097809053, 53.926994828201906 ] ] ] } },
{ "type": "Feature", "properties": { "value": "2", "label": "AQHI 2", "color": "#0099cb", "timestamp": "2026-10-09 14:00:00", "generated_at": "2026-10-09T20:31:38.042297", "nearest_km": 19.109480959255613, "n_points": 113, "weight_sum": 0.014265007275172619, "confidence": "High", "flagged": false }, "geometry": { "type": "Polygon", "coordinates": [ [ [ -114.001325097809058, 53.926994828201906 ], [ -113.901325097809064, 53.926994828201906 ], [ -113.901325097809064, 54.026994828201907 ], [ -114.001325097809058, 54.026994828201907 ], [ -114.001325097809058, 53.926994828201906 ] ] ] } },
{ "type": "Feature", "properties": { "value": "1", "label": "AQHI 1", "color": "#01cbff", "timestamp": "2026-10-09 14:00:00", "generated_at": "2026-10-09T20:31:38.042297", "nearest_km": 146.11265149345351, "n_points": 1, "weight_sum": 4.6840805641490822e-05, "confidence": "Low", "flagged": false }, "geometry": { "type": "Polygon", "coordinates": [ [ [ -120.001325097808717, 54.026994828201907 ], [ -119.901325097808723, 54.026994828201907 ], [ -119.901325097808723, 54.126994828201909 ], [ -120.001325097808717, 54.126994828201909 ], [ -120.001325097808717, 54.026994828201907 ] ] ] } },
{ "type": "Feature", "properties": { "value": "1", "label": "AQHI 1", "color": "#01cbff", "timestamp": "2026-10-09 14:00:00", "generated_at": "2026-10-09T20:31:38.042297", "nearest_km": 141.35928048921028, "n_points": 2, "weight_sum": 7.2610857057613272e-05, "confidence": "Low", "flagged": false }, "geometry": { "type": "Polygon", "coordinates": [ [ [ -119.901325097808723, 54.026994828201907 ], [ -119.801325097808729, 54.026994828201907 ], [ -119.801325097808729, 54.126994828201909 ], [ -119.901325097808723, 54.126994828201909 ], [ -119.901325097808723, 54.026994828201907 ] ] ] } },
{ "type": "Feature", "properties": { "value": "1", "label": "AQHI 1", "color": "#01cbff", "timestamp": "2026-10-09 14:00:00", "generated_at": "2026-10-09T20:31:38.042297", "nearest_km": 131.76336342992516, "n_points": 2, "weight_sum": 8.060800047433609e-05, "confidence": "Low", "flagged": false }, "geometry": { "type": "Polygon", "coordinates": [ [ [ -119.60132509780874, 54.026994828201907 ], [ -119.501325097808746, 54.026994828201907 ], [ -119.501325097808746, 54.126994828201909 ], [ -119.60132509780874, 54.126994828201909 ], [ -119.60132509780874, 54.026994828201907 ] ] ] } },
{ "type": "Feature", "properties": { "value": "1", "label": "AQHI 1", "color": "#01cbff", "timestamp": "2026-10-09 14:00:00", "generated_at": "2026-10-09T20:31:38.042297", "nearest_km": 130.31041092846826, "n_points": 4, "weight_sum": 0.00014908902270701225, "confidence": "Low", "flagged": false }, "geometry": { "type": "Polygon", "coordinates": [ [ [ -119.501325097808746, 54.026994828201907 ], [ -119.401325097808751, 54.026994828201907 ], [ -119.401325097808751, 54.126994828201909 ], [ -119.501325097808746, 54.126994828201909 ], [ -119.501325097808746, 54.026994828201907 ] ] ] } },
{ "type": "Feature", "properties": { "value": "1", "label": "AQHI 1", "color": "#01cbff", "timestamp": "2026-10-09 14:00:00", "generated_at": "2026-10-09T20:31:38.042297", "nearest_km": 129.79384596476805, "n_points": 3, "weight_sum": 0.0001309746012401015, "confidence": "Low", "flagged": false }, "geometry": { "type": "Polygon", "coordinates": [ [ [ -119.401325097808751, 54.026994828201907 ], [ -119.301325097808757, 54.026994828201907 ], [ -119.301325097808757, 54.126994828201909 ], [ -119.401325097808751, 54.126994828201909 ], [ -119.401325097808751, 54.026994828201907 ] ] ] } },
{ "type": "Feature", "properties": { "value": "1", "label": "AQHI 1", "color": "#01cbff", "timestamp": "2026-10-09 14:00:00", "generated_at": "2026-10-09T20:31:38.042297", "nearest_km": 83.708833206676374, "n_points": 11, "weight_sum": 0.00065013318316177763, "confidence": "Low", "flagged": false }, "geometry": { "type": "Polygon", "coordinates": [ [ [ -118.001325097808831, 54.026994828201907 ], [ -117.901325097808837, 54.026994828201907 ], [ -117.901325097808837, 54.126994828201909 ], [ -118.001325097808831, 54.126994828201909 ], [ -118.001325097808831, 54.026994828201907 ] ] ] } },
{ "type": "Feature", "properties": { "value": "1", "label": "AQHI 1", "color": "#01cbff", "timestamp": "2026-10-09 14:00:00", "generated_at": "2026-10-09T20:31:38.042297", "nearest_km": 77.482922971469591, "n_points": 11, "weight_sum": 0.00072545008727607785, "confidence": "Low", "flagged": false }, "geometry": { "type": "Polygon", "coordinates": [ [ [ -117.901325097808837, 54.026994828201907 ], [ -117.801325097808842, 54.026994828201907 ], [ -117.801325097808842, 54.126994828201909 ], [ -117.901325097808837, 54.126994828201909 ], [ -117.901325097808837, 54.026994828201907 ] ] ] } },
{ "type": "Feature", "properties": { "value": "1", "label": "AQHI 1", "color": "#01cbff", "timestamp": "2026-10-09 14:00:00", "generated_at": "2026-10-09T20:31:38.042297", "nearest_km": 72.432437123033395, "n_points": 11, "weight_sum": 0.00080152783085401624, "confidence": "Medium", "flagged": false }, "geometry": { "type": "Polygon", "coordinates": [ [ [ -117.801325097808842, 54.026994828201907 ], [ -117.701325097808848, 54.026994828201907 ], [ -117.701325097808848, 54.126994828201909 ], [ -117.801325097808842, 54.126994828201909 ], [ -117.801325097808842, 54.026994828201907 ] ] ] } },
{ "type": "Feature", "properties": { "value": "1", "label": "AQHI 1", "color": "#01cbff", "timestamp": "2026-10-09 14:00:00", "generated_at": "2026-10-09T20:31:38.042297", "nearest_km": 68.816658905832199, "n_points": 13, "weight_sum": 0.00091567392825904449, "confidence": "Medium", "flagged": false }, "geometry": { "type": "Polygon", "coordinates": [ [ [ -117.701325097808848, 54.026994828201907 ], [ -117.601325097808854, 54.026994828201907 ], [ -117.601325097808854, 54.126994828201909 ], [ -117.701325097808848, 54.126994828201909 ], [ -117.701325097808848, 54.026994828201907 ] ] ] } },
{ "type": "Feature", "properties": { "value": "1", "label": "AQHI 1", "color": "#01cbff", "timestamp": "2026-10-09 14:00:00", "generated_at": "2026-10-09T20:31:38.042297", "nearest_km": 66.868730647000433, "n_points": 13, "weight_sum": 0.0009756871708046374, "confidence": "Medium", "flagged": false }, "geometry": { "type": "Polygon", "coordinates": [ [ [ -117.601325097808854, 54.026994828201907 ], [ -117.501325097808859, 54.026994828201907 ], [ -117.501325097808859, 54.126994828201909 ], [ -117.601325097808854, 54.126994828201909 ], [ -117.601325097808854, 54.026994828201907 ] ] ] } },
{ "type": "Feature", "properties": { "value": "1", "label": "AQHI 1", "color": "#01cbff", "timestamp": "2026-10-09 14:00:00", "generated_at": "2026-10-09T20:31:38.042297", "nearest_km": 66.734861457266163, "n_points": 13, "weight_sum": 0.0010157760088872869, "confidence": "Medium", "flagged": false }, "geometry": { "type": "Polygon", "coordinates": [ [ [ -117.501325097808859, 54.026994828201907 ], [ -117.401325097808865, 54.026994828201907 ], [ -117.401325097808865, 54.126994828201909 ], [ -117.501325097808859, 54.126994828201909 ], [ -117.501325097808859, 54.026994828201907 ] ] ] } },
{ "type": "Feature", "properties": { "value": "1", "label": "AQHI 1", "color": "#01cbff", "timestamp": "2026-10-09 14:00:00", "generated_at": "2026-10-09T20:31:38.042297", "nearest_km": 68.425699332194569, "n_points": 12, "weight_sum": 0.001018020743735706, "confidence": "Medium", "flagged": false }, "geometry": { "type": "Polygon", "coordinates": [ [ [ -117.401325097808865, 54.026994828201907 ], [ -117.301325097808871, 54.026994828201907 ], [ -117.301325097808871, 54.126994828201909 ], [ -117.401325097808865, 54.126994828201909 ], [ -117.401325097808865, 54.026994828201907 ] ] ] } },
{ "type": "Feature", "properties": { "value": "1", "label": "AQHI 1", "color": "#01cbff", "timestamp": "2026-10-09 14:00:00", "generated_at": "2026-10-09T20:31:38.042297", "nearest_km": 68.217764967663825, "n_points": 10, "weight_sum": 0.00097440694154493114, "confidence": "Medium", "flagged": false }, "geometry": { "type": "Polygon", "coordinates": [ [ [ -117.301325097808871, 54.026994828201907 ], [ -117.201325097808876, 54.026994828201907 ], [ -117.201325097808876, 54.126994828201909 ], [ -117.301325097808871, 54.126994828201909 ], [ -117.301325097808871, 54.026994828201907 ] ] ] } },
{ "type": "Feature", "properties": { "value": "1", "label": "AQHI 1", "color": "#01cbff", "timestamp": "2026-10-09 14:00:00", "generated_at": "2026-10-09T20:31:38.042297", "nearest_km": 59.706521981797287, "n_points": 9, "weight_sum": 0.00098578851206695202, "confidence": "Medium", "flagged": false }, "geometry": { "type": "Polygon", "coordinates": [ [ [ -117.201325097808876, 54.026994828201907 ], [ -117.101325097808882, 54.026994828201907 ], [ -117.101325097808882, 54.126994828201909 ], [ -117.201325097808876, 54.126994828201909 ], [ -117.201325097808876, 54.026994828201907 ] ] ] } },
{ "type": "Feature", "properties": { "value": "1", "label": "AQHI 1", "color": "#01cbff", "timestamp": "2026-10-09 14:00:00", "generated_at": "2026-10-09T20:31:38.042297", "nearest_km": 52.177524636017701, "n_points": 10, "weight_sum": 0.0010655763567129243, "confidence": "Medium", "flagged": false }, "geometry": { "type": "Polygon", "coordinates": [ [ [ -117.101325097808882, 54.026994828201907 ], [ -117.001325097808888, 54.026994828201907 ], [ -117.001325097808888, 54.126994828201909 ], [ -117.101325097808882, 54.126994828201909 ], [ -117.101325097808882, 54.026994828201907 ] ] ] } },
{ "type": "Feature", "properties": { "value": "1", "label": "AQHI 1", "color": "#01cbff", "timestamp": "2026-10-09 14:00:00", "generated_at": "2026-10-09T20:31:38.042297", "nearest_km": 46.114416261312449, "n_points": 10, "weight_sum": 0.001148318022971213, "confidence": "Medium", "flagged": false }, "geometry": { "type": "Polygon", "coordinates": [ [ [ -117.001325097808888, 54.026994828201907 ], [ -116.901325097808893, 54.026994828201907 ], [ -116.901325097808893, 54.126994828201909 ], [ -117.001325097808888, 54.126994828201909 ], [ -117.001325097808888, 54.026994828201907 ] ] ] } },
{ "type": "Feature", "properties": { "value": "1", "label": "AQHI 1", "color": "#01cbff", "timestamp": "2026-10-09 14:00:00", "generated_at": "2026-10-09T20:31:38.042297", "nearest_km": 42.154533529632772, "n_points": 10, "weight_sum": 0.0012330212883305902, "confidence": "Medium", "flagged": false }, "geometry": { "type": "Polygon", "coordinates": [ [ [ -116.901325097808893, 54.026994828201907 ], [ -116.801325097808899, 54.026994828201907 ], [ -116.801325097808899, 54.126994828201909 ], [ -116.901325097808893, 54.126994828201909 ], [ -116.901325097808893, 54.026994828201907 ] ] ] } },
{ "type": "Feature", "properties": { "value": "1", "label": "AQHI 1", "color": "#01cbff", "timestamp": "2026-10-09 14:00:00", "generated_at": "2026-10-09T20:31:38.042297", "nearest_km": 40.9132008901802, "n_points": 10, "weight_sum": 0.0012751017358441793, "confidence": "Medium", "flagged": false }, "geometry": { "type": "Polygon", "coordinates": [ [ [ -116.801325097808899, 54.026994828201907 ], [ -116.701325097808905, 54.026994828201907 ], [ -116.701325097808905, 54.126994828201909 ], [ -116.801325097808899, 54.126994828201909 ], [ -116.801325097808899, 54.026994828201907 ] ] ] } },
{ "type": "Feature", "properties": { "value": "1", "label": "AQHI 1", "color": "#01cbff", "timestamp": "2026-10-09 14:00:00", "generated_at": "2026-10-09T20:31:38.042297", "nearest_km": 42.628573950573596, "n_points": 10, "weight_sum": 0.0012501417385141235, "confidence": "Medium", "flagged": false }, "geometry": { "type": "Polygon", "coordinates": [ [ [ -116.701325097808905, 54.026994828201907 ], [ -116.60132509780891, 54.026994828201907 ], [ -116.60132509780891, 54.126994828201909 ], [ -116.701325097808905, 54.126994828201909 ], [ -116.701325097808905, 54.026994828201907 ] ] ] } },
{ "type": "Feature", "properties": { "value": "1", "label": "AQHI 1", "color": "#01cbff", "timestamp": "2026-10-09 14:00:00", "generated_at": "2026-10-09T20:31:38.042297", "nearest_km": 46.9778738028742, "n_points": 10, "weight_sum": 0.0011825802879684398, "confidence": "Medium", "flagged": false }, "geometry": { "type": "Polygon", "coordinates": [ [ [ -116.60132509780891, 54.026994828201907 ], [ -116.501325097808916, 54.026994828201907 ], [ -116.501325097808916, 54.126994828201909 ], [ -116.60132509780891, 54.126994828201909 ], [ -116.60132509780891, 54.026994828201907 ] ] ] } },
{ "type": "Feature", "properties": { "value": "1", "label": "AQHI 1", "color": "#01cbff", "timestamp": "2026-10-09 14:00:00", "generated_at": "2026-10-09T20:31:38.042297", "nearest_km": 49.190697576066064, "n_points": 10, "weight_sum": 0.0011019789566798159, "confidence": "Medium", "flagged": false }, "geometry": { "type": "Polygon", "coordinates": [ [ [ -116.501325097808916, 54.026994828201907 ], [ -116.401325097808922, 54.026994828201907 ], [ -116.401325097808922, 54.126994828201909 ], [ -116.501325097808916, 54.126994828201909 ], [ -116.501325097808916, 54.026994828201907 ] ] ] } },
{ "type": "Feature", "properties": { "value": "1", "label": "AQHI 1", "color": "#01cbff", "timestamp": "2026-10-09 14:00:00", "generated_at": "2026-10-09T20:31:38.042297", "nearest_km": 48.567576252055702, "n_points": 10, "weight_sum": 0.0010129007229617889, "confidence": "Medium", "flagged": false }, "geometry": { "type": "Polygon", "coordinates": [ [ [ -116.401325097808922, 54.026994828201907 ], [ -116.301325097808927, 54.026994828201907 ], [ -116.301325097808927, 54.126994828201909 ], [ -116.401325097808922, 54.126994828201909 ], [ -116.401325097808922, 54.026994828201907 ] ] ] } },
{ "type": "Feature", "properties": { "value": "1", "label": "AQHI 1", "color": "#01cbff", "timestamp": "2026-10-09 14:00:00", "generated_at": "2026-10-09T20:31:38.042297", "nearest_km": 50.44119544557276, "n_points": 8, "weight_sum": 0.00083429913844756303, "confidence": "Medium", "flagged": false }, "geometry": { "type": "Polygon", "coordinates": [ [ [ -116.301325097808927, 54.026994828201907 ], [ -116.201325097808933, 54.026994828201907 ], [ -116.201325097808933, 54.126994828201909 ], [ -116.301325097808927, 54.126994828201909 ], [ -116.301325097808927, 54.026994828201907 ] ] ] } },
{ "type": "Feature", "properties": { "value": "1", "label": "AQHI 1", "color": "#01cbff", "timestamp": "2026-10-09 14:00:00", "generated_at": "2026-10-09T20:31:38.042297", "nearest_km": 54.554916670797574, "n_points": 11, "weight_sum": 0.00082971189309307043, "confidence": "Medium", "flagged": false }, "geometry": { "type": "Polygon", "coordinates": [ [ [ -116.201325097808933, 54.026994828201907 ], [ -116.101325097808939, 54.026994828201907 ], [ -116.101325097808939, 54.126994828201909 ], [ -116.201325097808933, 54.126994828201909 ], [ -116.201325097808933, 54.026994828201907 ] ] ] } },
{ "type": "Feature", "properties": { "value": "1", "label": "AQHI 1", "color": "#01cbff", "timestamp": "2026-10-09 14:00:00", "generated_at": "2026-10-09T20:31:38.042297", "nearest_km": 51.923750300908253, "n_points": 11, "weight_sum": 0.00078305113554371839, "confidence": "Medium", "flagged": false }, "geometry": { "type": "Polygon", "coordinates": [ [ [ -116.101325097808939, 54.026994828201907 ], [ -116.001325097808945, 54.026994828201907 ], [ -116.001325097808945, 54.126994828201909 ], [ -116.101325097808939, 54.126994828201909 ], [ -116.101325097808939, 54.026994828201907 ] ] ] } },
{ "type": "Feature", "properties": { "value": "1", "label": "AQHI 1", "color": "#01cbff", "timestamp": "2026-10-09 14:00:00", "generated_at": "2026-10-09T20:31:38.042297", "nearest_km": 47.452797844703582, "n_points": 13, "weight_sum": 0.00081407493221505789, "confidence": "Medium", "flagged": false }, "geometry": { "type": "Polygon", "coordinates": [ [ [ -116.001325097808945, 54.026994828201907 ], [ -115.90132509780895, 54.026994828201907 ], [ -115.90132509780895, 54.126994828201909 ], [ -116.001325097808945, 54.126994828201909 ], [ -116.001325097808945, 54.026994828201907 ] ] ] } },
{ "type": "Feature", "properties": { "value": "1", "label": "AQHI 1", "color": "#01cbff", "timestamp": "2026-10-09 14:00:00", "generated_at": "2026-10-09T20:31:38.042297", "nearest_km": 45.319755088366392, "n_points": 13, "weight_sum": 0.00081744176101738683, "confidence": "Medium", "flagged": false }, "geometry": { "type": "Polygon", "coordinates": [ [ [ -115.90132509780895, 54.026994828201907 ], [ -115.801325097808956, 54.026994828201907 ], [ -115.801325097808956, 54.126994828201909 ], [ -115.90132509780895, 54.126994828201909 ], [ -115.90132509780895, 54.026994828201907 ] ] ] } },
{ "type": "Feature", "properties": { "value": "1", "label": "AQHI 1", "color": "#01cbff", "timestamp": "2026-10-09 14:00:00", "generated_at": "2026-10-09T20:31:38.042297", "nearest_km": 45.852070610264597, "n_points": 14, "weight_sum": 0.00084045689874105343, "confidence": "Medium", "flagged": false }, "geometry": { "type": "Polygon", "coordinates": [ [ [ -115.801325097808956, 54.026994828201907 ], [ -115.701325097808962, 54.026994828201907 ], [ -115.701325097808962, 54.126994828201909 ], [ -115.801325097808956, 54.126994828201909 ], [ -115.801325097808956, 54.026994828201907 ] ] ] } },
{ "type": "Feature", "properties": { "value": "1", "label": "AQHI 1", "color": "#01cbff", "timestamp": "2026-10-09 14:00:00", "generated_at": "2026-10-09T20:31:38.042297", "nearest_km": 48.962889592300833, "n_points": 17, "weight_sum": 0.00091390481541493034, "confidence": "Medium", "flagged": false }, "geometry": { "type": "Polygon", "coordinates": [ [ [ -115.701325097808962, 54.026994828201907 ], [ -115.601325097808967, 54.026994828201907 ], [ -115.601325097808967, 54.126994828201909 ], [ -115.701325097808962, 54.126994828201909 ], [ -115.701325097808962, 54.026994828201907 ] ] ] } },
{ "type": "Feature", "properties": { "value": "1", "label": "AQHI 1", "color": "#01cbff", "timestamp": "2026-10-09 14:00:00", "generated_at": "2026-10-09T20:31:38.042297", "nearest_km": 54.21011653932284, "n_points": 18, "weight_sum": 0.00097150264558474209, "confidence": "Medium", "flagged": false }, "geometry": { "type": "Polygon", "coordinates": [ [ [ -115.601325097808967, 54.026994828201907 ], [ -115.501325097808973, 54.026994828201907 ], [ -115.501325097808973, 54.126994828201909 ], [ -115.601325097808967, 54.126994828201909 ], [ -115.601325097808967, 54.026994828201907 ] ] ] } },
{ "type": "Feature", "properties": { "value": "1", "label": "AQHI 1", "color": "#01cbff", "timestamp": "2026-10-09 14:00:00", "generated_at": "2026-10-09T20:31:38.042297", "nearest_km": 61.045302138543455, "n_points": 17, "weight_sum": 0.0010032933603128873, "confidence": "Medium", "flagged": false }, "geometry": { "type": "Polygon", "coordinates": [ [ [ -115.501325097808973, 54.026994828201907 ], [ -115.401325097808979, 54.026994828201907 ], [ -115.401325097808979, 54.126994828201909 ], [ -115.501325097808973, 54.126994828201909 ], [ -115.501325097808973, 54.026994828201907 ] ] ] } },
{ "type": "Feature", "properties": { "value": "2", "label": "AQHI 2", "color": "#0099cb", "timestamp": "2026-10-09 14:00:00", "generated_at": "2026-10-09T20:31:38.042297", "nearest_km": 63.285091866608269, "n_points": 18, "weight_sum": 0.0011565437078608805, "confidence": "Medium", "flagged": false }, "geometry": { "type": "Polygon", "coordinates": [ [ [ -115.401325097808979, 54.026994828201907 ], [ -115.301325097808984, 54.026994828201907 ], [ -115.301325097808984, 54.126994828201909 ], [ -115.401325097808979, 54.126994828201909 ], [ -115.401325097808979, 54.026994828201907 ] ] ] } },
{ "type": "Feature", "properties": { "value": "2", "label": "AQHI 2", "color": "#0099cb", "timestamp": "2026-10-09 14:00:00", "generated_at": "2026-10-09T20:31:38.042297", "nearest_km": 56.43072280012197, "n_points": 20, "weight_sum": 0.0014160086999490899, "confidence": "Medium", "flagged": false }, "geometry": { "type": "Polygon", "coordinates": [ [ [ -115.301325097808984, 54.026994828201907 ], [ -115.20132509780899, 54.026994828201907 ], [ -115.20132509780899, 54.126994828201909 ], [ -115.301325097808984, 54.126994828201909 ], [ -115.301325097808984, 54.026994828201907 ] ] ] } },
{ "type": "Feature", "properties": { "value": "2", "label": "AQHI 2", "color": "#0099cb", "timestamp": "2026-10-09 14:00:00", "generated_at": "2026-10-09T20:31:38.042297", "nearest_km": 51.090802488543254, "n_points": 24, "weight_sum": 0.0017623555648636307, "confidence": "Medium", "flagged": false }, "geometry": { "type": "Polygon", "coordinates": [ [ [ -115.20132509780899, 54.026994828201907 ], [ -115.101325097808996, 54.026994828201907 ], [ -115.101325097808996, 54.126994828201909 ], [ -115.20132509780899, 54.126994828201909 ], [ -115.20132509780899, 54.026994828201907 ] ] ] } },
{ "type": "Feature", "properties": { "value": "2", "label": "AQHI 2", "color": "#0099cb", "timestamp": "2026-10-09 14:00:00", "generated_at": "2026-10-09T20:31:38.042297", "nearest_km": 47.775869663486404, "n_points": 27, "weight_sum": 0.0021518635623088951, "confidence": "Medium", "flagged": false }, "geometry": { "type": "Polygon", "coordinates": [ [ [ -115.101325097808996, 54.026994828201907 ], [ -115.001325097809001, 54.026994828201907 ], [ -115.001325097809001, 54.126994828201909 ], [ -115.101325097808996, 54.126994828201909 ], [ -115.101325097808996, 54.026994828201907 ] ] ] } },
{ "type": "Feature", "properties": { "value": "2", "label": "AQHI 2", "color": "#0099cb", "timestamp": "2026-10-09 14:00:00", "generated_at": "2026-10-09T20:31:38.042297", "nearest_km": 42.235020503716633, "n_points": 27, "weight_sum": 0.0025407604467032616, "confidence": "Medium", "flagged": false }, "geometry": { "type": "Polygon", "coordinates": [ [ [ -115.001325097809001, 54.026994828201907 ], [ -114.901325097809007, 54.026994828201907 ], [ -114.901325097809007, 54.126994828201909 ], [ -115.001325097809001, 54.126994828201909 ], [ -115.001325097809001, 54.026994828201907 ] ] ] } },
{ "type": "Feature", "properties": { "value": "2", "label": "AQHI 2", "color": "#0099cb", "timestamp": "2026-10-09 14:00:00", "generated_at": "2026-10-09T20:31:38.042297", "nearest_km": 33.466443505823193, "n_points": 35, "weight_sum": 0.0031739831715639688, "confidence": "Medium", "flagged": false }, "geometry": { "type": "Polygon", "coordinates": [ [ [ -114.901325097809007, 54.026994828201907 ], [ -114.801325097809013, 54.026994828201907 ], [ -114.801325097809013, 54.126994828201909 ], [ -114.901325097809007, 54.126994828201909 ], [ -114.901325097809007, 54.026994828201907 ] ] ] } },
{ "type": "Feature", "properties": { "value": "2", "label": "AQHI 2", "color": "#0099cb", "timestamp": "2026-10-09 14:00:00", "generated_at": "2026-10-09T20:31:38.042297", "nearest_km": 26.507144789801828, "n_points": 46, "weight_sum": 0.004017664342276025, "confidence": "Medium", "flagged": false }, "geometry": { "type": "Polygon", "coordinates": [ [ [ -114.801325097809013, 54.026994828201907 ], [ -114.701325097809018, 54.026994828201907 ], [ -114.701325097809018, 54.126994828201909 ], [ -114.801325097809013, 54.126994828201909 ], [ -114.801325097809013, 54.026994828201907 ] ] ] } },
{ "type": "Feature", "properties": { "value": "2", "label": "AQHI 2", "color": "#0099cb", "timestamp": "2026-10-09 14:00:00", "generated_at": "2026-10-09T20:31:38.042297", "nearest_km": 23.058070363466083, "n_points": 71, "weight_sum": 0.0053490079449666373, "confidence": "High", "flagged": false }, "geometry": { "type": "Polygon", "coordinates": [ [ [ -114.701325097809018, 54.026994828201907 ], [ -114.601325097809024, 54.026994828201907 ], [ -114.601325097809024, 54.126994828201909 ], [ -114.701325097809018, 54.126994828201909 ], [ -114.701325097809018, 54.026994828201907 ] ] ] } },
{ "type": "Feature", "properties": { "value": "2", "label": "AQHI 2", "color": "#0099cb", "timestamp": "2026-10-09 14:00:00", "generated_at": "2026-10-09T20:31:38.042297", "nearest_km": 24.351577962486783, "n_points": 94, "weight_sum": 0.0069260216129065902, "confidence": "High", "flagged": false }, "geometry": { "type": "Polygon", "coordinates": [ [ [ -114.601325097809024, 54.026994828201907 ], [ -114.50132509780903, 54.026994828201907 ], [ -114.50132509780903, 54.126994828201909 ], [ -114.601325097809024, 54.126994828201909 ], [ -114.601325097809024, 54.026994828201907 ] ] ] } },
{ "type": "Feature", "properties": { "value": "2", "label": "AQHI 2", "color": "#0099cb", "timestamp": "2026-10-09 14:00:00", "generated_at": "2026-10-09T20:31:38.042297", "nearest_km": 15.213941147582409, "n_points": 102, "weight_sum": 0.0098752891253966885, "confidence": "High", "flagged": false }, "geometry": { "type": "Polygon", "coordinates": [ [ [ -114.50132509780903, 54.026994828201907 ], [ -114.401325097809035, 54.026994828201907 ], [ -114.401325097809035, 54.126994828201909 ], [ -114.50132509780903, 54.126994828201909 ], [ -114.50132509780903, 54.026994828201907 ] ] ] } },
{ "type": "Feature", "properties": { "value": "2", "label": "AQHI 2", "color": "#0099cb", "timestamp": "2026-10-09 14:00:00", "generated_at": "2026-10-09T20:31:38.042297", "nearest_km": 10.78650366064474, "n_points": 107, "weight_sum": 0.014689834706322914, "confidence": "High", "flagged": false }, "geometry": { "type": "Polygon", "coordinates": [ [ [ -114.401325097809035, 54.026994828201907 ], [ -114.301325097809041, 54.026994828201907 ], [ -114.301325097809041, 54.126994828201909 ], [ -114.401325097809035, 54.126994828201909 ], [ -114.401325097809035, 54.026994828201907 ] ] ] } },
{ "type": "Feature", "properties": { "value": "2", "label": "AQHI 2", "color": "#0099cb", "timestamp": "2026-10-09 14:00:00", "generated_at": "2026-10-09T20:31:38.042297", "nearest_km": 15.533403343588613, "n_points": 110, "weight_sum": 0.011085611394186201, "confidence": "High", "flagged": false }, "geometry": { "type": "Polygon", "coordinates": [ [ [ -114.301325097809041, 54.026994828201907 ], [ -114.201325097809047, 54.026994828201907 ], [ -114.201325097809047, 54.126994828201909 ], [ -114.301325097809041, 54.126994828201909 ], [ -114.301325097809041, 54.026994828201907 ] ] ] } },
{ "type": "Feature", "properties": { "value": "2", "label": "AQHI 2", "color": "#0099cb", "timestamp": "2026-10-09 14:00:00", "generated_at": "2026-10-09T20:31:38.042297", "nearest_km": 24.650584443650761, "n_points": 111, "weight_sum": 0.0096403869712855042, "confidence": "High", "flagged": false }, "geometry": { "type": "Polygon", "coordinates": [ [ [ -114.201325097809047, 54.026994828201907 ], [ -114.101325097809053, 54.026994828201907 ], [ -114.101325097809053, 54.126994828201909 ], [ -114.201325097809047, 54.126994828201909 ], [ -114.201325097809047, 54.026994828201907 ] ] ] } },
{ "type": "Feature", "properties": { "value": "2", "label": "AQHI 2", "color": "#0099cb", "timestamp": "2026-10-09 14:00:00", "generated_at": "2026-10-09T20:31:38.042297", "nearest_km": 24.63704580927568, "n_points": 113, "weight_sum": 0.010549689781583656, "confidence": "High", "flagged": false }, "geometry": { "type": "Polygon", "coordinates": [ [ [ -114.101325097809053, 54.026994828201907 ], [ -114.001325097809058, 54.026994828201907 ], [ -114.001325097809058, 54.126994828201909 ], [ -114.101325097809053, 54.126994828201909 ], [ -114.101325097809053, 54.026994828201907 ] ] ] } },
{ "type": "Feature", "properties": { "value": "1", "label": "AQHI 1", "color": "#01cbff", "timestamp": "2026-10-09 14:00:00", "generated_at": "2026-10-09T20:31:38.042297", "nearest_km": 13.642241245018399, "n_points": 112, "weight_sum": 0.013877493190340914, "confidence": "High", "flagged": false }, "geometry": { "type": "Polygon", "coordinates": [ [ [ -114.001325097809058, 54.026994828201907 ], [ -113.901325097809064, 54.026994828201907 ], [ -113.901325097809064, 54.126994828201909 ], [ -114.001325097809058, 54.126994828201909 ], [ -114.001325097809058, 54.026994828201907 ] ] ] } },
{ "type": "Feature", "properties": { "value": "1", "label": "AQHI 1", "color": "#01cbff", "timestamp": "2026-10-09 14:00:00", "generated_at": "2026-10-09T20:31:38.042297", "nearest_km": 77.925621097147868, "n_points": 11, "weight_sum": 0.00077616199104709144, "confidence": "Low", "flagged": false }, "geometry": { "type": "Polygon", "coordinates": [ [ [ -117.601325097808854, 54.126994828201909 ], [ -117.501325097808859, 54.126994828201909 ], [ -117.501325097808859, 54.22699482820191 ], [ -117.601325097808854, 54.22699482820191 ], [ -117.601325097808854, 54.126994828201909 ] ] ] } },
{ "type": "Feature", "properties": { "value": "1", "label": "AQHI 1", "color": "#01cbff", "timestamp": "2026-10-09 14:00:00", "generated_at": "2026-10-09T20:31:38.042297", "nearest_km": 77.810777009072922, "n_points": 9, "weight_sum": 0.00075916007146312994, "confidence": "Low", "flagged": false }, "geometry": { "type": "Polygon", "coordinates": [ [ [ -117.501325097808859, 54.126994828201909 ], [ -117.401325097808865, 54.126994828201909 ], [ -117.401325097808865, 54.22699482820191 ], [ -117.501325097808859, 54.22699482820191 ], [ -117.501325097808859, 54.126994828201909 ] ] ] } },
{ "type": "Feature", "properties": { "value": "1", "label": "AQHI 1", "color": "#01cbff", "timestamp": "2026-10-09 14:00:00", "generated_at": "2026-10-09T20:31:38.042297", "nearest_km": 72.139014523758988, "n_points": 9, "weight_sum": 0.00080848205957163757, "confidence": "Medium", "flagged": false }, "geometry": { "type": "Polygon", "coordinates": [ [ [ -117.401325097808865, 54.126994828201909 ], [ -117.301325097808871, 54.126994828201909 ], [ -117.301325097808871, 54.22699482820191 ], [ -117.401325097808865, 54.22699482820191 ], [ -117.401325097808865, 54.126994828201909 ] ] ] } },
{ "type": "Feature", "properties": { "value": "1", "label": "AQHI 1", "color": "#01cbff", "timestamp": "2026-10-09 14:00:00", "generated_at": "2026-10-09T20:31:38.042297", "nearest_km": 62.199861144849514, "n_points": 9, "weight_sum": 0.00086739244286967543, "confidence": "Medium", "flagged": false }, "geometry": { "type": "Polygon", "coordinates": [ [ [ -117.301325097808871, 54.126994828201909 ], [ -117.201325097808876, 54.126994828201909 ], [ -117.201325097808876, 54.22699482820191 ], [ -117.301325097808871, 54.22699482820191 ], [ -117.301325097808871, 54.126994828201909 ] ] ] } },
{ "type": "Feature", "properties": { "value": "1", "label": "AQHI 1", "color": "#01cbff", "timestamp": "2026-10-09 14:00:00", "generated_at": "2026-10-09T20:31:38.042297", "nearest_km": 52.725971175673749, "n_points": 9, "weight_sum": 0.00095371221926028246, "confidence": "Medium", "flagged": false }, "geometry": { "type": "Polygon", "coordinates": [ [ [ -117.201325097808876, 54.126994828201909 ], [ -117.101325097808882, 54.126994828201909 ], [ -117.101325097808882, 54.22699482820191 ], [ -117.201325097808876, 54.22699482820191 ], [ -117.201325097808876, 54.126994828201909 ] ] ] } },
{ "type": "Feature", "properties": { "value": "1", "label": "AQHI 1", "color": "#01cbff", "timestamp": "2026-10-09 14:00:00", "generated_at": "2026-10-09T20:31:38.042297", "nearest_km": 29.81692935792314, "n_points": 10, "weight_sum": 0.0017008002336189674, "confidence": "Medium", "flagged": false }, "geometry": { "type": "Polygon", "coordinates": [ [ [ -116.801325097808899, 54.126994828201909 ], [ -116.701325097808905, 54.126994828201909 ], [ -116.701325097808905, 54.22699482820191 ], [ -116.801325097808899, 54.22699482820191 ], [ -116.801325097808899, 54.126994828201909 ] ] ] } },
{ "type": "Feature", "properties": { "value": "1", "label": "AQHI 1", "color": "#01cbff", "timestamp": "2026-10-09 14:00:00", "generated_at": "2026-10-09T20:31:38.042297", "nearest_km": 32.13027522936364, "n_points": 10, "weight_sum": 0.0015482060094134012, "confidence": "Medium", "flagged": false }, "geometry": { "type": "Polygon", "coordinates": [ [ [ -116.701325097808905, 54.126994828201909 ], [ -116.60132509780891, 54.126994828201909 ], [ -116.60132509780891, 54.22699482820191 ], [ -116.701325097808905, 54.22699482820191 ], [ -116.701325097808905, 54.126994828201909 ] ] ] } },
{ "type": "Feature", "properties": { "value": "1", "label": "AQHI 1", "color": "#01cbff", "timestamp": "2026-10-09 14:00:00", "generated_at": "2026-10-09T20:31:38.042297", "nearest_km": 37.7104746230263, "n_points": 10, "weight_sum": 0.0012878664378547723, "confidence": "Medium", "flagged": false }, "geometry": { "type": "Polygon", "coordinates": [ [ [ -116.60132509780891, 54.126994828201909 ], [ -116.501325097808916, 54.126994828201909 ], [ -116.501325097808916, 54.22699482820191 ], [ -116.60132509780891, 54.22699482820191 ], [ -116.60132509780891, 54.126994828201909 ] ] ] } },
{ "type": "Feature", "properties": { "value": "1", "label": "AQHI 1", "color": "#01cbff", "timestamp": "2026-10-09 14:00:00", "generated_at": "2026-10-09T20:31:38.042297", "nearest_km": 45.367666969694781, "n_points": 11, "weight_sum": 0.0010939055114894884, "confidence": "Medium", "flagged": false }, "geometry": { "type": "Polygon", "coordinates": [ [ [ -116.501325097808916, 54.126994828201909 ], [ -116.401325097808922, 54.126994828201909 ], [ -116.401325097808922, 54.22699482820191 ], [ -116.501325097808916, 54.22699482820191 ], [ -116.501325097808916, 54.126994828201909 ] ] ] } },
{ "type": "Feature", "properties": { "value": "1", "label": "AQHI 1", "color": "#01cbff", "timestamp": "2026-10-09 14:00:00", "generated_at": "2026-10-09T20:31:38.042297", "nearest_km": 54.229056014763252, "n_points": 11, "weight_sum": 0.00091997483156915278, "confidence": "Medium", "flagged": false }, "geometry": { "type": "Polygon", "coordinates": [ [ [ -116.401325097808922, 54.126994828201909 ], [ -116.301325097808927, 54.126994828201909 ], [ -116.301325097808927, 54.22699482820191 ], [ -116.401325097808922, 54.22699482820191 ], [ -116.401325097808922, 54.126994828201909 ] ] ] } },
{ "type": "Feature", "properties": { "value": "1", "label": "AQHI 1", "color": "#01cbff", "timestamp": "2026-10-09 14:00:00", "generated_at": "2026-10-09T20:31:38.042297", "nearest_km": 61.187607386084622, "n_points": 9, "weight_sum": 0.00075002530492032865, "confidence": "Medium", "flagged": false }, "geometry": { "type": "Polygon", "coordinates": [ [ [ -116.301325097808927, 54.126994828201909 ], [ -116.201325097808933, 54.126994828201909 ], [ -116.201325097808933, 54.22699482820191 ], [ -116.301325097808927, 54.22699482820191 ], [ -116.301325097808927, 54.126994828201909 ] ] ] } },
{ "type": "Feature", "properties": { "value": "1", "label": "AQHI 1", "color": "#01cbff", "timestamp": "2026-10-09 14:00:00", "generated_at": "2026-10-09T20:31:38.042297", "nearest_km": 64.620801856777007, "n_points": 13, "weight_sum": 0.00076363510022443468, "confidence": "Medium", "flagged": false }, "geometry": { "type": "Polygon", "coordinates": [ [ [ -116.201325097808933, 54.126994828201909 ], [ -116.101325097808939, 54.126994828201909 ], [ -116.101325097808939, 54.22699482820191 ], [ -116.201325097808933, 54.22699482820191 ], [ -116.201325097808933, 54.126994828201909 ] ] ] } },
{ "type": "Feature", "properties": { "value": "1", "label": "AQHI 1", "color": "#01cbff", "timestamp": "2026-10-09 14:00:00", "generated_at": "2026-10-09T20:31:38.042297", "nearest_km": 61.827252033114192, "n_points": 11, "weight_sum": 0.00065379457716299499, "confidence": "Medium", "flagged": false }, "geometry": { "type": "Polygon", "coordinates": [ [ [ -116.101325097808939, 54.126994828201909 ], [ -116.001325097808945, 54.126994828201909 ], [ -116.001325097808945, 54.22699482820191 ], [ -116.101325097808939, 54.22699482820191 ], [ -116.101325097808939, 54.126994828201909 ] ] ] } },
{ "type": "Feature", "properties": { "value": "1", "label": "AQHI 1", "color": "#01cbff", "timestamp": "2026-10-09 14:00:00", "generated_at": "2026-10-09T20:31:38.042297", "nearest_km": 58.123156073508753, "n_points": 12, "weight_sum": 0.00065400572146317537, "confidence": "Medium", "flagged": false }, "geometry": { "type": "Polygon", "coordinates": [ [ [ -116.001325097808945, 54.126994828201909 ], [ -115.90132509780895, 54.126994828201909 ], [ -115.90132509780895, 54.22699482820191 ], [ -116.001325097808945, 54.22699482820191 ], [ -116.001325097808945, 54.126994828201909 ] ] ] } },
{ "type": "Feature", "properties": { "value": "1", "label": "AQHI 1", "color": "#01cbff", "timestamp": "2026-10-09 14:00:00", "generated_at": "2026-10-09T20:31:38.042297", "nearest_km": 56.395154489766803, "n_points": 15, "weight_sum": 0.00073909284359433827, "confidence": "Medium", "flagged": false }, "geometry": { "type": "Polygon", "coordinates": [ [ [ -115.90132509780895, 54.126994828201909 ], [ -115.801325097808956, 54.126994828201909 ], [ -115.801325097808956, 54.22699482820191 ], [ -115.90132509780895, 54.22699482820191 ], [ -115.90132509780895, 54.126994828201909 ] ] ] } },
{ "type": "Feature", "properties": { "value": "1", "label": "AQHI 1", "color": "#01cbff", "timestamp": "2026-10-09 14:00:00", "generated_at": "2026-10-09T20:31:38.042297", "nearest_km": 56.82381215567856, "n_points": 15, "weight_sum": 0.00074325534398478885, "confidence": "Medium", "flagged": false }, "geometry": { "type": "Polygon", "coordinates": [ [ [ -115.801325097808956, 54.126994828201909 ], [ -115.701325097808962, 54.126994828201909 ], [ -115.701325097808962, 54.22699482820191 ], [ -115.801325097808956, 54.22699482820191 ], [ -115.801325097808956, 54.126994828201909 ] ] ] } },
{ "type": "Feature", "properties": { "value": "1", "label": "AQHI 1", "color": "#01cbff", "timestamp": "2026-10-09 14:00:00", "generated_at": "2026-10-09T20:31:38.042297", "nearest_km": 59.362427560562182, "n_points": 17, "weight_sum": 0.00080358158489513779, "confidence": "Medium", "flagged": false }, "geometry": { "type": "Polygon", "coordinates": [ [ [ -115.701325097808962, 54.126994828201909 ], [ -115.601325097808967, 54.126994828201909 ], [ -115.601325097808967, 54.22699482820191 ], [ -115.701325097808962, 54.22699482820191 ], [ -115.701325097808962, 54.126994828201909 ] ] ] } },
{ "type": "Feature", "properties": { "value": "1", "label": "AQHI 1", "color": "#01cbff", "timestamp": "2026-10-09 14:00:00", "generated_at": "2026-10-09T20:31:38.042297", "nearest_km": 63.759469758319945, "n_points": 18, "weight_sum": 0.00086650920206839685, "confidence": "Medium", "flagged": false }, "geometry": { "type": "Polygon", "coordinates": [ [ [ -115.601325097808967, 54.126994828201909 ], [ -115.501325097808973, 54.126994828201909 ], [ -115.501325097808973, 54.22699482820191 ], [ -115.601325097808967, 54.22699482820191 ], [ -115.601325097808967, 54.126994828201909 ] ] ] } },
{ "type": "Feature", "properties": { "value": "1", "label": "AQHI 1", "color": "#01cbff", "timestamp": "2026-10-09 14:00:00", "generated_at": "2026-10-09T20:31:38.042297", "nearest_km": 69.663922957591268, "n_points": 19, "weight_sum": 0.000954942619203794, "confidence": "Medium", "flagged": false }, "geometry": { "type": "Polygon", "coordinates": [ [ [ -115.501325097808973, 54.126994828201909 ], [ -115.401325097808979, 54.126994828201909 ], [ -115.401325097808979, 54.22699482820191 ], [ -115.501325097808973, 54.22699482820191 ], [ -115.501325097808973, 54.126994828201909 ] ] ] } },
{ "type": "Feature", "properties": { "value": "1", "label": "AQHI 1", "color": "#01cbff", "timestamp": "2026-10-09 14:00:00", "generated_at": "2026-10-09T20:31:38.042297", "nearest_km": 71.895273392763443, "n_points": 19, "weight_sum": 0.0010386152917503547, "confidence": "Medium", "flagged": false }, "geometry": { "type": "Polygon", "coordinates": [ [ [ -115.401325097808979, 54.126994828201909 ], [ -115.301325097808984, 54.126994828201909 ], [ -115.301325097808984, 54.22699482820191 ], [ -115.401325097808979, 54.22699482820191 ], [ -115.401325097808979, 54.126994828201909 ] ] ] } },
{ "type": "Feature", "properties": { "value": "1", "label": "AQHI 1", "color": "#01cbff", "timestamp": "2026-10-09 14:00:00", "generated_at": "2026-10-09T20:31:38.042297", "nearest_km": 62.794900844201486, "n_points": 21, "weight_sum": 0.001227876725493499, "confidence": "Medium", "flagged": false }, "geometry": { "type": "Polygon", "coordinates": [ [ [ -115.301325097808984, 54.126994828201909 ], [ -115.20132509780899, 54.126994828201909 ], [ -115.20132509780899, 54.22699482820191 ], [ -115.301325097808984, 54.22699482820191 ], [ -115.301325097808984, 54.126994828201909 ] ] ] } },
{ "type": "Feature", "properties": { "value": "2", "label": "AQHI 2", "color": "#0099cb", "timestamp": "2026-10-09 14:00:00", "generated_at": "2026-10-09T20:31:38.042297", "nearest_km": 52.627803355377125, "n_points": 24, "weight_sum": 0.0015178867448817721, "confidence": "Medium", "flagged": false }, "geometry": { "type": "Polygon", "coordinates": [ [ [ -115.20132509780899, 54.126994828201909 ], [ -115.101325097808996, 54.126994828201909 ], [ -115.101325097808996, 54.22699482820191 ], [ -115.20132509780899, 54.22699482820191 ], [ -115.20132509780899, 54.126994828201909 ] ] ] } },
{ "type": "Feature", "properties": { "value": "2", "label": "AQHI 2", "color": "#0099cb", "timestamp": "2026-10-09 14:00:00", "generated_at": "2026-10-09T20:31:38.042297", "nearest_km": 42.925421372321601, "n_points": 26, "weight_sum": 0.0018393861995709621, "confidence": "Medium", "flagged": false }, "geometry": { "type": "Polygon", "coordinates": [ [ [ -115.101325097808996, 54.126994828201909 ], [ -115.001325097809001, 54.126994828201909 ], [ -115.001325097809001, 54.22699482820191 ], [ -115.101325097808996, 54.22699482820191 ], [ -115.101325097808996, 54.126994828201909 ] ] ] } },
{ "type": "Feature", "properties": { "value": "2", "label": "AQHI 2", "color": "#0099cb", "timestamp": "2026-10-09 14:00:00", "generated_at": "2026-10-09T20:31:38.042297", "nearest_km": 34.08691704995416, "n_points": 26, "weight_sum": 0.0022133157300143463, "confidence": "Medium", "flagged": false }, "geometry": { "type": "Polygon", "coordinates": [ [ [ -115.001325097809001, 54.126994828201909 ], [ -114.901325097809007, 54.126994828201909 ], [ -114.901325097809007, 54.22699482820191 ], [ -115.001325097809001, 54.22699482820191 ], [ -115.001325097809001, 54.126994828201909 ] ] ] } },
{ "type": "Feature", "properties": { "value": "2", "label": "AQHI 2", "color": "#0099cb", "timestamp": "2026-10-09 14:00:00", "generated_at": "2026-10-09T20:31:38.042297", "nearest_km": 26.97524843165526, "n_points": 30, "weight_sum": 0.0028464134758196904, "confidence": "Medium", "flagged": false }, "geometry": { "type": "Polygon", "coordinates": [ [ [ -114.901325097809007, 54.126994828201909 ], [ -114.801325097809013, 54.126994828201909 ], [ -114.801325097809013, 54.22699482820191 ], [ -114.901325097809007, 54.22699482820191 ], [ -114.901325097809007, 54.126994828201909 ] ] ] } },
{ "type": "Feature", "properties": { "value": "2", "label": "AQHI 2", "color": "#0099cb", "timestamp": "2026-10-09 14:00:00", "generated_at": "2026-10-09T20:31:38.042297", "nearest_km": 23.234245026007518, "n_points": 39, "weight_sum": 0.0036970352905437778, "confidence": "High", "flagged": false }, "geometry": { "type": "Polygon", "coordinates": [ [ [ -114.801325097809013, 54.126994828201909 ], [ -114.701325097809018, 54.126994828201909 ], [ -114.701325097809018, 54.22699482820191 ], [ -114.801325097809013, 54.22699482820191 ], [ -114.801325097809013, 54.126994828201909 ] ] ] } },
{ "type": "Feature", "properties": { "value": "2", "label": "AQHI 2", "color": "#0099cb", "timestamp": "2026-10-09 14:00:00", "generated_at": "2026-10-09T20:31:38.042297", "nearest_km": 24.462548025656748, "n_points": 64, "weight_sum": 0.0048910016958602061, "confidence": "High", "flagged": false }, "geometry": { "type": "Polygon", "coordinates": [ [ [ -114.701325097809018, 54.126994828201909 ], [ -114.601325097809024, 54.126994828201909 ], [ -114.601325097809024, 54.22699482820191 ], [ -114.701325097809018, 54.22699482820191 ], [ -114.701325097809018, 54.126994828201909 ] ] ] } },
{ "type": "Feature", "properties": { "value": "2", "label": "AQHI 2", "color": "#0099cb", "timestamp": "2026-10-09 14:00:00", "generated_at": "2026-10-09T20:31:38.042297", "nearest_km": 21.837715583783108, "n_points": 88, "weight_sum": 0.0066939766807617377, "confidence": "High", "flagged": false }, "geometry": { "type": "Polygon", "coordinates": [ [ [ -114.601325097809024, 54.126994828201909 ], [ -114.50132509780903, 54.126994828201909 ], [ -114.50132509780903, 54.22699482820191 ], [ -114.601325097809024, 54.22699482820191 ], [ -114.601325097809024, 54.126994828201909 ] ] ] } },
{ "type": "Feature", "properties": { "value": "2", "label": "AQHI 2", "color": "#0099cb", "timestamp": "2026-10-09 14:00:00", "generated_at": "2026-10-09T20:31:38.042297", "nearest_km": 10.740133979482419, "n_points": 100, "weight_sum": 0.013675849678235479, "confidence": "High", "flagged": false }, "geometry": { "type": "Polygon", "coordinates": [ [ [ -114.50132509780903, 54.126994828201909 ], [ -114.401325097809035, 54.126994828201909 ], [ -114.401325097809035, 54.22699482820191 ], [ -114.50132509780903, 54.22699482820191 ], [ -114.50132509780903, 54.126994828201909 ] ] ] } },
{ "type": "Feature", "properties": { "value": "2", "label": "AQHI 2", "color": "#0099cb", "timestamp": "2026-10-09 14:00:00", "generated_at": "2026-10-09T20:31:38.042297", "nearest_km": 0.17010617501889397, "n_points": 105, "weight_sum": 19.412057246617596, "confidence": "High", "flagged": false }, "geometry": { "type": "Polygon", "coordinates": [ [ [ -114.401325097809035, 54.126994828201909 ], [ -114.301325097809041, 54.126994828201909 ], [ -114.301325097809041, 54.22699482820191 ], [ -114.401325097809035, 54.22699482820191 ], [ -114.401325097809035, 54.126994828201909 ] ] ] } },
{ "type": "Feature", "properties": { "value": "2", "label": "AQHI 2", "color": "#0099cb", "timestamp": "2026-10-09 14:00:00", "generated_at": "2026-10-09T20:31:38.042297", "nearest_km": 10.953247467749213, "n_points": 109, "weight_sum": 0.01466777277042171, "confidence": "High", "flagged": false }, "geometry": { "type": "Polygon", "coordinates": [ [ [ -114.301325097809041, 54.126994828201909 ], [ -114.201325097809047, 54.126994828201909 ], [ -114.201325097809047, 54.22699482820191 ], [ -114.301325097809041, 54.22699482820191 ], [ -114.301325097809041, 54.126994828201909 ] ] ] } },
{ "type": "Feature", "properties": { "value": "2", "label": "AQHI 2", "color": "#0099cb", "timestamp": "2026-10-09 14:00:00", "generated_at": "2026-10-09T20:31:38.042297", "nearest_km": 22.053079695786288, "n_points": 111, "weight_sum": 0.0093032350283614659, "confidence": "High", "flagged": false }, "geometry": { "type": "Polygon", "coordinates": [ [ [ -114.201325097809047, 54.126994828201909 ], [ -114.101325097809053, 54.126994828201909 ], [ -114.101325097809053, 54.22699482820191 ], [ -114.201325097809047, 54.22699482820191 ], [ -114.201325097809047, 54.126994828201909 ] ] ] } },
{ "type": "Feature", "properties": { "value": "2", "label": "AQHI 2", "color": "#0099cb", "timestamp": "2026-10-09 14:00:00", "generated_at": "2026-10-09T20:31:38.042297", "nearest_km": 25.968105627162789, "n_points": 112, "weight_sum": 0.0094520421612838135, "confidence": "Medium", "flagged": false }, "geometry": { "type": "Polygon", "coordinates": [ [ [ -114.101325097809053, 54.126994828201909 ], [ -114.001325097809058, 54.126994828201909 ], [ -114.001325097809058, 54.22699482820191 ], [ -114.101325097809053, 54.22699482820191 ], [ -114.101325097809053, 54.126994828201909 ] ] ] } },
{ "type": "Feature", "properties": { "value": "2", "label": "AQHI 2", "color": "#0099cb", "timestamp": "2026-10-09 14:00:00", "generated_at": "2026-10-09T20:31:38.042297", "nearest_km": 15.920717001517753, "n_points": 112, "weight_sum": 0.012235903021737007, "confidence": "High", "flagged": false }, "geometry": { "type": "Polygon", "coordinates": [ [ [ -114.001325097809058, 54.126994828201909 ], [ -113.901325097809064, 54.126994828201909 ], [ -113.901325097809064, 54.22699482820191 ], [ -114.001325097809058, 54.22699482820191 ], [ -114.001325097809058, 54.126994828201909 ] ] ] } },
{ "type": "Feature", "properties": { "value": "1", "label": "AQHI 1", "color": "#01cbff", "timestamp": "2026-10-09 14:00:00", "generated_at": "2026-10-09T20:31:38.042297", "nearest_km": 29.726405190487714, "n_points": 12, "weight_sum": 0.0016698499586031298, "confidence": "Medium", "flagged": false }, "geometry": { "type": "Polygon", "coordinates": [ [ [ -116.60132509780891, 54.22699482820191 ], [ -116.501325097808916, 54.22699482820191 ], [ -116.501325097808916, 54.326994828201912 ], [ -116.60132509780891, 54.326994828201912 ], [ -116.60132509780891, 54.22699482820191 ] ] ] } },
{ "type": "Feature", "properties": { "value": "1", "label": "AQHI 1", "color": "#01cbff", "timestamp": "2026-10-09 14:00:00", "generated_at": "2026-10-09T20:31:38.042297", "nearest_km": 38.984669750150239, "n_points": 11, "weight_sum": 0.0011477378240864198, "confidence": "Medium", "flagged": false }, "geometry": { "type": "Polygon", "coordinates": [ [ [ -116.501325097808916, 54.22699482820191 ], [ -116.401325097808922, 54.22699482820191 ], [ -116.401325097808922, 54.326994828201912 ], [ -116.501325097808916, 54.326994828201912 ], [ -116.501325097808916, 54.22699482820191 ] ] ] } },
{ "type": "Feature", "properties": { "value": "1", "label": "AQHI 1", "color": "#01cbff", "timestamp": "2026-10-09 14:00:00", "generated_at": "2026-10-09T20:31:38.042297", "nearest_km": 49.013975410156995, "n_points": 10, "weight_sum": 0.00086054016925208318, "confidence": "Medium", "flagged": false }, "geometry": { "type": "Polygon", "coordinates": [ [ [ -116.401325097808922, 54.22699482820191 ], [ -116.301325097808927, 54.22699482820191 ], [ -116.301325097808927, 54.326994828201912 ], [ -116.401325097808922, 54.326994828201912 ], [ -116.401325097808922, 54.22699482820191 ] ] ] } },
{ "type": "Feature", "properties": { "value": "1", "label": "AQHI 1", "color": "#01cbff", "timestamp": "2026-10-09 14:00:00", "generated_at": "2026-10-09T20:31:38.042297", "nearest_km": 59.425205893514935, "n_points": 10, "weight_sum": 0.00072326713831365208, "confidence": "Medium", "flagged": false }, "geometry": { "type": "Polygon", "coordinates": [ [ [ -116.301325097808927, 54.22699482820191 ], [ -116.201325097808933, 54.22699482820191 ], [ -116.201325097808933, 54.326994828201912 ], [ -116.301325097808927, 54.326994828201912 ], [ -116.301325097808927, 54.22699482820191 ] ] ] } },
{ "type": "Feature", "properties": { "value": "1", "label": "AQHI 1", "color": "#01cbff", "timestamp": "2026-10-09 14:00:00", "generated_at": "2026-10-09T20:31:38.042297", "nearest_km": 70.048271966307496, "n_points": 10, "weight_sum": 0.00061751810325078255, "confidence": "Medium", "flagged": false }, "geometry": { "type": "Polygon", "coordinates": [ [ [ -116.201325097808933, 54.22699482820191 ], [ -116.101325097808939, 54.22699482820191 ], [ -116.101325097808939, 54.326994828201912 ], [ -116.201325097808933, 54.326994828201912 ], [ -116.201325097808933, 54.22699482820191 ] ] ] } },
{ "type": "Feature", "properties": { "value": "1", "label": "AQHI 1", "color": "#01cbff", "timestamp": "2026-10-09 14:00:00", "generated_at": "2026-10-09T20:31:38.042297", "nearest_km": 72.080249324078949, "n_points": 14, "weight_sum": 0.00065893167651961677, "confidence": "Medium", "flagged": false }, "geometry": { "type": "Polygon", "coordinates": [ [ [ -116.101325097808939, 54.22699482820191 ], [ -116.001325097808945, 54.22699482820191 ], [ -116.001325097808945, 54.326994828201912 ], [ -116.101325097808939, 54.326994828201912 ], [ -116.101325097808939, 54.22699482820191 ] ] ] } },
{ "type": "Feature", "properties": { "value": "1", "label": "AQHI 1", "color": "#01cbff", "timestamp": "2026-10-09 14:00:00", "generated_at": "2026-10-09T20:31:38.042297", "nearest_km": 68.92934440860887, "n_points": 13, "weight_sum": 0.00061129869135030212, "confidence": "Medium", "flagged": false }, "geometry": { "type": "Polygon", "coordinates": [ [ [ -116.001325097808945, 54.22699482820191 ], [ -115.90132509780895, 54.22699482820191 ], [ -115.90132509780895, 54.326994828201912 ], [ -116.001325097808945, 54.326994828201912 ], [ -116.001325097808945, 54.22699482820191 ] ] ] } },
{ "type": "Feature", "properties": { "value": "1", "label": "AQHI 1", "color": "#01cbff", "timestamp": "2026-10-09 14:00:00", "generated_at": "2026-10-09T20:31:38.042297", "nearest_km": 67.478638831706036, "n_points": 14, "weight_sum": 0.0006214535414496052, "confidence": "Medium", "flagged": false }, "geometry": { "type": "Polygon", "coordinates": [ [ [ -115.90132509780895, 54.22699482820191 ], [ -115.801325097808956, 54.22699482820191 ], [ -115.801325097808956, 54.326994828201912 ], [ -115.90132509780895, 54.326994828201912 ], [ -115.90132509780895, 54.22699482820191 ] ] ] } },
{ "type": "Feature", "properties": { "value": "1", "label": "AQHI 1", "color": "#01cbff", "timestamp": "2026-10-09 14:00:00", "generated_at": "2026-10-09T20:31:38.042297", "nearest_km": 67.837297090604991, "n_points": 15, "weight_sum": 0.00066783249149994094, "confidence": "Medium", "flagged": false }, "geometry": { "type": "Polygon", "coordinates": [ [ [ -115.801325097808956, 54.22699482820191 ], [ -115.701325097808962, 54.22699482820191 ], [ -115.701325097808962, 54.326994828201912 ], [ -115.801325097808956, 54.326994828201912 ], [ -115.801325097808956, 54.22699482820191 ] ] ] } },
{ "type": "Feature", "properties": { "value": "1", "label": "AQHI 1", "color": "#01cbff", "timestamp": "2026-10-09 14:00:00", "generated_at": "2026-10-09T20:31:38.042297", "nearest_km": 69.977503917603073, "n_points": 18, "weight_sum": 0.00075084815993773637, "confidence": "Medium", "flagged": false }, "geometry": { "type": "Polygon", "coordinates": [ [ [ -115.701325097808962, 54.22699482820191 ], [ -115.601325097808967, 54.22699482820191 ], [ -115.601325097808967, 54.326994828201912 ], [ -115.701325097808962, 54.326994828201912 ], [ -115.701325097808962, 54.22699482820191 ] ] ] } },
{ "type": "Feature", "properties": { "value": "1", "label": "AQHI 1", "color": "#01cbff", "timestamp": "2026-10-09 14:00:00", "generated_at": "2026-10-09T20:31:38.042297", "nearest_km": 73.744309831452611, "n_points": 20, "weight_sum": 0.0008313083488848945, "confidence": "Medium", "flagged": false }, "geometry": { "type": "Polygon", "coordinates": [ [ [ -115.601325097808967, 54.22699482820191 ], [ -115.501325097808973, 54.22699482820191 ], [ -115.501325097808973, 54.326994828201912 ], [ -115.601325097808967, 54.326994828201912 ], [ -115.601325097808967, 54.22699482820191 ] ] ] } },
{ "type": "Feature", "properties": { "value": "1", "label": "AQHI 1", "color": "#01cbff", "timestamp": "2026-10-09 14:00:00", "generated_at": "2026-10-09T20:31:38.042297", "nearest_km": 78.905103830464412, "n_points": 20, "weight_sum": 0.00088880127542578509, "confidence": "Low", "flagged": false }, "geometry": { "type": "Polygon", "coordinates": [ [ [ -115.501325097808973, 54.22699482820191 ], [ -115.401325097808979, 54.22699482820191 ], [ -115.401325097808979, 54.326994828201912 ], [ -115.501325097808973, 54.326994828201912 ], [ -115.501325097808973, 54.22699482820191 ] ] ] } },
{ "type": "Feature", "properties": { "value": "1", "label": "AQHI 1", "color": "#01cbff", "timestamp": "2026-10-09 14:00:00", "generated_at": "2026-10-09T20:31:38.042297", "nearest_km": 70.530897832858074, "n_points": 20, "weight_sum": 0.00095545883612619363, "confidence": "Medium", "flagged": false }, "geometry": { "type": "Polygon", "coordinates": [ [ [ -115.401325097808979, 54.22699482820191 ], [ -115.301325097808984, 54.22699482820191 ], [ -115.301325097808984, 54.326994828201912 ], [ -115.401325097808979, 54.326994828201912 ], [ -115.401325097808979, 54.22699482820191 ] ] ] } },
{ "type": "Feature", "properties": { "value": "1", "label": "AQHI 1", "color": "#01cbff", "timestamp": "2026-10-09 14:00:00", "generated_at": "2026-10-09T20:31:38.042297", "nearest_km": 59.621084048247887, "n_points": 20, "weight_sum": 0.0010784126820254296, "confidence": "Medium", "flagged": false }, "geometry": { "type": "Polygon", "coordinates": [ [ [ -115.301325097808984, 54.22699482820191 ], [ -115.20132509780899, 54.22699482820191 ], [ -115.20132509780899, 54.326994828201912 ], [ -115.301325097808984, 54.326994828201912 ], [ -115.301325097808984, 54.22699482820191 ] ] ] } },
{ "type": "Feature", "properties": { "value": "1", "label": "AQHI 1", "color": "#01cbff", "timestamp": "2026-10-09 14:00:00", "generated_at": "2026-10-09T20:31:38.042297", "nearest_km": 48.797128778929057, "n_points": 21, "weight_sum": 0.0012726583705047301, "confidence": "Medium", "flagged": false }, "geometry": { "type": "Polygon", "coordinates": [ [ [ -115.20132509780899, 54.22699482820191 ], [ -115.101325097808996, 54.22699482820191 ], [ -115.101325097808996, 54.326994828201912 ], [ -115.20132509780899, 54.326994828201912 ], [ -115.20132509780899, 54.22699482820191 ] ] ] } },
{ "type": "Feature", "properties": { "value": "2", "label": "AQHI 2", "color": "#0099cb", "timestamp": "2026-10-09 14:00:00", "generated_at": "2026-10-09T20:31:38.042297", "nearest_km": 38.132215921009703, "n_points": 24, "weight_sum": 0.0016315624276726664, "confidence": "Medium", "flagged": false }, "geometry": { "type": "Polygon", "coordinates": [ [ [ -115.101325097808996, 54.22699482820191 ], [ -115.001325097809001, 54.22699482820191 ], [ -115.001325097809001, 54.326994828201912 ], [ -115.101325097808996, 54.326994828201912 ], [ -115.101325097808996, 54.22699482820191 ] ] ] } },
{ "type": "Feature", "properties": { "value": "1", "label": "AQHI 1", "color": "#01cbff", "timestamp": "2026-10-09 14:00:00", "generated_at": "2026-10-09T20:31:38.042297", "nearest_km": 27.809926375767294, "n_points": 26, "weight_sum": 0.0021485077196691793, "confidence": "Medium", "flagged": false }, "geometry": { "type": "Polygon", "coordinates": [ [ [ -115.001325097809001, 54.22699482820191 ], [ -114.901325097809007, 54.22699482820191 ], [ -114.901325097809007, 54.326994828201912 ], [ -115.001325097809001, 54.326994828201912 ], [ -115.001325097809001, 54.22699482820191 ] ] ] } },
{ "type": "Feature", "properties": { "value": "1", "label": "AQHI 1", "color": "#01cbff", "timestamp": "2026-10-09 14:00:00", "generated_at": "2026-10-09T20:31:38.042297", "nearest_km": 18.415703054856781, "n_points": 27, "weight_sum": 0.0032132059226495165, "confidence": "High", "flagged": false }, "geometry": { "type": "Polygon", "coordinates": [ [ [ -114.901325097809007, 54.22699482820191 ], [ -114.801325097809013, 54.22699482820191 ], [ -114.801325097809013, 54.326994828201912 ], [ -114.901325097809007, 54.326994828201912 ], [ -114.901325097809007, 54.22699482820191 ] ] ] } },
{ "type": "Feature", "properties": { "value": "1", "label": "AQHI 1", "color": "#01cbff", "timestamp": "2026-10-09 14:00:00", "generated_at": "2026-10-09T20:31:38.042297", "nearest_km": 12.300578562965933, "n_points": 36, "weight_sum": 0.0056098285211534839, "confidence": "High", "flagged": false }, "geometry": { "type": "Polygon", "coordinates": [ [ [ -114.801325097809013, 54.22699482820191 ], [ -114.701325097809018, 54.22699482820191 ], [ -114.701325097809018, 54.326994828201912 ], [ -114.801325097809013, 54.326994828201912 ], [ -114.801325097809013, 54.22699482820191 ] ] ] } },
{ "type": "Feature", "properties": { "value": "1", "label": "AQHI 1", "color": "#01cbff", "timestamp": "2026-10-09 14:00:00", "generated_at": "2026-10-09T20:31:38.042297", "nearest_km": 14.487592862953623, "n_points": 48, "weight_sum": 0.0055565306275633924, "confidence": "High", "flagged": false }, "geometry": { "type": "Polygon", "coordinates": [ [ [ -114.701325097809018, 54.22699482820191 ], [ -114.601325097809024, 54.22699482820191 ], [ -114.601325097809024, 54.326994828201912 ], [ -114.701325097809018, 54.326994828201912 ], [ -114.701325097809018, 54.22699482820191 ] ] ] } },
{ "type": "Feature", "properties": { "value": "2", "label": "AQHI 2", "color": "#0099cb", "timestamp": "2026-10-09 14:00:00", "generated_at": "2026-10-09T20:31:38.042297", "nearest_km": 22.691330083132726, "n_points": 70, "weight_sum": 0.0060058190765489095, "confidence": "High", "flagged": false }, "geometry": { "type": "Polygon", "coordinates": [ [ [ -114.601325097809024, 54.22699482820191 ], [ -114.50132509780903, 54.22699482820191 ], [ -114.50132509780903, 54.326994828201912 ], [ -114.601325097809024, 54.326994828201912 ], [ -114.601325097809024, 54.22699482820191 ] ] ] } },
{ "type": "Feature", "properties": { "value": "2", "label": "AQHI 2", "color": "#0099cb", "timestamp": "2026-10-09 14:00:00", "generated_at": "2026-10-09T20:31:38.042297", "nearest_km": 15.673447309139483, "n_points": 90, "weight_sum": 0.0096550588170298234, "confidence": "High", "flagged": false }, "geometry": { "type": "Polygon", "coordinates": [ [ [ -114.50132509780903, 54.22699482820191 ], [ -114.401325097809035, 54.22699482820191 ], [ -114.401325097809035, 54.326994828201912 ], [ -114.50132509780903, 54.326994828201912 ], [ -114.50132509780903, 54.22699482820191 ] ] ] } },
{ "type": "Feature", "properties": { "value": "2", "label": "AQHI 2", "color": "#0099cb", "timestamp": "2026-10-09 14:00:00", "generated_at": "2026-10-09T20:31:38.042297", "nearest_km": 10.518074183385769, "n_points": 105, "weight_sum": 0.016872421139961041, "confidence": "High", "flagged": false }, "geometry": { "type": "Polygon", "coordinates": [ [ [ -114.401325097809035, 54.22699482820191 ], [ -114.301325097809041, 54.22699482820191 ], [ -114.301325097809041, 54.326994828201912 ], [ -114.401325097809035, 54.326994828201912 ], [ -114.401325097809035, 54.22699482820191 ] ] ] } },
{ "type": "Feature", "properties": { "value": "2", "label": "AQHI 2", "color": "#0099cb", "timestamp": "2026-10-09 14:00:00", "generated_at": "2026-10-09T20:31:38.042297", "nearest_km": 13.331996493629648, "n_points": 109, "weight_sum": 0.011827721710287252, "confidence": "High", "flagged": false }, "geometry": { "type": "Polygon", "coordinates": [ [ [ -114.301325097809041, 54.22699482820191 ], [ -114.201325097809047, 54.22699482820191 ], [ -114.201325097809047, 54.326994828201912 ], [ -114.301325097809041, 54.326994828201912 ], [ -114.301325097809041, 54.22699482820191 ] ] ] } },
{ "type": "Feature", "properties": { "value": "2", "label": "AQHI 2", "color": "#0099cb", "timestamp": "2026-10-09 14:00:00", "generated_at": "2026-10-09T20:31:38.042297", "nearest_km": 22.164710160186445, "n_points": 111, "weight_sum": 0.0084205796982876994, "confidence": "High", "flagged": false }, "geometry": { "type": "Polygon", "coordinates": [ [ [ -114.201325097809047, 54.22699482820191 ], [ -114.101325097809053, 54.22699482820191 ], [ -114.101325097809053, 54.326994828201912 ], [ -114.201325097809047, 54.326994828201912 ], [ -114.201325097809047, 54.22699482820191 ] ] ] } },
{ "type": "Feature", "properties": { "value": "2", "label": "AQHI 2", "color": "#0099cb", "timestamp": "2026-10-09 14:00:00", "generated_at": "2026-10-09T20:31:38.042297", "nearest_km": 28.674220411336993, "n_points": 111, "weight_sum": 0.0081540106124483765, "confidence": "Medium", "flagged": false }, "geometry": { "type": "Polygon", "coordinates": [ [ [ -114.101325097809053, 54.22699482820191 ], [ -114.001325097809058, 54.22699482820191 ], [ -114.001325097809058, 54.326994828201912 ], [ -114.101325097809053, 54.326994828201912 ], [ -114.101325097809053, 54.22699482820191 ] ] ] } },
{ "type": "Feature", "properties": { "value": "1", "label": "AQHI 1", "color": "#01cbff", "timestamp": "2026-10-09 14:00:00", "generated_at": "2026-10-09T20:31:38.042297", "nearest_km": 56.915326272822099, "n_points": 9, "weight_sum": 0.00066310394061672878, "confidence": "Medium", "flagged": false }, "geometry": { "type": "Polygon", "coordinates": [ [ [ -116.301325097808927, 54.326994828201912 ], [ -116.201325097808933, 54.326994828201912 ], [ -116.201325097808933, 54.426994828201913 ], [ -116.301325097808927, 54.426994828201913 ], [ -116.301325097808927, 54.326994828201912 ] ] ] } },
{ "type": "Feature", "properties": { "value": "1", "label": "AQHI 1", "color": "#01cbff", "timestamp": "2026-10-09 14:00:00", "generated_at": "2026-10-09T20:31:38.042297", "nearest_km": 67.932022454222093, "n_points": 9, "weight_sum": 0.00057059742969243999, "confidence": "Medium", "flagged": false }, "geometry": { "type": "Polygon", "coordinates": [ [ [ -116.201325097808933, 54.326994828201912 ], [ -116.101325097808939, 54.326994828201912 ], [ -116.101325097808939, 54.426994828201913 ], [ -116.201325097808933, 54.426994828201913 ], [ -116.201325097808933, 54.326994828201912 ] ] ] } },
{ "type": "Feature", "properties": { "value": "1", "label": "AQHI 1", "color": "#01cbff", "timestamp": "2026-10-09 14:00:00", "generated_at": "2026-10-09T20:31:38.042297", "nearest_km": 78.97205192155036, "n_points": 14, "weight_sum": 0.00062475701889232432, "confidence": "Low", "flagged": false }, "geometry": { "type": "Polygon", "coordinates": [ [ [ -116.101325097808939, 54.326994828201912 ], [ -116.001325097808945, 54.326994828201912 ], [ -116.001325097808945, 54.426994828201913 ], [ -116.101325097808939, 54.426994828201913 ], [ -116.101325097808939, 54.326994828201912 ] ] ] } },
{ "type": "Feature", "properties": { "value": "1", "label": "AQHI 1", "color": "#01cbff", "timestamp": "2026-10-09 14:00:00", "generated_at": "2026-10-09T20:31:38.042297", "nearest_km": 79.816212446192822, "n_points": 14, "weight_sum": 0.00059619286436844309, "confidence": "Low", "flagged": false }, "geometry": { "type": "Polygon", "coordinates": [ [ [ -116.001325097808945, 54.326994828201912 ], [ -115.90132509780895, 54.326994828201912 ], [ -115.90132509780895, 54.426994828201913 ], [ -116.001325097808945, 54.426994828201913 ], [ -116.001325097808945, 54.326994828201912 ] ] ] } },
{ "type": "Feature", "properties": { "value": "1", "label": "AQHI 1", "color": "#01cbff", "timestamp": "2026-10-09 14:00:00", "generated_at": "2026-10-09T20:31:38.042297", "nearest_km": 78.566786540083157, "n_points": 14, "weight_sum": 0.00058236593915273274, "confidence": "Low", "flagged": false }, "geometry": { "type": "Polygon", "coordinates": [ [ [ -115.90132509780895, 54.326994828201912 ], [ -115.801325097808956, 54.326994828201912 ], [ -115.801325097808956, 54.426994828201913 ], [ -115.90132509780895, 54.426994828201913 ], [ -115.90132509780895, 54.326994828201912 ] ] ] } },
{ "type": "Feature", "properties": { "value": "1", "label": "AQHI 1", "color": "#01cbff", "timestamp": "2026-10-09 14:00:00", "generated_at": "2026-10-09T20:31:38.042297", "nearest_km": 78.875041205784285, "n_points": 14, "weight_sum": 0.00057840352211478458, "confidence": "Low", "flagged": false }, "geometry": { "type": "Polygon", "coordinates": [ [ [ -115.801325097808956, 54.326994828201912 ], [ -115.701325097808962, 54.326994828201912 ], [ -115.701325097808962, 54.426994828201913 ], [ -115.801325097808956, 54.426994828201913 ], [ -115.801325097808956, 54.326994828201912 ] ] ] } },
{ "type": "Feature", "properties": { "value": "1", "label": "AQHI 1", "color": "#01cbff", "timestamp": "2026-10-09 14:00:00", "generated_at": "2026-10-09T20:31:38.042297", "nearest_km": 80.723133630907327, "n_points": 20, "weight_sum": 0.00074385875106840139, "confidence": "Low", "flagged": false }, "geometry": { "type": "Polygon", "coordinates": [ [ [ -115.701325097808962, 54.326994828201912 ], [ -115.601325097808967, 54.326994828201912 ], [ -115.601325097808967, 54.426994828201913 ], [ -115.701325097808962, 54.426994828201913 ], [ -115.701325097808962, 54.326994828201912 ] ] ] } },
{ "type": "Feature", "properties": { "value": "1", "label": "AQHI 1", "color": "#01cbff", "timestamp": "2026-10-09 14:00:00", "generated_at": "2026-10-09T20:31:38.042297", "nearest_km": 84.009502326656133, "n_points": 20, "weight_sum": 0.00077525851691395958, "confidence": "Low", "flagged": false }, "geometry": { "type": "Polygon", "coordinates": [ [ [ -115.601325097808967, 54.326994828201912 ], [ -115.501325097808973, 54.326994828201912 ], [ -115.501325097808973, 54.426994828201913 ], [ -115.601325097808967, 54.426994828201913 ], [ -115.601325097808967, 54.326994828201912 ] ] ] } },
{ "type": "Feature", "properties": { "value": "1", "label": "AQHI 1", "color": "#01cbff", "timestamp": "2026-10-09 14:00:00", "generated_at": "2026-10-09T20:31:38.042297", "nearest_km": 80.615479445234385, "n_points": 21, "weight_sum": 0.00084698575655672815, "confidence": "Low", "flagged": false }, "geometry": { "type": "Polygon", "coordinates": [ [ [ -115.501325097808973, 54.326994828201912 ], [ -115.401325097808979, 54.326994828201912 ], [ -115.401325097808979, 54.426994828201913 ], [ -115.501325097808973, 54.426994828201913 ], [ -115.501325097808973, 54.326994828201912 ] ] ] } },
{ "type": "Feature", "properties": { "value": "1", "label": "AQHI 1", "color": "#01cbff", "timestamp": "2026-10-09 14:00:00", "generated_at": "2026-10-09T20:31:38.042297", "nearest_km": 69.516196962752588, "n_points": 20, "weight_sum": 0.00087683406971300702, "confidence": "Medium", "flagged": false }, "geometry": { "type": "Polygon", "coordinates": [ [ [ -115.401325097808979, 54.326994828201912 ], [ -115.301325097808984, 54.326994828201912 ], [ -115.301325097808984, 54.426994828201913 ], [ -115.401325097808979, 54.426994828201913 ], [ -115.401325097808979, 54.326994828201912 ] ] ] } },
{ "type": "Feature", "properties": { "value": "1", "label": "AQHI 1", "color": "#01cbff", "timestamp": "2026-10-09 14:00:00", "generated_at": "2026-10-09T20:31:38.042297", "nearest_km": 58.417187146792571, "n_points": 19, "weight_sum": 0.00096072568905947013, "confidence": "Medium", "flagged": false }, "geometry": { "type": "Polygon", "coordinates": [ [ [ -115.301325097808984, 54.326994828201912 ], [ -115.20132509780899, 54.326994828201912 ], [ -115.20132509780899, 54.426994828201913 ], [ -115.301325097808984, 54.426994828201913 ], [ -115.301325097808984, 54.326994828201912 ] ] ] } },
{ "type": "Feature", "properties": { "value": "1", "label": "AQHI 1", "color": "#01cbff", "timestamp": "2026-10-09 14:00:00", "generated_at": "2026-10-09T20:31:38.042297", "nearest_km": 47.318641866842874, "n_points": 20, "weight_sum": 0.0011395831225421648, "confidence": "Medium", "flagged": false }, "geometry": { "type": "Polygon", "coordinates": [ [ [ -115.20132509780899, 54.326994828201912 ], [ -115.101325097808996, 54.326994828201912 ], [ -115.101325097808996, 54.426994828201913 ], [ -115.20132509780899, 54.426994828201913 ], [ -115.20132509780899, 54.326994828201912 ] ] ] } },
{ "type": "Feature", "properties": { "value": "1", "label": "AQHI 1", "color": "#01cbff", "timestamp": "2026-10-09 14:00:00", "generated_at": "2026-10-09T20:31:38.042297", "nearest_km": 36.220988143639246, "n_points": 22, "weight_sum": 0.0014431999971119963, "confidence": "Medium", "flagged": false }, "geometry": { "type": "Polygon", "coordinates": [ [ [ -115.101325097808996, 54.326994828201912 ], [ -115.001325097809001, 54.326994828201912 ], [ -115.001325097809001, 54.426994828201913 ], [ -115.101325097808996, 54.426994828201913 ], [ -115.101325097808996, 54.326994828201912 ] ] ] } },
{ "type": "Feature", "properties": { "value": "1", "label": "AQHI 1", "color": "#01cbff", "timestamp": "2026-10-09 14:00:00", "generated_at": "2026-10-09T20:31:38.042297", "nearest_km": 25.125407381388797, "n_points": 25, "weight_sum": 0.0020727097031527559, "confidence": "Medium", "flagged": false }, "geometry": { "type": "Polygon", "coordinates": [ [ [ -115.001325097809001, 54.326994828201912 ], [ -114.901325097809007, 54.326994828201912 ], [ -114.901325097809007, 54.426994828201913 ], [ -115.001325097809001, 54.426994828201913 ], [ -115.001325097809001, 54.326994828201912 ] ] ] } },
{ "type": "Feature", "properties": { "value": "1", "label": "AQHI 1", "color": "#01cbff", "timestamp": "2026-10-09 14:00:00", "generated_at": "2026-10-09T20:31:38.042297", "nearest_km": 14.036816236590486, "n_points": 26, "weight_sum": 0.0040167564082729361, "confidence": "High", "flagged": false }, "geometry": { "type": "Polygon", "coordinates": [ [ [ -114.901325097809007, 54.326994828201912 ], [ -114.801325097809013, 54.326994828201912 ], [ -114.801325097809013, 54.426994828201913 ], [ -114.901325097809007, 54.426994828201913 ], [ -114.901325097809007, 54.326994828201912 ] ] ] } },
{ "type": "Feature", "properties": { "value": "1", "label": "AQHI 1", "color": "#01cbff", "timestamp": "2026-10-09 14:00:00", "generated_at": "2026-10-09T20:31:38.042297", "nearest_km": 3.0328738910224975, "n_points": 28, "weight_sum": 0.056158538242209212, "confidence": "High", "flagged": false }, "geometry": { "type": "Polygon", "coordinates": [ [ [ -114.801325097809013, 54.326994828201912 ], [ -114.701325097809018, 54.326994828201912 ], [ -114.701325097809018, 54.426994828201913 ], [ -114.801325097809013, 54.426994828201913 ], [ -114.801325097809013, 54.326994828201912 ] ] ] } },
{ "type": "Feature", "properties": { "value": "1", "label": "AQHI 1", "color": "#01cbff", "timestamp": "2026-10-09 14:00:00", "generated_at": "2026-10-09T20:31:38.042297", "nearest_km": 8.2331305114065572, "n_points": 37, "weight_sum": 0.0098438663589468824, "confidence": "High", "flagged": false }, "geometry": { "type": "Polygon", "coordinates": [ [ [ -114.701325097809018, 54.326994828201912 ], [ -114.601325097809024, 54.326994828201912 ], [ -114.601325097809024, 54.426994828201913 ], [ -114.701325097809018, 54.426994828201913 ], [ -114.701325097809018, 54.326994828201912 ] ] ] } },
{ "type": "Feature", "properties": { "value": "1", "label": "AQHI 1", "color": "#01cbff", "timestamp": "2026-10-09 14:00:00", "generated_at": "2026-10-09T20:31:38.042297", "nearest_km": 19.307784751152401, "n_points": 52, "weight_sum": 0.0050780753550292964, "confidence": "High", "flagged": false }, "geometry": { "type": "Polygon", "coordinates": [ [ [ -114.601325097809024, 54.326994828201912 ], [ -114.50132509780903, 54.326994828201912 ], [ -114.50132509780903, 54.426994828201913 ], [ -114.601325097809024, 54.426994828201913 ], [ -114.601325097809024, 54.326994828201912 ] ] ] } },
{ "type": "Feature", "properties": { "value": "1", "label": "AQHI 1", "color": "#01cbff", "timestamp": "2026-10-09 14:00:00", "generated_at": "2026-10-09T20:31:38.042297", "nearest_km": 13.65595733749144, "n_points": 86, "weight_sum": 0.0077430265193130024, "confidence": "High", "flagged": false }, "geometry": { "type": "Polygon", "coordinates": [ [ [ -114.50132509780903, 54.326994828201912 ], [ -114.401325097809035, 54.326994828201912 ], [ -114.401325097809035, 54.426994828201913 ], [ -114.50132509780903, 54.426994828201913 ], [ -114.50132509780903, 54.326994828201912 ] ] ] } },
{ "type": "Feature", "properties": { "value": "1", "label": "AQHI 1", "color": "#01cbff", "timestamp": "2026-10-09 14:00:00", "generated_at": "2026-10-09T20:31:38.042297", "nearest_km": 2.679070133901194, "n_points": 97, "weight_sum": 0.075485792843567878, "confidence": "High", "flagged": false }, "geometry": { "type": "Polygon", "coordinates": [ [ [ -114.401325097809035, 54.326994828201912 ], [ -114.301325097809041, 54.326994828201912 ], [ -114.301325097809041, 54.426994828201913 ], [ -114.401325097809035, 54.426994828201913 ], [ -114.401325097809035, 54.326994828201912 ] ] ] } },
{ "type": "Feature", "properties": { "value": "1", "label": "AQHI 1", "color": "#01cbff", "timestamp": "2026-10-09 14:00:00", "generated_at": "2026-10-09T20:31:38.042297", "nearest_km": 8.6191451293796177, "n_points": 105, "weight_sum": 0.012673156943440018, "confidence": "High", "flagged": false }, "geometry": { "type": "Polygon", "coordinates": [ [ [ -114.301325097809041, 54.326994828201912 ], [ -114.201325097809047, 54.326994828201912 ], [ -114.201325097809047, 54.426994828201913 ], [ -114.301325097809041, 54.426994828201913 ], [ -114.301325097809041, 54.326994828201912 ] ] ] } },
{ "type": "Feature", "properties": { "value": "2", "label": "AQHI 2", "color": "#0099cb", "timestamp": "2026-10-09 14:00:00", "generated_at": "2026-10-09T20:31:38.042297", "nearest_km": 19.69319447779429, "n_points": 107, "weight_sum": 0.007160308814410145, "confidence": "High", "flagged": false }, "geometry": { "type": "Polygon", "coordinates": [ [ [ -114.201325097809047, 54.326994828201912 ], [ -114.101325097809053, 54.326994828201912 ], [ -114.101325097809053, 54.426994828201913 ], [ -114.201325097809047, 54.426994828201913 ], [ -114.201325097809047, 54.326994828201912 ] ] ] } },
{ "type": "Feature", "properties": { "value": "1", "label": "AQHI 1", "color": "#01cbff", "timestamp": "2026-10-09 14:00:00", "generated_at": "2026-10-09T20:31:38.042297", "nearest_km": 78.682934960226319, "n_points": 10, "weight_sum": 0.00052164287531076354, "confidence": "Low", "flagged": false }, "geometry": { "type": "Polygon", "coordinates": [ [ [ -116.101325097808939, 54.426994828201913 ], [ -116.001325097808945, 54.426994828201913 ], [ -116.001325097808945, 54.526994828201914 ], [ -116.101325097808939, 54.526994828201914 ], [ -116.101325097808939, 54.426994828201913 ] ] ] } },
{ "type": "Feature", "properties": { "value": "1", "label": "AQHI 1", "color": "#01cbff", "timestamp": "2026-10-09 14:00:00", "generated_at": "2026-10-09T20:31:38.042297", "nearest_km": 89.773323230981532, "n_points": 14, "weight_sum": 0.00057767435283122054, "confidence": "Low", "flagged": false }, "geometry": { "type": "Polygon", "coordinates": [ [ [ -116.001325097808945, 54.426994828201913 ], [ -115.90132509780895, 54.426994828201913 ], [ -115.90132509780895, 54.526994828201914 ], [ -116.001325097808945, 54.526994828201914 ], [ -116.001325097808945, 54.426994828201913 ] ] ] } },
{ "type": "Feature", "properties": { "value": "1", "label": "AQHI 1", "color": "#01cbff", "timestamp": "2026-10-09 14:00:00", "generated_at": "2026-10-09T20:31:38.042297", "nearest_km": 89.657867451162176, "n_points": 13, "weight_sum": 0.00053939340989967138, "confidence": "Low", "flagged": false }, "geometry": { "type": "Polygon", "coordinates": [ [ [ -115.90132509780895, 54.426994828201913 ], [ -115.801325097808956, 54.426994828201913 ], [ -115.801325097808956, 54.526994828201914 ], [ -115.90132509780895, 54.526994828201914 ], [ -115.90132509780895, 54.426994828201913 ] ] ] } },
{ "type": "Feature", "properties": { "value": "1", "label": "AQHI 1", "color": "#01cbff", "timestamp": "2026-10-09 14:00:00", "generated_at": "2026-10-09T20:31:38.042297", "nearest_km": 89.92811225567533, "n_points": 15, "weight_sum": 0.00057916931508959573, "confidence": "Low", "flagged": false }, "geometry": { "type": "Polygon", "coordinates": [ [ [ -115.801325097808956, 54.426994828201913 ], [ -115.701325097808962, 54.426994828201913 ], [ -115.701325097808962, 54.526994828201914 ], [ -115.801325097808956, 54.526994828201914 ], [ -115.801325097808956, 54.426994828201913 ] ] ] } },
{ "type": "Feature", "properties": { "value": "1", "label": "AQHI 1", "color": "#01cbff", "timestamp": "2026-10-09 14:00:00", "generated_at": "2026-10-09T20:31:38.042297", "nearest_km": 91.553359041864184, "n_points": 18, "weight_sum": 0.00065176195576570806, "confidence": "Low", "flagged": false }, "geometry": { "type": "Polygon", "coordinates": [ [ [ -115.701325097808962, 54.426994828201913 ], [ -115.601325097808967, 54.426994828201913 ], [ -115.601325097808967, 54.526994828201914 ], [ -115.701325097808962, 54.526994828201914 ], [ -115.701325097808962, 54.426994828201913 ] ] ] } },
{ "type": "Feature", "properties": { "value": "1", "label": "AQHI 1", "color": "#01cbff", "timestamp": "2026-10-09 14:00:00", "generated_at": "2026-10-09T20:31:38.042297", "nearest_km": 92.281869851346912, "n_points": 19, "weight_sum": 0.00069709509973665601, "confidence": "Low", "flagged": false }, "geometry": { "type": "Polygon", "coordinates": [ [ [ -115.601325097808967, 54.426994828201913 ], [ -115.501325097808973, 54.426994828201913 ], [ -115.501325097808973, 54.526994828201914 ], [ -115.601325097808967, 54.526994828201914 ], [ -115.601325097808967, 54.426994828201913 ] ] ] } },
{ "type": "Feature", "properties": { "value": "1", "label": "AQHI 1", "color": "#01cbff", "timestamp": "2026-10-09 14:00:00", "generated_at": "2026-10-09T20:31:38.042297", "nearest_km": 81.259889350405615, "n_points": 21, "weight_sum": 0.00080282088227757076, "confidence": "Low", "flagged": false }, "geometry": { "type": "Polygon", "coordinates": [ [ [ -115.501325097808973, 54.426994828201913 ], [ -115.401325097808979, 54.426994828201913 ], [ -115.401325097808979, 54.526994828201914 ], [ -115.501325097808973, 54.526994828201914 ], [ -115.501325097808973, 54.426994828201913 ] ] ] } },
{ "type": "Feature", "properties": { "value": "1", "label": "AQHI 1", "color": "#01cbff", "timestamp": "2026-10-09 14:00:00", "generated_at": "2026-10-09T20:31:38.042297", "nearest_km": 70.262477405933879, "n_points": 21, "weight_sum": 0.00084201294021208457, "confidence": "Medium", "flagged": false }, "geometry": { "type": "Polygon", "coordinates": [ [ [ -115.401325097808979, 54.426994828201913 ], [ -115.301325097808984, 54.426994828201913 ], [ -115.301325097808984, 54.526994828201914 ], [ -115.401325097808979, 54.526994828201914 ], [ -115.401325097808979, 54.426994828201913 ] ] ] } },
{ "type": "Feature", "properties": { "value": "1", "label": "AQHI 1", "color": "#01cbff", "timestamp": "2026-10-09 14:00:00", "generated_at": "2026-10-09T20:31:38.042297", "nearest_km": 59.303303830381516, "n_points": 18, "weight_sum": 0.00086724347231109233, "confidence": "Medium", "flagged": false }, "geometry": { "type": "Polygon", "coordinates": [ [ [ -115.301325097808984, 54.426994828201913 ], [ -115.20132509780899, 54.426994828201913 ], [ -115.20132509780899, 54.526994828201914 ], [ -115.301325097808984, 54.526994828201914 ], [ -115.301325097808984, 54.426994828201913 ] ] ] } },
{ "type": "Feature", "properties": { "value": "1", "label": "AQHI 1", "color": "#01cbff", "timestamp": "2026-10-09 14:00:00", "generated_at": "2026-10-09T20:31:38.042297", "nearest_km": 48.408345966141944, "n_points": 18, "weight_sum": 0.00099979798560035716, "confidence": "Medium", "flagged": false }, "geometry": { "type": "Polygon", "coordinates": [ [ [ -115.20132509780899, 54.426994828201913 ], [ -115.101325097808996, 54.426994828201913 ], [ -115.101325097808996, 54.526994828201914 ], [ -115.20132509780899, 54.526994828201914 ], [ -115.20132509780899, 54.426994828201913 ] ] ] } },
{ "type": "Feature", "properties": { "value": "1", "label": "AQHI 1", "color": "#01cbff", "timestamp": "2026-10-09 14:00:00", "generated_at": "2026-10-09T20:31:38.042297", "nearest_km": 37.633416974237278, "n_points": 21, "weight_sum": 0.0012851013650804401, "confidence": "Medium", "flagged": false }, "geometry": { "type": "Polygon", "coordinates": [ [ [ -115.101325097808996, 54.426994828201913 ], [ -115.001325097809001, 54.426994828201913 ], [ -115.001325097809001, 54.526994828201914 ], [ -115.101325097808996, 54.526994828201914 ], [ -115.101325097808996, 54.426994828201913 ] ] ] } },
{ "type": "Feature", "properties": { "value": "1", "label": "AQHI 1", "color": "#01cbff", "timestamp": "2026-10-09 14:00:00", "generated_at": "2026-10-09T20:31:38.042297", "nearest_km": 27.121950282675147, "n_points": 22, "weight_sum": 0.0017329067972777026, "confidence": "Medium", "flagged": false }, "geometry": { "type": "Polygon", "coordinates": [ [ [ -115.001325097809001, 54.426994828201913 ], [ -114.901325097809007, 54.426994828201913 ], [ -114.901325097809007, 54.526994828201914 ], [ -115.001325097809001, 54.526994828201914 ], [ -115.001325097809001, 54.426994828201913 ] ] ] } },
{ "type": "Feature", "properties": { "value": "1", "label": "AQHI 1", "color": "#01cbff", "timestamp": "2026-10-09 14:00:00", "generated_at": "2026-10-09T20:31:38.042297", "nearest_km": 17.359328936193535, "n_points": 26, "weight_sum": 0.0029566419927054871, "confidence": "High", "flagged": false }, "geometry": { "type": "Polygon", "coordinates": [ [ [ -114.901325097809007, 54.426994828201913 ], [ -114.801325097809013, 54.426994828201913 ], [ -114.801325097809013, 54.526994828201914 ], [ -114.901325097809007, 54.526994828201914 ], [ -114.901325097809007, 54.426994828201913 ] ] ] } },
{ "type": "Feature", "properties": { "value": "1", "label": "AQHI 1", "color": "#01cbff", "timestamp": "2026-10-09 14:00:00", "generated_at": "2026-10-09T20:31:38.042297", "nearest_km": 10.654220529630587, "n_points": 26, "weight_sum": 0.0058951578046100217, "confidence": "High", "flagged": false }, "geometry": { "type": "Polygon", "coordinates": [ [ [ -114.801325097809013, 54.426994828201913 ], [ -114.701325097809018, 54.426994828201913 ], [ -114.701325097809018, 54.526994828201914 ], [ -114.801325097809013, 54.526994828201914 ], [ -114.801325097809013, 54.426994828201913 ] ] ] } },
{ "type": "Feature", "properties": { "value": "1", "label": "AQHI 1", "color": "#01cbff", "timestamp": "2026-10-09 14:00:00", "generated_at": "2026-10-09T20:31:38.042297", "nearest_km": 13.118632896495333, "n_points": 31, "weight_sum": 0.004828588253526645, "confidence": "High", "flagged": false }, "geometry": { "type": "Polygon", "coordinates": [ [ [ -114.701325097809018, 54.426994828201913 ], [ -114.601325097809024, 54.426994828201913 ], [ -114.601325097809024, 54.526994828201914 ], [ -114.701325097809018, 54.526994828201914 ], [ -114.701325097809018, 54.426994828201913 ] ] ] } },
{ "type": "Feature", "properties": { "value": "1", "label": "AQHI 1", "color": "#01cbff", "timestamp": "2026-10-09 14:00:00", "generated_at": "2026-10-09T20:31:38.042297", "nearest_km": 21.842725174574465, "n_points": 41, "weight_sum": 0.003782838899959156, "confidence": "High", "flagged": false }, "geometry": { "type": "Polygon", "coordinates": [ [ [ -114.601325097809024, 54.426994828201913 ], [ -114.50132509780903, 54.426994828201913 ], [ -114.50132509780903, 54.526994828201914 ], [ -114.601325097809024, 54.526994828201914 ], [ -114.601325097809024, 54.426994828201913 ] ] ] } },
{ "type": "Feature", "properties": { "value": "1", "label": "AQHI 1", "color": "#01cbff", "timestamp": "2026-10-09 14:00:00", "generated_at": "2026-10-09T20:31:38.042297", "nearest_km": 18.150832021109899, "n_points": 58, "weight_sum": 0.0048060620691221991, "confidence": "High", "flagged": false }, "geometry": { "type": "Polygon", "coordinates": [ [ [ -114.50132509780903, 54.426994828201913 ], [ -114.401325097809035, 54.426994828201913 ], [ -114.401325097809035, 54.526994828201914 ], [ -114.50132509780903, 54.526994828201914 ], [ -114.50132509780903, 54.426994828201913 ] ] ] } },
{ "type": "Feature", "properties": { "value": "1", "label": "AQHI 1", "color": "#01cbff", "timestamp": "2026-10-09 14:00:00", "generated_at": "2026-10-09T20:31:38.042297", "nearest_km": 12.253364804718887, "n_points": 84, "weight_sum": 0.0072611623932346608, "confidence": "High", "flagged": false }, "geometry": { "type": "Polygon", "coordinates": [ [ [ -114.401325097809035, 54.426994828201913 ], [ -114.301325097809041, 54.426994828201913 ], [ -114.301325097809041, 54.526994828201914 ], [ -114.401325097809035, 54.526994828201914 ], [ -114.401325097809035, 54.426994828201913 ] ] ] } },
{ "type": "Feature", "properties": { "value": "1", "label": "AQHI 1", "color": "#01cbff", "timestamp": "2026-10-09 14:00:00", "generated_at": "2026-10-09T20:31:38.042297", "nearest_km": 14.739647045179561, "n_points": 95, "weight_sum": 0.0066480079055344279, "confidence": "High", "flagged": false }, "geometry": { "type": "Polygon", "coordinates": [ [ [ -114.301325097809041, 54.426994828201913 ], [ -114.201325097809047, 54.426994828201913 ], [ -114.201325097809047, 54.526994828201914 ], [ -114.301325097809041, 54.526994828201914 ], [ -114.301325097809041, 54.426994828201913 ] ] ] } },
{ "type": "Feature", "properties": { "value": "1", "label": "AQHI 1", "color": "#01cbff", "timestamp": "2026-10-09 14:00:00", "generated_at": "2026-10-09T20:31:38.042297", "nearest_km": 23.038868049350636, "n_points": 102, "weight_sum": 0.0056075085997127645, "confidence": "High", "flagged": false }, "geometry": { "type": "Polygon", "coordinates": [ [ [ -114.201325097809047, 54.426994828201913 ], [ -114.101325097809053, 54.426994828201913 ], [ -114.101325097809053, 54.526994828201914 ], [ -114.201325097809047, 54.526994828201914 ], [ -114.201325097809047, 54.426994828201913 ] ] ] } },
{ "type": "Feature", "properties": { "value": "1", "label": "AQHI 1", "color": "#01cbff", "timestamp": "2026-10-09 14:00:00", "generated_at": "2026-10-09T20:31:38.042297", "nearest_km": 90.885030853212868, "n_points": 11, "weight_sum": 0.00051036451657007255, "confidence": "Low", "flagged": false }, "geometry": { "type": "Polygon", "coordinates": [ [ [ -116.001325097808945, 54.526994828201914 ], [ -115.90132509780895, 54.526994828201914 ], [ -115.90132509780895, 54.626994828201916 ], [ -116.001325097808945, 54.626994828201916 ], [ -116.001325097808945, 54.526994828201914 ] ] ] } },
{ "type": "Feature", "properties": { "value": "1", "label": "AQHI 1", "color": "#01cbff", "timestamp": "2026-10-09 14:00:00", "generated_at": "2026-10-09T20:31:38.042297", "nearest_km": 90.286382192456003, "n_points": 13, "weight_sum": 0.00053564889574599399, "confidence": "Low", "flagged": false }, "geometry": { "type": "Polygon", "coordinates": [ [ [ -115.90132509780895, 54.526994828201914 ], [ -115.801325097808956, 54.526994828201914 ], [ -115.801325097808956, 54.626994828201916 ], [ -115.90132509780895, 54.626994828201916 ], [ -115.90132509780895, 54.526994828201914 ] ] ] } },
{ "type": "Feature", "properties": { "value": "1", "label": "AQHI 1", "color": "#01cbff", "timestamp": "2026-10-09 14:00:00", "generated_at": "2026-10-09T20:31:38.042297", "nearest_km": 90.889523694325732, "n_points": 15, "weight_sum": 0.00057545050082177828, "confidence": "Low", "flagged": false }, "geometry": { "type": "Polygon", "coordinates": [ [ [ -115.801325097808956, 54.526994828201914 ], [ -115.701325097808962, 54.526994828201914 ], [ -115.701325097808962, 54.626994828201916 ], [ -115.801325097808956, 54.626994828201916 ], [ -115.801325097808956, 54.526994828201914 ] ] ] } },
{ "type": "Feature", "properties": { "value": "1", "label": "AQHI 1", "color": "#01cbff", "timestamp": "2026-10-09 14:00:00", "generated_at": "2026-10-09T20:31:38.042297", "nearest_km": 92.825644222706742, "n_points": 17, "weight_sum": 0.00062285022283318277, "confidence": "Low", "flagged": false }, "geometry": { "type": "Polygon", "coordinates": [ [ [ -115.701325097808962, 54.526994828201914 ], [ -115.601325097808967, 54.526994828201914 ], [ -115.601325097808967, 54.626994828201916 ], [ -115.701325097808962, 54.626994828201916 ], [ -115.701325097808962, 54.526994828201914 ] ] ] } },
{ "type": "Feature", "properties": { "value": "1", "label": "AQHI 1", "color": "#01cbff", "timestamp": "2026-10-09 14:00:00", "generated_at": "2026-10-09T20:31:38.042297", "nearest_km": 90.588822329099855, "n_points": 19, "weight_sum": 0.00068730582465357322, "confidence": "Low", "flagged": false }, "geometry": { "type": "Polygon", "coordinates": [ [ [ -115.601325097808967, 54.526994828201914 ], [ -115.501325097808973, 54.526994828201914 ], [ -115.501325097808973, 54.626994828201916 ], [ -115.601325097808967, 54.626994828201916 ], [ -115.601325097808967, 54.526994828201914 ] ] ] } },
{ "type": "Feature", "properties": { "value": "1", "label": "AQHI 1", "color": "#01cbff", "timestamp": "2026-10-09 14:00:00", "generated_at": "2026-10-09T20:31:38.042297", "nearest_km": 83.390069602413249, "n_points": 19, "weight_sum": 0.00071700111812199709, "confidence": "Low", "flagged": false }, "geometry": { "type": "Polygon", "coordinates": [ [ [ -115.501325097808973, 54.526994828201914 ], [ -115.401325097808979, 54.526994828201914 ], [ -115.401325097808979, 54.626994828201916 ], [ -115.501325097808973, 54.626994828201916 ], [ -115.501325097808973, 54.526994828201914 ] ] ] } },
{ "type": "Feature", "properties": { "value": "1", "label": "AQHI 1", "color": "#01cbff", "timestamp": "2026-10-09 14:00:00", "generated_at": "2026-10-09T20:31:38.042297", "nearest_km": 72.715540445454522, "n_points": 16, "weight_sum": 0.0006770040228367706, "confidence": "Medium", "flagged": false }, "geometry": { "type": "Polygon", "coordinates": [ [ [ -115.401325097808979, 54.526994828201914 ], [ -115.301325097808984, 54.526994828201914 ], [ -115.301325097808984, 54.626994828201916 ], [ -115.401325097808979, 54.626994828201916 ], [ -115.401325097808979, 54.526994828201914 ] ] ] } },
{ "type": "Feature", "properties": { "value": "1", "label": "AQHI 1", "color": "#01cbff", "timestamp": "2026-10-09 14:00:00", "generated_at": "2026-10-09T20:31:38.042297", "nearest_km": 62.190159480851207, "n_points": 18, "weight_sum": 0.00081586873423032864, "confidence": "Medium", "flagged": false }, "geometry": { "type": "Polygon", "coordinates": [ [ [ -115.301325097808984, 54.526994828201914 ], [ -115.20132509780899, 54.526994828201914 ], [ -115.20132509780899, 54.626994828201916 ], [ -115.301325097808984, 54.626994828201916 ], [ -115.301325097808984, 54.526994828201914 ] ] ] } },
{ "type": "Feature", "properties": { "value": "1", "label": "AQHI 1", "color": "#01cbff", "timestamp": "2026-10-09 14:00:00", "generated_at": "2026-10-09T20:31:38.042297", "nearest_km": 51.904740151867188, "n_points": 18, "weight_sum": 0.00091822172673915723, "confidence": "Medium", "flagged": false }, "geometry": { "type": "Polygon", "coordinates": [ [ [ -115.20132509780899, 54.526994828201914 ], [ -115.101325097808996, 54.526994828201914 ], [ -115.101325097808996, 54.626994828201916 ], [ -115.20132509780899, 54.626994828201916 ], [ -115.20132509780899, 54.526994828201914 ] ] ] } },
{ "type": "Feature", "properties": { "value": "1", "label": "AQHI 1", "color": "#01cbff", "timestamp": "2026-10-09 14:00:00", "generated_at": "2026-10-09T20:31:38.042297", "nearest_km": 42.035796224313081, "n_points": 20, "weight_sum": 0.0011192955025929336, "confidence": "Medium", "flagged": false }, "geometry": { "type": "Polygon", "coordinates": [ [ [ -115.101325097808996, 54.526994828201914 ], [ -115.001325097809001, 54.526994828201914 ], [ -115.001325097809001, 54.626994828201916 ], [ -115.101325097808996, 54.626994828201916 ], [ -115.101325097808996, 54.526994828201914 ] ] ] } },
{ "type": "Feature", "properties": { "value": "1", "label": "AQHI 1", "color": "#01cbff", "timestamp": "2026-10-09 14:00:00", "generated_at": "2026-10-09T20:31:38.042297", "nearest_km": 32.959585528205075, "n_points": 21, "weight_sum": 0.0013964076617179661, "confidence": "Medium", "flagged": false }, "geometry": { "type": "Polygon", "coordinates": [ [ [ -115.001325097809001, 54.526994828201914 ], [ -114.901325097809007, 54.526994828201914 ], [ -114.901325097809007, 54.626994828201916 ], [ -115.001325097809001, 54.626994828201916 ], [ -115.001325097809001, 54.526994828201914 ] ] ] } },
{ "type": "Feature", "properties": { "value": "1", "label": "AQHI 1", "color": "#01cbff", "timestamp": "2026-10-09 14:00:00", "generated_at": "2026-10-09T20:31:38.042297", "nearest_km": 25.535864821269108, "n_points": 22, "weight_sum": 0.0018227100774116036, "confidence": "Medium", "flagged": false }, "geometry": { "type": "Polygon", "coordinates": [ [ [ -114.901325097809007, 54.526994828201914 ], [ -114.801325097809013, 54.526994828201914 ], [ -114.801325097809013, 54.626994828201916 ], [ -114.901325097809007, 54.626994828201916 ], [ -114.901325097809007, 54.526994828201914 ] ] ] } },
{ "type": "Feature", "properties": { "value": "1", "label": "AQHI 1", "color": "#01cbff", "timestamp": "2026-10-09 14:00:00", "generated_at": "2026-10-09T20:31:38.042297", "nearest_km": 21.546380349125112, "n_points": 23, "weight_sum": 0.0022878646527855059, "confidence": "High", "flagged": false }, "geometry": { "type": "Polygon", "coordinates": [ [ [ -114.801325097809013, 54.526994828201914 ], [ -114.701325097809018, 54.526994828201914 ], [ -114.701325097809018, 54.626994828201916 ], [ -114.801325097809013, 54.626994828201916 ], [ -114.801325097809013, 54.526994828201914 ] ] ] } },
{ "type": "Feature", "properties": { "value": "1", "label": "AQHI 1", "color": "#01cbff", "timestamp": "2026-10-09 14:00:00", "generated_at": "2026-10-09T20:31:38.042297", "nearest_km": 22.865533453828984, "n_points": 24, "weight_sum": 0.0024018682523965292, "confidence": "High", "flagged": false }, "geometry": { "type": "Polygon", "coordinates": [ [ [ -114.701325097809018, 54.526994828201914 ], [ -114.601325097809024, 54.526994828201914 ], [ -114.601325097809024, 54.626994828201916 ], [ -114.701325097809018, 54.626994828201916 ], [ -114.701325097809018, 54.526994828201914 ] ] ] } },
{ "type": "Feature", "properties": { "value": "1", "label": "AQHI 1", "color": "#01cbff", "timestamp": "2026-10-09 14:00:00", "generated_at": "2026-10-09T20:31:38.042297", "nearest_km": 28.772186814824344, "n_points": 30, "weight_sum": 0.0024763260001164915, "confidence": "Medium", "flagged": false }, "geometry": { "type": "Polygon", "coordinates": [ [ [ -114.601325097809024, 54.526994828201914 ], [ -114.50132509780903, 54.526994828201914 ], [ -114.50132509780903, 54.626994828201916 ], [ -114.601325097809024, 54.626994828201916 ], [ -114.601325097809024, 54.526994828201914 ] ] ] } },
{ "type": "Feature", "properties": { "value": "1", "label": "AQHI 1", "color": "#01cbff", "timestamp": "2026-10-09 14:00:00", "generated_at": "2026-10-09T20:31:38.042297", "nearest_km": 26.811196081370884, "n_points": 40, "weight_sum": 0.0028648612818359524, "confidence": "Medium", "flagged": false }, "geometry": { "type": "Polygon", "coordinates": [ [ [ -114.50132509780903, 54.526994828201914 ], [ -114.401325097809035, 54.526994828201914 ], [ -114.401325097809035, 54.626994828201916 ], [ -114.50132509780903, 54.626994828201916 ], [ -114.50132509780903, 54.526994828201914 ] ] ] } },
{ "type": "Feature", "properties": { "value": "1", "label": "AQHI 1", "color": "#01cbff", "timestamp": "2026-10-09 14:00:00", "generated_at": "2026-10-09T20:31:38.042297", "nearest_km": 23.227838498075808, "n_points": 57, "weight_sum": 0.0035299197129654665, "confidence": "High", "flagged": false }, "geometry": { "type": "Polygon", "coordinates": [ [ [ -114.401325097809035, 54.526994828201914 ], [ -114.301325097809041, 54.526994828201914 ], [ -114.301325097809041, 54.626994828201916 ], [ -114.401325097809035, 54.626994828201916 ], [ -114.401325097809035, 54.526994828201914 ] ] ] } },
{ "type": "Feature", "properties": { "value": "1", "label": "AQHI 1", "color": "#01cbff", "timestamp": "2026-10-09 14:00:00", "generated_at": "2026-10-09T20:31:38.042297", "nearest_km": 24.630158896597475, "n_points": 86, "weight_sum": 0.0041628028849485434, "confidence": "High", "flagged": false }, "geometry": { "type": "Polygon", "coordinates": [ [ [ -114.301325097809041, 54.526994828201914 ], [ -114.201325097809047, 54.526994828201914 ], [ -114.201325097809047, 54.626994828201916 ], [ -114.301325097809041, 54.626994828201916 ], [ -114.301325097809041, 54.526994828201914 ] ] ] } },
{ "type": "Feature", "properties": { "value": "1", "label": "AQHI 1", "color": "#01cbff", "timestamp": "2026-10-09 14:00:00", "generated_at": "2026-10-09T20:31:38.042297", "nearest_km": 30.33441895356756, "n_points": 97, "weight_sum": 0.0043559778408518886, "confidence": "Medium", "flagged": false }, "geometry": { "type": "Polygon", "coordinates": [ [ [ -114.201325097809047, 54.526994828201914 ], [ -114.101325097809053, 54.526994828201914 ], [ -114.101325097809053, 54.626994828201916 ], [ -114.201325097809047, 54.626994828201916 ], [ -114.201325097809047, 54.526994828201914 ] ] ] } },
{ "type": "Feature", "properties": { "value": "2", "label": "AQHI 2", "color": "#0099cb", "timestamp": "2026-10-09 14:00:00", "generated_at": "2026-10-09T20:31:38.042297", "nearest_km": 38.472447533649969, "n_points": 100, "weight_sum": 0.0044090771119355294, "confidence": "Medium", "flagged": false }, "geometry": { "type": "Polygon", "coordinates": [ [ [ -114.101325097809053, 54.526994828201914 ], [ -114.001325097809058, 54.526994828201914 ], [ -114.001325097809058, 54.626994828201916 ], [ -114.101325097809053, 54.626994828201916 ], [ -114.101325097809053, 54.526994828201914 ] ] ] } },
{ "type": "Feature", "properties": { "value": "2", "label": "AQHI 2", "color": "#0099cb", "timestamp": "2026-10-09 14:00:00", "generated_at": "2026-10-09T20:31:38.042297", "nearest_km": 44.061653754056231, "n_points": 101, "weight_sum": 0.0045917746466563689, "confidence": "Medium", "flagged": false }, "geometry": { "type": "Polygon", "coordinates": [ [ [ -114.001325097809058, 54.526994828201914 ], [ -113.901325097809064, 54.526994828201914 ], [ -113.901325097809064, 54.626994828201916 ], [ -114.001325097809058, 54.626994828201916 ], [ -114.001325097809058, 54.526994828201914 ] ] ] } },
{ "type": "Feature", "properties": { "value": "2", "label": "AQHI 2", "color": "#0099cb", "timestamp": "2026-10-09 14:00:00", "generated_at": "2026-10-09T20:31:38.042297", "nearest_km": 41.192478409550084, "n_points": 104, "weight_sum": 0.0048813928933981654, "confidence": "Medium", "flagged": false }, "geometry": { "type": "Polygon", "coordinates": [ [ [ -113.901325097809064, 54.526994828201914 ], [ -113.80132509780907, 54.526994828201914 ], [ -113.80132509780907, 54.626994828201916 ], [ -113.901325097809064, 54.626994828201916 ], [ -113.901325097809064, 54.526994828201914 ] ] ] } },
{ "type": "Feature", "properties": { "value": "2", "label": "AQHI 2", "color": "#0099cb", "timestamp": "2026-10-09 14:00:00", "generated_at": "2026-10-09T20:31:38.042297", "nearest_km": 41.214454060440175, "n_points": 106, "weight_sum": 0.0051214427199531773, "confidence": "Medium", "flagged": false }, "geometry": { "type": "Polygon", "coordinates": [ [ [ -113.80132509780907, 54.526994828201914 ], [ -113.701325097809075, 54.526994828201914 ], [ -113.701325097809075, 54.626994828201916 ], [ -113.80132509780907, 54.626994828201916 ], [ -113.80132509780907, 54.526994828201914 ] ] ] } },
{ "type": "Feature", "properties": { "value": "2", "label": "AQHI 2", "color": "#0099cb", "timestamp": "2026-10-09 14:00:00", "generated_at": "2026-10-09T20:31:38.042297", "nearest_km": 44.123261092976684, "n_points": 106, "weight_sum": 0.0052500779560926067, "confidence": "Medium", "flagged": false }, "geometry": { "type": "Polygon", "coordinates": [ [ [ -113.701325097809075, 54.526994828201914 ], [ -113.601325097809081, 54.526994828201914 ], [ -113.601325097809081, 54.626994828201916 ], [ -113.701325097809075, 54.626994828201916 ], [ -113.701325097809075, 54.526994828201914 ] ] ] } },
{ "type": "Feature", "properties": { "value": "1", "label": "AQHI 1", "color": "#01cbff", "timestamp": "2026-10-09 14:00:00", "generated_at": "2026-10-09T20:31:38.042297", "nearest_km": 80.047965994634566, "n_points": 10, "weight_sum": 0.00050893305234461068, "confidence": "Low", "flagged": false }, "geometry": { "type": "Polygon", "coordinates": [ [ [ -116.001325097808945, 54.626994828201916 ], [ -115.90132509780895, 54.626994828201916 ], [ -115.90132509780895, 54.726994828201917 ], [ -116.001325097808945, 54.726994828201917 ], [ -116.001325097808945, 54.626994828201916 ] ] ] } },
{ "type": "Feature", "properties": { "value": "1", "label": "AQHI 1", "color": "#01cbff", "timestamp": "2026-10-09 14:00:00", "generated_at": "2026-10-09T20:31:38.042297", "nearest_km": 79.186688072284994, "n_points": 12, "weight_sum": 0.00053251801458980023, "confidence": "Low", "flagged": false }, "geometry": { "type": "Polygon", "coordinates": [ [ [ -115.90132509780895, 54.626994828201916 ], [ -115.801325097808956, 54.626994828201916 ], [ -115.801325097808956, 54.726994828201917 ], [ -115.90132509780895, 54.726994828201917 ], [ -115.90132509780895, 54.626994828201916 ] ] ] } },
{ "type": "Feature", "properties": { "value": "1", "label": "AQHI 1", "color": "#01cbff", "timestamp": "2026-10-09 14:00:00", "generated_at": "2026-10-09T20:31:38.042297", "nearest_km": 79.873689509352957, "n_points": 14, "weight_sum": 0.00056832450222974731, "confidence": "Low", "flagged": false }, "geometry": { "type": "Polygon", "coordinates": [ [ [ -115.801325097808956, 54.626994828201916 ], [ -115.701325097808962, 54.626994828201916 ], [ -115.701325097808962, 54.726994828201917 ], [ -115.801325097808956, 54.726994828201917 ], [ -115.801325097808956, 54.626994828201916 ] ] ] } },
{ "type": "Feature", "properties": { "value": "1", "label": "AQHI 1", "color": "#01cbff", "timestamp": "2026-10-09 14:00:00", "generated_at": "2026-10-09T20:31:38.042297", "nearest_km": 82.070097988339541, "n_points": 16, "weight_sum": 0.00061416338513415551, "confidence": "Low", "flagged": false }, "geometry": { "type": "Polygon", "coordinates": [ [ [ -115.701325097808962, 54.626994828201916 ], [ -115.601325097808967, 54.626994828201916 ], [ -115.601325097808967, 54.726994828201917 ], [ -115.701325097808962, 54.726994828201917 ], [ -115.701325097808962, 54.626994828201916 ] ] ] } },
{ "type": "Feature", "properties": { "value": "1", "label": "AQHI 1", "color": "#01cbff", "timestamp": "2026-10-09 14:00:00", "generated_at": "2026-10-09T20:31:38.042297", "nearest_km": 79.762958143666836, "n_points": 19, "weight_sum": 0.00069428211370108116, "confidence": "Low", "flagged": false }, "geometry": { "type": "Polygon", "coordinates": [ [ [ -115.601325097808967, 54.626994828201916 ], [ -115.501325097808973, 54.626994828201916 ], [ -115.501325097808973, 54.726994828201917 ], [ -115.601325097808967, 54.726994828201917 ], [ -115.601325097808967, 54.626994828201916 ] ] ] } },
{ "type": "Feature", "properties": { "value": "1", "label": "AQHI 1", "color": "#01cbff", "timestamp": "2026-10-09 14:00:00", "generated_at": "2026-10-09T20:31:38.042297", "nearest_km": 77.901100286244258, "n_points": 17, "weight_sum": 0.0006759956837035419, "confidence": "Low", "flagged": false }, "geometry": { "type": "Polygon", "coordinates": [ [ [ -115.501325097808973, 54.626994828201916 ], [ -115.401325097808979, 54.626994828201916 ], [ -115.401325097808979, 54.726994828201917 ], [ -115.501325097808973, 54.726994828201917 ], [ -115.501325097808973, 54.626994828201916 ] ] ] } },
{ "type": "Feature", "properties": { "value": "1", "label": "AQHI 1", "color": "#01cbff", "timestamp": "2026-10-09 14:00:00", "generated_at": "2026-10-09T20:31:38.042297", "nearest_km": 76.711823816995121, "n_points": 16, "weight_sum": 0.00067232767570314699, "confidence": "Low", "flagged": false }, "geometry": { "type": "Polygon", "coordinates": [ [ [ -115.401325097808979, 54.626994828201916 ], [ -115.301325097808984, 54.626994828201916 ], [ -115.301325097808984, 54.726994828201917 ], [ -115.401325097808979, 54.726994828201917 ], [ -115.401325097808979, 54.626994828201916 ] ] ] } },
{ "type": "Feature", "properties": { "value": "1", "label": "AQHI 1", "color": "#01cbff", "timestamp": "2026-10-09 14:00:00", "generated_at": "2026-10-09T20:31:38.042297", "nearest_km": 66.818934646617009, "n_points": 16, "weight_sum": 0.00072622115583400324, "confidence": "Medium", "flagged": false }, "geometry": { "type": "Polygon", "coordinates": [ [ [ -115.301325097808984, 54.626994828201916 ], [ -115.20132509780899, 54.626994828201916 ], [ -115.20132509780899, 54.726994828201917 ], [ -115.301325097808984, 54.726994828201917 ], [ -115.301325097808984, 54.626994828201916 ] ] ] } },
{ "type": "Feature", "properties": { "value": "1", "label": "AQHI 1", "color": "#01cbff", "timestamp": "2026-10-09 14:00:00", "generated_at": "2026-10-09T20:31:38.042297", "nearest_km": 57.369470463723331, "n_points": 17, "weight_sum": 0.00082186911484645497, "confidence": "Medium", "flagged": false }, "geometry": { "type": "Polygon", "coordinates": [ [ [ -115.20132509780899, 54.626994828201916 ], [ -115.101325097808996, 54.626994828201916 ], [ -115.101325097808996, 54.726994828201917 ], [ -115.20132509780899, 54.726994828201917 ], [ -115.20132509780899, 54.626994828201916 ] ] ] } },
{ "type": "Feature", "properties": { "value": "1", "label": "AQHI 1", "color": "#01cbff", "timestamp": "2026-10-09 14:00:00", "generated_at": "2026-10-09T20:31:38.042297", "nearest_km": 48.622651668405986, "n_points": 18, "weight_sum": 0.00094648402625385948, "confidence": "Medium", "flagged": false }, "geometry": { "type": "Polygon", "coordinates": [ [ [ -115.101325097808996, 54.626994828201916 ], [ -115.001325097809001, 54.626994828201916 ], [ -115.001325097809001, 54.726994828201917 ], [ -115.101325097808996, 54.726994828201917 ], [ -115.101325097808996, 54.626994828201916 ] ] ] } },
{ "type": "Feature", "properties": { "value": "1", "label": "AQHI 1", "color": "#01cbff", "timestamp": "2026-10-09 14:00:00", "generated_at": "2026-10-09T20:31:38.042297", "nearest_km": 41.030334744506234, "n_points": 17, "weight_sum": 0.0010691561076716601, "confidence": "Medium", "flagged": false }, "geometry": { "type": "Polygon", "coordinates": [ [ [ -115.001325097809001, 54.626994828201916 ], [ -114.901325097809007, 54.626994828201916 ], [ -114.901325097809007, 54.726994828201917 ], [ -115.001325097809001, 54.726994828201917 ], [ -115.001325097809001, 54.626994828201916 ] ] ] } },
{ "type": "Feature", "properties": { "value": "1", "label": "AQHI 1", "color": "#01cbff", "timestamp": "2026-10-09 14:00:00", "generated_at": "2026-10-09T20:31:38.042297", "nearest_km": 35.344511359266221, "n_points": 18, "weight_sum": 0.0012696564377943126, "confidence": "Medium", "flagged": false }, "geometry": { "type": "Polygon", "coordinates": [ [ [ -114.901325097809007, 54.626994828201916 ], [ -114.801325097809013, 54.626994828201916 ], [ -114.801325097809013, 54.726994828201917 ], [ -114.901325097809007, 54.726994828201917 ], [ -114.901325097809007, 54.626994828201916 ] ] ] } },
{ "type": "Feature", "properties": { "value": "1", "label": "AQHI 1", "color": "#01cbff", "timestamp": "2026-10-09 14:00:00", "generated_at": "2026-10-09T20:31:38.042297", "nearest_km": 32.579143592248322, "n_points": 19, "weight_sum": 0.0014537436977628108, "confidence": "Medium", "flagged": false }, "geometry": { "type": "Polygon", "coordinates": [ [ [ -114.801325097809013, 54.626994828201916 ], [ -114.701325097809018, 54.626994828201916 ], [ -114.701325097809018, 54.726994828201917 ], [ -114.801325097809013, 54.726994828201917 ], [ -114.801325097809013, 54.626994828201916 ] ] ] } },
{ "type": "Feature", "properties": { "value": "1", "label": "AQHI 1", "color": "#01cbff", "timestamp": "2026-10-09 14:00:00", "generated_at": "2026-10-09T20:31:38.042297", "nearest_km": 33.466202521100932, "n_points": 22, "weight_sum": 0.0016071047275557811, "confidence": "Medium", "flagged": false }, "geometry": { "type": "Polygon", "coordinates": [ [ [ -114.701325097809018, 54.626994828201916 ], [ -114.601325097809024, 54.626994828201916 ], [ -114.601325097809024, 54.726994828201917 ], [ -114.701325097809018, 54.726994828201917 ], [ -114.701325097809018, 54.626994828201916 ] ] ] } },
{ "type": "Feature", "properties": { "value": "1", "label": "AQHI 1", "color": "#01cbff", "timestamp": "2026-10-09 14:00:00", "generated_at": "2026-10-09T20:31:38.042297", "nearest_km": 37.749077143187513, "n_points": 22, "weight_sum": 0.001644743995998632, "confidence": "Medium", "flagged": false }, "geometry": { "type": "Polygon", "coordinates": [ [ [ -114.601325097809024, 54.626994828201916 ], [ -114.50132509780903, 54.626994828201916 ], [ -114.50132509780903, 54.726994828201917 ], [ -114.601325097809024, 54.726994828201917 ], [ -114.601325097809024, 54.626994828201916 ] ] ] } },
{ "type": "Feature", "properties": { "value": "1", "label": "AQHI 1", "color": "#01cbff", "timestamp": "2026-10-09 14:00:00", "generated_at": "2026-10-09T20:31:38.042297", "nearest_km": 36.805539903238667, "n_points": 28, "weight_sum": 0.001857872216713387, "confidence": "Medium", "flagged": false }, "geometry": { "type": "Polygon", "coordinates": [ [ [ -114.50132509780903, 54.626994828201916 ], [ -114.401325097809035, 54.626994828201916 ], [ -114.401325097809035, 54.726994828201917 ], [ -114.50132509780903, 54.726994828201917 ], [ -114.50132509780903, 54.626994828201916 ] ] ] } },
{ "type": "Feature", "properties": { "value": "1", "label": "AQHI 1", "color": "#01cbff", "timestamp": "2026-10-09 14:00:00", "generated_at": "2026-10-09T20:31:38.042297", "nearest_km": 34.283232250589634, "n_points": 38, "weight_sum": 0.0021577253074578835, "confidence": "Medium", "flagged": false }, "geometry": { "type": "Polygon", "coordinates": [ [ [ -114.401325097809035, 54.626994828201916 ], [ -114.301325097809041, 54.626994828201916 ], [ -114.301325097809041, 54.726994828201917 ], [ -114.401325097809035, 54.726994828201917 ], [ -114.401325097809035, 54.626994828201916 ] ] ] } },
{ "type": "Feature", "properties": { "value": "1", "label": "AQHI 1", "color": "#01cbff", "timestamp": "2026-10-09 14:00:00", "generated_at": "2026-10-09T20:31:38.042297", "nearest_km": 35.24843627066052, "n_points": 49, "weight_sum": 0.0024310904987334438, "confidence": "Medium", "flagged": false }, "geometry": { "type": "Polygon", "coordinates": [ [ [ -114.301325097809041, 54.626994828201916 ], [ -114.201325097809047, 54.626994828201916 ], [ -114.201325097809047, 54.726994828201917 ], [ -114.301325097809041, 54.726994828201917 ], [ -114.301325097809041, 54.626994828201916 ] ] ] } },
{ "type": "Feature", "properties": { "value": "1", "label": "AQHI 1", "color": "#01cbff", "timestamp": "2026-10-09 14:00:00", "generated_at": "2026-10-09T20:31:38.042297", "nearest_km": 39.445969445632024, "n_points": 81, "weight_sum": 0.0031848530422146021, "confidence": "Medium", "flagged": false }, "geometry": { "type": "Polygon", "coordinates": [ [ [ -114.201325097809047, 54.626994828201916 ], [ -114.101325097809053, 54.626994828201916 ], [ -114.101325097809053, 54.726994828201917 ], [ -114.201325097809047, 54.726994828201917 ], [ -114.201325097809047, 54.626994828201916 ] ] ] } },
{ "type": "Feature", "properties": { "value": "2", "label": "AQHI 2", "color": "#0099cb", "timestamp": "2026-10-09 14:00:00", "generated_at": "2026-10-09T20:31:38.042297", "nearest_km": 45.999312510999836, "n_points": 92, "weight_sum": 0.0035351213742659698, "confidence": "Medium", "flagged": false }, "geometry": { "type": "Polygon", "coordinates": [ [ [ -114.101325097809053, 54.626994828201916 ], [ -114.001325097809058, 54.626994828201916 ], [ -114.001325097809058, 54.726994828201917 ], [ -114.101325097809053, 54.726994828201917 ], [ -114.101325097809053, 54.626994828201916 ] ] ] } },
{ "type": "Feature", "properties": { "value": "2", "label": "AQHI 2", "color": "#0099cb", "timestamp": "2026-10-09 14:00:00", "generated_at": "2026-10-09T20:31:38.042297", "nearest_km": 54.058385080054776, "n_points": 95, "weight_sum": 0.003693435067631156, "confidence": "Medium", "flagged": false }, "geometry": { "type": "Polygon", "coordinates": [ [ [ -114.001325097809058, 54.626994828201916 ], [ -113.901325097809064, 54.626994828201916 ], [ -113.901325097809064, 54.726994828201917 ], [ -114.001325097809058, 54.726994828201917 ], [ -114.001325097809058, 54.626994828201916 ] ] ] } },
{ "type": "Feature", "properties": { "value": "2", "label": "AQHI 2", "color": "#0099cb", "timestamp": "2026-10-09 14:00:00", "generated_at": "2026-10-09T20:31:38.042297", "nearest_km": 52.215030728482944, "n_points": 97, "weight_sum": 0.0038772987524439001, "confidence": "Medium", "flagged": false }, "geometry": { "type": "Polygon", "coordinates": [ [ [ -113.901325097809064, 54.626994828201916 ], [ -113.80132509780907, 54.626994828201916 ], [ -113.80132509780907, 54.726994828201917 ], [ -113.901325097809064, 54.726994828201917 ], [ -113.901325097809064, 54.626994828201916 ] ] ] } },
{ "type": "Feature", "properties": { "value": "2", "label": "AQHI 2", "color": "#0099cb", "timestamp": "2026-10-09 14:00:00", "generated_at": "2026-10-09T20:31:38.042297", "nearest_km": 52.232369082354502, "n_points": 101, "weight_sum": 0.0041257088227937087, "confidence": "Medium", "flagged": false }, "geometry": { "type": "Polygon", "coordinates": [ [ [ -113.80132509780907, 54.626994828201916 ], [ -113.701325097809075, 54.626994828201916 ], [ -113.701325097809075, 54.726994828201917 ], [ -113.80132509780907, 54.726994828201917 ], [ -113.80132509780907, 54.626994828201916 ] ] ] } },
{ "type": "Feature", "properties": { "value": "2", "label": "AQHI 2", "color": "#0099cb", "timestamp": "2026-10-09 14:00:00", "generated_at": "2026-10-09T20:31:38.042297", "nearest_km": 54.556863234007125, "n_points": 101, "weight_sum": 0.0042285082034154856, "confidence": "Medium", "flagged": false }, "geometry": { "type": "Polygon", "coordinates": [ [ [ -113.701325097809075, 54.626994828201916 ], [ -113.601325097809081, 54.626994828201916 ], [ -113.601325097809081, 54.726994828201917 ], [ -113.701325097809075, 54.726994828201917 ], [ -113.701325097809075, 54.626994828201916 ] ] ] } },
{ "type": "Feature", "properties": { "value": "2", "label": "AQHI 2", "color": "#0099cb", "timestamp": "2026-10-09 14:00:00", "generated_at": "2026-10-09T20:31:38.042297", "nearest_km": 58.916061238960864, "n_points": 100, "weight_sum": 0.0042835392824685393, "confidence": "Medium", "flagged": false }, "geometry": { "type": "Polygon", "coordinates": [ [ [ -113.601325097809081, 54.626994828201916 ], [ -113.501325097809087, 54.626994828201916 ], [ -113.501325097809087, 54.726994828201917 ], [ -113.601325097809081, 54.726994828201917 ], [ -113.601325097809081, 54.626994828201916 ] ] ] } },
{ "type": "Feature", "properties": { "value": "1", "label": "AQHI 1", "color": "#01cbff", "timestamp": "2026-10-09 14:00:00", "generated_at": "2026-10-09T20:31:38.042297", "nearest_km": 69.086884560915792, "n_points": 11, "weight_sum": 0.00057402519090628441, "confidence": "Medium", "flagged": false }, "geometry": { "type": "Polygon", "coordinates": [ [ [ -116.001325097808945, 54.726994828201917 ], [ -115.90132509780895, 54.726994828201917 ], [ -115.90132509780895, 54.826994828201919 ], [ -116.001325097808945, 54.826994828201919 ], [ -116.001325097808945, 54.726994828201917 ] ] ] } },
{ "type": "Feature", "properties": { "value": "1", "label": "AQHI 1", "color": "#01cbff", "timestamp": "2026-10-09 14:00:00", "generated_at": "2026-10-09T20:31:38.042297", "nearest_km": 68.087093683843577, "n_points": 11, "weight_sum": 0.00055912106718008126, "confidence": "Medium", "flagged": false }, "geometry": { "type": "Polygon", "coordinates": [ [ [ -115.90132509780895, 54.726994828201917 ], [ -115.801325097808956, 54.726994828201917 ], [ -115.801325097808956, 54.826994828201919 ], [ -115.90132509780895, 54.826994828201919 ], [ -115.90132509780895, 54.726994828201917 ] ] ] } },
{ "type": "Feature", "properties": { "value": "1", "label": "AQHI 1", "color": "#01cbff", "timestamp": "2026-10-09 14:00:00", "generated_at": "2026-10-09T20:31:38.042297", "nearest_km": 68.884882480059829, "n_points": 11, "weight_sum": 0.0005468178391235622, "confidence": "Medium", "flagged": false }, "geometry": { "type": "Polygon", "coordinates": [ [ [ -115.801325097808956, 54.726994828201917 ], [ -115.701325097808962, 54.726994828201917 ], [ -115.701325097808962, 54.826994828201919 ], [ -115.801325097808956, 54.826994828201919 ], [ -115.801325097808956, 54.726994828201917 ] ] ] } },
{ "type": "Feature", "properties": { "value": "1", "label": "AQHI 1", "color": "#01cbff", "timestamp": "2026-10-09 14:00:00", "generated_at": "2026-10-09T20:31:38.042297", "nearest_km": 71.420037400373758, "n_points": 14, "weight_sum": 0.00060721951195097617, "confidence": "Medium", "flagged": false }, "geometry": { "type": "Polygon", "coordinates": [ [ [ -115.701325097808962, 54.726994828201917 ], [ -115.601325097808967, 54.726994828201917 ], [ -115.601325097808967, 54.826994828201919 ], [ -115.701325097808962, 54.826994828201919 ], [ -115.701325097808962, 54.726994828201917 ] ] ] } },
{ "type": "Feature", "properties": { "value": "1", "label": "AQHI 1", "color": "#01cbff", "timestamp": "2026-10-09 14:00:00", "generated_at": "2026-10-09T20:31:38.042297", "nearest_km": 69.024229460990568, "n_points": 17, "weight_sum": 0.00068236256626411605, "confidence": "Medium", "flagged": false }, "geometry": { "type": "Polygon", "coordinates": [ [ [ -115.601325097808967, 54.726994828201917 ], [ -115.501325097808973, 54.726994828201917 ], [ -115.501325097808973, 54.826994828201919 ], [ -115.601325097808967, 54.826994828201919 ], [ -115.601325097808967, 54.726994828201917 ] ] ] } },
{ "type": "Feature", "properties": { "value": "1", "label": "AQHI 1", "color": "#01cbff", "timestamp": "2026-10-09 14:00:00", "generated_at": "2026-10-09T20:31:38.042297", "nearest_km": 66.864012642546513, "n_points": 17, "weight_sum": 0.00070203913809249426, "confidence": "Medium", "flagged": false }, "geometry": { "type": "Polygon", "coordinates": [ [ [ -115.501325097808973, 54.726994828201917 ], [ -115.401325097808979, 54.726994828201917 ], [ -115.401325097808979, 54.826994828201919 ], [ -115.501325097808973, 54.826994828201919 ], [ -115.501325097808973, 54.726994828201917 ] ] ] } },
{ "type": "Feature", "properties": { "value": "1", "label": "AQHI 1", "color": "#01cbff", "timestamp": "2026-10-09 14:00:00", "generated_at": "2026-10-09T20:31:38.042297", "nearest_km": 66.510661706539423, "n_points": 16, "weight_sum": 0.00068902727972043577, "confidence": "Medium", "flagged": false }, "geometry": { "type": "Polygon", "coordinates": [ [ [ -115.401325097808979, 54.726994828201917 ], [ -115.301325097808984, 54.726994828201917 ], [ -115.301325097808984, 54.826994828201919 ], [ -115.401325097808979, 54.826994828201919 ], [ -115.401325097808979, 54.726994828201917 ] ] ] } },
{ "type": "Feature", "properties": { "value": "1", "label": "AQHI 1", "color": "#01cbff", "timestamp": "2026-10-09 14:00:00", "generated_at": "2026-10-09T20:31:38.042297", "nearest_km": 67.992352912815235, "n_points": 16, "weight_sum": 0.00072812354649440106, "confidence": "Medium", "flagged": false }, "geometry": { "type": "Polygon", "coordinates": [ [ [ -115.301325097808984, 54.726994828201917 ], [ -115.20132509780899, 54.726994828201917 ], [ -115.20132509780899, 54.826994828201919 ], [ -115.301325097808984, 54.826994828201919 ], [ -115.301325097808984, 54.726994828201917 ] ] ] } },
{ "type": "Feature", "properties": { "value": "1", "label": "AQHI 1", "color": "#01cbff", "timestamp": "2026-10-09 14:00:00", "generated_at": "2026-10-09T20:31:38.042297", "nearest_km": 64.302645609206465, "n_points": 16, "weight_sum": 0.00077894846156951916, "confidence": "Medium", "flagged": false }, "geometry": { "type": "Polygon", "coordinates": [ [ [ -115.20132509780899, 54.726994828201917 ], [ -115.101325097808996, 54.726994828201917 ], [ -115.101325097808996, 54.826994828201919 ], [ -115.20132509780899, 54.826994828201919 ], [ -115.20132509780899, 54.726994828201917 ] ] ] } },
{ "type": "Feature", "properties": { "value": "1", "label": "AQHI 1", "color": "#01cbff", "timestamp": "2026-10-09 14:00:00", "generated_at": "2026-10-09T20:31:38.042297", "nearest_km": 56.636881502447856, "n_points": 17, "weight_sum": 0.00086820805295375605, "confidence": "Medium", "flagged": false }, "geometry": { "type": "Polygon", "coordinates": [ [ [ -115.101325097808996, 54.726994828201917 ], [ -115.001325097809001, 54.726994828201917 ], [ -115.001325097809001, 54.826994828201919 ], [ -115.101325097808996, 54.826994828201919 ], [ -115.101325097808996, 54.726994828201917 ] ] ] } },
{ "type": "Feature", "properties": { "value": "1", "label": "AQHI 1", "color": "#01cbff", "timestamp": "2026-10-09 14:00:00", "generated_at": "2026-10-09T20:31:38.042297", "nearest_km": 50.269896163622739, "n_points": 17, "weight_sum": 0.00095958608442361806, "confidence": "Medium", "flagged": false }, "geometry": { "type": "Polygon", "coordinates": [ [ [ -115.001325097809001, 54.726994828201917 ], [ -114.901325097809007, 54.726994828201917 ], [ -114.901325097809007, 54.826994828201919 ], [ -115.001325097809001, 54.826994828201919 ], [ -115.001325097809001, 54.726994828201917 ] ] ] } },
{ "type": "Feature", "properties": { "value": "1", "label": "AQHI 1", "color": "#01cbff", "timestamp": "2026-10-09 14:00:00", "generated_at": "2026-10-09T20:31:38.042297", "nearest_km": 45.747224771350623, "n_points": 16, "weight_sum": 0.0010405439899745742, "confidence": "Medium", "flagged": false }, "geometry": { "type": "Polygon", "coordinates": [ [ [ -114.901325097809007, 54.726994828201917 ], [ -114.801325097809013, 54.726994828201917 ], [ -114.801325097809013, 54.826994828201919 ], [ -114.901325097809007, 54.826994828201919 ], [ -114.901325097809007, 54.726994828201917 ] ] ] } },
{ "type": "Feature", "properties": { "value": "1", "label": "AQHI 1", "color": "#01cbff", "timestamp": "2026-10-09 14:00:00", "generated_at": "2026-10-09T20:31:38.042297", "nearest_km": 43.6460157203325, "n_points": 16, "weight_sum": 0.0011302218658682905, "confidence": "Medium", "flagged": false }, "geometry": { "type": "Polygon", "coordinates": [ [ [ -114.801325097809013, 54.726994828201917 ], [ -114.701325097809018, 54.726994828201917 ], [ -114.701325097809018, 54.826994828201919 ], [ -114.801325097809013, 54.826994828201919 ], [ -114.801325097809013, 54.726994828201917 ] ] ] } },
{ "type": "Feature", "properties": { "value": "1", "label": "AQHI 1", "color": "#01cbff", "timestamp": "2026-10-09 14:00:00", "generated_at": "2026-10-09T20:31:38.042297", "nearest_km": 44.312084155888215, "n_points": 18, "weight_sum": 0.0012320584717476076, "confidence": "Medium", "flagged": false }, "geometry": { "type": "Polygon", "coordinates": [ [ [ -114.701325097809018, 54.726994828201917 ], [ -114.601325097809024, 54.726994828201917 ], [ -114.601325097809024, 54.826994828201919 ], [ -114.701325097809018, 54.826994828201919 ], [ -114.701325097809018, 54.726994828201917 ] ] ] } },
{ "type": "Feature", "properties": { "value": "1", "label": "AQHI 1", "color": "#01cbff", "timestamp": "2026-10-09 14:00:00", "generated_at": "2026-10-09T20:31:38.042297", "nearest_km": 47.629475288076591, "n_points": 20, "weight_sum": 0.001303076901429043, "confidence": "Medium", "flagged": false }, "geometry": { "type": "Polygon", "coordinates": [ [ [ -114.601325097809024, 54.726994828201917 ], [ -114.50132509780903, 54.726994828201917 ], [ -114.50132509780903, 54.826994828201919 ], [ -114.601325097809024, 54.826994828201919 ], [ -114.601325097809024, 54.726994828201917 ] ] ] } },
{ "type": "Feature", "properties": { "value": "1", "label": "AQHI 1", "color": "#01cbff", "timestamp": "2026-10-09 14:00:00", "generated_at": "2026-10-09T20:31:38.042297", "nearest_km": 47.29561607405148, "n_points": 22, "weight_sum": 0.0013508534978750484, "confidence": "Medium", "flagged": false }, "geometry": { "type": "Polygon", "coordinates": [ [ [ -114.50132509780903, 54.726994828201917 ], [ -114.401325097809035, 54.726994828201917 ], [ -114.401325097809035, 54.826994828201919 ], [ -114.50132509780903, 54.826994828201919 ], [ -114.50132509780903, 54.726994828201917 ] ] ] } },
{ "type": "Feature", "properties": { "value": "1", "label": "AQHI 1", "color": "#01cbff", "timestamp": "2026-10-09 14:00:00", "generated_at": "2026-10-09T20:31:38.042297", "nearest_km": 45.360418271914682, "n_points": 26, "weight_sum": 0.0014169139765433192, "confidence": "Medium", "flagged": false }, "geometry": { "type": "Polygon", "coordinates": [ [ [ -114.401325097809035, 54.726994828201917 ], [ -114.301325097809041, 54.726994828201917 ], [ -114.301325097809041, 54.826994828201919 ], [ -114.401325097809035, 54.826994828201919 ], [ -114.401325097809035, 54.726994828201917 ] ] ] } },
{ "type": "Feature", "properties": { "value": "1", "label": "AQHI 1", "color": "#01cbff", "timestamp": "2026-10-09 14:00:00", "generated_at": "2026-10-09T20:31:38.042297", "nearest_km": 46.094249009849364, "n_points": 38, "weight_sum": 0.001716303630786693, "confidence": "Medium", "flagged": false }, "geometry": { "type": "Polygon", "coordinates": [ [ [ -114.301325097809041, 54.726994828201917 ], [ -114.201325097809047, 54.726994828201917 ], [ -114.201325097809047, 54.826994828201919 ], [ -114.301325097809041, 54.826994828201919 ], [ -114.301325097809041, 54.726994828201917 ] ] ] } },
{ "type": "Feature", "properties": { "value": "2", "label": "AQHI 2", "color": "#0099cb", "timestamp": "2026-10-09 14:00:00", "generated_at": "2026-10-09T20:31:38.042297", "nearest_km": 49.378254705496815, "n_points": 40, "weight_sum": 0.0017731589780996841, "confidence": "Medium", "flagged": false }, "geometry": { "type": "Polygon", "coordinates": [ [ [ -114.201325097809047, 54.726994828201917 ], [ -114.101325097809053, 54.726994828201917 ], [ -114.101325097809053, 54.826994828201919 ], [ -114.201325097809047, 54.826994828201919 ], [ -114.201325097809047, 54.726994828201917 ] ] ] } },
{ "type": "Feature", "properties": { "value": "2", "label": "AQHI 2", "color": "#0099cb", "timestamp": "2026-10-09 14:00:00", "generated_at": "2026-10-09T20:31:38.042297", "nearest_km": 54.755495466115626, "n_points": 54, "weight_sum": 0.0020978287866657138, "confidence": "Medium", "flagged": false }, "geometry": { "type": "Polygon", "coordinates": [ [ [ -114.101325097809053, 54.726994828201917 ], [ -114.001325097809058, 54.726994828201917 ], [ -114.001325097809058, 54.826994828201919 ], [ -114.101325097809053, 54.826994828201919 ], [ -114.101325097809053, 54.726994828201917 ] ] ] } },
{ "type": "Feature", "properties": { "value": "2", "label": "AQHI 2", "color": "#0099cb", "timestamp": "2026-10-09 14:00:00", "generated_at": "2026-10-09T20:31:38.042297", "nearest_km": 61.680925169120741, "n_points": 82, "weight_sum": 0.0028241428791212714, "confidence": "Medium", "flagged": false }, "geometry": { "type": "Polygon", "coordinates": [ [ [ -114.001325097809058, 54.726994828201917 ], [ -113.901325097809064, 54.726994828201917 ], [ -113.901325097809064, 54.826994828201919 ], [ -114.001325097809058, 54.826994828201919 ], [ -114.001325097809058, 54.726994828201917 ] ] ] } },
{ "type": "Feature", "properties": { "value": "2", "label": "AQHI 2", "color": "#0099cb", "timestamp": "2026-10-09 14:00:00", "generated_at": "2026-10-09T20:31:38.042297", "nearest_km": 63.264670950156635, "n_points": 90, "weight_sum": 0.0031390864959522482, "confidence": "Medium", "flagged": false }, "geometry": { "type": "Polygon", "coordinates": [ [ [ -113.901325097809064, 54.726994828201917 ], [ -113.80132509780907, 54.726994828201917 ], [ -113.80132509780907, 54.826994828201919 ], [ -113.901325097809064, 54.826994828201919 ], [ -113.901325097809064, 54.726994828201917 ] ] ] } },
{ "type": "Feature", "properties": { "value": "2", "label": "AQHI 2", "color": "#0099cb", "timestamp": "2026-10-09 14:00:00", "generated_at": "2026-10-09T20:31:38.042297", "nearest_km": 63.278981790247528, "n_points": 94, "weight_sum": 0.0033287831311510172, "confidence": "Medium", "flagged": false }, "geometry": { "type": "Polygon", "coordinates": [ [ [ -113.80132509780907, 54.726994828201917 ], [ -113.701325097809075, 54.726994828201917 ], [ -113.701325097809075, 54.826994828201919 ], [ -113.80132509780907, 54.826994828201919 ], [ -113.80132509780907, 54.726994828201917 ] ] ] } },
{ "type": "Feature", "properties": { "value": "2", "label": "AQHI 2", "color": "#0099cb", "timestamp": "2026-10-09 14:00:00", "generated_at": "2026-10-09T20:31:38.042297", "nearest_km": 65.210892360014014, "n_points": 96, "weight_sum": 0.0034900360082810453, "confidence": "Medium", "flagged": false }, "geometry": { "type": "Polygon", "coordinates": [ [ [ -113.701325097809075, 54.726994828201917 ], [ -113.601325097809081, 54.726994828201917 ], [ -113.601325097809081, 54.826994828201919 ], [ -113.701325097809075, 54.826994828201919 ], [ -113.701325097809075, 54.726994828201917 ] ] ] } },
{ "type": "Feature", "properties": { "value": "2", "label": "AQHI 2", "color": "#0099cb", "timestamp": "2026-10-09 14:00:00", "generated_at": "2026-10-09T20:31:38.042297", "nearest_km": 68.899284672398167, "n_points": 95, "weight_sum": 0.0035307336208213269, "confidence": "Medium", "flagged": false }, "geometry": { "type": "Polygon", "coordinates": [ [ [ -113.601325097809081, 54.726994828201917 ], [ -113.501325097809087, 54.726994828201917 ], [ -113.501325097809087, 54.826994828201919 ], [ -113.601325097809081, 54.826994828201919 ], [ -113.601325097809081, 54.726994828201917 ] ] ] } },
{ "type": "Feature", "properties": { "value": "1", "label": "AQHI 1", "color": "#01cbff", "timestamp": "2026-10-09 14:00:00", "generated_at": "2026-10-09T20:31:38.042297", "nearest_km": 58.178504422066787, "n_points": 11, "weight_sum": 0.00065290245147545188, "confidence": "Medium", "flagged": false }, "geometry": { "type": "Polygon", "coordinates": [ [ [ -116.001325097808945, 54.826994828201919 ], [ -115.90132509780895, 54.826994828201919 ], [ -115.90132509780895, 54.92699482820192 ], [ -116.001325097808945, 54.92699482820192 ], [ -116.001325097808945, 54.826994828201919 ] ] ] } },
{ "type": "Feature", "properties": { "value": "1", "label": "AQHI 1", "color": "#01cbff", "timestamp": "2026-10-09 14:00:00", "generated_at": "2026-10-09T20:31:38.042297", "nearest_km": 56.987657301977528, "n_points": 10, "weight_sum": 0.00062082386595217591, "confidence": "Medium", "flagged": false }, "geometry": { "type": "Polygon", "coordinates": [ [ [ -115.90132509780895, 54.826994828201919 ], [ -115.801325097808956, 54.826994828201919 ], [ -115.801325097808956, 54.92699482820192 ], [ -115.90132509780895, 54.92699482820192 ], [ -115.90132509780895, 54.826994828201919 ] ] ] } },
{ "type": "Feature", "properties": { "value": "1", "label": "AQHI 1", "color": "#01cbff", "timestamp": "2026-10-09 14:00:00", "generated_at": "2026-10-09T20:31:38.042297", "nearest_km": 57.938482830902579, "n_points": 9, "weight_sum": 0.00058910008857661757, "confidence": "Medium", "flagged": false }, "geometry": { "type": "Polygon", "coordinates": [ [ [ -115.801325097808956, 54.826994828201919 ], [ -115.701325097808962, 54.826994828201919 ], [ -115.701325097808962, 54.92699482820192 ], [ -115.801325097808956, 54.92699482820192 ], [ -115.801325097808956, 54.826994828201919 ] ] ] } },
{ "type": "Feature", "properties": { "value": "1", "label": "AQHI 1", "color": "#01cbff", "timestamp": "2026-10-09 14:00:00", "generated_at": "2026-10-09T20:31:38.042297", "nearest_km": 60.930800919780516, "n_points": 9, "weight_sum": 0.00058041212878736574, "confidence": "Medium", "flagged": false }, "geometry": { "type": "Polygon", "coordinates": [ [ [ -115.701325097808962, 54.826994828201919 ], [ -115.601325097808967, 54.826994828201919 ], [ -115.601325097808967, 54.92699482820192 ], [ -115.701325097808962, 54.92699482820192 ], [ -115.701325097808962, 54.826994828201919 ] ] ] } },
{ "type": "Feature", "properties": { "value": "1", "label": "AQHI 1", "color": "#01cbff", "timestamp": "2026-10-09 14:00:00", "generated_at": "2026-10-09T20:31:38.042297", "nearest_km": 58.420707061269127, "n_points": 10, "weight_sum": 0.00059664676088497215, "confidence": "Medium", "flagged": false }, "geometry": { "type": "Polygon", "coordinates": [ [ [ -115.601325097808967, 54.826994828201919 ], [ -115.501325097808973, 54.826994828201919 ], [ -115.501325097808973, 54.92699482820192 ], [ -115.601325097808967, 54.92699482820192 ], [ -115.601325097808967, 54.826994828201919 ] ] ] } },
{ "type": "Feature", "properties": { "value": "1", "label": "AQHI 1", "color": "#01cbff", "timestamp": "2026-10-09 14:00:00", "generated_at": "2026-10-09T20:31:38.042297", "nearest_km": 55.851866105957093, "n_points": 16, "weight_sum": 0.0007161618228136926, "confidence": "Medium", "flagged": false }, "geometry": { "type": "Polygon", "coordinates": [ [ [ -115.501325097808973, 54.826994828201919 ], [ -115.401325097808979, 54.826994828201919 ], [ -115.401325097808979, 54.92699482820192 ], [ -115.501325097808973, 54.92699482820192 ], [ -115.501325097808973, 54.826994828201919 ] ] ] } },
{ "type": "Feature", "properties": { "value": "1", "label": "AQHI 1", "color": "#01cbff", "timestamp": "2026-10-09 14:00:00", "generated_at": "2026-10-09T20:31:38.042297", "nearest_km": 55.4283580985119, "n_points": 16, "weight_sum": 0.00073670313248334169, "confidence": "Medium", "flagged": false }, "geometry": { "type": "Polygon", "coordinates": [ [ [ -115.401325097808979, 54.826994828201919 ], [ -115.301325097808984, 54.826994828201919 ], [ -115.301325097808984, 54.92699482820192 ], [ -115.401325097808979, 54.92699482820192 ], [ -115.401325097808979, 54.826994828201919 ] ] ] } },
{ "type": "Feature", "properties": { "value": "1", "label": "AQHI 1", "color": "#01cbff", "timestamp": "2026-10-09 14:00:00", "generated_at": "2026-10-09T20:31:38.042297", "nearest_km": 57.197856738482372, "n_points": 16, "weight_sum": 0.00076049843327349322, "confidence": "Medium", "flagged": false }, "geometry": { "type": "Polygon", "coordinates": [ [ [ -115.301325097808984, 54.826994828201919 ], [ -115.20132509780899, 54.826994828201919 ], [ -115.20132509780899, 54.92699482820192 ], [ -115.301325097808984, 54.92699482820192 ], [ -115.301325097808984, 54.826994828201919 ] ] ] } },
{ "type": "Feature", "properties": { "value": "1", "label": "AQHI 1", "color": "#01cbff", "timestamp": "2026-10-09 14:00:00", "generated_at": "2026-10-09T20:31:38.042297", "nearest_km": 60.969719939122307, "n_points": 15, "weight_sum": 0.00077199169955785682, "confidence": "Medium", "flagged": false }, "geometry": { "type": "Polygon", "coordinates": [ [ [ -115.20132509780899, 54.826994828201919 ], [ -115.101325097808996, 54.826994828201919 ], [ -115.101325097808996, 54.92699482820192 ], [ -115.20132509780899, 54.92699482820192 ], [ -115.20132509780899, 54.826994828201919 ] ] ] } },
{ "type": "Feature", "properties": { "value": "1", "label": "AQHI 1", "color": "#01cbff", "timestamp": "2026-10-09 14:00:00", "generated_at": "2026-10-09T20:31:38.042297", "nearest_km": 62.239680022512346, "n_points": 15, "weight_sum": 0.00082122343440778681, "confidence": "Medium", "flagged": false }, "geometry": { "type": "Polygon", "coordinates": [ [ [ -115.101325097808996, 54.826994828201919 ], [ -115.001325097809001, 54.826994828201919 ], [ -115.001325097809001, 54.92699482820192 ], [ -115.101325097808996, 54.92699482820192 ], [ -115.101325097808996, 54.826994828201919 ] ] ] } },
{ "type": "Feature", "properties": { "value": "1", "label": "AQHI 1", "color": "#01cbff", "timestamp": "2026-10-09 14:00:00", "generated_at": "2026-10-09T20:31:38.042297", "nearest_km": 56.469385805795795, "n_points": 15, "weight_sum": 0.00088715073028191238, "confidence": "Medium", "flagged": false }, "geometry": { "type": "Polygon", "coordinates": [ [ [ -115.001325097809001, 54.826994828201919 ], [ -114.901325097809007, 54.826994828201919 ], [ -114.901325097809007, 54.92699482820192 ], [ -115.001325097809001, 54.92699482820192 ], [ -115.001325097809001, 54.826994828201919 ] ] ] } },
{ "type": "Feature", "properties": { "value": "1", "label": "AQHI 1", "color": "#01cbff", "timestamp": "2026-10-09 14:00:00", "generated_at": "2026-10-09T20:31:38.042297", "nearest_km": 52.442590489628486, "n_points": 16, "weight_sum": 0.00099076985259474032, "confidence": "Medium", "flagged": false }, "geometry": { "type": "Polygon", "coordinates": [ [ [ -114.901325097809007, 54.826994828201919 ], [ -114.801325097809013, 54.826994828201919 ], [ -114.801325097809013, 54.92699482820192 ], [ -114.901325097809007, 54.92699482820192 ], [ -114.901325097809007, 54.826994828201919 ] ] ] } },
{ "type": "Feature", "properties": { "value": "1", "label": "AQHI 1", "color": "#01cbff", "timestamp": "2026-10-09 14:00:00", "generated_at": "2026-10-09T20:31:38.042297", "nearest_km": 50.577456057436358, "n_points": 16, "weight_sum": 0.0010653423643345095, "confidence": "Medium", "flagged": false }, "geometry": { "type": "Polygon", "coordinates": [ [ [ -114.801325097809013, 54.826994828201919 ], [ -114.701325097809018, 54.826994828201919 ], [ -114.701325097809018, 54.92699482820192 ], [ -114.801325097809013, 54.92699482820192 ], [ -114.801325097809013, 54.826994828201919 ] ] ] } },
{ "type": "Feature", "properties": { "value": "1", "label": "AQHI 1", "color": "#01cbff", "timestamp": "2026-10-09 14:00:00", "generated_at": "2026-10-09T20:31:38.042297", "nearest_km": 50.567595435733054, "n_points": 16, "weight_sum": 0.0011104316444246691, "confidence": "Medium", "flagged": false }, "geometry": { "type": "Polygon", "coordinates": [ [ [ -114.701325097809018, 54.826994828201919 ], [ -114.601325097809024, 54.826994828201919 ], [ -114.601325097809024, 54.92699482820192 ], [ -114.701325097809018, 54.92699482820192 ], [ -114.701325097809018, 54.826994828201919 ] ] ] } },
{ "type": "Feature", "properties": { "value": "1", "label": "AQHI 1", "color": "#01cbff", "timestamp": "2026-10-09 14:00:00", "generated_at": "2026-10-09T20:31:38.042297", "nearest_km": 49.053896360340161, "n_points": 15, "weight_sum": 0.001094416716511092, "confidence": "Medium", "flagged": false }, "geometry": { "type": "Polygon", "coordinates": [ [ [ -114.601325097809024, 54.826994828201919 ], [ -114.50132509780903, 54.826994828201919 ], [ -114.50132509780903, 54.92699482820192 ], [ -114.601325097809024, 54.92699482820192 ], [ -114.601325097809024, 54.826994828201919 ] ] ] } },
{ "type": "Feature", "properties": { "value": "1", "label": "AQHI 1", "color": "#01cbff", "timestamp": "2026-10-09 14:00:00", "generated_at": "2026-10-09T20:31:38.042297", "nearest_km": 50.019074242832495, "n_points": 18, "weight_sum": 0.0011314922385260147, "confidence": "Medium", "flagged": false }, "geometry": { "type": "Polygon", "coordinates": [ [ [ -114.50132509780903, 54.826994828201919 ], [ -114.401325097809035, 54.826994828201919 ], [ -114.401325097809035, 54.92699482820192 ], [ -114.50132509780903, 54.92699482820192 ], [ -114.50132509780903, 54.826994828201919 ] ] ] } },
{ "type": "Feature", "properties": { "value": "1", "label": "AQHI 1", "color": "#01cbff", "timestamp": "2026-10-09 14:00:00", "generated_at": "2026-10-09T20:31:38.042297", "nearest_km": 53.328705479215941, "n_points": 16, "weight_sum": 0.0010363582251623532, "confidence": "Medium", "flagged": false }, "geometry": { "type": "Polygon", "coordinates": [ [ [ -114.401325097809035, 54.826994828201919 ], [ -114.301325097809041, 54.826994828201919 ], [ -114.301325097809041, 54.92699482820192 ], [ -114.401325097809035, 54.92699482820192 ], [ -114.401325097809035, 54.826994828201919 ] ] ] } },
{ "type": "Feature", "properties": { "value": "1", "label": "AQHI 1", "color": "#01cbff", "timestamp": "2026-10-09 14:00:00", "generated_at": "2026-10-09T20:31:38.042297", "nearest_km": 57.037946351855872, "n_points": 20, "weight_sum": 0.0010656978082706323, "confidence": "Medium", "flagged": false }, "geometry": { "type": "Polygon", "coordinates": [ [ [ -114.301325097809041, 54.826994828201919 ], [ -114.201325097809047, 54.826994828201919 ], [ -114.201325097809047, 54.92699482820192 ], [ -114.301325097809041, 54.92699482820192 ], [ -114.301325097809041, 54.826994828201919 ] ] ] } },
{ "type": "Feature", "properties": { "value": "1", "label": "AQHI 1", "color": "#01cbff", "timestamp": "2026-10-09 14:00:00", "generated_at": "2026-10-09T20:31:38.042297", "nearest_km": 59.723191224315102, "n_points": 28, "weight_sum": 0.0012343039143745873, "confidence": "Medium", "flagged": false }, "geometry": { "type": "Polygon", "coordinates": [ [ [ -114.201325097809047, 54.826994828201919 ], [ -114.101325097809053, 54.826994828201919 ], [ -114.101325097809053, 54.92699482820192 ], [ -114.201325097809047, 54.92699482820192 ], [ -114.201325097809047, 54.826994828201919 ] ] ] } },
{ "type": "Feature", "properties": { "value": "1", "label": "AQHI 1", "color": "#01cbff", "timestamp": "2026-10-09 14:00:00", "generated_at": "2026-10-09T20:31:38.042297", "nearest_km": 64.240266313232226, "n_points": 33, "weight_sum": 0.0013329377452838769, "confidence": "Medium", "flagged": false }, "geometry": { "type": "Polygon", "coordinates": [ [ [ -114.101325097809053, 54.826994828201919 ], [ -114.001325097809058, 54.826994828201919 ], [ -114.001325097809058, 54.92699482820192 ], [ -114.101325097809053, 54.92699482820192 ], [ -114.101325097809053, 54.826994828201919 ] ] ] } },
{ "type": "Feature", "properties": { "value": "2", "label": "AQHI 2", "color": "#0099cb", "timestamp": "2026-10-09 14:00:00", "generated_at": "2026-10-09T20:31:38.042297", "nearest_km": 70.23662906186388, "n_points": 37, "weight_sum": 0.0014492299744106691, "confidence": "Medium", "flagged": false }, "geometry": { "type": "Polygon", "coordinates": [ [ [ -114.001325097809058, 54.826994828201919 ], [ -113.901325097809064, 54.826994828201919 ], [ -113.901325097809064, 54.92699482820192 ], [ -114.001325097809058, 54.92699482820192 ], [ -114.001325097809058, 54.826994828201919 ] ] ] } },
{ "type": "Feature", "properties": { "value": "2", "label": "AQHI 2", "color": "#0099cb", "timestamp": "2026-10-09 14:00:00", "generated_at": "2026-10-09T20:31:38.042297", "nearest_km": 74.329319564266001, "n_points": 44, "weight_sum": 0.001648389826416304, "confidence": "Medium", "flagged": false }, "geometry": { "type": "Polygon", "coordinates": [ [ [ -113.901325097809064, 54.826994828201919 ], [ -113.80132509780907, 54.826994828201919 ], [ -113.80132509780907, 54.92699482820192 ], [ -113.901325097809064, 54.92699482820192 ], [ -113.901325097809064, 54.826994828201919 ] ] ] } },
{ "type": "Feature", "properties": { "value": "2", "label": "AQHI 2", "color": "#0099cb", "timestamp": "2026-10-09 14:00:00", "generated_at": "2026-10-09T20:31:38.042297", "nearest_km": 74.341500474941043, "n_points": 64, "weight_sum": 0.0021754820416003315, "confidence": "Medium", "flagged": false }, "geometry": { "type": "Polygon", "coordinates": [ [ [ -113.80132509780907, 54.826994828201919 ], [ -113.701325097809075, 54.826994828201919 ], [ -113.701325097809075, 54.92699482820192 ], [ -113.80132509780907, 54.92699482820192 ], [ -113.80132509780907, 54.826994828201919 ] ] ] } },
{ "type": "Feature", "properties": { "value": "2", "label": "AQHI 2", "color": "#0099cb", "timestamp": "2026-10-09 14:00:00", "generated_at": "2026-10-09T20:31:38.042297", "nearest_km": 72.138188997962772, "n_points": 82, "weight_sum": 0.0026654321892687453, "confidence": "Medium", "flagged": false }, "geometry": { "type": "Polygon", "coordinates": [ [ [ -113.701325097809075, 54.826994828201919 ], [ -113.601325097809081, 54.826994828201919 ], [ -113.601325097809081, 54.92699482820192 ], [ -113.701325097809075, 54.92699482820192 ], [ -113.701325097809075, 54.826994828201919 ] ] ] } },
{ "type": "Feature", "properties": { "value": "2", "label": "AQHI 2", "color": "#0099cb", "timestamp": "2026-10-09 14:00:00", "generated_at": "2026-10-09T20:31:38.042297", "nearest_km": 63.904934104376828, "n_points": 84, "weight_sum": 0.0027770999013075142, "confidence": "Medium", "flagged": false }, "geometry": { "type": "Polygon", "coordinates": [ [ [ -113.601325097809081, 54.826994828201919 ], [ -113.501325097809087, 54.826994828201919 ], [ -113.501325097809087, 54.92699482820192 ], [ -113.601325097809081, 54.92699482820192 ], [ -113.601325097809081, 54.826994828201919 ] ] ] } },
{ "type": "Feature", "properties": { "value": "1", "label": "AQHI 1", "color": "#01cbff", "timestamp": "2026-10-09 14:00:00", "generated_at": "2026-10-09T20:31:38.042297", "nearest_km": 47.35925606725246, "n_points": 8, "weight_sum": 0.00073086867329337241, "confidence": "Medium", "flagged": false }, "geometry": { "type": "Polygon", "coordinates": [ [ [ -116.001325097808945, 54.92699482820192 ], [ -115.90132509780895, 54.92699482820192 ], [ -115.90132509780895, 55.026994828201921 ], [ -116.001325097808945, 55.026994828201921 ], [ -116.001325097808945, 54.92699482820192 ] ] ] } },
{ "type": "Feature", "properties": { "value": "1", "label": "AQHI 1", "color": "#01cbff", "timestamp": "2026-10-09 14:00:00", "generated_at": "2026-10-09T20:31:38.042297", "nearest_km": 45.888493581973009, "n_points": 9, "weight_sum": 0.00074886969296689447, "confidence": "Medium", "flagged": false }, "geometry": { "type": "Polygon", "coordinates": [ [ [ -115.90132509780895, 54.92699482820192 ], [ -115.801325097808956, 54.92699482820192 ], [ -115.801325097808956, 55.026994828201921 ], [ -115.90132509780895, 55.026994828201921 ], [ -115.90132509780895, 54.92699482820192 ] ] ] } },
{ "type": "Feature", "properties": { "value": "1", "label": "AQHI 1", "color": "#01cbff", "timestamp": "2026-10-09 14:00:00", "generated_at": "2026-10-09T20:31:38.042297", "nearest_km": 47.064089826553953, "n_points": 9, "weight_sum": 0.00073293083515237457, "confidence": "Medium", "flagged": false }, "geometry": { "type": "Polygon", "coordinates": [ [ [ -115.801325097808956, 54.92699482820192 ], [ -115.701325097808962, 54.92699482820192 ], [ -115.701325097808962, 55.026994828201921 ], [ -115.801325097808956, 55.026994828201921 ], [ -115.801325097808956, 54.92699482820192 ] ] ] } },
{ "type": "Feature", "properties": { "value": "1", "label": "AQHI 1", "color": "#01cbff", "timestamp": "2026-10-09 14:00:00", "generated_at": "2026-10-09T20:31:38.042297", "nearest_km": 50.702300334216311, "n_points": 9, "weight_sum": 0.00071419651450660893, "confidence": "Medium", "flagged": false }, "geometry": { "type": "Polygon", "coordinates": [ [ [ -115.701325097808962, 54.92699482820192 ], [ -115.601325097808967, 54.92699482820192 ], [ -115.601325097808967, 55.026994828201921 ], [ -115.701325097808962, 55.026994828201921 ], [ -115.701325097808962, 54.92699482820192 ] ] ] } },
{ "type": "Feature", "properties": { "value": "1", "label": "AQHI 1", "color": "#01cbff", "timestamp": "2026-10-09 14:00:00", "generated_at": "2026-10-09T20:31:38.042297", "nearest_km": 48.042000108173752, "n_points": 9, "weight_sum": 0.00070316959371385349, "confidence": "Medium", "flagged": false }, "geometry": { "type": "Polygon", "coordinates": [ [ [ -115.601325097808967, 54.92699482820192 ], [ -115.501325097808973, 54.92699482820192 ], [ -115.501325097808973, 55.026994828201921 ], [ -115.601325097808967, 55.026994828201921 ], [ -115.601325097808967, 54.92699482820192 ] ] ] } },
{ "type": "Feature", "properties": { "value": "1", "label": "AQHI 1", "color": "#01cbff", "timestamp": "2026-10-09 14:00:00", "generated_at": "2026-10-09T20:31:38.042297", "nearest_km": 44.88302249596061, "n_points": 8, "weight_sum": 0.00066031861363972444, "confidence": "Medium", "flagged": false }, "geometry": { "type": "Polygon", "coordinates": [ [ [ -115.501325097808973, 54.92699482820192 ], [ -115.401325097808979, 54.92699482820192 ], [ -115.401325097808979, 55.026994828201921 ], [ -115.501325097808973, 55.026994828201921 ], [ -115.501325097808973, 54.92699482820192 ] ] ] } },
{ "type": "Feature", "properties": { "value": "1", "label": "AQHI 1", "color": "#01cbff", "timestamp": "2026-10-09 14:00:00", "generated_at": "2026-10-09T20:31:38.042297", "nearest_km": 44.354905504938422, "n_points": 11, "weight_sum": 0.00073189875977019872, "confidence": "Medium", "flagged": false }, "geometry": { "type": "Polygon", "coordinates": [ [ [ -115.401325097808979, 54.92699482820192 ], [ -115.301325097808984, 54.92699482820192 ], [ -115.301325097808984, 55.026994828201921 ], [ -115.401325097808979, 55.026994828201921 ], [ -115.401325097808979, 54.92699482820192 ] ] ] } },
{ "type": "Feature", "properties": { "value": "1", "label": "AQHI 1", "color": "#01cbff", "timestamp": "2026-10-09 14:00:00", "generated_at": "2026-10-09T20:31:38.042297", "nearest_km": 46.547283232548608, "n_points": 11, "weight_sum": 0.00073159253729349126, "confidence": "Medium", "flagged": false }, "geometry": { "type": "Polygon", "coordinates": [ [ [ -115.301325097808984, 54.92699482820192 ], [ -115.20132509780899, 54.92699482820192 ], [ -115.20132509780899, 55.026994828201921 ], [ -115.301325097808984, 55.026994828201921 ], [ -115.301325097808984, 54.92699482820192 ] ] ] } },
{ "type": "Feature", "properties": { "value": "1", "label": "AQHI 1", "color": "#01cbff", "timestamp": "2026-10-09 14:00:00", "generated_at": "2026-10-09T20:31:38.042297", "nearest_km": 51.111265982268094, "n_points": 13, "weight_sum": 0.00078518942239482912, "confidence": "Medium", "flagged": false }, "geometry": { "type": "Polygon", "coordinates": [ [ [ -115.20132509780899, 54.92699482820192 ], [ -115.101325097808996, 54.92699482820192 ], [ -115.101325097808996, 55.026994828201921 ], [ -115.20132509780899, 55.026994828201921 ], [ -115.20132509780899, 54.92699482820192 ] ] ] } },
{ "type": "Feature", "properties": { "value": "1", "label": "AQHI 1", "color": "#01cbff", "timestamp": "2026-10-09 14:00:00", "generated_at": "2026-10-09T20:31:38.042297", "nearest_km": 53.6310212037761, "n_points": 15, "weight_sum": 0.00086651553595565084, "confidence": "Medium", "flagged": false }, "geometry": { "type": "Polygon", "coordinates": [ [ [ -115.101325097808996, 54.92699482820192 ], [ -115.001325097809001, 54.92699482820192 ], [ -115.001325097809001, 55.026994828201921 ], [ -115.101325097808996, 55.026994828201921 ], [ -115.101325097808996, 54.92699482820192 ] ] ] } },
{ "type": "Feature", "properties": { "value": "1", "label": "AQHI 1", "color": "#01cbff", "timestamp": "2026-10-09 14:00:00", "generated_at": "2026-10-09T20:31:38.042297", "nearest_km": 46.81132554563019, "n_points": 15, "weight_sum": 0.0009372244246785785, "confidence": "Medium", "flagged": false }, "geometry": { "type": "Polygon", "coordinates": [ [ [ -115.001325097809001, 54.92699482820192 ], [ -114.901325097809007, 54.92699482820192 ], [ -114.901325097809007, 55.026994828201921 ], [ -115.001325097809001, 55.026994828201921 ], [ -115.001325097809001, 54.92699482820192 ] ] ] } },
{ "type": "Feature", "properties": { "value": "1", "label": "AQHI 1", "color": "#01cbff", "timestamp": "2026-10-09 14:00:00", "generated_at": "2026-10-09T20:31:38.042297", "nearest_km": 41.865665685834145, "n_points": 16, "weight_sum": 0.0010591638435618288, "confidence": "Medium", "flagged": false }, "geometry": { "type": "Polygon", "coordinates": [ [ [ -114.901325097809007, 54.92699482820192 ], [ -114.801325097809013, 54.92699482820192 ], [ -114.801325097809013, 55.026994828201921 ], [ -114.901325097809007, 55.026994828201921 ], [ -114.901325097809007, 54.92699482820192 ] ] ] } },
{ "type": "Feature", "properties": { "value": "1", "label": "AQHI 1", "color": "#01cbff", "timestamp": "2026-10-09 14:00:00", "generated_at": "2026-10-09T20:31:38.042297", "nearest_km": 39.504274797761617, "n_points": 15, "weight_sum": 0.0011398542222150758, "confidence": "Medium", "flagged": false }, "geometry": { "type": "Polygon", "coordinates": [ [ [ -114.801325097809013, 54.92699482820192 ], [ -114.701325097809018, 54.92699482820192 ], [ -114.701325097809018, 55.026994828201921 ], [ -114.801325097809013, 55.026994828201921 ], [ -114.801325097809013, 54.92699482820192 ] ] ] } },
{ "type": "Feature", "properties": { "value": "1", "label": "AQHI 1", "color": "#01cbff", "timestamp": "2026-10-09 14:00:00", "generated_at": "2026-10-09T20:31:38.042297", "nearest_km": 39.895421890326304, "n_points": 12, "weight_sum": 0.0011326677837021487, "confidence": "Medium", "flagged": false }, "geometry": { "type": "Polygon", "coordinates": [ [ [ -114.701325097809018, 54.92699482820192 ], [ -114.601325097809024, 54.92699482820192 ], [ -114.601325097809024, 55.026994828201921 ], [ -114.701325097809018, 55.026994828201921 ], [ -114.701325097809018, 54.92699482820192 ] ] ] } },
{ "type": "Feature", "properties": { "value": "1", "label": "AQHI 1", "color": "#01cbff", "timestamp": "2026-10-09 14:00:00", "generated_at": "2026-10-09T20:31:38.042297", "nearest_km": 37.958500072923727, "n_points": 11, "weight_sum": 0.0011021601157083039, "confidence": "Medium", "flagged": false }, "geometry": { "type": "Polygon", "coordinates": [ [ [ -114.601325097809024, 54.92699482820192 ], [ -114.50132509780903, 54.92699482820192 ], [ -114.50132509780903, 55.026994828201921 ], [ -114.601325097809024, 55.026994828201921 ], [ -114.601325097809024, 54.92699482820192 ] ] ] } },
{ "type": "Feature", "properties": { "value": "1", "label": "AQHI 1", "color": "#01cbff", "timestamp": "2026-10-09 14:00:00", "generated_at": "2026-10-09T20:31:38.042297", "nearest_km": 39.197841366140892, "n_points": 12, "weight_sum": 0.0010498497569758044, "confidence": "Medium", "flagged": false }, "geometry": { "type": "Polygon", "coordinates": [ [ [ -114.50132509780903, 54.92699482820192 ], [ -114.401325097809035, 54.92699482820192 ], [ -114.401325097809035, 55.026994828201921 ], [ -114.50132509780903, 55.026994828201921 ], [ -114.50132509780903, 54.92699482820192 ] ] ] } },
{ "type": "Feature", "properties": { "value": "1", "label": "AQHI 1", "color": "#01cbff", "timestamp": "2026-10-09 14:00:00", "generated_at": "2026-10-09T20:31:38.042297", "nearest_km": 43.341825154740697, "n_points": 12, "weight_sum": 0.00094212959013677473, "confidence": "Medium", "flagged": false }, "geometry": { "type": "Polygon", "coordinates": [ [ [ -114.401325097809035, 54.92699482820192 ], [ -114.301325097809041, 54.92699482820192 ], [ -114.301325097809041, 55.026994828201921 ], [ -114.401325097809035, 55.026994828201921 ], [ -114.401325097809035, 54.92699482820192 ] ] ] } },
{ "type": "Feature", "properties": { "value": "1", "label": "AQHI 1", "color": "#01cbff", "timestamp": "2026-10-09 14:00:00", "generated_at": "2026-10-09T20:31:38.042297", "nearest_km": 49.66867068608795, "n_points": 13, "weight_sum": 0.00085923435973903994, "confidence": "Medium", "flagged": false }, "geometry": { "type": "Polygon", "coordinates": [ [ [ -114.301325097809041, 54.92699482820192 ], [ -114.201325097809047, 54.92699482820192 ], [ -114.201325097809047, 55.026994828201921 ], [ -114.301325097809041, 55.026994828201921 ], [ -114.301325097809041, 54.92699482820192 ] ] ] } },
{ "type": "Feature", "properties": { "value": "1", "label": "AQHI 1", "color": "#01cbff", "timestamp": "2026-10-09 14:00:00", "generated_at": "2026-10-09T20:31:38.042297", "nearest_km": 57.461812429664654, "n_points": 15, "weight_sum": 0.00081689034079245905, "confidence": "Medium", "flagged": false }, "geometry": { "type": "Polygon", "coordinates": [ [ [ -114.201325097809047, 54.92699482820192 ], [ -114.101325097809053, 54.92699482820192 ], [ -114.101325097809053, 55.026994828201921 ], [ -114.201325097809047, 55.026994828201921 ], [ -114.201325097809047, 54.92699482820192 ] ] ] } },
{ "type": "Feature", "properties": { "value": "1", "label": "AQHI 1", "color": "#01cbff", "timestamp": "2026-10-09 14:00:00", "generated_at": "2026-10-09T20:31:38.042297", "nearest_km": 66.205459953699034, "n_points": 15, "weight_sum": 0.00077557265787384381, "confidence": "Medium", "flagged": false }, "geometry": { "type": "Polygon", "coordinates": [ [ [ -114.101325097809053, 54.92699482820192 ], [ -114.001325097809058, 54.92699482820192 ], [ -114.001325097809058, 55.026994828201921 ], [ -114.101325097809053, 55.026994828201921 ], [ -114.101325097809053, 54.92699482820192 ] ] ] } },
{ "type": "Feature", "properties": { "value": "1", "label": "AQHI 1", "color": "#01cbff", "timestamp": "2026-10-09 14:00:00", "generated_at": "2026-10-09T20:31:38.042297", "nearest_km": 75.570404045894207, "n_points": 20, "weight_sum": 0.00087057465097121708, "confidence": "Low", "flagged": false }, "geometry": { "type": "Polygon", "coordinates": [ [ [ -114.001325097809058, 54.92699482820192 ], [ -113.901325097809064, 54.92699482820192 ], [ -113.901325097809064, 55.026994828201921 ], [ -114.001325097809058, 55.026994828201921 ], [ -114.001325097809058, 54.92699482820192 ] ] ] } },
{ "type": "Feature", "properties": { "value": "1", "label": "AQHI 1", "color": "#01cbff", "timestamp": "2026-10-09 14:00:00", "generated_at": "2026-10-09T20:31:38.042297", "nearest_km": 85.352381382352362, "n_points": 22, "weight_sum": 0.00091970949331360036, "confidence": "Low", "flagged": false }, "geometry": { "type": "Polygon", "coordinates": [ [ [ -113.901325097809064, 54.92699482820192 ], [ -113.80132509780907, 54.92699482820192 ], [ -113.80132509780907, 55.026994828201921 ], [ -113.901325097809064, 55.026994828201921 ], [ -113.901325097809064, 54.92699482820192 ] ] ] } },
{ "type": "Feature", "properties": { "value": "1", "label": "AQHI 1", "color": "#01cbff", "timestamp": "2026-10-09 14:00:00", "generated_at": "2026-10-09T20:31:38.042297", "nearest_km": 75.393653781879962, "n_points": 25, "weight_sum": 0.00098432999848109635, "confidence": "Low", "flagged": false }, "geometry": { "type": "Polygon", "coordinates": [ [ [ -113.80132509780907, 54.92699482820192 ], [ -113.701325097809075, 54.92699482820192 ], [ -113.701325097809075, 55.026994828201921 ], [ -113.80132509780907, 55.026994828201921 ], [ -113.80132509780907, 54.92699482820192 ] ] ] } },
{ "type": "Feature", "properties": { "value": "1", "label": "AQHI 1", "color": "#01cbff", "timestamp": "2026-10-09 14:00:00", "generated_at": "2026-10-09T20:31:38.042297", "nearest_km": 65.709248371602598, "n_points": 27, "weight_sum": 0.0010619566835999615, "confidence": "Medium", "flagged": false }, "geometry": { "type": "Polygon", "coordinates": [ [ [ -113.701325097809075, 54.92699482820192 ], [ -113.601325097809081, 54.92699482820192 ], [ -113.601325097809081, 55.026994828201921 ], [ -113.701325097809075, 55.026994828201921 ], [ -113.701325097809075, 54.92699482820192 ] ] ] } },
{ "type": "Feature", "properties": { "value": "2", "label": "AQHI 2", "color": "#0099cb", "timestamp": "2026-10-09 14:00:00", "generated_at": "2026-10-09T20:31:38.042297", "nearest_km": 56.547569466245903, "n_points": 30, "weight_sum": 0.001179374750900472, "confidence": "Medium", "flagged": false }, "geometry": { "type": "Polygon", "coordinates": [ [ [ -113.601325097809081, 54.92699482820192 ], [ -113.501325097809087, 54.92699482820192 ], [ -113.501325097809087, 55.026994828201921 ], [ -113.601325097809081, 55.026994828201921 ], [ -113.601325097809081, 54.92699482820192 ] ] ] } },
{ "type": "Feature", "properties": { "value": "2", "label": "AQHI 2", "color": "#0099cb", "timestamp": "2026-10-09 14:00:00", "generated_at": "2026-10-09T20:31:38.042297", "nearest_km": 48.207571018656658, "n_points": 31, "weight_sum": 0.0012729917949807841, "confidence": "Medium", "flagged": false }, "geometry": { "type": "Polygon", "coordinates": [ [ [ -113.501325097809087, 54.92699482820192 ], [ -113.401325097809092, 54.92699482820192 ], [ -113.401325097809092, 55.026994828201921 ], [ -113.501325097809087, 55.026994828201921 ], [ -113.501325097809087, 54.92699482820192 ] ] ] } },
{ "type": "Feature", "properties": { "value": "2", "label": "AQHI 2", "color": "#0099cb", "timestamp": "2026-10-09 14:00:00", "generated_at": "2026-10-09T20:31:38.042297", "nearest_km": 41.191409231752637, "n_points": 31, "weight_sum": 0.0013668046266203005, "confidence": "Medium", "flagged": false }, "geometry": { "type": "Polygon", "coordinates": [ [ [ -113.401325097809092, 54.92699482820192 ], [ -113.301325097809098, 54.92699482820192 ], [ -113.301325097809098, 55.026994828201921 ], [ -113.401325097809092, 55.026994828201921 ], [ -113.401325097809092, 54.92699482820192 ] ] ] } },
{ "type": "Feature", "properties": { "value": "2", "label": "AQHI 2", "color": "#0099cb", "timestamp": "2026-10-09 14:00:00", "generated_at": "2026-10-09T20:31:38.042297", "nearest_km": 36.275535633214005, "n_points": 29, "weight_sum": 0.0014205937573191873, "confidence": "Medium", "flagged": false }, "geometry": { "type": "Polygon", "coordinates": [ [ [ -113.301325097809098, 54.92699482820192 ], [ -113.201325097809104, 54.92699482820192 ], [ -113.201325097809104, 55.026994828201921 ], [ -113.301325097809098, 55.026994828201921 ], [ -113.301325097809098, 54.92699482820192 ] ] ] } },
{ "type": "Feature", "properties": { "value": "1", "label": "AQHI 1", "color": "#01cbff", "timestamp": "2026-10-09 14:00:00", "generated_at": "2026-10-09T20:31:38.042297", "nearest_km": 46.100055329847997, "n_points": 11, "weight_sum": 0.00088018161589483292, "confidence": "Medium", "flagged": false }, "geometry": { "type": "Polygon", "coordinates": [ [ [ -115.101325097808996, 55.026994828201921 ], [ -115.001325097809001, 55.026994828201921 ], [ -115.001325097809001, 55.126994828201923 ], [ -115.101325097808996, 55.126994828201923 ], [ -115.101325097808996, 55.026994828201921 ] ] ] } },
{ "type": "Feature", "properties": { "value": "1", "label": "AQHI 1", "color": "#01cbff", "timestamp": "2026-10-09 14:00:00", "generated_at": "2026-10-09T20:31:38.042297", "nearest_km": 37.950347368556919, "n_points": 11, "weight_sum": 0.00098875756232706322, "confidence": "Medium", "flagged": false }, "geometry": { "type": "Polygon", "coordinates": [ [ [ -115.001325097809001, 55.026994828201921 ], [ -114.901325097809007, 55.026994828201921 ], [ -114.901325097809007, 55.126994828201923 ], [ -115.001325097809001, 55.126994828201923 ], [ -115.001325097809001, 55.026994828201921 ] ] ] } },
{ "type": "Feature", "properties": { "value": "1", "label": "AQHI 1", "color": "#01cbff", "timestamp": "2026-10-09 14:00:00", "generated_at": "2026-10-09T20:31:38.042297", "nearest_km": 31.649054162378945, "n_points": 10, "weight_sum": 0.0011686411327766939, "confidence": "Medium", "flagged": false }, "geometry": { "type": "Polygon", "coordinates": [ [ [ -114.901325097809007, 55.026994828201921 ], [ -114.801325097809013, 55.026994828201921 ], [ -114.801325097809013, 55.126994828201923 ], [ -114.901325097809007, 55.126994828201923 ], [ -114.901325097809007, 55.026994828201921 ] ] ] } },
{ "type": "Feature", "properties": { "value": "1", "label": "AQHI 1", "color": "#01cbff", "timestamp": "2026-10-09 14:00:00", "generated_at": "2026-10-09T20:31:38.042297", "nearest_km": 28.452001570227516, "n_points": 12, "weight_sum": 0.0014511117216092051, "confidence": "Medium", "flagged": false }, "geometry": { "type": "Polygon", "coordinates": [ [ [ -114.801325097809013, 55.026994828201921 ], [ -114.701325097809018, 55.026994828201921 ], [ -114.701325097809018, 55.126994828201923 ], [ -114.801325097809013, 55.126994828201923 ], [ -114.801325097809013, 55.026994828201921 ] ] ] } },
{ "type": "Feature", "properties": { "value": "1", "label": "AQHI 1", "color": "#01cbff", "timestamp": "2026-10-09 14:00:00", "generated_at": "2026-10-09T20:31:38.042297", "nearest_km": 29.390307200354911, "n_points": 12, "weight_sum": 0.0015897177707804237, "confidence": "Medium", "flagged": false }, "geometry": { "type": "Polygon", "coordinates": [ [ [ -114.701325097809018, 55.026994828201921 ], [ -114.601325097809024, 55.026994828201921 ], [ -114.601325097809024, 55.126994828201923 ], [ -114.701325097809018, 55.126994828201923 ], [ -114.701325097809018, 55.026994828201921 ] ] ] } },
{ "type": "Feature", "properties": { "value": "1", "label": "AQHI 1", "color": "#01cbff", "timestamp": "2026-10-09 14:00:00", "generated_at": "2026-10-09T20:31:38.042297", "nearest_km": 26.866907292081731, "n_points": 12, "weight_sum": 0.0015594804301676598, "confidence": "Medium", "flagged": false }, "geometry": { "type": "Polygon", "coordinates": [ [ [ -114.601325097809024, 55.026994828201921 ], [ -114.50132509780903, 55.026994828201921 ], [ -114.50132509780903, 55.126994828201923 ], [ -114.601325097809024, 55.126994828201923 ], [ -114.601325097809024, 55.026994828201921 ] ] ] } },
{ "type": "Feature", "properties": { "value": "1", "label": "AQHI 1", "color": "#01cbff", "timestamp": "2026-10-09 14:00:00", "generated_at": "2026-10-09T20:31:38.042297", "nearest_km": 28.591148060550314, "n_points": 12, "weight_sum": 0.0013426680209745908, "confidence": "Medium", "flagged": false }, "geometry": { "type": "Polygon", "coordinates": [ [ [ -114.50132509780903, 55.026994828201921 ], [ -114.401325097809035, 55.026994828201921 ], [ -114.401325097809035, 55.126994828201923 ], [ -114.50132509780903, 55.126994828201923 ], [ -114.50132509780903, 55.026994828201921 ] ] ] } },
{ "type": "Feature", "properties": { "value": "1", "label": "AQHI 1", "color": "#01cbff", "timestamp": "2026-10-09 14:00:00", "generated_at": "2026-10-09T20:31:38.042297", "nearest_km": 34.051384515159988, "n_points": 12, "weight_sum": 0.0010709831977101251, "confidence": "Medium", "flagged": false }, "geometry": { "type": "Polygon", "coordinates": [ [ [ -114.401325097809035, 55.026994828201921 ], [ -114.301325097809041, 55.026994828201921 ], [ -114.301325097809041, 55.126994828201923 ], [ -114.401325097809035, 55.126994828201923 ], [ -114.401325097809035, 55.026994828201921 ] ] ] } },
{ "type": "Feature", "properties": { "value": "1", "label": "AQHI 1", "color": "#01cbff", "timestamp": "2026-10-09 14:00:00", "generated_at": "2026-10-09T20:31:38.042297", "nearest_km": 41.808609488695225, "n_points": 12, "weight_sum": 0.00086514936986681053, "confidence": "Medium", "flagged": false }, "geometry": { "type": "Polygon", "coordinates": [ [ [ -114.301325097809041, 55.026994828201921 ], [ -114.201325097809047, 55.026994828201921 ], [ -114.201325097809047, 55.126994828201923 ], [ -114.301325097809041, 55.126994828201923 ], [ -114.301325097809041, 55.026994828201921 ] ] ] } },
{ "type": "Feature", "properties": { "value": "1", "label": "AQHI 1", "color": "#01cbff", "timestamp": "2026-10-09 14:00:00", "generated_at": "2026-10-09T20:31:38.042297", "nearest_km": 50.821677140341677, "n_points": 13, "weight_sum": 0.00075234033969968103, "confidence": "Medium", "flagged": false }, "geometry": { "type": "Polygon", "coordinates": [ [ [ -114.201325097809047, 55.026994828201921 ], [ -114.101325097809053, 55.026994828201921 ], [ -114.101325097809053, 55.126994828201923 ], [ -114.201325097809047, 55.126994828201923 ], [ -114.201325097809047, 55.026994828201921 ] ] ] } },
{ "type": "Feature", "properties": { "value": "1", "label": "AQHI 1", "color": "#01cbff", "timestamp": "2026-10-09 14:00:00", "generated_at": "2026-10-09T20:31:38.042297", "nearest_km": 60.532189018207589, "n_points": 13, "weight_sum": 0.00066682949221846539, "confidence": "Medium", "flagged": false }, "geometry": { "type": "Polygon", "coordinates": [ [ [ -114.101325097809053, 55.026994828201921 ], [ -114.001325097809058, 55.026994828201921 ], [ -114.001325097809058, 55.126994828201923 ], [ -114.101325097809053, 55.126994828201923 ], [ -114.101325097809053, 55.026994828201921 ] ] ] } },
{ "type": "Feature", "properties": { "value": "1", "label": "AQHI 1", "color": "#01cbff", "timestamp": "2026-10-09 14:00:00", "generated_at": "2026-10-09T20:31:38.042297", "nearest_km": 70.653159499875628, "n_points": 13, "weight_sum": 0.00061550714821201411, "confidence": "Medium", "flagged": false }, "geometry": { "type": "Polygon", "coordinates": [ [ [ -114.001325097809058, 55.026994828201921 ], [ -113.901325097809064, 55.026994828201921 ], [ -113.901325097809064, 55.126994828201923 ], [ -114.001325097809058, 55.126994828201923 ], [ -114.001325097809058, 55.026994828201921 ] ] ] } },
{ "type": "Feature", "properties": { "value": "1", "label": "AQHI 1", "color": "#01cbff", "timestamp": "2026-10-09 14:00:00", "generated_at": "2026-10-09T20:31:38.042297", "nearest_km": 81.030932286958759, "n_points": 16, "weight_sum": 0.00069846915456491323, "confidence": "Low", "flagged": false }, "geometry": { "type": "Polygon", "coordinates": [ [ [ -113.901325097809064, 55.026994828201921 ], [ -113.80132509780907, 55.026994828201921 ], [ -113.80132509780907, 55.126994828201923 ], [ -113.901325097809064, 55.126994828201923 ], [ -113.901325097809064, 55.026994828201921 ] ] ] } },
{ "type": "Feature", "properties": { "value": "1", "label": "AQHI 1", "color": "#01cbff", "timestamp": "2026-10-09 14:00:00", "generated_at": "2026-10-09T20:31:38.042297", "nearest_km": 71.024010308044083, "n_points": 17, "weight_sum": 0.00071507042077051278, "confidence": "Medium", "flagged": false }, "geometry": { "type": "Polygon", "coordinates": [ [ [ -113.80132509780907, 55.026994828201921 ], [ -113.701325097809075, 55.026994828201921 ], [ -113.701325097809075, 55.126994828201923 ], [ -113.80132509780907, 55.126994828201923 ], [ -113.80132509780907, 55.026994828201921 ] ] ] } },
{ "type": "Feature", "properties": { "value": "1", "label": "AQHI 1", "color": "#01cbff", "timestamp": "2026-10-09 14:00:00", "generated_at": "2026-10-09T20:31:38.042297", "nearest_km": 60.645794010929791, "n_points": 17, "weight_sum": 0.00072791052009477109, "confidence": "Medium", "flagged": false }, "geometry": { "type": "Polygon", "coordinates": [ [ [ -113.701325097809075, 55.026994828201921 ], [ -113.601325097809081, 55.026994828201921 ], [ -113.601325097809081, 55.126994828201923 ], [ -113.701325097809075, 55.126994828201923 ], [ -113.701325097809075, 55.026994828201921 ] ] ] } },
{ "type": "Feature", "properties": { "value": "1", "label": "AQHI 1", "color": "#01cbff", "timestamp": "2026-10-09 14:00:00", "generated_at": "2026-10-09T20:31:38.042297", "nearest_km": 50.575039517484065, "n_points": 16, "weight_sum": 0.00074426820243627084, "confidence": "Medium", "flagged": false }, "geometry": { "type": "Polygon", "coordinates": [ [ [ -113.601325097809081, 55.026994828201921 ], [ -113.501325097809087, 55.026994828201921 ], [ -113.501325097809087, 55.126994828201923 ], [ -113.601325097809081, 55.126994828201923 ], [ -113.601325097809081, 55.026994828201921 ] ] ] } },
{ "type": "Feature", "properties": { "value": "1", "label": "AQHI 1", "color": "#01cbff", "timestamp": "2026-10-09 14:00:00", "generated_at": "2026-10-09T20:31:38.042297", "nearest_km": 41.038724555887377, "n_points": 16, "weight_sum": 0.00082809810056995751, "confidence": "Medium", "flagged": false }, "geometry": { "type": "Polygon", "coordinates": [ [ [ -113.501325097809087, 55.026994828201921 ], [ -113.401325097809092, 55.026994828201921 ], [ -113.401325097809092, 55.126994828201923 ], [ -113.501325097809087, 55.126994828201923 ], [ -113.501325097809087, 55.026994828201921 ] ] ] } },
{ "type": "Feature", "properties": { "value": "1", "label": "AQHI 1", "color": "#01cbff", "timestamp": "2026-10-09 14:00:00", "generated_at": "2026-10-09T20:31:38.042297", "nearest_km": 32.510601411737753, "n_points": 16, "weight_sum": 0.0010125418056390998, "confidence": "Medium", "flagged": false }, "geometry": { "type": "Polygon", "coordinates": [ [ [ -113.401325097809092, 55.026994828201921 ], [ -113.301325097809098, 55.026994828201921 ], [ -113.301325097809098, 55.126994828201923 ], [ -113.401325097809092, 55.126994828201923 ], [ -113.401325097809092, 55.026994828201921 ] ] ] } },
{ "type": "Feature", "properties": { "value": "1", "label": "AQHI 1", "color": "#01cbff", "timestamp": "2026-10-09 14:00:00", "generated_at": "2026-10-09T20:31:38.042297", "nearest_km": 26.002336339870453, "n_points": 16, "weight_sum": 0.0012926727637142602, "confidence": "Medium", "flagged": false }, "geometry": { "type": "Polygon", "coordinates": [ [ [ -113.301325097809098, 55.026994828201921 ], [ -113.201325097809104, 55.026994828201921 ], [ -113.201325097809104, 55.126994828201923 ], [ -113.301325097809098, 55.126994828201923 ], [ -113.301325097809098, 55.026994828201921 ] ] ] } },
{ "type": "Feature", "properties": { "value": "1", "label": "AQHI 1", "color": "#01cbff", "timestamp": "2026-10-09 14:00:00", "generated_at": "2026-10-09T20:31:38.042297", "nearest_km": 40.256226443498392, "n_points": 10, "weight_sum": 0.0009953107634272896, "confidence": "Medium", "flagged": false }, "geometry": { "type": "Polygon", "coordinates": [ [ [ -115.101325097808996, 55.126994828201923 ], [ -115.001325097809001, 55.126994828201923 ], [ -115.001325097809001, 55.226994828201924 ], [ -115.101325097808996, 55.226994828201924 ], [ -115.101325097808996, 55.126994828201923 ] ] ] } },
{ "type": "Feature", "properties": { "value": "1", "label": "AQHI 1", "color": "#01cbff", "timestamp": "2026-10-09 14:00:00", "generated_at": "2026-10-09T20:31:38.042297", "nearest_km": 30.587211894013933, "n_points": 11, "weight_sum": 0.0012138113163885039, "confidence": "Medium", "flagged": false }, "geometry": { "type": "Polygon", "coordinates": [ [ [ -115.001325097809001, 55.126994828201923 ], [ -114.901325097809007, 55.126994828201923 ], [ -114.901325097809007, 55.226994828201924 ], [ -115.001325097809001, 55.226994828201924 ], [ -115.001325097809001, 55.126994828201923 ] ] ] } },
{ "type": "Feature", "properties": { "value": "1", "label": "AQHI 1", "color": "#01cbff", "timestamp": "2026-10-09 14:00:00", "generated_at": "2026-10-09T20:31:38.042297", "nearest_km": 22.293750142772495, "n_points": 12, "weight_sum": 0.0017838587059170465, "confidence": "High", "flagged": false }, "geometry": { "type": "Polygon", "coordinates": [ [ [ -114.901325097809007, 55.126994828201923 ], [ -114.801325097809013, 55.126994828201923 ], [ -114.801325097809013, 55.226994828201924 ], [ -114.901325097809007, 55.226994828201924 ], [ -114.901325097809007, 55.126994828201923 ] ] ] } },
{ "type": "Feature", "properties": { "value": "1", "label": "AQHI 1", "color": "#01cbff", "timestamp": "2026-10-09 14:00:00", "generated_at": "2026-10-09T20:31:38.042297", "nearest_km": 17.460385431238379, "n_points": 10, "weight_sum": 0.0026247701374930562, "confidence": "High", "flagged": false }, "geometry": { "type": "Polygon", "coordinates": [ [ [ -114.801325097809013, 55.126994828201923 ], [ -114.701325097809018, 55.126994828201923 ], [ -114.701325097809018, 55.226994828201924 ], [ -114.801325097809013, 55.226994828201924 ], [ -114.801325097809013, 55.126994828201923 ] ] ] } },
{ "type": "Feature", "properties": { "value": "1", "label": "AQHI 1", "color": "#01cbff", "timestamp": "2026-10-09 14:00:00", "generated_at": "2026-10-09T20:31:38.042297", "nearest_km": 18.950958376462289, "n_points": 11, "weight_sum": 0.0030090965320573966, "confidence": "High", "flagged": false }, "geometry": { "type": "Polygon", "coordinates": [ [ [ -114.701325097809018, 55.126994828201923 ], [ -114.601325097809024, 55.126994828201923 ], [ -114.601325097809024, 55.226994828201924 ], [ -114.701325097809018, 55.226994828201924 ], [ -114.701325097809018, 55.126994828201923 ] ] ] } },
{ "type": "Feature", "properties": { "value": "1", "label": "AQHI 1", "color": "#01cbff", "timestamp": "2026-10-09 14:00:00", "generated_at": "2026-10-09T20:31:38.042297", "nearest_km": 15.787136760555585, "n_points": 12, "weight_sum": 0.0031471724267671812, "confidence": "High", "flagged": false }, "geometry": { "type": "Polygon", "coordinates": [ [ [ -114.601325097809024, 55.126994828201923 ], [ -114.50132509780903, 55.126994828201923 ], [ -114.50132509780903, 55.226994828201924 ], [ -114.601325097809024, 55.226994828201924 ], [ -114.601325097809024, 55.126994828201923 ] ] ] } },
{ "type": "Feature", "properties": { "value": "1", "label": "AQHI 1", "color": "#01cbff", "timestamp": "2026-10-09 14:00:00", "generated_at": "2026-10-09T20:31:38.042297", "nearest_km": 18.570318443028405, "n_points": 12, "weight_sum": 0.0022463027629313656, "confidence": "High", "flagged": false }, "geometry": { "type": "Polygon", "coordinates": [ [ [ -114.50132509780903, 55.126994828201923 ], [ -114.401325097809035, 55.126994828201923 ], [ -114.401325097809035, 55.226994828201924 ], [ -114.50132509780903, 55.226994828201924 ], [ -114.50132509780903, 55.126994828201923 ] ] ] } },
{ "type": "Feature", "properties": { "value": "1", "label": "AQHI 1", "color": "#01cbff", "timestamp": "2026-10-09 14:00:00", "generated_at": "2026-10-09T20:31:38.042297", "nearest_km": 26.208772711717128, "n_points": 12, "weight_sum": 0.0013616860088853304, "confidence": "Medium", "flagged": false }, "geometry": { "type": "Polygon", "coordinates": [ [ [ -114.401325097809035, 55.126994828201923 ], [ -114.301325097809041, 55.126994828201923 ], [ -114.301325097809041, 55.226994828201924 ], [ -114.401325097809035, 55.226994828201924 ], [ -114.401325097809035, 55.126994828201923 ] ] ] } },
{ "type": "Feature", "properties": { "value": "1", "label": "AQHI 1", "color": "#01cbff", "timestamp": "2026-10-09 14:00:00", "generated_at": "2026-10-09T20:31:38.042297", "nearest_km": 35.712222095990995, "n_points": 11, "weight_sum": 0.00091903839299640382, "confidence": "Medium", "flagged": false }, "geometry": { "type": "Polygon", "coordinates": [ [ [ -114.301325097809041, 55.126994828201923 ], [ -114.201325097809047, 55.126994828201923 ], [ -114.201325097809047, 55.226994828201924 ], [ -114.301325097809041, 55.226994828201924 ], [ -114.301325097809041, 55.126994828201923 ] ] ] } },
{ "type": "Feature", "properties": { "value": "1", "label": "AQHI 1", "color": "#01cbff", "timestamp": "2026-10-09 14:00:00", "generated_at": "2026-10-09T20:31:38.042297", "nearest_km": 45.937412280322221, "n_points": 11, "weight_sum": 0.0007155511713415857, "confidence": "Medium", "flagged": false }, "geometry": { "type": "Polygon", "coordinates": [ [ [ -114.201325097809047, 55.126994828201923 ], [ -114.101325097809053, 55.126994828201923 ], [ -114.101325097809053, 55.226994828201924 ], [ -114.201325097809047, 55.226994828201924 ], [ -114.201325097809047, 55.126994828201923 ] ] ] } },
{ "type": "Feature", "properties": { "value": "1", "label": "AQHI 1", "color": "#01cbff", "timestamp": "2026-10-09 14:00:00", "generated_at": "2026-10-09T20:31:38.042297", "nearest_km": 56.493795119386185, "n_points": 11, "weight_sum": 0.0006052238286701928, "confidence": "Medium", "flagged": false }, "geometry": { "type": "Polygon", "coordinates": [ [ [ -114.101325097809053, 55.126994828201923 ], [ -114.001325097809058, 55.126994828201923 ], [ -114.001325097809058, 55.226994828201924 ], [ -114.101325097809053, 55.226994828201924 ], [ -114.101325097809053, 55.126994828201923 ] ] ] } },
{ "type": "Feature", "properties": { "value": "1", "label": "AQHI 1", "color": "#01cbff", "timestamp": "2026-10-09 14:00:00", "generated_at": "2026-10-09T20:31:38.042297", "nearest_km": 67.225530321225705, "n_points": 11, "weight_sum": 0.00054480960052263633, "confidence": "Medium", "flagged": false }, "geometry": { "type": "Polygon", "coordinates": [ [ [ -114.001325097809058, 55.126994828201923 ], [ -113.901325097809064, 55.126994828201923 ], [ -113.901325097809064, 55.226994828201924 ], [ -114.001325097809058, 55.226994828201924 ], [ -114.001325097809058, 55.126994828201923 ] ] ] } },
{ "type": "Feature", "properties": { "value": "1", "label": "AQHI 1", "color": "#01cbff", "timestamp": "2026-10-09 14:00:00", "generated_at": "2026-10-09T20:31:38.042297", "nearest_km": 78.060329021525817, "n_points": 11, "weight_sum": 0.000511723061802886, "confidence": "Low", "flagged": false }, "geometry": { "type": "Polygon", "coordinates": [ [ [ -113.901325097809064, 55.126994828201923 ], [ -113.80132509780907, 55.126994828201923 ], [ -113.80132509780907, 55.226994828201924 ], [ -113.901325097809064, 55.226994828201924 ], [ -113.901325097809064, 55.126994828201923 ] ] ] } },
{ "type": "Feature", "properties": { "value": "1", "label": "AQHI 1", "color": "#01cbff", "timestamp": "2026-10-09 14:00:00", "generated_at": "2026-10-09T20:31:38.042297", "nearest_km": 68.198512079753826, "n_points": 13, "weight_sum": 0.00054421317917175121, "confidence": "Medium", "flagged": false }, "geometry": { "type": "Polygon", "coordinates": [ [ [ -113.80132509780907, 55.126994828201923 ], [ -113.701325097809075, 55.126994828201923 ], [ -113.701325097809075, 55.226994828201924 ], [ -113.80132509780907, 55.226994828201924 ], [ -113.80132509780907, 55.126994828201923 ] ] ] } },
{ "type": "Feature", "properties": { "value": "1", "label": "AQHI 1", "color": "#01cbff", "timestamp": "2026-10-09 14:00:00", "generated_at": "2026-10-09T20:31:38.042297", "nearest_km": 57.31090071593102, "n_points": 15, "weight_sum": 0.0006264842003323802, "confidence": "Medium", "flagged": false }, "geometry": { "type": "Polygon", "coordinates": [ [ [ -113.701325097809075, 55.126994828201923 ], [ -113.601325097809081, 55.126994828201923 ], [ -113.601325097809081, 55.226994828201924 ], [ -113.701325097809075, 55.226994828201924 ], [ -113.701325097809075, 55.126994828201923 ] ] ] } },
{ "type": "Feature", "properties": { "value": "1", "label": "AQHI 1", "color": "#01cbff", "timestamp": "2026-10-09 14:00:00", "generated_at": "2026-10-09T20:31:38.042297", "nearest_km": 46.523774909719549, "n_points": 15, "weight_sum": 0.0007067653553609343, "confidence": "Medium", "flagged": false }, "geometry": { "type": "Polygon", "coordinates": [ [ [ -113.601325097809081, 55.126994828201923 ], [ -113.501325097809087, 55.126994828201923 ], [ -113.501325097809087, 55.226994828201924 ], [ -113.601325097809081, 55.226994828201924 ], [ -113.601325097809081, 55.126994828201923 ] ] ] } },
{ "type": "Feature", "properties": { "value": "1", "label": "AQHI 1", "color": "#01cbff", "timestamp": "2026-10-09 14:00:00", "generated_at": "2026-10-09T20:31:38.042297", "nearest_km": 35.927759780275323, "n_points": 15, "weight_sum": 0.00084433392840100045, "confidence": "Medium", "flagged": false }, "geometry": { "type": "Polygon", "coordinates": [ [ [ -113.501325097809087, 55.126994828201923 ], [ -113.401325097809092, 55.126994828201923 ], [ -113.401325097809092, 55.226994828201924 ], [ -113.501325097809087, 55.226994828201924 ], [ -113.501325097809087, 55.126994828201923 ] ] ] } },
{ "type": "Feature", "properties": { "value": "1", "label": "AQHI 1", "color": "#01cbff", "timestamp": "2026-10-09 14:00:00", "generated_at": "2026-10-09T20:31:38.042297", "nearest_km": 18.175088965300358, "n_points": 8, "weight_sum": 0.0020127458209850662, "confidence": "High", "flagged": false }, "geometry": { "type": "Polygon", "coordinates": [ [ [ -115.301325097808984, 55.226994828201924 ], [ -115.20132509780899, 55.226994828201924 ], [ -115.20132509780899, 55.326994828201926 ], [ -115.301325097808984, 55.326994828201926 ], [ -115.301325097808984, 55.226994828201924 ] ] ] } },
{ "type": "Feature", "properties": { "value": "1", "label": "AQHI 1", "color": "#01cbff", "timestamp": "2026-10-09 14:00:00", "generated_at": "2026-10-09T20:31:38.042297", "nearest_km": 27.85759847645949, "n_points": 8, "weight_sum": 0.0012041975700764432, "confidence": "Medium", "flagged": false }, "geometry": { "type": "Polygon", "coordinates": [ [ [ -115.20132509780899, 55.226994828201924 ], [ -115.101325097808996, 55.226994828201924 ], [ -115.101325097808996, 55.326994828201926 ], [ -115.20132509780899, 55.326994828201926 ], [ -115.20132509780899, 55.226994828201924 ] ] ] } },
{ "type": "Feature", "properties": { "value": "1", "label": "AQHI 1", "color": "#01cbff", "timestamp": "2026-10-09 14:00:00", "generated_at": "2026-10-09T20:31:38.042297", "nearest_km": 36.909787774049825, "n_points": 10, "weight_sum": 0.0011166702222066491, "confidence": "Medium", "flagged": false }, "geometry": { "type": "Polygon", "coordinates": [ [ [ -115.101325097808996, 55.226994828201924 ], [ -115.001325097809001, 55.226994828201924 ], [ -115.001325097809001, 55.326994828201926 ], [ -115.101325097808996, 55.326994828201926 ], [ -115.101325097808996, 55.226994828201924 ] ] ] } },
{ "type": "Feature", "properties": { "value": "1", "label": "AQHI 1", "color": "#01cbff", "timestamp": "2026-10-09 14:00:00", "generated_at": "2026-10-09T20:31:38.042297", "nearest_km": 26.025875537712214, "n_points": 10, "weight_sum": 0.0014245064922129788, "confidence": "Medium", "flagged": false }, "geometry": { "type": "Polygon", "coordinates": [ [ [ -115.001325097809001, 55.226994828201924 ], [ -114.901325097809007, 55.226994828201924 ], [ -114.901325097809007, 55.326994828201926 ], [ -115.001325097809001, 55.326994828201926 ], [ -115.001325097809001, 55.226994828201924 ] ] ] } },
{ "type": "Feature", "properties": { "value": "1", "label": "AQHI 1", "color": "#01cbff", "timestamp": "2026-10-09 14:00:00", "generated_at": "2026-10-09T20:31:38.042297", "nearest_km": 15.4525066407864, "n_points": 11, "weight_sum": 0.0029022371195310168, "confidence": "High", "flagged": false }, "geometry": { "type": "Polygon", "coordinates": [ [ [ -114.901325097809007, 55.226994828201924 ], [ -114.801325097809013, 55.226994828201924 ], [ -114.801325097809013, 55.326994828201926 ], [ -114.901325097809007, 55.326994828201926 ], [ -114.901325097809007, 55.226994828201924 ] ] ] } },
{ "type": "Feature", "properties": { "value": "1", "label": "AQHI 1", "color": "#01cbff", "timestamp": "2026-10-09 14:00:00", "generated_at": "2026-10-09T20:31:38.042297", "nearest_km": 6.8288890357495715, "n_points": 9, "weight_sum": 0.011909229292910401, "confidence": "High", "flagged": false }, "geometry": { "type": "Polygon", "coordinates": [ [ [ -114.801325097809013, 55.226994828201924 ], [ -114.701325097809018, 55.226994828201924 ], [ -114.701325097809018, 55.326994828201926 ], [ -114.801325097809013, 55.326994828201926 ], [ -114.801325097809013, 55.226994828201924 ] ] ] } },
{ "type": "Feature", "properties": { "value": "1", "label": "AQHI 1", "color": "#01cbff", "timestamp": "2026-10-09 14:00:00", "generated_at": "2026-10-09T20:31:38.042297", "nearest_km": 10.045271994405406, "n_points": 9, "weight_sum": 0.0081225898771099016, "confidence": "High", "flagged": false }, "geometry": { "type": "Polygon", "coordinates": [ [ [ -114.701325097809018, 55.226994828201924 ], [ -114.601325097809024, 55.226994828201924 ], [ -114.601325097809024, 55.326994828201926 ], [ -114.701325097809018, 55.326994828201926 ], [ -114.701325097809018, 55.226994828201924 ] ] ] } },
{ "type": "Feature", "properties": { "value": "1", "label": "AQHI 1", "color": "#01cbff", "timestamp": "2026-10-09 14:00:00", "generated_at": "2026-10-09T20:31:38.042297", "nearest_km": 4.8017358061083932, "n_points": 10, "weight_sum": 0.023233480073320659, "confidence": "High", "flagged": false }, "geometry": { "type": "Polygon", "coordinates": [ [ [ -114.601325097809024, 55.226994828201924 ], [ -114.50132509780903, 55.226994828201924 ], [ -114.50132509780903, 55.326994828201926 ], [ -114.601325097809024, 55.326994828201926 ], [ -114.601325097809024, 55.226994828201924 ] ] ] } },
{ "type": "Feature", "properties": { "value": "1", "label": "AQHI 1", "color": "#01cbff", "timestamp": "2026-10-09 14:00:00", "generated_at": "2026-10-09T20:31:38.042297", "nearest_km": 10.894021605020749, "n_points": 11, "weight_sum": 0.0050619892976279876, "confidence": "High", "flagged": false }, "geometry": { "type": "Polygon", "coordinates": [ [ [ -114.50132509780903, 55.226994828201924 ], [ -114.401325097809035, 55.226994828201924 ], [ -114.401325097809035, 55.326994828201926 ], [ -114.50132509780903, 55.326994828201926 ], [ -114.50132509780903, 55.226994828201924 ] ] ] } },
{ "type": "Feature", "properties": { "value": "1", "label": "AQHI 1", "color": "#01cbff", "timestamp": "2026-10-09 14:00:00", "generated_at": "2026-10-09T20:31:38.042297", "nearest_km": 21.46445309598235, "n_points": 11, "weight_sum": 0.0016972234507141651, "confidence": "High", "flagged": false }, "geometry": { "type": "Polygon", "coordinates": [ [ [ -114.401325097809035, 55.226994828201924 ], [ -114.301325097809041, 55.226994828201924 ], [ -114.301325097809041, 55.326994828201926 ], [ -114.401325097809035, 55.326994828201926 ], [ -114.401325097809035, 55.226994828201924 ] ] ] } },
{ "type": "Feature", "properties": { "value": "1", "label": "AQHI 1", "color": "#01cbff", "timestamp": "2026-10-09 14:00:00", "generated_at": "2026-10-09T20:31:38.042297", "nearest_km": 32.391137471360366, "n_points": 11, "weight_sum": 0.00098503882148359744, "confidence": "Medium", "flagged": false }, "geometry": { "type": "Polygon", "coordinates": [ [ [ -114.301325097809041, 55.226994828201924 ], [ -114.201325097809047, 55.226994828201924 ], [ -114.201325097809047, 55.326994828201926 ], [ -114.301325097809041, 55.326994828201926 ], [ -114.301325097809041, 55.226994828201924 ] ] ] } },
{ "type": "Feature", "properties": { "value": "1", "label": "AQHI 1", "color": "#01cbff", "timestamp": "2026-10-09 14:00:00", "generated_at": "2026-10-09T20:31:38.042297", "nearest_km": 43.405861662539046, "n_points": 11, "weight_sum": 0.0007211732922378256, "confidence": "Medium", "flagged": false }, "geometry": { "type": "Polygon", "coordinates": [ [ [ -114.201325097809047, 55.226994828201924 ], [ -114.101325097809053, 55.226994828201924 ], [ -114.101325097809053, 55.326994828201926 ], [ -114.201325097809047, 55.326994828201926 ], [ -114.201325097809047, 55.226994828201924 ] ] ] } },
{ "type": "Feature", "properties": { "value": "1", "label": "AQHI 1", "color": "#01cbff", "timestamp": "2026-10-09 14:00:00", "generated_at": "2026-10-09T20:31:38.042297", "nearest_km": 54.455228092868737, "n_points": 11, "weight_sum": 0.0005953642547549871, "confidence": "Medium", "flagged": false }, "geometry": { "type": "Polygon", "coordinates": [ [ [ -114.101325097809053, 55.226994828201924 ], [ -114.001325097809058, 55.226994828201924 ], [ -114.001325097809058, 55.326994828201926 ], [ -114.101325097809053, 55.326994828201926 ], [ -114.101325097809053, 55.226994828201924 ] ] ] } },
{ "type": "Feature", "properties": { "value": "1", "label": "AQHI 1", "color": "#01cbff", "timestamp": "2026-10-09 14:00:00", "generated_at": "2026-10-09T20:31:38.042297", "nearest_km": 65.521713245497608, "n_points": 10, "weight_sum": 0.00050775650455140591, "confidence": "Medium", "flagged": false }, "geometry": { "type": "Polygon", "coordinates": [ [ [ -114.001325097809058, 55.226994828201924 ], [ -113.901325097809064, 55.226994828201924 ], [ -113.901325097809064, 55.326994828201926 ], [ -114.001325097809058, 55.326994828201926 ], [ -114.001325097809058, 55.226994828201924 ] ] ] } },
{ "type": "Feature", "properties": { "value": "1", "label": "AQHI 1", "color": "#01cbff", "timestamp": "2026-10-09 14:00:00", "generated_at": "2026-10-09T20:31:38.042297", "nearest_km": 76.597897794939797, "n_points": 11, "weight_sum": 0.00049661741168750134, "confidence": "Low", "flagged": false }, "geometry": { "type": "Polygon", "coordinates": [ [ [ -113.901325097809064, 55.226994828201924 ], [ -113.80132509780907, 55.226994828201924 ], [ -113.80132509780907, 55.326994828201926 ], [ -113.901325097809064, 55.326994828201926 ], [ -113.901325097809064, 55.226994828201924 ] ] ] } },
{ "type": "Feature", "properties": { "value": "1", "label": "AQHI 1", "color": "#01cbff", "timestamp": "2026-10-09 14:00:00", "generated_at": "2026-10-09T20:31:38.042297", "nearest_km": 67.112473203924694, "n_points": 11, "weight_sum": 0.00048648379016422182, "confidence": "Medium", "flagged": false }, "geometry": { "type": "Polygon", "coordinates": [ [ [ -113.80132509780907, 55.226994828201924 ], [ -113.701325097809075, 55.226994828201924 ], [ -113.701325097809075, 55.326994828201926 ], [ -113.80132509780907, 55.326994828201926 ], [ -113.80132509780907, 55.226994828201924 ] ] ] } },
{ "type": "Feature", "properties": { "value": "1", "label": "AQHI 1", "color": "#01cbff", "timestamp": "2026-10-09 14:00:00", "generated_at": "2026-10-09T20:31:38.042297", "nearest_km": 56.014162053238692, "n_points": 10, "weight_sum": 0.00048100099348508764, "confidence": "Medium", "flagged": false }, "geometry": { "type": "Polygon", "coordinates": [ [ [ -113.701325097809075, 55.226994828201924 ], [ -113.601325097809081, 55.226994828201924 ], [ -113.601325097809081, 55.326994828201926 ], [ -113.701325097809075, 55.326994828201926 ], [ -113.701325097809075, 55.226994828201924 ] ] ] } },
{ "type": "Feature", "properties": { "value": "1", "label": "AQHI 1", "color": "#01cbff", "timestamp": "2026-10-09 14:00:00", "generated_at": "2026-10-09T20:31:38.042297", "nearest_km": 44.916685557879639, "n_points": 8, "weight_sum": 0.00049869839979331933, "confidence": "Medium", "flagged": false }, "geometry": { "type": "Polygon", "coordinates": [ [ [ -113.601325097809081, 55.226994828201924 ], [ -113.501325097809087, 55.226994828201924 ], [ -113.501325097809087, 55.326994828201926 ], [ -113.601325097809081, 55.326994828201926 ], [ -113.601325097809081, 55.226994828201924 ] ] ] } },
{ "type": "Feature", "properties": { "value": "1", "label": "AQHI 1", "color": "#01cbff", "timestamp": "2026-10-09 14:00:00", "generated_at": "2026-10-09T20:31:38.042297", "nearest_km": 33.820865342039255, "n_points": 10, "weight_sum": 0.0007354168267317098, "confidence": "Medium", "flagged": false }, "geometry": { "type": "Polygon", "coordinates": [ [ [ -113.501325097809087, 55.226994828201924 ], [ -113.401325097809092, 55.226994828201924 ], [ -113.401325097809092, 55.326994828201926 ], [ -113.501325097809087, 55.326994828201926 ], [ -113.501325097809087, 55.226994828201924 ] ] ] } },
{ "type": "Feature", "properties": { "value": "1", "label": "AQHI 1", "color": "#01cbff", "timestamp": "2026-10-09 14:00:00", "generated_at": "2026-10-09T20:31:38.042297", "nearest_km": 14.52820084359236, "n_points": 7, "weight_sum": 0.002847631147088186, "confidence": "High", "flagged": false }, "geometry": { "type": "Polygon", "coordinates": [ [ [ -115.301325097808984, 55.326994828201926 ], [ -115.20132509780899, 55.326994828201926 ], [ -115.20132509780899, 55.426994828201927 ], [ -115.301325097808984, 55.426994828201927 ], [ -115.301325097808984, 55.326994828201926 ] ] ] } },
{ "type": "Feature", "properties": { "value": "1", "label": "AQHI 1", "color": "#01cbff", "timestamp": "2026-10-09 14:00:00", "generated_at": "2026-10-09T20:31:38.042297", "nearest_km": 25.627730171258104, "n_points": 8, "weight_sum": 0.0013177153087895403, "confidence": "Medium", "flagged": false }, "geometry": { "type": "Polygon", "coordinates": [ [ [ -115.20132509780899, 55.326994828201926 ], [ -115.101325097808996, 55.326994828201926 ], [ -115.101325097808996, 55.426994828201927 ], [ -115.20132509780899, 55.426994828201927 ], [ -115.20132509780899, 55.326994828201926 ] ] ] } },
{ "type": "Feature", "properties": { "value": "1", "label": "AQHI 1", "color": "#01cbff", "timestamp": "2026-10-09 14:00:00", "generated_at": "2026-10-09T20:31:38.042297", "nearest_km": 36.727543992347755, "n_points": 8, "weight_sum": 0.0010934927452272631, "confidence": "Medium", "flagged": false }, "geometry": { "type": "Polygon", "coordinates": [ [ [ -115.101325097808996, 55.326994828201926 ], [ -115.001325097809001, 55.326994828201926 ], [ -115.001325097809001, 55.426994828201927 ], [ -115.101325097808996, 55.426994828201927 ], [ -115.101325097808996, 55.326994828201926 ] ] ] } },
{ "type": "Feature", "properties": { "value": "1", "label": "AQHI 1", "color": "#01cbff", "timestamp": "2026-10-09 14:00:00", "generated_at": "2026-10-09T20:31:38.042297", "nearest_km": 25.797962391624527, "n_points": 11, "weight_sum": 0.0014526806597525812, "confidence": "Medium", "flagged": false }, "geometry": { "type": "Polygon", "coordinates": [ [ [ -115.001325097809001, 55.326994828201926 ], [ -114.901325097809007, 55.326994828201926 ], [ -114.901325097809007, 55.426994828201927 ], [ -115.001325097809001, 55.426994828201927 ], [ -115.001325097809001, 55.326994828201926 ] ] ] } },
{ "type": "Feature", "properties": { "value": "1", "label": "AQHI 1", "color": "#01cbff", "timestamp": "2026-10-09 14:00:00", "generated_at": "2026-10-09T20:31:38.042297", "nearest_km": 15.065478005650339, "n_points": 11, "weight_sum": 0.0029909492923037035, "confidence": "High", "flagged": false }, "geometry": { "type": "Polygon", "coordinates": [ [ [ -114.901325097809007, 55.326994828201926 ], [ -114.801325097809013, 55.326994828201926 ], [ -114.801325097809013, 55.426994828201927 ], [ -114.901325097809007, 55.426994828201927 ], [ -114.901325097809007, 55.326994828201926 ] ] ] } },
{ "type": "Feature", "properties": { "value": "1", "label": "AQHI 1", "color": "#01cbff", "timestamp": "2026-10-09 14:00:00", "generated_at": "2026-10-09T20:31:38.042297", "nearest_km": 5.901050035185861, "n_points": 9, "weight_sum": 0.015497194972180064, "confidence": "High", "flagged": false }, "geometry": { "type": "Polygon", "coordinates": [ [ [ -114.801325097809013, 55.326994828201926 ], [ -114.701325097809018, 55.326994828201926 ], [ -114.701325097809018, 55.426994828201927 ], [ -114.801325097809013, 55.426994828201927 ], [ -114.801325097809013, 55.326994828201926 ] ] ] } },
{ "type": "Feature", "properties": { "value": "1", "label": "AQHI 1", "color": "#01cbff", "timestamp": "2026-10-09 14:00:00", "generated_at": "2026-10-09T20:31:38.042297", "nearest_km": 9.4390759874455874, "n_points": 9, "weight_sum": 0.0084588149315759347, "confidence": "High", "flagged": false }, "geometry": { "type": "Polygon", "coordinates": [ [ [ -114.701325097809018, 55.326994828201926 ], [ -114.601325097809024, 55.326994828201926 ], [ -114.601325097809024, 55.426994828201927 ], [ -114.701325097809018, 55.426994828201927 ], [ -114.701325097809018, 55.326994828201926 ] ] ] } },
{ "type": "Feature", "properties": { "value": "1", "label": "AQHI 1", "color": "#01cbff", "timestamp": "2026-10-09 14:00:00", "generated_at": "2026-10-09T20:31:38.042297", "nearest_km": 6.5802466828264388, "n_points": 9, "weight_sum": 0.013088049372619242, "confidence": "High", "flagged": false }, "geometry": { "type": "Polygon", "coordinates": [ [ [ -114.601325097809024, 55.326994828201926 ], [ -114.50132509780903, 55.326994828201926 ], [ -114.50132509780903, 55.426994828201927 ], [ -114.601325097809024, 55.426994828201927 ], [ -114.601325097809024, 55.326994828201926 ] ] ] } },
{ "type": "Feature", "properties": { "value": "1", "label": "AQHI 1", "color": "#01cbff", "timestamp": "2026-10-09 14:00:00", "generated_at": "2026-10-09T20:31:38.042297", "nearest_km": 11.786546838911038, "n_points": 10, "weight_sum": 0.0044084352285775211, "confidence": "High", "flagged": false }, "geometry": { "type": "Polygon", "coordinates": [ [ [ -114.50132509780903, 55.326994828201926 ], [ -114.401325097809035, 55.326994828201926 ], [ -114.401325097809035, 55.426994828201927 ], [ -114.50132509780903, 55.426994828201927 ], [ -114.50132509780903, 55.326994828201926 ] ] ] } },
{ "type": "Feature", "properties": { "value": "1", "label": "AQHI 1", "color": "#01cbff", "timestamp": "2026-10-09 14:00:00", "generated_at": "2026-10-09T20:31:38.042297", "nearest_km": 21.93093081391693, "n_points": 10, "weight_sum": 0.0016077060069864008, "confidence": "High", "flagged": false }, "geometry": { "type": "Polygon", "coordinates": [ [ [ -114.401325097809035, 55.326994828201926 ], [ -114.301325097809041, 55.326994828201926 ], [ -114.301325097809041, 55.426994828201927 ], [ -114.401325097809035, 55.426994828201927 ], [ -114.401325097809035, 55.326994828201926 ] ] ] } },
{ "type": "Feature", "properties": { "value": "1", "label": "AQHI 1", "color": "#01cbff", "timestamp": "2026-10-09 14:00:00", "generated_at": "2026-10-09T20:31:38.042297", "nearest_km": 32.702121740702857, "n_points": 11, "weight_sum": 0.00095532827301427782, "confidence": "Medium", "flagged": false }, "geometry": { "type": "Polygon", "coordinates": [ [ [ -114.301325097809041, 55.326994828201926 ], [ -114.201325097809047, 55.326994828201926 ], [ -114.201325097809047, 55.426994828201927 ], [ -114.301325097809041, 55.426994828201927 ], [ -114.301325097809041, 55.326994828201926 ] ] ] } },
{ "type": "Feature", "properties": { "value": "1", "label": "AQHI 1", "color": "#01cbff", "timestamp": "2026-10-09 14:00:00", "generated_at": "2026-10-09T20:31:38.042297", "nearest_km": 43.638421217118541, "n_points": 11, "weight_sum": 0.00070130727469222825, "confidence": "Medium", "flagged": false }, "geometry": { "type": "Polygon", "coordinates": [ [ [ -114.201325097809047, 55.326994828201926 ], [ -114.101325097809053, 55.326994828201926 ], [ -114.101325097809053, 55.426994828201927 ], [ -114.201325097809047, 55.426994828201927 ], [ -114.201325097809047, 55.326994828201926 ] ] ] } },
{ "type": "Feature", "properties": { "value": "1", "label": "AQHI 1", "color": "#01cbff", "timestamp": "2026-10-09 14:00:00", "generated_at": "2026-10-09T20:31:38.042297", "nearest_km": 54.6407800667372, "n_points": 11, "weight_sum": 0.00058153823064229762, "confidence": "Medium", "flagged": false }, "geometry": { "type": "Polygon", "coordinates": [ [ [ -114.101325097809053, 55.326994828201926 ], [ -114.001325097809058, 55.326994828201926 ], [ -114.001325097809058, 55.426994828201927 ], [ -114.101325097809053, 55.426994828201927 ], [ -114.101325097809053, 55.326994828201926 ] ] ] } },
{ "type": "Feature", "properties": { "value": "1", "label": "AQHI 1", "color": "#01cbff", "timestamp": "2026-10-09 14:00:00", "generated_at": "2026-10-09T20:31:38.042297", "nearest_km": 65.676006930083688, "n_points": 10, "weight_sum": 0.00049853059088914606, "confidence": "Medium", "flagged": false }, "geometry": { "type": "Polygon", "coordinates": [ [ [ -114.001325097809058, 55.326994828201926 ], [ -113.901325097809064, 55.326994828201926 ], [ -113.901325097809064, 55.426994828201927 ], [ -114.001325097809058, 55.426994828201927 ], [ -114.001325097809058, 55.326994828201926 ] ] ] } },
{ "type": "Feature", "properties": { "value": "1", "label": "AQHI 1", "color": "#01cbff", "timestamp": "2026-10-09 14:00:00", "generated_at": "2026-10-09T20:31:38.042297", "nearest_km": 74.402350299638712, "n_points": 10, "weight_sum": 0.00046718358512249638, "confidence": "Medium", "flagged": false }, "geometry": { "type": "Polygon", "coordinates": [ [ [ -113.901325097809064, 55.326994828201926 ], [ -113.80132509780907, 55.326994828201926 ], [ -113.80132509780907, 55.426994828201927 ], [ -113.901325097809064, 55.426994828201927 ], [ -113.901325097809064, 55.326994828201926 ] ] ] } },
{ "type": "Feature", "properties": { "value": "1", "label": "AQHI 1", "color": "#01cbff", "timestamp": "2026-10-09 14:00:00", "generated_at": "2026-10-09T20:31:38.042297", "nearest_km": 67.849473610358245, "n_points": 10, "weight_sum": 0.00045721512111557321, "confidence": "Medium", "flagged": false }, "geometry": { "type": "Polygon", "coordinates": [ [ [ -113.80132509780907, 55.326994828201926 ], [ -113.701325097809075, 55.326994828201926 ], [ -113.701325097809075, 55.426994828201927 ], [ -113.80132509780907, 55.426994828201927 ], [ -113.80132509780907, 55.326994828201926 ] ] ] } },
{ "type": "Feature", "properties": { "value": "1", "label": "AQHI 1", "color": "#01cbff", "timestamp": "2026-10-09 14:00:00", "generated_at": "2026-10-09T20:31:38.042297", "nearest_km": 56.895108402934575, "n_points": 8, "weight_sum": 0.00043017776005756236, "confidence": "Medium", "flagged": false }, "geometry": { "type": "Polygon", "coordinates": [ [ [ -113.701325097809075, 55.326994828201926 ], [ -113.601325097809081, 55.326994828201926 ], [ -113.601325097809081, 55.426994828201927 ], [ -113.701325097809075, 55.426994828201927 ], [ -113.701325097809075, 55.326994828201926 ] ] ] } },
{ "type": "Feature", "properties": { "value": "1", "label": "AQHI 1", "color": "#01cbff", "timestamp": "2026-10-09 14:00:00", "generated_at": "2026-10-09T20:31:38.042297", "nearest_km": 46.010603681766909, "n_points": 8, "weight_sum": 0.00048661389111667069, "confidence": "Medium", "flagged": false }, "geometry": { "type": "Polygon", "coordinates": [ [ [ -113.601325097809081, 55.326994828201926 ], [ -113.501325097809087, 55.326994828201926 ], [ -113.501325097809087, 55.426994828201927 ], [ -113.601325097809081, 55.426994828201927 ], [ -113.601325097809081, 55.326994828201926 ] ] ] } },
{ "type": "Feature", "properties": { "value": "1", "label": "AQHI 1", "color": "#01cbff", "timestamp": "2026-10-09 14:00:00", "generated_at": "2026-10-09T20:31:38.042297", "nearest_km": 35.26071386315855, "n_points": 8, "weight_sum": 0.00062943561268973989, "confidence": "Medium", "flagged": false }, "geometry": { "type": "Polygon", "coordinates": [ [ [ -113.501325097809087, 55.326994828201926 ], [ -113.401325097809092, 55.326994828201926 ], [ -113.401325097809092, 55.426994828201927 ], [ -113.501325097809087, 55.426994828201927 ], [ -113.501325097809087, 55.326994828201926 ] ] ] } },
{ "type": "Feature", "properties": { "value": "1", "label": "AQHI 1", "color": "#01cbff", "timestamp": "2026-10-09 14:00:00", "generated_at": "2026-10-09T20:31:38.042297", "nearest_km": 18.390850459044565, "n_points": 7, "weight_sum": 0.001940546907288037, "confidence": "High", "flagged": false }, "geometry": { "type": "Polygon", "coordinates": [ [ [ -115.301325097808984, 55.426994828201927 ], [ -115.20132509780899, 55.426994828201927 ], [ -115.20132509780899, 55.526994828201929 ], [ -115.301325097808984, 55.526994828201929 ], [ -115.301325097808984, 55.426994828201927 ] ] ] } },
{ "type": "Feature", "properties": { "value": "1", "label": "AQHI 1", "color": "#01cbff", "timestamp": "2026-10-09 14:00:00", "generated_at": "2026-10-09T20:31:38.042297", "nearest_km": 27.998844879494488, "n_points": 7, "weight_sum": 0.0011392942283024413, "confidence": "Medium", "flagged": false }, "geometry": { "type": "Polygon", "coordinates": [ [ [ -115.20132509780899, 55.426994828201927 ], [ -115.101325097808996, 55.426994828201927 ], [ -115.101325097808996, 55.526994828201929 ], [ -115.20132509780899, 55.526994828201929 ], [ -115.20132509780899, 55.426994828201927 ] ] ] } },
{ "type": "Feature", "properties": { "value": "1", "label": "AQHI 1", "color": "#01cbff", "timestamp": "2026-10-09 14:00:00", "generated_at": "2026-10-09T20:31:38.042297", "nearest_km": 38.419620619743526, "n_points": 9, "weight_sum": 0.0010089888286783923, "confidence": "Medium", "flagged": false }, "geometry": { "type": "Polygon", "coordinates": [ [ [ -115.101325097808996, 55.426994828201927 ], [ -115.001325097809001, 55.426994828201927 ], [ -115.001325097809001, 55.526994828201929 ], [ -115.101325097808996, 55.526994828201929 ], [ -115.101325097808996, 55.426994828201927 ] ] ] } },
{ "type": "Feature", "properties": { "value": "1", "label": "AQHI 1", "color": "#01cbff", "timestamp": "2026-10-09 14:00:00", "generated_at": "2026-10-09T20:31:38.042297", "nearest_km": 30.002392064881541, "n_points": 9, "weight_sum": 0.0011660659986726194, "confidence": "Medium", "flagged": false }, "geometry": { "type": "Polygon", "coordinates": [ [ [ -115.001325097809001, 55.426994828201927 ], [ -114.901325097809007, 55.426994828201927 ], [ -114.901325097809007, 55.526994828201929 ], [ -115.001325097809001, 55.526994828201929 ], [ -115.001325097809001, 55.426994828201927 ] ] ] } },
{ "type": "Feature", "properties": { "value": "1", "label": "AQHI 1", "color": "#01cbff", "timestamp": "2026-10-09 14:00:00", "generated_at": "2026-10-09T20:31:38.042297", "nearest_km": 21.484349969080462, "n_points": 9, "weight_sum": 0.0017377226172573816, "confidence": "High", "flagged": false }, "geometry": { "type": "Polygon", "coordinates": [ [ [ -114.901325097809007, 55.426994828201927 ], [ -114.801325097809013, 55.426994828201927 ], [ -114.801325097809013, 55.526994828201929 ], [ -114.901325097809007, 55.526994828201929 ], [ -114.901325097809007, 55.426994828201927 ] ] ] } },
{ "type": "Feature", "properties": { "value": "1", "label": "AQHI 1", "color": "#01cbff", "timestamp": "2026-10-09 14:00:00", "generated_at": "2026-10-09T20:31:38.042297", "nearest_km": 16.414355228669827, "n_points": 7, "weight_sum": 0.0026692176223047817, "confidence": "High", "flagged": false }, "geometry": { "type": "Polygon", "coordinates": [ [ [ -114.801325097809013, 55.426994828201927 ], [ -114.701325097809018, 55.426994828201927 ], [ -114.701325097809018, 55.526994828201929 ], [ -114.801325097809013, 55.526994828201929 ], [ -114.801325097809013, 55.426994828201927 ] ] ] } },
{ "type": "Feature", "properties": { "value": "1", "label": "AQHI 1", "color": "#01cbff", "timestamp": "2026-10-09 14:00:00", "generated_at": "2026-10-09T20:31:38.042297", "nearest_km": 17.991798730309466, "n_points": 9, "weight_sum": 0.0028832875884801778, "confidence": "High", "flagged": false }, "geometry": { "type": "Polygon", "coordinates": [ [ [ -114.701325097809018, 55.426994828201927 ], [ -114.601325097809024, 55.426994828201927 ], [ -114.601325097809024, 55.526994828201929 ], [ -114.701325097809018, 55.526994828201929 ], [ -114.701325097809018, 55.426994828201927 ] ] ] } },
{ "type": "Feature", "properties": { "value": "1", "label": "AQHI 1", "color": "#01cbff", "timestamp": "2026-10-09 14:00:00", "generated_at": "2026-10-09T20:31:38.042297", "nearest_km": 17.605755481149917, "n_points": 9, "weight_sum": 0.0026559687028233077, "confidence": "High", "flagged": false }, "geometry": { "type": "Polygon", "coordinates": [ [ [ -114.601325097809024, 55.426994828201927 ], [ -114.50132509780903, 55.426994828201927 ], [ -114.50132509780903, 55.526994828201929 ], [ -114.601325097809024, 55.526994828201929 ], [ -114.601325097809024, 55.426994828201927 ] ] ] } },
{ "type": "Feature", "properties": { "value": "1", "label": "AQHI 1", "color": "#01cbff", "timestamp": "2026-10-09 14:00:00", "generated_at": "2026-10-09T20:31:38.042297", "nearest_km": 20.139157530568049, "n_points": 9, "weight_sum": 0.0018989479591490935, "confidence": "High", "flagged": false }, "geometry": { "type": "Polygon", "coordinates": [ [ [ -114.50132509780903, 55.426994828201927 ], [ -114.401325097809035, 55.426994828201927 ], [ -114.401325097809035, 55.526994828201929 ], [ -114.50132509780903, 55.526994828201929 ], [ -114.50132509780903, 55.426994828201927 ] ] ] } },
{ "type": "Feature", "properties": { "value": "1", "label": "AQHI 1", "color": "#01cbff", "timestamp": "2026-10-09 14:00:00", "generated_at": "2026-10-09T20:31:38.042297", "nearest_km": 27.342799893573503, "n_points": 9, "weight_sum": 0.0011681810165404614, "confidence": "Medium", "flagged": false }, "geometry": { "type": "Polygon", "coordinates": [ [ [ -114.401325097809035, 55.426994828201927 ], [ -114.301325097809041, 55.426994828201927 ], [ -114.301325097809041, 55.526994828201929 ], [ -114.401325097809035, 55.526994828201929 ], [ -114.401325097809035, 55.426994828201927 ] ] ] } },
{ "type": "Feature", "properties": { "value": "1", "label": "AQHI 1", "color": "#01cbff", "timestamp": "2026-10-09 14:00:00", "generated_at": "2026-10-09T20:31:38.042297", "nearest_km": 36.552588772875481, "n_points": 10, "weight_sum": 0.00081724173235698529, "confidence": "Medium", "flagged": false }, "geometry": { "type": "Polygon", "coordinates": [ [ [ -114.301325097809041, 55.426994828201927 ], [ -114.201325097809047, 55.426994828201927 ], [ -114.201325097809047, 55.526994828201929 ], [ -114.301325097809041, 55.526994828201929 ], [ -114.301325097809041, 55.426994828201927 ] ] ] } },
{ "type": "Feature", "properties": { "value": "1", "label": "AQHI 1", "color": "#01cbff", "timestamp": "2026-10-09 14:00:00", "generated_at": "2026-10-09T20:31:38.042297", "nearest_km": 46.593720456493422, "n_points": 10, "weight_sum": 0.00063669862177260952, "confidence": "Medium", "flagged": false }, "geometry": { "type": "Polygon", "coordinates": [ [ [ -114.201325097809047, 55.426994828201927 ], [ -114.101325097809053, 55.426994828201927 ], [ -114.101325097809053, 55.526994828201929 ], [ -114.201325097809047, 55.526994828201929 ], [ -114.201325097809047, 55.426994828201927 ] ] ] } },
{ "type": "Feature", "properties": { "value": "1", "label": "AQHI 1", "color": "#01cbff", "timestamp": "2026-10-09 14:00:00", "generated_at": "2026-10-09T20:31:38.042297", "nearest_km": 57.02874561093499, "n_points": 10, "weight_sum": 0.00054439064297681281, "confidence": "Medium", "flagged": false }, "geometry": { "type": "Polygon", "coordinates": [ [ [ -114.101325097809053, 55.426994828201927 ], [ -114.001325097809058, 55.426994828201927 ], [ -114.001325097809058, 55.526994828201929 ], [ -114.101325097809053, 55.526994828201929 ], [ -114.101325097809053, 55.426994828201927 ] ] ] } },
{ "type": "Feature", "properties": { "value": "1", "label": "AQHI 1", "color": "#01cbff", "timestamp": "2026-10-09 14:00:00", "generated_at": "2026-10-09T20:31:38.042297", "nearest_km": 64.605490616405021, "n_points": 7, "weight_sum": 0.00043126354435382139, "confidence": "Medium", "flagged": false }, "geometry": { "type": "Polygon", "coordinates": [ [ [ -114.001325097809058, 55.426994828201927 ], [ -113.901325097809064, 55.426994828201927 ], [ -113.901325097809064, 55.526994828201929 ], [ -114.001325097809058, 55.526994828201929 ], [ -114.001325097809058, 55.426994828201927 ] ] ] } },
{ "type": "Feature", "properties": { "value": "1", "label": "AQHI 1", "color": "#01cbff", "timestamp": "2026-10-09 14:00:00", "generated_at": "2026-10-09T20:31:38.042297", "nearest_km": 63.306754250753684, "n_points": 6, "weight_sum": 0.00038721402590373059, "confidence": "Medium", "flagged": false }, "geometry": { "type": "Polygon", "coordinates": [ [ [ -113.901325097809064, 55.426994828201927 ], [ -113.80132509780907, 55.426994828201927 ], [ -113.80132509780907, 55.526994828201929 ], [ -113.901325097809064, 55.526994828201929 ], [ -113.901325097809064, 55.426994828201927 ] ] ] } },
{ "type": "Feature", "properties": { "value": "1", "label": "AQHI 1", "color": "#01cbff", "timestamp": "2026-10-09 14:00:00", "generated_at": "2026-10-09T20:31:38.042297", "nearest_km": 63.937788902527849, "n_points": 6, "weight_sum": 0.00037924591327600263, "confidence": "Medium", "flagged": false }, "geometry": { "type": "Polygon", "coordinates": [ [ [ -113.80132509780907, 55.426994828201927 ], [ -113.701325097809075, 55.426994828201927 ], [ -113.701325097809075, 55.526994828201929 ], [ -113.80132509780907, 55.526994828201929 ], [ -113.80132509780907, 55.426994828201927 ] ] ] } },
{ "type": "Feature", "properties": { "value": "1", "label": "AQHI 1", "color": "#01cbff", "timestamp": "2026-10-09 14:00:00", "generated_at": "2026-10-09T20:31:38.042297", "nearest_km": 59.857667594359803, "n_points": 6, "weight_sum": 0.00038623384390679654, "confidence": "Medium", "flagged": false }, "geometry": { "type": "Polygon", "coordinates": [ [ [ -113.701325097809075, 55.426994828201927 ], [ -113.601325097809081, 55.426994828201927 ], [ -113.601325097809081, 55.526994828201929 ], [ -113.701325097809075, 55.526994828201929 ], [ -113.701325097809075, 55.426994828201927 ] ] ] } },
{ "type": "Feature", "properties": { "value": "1", "label": "AQHI 1", "color": "#01cbff", "timestamp": "2026-10-09 14:00:00", "generated_at": "2026-10-09T20:31:38.042297", "nearest_km": 49.627237086259584, "n_points": 5, "weight_sum": 0.00039712045430558669, "confidence": "Medium", "flagged": false }, "geometry": { "type": "Polygon", "coordinates": [ [ [ -113.601325097809081, 55.426994828201927 ], [ -113.501325097809087, 55.426994828201927 ], [ -113.501325097809087, 55.526994828201929 ], [ -113.601325097809081, 55.526994828201929 ], [ -113.601325097809081, 55.426994828201927 ] ] ] } },
{ "type": "Feature", "properties": { "value": "1", "label": "AQHI 1", "color": "#01cbff", "timestamp": "2026-10-09 14:00:00", "generated_at": "2026-10-09T20:31:38.042297", "nearest_km": 39.864833522726997, "n_points": 6, "weight_sum": 0.00050574191387587589, "confidence": "Medium", "flagged": false }, "geometry": { "type": "Polygon", "coordinates": [ [ [ -113.501325097809087, 55.426994828201927 ], [ -113.401325097809092, 55.426994828201927 ], [ -113.401325097809092, 55.526994828201929 ], [ -113.501325097809087, 55.526994828201929 ], [ -113.501325097809087, 55.426994828201927 ] ] ] } },
{ "type": "Feature", "properties": { "value": "1", "label": "AQHI 1", "color": "#01cbff", "timestamp": "2026-10-09 14:00:00", "generated_at": "2026-10-09T20:31:38.042297", "nearest_km": 26.679545375851674, "n_points": 7, "weight_sum": 0.0011318697446026725, "confidence": "Medium", "flagged": false }, "geometry": { "type": "Polygon", "coordinates": [ [ [ -115.301325097808984, 55.526994828201929 ], [ -115.20132509780899, 55.526994828201929 ], [ -115.20132509780899, 55.62699482820193 ], [ -115.301325097808984, 55.62699482820193 ], [ -115.301325097808984, 55.526994828201929 ] ] ] } },
{ "type": "Feature", "properties": { "value": "1", "label": "AQHI 1", "color": "#01cbff", "timestamp": "2026-10-09 14:00:00", "generated_at": "2026-10-09T20:31:38.042297", "nearest_km": 34.022199744302014, "n_points": 7, "weight_sum": 0.00088333153974229784, "confidence": "Medium", "flagged": false }, "geometry": { "type": "Polygon", "coordinates": [ [ [ -115.20132509780899, 55.526994828201929 ], [ -115.101325097808996, 55.526994828201929 ], [ -115.101325097808996, 55.62699482820193 ], [ -115.20132509780899, 55.62699482820193 ], [ -115.20132509780899, 55.526994828201929 ] ] ] } },
{ "type": "Feature", "properties": { "value": "1", "label": "AQHI 1", "color": "#01cbff", "timestamp": "2026-10-09 14:00:00", "generated_at": "2026-10-09T20:31:38.042297", "nearest_km": 43.007464577910319, "n_points": 8, "weight_sum": 0.00082004048813411013, "confidence": "Medium", "flagged": false }, "geometry": { "type": "Polygon", "coordinates": [ [ [ -115.101325097808996, 55.526994828201929 ], [ -115.001325097809001, 55.526994828201929 ], [ -115.001325097809001, 55.62699482820193 ], [ -115.101325097808996, 55.62699482820193 ], [ -115.101325097808996, 55.526994828201929 ] ] ] } },
{ "type": "Feature", "properties": { "value": "1", "label": "AQHI 1", "color": "#01cbff", "timestamp": "2026-10-09 14:00:00", "generated_at": "2026-10-09T20:31:38.042297", "nearest_km": 37.164125116435436, "n_points": 8, "weight_sum": 0.00087793343443059394, "confidence": "Medium", "flagged": false }, "geometry": { "type": "Polygon", "coordinates": [ [ [ -115.001325097809001, 55.526994828201929 ], [ -114.901325097809007, 55.526994828201929 ], [ -114.901325097809007, 55.62699482820193 ], [ -115.001325097809001, 55.62699482820193 ], [ -115.001325097809001, 55.526994828201929 ] ] ] } },
{ "type": "Feature", "properties": { "value": "1", "label": "AQHI 1", "color": "#01cbff", "timestamp": "2026-10-09 14:00:00", "generated_at": "2026-10-09T20:31:38.042297", "nearest_km": 30.701888535546598, "n_points": 9, "weight_sum": 0.0010794957762956972, "confidence": "Medium", "flagged": false }, "geometry": { "type": "Polygon", "coordinates": [ [ [ -114.901325097809007, 55.526994828201929 ], [ -114.801325097809013, 55.526994828201929 ], [ -114.801325097809013, 55.62699482820193 ], [ -114.901325097809007, 55.62699482820193 ], [ -114.901325097809007, 55.526994828201929 ] ] ] } },
{ "type": "Feature", "properties": { "value": "1", "label": "AQHI 1", "color": "#01cbff", "timestamp": "2026-10-09 14:00:00", "generated_at": "2026-10-09T20:31:38.042297", "nearest_km": 27.394519956154749, "n_points": 7, "weight_sum": 0.0012478776100008472, "confidence": "Medium", "flagged": false }, "geometry": { "type": "Polygon", "coordinates": [ [ [ -114.801325097809013, 55.526994828201929 ], [ -114.701325097809018, 55.526994828201929 ], [ -114.701325097809018, 55.62699482820193 ], [ -114.801325097809013, 55.62699482820193 ], [ -114.801325097809013, 55.526994828201929 ] ] ] } },
{ "type": "Feature", "properties": { "value": "1", "label": "AQHI 1", "color": "#01cbff", "timestamp": "2026-10-09 14:00:00", "generated_at": "2026-10-09T20:31:38.042297", "nearest_km": 28.367824865631931, "n_points": 7, "weight_sum": 0.0013331554455873239, "confidence": "Medium", "flagged": false }, "geometry": { "type": "Polygon", "coordinates": [ [ [ -114.701325097809018, 55.526994828201929 ], [ -114.601325097809024, 55.526994828201929 ], [ -114.601325097809024, 55.62699482820193 ], [ -114.701325097809018, 55.62699482820193 ], [ -114.701325097809018, 55.526994828201929 ] ] ] } },
{ "type": "Feature", "properties": { "value": "1", "label": "AQHI 1", "color": "#01cbff", "timestamp": "2026-10-09 14:00:00", "generated_at": "2026-10-09T20:31:38.042297", "nearest_km": 28.688771422234854, "n_points": 7, "weight_sum": 0.0012490669871333478, "confidence": "Medium", "flagged": false }, "geometry": { "type": "Polygon", "coordinates": [ [ [ -114.601325097809024, 55.526994828201929 ], [ -114.50132509780903, 55.526994828201929 ], [ -114.50132509780903, 55.62699482820193 ], [ -114.601325097809024, 55.62699482820193 ], [ -114.601325097809024, 55.526994828201929 ] ] ] } },
{ "type": "Feature", "properties": { "value": "1", "label": "AQHI 1", "color": "#01cbff", "timestamp": "2026-10-09 14:00:00", "generated_at": "2026-10-09T20:31:38.042297", "nearest_km": 30.309547104769393, "n_points": 7, "weight_sum": 0.0010363159114715394, "confidence": "Medium", "flagged": false }, "geometry": { "type": "Polygon", "coordinates": [ [ [ -114.50132509780903, 55.526994828201929 ], [ -114.401325097809035, 55.526994828201929 ], [ -114.401325097809035, 55.62699482820193 ], [ -114.50132509780903, 55.62699482820193 ], [ -114.50132509780903, 55.526994828201929 ] ] ] } },
{ "type": "Feature", "properties": { "value": "1", "label": "AQHI 1", "color": "#01cbff", "timestamp": "2026-10-09 14:00:00", "generated_at": "2026-10-09T20:31:38.042297", "nearest_km": 35.506502019703412, "n_points": 7, "weight_sum": 0.00080105566472033255, "confidence": "Medium", "flagged": false }, "geometry": { "type": "Polygon", "coordinates": [ [ [ -114.401325097809035, 55.526994828201929 ], [ -114.301325097809041, 55.526994828201929 ], [ -114.301325097809041, 55.62699482820193 ], [ -114.401325097809035, 55.62699482820193 ], [ -114.401325097809035, 55.526994828201929 ] ] ] } },
{ "type": "Feature", "properties": { "value": "1", "label": "AQHI 1", "color": "#01cbff", "timestamp": "2026-10-09 14:00:00", "generated_at": "2026-10-09T20:31:38.042297", "nearest_km": 43.002031645657645, "n_points": 7, "weight_sum": 0.00063072166030304693, "confidence": "Medium", "flagged": false }, "geometry": { "type": "Polygon", "coordinates": [ [ [ -114.301325097809041, 55.526994828201929 ], [ -114.201325097809047, 55.526994828201929 ], [ -114.201325097809047, 55.62699482820193 ], [ -114.301325097809041, 55.62699482820193 ], [ -114.301325097809041, 55.526994828201929 ] ] ] } },
{ "type": "Feature", "properties": { "value": "1", "label": "AQHI 1", "color": "#01cbff", "timestamp": "2026-10-09 14:00:00", "generated_at": "2026-10-09T20:31:38.042297", "nearest_km": 51.80789288933736, "n_points": 7, "weight_sum": 0.00053079453242217364, "confidence": "Medium", "flagged": false }, "geometry": { "type": "Polygon", "coordinates": [ [ [ -114.201325097809047, 55.526994828201929 ], [ -114.101325097809053, 55.526994828201929 ], [ -114.101325097809053, 55.62699482820193 ], [ -114.201325097809047, 55.62699482820193 ], [ -114.201325097809047, 55.526994828201929 ] ] ] } },
{ "type": "Feature", "properties": { "value": "1", "label": "AQHI 1", "color": "#01cbff", "timestamp": "2026-10-09 14:00:00", "generated_at": "2026-10-09T20:31:38.042297", "nearest_km": 57.487990967354442, "n_points": 6, "weight_sum": 0.00045716050315265758, "confidence": "Medium", "flagged": false }, "geometry": { "type": "Polygon", "coordinates": [ [ [ -114.101325097809053, 55.526994828201929 ], [ -114.001325097809058, 55.526994828201929 ], [ -114.001325097809058, 55.62699482820193 ], [ -114.101325097809053, 55.62699482820193 ], [ -114.101325097809053, 55.526994828201929 ] ] ] } },
{ "type": "Feature", "properties": { "value": "1", "label": "AQHI 1", "color": "#01cbff", "timestamp": "2026-10-09 14:00:00", "generated_at": "2026-10-09T20:31:38.042297", "nearest_km": 53.780338614047196, "n_points": 5, "weight_sum": 0.0004136980187789884, "confidence": "Medium", "flagged": false }, "geometry": { "type": "Polygon", "coordinates": [ [ [ -114.001325097809058, 55.526994828201929 ], [ -113.901325097809064, 55.526994828201929 ], [ -113.901325097809064, 55.62699482820193 ], [ -114.001325097809058, 55.62699482820193 ], [ -114.001325097809058, 55.526994828201929 ] ] ] } },
{ "type": "Feature", "properties": { "value": "1", "label": "AQHI 1", "color": "#01cbff", "timestamp": "2026-10-09 14:00:00", "generated_at": "2026-10-09T20:31:38.042297", "nearest_km": 52.213030341290263, "n_points": 5, "weight_sum": 0.00040179374194978211, "confidence": "Medium", "flagged": false }, "geometry": { "type": "Polygon", "coordinates": [ [ [ -113.901325097809064, 55.526994828201929 ], [ -113.80132509780907, 55.526994828201929 ], [ -113.80132509780907, 55.62699482820193 ], [ -113.901325097809064, 55.62699482820193 ], [ -113.901325097809064, 55.526994828201929 ] ] ] } },
{ "type": "Feature", "properties": { "value": "1", "label": "AQHI 1", "color": "#01cbff", "timestamp": "2026-10-09 14:00:00", "generated_at": "2026-10-09T20:31:38.042297", "nearest_km": 52.976374483342966, "n_points": 5, "weight_sum": 0.00039031071095684477, "confidence": "Medium", "flagged": false }, "geometry": { "type": "Polygon", "coordinates": [ [ [ -113.80132509780907, 55.526994828201929 ], [ -113.701325097809075, 55.526994828201929 ], [ -113.701325097809075, 55.62699482820193 ], [ -113.80132509780907, 55.62699482820193 ], [ -113.80132509780907, 55.526994828201929 ] ] ] } },
{ "type": "Feature", "properties": { "value": "1", "label": "AQHI 1", "color": "#01cbff", "timestamp": "2026-10-09 14:00:00", "generated_at": "2026-10-09T20:31:38.042297", "nearest_km": 55.975101334238396, "n_points": 4, "weight_sum": 0.00036026172647351092, "confidence": "Medium", "flagged": false }, "geometry": { "type": "Polygon", "coordinates": [ [ [ -113.701325097809075, 55.526994828201929 ], [ -113.601325097809081, 55.526994828201929 ], [ -113.601325097809081, 55.62699482820193 ], [ -113.701325097809075, 55.62699482820193 ], [ -113.701325097809075, 55.526994828201929 ] ] ] } },
{ "type": "Feature", "properties": { "value": "1", "label": "AQHI 1", "color": "#01cbff", "timestamp": "2026-10-09 14:00:00", "generated_at": "2026-10-09T20:31:38.042297", "nearest_km": 55.273589267126695, "n_points": 4, "weight_sum": 0.00036572008523905804, "confidence": "Medium", "flagged": false }, "geometry": { "type": "Polygon", "coordinates": [ [ [ -113.601325097809081, 55.526994828201929 ], [ -113.501325097809087, 55.526994828201929 ], [ -113.501325097809087, 55.62699482820193 ], [ -113.601325097809081, 55.62699482820193 ], [ -113.601325097809081, 55.526994828201929 ] ] ] } },
{ "type": "Feature", "properties": { "value": "1", "label": "AQHI 1", "color": "#01cbff", "timestamp": "2026-10-09 14:00:00", "generated_at": "2026-10-09T20:31:38.042297", "nearest_km": 46.706658641460763, "n_points": 4, "weight_sum": 0.00039626434276777435, "confidence": "Medium", "flagged": false }, "geometry": { "type": "Polygon", "coordinates": [ [ [ -113.501325097809087, 55.526994828201929 ], [ -113.401325097809092, 55.526994828201929 ], [ -113.401325097809092, 55.62699482820193 ], [ -113.501325097809087, 55.62699482820193 ], [ -113.501325097809087, 55.526994828201929 ] ] ] } },
{ "type": "Feature", "properties": { "value": "1", "label": "AQHI 1", "color": "#01cbff", "timestamp": "2026-10-09 14:00:00", "generated_at": "2026-10-09T20:31:38.042297", "nearest_km": 36.493737850723434, "n_points": 6, "weight_sum": 0.00074207687141602076, "confidence": "Medium", "flagged": false }, "geometry": { "type": "Polygon", "coordinates": [ [ [ -115.301325097808984, 55.62699482820193 ], [ -115.20132509780899, 55.62699482820193 ], [ -115.20132509780899, 55.726994828201931 ], [ -115.301325097808984, 55.726994828201931 ], [ -115.301325097808984, 55.62699482820193 ] ] ] } },
{ "type": "Feature", "properties": { "value": "1", "label": "AQHI 1", "color": "#01cbff", "timestamp": "2026-10-09 14:00:00", "generated_at": "2026-10-09T20:31:38.042297", "nearest_km": 42.160465323527674, "n_points": 6, "weight_sum": 0.00065500666295455288, "confidence": "Medium", "flagged": false }, "geometry": { "type": "Polygon", "coordinates": [ [ [ -115.20132509780899, 55.62699482820193 ], [ -115.101325097808996, 55.62699482820193 ], [ -115.101325097808996, 55.726994828201931 ], [ -115.20132509780899, 55.726994828201931 ], [ -115.20132509780899, 55.62699482820193 ] ] ] } },
{ "type": "Feature", "properties": { "value": "1", "label": "AQHI 1", "color": "#01cbff", "timestamp": "2026-10-09 14:00:00", "generated_at": "2026-10-09T20:31:38.042297", "nearest_km": 49.695440135644304, "n_points": 8, "weight_sum": 0.00066180047411708211, "confidence": "Medium", "flagged": false }, "geometry": { "type": "Polygon", "coordinates": [ [ [ -115.101325097808996, 55.62699482820193 ], [ -115.001325097809001, 55.62699482820193 ], [ -115.001325097809001, 55.726994828201931 ], [ -115.101325097808996, 55.726994828201931 ], [ -115.101325097808996, 55.62699482820193 ] ] ] } },
{ "type": "Feature", "properties": { "value": "1", "label": "AQHI 1", "color": "#01cbff", "timestamp": "2026-10-09 14:00:00", "generated_at": "2026-10-09T20:31:38.042297", "nearest_km": 45.919721925609203, "n_points": 8, "weight_sum": 0.00067894478838183259, "confidence": "Medium", "flagged": false }, "geometry": { "type": "Polygon", "coordinates": [ [ [ -115.001325097809001, 55.62699482820193 ], [ -114.901325097809007, 55.62699482820193 ], [ -114.901325097809007, 55.726994828201931 ], [ -115.001325097809001, 55.726994828201931 ], [ -115.001325097809001, 55.62699482820193 ] ] ] } },
{ "type": "Feature", "properties": { "value": "1", "label": "AQHI 1", "color": "#01cbff", "timestamp": "2026-10-09 14:00:00", "generated_at": "2026-10-09T20:31:38.042297", "nearest_km": 40.866301835428359, "n_points": 8, "weight_sum": 0.000735853288090871, "confidence": "Medium", "flagged": false }, "geometry": { "type": "Polygon", "coordinates": [ [ [ -114.901325097809007, 55.62699482820193 ], [ -114.801325097809013, 55.62699482820193 ], [ -114.801325097809013, 55.726994828201931 ], [ -114.901325097809007, 55.726994828201931 ], [ -114.901325097809007, 55.62699482820193 ] ] ] } },
{ "type": "Feature", "properties": { "value": "1", "label": "AQHI 1", "color": "#01cbff", "timestamp": "2026-10-09 14:00:00", "generated_at": "2026-10-09T20:31:38.042297", "nearest_km": 38.443574101315917, "n_points": 6, "weight_sum": 0.00075345666528414614, "confidence": "Medium", "flagged": false }, "geometry": { "type": "Polygon", "coordinates": [ [ [ -114.801325097809013, 55.62699482820193 ], [ -114.701325097809018, 55.62699482820193 ], [ -114.701325097809018, 55.726994828201931 ], [ -114.801325097809013, 55.726994828201931 ], [ -114.801325097809013, 55.62699482820193 ] ] ] } },
{ "type": "Feature", "properties": { "value": "1", "label": "AQHI 1", "color": "#01cbff", "timestamp": "2026-10-09 14:00:00", "generated_at": "2026-10-09T20:31:38.042297", "nearest_km": 39.143098416737182, "n_points": 7, "weight_sum": 0.00080358729249777874, "confidence": "Medium", "flagged": false }, "geometry": { "type": "Polygon", "coordinates": [ [ [ -114.701325097809018, 55.62699482820193 ], [ -114.601325097809024, 55.62699482820193 ], [ -114.601325097809024, 55.726994828201931 ], [ -114.701325097809018, 55.726994828201931 ], [ -114.701325097809018, 55.62699482820193 ] ] ] } },
{ "type": "Feature", "properties": { "value": "1", "label": "AQHI 1", "color": "#01cbff", "timestamp": "2026-10-09 14:00:00", "generated_at": "2026-10-09T20:31:38.042297", "nearest_km": 39.781259223061873, "n_points": 7, "weight_sum": 0.00077296457861378677, "confidence": "Medium", "flagged": false }, "geometry": { "type": "Polygon", "coordinates": [ [ [ -114.601325097809024, 55.62699482820193 ], [ -114.50132509780903, 55.62699482820193 ], [ -114.50132509780903, 55.726994828201931 ], [ -114.601325097809024, 55.726994828201931 ], [ -114.601325097809024, 55.62699482820193 ] ] ] } },
{ "type": "Feature", "properties": { "value": "1", "label": "AQHI 1", "color": "#01cbff", "timestamp": "2026-10-09 14:00:00", "generated_at": "2026-10-09T20:31:38.042297", "nearest_km": 40.965493105190873, "n_points": 6, "weight_sum": 0.00067549689540013906, "confidence": "Medium", "flagged": false }, "geometry": { "type": "Polygon", "coordinates": [ [ [ -114.50132509780903, 55.62699482820193 ], [ -114.401325097809035, 55.62699482820193 ], [ -114.401325097809035, 55.726994828201931 ], [ -114.50132509780903, 55.726994828201931 ], [ -114.50132509780903, 55.62699482820193 ] ] ] } },
{ "type": "Feature", "properties": { "value": "1", "label": "AQHI 1", "color": "#01cbff", "timestamp": "2026-10-09 14:00:00", "generated_at": "2026-10-09T20:31:38.042297", "nearest_km": 44.946798165502386, "n_points": 7, "weight_sum": 0.00061195611517853368, "confidence": "Medium", "flagged": false }, "geometry": { "type": "Polygon", "coordinates": [ [ [ -114.401325097809035, 55.62699482820193 ], [ -114.301325097809041, 55.62699482820193 ], [ -114.301325097809041, 55.726994828201931 ], [ -114.401325097809035, 55.726994828201931 ], [ -114.401325097809035, 55.62699482820193 ] ] ] } },
{ "type": "Feature", "properties": { "value": "1", "label": "AQHI 1", "color": "#01cbff", "timestamp": "2026-10-09 14:00:00", "generated_at": "2026-10-09T20:31:38.042297", "nearest_km": 51.075216155287563, "n_points": 6, "weight_sum": 0.00052357465161290758, "confidence": "Medium", "flagged": false }, "geometry": { "type": "Polygon", "coordinates": [ [ [ -114.301325097809041, 55.62699482820193 ], [ -114.201325097809047, 55.62699482820193 ], [ -114.201325097809047, 55.726994828201931 ], [ -114.301325097809041, 55.726994828201931 ], [ -114.301325097809041, 55.62699482820193 ] ] ] } },
{ "type": "Feature", "properties": { "value": "1", "label": "AQHI 1", "color": "#01cbff", "timestamp": "2026-10-09 14:00:00", "generated_at": "2026-10-09T20:31:38.042297", "nearest_km": 54.117546074621991, "n_points": 6, "weight_sum": 0.00049033235995656153, "confidence": "Medium", "flagged": false }, "geometry": { "type": "Polygon", "coordinates": [ [ [ -114.201325097809047, 55.62699482820193 ], [ -114.101325097809053, 55.62699482820193 ], [ -114.101325097809053, 55.726994828201931 ], [ -114.201325097809047, 55.726994828201931 ], [ -114.201325097809047, 55.62699482820193 ] ] ] } },
{ "type": "Feature", "properties": { "value": "1", "label": "AQHI 1", "color": "#01cbff", "timestamp": "2026-10-09 14:00:00", "generated_at": "2026-10-09T20:31:38.042297", "nearest_km": 47.641835702644912, "n_points": 5, "weight_sum": 0.00046639729747755177, "confidence": "Medium", "flagged": false }, "geometry": { "type": "Polygon", "coordinates": [ [ [ -114.101325097809053, 55.62699482820193 ], [ -114.001325097809058, 55.62699482820193 ], [ -114.001325097809058, 55.726994828201931 ], [ -114.101325097809053, 55.726994828201931 ], [ -114.101325097809053, 55.62699482820193 ] ] ] } },
{ "type": "Feature", "properties": { "value": "1", "label": "AQHI 1", "color": "#01cbff", "timestamp": "2026-10-09 14:00:00", "generated_at": "2026-10-09T20:31:38.042297", "nearest_km": 43.095245968630472, "n_points": 4, "weight_sum": 0.00046214384901611027, "confidence": "Medium", "flagged": false }, "geometry": { "type": "Polygon", "coordinates": [ [ [ -114.001325097809058, 55.62699482820193 ], [ -113.901325097809064, 55.62699482820193 ], [ -113.901325097809064, 55.726994828201931 ], [ -114.001325097809058, 55.726994828201931 ], [ -114.001325097809058, 55.62699482820193 ] ] ] } },
{ "type": "Feature", "properties": { "value": "1", "label": "AQHI 1", "color": "#01cbff", "timestamp": "2026-10-09 14:00:00", "generated_at": "2026-10-09T20:31:38.042297", "nearest_km": 41.122693747804064, "n_points": 4, "weight_sum": 0.00047168195103976446, "confidence": "Medium", "flagged": false }, "geometry": { "type": "Polygon", "coordinates": [ [ [ -113.901325097809064, 55.62699482820193 ], [ -113.80132509780907, 55.62699482820193 ], [ -113.80132509780907, 55.726994828201931 ], [ -113.901325097809064, 55.726994828201931 ], [ -113.901325097809064, 55.62699482820193 ] ] ] } },
{ "type": "Feature", "properties": { "value": "1", "label": "AQHI 1", "color": "#01cbff", "timestamp": "2026-10-09 14:00:00", "generated_at": "2026-10-09T20:31:38.042297", "nearest_km": 42.087666329396036, "n_points": 4, "weight_sum": 0.00045284126489902372, "confidence": "Medium", "flagged": false }, "geometry": { "type": "Polygon", "coordinates": [ [ [ -113.80132509780907, 55.62699482820193 ], [ -113.701325097809075, 55.62699482820193 ], [ -113.701325097809075, 55.726994828201931 ], [ -113.80132509780907, 55.726994828201931 ], [ -113.80132509780907, 55.62699482820193 ] ] ] } },
{ "type": "Feature", "properties": { "value": "1", "label": "AQHI 1", "color": "#01cbff", "timestamp": "2026-10-09 14:00:00", "generated_at": "2026-10-09T20:31:38.042297", "nearest_km": 45.804883724701696, "n_points": 4, "weight_sum": 0.00041421935208864845, "confidence": "Medium", "flagged": false }, "geometry": { "type": "Polygon", "coordinates": [ [ [ -113.701325097809075, 55.62699482820193 ], [ -113.601325097809081, 55.62699482820193 ], [ -113.601325097809081, 55.726994828201931 ], [ -113.701325097809075, 55.726994828201931 ], [ -113.701325097809075, 55.62699482820193 ] ] ] } },
{ "type": "Feature", "properties": { "value": "1", "label": "AQHI 1", "color": "#01cbff", "timestamp": "2026-10-09 14:00:00", "generated_at": "2026-10-09T20:31:38.042297", "nearest_km": 51.683876489793988, "n_points": 4, "weight_sum": 0.00037946066706520697, "confidence": "Medium", "flagged": false }, "geometry": { "type": "Polygon", "coordinates": [ [ [ -113.601325097809081, 55.62699482820193 ], [ -113.501325097809087, 55.62699482820193 ], [ -113.501325097809087, 55.726994828201931 ], [ -113.601325097809081, 55.726994828201931 ], [ -113.601325097809081, 55.62699482820193 ] ] ] } },
{ "type": "Feature", "properties": { "value": "1", "label": "AQHI 1", "color": "#01cbff", "timestamp": "2026-10-09 14:00:00", "generated_at": "2026-10-09T20:31:38.042297", "nearest_km": 54.956700875372356, "n_points": 4, "weight_sum": 0.00036303222495792241, "confidence": "Medium", "flagged": false }, "geometry": { "type": "Polygon", "coordinates": [ [ [ -113.501325097809087, 55.62699482820193 ], [ -113.401325097809092, 55.62699482820193 ], [ -113.401325097809092, 55.726994828201931 ], [ -113.501325097809087, 55.726994828201931 ], [ -113.501325097809087, 55.62699482820193 ] ] ] } },
{ "type": "Feature", "properties": { "value": "1", "label": "AQHI 1", "color": "#01cbff", "timestamp": "2026-10-09 14:00:00", "generated_at": "2026-10-09T20:31:38.042297", "nearest_km": 51.41905869569748, "n_points": 7, "weight_sum": 0.00053497093925201412, "confidence": "Medium", "flagged": false }, "geometry": { "type": "Polygon", "coordinates": [ [ [ -115.20132509780899, 55.726994828201931 ], [ -115.101325097808996, 55.726994828201931 ], [ -115.101325097808996, 55.826994828201933 ], [ -115.20132509780899, 55.826994828201933 ], [ -115.20132509780899, 55.726994828201931 ] ] ] } },
{ "type": "Feature", "properties": { "value": "1", "label": "AQHI 1", "color": "#01cbff", "timestamp": "2026-10-09 14:00:00", "generated_at": "2026-10-09T20:31:38.042297", "nearest_km": 57.758562405331816, "n_points": 7, "weight_sum": 0.00051579641538984753, "confidence": "Medium", "flagged": false }, "geometry": { "type": "Polygon", "coordinates": [ [ [ -115.101325097808996, 55.726994828201931 ], [ -115.001325097809001, 55.726994828201931 ], [ -115.001325097809001, 55.826994828201933 ], [ -115.101325097808996, 55.826994828201933 ], [ -115.101325097808996, 55.726994828201931 ] ] ] } },
{ "type": "Feature", "properties": { "value": "1", "label": "AQHI 1", "color": "#01cbff", "timestamp": "2026-10-09 14:00:00", "generated_at": "2026-10-09T20:31:38.042297", "nearest_km": 55.520172260003733, "n_points": 7, "weight_sum": 0.00051778936006098304, "confidence": "Medium", "flagged": false }, "geometry": { "type": "Polygon", "coordinates": [ [ [ -115.001325097809001, 55.726994828201931 ], [ -114.901325097809007, 55.726994828201931 ], [ -114.901325097809007, 55.826994828201933 ], [ -115.001325097809001, 55.826994828201933 ], [ -115.001325097809001, 55.726994828201931 ] ] ] } },
{ "type": "Feature", "properties": { "value": "1", "label": "AQHI 1", "color": "#01cbff", "timestamp": "2026-10-09 14:00:00", "generated_at": "2026-10-09T20:31:38.042297", "nearest_km": 51.419094622129911, "n_points": 7, "weight_sum": 0.00053479862593469878, "confidence": "Medium", "flagged": false }, "geometry": { "type": "Polygon", "coordinates": [ [ [ -114.901325097809007, 55.726994828201931 ], [ -114.801325097809013, 55.726994828201931 ], [ -114.801325097809013, 55.826994828201933 ], [ -114.901325097809007, 55.826994828201933 ], [ -114.901325097809007, 55.726994828201931 ] ] ] } },
{ "type": "Feature", "properties": { "value": "1", "label": "AQHI 1", "color": "#01cbff", "timestamp": "2026-10-09 14:00:00", "generated_at": "2026-10-09T20:31:38.042297", "nearest_km": 49.515422402909806, "n_points": 5, "weight_sum": 0.00051040302401982973, "confidence": "Medium", "flagged": false }, "geometry": { "type": "Polygon", "coordinates": [ [ [ -114.801325097809013, 55.726994828201931 ], [ -114.701325097809018, 55.726994828201931 ], [ -114.701325097809018, 55.826994828201933 ], [ -114.801325097809013, 55.826994828201933 ], [ -114.801325097809013, 55.726994828201931 ] ] ] } },
{ "type": "Feature", "properties": { "value": "1", "label": "AQHI 1", "color": "#01cbff", "timestamp": "2026-10-09 14:00:00", "generated_at": "2026-10-09T20:31:38.042297", "nearest_km": 50.060471628996737, "n_points": 5, "weight_sum": 0.00052090711113237016, "confidence": "Medium", "flagged": false }, "geometry": { "type": "Polygon", "coordinates": [ [ [ -114.701325097809018, 55.726994828201931 ], [ -114.601325097809024, 55.726994828201931 ], [ -114.601325097809024, 55.826994828201933 ], [ -114.701325097809018, 55.826994828201933 ], [ -114.701325097809018, 55.726994828201931 ] ] ] } },
{ "type": "Feature", "properties": { "value": "1", "label": "AQHI 1", "color": "#01cbff", "timestamp": "2026-10-09 14:00:00", "generated_at": "2026-10-09T20:31:38.042297", "nearest_km": 50.877023940356985, "n_points": 5, "weight_sum": 0.00051025599950202784, "confidence": "Medium", "flagged": false }, "geometry": { "type": "Polygon", "coordinates": [ [ [ -114.601325097809024, 55.726994828201931 ], [ -114.50132509780903, 55.726994828201931 ], [ -114.50132509780903, 55.826994828201933 ], [ -114.601325097809024, 55.826994828201933 ], [ -114.601325097809024, 55.726994828201931 ] ] ] } },
{ "type": "Feature", "properties": { "value": "1", "label": "AQHI 1", "color": "#01cbff", "timestamp": "2026-10-09 14:00:00", "generated_at": "2026-10-09T20:31:38.042297", "nearest_km": 51.808248426352471, "n_points": 4, "weight_sum": 0.00046420647206266369, "confidence": "Medium", "flagged": false }, "geometry": { "type": "Polygon", "coordinates": [ [ [ -114.50132509780903, 55.726994828201931 ], [ -114.401325097809035, 55.726994828201931 ], [ -114.401325097809035, 55.826994828201933 ], [ -114.50132509780903, 55.826994828201933 ], [ -114.50132509780903, 55.726994828201931 ] ] ] } },
{ "type": "Feature", "properties": { "value": "1", "label": "AQHI 1", "color": "#01cbff", "timestamp": "2026-10-09 14:00:00", "generated_at": "2026-10-09T20:31:38.042297", "nearest_km": 55.010341254946063, "n_points": 5, "weight_sum": 0.00046205991341644466, "confidence": "Medium", "flagged": false }, "geometry": { "type": "Polygon", "coordinates": [ [ [ -114.401325097809035, 55.726994828201931 ], [ -114.301325097809041, 55.726994828201931 ], [ -114.301325097809041, 55.826994828201933 ], [ -114.401325097809035, 55.826994828201933 ], [ -114.401325097809035, 55.726994828201931 ] ] ] } },
{ "type": "Feature", "properties": { "value": "1", "label": "AQHI 1", "color": "#01cbff", "timestamp": "2026-10-09 14:00:00", "generated_at": "2026-10-09T20:31:38.042297", "nearest_km": 55.185038559513757, "n_points": 5, "weight_sum": 0.00045486352759112212, "confidence": "Medium", "flagged": false }, "geometry": { "type": "Polygon", "coordinates": [ [ [ -114.301325097809041, 55.726994828201931 ], [ -114.201325097809047, 55.726994828201931 ], [ -114.201325097809047, 55.826994828201933 ], [ -114.301325097809041, 55.826994828201933 ], [ -114.301325097809041, 55.726994828201931 ] ] ] } },
{ "type": "Feature", "properties": { "value": "1", "label": "AQHI 1", "color": "#01cbff", "timestamp": "2026-10-09 14:00:00", "generated_at": "2026-10-09T20:31:38.042297", "nearest_km": 46.260179385666305, "n_points": 5, "weight_sum": 0.00047993693057901026, "confidence": "Medium", "flagged": false }, "geometry": { "type": "Polygon", "coordinates": [ [ [ -114.201325097809047, 55.726994828201931 ], [ -114.101325097809053, 55.726994828201931 ], [ -114.101325097809053, 55.826994828201933 ], [ -114.201325097809047, 55.826994828201933 ], [ -114.201325097809047, 55.726994828201931 ] ] ] } },
{ "type": "Feature", "properties": { "value": "1", "label": "AQHI 1", "color": "#01cbff", "timestamp": "2026-10-09 14:00:00", "generated_at": "2026-10-09T20:31:38.042297", "nearest_km": 38.48428137269817, "n_points": 4, "weight_sum": 0.00052878571248586343, "confidence": "Medium", "flagged": false }, "geometry": { "type": "Polygon", "coordinates": [ [ [ -114.101325097809053, 55.726994828201931 ], [ -114.001325097809058, 55.726994828201931 ], [ -114.001325097809058, 55.826994828201933 ], [ -114.101325097809053, 55.826994828201933 ], [ -114.101325097809053, 55.726994828201931 ] ] ] } },
{ "type": "Feature", "properties": { "value": "1", "label": "AQHI 1", "color": "#01cbff", "timestamp": "2026-10-09 14:00:00", "generated_at": "2026-10-09T20:31:38.042297", "nearest_km": 32.687851393934622, "n_points": 4, "weight_sum": 0.00063765731020740883, "confidence": "Medium", "flagged": false }, "geometry": { "type": "Polygon", "coordinates": [ [ [ -114.001325097809058, 55.726994828201931 ], [ -113.901325097809064, 55.726994828201931 ], [ -113.901325097809064, 55.826994828201933 ], [ -114.001325097809058, 55.826994828201933 ], [ -114.001325097809058, 55.726994828201931 ] ] ] } },
{ "type": "Feature", "properties": { "value": "1", "label": "AQHI 1", "color": "#01cbff", "timestamp": "2026-10-09 14:00:00", "generated_at": "2026-10-09T20:31:38.042297", "nearest_km": 30.039496412737599, "n_points": 4, "weight_sum": 0.00071079600980843984, "confidence": "Medium", "flagged": false }, "geometry": { "type": "Polygon", "coordinates": [ [ [ -113.901325097809064, 55.726994828201931 ], [ -113.80132509780907, 55.726994828201931 ], [ -113.80132509780907, 55.826994828201933 ], [ -113.901325097809064, 55.826994828201933 ], [ -113.901325097809064, 55.726994828201931 ] ] ] } },
{ "type": "Feature", "properties": { "value": "1", "label": "AQHI 1", "color": "#01cbff", "timestamp": "2026-10-09 14:00:00", "generated_at": "2026-10-09T20:31:38.042297", "nearest_km": 31.347520806433302, "n_points": 4, "weight_sum": 0.00066006095807992276, "confidence": "Medium", "flagged": false }, "geometry": { "type": "Polygon", "coordinates": [ [ [ -113.80132509780907, 55.726994828201931 ], [ -113.701325097809075, 55.726994828201931 ], [ -113.701325097809075, 55.826994828201933 ], [ -113.80132509780907, 55.826994828201933 ], [ -113.80132509780907, 55.726994828201931 ] ] ] } },
{ "type": "Feature", "properties": { "value": "1", "label": "AQHI 1", "color": "#01cbff", "timestamp": "2026-10-09 14:00:00", "generated_at": "2026-10-09T20:31:38.042297", "nearest_km": 36.185394521666261, "n_points": 4, "weight_sum": 0.00053453914405508372, "confidence": "Medium", "flagged": false }, "geometry": { "type": "Polygon", "coordinates": [ [ [ -113.701325097809075, 55.726994828201931 ], [ -113.601325097809081, 55.726994828201931 ], [ -113.601325097809081, 55.826994828201933 ], [ -113.701325097809075, 55.826994828201933 ], [ -113.701325097809075, 55.726994828201931 ] ] ] } },
{ "type": "Feature", "properties": { "value": "1", "label": "AQHI 1", "color": "#01cbff", "timestamp": "2026-10-09 14:00:00", "generated_at": "2026-10-09T20:31:38.042297", "nearest_km": 43.387999408447861, "n_points": 4, "weight_sum": 0.00042600787037934667, "confidence": "Medium", "flagged": false }, "geometry": { "type": "Polygon", "coordinates": [ [ [ -113.601325097809081, 55.726994828201931 ], [ -113.501325097809087, 55.726994828201931 ], [ -113.501325097809087, 55.826994828201933 ], [ -113.601325097809081, 55.826994828201933 ], [ -113.601325097809081, 55.726994828201931 ] ] ] } },
{ "type": "Feature", "properties": { "value": "1", "label": "AQHI 1", "color": "#01cbff", "timestamp": "2026-10-09 14:00:00", "generated_at": "2026-10-09T20:31:38.042297", "nearest_km": 65.595565351902493, "n_points": 7, "weight_sum": 0.00042007673787595827, "confidence": "Medium", "flagged": false }, "geometry": { "type": "Polygon", "coordinates": [ [ [ -115.001325097809001, 55.826994828201933 ], [ -114.901325097809007, 55.826994828201933 ], [ -114.901325097809007, 55.926994828201934 ], [ -115.001325097809001, 55.926994828201934 ], [ -115.001325097809001, 55.826994828201933 ] ] ] } },
{ "type": "Feature", "properties": { "value": "1", "label": "AQHI 1", "color": "#01cbff", "timestamp": "2026-10-09 14:00:00", "generated_at": "2026-10-09T20:31:38.042297", "nearest_km": 62.162785956026539, "n_points": 7, "weight_sum": 0.00042389436752165413, "confidence": "Medium", "flagged": false }, "geometry": { "type": "Polygon", "coordinates": [ [ [ -114.901325097809007, 55.826994828201933 ], [ -114.801325097809013, 55.826994828201933 ], [ -114.801325097809013, 55.926994828201934 ], [ -114.901325097809007, 55.926994828201934 ], [ -114.901325097809007, 55.826994828201933 ] ] ] } },
{ "type": "Feature", "properties": { "value": "1", "label": "AQHI 1", "color": "#01cbff", "timestamp": "2026-10-09 14:00:00", "generated_at": "2026-10-09T20:31:38.042297", "nearest_km": 60.597571913351487, "n_points": 5, "weight_sum": 0.00038746474441639118, "confidence": "Medium", "flagged": false }, "geometry": { "type": "Polygon", "coordinates": [ [ [ -114.801325097809013, 55.826994828201933 ], [ -114.701325097809018, 55.826994828201933 ], [ -114.701325097809018, 55.926994828201934 ], [ -114.801325097809013, 55.926994828201934 ], [ -114.801325097809013, 55.826994828201933 ] ] ] } },
{ "type": "Feature", "properties": { "value": "1", "label": "AQHI 1", "color": "#01cbff", "timestamp": "2026-10-09 14:00:00", "generated_at": "2026-10-09T20:31:38.042297", "nearest_km": 61.043750587368145, "n_points": 5, "weight_sum": 0.00039370041835188284, "confidence": "Medium", "flagged": false }, "geometry": { "type": "Polygon", "coordinates": [ [ [ -114.701325097809018, 55.826994828201933 ], [ -114.601325097809024, 55.826994828201933 ], [ -114.601325097809024, 55.926994828201934 ], [ -114.701325097809018, 55.926994828201934 ], [ -114.701325097809018, 55.826994828201933 ] ] ] } },
{ "type": "Feature", "properties": { "value": "1", "label": "AQHI 1", "color": "#01cbff", "timestamp": "2026-10-09 14:00:00", "generated_at": "2026-10-09T20:31:38.042297", "nearest_km": 61.974305519972368, "n_points": 4, "weight_sum": 0.00037207497529428665, "confidence": "Medium", "flagged": false }, "geometry": { "type": "Polygon", "coordinates": [ [ [ -114.601325097809024, 55.826994828201933 ], [ -114.50132509780903, 55.826994828201933 ], [ -114.50132509780903, 55.926994828201934 ], [ -114.601325097809024, 55.926994828201934 ], [ -114.601325097809024, 55.826994828201933 ] ] ] } },
{ "type": "Feature", "properties": { "value": "1", "label": "AQHI 1", "color": "#01cbff", "timestamp": "2026-10-09 14:00:00", "generated_at": "2026-10-09T20:31:38.042297", "nearest_km": 62.741035890889414, "n_points": 4, "weight_sum": 0.00037157061537305042, "confidence": "Medium", "flagged": false }, "geometry": { "type": "Polygon", "coordinates": [ [ [ -114.50132509780903, 55.826994828201933 ], [ -114.401325097809035, 55.826994828201933 ], [ -114.401325097809035, 55.926994828201934 ], [ -114.50132509780903, 55.926994828201934 ], [ -114.50132509780903, 55.826994828201933 ] ] ] } },
{ "type": "Feature", "properties": { "value": "1", "label": "AQHI 1", "color": "#01cbff", "timestamp": "2026-10-09 14:00:00", "generated_at": "2026-10-09T20:31:38.042297", "nearest_km": 60.455836513038065, "n_points": 5, "weight_sum": 0.00040024480166952478, "confidence": "Medium", "flagged": false }, "geometry": { "type": "Polygon", "coordinates": [ [ [ -114.401325097809035, 55.826994828201933 ], [ -114.301325097809041, 55.826994828201933 ], [ -114.301325097809041, 55.926994828201934 ], [ -114.401325097809035, 55.926994828201934 ], [ -114.401325097809035, 55.826994828201933 ] ] ] } },
{ "type": "Feature", "properties": { "value": "1", "label": "AQHI 1", "color": "#01cbff", "timestamp": "2026-10-09 14:00:00", "generated_at": "2026-10-09T20:31:38.042297", "nearest_km": 50.031029216579384, "n_points": 5, "weight_sum": 0.00043290497368450934, "confidence": "Medium", "flagged": false }, "geometry": { "type": "Polygon", "coordinates": [ [ [ -114.301325097809041, 55.826994828201933 ], [ -114.201325097809047, 55.826994828201933 ], [ -114.201325097809047, 55.926994828201934 ], [ -114.301325097809041, 55.926994828201934 ], [ -114.301325097809041, 55.826994828201933 ] ] ] } }
]
}
