{
"type": "FeatureCollection",
"name": "AQHI_WCAS_2024",
"crs": { "type": "name", "properties": { "name": "urn:ogc:def:crs:OGC:1.3:CRS84" } },
"features": [
{ "type": "Feature", "properties": { "value": "2", "label": "AQHI 2", "color": "#0099cb", "timestamp": "2026-09-16 14:00:00", "generated_at": "2026-09-16T20:31:32.792111", "nearest_km": 88.902507129074479, "n_points": 3, "weight_sum": 0.00022929748351373604, "confidence": "Low", "flagged": false }, "geometry": { "type": "Polygon", "coordinates": [ [ [ -117.801325097808842, 52.12699482820188 ], [ -117.701325097808848, 52.12699482820188 ], [ -117.701325097808848, 52.226994828201882 ], [ -117.801325097808842, 52.226994828201882 ], [ -117.801325097808842, 52.12699482820188 ] ] ] } },
{ "type": "Feature", "properties": { "value": "2", "label": "AQHI 2", "color": "#0099cb", "timestamp": "2026-09-16 14:00:00", "generated_at": "2026-09-16T20:31:32.792111", "nearest_km": 93.497416626421014, "n_points": 3, "weight_sum": 0.00022329466054601314, "confidence": "Low", "flagged": false }, "geometry": { "type": "Polygon", "coordinates": [ [ [ -117.701325097808848, 52.12699482820188 ], [ -117.601325097808854, 52.12699482820188 ], [ -117.601325097808854, 52.226994828201882 ], [ -117.701325097808848, 52.226994828201882 ], [ -117.701325097808848, 52.12699482820188 ] ] ] } },
{ "type": "Feature", "properties": { "value": "2", "label": "AQHI 2", "color": "#0099cb", "timestamp": "2026-09-16 14:00:00", "generated_at": "2026-09-16T20:31:32.792111", "nearest_km": 99.127685627144203, "n_points": 3, "weight_sum": 0.00021625770052731668, "confidence": "Low", "flagged": false }, "geometry": { "type": "Polygon", "coordinates": [ [ [ -117.601325097808854, 52.12699482820188 ], [ -117.501325097808859, 52.12699482820188 ], [ -117.501325097808859, 52.226994828201882 ], [ -117.601325097808854, 52.226994828201882 ], [ -117.601325097808854, 52.12699482820188 ] ] ] } },
{ "type": "Feature", "properties": { "value": "2", "label": "AQHI 2", "color": "#0099cb", "timestamp": "2026-09-16 14:00:00", "generated_at": "2026-09-16T20:31:32.792111", "nearest_km": 105.62788078804424, "n_points": 3, "weight_sum": 0.00020889073419786647, "confidence": "Low", "flagged": false }, "geometry": { "type": "Polygon", "coordinates": [ [ [ -117.501325097808859, 52.12699482820188 ], [ -117.401325097808865, 52.12699482820188 ], [ -117.401325097808865, 52.226994828201882 ], [ -117.501325097808859, 52.226994828201882 ], [ -117.501325097808859, 52.12699482820188 ] ] ] } },
{ "type": "Feature", "properties": { "value": "2", "label": "AQHI 2", "color": "#0099cb", "timestamp": "2026-09-16 14:00:00", "generated_at": "2026-09-16T20:31:32.792111", "nearest_km": 112.84777508552224, "n_points": 3, "weight_sum": 0.00020144471116656439, "confidence": "Low", "flagged": false }, "geometry": { "type": "Polygon", "coordinates": [ [ [ -117.401325097808865, 52.12699482820188 ], [ -117.301325097808871, 52.12699482820188 ], [ -117.301325097808871, 52.226994828201882 ], [ -117.401325097808865, 52.226994828201882 ], [ -117.401325097808865, 52.12699482820188 ] ] ] } },
{ "type": "Feature", "properties": { "value": "2", "label": "AQHI 2", "color": "#0099cb", "timestamp": "2026-09-16 14:00:00", "generated_at": "2026-09-16T20:31:32.792111", "nearest_km": 114.02410463300964, "n_points": 3, "weight_sum": 0.00019384636818293847, "confidence": "Low", "flagged": false }, "geometry": { "type": "Polygon", "coordinates": [ [ [ -117.301325097808871, 52.12699482820188 ], [ -117.201325097808876, 52.12699482820188 ], [ -117.201325097808876, 52.226994828201882 ], [ -117.301325097808871, 52.226994828201882 ], [ -117.301325097808871, 52.12699482820188 ] ] ] } },
{ "type": "Feature", "properties": { "value": "2", "label": "AQHI 2", "color": "#0099cb", "timestamp": "2026-09-16 14:00:00", "generated_at": "2026-09-16T20:31:32.792111", "nearest_km": 112.2795478149913, "n_points": 3, "weight_sum": 0.00018586491508924962, "confidence": "Low", "flagged": false }, "geometry": { "type": "Polygon", "coordinates": [ [ [ -117.201325097808876, 52.12699482820188 ], [ -117.101325097808882, 52.12699482820188 ], [ -117.101325097808882, 52.226994828201882 ], [ -117.201325097808876, 52.226994828201882 ], [ -117.201325097808876, 52.12699482820188 ] ] ] } },
{ "type": "Feature", "properties": { "value": "2", "label": "AQHI 2", "color": "#0099cb", "timestamp": "2026-09-16 14:00:00", "generated_at": "2026-09-16T20:31:32.792111", "nearest_km": 111.61683241213345, "n_points": 2, "weight_sum": 0.00013305133076211894, "confidence": "Low", "flagged": false }, "geometry": { "type": "Polygon", "coordinates": [ [ [ -117.101325097808882, 52.12699482820188 ], [ -117.001325097808888, 52.12699482820188 ], [ -117.001325097808888, 52.226994828201882 ], [ -117.101325097808882, 52.226994828201882 ], [ -117.101325097808882, 52.12699482820188 ] ] ] } },
{ "type": "Feature", "properties": { "value": "2", "label": "AQHI 2", "color": "#0099cb", "timestamp": "2026-09-16 14:00:00", "generated_at": "2026-09-16T20:31:32.792111", "nearest_km": 112.05515471363923, "n_points": 2, "weight_sum": 0.00012613459821501815, "confidence": "Low", "flagged": false }, "geometry": { "type": "Polygon", "coordinates": [ [ [ -117.001325097808888, 52.12699482820188 ], [ -116.901325097808893, 52.12699482820188 ], [ -116.901325097808893, 52.226994828201882 ], [ -117.001325097808888, 52.226994828201882 ], [ -117.001325097808888, 52.12699482820188 ] ] ] } },
{ "type": "Feature", "properties": { "value": "2", "label": "AQHI 2", "color": "#0099cb", "timestamp": "2026-09-16 14:00:00", "generated_at": "2026-09-16T20:31:32.792111", "nearest_km": 74.803526587392582, "n_points": 3, "weight_sum": 0.00028930510884236157, "confidence": "Medium", "flagged": false }, "geometry": { "type": "Polygon", "coordinates": [ [ [ -117.901325097808837, 52.226994828201882 ], [ -117.801325097808842, 52.226994828201882 ], [ -117.801325097808842, 52.326994828201883 ], [ -117.901325097808837, 52.326994828201883 ], [ -117.901325097808837, 52.226994828201882 ] ] ] } },
{ "type": "Feature", "properties": { "value": "2", "label": "AQHI 2", "color": "#0099cb", "timestamp": "2026-09-16 14:00:00", "generated_at": "2026-09-16T20:31:32.792111", "nearest_km": 78.659129997033332, "n_points": 3, "weight_sum": 0.00028063627653958541, "confidence": "Low", "flagged": false }, "geometry": { "type": "Polygon", "coordinates": [ [ [ -117.801325097808842, 52.226994828201882 ], [ -117.701325097808848, 52.226994828201882 ], [ -117.701325097808848, 52.326994828201883 ], [ -117.801325097808842, 52.326994828201883 ], [ -117.801325097808842, 52.226994828201882 ] ] ] } },
{ "type": "Feature", "properties": { "value": "2", "label": "AQHI 2", "color": "#0099cb", "timestamp": "2026-09-16 14:00:00", "generated_at": "2026-09-16T20:31:32.792111", "nearest_km": 83.817479524676713, "n_points": 3, "weight_sum": 0.00026954452151595404, "confidence": "Low", "flagged": false }, "geometry": { "type": "Polygon", "coordinates": [ [ [ -117.701325097808848, 52.226994828201882 ], [ -117.601325097808854, 52.226994828201882 ], [ -117.601325097808854, 52.326994828201883 ], [ -117.701325097808848, 52.326994828201883 ], [ -117.701325097808848, 52.226994828201882 ] ] ] } },
{ "type": "Feature", "properties": { "value": "2", "label": "AQHI 2", "color": "#0099cb", "timestamp": "2026-09-16 14:00:00", "generated_at": "2026-09-16T20:31:32.792111", "nearest_km": 90.05498884486623, "n_points": 3, "weight_sum": 0.0002581501333545498, "confidence": "Low", "flagged": false }, "geometry": { "type": "Polygon", "coordinates": [ [ [ -117.601325097808854, 52.226994828201882 ], [ -117.501325097808859, 52.226994828201882 ], [ -117.501325097808859, 52.326994828201883 ], [ -117.601325097808854, 52.326994828201883 ], [ -117.601325097808854, 52.226994828201882 ] ] ] } },
{ "type": "Feature", "properties": { "value": "2", "label": "AQHI 2", "color": "#0099cb", "timestamp": "2026-09-16 14:00:00", "generated_at": "2026-09-16T20:31:32.792111", "nearest_km": 97.164047660790331, "n_points": 3, "weight_sum": 0.0002474735552575466, "confidence": "Low", "flagged": false }, "geometry": { "type": "Polygon", "coordinates": [ [ [ -117.501325097808859, 52.226994828201882 ], [ -117.401325097808865, 52.226994828201882 ], [ -117.401325097808865, 52.326994828201883 ], [ -117.501325097808859, 52.326994828201883 ], [ -117.501325097808859, 52.226994828201882 ] ] ] } },
{ "type": "Feature", "properties": { "value": "2", "label": "AQHI 2", "color": "#0099cb", "timestamp": "2026-09-16 14:00:00", "generated_at": "2026-09-16T20:31:32.792111", "nearest_km": 104.96772503873589, "n_points": 3, "weight_sum": 0.00023763045764415669, "confidence": "Low", "flagged": false }, "geometry": { "type": "Polygon", "coordinates": [ [ [ -117.401325097808865, 52.226994828201882 ], [ -117.301325097808871, 52.226994828201882 ], [ -117.301325097808871, 52.326994828201883 ], [ -117.401325097808865, 52.326994828201883 ], [ -117.401325097808865, 52.226994828201882 ] ] ] } },
{ "type": "Feature", "properties": { "value": "2", "label": "AQHI 2", "color": "#0099cb", "timestamp": "2026-09-16 14:00:00", "generated_at": "2026-09-16T20:31:32.792111", "nearest_km": 103.1840132627849, "n_points": 3, "weight_sum": 0.00022818697213146819, "confidence": "Low", "flagged": false }, "geometry": { "type": "Polygon", "coordinates": [ [ [ -117.301325097808871, 52.226994828201882 ], [ -117.201325097808876, 52.226994828201882 ], [ -117.201325097808876, 52.326994828201883 ], [ -117.301325097808871, 52.326994828201883 ], [ -117.301325097808871, 52.226994828201882 ] ] ] } },
{ "type": "Feature", "properties": { "value": "2", "label": "AQHI 2", "color": "#0099cb", "timestamp": "2026-09-16 14:00:00", "generated_at": "2026-09-16T20:31:32.792111", "nearest_km": 101.25285681497566, "n_points": 3, "weight_sum": 0.00021849727902719063, "confidence": "Low", "flagged": false }, "geometry": { "type": "Polygon", "coordinates": [ [ [ -117.201325097808876, 52.226994828201882 ], [ -117.101325097808882, 52.226994828201882 ], [ -117.101325097808882, 52.326994828201883 ], [ -117.201325097808876, 52.326994828201883 ], [ -117.201325097808876, 52.226994828201882 ] ] ] } },
{ "type": "Feature", "properties": { "value": "2", "label": "AQHI 2", "color": "#0099cb", "timestamp": "2026-09-16 14:00:00", "generated_at": "2026-09-16T20:31:32.792111", "nearest_km": 100.51746829966086, "n_points": 3, "weight_sum": 0.00020797996916528661, "confidence": "Low", "flagged": false }, "geometry": { "type": "Polygon", "coordinates": [ [ [ -117.101325097808882, 52.226994828201882 ], [ -117.001325097808888, 52.226994828201882 ], [ -117.001325097808888, 52.326994828201883 ], [ -117.101325097808882, 52.326994828201883 ], [ -117.101325097808882, 52.226994828201882 ] ] ] } },
{ "type": "Feature", "properties": { "value": "2", "label": "AQHI 2", "color": "#0099cb", "timestamp": "2026-09-16 14:00:00", "generated_at": "2026-09-16T20:31:32.792111", "nearest_km": 101.00396949403851, "n_points": 3, "weight_sum": 0.00019631332448888801, "confidence": "Low", "flagged": false }, "geometry": { "type": "Polygon", "coordinates": [ [ [ -117.001325097808888, 52.226994828201882 ], [ -116.901325097808893, 52.226994828201882 ], [ -116.901325097808893, 52.326994828201883 ], [ -117.001325097808888, 52.326994828201883 ], [ -117.001325097808888, 52.226994828201882 ] ] ] } },
{ "type": "Feature", "properties": { "value": "2", "label": "AQHI 2", "color": "#0099cb", "timestamp": "2026-09-16 14:00:00", "generated_at": "2026-09-16T20:31:32.792111", "nearest_km": 64.984813457051416, "n_points": 2, "weight_sum": 0.00028600153888907651, "confidence": "Medium", "flagged": false }, "geometry": { "type": "Polygon", "coordinates": [ [ [ -118.301325097808814, 52.326994828201883 ], [ -118.201325097808819, 52.326994828201883 ], [ -118.201325097808819, 52.426994828201885 ], [ -118.301325097808814, 52.426994828201885 ], [ -118.301325097808814, 52.326994828201883 ] ] ] } },
{ "type": "Feature", "properties": { "value": "2", "label": "AQHI 2", "color": "#0099cb", "timestamp": "2026-09-16 14:00:00", "generated_at": "2026-09-16T20:31:32.792111", "nearest_km": 61.879213973896945, "n_points": 2, "weight_sum": 0.00031469425860124135, "confidence": "Medium", "flagged": false }, "geometry": { "type": "Polygon", "coordinates": [ [ [ -118.201325097808819, 52.326994828201883 ], [ -118.101325097808825, 52.326994828201883 ], [ -118.101325097808825, 52.426994828201885 ], [ -118.201325097808819, 52.426994828201885 ], [ -118.201325097808819, 52.326994828201883 ] ] ] } },
{ "type": "Feature", "properties": { "value": "2", "label": "AQHI 2", "color": "#0099cb", "timestamp": "2026-09-16 14:00:00", "generated_at": "2026-09-16T20:31:32.792111", "nearest_km": 60.675104153242664, "n_points": 3, "weight_sum": 0.00037810647327168775, "confidence": "Medium", "flagged": false }, "geometry": { "type": "Polygon", "coordinates": [ [ [ -118.101325097808825, 52.326994828201883 ], [ -118.001325097808831, 52.326994828201883 ], [ -118.001325097808831, 52.426994828201885 ], [ -118.101325097808825, 52.426994828201885 ], [ -118.101325097808825, 52.326994828201883 ] ] ] } },
{ "type": "Feature", "properties": { "value": "2", "label": "AQHI 2", "color": "#0099cb", "timestamp": "2026-09-16 14:00:00", "generated_at": "2026-09-16T20:31:32.792111", "nearest_km": 61.484302110265027, "n_points": 3, "weight_sum": 0.00038144799908686259, "confidence": "Medium", "flagged": false }, "geometry": { "type": "Polygon", "coordinates": [ [ [ -118.001325097808831, 52.326994828201883 ], [ -117.901325097808837, 52.326994828201883 ], [ -117.901325097808837, 52.426994828201885 ], [ -118.001325097808831, 52.426994828201885 ], [ -118.001325097808831, 52.326994828201883 ] ] ] } },
{ "type": "Feature", "properties": { "value": "2", "label": "AQHI 2", "color": "#0099cb", "timestamp": "2026-09-16 14:00:00", "generated_at": "2026-09-16T20:31:32.792111", "nearest_km": 64.230760138471084, "n_points": 3, "weight_sum": 0.00037022838428421177, "confidence": "Medium", "flagged": false }, "geometry": { "type": "Polygon", "coordinates": [ [ [ -117.901325097808837, 52.326994828201883 ], [ -117.801325097808842, 52.326994828201883 ], [ -117.801325097808842, 52.426994828201885 ], [ -117.901325097808837, 52.426994828201885 ], [ -117.901325097808837, 52.326994828201883 ] ] ] } },
{ "type": "Feature", "properties": { "value": "2", "label": "AQHI 2", "color": "#0099cb", "timestamp": "2026-09-16 14:00:00", "generated_at": "2026-09-16T20:31:32.792111", "nearest_km": 68.682470033810276, "n_points": 3, "weight_sum": 0.00035098431372119208, "confidence": "Medium", "flagged": false }, "geometry": { "type": "Polygon", "coordinates": [ [ [ -117.801325097808842, 52.326994828201883 ], [ -117.701325097808848, 52.326994828201883 ], [ -117.701325097808848, 52.426994828201885 ], [ -117.801325097808842, 52.426994828201885 ], [ -117.801325097808842, 52.326994828201883 ] ] ] } },
{ "type": "Feature", "properties": { "value": "2", "label": "AQHI 2", "color": "#0099cb", "timestamp": "2026-09-16 14:00:00", "generated_at": "2026-09-16T20:31:32.792111", "nearest_km": 74.534507658698971, "n_points": 3, "weight_sum": 0.00033009359178591205, "confidence": "Medium", "flagged": false }, "geometry": { "type": "Polygon", "coordinates": [ [ [ -117.701325097808848, 52.326994828201883 ], [ -117.601325097808854, 52.326994828201883 ], [ -117.601325097808854, 52.426994828201885 ], [ -117.701325097808848, 52.426994828201885 ], [ -117.701325097808848, 52.326994828201883 ] ] ] } },
{ "type": "Feature", "properties": { "value": "2", "label": "AQHI 2", "color": "#0099cb", "timestamp": "2026-09-16 14:00:00", "generated_at": "2026-09-16T20:31:32.792111", "nearest_km": 81.485728651734092, "n_points": 3, "weight_sum": 0.00031131641773112076, "confidence": "Low", "flagged": false }, "geometry": { "type": "Polygon", "coordinates": [ [ [ -117.601325097808854, 52.326994828201883 ], [ -117.501325097808859, 52.326994828201883 ], [ -117.501325097808859, 52.426994828201885 ], [ -117.601325097808854, 52.426994828201885 ], [ -117.601325097808854, 52.326994828201883 ] ] ] } },
{ "type": "Feature", "properties": { "value": "2", "label": "AQHI 2", "color": "#0099cb", "timestamp": "2026-09-16 14:00:00", "generated_at": "2026-09-16T20:31:32.792111", "nearest_km": 89.279757593103909, "n_points": 3, "weight_sum": 0.00029580880027595059, "confidence": "Low", "flagged": false }, "geometry": { "type": "Polygon", "coordinates": [ [ [ -117.501325097808859, 52.326994828201883 ], [ -117.401325097808865, 52.326994828201883 ], [ -117.401325097808865, 52.426994828201885 ], [ -117.501325097808859, 52.426994828201885 ], [ -117.501325097808859, 52.326994828201883 ] ] ] } },
{ "type": "Feature", "properties": { "value": "2", "label": "AQHI 2", "color": "#0099cb", "timestamp": "2026-09-16 14:00:00", "generated_at": "2026-09-16T20:31:32.792111", "nearest_km": 95.812443495039815, "n_points": 3, "weight_sum": 0.00028306858837696307, "confidence": "Low", "flagged": false }, "geometry": { "type": "Polygon", "coordinates": [ [ [ -117.401325097808865, 52.326994828201883 ], [ -117.301325097808871, 52.326994828201883 ], [ -117.301325097808871, 52.426994828201885 ], [ -117.401325097808865, 52.426994828201885 ], [ -117.401325097808865, 52.326994828201883 ] ] ] } },
{ "type": "Feature", "properties": { "value": "2", "label": "AQHI 2", "color": "#0099cb", "timestamp": "2026-09-16 14:00:00", "generated_at": "2026-09-16T20:31:32.792111", "nearest_km": 92.405653228953568, "n_points": 3, "weight_sum": 0.00027178965528419142, "confidence": "Low", "flagged": false }, "geometry": { "type": "Polygon", "coordinates": [ [ [ -117.301325097808871, 52.326994828201883 ], [ -117.201325097808876, 52.326994828201883 ], [ -117.201325097808876, 52.426994828201885 ], [ -117.301325097808871, 52.426994828201885 ], [ -117.301325097808871, 52.326994828201883 ] ] ] } },
{ "type": "Feature", "properties": { "value": "2", "label": "AQHI 2", "color": "#0099cb", "timestamp": "2026-09-16 14:00:00", "generated_at": "2026-09-16T20:31:32.792111", "nearest_km": 90.244142019573815, "n_points": 3, "weight_sum": 0.00026045598479516543, "confidence": "Low", "flagged": false }, "geometry": { "type": "Polygon", "coordinates": [ [ [ -117.201325097808876, 52.326994828201883 ], [ -117.101325097808882, 52.326994828201883 ], [ -117.101325097808882, 52.426994828201885 ], [ -117.201325097808876, 52.426994828201885 ], [ -117.201325097808876, 52.326994828201883 ] ] ] } },
{ "type": "Feature", "properties": { "value": "2", "label": "AQHI 2", "color": "#0099cb", "timestamp": "2026-09-16 14:00:00", "generated_at": "2026-09-16T20:31:32.792111", "nearest_km": 89.418262055512869, "n_points": 3, "weight_sum": 0.00024779451943907798, "confidence": "Low", "flagged": false }, "geometry": { "type": "Polygon", "coordinates": [ [ [ -117.101325097808882, 52.326994828201883 ], [ -117.001325097808888, 52.326994828201883 ], [ -117.001325097808888, 52.426994828201885 ], [ -117.101325097808882, 52.426994828201885 ], [ -117.101325097808882, 52.326994828201883 ] ] ] } },
{ "type": "Feature", "properties": { "value": "2", "label": "AQHI 2", "color": "#0099cb", "timestamp": "2026-09-16 14:00:00", "generated_at": "2026-09-16T20:31:32.792111", "nearest_km": 89.96480428038349, "n_points": 3, "weight_sum": 0.00023311984622823419, "confidence": "Low", "flagged": false }, "geometry": { "type": "Polygon", "coordinates": [ [ [ -117.001325097808888, 52.326994828201883 ], [ -116.901325097808893, 52.326994828201883 ], [ -116.901325097808893, 52.426994828201885 ], [ -117.001325097808888, 52.426994828201885 ], [ -117.001325097808888, 52.326994828201883 ] ] ] } },
{ "type": "Feature", "properties": { "value": "2", "label": "AQHI 2", "color": "#0099cb", "timestamp": "2026-09-16 14:00:00", "generated_at": "2026-09-16T20:31:32.792111", "nearest_km": 91.859275140766357, "n_points": 3, "weight_sum": 0.00021647418188188626, "confidence": "Low", "flagged": false }, "geometry": { "type": "Polygon", "coordinates": [ [ [ -116.901325097808893, 52.326994828201883 ], [ -116.801325097808899, 52.326994828201883 ], [ -116.801325097808899, 52.426994828201885 ], [ -116.901325097808893, 52.426994828201885 ], [ -116.901325097808893, 52.326994828201883 ] ] ] } },
{ "type": "Feature", "properties": { "value": "2", "label": "AQHI 2", "color": "#0099cb", "timestamp": "2026-09-16 14:00:00", "generated_at": "2026-09-16T20:31:32.792111", "nearest_km": 54.767407626277475, "n_points": 2, "weight_sum": 0.00038950797391906072, "confidence": "Medium", "flagged": false }, "geometry": { "type": "Polygon", "coordinates": [ [ [ -118.301325097808814, 52.426994828201885 ], [ -118.201325097808819, 52.426994828201885 ], [ -118.201325097808819, 52.526994828201886 ], [ -118.301325097808814, 52.526994828201886 ], [ -118.301325097808814, 52.426994828201885 ] ] ] } },
{ "type": "Feature", "properties": { "value": "2", "label": "AQHI 2", "color": "#0099cb", "timestamp": "2026-09-16 14:00:00", "generated_at": "2026-09-16T20:31:32.792111", "nearest_km": 51.043903456557736, "n_points": 3, "weight_sum": 0.00049252706447763426, "confidence": "Medium", "flagged": false }, "geometry": { "type": "Polygon", "coordinates": [ [ [ -118.201325097808819, 52.426994828201885 ], [ -118.101325097808825, 52.426994828201885 ], [ -118.101325097808825, 52.526994828201886 ], [ -118.201325097808819, 52.526994828201886 ], [ -118.201325097808819, 52.426994828201885 ] ] ] } },
{ "type": "Feature", "properties": { "value": "2", "label": "AQHI 2", "color": "#0099cb", "timestamp": "2026-09-16 14:00:00", "generated_at": "2026-09-16T20:31:32.792111", "nearest_km": 49.577325684852234, "n_points": 3, "weight_sum": 0.00052796134344754652, "confidence": "Medium", "flagged": false }, "geometry": { "type": "Polygon", "coordinates": [ [ [ -118.101325097808825, 52.426994828201885 ], [ -118.001325097808831, 52.426994828201885 ], [ -118.001325097808831, 52.526994828201886 ], [ -118.101325097808825, 52.526994828201886 ], [ -118.101325097808825, 52.426994828201885 ] ] ] } },
{ "type": "Feature", "properties": { "value": "2", "label": "AQHI 2", "color": "#0099cb", "timestamp": "2026-09-16 14:00:00", "generated_at": "2026-09-16T20:31:32.792111", "nearest_km": 50.564437740781848, "n_points": 3, "weight_sum": 0.00052568053582945865, "confidence": "Medium", "flagged": false }, "geometry": { "type": "Polygon", "coordinates": [ [ [ -118.001325097808831, 52.426994828201885 ], [ -117.901325097808837, 52.426994828201885 ], [ -117.901325097808837, 52.526994828201886 ], [ -118.001325097808831, 52.526994828201886 ], [ -118.001325097808831, 52.426994828201885 ] ] ] } },
{ "type": "Feature", "properties": { "value": "2", "label": "AQHI 2", "color": "#0099cb", "timestamp": "2026-09-16 14:00:00", "generated_at": "2026-09-16T20:31:32.792111", "nearest_km": 53.870525392099808, "n_points": 3, "weight_sum": 0.00049347796776665097, "confidence": "Medium", "flagged": false }, "geometry": { "type": "Polygon", "coordinates": [ [ [ -117.901325097808837, 52.426994828201885 ], [ -117.801325097808842, 52.426994828201885 ], [ -117.801325097808842, 52.526994828201886 ], [ -117.901325097808837, 52.526994828201886 ], [ -117.901325097808837, 52.426994828201885 ] ] ] } },
{ "type": "Feature", "properties": { "value": "2", "label": "AQHI 2", "color": "#0099cb", "timestamp": "2026-09-16 14:00:00", "generated_at": "2026-09-16T20:31:32.792111", "nearest_km": 59.107737632228051, "n_points": 3, "weight_sum": 0.0004500667624829637, "confidence": "Medium", "flagged": false }, "geometry": { "type": "Polygon", "coordinates": [ [ [ -117.801325097808842, 52.426994828201885 ], [ -117.701325097808848, 52.426994828201885 ], [ -117.701325097808848, 52.526994828201886 ], [ -117.801325097808842, 52.526994828201886 ], [ -117.801325097808842, 52.426994828201885 ] ] ] } },
{ "type": "Feature", "properties": { "value": "2", "label": "AQHI 2", "color": "#0099cb", "timestamp": "2026-09-16 14:00:00", "generated_at": "2026-09-16T20:31:32.792111", "nearest_km": 65.816683219224288, "n_points": 3, "weight_sum": 0.00040989817412968507, "confidence": "Medium", "flagged": false }, "geometry": { "type": "Polygon", "coordinates": [ [ [ -117.701325097808848, 52.426994828201885 ], [ -117.601325097808854, 52.426994828201885 ], [ -117.601325097808854, 52.526994828201886 ], [ -117.701325097808848, 52.526994828201886 ], [ -117.701325097808848, 52.426994828201885 ] ] ] } },
{ "type": "Feature", "properties": { "value": "2", "label": "AQHI 2", "color": "#0099cb", "timestamp": "2026-09-16 14:00:00", "generated_at": "2026-09-16T20:31:32.792111", "nearest_km": 73.59597089487373, "n_points": 3, "weight_sum": 0.00037868843765812401, "confidence": "Medium", "flagged": false }, "geometry": { "type": "Polygon", "coordinates": [ [ [ -117.601325097808854, 52.426994828201885 ], [ -117.501325097808859, 52.426994828201885 ], [ -117.501325097808859, 52.526994828201886 ], [ -117.601325097808854, 52.526994828201886 ], [ -117.601325097808854, 52.426994828201885 ] ] ] } },
{ "type": "Feature", "properties": { "value": "2", "label": "AQHI 2", "color": "#0099cb", "timestamp": "2026-09-16 14:00:00", "generated_at": "2026-09-16T20:31:32.792111", "nearest_km": 82.142060321971812, "n_points": 3, "weight_sum": 0.00035645005950822638, "confidence": "Low", "flagged": false }, "geometry": { "type": "Polygon", "coordinates": [ [ [ -117.501325097808859, 52.426994828201885 ], [ -117.401325097808865, 52.426994828201885 ], [ -117.401325097808865, 52.526994828201886 ], [ -117.501325097808859, 52.526994828201886 ], [ -117.501325097808859, 52.426994828201885 ] ] ] } },
{ "type": "Feature", "properties": { "value": "2", "label": "AQHI 2", "color": "#0099cb", "timestamp": "2026-09-16 14:00:00", "generated_at": "2026-09-16T20:31:32.792111", "nearest_km": 85.547112658144414, "n_points": 3, "weight_sum": 0.00034076536498106168, "confidence": "Low", "flagged": false }, "geometry": { "type": "Polygon", "coordinates": [ [ [ -117.401325097808865, 52.426994828201885 ], [ -117.301325097808871, 52.426994828201885 ], [ -117.301325097808871, 52.526994828201886 ], [ -117.401325097808865, 52.526994828201886 ], [ -117.401325097808865, 52.426994828201885 ] ] ] } },
{ "type": "Feature", "properties": { "value": "2", "label": "AQHI 2", "color": "#0099cb", "timestamp": "2026-09-16 14:00:00", "generated_at": "2026-09-16T20:31:32.792111", "nearest_km": 81.713456078694108, "n_points": 3, "weight_sum": 0.0003284308548245846, "confidence": "Low", "flagged": false }, "geometry": { "type": "Polygon", "coordinates": [ [ [ -117.301325097808871, 52.426994828201885 ], [ -117.201325097808876, 52.426994828201885 ], [ -117.201325097808876, 52.526994828201886 ], [ -117.301325097808871, 52.526994828201886 ], [ -117.301325097808871, 52.426994828201885 ] ] ] } },
{ "type": "Feature", "properties": { "value": "2", "label": "AQHI 2", "color": "#0099cb", "timestamp": "2026-09-16 14:00:00", "generated_at": "2026-09-16T20:31:32.792111", "nearest_km": 79.260894043052943, "n_points": 3, "weight_sum": 0.00031620009621431439, "confidence": "Low", "flagged": false }, "geometry": { "type": "Polygon", "coordinates": [ [ [ -117.201325097808876, 52.426994828201885 ], [ -117.101325097808882, 52.426994828201885 ], [ -117.101325097808882, 52.526994828201886 ], [ -117.201325097808876, 52.526994828201886 ], [ -117.201325097808876, 52.426994828201885 ] ] ] } },
{ "type": "Feature", "properties": { "value": "2", "label": "AQHI 2", "color": "#0099cb", "timestamp": "2026-09-16 14:00:00", "generated_at": "2026-09-16T20:31:32.792111", "nearest_km": 78.319280797792231, "n_points": 3, "weight_sum": 0.00030142036588229012, "confidence": "Low", "flagged": false }, "geometry": { "type": "Polygon", "coordinates": [ [ [ -117.101325097808882, 52.426994828201885 ], [ -117.001325097808888, 52.426994828201885 ], [ -117.001325097808888, 52.526994828201886 ], [ -117.101325097808882, 52.526994828201886 ], [ -117.101325097808882, 52.426994828201885 ] ] ] } },
{ "type": "Feature", "properties": { "value": "2", "label": "AQHI 2", "color": "#0099cb", "timestamp": "2026-09-16 14:00:00", "generated_at": "2026-09-16T20:31:32.792111", "nearest_km": 78.942701783399599, "n_points": 4, "weight_sum": 0.00032959010522527543, "confidence": "Low", "flagged": false }, "geometry": { "type": "Polygon", "coordinates": [ [ [ -117.001325097808888, 52.426994828201885 ], [ -116.901325097808893, 52.426994828201885 ], [ -116.901325097808893, 52.526994828201886 ], [ -117.001325097808888, 52.526994828201886 ], [ -117.001325097808888, 52.426994828201885 ] ] ] } },
{ "type": "Feature", "properties": { "value": "2", "label": "AQHI 2", "color": "#0099cb", "timestamp": "2026-09-16 14:00:00", "generated_at": "2026-09-16T20:31:32.792111", "nearest_km": 81.09507127465929, "n_points": 4, "weight_sum": 0.00031039455658710992, "confidence": "Low", "flagged": false }, "geometry": { "type": "Polygon", "coordinates": [ [ [ -116.901325097808893, 52.426994828201885 ], [ -116.801325097808899, 52.426994828201885 ], [ -116.801325097808899, 52.526994828201886 ], [ -116.901325097808893, 52.526994828201886 ], [ -116.901325097808893, 52.426994828201885 ] ] ] } },
{ "type": "Feature", "properties": { "value": "2", "label": "AQHI 2", "color": "#0099cb", "timestamp": "2026-09-16 14:00:00", "generated_at": "2026-09-16T20:31:32.792111", "nearest_km": 84.659854743682089, "n_points": 3, "weight_sum": 0.00024513448192276541, "confidence": "Low", "flagged": false }, "geometry": { "type": "Polygon", "coordinates": [ [ [ -116.801325097808899, 52.426994828201885 ], [ -116.701325097808905, 52.426994828201885 ], [ -116.701325097808905, 52.526994828201886 ], [ -116.801325097808899, 52.526994828201886 ], [ -116.801325097808899, 52.426994828201885 ] ] ] } },
{ "type": "Feature", "properties": { "value": "2", "label": "AQHI 2", "color": "#0099cb", "timestamp": "2026-09-16 14:00:00", "generated_at": "2026-09-16T20:31:32.792111", "nearest_km": 51.601751464250981, "n_points": 2, "weight_sum": 0.00043284923693087798, "confidence": "Medium", "flagged": false }, "geometry": { "type": "Polygon", "coordinates": [ [ [ -118.401325097808808, 52.526994828201886 ], [ -118.301325097808814, 52.526994828201886 ], [ -118.301325097808814, 52.626994828201887 ], [ -118.401325097808808, 52.626994828201887 ], [ -118.401325097808808, 52.526994828201886 ] ] ] } },
{ "type": "Feature", "properties": { "value": "2", "label": "AQHI 2", "color": "#0099cb", "timestamp": "2026-09-16 14:00:00", "generated_at": "2026-09-16T20:31:32.792111", "nearest_km": 44.970344630188315, "n_points": 2, "weight_sum": 0.00055873042628731937, "confidence": "Medium", "flagged": false }, "geometry": { "type": "Polygon", "coordinates": [ [ [ -118.301325097808814, 52.526994828201886 ], [ -118.201325097808819, 52.526994828201886 ], [ -118.201325097808819, 52.626994828201887 ], [ -118.301325097808814, 52.626994828201887 ], [ -118.301325097808814, 52.526994828201886 ] ] ] } },
{ "type": "Feature", "properties": { "value": "2", "label": "AQHI 2", "color": "#0099cb", "timestamp": "2026-09-16 14:00:00", "generated_at": "2026-09-16T20:31:32.792111", "nearest_km": 40.352732722053133, "n_points": 3, "weight_sum": 0.00073670727800360036, "confidence": "Medium", "flagged": false }, "geometry": { "type": "Polygon", "coordinates": [ [ [ -118.201325097808819, 52.526994828201886 ], [ -118.101325097808825, 52.526994828201886 ], [ -118.101325097808825, 52.626994828201887 ], [ -118.201325097808819, 52.626994828201887 ], [ -118.201325097808819, 52.526994828201886 ] ] ] } },
{ "type": "Feature", "properties": { "value": "2", "label": "AQHI 2", "color": "#0099cb", "timestamp": "2026-09-16 14:00:00", "generated_at": "2026-09-16T20:31:32.792111", "nearest_km": 38.480828734799616, "n_points": 3, "weight_sum": 0.00081367612916382281, "confidence": "Medium", "flagged": false }, "geometry": { "type": "Polygon", "coordinates": [ [ [ -118.101325097808825, 52.526994828201886 ], [ -118.001325097808831, 52.526994828201886 ], [ -118.001325097808831, 52.626994828201887 ], [ -118.101325097808825, 52.626994828201887 ], [ -118.101325097808825, 52.526994828201886 ] ] ] } },
{ "type": "Feature", "properties": { "value": "2", "label": "AQHI 2", "color": "#0099cb", "timestamp": "2026-09-16 14:00:00", "generated_at": "2026-09-16T20:31:32.792111", "nearest_km": 39.744500526443588, "n_points": 3, "weight_sum": 0.00078889026664073813, "confidence": "Medium", "flagged": false }, "geometry": { "type": "Polygon", "coordinates": [ [ [ -118.001325097808831, 52.526994828201886 ], [ -117.901325097808837, 52.526994828201886 ], [ -117.901325097808837, 52.626994828201887 ], [ -118.001325097808831, 52.626994828201887 ], [ -118.001325097808831, 52.526994828201886 ] ] ] } },
{ "type": "Feature", "properties": { "value": "2", "label": "AQHI 2", "color": "#0099cb", "timestamp": "2026-09-16 14:00:00", "generated_at": "2026-09-16T20:31:32.792111", "nearest_km": 43.873642019735968, "n_points": 3, "weight_sum": 0.00069434491873294601, "confidence": "Medium", "flagged": false }, "geometry": { "type": "Polygon", "coordinates": [ [ [ -117.901325097808837, 52.526994828201886 ], [ -117.801325097808842, 52.526994828201886 ], [ -117.801325097808842, 52.626994828201887 ], [ -117.901325097808837, 52.626994828201887 ], [ -117.901325097808837, 52.526994828201886 ] ] ] } },
{ "type": "Feature", "properties": { "value": "2", "label": "AQHI 2", "color": "#0099cb", "timestamp": "2026-09-16 14:00:00", "generated_at": "2026-09-16T20:31:32.792111", "nearest_km": 50.165601820922873, "n_points": 3, "weight_sum": 0.00059244381326675961, "confidence": "Medium", "flagged": false }, "geometry": { "type": "Polygon", "coordinates": [ [ [ -117.801325097808842, 52.526994828201886 ], [ -117.701325097808848, 52.526994828201886 ], [ -117.701325097808848, 52.626994828201887 ], [ -117.801325097808842, 52.626994828201887 ], [ -117.801325097808842, 52.526994828201886 ] ] ] } },
{ "type": "Feature", "properties": { "value": "2", "label": "AQHI 2", "color": "#0099cb", "timestamp": "2026-09-16 14:00:00", "generated_at": "2026-09-16T20:31:32.792111", "nearest_km": 57.919761291244896, "n_points": 3, "weight_sum": 0.00051427103496343184, "confidence": "Medium", "flagged": false }, "geometry": { "type": "Polygon", "coordinates": [ [ [ -117.701325097808848, 52.526994828201886 ], [ -117.601325097808854, 52.526994828201886 ], [ -117.601325097808854, 52.626994828201887 ], [ -117.701325097808848, 52.626994828201887 ], [ -117.701325097808848, 52.526994828201886 ] ] ] } },
{ "type": "Feature", "properties": { "value": "2", "label": "AQHI 2", "color": "#0099cb", "timestamp": "2026-09-16 14:00:00", "generated_at": "2026-09-16T20:31:32.792111", "nearest_km": 66.627546030258188, "n_points": 3, "weight_sum": 0.00046296587489247349, "confidence": "Medium", "flagged": false }, "geometry": { "type": "Polygon", "coordinates": [ [ [ -117.601325097808854, 52.526994828201886 ], [ -117.501325097808859, 52.526994828201886 ], [ -117.501325097808859, 52.626994828201887 ], [ -117.601325097808854, 52.626994828201887 ], [ -117.601325097808854, 52.526994828201886 ] ] ] } },
{ "type": "Feature", "properties": { "value": "2", "label": "AQHI 2", "color": "#0099cb", "timestamp": "2026-09-16 14:00:00", "generated_at": "2026-09-16T20:31:32.792111", "nearest_km": 75.961707669019191, "n_points": 3, "weight_sum": 0.00043232917861915003, "confidence": "Low", "flagged": false }, "geometry": { "type": "Polygon", "coordinates": [ [ [ -117.501325097808859, 52.526994828201886 ], [ -117.401325097808865, 52.526994828201886 ], [ -117.401325097808865, 52.626994828201887 ], [ -117.501325097808859, 52.626994828201887 ], [ -117.501325097808859, 52.526994828201886 ] ] ] } },
{ "type": "Feature", "properties": { "value": "2", "label": "AQHI 2", "color": "#0099cb", "timestamp": "2026-09-16 14:00:00", "generated_at": "2026-09-16T20:31:32.792111", "nearest_km": 75.518293411598734, "n_points": 3, "weight_sum": 0.00041508771857850661, "confidence": "Low", "flagged": false }, "geometry": { "type": "Polygon", "coordinates": [ [ [ -117.401325097808865, 52.526994828201886 ], [ -117.301325097808871, 52.526994828201886 ], [ -117.301325097808871, 52.626994828201887 ], [ -117.401325097808865, 52.626994828201887 ], [ -117.401325097808865, 52.526994828201886 ] ] ] } },
{ "type": "Feature", "properties": { "value": "2", "label": "AQHI 2", "color": "#0099cb", "timestamp": "2026-09-16 14:00:00", "generated_at": "2026-09-16T20:31:32.792111", "nearest_km": 71.146279312271389, "n_points": 3, "weight_sum": 0.00040440806612777034, "confidence": "Medium", "flagged": false }, "geometry": { "type": "Polygon", "coordinates": [ [ [ -117.301325097808871, 52.526994828201886 ], [ -117.201325097808876, 52.526994828201886 ], [ -117.201325097808876, 52.626994828201887 ], [ -117.301325097808871, 52.626994828201887 ], [ -117.301325097808871, 52.526994828201886 ] ] ] } },
{ "type": "Feature", "properties": { "value": "2", "label": "AQHI 2", "color": "#0099cb", "timestamp": "2026-09-16 14:00:00", "generated_at": "2026-09-16T20:31:32.792111", "nearest_km": 68.315397094352932, "n_points": 4, "weight_sum": 0.00043907344744360962, "confidence": "Medium", "flagged": false }, "geometry": { "type": "Polygon", "coordinates": [ [ [ -117.201325097808876, 52.526994828201886 ], [ -117.101325097808882, 52.526994828201886 ], [ -117.101325097808882, 52.626994828201887 ], [ -117.201325097808876, 52.626994828201887 ], [ -117.201325097808876, 52.526994828201886 ] ] ] } },
{ "type": "Feature", "properties": { "value": "2", "label": "AQHI 2", "color": "#0099cb", "timestamp": "2026-09-16 14:00:00", "generated_at": "2026-09-16T20:31:32.792111", "nearest_km": 67.220635970946375, "n_points": 4, "weight_sum": 0.0004271207903388012, "confidence": "Medium", "flagged": false }, "geometry": { "type": "Polygon", "coordinates": [ [ [ -117.101325097808882, 52.526994828201886 ], [ -117.001325097808888, 52.526994828201886 ], [ -117.001325097808888, 52.626994828201887 ], [ -117.101325097808882, 52.626994828201887 ], [ -117.101325097808882, 52.526994828201886 ] ] ] } },
{ "type": "Feature", "properties": { "value": "2", "label": "AQHI 2", "color": "#0099cb", "timestamp": "2026-09-16 14:00:00", "generated_at": "2026-09-16T20:31:32.792111", "nearest_km": 67.94596618282668, "n_points": 4, "weight_sum": 0.00040693752725011917, "confidence": "Medium", "flagged": false }, "geometry": { "type": "Polygon", "coordinates": [ [ [ -117.001325097808888, 52.526994828201886 ], [ -116.901325097808893, 52.526994828201886 ], [ -116.901325097808893, 52.626994828201887 ], [ -117.001325097808888, 52.626994828201887 ], [ -117.001325097808888, 52.526994828201886 ] ] ] } },
{ "type": "Feature", "properties": { "value": "2", "label": "AQHI 2", "color": "#0099cb", "timestamp": "2026-09-16 14:00:00", "generated_at": "2026-09-16T20:31:32.792111", "nearest_km": 70.435181129156845, "n_points": 4, "weight_sum": 0.00037924302809662559, "confidence": "Medium", "flagged": false }, "geometry": { "type": "Polygon", "coordinates": [ [ [ -116.901325097808893, 52.526994828201886 ], [ -116.801325097808899, 52.526994828201886 ], [ -116.801325097808899, 52.626994828201887 ], [ -116.901325097808893, 52.626994828201887 ], [ -116.901325097808893, 52.526994828201886 ] ] ] } },
{ "type": "Feature", "properties": { "value": "2", "label": "AQHI 2", "color": "#0099cb", "timestamp": "2026-09-16 14:00:00", "generated_at": "2026-09-16T20:31:32.792111", "nearest_km": 74.511711568560898, "n_points": 4, "weight_sum": 0.00034735590176558309, "confidence": "Medium", "flagged": false }, "geometry": { "type": "Polygon", "coordinates": [ [ [ -116.801325097808899, 52.526994828201886 ], [ -116.701325097808905, 52.526994828201886 ], [ -116.701325097808905, 52.626994828201887 ], [ -116.801325097808899, 52.626994828201887 ], [ -116.801325097808899, 52.526994828201886 ] ] ] } },
{ "type": "Feature", "properties": { "value": "2", "label": "AQHI 2", "color": "#0099cb", "timestamp": "2026-09-16 14:00:00", "generated_at": "2026-09-16T20:31:32.792111", "nearest_km": 43.954791686838945, "n_points": 2, "weight_sum": 0.00058234637151006845, "confidence": "Medium", "flagged": false }, "geometry": { "type": "Polygon", "coordinates": [ [ [ -118.401325097808808, 52.626994828201887 ], [ -118.301325097808814, 52.626994828201887 ], [ -118.301325097808814, 52.726994828201889 ], [ -118.401325097808808, 52.726994828201889 ], [ -118.401325097808808, 52.626994828201887 ] ] ] } },
{ "type": "Feature", "properties": { "value": "2", "label": "AQHI 2", "color": "#0099cb", "timestamp": "2026-09-16 14:00:00", "generated_at": "2026-09-16T20:31:32.792111", "nearest_km": 35.939043590682608, "n_points": 3, "weight_sum": 0.00089518872455118814, "confidence": "Medium", "flagged": false }, "geometry": { "type": "Polygon", "coordinates": [ [ [ -118.301325097808814, 52.626994828201887 ], [ -118.201325097808819, 52.626994828201887 ], [ -118.201325097808819, 52.726994828201889 ], [ -118.301325097808814, 52.726994828201889 ], [ -118.301325097808814, 52.626994828201887 ] ] ] } },
{ "type": "Feature", "properties": { "value": "2", "label": "AQHI 2", "color": "#0099cb", "timestamp": "2026-09-16 14:00:00", "generated_at": "2026-09-16T20:31:32.792111", "nearest_km": 29.960407143303904, "n_points": 3, "weight_sum": 0.0012525482734490078, "confidence": "Medium", "flagged": false }, "geometry": { "type": "Polygon", "coordinates": [ [ [ -118.201325097808819, 52.626994828201887 ], [ -118.101325097808825, 52.626994828201887 ], [ -118.101325097808825, 52.726994828201889 ], [ -118.201325097808819, 52.726994828201889 ], [ -118.201325097808819, 52.626994828201887 ] ] ] } },
{ "type": "Feature", "properties": { "value": "2", "label": "AQHI 2", "color": "#0099cb", "timestamp": "2026-09-16 14:00:00", "generated_at": "2026-09-16T20:31:32.792111", "nearest_km": 27.387171050914663, "n_points": 3, "weight_sum": 0.0014919445962533746, "confidence": "Medium", "flagged": false }, "geometry": { "type": "Polygon", "coordinates": [ [ [ -118.101325097808825, 52.626994828201887 ], [ -118.001325097808831, 52.626994828201887 ], [ -118.001325097808831, 52.726994828201889 ], [ -118.101325097808825, 52.726994828201889 ], [ -118.101325097808825, 52.626994828201887 ] ] ] } },
{ "type": "Feature", "properties": { "value": "2", "label": "AQHI 2", "color": "#0099cb", "timestamp": "2026-09-16 14:00:00", "generated_at": "2026-09-16T20:31:32.792111", "nearest_km": 29.136030617631373, "n_points": 3, "weight_sum": 0.0013596453473740746, "confidence": "Medium", "flagged": false }, "geometry": { "type": "Polygon", "coordinates": [ [ [ -118.001325097808831, 52.626994828201887 ], [ -117.901325097808837, 52.626994828201887 ], [ -117.901325097808837, 52.726994828201889 ], [ -118.001325097808831, 52.726994828201889 ], [ -118.001325097808831, 52.626994828201887 ] ] ] } },
{ "type": "Feature", "properties": { "value": "2", "label": "AQHI 2", "color": "#0099cb", "timestamp": "2026-09-16 14:00:00", "generated_at": "2026-09-16T20:31:32.792111", "nearest_km": 34.556901222925347, "n_points": 3, "weight_sum": 0.0010445874403256284, "confidence": "Medium", "flagged": false }, "geometry": { "type": "Polygon", "coordinates": [ [ [ -117.901325097808837, 52.626994828201887 ], [ -117.801325097808842, 52.626994828201887 ], [ -117.801325097808842, 52.726994828201889 ], [ -117.901325097808837, 52.726994828201889 ], [ -117.901325097808837, 52.626994828201887 ] ] ] } },
{ "type": "Feature", "properties": { "value": "2", "label": "AQHI 2", "color": "#0099cb", "timestamp": "2026-09-16 14:00:00", "generated_at": "2026-09-16T20:31:32.792111", "nearest_km": 42.259561806891206, "n_points": 3, "weight_sum": 0.00079490424051520837, "confidence": "Medium", "flagged": false }, "geometry": { "type": "Polygon", "coordinates": [ [ [ -117.801325097808842, 52.626994828201887 ], [ -117.701325097808848, 52.626994828201887 ], [ -117.701325097808848, 52.726994828201889 ], [ -117.801325097808842, 52.726994828201889 ], [ -117.801325097808842, 52.626994828201887 ] ] ] } },
{ "type": "Feature", "properties": { "value": "2", "label": "AQHI 2", "color": "#0099cb", "timestamp": "2026-09-16 14:00:00", "generated_at": "2026-09-16T20:31:32.792111", "nearest_km": 51.224815334853751, "n_points": 3, "weight_sum": 0.00064563494339158834, "confidence": "Medium", "flagged": false }, "geometry": { "type": "Polygon", "coordinates": [ [ [ -117.701325097808848, 52.626994828201887 ], [ -117.601325097808854, 52.626994828201887 ], [ -117.601325097808854, 52.726994828201889 ], [ -117.701325097808848, 52.726994828201889 ], [ -117.701325097808848, 52.626994828201887 ] ] ] } },
{ "type": "Feature", "properties": { "value": "2", "label": "AQHI 2", "color": "#0099cb", "timestamp": "2026-09-16 14:00:00", "generated_at": "2026-09-16T20:31:32.792111", "nearest_km": 60.897560280106873, "n_points": 3, "weight_sum": 0.00056533666465305443, "confidence": "Medium", "flagged": false }, "geometry": { "type": "Polygon", "coordinates": [ [ [ -117.601325097808854, 52.626994828201887 ], [ -117.501325097808859, 52.626994828201887 ], [ -117.501325097808859, 52.726994828201889 ], [ -117.601325097808854, 52.726994828201889 ], [ -117.601325097808854, 52.626994828201887 ] ] ] } },
{ "type": "Feature", "properties": { "value": "2", "label": "AQHI 2", "color": "#0099cb", "timestamp": "2026-09-16 14:00:00", "generated_at": "2026-09-16T20:31:32.792111", "nearest_km": 70.989182204393686, "n_points": 3, "weight_sum": 0.00052673831520205078, "confidence": "Medium", "flagged": false }, "geometry": { "type": "Polygon", "coordinates": [ [ [ -117.501325097808859, 52.626994828201887 ], [ -117.401325097808865, 52.626994828201887 ], [ -117.401325097808865, 52.726994828201889 ], [ -117.501325097808859, 52.726994828201889 ], [ -117.501325097808859, 52.626994828201887 ] ] ] } },
{ "type": "Feature", "properties": { "value": "2", "label": "AQHI 2", "color": "#0099cb", "timestamp": "2026-09-16 14:00:00", "generated_at": "2026-09-16T20:31:32.792111", "nearest_km": 65.834161310488227, "n_points": 3, "weight_sum": 0.00051277284087083009, "confidence": "Medium", "flagged": false }, "geometry": { "type": "Polygon", "coordinates": [ [ [ -117.401325097808865, 52.626994828201887 ], [ -117.301325097808871, 52.626994828201887 ], [ -117.301325097808871, 52.726994828201889 ], [ -117.401325097808865, 52.726994828201889 ], [ -117.401325097808865, 52.626994828201887 ] ] ] } },
{ "type": "Feature", "properties": { "value": "2", "label": "AQHI 2", "color": "#0099cb", "timestamp": "2026-09-16 14:00:00", "generated_at": "2026-09-16T20:31:32.792111", "nearest_km": 60.76937728523145, "n_points": 4, "weight_sum": 0.00055713702421894692, "confidence": "Medium", "flagged": false }, "geometry": { "type": "Polygon", "coordinates": [ [ [ -117.301325097808871, 52.626994828201887 ], [ -117.201325097808876, 52.626994828201887 ], [ -117.201325097808876, 52.726994828201889 ], [ -117.301325097808871, 52.726994828201889 ], [ -117.301325097808871, 52.626994828201887 ] ] ] } },
{ "type": "Feature", "properties": { "value": "2", "label": "AQHI 2", "color": "#0099cb", "timestamp": "2026-09-16 14:00:00", "generated_at": "2026-09-16T20:31:32.792111", "nearest_km": 57.429240251061962, "n_points": 4, "weight_sum": 0.0005601356785533239, "confidence": "Medium", "flagged": false }, "geometry": { "type": "Polygon", "coordinates": [ [ [ -117.201325097808876, 52.626994828201887 ], [ -117.101325097808882, 52.626994828201887 ], [ -117.101325097808882, 52.726994828201889 ], [ -117.201325097808876, 52.726994828201889 ], [ -117.201325097808876, 52.626994828201887 ] ] ] } },
{ "type": "Feature", "properties": { "value": "2", "label": "AQHI 2", "color": "#0099cb", "timestamp": "2026-09-16 14:00:00", "generated_at": "2026-09-16T20:31:32.792111", "nearest_km": 56.122527170411331, "n_points": 4, "weight_sum": 0.00055093652009849858, "confidence": "Medium", "flagged": false }, "geometry": { "type": "Polygon", "coordinates": [ [ [ -117.101325097808882, 52.626994828201887 ], [ -117.001325097808888, 52.626994828201887 ], [ -117.001325097808888, 52.726994828201889 ], [ -117.101325097808882, 52.726994828201889 ], [ -117.101325097808882, 52.626994828201887 ] ] ] } },
{ "type": "Feature", "properties": { "value": "2", "label": "AQHI 2", "color": "#0099cb", "timestamp": "2026-09-16 14:00:00", "generated_at": "2026-09-16T20:31:32.792111", "nearest_km": 56.989283871381424, "n_points": 4, "weight_sum": 0.00052267990462927596, "confidence": "Medium", "flagged": false }, "geometry": { "type": "Polygon", "coordinates": [ [ [ -117.001325097808888, 52.626994828201887 ], [ -116.901325097808893, 52.626994828201887 ], [ -116.901325097808893, 52.726994828201889 ], [ -117.001325097808888, 52.726994828201889 ], [ -117.001325097808888, 52.626994828201887 ] ] ] } },
{ "type": "Feature", "properties": { "value": "2", "label": "AQHI 2", "color": "#0099cb", "timestamp": "2026-09-16 14:00:00", "generated_at": "2026-09-16T20:31:32.792111", "nearest_km": 59.93528924058181, "n_points": 4, "weight_sum": 0.00047841678024881029, "confidence": "Medium", "flagged": false }, "geometry": { "type": "Polygon", "coordinates": [ [ [ -116.901325097808893, 52.626994828201887 ], [ -116.801325097808899, 52.626994828201887 ], [ -116.801325097808899, 52.726994828201889 ], [ -116.901325097808893, 52.726994828201889 ], [ -116.901325097808893, 52.626994828201887 ] ] ] } },
{ "type": "Feature", "properties": { "value": "2", "label": "AQHI 2", "color": "#0099cb", "timestamp": "2026-09-16 14:00:00", "generated_at": "2026-09-16T20:31:32.792111", "nearest_km": 64.677038557215027, "n_points": 4, "weight_sum": 0.00042744267203800748, "confidence": "Medium", "flagged": false }, "geometry": { "type": "Polygon", "coordinates": [ [ [ -116.801325097808899, 52.626994828201887 ], [ -116.701325097808905, 52.626994828201887 ], [ -116.701325097808905, 52.726994828201889 ], [ -116.801325097808899, 52.726994828201889 ], [ -116.801325097808899, 52.626994828201887 ] ] ] } },
{ "type": "Feature", "properties": { "value": "2", "label": "AQHI 2", "color": "#0099cb", "timestamp": "2026-09-16 14:00:00", "generated_at": "2026-09-16T20:31:32.792111", "nearest_km": 48.317238417658814, "n_points": 2, "weight_sum": 0.00049157815954356066, "confidence": "Medium", "flagged": false }, "geometry": { "type": "Polygon", "coordinates": [ [ [ -118.501325097808802, 52.726994828201889 ], [ -118.401325097808808, 52.726994828201889 ], [ -118.401325097808808, 52.82699482820189 ], [ -118.501325097808802, 52.82699482820189 ], [ -118.501325097808802, 52.726994828201889 ] ] ] } },
{ "type": "Feature", "properties": { "value": "2", "label": "AQHI 2", "color": "#0099cb", "timestamp": "2026-09-16 14:00:00", "generated_at": "2026-09-16T20:31:32.792111", "nearest_km": 38.049003538706387, "n_points": 2, "weight_sum": 0.00076384159714454141, "confidence": "Medium", "flagged": false }, "geometry": { "type": "Polygon", "coordinates": [ [ [ -118.401325097808808, 52.726994828201889 ], [ -118.301325097808814, 52.726994828201889 ], [ -118.301325097808814, 52.82699482820189 ], [ -118.401325097808808, 52.82699482820189 ], [ -118.401325097808808, 52.726994828201889 ] ] ] } },
{ "type": "Feature", "properties": { "value": "2", "label": "AQHI 2", "color": "#0099cb", "timestamp": "2026-09-16 14:00:00", "generated_at": "2026-09-16T20:31:32.792111", "nearest_km": 28.413338632903905, "n_points": 3, "weight_sum": 0.0013733096867600645, "confidence": "Medium", "flagged": false }, "geometry": { "type": "Polygon", "coordinates": [ [ [ -118.301325097808814, 52.726994828201889 ], [ -118.201325097808819, 52.726994828201889 ], [ -118.201325097808819, 52.82699482820189 ], [ -118.301325097808814, 52.82699482820189 ], [ -118.301325097808814, 52.726994828201889 ] ] ] } },
{ "type": "Feature", "properties": { "value": "2", "label": "AQHI 2", "color": "#0099cb", "timestamp": "2026-09-16 14:00:00", "generated_at": "2026-09-16T20:31:32.792111", "nearest_km": 20.330493212109253, "n_points": 3, "weight_sum": 0.0025760291333556114, "confidence": "High", "flagged": false }, "geometry": { "type": "Polygon", "coordinates": [ [ [ -118.201325097808819, 52.726994828201889 ], [ -118.101325097808825, 52.726994828201889 ], [ -118.101325097808825, 52.82699482820189 ], [ -118.201325097808819, 52.82699482820189 ], [ -118.201325097808819, 52.726994828201889 ] ] ] } },
{ "type": "Feature", "properties": { "value": "2", "label": "AQHI 2", "color": "#0099cb", "timestamp": "2026-09-16 14:00:00", "generated_at": "2026-09-16T20:31:32.792111", "nearest_km": 16.302150049215687, "n_points": 3, "weight_sum": 0.0039455649430395808, "confidence": "High", "flagged": false }, "geometry": { "type": "Polygon", "coordinates": [ [ [ -118.101325097808825, 52.726994828201889 ], [ -118.001325097808831, 52.726994828201889 ], [ -118.001325097808831, 52.82699482820189 ], [ -118.101325097808825, 52.82699482820189 ], [ -118.101325097808825, 52.726994828201889 ] ] ] } },
{ "type": "Feature", "properties": { "value": "2", "label": "AQHI 2", "color": "#0099cb", "timestamp": "2026-09-16 14:00:00", "generated_at": "2026-09-16T20:31:32.792111", "nearest_km": 19.094796102777259, "n_points": 3, "weight_sum": 0.0029559600657631298, "confidence": "High", "flagged": false }, "geometry": { "type": "Polygon", "coordinates": [ [ [ -118.001325097808831, 52.726994828201889 ], [ -117.901325097808837, 52.726994828201889 ], [ -117.901325097808837, 52.82699482820189 ], [ -118.001325097808831, 52.82699482820189 ], [ -118.001325097808831, 52.726994828201889 ] ] ] } },
{ "type": "Feature", "properties": { "value": "2", "label": "AQHI 2", "color": "#0099cb", "timestamp": "2026-09-16 14:00:00", "generated_at": "2026-09-16T20:31:32.792111", "nearest_km": 26.643618001054289, "n_points": 3, "weight_sum": 0.0016568828464443484, "confidence": "Medium", "flagged": false }, "geometry": { "type": "Polygon", "coordinates": [ [ [ -117.901325097808837, 52.726994828201889 ], [ -117.801325097808842, 52.726994828201889 ], [ -117.801325097808842, 52.82699482820189 ], [ -117.901325097808837, 52.82699482820189 ], [ -117.901325097808837, 52.726994828201889 ] ] ] } },
{ "type": "Feature", "properties": { "value": "2", "label": "AQHI 2", "color": "#0099cb", "timestamp": "2026-09-16 14:00:00", "generated_at": "2026-09-16T20:31:32.792111", "nearest_km": 36.077326981991646, "n_points": 3, "weight_sum": 0.0010552259365316026, "confidence": "Medium", "flagged": false }, "geometry": { "type": "Polygon", "coordinates": [ [ [ -117.801325097808842, 52.726994828201889 ], [ -117.701325097808848, 52.726994828201889 ], [ -117.701325097808848, 52.82699482820189 ], [ -117.801325097808842, 52.82699482820189 ], [ -117.801325097808842, 52.726994828201889 ] ] ] } },
{ "type": "Feature", "properties": { "value": "2", "label": "AQHI 2", "color": "#0099cb", "timestamp": "2026-09-16 14:00:00", "generated_at": "2026-09-16T20:31:32.792111", "nearest_km": 46.256725609850008, "n_points": 3, "weight_sum": 0.00079621839258107877, "confidence": "Medium", "flagged": false }, "geometry": { "type": "Polygon", "coordinates": [ [ [ -117.701325097808848, 52.726994828201889 ], [ -117.601325097808854, 52.726994828201889 ], [ -117.601325097808854, 52.82699482820189 ], [ -117.701325097808848, 52.82699482820189 ], [ -117.701325097808848, 52.726994828201889 ] ] ] } },
{ "type": "Feature", "properties": { "value": "2", "label": "AQHI 2", "color": "#0099cb", "timestamp": "2026-09-16 14:00:00", "generated_at": "2026-09-16T20:31:32.792111", "nearest_km": 56.782178596143481, "n_points": 3, "weight_sum": 0.00068424150447416615, "confidence": "Medium", "flagged": false }, "geometry": { "type": "Polygon", "coordinates": [ [ [ -117.601325097808854, 52.726994828201889 ], [ -117.501325097808859, 52.726994828201889 ], [ -117.501325097808859, 52.82699482820189 ], [ -117.601325097808854, 52.82699482820189 ], [ -117.601325097808854, 52.726994828201889 ] ] ] } },
{ "type": "Feature", "properties": { "value": "2", "label": "AQHI 2", "color": "#0099cb", "timestamp": "2026-09-16 14:00:00", "generated_at": "2026-09-16T20:31:32.792111", "nearest_km": 64.025936392457496, "n_points": 3, "weight_sum": 0.00064377498371748177, "confidence": "Medium", "flagged": false }, "geometry": { "type": "Polygon", "coordinates": [ [ [ -117.501325097808859, 52.726994828201889 ], [ -117.401325097808865, 52.726994828201889 ], [ -117.401325097808865, 52.82699482820189 ], [ -117.501325097808859, 52.82699482820189 ], [ -117.501325097808859, 52.726994828201889 ] ] ] } },
{ "type": "Feature", "properties": { "value": "2", "label": "AQHI 2", "color": "#0099cb", "timestamp": "2026-09-16 14:00:00", "generated_at": "2026-09-16T20:31:32.792111", "nearest_km": 56.671694443614982, "n_points": 4, "weight_sum": 0.00069055045017860854, "confidence": "Medium", "flagged": false }, "geometry": { "type": "Polygon", "coordinates": [ [ [ -117.401325097808865, 52.726994828201889 ], [ -117.301325097808871, 52.726994828201889 ], [ -117.301325097808871, 52.82699482820189 ], [ -117.401325097808865, 52.82699482820189 ], [ -117.401325097808865, 52.726994828201889 ] ] ] } },
{ "type": "Feature", "properties": { "value": "2", "label": "AQHI 2", "color": "#0099cb", "timestamp": "2026-09-16 14:00:00", "generated_at": "2026-09-16T20:31:32.792111", "nearest_km": 50.699717664794541, "n_points": 4, "weight_sum": 0.00072125359011526366, "confidence": "Medium", "flagged": false }, "geometry": { "type": "Polygon", "coordinates": [ [ [ -117.301325097808871, 52.726994828201889 ], [ -117.201325097808876, 52.726994828201889 ], [ -117.201325097808876, 52.82699482820189 ], [ -117.301325097808871, 52.82699482820189 ], [ -117.301325097808871, 52.726994828201889 ] ] ] } },
{ "type": "Feature", "properties": { "value": "2", "label": "AQHI 2", "color": "#0099cb", "timestamp": "2026-09-16 14:00:00", "generated_at": "2026-09-16T20:31:32.792111", "nearest_km": 46.643989875109007, "n_points": 4, "weight_sum": 0.00075467722485639786, "confidence": "Medium", "flagged": false }, "geometry": { "type": "Polygon", "coordinates": [ [ [ -117.201325097808876, 52.726994828201889 ], [ -117.101325097808882, 52.726994828201889 ], [ -117.101325097808882, 52.82699482820189 ], [ -117.201325097808876, 52.82699482820189 ], [ -117.201325097808876, 52.726994828201889 ] ] ] } },
{ "type": "Feature", "properties": { "value": "2", "label": "AQHI 2", "color": "#0099cb", "timestamp": "2026-09-16 14:00:00", "generated_at": "2026-09-16T20:31:32.792111", "nearest_km": 45.025350766525243, "n_points": 4, "weight_sum": 0.0007589838081150784, "confidence": "Medium", "flagged": false }, "geometry": { "type": "Polygon", "coordinates": [ [ [ -117.101325097808882, 52.726994828201889 ], [ -117.001325097808888, 52.726994828201889 ], [ -117.001325097808888, 52.82699482820189 ], [ -117.101325097808882, 52.82699482820189 ], [ -117.101325097808882, 52.726994828201889 ] ] ] } },
{ "type": "Feature", "properties": { "value": "2", "label": "AQHI 2", "color": "#0099cb", "timestamp": "2026-09-16 14:00:00", "generated_at": "2026-09-16T20:31:32.792111", "nearest_km": 46.101221587155038, "n_points": 4, "weight_sum": 0.00071358009340074114, "confidence": "Medium", "flagged": false }, "geometry": { "type": "Polygon", "coordinates": [ [ [ -117.001325097808888, 52.726994828201889 ], [ -116.901325097808893, 52.726994828201889 ], [ -116.901325097808893, 52.82699482820189 ], [ -117.001325097808888, 52.82699482820189 ], [ -117.001325097808888, 52.726994828201889 ] ] ] } },
{ "type": "Feature", "properties": { "value": "2", "label": "AQHI 2", "color": "#0099cb", "timestamp": "2026-09-16 14:00:00", "generated_at": "2026-09-16T20:31:32.792111", "nearest_km": 49.696911896085425, "n_points": 4, "weight_sum": 0.00063090862376080008, "confidence": "Medium", "flagged": false }, "geometry": { "type": "Polygon", "coordinates": [ [ [ -116.901325097808893, 52.726994828201889 ], [ -116.801325097808899, 52.726994828201889 ], [ -116.801325097808899, 52.82699482820189 ], [ -116.901325097808893, 52.82699482820189 ], [ -116.901325097808893, 52.726994828201889 ] ] ] } },
{ "type": "Feature", "properties": { "value": "2", "label": "AQHI 2", "color": "#0099cb", "timestamp": "2026-09-16 14:00:00", "generated_at": "2026-09-16T20:31:32.792111", "nearest_km": 55.323263390607721, "n_points": 4, "weight_sum": 0.00054009159044815925, "confidence": "Medium", "flagged": false }, "geometry": { "type": "Polygon", "coordinates": [ [ [ -116.801325097808899, 52.726994828201889 ], [ -116.701325097808905, 52.726994828201889 ], [ -116.701325097808905, 52.82699482820189 ], [ -116.801325097808899, 52.82699482820189 ], [ -116.801325097808899, 52.726994828201889 ] ] ] } },
{ "type": "Feature", "properties": { "value": "2", "label": "AQHI 2", "color": "#0099cb", "timestamp": "2026-09-16 14:00:00", "generated_at": "2026-09-16T20:31:32.792111", "nearest_km": 62.433675947887359, "n_points": 3, "weight_sum": 0.0004187966030405643, "confidence": "Medium", "flagged": false }, "geometry": { "type": "Polygon", "coordinates": [ [ [ -116.701325097808905, 52.726994828201889 ], [ -116.60132509780891, 52.726994828201889 ], [ -116.60132509780891, 52.82699482820189 ], [ -116.701325097808905, 52.82699482820189 ], [ -116.701325097808905, 52.726994828201889 ] ] ] } },
{ "type": "Feature", "properties": { "value": "2", "label": "AQHI 2", "color": "#0099cb", "timestamp": "2026-09-16 14:00:00", "generated_at": "2026-09-16T20:31:32.792111", "nearest_km": 70.581047828330171, "n_points": 3, "weight_sum": 0.00036044794107379155, "confidence": "Medium", "flagged": false }, "geometry": { "type": "Polygon", "coordinates": [ [ [ -116.60132509780891, 52.726994828201889 ], [ -116.501325097808916, 52.726994828201889 ], [ -116.501325097808916, 52.82699482820189 ], [ -116.60132509780891, 52.82699482820189 ], [ -116.60132509780891, 52.726994828201889 ] ] ] } },
{ "type": "Feature", "properties": { "value": "2", "label": "AQHI 2", "color": "#0099cb", "timestamp": "2026-09-16 14:00:00", "generated_at": "2026-09-16T20:31:32.792111", "nearest_km": 56.832449748223432, "n_points": 2, "weight_sum": 0.00036955697499427433, "confidence": "Medium", "flagged": false }, "geometry": { "type": "Polygon", "coordinates": [ [ [ -118.601325097808797, 52.82699482820189 ], [ -118.501325097808802, 52.82699482820189 ], [ -118.501325097808802, 52.926994828201892 ], [ -118.601325097808797, 52.926994828201892 ], [ -118.601325097808797, 52.82699482820189 ] ] ] } },
{ "type": "Feature", "properties": { "value": "2", "label": "AQHI 2", "color": "#0099cb", "timestamp": "2026-09-16 14:00:00", "generated_at": "2026-09-16T20:31:32.792111", "nearest_km": 45.789501923082504, "n_points": 2, "weight_sum": 0.00054688620424712085, "confidence": "Medium", "flagged": false }, "geometry": { "type": "Polygon", "coordinates": [ [ [ -118.501325097808802, 52.82699482820189 ], [ -118.401325097808808, 52.82699482820189 ], [ -118.401325097808808, 52.926994828201892 ], [ -118.501325097808802, 52.926994828201892 ], [ -118.501325097808802, 52.82699482820189 ] ] ] } },
{ "type": "Feature", "properties": { "value": "2", "label": "AQHI 2", "color": "#0099cb", "timestamp": "2026-09-16 14:00:00", "generated_at": "2026-09-16T20:31:32.792111", "nearest_km": 34.782892754105184, "n_points": 3, "weight_sum": 0.00095361395249143606, "confidence": "Medium", "flagged": false }, "geometry": { "type": "Polygon", "coordinates": [ [ [ -118.401325097808808, 52.82699482820189 ], [ -118.301325097808814, 52.82699482820189 ], [ -118.301325097808814, 52.926994828201892 ], [ -118.401325097808808, 52.926994828201892 ], [ -118.401325097808808, 52.82699482820189 ] ] ] } },
{ "type": "Feature", "properties": { "value": "2", "label": "AQHI 2", "color": "#0099cb", "timestamp": "2026-09-16 14:00:00", "generated_at": "2026-09-16T20:31:32.792111", "nearest_km": 23.862958121807985, "n_points": 3, "weight_sum": 0.0019055508422357755, "confidence": "High", "flagged": false }, "geometry": { "type": "Polygon", "coordinates": [ [ [ -118.301325097808814, 52.82699482820189 ], [ -118.201325097808819, 52.82699482820189 ], [ -118.201325097808819, 52.926994828201892 ], [ -118.301325097808814, 52.926994828201892 ], [ -118.301325097808814, 52.82699482820189 ] ] ] } },
{ "type": "Feature", "properties": { "value": "2", "label": "AQHI 2", "color": "#0099cb", "timestamp": "2026-09-16 14:00:00", "generated_at": "2026-09-16T20:31:32.792111", "nearest_km": 13.24582622197318, "n_points": 3, "weight_sum": 0.0058766593113827202, "confidence": "High", "flagged": false }, "geometry": { "type": "Polygon", "coordinates": [ [ [ -118.201325097808819, 52.82699482820189 ], [ -118.101325097808825, 52.82699482820189 ], [ -118.101325097808825, 52.926994828201892 ], [ -118.201325097808819, 52.926994828201892 ], [ -118.201325097808819, 52.82699482820189 ] ] ] } },
{ "type": "Feature", "properties": { "value": "2", "label": "AQHI 2", "color": "#0099cb", "timestamp": "2026-09-16 14:00:00", "generated_at": "2026-09-16T20:31:32.792111", "nearest_km": 5.2804407280297081, "n_points": 3, "weight_sum": 0.036075194294466574, "confidence": "High", "flagged": false }, "geometry": { "type": "Polygon", "coordinates": [ [ [ -118.101325097808825, 52.82699482820189 ], [ -118.001325097808831, 52.82699482820189 ], [ -118.001325097808831, 52.926994828201892 ], [ -118.101325097808825, 52.926994828201892 ], [ -118.101325097808825, 52.82699482820189 ] ] ] } },
{ "type": "Feature", "properties": { "value": "2", "label": "AQHI 2", "color": "#0099cb", "timestamp": "2026-09-16 14:00:00", "generated_at": "2026-09-16T20:31:32.792111", "nearest_km": 11.257628358661051, "n_points": 3, "weight_sum": 0.0081429659857670481, "confidence": "High", "flagged": false }, "geometry": { "type": "Polygon", "coordinates": [ [ [ -118.001325097808831, 52.82699482820189 ], [ -117.901325097808837, 52.82699482820189 ], [ -117.901325097808837, 52.926994828201892 ], [ -118.001325097808831, 52.926994828201892 ], [ -118.001325097808831, 52.82699482820189 ] ] ] } },
{ "type": "Feature", "properties": { "value": "2", "label": "AQHI 2", "color": "#0099cb", "timestamp": "2026-09-16 14:00:00", "generated_at": "2026-09-16T20:31:32.792111", "nearest_km": 21.725683838286795, "n_points": 3, "weight_sum": 0.0024199401210177923, "confidence": "High", "flagged": false }, "geometry": { "type": "Polygon", "coordinates": [ [ [ -117.901325097808837, 52.82699482820189 ], [ -117.801325097808842, 52.82699482820189 ], [ -117.801325097808842, 52.926994828201892 ], [ -117.901325097808837, 52.926994828201892 ], [ -117.901325097808837, 52.82699482820189 ] ] ] } },
{ "type": "Feature", "properties": { "value": "2", "label": "AQHI 2", "color": "#0099cb", "timestamp": "2026-09-16 14:00:00", "generated_at": "2026-09-16T20:31:32.792111", "nearest_km": 32.614360030830511, "n_points": 3, "weight_sum": 0.0012970328725581837, "confidence": "Medium", "flagged": false }, "geometry": { "type": "Polygon", "coordinates": [ [ [ -117.801325097808842, 52.82699482820189 ], [ -117.701325097808848, 52.82699482820189 ], [ -117.701325097808848, 52.926994828201892 ], [ -117.801325097808842, 52.926994828201892 ], [ -117.801325097808842, 52.82699482820189 ] ] ] } },
{ "type": "Feature", "properties": { "value": "2", "label": "AQHI 2", "color": "#0099cb", "timestamp": "2026-09-16 14:00:00", "generated_at": "2026-09-16T20:31:32.792111", "nearest_km": 43.609719354749863, "n_points": 3, "weight_sum": 0.00094332675712301031, "confidence": "Medium", "flagged": false }, "geometry": { "type": "Polygon", "coordinates": [ [ [ -117.701325097808848, 52.82699482820189 ], [ -117.601325097808854, 52.82699482820189 ], [ -117.601325097808854, 52.926994828201892 ], [ -117.701325097808848, 52.926994828201892 ], [ -117.701325097808848, 52.82699482820189 ] ] ] } },
{ "type": "Feature", "properties": { "value": "2", "label": "AQHI 2", "color": "#0099cb", "timestamp": "2026-09-16 14:00:00", "generated_at": "2026-09-16T20:31:32.792111", "nearest_km": 54.647404002197831, "n_points": 3, "weight_sum": 0.00081771615641472179, "confidence": "Medium", "flagged": false }, "geometry": { "type": "Polygon", "coordinates": [ [ [ -117.601325097808854, 52.82699482820189 ], [ -117.501325097808859, 52.82699482820189 ], [ -117.501325097808859, 52.926994828201892 ], [ -117.601325097808854, 52.926994828201892 ], [ -117.601325097808854, 52.82699482820189 ] ] ] } },
{ "type": "Feature", "properties": { "value": "2", "label": "AQHI 2", "color": "#0099cb", "timestamp": "2026-09-16 14:00:00", "generated_at": "2026-09-16T20:31:32.792111", "nearest_km": 56.773978956790543, "n_points": 4, "weight_sum": 0.00083475073478103635, "confidence": "Medium", "flagged": false }, "geometry": { "type": "Polygon", "coordinates": [ [ [ -117.501325097808859, 52.82699482820189 ], [ -117.401325097808865, 52.82699482820189 ], [ -117.401325097808865, 52.926994828201892 ], [ -117.501325097808859, 52.926994828201892 ], [ -117.501325097808859, 52.82699482820189 ] ] ] } },
{ "type": "Feature", "properties": { "value": "2", "label": "AQHI 2", "color": "#0099cb", "timestamp": "2026-09-16 14:00:00", "generated_at": "2026-09-16T20:31:32.792111", "nearest_km": 48.328512358291597, "n_points": 4, "weight_sum": 0.0008778593968545433, "confidence": "Medium", "flagged": false }, "geometry": { "type": "Polygon", "coordinates": [ [ [ -117.401325097808865, 52.82699482820189 ], [ -117.301325097808871, 52.82699482820189 ], [ -117.301325097808871, 52.926994828201892 ], [ -117.401325097808865, 52.926994828201892 ], [ -117.401325097808865, 52.82699482820189 ] ] ] } },
{ "type": "Feature", "properties": { "value": "2", "label": "AQHI 2", "color": "#0099cb", "timestamp": "2026-09-16 14:00:00", "generated_at": "2026-09-16T20:31:32.792111", "nearest_km": 41.163400332637281, "n_points": 4, "weight_sum": 0.0009799102777579183, "confidence": "Medium", "flagged": false }, "geometry": { "type": "Polygon", "coordinates": [ [ [ -117.301325097808871, 52.82699482820189 ], [ -117.201325097808876, 52.82699482820189 ], [ -117.201325097808876, 52.926994828201892 ], [ -117.301325097808871, 52.926994828201892 ], [ -117.301325097808871, 52.82699482820189 ] ] ] } },
{ "type": "Feature", "properties": { "value": "2", "label": "AQHI 2", "color": "#0099cb", "timestamp": "2026-09-16 14:00:00", "generated_at": "2026-09-16T20:31:32.792111", "nearest_km": 36.050325201367521, "n_points": 4, "weight_sum": 0.0011107943610549563, "confidence": "Medium", "flagged": false }, "geometry": { "type": "Polygon", "coordinates": [ [ [ -117.201325097808876, 52.82699482820189 ], [ -117.101325097808882, 52.82699482820189 ], [ -117.101325097808882, 52.926994828201892 ], [ -117.201325097808876, 52.926994828201892 ], [ -117.201325097808876, 52.82699482820189 ] ] ] } },
{ "type": "Feature", "properties": { "value": "2", "label": "AQHI 2", "color": "#0099cb", "timestamp": "2026-09-16 14:00:00", "generated_at": "2026-09-16T20:31:32.792111", "nearest_km": 33.930021622505897, "n_points": 4, "weight_sum": 0.0011723119299149511, "confidence": "Medium", "flagged": false }, "geometry": { "type": "Polygon", "coordinates": [ [ [ -117.101325097808882, 52.82699482820189 ], [ -117.001325097808888, 52.82699482820189 ], [ -117.001325097808888, 52.926994828201892 ], [ -117.101325097808882, 52.926994828201892 ], [ -117.101325097808882, 52.82699482820189 ] ] ] } },
{ "type": "Feature", "properties": { "value": "2", "label": "AQHI 2", "color": "#0099cb", "timestamp": "2026-09-16 14:00:00", "generated_at": "2026-09-16T20:31:32.792111", "nearest_km": 35.345251272031618, "n_points": 4, "weight_sum": 0.0010762689252811861, "confidence": "Medium", "flagged": false }, "geometry": { "type": "Polygon", "coordinates": [ [ [ -117.001325097808888, 52.82699482820189 ], [ -116.901325097808893, 52.82699482820189 ], [ -116.901325097808893, 52.926994828201892 ], [ -117.001325097808888, 52.926994828201892 ], [ -117.001325097808888, 52.82699482820189 ] ] ] } },
{ "type": "Feature", "properties": { "value": "2", "label": "AQHI 2", "color": "#0099cb", "timestamp": "2026-09-16 14:00:00", "generated_at": "2026-09-16T20:31:32.792111", "nearest_km": 39.92176358406978, "n_points": 4, "weight_sum": 0.00088370409991587952, "confidence": "Medium", "flagged": false }, "geometry": { "type": "Polygon", "coordinates": [ [ [ -116.901325097808893, 52.82699482820189 ], [ -116.801325097808899, 52.82699482820189 ], [ -116.801325097808899, 52.926994828201892 ], [ -116.901325097808893, 52.926994828201892 ], [ -116.901325097808893, 52.82699482820189 ] ] ] } },
{ "type": "Feature", "properties": { "value": "2", "label": "AQHI 2", "color": "#0099cb", "timestamp": "2026-09-16 14:00:00", "generated_at": "2026-09-16T20:31:32.792111", "nearest_km": 46.740000297835252, "n_points": 4, "weight_sum": 0.00070093440413530308, "confidence": "Medium", "flagged": false }, "geometry": { "type": "Polygon", "coordinates": [ [ [ -116.801325097808899, 52.82699482820189 ], [ -116.701325097808905, 52.82699482820189 ], [ -116.701325097808905, 52.926994828201892 ], [ -116.801325097808899, 52.926994828201892 ], [ -116.801325097808899, 52.82699482820189 ] ] ] } },
{ "type": "Feature", "properties": { "value": "2", "label": "AQHI 2", "color": "#0099cb", "timestamp": "2026-09-16 14:00:00", "generated_at": "2026-09-16T20:31:32.792111", "nearest_km": 54.97206607014958, "n_points": 3, "weight_sum": 0.0005235305210999784, "confidence": "Medium", "flagged": false }, "geometry": { "type": "Polygon", "coordinates": [ [ [ -116.701325097808905, 52.82699482820189 ], [ -116.60132509780891, 52.82699482820189 ], [ -116.60132509780891, 52.926994828201892 ], [ -116.701325097808905, 52.926994828201892 ], [ -116.701325097808905, 52.82699482820189 ] ] ] } },
{ "type": "Feature", "properties": { "value": "2", "label": "AQHI 2", "color": "#0099cb", "timestamp": "2026-09-16 14:00:00", "generated_at": "2026-09-16T20:31:32.792111", "nearest_km": 64.075334319846633, "n_points": 3, "weight_sum": 0.00043522003038375833, "confidence": "Medium", "flagged": false }, "geometry": { "type": "Polygon", "coordinates": [ [ [ -116.60132509780891, 52.82699482820189 ], [ -116.501325097808916, 52.82699482820189 ], [ -116.501325097808916, 52.926994828201892 ], [ -116.60132509780891, 52.926994828201892 ], [ -116.60132509780891, 52.82699482820189 ] ] ] } },
{ "type": "Feature", "properties": { "value": "2", "label": "AQHI 2", "color": "#0099cb", "timestamp": "2026-09-16 14:00:00", "generated_at": "2026-09-16T20:31:32.792111", "nearest_km": 73.727802682429839, "n_points": 3, "weight_sum": 0.00037369426214213091, "confidence": "Medium", "flagged": false }, "geometry": { "type": "Polygon", "coordinates": [ [ [ -116.501325097808916, 52.82699482820189 ], [ -116.401325097808922, 52.82699482820189 ], [ -116.401325097808922, 52.926994828201892 ], [ -116.501325097808916, 52.926994828201892 ], [ -116.501325097808916, 52.82699482820189 ] ] ] } },
{ "type": "Feature", "properties": { "value": "2", "label": "AQHI 2", "color": "#0099cb", "timestamp": "2026-09-16 14:00:00", "generated_at": "2026-09-16T20:31:32.792111", "nearest_km": 83.7397713667674, "n_points": 3, "weight_sum": 0.00032787101867538457, "confidence": "Low", "flagged": false }, "geometry": { "type": "Polygon", "coordinates": [ [ [ -116.401325097808922, 52.82699482820189 ], [ -116.301325097808927, 52.82699482820189 ], [ -116.301325097808927, 52.926994828201892 ], [ -116.401325097808922, 52.926994828201892 ], [ -116.401325097808922, 52.82699482820189 ] ] ] } },
{ "type": "Feature", "properties": { "value": "2", "label": "AQHI 2", "color": "#0099cb", "timestamp": "2026-09-16 14:00:00", "generated_at": "2026-09-16T20:31:32.792111", "nearest_km": 85.697750252763669, "n_points": 2, "weight_sum": 0.0002493456089622722, "confidence": "Low", "flagged": false }, "geometry": { "type": "Polygon", "coordinates": [ [ [ -116.301325097808927, 52.82699482820189 ], [ -116.201325097808933, 52.82699482820189 ], [ -116.201325097808933, 52.926994828201892 ], [ -116.301325097808927, 52.926994828201892 ], [ -116.301325097808927, 52.82699482820189 ] ] ] } },
{ "type": "Feature", "properties": { "value": "2", "label": "AQHI 2", "color": "#0099cb", "timestamp": "2026-09-16 14:00:00", "generated_at": "2026-09-16T20:31:32.792111", "nearest_km": 87.707882427774337, "n_points": 3, "weight_sum": 0.00027125222716718126, "confidence": "Low", "flagged": false }, "geometry": { "type": "Polygon", "coordinates": [ [ [ -116.201325097808933, 52.82699482820189 ], [ -116.101325097808939, 52.82699482820189 ], [ -116.101325097808939, 52.926994828201892 ], [ -116.201325097808933, 52.926994828201892 ], [ -116.201325097808933, 52.82699482820189 ] ] ] } },
{ "type": "Feature", "properties": { "value": "2", "label": "AQHI 2", "color": "#0099cb", "timestamp": "2026-09-16 14:00:00", "generated_at": "2026-09-16T20:31:32.792111", "nearest_km": 91.036590893681264, "n_points": 3, "weight_sum": 0.00025409928447353819, "confidence": "Low", "flagged": false }, "geometry": { "type": "Polygon", "coordinates": [ [ [ -116.101325097808939, 52.82699482820189 ], [ -116.001325097808945, 52.82699482820189 ], [ -116.001325097808945, 52.926994828201892 ], [ -116.101325097808939, 52.926994828201892 ], [ -116.101325097808939, 52.82699482820189 ] ] ] } },
{ "type": "Feature", "properties": { "value": "2", "label": "AQHI 2", "color": "#0099cb", "timestamp": "2026-09-16 14:00:00", "generated_at": "2026-09-16T20:31:32.792111", "nearest_km": 95.546162262660573, "n_points": 3, "weight_sum": 0.00024106654368030229, "confidence": "Low", "flagged": false }, "geometry": { "type": "Polygon", "coordinates": [ [ [ -116.001325097808945, 52.82699482820189 ], [ -115.90132509780895, 52.82699482820189 ], [ -115.90132509780895, 52.926994828201892 ], [ -116.001325097808945, 52.926994828201892 ], [ -116.001325097808945, 52.82699482820189 ] ] ] } },
{ "type": "Feature", "properties": { "value": "2", "label": "AQHI 2", "color": "#0099cb", "timestamp": "2026-09-16 14:00:00", "generated_at": "2026-09-16T20:31:32.792111", "nearest_km": 101.07866918742951, "n_points": 3, "weight_sum": 0.00023306607277564178, "confidence": "Low", "flagged": false }, "geometry": { "type": "Polygon", "coordinates": [ [ [ -115.90132509780895, 52.82699482820189 ], [ -115.801325097808956, 52.82699482820189 ], [ -115.801325097808956, 52.926994828201892 ], [ -115.90132509780895, 52.926994828201892 ], [ -115.90132509780895, 52.82699482820189 ] ] ] } },
{ "type": "Feature", "properties": { "value": "2", "label": "AQHI 2", "color": "#0099cb", "timestamp": "2026-09-16 14:00:00", "generated_at": "2026-09-16T20:31:32.792111", "nearest_km": 100.72817082523829, "n_points": 3, "weight_sum": 0.00023132768895151571, "confidence": "Low", "flagged": false }, "geometry": { "type": "Polygon", "coordinates": [ [ [ -115.801325097808956, 52.82699482820189 ], [ -115.701325097808962, 52.82699482820189 ], [ -115.701325097808962, 52.926994828201892 ], [ -115.801325097808956, 52.926994828201892 ], [ -115.801325097808956, 52.82699482820189 ] ] ] } },
{ "type": "Feature", "properties": { "value": "2", "label": "AQHI 2", "color": "#0099cb", "timestamp": "2026-09-16 14:00:00", "generated_at": "2026-09-16T20:31:32.792111", "nearest_km": 90.850773719202039, "n_points": 2, "weight_sum": 0.00019730633226972764, "confidence": "Low", "flagged": false }, "geometry": { "type": "Polygon", "coordinates": [ [ [ -115.701325097808962, 52.82699482820189 ], [ -115.601325097808967, 52.82699482820189 ], [ -115.601325097808967, 52.926994828201892 ], [ -115.701325097808962, 52.926994828201892 ], [ -115.701325097808962, 52.82699482820189 ] ] ] } },
{ "type": "Feature", "properties": { "value": "2", "label": "AQHI 2", "color": "#0099cb", "timestamp": "2026-09-16 14:00:00", "generated_at": "2026-09-16T20:31:32.792111", "nearest_km": 81.289493619759284, "n_points": 2, "weight_sum": 0.00021818196242992879, "confidence": "Low", "flagged": false }, "geometry": { "type": "Polygon", "coordinates": [ [ [ -115.601325097808967, 52.82699482820189 ], [ -115.501325097808973, 52.82699482820189 ], [ -115.501325097808973, 52.926994828201892 ], [ -115.601325097808967, 52.926994828201892 ], [ -115.601325097808967, 52.82699482820189 ] ] ] } },
{ "type": "Feature", "properties": { "value": "2", "label": "AQHI 2", "color": "#0099cb", "timestamp": "2026-09-16 14:00:00", "generated_at": "2026-09-16T20:31:32.792111", "nearest_km": 72.170080092349181, "n_points": 2, "weight_sum": 0.00025070469832758004, "confidence": "Medium", "flagged": false }, "geometry": { "type": "Polygon", "coordinates": [ [ [ -115.501325097808973, 52.82699482820189 ], [ -115.401325097808979, 52.82699482820189 ], [ -115.401325097808979, 52.926994828201892 ], [ -115.501325097808973, 52.926994828201892 ], [ -115.501325097808973, 52.82699482820189 ] ] ] } },
{ "type": "Feature", "properties": { "value": "2", "label": "AQHI 2", "color": "#0099cb", "timestamp": "2026-09-16 14:00:00", "generated_at": "2026-09-16T20:31:32.792111", "nearest_km": 63.682644010085468, "n_points": 3, "weight_sum": 0.00034678720433708169, "confidence": "Medium", "flagged": false }, "geometry": { "type": "Polygon", "coordinates": [ [ [ -115.401325097808979, 52.82699482820189 ], [ -115.301325097808984, 52.82699482820189 ], [ -115.301325097808984, 52.926994828201892 ], [ -115.401325097808979, 52.926994828201892 ], [ -115.401325097808979, 52.82699482820189 ] ] ] } },
{ "type": "Feature", "properties": { "value": "2", "label": "AQHI 2", "color": "#0099cb", "timestamp": "2026-09-16 14:00:00", "generated_at": "2026-09-16T20:31:32.792111", "nearest_km": 56.114684670720798, "n_points": 3, "weight_sum": 0.0004194798293205139, "confidence": "Medium", "flagged": false }, "geometry": { "type": "Polygon", "coordinates": [ [ [ -115.301325097808984, 52.82699482820189 ], [ -115.20132509780899, 52.82699482820189 ], [ -115.20132509780899, 52.926994828201892 ], [ -115.301325097808984, 52.926994828201892 ], [ -115.301325097808984, 52.82699482820189 ] ] ] } },
{ "type": "Feature", "properties": { "value": "2", "label": "AQHI 2", "color": "#0099cb", "timestamp": "2026-09-16 14:00:00", "generated_at": "2026-09-16T20:31:32.792111", "nearest_km": 49.886436265517624, "n_points": 2, "weight_sum": 0.00046770760522512695, "confidence": "Medium", "flagged": false }, "geometry": { "type": "Polygon", "coordinates": [ [ [ -115.20132509780899, 52.82699482820189 ], [ -115.101325097808996, 52.82699482820189 ], [ -115.101325097808996, 52.926994828201892 ], [ -115.20132509780899, 52.926994828201892 ], [ -115.20132509780899, 52.82699482820189 ] ] ] } },
{ "type": "Feature", "properties": { "value": "2", "label": "AQHI 2", "color": "#0099cb", "timestamp": "2026-09-16 14:00:00", "generated_at": "2026-09-16T20:31:32.792111", "nearest_km": 45.5507981362857, "n_points": 2, "weight_sum": 0.00055987044525653809, "confidence": "Medium", "flagged": false }, "geometry": { "type": "Polygon", "coordinates": [ [ [ -115.101325097808996, 52.82699482820189 ], [ -115.001325097809001, 52.82699482820189 ], [ -115.001325097809001, 52.926994828201892 ], [ -115.101325097808996, 52.926994828201892 ], [ -115.101325097808996, 52.82699482820189 ] ] ] } },
{ "type": "Feature", "properties": { "value": "2", "label": "AQHI 2", "color": "#0099cb", "timestamp": "2026-09-16 14:00:00", "generated_at": "2026-09-16T20:31:32.792111", "nearest_km": 43.675094715772708, "n_points": 4, "weight_sum": 0.0007085750368812612, "confidence": "Medium", "flagged": false }, "geometry": { "type": "Polygon", "coordinates": [ [ [ -115.001325097809001, 52.82699482820189 ], [ -114.901325097809007, 52.82699482820189 ], [ -114.901325097809007, 52.926994828201892 ], [ -115.001325097809001, 52.926994828201892 ], [ -115.001325097809001, 52.82699482820189 ] ] ] } },
{ "type": "Feature", "properties": { "value": "2", "label": "AQHI 2", "color": "#0099cb", "timestamp": "2026-09-16 14:00:00", "generated_at": "2026-09-16T20:31:32.792111", "nearest_km": 44.570983677845355, "n_points": 5, "weight_sum": 0.00076501892981713357, "confidence": "Medium", "flagged": false }, "geometry": { "type": "Polygon", "coordinates": [ [ [ -114.901325097809007, 52.82699482820189 ], [ -114.801325097809013, 52.82699482820189 ], [ -114.801325097809013, 52.926994828201892 ], [ -114.901325097809007, 52.926994828201892 ], [ -114.901325097809007, 52.82699482820189 ] ] ] } },
{ "type": "Feature", "properties": { "value": "2", "label": "AQHI 2", "color": "#0099cb", "timestamp": "2026-09-16 14:00:00", "generated_at": "2026-09-16T20:31:32.792111", "nearest_km": 48.083794292773625, "n_points": 5, "weight_sum": 0.00073897443367247693, "confidence": "Medium", "flagged": false }, "geometry": { "type": "Polygon", "coordinates": [ [ [ -114.801325097809013, 52.82699482820189 ], [ -114.701325097809018, 52.82699482820189 ], [ -114.701325097809018, 52.926994828201892 ], [ -114.801325097809013, 52.926994828201892 ], [ -114.801325097809013, 52.82699482820189 ] ] ] } },
{ "type": "Feature", "properties": { "value": "2", "label": "AQHI 2", "color": "#0099cb", "timestamp": "2026-09-16 14:00:00", "generated_at": "2026-09-16T20:31:32.792111", "nearest_km": 53.702420440504859, "n_points": 6, "weight_sum": 0.00075870700317618399, "confidence": "Medium", "flagged": false }, "geometry": { "type": "Polygon", "coordinates": [ [ [ -114.701325097809018, 52.82699482820189 ], [ -114.601325097809024, 52.82699482820189 ], [ -114.601325097809024, 52.926994828201892 ], [ -114.701325097809018, 52.926994828201892 ], [ -114.701325097809018, 52.82699482820189 ] ] ] } },
{ "type": "Feature", "properties": { "value": "2", "label": "AQHI 2", "color": "#0099cb", "timestamp": "2026-09-16 14:00:00", "generated_at": "2026-09-16T20:31:32.792111", "nearest_km": 60.846270623167285, "n_points": 9, "weight_sum": 0.00090373882056018736, "confidence": "Medium", "flagged": false }, "geometry": { "type": "Polygon", "coordinates": [ [ [ -114.601325097809024, 52.82699482820189 ], [ -114.50132509780903, 52.82699482820189 ], [ -114.50132509780903, 52.926994828201892 ], [ -114.601325097809024, 52.926994828201892 ], [ -114.601325097809024, 52.82699482820189 ] ] ] } },
{ "type": "Feature", "properties": { "value": "2", "label": "AQHI 2", "color": "#0099cb", "timestamp": "2026-09-16 14:00:00", "generated_at": "2026-09-16T20:31:32.792111", "nearest_km": 62.842053556054196, "n_points": 10, "weight_sum": 0.0009971767330071114, "confidence": "Medium", "flagged": false }, "geometry": { "type": "Polygon", "coordinates": [ [ [ -114.50132509780903, 52.82699482820189 ], [ -114.401325097809035, 52.82699482820189 ], [ -114.401325097809035, 52.926994828201892 ], [ -114.50132509780903, 52.926994828201892 ], [ -114.50132509780903, 52.82699482820189 ] ] ] } },
{ "type": "Feature", "properties": { "value": "2", "label": "AQHI 2", "color": "#0099cb", "timestamp": "2026-09-16 14:00:00", "generated_at": "2026-09-16T20:31:32.792111", "nearest_km": 57.711900562370886, "n_points": 11, "weight_sum": 0.0011290321468183037, "confidence": "Medium", "flagged": false }, "geometry": { "type": "Polygon", "coordinates": [ [ [ -114.401325097809035, 52.82699482820189 ], [ -114.301325097809041, 52.82699482820189 ], [ -114.301325097809041, 52.926994828201892 ], [ -114.401325097809035, 52.926994828201892 ], [ -114.401325097809035, 52.82699482820189 ] ] ] } },
{ "type": "Feature", "properties": { "value": "2", "label": "AQHI 2", "color": "#0099cb", "timestamp": "2026-09-16 14:00:00", "generated_at": "2026-09-16T20:31:32.792111", "nearest_km": 54.393227867998036, "n_points": 12, "weight_sum": 0.0012821172374920607, "confidence": "Medium", "flagged": false }, "geometry": { "type": "Polygon", "coordinates": [ [ [ -114.301325097809041, 52.82699482820189 ], [ -114.201325097809047, 52.82699482820189 ], [ -114.201325097809047, 52.926994828201892 ], [ -114.301325097809041, 52.926994828201892 ], [ -114.301325097809041, 52.82699482820189 ] ] ] } },
{ "type": "Feature", "properties": { "value": "2", "label": "AQHI 2", "color": "#0099cb", "timestamp": "2026-09-16 14:00:00", "generated_at": "2026-09-16T20:31:32.792111", "nearest_km": 53.225961797593698, "n_points": 15, "weight_sum": 0.0015429439901730856, "confidence": "Medium", "flagged": false }, "geometry": { "type": "Polygon", "coordinates": [ [ [ -114.201325097809047, 52.82699482820189 ], [ -114.101325097809053, 52.82699482820189 ], [ -114.101325097809053, 52.926994828201892 ], [ -114.201325097809047, 52.926994828201892 ], [ -114.201325097809047, 52.82699482820189 ] ] ] } },
{ "type": "Feature", "properties": { "value": "2", "label": "AQHI 2", "color": "#0099cb", "timestamp": "2026-09-16 14:00:00", "generated_at": "2026-09-16T20:31:32.792111", "nearest_km": 54.348898614947295, "n_points": 15, "weight_sum": 0.0016724227676014692, "confidence": "Medium", "flagged": false }, "geometry": { "type": "Polygon", "coordinates": [ [ [ -114.101325097809053, 52.82699482820189 ], [ -114.001325097809058, 52.82699482820189 ], [ -114.001325097809058, 52.926994828201892 ], [ -114.101325097809053, 52.926994828201892 ], [ -114.101325097809053, 52.82699482820189 ] ] ] } },
{ "type": "Feature", "properties": { "value": "2", "label": "AQHI 2", "color": "#0099cb", "timestamp": "2026-09-16 14:00:00", "generated_at": "2026-09-16T20:31:32.792111", "nearest_km": 57.628313805252965, "n_points": 15, "weight_sum": 0.001800334305889756, "confidence": "Medium", "flagged": false }, "geometry": { "type": "Polygon", "coordinates": [ [ [ -114.001325097809058, 52.82699482820189 ], [ -113.901325097809064, 52.82699482820189 ], [ -113.901325097809064, 52.926994828201892 ], [ -114.001325097809058, 52.926994828201892 ], [ -114.001325097809058, 52.82699482820189 ] ] ] } },
{ "type": "Feature", "properties": { "value": "2", "label": "AQHI 2", "color": "#0099cb", "timestamp": "2026-09-16 14:00:00", "generated_at": "2026-09-16T20:31:32.792111", "nearest_km": 59.859519425117327, "n_points": 16, "weight_sum": 0.0019750644368096786, "confidence": "Medium", "flagged": false }, "geometry": { "type": "Polygon", "coordinates": [ [ [ -113.901325097809064, 52.82699482820189 ], [ -113.80132509780907, 52.82699482820189 ], [ -113.80132509780907, 52.926994828201892 ], [ -113.901325097809064, 52.926994828201892 ], [ -113.901325097809064, 52.82699482820189 ] ] ] } },
{ "type": "Feature", "properties": { "value": "2", "label": "AQHI 2", "color": "#0099cb", "timestamp": "2026-09-16 14:00:00", "generated_at": "2026-09-16T20:31:32.792111", "nearest_km": 56.632152449770686, "n_points": 18, "weight_sum": 0.0022015124207336932, "confidence": "Medium", "flagged": false }, "geometry": { "type": "Polygon", "coordinates": [ [ [ -113.80132509780907, 52.82699482820189 ], [ -113.701325097809075, 52.82699482820189 ], [ -113.701325097809075, 52.926994828201892 ], [ -113.80132509780907, 52.926994828201892 ], [ -113.80132509780907, 52.82699482820189 ] ] ] } },
{ "type": "Feature", "properties": { "value": "2", "label": "AQHI 2", "color": "#0099cb", "timestamp": "2026-09-16 14:00:00", "generated_at": "2026-09-16T20:31:32.792111", "nearest_km": 67.956891927602001, "n_points": 2, "weight_sum": 0.00027197722063012882, "confidence": "Medium", "flagged": false }, "geometry": { "type": "Polygon", "coordinates": [ [ [ -118.701325097808791, 52.926994828201892 ], [ -118.601325097808797, 52.926994828201892 ], [ -118.601325097808797, 53.026994828201893 ], [ -118.701325097808791, 53.026994828201893 ], [ -118.701325097808791, 52.926994828201892 ] ] ] } },
{ "type": "Feature", "properties": { "value": "2", "label": "AQHI 2", "color": "#0099cb", "timestamp": "2026-09-16 14:00:00", "generated_at": "2026-09-16T20:31:32.792111", "nearest_km": 56.907559273258592, "n_points": 2, "weight_sum": 0.00037368496663961421, "confidence": "Medium", "flagged": false }, "geometry": { "type": "Polygon", "coordinates": [ [ [ -118.601325097808797, 52.926994828201892 ], [ -118.501325097808802, 52.926994828201892 ], [ -118.501325097808802, 53.026994828201893 ], [ -118.601325097808797, 53.026994828201893 ], [ -118.601325097808797, 52.926994828201892 ] ] ] } },
{ "type": "Feature", "properties": { "value": "2", "label": "AQHI 2", "color": "#0099cb", "timestamp": "2026-09-16 14:00:00", "generated_at": "2026-09-16T20:31:32.792111", "nearest_km": 45.882692209798194, "n_points": 2, "weight_sum": 0.00055177422557521258, "confidence": "Medium", "flagged": false }, "geometry": { "type": "Polygon", "coordinates": [ [ [ -118.501325097808802, 52.926994828201892 ], [ -118.401325097808808, 52.926994828201892 ], [ -118.401325097808808, 53.026994828201893 ], [ -118.501325097808802, 53.026994828201893 ], [ -118.501325097808802, 52.926994828201892 ] ] ] } },
{ "type": "Feature", "properties": { "value": "2", "label": "AQHI 2", "color": "#0099cb", "timestamp": "2026-09-16 14:00:00", "generated_at": "2026-09-16T20:31:32.792111", "nearest_km": 34.905480750144129, "n_points": 3, "weight_sum": 0.00095871604757175716, "confidence": "Medium", "flagged": false }, "geometry": { "type": "Polygon", "coordinates": [ [ [ -118.401325097808808, 52.926994828201892 ], [ -118.301325097808814, 52.926994828201892 ], [ -118.301325097808814, 53.026994828201893 ], [ -118.401325097808808, 53.026994828201893 ], [ -118.401325097808808, 52.926994828201892 ] ] ] } },
{ "type": "Feature", "properties": { "value": "2", "label": "AQHI 2", "color": "#0099cb", "timestamp": "2026-09-16 14:00:00", "generated_at": "2026-09-16T20:31:32.792111", "nearest_km": 24.04129215284113, "n_points": 3, "weight_sum": 0.0018951048615663162, "confidence": "High", "flagged": false }, "geometry": { "type": "Polygon", "coordinates": [ [ [ -118.301325097808814, 52.926994828201892 ], [ -118.201325097808819, 52.926994828201892 ], [ -118.201325097808819, 53.026994828201893 ], [ -118.301325097808814, 53.026994828201893 ], [ -118.301325097808814, 52.926994828201892 ] ] ] } },
{ "type": "Feature", "properties": { "value": "2", "label": "AQHI 2", "color": "#0099cb", "timestamp": "2026-09-16 14:00:00", "generated_at": "2026-09-16T20:31:32.792111", "nearest_km": 13.564470883813023, "n_points": 3, "weight_sum": 0.0056344926051404166, "confidence": "High", "flagged": false }, "geometry": { "type": "Polygon", "coordinates": [ [ [ -118.201325097808819, 52.926994828201892 ], [ -118.101325097808825, 52.926994828201892 ], [ -118.101325097808825, 53.026994828201893 ], [ -118.201325097808819, 53.026994828201893 ], [ -118.201325097808819, 52.926994828201892 ] ] ] } },
{ "type": "Feature", "properties": { "value": "2", "label": "AQHI 2", "color": "#0099cb", "timestamp": "2026-09-16 14:00:00", "generated_at": "2026-09-16T20:31:32.792111", "nearest_km": 6.0353966180636247, "n_points": 3, "weight_sum": 0.027696999242845067, "confidence": "High", "flagged": false }, "geometry": { "type": "Polygon", "coordinates": [ [ [ -118.101325097808825, 52.926994828201892 ], [ -118.001325097808831, 52.926994828201892 ], [ -118.001325097808831, 53.026994828201893 ], [ -118.101325097808825, 53.026994828201893 ], [ -118.101325097808825, 52.926994828201892 ] ] ] } },
{ "type": "Feature", "properties": { "value": "2", "label": "AQHI 2", "color": "#0099cb", "timestamp": "2026-09-16 14:00:00", "generated_at": "2026-09-16T20:31:32.792111", "nearest_km": 11.630870746286732, "n_points": 3, "weight_sum": 0.0076932494602925828, "confidence": "High", "flagged": false }, "geometry": { "type": "Polygon", "coordinates": [ [ [ -118.001325097808831, 52.926994828201892 ], [ -117.901325097808837, 52.926994828201892 ], [ -117.901325097808837, 53.026994828201893 ], [ -118.001325097808831, 53.026994828201893 ], [ -118.001325097808831, 52.926994828201892 ] ] ] } },
{ "type": "Feature", "properties": { "value": "2", "label": "AQHI 2", "color": "#0099cb", "timestamp": "2026-09-16 14:00:00", "generated_at": "2026-09-16T20:31:32.792111", "nearest_km": 21.921411822606114, "n_points": 3, "weight_sum": 0.0024529725317865916, "confidence": "High", "flagged": false }, "geometry": { "type": "Polygon", "coordinates": [ [ [ -117.901325097808837, 52.926994828201892 ], [ -117.801325097808842, 52.926994828201892 ], [ -117.801325097808842, 53.026994828201893 ], [ -117.901325097808837, 53.026994828201893 ], [ -117.901325097808837, 52.926994828201892 ] ] ] } },
{ "type": "Feature", "properties": { "value": "2", "label": "AQHI 2", "color": "#0099cb", "timestamp": "2026-09-16 14:00:00", "generated_at": "2026-09-16T20:31:32.792111", "nearest_km": 32.74506738847446, "n_points": 3, "weight_sum": 0.0013886742177414962, "confidence": "Medium", "flagged": false }, "geometry": { "type": "Polygon", "coordinates": [ [ [ -117.801325097808842, 52.926994828201892 ], [ -117.701325097808848, 52.926994828201892 ], [ -117.701325097808848, 53.026994828201893 ], [ -117.801325097808842, 53.026994828201893 ], [ -117.801325097808842, 52.926994828201892 ] ] ] } },
{ "type": "Feature", "properties": { "value": "2", "label": "AQHI 2", "color": "#0099cb", "timestamp": "2026-09-16 14:00:00", "generated_at": "2026-09-16T20:31:32.792111", "nearest_km": 43.707557472994807, "n_points": 3, "weight_sum": 0.00107128323961187, "confidence": "Medium", "flagged": false }, "geometry": { "type": "Polygon", "coordinates": [ [ [ -117.701325097808848, 52.926994828201892 ], [ -117.601325097808854, 52.926994828201892 ], [ -117.601325097808854, 53.026994828201893 ], [ -117.701325097808848, 53.026994828201893 ], [ -117.701325097808848, 52.926994828201892 ] ] ] } },
{ "type": "Feature", "properties": { "value": "2", "label": "AQHI 2", "color": "#0099cb", "timestamp": "2026-09-16 14:00:00", "generated_at": "2026-09-16T20:31:32.792111", "nearest_km": 51.730614410550594, "n_points": 3, "weight_sum": 0.00097584708083396654, "confidence": "Medium", "flagged": false }, "geometry": { "type": "Polygon", "coordinates": [ [ [ -117.601325097808854, 52.926994828201892 ], [ -117.501325097808859, 52.926994828201892 ], [ -117.501325097808859, 53.026994828201893 ], [ -117.601325097808854, 53.026994828201893 ], [ -117.601325097808854, 52.926994828201892 ] ] ] } },
{ "type": "Feature", "properties": { "value": "2", "label": "AQHI 2", "color": "#0099cb", "timestamp": "2026-09-16 14:00:00", "generated_at": "2026-09-16T20:31:32.792111", "nearest_km": 50.928075186886709, "n_points": 4, "weight_sum": 0.0010278011232454055, "confidence": "Medium", "flagged": false }, "geometry": { "type": "Polygon", "coordinates": [ [ [ -117.501325097808859, 52.926994828201892 ], [ -117.401325097808865, 52.926994828201892 ], [ -117.401325097808865, 53.026994828201893 ], [ -117.501325097808859, 53.026994828201893 ], [ -117.501325097808859, 52.926994828201892 ] ] ] } },
{ "type": "Feature", "properties": { "value": "2", "label": "AQHI 2", "color": "#0099cb", "timestamp": "2026-09-16 14:00:00", "generated_at": "2026-09-16T20:31:32.792111", "nearest_km": 41.304107089012753, "n_points": 4, "weight_sum": 0.0011350782207902328, "confidence": "Medium", "flagged": false }, "geometry": { "type": "Polygon", "coordinates": [ [ [ -117.401325097808865, 52.926994828201892 ], [ -117.301325097808871, 52.926994828201892 ], [ -117.301325097808871, 53.026994828201893 ], [ -117.401325097808865, 53.026994828201893 ], [ -117.401325097808865, 52.926994828201892 ] ] ] } },
{ "type": "Feature", "properties": { "value": "2", "label": "AQHI 2", "color": "#0099cb", "timestamp": "2026-09-16 14:00:00", "generated_at": "2026-09-16T20:31:32.792111", "nearest_km": 32.631421706693267, "n_points": 4, "weight_sum": 0.0014055889119939733, "confidence": "Medium", "flagged": false }, "geometry": { "type": "Polygon", "coordinates": [ [ [ -117.301325097808871, 52.926994828201892 ], [ -117.201325097808876, 52.926994828201892 ], [ -117.201325097808876, 53.026994828201893 ], [ -117.301325097808871, 53.026994828201893 ], [ -117.301325097808871, 52.926994828201892 ] ] ] } },
{ "type": "Feature", "properties": { "value": "2", "label": "AQHI 2", "color": "#0099cb", "timestamp": "2026-09-16 14:00:00", "generated_at": "2026-09-16T20:31:32.792111", "nearest_km": 25.884553362564404, "n_points": 4, "weight_sum": 0.0018915770892148659, "confidence": "Medium", "flagged": false }, "geometry": { "type": "Polygon", "coordinates": [ [ [ -117.201325097808876, 52.926994828201892 ], [ -117.101325097808882, 52.926994828201892 ], [ -117.101325097808882, 53.026994828201893 ], [ -117.201325097808876, 53.026994828201893 ], [ -117.201325097808876, 52.926994828201892 ] ] ] } },
{ "type": "Feature", "properties": { "value": "2", "label": "AQHI 2", "color": "#0099cb", "timestamp": "2026-09-16 14:00:00", "generated_at": "2026-09-16T20:31:32.792111", "nearest_km": 22.839232100900578, "n_points": 4, "weight_sum": 0.0022655424793049253, "confidence": "High", "flagged": false }, "geometry": { "type": "Polygon", "coordinates": [ [ [ -117.101325097808882, 52.926994828201892 ], [ -117.001325097808888, 52.926994828201892 ], [ -117.001325097808888, 53.026994828201893 ], [ -117.101325097808882, 53.026994828201893 ], [ -117.101325097808882, 52.926994828201892 ] ] ] } },
{ "type": "Feature", "properties": { "value": "2", "label": "AQHI 2", "color": "#0099cb", "timestamp": "2026-09-16 14:00:00", "generated_at": "2026-09-16T20:31:32.792111", "nearest_km": 24.89319069822394, "n_points": 4, "weight_sum": 0.001927193356096508, "confidence": "High", "flagged": false }, "geometry": { "type": "Polygon", "coordinates": [ [ [ -117.001325097808888, 52.926994828201892 ], [ -116.901325097808893, 52.926994828201892 ], [ -116.901325097808893, 53.026994828201893 ], [ -117.001325097808888, 53.026994828201893 ], [ -117.001325097808888, 52.926994828201892 ] ] ] } },
{ "type": "Feature", "properties": { "value": "2", "label": "AQHI 2", "color": "#0099cb", "timestamp": "2026-09-16 14:00:00", "generated_at": "2026-09-16T20:31:32.792111", "nearest_km": 31.050464784241964, "n_points": 4, "weight_sum": 0.0013285366157307933, "confidence": "Medium", "flagged": false }, "geometry": { "type": "Polygon", "coordinates": [ [ [ -116.901325097808893, 52.926994828201892 ], [ -116.801325097808899, 52.926994828201892 ], [ -116.801325097808899, 53.026994828201893 ], [ -116.901325097808893, 53.026994828201893 ], [ -116.901325097808893, 52.926994828201892 ] ] ] } },
{ "type": "Feature", "properties": { "value": "2", "label": "AQHI 2", "color": "#0099cb", "timestamp": "2026-09-16 14:00:00", "generated_at": "2026-09-16T20:31:32.792111", "nearest_km": 39.433637715746301, "n_points": 4, "weight_sum": 0.00092226768682403325, "confidence": "Medium", "flagged": false }, "geometry": { "type": "Polygon", "coordinates": [ [ [ -116.801325097808899, 52.926994828201892 ], [ -116.701325097808905, 52.926994828201892 ], [ -116.701325097808905, 53.026994828201893 ], [ -116.801325097808899, 53.026994828201893 ], [ -116.801325097808899, 52.926994828201892 ] ] ] } },
{ "type": "Feature", "properties": { "value": "2", "label": "AQHI 2", "color": "#0099cb", "timestamp": "2026-09-16 14:00:00", "generated_at": "2026-09-16T20:31:32.792111", "nearest_km": 48.911268677841313, "n_points": 3, "weight_sum": 0.00064982140776258636, "confidence": "Medium", "flagged": false }, "geometry": { "type": "Polygon", "coordinates": [ [ [ -116.701325097808905, 52.926994828201892 ], [ -116.60132509780891, 52.926994828201892 ], [ -116.60132509780891, 53.026994828201893 ], [ -116.701325097808905, 53.026994828201893 ], [ -116.701325097808905, 52.926994828201892 ] ] ] } },
{ "type": "Feature", "properties": { "value": "2", "label": "AQHI 2", "color": "#0099cb", "timestamp": "2026-09-16 14:00:00", "generated_at": "2026-09-16T20:31:32.792111", "nearest_km": 58.957888563407735, "n_points": 3, "weight_sum": 0.0005226080114611231, "confidence": "Medium", "flagged": false }, "geometry": { "type": "Polygon", "coordinates": [ [ [ -116.60132509780891, 52.926994828201892 ], [ -116.501325097808916, 52.926994828201892 ], [ -116.501325097808916, 53.026994828201893 ], [ -116.60132509780891, 53.026994828201893 ], [ -116.60132509780891, 52.926994828201892 ] ] ] } },
{ "type": "Feature", "properties": { "value": "2", "label": "AQHI 2", "color": "#0099cb", "timestamp": "2026-09-16 14:00:00", "generated_at": "2026-09-16T20:31:32.792111", "nearest_km": 69.32656809646933, "n_points": 3, "weight_sum": 0.00044436338529682735, "confidence": "Medium", "flagged": false }, "geometry": { "type": "Polygon", "coordinates": [ [ [ -116.501325097808916, 52.926994828201892 ], [ -116.401325097808922, 52.926994828201892 ], [ -116.401325097808922, 53.026994828201893 ], [ -116.501325097808916, 53.026994828201893 ], [ -116.501325097808916, 52.926994828201892 ] ] ] } },
{ "type": "Feature", "properties": { "value": "2", "label": "AQHI 2", "color": "#0099cb", "timestamp": "2026-09-16 14:00:00", "generated_at": "2026-09-16T20:31:32.792111", "nearest_km": 74.000476932658103, "n_points": 3, "weight_sum": 0.00038947614795902593, "confidence": "Medium", "flagged": false }, "geometry": { "type": "Polygon", "coordinates": [ [ [ -116.401325097808922, 52.926994828201892 ], [ -116.301325097808927, 52.926994828201892 ], [ -116.301325097808927, 53.026994828201893 ], [ -116.401325097808922, 53.026994828201893 ], [ -116.401325097808922, 52.926994828201892 ] ] ] } },
{ "type": "Feature", "properties": { "value": "2", "label": "AQHI 2", "color": "#0099cb", "timestamp": "2026-09-16 14:00:00", "generated_at": "2026-09-16T20:31:32.792111", "nearest_km": 74.68747437047341, "n_points": 3, "weight_sum": 0.00034566136821084781, "confidence": "Medium", "flagged": false }, "geometry": { "type": "Polygon", "coordinates": [ [ [ -116.301325097808927, 52.926994828201892 ], [ -116.201325097808933, 52.926994828201892 ], [ -116.201325097808933, 53.026994828201893 ], [ -116.301325097808927, 53.026994828201893 ], [ -116.301325097808927, 52.926994828201892 ] ] ] } },
{ "type": "Feature", "properties": { "value": "2", "label": "AQHI 2", "color": "#0099cb", "timestamp": "2026-09-16 14:00:00", "generated_at": "2026-09-16T20:31:32.792111", "nearest_km": 76.985628979825549, "n_points": 3, "weight_sum": 0.0003177698233554682, "confidence": "Low", "flagged": false }, "geometry": { "type": "Polygon", "coordinates": [ [ [ -116.201325097808933, 52.926994828201892 ], [ -116.101325097808939, 52.926994828201892 ], [ -116.101325097808939, 53.026994828201893 ], [ -116.201325097808933, 53.026994828201893 ], [ -116.201325097808933, 52.926994828201892 ] ] ] } },
{ "type": "Feature", "properties": { "value": "2", "label": "AQHI 2", "color": "#0099cb", "timestamp": "2026-09-16 14:00:00", "generated_at": "2026-09-16T20:31:32.792111", "nearest_km": 80.757509316462688, "n_points": 3, "weight_sum": 0.00029352201126250867, "confidence": "Low", "flagged": false }, "geometry": { "type": "Polygon", "coordinates": [ [ [ -116.101325097808939, 52.926994828201892 ], [ -116.001325097808945, 52.926994828201892 ], [ -116.001325097808945, 53.026994828201893 ], [ -116.101325097808939, 53.026994828201893 ], [ -116.101325097808939, 52.926994828201892 ] ] ] } },
{ "type": "Feature", "properties": { "value": "2", "label": "AQHI 2", "color": "#0099cb", "timestamp": "2026-09-16 14:00:00", "generated_at": "2026-09-16T20:31:32.792111", "nearest_km": 85.808994590181115, "n_points": 3, "weight_sum": 0.00027413812247209334, "confidence": "Low", "flagged": false }, "geometry": { "type": "Polygon", "coordinates": [ [ [ -116.001325097808945, 52.926994828201892 ], [ -115.90132509780895, 52.926994828201892 ], [ -115.90132509780895, 53.026994828201893 ], [ -116.001325097808945, 53.026994828201893 ], [ -116.001325097808945, 52.926994828201892 ] ] ] } },
{ "type": "Feature", "properties": { "value": "2", "label": "AQHI 2", "color": "#0099cb", "timestamp": "2026-09-16 14:00:00", "generated_at": "2026-09-16T20:31:32.792111", "nearest_km": 91.929384824205584, "n_points": 3, "weight_sum": 0.00026141892221587915, "confidence": "Low", "flagged": false }, "geometry": { "type": "Polygon", "coordinates": [ [ [ -115.90132509780895, 52.926994828201892 ], [ -115.801325097808956, 52.926994828201892 ], [ -115.801325097808956, 53.026994828201893 ], [ -115.90132509780895, 53.026994828201893 ], [ -115.90132509780895, 52.926994828201892 ] ] ] } },
{ "type": "Feature", "properties": { "value": "2", "label": "AQHI 2", "color": "#0099cb", "timestamp": "2026-09-16 14:00:00", "generated_at": "2026-09-16T20:31:32.792111", "nearest_km": 96.440619337774237, "n_points": 3, "weight_sum": 0.00025729295824975478, "confidence": "Low", "flagged": false }, "geometry": { "type": "Polygon", "coordinates": [ [ [ -115.801325097808956, 52.926994828201892 ], [ -115.701325097808962, 52.926994828201892 ], [ -115.701325097808962, 53.026994828201893 ], [ -115.801325097808956, 53.026994828201893 ], [ -115.801325097808956, 52.926994828201892 ] ] ] } },
{ "type": "Feature", "properties": { "value": "2", "label": "AQHI 2", "color": "#0099cb", "timestamp": "2026-09-16 14:00:00", "generated_at": "2026-09-16T20:31:32.792111", "nearest_km": 86.072595788861491, "n_points": 2, "weight_sum": 0.00022296249582409163, "confidence": "Low", "flagged": false }, "geometry": { "type": "Polygon", "coordinates": [ [ [ -115.701325097808962, 52.926994828201892 ], [ -115.601325097808967, 52.926994828201892 ], [ -115.601325097808967, 53.026994828201893 ], [ -115.701325097808962, 53.026994828201893 ], [ -115.701325097808962, 52.926994828201892 ] ] ] } },
{ "type": "Feature", "properties": { "value": "2", "label": "AQHI 2", "color": "#0099cb", "timestamp": "2026-09-16 14:00:00", "generated_at": "2026-09-16T20:31:32.792111", "nearest_km": 75.911859636106769, "n_points": 2, "weight_sum": 0.00024933014279450785, "confidence": "Low", "flagged": false }, "geometry": { "type": "Polygon", "coordinates": [ [ [ -115.601325097808967, 52.926994828201892 ], [ -115.501325097808973, 52.926994828201892 ], [ -115.501325097808973, 53.026994828201893 ], [ -115.601325097808967, 53.026994828201893 ], [ -115.601325097808967, 52.926994828201892 ] ] ] } },
{ "type": "Feature", "properties": { "value": "2", "label": "AQHI 2", "color": "#0099cb", "timestamp": "2026-09-16 14:00:00", "generated_at": "2026-09-16T20:31:32.792111", "nearest_km": 66.054137803707519, "n_points": 2, "weight_sum": 0.00029469505048756875, "confidence": "Medium", "flagged": false }, "geometry": { "type": "Polygon", "coordinates": [ [ [ -115.501325097808973, 52.926994828201892 ], [ -115.401325097808979, 52.926994828201892 ], [ -115.401325097808979, 53.026994828201893 ], [ -115.501325097808973, 53.026994828201893 ], [ -115.501325097808973, 52.926994828201892 ] ] ] } },
{ "type": "Feature", "properties": { "value": "2", "label": "AQHI 2", "color": "#0099cb", "timestamp": "2026-09-16 14:00:00", "generated_at": "2026-09-16T20:31:32.792111", "nearest_km": 56.657813305583574, "n_points": 3, "weight_sum": 0.00041953995305087294, "confidence": "Medium", "flagged": false }, "geometry": { "type": "Polygon", "coordinates": [ [ [ -115.401325097808979, 52.926994828201892 ], [ -115.301325097808984, 52.926994828201892 ], [ -115.301325097808984, 53.026994828201893 ], [ -115.401325097808979, 53.026994828201893 ], [ -115.401325097808979, 52.926994828201892 ] ] ] } },
{ "type": "Feature", "properties": { "value": "2", "label": "AQHI 2", "color": "#0099cb", "timestamp": "2026-09-16 14:00:00", "generated_at": "2026-09-16T20:31:32.792111", "nearest_km": 47.994650703484822, "n_points": 3, "weight_sum": 0.00054359154435235199, "confidence": "Medium", "flagged": false }, "geometry": { "type": "Polygon", "coordinates": [ [ [ -115.301325097808984, 52.926994828201892 ], [ -115.20132509780899, 52.926994828201892 ], [ -115.20132509780899, 53.026994828201893 ], [ -115.301325097808984, 53.026994828201893 ], [ -115.301325097808984, 52.926994828201892 ] ] ] } },
{ "type": "Feature", "properties": { "value": "2", "label": "AQHI 2", "color": "#0099cb", "timestamp": "2026-09-16 14:00:00", "generated_at": "2026-09-16T20:31:32.792111", "nearest_km": 40.537454085433637, "n_points": 2, "weight_sum": 0.00067936012734368285, "confidence": "Medium", "flagged": false }, "geometry": { "type": "Polygon", "coordinates": [ [ [ -115.20132509780899, 52.926994828201892 ], [ -115.101325097808996, 52.926994828201892 ], [ -115.101325097808996, 53.026994828201893 ], [ -115.20132509780899, 53.026994828201893 ], [ -115.20132509780899, 52.926994828201892 ] ] ] } },
{ "type": "Feature", "properties": { "value": "2", "label": "AQHI 2", "color": "#0099cb", "timestamp": "2026-09-16 14:00:00", "generated_at": "2026-09-16T20:31:32.792111", "nearest_km": 35.064281987625769, "n_points": 2, "weight_sum": 0.00089825250116500684, "confidence": "Medium", "flagged": false }, "geometry": { "type": "Polygon", "coordinates": [ [ [ -115.101325097808996, 52.926994828201892 ], [ -115.001325097809001, 52.926994828201892 ], [ -115.001325097809001, 53.026994828201893 ], [ -115.101325097808996, 53.026994828201893 ], [ -115.101325097808996, 52.926994828201892 ] ] ] } },
{ "type": "Feature", "properties": { "value": "2", "label": "AQHI 2", "color": "#0099cb", "timestamp": "2026-09-16 14:00:00", "generated_at": "2026-09-16T20:31:32.792111", "nearest_km": 32.590528668415388, "n_points": 2, "weight_sum": 0.0010448062357504074, "confidence": "Medium", "flagged": false }, "geometry": { "type": "Polygon", "coordinates": [ [ [ -115.001325097809001, 52.926994828201892 ], [ -114.901325097809007, 52.926994828201892 ], [ -114.901325097809007, 53.026994828201893 ], [ -115.001325097809001, 53.026994828201893 ], [ -115.001325097809001, 52.926994828201892 ] ] ] } },
{ "type": "Feature", "properties": { "value": "2", "label": "AQHI 2", "color": "#0099cb", "timestamp": "2026-09-16 14:00:00", "generated_at": "2026-09-16T20:31:32.792111", "nearest_km": 33.781670273475903, "n_points": 4, "weight_sum": 0.0011039154070744109, "confidence": "Medium", "flagged": false }, "geometry": { "type": "Polygon", "coordinates": [ [ [ -114.901325097809007, 52.926994828201892 ], [ -114.801325097809013, 52.926994828201892 ], [ -114.801325097809013, 53.026994828201893 ], [ -114.901325097809007, 53.026994828201893 ], [ -114.901325097809007, 52.926994828201892 ] ] ] } },
{ "type": "Feature", "properties": { "value": "2", "label": "AQHI 2", "color": "#0099cb", "timestamp": "2026-09-16 14:00:00", "generated_at": "2026-09-16T20:31:32.792111", "nearest_km": 38.297257526419024, "n_points": 6, "weight_sum": 0.0010499799463402238, "confidence": "Medium", "flagged": false }, "geometry": { "type": "Polygon", "coordinates": [ [ [ -114.801325097809013, 52.926994828201892 ], [ -114.701325097809018, 52.926994828201892 ], [ -114.701325097809018, 53.026994828201893 ], [ -114.801325097809013, 53.026994828201893 ], [ -114.801325097809013, 52.926994828201892 ] ] ] } },
{ "type": "Feature", "properties": { "value": "2", "label": "AQHI 2", "color": "#0099cb", "timestamp": "2026-09-16 14:00:00", "generated_at": "2026-09-16T20:31:32.792111", "nearest_km": 45.150621497647649, "n_points": 8, "weight_sum": 0.001029016401786336, "confidence": "Medium", "flagged": false }, "geometry": { "type": "Polygon", "coordinates": [ [ [ -114.701325097809018, 52.926994828201892 ], [ -114.601325097809024, 52.926994828201892 ], [ -114.601325097809024, 53.026994828201893 ], [ -114.701325097809018, 53.026994828201893 ], [ -114.701325097809018, 52.926994828201892 ] ] ] } },
{ "type": "Feature", "properties": { "value": "2", "label": "AQHI 2", "color": "#0099cb", "timestamp": "2026-09-16 14:00:00", "generated_at": "2026-09-16T20:31:32.792111", "nearest_km": 53.449951442473726, "n_points": 9, "weight_sum": 0.0010484027948195458, "confidence": "Medium", "flagged": false }, "geometry": { "type": "Polygon", "coordinates": [ [ [ -114.601325097809024, 52.926994828201892 ], [ -114.50132509780903, 52.926994828201892 ], [ -114.50132509780903, 53.026994828201893 ], [ -114.601325097809024, 53.026994828201893 ], [ -114.601325097809024, 52.926994828201892 ] ] ] } },
{ "type": "Feature", "properties": { "value": "2", "label": "AQHI 2", "color": "#0099cb", "timestamp": "2026-09-16 14:00:00", "generated_at": "2026-09-16T20:31:32.792111", "nearest_km": 53.765414546872599, "n_points": 11, "weight_sum": 0.0011945706113180763, "confidence": "Medium", "flagged": false }, "geometry": { "type": "Polygon", "coordinates": [ [ [ -114.50132509780903, 52.926994828201892 ], [ -114.401325097809035, 52.926994828201892 ], [ -114.401325097809035, 53.026994828201893 ], [ -114.50132509780903, 53.026994828201893 ], [ -114.50132509780903, 52.926994828201892 ] ] ] } },
{ "type": "Feature", "properties": { "value": "2", "label": "AQHI 2", "color": "#0099cb", "timestamp": "2026-09-16 14:00:00", "generated_at": "2026-09-16T20:31:32.792111", "nearest_km": 47.668223931420613, "n_points": 11, "weight_sum": 0.0013194687767050239, "confidence": "Medium", "flagged": false }, "geometry": { "type": "Polygon", "coordinates": [ [ [ -114.401325097809035, 52.926994828201892 ], [ -114.301325097809041, 52.926994828201892 ], [ -114.301325097809041, 53.026994828201893 ], [ -114.401325097809035, 53.026994828201893 ], [ -114.401325097809035, 52.926994828201892 ] ] ] } },
{ "type": "Feature", "properties": { "value": "2", "label": "AQHI 2", "color": "#0099cb", "timestamp": "2026-09-16 14:00:00", "generated_at": "2026-09-16T20:31:32.792111", "nearest_km": 43.591505412809894, "n_points": 15, "weight_sum": 0.0016665392903986629, "confidence": "Medium", "flagged": false }, "geometry": { "type": "Polygon", "coordinates": [ [ [ -114.301325097809041, 52.926994828201892 ], [ -114.201325097809047, 52.926994828201892 ], [ -114.201325097809047, 53.026994828201893 ], [ -114.301325097809041, 53.026994828201893 ], [ -114.301325097809041, 52.926994828201892 ] ] ] } },
{ "type": "Feature", "properties": { "value": "2", "label": "AQHI 2", "color": "#0099cb", "timestamp": "2026-09-16 14:00:00", "generated_at": "2026-09-16T20:31:32.792111", "nearest_km": 42.125990973910383, "n_points": 15, "weight_sum": 0.0018359823887129185, "confidence": "Medium", "flagged": false }, "geometry": { "type": "Polygon", "coordinates": [ [ [ -114.201325097809047, 52.926994828201892 ], [ -114.101325097809053, 52.926994828201892 ], [ -114.101325097809053, 53.026994828201893 ], [ -114.201325097809047, 53.026994828201893 ], [ -114.201325097809047, 52.926994828201892 ] ] ] } },
{ "type": "Feature", "properties": { "value": "2", "label": "AQHI 2", "color": "#0099cb", "timestamp": "2026-09-16 14:00:00", "generated_at": "2026-09-16T20:31:32.792111", "nearest_km": 43.53617905734145, "n_points": 15, "weight_sum": 0.0019709639398613811, "confidence": "Medium", "flagged": false }, "geometry": { "type": "Polygon", "coordinates": [ [ [ -114.101325097809053, 52.926994828201892 ], [ -114.001325097809058, 52.926994828201892 ], [ -114.001325097809058, 53.026994828201893 ], [ -114.101325097809053, 53.026994828201893 ], [ -114.101325097809053, 52.926994828201892 ] ] ] } },
{ "type": "Feature", "properties": { "value": "2", "label": "AQHI 2", "color": "#0099cb", "timestamp": "2026-09-16 14:00:00", "generated_at": "2026-09-16T20:31:32.792111", "nearest_km": 47.566991268018896, "n_points": 15, "weight_sum": 0.0020939201043228164, "confidence": "Medium", "flagged": false }, "geometry": { "type": "Polygon", "coordinates": [ [ [ -114.001325097809058, 52.926994828201892 ], [ -113.901325097809064, 52.926994828201892 ], [ -113.901325097809064, 53.026994828201893 ], [ -114.001325097809058, 53.026994828201893 ], [ -114.001325097809058, 52.926994828201892 ] ] ] } },
{ "type": "Feature", "properties": { "value": "2", "label": "AQHI 2", "color": "#0099cb", "timestamp": "2026-09-16 14:00:00", "generated_at": "2026-09-16T20:31:32.792111", "nearest_km": 53.630760107149761, "n_points": 18, "weight_sum": 0.0023886337685857912, "confidence": "Medium", "flagged": false }, "geometry": { "type": "Polygon", "coordinates": [ [ [ -113.901325097809064, 52.926994828201892 ], [ -113.80132509780907, 52.926994828201892 ], [ -113.80132509780907, 53.026994828201893 ], [ -113.901325097809064, 53.026994828201893 ], [ -113.901325097809064, 52.926994828201892 ] ] ] } },
{ "type": "Feature", "properties": { "value": "2", "label": "AQHI 2", "color": "#0099cb", "timestamp": "2026-09-16 14:00:00", "generated_at": "2026-09-16T20:31:32.792111", "nearest_km": 48.053484399668214, "n_points": 19, "weight_sum": 0.0026463754051525828, "confidence": "Medium", "flagged": false }, "geometry": { "type": "Polygon", "coordinates": [ [ [ -113.80132509780907, 52.926994828201892 ], [ -113.701325097809075, 52.926994828201892 ], [ -113.701325097809075, 53.026994828201893 ], [ -113.80132509780907, 53.026994828201893 ], [ -113.80132509780907, 52.926994828201892 ] ] ] } },
{ "type": "Feature", "properties": { "value": "2", "label": "AQHI 2", "color": "#0099cb", "timestamp": "2026-09-16 14:00:00", "generated_at": "2026-09-16T20:31:32.792111", "nearest_km": 41.220257480128488, "n_points": 19, "weight_sum": 0.0028998096855002357, "confidence": "Medium", "flagged": false }, "geometry": { "type": "Polygon", "coordinates": [ [ [ -113.701325097809075, 52.926994828201892 ], [ -113.601325097809081, 52.926994828201892 ], [ -113.601325097809081, 53.026994828201893 ], [ -113.701325097809075, 53.026994828201893 ], [ -113.701325097809075, 52.926994828201892 ] ] ] } },
{ "type": "Feature", "properties": { "value": "2", "label": "AQHI 2", "color": "#0099cb", "timestamp": "2026-09-16 14:00:00", "generated_at": "2026-09-16T20:31:32.792111", "nearest_km": 80.617559976317764, "n_points": 2, "weight_sum": 0.00020414652919544307, "confidence": "Low", "flagged": false }, "geometry": { "type": "Polygon", "coordinates": [ [ [ -118.801325097808785, 53.026994828201893 ], [ -118.701325097808791, 53.026994828201893 ], [ -118.701325097808791, 53.126994828201894 ], [ -118.801325097808785, 53.126994828201894 ], [ -118.801325097808785, 53.026994828201893 ] ] ] } },
{ "type": "Feature", "properties": { "value": "2", "label": "AQHI 2", "color": "#0099cb", "timestamp": "2026-09-16 14:00:00", "generated_at": "2026-09-16T20:31:32.792111", "nearest_km": 69.807607884204742, "n_points": 2, "weight_sum": 0.00026398627282968041, "confidence": "Medium", "flagged": false }, "geometry": { "type": "Polygon", "coordinates": [ [ [ -118.701325097808791, 53.026994828201893 ], [ -118.601325097808797, 53.026994828201893 ], [ -118.601325097808797, 53.126994828201894 ], [ -118.701325097808791, 53.126994828201894 ], [ -118.701325097808791, 53.026994828201893 ] ] ] } },
{ "type": "Feature", "properties": { "value": "2", "label": "AQHI 2", "color": "#0099cb", "timestamp": "2026-09-16 14:00:00", "generated_at": "2026-09-16T20:31:32.792111", "nearest_km": 59.10527269622014, "n_points": 2, "weight_sum": 0.00035577056136274507, "confidence": "Medium", "flagged": false }, "geometry": { "type": "Polygon", "coordinates": [ [ [ -118.601325097808797, 53.026994828201893 ], [ -118.501325097808802, 53.026994828201893 ], [ -118.501325097808802, 53.126994828201894 ], [ -118.601325097808797, 53.126994828201894 ], [ -118.601325097808797, 53.026994828201893 ] ] ] } },
{ "type": "Feature", "properties": { "value": "2", "label": "AQHI 2", "color": "#0099cb", "timestamp": "2026-09-16 14:00:00", "generated_at": "2026-09-16T20:31:32.792111", "nearest_km": 48.581729101321429, "n_points": 2, "weight_sum": 0.00050701285648267487, "confidence": "Medium", "flagged": false }, "geometry": { "type": "Polygon", "coordinates": [ [ [ -118.501325097808802, 53.026994828201893 ], [ -118.401325097808808, 53.026994828201893 ], [ -118.401325097808808, 53.126994828201894 ], [ -118.501325097808802, 53.126994828201894 ], [ -118.501325097808802, 53.026994828201893 ] ] ] } },
{ "type": "Feature", "properties": { "value": "2", "label": "AQHI 2", "color": "#0099cb", "timestamp": "2026-09-16 14:00:00", "generated_at": "2026-09-16T20:31:32.792111", "nearest_km": 38.384313781202188, "n_points": 3, "weight_sum": 0.00082704969892107992, "confidence": "Medium", "flagged": false }, "geometry": { "type": "Polygon", "coordinates": [ [ [ -118.401325097808808, 53.026994828201893 ], [ -118.301325097808814, 53.026994828201893 ], [ -118.301325097808814, 53.126994828201894 ], [ -118.401325097808808, 53.126994828201894 ], [ -118.401325097808808, 53.026994828201893 ] ] ] } },
{ "type": "Feature", "properties": { "value": "2", "label": "AQHI 2", "color": "#0099cb", "timestamp": "2026-09-16 14:00:00", "generated_at": "2026-09-16T20:31:32.792111", "nearest_km": 28.860815761744615, "n_points": 3, "weight_sum": 0.001380911202583263, "confidence": "Medium", "flagged": false }, "geometry": { "type": "Polygon", "coordinates": [ [ [ -118.301325097808814, 53.026994828201893 ], [ -118.201325097808819, 53.026994828201893 ], [ -118.201325097808819, 53.126994828201894 ], [ -118.301325097808814, 53.126994828201894 ], [ -118.301325097808814, 53.026994828201893 ] ] ] } },
{ "type": "Feature", "properties": { "value": "2", "label": "AQHI 2", "color": "#0099cb", "timestamp": "2026-09-16 14:00:00", "generated_at": "2026-09-16T20:31:32.792111", "nearest_km": 20.951320445568989, "n_points": 3, "weight_sum": 0.002501252094692142, "confidence": "High", "flagged": false }, "geometry": { "type": "Polygon", "coordinates": [ [ [ -118.201325097808819, 53.026994828201893 ], [ -118.101325097808825, 53.026994828201893 ], [ -118.101325097808825, 53.126994828201894 ], [ -118.201325097808819, 53.126994828201894 ], [ -118.201325097808819, 53.026994828201893 ] ] ] } },
{ "type": "Feature", "properties": { "value": "2", "label": "AQHI 2", "color": "#0099cb", "timestamp": "2026-09-16 14:00:00", "generated_at": "2026-09-16T20:31:32.792111", "nearest_km": 17.070119226075715, "n_points": 3, "weight_sum": 0.0037130294448022003, "confidence": "High", "flagged": false }, "geometry": { "type": "Polygon", "coordinates": [ [ [ -118.101325097808825, 53.026994828201893 ], [ -118.001325097808831, 53.026994828201893 ], [ -118.001325097808831, 53.126994828201894 ], [ -118.101325097808825, 53.126994828201894 ], [ -118.101325097808825, 53.026994828201893 ] ] ] } },
{ "type": "Feature", "properties": { "value": "2", "label": "AQHI 2", "color": "#0099cb", "timestamp": "2026-09-16 14:00:00", "generated_at": "2026-09-16T20:31:32.792111", "nearest_km": 19.754496003997023, "n_points": 3, "weight_sum": 0.0029232014902740877, "confidence": "High", "flagged": false }, "geometry": { "type": "Polygon", "coordinates": [ [ [ -118.001325097808831, 53.026994828201893 ], [ -117.901325097808837, 53.026994828201893 ], [ -117.901325097808837, 53.126994828201894 ], [ -118.001325097808831, 53.126994828201894 ], [ -118.001325097808831, 53.026994828201893 ] ] ] } },
{ "type": "Feature", "properties": { "value": "2", "label": "AQHI 2", "color": "#0099cb", "timestamp": "2026-09-16 14:00:00", "generated_at": "2026-09-16T20:31:32.792111", "nearest_km": 27.120310734786962, "n_points": 3, "weight_sum": 0.0018279097495766522, "confidence": "Medium", "flagged": false }, "geometry": { "type": "Polygon", "coordinates": [ [ [ -117.901325097808837, 53.026994828201893 ], [ -117.801325097808842, 53.026994828201893 ], [ -117.801325097808842, 53.126994828201894 ], [ -117.901325097808837, 53.126994828201894 ], [ -117.901325097808837, 53.026994828201893 ] ] ] } },
{ "type": "Feature", "properties": { "value": "2", "label": "AQHI 2", "color": "#0099cb", "timestamp": "2026-09-16 14:00:00", "generated_at": "2026-09-16T20:31:32.792111", "nearest_km": 36.430789125832007, "n_points": 3, "weight_sum": 0.0013599701021194703, "confidence": "Medium", "flagged": false }, "geometry": { "type": "Polygon", "coordinates": [ [ [ -117.801325097808842, 53.026994828201893 ], [ -117.701325097808848, 53.026994828201893 ], [ -117.701325097808848, 53.126994828201894 ], [ -117.801325097808842, 53.126994828201894 ], [ -117.801325097808842, 53.026994828201893 ] ] ] } },
{ "type": "Feature", "properties": { "value": "2", "label": "AQHI 2", "color": "#0099cb", "timestamp": "2026-09-16 14:00:00", "generated_at": "2026-09-16T20:31:32.792111", "nearest_km": 42.614418141618792, "n_points": 3, "weight_sum": 0.0012241307887008576, "confidence": "Medium", "flagged": false }, "geometry": { "type": "Polygon", "coordinates": [ [ [ -117.701325097808848, 53.026994828201893 ], [ -117.601325097808854, 53.026994828201893 ], [ -117.601325097808854, 53.126994828201894 ], [ -117.701325097808848, 53.126994828201894 ], [ -117.701325097808848, 53.026994828201893 ] ] ] } },
{ "type": "Feature", "properties": { "value": "2", "label": "AQHI 2", "color": "#0099cb", "timestamp": "2026-09-16 14:00:00", "generated_at": "2026-09-16T20:31:32.792111", "nearest_km": 40.63970767178521, "n_points": 4, "weight_sum": 0.0012577359225240232, "confidence": "Medium", "flagged": false }, "geometry": { "type": "Polygon", "coordinates": [ [ [ -117.601325097808854, 53.026994828201893 ], [ -117.501325097808859, 53.026994828201893 ], [ -117.501325097808859, 53.126994828201894 ], [ -117.601325097808854, 53.126994828201894 ], [ -117.601325097808854, 53.026994828201893 ] ] ] } },
{ "type": "Feature", "properties": { "value": "2", "label": "AQHI 2", "color": "#0099cb", "timestamp": "2026-09-16 14:00:00", "generated_at": "2026-09-16T20:31:32.792111", "nearest_km": 41.636559004648291, "n_points": 4, "weight_sum": 0.0012998929466086174, "confidence": "Medium", "flagged": false }, "geometry": { "type": "Polygon", "coordinates": [ [ [ -117.501325097808859, 53.026994828201893 ], [ -117.401325097808865, 53.026994828201893 ], [ -117.401325097808865, 53.126994828201894 ], [ -117.501325097808859, 53.126994828201894 ], [ -117.501325097808859, 53.026994828201893 ] ] ] } },
{ "type": "Feature", "properties": { "value": "2", "label": "AQHI 2", "color": "#0099cb", "timestamp": "2026-09-16 14:00:00", "generated_at": "2026-09-16T20:31:32.792111", "nearest_km": 36.370776979269088, "n_points": 4, "weight_sum": 0.0014639450027896042, "confidence": "Medium", "flagged": false }, "geometry": { "type": "Polygon", "coordinates": [ [ [ -117.401325097808865, 53.026994828201893 ], [ -117.301325097808871, 53.026994828201893 ], [ -117.301325097808871, 53.126994828201894 ], [ -117.401325097808865, 53.126994828201894 ], [ -117.401325097808865, 53.026994828201893 ] ] ] } },
{ "type": "Feature", "properties": { "value": "2", "label": "AQHI 2", "color": "#0099cb", "timestamp": "2026-09-16 14:00:00", "generated_at": "2026-09-16T20:31:32.792111", "nearest_km": 26.107735218803441, "n_points": 4, "weight_sum": 0.0020424130542685457, "confidence": "Medium", "flagged": false }, "geometry": { "type": "Polygon", "coordinates": [ [ [ -117.301325097808871, 53.026994828201893 ], [ -117.201325097808876, 53.026994828201893 ], [ -117.201325097808876, 53.126994828201894 ], [ -117.301325097808871, 53.126994828201894 ], [ -117.301325097808871, 53.026994828201893 ] ] ] } },
{ "type": "Feature", "properties": { "value": "2", "label": "AQHI 2", "color": "#0099cb", "timestamp": "2026-09-16 14:00:00", "generated_at": "2026-09-16T20:31:32.792111", "nearest_km": 16.935591469876123, "n_points": 4, "weight_sum": 0.0039584881296033658, "confidence": "High", "flagged": false }, "geometry": { "type": "Polygon", "coordinates": [ [ [ -117.201325097808876, 53.026994828201893 ], [ -117.101325097808882, 53.026994828201893 ], [ -117.101325097808882, 53.126994828201894 ], [ -117.201325097808876, 53.126994828201894 ], [ -117.201325097808876, 53.026994828201893 ] ] ] } },
{ "type": "Feature", "properties": { "value": "2", "label": "AQHI 2", "color": "#0099cb", "timestamp": "2026-09-16 14:00:00", "generated_at": "2026-09-16T20:31:32.792111", "nearest_km": 11.765826728874785, "n_points": 4, "weight_sum": 0.0076240304254705203, "confidence": "High", "flagged": false }, "geometry": { "type": "Polygon", "coordinates": [ [ [ -117.101325097808882, 53.026994828201893 ], [ -117.001325097808888, 53.026994828201893 ], [ -117.001325097808888, 53.126994828201894 ], [ -117.101325097808882, 53.126994828201894 ], [ -117.101325097808882, 53.026994828201893 ] ] ] } },
{ "type": "Feature", "properties": { "value": "2", "label": "AQHI 2", "color": "#0099cb", "timestamp": "2026-09-16 14:00:00", "generated_at": "2026-09-16T20:31:32.792111", "nearest_km": 15.377746869851892, "n_points": 4, "weight_sum": 0.0045843702571414157, "confidence": "High", "flagged": false }, "geometry": { "type": "Polygon", "coordinates": [ [ [ -117.001325097808888, 53.026994828201893 ], [ -116.901325097808893, 53.026994828201893 ], [ -116.901325097808893, 53.126994828201894 ], [ -117.001325097808888, 53.126994828201894 ], [ -117.001325097808888, 53.026994828201893 ] ] ] } },
{ "type": "Feature", "properties": { "value": "2", "label": "AQHI 2", "color": "#0099cb", "timestamp": "2026-09-16 14:00:00", "generated_at": "2026-09-16T20:31:32.792111", "nearest_km": 24.102603987381674, "n_points": 4, "weight_sum": 0.0020528661364808357, "confidence": "High", "flagged": false }, "geometry": { "type": "Polygon", "coordinates": [ [ [ -116.901325097808893, 53.026994828201893 ], [ -116.801325097808899, 53.026994828201893 ], [ -116.801325097808899, 53.126994828201894 ], [ -116.901325097808893, 53.126994828201894 ], [ -116.901325097808893, 53.026994828201893 ] ] ] } },
{ "type": "Feature", "properties": { "value": "2", "label": "AQHI 2", "color": "#0099cb", "timestamp": "2026-09-16 14:00:00", "generated_at": "2026-09-16T20:31:32.792111", "nearest_km": 34.231797194302054, "n_points": 4, "weight_sum": 0.0011763951468309996, "confidence": "Medium", "flagged": false }, "geometry": { "type": "Polygon", "coordinates": [ [ [ -116.801325097808899, 53.026994828201893 ], [ -116.701325097808905, 53.026994828201893 ], [ -116.701325097808905, 53.126994828201894 ], [ -116.801325097808899, 53.126994828201894 ], [ -116.801325097808899, 53.026994828201893 ] ] ] } },
{ "type": "Feature", "properties": { "value": "2", "label": "AQHI 2", "color": "#0099cb", "timestamp": "2026-09-16 14:00:00", "generated_at": "2026-09-16T20:31:32.792111", "nearest_km": 44.823167662840135, "n_points": 3, "weight_sum": 0.00078151634389709646, "confidence": "Medium", "flagged": false }, "geometry": { "type": "Polygon", "coordinates": [ [ [ -116.701325097808905, 53.026994828201893 ], [ -116.60132509780891, 53.026994828201893 ], [ -116.60132509780891, 53.126994828201894 ], [ -116.701325097808905, 53.126994828201894 ], [ -116.701325097808905, 53.026994828201893 ] ] ] } },
{ "type": "Feature", "properties": { "value": "2", "label": "AQHI 2", "color": "#0099cb", "timestamp": "2026-09-16 14:00:00", "generated_at": "2026-09-16T20:31:32.792111", "nearest_km": 55.613278805608125, "n_points": 3, "weight_sum": 0.00061970987132694199, "confidence": "Medium", "flagged": false }, "geometry": { "type": "Polygon", "coordinates": [ [ [ -116.60132509780891, 53.026994828201893 ], [ -116.501325097808916, 53.026994828201893 ], [ -116.501325097808916, 53.126994828201894 ], [ -116.60132509780891, 53.126994828201894 ], [ -116.60132509780891, 53.026994828201893 ] ] ] } },
{ "type": "Feature", "properties": { "value": "2", "label": "AQHI 2", "color": "#0099cb", "timestamp": "2026-09-16 14:00:00", "generated_at": "2026-09-16T20:31:32.792111", "nearest_km": 64.038088464105883, "n_points": 3, "weight_sum": 0.00053202763556945277, "confidence": "Medium", "flagged": false }, "geometry": { "type": "Polygon", "coordinates": [ [ [ -116.501325097808916, 53.026994828201893 ], [ -116.401325097808922, 53.026994828201893 ], [ -116.401325097808922, 53.126994828201894 ], [ -116.501325097808916, 53.126994828201894 ], [ -116.501325097808916, 53.026994828201893 ] ] ] } },
{ "type": "Feature", "properties": { "value": "2", "label": "AQHI 2", "color": "#0099cb", "timestamp": "2026-09-16 14:00:00", "generated_at": "2026-09-16T20:31:32.792111", "nearest_km": 62.901550185316879, "n_points": 3, "weight_sum": 0.00047233286281492801, "confidence": "Medium", "flagged": false }, "geometry": { "type": "Polygon", "coordinates": [ [ [ -116.401325097808922, 53.026994828201893 ], [ -116.301325097808927, 53.026994828201893 ], [ -116.301325097808927, 53.126994828201894 ], [ -116.401325097808922, 53.126994828201894 ], [ -116.401325097808922, 53.026994828201893 ] ] ] } },
{ "type": "Feature", "properties": { "value": "2", "label": "AQHI 2", "color": "#0099cb", "timestamp": "2026-09-16 14:00:00", "generated_at": "2026-09-16T20:31:32.792111", "nearest_km": 63.708345271990837, "n_points": 4, "weight_sum": 0.00046554536546662776, "confidence": "Medium", "flagged": false }, "geometry": { "type": "Polygon", "coordinates": [ [ [ -116.301325097808927, 53.026994828201893 ], [ -116.201325097808933, 53.026994828201893 ], [ -116.201325097808933, 53.126994828201894 ], [ -116.301325097808927, 53.126994828201894 ], [ -116.301325097808927, 53.026994828201893 ] ] ] } },
{ "type": "Feature", "properties": { "value": "2", "label": "AQHI 2", "color": "#0099cb", "timestamp": "2026-09-16 14:00:00", "generated_at": "2026-09-16T20:31:32.792111", "nearest_km": 66.387660742599067, "n_points": 3, "weight_sum": 0.00038136313411973248, "confidence": "Medium", "flagged": false }, "geometry": { "type": "Polygon", "coordinates": [ [ [ -116.201325097808933, 53.026994828201893 ], [ -116.101325097808939, 53.026994828201893 ], [ -116.101325097808939, 53.126994828201894 ], [ -116.201325097808933, 53.126994828201894 ], [ -116.201325097808933, 53.026994828201893 ] ] ] } },
{ "type": "Feature", "properties": { "value": "2", "label": "AQHI 2", "color": "#0099cb", "timestamp": "2026-09-16 14:00:00", "generated_at": "2026-09-16T20:31:32.792111", "nearest_km": 70.727008564293399, "n_points": 3, "weight_sum": 0.00034488547919141372, "confidence": "Medium", "flagged": false }, "geometry": { "type": "Polygon", "coordinates": [ [ [ -116.101325097808939, 53.026994828201893 ], [ -116.001325097808945, 53.026994828201893 ], [ -116.001325097808945, 53.126994828201894 ], [ -116.101325097808939, 53.126994828201894 ], [ -116.101325097808939, 53.026994828201893 ] ] ] } },
{ "type": "Feature", "properties": { "value": "2", "label": "AQHI 2", "color": "#0099cb", "timestamp": "2026-09-16 14:00:00", "generated_at": "2026-09-16T20:31:32.792111", "nearest_km": 76.444214836917553, "n_points": 3, "weight_sum": 0.00031443917400558134, "confidence": "Low", "flagged": false }, "geometry": { "type": "Polygon", "coordinates": [ [ [ -116.001325097808945, 53.026994828201893 ], [ -115.90132509780895, 53.026994828201893 ], [ -115.90132509780895, 53.126994828201894 ], [ -116.001325097808945, 53.126994828201894 ], [ -116.001325097808945, 53.026994828201893 ] ] ] } },
{ "type": "Feature", "properties": { "value": "2", "label": "AQHI 2", "color": "#0099cb", "timestamp": "2026-09-16 14:00:00", "generated_at": "2026-09-16T20:31:32.792111", "nearest_km": 83.255908040282364, "n_points": 3, "weight_sum": 0.00029340130954759718, "confidence": "Low", "flagged": false }, "geometry": { "type": "Polygon", "coordinates": [ [ [ -115.90132509780895, 53.026994828201893 ], [ -115.801325097808956, 53.026994828201893 ], [ -115.801325097808956, 53.126994828201894 ], [ -115.90132509780895, 53.126994828201894 ], [ -115.90132509780895, 53.026994828201893 ] ] ] } },
{ "type": "Feature", "properties": { "value": "2", "label": "AQHI 2", "color": "#0099cb", "timestamp": "2026-09-16 14:00:00", "generated_at": "2026-09-16T20:31:32.792111", "nearest_km": 90.916414718086386, "n_points": 3, "weight_sum": 0.00028436306588075651, "confidence": "Low", "flagged": false }, "geometry": { "type": "Polygon", "coordinates": [ [ [ -115.801325097808956, 53.026994828201893 ], [ -115.701325097808962, 53.026994828201893 ], [ -115.701325097808962, 53.126994828201894 ], [ -115.801325097808956, 53.126994828201894 ], [ -115.801325097808956, 53.026994828201893 ] ] ] } },
{ "type": "Feature", "properties": { "value": "2", "label": "AQHI 2", "color": "#0099cb", "timestamp": "2026-09-16 14:00:00", "generated_at": "2026-09-16T20:31:32.792111", "nearest_km": 82.519939446704839, "n_points": 2, "weight_sum": 0.0002484121031515235, "confidence": "Low", "flagged": false }, "geometry": { "type": "Polygon", "coordinates": [ [ [ -115.701325097808962, 53.026994828201893 ], [ -115.601325097808967, 53.026994828201893 ], [ -115.601325097808967, 53.126994828201894 ], [ -115.701325097808962, 53.126994828201894 ], [ -115.701325097808962, 53.026994828201893 ] ] ] } },
{ "type": "Feature", "properties": { "value": "2", "label": "AQHI 2", "color": "#0099cb", "timestamp": "2026-09-16 14:00:00", "generated_at": "2026-09-16T20:31:32.792111", "nearest_km": 71.858604870029794, "n_points": 2, "weight_sum": 0.00027932485648437513, "confidence": "Medium", "flagged": false }, "geometry": { "type": "Polygon", "coordinates": [ [ [ -115.601325097808967, 53.026994828201893 ], [ -115.501325097808973, 53.026994828201893 ], [ -115.501325097808973, 53.126994828201894 ], [ -115.601325097808967, 53.126994828201894 ], [ -115.601325097808967, 53.026994828201893 ] ] ] } },
{ "type": "Feature", "properties": { "value": "2", "label": "AQHI 2", "color": "#0099cb", "timestamp": "2026-09-16 14:00:00", "generated_at": "2026-09-16T20:31:32.792111", "nearest_km": 61.35305845225875, "n_points": 3, "weight_sum": 0.00038424068193285968, "confidence": "Medium", "flagged": false }, "geometry": { "type": "Polygon", "coordinates": [ [ [ -115.501325097808973, 53.026994828201893 ], [ -115.401325097808979, 53.026994828201893 ], [ -115.401325097808979, 53.126994828201894 ], [ -115.501325097808973, 53.126994828201894 ], [ -115.501325097808973, 53.026994828201893 ] ] ] } },
{ "type": "Feature", "properties": { "value": "2", "label": "AQHI 2", "color": "#0099cb", "timestamp": "2026-09-16 14:00:00", "generated_at": "2026-09-16T20:31:32.792111", "nearest_km": 51.099476210871863, "n_points": 3, "weight_sum": 0.00049859100803221947, "confidence": "Medium", "flagged": false }, "geometry": { "type": "Polygon", "coordinates": [ [ [ -115.401325097808979, 53.026994828201893 ], [ -115.301325097808984, 53.026994828201893 ], [ -115.301325097808984, 53.126994828201894 ], [ -115.401325097808979, 53.126994828201894 ], [ -115.401325097808979, 53.026994828201893 ] ] ] } },
{ "type": "Feature", "properties": { "value": "2", "label": "AQHI 2", "color": "#0099cb", "timestamp": "2026-09-16 14:00:00", "generated_at": "2026-09-16T20:31:32.792111", "nearest_km": 41.286016477793204, "n_points": 3, "weight_sum": 0.0007032402900913078, "confidence": "Medium", "flagged": false }, "geometry": { "type": "Polygon", "coordinates": [ [ [ -115.301325097808984, 53.026994828201893 ], [ -115.20132509780899, 53.026994828201893 ], [ -115.20132509780899, 53.126994828201894 ], [ -115.301325097808984, 53.126994828201894 ], [ -115.301325097808984, 53.026994828201893 ] ] ] } },
{ "type": "Feature", "properties": { "value": "2", "label": "AQHI 2", "color": "#0099cb", "timestamp": "2026-09-16 14:00:00", "generated_at": "2026-09-16T20:31:32.792111", "nearest_km": 32.316154538925822, "n_points": 3, "weight_sum": 0.0010793210893873186, "confidence": "Medium", "flagged": false }, "geometry": { "type": "Polygon", "coordinates": [ [ [ -115.20132509780899, 53.026994828201893 ], [ -115.101325097808996, 53.026994828201893 ], [ -115.101325097808996, 53.126994828201894 ], [ -115.20132509780899, 53.126994828201894 ], [ -115.20132509780899, 53.026994828201893 ] ] ] } },
{ "type": "Feature", "properties": { "value": "2", "label": "AQHI 2", "color": "#0099cb", "timestamp": "2026-09-16 14:00:00", "generated_at": "2026-09-16T20:31:32.792111", "nearest_km": 25.11080507994183, "n_points": 2, "weight_sum": 0.0016771156379998653, "confidence": "Medium", "flagged": false }, "geometry": { "type": "Polygon", "coordinates": [ [ [ -115.101325097808996, 53.026994828201893 ], [ -115.001325097809001, 53.026994828201893 ], [ -115.001325097809001, 53.126994828201894 ], [ -115.101325097808996, 53.126994828201894 ], [ -115.101325097808996, 53.026994828201893 ] ] ] } },
{ "type": "Feature", "properties": { "value": "2", "label": "AQHI 2", "color": "#0099cb", "timestamp": "2026-09-16 14:00:00", "generated_at": "2026-09-16T20:31:32.792111", "nearest_km": 21.521877690896329, "n_points": 3, "weight_sum": 0.0023177974032682655, "confidence": "High", "flagged": false }, "geometry": { "type": "Polygon", "coordinates": [ [ [ -115.001325097809001, 53.026994828201893 ], [ -114.901325097809007, 53.026994828201893 ], [ -114.901325097809007, 53.126994828201894 ], [ -115.001325097809001, 53.126994828201894 ], [ -115.001325097809001, 53.026994828201893 ] ] ] } },
{ "type": "Feature", "properties": { "value": "2", "label": "AQHI 2", "color": "#0099cb", "timestamp": "2026-09-16 14:00:00", "generated_at": "2026-09-16T20:31:32.792111", "nearest_km": 23.28626004580687, "n_points": 4, "weight_sum": 0.0020861475202404406, "confidence": "High", "flagged": false }, "geometry": { "type": "Polygon", "coordinates": [ [ [ -114.901325097809007, 53.026994828201893 ], [ -114.801325097809013, 53.026994828201893 ], [ -114.801325097809013, 53.126994828201894 ], [ -114.901325097809007, 53.126994828201894 ], [ -114.901325097809007, 53.026994828201893 ] ] ] } },
{ "type": "Feature", "properties": { "value": "2", "label": "AQHI 2", "color": "#0099cb", "timestamp": "2026-09-16 14:00:00", "generated_at": "2026-09-16T20:31:32.792111", "nearest_km": 29.457233313737287, "n_points": 6, "weight_sum": 0.0015445353841061222, "confidence": "Medium", "flagged": false }, "geometry": { "type": "Polygon", "coordinates": [ [ [ -114.801325097809013, 53.026994828201893 ], [ -114.701325097809018, 53.026994828201893 ], [ -114.701325097809018, 53.126994828201894 ], [ -114.801325097809013, 53.126994828201894 ], [ -114.801325097809013, 53.026994828201893 ] ] ] } },
{ "type": "Feature", "properties": { "value": "2", "label": "AQHI 2", "color": "#0099cb", "timestamp": "2026-09-16 14:00:00", "generated_at": "2026-09-16T20:31:32.792111", "nearest_km": 37.942420614385398, "n_points": 8, "weight_sum": 0.0012788705463955181, "confidence": "Medium", "flagged": false }, "geometry": { "type": "Polygon", "coordinates": [ [ [ -114.701325097809018, 53.026994828201893 ], [ -114.601325097809024, 53.026994828201893 ], [ -114.601325097809024, 53.126994828201894 ], [ -114.701325097809018, 53.126994828201894 ], [ -114.701325097809018, 53.026994828201893 ] ] ] } },
{ "type": "Feature", "properties": { "value": "2", "label": "AQHI 2", "color": "#0099cb", "timestamp": "2026-09-16 14:00:00", "generated_at": "2026-09-16T20:31:32.792111", "nearest_km": 47.517848958658625, "n_points": 10, "weight_sum": 0.001268489887347173, "confidence": "Medium", "flagged": false }, "geometry": { "type": "Polygon", "coordinates": [ [ [ -114.601325097809024, 53.026994828201893 ], [ -114.50132509780903, 53.026994828201893 ], [ -114.50132509780903, 53.126994828201894 ], [ -114.601325097809024, 53.126994828201894 ], [ -114.601325097809024, 53.026994828201893 ] ] ] } },
{ "type": "Feature", "properties": { "value": "2", "label": "AQHI 2", "color": "#0099cb", "timestamp": "2026-09-16 14:00:00", "generated_at": "2026-09-16T20:31:32.792111", "nearest_km": 45.59315636860584, "n_points": 11, "weight_sum": 0.0013964329324355296, "confidence": "Medium", "flagged": false }, "geometry": { "type": "Polygon", "coordinates": [ [ [ -114.50132509780903, 53.026994828201893 ], [ -114.401325097809035, 53.026994828201893 ], [ -114.401325097809035, 53.126994828201894 ], [ -114.50132509780903, 53.126994828201894 ], [ -114.50132509780903, 53.026994828201893 ] ] ] } },
{ "type": "Feature", "properties": { "value": "2", "label": "AQHI 2", "color": "#0099cb", "timestamp": "2026-09-16 14:00:00", "generated_at": "2026-09-16T20:31:32.792111", "nearest_km": 38.213553603808485, "n_points": 14, "weight_sum": 0.0017587626318720947, "confidence": "Medium", "flagged": false }, "geometry": { "type": "Polygon", "coordinates": [ [ [ -114.401325097809035, 53.026994828201893 ], [ -114.301325097809041, 53.026994828201893 ], [ -114.301325097809041, 53.126994828201894 ], [ -114.401325097809035, 53.126994828201894 ], [ -114.401325097809035, 53.026994828201893 ] ] ] } },
{ "type": "Feature", "properties": { "value": "2", "label": "AQHI 2", "color": "#0099cb", "timestamp": "2026-09-16 14:00:00", "generated_at": "2026-09-16T20:31:32.792111", "nearest_km": 32.988413881393534, "n_points": 15, "weight_sum": 0.002140257028642989, "confidence": "Medium", "flagged": false }, "geometry": { "type": "Polygon", "coordinates": [ [ [ -114.301325097809041, 53.026994828201893 ], [ -114.201325097809047, 53.026994828201893 ], [ -114.201325097809047, 53.126994828201894 ], [ -114.301325097809041, 53.126994828201894 ], [ -114.301325097809041, 53.026994828201893 ] ] ] } },
{ "type": "Feature", "properties": { "value": "2", "label": "AQHI 2", "color": "#0099cb", "timestamp": "2026-09-16 14:00:00", "generated_at": "2026-09-16T20:31:32.792111", "nearest_km": 31.026041026677291, "n_points": 15, "weight_sum": 0.0024204008814141136, "confidence": "Medium", "flagged": false }, "geometry": { "type": "Polygon", "coordinates": [ [ [ -114.201325097809047, 53.026994828201893 ], [ -114.101325097809053, 53.026994828201893 ], [ -114.101325097809053, 53.126994828201894 ], [ -114.201325097809047, 53.126994828201894 ], [ -114.201325097809047, 53.026994828201893 ] ] ] } },
{ "type": "Feature", "properties": { "value": "2", "label": "AQHI 2", "color": "#0099cb", "timestamp": "2026-09-16 14:00:00", "generated_at": "2026-09-16T20:31:32.792111", "nearest_km": 32.91526990878215, "n_points": 15, "weight_sum": 0.0025241795195426095, "confidence": "Medium", "flagged": false }, "geometry": { "type": "Polygon", "coordinates": [ [ [ -114.101325097809053, 53.026994828201893 ], [ -114.001325097809058, 53.026994828201893 ], [ -114.001325097809058, 53.126994828201894 ], [ -114.101325097809053, 53.126994828201894 ], [ -114.101325097809053, 53.026994828201893 ] ] ] } },
{ "type": "Feature", "properties": { "value": "2", "label": "AQHI 2", "color": "#0099cb", "timestamp": "2026-09-16 14:00:00", "generated_at": "2026-09-16T20:31:32.792111", "nearest_km": 38.087199484168814, "n_points": 18, "weight_sum": 0.0027190218316035407, "confidence": "Medium", "flagged": false }, "geometry": { "type": "Polygon", "coordinates": [ [ [ -114.001325097809058, 53.026994828201893 ], [ -113.901325097809064, 53.026994828201893 ], [ -113.901325097809064, 53.126994828201894 ], [ -114.001325097809058, 53.126994828201894 ], [ -114.001325097809058, 53.026994828201893 ] ] ] } },
{ "type": "Feature", "properties": { "value": "2", "label": "AQHI 2", "color": "#0099cb", "timestamp": "2026-09-16 14:00:00", "generated_at": "2026-09-16T20:31:32.792111", "nearest_km": 45.434288108495004, "n_points": 19, "weight_sum": 0.0029394128025710797, "confidence": "Medium", "flagged": false }, "geometry": { "type": "Polygon", "coordinates": [ [ [ -113.901325097809064, 53.026994828201893 ], [ -113.80132509780907, 53.026994828201893 ], [ -113.80132509780907, 53.126994828201894 ], [ -113.901325097809064, 53.126994828201894 ], [ -113.901325097809064, 53.026994828201893 ] ] ] } },
{ "type": "Feature", "properties": { "value": "2", "label": "AQHI 2", "color": "#0099cb", "timestamp": "2026-09-16 14:00:00", "generated_at": "2026-09-16T20:31:32.792111", "nearest_km": 40.71233271140639, "n_points": 19, "weight_sum": 0.003279036550335132, "confidence": "Medium", "flagged": false }, "geometry": { "type": "Polygon", "coordinates": [ [ [ -113.80132509780907, 53.026994828201893 ], [ -113.701325097809075, 53.026994828201893 ], [ -113.701325097809075, 53.126994828201894 ], [ -113.80132509780907, 53.126994828201894 ], [ -113.80132509780907, 53.026994828201893 ] ] ] } },
{ "type": "Feature", "properties": { "value": "2", "label": "AQHI 2", "color": "#0099cb", "timestamp": "2026-09-16 14:00:00", "generated_at": "2026-09-16T20:31:32.792111", "nearest_km": 137.21267516046552, "n_points": 1, "weight_sum": 5.3114309115385937e-05, "confidence": "Low", "flagged": false }, "geometry": { "type": "Polygon", "coordinates": [ [ [ -119.301325097808757, 53.126994828201894 ], [ -119.201325097808763, 53.126994828201894 ], [ -119.201325097808763, 53.226994828201896 ], [ -119.301325097808757, 53.226994828201896 ], [ -119.301325097808757, 53.126994828201894 ] ] ] } },
{ "type": "Feature", "properties": { "value": "2", "label": "AQHI 2", "color": "#0099cb", "timestamp": "2026-09-16 14:00:00", "generated_at": "2026-09-16T20:31:32.792111", "nearest_km": 126.36902059710386, "n_points": 1, "weight_sum": 6.2620821526255098e-05, "confidence": "Low", "flagged": false }, "geometry": { "type": "Polygon", "coordinates": [ [ [ -119.201325097808763, 53.126994828201894 ], [ -119.101325097808768, 53.126994828201894 ], [ -119.101325097808768, 53.226994828201896 ], [ -119.201325097808763, 53.226994828201896 ], [ -119.201325097808763, 53.126994828201894 ] ] ] } },
{ "type": "Feature", "properties": { "value": "2", "label": "AQHI 2", "color": "#0099cb", "timestamp": "2026-09-16 14:00:00", "generated_at": "2026-09-16T20:31:32.792111", "nearest_km": 115.57404772980424, "n_points": 1, "weight_sum": 7.4865090251351459e-05, "confidence": "Low", "flagged": false }, "geometry": { "type": "Polygon", "coordinates": [ [ [ -119.101325097808768, 53.126994828201894 ], [ -119.001325097808774, 53.126994828201894 ], [ -119.001325097808774, 53.226994828201896 ], [ -119.101325097808768, 53.226994828201896 ], [ -119.101325097808768, 53.126994828201894 ] ] ] } },
{ "type": "Feature", "properties": { "value": "2", "label": "AQHI 2", "color": "#0099cb", "timestamp": "2026-09-16 14:00:00", "generated_at": "2026-09-16T20:31:32.792111", "nearest_km": 104.84279493904596, "n_points": 1, "weight_sum": 9.0975158304404567e-05, "confidence": "Low", "flagged": false }, "geometry": { "type": "Polygon", "coordinates": [ [ [ -119.001325097808774, 53.126994828201894 ], [ -118.90132509780878, 53.126994828201894 ], [ -118.90132509780878, 53.226994828201896 ], [ -119.001325097808774, 53.226994828201896 ], [ -119.001325097808774, 53.126994828201894 ] ] ] } },
{ "type": "Feature", "properties": { "value": "2", "label": "AQHI 2", "color": "#0099cb", "timestamp": "2026-09-16 14:00:00", "generated_at": "2026-09-16T20:31:32.792111", "nearest_km": 94.197042377192432, "n_points": 2, "weight_sum": 0.00015768155879862696, "confidence": "Low", "flagged": false }, "geometry": { "type": "Polygon", "coordinates": [ [ [ -118.90132509780878, 53.126994828201894 ], [ -118.801325097808785, 53.126994828201894 ], [ -118.801325097808785, 53.226994828201896 ], [ -118.90132509780878, 53.226994828201896 ], [ -118.90132509780878, 53.126994828201894 ] ] ] } },
{ "type": "Feature", "properties": { "value": "2", "label": "AQHI 2", "color": "#0099cb", "timestamp": "2026-09-16 14:00:00", "generated_at": "2026-09-16T20:31:32.792111", "nearest_km": 83.669432498316283, "n_points": 2, "weight_sum": 0.00019517381163278207, "confidence": "Low", "flagged": false }, "geometry": { "type": "Polygon", "coordinates": [ [ [ -118.801325097808785, 53.126994828201894 ], [ -118.701325097808791, 53.126994828201894 ], [ -118.701325097808791, 53.226994828201896 ], [ -118.801325097808785, 53.226994828201896 ], [ -118.801325097808785, 53.126994828201894 ] ] ] } },
{ "type": "Feature", "properties": { "value": "2", "label": "AQHI 2", "color": "#0099cb", "timestamp": "2026-09-16 14:00:00", "generated_at": "2026-09-16T20:31:32.792111", "nearest_km": 73.310879660320509, "n_points": 2, "weight_sum": 0.00024765940509991087, "confidence": "Medium", "flagged": false }, "geometry": { "type": "Polygon", "coordinates": [ [ [ -118.701325097808791, 53.126994828201894 ], [ -118.601325097808797, 53.126994828201894 ], [ -118.601325097808797, 53.226994828201896 ], [ -118.701325097808791, 53.226994828201896 ], [ -118.701325097808791, 53.126994828201894 ] ] ] } },
{ "type": "Feature", "properties": { "value": "2", "label": "AQHI 2", "color": "#0099cb", "timestamp": "2026-09-16 14:00:00", "generated_at": "2026-09-16T20:31:32.792111", "nearest_km": 63.204558526657394, "n_points": 2, "weight_sum": 0.00032381889161040857, "confidence": "Medium", "flagged": false }, "geometry": { "type": "Polygon", "coordinates": [ [ [ -118.601325097808797, 53.126994828201894 ], [ -118.501325097808802, 53.126994828201894 ], [ -118.501325097808802, 53.226994828201896 ], [ -118.601325097808797, 53.226994828201896 ], [ -118.601325097808797, 53.126994828201894 ] ] ] } },
{ "type": "Feature", "properties": { "value": "2", "label": "AQHI 2", "color": "#0099cb", "timestamp": "2026-09-16 14:00:00", "generated_at": "2026-09-16T20:31:32.792111", "nearest_km": 53.49361981142512, "n_points": 2, "weight_sum": 0.00043855140784585498, "confidence": "Medium", "flagged": false }, "geometry": { "type": "Polygon", "coordinates": [ [ [ -118.501325097808802, 53.126994828201894 ], [ -118.401325097808808, 53.126994828201894 ], [ -118.401325097808808, 53.226994828201896 ], [ -118.501325097808802, 53.226994828201896 ], [ -118.501325097808802, 53.126994828201894 ] ] ] } },
{ "type": "Feature", "properties": { "value": "2", "label": "AQHI 2", "color": "#0099cb", "timestamp": "2026-09-16 14:00:00", "generated_at": "2026-09-16T20:31:32.792111", "nearest_km": 44.438029912552388, "n_points": 3, "weight_sum": 0.00066370340637223011, "confidence": "Medium", "flagged": false }, "geometry": { "type": "Polygon", "coordinates": [ [ [ -118.401325097808808, 53.126994828201894 ], [ -118.301325097808814, 53.126994828201894 ], [ -118.301325097808814, 53.226994828201896 ], [ -118.401325097808808, 53.226994828201896 ], [ -118.401325097808808, 53.126994828201894 ] ] ] } },
{ "type": "Feature", "properties": { "value": "2", "label": "AQHI 2", "color": "#0099cb", "timestamp": "2026-09-16 14:00:00", "generated_at": "2026-09-16T20:31:32.792111", "nearest_km": 36.528477171769417, "n_points": 3, "weight_sum": 0.00094375894839988971, "confidence": "Medium", "flagged": false }, "geometry": { "type": "Polygon", "coordinates": [ [ [ -118.301325097808814, 53.126994828201894 ], [ -118.201325097808819, 53.126994828201894 ], [ -118.201325097808819, 53.226994828201896 ], [ -118.301325097808814, 53.226994828201896 ], [ -118.301325097808814, 53.126994828201894 ] ] ] } },
{ "type": "Feature", "properties": { "value": "2", "label": "AQHI 2", "color": "#0099cb", "timestamp": "2026-09-16 14:00:00", "generated_at": "2026-09-16T20:31:32.792111", "nearest_km": 30.664976544390676, "n_points": 3, "weight_sum": 0.0013092677606588721, "confidence": "Medium", "flagged": false }, "geometry": { "type": "Polygon", "coordinates": [ [ [ -118.201325097808819, 53.126994828201894 ], [ -118.101325097808825, 53.126994828201894 ], [ -118.101325097808825, 53.226994828201896 ], [ -118.201325097808819, 53.226994828201896 ], [ -118.201325097808819, 53.126994828201894 ] ] ] } },
{ "type": "Feature", "properties": { "value": "2", "label": "AQHI 2", "color": "#0099cb", "timestamp": "2026-09-16 14:00:00", "generated_at": "2026-09-16T20:31:32.792111", "nearest_km": 28.156205860299298, "n_points": 3, "weight_sum": 0.0015813228872169187, "confidence": "Medium", "flagged": false }, "geometry": { "type": "Polygon", "coordinates": [ [ [ -118.101325097808825, 53.126994828201894 ], [ -118.001325097808831, 53.126994828201894 ], [ -118.001325097808831, 53.226994828201896 ], [ -118.101325097808825, 53.226994828201896 ], [ -118.101325097808825, 53.126994828201894 ] ] ] } },
{ "type": "Feature", "properties": { "value": "2", "label": "AQHI 2", "color": "#0099cb", "timestamp": "2026-09-16 14:00:00", "generated_at": "2026-09-16T20:31:32.792111", "nearest_km": 29.860058111581889, "n_points": 3, "weight_sum": 0.0015517734135210362, "confidence": "Medium", "flagged": false }, "geometry": { "type": "Polygon", "coordinates": [ [ [ -118.001325097808831, 53.126994828201894 ], [ -117.901325097808837, 53.126994828201894 ], [ -117.901325097808837, 53.226994828201896 ], [ -118.001325097808831, 53.226994828201896 ], [ -118.001325097808831, 53.126994828201894 ] ] ] } },
{ "type": "Feature", "properties": { "value": "2", "label": "AQHI 2", "color": "#0099cb", "timestamp": "2026-09-16 14:00:00", "generated_at": "2026-09-16T20:31:32.792111", "nearest_km": 35.169506854752939, "n_points": 3, "weight_sum": 0.0014069425738360061, "confidence": "Medium", "flagged": false }, "geometry": { "type": "Polygon", "coordinates": [ [ [ -117.901325097808837, 53.126994828201894 ], [ -117.801325097808842, 53.126994828201894 ], [ -117.801325097808842, 53.226994828201896 ], [ -117.901325097808837, 53.226994828201896 ], [ -117.901325097808837, 53.126994828201894 ] ] ] } },
{ "type": "Feature", "properties": { "value": "2", "label": "AQHI 2", "color": "#0099cb", "timestamp": "2026-09-16 14:00:00", "generated_at": "2026-09-16T20:31:32.792111", "nearest_km": 38.06259055561474, "n_points": 3, "weight_sum": 0.0013980134332112772, "confidence": "Medium", "flagged": false }, "geometry": { "type": "Polygon", "coordinates": [ [ [ -117.801325097808842, 53.126994828201894 ], [ -117.701325097808848, 53.126994828201894 ], [ -117.701325097808848, 53.226994828201896 ], [ -117.801325097808842, 53.226994828201896 ], [ -117.801325097808842, 53.126994828201894 ] ] ] } },
{ "type": "Feature", "properties": { "value": "1", "label": "AQHI 1", "color": "#01cbff", "timestamp": "2026-09-16 14:00:00", "generated_at": "2026-09-16T20:31:32.792111", "nearest_km": 32.217045269605798, "n_points": 3, "weight_sum": 0.0015563931531391683, "confidence": "Medium", "flagged": false }, "geometry": { "type": "Polygon", "coordinates": [ [ [ -117.701325097808848, 53.126994828201894 ], [ -117.601325097808854, 53.126994828201894 ], [ -117.601325097808854, 53.226994828201896 ], [ -117.701325097808848, 53.226994828201896 ], [ -117.701325097808848, 53.126994828201894 ] ] ] } },
{ "type": "Feature", "properties": { "value": "1", "label": "AQHI 1", "color": "#01cbff", "timestamp": "2026-09-16 14:00:00", "generated_at": "2026-09-16T20:31:32.792111", "nearest_km": 29.555629108568436, "n_points": 4, "weight_sum": 0.001771456590496371, "confidence": "Medium", "flagged": false }, "geometry": { "type": "Polygon", "coordinates": [ [ [ -117.601325097808854, 53.126994828201894 ], [ -117.501325097808859, 53.126994828201894 ], [ -117.501325097808859, 53.226994828201896 ], [ -117.601325097808854, 53.226994828201896 ], [ -117.601325097808854, 53.126994828201894 ] ] ] } },
{ "type": "Feature", "properties": { "value": "1", "label": "AQHI 1", "color": "#01cbff", "timestamp": "2026-09-16 14:00:00", "generated_at": "2026-09-16T20:31:32.792111", "nearest_km": 30.912010903573691, "n_points": 4, "weight_sum": 0.0017816167934583851, "confidence": "Medium", "flagged": false }, "geometry": { "type": "Polygon", "coordinates": [ [ [ -117.501325097808859, 53.126994828201894 ], [ -117.401325097808865, 53.126994828201894 ], [ -117.401325097808865, 53.226994828201896 ], [ -117.501325097808859, 53.226994828201896 ], [ -117.501325097808859, 53.126994828201894 ] ] ] } },
{ "type": "Feature", "properties": { "value": "2", "label": "AQHI 2", "color": "#0099cb", "timestamp": "2026-09-16 14:00:00", "generated_at": "2026-09-16T20:31:32.792111", "nearest_km": 34.439186600888732, "n_points": 4, "weight_sum": 0.0018378360310859594, "confidence": "Medium", "flagged": false }, "geometry": { "type": "Polygon", "coordinates": [ [ [ -117.401325097808865, 53.126994828201894 ], [ -117.301325097808871, 53.126994828201894 ], [ -117.301325097808871, 53.226994828201896 ], [ -117.401325097808865, 53.226994828201896 ], [ -117.401325097808865, 53.126994828201894 ] ] ] } },
{ "type": "Feature", "properties": { "value": "2", "label": "AQHI 2", "color": "#0099cb", "timestamp": "2026-09-16 14:00:00", "generated_at": "2026-09-16T20:31:32.792111", "nearest_km": 23.341765012746006, "n_points": 4, "weight_sum": 0.0025690560910038439, "confidence": "High", "flagged": false }, "geometry": { "type": "Polygon", "coordinates": [ [ [ -117.301325097808871, 53.126994828201894 ], [ -117.201325097808876, 53.126994828201894 ], [ -117.201325097808876, 53.226994828201896 ], [ -117.301325097808871, 53.226994828201896 ], [ -117.301325097808871, 53.126994828201894 ] ] ] } },
{ "type": "Feature", "properties": { "value": "2", "label": "AQHI 2", "color": "#0099cb", "timestamp": "2026-09-16 14:00:00", "generated_at": "2026-09-16T20:31:32.792111", "nearest_km": 12.24901686216673, "n_points": 5, "weight_sum": 0.0072720094655681113, "confidence": "High", "flagged": false }, "geometry": { "type": "Polygon", "coordinates": [ [ [ -117.201325097808876, 53.126994828201894 ], [ -117.101325097808882, 53.126994828201894 ], [ -117.101325097808882, 53.226994828201896 ], [ -117.201325097808876, 53.226994828201896 ], [ -117.201325097808876, 53.126994828201894 ] ] ] } },
{ "type": "Feature", "properties": { "value": "2", "label": "AQHI 2", "color": "#0099cb", "timestamp": "2026-09-16 14:00:00", "generated_at": "2026-09-16T20:31:32.792111", "nearest_km": 1.2879574018608877, "n_points": 5, "weight_sum": 0.60333816291478604, "confidence": "High", "flagged": false }, "geometry": { "type": "Polygon", "coordinates": [ [ [ -117.101325097808882, 53.126994828201894 ], [ -117.001325097808888, 53.126994828201894 ], [ -117.001325097808888, 53.226994828201896 ], [ -117.101325097808882, 53.226994828201896 ], [ -117.101325097808882, 53.126994828201894 ] ] ] } },
{ "type": "Feature", "properties": { "value": "2", "label": "AQHI 2", "color": "#0099cb", "timestamp": "2026-09-16 14:00:00", "generated_at": "2026-09-16T20:31:32.792111", "nearest_km": 9.9849513993981756, "n_points": 5, "weight_sum": 0.01047984225712148, "confidence": "High", "flagged": false }, "geometry": { "type": "Polygon", "coordinates": [ [ [ -117.001325097808888, 53.126994828201894 ], [ -116.901325097808893, 53.126994828201894 ], [ -116.901325097808893, 53.226994828201896 ], [ -117.001325097808888, 53.226994828201896 ], [ -117.001325097808888, 53.126994828201894 ] ] ] } },
{ "type": "Feature", "properties": { "value": "2", "label": "AQHI 2", "color": "#0099cb", "timestamp": "2026-09-16 14:00:00", "generated_at": "2026-09-16T20:31:32.792111", "nearest_km": 21.075096076356353, "n_points": 5, "weight_sum": 0.0026778202255403958, "confidence": "High", "flagged": false }, "geometry": { "type": "Polygon", "coordinates": [ [ [ -116.901325097808893, 53.126994828201894 ], [ -116.801325097808899, 53.126994828201894 ], [ -116.801325097808899, 53.226994828201896 ], [ -116.901325097808893, 53.226994828201896 ], [ -116.901325097808893, 53.126994828201894 ] ] ] } },
{ "type": "Feature", "properties": { "value": "2", "label": "AQHI 2", "color": "#0099cb", "timestamp": "2026-09-16 14:00:00", "generated_at": "2026-09-16T20:31:32.792111", "nearest_km": 32.172039021593427, "n_points": 5, "weight_sum": 0.0013931750205064958, "confidence": "Medium", "flagged": false }, "geometry": { "type": "Polygon", "coordinates": [ [ [ -116.801325097808899, 53.126994828201894 ], [ -116.701325097808905, 53.126994828201894 ], [ -116.701325097808905, 53.226994828201896 ], [ -116.801325097808899, 53.226994828201896 ], [ -116.801325097808899, 53.126994828201894 ] ] ] } },
{ "type": "Feature", "properties": { "value": "2", "label": "AQHI 2", "color": "#0099cb", "timestamp": "2026-09-16 14:00:00", "generated_at": "2026-09-16T20:31:32.792111", "nearest_km": 43.270550204338541, "n_points": 4, "weight_sum": 0.00093892178160759473, "confidence": "Medium", "flagged": false }, "geometry": { "type": "Polygon", "coordinates": [ [ [ -116.701325097808905, 53.126994828201894 ], [ -116.60132509780891, 53.126994828201894 ], [ -116.60132509780891, 53.226994828201896 ], [ -116.701325097808905, 53.226994828201896 ], [ -116.701325097808905, 53.126994828201894 ] ] ] } },
{ "type": "Feature", "properties": { "value": "2", "label": "AQHI 2", "color": "#0099cb", "timestamp": "2026-09-16 14:00:00", "generated_at": "2026-09-16T20:31:32.792111", "nearest_km": 54.369669257458291, "n_points": 4, "weight_sum": 0.00077633824017791706, "confidence": "Medium", "flagged": false }, "geometry": { "type": "Polygon", "coordinates": [ [ [ -116.60132509780891, 53.126994828201894 ], [ -116.501325097808916, 53.126994828201894 ], [ -116.501325097808916, 53.226994828201896 ], [ -116.60132509780891, 53.226994828201896 ], [ -116.60132509780891, 53.126994828201894 ] ] ] } },
{ "type": "Feature", "properties": { "value": "2", "label": "AQHI 2", "color": "#0099cb", "timestamp": "2026-09-16 14:00:00", "generated_at": "2026-09-16T20:31:32.792111", "nearest_km": 53.177356116976455, "n_points": 4, "weight_sum": 0.00069980046916720052, "confidence": "Medium", "flagged": false }, "geometry": { "type": "Polygon", "coordinates": [ [ [ -116.501325097808916, 53.126994828201894 ], [ -116.401325097808922, 53.126994828201894 ], [ -116.401325097808922, 53.226994828201896 ], [ -116.501325097808916, 53.226994828201896 ], [ -116.501325097808916, 53.126994828201894 ] ] ] } },
{ "type": "Feature", "properties": { "value": "2", "label": "AQHI 2", "color": "#0099cb", "timestamp": "2026-09-16 14:00:00", "generated_at": "2026-09-16T20:31:32.792111", "nearest_km": 51.803083355829507, "n_points": 4, "weight_sum": 0.00064409848287587184, "confidence": "Medium", "flagged": false }, "geometry": { "type": "Polygon", "coordinates": [ [ [ -116.401325097808922, 53.126994828201894 ], [ -116.301325097808927, 53.126994828201894 ], [ -116.301325097808927, 53.226994828201896 ], [ -116.401325097808922, 53.226994828201896 ], [ -116.401325097808922, 53.126994828201894 ] ] ] } },
{ "type": "Feature", "properties": { "value": "2", "label": "AQHI 2", "color": "#0099cb", "timestamp": "2026-09-16 14:00:00", "generated_at": "2026-09-16T20:31:32.792111", "nearest_km": 52.779803777110423, "n_points": 4, "weight_sum": 0.00058284031804803696, "confidence": "Medium", "flagged": false }, "geometry": { "type": "Polygon", "coordinates": [ [ [ -116.301325097808927, 53.126994828201894 ], [ -116.201325097808933, 53.126994828201894 ], [ -116.201325097808933, 53.226994828201896 ], [ -116.301325097808927, 53.226994828201896 ], [ -116.301325097808927, 53.126994828201894 ] ] ] } },
{ "type": "Feature", "properties": { "value": "2", "label": "AQHI 2", "color": "#0099cb", "timestamp": "2026-09-16 14:00:00", "generated_at": "2026-09-16T20:31:32.792111", "nearest_km": 55.984604386648208, "n_points": 3, "weight_sum": 0.00047596191661866287, "confidence": "Medium", "flagged": false }, "geometry": { "type": "Polygon", "coordinates": [ [ [ -116.201325097808933, 53.126994828201894 ], [ -116.101325097808939, 53.126994828201894 ], [ -116.101325097808939, 53.226994828201896 ], [ -116.201325097808933, 53.226994828201896 ], [ -116.201325097808933, 53.126994828201894 ] ] ] } },
{ "type": "Feature", "properties": { "value": "2", "label": "AQHI 2", "color": "#0099cb", "timestamp": "2026-09-16 14:00:00", "generated_at": "2026-09-16T20:31:32.792111", "nearest_km": 61.067701527965774, "n_points": 3, "weight_sum": 0.00041548927432013432, "confidence": "Medium", "flagged": false }, "geometry": { "type": "Polygon", "coordinates": [ [ [ -116.101325097808939, 53.126994828201894 ], [ -116.001325097808945, 53.126994828201894 ], [ -116.001325097808945, 53.226994828201896 ], [ -116.101325097808939, 53.226994828201896 ], [ -116.101325097808939, 53.126994828201894 ] ] ] } },
{ "type": "Feature", "properties": { "value": "2", "label": "AQHI 2", "color": "#0099cb", "timestamp": "2026-09-16 14:00:00", "generated_at": "2026-09-16T20:31:32.792111", "nearest_km": 67.60674826885176, "n_points": 3, "weight_sum": 0.00036480485182606047, "confidence": "Medium", "flagged": false }, "geometry": { "type": "Polygon", "coordinates": [ [ [ -116.001325097808945, 53.126994828201894 ], [ -115.90132509780895, 53.126994828201894 ], [ -115.90132509780895, 53.226994828201896 ], [ -116.001325097808945, 53.226994828201896 ], [ -116.001325097808945, 53.126994828201894 ] ] ] } },
{ "type": "Feature", "properties": { "value": "2", "label": "AQHI 2", "color": "#0099cb", "timestamp": "2026-09-16 14:00:00", "generated_at": "2026-09-16T20:31:32.792111", "nearest_km": 75.223006142183891, "n_points": 3, "weight_sum": 0.00032940535747606075, "confidence": "Low", "flagged": false }, "geometry": { "type": "Polygon", "coordinates": [ [ [ -115.90132509780895, 53.126994828201894 ], [ -115.801325097808956, 53.126994828201894 ], [ -115.801325097808956, 53.226994828201896 ], [ -115.90132509780895, 53.226994828201896 ], [ -115.90132509780895, 53.126994828201894 ] ] ] } },
{ "type": "Feature", "properties": { "value": "2", "label": "AQHI 2", "color": "#0099cb", "timestamp": "2026-09-16 14:00:00", "generated_at": "2026-09-16T20:31:32.792111", "nearest_km": 83.622657782721518, "n_points": 3, "weight_sum": 0.00031156340888887474, "confidence": "Low", "flagged": false }, "geometry": { "type": "Polygon", "coordinates": [ [ [ -115.801325097808956, 53.126994828201894 ], [ -115.701325097808962, 53.126994828201894 ], [ -115.701325097808962, 53.226994828201896 ], [ -115.801325097808956, 53.226994828201896 ], [ -115.801325097808956, 53.126994828201894 ] ] ] } },
{ "type": "Feature", "properties": { "value": "2", "label": "AQHI 2", "color": "#0099cb", "timestamp": "2026-09-16 14:00:00", "generated_at": "2026-09-16T20:31:32.792111", "nearest_km": 80.355516716296066, "n_points": 2, "weight_sum": 0.0002715100718830725, "confidence": "Low", "flagged": false }, "geometry": { "type": "Polygon", "coordinates": [ [ [ -115.701325097808962, 53.126994828201894 ], [ -115.601325097808967, 53.126994828201894 ], [ -115.601325097808967, 53.226994828201896 ], [ -115.701325097808962, 53.226994828201896 ], [ -115.701325097808962, 53.126994828201894 ] ] ] } },
{ "type": "Feature", "properties": { "value": "2", "label": "AQHI 2", "color": "#0099cb", "timestamp": "2026-09-16 14:00:00", "generated_at": "2026-09-16T20:31:32.792111", "nearest_km": 69.362293462097782, "n_points": 2, "weight_sum": 0.00030400064884796935, "confidence": "Medium", "flagged": false }, "geometry": { "type": "Polygon", "coordinates": [ [ [ -115.601325097808967, 53.126994828201894 ], [ -115.501325097808973, 53.126994828201894 ], [ -115.501325097808973, 53.226994828201896 ], [ -115.601325097808967, 53.226994828201896 ], [ -115.601325097808967, 53.126994828201894 ] ] ] } },
{ "type": "Feature", "properties": { "value": "2", "label": "AQHI 2", "color": "#0099cb", "timestamp": "2026-09-16 14:00:00", "generated_at": "2026-09-16T20:31:32.792111", "nearest_km": 58.409472193312801, "n_points": 3, "weight_sum": 0.00042033543708983241, "confidence": "Medium", "flagged": false }, "geometry": { "type": "Polygon", "coordinates": [ [ [ -115.501325097808973, 53.126994828201894 ], [ -115.401325097808979, 53.126994828201894 ], [ -115.401325097808979, 53.226994828201896 ], [ -115.501325097808973, 53.226994828201896 ], [ -115.501325097808973, 53.126994828201894 ] ] ] } },
{ "type": "Feature", "properties": { "value": "2", "label": "AQHI 2", "color": "#0099cb", "timestamp": "2026-09-16 14:00:00", "generated_at": "2026-09-16T20:31:32.792111", "nearest_km": 47.524994786749446, "n_points": 3, "weight_sum": 0.00056538364110935162, "confidence": "Medium", "flagged": false }, "geometry": { "type": "Polygon", "coordinates": [ [ [ -115.401325097808979, 53.126994828201894 ], [ -115.301325097808984, 53.126994828201894 ], [ -115.301325097808984, 53.226994828201896 ], [ -115.401325097808979, 53.226994828201896 ], [ -115.401325097808979, 53.126994828201894 ] ] ] } },
{ "type": "Feature", "properties": { "value": "2", "label": "AQHI 2", "color": "#0099cb", "timestamp": "2026-09-16 14:00:00", "generated_at": "2026-09-16T20:31:32.792111", "nearest_km": 36.76960452683322, "n_points": 3, "weight_sum": 0.00086246878039046842, "confidence": "Medium", "flagged": false }, "geometry": { "type": "Polygon", "coordinates": [ [ [ -115.301325097808984, 53.126994828201894 ], [ -115.20132509780899, 53.126994828201894 ], [ -115.20132509780899, 53.226994828201896 ], [ -115.301325097808984, 53.226994828201896 ], [ -115.301325097808984, 53.126994828201894 ] ] ] } },
{ "type": "Feature", "properties": { "value": "2", "label": "AQHI 2", "color": "#0099cb", "timestamp": "2026-09-16 14:00:00", "generated_at": "2026-09-16T20:31:32.792111", "nearest_km": 26.30213878449505, "n_points": 3, "weight_sum": 0.001573549982512418, "confidence": "Medium", "flagged": false }, "geometry": { "type": "Polygon", "coordinates": [ [ [ -115.20132509780899, 53.126994828201894 ], [ -115.101325097808996, 53.126994828201894 ], [ -115.101325097808996, 53.226994828201896 ], [ -115.20132509780899, 53.226994828201896 ], [ -115.20132509780899, 53.126994828201894 ] ] ] } },
{ "type": "Feature", "properties": { "value": "2", "label": "AQHI 2", "color": "#0099cb", "timestamp": "2026-09-16 14:00:00", "generated_at": "2026-09-16T20:31:32.792111", "nearest_km": 16.673967500806011, "n_points": 2, "weight_sum": 0.003693013484016917, "confidence": "High", "flagged": false }, "geometry": { "type": "Polygon", "coordinates": [ [ [ -115.101325097808996, 53.126994828201894 ], [ -115.001325097809001, 53.126994828201894 ], [ -115.001325097809001, 53.226994828201896 ], [ -115.101325097808996, 53.226994828201896 ], [ -115.101325097808996, 53.126994828201894 ] ] ] } },
{ "type": "Feature", "properties": { "value": "2", "label": "AQHI 2", "color": "#0099cb", "timestamp": "2026-09-16 14:00:00", "generated_at": "2026-09-16T20:31:32.792111", "nearest_km": 10.519499978468724, "n_points": 3, "weight_sum": 0.0092055580125100719, "confidence": "High", "flagged": false }, "geometry": { "type": "Polygon", "coordinates": [ [ [ -115.001325097809001, 53.126994828201894 ], [ -114.901325097809007, 53.126994828201894 ], [ -114.901325097809007, 53.226994828201896 ], [ -115.001325097809001, 53.226994828201896 ], [ -115.001325097809001, 53.126994828201894 ] ] ] } },
{ "type": "Feature", "properties": { "value": "2", "label": "AQHI 2", "color": "#0099cb", "timestamp": "2026-09-16 14:00:00", "generated_at": "2026-09-16T20:31:32.792111", "nearest_km": 13.773836334734193, "n_points": 3, "weight_sum": 0.0054823894397457587, "confidence": "High", "flagged": false }, "geometry": { "type": "Polygon", "coordinates": [ [ [ -114.901325097809007, 53.126994828201894 ], [ -114.801325097809013, 53.126994828201894 ], [ -114.801325097809013, 53.226994828201896 ], [ -114.901325097809007, 53.226994828201896 ], [ -114.901325097809007, 53.126994828201894 ] ] ] } },
{ "type": "Feature", "properties": { "value": "2", "label": "AQHI 2", "color": "#0099cb", "timestamp": "2026-09-16 14:00:00", "generated_at": "2026-09-16T20:31:32.792111", "nearest_km": 22.697957065671268, "n_points": 7, "weight_sum": 0.002404163626712647, "confidence": "High", "flagged": false }, "geometry": { "type": "Polygon", "coordinates": [ [ [ -114.801325097809013, 53.126994828201894 ], [ -114.701325097809018, 53.126994828201894 ], [ -114.701325097809018, 53.226994828201896 ], [ -114.801325097809013, 53.226994828201896 ], [ -114.801325097809013, 53.126994828201894 ] ] ] } },
{ "type": "Feature", "properties": { "value": "2", "label": "AQHI 2", "color": "#0099cb", "timestamp": "2026-09-16 14:00:00", "generated_at": "2026-09-16T20:31:32.792111", "nearest_km": 32.971138023035245, "n_points": 8, "weight_sum": 0.001554690403721834, "confidence": "Medium", "flagged": false }, "geometry": { "type": "Polygon", "coordinates": [ [ [ -114.701325097809018, 53.126994828201894 ], [ -114.601325097809024, 53.126994828201894 ], [ -114.601325097809024, 53.226994828201896 ], [ -114.701325097809018, 53.226994828201896 ], [ -114.701325097809018, 53.126994828201894 ] ] ] } },
{ "type": "Feature", "properties": { "value": "2", "label": "AQHI 2", "color": "#0099cb", "timestamp": "2026-09-16 14:00:00", "generated_at": "2026-09-16T20:31:32.792111", "nearest_km": 43.651055314997791, "n_points": 10, "weight_sum": 0.0014474567378132759, "confidence": "Medium", "flagged": false }, "geometry": { "type": "Polygon", "coordinates": [ [ [ -114.601325097809024, 53.126994828201894 ], [ -114.50132509780903, 53.126994828201894 ], [ -114.50132509780903, 53.226994828201896 ], [ -114.601325097809024, 53.226994828201896 ], [ -114.601325097809024, 53.126994828201894 ] ] ] } },
{ "type": "Feature", "properties": { "value": "2", "label": "AQHI 2", "color": "#0099cb", "timestamp": "2026-09-16 14:00:00", "generated_at": "2026-09-16T20:31:32.792111", "nearest_km": 38.89951174381541, "n_points": 10, "weight_sum": 0.0015920743916564947, "confidence": "Medium", "flagged": false }, "geometry": { "type": "Polygon", "coordinates": [ [ [ -114.50132509780903, 53.126994828201894 ], [ -114.401325097809035, 53.126994828201894 ], [ -114.401325097809035, 53.226994828201896 ], [ -114.50132509780903, 53.226994828201896 ], [ -114.50132509780903, 53.126994828201894 ] ] ] } },
{ "type": "Feature", "properties": { "value": "2", "label": "AQHI 2", "color": "#0099cb", "timestamp": "2026-09-16 14:00:00", "generated_at": "2026-09-16T20:31:32.792111", "nearest_km": 29.911733237748599, "n_points": 14, "weight_sum": 0.0022586704223394836, "confidence": "Medium", "flagged": false }, "geometry": { "type": "Polygon", "coordinates": [ [ [ -114.401325097809035, 53.126994828201894 ], [ -114.301325097809041, 53.126994828201894 ], [ -114.301325097809041, 53.226994828201896 ], [ -114.401325097809035, 53.226994828201896 ], [ -114.401325097809035, 53.126994828201894 ] ] ] } },
{ "type": "Feature", "properties": { "value": "2", "label": "AQHI 2", "color": "#0099cb", "timestamp": "2026-09-16 14:00:00", "generated_at": "2026-09-16T20:31:32.792111", "nearest_km": 22.862011212166074, "n_points": 15, "weight_sum": 0.0032213659293461945, "confidence": "High", "flagged": false }, "geometry": { "type": "Polygon", "coordinates": [ [ [ -114.301325097809041, 53.126994828201894 ], [ -114.201325097809047, 53.126994828201894 ], [ -114.201325097809047, 53.226994828201896 ], [ -114.301325097809041, 53.226994828201896 ], [ -114.301325097809041, 53.126994828201894 ] ] ] } },
{ "type": "Feature", "properties": { "value": "2", "label": "AQHI 2", "color": "#0099cb", "timestamp": "2026-09-16 14:00:00", "generated_at": "2026-09-16T20:31:32.792111", "nearest_km": 19.926146843887121, "n_points": 15, "weight_sum": 0.0040282405388414521, "confidence": "High", "flagged": false }, "geometry": { "type": "Polygon", "coordinates": [ [ [ -114.201325097809047, 53.126994828201894 ], [ -114.101325097809053, 53.126994828201894 ], [ -114.101325097809053, 53.226994828201896 ], [ -114.201325097809047, 53.226994828201896 ], [ -114.201325097809047, 53.126994828201894 ] ] ] } },
{ "type": "Feature", "properties": { "value": "2", "label": "AQHI 2", "color": "#0099cb", "timestamp": "2026-09-16 14:00:00", "generated_at": "2026-09-16T20:31:32.792111", "nearest_km": 22.756341960496851, "n_points": 16, "weight_sum": 0.0037814280034431146, "confidence": "High", "flagged": false }, "geometry": { "type": "Polygon", "coordinates": [ [ [ -114.101325097809053, 53.126994828201894 ], [ -114.001325097809058, 53.126994828201894 ], [ -114.001325097809058, 53.226994828201896 ], [ -114.101325097809053, 53.226994828201896 ], [ -114.101325097809053, 53.126994828201894 ] ] ] } },
{ "type": "Feature", "properties": { "value": "2", "label": "AQHI 2", "color": "#0099cb", "timestamp": "2026-09-16 14:00:00", "generated_at": "2026-09-16T20:31:32.792111", "nearest_km": 29.750140685414561, "n_points": 18, "weight_sum": 0.0034932495984055594, "confidence": "Medium", "flagged": false }, "geometry": { "type": "Polygon", "coordinates": [ [ [ -114.001325097809058, 53.126994828201894 ], [ -113.901325097809064, 53.126994828201894 ], [ -113.901325097809064, 53.226994828201896 ], [ -114.001325097809058, 53.226994828201896 ], [ -114.001325097809058, 53.126994828201894 ] ] ] } },
{ "type": "Feature", "properties": { "value": "2", "label": "AQHI 2", "color": "#0099cb", "timestamp": "2026-09-16 14:00:00", "generated_at": "2026-09-16T20:31:32.792111", "nearest_km": 38.71318434565697, "n_points": 18, "weight_sum": 0.0036062957126741669, "confidence": "Medium", "flagged": false }, "geometry": { "type": "Polygon", "coordinates": [ [ [ -113.901325097809064, 53.126994828201894 ], [ -113.80132509780907, 53.126994828201894 ], [ -113.80132509780907, 53.226994828201896 ], [ -113.901325097809064, 53.226994828201896 ], [ -113.901325097809064, 53.126994828201894 ] ] ] } },
{ "type": "Feature", "properties": { "value": "2", "label": "AQHI 2", "color": "#0099cb", "timestamp": "2026-09-16 14:00:00", "generated_at": "2026-09-16T20:31:32.792111", "nearest_km": 35.387437130418931, "n_points": 18, "weight_sum": 0.0041462158541936151, "confidence": "Medium", "flagged": false }, "geometry": { "type": "Polygon", "coordinates": [ [ [ -113.80132509780907, 53.126994828201894 ], [ -113.701325097809075, 53.126994828201894 ], [ -113.701325097809075, 53.226994828201896 ], [ -113.80132509780907, 53.226994828201896 ], [ -113.80132509780907, 53.126994828201894 ] ] ] } },
{ "type": "Feature", "properties": { "value": "NA", "label": "No Data", "color": "#D3D3D3", "timestamp": "2026-09-16 14:00:00", "generated_at": "2026-09-16T20:31:32.792111", "nearest_km": 150.59790848735815, "n_points": 0, "weight_sum": 0.0, "confidence": "None", "flagged": false }, "geometry": { "type": "Polygon", "coordinates": [ [ [ -119.401325097808751, 53.226994828201896 ], [ -119.301325097808757, 53.226994828201896 ], [ -119.301325097808757, 53.326994828201897 ], [ -119.401325097808751, 53.326994828201897 ], [ -119.401325097808751, 53.226994828201896 ] ] ] } },
{ "type": "Feature", "properties": { "value": "2", "label": "AQHI 2", "color": "#0099cb", "timestamp": "2026-09-16 14:00:00", "generated_at": "2026-09-16T20:31:32.792111", "nearest_km": 139.91111886746725, "n_points": 1, "weight_sum": 5.1085252074015086e-05, "confidence": "Low", "flagged": false }, "geometry": { "type": "Polygon", "coordinates": [ [ [ -119.301325097808757, 53.226994828201896 ], [ -119.201325097808763, 53.226994828201896 ], [ -119.201325097808763, 53.326994828201897 ], [ -119.301325097808757, 53.326994828201897 ], [ -119.301325097808757, 53.226994828201896 ] ] ] } },
{ "type": "Feature", "properties": { "value": "2", "label": "AQHI 2", "color": "#0099cb", "timestamp": "2026-09-16 14:00:00", "generated_at": "2026-09-16T20:31:32.792111", "nearest_km": 129.29397636675262, "n_points": 1, "weight_sum": 5.9819587743432913e-05, "confidence": "Low", "flagged": false }, "geometry": { "type": "Polygon", "coordinates": [ [ [ -119.201325097808763, 53.226994828201896 ], [ -119.101325097808768, 53.226994828201896 ], [ -119.101325097808768, 53.326994828201897 ], [ -119.201325097808763, 53.326994828201897 ], [ -119.201325097808763, 53.226994828201896 ] ] ] } },
{ "type": "Feature", "properties": { "value": "2", "label": "AQHI 2", "color": "#0099cb", "timestamp": "2026-09-16 14:00:00", "generated_at": "2026-09-16T20:31:32.792111", "nearest_km": 118.76516099726463, "n_points": 1, "weight_sum": 7.0896023456970124e-05, "confidence": "Low", "flagged": false }, "geometry": { "type": "Polygon", "coordinates": [ [ [ -119.101325097808768, 53.226994828201896 ], [ -119.001325097808774, 53.226994828201896 ], [ -119.001325097808774, 53.326994828201897 ], [ -119.101325097808768, 53.326994828201897 ], [ -119.101325097808768, 53.226994828201896 ] ] ] } },
{ "type": "Feature", "properties": { "value": "2", "label": "AQHI 2", "color": "#0099cb", "timestamp": "2026-09-16 14:00:00", "generated_at": "2026-09-16T20:31:32.792111", "nearest_km": 108.35042505078586, "n_points": 1, "weight_sum": 8.5180220755796924e-05, "confidence": "Low", "flagged": false }, "geometry": { "type": "Polygon", "coordinates": [ [ [ -119.001325097808774, 53.226994828201896 ], [ -118.90132509780878, 53.226994828201896 ], [ -118.90132509780878, 53.326994828201897 ], [ -119.001325097808774, 53.326994828201897 ], [ -119.001325097808774, 53.226994828201896 ] ] ] } },
{ "type": "Feature", "properties": { "value": "2", "label": "AQHI 2", "color": "#0099cb", "timestamp": "2026-09-16 14:00:00", "generated_at": "2026-09-16T20:31:32.792111", "nearest_km": 98.086113954349869, "n_points": 2, "weight_sum": 0.00015002369349403092, "confidence": "Low", "flagged": false }, "geometry": { "type": "Polygon", "coordinates": [ [ [ -118.90132509780878, 53.226994828201896 ], [ -118.801325097808785, 53.226994828201896 ], [ -118.801325097808785, 53.326994828201897 ], [ -118.90132509780878, 53.326994828201897 ], [ -118.90132509780878, 53.226994828201896 ] ] ] } },
{ "type": "Feature", "properties": { "value": "2", "label": "AQHI 2", "color": "#0099cb", "timestamp": "2026-09-16 14:00:00", "generated_at": "2026-09-16T20:31:32.792111", "nearest_km": 88.024865195269825, "n_points": 2, "weight_sum": 0.00018288506741714111, "confidence": "Low", "flagged": false }, "geometry": { "type": "Polygon", "coordinates": [ [ [ -118.801325097808785, 53.226994828201896 ], [ -118.701325097808791, 53.226994828201896 ], [ -118.701325097808791, 53.326994828201897 ], [ -118.801325097808785, 53.326994828201897 ], [ -118.801325097808785, 53.226994828201896 ] ] ] } },
{ "type": "Feature", "properties": { "value": "2", "label": "AQHI 2", "color": "#0099cb", "timestamp": "2026-09-16 14:00:00", "generated_at": "2026-09-16T20:31:32.792111", "nearest_km": 78.245051182966932, "n_points": 2, "weight_sum": 0.00022701796072131992, "confidence": "Low", "flagged": false }, "geometry": { "type": "Polygon", "coordinates": [ [ [ -118.701325097808791, 53.226994828201896 ], [ -118.601325097808797, 53.226994828201896 ], [ -118.601325097808797, 53.326994828201897 ], [ -118.701325097808791, 53.326994828201897 ], [ -118.701325097808791, 53.226994828201896 ] ] ] } },
{ "type": "Feature", "properties": { "value": "2", "label": "AQHI 2", "color": "#0099cb", "timestamp": "2026-09-16 14:00:00", "generated_at": "2026-09-16T20:31:32.792111", "nearest_km": 68.866676822718688, "n_points": 2, "weight_sum": 0.00028733676802379079, "confidence": "Medium", "flagged": false }, "geometry": { "type": "Polygon", "coordinates": [ [ [ -118.601325097808797, 53.226994828201896 ], [ -118.501325097808802, 53.226994828201896 ], [ -118.501325097808802, 53.326994828201897 ], [ -118.601325097808797, 53.326994828201897 ], [ -118.601325097808797, 53.226994828201896 ] ] ] } },
{ "type": "Feature", "properties": { "value": "2", "label": "AQHI 2", "color": "#0099cb", "timestamp": "2026-09-16 14:00:00", "generated_at": "2026-09-16T20:31:32.792111", "nearest_km": 60.078035242378014, "n_points": 2, "weight_sum": 0.00037057882456980479, "confidence": "Medium", "flagged": false }, "geometry": { "type": "Polygon", "coordinates": [ [ [ -118.501325097808802, 53.226994828201896 ], [ -118.401325097808808, 53.226994828201896 ], [ -118.401325097808808, 53.326994828201897 ], [ -118.501325097808802, 53.326994828201897 ], [ -118.501325097808802, 53.226994828201896 ] ] ] } },
{ "type": "Feature", "properties": { "value": "2", "label": "AQHI 2", "color": "#0099cb", "timestamp": "2026-09-16 14:00:00", "generated_at": "2026-09-16T20:31:32.792111", "nearest_km": 52.177978693736506, "n_points": 3, "weight_sum": 0.00053120327718924319, "confidence": "Medium", "flagged": false }, "geometry": { "type": "Polygon", "coordinates": [ [ [ -118.401325097808808, 53.226994828201896 ], [ -118.301325097808814, 53.226994828201896 ], [ -118.301325097808814, 53.326994828201897 ], [ -118.401325097808808, 53.326994828201897 ], [ -118.401325097808808, 53.226994828201896 ] ] ] } },
{ "type": "Feature", "properties": { "value": "2", "label": "AQHI 2", "color": "#0099cb", "timestamp": "2026-09-16 14:00:00", "generated_at": "2026-09-16T20:31:32.792111", "nearest_km": 45.630391216201502, "n_points": 3, "weight_sum": 0.00068533655875435435, "confidence": "Medium", "flagged": false }, "geometry": { "type": "Polygon", "coordinates": [ [ [ -118.301325097808814, 53.226994828201896 ], [ -118.201325097808819, 53.226994828201896 ], [ -118.201325097808819, 53.326994828201897 ], [ -118.301325097808814, 53.326994828201897 ], [ -118.301325097808814, 53.226994828201896 ] ] ] } },
{ "type": "Feature", "properties": { "value": "2", "label": "AQHI 2", "color": "#0099cb", "timestamp": "2026-09-16 14:00:00", "generated_at": "2026-09-16T20:31:32.792111", "nearest_km": 41.087026474583801, "n_points": 3, "weight_sum": 0.0008567606867629135, "confidence": "Medium", "flagged": false }, "geometry": { "type": "Polygon", "coordinates": [ [ [ -118.201325097808819, 53.226994828201896 ], [ -118.101325097808825, 53.226994828201896 ], [ -118.101325097808825, 53.326994828201897 ], [ -118.201325097808819, 53.326994828201897 ], [ -118.201325097808819, 53.226994828201896 ] ] ] } },
{ "type": "Feature", "properties": { "value": "2", "label": "AQHI 2", "color": "#0099cb", "timestamp": "2026-09-16 14:00:00", "generated_at": "2026-09-16T20:31:32.792111", "nearest_km": 39.250157789525801, "n_points": 3, "weight_sum": 0.0010035727770343562, "confidence": "Medium", "flagged": false }, "geometry": { "type": "Polygon", "coordinates": [ [ [ -118.101325097808825, 53.226994828201896 ], [ -118.001325097808831, 53.226994828201896 ], [ -118.001325097808831, 53.326994828201897 ], [ -118.101325097808825, 53.326994828201897 ], [ -118.101325097808825, 53.226994828201896 ] ] ] } },
{ "type": "Feature", "properties": { "value": "2", "label": "AQHI 2", "color": "#0099cb", "timestamp": "2026-09-16 14:00:00", "generated_at": "2026-09-16T20:31:32.792111", "nearest_km": 40.489826234279732, "n_points": 3, "weight_sum": 0.0011104345214951843, "confidence": "Medium", "flagged": false }, "geometry": { "type": "Polygon", "coordinates": [ [ [ -118.001325097808831, 53.226994828201896 ], [ -117.901325097808837, 53.226994828201896 ], [ -117.901325097808837, 53.326994828201897 ], [ -118.001325097808831, 53.326994828201897 ], [ -118.001325097808831, 53.226994828201896 ] ] ] } },
{ "type": "Feature", "properties": { "value": "1", "label": "AQHI 1", "color": "#01cbff", "timestamp": "2026-09-16 14:00:00", "generated_at": "2026-09-16T20:31:32.792111", "nearest_km": 39.678368994453322, "n_points": 3, "weight_sum": 0.0012610082018940311, "confidence": "Medium", "flagged": false }, "geometry": { "type": "Polygon", "coordinates": [ [ [ -117.901325097808837, 53.226994828201896 ], [ -117.801325097808842, 53.226994828201896 ], [ -117.801325097808842, 53.326994828201897 ], [ -117.901325097808837, 53.326994828201897 ], [ -117.901325097808837, 53.226994828201896 ] ] ] } },
{ "type": "Feature", "properties": { "value": "1", "label": "AQHI 1", "color": "#01cbff", "timestamp": "2026-09-16 14:00:00", "generated_at": "2026-09-16T20:31:32.792111", "nearest_km": 30.28415711489226, "n_points": 3, "weight_sum": 0.0016366062734110608, "confidence": "Medium", "flagged": false }, "geometry": { "type": "Polygon", "coordinates": [ [ [ -117.801325097808842, 53.226994828201896 ], [ -117.701325097808848, 53.226994828201896 ], [ -117.701325097808848, 53.326994828201897 ], [ -117.801325097808842, 53.326994828201897 ], [ -117.801325097808842, 53.226994828201896 ] ] ] } },
{ "type": "Feature", "properties": { "value": "1", "label": "AQHI 1", "color": "#01cbff", "timestamp": "2026-09-16 14:00:00", "generated_at": "2026-09-16T20:31:32.792111", "nearest_km": 22.501275036293755, "n_points": 3, "weight_sum": 0.002480815432064539, "confidence": "High", "flagged": false }, "geometry": { "type": "Polygon", "coordinates": [ [ [ -117.701325097808848, 53.226994828201896 ], [ -117.601325097808854, 53.226994828201896 ], [ -117.601325097808854, 53.326994828201897 ], [ -117.701325097808848, 53.326994828201897 ], [ -117.701325097808848, 53.226994828201896 ] ] ] } },
{ "type": "Feature", "properties": { "value": "1", "label": "AQHI 1", "color": "#01cbff", "timestamp": "2026-09-16 14:00:00", "generated_at": "2026-09-16T20:31:32.792111", "nearest_km": 18.490662085451817, "n_points": 4, "weight_sum": 0.0034993891423562187, "confidence": "High", "flagged": false }, "geometry": { "type": "Polygon", "coordinates": [ [ [ -117.601325097808854, 53.226994828201896 ], [ -117.501325097808859, 53.226994828201896 ], [ -117.501325097808859, 53.326994828201897 ], [ -117.601325097808854, 53.326994828201897 ], [ -117.601325097808854, 53.226994828201896 ] ] ] } },
{ "type": "Feature", "properties": { "value": "1", "label": "AQHI 1", "color": "#01cbff", "timestamp": "2026-09-16 14:00:00", "generated_at": "2026-09-16T20:31:32.792111", "nearest_km": 20.589361098823975, "n_points": 4, "weight_sum": 0.0030480007614443663, "confidence": "High", "flagged": false }, "geometry": { "type": "Polygon", "coordinates": [ [ [ -117.501325097808859, 53.226994828201896 ], [ -117.401325097808865, 53.226994828201896 ], [ -117.401325097808865, 53.326994828201897 ], [ -117.501325097808859, 53.326994828201897 ], [ -117.501325097808859, 53.226994828201896 ] ] ] } },
{ "type": "Feature", "properties": { "value": "1", "label": "AQHI 1", "color": "#01cbff", "timestamp": "2026-09-16 14:00:00", "generated_at": "2026-09-16T20:31:32.792111", "nearest_km": 27.429163249307095, "n_points": 5, "weight_sum": 0.0023537221699040161, "confidence": "Medium", "flagged": false }, "geometry": { "type": "Polygon", "coordinates": [ [ [ -117.401325097808865, 53.226994828201896 ], [ -117.301325097808871, 53.226994828201896 ], [ -117.301325097808871, 53.326994828201897 ], [ -117.401325097808865, 53.326994828201897 ], [ -117.401325097808865, 53.226994828201896 ] ] ] } },
{ "type": "Feature", "properties": { "value": "2", "label": "AQHI 2", "color": "#0099cb", "timestamp": "2026-09-16 14:00:00", "generated_at": "2026-09-16T20:31:32.792111", "nearest_km": 25.582848738273157, "n_points": 5, "weight_sum": 0.0025247632056135611, "confidence": "Medium", "flagged": false }, "geometry": { "type": "Polygon", "coordinates": [ [ [ -117.301325097808871, 53.226994828201896 ], [ -117.201325097808876, 53.226994828201896 ], [ -117.201325097808876, 53.326994828201897 ], [ -117.301325097808871, 53.326994828201897 ], [ -117.301325097808871, 53.226994828201896 ] ] ] } },
{ "type": "Feature", "properties": { "value": "2", "label": "AQHI 2", "color": "#0099cb", "timestamp": "2026-09-16 14:00:00", "generated_at": "2026-09-16T20:31:32.792111", "nearest_km": 16.114669396073747, "n_points": 5, "weight_sum": 0.0045611939936011795, "confidence": "High", "flagged": false }, "geometry": { "type": "Polygon", "coordinates": [ [ [ -117.201325097808876, 53.226994828201896 ], [ -117.101325097808882, 53.226994828201896 ], [ -117.101325097808882, 53.326994828201897 ], [ -117.201325097808876, 53.326994828201897 ], [ -117.201325097808876, 53.226994828201896 ] ] ] } },
{ "type": "Feature", "properties": { "value": "2", "label": "AQHI 2", "color": "#0099cb", "timestamp": "2026-09-16 14:00:00", "generated_at": "2026-09-16T20:31:32.792111", "nearest_km": 10.550023219127016, "n_points": 5, "weight_sum": 0.0095523202142089886, "confidence": "High", "flagged": false }, "geometry": { "type": "Polygon", "coordinates": [ [ [ -117.101325097808882, 53.226994828201896 ], [ -117.001325097808888, 53.226994828201896 ], [ -117.001325097808888, 53.326994828201897 ], [ -117.101325097808882, 53.326994828201897 ], [ -117.101325097808882, 53.226994828201896 ] ] ] } },
{ "type": "Feature", "properties": { "value": "2", "label": "AQHI 2", "color": "#0099cb", "timestamp": "2026-09-16 14:00:00", "generated_at": "2026-09-16T20:31:32.792111", "nearest_km": 14.468704506743322, "n_points": 5, "weight_sum": 0.005278059945973323, "confidence": "High", "flagged": false }, "geometry": { "type": "Polygon", "coordinates": [ [ [ -117.001325097808888, 53.226994828201896 ], [ -116.901325097808893, 53.226994828201896 ], [ -116.901325097808893, 53.326994828201897 ], [ -117.001325097808888, 53.326994828201897 ], [ -117.001325097808888, 53.226994828201896 ] ] ] } },
{ "type": "Feature", "properties": { "value": "2", "label": "AQHI 2", "color": "#0099cb", "timestamp": "2026-09-16 14:00:00", "generated_at": "2026-09-16T20:31:32.792111", "nearest_km": 23.533036996587622, "n_points": 5, "weight_sum": 0.0022881152103870982, "confidence": "High", "flagged": false }, "geometry": { "type": "Polygon", "coordinates": [ [ [ -116.901325097808893, 53.226994828201896 ], [ -116.801325097808899, 53.226994828201896 ], [ -116.801325097808899, 53.326994828201897 ], [ -116.901325097808893, 53.326994828201897 ], [ -116.901325097808893, 53.226994828201896 ] ] ] } },
{ "type": "Feature", "properties": { "value": "2", "label": "AQHI 2", "color": "#0099cb", "timestamp": "2026-09-16 14:00:00", "generated_at": "2026-09-16T20:31:32.792111", "nearest_km": 33.833182683011678, "n_points": 5, "weight_sum": 0.0013743768681979264, "confidence": "Medium", "flagged": false }, "geometry": { "type": "Polygon", "coordinates": [ [ [ -116.801325097808899, 53.226994828201896 ], [ -116.701325097808905, 53.226994828201896 ], [ -116.701325097808905, 53.326994828201897 ], [ -116.801325097808899, 53.326994828201897 ], [ -116.801325097808899, 53.226994828201896 ] ] ] } },
{ "type": "Feature", "properties": { "value": "2", "label": "AQHI 2", "color": "#0099cb", "timestamp": "2026-09-16 14:00:00", "generated_at": "2026-09-16T20:31:32.792111", "nearest_km": 44.5194864148419, "n_points": 4, "weight_sum": 0.0010174538186351204, "confidence": "Medium", "flagged": false }, "geometry": { "type": "Polygon", "coordinates": [ [ [ -116.701325097808905, 53.226994828201896 ], [ -116.60132509780891, 53.226994828201896 ], [ -116.60132509780891, 53.326994828201897 ], [ -116.701325097808905, 53.326994828201897 ], [ -116.701325097808905, 53.226994828201896 ] ] ] } },
{ "type": "Feature", "properties": { "value": "2", "label": "AQHI 2", "color": "#0099cb", "timestamp": "2026-09-16 14:00:00", "generated_at": "2026-09-16T20:31:32.792111", "nearest_km": 46.817703825235874, "n_points": 4, "weight_sum": 0.00092165553464812445, "confidence": "Medium", "flagged": false }, "geometry": { "type": "Polygon", "coordinates": [ [ [ -116.60132509780891, 53.226994828201896 ], [ -116.501325097808916, 53.226994828201896 ], [ -116.501325097808916, 53.326994828201897 ], [ -116.60132509780891, 53.326994828201897 ], [ -116.60132509780891, 53.226994828201896 ] ] ] } },
{ "type": "Feature", "properties": { "value": "2", "label": "AQHI 2", "color": "#0099cb", "timestamp": "2026-09-16 14:00:00", "generated_at": "2026-09-16T20:31:32.792111", "nearest_km": 42.440613014503235, "n_points": 4, "weight_sum": 0.00090582903962447441, "confidence": "Medium", "flagged": false }, "geometry": { "type": "Polygon", "coordinates": [ [ [ -116.501325097808916, 53.226994828201896 ], [ -116.401325097808922, 53.226994828201896 ], [ -116.401325097808922, 53.326994828201897 ], [ -116.501325097808916, 53.326994828201897 ], [ -116.501325097808916, 53.226994828201896 ] ] ] } },
{ "type": "Feature", "properties": { "value": "2", "label": "AQHI 2", "color": "#0099cb", "timestamp": "2026-09-16 14:00:00", "generated_at": "2026-09-16T20:31:32.792111", "nearest_km": 40.705452639985573, "n_points": 4, "weight_sum": 0.00088079091901030059, "confidence": "Medium", "flagged": false }, "geometry": { "type": "Polygon", "coordinates": [ [ [ -116.401325097808922, 53.226994828201896 ], [ -116.301325097808927, 53.226994828201896 ], [ -116.301325097808927, 53.326994828201897 ], [ -116.401325097808922, 53.326994828201897 ], [ -116.401325097808922, 53.226994828201896 ] ] ] } },
{ "type": "Feature", "properties": { "value": "2", "label": "AQHI 2", "color": "#0099cb", "timestamp": "2026-09-16 14:00:00", "generated_at": "2026-09-16T20:31:32.792111", "nearest_km": 41.941412901872624, "n_points": 5, "weight_sum": 0.00084195063180443164, "confidence": "Medium", "flagged": false }, "geometry": { "type": "Polygon", "coordinates": [ [ [ -116.301325097808927, 53.226994828201896 ], [ -116.201325097808933, 53.226994828201896 ], [ -116.201325097808933, 53.326994828201897 ], [ -116.301325097808927, 53.326994828201897 ], [ -116.301325097808927, 53.226994828201896 ] ] ] } },
{ "type": "Feature", "properties": { "value": "2", "label": "AQHI 2", "color": "#0099cb", "timestamp": "2026-09-16 14:00:00", "generated_at": "2026-09-16T20:31:32.792111", "nearest_km": 45.909153311563031, "n_points": 4, "weight_sum": 0.00067732039678071953, "confidence": "Medium", "flagged": false }, "geometry": { "type": "Polygon", "coordinates": [ [ [ -116.201325097808933, 53.226994828201896 ], [ -116.101325097808939, 53.226994828201896 ], [ -116.101325097808939, 53.326994828201897 ], [ -116.201325097808933, 53.326994828201897 ], [ -116.201325097808933, 53.226994828201896 ] ] ] } },
{ "type": "Feature", "properties": { "value": "2", "label": "AQHI 2", "color": "#0099cb", "timestamp": "2026-09-16 14:00:00", "generated_at": "2026-09-16T20:31:32.792111", "nearest_km": 51.986907961176172, "n_points": 3, "weight_sum": 0.00051704736125636648, "confidence": "Medium", "flagged": false }, "geometry": { "type": "Polygon", "coordinates": [ [ [ -116.101325097808939, 53.226994828201896 ], [ -116.001325097808945, 53.226994828201896 ], [ -116.001325097808945, 53.326994828201897 ], [ -116.101325097808939, 53.326994828201897 ], [ -116.101325097808939, 53.226994828201896 ] ] ] } },
{ "type": "Feature", "properties": { "value": "2", "label": "AQHI 2", "color": "#0099cb", "timestamp": "2026-09-16 14:00:00", "generated_at": "2026-09-16T20:31:32.792111", "nearest_km": 59.531897676312795, "n_points": 3, "weight_sum": 0.00042831937307714299, "confidence": "Medium", "flagged": false }, "geometry": { "type": "Polygon", "coordinates": [ [ [ -116.001325097808945, 53.226994828201896 ], [ -115.90132509780895, 53.226994828201896 ], [ -115.90132509780895, 53.326994828201897 ], [ -116.001325097808945, 53.326994828201897 ], [ -116.001325097808945, 53.226994828201896 ] ] ] } },
{ "type": "Feature", "properties": { "value": "2", "label": "AQHI 2", "color": "#0099cb", "timestamp": "2026-09-16 14:00:00", "generated_at": "2026-09-16T20:31:32.792111", "nearest_km": 68.057880385170122, "n_points": 3, "weight_sum": 0.00036919174192790339, "confidence": "Medium", "flagged": false }, "geometry": { "type": "Polygon", "coordinates": [ [ [ -115.90132509780895, 53.226994828201896 ], [ -115.801325097808956, 53.226994828201896 ], [ -115.801325097808956, 53.326994828201897 ], [ -115.90132509780895, 53.326994828201897 ], [ -115.90132509780895, 53.226994828201896 ] ] ] } },
{ "type": "Feature", "properties": { "value": "2", "label": "AQHI 2", "color": "#0099cb", "timestamp": "2026-09-16 14:00:00", "generated_at": "2026-09-16T20:31:32.792111", "nearest_km": 77.240684383951731, "n_points": 3, "weight_sum": 0.00033745332330711598, "confidence": "Low", "flagged": false }, "geometry": { "type": "Polygon", "coordinates": [ [ [ -115.801325097808956, 53.226994828201896 ], [ -115.701325097808962, 53.226994828201896 ], [ -115.701325097808962, 53.326994828201897 ], [ -115.801325097808956, 53.326994828201897 ], [ -115.801325097808956, 53.226994828201896 ] ] ] } },
{ "type": "Feature", "properties": { "value": "2", "label": "AQHI 2", "color": "#0099cb", "timestamp": "2026-09-16 14:00:00", "generated_at": "2026-09-16T20:31:32.792111", "nearest_km": 79.692519894893806, "n_points": 2, "weight_sum": 0.00028996469533651014, "confidence": "Low", "flagged": false }, "geometry": { "type": "Polygon", "coordinates": [ [ [ -115.701325097808962, 53.226994828201896 ], [ -115.601325097808967, 53.226994828201896 ], [ -115.601325097808967, 53.326994828201897 ], [ -115.701325097808962, 53.326994828201897 ], [ -115.701325097808962, 53.226994828201896 ] ] ] } },
{ "type": "Feature", "properties": { "value": "2", "label": "AQHI 2", "color": "#0099cb", "timestamp": "2026-09-16 14:00:00", "generated_at": "2026-09-16T20:31:32.792111", "nearest_km": 68.593122211904614, "n_points": 2, "weight_sum": 0.00031921852321068562, "confidence": "Medium", "flagged": false }, "geometry": { "type": "Polygon", "coordinates": [ [ [ -115.601325097808967, 53.226994828201896 ], [ -115.501325097808973, 53.226994828201896 ], [ -115.501325097808973, 53.326994828201897 ], [ -115.601325097808967, 53.326994828201897 ], [ -115.601325097808967, 53.226994828201896 ] ] ] } },
{ "type": "Feature", "properties": { "value": "2", "label": "AQHI 2", "color": "#0099cb", "timestamp": "2026-09-16 14:00:00", "generated_at": "2026-09-16T20:31:32.792111", "nearest_km": 57.493957094258974, "n_points": 3, "weight_sum": 0.00043765158079713776, "confidence": "Medium", "flagged": false }, "geometry": { "type": "Polygon", "coordinates": [ [ [ -115.501325097808973, 53.226994828201896 ], [ -115.401325097808979, 53.226994828201896 ], [ -115.401325097808979, 53.326994828201897 ], [ -115.501325097808973, 53.326994828201897 ], [ -115.501325097808973, 53.226994828201896 ] ] ] } },
{ "type": "Feature", "properties": { "value": "2", "label": "AQHI 2", "color": "#0099cb", "timestamp": "2026-09-16 14:00:00", "generated_at": "2026-09-16T20:31:32.792111", "nearest_km": 46.395191452732156, "n_points": 3, "weight_sum": 0.00059323422306046495, "confidence": "Medium", "flagged": false }, "geometry": { "type": "Polygon", "coordinates": [ [ [ -115.401325097808979, 53.226994828201896 ], [ -115.301325097808984, 53.226994828201896 ], [ -115.301325097808984, 53.326994828201897 ], [ -115.401325097808979, 53.326994828201897 ], [ -115.401325097808979, 53.226994828201896 ] ] ] } },
{ "type": "Feature", "properties": { "value": "2", "label": "AQHI 2", "color": "#0099cb", "timestamp": "2026-09-16 14:00:00", "generated_at": "2026-09-16T20:31:32.792111", "nearest_km": 35.297202120208112, "n_points": 3, "weight_sum": 0.00093047042294604676, "confidence": "Medium", "flagged": false }, "geometry": { "type": "Polygon", "coordinates": [ [ [ -115.301325097808984, 53.226994828201896 ], [ -115.20132509780899, 53.226994828201896 ], [ -115.20132509780899, 53.326994828201897 ], [ -115.301325097808984, 53.326994828201897 ], [ -115.301325097808984, 53.226994828201896 ] ] ] } },
{ "type": "Feature", "properties": { "value": "2", "label": "AQHI 2", "color": "#0099cb", "timestamp": "2026-09-16 14:00:00", "generated_at": "2026-09-16T20:31:32.792111", "nearest_km": 24.201057106951925, "n_points": 3, "weight_sum": 0.0018401093126157576, "confidence": "High", "flagged": false }, "geometry": { "type": "Polygon", "coordinates": [ [ [ -115.20132509780899, 53.226994828201896 ], [ -115.101325097808996, 53.226994828201896 ], [ -115.101325097808996, 53.326994828201897 ], [ -115.20132509780899, 53.326994828201897 ], [ -115.20132509780899, 53.226994828201896 ] ] ] } },
{ "type": "Feature", "properties": { "value": "2", "label": "AQHI 2", "color": "#0099cb", "timestamp": "2026-09-16 14:00:00", "generated_at": "2026-09-16T20:31:32.792111", "nearest_km": 13.111439763544075, "n_points": 3, "weight_sum": 0.0059612460864591765, "confidence": "High", "flagged": false }, "geometry": { "type": "Polygon", "coordinates": [ [ [ -115.101325097808996, 53.226994828201896 ], [ -115.001325097809001, 53.226994828201896 ], [ -115.001325097809001, 53.326994828201897 ], [ -115.101325097808996, 53.326994828201897 ], [ -115.101325097808996, 53.226994828201896 ] ] ] } },
{ "type": "Feature", "properties": { "value": "2", "label": "AQHI 2", "color": "#0099cb", "timestamp": "2026-09-16 14:00:00", "generated_at": "2026-09-16T20:31:32.792111", "nearest_km": 2.132730703139305, "n_points": 3, "weight_sum": 0.22002635553678573, "confidence": "High", "flagged": false }, "geometry": { "type": "Polygon", "coordinates": [ [ [ -115.001325097809001, 53.226994828201896 ], [ -114.901325097809007, 53.226994828201896 ], [ -114.901325097809007, 53.326994828201897 ], [ -115.001325097809001, 53.326994828201897 ], [ -115.001325097809001, 53.226994828201896 ] ] ] } },
{ "type": "Feature", "properties": { "value": "2", "label": "AQHI 2", "color": "#0099cb", "timestamp": "2026-09-16 14:00:00", "generated_at": "2026-09-16T20:31:32.792111", "nearest_km": 9.1436988047044441, "n_points": 4, "weight_sum": 0.012227347594404404, "confidence": "High", "flagged": false }, "geometry": { "type": "Polygon", "coordinates": [ [ [ -114.901325097809007, 53.226994828201896 ], [ -114.801325097809013, 53.226994828201896 ], [ -114.801325097809013, 53.326994828201897 ], [ -114.901325097809007, 53.326994828201897 ], [ -114.901325097809007, 53.226994828201896 ] ] ] } },
{ "type": "Feature", "properties": { "value": "2", "label": "AQHI 2", "color": "#0099cb", "timestamp": "2026-09-16 14:00:00", "generated_at": "2026-09-16T20:31:32.792111", "nearest_km": 20.225872426428626, "n_points": 6, "weight_sum": 0.0028830769443633857, "confidence": "High", "flagged": false }, "geometry": { "type": "Polygon", "coordinates": [ [ [ -114.801325097809013, 53.226994828201896 ], [ -114.701325097809018, 53.226994828201896 ], [ -114.701325097809018, 53.326994828201897 ], [ -114.801325097809013, 53.326994828201897 ], [ -114.801325097809013, 53.226994828201896 ] ] ] } },
{ "type": "Feature", "properties": { "value": "2", "label": "AQHI 2", "color": "#0099cb", "timestamp": "2026-09-16 14:00:00", "generated_at": "2026-09-16T20:31:32.792111", "nearest_km": 31.320673731405428, "n_points": 8, "weight_sum": 0.0016917166088875424, "confidence": "Medium", "flagged": false }, "geometry": { "type": "Polygon", "coordinates": [ [ [ -114.701325097809018, 53.226994828201896 ], [ -114.601325097809024, 53.226994828201896 ], [ -114.601325097809024, 53.326994828201897 ], [ -114.701325097809018, 53.326994828201897 ], [ -114.701325097809018, 53.226994828201896 ] ] ] } },
{ "type": "Feature", "properties": { "value": "2", "label": "AQHI 2", "color": "#0099cb", "timestamp": "2026-09-16 14:00:00", "generated_at": "2026-09-16T20:31:32.792111", "nearest_km": 42.418195277122607, "n_points": 10, "weight_sum": 0.0015608692937445312, "confidence": "Medium", "flagged": false }, "geometry": { "type": "Polygon", "coordinates": [ [ [ -114.601325097809024, 53.226994828201896 ], [ -114.50132509780903, 53.226994828201896 ], [ -114.50132509780903, 53.326994828201897 ], [ -114.601325097809024, 53.326994828201897 ], [ -114.601325097809024, 53.226994828201896 ] ] ] } },
{ "type": "Feature", "properties": { "value": "2", "label": "AQHI 2", "color": "#0099cb", "timestamp": "2026-09-16 14:00:00", "generated_at": "2026-09-16T20:31:32.792111", "nearest_km": 34.554711982048552, "n_points": 13, "weight_sum": 0.0019449033433434747, "confidence": "Medium", "flagged": false }, "geometry": { "type": "Polygon", "coordinates": [ [ [ -114.50132509780903, 53.226994828201896 ], [ -114.401325097809035, 53.226994828201896 ], [ -114.401325097809035, 53.326994828201897 ], [ -114.50132509780903, 53.326994828201897 ], [ -114.50132509780903, 53.226994828201896 ] ] ] } },
{ "type": "Feature", "properties": { "value": "2", "label": "AQHI 2", "color": "#0099cb", "timestamp": "2026-09-16 14:00:00", "generated_at": "2026-09-16T20:31:32.792111", "nearest_km": 23.990996051463377, "n_points": 14, "weight_sum": 0.0029383699269674595, "confidence": "High", "flagged": false }, "geometry": { "type": "Polygon", "coordinates": [ [ [ -114.401325097809035, 53.226994828201896 ], [ -114.301325097809041, 53.226994828201896 ], [ -114.301325097809041, 53.326994828201897 ], [ -114.401325097809035, 53.326994828201897 ], [ -114.401325097809035, 53.226994828201896 ] ] ] } },
{ "type": "Feature", "properties": { "value": "2", "label": "AQHI 2", "color": "#0099cb", "timestamp": "2026-09-16 14:00:00", "generated_at": "2026-09-16T20:31:32.792111", "nearest_km": 14.266312169593954, "n_points": 14, "weight_sum": 0.0062648389000316499, "confidence": "High", "flagged": false }, "geometry": { "type": "Polygon", "coordinates": [ [ [ -114.301325097809041, 53.226994828201896 ], [ -114.201325097809047, 53.226994828201896 ], [ -114.201325097809047, 53.326994828201897 ], [ -114.301325097809041, 53.326994828201897 ], [ -114.301325097809041, 53.226994828201896 ] ] ] } },
{ "type": "Feature", "properties": { "value": "2", "label": "AQHI 2", "color": "#0099cb", "timestamp": "2026-09-16 14:00:00", "generated_at": "2026-09-16T20:31:32.792111", "nearest_km": 8.826518809771482, "n_points": 15, "weight_sum": 0.014488766573976332, "confidence": "High", "flagged": false }, "geometry": { "type": "Polygon", "coordinates": [ [ [ -114.201325097809047, 53.226994828201896 ], [ -114.101325097809053, 53.226994828201896 ], [ -114.101325097809053, 53.326994828201897 ], [ -114.201325097809047, 53.326994828201897 ], [ -114.201325097809047, 53.226994828201896 ] ] ] } },
{ "type": "Feature", "properties": { "value": "2", "label": "AQHI 2", "color": "#0099cb", "timestamp": "2026-09-16 14:00:00", "generated_at": "2026-09-16T20:31:32.792111", "nearest_km": 14.096354339976237, "n_points": 17, "weight_sum": 0.0071777791217180493, "confidence": "High", "flagged": false }, "geometry": { "type": "Polygon", "coordinates": [ [ [ -114.101325097809053, 53.226994828201896 ], [ -114.001325097809058, 53.226994828201896 ], [ -114.001325097809058, 53.326994828201897 ], [ -114.101325097809053, 53.326994828201897 ], [ -114.101325097809053, 53.226994828201896 ] ] ] } },
{ "type": "Feature", "properties": { "value": "2", "label": "AQHI 2", "color": "#0099cb", "timestamp": "2026-09-16 14:00:00", "generated_at": "2026-09-16T20:31:32.792111", "nearest_km": 23.789219765621908, "n_points": 18, "weight_sum": 0.0045681818842259747, "confidence": "High", "flagged": false }, "geometry": { "type": "Polygon", "coordinates": [ [ [ -114.001325097809058, 53.226994828201896 ], [ -113.901325097809064, 53.226994828201896 ], [ -113.901325097809064, 53.326994828201897 ], [ -114.001325097809058, 53.326994828201897 ], [ -114.001325097809058, 53.226994828201896 ] ] ] } },
{ "type": "Feature", "properties": { "value": "2", "label": "AQHI 2", "color": "#0099cb", "timestamp": "2026-09-16 14:00:00", "generated_at": "2026-09-16T20:31:32.792111", "nearest_km": 33.894952425251063, "n_points": 18, "weight_sum": 0.0045444988912879472, "confidence": "Medium", "flagged": false }, "geometry": { "type": "Polygon", "coordinates": [ [ [ -113.901325097809064, 53.226994828201896 ], [ -113.80132509780907, 53.226994828201896 ], [ -113.80132509780907, 53.326994828201897 ], [ -113.901325097809064, 53.326994828201897 ], [ -113.901325097809064, 53.226994828201896 ] ] ] } },
{ "type": "Feature", "properties": { "value": "2", "label": "AQHI 2", "color": "#0099cb", "timestamp": "2026-09-16 14:00:00", "generated_at": "2026-09-16T20:31:32.792111", "nearest_km": 30.423423080727655, "n_points": 18, "weight_sum": 0.0054308569550400856, "confidence": "Medium", "flagged": false }, "geometry": { "type": "Polygon", "coordinates": [ [ [ -113.80132509780907, 53.226994828201896 ], [ -113.701325097809075, 53.226994828201896 ], [ -113.701325097809075, 53.326994828201897 ], [ -113.80132509780907, 53.326994828201897 ], [ -113.80132509780907, 53.226994828201896 ] ] ] } },
{ "type": "Feature", "properties": { "value": "NA", "label": "No Data", "color": "#D3D3D3", "timestamp": "2026-09-16 14:00:00", "generated_at": "2026-09-16T20:31:32.792111", "nearest_km": 196.35831642918032, "n_points": 0, "weight_sum": 0.0, "confidence": "None", "flagged": false }, "geometry": { "type": "Polygon", "coordinates": [ [ [ -119.801325097808729, 53.326994828201897 ], [ -119.701325097808734, 53.326994828201897 ], [ -119.701325097808734, 53.426994828201899 ], [ -119.801325097808729, 53.426994828201899 ], [ -119.801325097808729, 53.326994828201897 ] ] ] } },
{ "type": "Feature", "properties": { "value": "NA", "label": "No Data", "color": "#D3D3D3", "timestamp": "2026-09-16 14:00:00", "generated_at": "2026-09-16T20:31:32.792111", "nearest_km": 185.65101554497912, "n_points": 0, "weight_sum": 0.0, "confidence": "None", "flagged": false }, "geometry": { "type": "Polygon", "coordinates": [ [ [ -119.701325097808734, 53.326994828201897 ], [ -119.60132509780874, 53.326994828201897 ], [ -119.60132509780874, 53.426994828201899 ], [ -119.701325097808734, 53.426994828201899 ], [ -119.701325097808734, 53.326994828201897 ] ] ] } },
{ "type": "Feature", "properties": { "value": "NA", "label": "No Data", "color": "#D3D3D3", "timestamp": "2026-09-16 14:00:00", "generated_at": "2026-09-16T20:31:32.792111", "nearest_km": 174.99265903134912, "n_points": 0, "weight_sum": 0.0, "confidence": "None", "flagged": false }, "geometry": { "type": "Polygon", "coordinates": [ [ [ -119.60132509780874, 53.326994828201897 ], [ -119.501325097808746, 53.326994828201897 ], [ -119.501325097808746, 53.426994828201899 ], [ -119.60132509780874, 53.426994828201899 ], [ -119.60132509780874, 53.326994828201897 ] ] ] } },
{ "type": "Feature", "properties": { "value": "NA", "label": "No Data", "color": "#D3D3D3", "timestamp": "2026-09-16 14:00:00", "generated_at": "2026-09-16T20:31:32.792111", "nearest_km": 164.39276704539628, "n_points": 0, "weight_sum": 0.0, "confidence": "None", "flagged": false }, "geometry": { "type": "Polygon", "coordinates": [ [ [ -119.501325097808746, 53.326994828201897 ], [ -119.401325097808751, 53.326994828201897 ], [ -119.401325097808751, 53.426994828201899 ], [ -119.501325097808746, 53.426994828201899 ], [ -119.501325097808746, 53.326994828201897 ] ] ] } },
{ "type": "Feature", "properties": { "value": "NA", "label": "No Data", "color": "#D3D3D3", "timestamp": "2026-09-16 14:00:00", "generated_at": "2026-09-16T20:31:32.792111", "nearest_km": 153.86342319999844, "n_points": 0, "weight_sum": 0.0, "confidence": "None", "flagged": false }, "geometry": { "type": "Polygon", "coordinates": [ [ [ -119.401325097808751, 53.326994828201897 ], [ -119.301325097808757, 53.326994828201897 ], [ -119.301325097808757, 53.426994828201899 ], [ -119.401325097808751, 53.426994828201899 ], [ -119.401325097808751, 53.326994828201897 ] ] ] } },
{ "type": "Feature", "properties": { "value": "2", "label": "AQHI 2", "color": "#0099cb", "timestamp": "2026-09-16 14:00:00", "generated_at": "2026-09-16T20:31:32.792111", "nearest_km": 143.42016643694734, "n_points": 1, "weight_sum": 4.8616037203460666e-05, "confidence": "Low", "flagged": false }, "geometry": { "type": "Polygon", "coordinates": [ [ [ -119.301325097808757, 53.326994828201897 ], [ -119.201325097808763, 53.326994828201897 ], [ -119.201325097808763, 53.426994828201899 ], [ -119.301325097808757, 53.426994828201899 ], [ -119.301325097808757, 53.326994828201897 ] ] ] } },
{ "type": "Feature", "properties": { "value": "2", "label": "AQHI 2", "color": "#0099cb", "timestamp": "2026-09-16 14:00:00", "generated_at": "2026-09-16T20:31:32.792111", "nearest_km": 133.08326447296636, "n_points": 1, "weight_sum": 5.6461590677384175e-05, "confidence": "Low", "flagged": false }, "geometry": { "type": "Polygon", "coordinates": [ [ [ -119.201325097808763, 53.326994828201897 ], [ -119.101325097808768, 53.326994828201897 ], [ -119.101325097808768, 53.426994828201899 ], [ -119.201325097808763, 53.426994828201899 ], [ -119.201325097808763, 53.326994828201897 ] ] ] } },
{ "type": "Feature", "properties": { "value": "2", "label": "AQHI 2", "color": "#0099cb", "timestamp": "2026-09-16 14:00:00", "generated_at": "2026-09-16T20:31:32.792111", "nearest_km": 122.87956064684359, "n_points": 1, "weight_sum": 6.622785667370638e-05, "confidence": "Low", "flagged": false }, "geometry": { "type": "Polygon", "coordinates": [ [ [ -119.101325097808768, 53.326994828201897 ], [ -119.001325097808774, 53.326994828201897 ], [ -119.001325097808774, 53.426994828201899 ], [ -119.101325097808768, 53.426994828201899 ], [ -119.101325097808768, 53.326994828201897 ] ] ] } },
{ "type": "Feature", "properties": { "value": "2", "label": "AQHI 2", "color": "#0099cb", "timestamp": "2026-09-16 14:00:00", "generated_at": "2026-09-16T20:31:32.792111", "nearest_km": 112.84519292704093, "n_points": 1, "weight_sum": 7.8529688228014339e-05, "confidence": "Low", "flagged": false }, "geometry": { "type": "Polygon", "coordinates": [ [ [ -119.001325097808774, 53.326994828201897 ], [ -118.90132509780878, 53.326994828201897 ], [ -118.90132509780878, 53.426994828201899 ], [ -119.001325097808774, 53.426994828201899 ], [ -119.001325097808774, 53.326994828201897 ] ] ] } },
{ "type": "Feature", "properties": { "value": "2", "label": "AQHI 2", "color": "#0099cb", "timestamp": "2026-09-16 14:00:00", "generated_at": "2026-09-16T20:31:32.792111", "nearest_km": 103.02964965834269, "n_points": 2, "weight_sum": 0.00014090226338595748, "confidence": "Low", "flagged": false }, "geometry": { "type": "Polygon", "coordinates": [ [ [ -118.90132509780878, 53.326994828201897 ], [ -118.801325097808785, 53.326994828201897 ], [ -118.801325097808785, 53.426994828201899 ], [ -118.90132509780878, 53.426994828201899 ], [ -118.90132509780878, 53.326994828201897 ] ] ] } },
{ "type": "Feature", "properties": { "value": "2", "label": "AQHI 2", "color": "#0099cb", "timestamp": "2026-09-16 14:00:00", "generated_at": "2026-09-16T20:31:32.792111", "nearest_km": 93.501870840644429, "n_points": 2, "weight_sum": 0.00016904743068277053, "confidence": "Low", "flagged": false }, "geometry": { "type": "Polygon", "coordinates": [ [ [ -118.801325097808785, 53.326994828201897 ], [ -118.701325097808791, 53.326994828201897 ], [ -118.701325097808791, 53.426994828201899 ], [ -118.801325097808785, 53.426994828201899 ], [ -118.801325097808785, 53.326994828201897 ] ] ] } },
{ "type": "Feature", "properties": { "value": "2", "label": "AQHI 2", "color": "#0099cb", "timestamp": "2026-09-16 14:00:00", "generated_at": "2026-09-16T20:31:32.792111", "nearest_km": 84.359415554401764, "n_points": 2, "weight_sum": 0.00020537660648155249, "confidence": "Low", "flagged": false }, "geometry": { "type": "Polygon", "coordinates": [ [ [ -118.701325097808791, 53.326994828201897 ], [ -118.601325097808797, 53.326994828201897 ], [ -118.601325097808797, 53.426994828201899 ], [ -118.701325097808791, 53.426994828201899 ], [ -118.701325097808791, 53.326994828201897 ] ] ] } },
{ "type": "Feature", "properties": { "value": "2", "label": "AQHI 2", "color": "#0099cb", "timestamp": "2026-09-16 14:00:00", "generated_at": "2026-09-16T20:31:32.792111", "nearest_km": 75.741944354894315, "n_points": 2, "weight_sum": 0.00025250032003338159, "confidence": "Low", "flagged": false }, "geometry": { "type": "Polygon", "coordinates": [ [ [ -118.601325097808797, 53.326994828201897 ], [ -118.501325097808802, 53.326994828201897 ], [ -118.501325097808802, 53.426994828201899 ], [ -118.601325097808797, 53.426994828201899 ], [ -118.601325097808797, 53.326994828201897 ] ] ] } },
{ "type": "Feature", "properties": { "value": "2", "label": "AQHI 2", "color": "#0099cb", "timestamp": "2026-09-16 14:00:00", "generated_at": "2026-09-16T20:31:32.792111", "nearest_km": 67.849784646965105, "n_points": 2, "weight_sum": 0.00031330673894636993, "confidence": "Medium", "flagged": false }, "geometry": { "type": "Polygon", "coordinates": [ [ [ -118.501325097808802, 53.326994828201897 ], [ -118.401325097808808, 53.326994828201897 ], [ -118.401325097808808, 53.426994828201899 ], [ -118.501325097808802, 53.426994828201899 ], [ -118.501325097808802, 53.326994828201897 ] ] ] } },
{ "type": "Feature", "properties": { "value": "2", "label": "AQHI 2", "color": "#0099cb", "timestamp": "2026-09-16 14:00:00", "generated_at": "2026-09-16T20:31:32.792111", "nearest_km": 60.965272234438089, "n_points": 3, "weight_sum": 0.00043620545498354227, "confidence": "Medium", "flagged": false }, "geometry": { "type": "Polygon", "coordinates": [ [ [ -118.401325097808808, 53.326994828201897 ], [ -118.301325097808814, 53.326994828201897 ], [ -118.301325097808814, 53.426994828201899 ], [ -118.401325097808808, 53.426994828201899 ], [ -118.401325097808808, 53.326994828201897 ] ] ] } },
{ "type": "Feature", "properties": { "value": "2", "label": "AQHI 2", "color": "#0099cb", "timestamp": "2026-09-16 14:00:00", "generated_at": "2026-09-16T20:31:32.792111", "nearest_km": 55.464903863603027, "n_points": 3, "weight_sum": 0.00053576251861846942, "confidence": "Medium", "flagged": false }, "geometry": { "type": "Polygon", "coordinates": [ [ [ -118.301325097808814, 53.326994828201897 ], [ -118.201325097808819, 53.326994828201897 ], [ -118.201325097808819, 53.426994828201899 ], [ -118.301325097808814, 53.426994828201899 ], [ -118.301325097808814, 53.326994828201897 ] ] ] } },
{ "type": "Feature", "properties": { "value": "2", "label": "AQHI 2", "color": "#0099cb", "timestamp": "2026-09-16 14:00:00", "generated_at": "2026-09-16T20:31:32.792111", "nearest_km": 51.791569802220486, "n_points": 3, "weight_sum": 0.00064768877648189028, "confidence": "Medium", "flagged": false }, "geometry": { "type": "Polygon", "coordinates": [ [ [ -118.201325097808819, 53.326994828201897 ], [ -118.101325097808825, 53.326994828201897 ], [ -118.101325097808825, 53.426994828201899 ], [ -118.201325097808819, 53.426994828201899 ], [ -118.201325097808819, 53.326994828201897 ] ] ] } },
{ "type": "Feature", "properties": { "value": "2", "label": "AQHI 2", "color": "#0099cb", "timestamp": "2026-09-16 14:00:00", "generated_at": "2026-09-16T20:31:32.792111", "nearest_km": 50.346775910258636, "n_points": 3, "weight_sum": 0.00077033627906423628, "confidence": "Medium", "flagged": false }, "geometry": { "type": "Polygon", "coordinates": [ [ [ -118.101325097808825, 53.326994828201897 ], [ -118.001325097808831, 53.326994828201897 ], [ -118.001325097808831, 53.426994828201899 ], [ -118.101325097808825, 53.426994828201899 ], [ -118.101325097808825, 53.326994828201897 ] ] ] } },
{ "type": "Feature", "properties": { "value": "2", "label": "AQHI 2", "color": "#0099cb", "timestamp": "2026-09-16 14:00:00", "generated_at": "2026-09-16T20:31:32.792111", "nearest_km": 46.827610790169473, "n_points": 3, "weight_sum": 0.0009294204762602472, "confidence": "Medium", "flagged": false }, "geometry": { "type": "Polygon", "coordinates": [ [ [ -118.001325097808831, 53.326994828201897 ], [ -117.901325097808837, 53.326994828201897 ], [ -117.901325097808837, 53.426994828201899 ], [ -118.001325097808831, 53.426994828201899 ], [ -118.001325097808831, 53.326994828201897 ] ] ] } },
{ "type": "Feature", "properties": { "value": "1", "label": "AQHI 1", "color": "#01cbff", "timestamp": "2026-09-16 14:00:00", "generated_at": "2026-09-16T20:31:32.792111", "nearest_km": 35.904906884924642, "n_points": 3, "weight_sum": 0.0012282917471107451, "confidence": "Medium", "flagged": false }, "geometry": { "type": "Polygon", "coordinates": [ [ [ -117.901325097808837, 53.326994828201897 ], [ -117.801325097808842, 53.326994828201897 ], [ -117.801325097808842, 53.426994828201899 ], [ -117.901325097808837, 53.426994828201899 ], [ -117.901325097808837, 53.326994828201897 ] ] ] } },
{ "type": "Feature", "properties": { "value": "1", "label": "AQHI 1", "color": "#01cbff", "timestamp": "2026-09-16 14:00:00", "generated_at": "2026-09-16T20:31:32.792111", "nearest_km": 25.138009955336443, "n_points": 3, "weight_sum": 0.0020122257088361281, "confidence": "Medium", "flagged": false }, "geometry": { "type": "Polygon", "coordinates": [ [ [ -117.801325097808842, 53.326994828201897 ], [ -117.701325097808848, 53.326994828201897 ], [ -117.701325097808848, 53.426994828201899 ], [ -117.801325097808842, 53.426994828201899 ], [ -117.801325097808842, 53.326994828201897 ] ] ] } },
{ "type": "Feature", "properties": { "value": "1", "label": "AQHI 1", "color": "#01cbff", "timestamp": "2026-09-16 14:00:00", "generated_at": "2026-09-16T20:31:32.792111", "nearest_km": 14.86932246654335, "n_points": 4, "weight_sum": 0.0049931054972346903, "confidence": "High", "flagged": false }, "geometry": { "type": "Polygon", "coordinates": [ [ [ -117.701325097808848, 53.326994828201897 ], [ -117.601325097808854, 53.326994828201897 ], [ -117.601325097808854, 53.426994828201899 ], [ -117.701325097808848, 53.426994828201899 ], [ -117.701325097808848, 53.326994828201897 ] ] ] } },
{ "type": "Feature", "properties": { "value": "1", "label": "AQHI 1", "color": "#01cbff", "timestamp": "2026-09-16 14:00:00", "generated_at": "2026-09-16T20:31:32.792111", "nearest_km": 7.5295389442833507, "n_points": 5, "weight_sum": 0.018191705628749864, "confidence": "High", "flagged": false }, "geometry": { "type": "Polygon", "coordinates": [ [ [ -117.601325097808854, 53.326994828201897 ], [ -117.501325097808859, 53.326994828201897 ], [ -117.501325097808859, 53.426994828201899 ], [ -117.601325097808854, 53.426994828201899 ], [ -117.601325097808854, 53.326994828201897 ] ] ] } },
{ "type": "Feature", "properties": { "value": "1", "label": "AQHI 1", "color": "#01cbff", "timestamp": "2026-09-16 14:00:00", "generated_at": "2026-09-16T20:31:32.792111", "nearest_km": 11.777570327231352, "n_points": 5, "weight_sum": 0.0078620794498568489, "confidence": "High", "flagged": false }, "geometry": { "type": "Polygon", "coordinates": [ [ [ -117.501325097808859, 53.326994828201897 ], [ -117.401325097808865, 53.326994828201897 ], [ -117.401325097808865, 53.426994828201899 ], [ -117.501325097808859, 53.426994828201899 ], [ -117.501325097808859, 53.326994828201897 ] ] ] } },
{ "type": "Feature", "properties": { "value": "1", "label": "AQHI 1", "color": "#01cbff", "timestamp": "2026-09-16 14:00:00", "generated_at": "2026-09-16T20:31:32.792111", "nearest_km": 21.613615359588806, "n_points": 5, "weight_sum": 0.0029940653996499882, "confidence": "High", "flagged": false }, "geometry": { "type": "Polygon", "coordinates": [ [ [ -117.401325097808865, 53.326994828201897 ], [ -117.301325097808871, 53.326994828201897 ], [ -117.301325097808871, 53.426994828201899 ], [ -117.401325097808865, 53.426994828201899 ], [ -117.401325097808865, 53.326994828201897 ] ] ] } },
{ "type": "Feature", "properties": { "value": "2", "label": "AQHI 2", "color": "#0099cb", "timestamp": "2026-09-16 14:00:00", "generated_at": "2026-09-16T20:31:32.792111", "nearest_km": 31.789090978203234, "n_points": 5, "weight_sum": 0.0021962359077137917, "confidence": "Medium", "flagged": false }, "geometry": { "type": "Polygon", "coordinates": [ [ [ -117.301325097808871, 53.326994828201897 ], [ -117.201325097808876, 53.326994828201897 ], [ -117.201325097808876, 53.426994828201899 ], [ -117.301325097808871, 53.426994828201899 ], [ -117.301325097808871, 53.326994828201897 ] ] ] } },
{ "type": "Feature", "properties": { "value": "2", "label": "AQHI 2", "color": "#0099cb", "timestamp": "2026-09-16 14:00:00", "generated_at": "2026-09-16T20:31:32.792111", "nearest_km": 24.814244405177316, "n_points": 5, "weight_sum": 0.0024166978607070106, "confidence": "High", "flagged": false }, "geometry": { "type": "Polygon", "coordinates": [ [ [ -117.201325097808876, 53.326994828201897 ], [ -117.101325097808882, 53.326994828201897 ], [ -117.101325097808882, 53.426994828201899 ], [ -117.201325097808876, 53.426994828201899 ], [ -117.201325097808876, 53.326994828201897 ] ] ] } },
{ "type": "Feature", "properties": { "value": "2", "label": "AQHI 2", "color": "#0099cb", "timestamp": "2026-09-16 14:00:00", "generated_at": "2026-09-16T20:31:32.792111", "nearest_km": 21.618675851662079, "n_points": 5, "weight_sum": 0.0027570326344710586, "confidence": "High", "flagged": false }, "geometry": { "type": "Polygon", "coordinates": [ [ [ -117.101325097808882, 53.326994828201897 ], [ -117.001325097808888, 53.326994828201897 ], [ -117.001325097808888, 53.426994828201899 ], [ -117.101325097808882, 53.426994828201899 ], [ -117.101325097808882, 53.326994828201897 ] ] ] } },
{ "type": "Feature", "properties": { "value": "2", "label": "AQHI 2", "color": "#0099cb", "timestamp": "2026-09-16 14:00:00", "generated_at": "2026-09-16T20:31:32.792111", "nearest_km": 23.778300312650028, "n_points": 5, "weight_sum": 0.0023151633443606696, "confidence": "High", "flagged": false }, "geometry": { "type": "Polygon", "coordinates": [ [ [ -117.001325097808888, 53.326994828201897 ], [ -116.901325097808893, 53.326994828201897 ], [ -116.901325097808893, 53.426994828201899 ], [ -117.001325097808888, 53.426994828201899 ], [ -117.001325097808888, 53.326994828201897 ] ] ] } },
{ "type": "Feature", "properties": { "value": "2", "label": "AQHI 2", "color": "#0099cb", "timestamp": "2026-09-16 14:00:00", "generated_at": "2026-09-16T20:31:32.792111", "nearest_km": 30.164018066860386, "n_points": 5, "weight_sum": 0.001638080346027668, "confidence": "Medium", "flagged": false }, "geometry": { "type": "Polygon", "coordinates": [ [ [ -116.901325097808893, 53.326994828201897 ], [ -116.801325097808899, 53.326994828201897 ], [ -116.801325097808899, 53.426994828201899 ], [ -116.901325097808893, 53.426994828201899 ], [ -116.901325097808893, 53.326994828201897 ] ] ] } },
{ "type": "Feature", "properties": { "value": "2", "label": "AQHI 2", "color": "#0099cb", "timestamp": "2026-09-16 14:00:00", "generated_at": "2026-09-16T20:31:32.792111", "nearest_km": 38.739494138632722, "n_points": 4, "weight_sum": 0.0012098062919478445, "confidence": "Medium", "flagged": false }, "geometry": { "type": "Polygon", "coordinates": [ [ [ -116.801325097808899, 53.326994828201897 ], [ -116.701325097808905, 53.326994828201897 ], [ -116.701325097808905, 53.426994828201899 ], [ -116.801325097808899, 53.426994828201899 ], [ -116.801325097808899, 53.326994828201897 ] ] ] } },
{ "type": "Feature", "properties": { "value": "2", "label": "AQHI 2", "color": "#0099cb", "timestamp": "2026-09-16 14:00:00", "generated_at": "2026-09-16T20:31:32.792111", "nearest_km": 45.263711506495561, "n_points": 4, "weight_sum": 0.001089621360766386, "confidence": "Medium", "flagged": false }, "geometry": { "type": "Polygon", "coordinates": [ [ [ -116.701325097808905, 53.326994828201897 ], [ -116.60132509780891, 53.326994828201897 ], [ -116.60132509780891, 53.426994828201899 ], [ -116.701325097808905, 53.426994828201899 ], [ -116.701325097808905, 53.326994828201897 ] ] ] } },
{ "type": "Feature", "properties": { "value": "2", "label": "AQHI 2", "color": "#0099cb", "timestamp": "2026-09-16 14:00:00", "generated_at": "2026-09-16T20:31:32.792111", "nearest_km": 37.572487553030093, "n_points": 4, "weight_sum": 0.0011526786252752945, "confidence": "Medium", "flagged": false }, "geometry": { "type": "Polygon", "coordinates": [ [ [ -116.60132509780891, 53.326994828201897 ], [ -116.501325097808916, 53.326994828201897 ], [ -116.501325097808916, 53.426994828201899 ], [ -116.60132509780891, 53.426994828201899 ], [ -116.60132509780891, 53.326994828201897 ] ] ] } },
{ "type": "Feature", "properties": { "value": "2", "label": "AQHI 2", "color": "#0099cb", "timestamp": "2026-09-16 14:00:00", "generated_at": "2026-09-16T20:31:32.792111", "nearest_km": 31.953091595367059, "n_points": 4, "weight_sum": 0.0013244131112803207, "confidence": "Medium", "flagged": false }, "geometry": { "type": "Polygon", "coordinates": [ [ [ -116.501325097808916, 53.326994828201897 ], [ -116.401325097808922, 53.326994828201897 ], [ -116.401325097808922, 53.426994828201899 ], [ -116.501325097808916, 53.426994828201899 ], [ -116.501325097808916, 53.326994828201897 ] ] ] } },
{ "type": "Feature", "properties": { "value": "2", "label": "AQHI 2", "color": "#0099cb", "timestamp": "2026-09-16 14:00:00", "generated_at": "2026-09-16T20:31:32.792111", "nearest_km": 29.609598174936519, "n_points": 4, "weight_sum": 0.0014184458491983683, "confidence": "Medium", "flagged": false }, "geometry": { "type": "Polygon", "coordinates": [ [ [ -116.401325097808922, 53.326994828201897 ], [ -116.301325097808927, 53.326994828201897 ], [ -116.301325097808927, 53.426994828201899 ], [ -116.401325097808922, 53.426994828201899 ], [ -116.401325097808922, 53.326994828201897 ] ] ] } },
{ "type": "Feature", "properties": { "value": "2", "label": "AQHI 2", "color": "#0099cb", "timestamp": "2026-09-16 14:00:00", "generated_at": "2026-09-16T20:31:32.792111", "nearest_km": 31.287002823224594, "n_points": 5, "weight_sum": 0.0012978114367771494, "confidence": "Medium", "flagged": false }, "geometry": { "type": "Polygon", "coordinates": [ [ [ -116.301325097808927, 53.326994828201897 ], [ -116.201325097808933, 53.326994828201897 ], [ -116.201325097808933, 53.426994828201899 ], [ -116.301325097808927, 53.426994828201899 ], [ -116.301325097808927, 53.326994828201897 ] ] ] } },
{ "type": "Feature", "properties": { "value": "2", "label": "AQHI 2", "color": "#0099cb", "timestamp": "2026-09-16 14:00:00", "generated_at": "2026-09-16T20:31:32.792111", "nearest_km": 36.434115705471633, "n_points": 4, "weight_sum": 0.00095915924712848782, "confidence": "Medium", "flagged": false }, "geometry": { "type": "Polygon", "coordinates": [ [ [ -116.201325097808933, 53.326994828201897 ], [ -116.101325097808939, 53.326994828201897 ], [ -116.101325097808939, 53.426994828201899 ], [ -116.201325097808933, 53.426994828201899 ], [ -116.201325097808933, 53.326994828201897 ] ] ] } },
{ "type": "Feature", "properties": { "value": "2", "label": "AQHI 2", "color": "#0099cb", "timestamp": "2026-09-16 14:00:00", "generated_at": "2026-09-16T20:31:32.792111", "nearest_km": 43.84555882662346, "n_points": 4, "weight_sum": 0.00071368835711772783, "confidence": "Medium", "flagged": false }, "geometry": { "type": "Polygon", "coordinates": [ [ [ -116.101325097808939, 53.326994828201897 ], [ -116.001325097808945, 53.326994828201897 ], [ -116.001325097808945, 53.426994828201899 ], [ -116.101325097808939, 53.426994828201899 ], [ -116.101325097808939, 53.326994828201897 ] ] ] } },
{ "type": "Feature", "properties": { "value": "2", "label": "AQHI 2", "color": "#0099cb", "timestamp": "2026-09-16 14:00:00", "generated_at": "2026-09-16T20:31:32.792111", "nearest_km": 52.572248101047315, "n_points": 4, "weight_sum": 0.00055074109155443243, "confidence": "Medium", "flagged": false }, "geometry": { "type": "Polygon", "coordinates": [ [ [ -116.001325097808945, 53.326994828201897 ], [ -115.90132509780895, 53.326994828201897 ], [ -115.90132509780895, 53.426994828201899 ], [ -116.001325097808945, 53.426994828201899 ], [ -116.001325097808945, 53.326994828201897 ] ] ] } },
{ "type": "Feature", "properties": { "value": "2", "label": "AQHI 2", "color": "#0099cb", "timestamp": "2026-09-16 14:00:00", "generated_at": "2026-09-16T20:31:32.792111", "nearest_km": 62.061820082698354, "n_points": 3, "weight_sum": 0.00041050687139285061, "confidence": "Medium", "flagged": false }, "geometry": { "type": "Polygon", "coordinates": [ [ [ -115.90132509780895, 53.326994828201897 ], [ -115.801325097808956, 53.326994828201897 ], [ -115.801325097808956, 53.426994828201899 ], [ -115.90132509780895, 53.426994828201899 ], [ -115.90132509780895, 53.326994828201897 ] ] ] } },
{ "type": "Feature", "properties": { "value": "2", "label": "AQHI 2", "color": "#0099cb", "timestamp": "2026-09-16 14:00:00", "generated_at": "2026-09-16T20:31:32.792111", "nearest_km": 72.013316501577251, "n_points": 3, "weight_sum": 0.00035981559937886347, "confidence": "Medium", "flagged": false }, "geometry": { "type": "Polygon", "coordinates": [ [ [ -115.801325097808956, 53.326994828201897 ], [ -115.701325097808962, 53.326994828201897 ], [ -115.701325097808962, 53.426994828201899 ], [ -115.801325097808956, 53.426994828201899 ], [ -115.801325097808956, 53.326994828201897 ] ] ] } },
{ "type": "Feature", "properties": { "value": "2", "label": "AQHI 2", "color": "#0099cb", "timestamp": "2026-09-16 14:00:00", "generated_at": "2026-09-16T20:31:32.792111", "nearest_km": 80.568023356994203, "n_points": 2, "weight_sum": 0.00030183958174936671, "confidence": "Low", "flagged": false }, "geometry": { "type": "Polygon", "coordinates": [ [ [ -115.701325097808962, 53.326994828201897 ], [ -115.601325097808967, 53.326994828201897 ], [ -115.601325097808967, 53.426994828201899 ], [ -115.701325097808962, 53.426994828201899 ], [ -115.701325097808962, 53.326994828201897 ] ] ] } },
{ "type": "Feature", "properties": { "value": "2", "label": "AQHI 2", "color": "#0099cb", "timestamp": "2026-09-16 14:00:00", "generated_at": "2026-09-16T20:31:32.792111", "nearest_km": 69.608369290139237, "n_points": 2, "weight_sum": 0.00032274916369203453, "confidence": "Medium", "flagged": false }, "geometry": { "type": "Polygon", "coordinates": [ [ [ -115.601325097808967, 53.326994828201897 ], [ -115.501325097808973, 53.326994828201897 ], [ -115.501325097808973, 53.426994828201899 ], [ -115.601325097808967, 53.426994828201899 ], [ -115.601325097808967, 53.326994828201897 ] ] ] } },
{ "type": "Feature", "properties": { "value": "2", "label": "AQHI 2", "color": "#0099cb", "timestamp": "2026-09-16 14:00:00", "generated_at": "2026-09-16T20:31:32.792111", "nearest_km": 58.70148007343262, "n_points": 3, "weight_sum": 0.0004318893880638247, "confidence": "Medium", "flagged": false }, "geometry": { "type": "Polygon", "coordinates": [ [ [ -115.501325097808973, 53.326994828201897 ], [ -115.401325097808979, 53.326994828201897 ], [ -115.401325097808979, 53.426994828201899 ], [ -115.501325097808973, 53.426994828201899 ], [ -115.501325097808973, 53.326994828201897 ] ] ] } },
{ "type": "Feature", "properties": { "value": "2", "label": "AQHI 2", "color": "#0099cb", "timestamp": "2026-09-16 14:00:00", "generated_at": "2026-09-16T20:31:32.792111", "nearest_km": 47.88342563341503, "n_points": 3, "weight_sum": 0.00056939762104408391, "confidence": "Medium", "flagged": false }, "geometry": { "type": "Polygon", "coordinates": [ [ [ -115.401325097808979, 53.326994828201897 ], [ -115.301325097808984, 53.326994828201897 ], [ -115.301325097808984, 53.426994828201899 ], [ -115.401325097808979, 53.426994828201899 ], [ -115.401325097808979, 53.326994828201897 ] ] ] } },
{ "type": "Feature", "properties": { "value": "2", "label": "AQHI 2", "color": "#0099cb", "timestamp": "2026-09-16 14:00:00", "generated_at": "2026-09-16T20:31:32.792111", "nearest_km": 37.231722199892133, "n_points": 3, "weight_sum": 0.00085262434073586461, "confidence": "Medium", "flagged": false }, "geometry": { "type": "Polygon", "coordinates": [ [ [ -115.301325097808984, 53.326994828201897 ], [ -115.20132509780899, 53.326994828201897 ], [ -115.20132509780899, 53.426994828201899 ], [ -115.301325097808984, 53.426994828201899 ], [ -115.301325097808984, 53.326994828201897 ] ] ] } },
{ "type": "Feature", "properties": { "value": "2", "label": "AQHI 2", "color": "#0099cb", "timestamp": "2026-09-16 14:00:00", "generated_at": "2026-09-16T20:31:32.792111", "nearest_km": 26.944383933374034, "n_points": 3, "weight_sum": 0.0015128283490281128, "confidence": "Medium", "flagged": false }, "geometry": { "type": "Polygon", "coordinates": [ [ [ -115.20132509780899, 53.326994828201897 ], [ -115.101325097808996, 53.326994828201897 ], [ -115.101325097808996, 53.426994828201899 ], [ -115.20132509780899, 53.426994828201899 ], [ -115.20132509780899, 53.326994828201897 ] ] ] } },
{ "type": "Feature", "properties": { "value": "2", "label": "AQHI 2", "color": "#0099cb", "timestamp": "2026-09-16 14:00:00", "generated_at": "2026-09-16T20:31:32.792111", "nearest_km": 17.669706084939875, "n_points": 3, "weight_sum": 0.0033494897563845173, "confidence": "High", "flagged": false }, "geometry": { "type": "Polygon", "coordinates": [ [ [ -115.101325097808996, 53.326994828201897 ], [ -115.001325097809001, 53.326994828201897 ], [ -115.001325097809001, 53.426994828201899 ], [ -115.101325097808996, 53.426994828201899 ], [ -115.101325097808996, 53.326994828201897 ] ] ] } },
{ "type": "Feature", "properties": { "value": "2", "label": "AQHI 2", "color": "#0099cb", "timestamp": "2026-09-16 14:00:00", "generated_at": "2026-09-16T20:31:32.792111", "nearest_km": 12.03566370032121, "n_points": 3, "weight_sum": 0.0070815232711280568, "confidence": "High", "flagged": false }, "geometry": { "type": "Polygon", "coordinates": [ [ [ -115.001325097809001, 53.326994828201897 ], [ -114.901325097809007, 53.326994828201897 ], [ -114.901325097809007, 53.426994828201899 ], [ -115.001325097809001, 53.426994828201899 ], [ -115.001325097809001, 53.326994828201897 ] ] ] } },
{ "type": "Feature", "properties": { "value": "2", "label": "AQHI 2", "color": "#0099cb", "timestamp": "2026-09-16 14:00:00", "generated_at": "2026-09-16T20:31:32.792111", "nearest_km": 14.963819308126855, "n_points": 4, "weight_sum": 0.0047383202477959971, "confidence": "High", "flagged": false }, "geometry": { "type": "Polygon", "coordinates": [ [ [ -114.901325097809007, 53.326994828201897 ], [ -114.801325097809013, 53.326994828201897 ], [ -114.801325097809013, 53.426994828201899 ], [ -114.901325097809007, 53.426994828201899 ], [ -114.901325097809007, 53.326994828201897 ] ] ] } },
{ "type": "Feature", "properties": { "value": "2", "label": "AQHI 2", "color": "#0099cb", "timestamp": "2026-09-16 14:00:00", "generated_at": "2026-09-16T20:31:32.792111", "nearest_km": 23.439167559136617, "n_points": 7, "weight_sum": 0.0023142583587595152, "confidence": "High", "flagged": false }, "geometry": { "type": "Polygon", "coordinates": [ [ [ -114.801325097809013, 53.326994828201897 ], [ -114.701325097809018, 53.326994828201897 ], [ -114.701325097809018, 53.426994828201899 ], [ -114.801325097809013, 53.426994828201899 ], [ -114.801325097809013, 53.326994828201897 ] ] ] } },
{ "type": "Feature", "properties": { "value": "2", "label": "AQHI 2", "color": "#0099cb", "timestamp": "2026-09-16 14:00:00", "generated_at": "2026-09-16T20:31:32.792111", "nearest_km": 33.485717305207402, "n_points": 7, "weight_sum": 0.0015341373868803807, "confidence": "Medium", "flagged": false }, "geometry": { "type": "Polygon", "coordinates": [ [ [ -114.701325097809018, 53.326994828201897 ], [ -114.601325097809024, 53.326994828201897 ], [ -114.601325097809024, 53.426994828201899 ], [ -114.701325097809018, 53.426994828201899 ], [ -114.701325097809018, 53.326994828201897 ] ] ] } },
{ "type": "Feature", "properties": { "value": "2", "label": "AQHI 2", "color": "#0099cb", "timestamp": "2026-09-16 14:00:00", "generated_at": "2026-09-16T20:31:32.792111", "nearest_km": 44.041025771696361, "n_points": 10, "weight_sum": 0.0015509925232280093, "confidence": "Medium", "flagged": false }, "geometry": { "type": "Polygon", "coordinates": [ [ [ -114.601325097809024, 53.326994828201897 ], [ -114.50132509780903, 53.326994828201897 ], [ -114.50132509780903, 53.426994828201899 ], [ -114.601325097809024, 53.426994828201899 ], [ -114.601325097809024, 53.326994828201897 ] ] ] } },
{ "type": "Feature", "properties": { "value": "2", "label": "AQHI 2", "color": "#0099cb", "timestamp": "2026-09-16 14:00:00", "generated_at": "2026-09-16T20:31:32.792111", "nearest_km": 33.485881001064229, "n_points": 13, "weight_sum": 0.0020101861808289961, "confidence": "Medium", "flagged": false }, "geometry": { "type": "Polygon", "coordinates": [ [ [ -114.50132509780903, 53.326994828201897 ], [ -114.401325097809035, 53.326994828201897 ], [ -114.401325097809035, 53.426994828201899 ], [ -114.50132509780903, 53.426994828201899 ], [ -114.50132509780903, 53.326994828201897 ] ] ] } },
{ "type": "Feature", "properties": { "value": "2", "label": "AQHI 2", "color": "#0099cb", "timestamp": "2026-09-16 14:00:00", "generated_at": "2026-09-16T20:31:32.792111", "nearest_km": 22.424183325071965, "n_points": 14, "weight_sum": 0.0032268418048410838, "confidence": "High", "flagged": false }, "geometry": { "type": "Polygon", "coordinates": [ [ [ -114.401325097809035, 53.326994828201897 ], [ -114.301325097809041, 53.326994828201897 ], [ -114.301325097809041, 53.426994828201899 ], [ -114.401325097809035, 53.426994828201899 ], [ -114.401325097809035, 53.326994828201897 ] ] ] } },
{ "type": "Feature", "properties": { "value": "2", "label": "AQHI 2", "color": "#0099cb", "timestamp": "2026-09-16 14:00:00", "generated_at": "2026-09-16T20:31:32.792111", "nearest_km": 11.436947546238406, "n_points": 15, "weight_sum": 0.0091116573612680801, "confidence": "High", "flagged": false }, "geometry": { "type": "Polygon", "coordinates": [ [ [ -114.301325097809041, 53.326994828201897 ], [ -114.201325097809047, 53.326994828201897 ], [ -114.201325097809047, 53.426994828201899 ], [ -114.301325097809041, 53.426994828201899 ], [ -114.301325097809041, 53.326994828201897 ] ] ] } },
{ "type": "Feature", "properties": { "value": "2", "label": "AQHI 2", "color": "#0099cb", "timestamp": "2026-09-16 14:00:00", "generated_at": "2026-09-16T20:31:32.792111", "nearest_km": 2.2767390176201294, "n_points": 15, "weight_sum": 0.19470483184715132, "confidence": "High", "flagged": false }, "geometry": { "type": "Polygon", "coordinates": [ [ [ -114.201325097809047, 53.326994828201897 ], [ -114.101325097809053, 53.326994828201897 ], [ -114.101325097809053, 53.426994828201899 ], [ -114.201325097809047, 53.426994828201899 ], [ -114.201325097809047, 53.326994828201897 ] ] ] } },
{ "type": "Feature", "properties": { "value": "2", "label": "AQHI 2", "color": "#0099cb", "timestamp": "2026-09-16 14:00:00", "generated_at": "2026-09-16T20:31:32.792111", "nearest_km": 11.224228790133916, "n_points": 17, "weight_sum": 0.010343936692036607, "confidence": "High", "flagged": false }, "geometry": { "type": "Polygon", "coordinates": [ [ [ -114.101325097809053, 53.326994828201897 ], [ -114.001325097809058, 53.326994828201897 ], [ -114.001325097809058, 53.426994828201899 ], [ -114.101325097809053, 53.426994828201899 ], [ -114.101325097809053, 53.326994828201897 ] ] ] } },
{ "type": "Feature", "properties": { "value": "2", "label": "AQHI 2", "color": "#0099cb", "timestamp": "2026-09-16 14:00:00", "generated_at": "2026-09-16T20:31:32.792111", "nearest_km": 22.208176046496035, "n_points": 18, "weight_sum": 0.0053724054354309684, "confidence": "High", "flagged": false }, "geometry": { "type": "Polygon", "coordinates": [ [ [ -114.001325097809058, 53.326994828201897 ], [ -113.901325097809064, 53.326994828201897 ], [ -113.901325097809064, 53.426994828201899 ], [ -114.001325097809058, 53.426994828201899 ], [ -114.001325097809058, 53.326994828201897 ] ] ] } },
{ "type": "Feature", "properties": { "value": "2", "label": "AQHI 2", "color": "#0099cb", "timestamp": "2026-09-16 14:00:00", "generated_at": "2026-09-16T20:31:32.792111", "nearest_km": 24.579113146839461, "n_points": 18, "weight_sum": 0.0058003945919903963, "confidence": "High", "flagged": false }, "geometry": { "type": "Polygon", "coordinates": [ [ [ -113.901325097809064, 53.326994828201897 ], [ -113.80132509780907, 53.326994828201897 ], [ -113.80132509780907, 53.426994828201899 ], [ -113.901325097809064, 53.426994828201899 ], [ -113.901325097809064, 53.326994828201897 ] ] ] } },
{ "type": "Feature", "properties": { "value": "2", "label": "AQHI 2", "color": "#0099cb", "timestamp": "2026-09-16 14:00:00", "generated_at": "2026-09-16T20:31:32.792111", "nearest_km": 19.515370227696316, "n_points": 18, "weight_sum": 0.0077629143778651056, "confidence": "High", "flagged": false }, "geometry": { "type": "Polygon", "coordinates": [ [ [ -113.80132509780907, 53.326994828201897 ], [ -113.701325097809075, 53.326994828201897 ], [ -113.701325097809075, 53.426994828201899 ], [ -113.80132509780907, 53.426994828201899 ], [ -113.80132509780907, 53.326994828201897 ] ] ] } },
{ "type": "Feature", "properties": { "value": "NA", "label": "No Data", "color": "#D3D3D3", "timestamp": "2026-09-16 14:00:00", "generated_at": "2026-09-16T20:31:32.792111", "nearest_km": 204.22149007020974, "n_points": 0, "weight_sum": 0.0, "confidence": "None", "flagged": false }, "geometry": { "type": "Polygon", "coordinates": [ [ [ -119.901325097808723, 53.426994828201899 ], [ -119.801325097808729, 53.426994828201899 ], [ -119.801325097808729, 53.5269948282019 ], [ -119.901325097808723, 53.5269948282019 ], [ -119.901325097808723, 53.426994828201899 ] ] ] } },
{ "type": "Feature", "properties": { "value": "NA", "label": "No Data", "color": "#D3D3D3", "timestamp": "2026-09-16 14:00:00", "generated_at": "2026-09-16T20:31:32.792111", "nearest_km": 199.49243441533628, "n_points": 0, "weight_sum": 0.0, "confidence": "None", "flagged": false }, "geometry": { "type": "Polygon", "coordinates": [ [ [ -119.801325097808729, 53.426994828201899 ], [ -119.701325097808734, 53.426994828201899 ], [ -119.701325097808734, 53.5269948282019 ], [ -119.801325097808729, 53.5269948282019 ], [ -119.801325097808729, 53.426994828201899 ] ] ] } },
{ "type": "Feature", "properties": { "value": "NA", "label": "No Data", "color": "#D3D3D3", "timestamp": "2026-09-16 14:00:00", "generated_at": "2026-09-16T20:31:32.792111", "nearest_km": 188.96280726888352, "n_points": 0, "weight_sum": 0.0, "confidence": "None", "flagged": false }, "geometry": { "type": "Polygon", "coordinates": [ [ [ -119.701325097808734, 53.426994828201899 ], [ -119.60132509780874, 53.426994828201899 ], [ -119.60132509780874, 53.5269948282019 ], [ -119.701325097808734, 53.5269948282019 ], [ -119.701325097808734, 53.426994828201899 ] ] ] } },
{ "type": "Feature", "properties": { "value": "NA", "label": "No Data", "color": "#D3D3D3", "timestamp": "2026-09-16 14:00:00", "generated_at": "2026-09-16T20:31:32.792111", "nearest_km": 178.50230719214011, "n_points": 0, "weight_sum": 0.0, "confidence": "None", "flagged": false }, "geometry": { "type": "Polygon", "coordinates": [ [ [ -119.60132509780874, 53.426994828201899 ], [ -119.501325097808746, 53.426994828201899 ], [ -119.501325097808746, 53.5269948282019 ], [ -119.60132509780874, 53.5269948282019 ], [ -119.60132509780874, 53.426994828201899 ] ] ] } },
{ "type": "Feature", "properties": { "value": "NA", "label": "No Data", "color": "#D3D3D3", "timestamp": "2026-09-16 14:00:00", "generated_at": "2026-09-16T20:31:32.792111", "nearest_km": 168.12383773545341, "n_points": 0, "weight_sum": 0.0, "confidence": "None", "flagged": false }, "geometry": { "type": "Polygon", "coordinates": [ [ [ -119.501325097808746, 53.426994828201899 ], [ -119.401325097808751, 53.426994828201899 ], [ -119.401325097808751, 53.5269948282019 ], [ -119.501325097808746, 53.5269948282019 ], [ -119.501325097808746, 53.426994828201899 ] ] ] } },
{ "type": "Feature", "properties": { "value": "NA", "label": "No Data", "color": "#D3D3D3", "timestamp": "2026-09-16 14:00:00", "generated_at": "2026-09-16T20:31:32.792111", "nearest_km": 157.84358066414026, "n_points": 0, "weight_sum": 0.0, "confidence": "None", "flagged": false }, "geometry": { "type": "Polygon", "coordinates": [ [ [ -119.401325097808751, 53.426994828201899 ], [ -119.301325097808757, 53.426994828201899 ], [ -119.301325097808757, 53.5269948282019 ], [ -119.401325097808751, 53.5269948282019 ], [ -119.401325097808751, 53.426994828201899 ] ] ] } },
{ "type": "Feature", "properties": { "value": "2", "label": "AQHI 2", "color": "#0099cb", "timestamp": "2026-09-16 14:00:00", "generated_at": "2026-09-16T20:31:32.792111", "nearest_km": 147.68204731400769, "n_points": 1, "weight_sum": 4.5850554402777067e-05, "confidence": "Low", "flagged": false }, "geometry": { "type": "Polygon", "coordinates": [ [ [ -119.301325097808757, 53.426994828201899 ], [ -119.201325097808763, 53.426994828201899 ], [ -119.201325097808763, 53.5269948282019 ], [ -119.301325097808757, 53.5269948282019 ], [ -119.301325097808757, 53.426994828201899 ] ] ] } },
{ "type": "Feature", "properties": { "value": "2", "label": "AQHI 2", "color": "#0099cb", "timestamp": "2026-09-16 14:00:00", "generated_at": "2026-09-16T20:31:32.792111", "nearest_km": 137.66553032926086, "n_points": 1, "weight_sum": 5.2765441426304161e-05, "confidence": "Low", "flagged": false }, "geometry": { "type": "Polygon", "coordinates": [ [ [ -119.201325097808763, 53.426994828201899 ], [ -119.101325097808768, 53.426994828201899 ], [ -119.101325097808768, 53.5269948282019 ], [ -119.201325097808763, 53.5269948282019 ], [ -119.201325097808763, 53.426994828201899 ] ] ] } },
{ "type": "Feature", "properties": { "value": "2", "label": "AQHI 2", "color": "#0099cb", "timestamp": "2026-09-16 14:00:00", "generated_at": "2026-09-16T20:31:32.792111", "nearest_km": 127.82812438120355, "n_points": 1, "weight_sum": 6.1199400354299444e-05, "confidence": "Low", "flagged": false }, "geometry": { "type": "Polygon", "coordinates": [ [ [ -119.101325097808768, 53.426994828201899 ], [ -119.001325097808774, 53.426994828201899 ], [ -119.001325097808774, 53.5269948282019 ], [ -119.101325097808768, 53.5269948282019 ], [ -119.101325097808768, 53.426994828201899 ] ] ] } },
{ "type": "Feature", "properties": { "value": "2", "label": "AQHI 2", "color": "#0099cb", "timestamp": "2026-09-16 14:00:00", "generated_at": "2026-09-16T20:31:32.792111", "nearest_km": 118.21455293150765, "n_points": 1, "weight_sum": 7.1557986476015112e-05, "confidence": "Low", "flagged": false }, "geometry": { "type": "Polygon", "coordinates": [ [ [ -119.001325097808774, 53.426994828201899 ], [ -118.90132509780878, 53.426994828201899 ], [ -118.90132509780878, 53.5269948282019 ], [ -119.001325097808774, 53.5269948282019 ], [ -119.001325097808774, 53.426994828201899 ] ] ] } },
{ "type": "Feature", "properties": { "value": "2", "label": "AQHI 2", "color": "#0099cb", "timestamp": "2026-09-16 14:00:00", "generated_at": "2026-09-16T20:31:32.792111", "nearest_km": 108.88412036094137, "n_points": 2, "weight_sum": 0.00013112890254511267, "confidence": "Low", "flagged": false }, "geometry": { "type": "Polygon", "coordinates": [ [ [ -118.90132509780878, 53.426994828201899 ], [ -118.801325097808785, 53.426994828201899 ], [ -118.801325097808785, 53.5269948282019 ], [ -118.90132509780878, 53.5269948282019 ], [ -118.90132509780878, 53.426994828201899 ] ] ] } },
{ "type": "Feature", "properties": { "value": "2", "label": "AQHI 2", "color": "#0099cb", "timestamp": "2026-09-16 14:00:00", "generated_at": "2026-09-16T20:31:32.792111", "nearest_km": 99.916178913906066, "n_points": 2, "weight_sum": 0.00015494899556224418, "confidence": "Low", "flagged": false }, "geometry": { "type": "Polygon", "coordinates": [ [ [ -118.801325097808785, 53.426994828201899 ], [ -118.701325097808791, 53.426994828201899 ], [ -118.701325097808791, 53.5269948282019 ], [ -118.801325097808785, 53.5269948282019 ], [ -118.801325097808785, 53.426994828201899 ] ] ] } },
{ "type": "Feature", "properties": { "value": "2", "label": "AQHI 2", "color": "#0099cb", "timestamp": "2026-09-16 14:00:00", "generated_at": "2026-09-16T20:31:32.792111", "nearest_km": 91.417470708477694, "n_points": 2, "weight_sum": 0.00018467985928280294, "confidence": "Low", "flagged": false }, "geometry": { "type": "Polygon", "coordinates": [ [ [ -118.701325097808791, 53.426994828201899 ], [ -118.601325097808797, 53.426994828201899 ], [ -118.601325097808797, 53.5269948282019 ], [ -118.701325097808791, 53.5269948282019 ], [ -118.701325097808791, 53.426994828201899 ] ] ] } },
{ "type": "Feature", "properties": { "value": "2", "label": "AQHI 2", "color": "#0099cb", "timestamp": "2026-09-16 14:00:00", "generated_at": "2026-09-16T20:31:32.792111", "nearest_km": 83.531341978415753, "n_points": 2, "weight_sum": 0.00022174437278704004, "confidence": "Low", "flagged": false }, "geometry": { "type": "Polygon", "coordinates": [ [ [ -118.601325097808797, 53.426994828201899 ], [ -118.501325097808802, 53.426994828201899 ], [ -118.501325097808802, 53.5269948282019 ], [ -118.601325097808797, 53.5269948282019 ], [ -118.601325097808797, 53.426994828201899 ] ] ] } },
{ "type": "Feature", "properties": { "value": "2", "label": "AQHI 2", "color": "#0099cb", "timestamp": "2026-09-16 14:00:00", "generated_at": "2026-09-16T20:31:32.792111", "nearest_km": 76.447604505927288, "n_points": 2, "weight_sum": 0.00026755334247447111, "confidence": "Low", "flagged": false }, "geometry": { "type": "Polygon", "coordinates": [ [ [ -118.501325097808802, 53.426994828201899 ], [ -118.401325097808808, 53.426994828201899 ], [ -118.401325097808808, 53.5269948282019 ], [ -118.501325097808802, 53.5269948282019 ], [ -118.501325097808802, 53.426994828201899 ] ] ] } },
{ "type": "Feature", "properties": { "value": "2", "label": "AQHI 2", "color": "#0099cb", "timestamp": "2026-09-16 14:00:00", "generated_at": "2026-09-16T20:31:32.792111", "nearest_km": 70.408858651978463, "n_points": 3, "weight_sum": 0.00036818785698712923, "confidence": "Medium", "flagged": false }, "geometry": { "type": "Polygon", "coordinates": [ [ [ -118.401325097808808, 53.426994828201899 ], [ -118.301325097808814, 53.426994828201899 ], [ -118.301325097808814, 53.5269948282019 ], [ -118.401325097808808, 53.5269948282019 ], [ -118.401325097808808, 53.426994828201899 ] ] ] } },
{ "type": "Feature", "properties": { "value": "2", "label": "AQHI 2", "color": "#0099cb", "timestamp": "2026-09-16 14:00:00", "generated_at": "2026-09-16T20:31:32.792111", "nearest_km": 65.70386989100308, "n_points": 3, "weight_sum": 0.00044160036573303587, "confidence": "Medium", "flagged": false }, "geometry": { "type": "Polygon", "coordinates": [ [ [ -118.301325097808814, 53.426994828201899 ], [ -118.201325097808819, 53.426994828201899 ], [ -118.201325097808819, 53.5269948282019 ], [ -118.301325097808814, 53.5269948282019 ], [ -118.301325097808814, 53.426994828201899 ] ] ] } },
{ "type": "Feature", "properties": { "value": "2", "label": "AQHI 2", "color": "#0099cb", "timestamp": "2026-09-16 14:00:00", "generated_at": "2026-09-16T20:31:32.792111", "nearest_km": 62.633933779010015, "n_points": 3, "weight_sum": 0.00052916327422053303, "confidence": "Medium", "flagged": false }, "geometry": { "type": "Polygon", "coordinates": [ [ [ -118.201325097808819, 53.426994828201899 ], [ -118.101325097808825, 53.426994828201899 ], [ -118.101325097808825, 53.5269948282019 ], [ -118.201325097808819, 53.5269948282019 ], [ -118.201325097808819, 53.426994828201899 ] ] ] } },
{ "type": "Feature", "properties": { "value": "2", "label": "AQHI 2", "color": "#0099cb", "timestamp": "2026-09-16 14:00:00", "generated_at": "2026-09-16T20:31:32.792111", "nearest_km": 57.481451778562246, "n_points": 3, "weight_sum": 0.00064082252230224864, "confidence": "Medium", "flagged": false }, "geometry": { "type": "Polygon", "coordinates": [ [ [ -118.101325097808825, 53.426994828201899 ], [ -118.001325097808831, 53.426994828201899 ], [ -118.001325097808831, 53.5269948282019 ], [ -118.101325097808825, 53.5269948282019 ], [ -118.101325097808825, 53.426994828201899 ] ] ] } },
{ "type": "Feature", "properties": { "value": "1", "label": "AQHI 1", "color": "#01cbff", "timestamp": "2026-09-16 14:00:00", "generated_at": "2026-09-16T20:31:32.792111", "nearest_km": 46.411577269801093, "n_points": 3, "weight_sum": 0.00081103767881982817, "confidence": "Medium", "flagged": false }, "geometry": { "type": "Polygon", "coordinates": [ [ [ -118.001325097808831, 53.426994828201899 ], [ -117.901325097808837, 53.426994828201899 ], [ -117.901325097808837, 53.5269948282019 ], [ -118.001325097808831, 53.5269948282019 ], [ -118.001325097808831, 53.426994828201899 ] ] ] } },
{ "type": "Feature", "properties": { "value": "1", "label": "AQHI 1", "color": "#01cbff", "timestamp": "2026-09-16 14:00:00", "generated_at": "2026-09-16T20:31:32.792111", "nearest_km": 35.360595452710214, "n_points": 3, "weight_sum": 0.001145963807810799, "confidence": "Medium", "flagged": false }, "geometry": { "type": "Polygon", "coordinates": [ [ [ -117.901325097808837, 53.426994828201899 ], [ -117.801325097808842, 53.426994828201899 ], [ -117.801325097808842, 53.5269948282019 ], [ -117.901325097808837, 53.5269948282019 ], [ -117.901325097808837, 53.426994828201899 ] ] ] } },
{ "type": "Feature", "properties": { "value": "1", "label": "AQHI 1", "color": "#01cbff", "timestamp": "2026-09-16 14:00:00", "generated_at": "2026-09-16T20:31:32.792111", "nearest_km": 24.354238170587792, "n_points": 3, "weight_sum": 0.0020311199898833741, "confidence": "High", "flagged": false }, "geometry": { "type": "Polygon", "coordinates": [ [ [ -117.801325097808842, 53.426994828201899 ], [ -117.701325097808848, 53.426994828201899 ], [ -117.701325097808848, 53.5269948282019 ], [ -117.801325097808842, 53.5269948282019 ], [ -117.801325097808842, 53.426994828201899 ] ] ] } },
{ "type": "Feature", "properties": { "value": "1", "label": "AQHI 1", "color": "#01cbff", "timestamp": "2026-09-16 14:00:00", "generated_at": "2026-09-16T20:31:32.792111", "nearest_km": 13.502078468486699, "n_points": 5, "weight_sum": 0.0059325470255006344, "confidence": "High", "flagged": false }, "geometry": { "type": "Polygon", "coordinates": [ [ [ -117.701325097808848, 53.426994828201899 ], [ -117.601325097808854, 53.426994828201899 ], [ -117.601325097808854, 53.5269948282019 ], [ -117.701325097808848, 53.5269948282019 ], [ -117.701325097808848, 53.426994828201899 ] ] ] } },
{ "type": "Feature", "properties": { "value": "1", "label": "AQHI 1", "color": "#01cbff", "timestamp": "2026-09-16 14:00:00", "generated_at": "2026-09-16T20:31:32.792111", "nearest_km": 4.2312325708475242, "n_points": 5, "weight_sum": 0.056344294804020055, "confidence": "High", "flagged": false }, "geometry": { "type": "Polygon", "coordinates": [ [ [ -117.601325097808854, 53.426994828201899 ], [ -117.501325097808859, 53.426994828201899 ], [ -117.501325097808859, 53.5269948282019 ], [ -117.601325097808854, 53.5269948282019 ], [ -117.601325097808854, 53.426994828201899 ] ] ] } },
{ "type": "Feature", "properties": { "value": "1", "label": "AQHI 1", "color": "#01cbff", "timestamp": "2026-09-16 14:00:00", "generated_at": "2026-09-16T20:31:32.792111", "nearest_km": 9.9960259687538695, "n_points": 5, "weight_sum": 0.010572106556956711, "confidence": "High", "flagged": false }, "geometry": { "type": "Polygon", "coordinates": [ [ [ -117.501325097808859, 53.426994828201899 ], [ -117.401325097808865, 53.426994828201899 ], [ -117.401325097808865, 53.5269948282019 ], [ -117.501325097808859, 53.5269948282019 ], [ -117.501325097808859, 53.426994828201899 ] ] ] } },
{ "type": "Feature", "properties": { "value": "1", "label": "AQHI 1", "color": "#01cbff", "timestamp": "2026-09-16 14:00:00", "generated_at": "2026-09-16T20:31:32.792111", "nearest_km": 20.696805098067056, "n_points": 5, "weight_sum": 0.0030224880449400342, "confidence": "High", "flagged": false }, "geometry": { "type": "Polygon", "coordinates": [ [ [ -117.401325097808865, 53.426994828201899 ], [ -117.301325097808871, 53.426994828201899 ], [ -117.301325097808871, 53.5269948282019 ], [ -117.401325097808865, 53.5269948282019 ], [ -117.401325097808865, 53.426994828201899 ] ] ] } },
{ "type": "Feature", "properties": { "value": "1", "label": "AQHI 1", "color": "#01cbff", "timestamp": "2026-09-16 14:00:00", "generated_at": "2026-09-16T20:31:32.792111", "nearest_km": 31.673568592230325, "n_points": 5, "weight_sum": 0.0018678730078338344, "confidence": "Medium", "flagged": false }, "geometry": { "type": "Polygon", "coordinates": [ [ [ -117.301325097808871, 53.426994828201899 ], [ -117.201325097808876, 53.426994828201899 ], [ -117.201325097808876, 53.5269948282019 ], [ -117.301325097808871, 53.5269948282019 ], [ -117.301325097808871, 53.426994828201899 ] ] ] } },
{ "type": "Feature", "properties": { "value": "2", "label": "AQHI 2", "color": "#0099cb", "timestamp": "2026-09-16 14:00:00", "generated_at": "2026-09-16T20:31:32.792111", "nearest_km": 34.903164341575085, "n_points": 5, "weight_sum": 0.0016362843939883285, "confidence": "Medium", "flagged": false }, "geometry": { "type": "Polygon", "coordinates": [ [ [ -117.201325097808876, 53.426994828201899 ], [ -117.101325097808882, 53.426994828201899 ], [ -117.101325097808882, 53.5269948282019 ], [ -117.201325097808876, 53.5269948282019 ], [ -117.201325097808876, 53.426994828201899 ] ] ] } },
{ "type": "Feature", "properties": { "value": "2", "label": "AQHI 2", "color": "#0099cb", "timestamp": "2026-09-16 14:00:00", "generated_at": "2026-09-16T20:31:32.792111", "nearest_km": 32.708581461664792, "n_points": 5, "weight_sum": 0.0015760674785642997, "confidence": "Medium", "flagged": false }, "geometry": { "type": "Polygon", "coordinates": [ [ [ -117.101325097808882, 53.426994828201899 ], [ -117.001325097808888, 53.426994828201899 ], [ -117.001325097808888, 53.5269948282019 ], [ -117.101325097808882, 53.5269948282019 ], [ -117.101325097808882, 53.426994828201899 ] ] ] } },
{ "type": "Feature", "properties": { "value": "2", "label": "AQHI 2", "color": "#0099cb", "timestamp": "2026-09-16 14:00:00", "generated_at": "2026-09-16T20:31:32.792111", "nearest_km": 34.174430813309783, "n_points": 5, "weight_sum": 0.0014354229260649205, "confidence": "Medium", "flagged": false }, "geometry": { "type": "Polygon", "coordinates": [ [ [ -117.001325097808888, 53.426994828201899 ], [ -116.901325097808893, 53.426994828201899 ], [ -116.901325097808893, 53.5269948282019 ], [ -117.001325097808888, 53.5269948282019 ], [ -117.001325097808888, 53.426994828201899 ] ] ] } },
{ "type": "Feature", "properties": { "value": "2", "label": "AQHI 2", "color": "#0099cb", "timestamp": "2026-09-16 14:00:00", "generated_at": "2026-09-16T20:31:32.792111", "nearest_km": 38.888971979122886, "n_points": 5, "weight_sum": 0.0012509034895948573, "confidence": "Medium", "flagged": false }, "geometry": { "type": "Polygon", "coordinates": [ [ [ -116.901325097808893, 53.426994828201899 ], [ -116.801325097808899, 53.426994828201899 ], [ -116.801325097808899, 53.5269948282019 ], [ -116.901325097808893, 53.5269948282019 ], [ -116.901325097808893, 53.426994828201899 ] ] ] } },
{ "type": "Feature", "properties": { "value": "2", "label": "AQHI 2", "color": "#0099cb", "timestamp": "2026-09-16 14:00:00", "generated_at": "2026-09-16T20:31:32.792111", "nearest_km": 45.861013527529941, "n_points": 4, "weight_sum": 0.0011109332893688728, "confidence": "Medium", "flagged": false }, "geometry": { "type": "Polygon", "coordinates": [ [ [ -116.801325097808899, 53.426994828201899 ], [ -116.701325097808905, 53.426994828201899 ], [ -116.701325097808905, 53.5269948282019 ], [ -116.801325097808899, 53.5269948282019 ], [ -116.801325097808899, 53.426994828201899 ] ] ] } },
{ "type": "Feature", "properties": { "value": "2", "label": "AQHI 2", "color": "#0099cb", "timestamp": "2026-09-16 14:00:00", "generated_at": "2026-09-16T20:31:32.792111", "nearest_km": 38.923232250140288, "n_points": 4, "weight_sum": 0.0011894675059909495, "confidence": "Medium", "flagged": false }, "geometry": { "type": "Polygon", "coordinates": [ [ [ -116.701325097808905, 53.426994828201899 ], [ -116.60132509780891, 53.426994828201899 ], [ -116.60132509780891, 53.5269948282019 ], [ -116.701325097808905, 53.5269948282019 ], [ -116.701325097808905, 53.426994828201899 ] ] ] } },
{ "type": "Feature", "properties": { "value": "2", "label": "AQHI 2", "color": "#0099cb", "timestamp": "2026-09-16 14:00:00", "generated_at": "2026-09-16T20:31:32.792111", "nearest_km": 29.629482789574716, "n_points": 4, "weight_sum": 0.0015541182574091024, "confidence": "Medium", "flagged": false }, "geometry": { "type": "Polygon", "coordinates": [ [ [ -116.60132509780891, 53.426994828201899 ], [ -116.501325097808916, 53.426994828201899 ], [ -116.501325097808916, 53.5269948282019 ], [ -116.60132509780891, 53.5269948282019 ], [ -116.60132509780891, 53.426994828201899 ] ] ] } },
{ "type": "Feature", "properties": { "value": "2", "label": "AQHI 2", "color": "#0099cb", "timestamp": "2026-09-16 14:00:00", "generated_at": "2026-09-16T20:31:32.792111", "nearest_km": 22.072935734899865, "n_points": 4, "weight_sum": 0.002386913406856375, "confidence": "High", "flagged": false }, "geometry": { "type": "Polygon", "coordinates": [ [ [ -116.501325097808916, 53.426994828201899 ], [ -116.401325097808922, 53.426994828201899 ], [ -116.401325097808922, 53.5269948282019 ], [ -116.501325097808916, 53.5269948282019 ], [ -116.501325097808916, 53.426994828201899 ] ] ] } },
{ "type": "Feature", "properties": { "value": "2", "label": "AQHI 2", "color": "#0099cb", "timestamp": "2026-09-16 14:00:00", "generated_at": "2026-09-16T20:31:32.792111", "nearest_km": 18.518713063717652, "n_points": 4, "weight_sum": 0.0031916149842964323, "confidence": "High", "flagged": false }, "geometry": { "type": "Polygon", "coordinates": [ [ [ -116.401325097808922, 53.426994828201899 ], [ -116.301325097808927, 53.426994828201899 ], [ -116.301325097808927, 53.5269948282019 ], [ -116.401325097808922, 53.5269948282019 ], [ -116.401325097808922, 53.426994828201899 ] ] ] } },
{ "type": "Feature", "properties": { "value": "2", "label": "AQHI 2", "color": "#0099cb", "timestamp": "2026-09-16 14:00:00", "generated_at": "2026-09-16T20:31:32.792111", "nearest_km": 21.097179316571353, "n_points": 5, "weight_sum": 0.0025236685687485302, "confidence": "High", "flagged": false }, "geometry": { "type": "Polygon", "coordinates": [ [ [ -116.301325097808927, 53.426994828201899 ], [ -116.201325097808933, 53.426994828201899 ], [ -116.201325097808933, 53.5269948282019 ], [ -116.301325097808927, 53.5269948282019 ], [ -116.301325097808927, 53.426994828201899 ] ] ] } },
{ "type": "Feature", "properties": { "value": "2", "label": "AQHI 2", "color": "#0099cb", "timestamp": "2026-09-16 14:00:00", "generated_at": "2026-09-16T20:31:32.792111", "nearest_km": 28.171957984754936, "n_points": 4, "weight_sum": 0.0014676190549135241, "confidence": "Medium", "flagged": false }, "geometry": { "type": "Polygon", "coordinates": [ [ [ -116.201325097808933, 53.426994828201899 ], [ -116.101325097808939, 53.426994828201899 ], [ -116.101325097808939, 53.5269948282019 ], [ -116.201325097808933, 53.5269948282019 ], [ -116.201325097808933, 53.426994828201899 ] ] ] } },
{ "type": "Feature", "properties": { "value": "2", "label": "AQHI 2", "color": "#0099cb", "timestamp": "2026-09-16 14:00:00", "generated_at": "2026-09-16T20:31:32.792111", "nearest_km": 37.264560352619228, "n_points": 4, "weight_sum": 0.00091540873238138258, "confidence": "Medium", "flagged": false }, "geometry": { "type": "Polygon", "coordinates": [ [ [ -116.101325097808939, 53.426994828201899 ], [ -116.001325097808945, 53.426994828201899 ], [ -116.001325097808945, 53.5269948282019 ], [ -116.101325097808939, 53.5269948282019 ], [ -116.101325097808939, 53.426994828201899 ] ] ] } },
{ "type": "Feature", "properties": { "value": "2", "label": "AQHI 2", "color": "#0099cb", "timestamp": "2026-09-16 14:00:00", "generated_at": "2026-09-16T20:31:32.792111", "nearest_km": 47.223465563776401, "n_points": 4, "weight_sum": 0.00063833935240196951, "confidence": "Medium", "flagged": false }, "geometry": { "type": "Polygon", "coordinates": [ [ [ -116.001325097808945, 53.426994828201899 ], [ -115.90132509780895, 53.426994828201899 ], [ -115.90132509780895, 53.5269948282019 ], [ -116.001325097808945, 53.5269948282019 ], [ -116.001325097808945, 53.426994828201899 ] ] ] } },
{ "type": "Feature", "properties": { "value": "2", "label": "AQHI 2", "color": "#0099cb", "timestamp": "2026-09-16 14:00:00", "generated_at": "2026-09-16T20:31:32.792111", "nearest_km": 57.601075870441193, "n_points": 4, "weight_sum": 0.00049313282939815418, "confidence": "Medium", "flagged": false }, "geometry": { "type": "Polygon", "coordinates": [ [ [ -115.90132509780895, 53.426994828201899 ], [ -115.801325097808956, 53.426994828201899 ], [ -115.801325097808956, 53.5269948282019 ], [ -115.90132509780895, 53.5269948282019 ], [ -115.90132509780895, 53.426994828201899 ] ] ] } },
{ "type": "Feature", "properties": { "value": "2", "label": "AQHI 2", "color": "#0099cb", "timestamp": "2026-09-16 14:00:00", "generated_at": "2026-09-16T20:31:32.792111", "nearest_km": 68.206540617534927, "n_points": 3, "weight_sum": 0.0003753483527995674, "confidence": "Medium", "flagged": false }, "geometry": { "type": "Polygon", "coordinates": [ [ [ -115.801325097808956, 53.426994828201899 ], [ -115.701325097808962, 53.426994828201899 ], [ -115.701325097808962, 53.5269948282019 ], [ -115.801325097808956, 53.5269948282019 ], [ -115.801325097808956, 53.426994828201899 ] ] ] } },
{ "type": "Feature", "properties": { "value": "2", "label": "AQHI 2", "color": "#0099cb", "timestamp": "2026-09-16 14:00:00", "generated_at": "2026-09-16T20:31:32.792111", "nearest_km": 78.948086896330381, "n_points": 2, "weight_sum": 0.00030583399924281266, "confidence": "Low", "flagged": false }, "geometry": { "type": "Polygon", "coordinates": [ [ [ -115.701325097808962, 53.426994828201899 ], [ -115.601325097808967, 53.426994828201899 ], [ -115.601325097808967, 53.5269948282019 ], [ -115.701325097808962, 53.5269948282019 ], [ -115.701325097808962, 53.426994828201899 ] ] ] } },
{ "type": "Feature", "properties": { "value": "2", "label": "AQHI 2", "color": "#0099cb", "timestamp": "2026-09-16 14:00:00", "generated_at": "2026-09-16T20:31:32.792111", "nearest_km": 72.332936727935518, "n_points": 2, "weight_sum": 0.00031520072817903309, "confidence": "Medium", "flagged": false }, "geometry": { "type": "Polygon", "coordinates": [ [ [ -115.601325097808967, 53.426994828201899 ], [ -115.501325097808973, 53.426994828201899 ], [ -115.501325097808973, 53.5269948282019 ], [ -115.601325097808967, 53.5269948282019 ], [ -115.601325097808967, 53.426994828201899 ] ] ] } },
{ "type": "Feature", "properties": { "value": "2", "label": "AQHI 2", "color": "#0099cb", "timestamp": "2026-09-16 14:00:00", "generated_at": "2026-09-16T20:31:32.792111", "nearest_km": 61.907935058978758, "n_points": 3, "weight_sum": 0.00040714859479297331, "confidence": "Medium", "flagged": false }, "geometry": { "type": "Polygon", "coordinates": [ [ [ -115.501325097808973, 53.426994828201899 ], [ -115.401325097808979, 53.426994828201899 ], [ -115.401325097808979, 53.5269948282019 ], [ -115.501325097808973, 53.5269948282019 ], [ -115.501325097808973, 53.426994828201899 ] ] ] } },
{ "type": "Feature", "properties": { "value": "2", "label": "AQHI 2", "color": "#0099cb", "timestamp": "2026-09-16 14:00:00", "generated_at": "2026-09-16T20:31:32.792111", "nearest_km": 51.764380715371374, "n_points": 3, "weight_sum": 0.0005092068507992982, "confidence": "Medium", "flagged": false }, "geometry": { "type": "Polygon", "coordinates": [ [ [ -115.401325097808979, 53.426994828201899 ], [ -115.301325097808984, 53.426994828201899 ], [ -115.301325097808984, 53.5269948282019 ], [ -115.401325097808979, 53.5269948282019 ], [ -115.401325097808979, 53.426994828201899 ] ] ] } },
{ "type": "Feature", "properties": { "value": "2", "label": "AQHI 2", "color": "#0099cb", "timestamp": "2026-09-16 14:00:00", "generated_at": "2026-09-16T20:31:32.792111", "nearest_km": 42.106172925416345, "n_points": 3, "weight_sum": 0.00069678215702098591, "confidence": "Medium", "flagged": false }, "geometry": { "type": "Polygon", "coordinates": [ [ [ -115.301325097808984, 53.426994828201899 ], [ -115.20132509780899, 53.426994828201899 ], [ -115.20132509780899, 53.5269948282019 ], [ -115.301325097808984, 53.5269948282019 ], [ -115.301325097808984, 53.426994828201899 ] ] ] } },
{ "type": "Feature", "properties": { "value": "2", "label": "AQHI 2", "color": "#0099cb", "timestamp": "2026-09-16 14:00:00", "generated_at": "2026-09-16T20:31:32.792111", "nearest_km": 33.35758513448161, "n_points": 3, "weight_sum": 0.0010346162104310816, "confidence": "Medium", "flagged": false }, "geometry": { "type": "Polygon", "coordinates": [ [ [ -115.20132509780899, 53.426994828201899 ], [ -115.101325097808996, 53.426994828201899 ], [ -115.101325097808996, 53.5269948282019 ], [ -115.20132509780899, 53.5269948282019 ], [ -115.20132509780899, 53.426994828201899 ] ] ] } },
{ "type": "Feature", "properties": { "value": "2", "label": "AQHI 2", "color": "#0099cb", "timestamp": "2026-09-16 14:00:00", "generated_at": "2026-09-16T20:31:32.792111", "nearest_km": 26.437609074636171, "n_points": 4, "weight_sum": 0.0016218484882446638, "confidence": "Medium", "flagged": false }, "geometry": { "type": "Polygon", "coordinates": [ [ [ -115.101325097808996, 53.426994828201899 ], [ -115.001325097809001, 53.426994828201899 ], [ -115.001325097809001, 53.5269948282019 ], [ -115.101325097808996, 53.5269948282019 ], [ -115.101325097808996, 53.426994828201899 ] ] ] } },
{ "type": "Feature", "properties": { "value": "2", "label": "AQHI 2", "color": "#0099cb", "timestamp": "2026-09-16 14:00:00", "generated_at": "2026-09-16T20:31:32.792111", "nearest_km": 23.056145843621682, "n_points": 3, "weight_sum": 0.0020574315046698786, "confidence": "High", "flagged": false }, "geometry": { "type": "Polygon", "coordinates": [ [ [ -115.001325097809001, 53.426994828201899 ], [ -114.901325097809007, 53.426994828201899 ], [ -114.901325097809007, 53.5269948282019 ], [ -115.001325097809001, 53.5269948282019 ], [ -115.001325097809001, 53.426994828201899 ] ] ] } },
{ "type": "Feature", "properties": { "value": "2", "label": "AQHI 2", "color": "#0099cb", "timestamp": "2026-09-16 14:00:00", "generated_at": "2026-09-16T20:31:32.792111", "nearest_km": 24.711223133252503, "n_points": 4, "weight_sum": 0.0019078634355881219, "confidence": "High", "flagged": false }, "geometry": { "type": "Polygon", "coordinates": [ [ [ -114.901325097809007, 53.426994828201899 ], [ -114.801325097809013, 53.426994828201899 ], [ -114.801325097809013, 53.5269948282019 ], [ -114.901325097809007, 53.5269948282019 ], [ -114.901325097809007, 53.426994828201899 ] ] ] } },
{ "type": "Feature", "properties": { "value": "2", "label": "AQHI 2", "color": "#0099cb", "timestamp": "2026-09-16 14:00:00", "generated_at": "2026-09-16T20:31:32.792111", "nearest_km": 30.596131067839377, "n_points": 7, "weight_sum": 0.0015582361694394381, "confidence": "Medium", "flagged": false }, "geometry": { "type": "Polygon", "coordinates": [ [ [ -114.801325097809013, 53.426994828201899 ], [ -114.701325097809018, 53.426994828201899 ], [ -114.701325097809018, 53.5269948282019 ], [ -114.801325097809013, 53.5269948282019 ], [ -114.801325097809013, 53.426994828201899 ] ] ] } },
{ "type": "Feature", "properties": { "value": "2", "label": "AQHI 2", "color": "#0099cb", "timestamp": "2026-09-16 14:00:00", "generated_at": "2026-09-16T20:31:32.792111", "nearest_km": 38.833257961435457, "n_points": 8, "weight_sum": 0.0013397762848709411, "confidence": "Medium", "flagged": false }, "geometry": { "type": "Polygon", "coordinates": [ [ [ -114.701325097809018, 53.426994828201899 ], [ -114.601325097809024, 53.426994828201899 ], [ -114.601325097809024, 53.5269948282019 ], [ -114.701325097809018, 53.5269948282019 ], [ -114.701325097809018, 53.426994828201899 ] ] ] } },
{ "type": "Feature", "properties": { "value": "2", "label": "AQHI 2", "color": "#0099cb", "timestamp": "2026-09-16 14:00:00", "generated_at": "2026-09-16T20:31:32.792111", "nearest_km": 46.474515180833421, "n_points": 10, "weight_sum": 0.0014340638334358229, "confidence": "Medium", "flagged": false }, "geometry": { "type": "Polygon", "coordinates": [ [ [ -114.601325097809024, 53.426994828201899 ], [ -114.50132509780903, 53.426994828201899 ], [ -114.50132509780903, 53.5269948282019 ], [ -114.601325097809024, 53.5269948282019 ], [ -114.601325097809024, 53.426994828201899 ] ] ] } },
{ "type": "Feature", "properties": { "value": "2", "label": "AQHI 2", "color": "#0099cb", "timestamp": "2026-09-16 14:00:00", "generated_at": "2026-09-16T20:31:32.792111", "nearest_km": 35.986113053128499, "n_points": 13, "weight_sum": 0.0018692426788639016, "confidence": "Medium", "flagged": false }, "geometry": { "type": "Polygon", "coordinates": [ [ [ -114.50132509780903, 53.426994828201899 ], [ -114.401325097809035, 53.426994828201899 ], [ -114.401325097809035, 53.5269948282019 ], [ -114.50132509780903, 53.5269948282019 ], [ -114.50132509780903, 53.426994828201899 ] ] ] } },
{ "type": "Feature", "properties": { "value": "2", "label": "AQHI 2", "color": "#0099cb", "timestamp": "2026-09-16 14:00:00", "generated_at": "2026-09-16T20:31:32.792111", "nearest_km": 26.010384542554281, "n_points": 14, "weight_sum": 0.0027260824400765589, "confidence": "Medium", "flagged": false }, "geometry": { "type": "Polygon", "coordinates": [ [ [ -114.401325097809035, 53.426994828201899 ], [ -114.301325097809041, 53.426994828201899 ], [ -114.301325097809041, 53.5269948282019 ], [ -114.401325097809035, 53.5269948282019 ], [ -114.401325097809035, 53.426994828201899 ] ] ] } },
{ "type": "Feature", "properties": { "value": "2", "label": "AQHI 2", "color": "#0099cb", "timestamp": "2026-09-16 14:00:00", "generated_at": "2026-09-16T20:31:32.792111", "nearest_km": 17.449924797274051, "n_points": 15, "weight_sum": 0.0047936750194282462, "confidence": "High", "flagged": false }, "geometry": { "type": "Polygon", "coordinates": [ [ [ -114.301325097809041, 53.426994828201899 ], [ -114.201325097809047, 53.426994828201899 ], [ -114.201325097809047, 53.5269948282019 ], [ -114.301325097809041, 53.5269948282019 ], [ -114.301325097809041, 53.426994828201899 ] ] ] } },
{ "type": "Feature", "properties": { "value": "2", "label": "AQHI 2", "color": "#0099cb", "timestamp": "2026-09-16 14:00:00", "generated_at": "2026-09-16T20:31:32.792111", "nearest_km": 13.374589594057268, "n_points": 16, "weight_sum": 0.0075161738876920519, "confidence": "High", "flagged": false }, "geometry": { "type": "Polygon", "coordinates": [ [ [ -114.201325097809047, 53.426994828201899 ], [ -114.101325097809053, 53.426994828201899 ], [ -114.101325097809053, 53.5269948282019 ], [ -114.201325097809047, 53.5269948282019 ], [ -114.201325097809047, 53.426994828201899 ] ] ] } },
{ "type": "Feature", "properties": { "value": "2", "label": "AQHI 2", "color": "#0099cb", "timestamp": "2026-09-16 14:00:00", "generated_at": "2026-09-16T20:31:32.792111", "nearest_km": 17.311251202278306, "n_points": 17, "weight_sum": 0.0059534911626029302, "confidence": "High", "flagged": false }, "geometry": { "type": "Polygon", "coordinates": [ [ [ -114.101325097809053, 53.426994828201899 ], [ -114.001325097809058, 53.426994828201899 ], [ -114.001325097809058, 53.5269948282019 ], [ -114.101325097809053, 53.5269948282019 ], [ -114.101325097809053, 53.426994828201899 ] ] ] } },
{ "type": "Feature", "properties": { "value": "2", "label": "AQHI 2", "color": "#0099cb", "timestamp": "2026-09-16 14:00:00", "generated_at": "2026-09-16T20:31:32.792111", "nearest_km": 25.824391368767461, "n_points": 18, "weight_sum": 0.0053927228007449972, "confidence": "Medium", "flagged": false }, "geometry": { "type": "Polygon", "coordinates": [ [ [ -114.001325097809058, 53.426994828201899 ], [ -113.901325097809064, 53.426994828201899 ], [ -113.901325097809064, 53.5269948282019 ], [ -114.001325097809058, 53.5269948282019 ], [ -114.001325097809058, 53.426994828201899 ] ] ] } },
{ "type": "Feature", "properties": { "value": "2", "label": "AQHI 2", "color": "#0099cb", "timestamp": "2026-09-16 14:00:00", "generated_at": "2026-09-16T20:31:32.792111", "nearest_km": 17.487647247707368, "n_points": 18, "weight_sum": 0.0076789982314847084, "confidence": "High", "flagged": false }, "geometry": { "type": "Polygon", "coordinates": [ [ [ -113.901325097809064, 53.426994828201899 ], [ -113.80132509780907, 53.426994828201899 ], [ -113.80132509780907, 53.5269948282019 ], [ -113.901325097809064, 53.5269948282019 ], [ -113.901325097809064, 53.426994828201899 ] ] ] } },
{ "type": "Feature", "properties": { "value": "2", "label": "AQHI 2", "color": "#0099cb", "timestamp": "2026-09-16 14:00:00", "generated_at": "2026-09-16T20:31:32.792111", "nearest_km": 9.0848598392692015, "n_points": 18, "weight_sum": 0.018069318485113495, "confidence": "High", "flagged": false }, "geometry": { "type": "Polygon", "coordinates": [ [ [ -113.80132509780907, 53.426994828201899 ], [ -113.701325097809075, 53.426994828201899 ], [ -113.701325097809075, 53.5269948282019 ], [ -113.80132509780907, 53.5269948282019 ], [ -113.80132509780907, 53.426994828201899 ] ] ] } },
{ "type": "Feature", "properties": { "value": "NA", "label": "No Data", "color": "#D3D3D3", "timestamp": "2026-09-16 14:00:00", "generated_at": "2026-09-16T20:31:32.792111", "nearest_km": 193.57093067439604, "n_points": 0, "weight_sum": 0.0, "confidence": "None", "flagged": false }, "geometry": { "type": "Polygon", "coordinates": [ [ [ -119.901325097808723, 53.5269948282019 ], [ -119.801325097808729, 53.5269948282019 ], [ -119.801325097808729, 53.626994828201902 ], [ -119.901325097808723, 53.626994828201902 ], [ -119.901325097808723, 53.5269948282019 ] ] ] } },
{ "type": "Feature", "properties": { "value": "NA", "label": "No Data", "color": "#D3D3D3", "timestamp": "2026-09-16 14:00:00", "generated_at": "2026-09-16T20:31:32.792111", "nearest_km": 190.65587967889067, "n_points": 0, "weight_sum": 0.0, "confidence": "None", "flagged": false }, "geometry": { "type": "Polygon", "coordinates": [ [ [ -119.801325097808729, 53.5269948282019 ], [ -119.701325097808734, 53.5269948282019 ], [ -119.701325097808734, 53.626994828201902 ], [ -119.801325097808729, 53.626994828201902 ], [ -119.801325097808729, 53.5269948282019 ] ] ] } },
{ "type": "Feature", "properties": { "value": "NA", "label": "No Data", "color": "#D3D3D3", "timestamp": "2026-09-16 14:00:00", "generated_at": "2026-09-16T20:31:32.792111", "nearest_km": 188.3508526928174, "n_points": 0, "weight_sum": 0.0, "confidence": "None", "flagged": false }, "geometry": { "type": "Polygon", "coordinates": [ [ [ -119.701325097808734, 53.5269948282019 ], [ -119.60132509780874, 53.5269948282019 ], [ -119.60132509780874, 53.626994828201902 ], [ -119.701325097808734, 53.626994828201902 ], [ -119.701325097808734, 53.5269948282019 ] ] ] } },
{ "type": "Feature", "properties": { "value": "NA", "label": "No Data", "color": "#D3D3D3", "timestamp": "2026-09-16 14:00:00", "generated_at": "2026-09-16T20:31:32.792111", "nearest_km": 182.6201977629317, "n_points": 0, "weight_sum": 0.0, "confidence": "None", "flagged": false }, "geometry": { "type": "Polygon", "coordinates": [ [ [ -119.60132509780874, 53.5269948282019 ], [ -119.501325097808746, 53.5269948282019 ], [ -119.501325097808746, 53.626994828201902 ], [ -119.60132509780874, 53.626994828201902 ], [ -119.60132509780874, 53.5269948282019 ] ] ] } },
{ "type": "Feature", "properties": { "value": "NA", "label": "No Data", "color": "#D3D3D3", "timestamp": "2026-09-16 14:00:00", "generated_at": "2026-09-16T20:31:32.792111", "nearest_km": 172.48967439517128, "n_points": 0, "weight_sum": 0.0, "confidence": "None", "flagged": false }, "geometry": { "type": "Polygon", "coordinates": [ [ [ -119.501325097808746, 53.5269948282019 ], [ -119.401325097808751, 53.5269948282019 ], [ -119.401325097808751, 53.626994828201902 ], [ -119.501325097808746, 53.626994828201902 ], [ -119.501325097808746, 53.5269948282019 ] ] ] } },
{ "type": "Feature", "properties": { "value": "NA", "label": "No Data", "color": "#D3D3D3", "timestamp": "2026-09-16 14:00:00", "generated_at": "2026-09-16T20:31:32.792111", "nearest_km": 162.48587297033581, "n_points": 0, "weight_sum": 0.0, "confidence": "None", "flagged": false }, "geometry": { "type": "Polygon", "coordinates": [ [ [ -119.401325097808751, 53.5269948282019 ], [ -119.301325097808757, 53.5269948282019 ], [ -119.301325097808757, 53.626994828201902 ], [ -119.401325097808751, 53.626994828201902 ], [ -119.401325097808751, 53.5269948282019 ] ] ] } },
{ "type": "Feature", "properties": { "value": "NA", "label": "No Data", "color": "#D3D3D3", "timestamp": "2026-09-16 14:00:00", "generated_at": "2026-09-16T20:31:32.792111", "nearest_km": 152.63371205900731, "n_points": 0, "weight_sum": 0.0, "confidence": "None", "flagged": false }, "geometry": { "type": "Polygon", "coordinates": [ [ [ -119.301325097808757, 53.5269948282019 ], [ -119.201325097808763, 53.5269948282019 ], [ -119.201325097808763, 53.626994828201902 ], [ -119.301325097808757, 53.626994828201902 ], [ -119.301325097808757, 53.5269948282019 ] ] ] } },
{ "type": "Feature", "properties": { "value": "2", "label": "AQHI 2", "color": "#0099cb", "timestamp": "2026-09-16 14:00:00", "generated_at": "2026-09-16T20:31:32.792111", "nearest_km": 142.96454525123275, "n_points": 1, "weight_sum": 4.8926404963023156e-05, "confidence": "Low", "flagged": false }, "geometry": { "type": "Polygon", "coordinates": [ [ [ -119.201325097808763, 53.5269948282019 ], [ -119.101325097808768, 53.5269948282019 ], [ -119.101325097808768, 53.626994828201902 ], [ -119.201325097808763, 53.626994828201902 ], [ -119.201325097808763, 53.5269948282019 ] ] ] } },
{ "type": "Feature", "properties": { "value": "2", "label": "AQHI 2", "color": "#0099cb", "timestamp": "2026-09-16 14:00:00", "generated_at": "2026-09-16T20:31:32.792111", "nearest_km": 133.5181348763964, "n_points": 1, "weight_sum": 5.6094397273487682e-05, "confidence": "Low", "flagged": false }, "geometry": { "type": "Polygon", "coordinates": [ [ [ -119.101325097808768, 53.5269948282019 ], [ -119.001325097808774, 53.5269948282019 ], [ -119.001325097808774, 53.626994828201902 ], [ -119.101325097808768, 53.626994828201902 ], [ -119.101325097808768, 53.5269948282019 ] ] ] } },
{ "type": "Feature", "properties": { "value": "2", "label": "AQHI 2", "color": "#0099cb", "timestamp": "2026-09-16 14:00:00", "generated_at": "2026-09-16T20:31:32.792111", "nearest_km": 124.34525918928861, "n_points": 1, "weight_sum": 6.4675759309362565e-05, "confidence": "Low", "flagged": false }, "geometry": { "type": "Polygon", "coordinates": [ [ [ -119.001325097808774, 53.5269948282019 ], [ -118.90132509780878, 53.5269948282019 ], [ -118.90132509780878, 53.626994828201902 ], [ -119.001325097808774, 53.626994828201902 ], [ -119.001325097808774, 53.5269948282019 ] ] ] } },
{ "type": "Feature", "properties": { "value": "2", "label": "AQHI 2", "color": "#0099cb", "timestamp": "2026-09-16 14:00:00", "generated_at": "2026-09-16T20:31:32.792111", "nearest_km": 115.51110173845244, "n_points": 2, "weight_sum": 0.00012127833189161742, "confidence": "Low", "flagged": false }, "geometry": { "type": "Polygon", "coordinates": [ [ [ -118.90132509780878, 53.5269948282019 ], [ -118.801325097808785, 53.5269948282019 ], [ -118.801325097808785, 53.626994828201902 ], [ -118.90132509780878, 53.626994828201902 ], [ -118.90132509780878, 53.5269948282019 ] ] ] } },
{ "type": "Feature", "properties": { "value": "2", "label": "AQHI 2", "color": "#0099cb", "timestamp": "2026-09-16 14:00:00", "generated_at": "2026-09-16T20:31:32.792111", "nearest_km": 107.09951338269856, "n_points": 2, "weight_sum": 0.00014134669361877907, "confidence": "Low", "flagged": false }, "geometry": { "type": "Polygon", "coordinates": [ [ [ -118.801325097808785, 53.5269948282019 ], [ -118.701325097808791, 53.5269948282019 ], [ -118.701325097808791, 53.626994828201902 ], [ -118.801325097808785, 53.626994828201902 ], [ -118.801325097808785, 53.5269948282019 ] ] ] } },
{ "type": "Feature", "properties": { "value": "2", "label": "AQHI 2", "color": "#0099cb", "timestamp": "2026-09-16 14:00:00", "generated_at": "2026-09-16T20:31:32.792111", "nearest_km": 99.218027136153637, "n_points": 2, "weight_sum": 0.00016573824969094331, "confidence": "Low", "flagged": false }, "geometry": { "type": "Polygon", "coordinates": [ [ [ -118.701325097808791, 53.5269948282019 ], [ -118.601325097808797, 53.5269948282019 ], [ -118.601325097808797, 53.626994828201902 ], [ -118.701325097808791, 53.626994828201902 ], [ -118.701325097808791, 53.5269948282019 ] ] ] } },
{ "type": "Feature", "properties": { "value": "2", "label": "AQHI 2", "color": "#0099cb", "timestamp": "2026-09-16 14:00:00", "generated_at": "2026-09-16T20:31:32.792111", "nearest_km": 92.002978488580354, "n_points": 2, "weight_sum": 0.00019530945823400246, "confidence": "Low", "flagged": false }, "geometry": { "type": "Polygon", "coordinates": [ [ [ -118.601325097808797, 53.5269948282019 ], [ -118.501325097808802, 53.5269948282019 ], [ -118.501325097808802, 53.626994828201902 ], [ -118.601325097808797, 53.626994828201902 ], [ -118.601325097808797, 53.5269948282019 ] ] ] } },
{ "type": "Feature", "properties": { "value": "2", "label": "AQHI 2", "color": "#0099cb", "timestamp": "2026-09-16 14:00:00", "generated_at": "2026-09-16T20:31:32.792111", "nearest_km": 85.623006211822627, "n_points": 2, "weight_sum": 0.00023095269429724495, "confidence": "Low", "flagged": false }, "geometry": { "type": "Polygon", "coordinates": [ [ [ -118.501325097808802, 53.5269948282019 ], [ -118.401325097808808, 53.5269948282019 ], [ -118.401325097808808, 53.626994828201902 ], [ -118.501325097808802, 53.626994828201902 ], [ -118.501325097808802, 53.5269948282019 ] ] ] } },
{ "type": "Feature", "properties": { "value": "2", "label": "AQHI 2", "color": "#0099cb", "timestamp": "2026-09-16 14:00:00", "generated_at": "2026-09-16T20:31:32.792111", "nearest_km": 80.277458447122143, "n_points": 2, "weight_sum": 0.000273647972687355, "confidence": "Low", "flagged": false }, "geometry": { "type": "Polygon", "coordinates": [ [ [ -118.401325097808808, 53.5269948282019 ], [ -118.301325097808814, 53.5269948282019 ], [ -118.301325097808814, 53.626994828201902 ], [ -118.401325097808808, 53.626994828201902 ], [ -118.401325097808808, 53.5269948282019 ] ] ] } },
{ "type": "Feature", "properties": { "value": "2", "label": "AQHI 2", "color": "#0099cb", "timestamp": "2026-09-16 14:00:00", "generated_at": "2026-09-16T20:31:32.792111", "nearest_km": 76.184391293157958, "n_points": 3, "weight_sum": 0.00037503017598777008, "confidence": "Low", "flagged": false }, "geometry": { "type": "Polygon", "coordinates": [ [ [ -118.301325097808814, 53.5269948282019 ], [ -118.201325097808819, 53.5269948282019 ], [ -118.201325097808819, 53.626994828201902 ], [ -118.301325097808814, 53.626994828201902 ], [ -118.301325097808814, 53.5269948282019 ] ] ] } },
{ "type": "Feature", "properties": { "value": "2", "label": "AQHI 2", "color": "#0099cb", "timestamp": "2026-09-16 14:00:00", "generated_at": "2026-09-16T20:31:32.792111", "nearest_km": 70.058899968717299, "n_points": 3, "weight_sum": 0.00044704477855271341, "confidence": "Medium", "flagged": false }, "geometry": { "type": "Polygon", "coordinates": [ [ [ -118.201325097808819, 53.5269948282019 ], [ -118.101325097808825, 53.5269948282019 ], [ -118.101325097808825, 53.626994828201902 ], [ -118.201325097808819, 53.626994828201902 ], [ -118.201325097808819, 53.5269948282019 ] ] ] } },
{ "type": "Feature", "properties": { "value": "1", "label": "AQHI 1", "color": "#01cbff", "timestamp": "2026-09-16 14:00:00", "generated_at": "2026-09-16T20:31:32.792111", "nearest_km": 59.25999216103817, "n_points": 3, "weight_sum": 0.00054378839963595683, "confidence": "Medium", "flagged": false }, "geometry": { "type": "Polygon", "coordinates": [ [ [ -118.101325097808825, 53.5269948282019 ], [ -118.001325097808831, 53.5269948282019 ], [ -118.001325097808831, 53.626994828201902 ], [ -118.101325097808825, 53.626994828201902 ], [ -118.101325097808825, 53.5269948282019 ] ] ] } },
{ "type": "Feature", "properties": { "value": "1", "label": "AQHI 1", "color": "#01cbff", "timestamp": "2026-09-16 14:00:00", "generated_at": "2026-09-16T20:31:32.792111", "nearest_km": 48.596953371850852, "n_points": 3, "weight_sum": 0.00069242253985345756, "confidence": "Medium", "flagged": false }, "geometry": { "type": "Polygon", "coordinates": [ [ [ -118.001325097808831, 53.5269948282019 ], [ -117.901325097808837, 53.5269948282019 ], [ -117.901325097808837, 53.626994828201902 ], [ -118.001325097808831, 53.626994828201902 ], [ -118.001325097808831, 53.5269948282019 ] ] ] } },
{ "type": "Feature", "properties": { "value": "1", "label": "AQHI 1", "color": "#01cbff", "timestamp": "2026-09-16 14:00:00", "generated_at": "2026-09-16T20:31:32.792111", "nearest_km": 38.183780367131789, "n_points": 3, "weight_sum": 0.00096104994881583239, "confidence": "Medium", "flagged": false }, "geometry": { "type": "Polygon", "coordinates": [ [ [ -117.901325097808837, 53.5269948282019 ], [ -117.801325097808842, 53.5269948282019 ], [ -117.801325097808842, 53.626994828201902 ], [ -117.901325097808837, 53.626994828201902 ], [ -117.901325097808837, 53.5269948282019 ] ] ] } },
{ "type": "Feature", "properties": { "value": "1", "label": "AQHI 1", "color": "#01cbff", "timestamp": "2026-09-16 14:00:00", "generated_at": "2026-09-16T20:31:32.792111", "nearest_km": 28.297672858820807, "n_points": 4, "weight_sum": 0.0015772537878028102, "confidence": "Medium", "flagged": false }, "geometry": { "type": "Polygon", "coordinates": [ [ [ -117.801325097808842, 53.5269948282019 ], [ -117.701325097808848, 53.5269948282019 ], [ -117.701325097808848, 53.626994828201902 ], [ -117.801325097808842, 53.626994828201902 ], [ -117.801325097808842, 53.5269948282019 ] ] ] } },
{ "type": "Feature", "properties": { "value": "1", "label": "AQHI 1", "color": "#01cbff", "timestamp": "2026-09-16 14:00:00", "generated_at": "2026-09-16T20:31:32.792111", "nearest_km": 19.746784429985063, "n_points": 5, "weight_sum": 0.0029580237428188587, "confidence": "High", "flagged": false }, "geometry": { "type": "Polygon", "coordinates": [ [ [ -117.701325097808848, 53.5269948282019 ], [ -117.601325097808854, 53.5269948282019 ], [ -117.601325097808854, 53.626994828201902 ], [ -117.701325097808848, 53.626994828201902 ], [ -117.701325097808848, 53.5269948282019 ] ] ] } },
{ "type": "Feature", "properties": { "value": "1", "label": "AQHI 1", "color": "#01cbff", "timestamp": "2026-09-16 14:00:00", "generated_at": "2026-09-16T20:31:32.792111", "nearest_km": 15.017746216517622, "n_points": 5, "weight_sum": 0.0048648722000965861, "confidence": "High", "flagged": false }, "geometry": { "type": "Polygon", "coordinates": [ [ [ -117.601325097808854, 53.5269948282019 ], [ -117.501325097808859, 53.5269948282019 ], [ -117.501325097808859, 53.626994828201902 ], [ -117.601325097808854, 53.626994828201902 ], [ -117.601325097808854, 53.5269948282019 ] ] ] } },
{ "type": "Feature", "properties": { "value": "1", "label": "AQHI 1", "color": "#01cbff", "timestamp": "2026-09-16 14:00:00", "generated_at": "2026-09-16T20:31:32.792111", "nearest_km": 17.537100887065971, "n_points": 5, "weight_sum": 0.0037384092265892398, "confidence": "High", "flagged": false }, "geometry": { "type": "Polygon", "coordinates": [ [ [ -117.501325097808859, 53.5269948282019 ], [ -117.401325097808865, 53.5269948282019 ], [ -117.401325097808865, 53.626994828201902 ], [ -117.501325097808859, 53.626994828201902 ], [ -117.501325097808859, 53.5269948282019 ] ] ] } },
{ "type": "Feature", "properties": { "value": "1", "label": "AQHI 1", "color": "#01cbff", "timestamp": "2026-09-16 14:00:00", "generated_at": "2026-09-16T20:31:32.792111", "nearest_km": 25.21878493549011, "n_points": 5, "weight_sum": 0.0021373892618555203, "confidence": "Medium", "flagged": false }, "geometry": { "type": "Polygon", "coordinates": [ [ [ -117.401325097808865, 53.5269948282019 ], [ -117.301325097808871, 53.5269948282019 ], [ -117.301325097808871, 53.626994828201902 ], [ -117.401325097808865, 53.626994828201902 ], [ -117.401325097808865, 53.5269948282019 ] ] ] } },
{ "type": "Feature", "properties": { "value": "1", "label": "AQHI 1", "color": "#01cbff", "timestamp": "2026-09-16 14:00:00", "generated_at": "2026-09-16T20:31:32.792111", "nearest_km": 34.797188388170781, "n_points": 5, "weight_sum": 0.0014885264554747673, "confidence": "Medium", "flagged": false }, "geometry": { "type": "Polygon", "coordinates": [ [ [ -117.301325097808871, 53.5269948282019 ], [ -117.201325097808876, 53.5269948282019 ], [ -117.201325097808876, 53.626994828201902 ], [ -117.301325097808871, 53.626994828201902 ], [ -117.301325097808871, 53.5269948282019 ] ] ] } },
{ "type": "Feature", "properties": { "value": "2", "label": "AQHI 2", "color": "#0099cb", "timestamp": "2026-09-16 14:00:00", "generated_at": "2026-09-16T20:31:32.792111", "nearest_km": 45.079058617291068, "n_points": 5, "weight_sum": 0.001255135699870013, "confidence": "Medium", "flagged": false }, "geometry": { "type": "Polygon", "coordinates": [ [ [ -117.201325097808876, 53.5269948282019 ], [ -117.101325097808882, 53.5269948282019 ], [ -117.101325097808882, 53.626994828201902 ], [ -117.201325097808876, 53.626994828201902 ], [ -117.201325097808876, 53.5269948282019 ] ] ] } },
{ "type": "Feature", "properties": { "value": "2", "label": "AQHI 2", "color": "#0099cb", "timestamp": "2026-09-16 14:00:00", "generated_at": "2026-09-16T20:31:32.792111", "nearest_km": 43.803600958020496, "n_points": 5, "weight_sum": 0.0011583735621406234, "confidence": "Medium", "flagged": false }, "geometry": { "type": "Polygon", "coordinates": [ [ [ -117.101325097808882, 53.5269948282019 ], [ -117.001325097808888, 53.5269948282019 ], [ -117.001325097808888, 53.626994828201902 ], [ -117.101325097808882, 53.626994828201902 ], [ -117.101325097808882, 53.5269948282019 ] ] ] } },
{ "type": "Feature", "properties": { "value": "2", "label": "AQHI 2", "color": "#0099cb", "timestamp": "2026-09-16 14:00:00", "generated_at": "2026-09-16T20:31:32.792111", "nearest_km": 44.908750562321693, "n_points": 5, "weight_sum": 0.0010917971973356643, "confidence": "Medium", "flagged": false }, "geometry": { "type": "Polygon", "coordinates": [ [ [ -117.001325097808888, 53.5269948282019 ], [ -116.901325097808893, 53.5269948282019 ], [ -116.901325097808893, 53.626994828201902 ], [ -117.001325097808888, 53.626994828201902 ], [ -117.001325097808888, 53.5269948282019 ] ] ] } },
{ "type": "Feature", "properties": { "value": "2", "label": "AQHI 2", "color": "#0099cb", "timestamp": "2026-09-16 14:00:00", "generated_at": "2026-09-16T20:31:32.792111", "nearest_km": 48.592759720437122, "n_points": 4, "weight_sum": 0.0010058271332733099, "confidence": "Medium", "flagged": false }, "geometry": { "type": "Polygon", "coordinates": [ [ [ -116.901325097808893, 53.5269948282019 ], [ -116.801325097808899, 53.5269948282019 ], [ -116.801325097808899, 53.626994828201902 ], [ -116.901325097808893, 53.626994828201902 ], [ -116.901325097808893, 53.5269948282019 ] ] ] } },
{ "type": "Feature", "properties": { "value": "2", "label": "AQHI 2", "color": "#0099cb", "timestamp": "2026-09-16 14:00:00", "generated_at": "2026-09-16T20:31:32.792111", "nearest_km": 45.947624494353342, "n_points": 4, "weight_sum": 0.0010485083309406296, "confidence": "Medium", "flagged": false }, "geometry": { "type": "Polygon", "coordinates": [ [ [ -116.801325097808899, 53.5269948282019 ], [ -116.701325097808905, 53.5269948282019 ], [ -116.701325097808905, 53.626994828201902 ], [ -116.801325097808899, 53.626994828201902 ], [ -116.801325097808899, 53.5269948282019 ] ] ] } },
{ "type": "Feature", "properties": { "value": "2", "label": "AQHI 2", "color": "#0099cb", "timestamp": "2026-09-16 14:00:00", "generated_at": "2026-09-16T20:31:32.792111", "nearest_km": 35.037871485771944, "n_points": 4, "weight_sum": 0.0012860919301137296, "confidence": "Medium", "flagged": false }, "geometry": { "type": "Polygon", "coordinates": [ [ [ -116.701325097808905, 53.5269948282019 ], [ -116.60132509780891, 53.5269948282019 ], [ -116.60132509780891, 53.626994828201902 ], [ -116.701325097808905, 53.626994828201902 ], [ -116.701325097808905, 53.5269948282019 ] ] ] } },
{ "type": "Feature", "properties": { "value": "2", "label": "AQHI 2", "color": "#0099cb", "timestamp": "2026-09-16 14:00:00", "generated_at": "2026-09-16T20:31:32.792111", "nearest_km": 24.301042772539901, "n_points": 4, "weight_sum": 0.002082734214433537, "confidence": "High", "flagged": false }, "geometry": { "type": "Polygon", "coordinates": [ [ [ -116.60132509780891, 53.5269948282019 ], [ -116.501325097808916, 53.5269948282019 ], [ -116.501325097808916, 53.626994828201902 ], [ -116.60132509780891, 53.626994828201902 ], [ -116.60132509780891, 53.5269948282019 ] ] ] } },
{ "type": "Feature", "properties": { "value": "2", "label": "AQHI 2", "color": "#0099cb", "timestamp": "2026-09-16 14:00:00", "generated_at": "2026-09-16T20:31:32.792111", "nearest_km": 14.136793179930486, "n_points": 4, "weight_sum": 0.0053286701499365863, "confidence": "High", "flagged": false }, "geometry": { "type": "Polygon", "coordinates": [ [ [ -116.501325097808916, 53.5269948282019 ], [ -116.401325097808922, 53.5269948282019 ], [ -116.401325097808922, 53.626994828201902 ], [ -116.501325097808916, 53.626994828201902 ], [ -116.501325097808916, 53.5269948282019 ] ] ] } },
{ "type": "Feature", "properties": { "value": "2", "label": "AQHI 2", "color": "#0099cb", "timestamp": "2026-09-16 14:00:00", "generated_at": "2026-09-16T20:31:32.792111", "nearest_km": 7.4550092549517615, "n_points": 4, "weight_sum": 0.018266904349499975, "confidence": "High", "flagged": false }, "geometry": { "type": "Polygon", "coordinates": [ [ [ -116.401325097808922, 53.5269948282019 ], [ -116.301325097808927, 53.5269948282019 ], [ -116.301325097808927, 53.626994828201902 ], [ -116.401325097808922, 53.626994828201902 ], [ -116.401325097808922, 53.5269948282019 ] ] ] } },
{ "type": "Feature", "properties": { "value": "2", "label": "AQHI 2", "color": "#0099cb", "timestamp": "2026-09-16 14:00:00", "generated_at": "2026-09-16T20:31:32.792111", "nearest_km": 12.558877520331015, "n_points": 4, "weight_sum": 0.0065731788744535068, "confidence": "High", "flagged": false }, "geometry": { "type": "Polygon", "coordinates": [ [ [ -116.301325097808927, 53.5269948282019 ], [ -116.201325097808933, 53.5269948282019 ], [ -116.201325097808933, 53.626994828201902 ], [ -116.301325097808927, 53.626994828201902 ], [ -116.301325097808927, 53.5269948282019 ] ] ] } },
{ "type": "Feature", "properties": { "value": "2", "label": "AQHI 2", "color": "#0099cb", "timestamp": "2026-09-16 14:00:00", "generated_at": "2026-09-16T20:31:32.792111", "nearest_km": 22.500969893538077, "n_points": 4, "weight_sum": 0.0021844599705534134, "confidence": "High", "flagged": false }, "geometry": { "type": "Polygon", "coordinates": [ [ [ -116.201325097808933, 53.5269948282019 ], [ -116.101325097808939, 53.5269948282019 ], [ -116.101325097808939, 53.626994828201902 ], [ -116.201325097808933, 53.626994828201902 ], [ -116.201325097808933, 53.5269948282019 ] ] ] } },
{ "type": "Feature", "properties": { "value": "2", "label": "AQHI 2", "color": "#0099cb", "timestamp": "2026-09-16 14:00:00", "generated_at": "2026-09-16T20:31:32.792111", "nearest_km": 33.185567461309297, "n_points": 4, "weight_sum": 0.0011045445110234996, "confidence": "Medium", "flagged": false }, "geometry": { "type": "Polygon", "coordinates": [ [ [ -116.101325097808939, 53.5269948282019 ], [ -116.001325097808945, 53.5269948282019 ], [ -116.001325097808945, 53.626994828201902 ], [ -116.101325097808939, 53.626994828201902 ], [ -116.101325097808939, 53.5269948282019 ] ] ] } },
{ "type": "Feature", "properties": { "value": "2", "label": "AQHI 2", "color": "#0099cb", "timestamp": "2026-09-16 14:00:00", "generated_at": "2026-09-16T20:31:32.792111", "nearest_km": 44.075958631756215, "n_points": 4, "weight_sum": 0.00070464183707952049, "confidence": "Medium", "flagged": false }, "geometry": { "type": "Polygon", "coordinates": [ [ [ -116.001325097808945, 53.5269948282019 ], [ -115.90132509780895, 53.5269948282019 ], [ -115.90132509780895, 53.626994828201902 ], [ -116.001325097808945, 53.626994828201902 ], [ -116.001325097808945, 53.5269948282019 ] ] ] } },
{ "type": "Feature", "properties": { "value": "2", "label": "AQHI 2", "color": "#0099cb", "timestamp": "2026-09-16 14:00:00", "generated_at": "2026-09-16T20:31:32.792111", "nearest_km": 55.050144149560886, "n_points": 4, "weight_sum": 0.0005196714935081279, "confidence": "Medium", "flagged": false }, "geometry": { "type": "Polygon", "coordinates": [ [ [ -115.90132509780895, 53.5269948282019 ], [ -115.801325097808956, 53.5269948282019 ], [ -115.801325097808956, 53.626994828201902 ], [ -115.90132509780895, 53.626994828201902 ], [ -115.90132509780895, 53.5269948282019 ] ] ] } },
{ "type": "Feature", "properties": { "value": "2", "label": "AQHI 2", "color": "#0099cb", "timestamp": "2026-09-16 14:00:00", "generated_at": "2026-09-16T20:31:32.792111", "nearest_km": 66.066380349361893, "n_points": 4, "weight_sum": 0.00042590408732644827, "confidence": "Medium", "flagged": false }, "geometry": { "type": "Polygon", "coordinates": [ [ [ -115.801325097808956, 53.5269948282019 ], [ -115.701325097808962, 53.5269948282019 ], [ -115.701325097808962, 53.626994828201902 ], [ -115.801325097808956, 53.626994828201902 ], [ -115.801325097808956, 53.5269948282019 ] ] ] } },
{ "type": "Feature", "properties": { "value": "2", "label": "AQHI 2", "color": "#0099cb", "timestamp": "2026-09-16 14:00:00", "generated_at": "2026-09-16T20:31:32.792111", "nearest_km": 77.10664597844756, "n_points": 2, "weight_sum": 0.00030133285611480098, "confidence": "Low", "flagged": false }, "geometry": { "type": "Polygon", "coordinates": [ [ [ -115.701325097808962, 53.5269948282019 ], [ -115.601325097808967, 53.5269948282019 ], [ -115.601325097808967, 53.626994828201902 ], [ -115.701325097808962, 53.626994828201902 ], [ -115.701325097808962, 53.5269948282019 ] ] ] } },
{ "type": "Feature", "properties": { "value": "2", "label": "AQHI 2", "color": "#0099cb", "timestamp": "2026-09-16 14:00:00", "generated_at": "2026-09-16T20:31:32.792111", "nearest_km": 76.584609394725348, "n_points": 2, "weight_sum": 0.00029915545050199503, "confidence": "Low", "flagged": false }, "geometry": { "type": "Polygon", "coordinates": [ [ [ -115.601325097808967, 53.5269948282019 ], [ -115.501325097808973, 53.5269948282019 ], [ -115.501325097808973, 53.626994828201902 ], [ -115.601325097808967, 53.626994828201902 ], [ -115.601325097808967, 53.5269948282019 ] ] ] } },
{ "type": "Feature", "properties": { "value": "2", "label": "AQHI 2", "color": "#0099cb", "timestamp": "2026-09-16 14:00:00", "generated_at": "2026-09-16T20:31:32.792111", "nearest_km": 66.826200578230257, "n_points": 3, "weight_sum": 0.0003721046839967568, "confidence": "Medium", "flagged": false }, "geometry": { "type": "Polygon", "coordinates": [ [ [ -115.501325097808973, 53.5269948282019 ], [ -115.401325097808979, 53.5269948282019 ], [ -115.401325097808979, 53.626994828201902 ], [ -115.501325097808973, 53.626994828201902 ], [ -115.501325097808973, 53.5269948282019 ] ] ] } },
{ "type": "Feature", "properties": { "value": "2", "label": "AQHI 2", "color": "#0099cb", "timestamp": "2026-09-16 14:00:00", "generated_at": "2026-09-16T20:31:32.792111", "nearest_km": 57.556057642102637, "n_points": 3, "weight_sum": 0.0004385012567975916, "confidence": "Medium", "flagged": false }, "geometry": { "type": "Polygon", "coordinates": [ [ [ -115.401325097808979, 53.5269948282019 ], [ -115.301325097808984, 53.5269948282019 ], [ -115.301325097808984, 53.626994828201902 ], [ -115.401325097808979, 53.626994828201902 ], [ -115.401325097808979, 53.5269948282019 ] ] ] } },
{ "type": "Feature", "properties": { "value": "2", "label": "AQHI 2", "color": "#0099cb", "timestamp": "2026-09-16 14:00:00", "generated_at": "2026-09-16T20:31:32.792111", "nearest_km": 49.051793635709124, "n_points": 3, "weight_sum": 0.00054786733068916285, "confidence": "Medium", "flagged": false }, "geometry": { "type": "Polygon", "coordinates": [ [ [ -115.301325097808984, 53.5269948282019 ], [ -115.20132509780899, 53.5269948282019 ], [ -115.20132509780899, 53.626994828201902 ], [ -115.301325097808984, 53.626994828201902 ], [ -115.301325097808984, 53.5269948282019 ] ] ] } },
{ "type": "Feature", "properties": { "value": "2", "label": "AQHI 2", "color": "#0099cb", "timestamp": "2026-09-16 14:00:00", "generated_at": "2026-09-16T20:31:32.792111", "nearest_km": 41.783694743994566, "n_points": 3, "weight_sum": 0.00070702932288792156, "confidence": "Medium", "flagged": false }, "geometry": { "type": "Polygon", "coordinates": [ [ [ -115.20132509780899, 53.5269948282019 ], [ -115.101325097808996, 53.5269948282019 ], [ -115.101325097808996, 53.626994828201902 ], [ -115.20132509780899, 53.626994828201902 ], [ -115.20132509780899, 53.5269948282019 ] ] ] } },
{ "type": "Feature", "properties": { "value": "2", "label": "AQHI 2", "color": "#0099cb", "timestamp": "2026-09-16 14:00:00", "generated_at": "2026-09-16T20:31:32.792111", "nearest_km": 36.497888076413616, "n_points": 4, "weight_sum": 0.00093870220691268916, "confidence": "Medium", "flagged": false }, "geometry": { "type": "Polygon", "coordinates": [ [ [ -115.101325097808996, 53.5269948282019 ], [ -115.001325097809001, 53.5269948282019 ], [ -115.001325097809001, 53.626994828201902 ], [ -115.101325097808996, 53.626994828201902 ], [ -115.101325097808996, 53.5269948282019 ] ] ] } },
{ "type": "Feature", "properties": { "value": "2", "label": "AQHI 2", "color": "#0099cb", "timestamp": "2026-09-16 14:00:00", "generated_at": "2026-09-16T20:31:32.792111", "nearest_km": 34.128207125741071, "n_points": 3, "weight_sum": 0.0010288647481847507, "confidence": "Medium", "flagged": false }, "geometry": { "type": "Polygon", "coordinates": [ [ [ -115.001325097809001, 53.5269948282019 ], [ -114.901325097809007, 53.5269948282019 ], [ -114.901325097809007, 53.626994828201902 ], [ -115.001325097809001, 53.626994828201902 ], [ -115.001325097809001, 53.5269948282019 ] ] ] } },
{ "type": "Feature", "properties": { "value": "2", "label": "AQHI 2", "color": "#0099cb", "timestamp": "2026-09-16 14:00:00", "generated_at": "2026-09-16T20:31:32.792111", "nearest_km": 35.26745254759016, "n_points": 4, "weight_sum": 0.0010651669285470945, "confidence": "Medium", "flagged": false }, "geometry": { "type": "Polygon", "coordinates": [ [ [ -114.901325097809007, 53.5269948282019 ], [ -114.801325097809013, 53.5269948282019 ], [ -114.801325097809013, 53.626994828201902 ], [ -114.901325097809007, 53.626994828201902 ], [ -114.901325097809007, 53.5269948282019 ] ] ] } },
{ "type": "Feature", "properties": { "value": "2", "label": "AQHI 2", "color": "#0099cb", "timestamp": "2026-09-16 14:00:00", "generated_at": "2026-09-16T20:31:32.792111", "nearest_km": 39.614036612992834, "n_points": 7, "weight_sum": 0.0011099844298523096, "confidence": "Medium", "flagged": false }, "geometry": { "type": "Polygon", "coordinates": [ [ [ -114.801325097809013, 53.5269948282019 ], [ -114.701325097809018, 53.5269948282019 ], [ -114.701325097809018, 53.626994828201902 ], [ -114.801325097809013, 53.626994828201902 ], [ -114.801325097809013, 53.5269948282019 ] ] ] } },
{ "type": "Feature", "properties": { "value": "2", "label": "AQHI 2", "color": "#0099cb", "timestamp": "2026-09-16 14:00:00", "generated_at": "2026-09-16T20:31:32.792111", "nearest_km": 46.272784488882024, "n_points": 8, "weight_sum": 0.0011103452440832946, "confidence": "Medium", "flagged": false }, "geometry": { "type": "Polygon", "coordinates": [ [ [ -114.701325097809018, 53.5269948282019 ], [ -114.601325097809024, 53.5269948282019 ], [ -114.601325097809024, 53.626994828201902 ], [ -114.701325097809018, 53.626994828201902 ], [ -114.701325097809018, 53.5269948282019 ] ] ] } },
{ "type": "Feature", "properties": { "value": "2", "label": "AQHI 2", "color": "#0099cb", "timestamp": "2026-09-16 14:00:00", "generated_at": "2026-09-16T20:31:32.792111", "nearest_km": 50.793667593004486, "n_points": 10, "weight_sum": 0.0012710937120550617, "confidence": "Medium", "flagged": false }, "geometry": { "type": "Polygon", "coordinates": [ [ [ -114.601325097809024, 53.5269948282019 ], [ -114.50132509780903, 53.5269948282019 ], [ -114.50132509780903, 53.626994828201902 ], [ -114.601325097809024, 53.626994828201902 ], [ -114.601325097809024, 53.5269948282019 ] ] ] } },
{ "type": "Feature", "properties": { "value": "2", "label": "AQHI 2", "color": "#0099cb", "timestamp": "2026-09-16 14:00:00", "generated_at": "2026-09-16T20:31:32.792111", "nearest_km": 41.413964298623519, "n_points": 12, "weight_sum": 0.0015964457475003179, "confidence": "Medium", "flagged": false }, "geometry": { "type": "Polygon", "coordinates": [ [ [ -114.50132509780903, 53.5269948282019 ], [ -114.401325097809035, 53.5269948282019 ], [ -114.401325097809035, 53.626994828201902 ], [ -114.50132509780903, 53.626994828201902 ], [ -114.50132509780903, 53.5269948282019 ] ] ] } },
{ "type": "Feature", "properties": { "value": "2", "label": "AQHI 2", "color": "#0099cb", "timestamp": "2026-09-16 14:00:00", "generated_at": "2026-09-16T20:31:32.792111", "nearest_km": 33.115800010065662, "n_points": 13, "weight_sum": 0.0020985088298236102, "confidence": "Medium", "flagged": false }, "geometry": { "type": "Polygon", "coordinates": [ [ [ -114.401325097809035, 53.5269948282019 ], [ -114.301325097809041, 53.5269948282019 ], [ -114.301325097809041, 53.626994828201902 ], [ -114.401325097809035, 53.626994828201902 ], [ -114.401325097809035, 53.5269948282019 ] ] ] } },
{ "type": "Feature", "properties": { "value": "2", "label": "AQHI 2", "color": "#0099cb", "timestamp": "2026-09-16 14:00:00", "generated_at": "2026-09-16T20:31:32.792111", "nearest_km": 26.918692050053952, "n_points": 15, "weight_sum": 0.0028920008719874857, "confidence": "Medium", "flagged": false }, "geometry": { "type": "Polygon", "coordinates": [ [ [ -114.301325097809041, 53.5269948282019 ], [ -114.201325097809047, 53.5269948282019 ], [ -114.201325097809047, 53.626994828201902 ], [ -114.301325097809041, 53.626994828201902 ], [ -114.301325097809041, 53.5269948282019 ] ] ] } },
{ "type": "Feature", "properties": { "value": "2", "label": "AQHI 2", "color": "#0099cb", "timestamp": "2026-09-16 14:00:00", "generated_at": "2026-09-16T20:31:32.792111", "nearest_km": 24.474389738348599, "n_points": 17, "weight_sum": 0.0036661639769167528, "confidence": "High", "flagged": false }, "geometry": { "type": "Polygon", "coordinates": [ [ [ -114.201325097809047, 53.5269948282019 ], [ -114.101325097809053, 53.5269948282019 ], [ -114.101325097809053, 53.626994828201902 ], [ -114.201325097809047, 53.626994828201902 ], [ -114.201325097809047, 53.5269948282019 ] ] ] } },
{ "type": "Feature", "properties": { "value": "2", "label": "AQHI 2", "color": "#0099cb", "timestamp": "2026-09-16 14:00:00", "generated_at": "2026-09-16T20:31:32.792111", "nearest_km": 26.829005282408446, "n_points": 18, "weight_sum": 0.0041203967153103996, "confidence": "Medium", "flagged": false }, "geometry": { "type": "Polygon", "coordinates": [ [ [ -114.101325097809053, 53.5269948282019 ], [ -114.001325097809058, 53.5269948282019 ], [ -114.001325097809058, 53.626994828201902 ], [ -114.101325097809053, 53.626994828201902 ], [ -114.101325097809053, 53.5269948282019 ] ] ] } },
{ "type": "Feature", "properties": { "value": "2", "label": "AQHI 2", "color": "#0099cb", "timestamp": "2026-09-16 14:00:00", "generated_at": "2026-09-16T20:31:32.792111", "nearest_km": 26.900296232503042, "n_points": 18, "weight_sum": 0.0050106672777008457, "confidence": "Medium", "flagged": false }, "geometry": { "type": "Polygon", "coordinates": [ [ [ -114.001325097809058, 53.5269948282019 ], [ -113.901325097809064, 53.5269948282019 ], [ -113.901325097809064, 53.626994828201902 ], [ -114.001325097809058, 53.626994828201902 ], [ -114.001325097809058, 53.5269948282019 ] ] ] } },
{ "type": "Feature", "properties": { "value": "2", "label": "AQHI 2", "color": "#0099cb", "timestamp": "2026-09-16 14:00:00", "generated_at": "2026-09-16T20:31:32.792111", "nearest_km": 15.934955583099837, "n_points": 18, "weight_sum": 0.0084181734127347137, "confidence": "High", "flagged": false }, "geometry": { "type": "Polygon", "coordinates": [ [ [ -113.901325097809064, 53.5269948282019 ], [ -113.80132509780907, 53.5269948282019 ], [ -113.80132509780907, 53.626994828201902 ], [ -113.901325097809064, 53.626994828201902 ], [ -113.901325097809064, 53.5269948282019 ] ] ] } },
{ "type": "Feature", "properties": { "value": "2", "label": "AQHI 2", "color": "#0099cb", "timestamp": "2026-09-16 14:00:00", "generated_at": "2026-09-16T20:31:32.792111", "nearest_km": 5.5353122291596213, "n_points": 18, "weight_sum": 0.039349353139823844, "confidence": "High", "flagged": false }, "geometry": { "type": "Polygon", "coordinates": [ [ [ -113.80132509780907, 53.5269948282019 ], [ -113.701325097809075, 53.5269948282019 ], [ -113.701325097809075, 53.626994828201902 ], [ -113.80132509780907, 53.626994828201902 ], [ -113.80132509780907, 53.5269948282019 ] ] ] } },
{ "type": "Feature", "properties": { "value": "NA", "label": "No Data", "color": "#D3D3D3", "timestamp": "2026-09-16 14:00:00", "generated_at": "2026-09-16T20:31:32.792111", "nearest_km": 186.67049617930272, "n_points": 0, "weight_sum": 0.0, "confidence": "None", "flagged": false }, "geometry": { "type": "Polygon", "coordinates": [ [ [ -120.001325097808717, 53.626994828201902 ], [ -119.901325097808723, 53.626994828201902 ], [ -119.901325097808723, 53.726994828201903 ], [ -120.001325097808717, 53.726994828201903 ], [ -120.001325097808717, 53.626994828201902 ] ] ] } },
{ "type": "Feature", "properties": { "value": "NA", "label": "No Data", "color": "#D3D3D3", "timestamp": "2026-09-16 14:00:00", "generated_at": "2026-09-16T20:31:32.792111", "nearest_km": 182.97380522306165, "n_points": 0, "weight_sum": 0.0, "confidence": "None", "flagged": false }, "geometry": { "type": "Polygon", "coordinates": [ [ [ -119.901325097808723, 53.626994828201902 ], [ -119.801325097808729, 53.626994828201902 ], [ -119.801325097808729, 53.726994828201903 ], [ -119.901325097808723, 53.726994828201903 ], [ -119.901325097808723, 53.626994828201902 ] ] ] } },
{ "type": "Feature", "properties": { "value": "NA", "label": "No Data", "color": "#D3D3D3", "timestamp": "2026-09-16 14:00:00", "generated_at": "2026-09-16T20:31:32.792111", "nearest_km": 179.88711085507683, "n_points": 0, "weight_sum": 0.0, "confidence": "None", "flagged": false }, "geometry": { "type": "Polygon", "coordinates": [ [ [ -119.801325097808729, 53.626994828201902 ], [ -119.701325097808734, 53.626994828201902 ], [ -119.701325097808734, 53.726994828201903 ], [ -119.801325097808729, 53.726994828201903 ], [ -119.801325097808729, 53.626994828201902 ] ] ] } },
{ "type": "Feature", "properties": { "value": "NA", "label": "No Data", "color": "#D3D3D3", "timestamp": "2026-09-16 14:00:00", "generated_at": "2026-09-16T20:31:32.792111", "nearest_km": 177.44224949477635, "n_points": 0, "weight_sum": 0.0, "confidence": "None", "flagged": false }, "geometry": { "type": "Polygon", "coordinates": [ [ [ -119.701325097808734, 53.626994828201902 ], [ -119.60132509780874, 53.626994828201902 ], [ -119.60132509780874, 53.726994828201903 ], [ -119.701325097808734, 53.726994828201903 ], [ -119.701325097808734, 53.626994828201902 ] ] ] } },
{ "type": "Feature", "properties": { "value": "NA", "label": "No Data", "color": "#D3D3D3", "timestamp": "2026-09-16 14:00:00", "generated_at": "2026-09-16T20:31:32.792111", "nearest_km": 175.66602164262218, "n_points": 0, "weight_sum": 0.0, "confidence": "None", "flagged": false }, "geometry": { "type": "Polygon", "coordinates": [ [ [ -119.60132509780874, 53.626994828201902 ], [ -119.501325097808746, 53.626994828201902 ], [ -119.501325097808746, 53.726994828201903 ], [ -119.60132509780874, 53.726994828201903 ], [ -119.60132509780874, 53.626994828201902 ] ] ] } },
{ "type": "Feature", "properties": { "value": "NA", "label": "No Data", "color": "#D3D3D3", "timestamp": "2026-09-16 14:00:00", "generated_at": "2026-09-16T20:31:32.792111", "nearest_km": 174.57883724474144, "n_points": 0, "weight_sum": 0.0, "confidence": "None", "flagged": false }, "geometry": { "type": "Polygon", "coordinates": [ [ [ -119.501325097808746, 53.626994828201902 ], [ -119.401325097808751, 53.626994828201902 ], [ -119.401325097808751, 53.726994828201903 ], [ -119.501325097808746, 53.726994828201903 ], [ -119.501325097808746, 53.626994828201902 ] ] ] } },
{ "type": "Feature", "properties": { "value": "NA", "label": "No Data", "color": "#D3D3D3", "timestamp": "2026-09-16 14:00:00", "generated_at": "2026-09-16T20:31:32.792111", "nearest_km": 167.73533281031533, "n_points": 0, "weight_sum": 0.0, "confidence": "None", "flagged": false }, "geometry": { "type": "Polygon", "coordinates": [ [ [ -119.401325097808751, 53.626994828201902 ], [ -119.301325097808757, 53.626994828201902 ], [ -119.301325097808757, 53.726994828201903 ], [ -119.401325097808751, 53.726994828201903 ], [ -119.401325097808751, 53.626994828201902 ] ] ] } },
{ "type": "Feature", "properties": { "value": "NA", "label": "No Data", "color": "#D3D3D3", "timestamp": "2026-09-16 14:00:00", "generated_at": "2026-09-16T20:31:32.792111", "nearest_km": 158.21040741672812, "n_points": 0, "weight_sum": 0.0, "confidence": "None", "flagged": false }, "geometry": { "type": "Polygon", "coordinates": [ [ [ -119.301325097808757, 53.626994828201902 ], [ -119.201325097808763, 53.626994828201902 ], [ -119.201325097808763, 53.726994828201903 ], [ -119.301325097808757, 53.726994828201903 ], [ -119.301325097808757, 53.626994828201902 ] ] ] } },
{ "type": "Feature", "properties": { "value": "2", "label": "AQHI 2", "color": "#0099cb", "timestamp": "2026-09-16 14:00:00", "generated_at": "2026-09-16T20:31:32.792111", "nearest_km": 148.90380840309939, "n_points": 1, "weight_sum": 4.5101230294888994e-05, "confidence": "Low", "flagged": false }, "geometry": { "type": "Polygon", "coordinates": [ [ [ -119.201325097808763, 53.626994828201902 ], [ -119.101325097808768, 53.626994828201902 ], [ -119.101325097808768, 53.726994828201903 ], [ -119.201325097808763, 53.726994828201903 ], [ -119.201325097808763, 53.626994828201902 ] ] ] } },
{ "type": "Feature", "properties": { "value": "2", "label": "AQHI 2", "color": "#0099cb", "timestamp": "2026-09-16 14:00:00", "generated_at": "2026-09-16T20:31:32.792111", "nearest_km": 139.85912662006271, "n_points": 1, "weight_sum": 5.112324073898117e-05, "confidence": "Low", "flagged": false }, "geometry": { "type": "Polygon", "coordinates": [ [ [ -119.101325097808768, 53.626994828201902 ], [ -119.001325097808774, 53.626994828201902 ], [ -119.001325097808774, 53.726994828201903 ], [ -119.101325097808768, 53.726994828201903 ], [ -119.101325097808768, 53.626994828201902 ] ] ] } },
{ "type": "Feature", "properties": { "value": "2", "label": "AQHI 2", "color": "#0099cb", "timestamp": "2026-09-16 14:00:00", "generated_at": "2026-09-16T20:31:32.792111", "nearest_km": 131.13057019973073, "n_points": 1, "weight_sum": 5.8155674973901737e-05, "confidence": "Low", "flagged": false }, "geometry": { "type": "Polygon", "coordinates": [ [ [ -119.001325097808774, 53.626994828201902 ], [ -118.90132509780878, 53.626994828201902 ], [ -118.90132509780878, 53.726994828201903 ], [ -119.001325097808774, 53.726994828201903 ], [ -119.001325097808774, 53.626994828201902 ] ] ] } },
{ "type": "Feature", "properties": { "value": "2", "label": "AQHI 2", "color": "#0099cb", "timestamp": "2026-09-16 14:00:00", "generated_at": "2026-09-16T20:31:32.792111", "nearest_km": 122.78557563039014, "n_points": 2, "weight_sum": 0.00011170631894248821, "confidence": "Low", "flagged": false }, "geometry": { "type": "Polygon", "coordinates": [ [ [ -118.90132509780878, 53.626994828201902 ], [ -118.801325097808785, 53.626994828201902 ], [ -118.801325097808785, 53.726994828201903 ], [ -118.90132509780878, 53.726994828201903 ], [ -118.90132509780878, 53.626994828201902 ] ] ] } },
{ "type": "Feature", "properties": { "value": "2", "label": "AQHI 2", "color": "#0099cb", "timestamp": "2026-09-16 14:00:00", "generated_at": "2026-09-16T20:31:32.792111", "nearest_km": 114.90774005638599, "n_points": 2, "weight_sum": 0.00012860075796016762, "confidence": "Low", "flagged": false }, "geometry": { "type": "Polygon", "coordinates": [ [ [ -118.801325097808785, 53.626994828201902 ], [ -118.701325097808791, 53.626994828201902 ], [ -118.701325097808791, 53.726994828201903 ], [ -118.801325097808785, 53.726994828201903 ], [ -118.801325097808785, 53.626994828201902 ] ] ] } },
{ "type": "Feature", "properties": { "value": "2", "label": "AQHI 2", "color": "#0099cb", "timestamp": "2026-09-16 14:00:00", "generated_at": "2026-09-16T20:31:32.792111", "nearest_km": 107.59972057048135, "n_points": 2, "weight_sum": 0.0001487127567814749, "confidence": "Low", "flagged": false }, "geometry": { "type": "Polygon", "coordinates": [ [ [ -118.701325097808791, 53.626994828201902 ], [ -118.601325097808797, 53.626994828201902 ], [ -118.601325097808797, 53.726994828201903 ], [ -118.701325097808791, 53.726994828201903 ], [ -118.701325097808791, 53.626994828201902 ] ] ] } },
{ "type": "Feature", "properties": { "value": "2", "label": "AQHI 2", "color": "#0099cb", "timestamp": "2026-09-16 14:00:00", "generated_at": "2026-09-16T20:31:32.792111", "nearest_km": 100.98530095427418, "n_points": 2, "weight_sum": 0.00017261540494644474, "confidence": "Low", "flagged": false }, "geometry": { "type": "Polygon", "coordinates": [ [ [ -118.601325097808797, 53.626994828201902 ], [ -118.501325097808802, 53.626994828201902 ], [ -118.501325097808802, 53.726994828201903 ], [ -118.601325097808797, 53.726994828201903 ], [ -118.601325097808797, 53.626994828201902 ] ] ] } },
{ "type": "Feature", "properties": { "value": "2", "label": "AQHI 2", "color": "#0099cb", "timestamp": "2026-09-16 14:00:00", "generated_at": "2026-09-16T20:31:32.792111", "nearest_km": 95.209149512034642, "n_points": 2, "weight_sum": 0.00020097618900822022, "confidence": "Low", "flagged": false }, "geometry": { "type": "Polygon", "coordinates": [ [ [ -118.501325097808802, 53.626994828201902 ], [ -118.401325097808808, 53.626994828201902 ], [ -118.401325097808808, 53.726994828201903 ], [ -118.501325097808802, 53.726994828201903 ], [ -118.501325097808802, 53.626994828201902 ] ] ] } },
{ "type": "Feature", "properties": { "value": "2", "label": "AQHI 2", "color": "#0099cb", "timestamp": "2026-09-16 14:00:00", "generated_at": "2026-09-16T20:31:32.792111", "nearest_km": 90.432036871810922, "n_points": 2, "weight_sum": 0.00023470819910068183, "confidence": "Low", "flagged": false }, "geometry": { "type": "Polygon", "coordinates": [ [ [ -118.401325097808808, 53.626994828201902 ], [ -118.301325097808814, 53.626994828201902 ], [ -118.301325097808814, 53.726994828201903 ], [ -118.401325097808808, 53.726994828201903 ], [ -118.401325097808808, 53.626994828201902 ] ] ] } },
{ "type": "Feature", "properties": { "value": "2", "label": "AQHI 2", "color": "#0099cb", "timestamp": "2026-09-16 14:00:00", "generated_at": "2026-09-16T20:31:32.792111", "nearest_km": 83.697202050500309, "n_points": 3, "weight_sum": 0.00032290695070922909, "confidence": "Low", "flagged": false }, "geometry": { "type": "Polygon", "coordinates": [ [ [ -118.301325097808814, 53.626994828201902 ], [ -118.201325097808819, 53.626994828201902 ], [ -118.201325097808819, 53.726994828201903 ], [ -118.301325097808814, 53.726994828201903 ], [ -118.301325097808814, 53.626994828201902 ] ] ] } },
{ "type": "Feature", "properties": { "value": "2", "label": "AQHI 2", "color": "#0099cb", "timestamp": "2026-09-16 14:00:00", "generated_at": "2026-09-16T20:31:32.792111", "nearest_km": 73.227719049427392, "n_points": 3, "weight_sum": 0.00038142049645681716, "confidence": "Medium", "flagged": false }, "geometry": { "type": "Polygon", "coordinates": [ [ [ -118.201325097808819, 53.626994828201902 ], [ -118.101325097808825, 53.626994828201902 ], [ -118.101325097808825, 53.726994828201903 ], [ -118.201325097808819, 53.726994828201903 ], [ -118.201325097808819, 53.626994828201902 ] ] ] } },
{ "type": "Feature", "properties": { "value": "1", "label": "AQHI 1", "color": "#01cbff", "timestamp": "2026-09-16 14:00:00", "generated_at": "2026-09-16T20:31:32.792111", "nearest_km": 62.974566638298043, "n_points": 3, "weight_sum": 0.00045925223022951335, "confidence": "Medium", "flagged": false }, "geometry": { "type": "Polygon", "coordinates": [ [ [ -118.101325097808825, 53.626994828201902 ], [ -118.001325097808831, 53.626994828201902 ], [ -118.001325097808831, 53.726994828201903 ], [ -118.101325097808825, 53.726994828201903 ], [ -118.101325097808825, 53.626994828201902 ] ] ] } },
{ "type": "Feature", "properties": { "value": "1", "label": "AQHI 1", "color": "#01cbff", "timestamp": "2026-09-16 14:00:00", "generated_at": "2026-09-16T20:31:32.792111", "nearest_km": 53.063294746754856, "n_points": 3, "weight_sum": 0.00057173679061416289, "confidence": "Medium", "flagged": false }, "geometry": { "type": "Polygon", "coordinates": [ [ [ -118.001325097808831, 53.626994828201902 ], [ -117.901325097808837, 53.626994828201902 ], [ -117.901325097808837, 53.726994828201903 ], [ -118.001325097808831, 53.726994828201903 ], [ -118.001325097808831, 53.626994828201902 ] ] ] } },
{ "type": "Feature", "properties": { "value": "1", "label": "AQHI 1", "color": "#01cbff", "timestamp": "2026-09-16 14:00:00", "generated_at": "2026-09-16T20:31:32.792111", "nearest_km": 43.726999159335122, "n_points": 4, "weight_sum": 0.00079301572191998733, "confidence": "Medium", "flagged": false }, "geometry": { "type": "Polygon", "coordinates": [ [ [ -117.901325097808837, 53.626994828201902 ], [ -117.801325097808842, 53.626994828201902 ], [ -117.801325097808842, 53.726994828201903 ], [ -117.901325097808837, 53.726994828201903 ], [ -117.901325097808837, 53.626994828201902 ] ] ] } },
{ "type": "Feature", "properties": { "value": "1", "label": "AQHI 1", "color": "#01cbff", "timestamp": "2026-09-16 14:00:00", "generated_at": "2026-09-16T20:31:32.792111", "nearest_km": 35.423264411682602, "n_points": 4, "weight_sum": 0.0010813640604821402, "confidence": "Medium", "flagged": false }, "geometry": { "type": "Polygon", "coordinates": [ [ [ -117.801325097808842, 53.626994828201902 ], [ -117.701325097808848, 53.626994828201902 ], [ -117.701325097808848, 53.726994828201903 ], [ -117.801325097808842, 53.726994828201903 ], [ -117.801325097808842, 53.626994828201902 ] ] ] } },
{ "type": "Feature", "properties": { "value": "1", "label": "AQHI 1", "color": "#01cbff", "timestamp": "2026-09-16 14:00:00", "generated_at": "2026-09-16T20:31:32.792111", "nearest_km": 29.051417653523139, "n_points": 5, "weight_sum": 0.0015350921268121422, "confidence": "Medium", "flagged": false }, "geometry": { "type": "Polygon", "coordinates": [ [ [ -117.701325097808848, 53.626994828201902 ], [ -117.601325097808854, 53.626994828201902 ], [ -117.601325097808854, 53.726994828201903 ], [ -117.701325097808848, 53.726994828201903 ], [ -117.701325097808848, 53.626994828201902 ] ] ] } },
{ "type": "Feature", "properties": { "value": "1", "label": "AQHI 1", "color": "#01cbff", "timestamp": "2026-09-16 14:00:00", "generated_at": "2026-09-16T20:31:32.792111", "nearest_km": 26.068795019694804, "n_points": 5, "weight_sum": 0.0018549004895075376, "confidence": "Medium", "flagged": false }, "geometry": { "type": "Polygon", "coordinates": [ [ [ -117.601325097808854, 53.626994828201902 ], [ -117.501325097808859, 53.626994828201902 ], [ -117.501325097808859, 53.726994828201903 ], [ -117.601325097808854, 53.726994828201903 ], [ -117.601325097808854, 53.626994828201902 ] ] ] } },
{ "type": "Feature", "properties": { "value": "1", "label": "AQHI 1", "color": "#01cbff", "timestamp": "2026-09-16 14:00:00", "generated_at": "2026-09-16T20:31:32.792111", "nearest_km": 27.59708824999959, "n_points": 5, "weight_sum": 0.0017401428649378009, "confidence": "Medium", "flagged": false }, "geometry": { "type": "Polygon", "coordinates": [ [ [ -117.501325097808859, 53.626994828201902 ], [ -117.401325097808865, 53.626994828201902 ], [ -117.401325097808865, 53.726994828201903 ], [ -117.501325097808859, 53.726994828201903 ], [ -117.501325097808859, 53.626994828201902 ] ] ] } },
{ "type": "Feature", "properties": { "value": "1", "label": "AQHI 1", "color": "#01cbff", "timestamp": "2026-09-16 14:00:00", "generated_at": "2026-09-16T20:31:32.792111", "nearest_km": 33.015700598013034, "n_points": 5, "weight_sum": 0.0013992940033772171, "confidence": "Medium", "flagged": false }, "geometry": { "type": "Polygon", "coordinates": [ [ [ -117.401325097808865, 53.626994828201902 ], [ -117.301325097808871, 53.626994828201902 ], [ -117.301325097808871, 53.726994828201903 ], [ -117.401325097808865, 53.726994828201903 ], [ -117.401325097808865, 53.626994828201902 ] ] ] } },
{ "type": "Feature", "properties": { "value": "1", "label": "AQHI 1", "color": "#01cbff", "timestamp": "2026-09-16 14:00:00", "generated_at": "2026-09-16T20:31:32.792111", "nearest_km": 40.803108853088425, "n_points": 5, "weight_sum": 0.0011455273544895687, "confidence": "Medium", "flagged": false }, "geometry": { "type": "Polygon", "coordinates": [ [ [ -117.301325097808871, 53.626994828201902 ], [ -117.201325097808876, 53.626994828201902 ], [ -117.201325097808876, 53.726994828201903 ], [ -117.301325097808871, 53.726994828201903 ], [ -117.301325097808871, 53.626994828201902 ] ] ] } },
{ "type": "Feature", "properties": { "value": "2", "label": "AQHI 2", "color": "#0099cb", "timestamp": "2026-09-16 14:00:00", "generated_at": "2026-09-16T20:31:32.792111", "nearest_km": 49.86151720692321, "n_points": 5, "weight_sum": 0.0010111196342811762, "confidence": "Medium", "flagged": false }, "geometry": { "type": "Polygon", "coordinates": [ [ [ -117.201325097808876, 53.626994828201902 ], [ -117.101325097808882, 53.626994828201902 ], [ -117.101325097808882, 53.726994828201903 ], [ -117.201325097808876, 53.726994828201903 ], [ -117.201325097808876, 53.626994828201902 ] ] ] } },
{ "type": "Feature", "properties": { "value": "2", "label": "AQHI 2", "color": "#0099cb", "timestamp": "2026-09-16 14:00:00", "generated_at": "2026-09-16T20:31:32.792111", "nearest_km": 54.900633990370579, "n_points": 5, "weight_sum": 0.00094700082860061383, "confidence": "Medium", "flagged": false }, "geometry": { "type": "Polygon", "coordinates": [ [ [ -117.101325097808882, 53.626994828201902 ], [ -117.001325097808888, 53.626994828201902 ], [ -117.001325097808888, 53.726994828201903 ], [ -117.101325097808882, 53.726994828201903 ], [ -117.101325097808882, 53.626994828201902 ] ] ] } },
{ "type": "Feature", "properties": { "value": "2", "label": "AQHI 2", "color": "#0099cb", "timestamp": "2026-09-16 14:00:00", "generated_at": "2026-09-16T20:31:32.792111", "nearest_km": 55.786378558963371, "n_points": 5, "weight_sum": 0.00092083548322308563, "confidence": "Medium", "flagged": false }, "geometry": { "type": "Polygon", "coordinates": [ [ [ -117.001325097808888, 53.626994828201902 ], [ -116.901325097808893, 53.626994828201902 ], [ -116.901325097808893, 53.726994828201903 ], [ -117.001325097808888, 53.726994828201903 ], [ -117.001325097808888, 53.626994828201902 ] ] ] } },
{ "type": "Feature", "properties": { "value": "2", "label": "AQHI 2", "color": "#0099cb", "timestamp": "2026-09-16 14:00:00", "generated_at": "2026-09-16T20:31:32.792111", "nearest_km": 56.570225247472862, "n_points": 4, "weight_sum": 0.00089283234382855415, "confidence": "Medium", "flagged": false }, "geometry": { "type": "Polygon", "coordinates": [ [ [ -116.901325097808893, 53.626994828201902 ], [ -116.801325097808899, 53.626994828201902 ], [ -116.801325097808899, 53.726994828201903 ], [ -116.901325097808893, 53.726994828201903 ], [ -116.901325097808893, 53.626994828201902 ] ] ] } },
{ "type": "Feature", "properties": { "value": "2", "label": "AQHI 2", "color": "#0099cb", "timestamp": "2026-09-16 14:00:00", "generated_at": "2026-09-16T20:31:32.792111", "nearest_km": 45.499875012237297, "n_points": 4, "weight_sum": 0.00098894113074336288, "confidence": "Medium", "flagged": false }, "geometry": { "type": "Polygon", "coordinates": [ [ [ -116.801325097808899, 53.626994828201902 ], [ -116.701325097808905, 53.626994828201902 ], [ -116.701325097808905, 53.726994828201903 ], [ -116.801325097808899, 53.726994828201903 ], [ -116.801325097808899, 53.626994828201902 ] ] ] } },
{ "type": "Feature", "properties": { "value": "2", "label": "AQHI 2", "color": "#0099cb", "timestamp": "2026-09-16 14:00:00", "generated_at": "2026-09-16T20:31:32.792111", "nearest_km": 34.448611985224993, "n_points": 4, "weight_sum": 0.0012793360215697107, "confidence": "Medium", "flagged": false }, "geometry": { "type": "Polygon", "coordinates": [ [ [ -116.701325097808905, 53.626994828201902 ], [ -116.60132509780891, 53.626994828201902 ], [ -116.60132509780891, 53.726994828201903 ], [ -116.701325097808905, 53.726994828201903 ], [ -116.701325097808905, 53.626994828201902 ] ] ] } },
{ "type": "Feature", "properties": { "value": "2", "label": "AQHI 2", "color": "#0099cb", "timestamp": "2026-09-16 14:00:00", "generated_at": "2026-09-16T20:31:32.792111", "nearest_km": 23.443444910847262, "n_points": 4, "weight_sum": 0.002194537739278963, "confidence": "High", "flagged": false }, "geometry": { "type": "Polygon", "coordinates": [ [ [ -116.60132509780891, 53.626994828201902 ], [ -116.501325097808916, 53.626994828201902 ], [ -116.501325097808916, 53.726994828201903 ], [ -116.60132509780891, 53.726994828201903 ], [ -116.60132509780891, 53.626994828201902 ] ] ] } },
{ "type": "Feature", "properties": { "value": "2", "label": "AQHI 2", "color": "#0099cb", "timestamp": "2026-09-16 14:00:00", "generated_at": "2026-09-16T20:31:32.792111", "nearest_km": 12.605687242956877, "n_points": 4, "weight_sum": 0.0066146086659171436, "confidence": "High", "flagged": false }, "geometry": { "type": "Polygon", "coordinates": [ [ [ -116.501325097808916, 53.626994828201902 ], [ -116.401325097808922, 53.626994828201902 ], [ -116.401325097808922, 53.726994828201903 ], [ -116.501325097808916, 53.726994828201903 ], [ -116.501325097808916, 53.626994828201902 ] ] ] } },
{ "type": "Feature", "properties": { "value": "2", "label": "AQHI 2", "color": "#0099cb", "timestamp": "2026-09-16 14:00:00", "generated_at": "2026-09-16T20:31:32.792111", "nearest_km": 3.8251264615085665, "n_points": 4, "weight_sum": 0.068620905017492434, "confidence": "High", "flagged": false }, "geometry": { "type": "Polygon", "coordinates": [ [ [ -116.401325097808922, 53.626994828201902 ], [ -116.301325097808927, 53.626994828201902 ], [ -116.301325097808927, 53.726994828201903 ], [ -116.401325097808922, 53.726994828201903 ], [ -116.401325097808922, 53.626994828201902 ] ] ] } },
{ "type": "Feature", "properties": { "value": "2", "label": "AQHI 2", "color": "#0099cb", "timestamp": "2026-09-16 14:00:00", "generated_at": "2026-09-16T20:31:32.792111", "nearest_km": 10.806471858372293, "n_points": 4, "weight_sum": 0.0087999102036309743, "confidence": "High", "flagged": false }, "geometry": { "type": "Polygon", "coordinates": [ [ [ -116.301325097808927, 53.626994828201902 ], [ -116.201325097808933, 53.626994828201902 ], [ -116.201325097808933, 53.726994828201903 ], [ -116.301325097808927, 53.726994828201903 ], [ -116.301325097808927, 53.626994828201902 ] ] ] } },
{ "type": "Feature", "properties": { "value": "2", "label": "AQHI 2", "color": "#0099cb", "timestamp": "2026-09-16 14:00:00", "generated_at": "2026-09-16T20:31:32.792111", "nearest_km": 21.571927952898033, "n_points": 4, "weight_sum": 0.0023609791993028178, "confidence": "High", "flagged": false }, "geometry": { "type": "Polygon", "coordinates": [ [ [ -116.201325097808933, 53.626994828201902 ], [ -116.101325097808939, 53.626994828201902 ], [ -116.101325097808939, 53.726994828201903 ], [ -116.201325097808933, 53.726994828201903 ], [ -116.201325097808933, 53.626994828201902 ] ] ] } },
{ "type": "Feature", "properties": { "value": "2", "label": "AQHI 2", "color": "#0099cb", "timestamp": "2026-09-16 14:00:00", "generated_at": "2026-09-16T20:31:32.792111", "nearest_km": 32.562805732679529, "n_points": 4, "weight_sum": 0.0011410594532737352, "confidence": "Medium", "flagged": false }, "geometry": { "type": "Polygon", "coordinates": [ [ [ -116.101325097808939, 53.626994828201902 ], [ -116.001325097808945, 53.626994828201902 ], [ -116.001325097808945, 53.726994828201903 ], [ -116.101325097808939, 53.726994828201903 ], [ -116.101325097808939, 53.626994828201902 ] ] ] } },
{ "type": "Feature", "properties": { "value": "2", "label": "AQHI 2", "color": "#0099cb", "timestamp": "2026-09-16 14:00:00", "generated_at": "2026-09-16T20:31:32.792111", "nearest_km": 43.608996305388658, "n_points": 4, "weight_sum": 0.00071529929256170985, "confidence": "Medium", "flagged": false }, "geometry": { "type": "Polygon", "coordinates": [ [ [ -116.001325097808945, 53.626994828201902 ], [ -115.90132509780895, 53.626994828201902 ], [ -115.90132509780895, 53.726994828201903 ], [ -116.001325097808945, 53.726994828201903 ], [ -116.001325097808945, 53.626994828201902 ] ] ] } },
{ "type": "Feature", "properties": { "value": "2", "label": "AQHI 2", "color": "#0099cb", "timestamp": "2026-09-16 14:00:00", "generated_at": "2026-09-16T20:31:32.792111", "nearest_km": 54.676986021017555, "n_points": 4, "weight_sum": 0.00052123487636326015, "confidence": "Medium", "flagged": false }, "geometry": { "type": "Polygon", "coordinates": [ [ [ -115.90132509780895, 53.626994828201902 ], [ -115.801325097808956, 53.626994828201902 ], [ -115.801325097808956, 53.726994828201903 ], [ -115.90132509780895, 53.726994828201903 ], [ -115.90132509780895, 53.626994828201902 ] ] ] } },
{ "type": "Feature", "properties": { "value": "2", "label": "AQHI 2", "color": "#0099cb", "timestamp": "2026-09-16 14:00:00", "generated_at": "2026-09-16T20:31:32.792111", "nearest_km": 65.755768126618889, "n_points": 3, "weight_sum": 0.00037903180547354279, "confidence": "Medium", "flagged": false }, "geometry": { "type": "Polygon", "coordinates": [ [ [ -115.801325097808956, 53.626994828201902 ], [ -115.701325097808962, 53.626994828201902 ], [ -115.701325097808962, 53.726994828201903 ], [ -115.801325097808956, 53.726994828201903 ], [ -115.801325097808956, 53.626994828201902 ] ] ] } },
{ "type": "Feature", "properties": { "value": "2", "label": "AQHI 2", "color": "#0099cb", "timestamp": "2026-09-16 14:00:00", "generated_at": "2026-09-16T20:31:32.792111", "nearest_km": 76.840674668438197, "n_points": 3, "weight_sum": 0.00033317198973299776, "confidence": "Low", "flagged": false }, "geometry": { "type": "Polygon", "coordinates": [ [ [ -115.701325097808962, 53.626994828201902 ], [ -115.601325097808967, 53.626994828201902 ], [ -115.601325097808967, 53.726994828201903 ], [ -115.701325097808962, 53.726994828201903 ], [ -115.701325097808962, 53.626994828201902 ] ] ] } },
{ "type": "Feature", "properties": { "value": "2", "label": "AQHI 2", "color": "#0099cb", "timestamp": "2026-09-16 14:00:00", "generated_at": "2026-09-16T20:31:32.792111", "nearest_km": 82.126555124379792, "n_points": 2, "weight_sum": 0.00027760271196493075, "confidence": "Low", "flagged": false }, "geometry": { "type": "Polygon", "coordinates": [ [ [ -115.601325097808967, 53.626994828201902 ], [ -115.501325097808973, 53.626994828201902 ], [ -115.501325097808973, 53.726994828201903 ], [ -115.601325097808967, 53.726994828201903 ], [ -115.601325097808967, 53.626994828201902 ] ] ] } },
{ "type": "Feature", "properties": { "value": "2", "label": "AQHI 2", "color": "#0099cb", "timestamp": "2026-09-16 14:00:00", "generated_at": "2026-09-16T20:31:32.792111", "nearest_km": 73.111625232769924, "n_points": 3, "weight_sum": 0.00033427706200841973, "confidence": "Medium", "flagged": false }, "geometry": { "type": "Polygon", "coordinates": [ [ [ -115.501325097808973, 53.626994828201902 ], [ -115.401325097808979, 53.626994828201902 ], [ -115.401325097808979, 53.726994828201903 ], [ -115.501325097808973, 53.726994828201903 ], [ -115.501325097808973, 53.626994828201902 ] ] ] } },
{ "type": "Feature", "properties": { "value": "2", "label": "AQHI 2", "color": "#0099cb", "timestamp": "2026-09-16 14:00:00", "generated_at": "2026-09-16T20:31:32.792111", "nearest_km": 64.747729162930341, "n_points": 3, "weight_sum": 0.00037353860324317181, "confidence": "Medium", "flagged": false }, "geometry": { "type": "Polygon", "coordinates": [ [ [ -115.401325097808979, 53.626994828201902 ], [ -115.301325097808984, 53.626994828201902 ], [ -115.301325097808984, 53.726994828201903 ], [ -115.401325097808979, 53.726994828201903 ], [ -115.401325097808979, 53.626994828201902 ] ] ] } },
{ "type": "Feature", "properties": { "value": "2", "label": "AQHI 2", "color": "#0099cb", "timestamp": "2026-09-16 14:00:00", "generated_at": "2026-09-16T20:31:32.792111", "nearest_km": 57.320564541317388, "n_points": 3, "weight_sum": 0.00043414791875511253, "confidence": "Medium", "flagged": false }, "geometry": { "type": "Polygon", "coordinates": [ [ [ -115.301325097808984, 53.626994828201902 ], [ -115.20132509780899, 53.626994828201902 ], [ -115.20132509780899, 53.726994828201903 ], [ -115.301325097808984, 53.726994828201903 ], [ -115.301325097808984, 53.626994828201902 ] ] ] } },
{ "type": "Feature", "properties": { "value": "2", "label": "AQHI 2", "color": "#0099cb", "timestamp": "2026-09-16 14:00:00", "generated_at": "2026-09-16T20:31:32.792111", "nearest_km": 51.239104275098882, "n_points": 3, "weight_sum": 0.00051148902972947849, "confidence": "Medium", "flagged": false }, "geometry": { "type": "Polygon", "coordinates": [ [ [ -115.20132509780899, 53.626994828201902 ], [ -115.101325097808996, 53.626994828201902 ], [ -115.101325097808996, 53.726994828201903 ], [ -115.20132509780899, 53.726994828201903 ], [ -115.20132509780899, 53.626994828201902 ] ] ] } },
{ "type": "Feature", "properties": { "value": "2", "label": "AQHI 2", "color": "#0099cb", "timestamp": "2026-09-16 14:00:00", "generated_at": "2026-09-16T20:31:32.792111", "nearest_km": 47.028337143615374, "n_points": 4, "weight_sum": 0.00063427687759809535, "confidence": "Medium", "flagged": false }, "geometry": { "type": "Polygon", "coordinates": [ [ [ -115.101325097808996, 53.626994828201902 ], [ -115.001325097809001, 53.626994828201902 ], [ -115.001325097809001, 53.726994828201903 ], [ -115.101325097808996, 53.726994828201903 ], [ -115.101325097808996, 53.626994828201902 ] ] ] } },
{ "type": "Feature", "properties": { "value": "2", "label": "AQHI 2", "color": "#0099cb", "timestamp": "2026-09-16 14:00:00", "generated_at": "2026-09-16T20:31:32.792111", "nearest_km": 45.213971093818131, "n_points": 3, "weight_sum": 0.00065038198689540156, "confidence": "Medium", "flagged": false }, "geometry": { "type": "Polygon", "coordinates": [ [ [ -115.001325097809001, 53.626994828201902 ], [ -114.901325097809007, 53.626994828201902 ], [ -114.901325097809007, 53.726994828201903 ], [ -115.001325097809001, 53.726994828201903 ], [ -115.001325097809001, 53.626994828201902 ] ] ] } },
{ "type": "Feature", "properties": { "value": "2", "label": "AQHI 2", "color": "#0099cb", "timestamp": "2026-09-16 14:00:00", "generated_at": "2026-09-16T20:31:32.792111", "nearest_km": 46.079950842548236, "n_points": 4, "weight_sum": 0.00071798391558252706, "confidence": "Medium", "flagged": false }, "geometry": { "type": "Polygon", "coordinates": [ [ [ -114.901325097809007, 53.626994828201902 ], [ -114.801325097809013, 53.626994828201902 ], [ -114.801325097809013, 53.726994828201903 ], [ -114.901325097809007, 53.726994828201903 ], [ -114.901325097809007, 53.626994828201902 ] ] ] } },
{ "type": "Feature", "properties": { "value": "2", "label": "AQHI 2", "color": "#0099cb", "timestamp": "2026-09-16 14:00:00", "generated_at": "2026-09-16T20:31:32.792111", "nearest_km": 49.485761156424324, "n_points": 6, "weight_sum": 0.00081072271698057912, "confidence": "Medium", "flagged": false }, "geometry": { "type": "Polygon", "coordinates": [ [ [ -114.801325097809013, 53.626994828201902 ], [ -114.701325097809018, 53.626994828201902 ], [ -114.701325097809018, 53.726994828201903 ], [ -114.801325097809013, 53.726994828201903 ], [ -114.801325097809013, 53.626994828201902 ] ] ] } },
{ "type": "Feature", "properties": { "value": "2", "label": "AQHI 2", "color": "#0099cb", "timestamp": "2026-09-16 14:00:00", "generated_at": "2026-09-16T20:31:32.792111", "nearest_km": 54.961252212896845, "n_points": 8, "weight_sum": 0.00092859718760526181, "confidence": "Medium", "flagged": false }, "geometry": { "type": "Polygon", "coordinates": [ [ [ -114.701325097809018, 53.626994828201902 ], [ -114.601325097809024, 53.626994828201902 ], [ -114.601325097809024, 53.726994828201903 ], [ -114.701325097809018, 53.726994828201903 ], [ -114.701325097809018, 53.626994828201902 ] ] ] } },
{ "type": "Feature", "properties": { "value": "2", "label": "AQHI 2", "color": "#0099cb", "timestamp": "2026-09-16 14:00:00", "generated_at": "2026-09-16T20:31:32.792111", "nearest_km": 56.978353554694429, "n_points": 10, "weight_sum": 0.0011090226991544744, "confidence": "Medium", "flagged": false }, "geometry": { "type": "Polygon", "coordinates": [ [ [ -114.601325097809024, 53.626994828201902 ], [ -114.50132509780903, 53.626994828201902 ], [ -114.50132509780903, 53.726994828201903 ], [ -114.601325097809024, 53.726994828201903 ], [ -114.601325097809024, 53.626994828201902 ] ] ] } },
{ "type": "Feature", "properties": { "value": "2", "label": "AQHI 2", "color": "#0099cb", "timestamp": "2026-09-16 14:00:00", "generated_at": "2026-09-16T20:31:32.792111", "nearest_km": 48.802177668448245, "n_points": 12, "weight_sum": 0.0013817679019279623, "confidence": "Medium", "flagged": false }, "geometry": { "type": "Polygon", "coordinates": [ [ [ -114.50132509780903, 53.626994828201902 ], [ -114.401325097809035, 53.626994828201902 ], [ -114.401325097809035, 53.726994828201903 ], [ -114.50132509780903, 53.726994828201903 ], [ -114.50132509780903, 53.626994828201902 ] ] ] } },
{ "type": "Feature", "properties": { "value": "2", "label": "AQHI 2", "color": "#0099cb", "timestamp": "2026-09-16 14:00:00", "generated_at": "2026-09-16T20:31:32.792111", "nearest_km": 41.990383620083655, "n_points": 14, "weight_sum": 0.0017611640043820669, "confidence": "Medium", "flagged": false }, "geometry": { "type": "Polygon", "coordinates": [ [ [ -114.401325097809035, 53.626994828201902 ], [ -114.301325097809041, 53.626994828201902 ], [ -114.301325097809041, 53.726994828201903 ], [ -114.401325097809035, 53.726994828201903 ], [ -114.401325097809035, 53.626994828201902 ] ] ] } },
{ "type": "Feature", "properties": { "value": "2", "label": "AQHI 2", "color": "#0099cb", "timestamp": "2026-09-16 14:00:00", "generated_at": "2026-09-16T20:31:32.792111", "nearest_km": 37.298151267063673, "n_points": 14, "weight_sum": 0.002150177203825846, "confidence": "Medium", "flagged": false }, "geometry": { "type": "Polygon", "coordinates": [ [ [ -114.301325097809041, 53.626994828201902 ], [ -114.201325097809047, 53.626994828201902 ], [ -114.201325097809047, 53.726994828201903 ], [ -114.301325097809041, 53.726994828201903 ], [ -114.301325097809041, 53.626994828201902 ] ] ] } },
{ "type": "Feature", "properties": { "value": "2", "label": "AQHI 2", "color": "#0099cb", "timestamp": "2026-09-16 14:00:00", "generated_at": "2026-09-16T20:31:32.792111", "nearest_km": 35.574314600842392, "n_points": 16, "weight_sum": 0.0026916478945435474, "confidence": "Medium", "flagged": false }, "geometry": { "type": "Polygon", "coordinates": [ [ [ -114.201325097809047, 53.626994828201902 ], [ -114.101325097809053, 53.626994828201902 ], [ -114.101325097809053, 53.726994828201903 ], [ -114.201325097809047, 53.726994828201903 ], [ -114.201325097809047, 53.626994828201902 ] ] ] } },
{ "type": "Feature", "properties": { "value": "NA", "label": "No Data", "color": "#D3D3D3", "timestamp": "2026-09-16 14:00:00", "generated_at": "2026-09-16T20:31:32.792111", "nearest_km": 176.35759790687257, "n_points": 0, "weight_sum": 0.0, "confidence": "None", "flagged": false }, "geometry": { "type": "Polygon", "coordinates": [ [ [ -120.001325097808717, 53.726994828201903 ], [ -119.901325097808723, 53.726994828201903 ], [ -119.901325097808723, 53.826994828201904 ], [ -120.001325097808717, 53.826994828201904 ], [ -120.001325097808717, 53.726994828201903 ] ] ] } },
{ "type": "Feature", "properties": { "value": "NA", "label": "No Data", "color": "#D3D3D3", "timestamp": "2026-09-16 14:00:00", "generated_at": "2026-09-16T20:31:32.792111", "nearest_km": 172.43996518632787, "n_points": 0, "weight_sum": 0.0, "confidence": "None", "flagged": false }, "geometry": { "type": "Polygon", "coordinates": [ [ [ -119.901325097808723, 53.726994828201903 ], [ -119.801325097808729, 53.726994828201903 ], [ -119.801325097808729, 53.826994828201904 ], [ -119.901325097808723, 53.826994828201904 ], [ -119.901325097808723, 53.726994828201903 ] ] ] } },
{ "type": "Feature", "properties": { "value": "NA", "label": "No Data", "color": "#D3D3D3", "timestamp": "2026-09-16 14:00:00", "generated_at": "2026-09-16T20:31:32.792111", "nearest_km": 169.16116826104556, "n_points": 0, "weight_sum": 0.0, "confidence": "None", "flagged": false }, "geometry": { "type": "Polygon", "coordinates": [ [ [ -119.801325097808729, 53.726994828201903 ], [ -119.701325097808734, 53.726994828201903 ], [ -119.701325097808734, 53.826994828201904 ], [ -119.801325097808729, 53.826994828201904 ], [ -119.801325097808729, 53.726994828201903 ] ] ] } },
{ "type": "Feature", "properties": { "value": "NA", "label": "No Data", "color": "#D3D3D3", "timestamp": "2026-09-16 14:00:00", "generated_at": "2026-09-16T20:31:32.792111", "nearest_km": 166.55893882173223, "n_points": 0, "weight_sum": 0.0, "confidence": "None", "flagged": false }, "geometry": { "type": "Polygon", "coordinates": [ [ [ -119.701325097808734, 53.726994828201903 ], [ -119.60132509780874, 53.726994828201903 ], [ -119.60132509780874, 53.826994828201904 ], [ -119.701325097808734, 53.826994828201904 ], [ -119.701325097808734, 53.726994828201903 ] ] ] } },
{ "type": "Feature", "properties": { "value": "NA", "label": "No Data", "color": "#D3D3D3", "timestamp": "2026-09-16 14:00:00", "generated_at": "2026-09-16T20:31:32.792111", "nearest_km": 164.66535566232892, "n_points": 0, "weight_sum": 0.0, "confidence": "None", "flagged": false }, "geometry": { "type": "Polygon", "coordinates": [ [ [ -119.60132509780874, 53.726994828201903 ], [ -119.501325097808746, 53.726994828201903 ], [ -119.501325097808746, 53.826994828201904 ], [ -119.60132509780874, 53.826994828201904 ], [ -119.60132509780874, 53.726994828201903 ] ] ] } },
{ "type": "Feature", "properties": { "value": "NA", "label": "No Data", "color": "#D3D3D3", "timestamp": "2026-09-16 14:00:00", "generated_at": "2026-09-16T20:31:32.792111", "nearest_km": 163.50504154117388, "n_points": 0, "weight_sum": 0.0, "confidence": "None", "flagged": false }, "geometry": { "type": "Polygon", "coordinates": [ [ [ -119.501325097808746, 53.726994828201903 ], [ -119.401325097808751, 53.726994828201903 ], [ -119.401325097808751, 53.826994828201904 ], [ -119.501325097808746, 53.826994828201904 ], [ -119.501325097808746, 53.726994828201903 ] ] ] } },
{ "type": "Feature", "properties": { "value": "NA", "label": "No Data", "color": "#D3D3D3", "timestamp": "2026-09-16 14:00:00", "generated_at": "2026-09-16T20:31:32.792111", "nearest_km": 163.09364752607834, "n_points": 0, "weight_sum": 0.0, "confidence": "None", "flagged": false }, "geometry": { "type": "Polygon", "coordinates": [ [ [ -119.401325097808751, 53.726994828201903 ], [ -119.301325097808757, 53.726994828201903 ], [ -119.301325097808757, 53.826994828201904 ], [ -119.401325097808751, 53.826994828201904 ], [ -119.401325097808751, 53.726994828201903 ] ] ] } },
{ "type": "Feature", "properties": { "value": "NA", "label": "No Data", "color": "#D3D3D3", "timestamp": "2026-09-16 14:00:00", "generated_at": "2026-09-16T20:31:32.792111", "nearest_km": 163.43682913388997, "n_points": 0, "weight_sum": 0.0, "confidence": "None", "flagged": false }, "geometry": { "type": "Polygon", "coordinates": [ [ [ -119.301325097808757, 53.726994828201903 ], [ -119.201325097808763, 53.726994828201903 ], [ -119.201325097808763, 53.826994828201904 ], [ -119.301325097808757, 53.826994828201904 ], [ -119.301325097808757, 53.726994828201903 ] ] ] } },
{ "type": "Feature", "properties": { "value": "NA", "label": "No Data", "color": "#D3D3D3", "timestamp": "2026-09-16 14:00:00", "generated_at": "2026-09-16T20:31:32.792111", "nearest_km": 155.40993248503162, "n_points": 0, "weight_sum": 0.0, "confidence": "None", "flagged": false }, "geometry": { "type": "Polygon", "coordinates": [ [ [ -119.201325097808763, 53.726994828201903 ], [ -119.101325097808768, 53.726994828201903 ], [ -119.101325097808768, 53.826994828201904 ], [ -119.201325097808763, 53.826994828201904 ], [ -119.201325097808763, 53.726994828201903 ] ] ] } },
{ "type": "Feature", "properties": { "value": "2", "label": "AQHI 2", "color": "#0099cb", "timestamp": "2026-09-16 14:00:00", "generated_at": "2026-09-16T20:31:32.792111", "nearest_km": 146.76674779043751, "n_points": 1, "weight_sum": 4.6424224572445182e-05, "confidence": "Low", "flagged": false }, "geometry": { "type": "Polygon", "coordinates": [ [ [ -119.101325097808768, 53.726994828201903 ], [ -119.001325097808774, 53.726994828201903 ], [ -119.001325097808774, 53.826994828201904 ], [ -119.101325097808768, 53.826994828201904 ], [ -119.101325097808768, 53.726994828201903 ] ] ] } },
{ "type": "Feature", "properties": { "value": "2", "label": "AQHI 2", "color": "#0099cb", "timestamp": "2026-09-16 14:00:00", "generated_at": "2026-09-16T20:31:32.792111", "nearest_km": 138.47429147304442, "n_points": 1, "weight_sum": 5.2150886661247266e-05, "confidence": "Low", "flagged": false }, "geometry": { "type": "Polygon", "coordinates": [ [ [ -119.001325097808774, 53.726994828201903 ], [ -118.90132509780878, 53.726994828201903 ], [ -118.90132509780878, 53.826994828201904 ], [ -119.001325097808774, 53.826994828201904 ], [ -119.001325097808774, 53.726994828201903 ] ] ] } },
{ "type": "Feature", "properties": { "value": "2", "label": "AQHI 2", "color": "#0099cb", "timestamp": "2026-09-16 14:00:00", "generated_at": "2026-09-16T20:31:32.792111", "nearest_km": 130.59938951213135, "n_points": 1, "weight_sum": 5.8629704640234356e-05, "confidence": "Low", "flagged": false }, "geometry": { "type": "Polygon", "coordinates": [ [ [ -118.90132509780878, 53.726994828201903 ], [ -118.801325097808785, 53.726994828201903 ], [ -118.801325097808785, 53.826994828201904 ], [ -118.90132509780878, 53.826994828201904 ], [ -118.90132509780878, 53.726994828201903 ] ] ] } },
{ "type": "Feature", "properties": { "value": "2", "label": "AQHI 2", "color": "#0099cb", "timestamp": "2026-09-16 14:00:00", "generated_at": "2026-09-16T20:31:32.792111", "nearest_km": 123.22212335015628, "n_points": 2, "weight_sum": 0.00011683735669584314, "confidence": "Low", "flagged": false }, "geometry": { "type": "Polygon", "coordinates": [ [ [ -118.801325097808785, 53.726994828201903 ], [ -118.701325097808791, 53.726994828201903 ], [ -118.701325097808791, 53.826994828201904 ], [ -118.801325097808785, 53.826994828201904 ], [ -118.801325097808785, 53.726994828201903 ] ] ] } },
{ "type": "Feature", "properties": { "value": "2", "label": "AQHI 2", "color": "#0099cb", "timestamp": "2026-09-16 14:00:00", "generated_at": "2026-09-16T20:31:32.792111", "nearest_km": 116.43711961784705, "n_points": 2, "weight_sum": 0.00013349086306589582, "confidence": "Low", "flagged": false }, "geometry": { "type": "Polygon", "coordinates": [ [ [ -118.701325097808791, 53.726994828201903 ], [ -118.601325097808797, 53.726994828201903 ], [ -118.601325097808797, 53.826994828201904 ], [ -118.701325097808791, 53.826994828201904 ], [ -118.701325097808791, 53.726994828201903 ] ] ] } },
{ "type": "Feature", "properties": { "value": "2", "label": "AQHI 2", "color": "#0099cb", "timestamp": "2026-09-16 14:00:00", "generated_at": "2026-09-16T20:31:32.792111", "nearest_km": 110.35367672570082, "n_points": 2, "weight_sum": 0.00015297249560889049, "confidence": "Low", "flagged": false }, "geometry": { "type": "Polygon", "coordinates": [ [ [ -118.601325097808797, 53.726994828201903 ], [ -118.501325097808802, 53.726994828201903 ], [ -118.501325097808802, 53.826994828201904 ], [ -118.601325097808797, 53.826994828201904 ], [ -118.601325097808797, 53.726994828201903 ] ] ] } },
{ "type": "Feature", "properties": { "value": "2", "label": "AQHI 2", "color": "#0099cb", "timestamp": "2026-09-16 14:00:00", "generated_at": "2026-09-16T20:31:32.792111", "nearest_km": 105.09369680842006, "n_points": 2, "weight_sum": 0.00017578698942876558, "confidence": "Low", "flagged": false }, "geometry": { "type": "Polygon", "coordinates": [ [ [ -118.501325097808802, 53.726994828201903 ], [ -118.401325097808808, 53.726994828201903 ], [ -118.401325097808808, 53.826994828201904 ], [ -118.501325097808802, 53.826994828201904 ], [ -118.501325097808802, 53.726994828201903 ] ] ] } },
{ "type": "Feature", "properties": { "value": "1", "label": "AQHI 1", "color": "#01cbff", "timestamp": "2026-09-16 14:00:00", "generated_at": "2026-09-16T20:31:32.792111", "nearest_km": 97.954243386071795, "n_points": 2, "weight_sum": 0.00020266655014982254, "confidence": "Low", "flagged": false }, "geometry": { "type": "Polygon", "coordinates": [ [ [ -118.401325097808808, 53.726994828201903 ], [ -118.301325097808814, 53.726994828201903 ], [ -118.301325097808814, 53.826994828201904 ], [ -118.401325097808808, 53.826994828201904 ], [ -118.401325097808808, 53.726994828201903 ] ] ] } },
{ "type": "Feature", "properties": { "value": "2", "label": "AQHI 2", "color": "#0099cb", "timestamp": "2026-09-16 14:00:00", "generated_at": "2026-09-16T20:31:32.792111", "nearest_km": 87.782065386030965, "n_points": 3, "weight_sum": 0.0002794870646363202, "confidence": "Low", "flagged": false }, "geometry": { "type": "Polygon", "coordinates": [ [ [ -118.301325097808814, 53.726994828201903 ], [ -118.201325097808819, 53.726994828201903 ], [ -118.201325097808819, 53.826994828201904 ], [ -118.301325097808814, 53.826994828201904 ], [ -118.301325097808814, 53.726994828201903 ] ] ] } },
{ "type": "Feature", "properties": { "value": "1", "label": "AQHI 1", "color": "#01cbff", "timestamp": "2026-09-16 14:00:00", "generated_at": "2026-09-16T20:31:32.792111", "nearest_km": 77.863779830785347, "n_points": 3, "weight_sum": 0.00032572290740312028, "confidence": "Low", "flagged": false }, "geometry": { "type": "Polygon", "coordinates": [ [ [ -118.201325097808819, 53.726994828201903 ], [ -118.101325097808825, 53.726994828201903 ], [ -118.101325097808825, 53.826994828201904 ], [ -118.201325097808819, 53.826994828201904 ], [ -118.201325097808819, 53.726994828201903 ] ] ] } },
{ "type": "Feature", "properties": { "value": "1", "label": "AQHI 1", "color": "#01cbff", "timestamp": "2026-09-16 14:00:00", "generated_at": "2026-09-16T20:31:32.792111", "nearest_km": 68.310068186443672, "n_points": 3, "weight_sum": 0.00038478562056069887, "confidence": "Medium", "flagged": false }, "geometry": { "type": "Polygon", "coordinates": [ [ [ -118.101325097808825, 53.726994828201903 ], [ -118.001325097808831, 53.726994828201903 ], [ -118.001325097808831, 53.826994828201904 ], [ -118.101325097808825, 53.826994828201904 ], [ -118.101325097808825, 53.726994828201903 ] ] ] } },
{ "type": "Feature", "properties": { "value": "1", "label": "AQHI 1", "color": "#01cbff", "timestamp": "2026-09-16 14:00:00", "generated_at": "2026-09-16T20:31:32.792111", "nearest_km": 59.29740822106919, "n_points": 3, "weight_sum": 0.00046326550797278431, "confidence": "Medium", "flagged": false }, "geometry": { "type": "Polygon", "coordinates": [ [ [ -118.001325097808831, 53.726994828201903 ], [ -117.901325097808837, 53.726994828201903 ], [ -117.901325097808837, 53.826994828201904 ], [ -118.001325097808831, 53.826994828201904 ], [ -118.001325097808831, 53.726994828201903 ] ] ] } },
{ "type": "Feature", "properties": { "value": "1", "label": "AQHI 1", "color": "#01cbff", "timestamp": "2026-09-16 14:00:00", "generated_at": "2026-09-16T20:31:32.792111", "nearest_km": 51.112814712512524, "n_points": 4, "weight_sum": 0.00061881705403940936, "confidence": "Medium", "flagged": false }, "geometry": { "type": "Polygon", "coordinates": [ [ [ -117.901325097808837, 53.726994828201903 ], [ -117.801325097808842, 53.726994828201903 ], [ -117.801325097808842, 53.826994828201904 ], [ -117.901325097808837, 53.826994828201904 ], [ -117.901325097808837, 53.726994828201903 ] ] ] } },
{ "type": "Feature", "properties": { "value": "1", "label": "AQHI 1", "color": "#01cbff", "timestamp": "2026-09-16 14:00:00", "generated_at": "2026-09-16T20:31:32.792111", "nearest_km": 44.218514605706979, "n_points": 4, "weight_sum": 0.00076266444002222181, "confidence": "Medium", "flagged": false }, "geometry": { "type": "Polygon", "coordinates": [ [ [ -117.801325097808842, 53.726994828201903 ], [ -117.701325097808848, 53.726994828201903 ], [ -117.701325097808848, 53.826994828201904 ], [ -117.801325097808842, 53.826994828201904 ], [ -117.801325097808842, 53.726994828201903 ] ] ] } },
{ "type": "Feature", "properties": { "value": "1", "label": "AQHI 1", "color": "#01cbff", "timestamp": "2026-09-16 14:00:00", "generated_at": "2026-09-16T20:31:32.792111", "nearest_km": 39.299545035974376, "n_points": 5, "weight_sum": 0.00096371790613833798, "confidence": "Medium", "flagged": false }, "geometry": { "type": "Polygon", "coordinates": [ [ [ -117.701325097808848, 53.726994828201903 ], [ -117.601325097808854, 53.726994828201903 ], [ -117.601325097808854, 53.826994828201904 ], [ -117.701325097808848, 53.826994828201904 ], [ -117.701325097808848, 53.726994828201903 ] ] ] } },
{ "type": "Feature", "properties": { "value": "1", "label": "AQHI 1", "color": "#01cbff", "timestamp": "2026-09-16 14:00:00", "generated_at": "2026-09-16T20:31:32.792111", "nearest_km": 37.149043677247022, "n_points": 5, "weight_sum": 0.0010711201017527135, "confidence": "Medium", "flagged": false }, "geometry": { "type": "Polygon", "coordinates": [ [ [ -117.601325097808854, 53.726994828201903 ], [ -117.501325097808859, 53.726994828201903 ], [ -117.501325097808859, 53.826994828201904 ], [ -117.601325097808854, 53.826994828201904 ], [ -117.601325097808854, 53.726994828201903 ] ] ] } },
{ "type": "Feature", "properties": { "value": "1", "label": "AQHI 1", "color": "#01cbff", "timestamp": "2026-09-16 14:00:00", "generated_at": "2026-09-16T20:31:32.792111", "nearest_km": 38.237006318923655, "n_points": 5, "weight_sum": 0.0010677150929542603, "confidence": "Medium", "flagged": false }, "geometry": { "type": "Polygon", "coordinates": [ [ [ -117.501325097808859, 53.726994828201903 ], [ -117.401325097808865, 53.726994828201903 ], [ -117.401325097808865, 53.826994828201904 ], [ -117.501325097808859, 53.826994828201904 ], [ -117.501325097808859, 53.726994828201903 ] ] ] } },
{ "type": "Feature", "properties": { "value": "1", "label": "AQHI 1", "color": "#01cbff", "timestamp": "2026-09-16 14:00:00", "generated_at": "2026-09-16T20:31:32.792111", "nearest_km": 42.314369407244868, "n_points": 5, "weight_sum": 0.00098660673846087503, "confidence": "Medium", "flagged": false }, "geometry": { "type": "Polygon", "coordinates": [ [ [ -117.401325097808865, 53.726994828201903 ], [ -117.301325097808871, 53.726994828201903 ], [ -117.301325097808871, 53.826994828201904 ], [ -117.401325097808865, 53.826994828201904 ], [ -117.401325097808865, 53.726994828201903 ] ] ] } },
{ "type": "Feature", "properties": { "value": "2", "label": "AQHI 2", "color": "#0099cb", "timestamp": "2026-09-16 14:00:00", "generated_at": "2026-09-16T20:31:32.792111", "nearest_km": 48.634998349255916, "n_points": 5, "weight_sum": 0.00090097277879918388, "confidence": "Medium", "flagged": false }, "geometry": { "type": "Polygon", "coordinates": [ [ [ -117.301325097808871, 53.726994828201903 ], [ -117.201325097808876, 53.726994828201903 ], [ -117.201325097808876, 53.826994828201904 ], [ -117.301325097808871, 53.826994828201904 ], [ -117.301325097808871, 53.726994828201903 ] ] ] } },
{ "type": "Feature", "properties": { "value": "2", "label": "AQHI 2", "color": "#0099cb", "timestamp": "2026-09-16 14:00:00", "generated_at": "2026-09-16T20:31:32.792111", "nearest_km": 56.450334547559969, "n_points": 5, "weight_sum": 0.00084522948712974222, "confidence": "Medium", "flagged": false }, "geometry": { "type": "Polygon", "coordinates": [ [ [ -117.201325097808876, 53.726994828201903 ], [ -117.101325097808882, 53.726994828201903 ], [ -117.101325097808882, 53.826994828201904 ], [ -117.201325097808876, 53.826994828201904 ], [ -117.201325097808876, 53.726994828201903 ] ] ] } },
{ "type": "Feature", "properties": { "value": "2", "label": "AQHI 2", "color": "#0099cb", "timestamp": "2026-09-16 14:00:00", "generated_at": "2026-09-16T20:31:32.792111", "nearest_km": 65.225282495599288, "n_points": 5, "weight_sum": 0.00082080544563062395, "confidence": "Medium", "flagged": false }, "geometry": { "type": "Polygon", "coordinates": [ [ [ -117.101325097808882, 53.726994828201903 ], [ -117.001325097808888, 53.726994828201903 ], [ -117.001325097808888, 53.826994828201904 ], [ -117.101325097808882, 53.826994828201904 ], [ -117.101325097808882, 53.726994828201903 ] ] ] } },
{ "type": "Feature", "properties": { "value": "2", "label": "AQHI 2", "color": "#0099cb", "timestamp": "2026-09-16 14:00:00", "generated_at": "2026-09-16T20:31:32.792111", "nearest_km": 66.737277352159907, "n_points": 4, "weight_sum": 0.00078102011023703554, "confidence": "Medium", "flagged": false }, "geometry": { "type": "Polygon", "coordinates": [ [ [ -117.001325097808888, 53.726994828201903 ], [ -116.901325097808893, 53.726994828201903 ], [ -116.901325097808893, 53.826994828201904 ], [ -117.001325097808888, 53.826994828201904 ], [ -117.001325097808888, 53.726994828201903 ] ] ] } },
{ "type": "Feature", "properties": { "value": "2", "label": "AQHI 2", "color": "#0099cb", "timestamp": "2026-09-16 14:00:00", "generated_at": "2026-09-16T20:31:32.792111", "nearest_km": 58.35807411151383, "n_points": 4, "weight_sum": 0.00082055841881021338, "confidence": "Medium", "flagged": false }, "geometry": { "type": "Polygon", "coordinates": [ [ [ -116.901325097808893, 53.726994828201903 ], [ -116.801325097808899, 53.726994828201903 ], [ -116.801325097808899, 53.826994828201904 ], [ -116.901325097808893, 53.826994828201904 ], [ -116.901325097808893, 53.726994828201903 ] ] ] } },
{ "type": "Feature", "properties": { "value": "2", "label": "AQHI 2", "color": "#0099cb", "timestamp": "2026-09-16 14:00:00", "generated_at": "2026-09-16T20:31:32.792111", "nearest_km": 47.704434338794329, "n_points": 4, "weight_sum": 0.00091847567312395521, "confidence": "Medium", "flagged": false }, "geometry": { "type": "Polygon", "coordinates": [ [ [ -116.801325097808899, 53.726994828201903 ], [ -116.701325097808905, 53.726994828201903 ], [ -116.701325097808905, 53.826994828201904 ], [ -116.801325097808899, 53.826994828201904 ], [ -116.801325097808899, 53.726994828201903 ] ] ] } },
{ "type": "Feature", "properties": { "value": "2", "label": "AQHI 2", "color": "#0099cb", "timestamp": "2026-09-16 14:00:00", "generated_at": "2026-09-16T20:31:32.792111", "nearest_km": 37.311945770271898, "n_points": 4, "weight_sum": 0.001146882081525253, "confidence": "Medium", "flagged": false }, "geometry": { "type": "Polygon", "coordinates": [ [ [ -116.701325097808905, 53.726994828201903 ], [ -116.60132509780891, 53.726994828201903 ], [ -116.60132509780891, 53.826994828201904 ], [ -116.701325097808905, 53.826994828201904 ], [ -116.701325097808905, 53.726994828201903 ] ] ] } },
{ "type": "Feature", "properties": { "value": "2", "label": "AQHI 2", "color": "#0099cb", "timestamp": "2026-09-16 14:00:00", "generated_at": "2026-09-16T20:31:32.792111", "nearest_km": 27.478528685922289, "n_points": 4, "weight_sum": 0.0017019894495387692, "confidence": "Medium", "flagged": false }, "geometry": { "type": "Polygon", "coordinates": [ [ [ -116.60132509780891, 53.726994828201903 ], [ -116.501325097808916, 53.726994828201903 ], [ -116.501325097808916, 53.826994828201904 ], [ -116.60132509780891, 53.826994828201904 ], [ -116.60132509780891, 53.726994828201903 ] ] ] } },
{ "type": "Feature", "properties": { "value": "2", "label": "AQHI 2", "color": "#0099cb", "timestamp": "2026-09-16 14:00:00", "generated_at": "2026-09-16T20:31:32.792111", "nearest_km": 19.088681995422561, "n_points": 4, "weight_sum": 0.0030730780352259904, "confidence": "High", "flagged": false }, "geometry": { "type": "Polygon", "coordinates": [ [ [ -116.501325097808916, 53.726994828201903 ], [ -116.401325097808922, 53.726994828201903 ], [ -116.401325097808922, 53.826994828201904 ], [ -116.501325097808916, 53.826994828201904 ], [ -116.501325097808916, 53.726994828201903 ] ] ] } },
{ "type": "Feature", "properties": { "value": "2", "label": "AQHI 2", "color": "#0099cb", "timestamp": "2026-09-16 14:00:00", "generated_at": "2026-09-16T20:31:32.792111", "nearest_km": 14.835970541277597, "n_points": 4, "weight_sum": 0.0048271228951583438, "confidence": "High", "flagged": false }, "geometry": { "type": "Polygon", "coordinates": [ [ [ -116.401325097808922, 53.726994828201903 ], [ -116.301325097808927, 53.726994828201903 ], [ -116.301325097808927, 53.826994828201904 ], [ -116.401325097808922, 53.826994828201904 ], [ -116.401325097808922, 53.726994828201903 ] ] ] } },
{ "type": "Feature", "properties": { "value": "2", "label": "AQHI 2", "color": "#0099cb", "timestamp": "2026-09-16 14:00:00", "generated_at": "2026-09-16T20:31:32.792111", "nearest_km": 17.951441821784567, "n_points": 4, "weight_sum": 0.003347455695305839, "confidence": "High", "flagged": false }, "geometry": { "type": "Polygon", "coordinates": [ [ [ -116.301325097808927, 53.726994828201903 ], [ -116.201325097808933, 53.726994828201903 ], [ -116.201325097808933, 53.826994828201904 ], [ -116.301325097808927, 53.826994828201904 ], [ -116.301325097808927, 53.726994828201903 ] ] ] } },
{ "type": "Feature", "properties": { "value": "2", "label": "AQHI 2", "color": "#0099cb", "timestamp": "2026-09-16 14:00:00", "generated_at": "2026-09-16T20:31:32.792111", "nearest_km": 25.900241409302488, "n_points": 4, "weight_sum": 0.0017075924885760416, "confidence": "Medium", "flagged": false }, "geometry": { "type": "Polygon", "coordinates": [ [ [ -116.201325097808933, 53.726994828201903 ], [ -116.101325097808939, 53.726994828201903 ], [ -116.101325097808939, 53.826994828201904 ], [ -116.201325097808933, 53.826994828201904 ], [ -116.201325097808933, 53.726994828201903 ] ] ] } },
{ "type": "Feature", "properties": { "value": "2", "label": "AQHI 2", "color": "#0099cb", "timestamp": "2026-09-16 14:00:00", "generated_at": "2026-09-16T20:31:32.792111", "nearest_km": 35.578234169775072, "n_points": 4, "weight_sum": 0.00099033709088614972, "confidence": "Medium", "flagged": false }, "geometry": { "type": "Polygon", "coordinates": [ [ [ -116.101325097808939, 53.726994828201903 ], [ -116.001325097808945, 53.726994828201903 ], [ -116.001325097808945, 53.826994828201904 ], [ -116.101325097808939, 53.826994828201904 ], [ -116.101325097808939, 53.726994828201903 ] ] ] } },
{ "type": "Feature", "properties": { "value": "2", "label": "AQHI 2", "color": "#0099cb", "timestamp": "2026-09-16 14:00:00", "generated_at": "2026-09-16T20:31:32.792111", "nearest_km": 45.904454993154268, "n_points": 4, "weight_sum": 0.00066377297455614984, "confidence": "Medium", "flagged": false }, "geometry": { "type": "Polygon", "coordinates": [ [ [ -116.001325097808945, 53.726994828201903 ], [ -115.90132509780895, 53.726994828201903 ], [ -115.90132509780895, 53.826994828201904 ], [ -116.001325097808945, 53.826994828201904 ], [ -116.001325097808945, 53.726994828201903 ] ] ] } },
{ "type": "Feature", "properties": { "value": "2", "label": "AQHI 2", "color": "#0099cb", "timestamp": "2026-09-16 14:00:00", "generated_at": "2026-09-16T20:31:32.792111", "nearest_km": 56.524748825604455, "n_points": 4, "weight_sum": 0.000496502971413652, "confidence": "Medium", "flagged": false }, "geometry": { "type": "Polygon", "coordinates": [ [ [ -115.90132509780895, 53.726994828201903 ], [ -115.801325097808956, 53.726994828201903 ], [ -115.801325097808956, 53.826994828201904 ], [ -115.90132509780895, 53.826994828201904 ], [ -115.90132509780895, 53.726994828201903 ] ] ] } },
{ "type": "Feature", "properties": { "value": "2", "label": "AQHI 2", "color": "#0099cb", "timestamp": "2026-09-16 14:00:00", "generated_at": "2026-09-16T20:31:32.792111", "nearest_km": 67.300040649146652, "n_points": 3, "weight_sum": 0.0003639019794596041, "confidence": "Medium", "flagged": false }, "geometry": { "type": "Polygon", "coordinates": [ [ [ -115.801325097808956, 53.726994828201903 ], [ -115.701325097808962, 53.726994828201903 ], [ -115.701325097808962, 53.826994828201904 ], [ -115.801325097808956, 53.826994828201904 ], [ -115.801325097808956, 53.726994828201903 ] ] ] } },
{ "type": "Feature", "properties": { "value": "2", "label": "AQHI 2", "color": "#0099cb", "timestamp": "2026-09-16 14:00:00", "generated_at": "2026-09-16T20:31:32.792111", "nearest_km": 78.166256869290365, "n_points": 3, "weight_sum": 0.00031720427174998842, "confidence": "Low", "flagged": false }, "geometry": { "type": "Polygon", "coordinates": [ [ [ -115.701325097808962, 53.726994828201903 ], [ -115.601325097808967, 53.726994828201903 ], [ -115.601325097808967, 53.826994828201904 ], [ -115.701325097808962, 53.826994828201904 ], [ -115.701325097808962, 53.726994828201903 ] ] ] } },
{ "type": "Feature", "properties": { "value": "2", "label": "AQHI 2", "color": "#0099cb", "timestamp": "2026-09-16 14:00:00", "generated_at": "2026-09-16T20:31:32.792111", "nearest_km": 88.717302241743894, "n_points": 2, "weight_sum": 0.00025304390201084145, "confidence": "Low", "flagged": false }, "geometry": { "type": "Polygon", "coordinates": [ [ [ -115.601325097808967, 53.726994828201903 ], [ -115.501325097808973, 53.726994828201903 ], [ -115.501325097808973, 53.826994828201904 ], [ -115.601325097808967, 53.826994828201904 ], [ -115.601325097808967, 53.726994828201903 ] ] ] } },
{ "type": "Feature", "properties": { "value": "2", "label": "AQHI 2", "color": "#0099cb", "timestamp": "2026-09-16 14:00:00", "generated_at": "2026-09-16T20:31:32.792111", "nearest_km": 80.444380814523925, "n_points": 2, "weight_sum": 0.00025442300395007869, "confidence": "Low", "flagged": false }, "geometry": { "type": "Polygon", "coordinates": [ [ [ -115.501325097808973, 53.726994828201903 ], [ -115.401325097808979, 53.726994828201903 ], [ -115.401325097808979, 53.826994828201904 ], [ -115.501325097808973, 53.826994828201904 ], [ -115.501325097808973, 53.726994828201903 ] ] ] } },
{ "type": "Feature", "properties": { "value": "2", "label": "AQHI 2", "color": "#0099cb", "timestamp": "2026-09-16 14:00:00", "generated_at": "2026-09-16T20:31:32.792111", "nearest_km": 72.92638131850039, "n_points": 3, "weight_sum": 0.00031925750567069535, "confidence": "Medium", "flagged": false }, "geometry": { "type": "Polygon", "coordinates": [ [ [ -115.401325097808979, 53.726994828201903 ], [ -115.301325097808984, 53.726994828201903 ], [ -115.301325097808984, 53.826994828201904 ], [ -115.401325097808979, 53.826994828201904 ], [ -115.401325097808979, 53.726994828201903 ] ] ] } },
{ "type": "Feature", "properties": { "value": "2", "label": "AQHI 2", "color": "#0099cb", "timestamp": "2026-09-16 14:00:00", "generated_at": "2026-09-16T20:31:32.792111", "nearest_km": 66.420145888054762, "n_points": 3, "weight_sum": 0.00035223534252700026, "confidence": "Medium", "flagged": false }, "geometry": { "type": "Polygon", "coordinates": [ [ [ -115.301325097808984, 53.726994828201903 ], [ -115.20132509780899, 53.726994828201903 ], [ -115.20132509780899, 53.826994828201904 ], [ -115.301325097808984, 53.826994828201904 ], [ -115.301325097808984, 53.726994828201903 ] ] ] } },
{ "type": "Feature", "properties": { "value": "2", "label": "AQHI 2", "color": "#0099cb", "timestamp": "2026-09-16 14:00:00", "generated_at": "2026-09-16T20:31:32.792111", "nearest_km": 61.248954826752765, "n_points": 3, "weight_sum": 0.00039188473115597491, "confidence": "Medium", "flagged": false }, "geometry": { "type": "Polygon", "coordinates": [ [ [ -115.20132509780899, 53.726994828201903 ], [ -115.101325097808996, 53.726994828201903 ], [ -115.101325097808996, 53.826994828201904 ], [ -115.20132509780899, 53.826994828201904 ], [ -115.20132509780899, 53.726994828201903 ] ] ] } },
{ "type": "Feature", "properties": { "value": "2", "label": "AQHI 2", "color": "#0099cb", "timestamp": "2026-09-16 14:00:00", "generated_at": "2026-09-16T20:31:32.792111", "nearest_km": 57.772425558813936, "n_points": 3, "weight_sum": 0.00042986140726396606, "confidence": "Medium", "flagged": false }, "geometry": { "type": "Polygon", "coordinates": [ [ [ -115.101325097808996, 53.726994828201903 ], [ -115.001325097809001, 53.726994828201903 ], [ -115.001325097809001, 53.826994828201904 ], [ -115.101325097808996, 53.826994828201904 ], [ -115.101325097808996, 53.726994828201903 ] ] ] } },
{ "type": "Feature", "properties": { "value": "2", "label": "AQHI 2", "color": "#0099cb", "timestamp": "2026-09-16 14:00:00", "generated_at": "2026-09-16T20:31:32.792111", "nearest_km": 56.305344706588606, "n_points": 3, "weight_sum": 0.00046559954271916504, "confidence": "Medium", "flagged": false }, "geometry": { "type": "Polygon", "coordinates": [ [ [ -115.001325097809001, 53.726994828201903 ], [ -114.901325097809007, 53.726994828201903 ], [ -114.901325097809007, 53.826994828201904 ], [ -115.001325097809001, 53.826994828201904 ], [ -115.001325097809001, 53.726994828201903 ] ] ] } },
{ "type": "Feature", "properties": { "value": "2", "label": "AQHI 2", "color": "#0099cb", "timestamp": "2026-09-16 14:00:00", "generated_at": "2026-09-16T20:31:32.792111", "nearest_km": 57.003074742568103, "n_points": 4, "weight_sum": 0.00053771544875816097, "confidence": "Medium", "flagged": false }, "geometry": { "type": "Polygon", "coordinates": [ [ [ -114.901325097809007, 53.726994828201903 ], [ -114.801325097809013, 53.726994828201903 ], [ -114.801325097809013, 53.826994828201904 ], [ -114.901325097809007, 53.826994828201904 ], [ -114.901325097809007, 53.726994828201903 ] ] ] } },
{ "type": "Feature", "properties": { "value": "2", "label": "AQHI 2", "color": "#0099cb", "timestamp": "2026-09-16 14:00:00", "generated_at": "2026-09-16T20:31:32.792111", "nearest_km": 59.789875544993563, "n_points": 6, "weight_sum": 0.00065353815639127011, "confidence": "Medium", "flagged": false }, "geometry": { "type": "Polygon", "coordinates": [ [ [ -114.801325097809013, 53.726994828201903 ], [ -114.701325097809018, 53.726994828201903 ], [ -114.701325097809018, 53.826994828201904 ], [ -114.801325097809013, 53.826994828201904 ], [ -114.801325097809013, 53.726994828201903 ] ] ] } },
{ "type": "Feature", "properties": { "value": "2", "label": "AQHI 2", "color": "#0099cb", "timestamp": "2026-09-16 14:00:00", "generated_at": "2026-09-16T20:31:32.792111", "nearest_km": 64.395092245176599, "n_points": 8, "weight_sum": 0.00078924607370914487, "confidence": "Medium", "flagged": false }, "geometry": { "type": "Polygon", "coordinates": [ [ [ -114.701325097809018, 53.726994828201903 ], [ -114.601325097809024, 53.726994828201903 ], [ -114.601325097809024, 53.826994828201904 ], [ -114.701325097809018, 53.826994828201904 ], [ -114.701325097809018, 53.726994828201903 ] ] ] } },
{ "type": "Feature", "properties": { "value": "2", "label": "AQHI 2", "color": "#0099cb", "timestamp": "2026-09-16 14:00:00", "generated_at": "2026-09-16T20:31:32.792111", "nearest_km": 64.49409957553398, "n_points": 10, "weight_sum": 0.00096839516659400198, "confidence": "Medium", "flagged": false }, "geometry": { "type": "Polygon", "coordinates": [ [ [ -114.601325097809024, 53.726994828201903 ], [ -114.50132509780903, 53.726994828201903 ], [ -114.50132509780903, 53.826994828201904 ], [ -114.601325097809024, 53.826994828201904 ], [ -114.601325097809024, 53.726994828201903 ] ] ] } },
{ "type": "Feature", "properties": { "value": "2", "label": "AQHI 2", "color": "#0099cb", "timestamp": "2026-09-16 14:00:00", "generated_at": "2026-09-16T20:31:32.792111", "nearest_km": 57.398681617593979, "n_points": 12, "weight_sum": 0.0012060611452908189, "confidence": "Medium", "flagged": false }, "geometry": { "type": "Polygon", "coordinates": [ [ [ -114.50132509780903, 53.726994828201903 ], [ -114.401325097809035, 53.726994828201903 ], [ -114.401325097809035, 53.826994828201904 ], [ -114.50132509780903, 53.826994828201904 ], [ -114.50132509780903, 53.726994828201903 ] ] ] } },
{ "type": "Feature", "properties": { "value": "2", "label": "AQHI 2", "color": "#0099cb", "timestamp": "2026-09-16 14:00:00", "generated_at": "2026-09-16T20:31:32.792111", "nearest_km": 51.731503195025383, "n_points": 14, "weight_sum": 0.001510234529000246, "confidence": "Medium", "flagged": false }, "geometry": { "type": "Polygon", "coordinates": [ [ [ -114.401325097809035, 53.726994828201903 ], [ -114.301325097809041, 53.726994828201903 ], [ -114.301325097809041, 53.826994828201904 ], [ -114.401325097809035, 53.826994828201904 ], [ -114.401325097809035, 53.726994828201903 ] ] ] } },
{ "type": "Feature", "properties": { "value": "2", "label": "AQHI 2", "color": "#0099cb", "timestamp": "2026-09-16 14:00:00", "generated_at": "2026-09-16T20:31:32.792111", "nearest_km": 48.00112700964317, "n_points": 14, "weight_sum": 0.0017939319374670052, "confidence": "Medium", "flagged": false }, "geometry": { "type": "Polygon", "coordinates": [ [ [ -114.301325097809041, 53.726994828201903 ], [ -114.201325097809047, 53.726994828201903 ], [ -114.201325097809047, 53.826994828201904 ], [ -114.301325097809041, 53.826994828201904 ], [ -114.301325097809041, 53.726994828201903 ] ] ] } },
{ "type": "Feature", "properties": { "value": "2", "label": "AQHI 2", "color": "#0099cb", "timestamp": "2026-09-16 14:00:00", "generated_at": "2026-09-16T20:31:32.792111", "nearest_km": 46.674275201387331, "n_points": 16, "weight_sum": 0.0022491541290729001, "confidence": "Medium", "flagged": false }, "geometry": { "type": "Polygon", "coordinates": [ [ [ -114.201325097809047, 53.726994828201903 ], [ -114.101325097809053, 53.726994828201903 ], [ -114.101325097809053, 53.826994828201904 ], [ -114.201325097809047, 53.826994828201904 ], [ -114.201325097809047, 53.726994828201903 ] ] ] } },
{ "type": "Feature", "properties": { "value": "2", "label": "AQHI 2", "color": "#0099cb", "timestamp": "2026-09-16 14:00:00", "generated_at": "2026-09-16T20:31:32.792111", "nearest_km": 45.55457245664477, "n_points": 17, "weight_sum": 0.0028029796745084067, "confidence": "Medium", "flagged": false }, "geometry": { "type": "Polygon", "coordinates": [ [ [ -114.101325097809053, 53.726994828201903 ], [ -114.001325097809058, 53.726994828201903 ], [ -114.001325097809058, 53.826994828201904 ], [ -114.101325097809053, 53.826994828201904 ], [ -114.101325097809053, 53.726994828201903 ] ] ] } },
{ "type": "Feature", "properties": { "value": "NA", "label": "No Data", "color": "#D3D3D3", "timestamp": "2026-09-16 14:00:00", "generated_at": "2026-09-16T20:31:32.792111", "nearest_km": 166.1461721952607, "n_points": 0, "weight_sum": 0.0, "confidence": "None", "flagged": false }, "geometry": { "type": "Polygon", "coordinates": [ [ [ -120.001325097808717, 53.826994828201904 ], [ -119.901325097808723, 53.826994828201904 ], [ -119.901325097808723, 53.926994828201906 ], [ -120.001325097808717, 53.926994828201906 ], [ -120.001325097808717, 53.826994828201904 ] ] ] } },
{ "type": "Feature", "properties": { "value": "NA", "label": "No Data", "color": "#D3D3D3", "timestamp": "2026-09-16 14:00:00", "generated_at": "2026-09-16T20:31:32.792111", "nearest_km": 161.98175758126916, "n_points": 0, "weight_sum": 0.0, "confidence": "None", "flagged": false }, "geometry": { "type": "Polygon", "coordinates": [ [ [ -119.901325097808723, 53.826994828201904 ], [ -119.801325097808729, 53.826994828201904 ], [ -119.801325097808729, 53.926994828201906 ], [ -119.901325097808723, 53.926994828201906 ], [ -119.901325097808723, 53.826994828201904 ] ] ] } },
{ "type": "Feature", "properties": { "value": "NA", "label": "No Data", "color": "#D3D3D3", "timestamp": "2026-09-16 14:00:00", "generated_at": "2026-09-16T20:31:32.792111", "nearest_km": 158.48674721596393, "n_points": 0, "weight_sum": 0.0, "confidence": "None", "flagged": false }, "geometry": { "type": "Polygon", "coordinates": [ [ [ -119.801325097808729, 53.826994828201904 ], [ -119.701325097808734, 53.826994828201904 ], [ -119.701325097808734, 53.926994828201906 ], [ -119.801325097808729, 53.926994828201906 ], [ -119.801325097808729, 53.826994828201904 ] ] ] } },
{ "type": "Feature", "properties": { "value": "NA", "label": "No Data", "color": "#D3D3D3", "timestamp": "2026-09-16 14:00:00", "generated_at": "2026-09-16T20:31:32.792111", "nearest_km": 155.70622433633349, "n_points": 0, "weight_sum": 0.0, "confidence": "None", "flagged": false }, "geometry": { "type": "Polygon", "coordinates": [ [ [ -119.701325097808734, 53.826994828201904 ], [ -119.60132509780874, 53.826994828201904 ], [ -119.60132509780874, 53.926994828201906 ], [ -119.701325097808734, 53.926994828201906 ], [ -119.701325097808734, 53.826994828201904 ] ] ] } },
{ "type": "Feature", "properties": { "value": "NA", "label": "No Data", "color": "#D3D3D3", "timestamp": "2026-09-16 14:00:00", "generated_at": "2026-09-16T20:31:32.792111", "nearest_km": 153.67897563120454, "n_points": 0, "weight_sum": 0.0, "confidence": "None", "flagged": false }, "geometry": { "type": "Polygon", "coordinates": [ [ [ -119.60132509780874, 53.826994828201904 ], [ -119.501325097808746, 53.826994828201904 ], [ -119.501325097808746, 53.926994828201906 ], [ -119.60132509780874, 53.926994828201906 ], [ -119.60132509780874, 53.826994828201904 ] ] ] } },
{ "type": "Feature", "properties": { "value": "NA", "label": "No Data", "color": "#D3D3D3", "timestamp": "2026-09-16 14:00:00", "generated_at": "2026-09-16T20:31:32.792111", "nearest_km": 152.43505766402973, "n_points": 0, "weight_sum": 0.0, "confidence": "None", "flagged": false }, "geometry": { "type": "Polygon", "coordinates": [ [ [ -119.501325097808746, 53.826994828201904 ], [ -119.401325097808751, 53.826994828201904 ], [ -119.401325097808751, 53.926994828201906 ], [ -119.501325097808746, 53.926994828201906 ], [ -119.501325097808746, 53.826994828201904 ] ] ] } },
{ "type": "Feature", "properties": { "value": "NA", "label": "No Data", "color": "#D3D3D3", "timestamp": "2026-09-16 14:00:00", "generated_at": "2026-09-16T20:31:32.792111", "nearest_km": 151.99370401110622, "n_points": 0, "weight_sum": 0.0, "confidence": "None", "flagged": false }, "geometry": { "type": "Polygon", "coordinates": [ [ [ -119.401325097808751, 53.826994828201904 ], [ -119.301325097808757, 53.826994828201904 ], [ -119.301325097808757, 53.926994828201906 ], [ -119.401325097808751, 53.926994828201906 ], [ -119.401325097808751, 53.826994828201904 ] ] ] } },
{ "type": "Feature", "properties": { "value": "NA", "label": "No Data", "color": "#D3D3D3", "timestamp": "2026-09-16 14:00:00", "generated_at": "2026-09-16T20:31:32.792111", "nearest_km": 152.3618893063335, "n_points": 0, "weight_sum": 0.0, "confidence": "None", "flagged": false }, "geometry": { "type": "Polygon", "coordinates": [ [ [ -119.301325097808757, 53.826994828201904 ], [ -119.201325097808763, 53.826994828201904 ], [ -119.201325097808763, 53.926994828201906 ], [ -119.301325097808757, 53.926994828201906 ], [ -119.301325097808757, 53.826994828201904 ] ] ] } },
{ "type": "Feature", "properties": { "value": "NA", "label": "No Data", "color": "#D3D3D3", "timestamp": "2026-09-16 14:00:00", "generated_at": "2026-09-16T20:31:32.792111", "nearest_km": 153.53378965874271, "n_points": 0, "weight_sum": 0.0, "confidence": "None", "flagged": false }, "geometry": { "type": "Polygon", "coordinates": [ [ [ -119.201325097808763, 53.826994828201904 ], [ -119.101325097808768, 53.826994828201904 ], [ -119.101325097808768, 53.926994828201906 ], [ -119.201325097808763, 53.926994828201906 ], [ -119.201325097808763, 53.826994828201904 ] ] ] } },
{ "type": "Feature", "properties": { "value": "NA", "label": "No Data", "color": "#D3D3D3", "timestamp": "2026-09-16 14:00:00", "generated_at": "2026-09-16T20:31:32.792111", "nearest_km": 153.31328201570321, "n_points": 0, "weight_sum": 0.0, "confidence": "None", "flagged": false }, "geometry": { "type": "Polygon", "coordinates": [ [ [ -119.101325097808768, 53.826994828201904 ], [ -119.001325097808774, 53.826994828201904 ], [ -119.001325097808774, 53.926994828201906 ], [ -119.101325097808768, 53.926994828201906 ], [ -119.101325097808768, 53.826994828201904 ] ] ] } },
{ "type": "Feature", "properties": { "value": "2", "label": "AQHI 2", "color": "#0099cb", "timestamp": "2026-09-16 14:00:00", "generated_at": "2026-09-16T20:31:32.792111", "nearest_km": 146.29235235314533, "n_points": 1, "weight_sum": 4.6725800815669085e-05, "confidence": "Low", "flagged": false }, "geometry": { "type": "Polygon", "coordinates": [ [ [ -119.001325097808774, 53.826994828201904 ], [ -118.90132509780878, 53.826994828201904 ], [ -118.90132509780878, 53.926994828201906 ], [ -119.001325097808774, 53.926994828201906 ], [ -119.001325097808774, 53.826994828201904 ] ] ] } },
{ "type": "Feature", "properties": { "value": "2", "label": "AQHI 2", "color": "#0099cb", "timestamp": "2026-09-16 14:00:00", "generated_at": "2026-09-16T20:31:32.792111", "nearest_km": 138.86152634548048, "n_points": 1, "weight_sum": 5.1860432066997775e-05, "confidence": "Low", "flagged": false }, "geometry": { "type": "Polygon", "coordinates": [ [ [ -118.90132509780878, 53.826994828201904 ], [ -118.801325097808785, 53.826994828201904 ], [ -118.801325097808785, 53.926994828201906 ], [ -118.90132509780878, 53.926994828201906 ], [ -118.90132509780878, 53.826994828201904 ] ] ] } },
{ "type": "Feature", "properties": { "value": "2", "label": "AQHI 2", "color": "#0099cb", "timestamp": "2026-09-16 14:00:00", "generated_at": "2026-09-16T20:31:32.792111", "nearest_km": 131.94701452089129, "n_points": 3, "weight_sum": 0.00015062418510679298, "confidence": "Low", "flagged": false }, "geometry": { "type": "Polygon", "coordinates": [ [ [ -118.801325097808785, 53.826994828201904 ], [ -118.701325097808791, 53.826994828201904 ], [ -118.701325097808791, 53.926994828201906 ], [ -118.801325097808785, 53.926994828201906 ], [ -118.801325097808785, 53.826994828201904 ] ] ] } },
{ "type": "Feature", "properties": { "value": "2", "label": "AQHI 2", "color": "#0099cb", "timestamp": "2026-09-16 14:00:00", "generated_at": "2026-09-16T20:31:32.792111", "nearest_km": 125.63409482682628, "n_points": 2, "weight_sum": 0.0001198895915379954, "confidence": "Low", "flagged": false }, "geometry": { "type": "Polygon", "coordinates": [ [ [ -118.701325097808791, 53.826994828201904 ], [ -118.601325097808797, 53.826994828201904 ], [ -118.601325097808797, 53.926994828201906 ], [ -118.701325097808791, 53.926994828201906 ], [ -118.701325097808791, 53.826994828201904 ] ] ] } },
{ "type": "Feature", "properties": { "value": "2", "label": "AQHI 2", "color": "#0099cb", "timestamp": "2026-09-16 14:00:00", "generated_at": "2026-09-16T20:31:32.792111", "nearest_km": 120.01773587655971, "n_points": 2, "weight_sum": 0.00013582556244310523, "confidence": "Low", "flagged": false }, "geometry": { "type": "Polygon", "coordinates": [ [ [ -118.601325097808797, 53.826994828201904 ], [ -118.501325097808802, 53.826994828201904 ], [ -118.501325097808802, 53.926994828201906 ], [ -118.601325097808797, 53.926994828201906 ], [ -118.601325097808797, 53.826994828201904 ] ] ] } },
{ "type": "Feature", "properties": { "value": "1", "label": "AQHI 1", "color": "#01cbff", "timestamp": "2026-09-16 14:00:00", "generated_at": "2026-09-16T20:31:32.792111", "nearest_km": 112.59523064319062, "n_points": 2, "weight_sum": 0.00015423097435563241, "confidence": "Low", "flagged": false }, "geometry": { "type": "Polygon", "coordinates": [ [ [ -118.501325097808802, 53.826994828201904 ], [ -118.401325097808808, 53.826994828201904 ], [ -118.401325097808808, 53.926994828201906 ], [ -118.501325097808802, 53.926994828201906 ], [ -118.501325097808802, 53.826994828201904 ] ] ] } },
{ "type": "Feature", "properties": { "value": "1", "label": "AQHI 1", "color": "#01cbff", "timestamp": "2026-09-16 14:00:00", "generated_at": "2026-09-16T20:31:32.792111", "nearest_km": 102.67386799810818, "n_points": 2, "weight_sum": 0.00017560753743054263, "confidence": "Low", "flagged": false }, "geometry": { "type": "Polygon", "coordinates": [ [ [ -118.401325097808808, 53.826994828201904 ], [ -118.301325097808814, 53.826994828201904 ], [ -118.301325097808814, 53.926994828201906 ], [ -118.401325097808808, 53.926994828201906 ], [ -118.401325097808808, 53.826994828201904 ] ] ] } },
{ "type": "Feature", "properties": { "value": "1", "label": "AQHI 1", "color": "#01cbff", "timestamp": "2026-09-16 14:00:00", "generated_at": "2026-09-16T20:31:32.792111", "nearest_km": 93.019247340497046, "n_points": 2, "weight_sum": 0.00020072398893547977, "confidence": "Low", "flagged": false }, "geometry": { "type": "Polygon", "coordinates": [ [ [ -118.301325097808814, 53.826994828201904 ], [ -118.201325097808819, 53.826994828201904 ], [ -118.201325097808819, 53.926994828201906 ], [ -118.301325097808814, 53.926994828201906 ], [ -118.301325097808814, 53.826994828201904 ] ] ] } },
{ "type": "Feature", "properties": { "value": "1", "label": "AQHI 1", "color": "#01cbff", "timestamp": "2026-09-16 14:00:00", "generated_at": "2026-09-16T20:31:32.792111", "nearest_km": 83.72369785127843, "n_points": 3, "weight_sum": 0.00027809547073904129, "confidence": "Low", "flagged": false }, "geometry": { "type": "Polygon", "coordinates": [ [ [ -118.201325097808819, 53.826994828201904 ], [ -118.101325097808825, 53.826994828201904 ], [ -118.101325097808825, 53.926994828201906 ], [ -118.201325097808819, 53.926994828201906 ], [ -118.201325097808819, 53.826994828201904 ] ] ] } },
{ "type": "Feature", "properties": { "value": "1", "label": "AQHI 1", "color": "#01cbff", "timestamp": "2026-09-16 14:00:00", "generated_at": "2026-09-16T20:31:32.792111", "nearest_km": 74.920990303063476, "n_points": 3, "weight_sum": 0.00032142636456088618, "confidence": "Medium", "flagged": false }, "geometry": { "type": "Polygon", "coordinates": [ [ [ -118.101325097808825, 53.826994828201904 ], [ -118.001325097808831, 53.826994828201904 ], [ -118.001325097808831, 53.926994828201906 ], [ -118.101325097808825, 53.926994828201906 ], [ -118.101325097808825, 53.826994828201904 ] ] ] } },
{ "type": "Feature", "properties": { "value": "1", "label": "AQHI 1", "color": "#01cbff", "timestamp": "2026-09-16 14:00:00", "generated_at": "2026-09-16T20:31:32.792111", "nearest_km": 66.806227210427565, "n_points": 4, "weight_sum": 0.00042101207991934389, "confidence": "Medium", "flagged": false }, "geometry": { "type": "Polygon", "coordinates": [ [ [ -118.001325097808831, 53.826994828201904 ], [ -117.901325097808837, 53.826994828201904 ], [ -117.901325097808837, 53.926994828201906 ], [ -118.001325097808831, 53.926994828201906 ], [ -118.001325097808831, 53.826994828201904 ] ] ] } },
{ "type": "Feature", "properties": { "value": "1", "label": "AQHI 1", "color": "#01cbff", "timestamp": "2026-09-16 14:00:00", "generated_at": "2026-09-16T20:31:32.792111", "nearest_km": 59.660784441631215, "n_points": 4, "weight_sum": 0.00049164258535430445, "confidence": "Medium", "flagged": false }, "geometry": { "type": "Polygon", "coordinates": [ [ [ -117.901325097808837, 53.826994828201904 ], [ -117.801325097808842, 53.826994828201904 ], [ -117.801325097808842, 53.926994828201906 ], [ -117.901325097808837, 53.926994828201906 ], [ -117.901325097808837, 53.826994828201904 ] ] ] } },
{ "type": "Feature", "properties": { "value": "1", "label": "AQHI 1", "color": "#01cbff", "timestamp": "2026-09-16 14:00:00", "generated_at": "2026-09-16T20:31:32.792111", "nearest_km": 53.871758893600926, "n_points": 4, "weight_sum": 0.00057063739238278754, "confidence": "Medium", "flagged": false }, "geometry": { "type": "Polygon", "coordinates": [ [ [ -117.801325097808842, 53.826994828201904 ], [ -117.701325097808848, 53.826994828201904 ], [ -117.701325097808848, 53.926994828201906 ], [ -117.801325097808842, 53.926994828201906 ], [ -117.801325097808842, 53.826994828201904 ] ] ] } },
{ "type": "Feature", "properties": { "value": "1", "label": "AQHI 1", "color": "#01cbff", "timestamp": "2026-09-16 14:00:00", "generated_at": "2026-09-16T20:31:32.792111", "nearest_km": 49.913361060839485, "n_points": 5, "weight_sum": 0.00069132355069245462, "confidence": "Medium", "flagged": false }, "geometry": { "type": "Polygon", "coordinates": [ [ [ -117.701325097808848, 53.826994828201904 ], [ -117.601325097808854, 53.826994828201904 ], [ -117.601325097808854, 53.926994828201906 ], [ -117.701325097808848, 53.926994828201906 ], [ -117.701325097808848, 53.826994828201904 ] ] ] } },
{ "type": "Feature", "properties": { "value": "1", "label": "AQHI 1", "color": "#01cbff", "timestamp": "2026-09-16 14:00:00", "generated_at": "2026-09-16T20:31:32.792111", "nearest_km": 48.238374956969231, "n_points": 5, "weight_sum": 0.00074864130907042938, "confidence": "Medium", "flagged": false }, "geometry": { "type": "Polygon", "coordinates": [ [ [ -117.601325097808854, 53.826994828201904 ], [ -117.501325097808859, 53.826994828201904 ], [ -117.501325097808859, 53.926994828201906 ], [ -117.601325097808854, 53.926994828201906 ], [ -117.601325097808854, 53.826994828201904 ] ] ] } },
{ "type": "Feature", "properties": { "value": "1", "label": "AQHI 1", "color": "#01cbff", "timestamp": "2026-09-16 14:00:00", "generated_at": "2026-09-16T20:31:32.792111", "nearest_km": 49.08113715663643, "n_points": 5, "weight_sum": 0.00076888127122685371, "confidence": "Medium", "flagged": false }, "geometry": { "type": "Polygon", "coordinates": [ [ [ -117.501325097808859, 53.826994828201904 ], [ -117.401325097808865, 53.826994828201904 ], [ -117.401325097808865, 53.926994828201906 ], [ -117.501325097808859, 53.926994828201906 ], [ -117.501325097808859, 53.826994828201904 ] ] ] } },
{ "type": "Feature", "properties": { "value": "2", "label": "AQHI 2", "color": "#0099cb", "timestamp": "2026-09-16 14:00:00", "generated_at": "2026-09-16T20:31:32.792111", "nearest_km": 52.320122617286842, "n_points": 5, "weight_sum": 0.00076043115746855794, "confidence": "Medium", "flagged": false }, "geometry": { "type": "Polygon", "coordinates": [ [ [ -117.401325097808865, 53.826994828201904 ], [ -117.301325097808871, 53.826994828201904 ], [ -117.301325097808871, 53.926994828201906 ], [ -117.401325097808865, 53.926994828201906 ], [ -117.401325097808865, 53.826994828201904 ] ] ] } },
{ "type": "Feature", "properties": { "value": "2", "label": "AQHI 2", "color": "#0099cb", "timestamp": "2026-09-16 14:00:00", "generated_at": "2026-09-16T20:31:32.792111", "nearest_km": 57.552171434162879, "n_points": 5, "weight_sum": 0.00074485211788806395, "confidence": "Medium", "flagged": false }, "geometry": { "type": "Polygon", "coordinates": [ [ [ -117.301325097808871, 53.826994828201904 ], [ -117.201325097808876, 53.826994828201904 ], [ -117.201325097808876, 53.926994828201906 ], [ -117.301325097808871, 53.926994828201906 ], [ -117.301325097808871, 53.826994828201904 ] ] ] } },
{ "type": "Feature", "properties": { "value": "2", "label": "AQHI 2", "color": "#0099cb", "timestamp": "2026-09-16 14:00:00", "generated_at": "2026-09-16T20:31:32.792111", "nearest_km": 64.292531781588679, "n_points": 5, "weight_sum": 0.00073861505790438222, "confidence": "Medium", "flagged": false }, "geometry": { "type": "Polygon", "coordinates": [ [ [ -117.201325097808876, 53.826994828201904 ], [ -117.101325097808882, 53.826994828201904 ], [ -117.101325097808882, 53.926994828201906 ], [ -117.201325097808876, 53.926994828201906 ], [ -117.201325097808876, 53.826994828201904 ] ] ] } },
{ "type": "Feature", "properties": { "value": "2", "label": "AQHI 2", "color": "#0099cb", "timestamp": "2026-09-16 14:00:00", "generated_at": "2026-09-16T20:31:32.792111", "nearest_km": 70.932612659001791, "n_points": 4, "weight_sum": 0.00070509225353782489, "confidence": "Medium", "flagged": false }, "geometry": { "type": "Polygon", "coordinates": [ [ [ -117.101325097808882, 53.826994828201904 ], [ -117.001325097808888, 53.826994828201904 ], [ -117.001325097808888, 53.926994828201906 ], [ -117.101325097808882, 53.926994828201906 ], [ -117.101325097808882, 53.826994828201904 ] ] ] } },
{ "type": "Feature", "properties": { "value": "2", "label": "AQHI 2", "color": "#0099cb", "timestamp": "2026-09-16 14:00:00", "generated_at": "2026-09-16T20:31:32.792111", "nearest_km": 66.599405767704454, "n_points": 4, "weight_sum": 0.00073550685138007736, "confidence": "Medium", "flagged": false }, "geometry": { "type": "Polygon", "coordinates": [ [ [ -117.001325097808888, 53.826994828201904 ], [ -116.901325097808893, 53.826994828201904 ], [ -116.901325097808893, 53.926994828201906 ], [ -117.001325097808888, 53.926994828201906 ], [ -117.001325097808888, 53.826994828201904 ] ] ] } },
{ "type": "Feature", "properties": { "value": "2", "label": "AQHI 2", "color": "#0099cb", "timestamp": "2026-09-16 14:00:00", "generated_at": "2026-09-16T20:31:32.792111", "nearest_km": 62.109252478677199, "n_points": 4, "weight_sum": 0.000784378687558724, "confidence": "Medium", "flagged": false }, "geometry": { "type": "Polygon", "coordinates": [ [ [ -116.901325097808893, 53.826994828201904 ], [ -116.801325097808899, 53.826994828201904 ], [ -116.801325097808899, 53.926994828201906 ], [ -116.901325097808893, 53.926994828201906 ], [ -116.901325097808893, 53.826994828201904 ] ] ] } },
{ "type": "Feature", "properties": { "value": "2", "label": "AQHI 2", "color": "#0099cb", "timestamp": "2026-09-16 14:00:00", "generated_at": "2026-09-16T20:31:32.792111", "nearest_km": 52.22650174996857, "n_points": 4, "weight_sum": 0.00086220532366063606, "confidence": "Medium", "flagged": false }, "geometry": { "type": "Polygon", "coordinates": [ [ [ -116.801325097808899, 53.826994828201904 ], [ -116.701325097808905, 53.826994828201904 ], [ -116.701325097808905, 53.926994828201906 ], [ -116.801325097808899, 53.926994828201906 ], [ -116.801325097808899, 53.826994828201904 ] ] ] } },
{ "type": "Feature", "properties": { "value": "2", "label": "AQHI 2", "color": "#0099cb", "timestamp": "2026-09-16 14:00:00", "generated_at": "2026-09-16T20:31:32.792111", "nearest_km": 42.942702833180412, "n_points": 4, "weight_sum": 0.00099637764284591659, "confidence": "Medium", "flagged": false }, "geometry": { "type": "Polygon", "coordinates": [ [ [ -116.701325097808905, 53.826994828201904 ], [ -116.60132509780891, 53.826994828201904 ], [ -116.60132509780891, 53.926994828201906 ], [ -116.701325097808905, 53.926994828201906 ], [ -116.701325097808905, 53.826994828201904 ] ] ] } },
{ "type": "Feature", "properties": { "value": "2", "label": "AQHI 2", "color": "#0099cb", "timestamp": "2026-09-16 14:00:00", "generated_at": "2026-09-16T20:31:32.792111", "nearest_km": 34.741386964227331, "n_points": 4, "weight_sum": 0.0012325910750808694, "confidence": "Medium", "flagged": false }, "geometry": { "type": "Polygon", "coordinates": [ [ [ -116.60132509780891, 53.826994828201904 ], [ -116.501325097808916, 53.826994828201904 ], [ -116.501325097808916, 53.926994828201906 ], [ -116.60132509780891, 53.926994828201906 ], [ -116.60132509780891, 53.826994828201904 ] ] ] } },
{ "type": "Feature", "properties": { "value": "2", "label": "AQHI 2", "color": "#0099cb", "timestamp": "2026-09-16 14:00:00", "generated_at": "2026-09-16T20:31:32.792111", "nearest_km": 28.570477941005823, "n_points": 4, "weight_sum": 0.0015765332121156761, "confidence": "Medium", "flagged": false }, "geometry": { "type": "Polygon", "coordinates": [ [ [ -116.501325097808916, 53.826994828201904 ], [ -116.401325097808922, 53.826994828201904 ], [ -116.401325097808922, 53.926994828201906 ], [ -116.501325097808916, 53.926994828201906 ], [ -116.501325097808916, 53.826994828201904 ] ] ] } },
{ "type": "Feature", "properties": { "value": "2", "label": "AQHI 2", "color": "#0099cb", "timestamp": "2026-09-16 14:00:00", "generated_at": "2026-09-16T20:31:32.792111", "nearest_km": 25.922971499363019, "n_points": 4, "weight_sum": 0.0017896011855579061, "confidence": "Medium", "flagged": false }, "geometry": { "type": "Polygon", "coordinates": [ [ [ -116.401325097808922, 53.826994828201904 ], [ -116.301325097808927, 53.826994828201904 ], [ -116.301325097808927, 53.926994828201906 ], [ -116.401325097808922, 53.926994828201906 ], [ -116.401325097808922, 53.826994828201904 ] ] ] } },
{ "type": "Feature", "properties": { "value": "2", "label": "AQHI 2", "color": "#0099cb", "timestamp": "2026-09-16 14:00:00", "generated_at": "2026-09-16T20:31:32.792111", "nearest_km": 27.823527686762628, "n_points": 3, "weight_sum": 0.0015047148981673798, "confidence": "Medium", "flagged": false }, "geometry": { "type": "Polygon", "coordinates": [ [ [ -116.301325097808927, 53.826994828201904 ], [ -116.201325097808933, 53.826994828201904 ], [ -116.201325097808933, 53.926994828201906 ], [ -116.301325097808927, 53.926994828201906 ], [ -116.301325097808927, 53.826994828201904 ] ] ] } },
{ "type": "Feature", "properties": { "value": "2", "label": "AQHI 2", "color": "#0099cb", "timestamp": "2026-09-16 14:00:00", "generated_at": "2026-09-16T20:31:32.792111", "nearest_km": 33.506968447104818, "n_points": 3, "weight_sum": 0.0010715112218697093, "confidence": "Medium", "flagged": false }, "geometry": { "type": "Polygon", "coordinates": [ [ [ -116.201325097808933, 53.826994828201904 ], [ -116.101325097808939, 53.826994828201904 ], [ -116.101325097808939, 53.926994828201906 ], [ -116.201325097808933, 53.926994828201906 ], [ -116.201325097808933, 53.826994828201904 ] ] ] } },
{ "type": "Feature", "properties": { "value": "2", "label": "AQHI 2", "color": "#0099cb", "timestamp": "2026-09-16 14:00:00", "generated_at": "2026-09-16T20:31:32.792111", "nearest_km": 41.445206913399296, "n_points": 4, "weight_sum": 0.00078626276495214517, "confidence": "Medium", "flagged": false }, "geometry": { "type": "Polygon", "coordinates": [ [ [ -116.101325097808939, 53.826994828201904 ], [ -116.001325097808945, 53.826994828201904 ], [ -116.001325097808945, 53.926994828201906 ], [ -116.101325097808939, 53.926994828201906 ], [ -116.101325097808939, 53.826994828201904 ] ] ] } },
{ "type": "Feature", "properties": { "value": "2", "label": "AQHI 2", "color": "#0099cb", "timestamp": "2026-09-16 14:00:00", "generated_at": "2026-09-16T20:31:32.792111", "nearest_km": 50.587680493116665, "n_points": 4, "weight_sum": 0.00058027999259931454, "confidence": "Medium", "flagged": false }, "geometry": { "type": "Polygon", "coordinates": [ [ [ -116.001325097808945, 53.826994828201904 ], [ -115.90132509780895, 53.826994828201904 ], [ -115.90132509780895, 53.926994828201906 ], [ -116.001325097808945, 53.926994828201906 ], [ -116.001325097808945, 53.826994828201904 ] ] ] } },
{ "type": "Feature", "properties": { "value": "2", "label": "AQHI 2", "color": "#0099cb", "timestamp": "2026-09-16 14:00:00", "generated_at": "2026-09-16T20:31:32.792111", "nearest_km": 60.389913555599684, "n_points": 3, "weight_sum": 0.00041192902196944949, "confidence": "Medium", "flagged": false }, "geometry": { "type": "Polygon", "coordinates": [ [ [ -115.90132509780895, 53.826994828201904 ], [ -115.801325097808956, 53.826994828201904 ], [ -115.801325097808956, 53.926994828201906 ], [ -115.90132509780895, 53.926994828201906 ], [ -115.90132509780895, 53.826994828201904 ] ] ] } },
{ "type": "Feature", "properties": { "value": "2", "label": "AQHI 2", "color": "#0099cb", "timestamp": "2026-09-16 14:00:00", "generated_at": "2026-09-16T20:31:32.792111", "nearest_km": 70.577545301830412, "n_points": 3, "weight_sum": 0.00033958272727008883, "confidence": "Medium", "flagged": false }, "geometry": { "type": "Polygon", "coordinates": [ [ [ -115.801325097808956, 53.826994828201904 ], [ -115.701325097808962, 53.826994828201904 ], [ -115.701325097808962, 53.926994828201906 ], [ -115.801325097808956, 53.926994828201906 ], [ -115.801325097808956, 53.826994828201904 ] ] ] } },
{ "type": "Feature", "properties": { "value": "2", "label": "AQHI 2", "color": "#0099cb", "timestamp": "2026-09-16 14:00:00", "generated_at": "2026-09-16T20:31:32.792111", "nearest_km": 81.005297002177656, "n_points": 3, "weight_sum": 0.00029655359043237207, "confidence": "Low", "flagged": false }, "geometry": { "type": "Polygon", "coordinates": [ [ [ -115.701325097808962, 53.826994828201904 ], [ -115.601325097808967, 53.826994828201904 ], [ -115.601325097808967, 53.926994828201906 ], [ -115.701325097808962, 53.926994828201906 ], [ -115.701325097808962, 53.826994828201904 ] ] ] } },
{ "type": "Feature", "properties": { "value": "2", "label": "AQHI 2", "color": "#0099cb", "timestamp": "2026-09-16 14:00:00", "generated_at": "2026-09-16T20:31:32.792111", "nearest_km": 91.59119162883556, "n_points": 3, "weight_sum": 0.00027291694793619986, "confidence": "Low", "flagged": false }, "geometry": { "type": "Polygon", "coordinates": [ [ [ -115.601325097808967, 53.826994828201904 ], [ -115.501325097808973, 53.826994828201904 ], [ -115.501325097808973, 53.926994828201906 ], [ -115.601325097808967, 53.926994828201906 ], [ -115.601325097808967, 53.826994828201904 ] ] ] } },
{ "type": "Feature", "properties": { "value": "2", "label": "AQHI 2", "color": "#0099cb", "timestamp": "2026-09-16 14:00:00", "generated_at": "2026-09-16T20:31:32.792111", "nearest_km": 88.564705527017338, "n_points": 2, "weight_sum": 0.00022307060263104429, "confidence": "Low", "flagged": false }, "geometry": { "type": "Polygon", "coordinates": [ [ [ -115.501325097808973, 53.826994828201904 ], [ -115.401325097808979, 53.826994828201904 ], [ -115.401325097808979, 53.926994828201906 ], [ -115.501325097808973, 53.926994828201906 ], [ -115.501325097808973, 53.826994828201904 ] ] ] } },
{ "type": "Feature", "properties": { "value": "2", "label": "AQHI 2", "color": "#0099cb", "timestamp": "2026-09-16 14:00:00", "generated_at": "2026-09-16T20:31:32.792111", "nearest_km": 81.79648985541175, "n_points": 3, "weight_sum": 0.00027506773027608308, "confidence": "Low", "flagged": false }, "geometry": { "type": "Polygon", "coordinates": [ [ [ -115.401325097808979, 53.826994828201904 ], [ -115.301325097808984, 53.826994828201904 ], [ -115.301325097808984, 53.926994828201906 ], [ -115.401325097808979, 53.926994828201906 ], [ -115.401325097808979, 53.826994828201904 ] ] ] } },
{ "type": "Feature", "properties": { "value": "2", "label": "AQHI 2", "color": "#0099cb", "timestamp": "2026-09-16 14:00:00", "generated_at": "2026-09-16T20:31:32.792111", "nearest_km": 76.052905534539761, "n_points": 3, "weight_sum": 0.00029276756073226345, "confidence": "Low", "flagged": false }, "geometry": { "type": "Polygon", "coordinates": [ [ [ -115.301325097808984, 53.826994828201904 ], [ -115.20132509780899, 53.826994828201904 ], [ -115.20132509780899, 53.926994828201906 ], [ -115.301325097808984, 53.926994828201906 ], [ -115.301325097808984, 53.826994828201904 ] ] ] } },
{ "type": "Feature", "properties": { "value": "2", "label": "AQHI 2", "color": "#0099cb", "timestamp": "2026-09-16 14:00:00", "generated_at": "2026-09-16T20:31:32.792111", "nearest_km": 71.581024914601159, "n_points": 3, "weight_sum": 0.00031399098687016598, "confidence": "Medium", "flagged": false }, "geometry": { "type": "Polygon", "coordinates": [ [ [ -115.20132509780899, 53.826994828201904 ], [ -115.101325097808996, 53.826994828201904 ], [ -115.101325097808996, 53.926994828201906 ], [ -115.20132509780899, 53.926994828201906 ], [ -115.20132509780899, 53.826994828201904 ] ] ] } },
{ "type": "Feature", "properties": { "value": "2", "label": "AQHI 2", "color": "#0099cb", "timestamp": "2026-09-16 14:00:00", "generated_at": "2026-09-16T20:31:32.792111", "nearest_km": 68.629890101936255, "n_points": 3, "weight_sum": 0.00033440022200583873, "confidence": "Medium", "flagged": false }, "geometry": { "type": "Polygon", "coordinates": [ [ [ -115.101325097808996, 53.826994828201904 ], [ -115.001325097809001, 53.826994828201904 ], [ -115.001325097809001, 53.926994828201906 ], [ -115.101325097808996, 53.926994828201906 ], [ -115.101325097808996, 53.826994828201904 ] ] ] } },
{ "type": "Feature", "properties": { "value": "2", "label": "AQHI 2", "color": "#0099cb", "timestamp": "2026-09-16 14:00:00", "generated_at": "2026-09-16T20:31:32.792111", "nearest_km": 67.399558626024529, "n_points": 3, "weight_sum": 0.00035835023914532118, "confidence": "Medium", "flagged": false }, "geometry": { "type": "Polygon", "coordinates": [ [ [ -115.001325097809001, 53.826994828201904 ], [ -114.901325097809007, 53.826994828201904 ], [ -114.901325097809007, 53.926994828201906 ], [ -115.001325097809001, 53.926994828201906 ], [ -115.001325097809001, 53.826994828201904 ] ] ] } },
{ "type": "Feature", "properties": { "value": "2", "label": "AQHI 2", "color": "#0099cb", "timestamp": "2026-09-16 14:00:00", "generated_at": "2026-09-16T20:31:32.792111", "nearest_km": 67.983521463380796, "n_points": 4, "weight_sum": 0.00042810595361137207, "confidence": "Medium", "flagged": false }, "geometry": { "type": "Polygon", "coordinates": [ [ [ -114.901325097809007, 53.826994828201904 ], [ -114.801325097809013, 53.826994828201904 ], [ -114.801325097809013, 53.926994828201906 ], [ -114.901325097809007, 53.926994828201906 ], [ -114.901325097809007, 53.826994828201904 ] ] ] } },
{ "type": "Feature", "properties": { "value": "2", "label": "AQHI 2", "color": "#0099cb", "timestamp": "2026-09-16 14:00:00", "generated_at": "2026-09-16T20:31:32.792111", "nearest_km": 70.336604112943718, "n_points": 6, "weight_sum": 0.00054623469896887176, "confidence": "Medium", "flagged": false }, "geometry": { "type": "Polygon", "coordinates": [ [ [ -114.801325097809013, 53.826994828201904 ], [ -114.701325097809018, 53.826994828201904 ], [ -114.701325097809018, 53.926994828201906 ], [ -114.801325097809013, 53.926994828201906 ], [ -114.801325097809013, 53.826994828201904 ] ] ] } },
{ "type": "Feature", "properties": { "value": "2", "label": "AQHI 2", "color": "#0099cb", "timestamp": "2026-09-16 14:00:00", "generated_at": "2026-09-16T20:31:32.792111", "nearest_km": 74.290891539407141, "n_points": 7, "weight_sum": 0.00063706114275982845, "confidence": "Medium", "flagged": false }, "geometry": { "type": "Polygon", "coordinates": [ [ [ -114.701325097809018, 53.826994828201904 ], [ -114.601325097809024, 53.826994828201904 ], [ -114.601325097809024, 53.926994828201906 ], [ -114.701325097809018, 53.926994828201906 ], [ -114.701325097809018, 53.826994828201904 ] ] ] } },
{ "type": "Feature", "properties": { "value": "2", "label": "AQHI 2", "color": "#0099cb", "timestamp": "2026-09-16 14:00:00", "generated_at": "2026-09-16T20:31:32.792111", "nearest_km": 72.930549060829307, "n_points": 10, "weight_sum": 0.00085100999111903028, "confidence": "Medium", "flagged": false }, "geometry": { "type": "Polygon", "coordinates": [ [ [ -114.601325097809024, 53.826994828201904 ], [ -114.50132509780903, 53.826994828201904 ], [ -114.50132509780903, 53.926994828201906 ], [ -114.601325097809024, 53.926994828201906 ], [ -114.601325097809024, 53.826994828201904 ] ] ] } },
{ "type": "Feature", "properties": { "value": "2", "label": "AQHI 2", "color": "#0099cb", "timestamp": "2026-09-16 14:00:00", "generated_at": "2026-09-16T20:31:32.792111", "nearest_km": 66.738180659147872, "n_points": 12, "weight_sum": 0.0010633817238165806, "confidence": "Medium", "flagged": false }, "geometry": { "type": "Polygon", "coordinates": [ [ [ -114.50132509780903, 53.826994828201904 ], [ -114.401325097809035, 53.826994828201904 ], [ -114.401325097809035, 53.926994828201906 ], [ -114.50132509780903, 53.926994828201906 ], [ -114.50132509780903, 53.826994828201904 ] ] ] } },
{ "type": "Feature", "properties": { "value": "2", "label": "AQHI 2", "color": "#0099cb", "timestamp": "2026-09-16 14:00:00", "generated_at": "2026-09-16T20:31:32.792111", "nearest_km": 61.931611710596236, "n_points": 14, "weight_sum": 0.0013253615882641314, "confidence": "Medium", "flagged": false }, "geometry": { "type": "Polygon", "coordinates": [ [ [ -114.401325097809035, 53.826994828201904 ], [ -114.301325097809041, 53.826994828201904 ], [ -114.301325097809041, 53.926994828201906 ], [ -114.401325097809035, 53.926994828201906 ], [ -114.401325097809035, 53.826994828201904 ] ] ] } },
{ "type": "Feature", "properties": { "value": "2", "label": "AQHI 2", "color": "#0099cb", "timestamp": "2026-09-16 14:00:00", "generated_at": "2026-09-16T20:31:32.792111", "nearest_km": 58.851374669170077, "n_points": 14, "weight_sum": 0.0015530780728257394, "confidence": "Medium", "flagged": false }, "geometry": { "type": "Polygon", "coordinates": [ [ [ -114.301325097809041, 53.826994828201904 ], [ -114.201325097809047, 53.826994828201904 ], [ -114.201325097809047, 53.926994828201906 ], [ -114.301325097809041, 53.926994828201906 ], [ -114.301325097809041, 53.826994828201904 ] ] ] } },
{ "type": "Feature", "properties": { "value": "2", "label": "AQHI 2", "color": "#0099cb", "timestamp": "2026-09-16 14:00:00", "generated_at": "2026-09-16T20:31:32.792111", "nearest_km": 57.774250941314506, "n_points": 16, "weight_sum": 0.0019422799818801539, "confidence": "Medium", "flagged": false }, "geometry": { "type": "Polygon", "coordinates": [ [ [ -114.201325097809047, 53.826994828201904 ], [ -114.101325097809053, 53.826994828201904 ], [ -114.101325097809053, 53.926994828201906 ], [ -114.201325097809047, 53.926994828201906 ], [ -114.201325097809047, 53.826994828201904 ] ] ] } },
{ "type": "Feature", "properties": { "value": "2", "label": "AQHI 2", "color": "#0099cb", "timestamp": "2026-09-16 14:00:00", "generated_at": "2026-09-16T20:31:32.792111", "nearest_km": 52.560289904859133, "n_points": 17, "weight_sum": 0.0024011902134931725, "confidence": "Medium", "flagged": false }, "geometry": { "type": "Polygon", "coordinates": [ [ [ -114.101325097809053, 53.826994828201904 ], [ -114.001325097809058, 53.826994828201904 ], [ -114.001325097809058, 53.926994828201906 ], [ -114.101325097809053, 53.926994828201906 ], [ -114.101325097809053, 53.826994828201904 ] ] ] } },
{ "type": "Feature", "properties": { "value": "2", "label": "AQHI 2", "color": "#0099cb", "timestamp": "2026-09-16 14:00:00", "generated_at": "2026-09-16T20:31:32.792111", "nearest_km": 45.237826505279983, "n_points": 17, "weight_sum": 0.0029934029509218092, "confidence": "Medium", "flagged": false }, "geometry": { "type": "Polygon", "coordinates": [ [ [ -114.001325097809058, 53.826994828201904 ], [ -113.901325097809064, 53.826994828201904 ], [ -113.901325097809064, 53.926994828201906 ], [ -114.001325097809058, 53.926994828201906 ], [ -114.001325097809058, 53.826994828201904 ] ] ] } },
{ "type": "Feature", "properties": { "value": "NA", "label": "No Data", "color": "#D3D3D3", "timestamp": "2026-09-16 14:00:00", "generated_at": "2026-09-16T20:31:32.792111", "nearest_km": 156.05613967669555, "n_points": 0, "weight_sum": 0.0, "confidence": "None", "flagged": false }, "geometry": { "type": "Polygon", "coordinates": [ [ [ -120.001325097808717, 53.926994828201906 ], [ -119.901325097808723, 53.926994828201906 ], [ -119.901325097808723, 54.026994828201907 ], [ -120.001325097808717, 54.026994828201907 ], [ -120.001325097808717, 53.926994828201906 ] ] ] } },
{ "type": "Feature", "properties": { "value": "NA", "label": "No Data", "color": "#D3D3D3", "timestamp": "2026-09-16 14:00:00", "generated_at": "2026-09-16T20:31:32.792111", "nearest_km": 151.61483431634298, "n_points": 0, "weight_sum": 0.0, "confidence": "None", "flagged": false }, "geometry": { "type": "Polygon", "coordinates": [ [ [ -119.901325097808723, 53.926994828201906 ], [ -119.801325097808729, 53.926994828201906 ], [ -119.801325097808729, 54.026994828201907 ], [ -119.901325097808723, 54.026994828201907 ], [ -119.901325097808723, 53.926994828201906 ] ] ] } },
{ "type": "Feature", "properties": { "value": "1", "label": "AQHI 1", "color": "#01cbff", "timestamp": "2026-09-16 14:00:00", "generated_at": "2026-09-16T20:31:32.792111", "nearest_km": 147.87500545647302, "n_points": 1, "weight_sum": 4.5730974146205756e-05, "confidence": "Low", "flagged": false }, "geometry": { "type": "Polygon", "coordinates": [ [ [ -119.801325097808729, 53.926994828201906 ], [ -119.701325097808734, 53.926994828201906 ], [ -119.701325097808734, 54.026994828201907 ], [ -119.801325097808729, 54.026994828201907 ], [ -119.801325097808729, 53.926994828201906 ] ] ] } },
{ "type": "Feature", "properties": { "value": "1", "label": "AQHI 1", "color": "#01cbff", "timestamp": "2026-09-16 14:00:00", "generated_at": "2026-09-16T20:31:32.792111", "nearest_km": 144.8909814057856, "n_points": 1, "weight_sum": 4.7634026268508675e-05, "confidence": "Low", "flagged": false }, "geometry": { "type": "Polygon", "coordinates": [ [ [ -119.701325097808734, 53.926994828201906 ], [ -119.60132509780874, 53.926994828201906 ], [ -119.60132509780874, 54.026994828201907 ], [ -119.701325097808734, 54.026994828201907 ], [ -119.701325097808734, 53.926994828201906 ] ] ] } },
{ "type": "Feature", "properties": { "value": "1", "label": "AQHI 1", "color": "#01cbff", "timestamp": "2026-09-16 14:00:00", "generated_at": "2026-09-16T20:31:32.792111", "nearest_km": 142.71018094975372, "n_points": 1, "weight_sum": 4.9100971651098421e-05, "confidence": "Low", "flagged": false }, "geometry": { "type": "Polygon", "coordinates": [ [ [ -119.60132509780874, 53.926994828201906 ], [ -119.501325097808746, 53.926994828201906 ], [ -119.501325097808746, 54.026994828201907 ], [ -119.60132509780874, 54.026994828201907 ], [ -119.60132509780874, 53.926994828201906 ] ] ] } },
{ "type": "Feature", "properties": { "value": "1", "label": "AQHI 1", "color": "#01cbff", "timestamp": "2026-09-16 14:00:00", "generated_at": "2026-09-16T20:31:32.792111", "nearest_km": 141.36978107322358, "n_points": 1, "weight_sum": 5.0036489107952809e-05, "confidence": "Low", "flagged": false }, "geometry": { "type": "Polygon", "coordinates": [ [ [ -119.501325097808746, 53.926994828201906 ], [ -119.401325097808751, 53.926994828201906 ], [ -119.401325097808751, 54.026994828201907 ], [ -119.501325097808746, 54.026994828201907 ], [ -119.501325097808746, 53.926994828201906 ] ] ] } },
{ "type": "Feature", "properties": { "value": "1", "label": "AQHI 1", "color": "#01cbff", "timestamp": "2026-09-16 14:00:00", "generated_at": "2026-09-16T20:31:32.792111", "nearest_km": 140.89376939620448, "n_points": 1, "weight_sum": 5.037515827476545e-05, "confidence": "Low", "flagged": false }, "geometry": { "type": "Polygon", "coordinates": [ [ [ -119.401325097808751, 53.926994828201906 ], [ -119.301325097808757, 53.926994828201906 ], [ -119.301325097808757, 54.026994828201907 ], [ -119.401325097808751, 54.026994828201907 ], [ -119.401325097808751, 53.926994828201906 ] ] ] } },
{ "type": "Feature", "properties": { "value": "1", "label": "AQHI 1", "color": "#01cbff", "timestamp": "2026-09-16 14:00:00", "generated_at": "2026-09-16T20:31:32.792111", "nearest_km": 141.29088260977957, "n_points": 2, "weight_sum": 9.5052262900792103e-05, "confidence": "Low", "flagged": false }, "geometry": { "type": "Polygon", "coordinates": [ [ [ -119.301325097808757, 53.926994828201906 ], [ -119.201325097808763, 53.926994828201906 ], [ -119.201325097808763, 54.026994828201907 ], [ -119.301325097808757, 54.026994828201907 ], [ -119.301325097808757, 53.926994828201906 ] ] ] } },
{ "type": "Feature", "properties": { "value": "1", "label": "AQHI 1", "color": "#01cbff", "timestamp": "2026-09-16 14:00:00", "generated_at": "2026-09-16T20:31:32.792111", "nearest_km": 142.55382408981575, "n_points": 2, "weight_sum": 9.6492278655920574e-05, "confidence": "Low", "flagged": false }, "geometry": { "type": "Polygon", "coordinates": [ [ [ -119.201325097808763, 53.926994828201906 ], [ -119.101325097808768, 53.926994828201906 ], [ -119.101325097808768, 54.026994828201907 ], [ -119.201325097808763, 54.026994828201907 ], [ -119.201325097808763, 53.926994828201906 ] ] ] } },
{ "type": "Feature", "properties": { "value": "2", "label": "AQHI 2", "color": "#0099cb", "timestamp": "2026-09-16 14:00:00", "generated_at": "2026-09-16T20:31:32.792111", "nearest_km": 142.48644034153438, "n_points": 2, "weight_sum": 9.7041613098608741e-05, "confidence": "Low", "flagged": false }, "geometry": { "type": "Polygon", "coordinates": [ [ [ -119.101325097808768, 53.926994828201906 ], [ -119.001325097808774, 53.926994828201906 ], [ -119.001325097808774, 54.026994828201907 ], [ -119.101325097808768, 54.026994828201907 ], [ -119.101325097808768, 53.926994828201906 ] ] ] } },
{ "type": "Feature", "properties": { "value": "2", "label": "AQHI 2", "color": "#0099cb", "timestamp": "2026-09-16 14:00:00", "generated_at": "2026-09-16T20:31:32.792111", "nearest_km": 140.36445945566595, "n_points": 2, "weight_sum": 9.6674097606899332e-05, "confidence": "Low", "flagged": false }, "geometry": { "type": "Polygon", "coordinates": [ [ [ -119.001325097808774, 53.926994828201906 ], [ -118.90132509780878, 53.926994828201906 ], [ -118.90132509780878, 54.026994828201907 ], [ -119.001325097808774, 54.026994828201907 ], [ -119.001325097808774, 53.926994828201906 ] ] ] } },
{ "type": "Feature", "properties": { "value": "1", "label": "AQHI 1", "color": "#01cbff", "timestamp": "2026-09-16 14:00:00", "generated_at": "2026-09-16T20:31:32.792111", "nearest_km": 82.501297931286445, "n_points": 3, "weight_sum": 0.00026918252823046791, "confidence": "Low", "flagged": false }, "geometry": { "type": "Polygon", "coordinates": [ [ [ -118.101325097808825, 53.926994828201906 ], [ -118.001325097808831, 53.926994828201906 ], [ -118.001325097808831, 54.026994828201907 ], [ -118.101325097808825, 54.026994828201907 ], [ -118.101325097808825, 53.926994828201906 ] ] ] } },
{ "type": "Feature", "properties": { "value": "2", "label": "AQHI 2", "color": "#0099cb", "timestamp": "2026-09-16 14:00:00", "generated_at": "2026-09-16T20:31:32.792111", "nearest_km": 75.20891813107292, "n_points": 4, "weight_sum": 0.0003544842456415303, "confidence": "Low", "flagged": false }, "geometry": { "type": "Polygon", "coordinates": [ [ [ -118.001325097808831, 53.926994828201906 ], [ -117.901325097808837, 53.926994828201906 ], [ -117.901325097808837, 54.026994828201907 ], [ -118.001325097808831, 54.026994828201907 ], [ -118.001325097808831, 53.926994828201906 ] ] ] } },
{ "type": "Feature", "properties": { "value": "1", "label": "AQHI 1", "color": "#01cbff", "timestamp": "2026-09-16 14:00:00", "generated_at": "2026-09-16T20:31:32.792111", "nearest_km": 68.939963537457302, "n_points": 4, "weight_sum": 0.00040175842167107447, "confidence": "Medium", "flagged": false }, "geometry": { "type": "Polygon", "coordinates": [ [ [ -117.901325097808837, 53.926994828201906 ], [ -117.801325097808842, 53.926994828201906 ], [ -117.801325097808842, 54.026994828201907 ], [ -117.901325097808837, 54.026994828201907 ], [ -117.901325097808837, 53.926994828201906 ] ] ] } },
{ "type": "Feature", "properties": { "value": "1", "label": "AQHI 1", "color": "#01cbff", "timestamp": "2026-09-16 14:00:00", "generated_at": "2026-09-16T20:31:32.792111", "nearest_km": 63.995904389620335, "n_points": 4, "weight_sum": 0.00045107117308382163, "confidence": "Medium", "flagged": false }, "geometry": { "type": "Polygon", "coordinates": [ [ [ -117.801325097808842, 53.926994828201906 ], [ -117.701325097808848, 53.926994828201906 ], [ -117.701325097808848, 54.026994828201907 ], [ -117.801325097808842, 54.026994828201907 ], [ -117.801325097808842, 53.926994828201906 ] ] ] } },
{ "type": "Feature", "properties": { "value": "1", "label": "AQHI 1", "color": "#01cbff", "timestamp": "2026-09-16 14:00:00", "generated_at": "2026-09-16T20:31:32.792111", "nearest_km": 60.701342528356683, "n_points": 5, "weight_sum": 0.0005410647191253302, "confidence": "Medium", "flagged": false }, "geometry": { "type": "Polygon", "coordinates": [ [ [ -117.701325097808848, 53.926994828201906 ], [ -117.601325097808854, 53.926994828201906 ], [ -117.601325097808854, 54.026994828201907 ], [ -117.701325097808848, 54.026994828201907 ], [ -117.701325097808848, 53.926994828201906 ] ] ] } },
{ "type": "Feature", "properties": { "value": "2", "label": "AQHI 2", "color": "#0099cb", "timestamp": "2026-09-16 14:00:00", "generated_at": "2026-09-16T20:31:32.792111", "nearest_km": 59.331696342210819, "n_points": 5, "weight_sum": 0.00058274426146693909, "confidence": "Medium", "flagged": false }, "geometry": { "type": "Polygon", "coordinates": [ [ [ -117.601325097808854, 53.926994828201906 ], [ -117.501325097808859, 53.926994828201906 ], [ -117.501325097808859, 54.026994828201907 ], [ -117.601325097808854, 54.026994828201907 ], [ -117.601325097808854, 53.926994828201906 ] ] ] } },
{ "type": "Feature", "properties": { "value": "2", "label": "AQHI 2", "color": "#0099cb", "timestamp": "2026-09-16 14:00:00", "generated_at": "2026-09-16T20:31:32.792111", "nearest_km": 60.018892000300312, "n_points": 5, "weight_sum": 0.00061160821596799764, "confidence": "Medium", "flagged": false }, "geometry": { "type": "Polygon", "coordinates": [ [ [ -117.501325097808859, 53.926994828201906 ], [ -117.401325097808865, 53.926994828201906 ], [ -117.401325097808865, 54.026994828201907 ], [ -117.501325097808859, 54.026994828201907 ], [ -117.501325097808859, 53.926994828201906 ] ] ] } },
{ "type": "Feature", "properties": { "value": "2", "label": "AQHI 2", "color": "#0099cb", "timestamp": "2026-09-16 14:00:00", "generated_at": "2026-09-16T20:31:32.792111", "nearest_km": 62.695331588907678, "n_points": 5, "weight_sum": 0.00063152976667783334, "confidence": "Medium", "flagged": false }, "geometry": { "type": "Polygon", "coordinates": [ [ [ -117.401325097808865, 53.926994828201906 ], [ -117.301325097808871, 53.926994828201906 ], [ -117.301325097808871, 54.026994828201907 ], [ -117.401325097808865, 54.026994828201907 ], [ -117.401325097808865, 53.926994828201906 ] ] ] } },
{ "type": "Feature", "properties": { "value": "2", "label": "AQHI 2", "color": "#0099cb", "timestamp": "2026-09-16 14:00:00", "generated_at": "2026-09-16T20:31:32.792111", "nearest_km": 67.123481801396679, "n_points": 5, "weight_sum": 0.00065147914120313789, "confidence": "Medium", "flagged": false }, "geometry": { "type": "Polygon", "coordinates": [ [ [ -117.301325097808871, 53.926994828201906 ], [ -117.201325097808876, 53.926994828201906 ], [ -117.201325097808876, 54.026994828201907 ], [ -117.301325097808871, 54.026994828201907 ], [ -117.301325097808871, 53.926994828201906 ] ] ] } },
{ "type": "Feature", "properties": { "value": "2", "label": "AQHI 2", "color": "#0099cb", "timestamp": "2026-09-16 14:00:00", "generated_at": "2026-09-16T20:31:32.792111", "nearest_km": 67.794760106572483, "n_points": 4, "weight_sum": 0.00063756411824997142, "confidence": "Medium", "flagged": false }, "geometry": { "type": "Polygon", "coordinates": [ [ [ -117.201325097808876, 53.926994828201906 ], [ -117.101325097808882, 53.926994828201906 ], [ -117.101325097808882, 54.026994828201907 ], [ -117.201325097808876, 54.026994828201907 ], [ -117.201325097808876, 53.926994828201906 ] ] ] } },
{ "type": "Feature", "properties": { "value": "2", "label": "AQHI 2", "color": "#0099cb", "timestamp": "2026-09-16 14:00:00", "generated_at": "2026-09-16T20:31:32.792111", "nearest_km": 61.267893777141587, "n_points": 4, "weight_sum": 0.00068370375398745203, "confidence": "Medium", "flagged": false }, "geometry": { "type": "Polygon", "coordinates": [ [ [ -117.101325097808882, 53.926994828201906 ], [ -117.001325097808888, 53.926994828201906 ], [ -117.001325097808888, 54.026994828201907 ], [ -117.101325097808882, 54.026994828201907 ], [ -117.101325097808882, 53.926994828201906 ] ] ] } },
{ "type": "Feature", "properties": { "value": "2", "label": "AQHI 2", "color": "#0099cb", "timestamp": "2026-09-16 14:00:00", "generated_at": "2026-09-16T20:31:32.792111", "nearest_km": 56.194306810089472, "n_points": 4, "weight_sum": 0.00074192886267951332, "confidence": "Medium", "flagged": false }, "geometry": { "type": "Polygon", "coordinates": [ [ [ -117.001325097808888, 53.926994828201906 ], [ -116.901325097808893, 53.926994828201906 ], [ -116.901325097808893, 54.026994828201907 ], [ -117.001325097808888, 54.026994828201907 ], [ -117.001325097808888, 53.926994828201906 ] ] ] } },
{ "type": "Feature", "properties": { "value": "2", "label": "AQHI 2", "color": "#0099cb", "timestamp": "2026-09-16 14:00:00", "generated_at": "2026-09-16T20:31:32.792111", "nearest_km": 52.993069620902347, "n_points": 4, "weight_sum": 0.00080511147270017486, "confidence": "Medium", "flagged": false }, "geometry": { "type": "Polygon", "coordinates": [ [ [ -116.901325097808893, 53.926994828201906 ], [ -116.801325097808899, 53.926994828201906 ], [ -116.801325097808899, 54.026994828201907 ], [ -116.901325097808893, 54.026994828201907 ], [ -116.901325097808893, 53.926994828201906 ] ] ] } },
{ "type": "Feature", "properties": { "value": "2", "label": "AQHI 2", "color": "#0099cb", "timestamp": "2026-09-16 14:00:00", "generated_at": "2026-09-16T20:31:32.792111", "nearest_km": 52.011063609823552, "n_points": 4, "weight_sum": 0.00086532371427948222, "confidence": "Medium", "flagged": false }, "geometry": { "type": "Polygon", "coordinates": [ [ [ -116.801325097808899, 53.926994828201906 ], [ -116.701325097808905, 53.926994828201906 ], [ -116.701325097808905, 54.026994828201907 ], [ -116.801325097808899, 54.026994828201907 ], [ -116.801325097808899, 53.926994828201906 ] ] ] } },
{ "type": "Feature", "properties": { "value": "2", "label": "AQHI 2", "color": "#0099cb", "timestamp": "2026-09-16 14:00:00", "generated_at": "2026-09-16T20:31:32.792111", "nearest_km": 50.422119710242036, "n_points": 4, "weight_sum": 0.00092419721470449558, "confidence": "Medium", "flagged": false }, "geometry": { "type": "Polygon", "coordinates": [ [ [ -116.701325097808905, 53.926994828201906 ], [ -116.60132509780891, 53.926994828201906 ], [ -116.60132509780891, 54.026994828201907 ], [ -116.701325097808905, 54.026994828201907 ], [ -116.701325097808905, 53.926994828201906 ] ] ] } },
{ "type": "Feature", "properties": { "value": "2", "label": "AQHI 2", "color": "#0099cb", "timestamp": "2026-09-16 14:00:00", "generated_at": "2026-09-16T20:31:32.792111", "nearest_km": 43.649494815556828, "n_points": 4, "weight_sum": 0.00099165547674768357, "confidence": "Medium", "flagged": false }, "geometry": { "type": "Polygon", "coordinates": [ [ [ -116.60132509780891, 53.926994828201906 ], [ -116.501325097808916, 53.926994828201906 ], [ -116.501325097808916, 54.026994828201907 ], [ -116.60132509780891, 54.026994828201907 ], [ -116.60132509780891, 53.926994828201906 ] ] ] } },
{ "type": "Feature", "properties": { "value": "2", "label": "AQHI 2", "color": "#0099cb", "timestamp": "2026-09-16 14:00:00", "generated_at": "2026-09-16T20:31:32.792111", "nearest_km": 38.917690569105424, "n_points": 4, "weight_sum": 0.0010568840022090252, "confidence": "Medium", "flagged": false }, "geometry": { "type": "Polygon", "coordinates": [ [ [ -116.501325097808916, 53.926994828201906 ], [ -116.401325097808922, 53.926994828201906 ], [ -116.401325097808922, 54.026994828201907 ], [ -116.501325097808916, 54.026994828201907 ], [ -116.501325097808916, 53.926994828201906 ] ] ] } },
{ "type": "Feature", "properties": { "value": "2", "label": "AQHI 2", "color": "#0099cb", "timestamp": "2026-09-16 14:00:00", "generated_at": "2026-09-16T20:31:32.792111", "nearest_km": 37.017764395110696, "n_points": 4, "weight_sum": 0.0010614466978700109, "confidence": "Medium", "flagged": false }, "geometry": { "type": "Polygon", "coordinates": [ [ [ -116.401325097808922, 53.926994828201906 ], [ -116.301325097808927, 53.926994828201906 ], [ -116.301325097808927, 54.026994828201907 ], [ -116.401325097808922, 54.026994828201907 ], [ -116.401325097808922, 53.926994828201906 ] ] ] } },
{ "type": "Feature", "properties": { "value": "2", "label": "AQHI 2", "color": "#0099cb", "timestamp": "2026-09-16 14:00:00", "generated_at": "2026-09-16T20:31:32.792111", "nearest_km": 38.372687192731028, "n_points": 3, "weight_sum": 0.00091370430831934444, "confidence": "Medium", "flagged": false }, "geometry": { "type": "Polygon", "coordinates": [ [ [ -116.301325097808927, 53.926994828201906 ], [ -116.201325097808933, 53.926994828201906 ], [ -116.201325097808933, 54.026994828201907 ], [ -116.301325097808927, 54.026994828201907 ], [ -116.301325097808927, 53.926994828201906 ] ] ] } },
{ "type": "Feature", "properties": { "value": "2", "label": "AQHI 2", "color": "#0099cb", "timestamp": "2026-09-16 14:00:00", "generated_at": "2026-09-16T20:31:32.792111", "nearest_km": 42.673544075579372, "n_points": 3, "weight_sum": 0.00074389445448488174, "confidence": "Medium", "flagged": false }, "geometry": { "type": "Polygon", "coordinates": [ [ [ -116.201325097808933, 53.926994828201906 ], [ -116.101325097808939, 53.926994828201906 ], [ -116.101325097808939, 54.026994828201907 ], [ -116.201325097808933, 54.026994828201907 ], [ -116.201325097808933, 53.926994828201906 ] ] ] } },
{ "type": "Feature", "properties": { "value": "2", "label": "AQHI 2", "color": "#0099cb", "timestamp": "2026-09-16 14:00:00", "generated_at": "2026-09-16T20:31:32.792111", "nearest_km": 49.153022343998529, "n_points": 4, "weight_sum": 0.00062325201249342104, "confidence": "Medium", "flagged": false }, "geometry": { "type": "Polygon", "coordinates": [ [ [ -116.101325097808939, 53.926994828201906 ], [ -116.001325097808945, 53.926994828201906 ], [ -116.001325097808945, 54.026994828201907 ], [ -116.101325097808939, 54.026994828201907 ], [ -116.101325097808939, 53.926994828201906 ] ] ] } },
{ "type": "Feature", "properties": { "value": "2", "label": "AQHI 2", "color": "#0099cb", "timestamp": "2026-09-16 14:00:00", "generated_at": "2026-09-16T20:31:32.792111", "nearest_km": 57.073880603379287, "n_points": 4, "weight_sum": 0.00049746776705404867, "confidence": "Medium", "flagged": false }, "geometry": { "type": "Polygon", "coordinates": [ [ [ -116.001325097808945, 53.926994828201906 ], [ -115.90132509780895, 53.926994828201906 ], [ -115.90132509780895, 54.026994828201907 ], [ -116.001325097808945, 54.026994828201907 ], [ -116.001325097808945, 53.926994828201906 ] ] ] } },
{ "type": "Feature", "properties": { "value": "2", "label": "AQHI 2", "color": "#0099cb", "timestamp": "2026-09-16 14:00:00", "generated_at": "2026-09-16T20:31:32.792111", "nearest_km": 65.918556482283051, "n_points": 3, "weight_sum": 0.00036832366553417176, "confidence": "Medium", "flagged": false }, "geometry": { "type": "Polygon", "coordinates": [ [ [ -115.90132509780895, 53.926994828201906 ], [ -115.801325097808956, 53.926994828201906 ], [ -115.801325097808956, 54.026994828201907 ], [ -115.90132509780895, 54.026994828201907 ], [ -115.90132509780895, 53.926994828201906 ] ] ] } },
{ "type": "Feature", "properties": { "value": "2", "label": "AQHI 2", "color": "#0099cb", "timestamp": "2026-09-16 14:00:00", "generated_at": "2026-09-16T20:31:32.792111", "nearest_km": 75.362486226816188, "n_points": 3, "weight_sum": 0.00031118765127150763, "confidence": "Low", "flagged": false }, "geometry": { "type": "Polygon", "coordinates": [ [ [ -115.801325097808956, 53.926994828201906 ], [ -115.701325097808962, 53.926994828201906 ], [ -115.701325097808962, 54.026994828201907 ], [ -115.801325097808956, 54.026994828201907 ], [ -115.801325097808956, 53.926994828201906 ] ] ] } },
{ "type": "Feature", "properties": { "value": "2", "label": "AQHI 2", "color": "#0099cb", "timestamp": "2026-09-16 14:00:00", "generated_at": "2026-09-16T20:31:32.792111", "nearest_km": 85.206646289278112, "n_points": 3, "weight_sum": 0.00027375813808803973, "confidence": "Low", "flagged": false }, "geometry": { "type": "Polygon", "coordinates": [ [ [ -115.701325097808962, 53.926994828201906 ], [ -115.601325097808967, 53.926994828201906 ], [ -115.601325097808967, 54.026994828201907 ], [ -115.701325097808962, 54.026994828201907 ], [ -115.701325097808962, 53.926994828201906 ] ] ] } },
{ "type": "Feature", "properties": { "value": "2", "label": "AQHI 2", "color": "#0099cb", "timestamp": "2026-09-16 14:00:00", "generated_at": "2026-09-16T20:31:32.792111", "nearest_km": 95.327125276309545, "n_points": 3, "weight_sum": 0.00025044421517241938, "confidence": "Low", "flagged": false }, "geometry": { "type": "Polygon", "coordinates": [ [ [ -115.601325097808967, 53.926994828201906 ], [ -115.501325097808973, 53.926994828201906 ], [ -115.501325097808973, 54.026994828201907 ], [ -115.601325097808967, 54.026994828201907 ], [ -115.601325097808967, 53.926994828201906 ] ] ] } },
{ "type": "Feature", "properties": { "value": "2", "label": "AQHI 2", "color": "#0099cb", "timestamp": "2026-09-16 14:00:00", "generated_at": "2026-09-16T20:31:32.792111", "nearest_km": 97.275565922499027, "n_points": 2, "weight_sum": 0.0001952794783532053, "confidence": "Low", "flagged": false }, "geometry": { "type": "Polygon", "coordinates": [ [ [ -115.501325097808973, 53.926994828201906 ], [ -115.401325097808979, 53.926994828201906 ], [ -115.401325097808979, 54.026994828201907 ], [ -115.501325097808973, 54.026994828201907 ], [ -115.501325097808973, 53.926994828201906 ] ] ] } },
{ "type": "Feature", "properties": { "value": "2", "label": "AQHI 2", "color": "#0099cb", "timestamp": "2026-09-16 14:00:00", "generated_at": "2026-09-16T20:31:32.792111", "nearest_km": 91.156428260006081, "n_points": 2, "weight_sum": 0.00019452440433404233, "confidence": "Low", "flagged": false }, "geometry": { "type": "Polygon", "coordinates": [ [ [ -115.401325097808979, 53.926994828201906 ], [ -115.301325097808984, 53.926994828201906 ], [ -115.301325097808984, 54.026994828201907 ], [ -115.401325097808979, 54.026994828201907 ], [ -115.401325097808979, 53.926994828201906 ] ] ] } },
{ "type": "Feature", "properties": { "value": "2", "label": "AQHI 2", "color": "#0099cb", "timestamp": "2026-09-16 14:00:00", "generated_at": "2026-09-16T20:31:32.792111", "nearest_km": 86.039950608428327, "n_points": 3, "weight_sum": 0.00024821612331678045, "confidence": "Low", "flagged": false }, "geometry": { "type": "Polygon", "coordinates": [ [ [ -115.301325097808984, 53.926994828201906 ], [ -115.20132509780899, 53.926994828201906 ], [ -115.20132509780899, 54.026994828201907 ], [ -115.301325097808984, 54.026994828201907 ], [ -115.301325097808984, 53.926994828201906 ] ] ] } },
{ "type": "Feature", "properties": { "value": "2", "label": "AQHI 2", "color": "#0099cb", "timestamp": "2026-09-16 14:00:00", "generated_at": "2026-09-16T20:31:32.792111", "nearest_km": 82.113773438321005, "n_points": 3, "weight_sum": 0.00025984994269688994, "confidence": "Low", "flagged": false }, "geometry": { "type": "Polygon", "coordinates": [ [ [ -115.20132509780899, 53.926994828201906 ], [ -115.101325097808996, 53.926994828201906 ], [ -115.101325097808996, 54.026994828201907 ], [ -115.20132509780899, 54.026994828201907 ], [ -115.20132509780899, 53.926994828201906 ] ] ] } },
{ "type": "Feature", "properties": { "value": "2", "label": "AQHI 2", "color": "#0099cb", "timestamp": "2026-09-16 14:00:00", "generated_at": "2026-09-16T20:31:32.792111", "nearest_km": 79.554324055069486, "n_points": 3, "weight_sum": 0.00027144602722885578, "confidence": "Low", "flagged": false }, "geometry": { "type": "Polygon", "coordinates": [ [ [ -115.101325097808996, 53.926994828201906 ], [ -115.001325097809001, 53.926994828201906 ], [ -115.001325097809001, 54.026994828201907 ], [ -115.101325097808996, 54.026994828201907 ], [ -115.101325097808996, 53.926994828201906 ] ] ] } },
{ "type": "Feature", "properties": { "value": "2", "label": "AQHI 2", "color": "#0099cb", "timestamp": "2026-09-16 14:00:00", "generated_at": "2026-09-16T20:31:32.792111", "nearest_km": 78.495408550042441, "n_points": 3, "weight_sum": 0.00028846118819562022, "confidence": "Low", "flagged": false }, "geometry": { "type": "Polygon", "coordinates": [ [ [ -115.001325097809001, 53.926994828201906 ], [ -114.901325097809007, 53.926994828201906 ], [ -114.901325097809007, 54.026994828201907 ], [ -115.001325097809001, 54.026994828201907 ], [ -115.001325097809001, 53.926994828201906 ] ] ] } },
{ "type": "Feature", "properties": { "value": "2", "label": "AQHI 2", "color": "#0099cb", "timestamp": "2026-09-16 14:00:00", "generated_at": "2026-09-16T20:31:32.792111", "nearest_km": 78.997391419065963, "n_points": 4, "weight_sum": 0.000353817867710079, "confidence": "Low", "flagged": false }, "geometry": { "type": "Polygon", "coordinates": [ [ [ -114.901325097809007, 53.926994828201906 ], [ -114.801325097809013, 53.926994828201906 ], [ -114.801325097809013, 54.026994828201907 ], [ -114.901325097809007, 54.026994828201907 ], [ -114.901325097809007, 53.926994828201906 ] ] ] } },
{ "type": "Feature", "properties": { "value": "2", "label": "AQHI 2", "color": "#0099cb", "timestamp": "2026-09-16 14:00:00", "generated_at": "2026-09-16T20:31:32.792111", "nearest_km": 81.031268894150543, "n_points": 5, "weight_sum": 0.00042396093378896426, "confidence": "Low", "flagged": false }, "geometry": { "type": "Polygon", "coordinates": [ [ [ -114.801325097809013, 53.926994828201906 ], [ -114.701325097809018, 53.926994828201906 ], [ -114.701325097809018, 54.026994828201907 ], [ -114.801325097809013, 54.026994828201907 ], [ -114.801325097809013, 53.926994828201906 ] ] ] } },
{ "type": "Feature", "properties": { "value": "2", "label": "AQHI 2", "color": "#0099cb", "timestamp": "2026-09-16 14:00:00", "generated_at": "2026-09-16T20:31:32.792111", "nearest_km": 84.486479546582558, "n_points": 6, "weight_sum": 0.00050924952039341697, "confidence": "Low", "flagged": false }, "geometry": { "type": "Polygon", "coordinates": [ [ [ -114.701325097809018, 53.926994828201906 ], [ -114.601325097809024, 53.926994828201906 ], [ -114.601325097809024, 54.026994828201907 ], [ -114.701325097809018, 54.026994828201907 ], [ -114.701325097809018, 53.926994828201906 ] ] ] } },
{ "type": "Feature", "properties": { "value": "2", "label": "AQHI 2", "color": "#0099cb", "timestamp": "2026-09-16 14:00:00", "generated_at": "2026-09-16T20:31:32.792111", "nearest_km": 82.00403095317435, "n_points": 10, "weight_sum": 0.00075275618810650025, "confidence": "Low", "flagged": false }, "geometry": { "type": "Polygon", "coordinates": [ [ [ -114.601325097809024, 53.926994828201906 ], [ -114.50132509780903, 53.926994828201906 ], [ -114.50132509780903, 54.026994828201907 ], [ -114.601325097809024, 54.026994828201907 ], [ -114.601325097809024, 53.926994828201906 ] ] ] } },
{ "type": "Feature", "properties": { "value": "2", "label": "AQHI 2", "color": "#0099cb", "timestamp": "2026-09-16 14:00:00", "generated_at": "2026-09-16T20:31:32.792111", "nearest_km": 76.549205508275563, "n_points": 12, "weight_sum": 0.00094418030665307455, "confidence": "Low", "flagged": false }, "geometry": { "type": "Polygon", "coordinates": [ [ [ -114.50132509780903, 53.926994828201906 ], [ -114.401325097809035, 53.926994828201906 ], [ -114.401325097809035, 54.026994828201907 ], [ -114.50132509780903, 54.026994828201907 ], [ -114.50132509780903, 53.926994828201906 ] ] ] } },
{ "type": "Feature", "properties": { "value": "2", "label": "AQHI 2", "color": "#0099cb", "timestamp": "2026-09-16 14:00:00", "generated_at": "2026-09-16T20:31:32.792111", "nearest_km": 72.396965649999501, "n_points": 14, "weight_sum": 0.0011756139939097963, "confidence": "Medium", "flagged": false }, "geometry": { "type": "Polygon", "coordinates": [ [ [ -114.401325097809035, 53.926994828201906 ], [ -114.301325097809041, 53.926994828201906 ], [ -114.301325097809041, 54.026994828201907 ], [ -114.401325097809035, 54.026994828201907 ], [ -114.401325097809035, 53.926994828201906 ] ] ] } },
{ "type": "Feature", "properties": { "value": "2", "label": "AQHI 2", "color": "#0099cb", "timestamp": "2026-09-16 14:00:00", "generated_at": "2026-09-16T20:31:32.792111", "nearest_km": 69.780229339736195, "n_points": 14, "weight_sum": 0.0013624982271005057, "confidence": "Medium", "flagged": false }, "geometry": { "type": "Polygon", "coordinates": [ [ [ -114.301325097809041, 53.926994828201906 ], [ -114.201325097809047, 53.926994828201906 ], [ -114.201325097809047, 54.026994828201907 ], [ -114.301325097809041, 54.026994828201907 ], [ -114.301325097809041, 53.926994828201906 ] ] ] } },
{ "type": "Feature", "properties": { "value": "2", "label": "AQHI 2", "color": "#0099cb", "timestamp": "2026-09-16 14:00:00", "generated_at": "2026-09-16T20:31:32.792111", "nearest_km": 68.256224668662853, "n_points": 15, "weight_sum": 0.0016497124180697292, "confidence": "Medium", "flagged": false }, "geometry": { "type": "Polygon", "coordinates": [ [ [ -114.201325097809047, 53.926994828201906 ], [ -114.101325097809053, 53.926994828201906 ], [ -114.101325097809053, 54.026994828201907 ], [ -114.201325097809047, 54.026994828201907 ], [ -114.201325097809047, 53.926994828201906 ] ] ] } },
{ "type": "Feature", "properties": { "value": "2", "label": "AQHI 2", "color": "#0099cb", "timestamp": "2026-09-16 14:00:00", "generated_at": "2026-09-16T20:31:32.792111", "nearest_km": 60.797771982680274, "n_points": 17, "weight_sum": 0.0020642771856979793, "confidence": "Medium", "flagged": false }, "geometry": { "type": "Polygon", "coordinates": [ [ [ -114.101325097809053, 53.926994828201906 ], [ -114.001325097809058, 53.926994828201906 ], [ -114.001325097809058, 54.026994828201907 ], [ -114.101325097809053, 54.026994828201907 ], [ -114.101325097809053, 53.926994828201906 ] ] ] } },
{ "type": "Feature", "properties": { "value": "2", "label": "AQHI 2", "color": "#0099cb", "timestamp": "2026-09-16 14:00:00", "generated_at": "2026-09-16T20:31:32.792111", "nearest_km": 54.565567325341313, "n_points": 17, "weight_sum": 0.0025019875359596775, "confidence": "Medium", "flagged": false }, "geometry": { "type": "Polygon", "coordinates": [ [ [ -114.001325097809058, 53.926994828201906 ], [ -113.901325097809064, 53.926994828201906 ], [ -113.901325097809064, 54.026994828201907 ], [ -114.001325097809058, 54.026994828201907 ], [ -114.001325097809058, 53.926994828201906 ] ] ] } },
{ "type": "Feature", "properties": { "value": "1", "label": "AQHI 1", "color": "#01cbff", "timestamp": "2026-09-16 14:00:00", "generated_at": "2026-09-16T20:31:32.792111", "nearest_km": 146.11265149345351, "n_points": 1, "weight_sum": 4.6840805641490822e-05, "confidence": "Low", "flagged": false }, "geometry": { "type": "Polygon", "coordinates": [ [ [ -120.001325097808717, 54.026994828201907 ], [ -119.901325097808723, 54.026994828201907 ], [ -119.901325097808723, 54.126994828201909 ], [ -120.001325097808717, 54.126994828201909 ], [ -120.001325097808717, 54.026994828201907 ] ] ] } },
{ "type": "Feature", "properties": { "value": "1", "label": "AQHI 1", "color": "#01cbff", "timestamp": "2026-09-16 14:00:00", "generated_at": "2026-09-16T20:31:32.792111", "nearest_km": 141.35928048921028, "n_points": 1, "weight_sum": 5.0043923099840424e-05, "confidence": "Low", "flagged": false }, "geometry": { "type": "Polygon", "coordinates": [ [ [ -119.901325097808723, 54.026994828201907 ], [ -119.801325097808729, 54.026994828201907 ], [ -119.801325097808729, 54.126994828201909 ], [ -119.901325097808723, 54.126994828201909 ], [ -119.901325097808723, 54.026994828201907 ] ] ] } },
{ "type": "Feature", "properties": { "value": "1", "label": "AQHI 1", "color": "#01cbff", "timestamp": "2026-09-16 14:00:00", "generated_at": "2026-09-16T20:31:32.792111", "nearest_km": 131.76336342992516, "n_points": 1, "weight_sum": 5.7598431302097606e-05, "confidence": "Low", "flagged": false }, "geometry": { "type": "Polygon", "coordinates": [ [ [ -119.60132509780874, 54.026994828201907 ], [ -119.501325097808746, 54.026994828201907 ], [ -119.501325097808746, 54.126994828201909 ], [ -119.60132509780874, 54.126994828201909 ], [ -119.60132509780874, 54.026994828201907 ] ] ] } },
{ "type": "Feature", "properties": { "value": "1", "label": "AQHI 1", "color": "#01cbff", "timestamp": "2026-09-16 14:00:00", "generated_at": "2026-09-16T20:31:32.792111", "nearest_km": 130.31041092846826, "n_points": 2, "weight_sum": 0.00010391226780916669, "confidence": "Low", "flagged": false }, "geometry": { "type": "Polygon", "coordinates": [ [ [ -119.501325097808746, 54.026994828201907 ], [ -119.401325097808751, 54.026994828201907 ], [ -119.401325097808751, 54.126994828201909 ], [ -119.501325097808746, 54.126994828201909 ], [ -119.501325097808746, 54.026994828201907 ] ] ] } },
{ "type": "Feature", "properties": { "value": "1", "label": "AQHI 1", "color": "#01cbff", "timestamp": "2026-09-16 14:00:00", "generated_at": "2026-09-16T20:31:32.792111", "nearest_km": 129.79384596476805, "n_points": 2, "weight_sum": 0.00010784371228259235, "confidence": "Low", "flagged": false }, "geometry": { "type": "Polygon", "coordinates": [ [ [ -119.401325097808751, 54.026994828201907 ], [ -119.301325097808757, 54.026994828201907 ], [ -119.301325097808757, 54.126994828201909 ], [ -119.401325097808751, 54.126994828201909 ], [ -119.401325097808751, 54.026994828201907 ] ] ] } },
{ "type": "Feature", "properties": { "value": "2", "label": "AQHI 2", "color": "#0099cb", "timestamp": "2026-09-16 14:00:00", "generated_at": "2026-09-16T20:31:32.792111", "nearest_km": 84.238416051119998, "n_points": 4, "weight_sum": 0.00030354069918777813, "confidence": "Low", "flagged": false }, "geometry": { "type": "Polygon", "coordinates": [ [ [ -118.001325097808831, 54.026994828201907 ], [ -117.901325097808837, 54.026994828201907 ], [ -117.901325097808837, 54.126994828201909 ], [ -118.001325097808831, 54.126994828201909 ], [ -118.001325097808831, 54.026994828201907 ] ] ] } },
{ "type": "Feature", "properties": { "value": "2", "label": "AQHI 2", "color": "#0099cb", "timestamp": "2026-09-16 14:00:00", "generated_at": "2026-09-16T20:31:32.792111", "nearest_km": 78.6921085300242, "n_points": 4, "weight_sum": 0.00033771723682800943, "confidence": "Low", "flagged": false }, "geometry": { "type": "Polygon", "coordinates": [ [ [ -117.901325097808837, 54.026994828201907 ], [ -117.801325097808842, 54.026994828201907 ], [ -117.801325097808842, 54.126994828201909 ], [ -117.901325097808837, 54.126994828201909 ], [ -117.901325097808837, 54.026994828201907 ] ] ] } },
{ "type": "Feature", "properties": { "value": "2", "label": "AQHI 2", "color": "#0099cb", "timestamp": "2026-09-16 14:00:00", "generated_at": "2026-09-16T20:31:32.792111", "nearest_km": 74.398959340844215, "n_points": 4, "weight_sum": 0.00037274589964988937, "confidence": "Medium", "flagged": false }, "geometry": { "type": "Polygon", "coordinates": [ [ [ -117.801325097808842, 54.026994828201907 ], [ -117.701325097808848, 54.026994828201907 ], [ -117.701325097808848, 54.126994828201909 ], [ -117.801325097808842, 54.126994828201909 ], [ -117.801325097808842, 54.026994828201907 ] ] ] } },
{ "type": "Feature", "properties": { "value": "2", "label": "AQHI 2", "color": "#0099cb", "timestamp": "2026-09-16 14:00:00", "generated_at": "2026-09-16T20:31:32.792111", "nearest_km": 71.584791381270691, "n_points": 4, "weight_sum": 0.00040626928809485891, "confidence": "Medium", "flagged": false }, "geometry": { "type": "Polygon", "coordinates": [ [ [ -117.701325097808848, 54.026994828201907 ], [ -117.601325097808854, 54.026994828201907 ], [ -117.601325097808854, 54.126994828201909 ], [ -117.701325097808848, 54.126994828201909 ], [ -117.701325097808848, 54.026994828201907 ] ] ] } },
{ "type": "Feature", "properties": { "value": "2", "label": "AQHI 2", "color": "#0099cb", "timestamp": "2026-09-16 14:00:00", "generated_at": "2026-09-16T20:31:32.792111", "nearest_km": 70.427122354952687, "n_points": 5, "weight_sum": 0.00048545882041374115, "confidence": "Medium", "flagged": false }, "geometry": { "type": "Polygon", "coordinates": [ [ [ -117.601325097808854, 54.026994828201907 ], [ -117.501325097808859, 54.026994828201907 ], [ -117.501325097808859, 54.126994828201909 ], [ -117.601325097808854, 54.126994828201909 ], [ -117.601325097808854, 54.026994828201907 ] ] ] } },
{ "type": "Feature", "properties": { "value": "2", "label": "AQHI 2", "color": "#0099cb", "timestamp": "2026-09-16 14:00:00", "generated_at": "2026-09-16T20:31:32.792111", "nearest_km": 71.007019155143226, "n_points": 5, "weight_sum": 0.00051987390034177359, "confidence": "Medium", "flagged": false }, "geometry": { "type": "Polygon", "coordinates": [ [ [ -117.501325097808859, 54.026994828201907 ], [ -117.401325097808865, 54.026994828201907 ], [ -117.401325097808865, 54.126994828201909 ], [ -117.501325097808859, 54.126994828201909 ], [ -117.501325097808859, 54.026994828201907 ] ] ] } },
{ "type": "Feature", "properties": { "value": "2", "label": "AQHI 2", "color": "#0099cb", "timestamp": "2026-09-16 14:00:00", "generated_at": "2026-09-16T20:31:32.792111", "nearest_km": 73.283244847633824, "n_points": 5, "weight_sum": 0.00055600498629538404, "confidence": "Medium", "flagged": false }, "geometry": { "type": "Polygon", "coordinates": [ [ [ -117.401325097808865, 54.026994828201907 ], [ -117.301325097808871, 54.026994828201907 ], [ -117.301325097808871, 54.126994828201909 ], [ -117.401325097808865, 54.126994828201909 ], [ -117.401325097808865, 54.026994828201907 ] ] ] } },
{ "type": "Feature", "properties": { "value": "2", "label": "AQHI 2", "color": "#0099cb", "timestamp": "2026-09-16 14:00:00", "generated_at": "2026-09-16T20:31:32.792111", "nearest_km": 68.217764967663825, "n_points": 4, "weight_sum": 0.00055931177131489666, "confidence": "Medium", "flagged": false }, "geometry": { "type": "Polygon", "coordinates": [ [ [ -117.301325097808871, 54.026994828201907 ], [ -117.201325097808876, 54.026994828201907 ], [ -117.201325097808876, 54.126994828201909 ], [ -117.301325097808871, 54.126994828201909 ], [ -117.301325097808871, 54.026994828201907 ] ] ] } },
{ "type": "Feature", "properties": { "value": "2", "label": "AQHI 2", "color": "#0099cb", "timestamp": "2026-09-16 14:00:00", "generated_at": "2026-09-16T20:31:32.792111", "nearest_km": 59.706521981797287, "n_points": 4, "weight_sum": 0.00062466260783461619, "confidence": "Medium", "flagged": false }, "geometry": { "type": "Polygon", "coordinates": [ [ [ -117.201325097808876, 54.026994828201907 ], [ -117.101325097808882, 54.026994828201907 ], [ -117.101325097808882, 54.126994828201909 ], [ -117.201325097808876, 54.126994828201909 ], [ -117.201325097808876, 54.026994828201907 ] ] ] } },
{ "type": "Feature", "properties": { "value": "2", "label": "AQHI 2", "color": "#0099cb", "timestamp": "2026-09-16 14:00:00", "generated_at": "2026-09-16T20:31:32.792111", "nearest_km": 52.177524636017701, "n_points": 4, "weight_sum": 0.00071402909778297305, "confidence": "Medium", "flagged": false }, "geometry": { "type": "Polygon", "coordinates": [ [ [ -117.101325097808882, 54.026994828201907 ], [ -117.001325097808888, 54.026994828201907 ], [ -117.001325097808888, 54.126994828201909 ], [ -117.101325097808882, 54.126994828201909 ], [ -117.101325097808882, 54.026994828201907 ] ] ] } },
{ "type": "Feature", "properties": { "value": "2", "label": "AQHI 2", "color": "#0099cb", "timestamp": "2026-09-16 14:00:00", "generated_at": "2026-09-16T20:31:32.792111", "nearest_km": 46.114416261312449, "n_points": 4, "weight_sum": 0.00082539482381988321, "confidence": "Medium", "flagged": false }, "geometry": { "type": "Polygon", "coordinates": [ [ [ -117.001325097808888, 54.026994828201907 ], [ -116.901325097808893, 54.026994828201907 ], [ -116.901325097808893, 54.126994828201909 ], [ -117.001325097808888, 54.126994828201909 ], [ -117.001325097808888, 54.026994828201907 ] ] ] } },
{ "type": "Feature", "properties": { "value": "2", "label": "AQHI 2", "color": "#0099cb", "timestamp": "2026-09-16 14:00:00", "generated_at": "2026-09-16T20:31:32.792111", "nearest_km": 42.154533529632772, "n_points": 4, "weight_sum": 0.0009349906976508271, "confidence": "Medium", "flagged": false }, "geometry": { "type": "Polygon", "coordinates": [ [ [ -116.901325097808893, 54.026994828201907 ], [ -116.801325097808899, 54.026994828201907 ], [ -116.801325097808899, 54.126994828201909 ], [ -116.901325097808893, 54.126994828201909 ], [ -116.901325097808893, 54.026994828201907 ] ] ] } },
{ "type": "Feature", "properties": { "value": "2", "label": "AQHI 2", "color": "#0099cb", "timestamp": "2026-09-16 14:00:00", "generated_at": "2026-09-16T20:31:32.792111", "nearest_km": 40.9132008901802, "n_points": 4, "weight_sum": 0.00099791035462903823, "confidence": "Medium", "flagged": false }, "geometry": { "type": "Polygon", "coordinates": [ [ [ -116.801325097808899, 54.026994828201907 ], [ -116.701325097808905, 54.026994828201907 ], [ -116.701325097808905, 54.126994828201909 ], [ -116.801325097808899, 54.126994828201909 ], [ -116.801325097808899, 54.026994828201907 ] ] ] } },
{ "type": "Feature", "properties": { "value": "2", "label": "AQHI 2", "color": "#0099cb", "timestamp": "2026-09-16 14:00:00", "generated_at": "2026-09-16T20:31:32.792111", "nearest_km": 42.628573950573596, "n_points": 4, "weight_sum": 0.00099095510896061306, "confidence": "Medium", "flagged": false }, "geometry": { "type": "Polygon", "coordinates": [ [ [ -116.701325097808905, 54.026994828201907 ], [ -116.60132509780891, 54.026994828201907 ], [ -116.60132509780891, 54.126994828201909 ], [ -116.701325097808905, 54.126994828201909 ], [ -116.701325097808905, 54.026994828201907 ] ] ] } },
{ "type": "Feature", "properties": { "value": "2", "label": "AQHI 2", "color": "#0099cb", "timestamp": "2026-09-16 14:00:00", "generated_at": "2026-09-16T20:31:32.792111", "nearest_km": 46.9778738028742, "n_points": 4, "weight_sum": 0.00094131560201253452, "confidence": "Medium", "flagged": false }, "geometry": { "type": "Polygon", "coordinates": [ [ [ -116.60132509780891, 54.026994828201907 ], [ -116.501325097808916, 54.026994828201907 ], [ -116.501325097808916, 54.126994828201909 ], [ -116.60132509780891, 54.126994828201909 ], [ -116.60132509780891, 54.026994828201907 ] ] ] } },
{ "type": "Feature", "properties": { "value": "2", "label": "AQHI 2", "color": "#0099cb", "timestamp": "2026-09-16 14:00:00", "generated_at": "2026-09-16T20:31:32.792111", "nearest_km": 49.591542310032892, "n_points": 4, "weight_sum": 0.00088055586502886363, "confidence": "Medium", "flagged": false }, "geometry": { "type": "Polygon", "coordinates": [ [ [ -116.501325097808916, 54.026994828201907 ], [ -116.401325097808922, 54.026994828201907 ], [ -116.401325097808922, 54.126994828201909 ], [ -116.501325097808916, 54.126994828201909 ], [ -116.501325097808916, 54.026994828201907 ] ] ] } },
{ "type": "Feature", "properties": { "value": "2", "label": "AQHI 2", "color": "#0099cb", "timestamp": "2026-09-16 14:00:00", "generated_at": "2026-09-16T20:31:32.792111", "nearest_km": 48.114959318979679, "n_points": 4, "weight_sum": 0.00080900662452161847, "confidence": "Medium", "flagged": false }, "geometry": { "type": "Polygon", "coordinates": [ [ [ -116.401325097808922, 54.026994828201907 ], [ -116.301325097808927, 54.026994828201907 ], [ -116.301325097808927, 54.126994828201909 ], [ -116.401325097808922, 54.126994828201909 ], [ -116.401325097808922, 54.026994828201907 ] ] ] } },
{ "type": "Feature", "properties": { "value": "2", "label": "AQHI 2", "color": "#0099cb", "timestamp": "2026-09-16 14:00:00", "generated_at": "2026-09-16T20:31:32.792111", "nearest_km": 49.165003323973529, "n_points": 3, "weight_sum": 0.00067669236504200455, "confidence": "Medium", "flagged": false }, "geometry": { "type": "Polygon", "coordinates": [ [ [ -116.301325097808927, 54.026994828201907 ], [ -116.201325097808933, 54.026994828201907 ], [ -116.201325097808933, 54.126994828201909 ], [ -116.301325097808927, 54.126994828201909 ], [ -116.301325097808927, 54.026994828201907 ] ] ] } },
{ "type": "Feature", "properties": { "value": "2", "label": "AQHI 2", "color": "#0099cb", "timestamp": "2026-09-16 14:00:00", "generated_at": "2026-09-16T20:31:32.792111", "nearest_km": 52.590548518013769, "n_points": 3, "weight_sum": 0.00057306302907267695, "confidence": "Medium", "flagged": false }, "geometry": { "type": "Polygon", "coordinates": [ [ [ -116.201325097808933, 54.026994828201907 ], [ -116.101325097808939, 54.026994828201907 ], [ -116.101325097808939, 54.126994828201909 ], [ -116.201325097808933, 54.126994828201909 ], [ -116.201325097808933, 54.026994828201907 ] ] ] } },
{ "type": "Feature", "properties": { "value": "2", "label": "AQHI 2", "color": "#0099cb", "timestamp": "2026-09-16 14:00:00", "generated_at": "2026-09-16T20:31:32.792111", "nearest_km": 57.972010789731655, "n_points": 3, "weight_sum": 0.00047051280202552371, "confidence": "Medium", "flagged": false }, "geometry": { "type": "Polygon", "coordinates": [ [ [ -116.101325097808939, 54.026994828201907 ], [ -116.001325097808945, 54.026994828201907 ], [ -116.001325097808945, 54.126994828201909 ], [ -116.101325097808939, 54.126994828201909 ], [ -116.101325097808939, 54.026994828201907 ] ] ] } },
{ "type": "Feature", "properties": { "value": "2", "label": "AQHI 2", "color": "#0099cb", "timestamp": "2026-09-16 14:00:00", "generated_at": "2026-09-16T20:31:32.792111", "nearest_km": 64.824087163522307, "n_points": 3, "weight_sum": 0.00038895409128482286, "confidence": "Medium", "flagged": false }, "geometry": { "type": "Polygon", "coordinates": [ [ [ -116.001325097808945, 54.026994828201907 ], [ -115.90132509780895, 54.026994828201907 ], [ -115.90132509780895, 54.126994828201909 ], [ -116.001325097808945, 54.126994828201909 ], [ -116.001325097808945, 54.026994828201907 ] ] ] } },
{ "type": "Feature", "properties": { "value": "2", "label": "AQHI 2", "color": "#0099cb", "timestamp": "2026-09-16 14:00:00", "generated_at": "2026-09-16T20:31:32.792111", "nearest_km": 72.732321000797754, "n_points": 3, "weight_sum": 0.00032786869853973548, "confidence": "Medium", "flagged": false }, "geometry": { "type": "Polygon", "coordinates": [ [ [ -115.90132509780895, 54.026994828201907 ], [ -115.801325097808956, 54.026994828201907 ], [ -115.801325097808956, 54.126994828201909 ], [ -115.90132509780895, 54.126994828201909 ], [ -115.90132509780895, 54.026994828201907 ] ] ] } },
{ "type": "Feature", "properties": { "value": "2", "label": "AQHI 2", "color": "#0099cb", "timestamp": "2026-09-16 14:00:00", "generated_at": "2026-09-16T20:31:32.792111", "nearest_km": 81.389426584429287, "n_points": 3, "weight_sum": 0.00028288398908736414, "confidence": "Low", "flagged": false }, "geometry": { "type": "Polygon", "coordinates": [ [ [ -115.801325097808956, 54.026994828201907 ], [ -115.701325097808962, 54.026994828201907 ], [ -115.701325097808962, 54.126994828201909 ], [ -115.801325097808956, 54.126994828201909 ], [ -115.801325097808956, 54.026994828201907 ] ] ] } },
{ "type": "Feature", "properties": { "value": "2", "label": "AQHI 2", "color": "#0099cb", "timestamp": "2026-09-16 14:00:00", "generated_at": "2026-09-16T20:31:32.792111", "nearest_km": 90.580941711384824, "n_points": 3, "weight_sum": 0.00025096451647421572, "confidence": "Low", "flagged": false }, "geometry": { "type": "Polygon", "coordinates": [ [ [ -115.701325097808962, 54.026994828201907 ], [ -115.601325097808967, 54.026994828201907 ], [ -115.601325097808967, 54.126994828201909 ], [ -115.701325097808962, 54.126994828201909 ], [ -115.701325097808962, 54.026994828201907 ] ] ] } },
{ "type": "Feature", "properties": { "value": "2", "label": "AQHI 2", "color": "#0099cb", "timestamp": "2026-09-16 14:00:00", "generated_at": "2026-09-16T20:31:32.792111", "nearest_km": 100.159848456856, "n_points": 3, "weight_sum": 0.00022912441777396645, "confidence": "Low", "flagged": false }, "geometry": { "type": "Polygon", "coordinates": [ [ [ -115.601325097808967, 54.026994828201907 ], [ -115.501325097808973, 54.026994828201907 ], [ -115.501325097808973, 54.126994828201909 ], [ -115.601325097808967, 54.126994828201909 ], [ -115.601325097808967, 54.026994828201907 ] ] ] } },
{ "type": "Feature", "properties": { "value": "2", "label": "AQHI 2", "color": "#0099cb", "timestamp": "2026-09-16 14:00:00", "generated_at": "2026-09-16T20:31:32.792111", "nearest_km": 106.43206465157772, "n_points": 2, "weight_sum": 0.00017088557207580065, "confidence": "Low", "flagged": false }, "geometry": { "type": "Polygon", "coordinates": [ [ [ -115.501325097808973, 54.026994828201907 ], [ -115.401325097808979, 54.026994828201907 ], [ -115.401325097808979, 54.126994828201909 ], [ -115.501325097808973, 54.126994828201909 ], [ -115.501325097808973, 54.026994828201907 ] ] ] } },
{ "type": "Feature", "properties": { "value": "2", "label": "AQHI 2", "color": "#0099cb", "timestamp": "2026-09-16 14:00:00", "generated_at": "2026-09-16T20:31:32.792111", "nearest_km": 100.86993146412264, "n_points": 2, "weight_sum": 0.0001676045953709573, "confidence": "Low", "flagged": false }, "geometry": { "type": "Polygon", "coordinates": [ [ [ -115.401325097808979, 54.026994828201907 ], [ -115.301325097808984, 54.026994828201907 ], [ -115.301325097808984, 54.126994828201909 ], [ -115.401325097808979, 54.126994828201909 ], [ -115.401325097808979, 54.026994828201907 ] ] ] } },
{ "type": "Feature", "properties": { "value": "2", "label": "AQHI 2", "color": "#0099cb", "timestamp": "2026-09-16 14:00:00", "generated_at": "2026-09-16T20:31:32.792111", "nearest_km": 96.271084761500177, "n_points": 3, "weight_sum": 0.00021362928252257986, "confidence": "Low", "flagged": false }, "geometry": { "type": "Polygon", "coordinates": [ [ [ -115.301325097808984, 54.026994828201907 ], [ -115.20132509780899, 54.026994828201907 ], [ -115.20132509780899, 54.126994828201909 ], [ -115.301325097808984, 54.126994828201909 ], [ -115.301325097808984, 54.026994828201907 ] ] ] } },
{ "type": "Feature", "properties": { "value": "2", "label": "AQHI 2", "color": "#0099cb", "timestamp": "2026-09-16 14:00:00", "generated_at": "2026-09-16T20:31:32.792111", "nearest_km": 92.778879324634417, "n_points": 3, "weight_sum": 0.00022002453574696096, "confidence": "Low", "flagged": false }, "geometry": { "type": "Polygon", "coordinates": [ [ [ -115.20132509780899, 54.026994828201907 ], [ -115.101325097808996, 54.026994828201907 ], [ -115.101325097808996, 54.126994828201909 ], [ -115.20132509780899, 54.126994828201909 ], [ -115.20132509780899, 54.026994828201907 ] ] ] } },
{ "type": "Feature", "properties": { "value": "2", "label": "AQHI 2", "color": "#0099cb", "timestamp": "2026-09-16 14:00:00", "generated_at": "2026-09-16T20:31:32.792111", "nearest_km": 90.521484390801803, "n_points": 2, "weight_sum": 0.00018302306007734098, "confidence": "Low", "flagged": false }, "geometry": { "type": "Polygon", "coordinates": [ [ [ -115.101325097808996, 54.026994828201907 ], [ -115.001325097809001, 54.026994828201907 ], [ -115.001325097809001, 54.126994828201909 ], [ -115.101325097808996, 54.126994828201909 ], [ -115.101325097808996, 54.026994828201907 ] ] ] } },
{ "type": "Feature", "properties": { "value": "2", "label": "AQHI 2", "color": "#0099cb", "timestamp": "2026-09-16 14:00:00", "generated_at": "2026-09-16T20:31:32.792111", "nearest_km": 89.59228663168075, "n_points": 3, "weight_sum": 0.00023913191434482586, "confidence": "Low", "flagged": false }, "geometry": { "type": "Polygon", "coordinates": [ [ [ -115.001325097809001, 54.026994828201907 ], [ -114.901325097809007, 54.026994828201907 ], [ -114.901325097809007, 54.126994828201909 ], [ -115.001325097809001, 54.126994828201909 ], [ -115.001325097809001, 54.026994828201907 ] ] ] } },
{ "type": "Feature", "properties": { "value": "2", "label": "AQHI 2", "color": "#0099cb", "timestamp": "2026-09-16 14:00:00", "generated_at": "2026-09-16T20:31:32.792111", "nearest_km": 90.032419224811903, "n_points": 4, "weight_sum": 0.00029956360208399554, "confidence": "Low", "flagged": false }, "geometry": { "type": "Polygon", "coordinates": [ [ [ -114.901325097809007, 54.026994828201907 ], [ -114.801325097809013, 54.026994828201907 ], [ -114.801325097809013, 54.126994828201909 ], [ -114.901325097809007, 54.126994828201909 ], [ -114.901325097809007, 54.026994828201907 ] ] ] } },
{ "type": "Feature", "properties": { "value": "2", "label": "AQHI 2", "color": "#0099cb", "timestamp": "2026-09-16 14:00:00", "generated_at": "2026-09-16T20:31:32.792111", "nearest_km": 91.822193390548534, "n_points": 4, "weight_sum": 0.00032190938198967589, "confidence": "Low", "flagged": false }, "geometry": { "type": "Polygon", "coordinates": [ [ [ -114.801325097809013, 54.026994828201907 ], [ -114.701325097809018, 54.026994828201907 ], [ -114.701325097809018, 54.126994828201909 ], [ -114.801325097809013, 54.126994828201909 ], [ -114.801325097809013, 54.026994828201907 ] ] ] } },
{ "type": "Feature", "properties": { "value": "2", "label": "AQHI 2", "color": "#0099cb", "timestamp": "2026-09-16 14:00:00", "generated_at": "2026-09-16T20:31:32.792111", "nearest_km": 94.885266962949942, "n_points": 6, "weight_sum": 0.00044294033178473045, "confidence": "Low", "flagged": false }, "geometry": { "type": "Polygon", "coordinates": [ [ [ -114.701325097809018, 54.026994828201907 ], [ -114.601325097809024, 54.026994828201907 ], [ -114.601325097809024, 54.126994828201909 ], [ -114.701325097809018, 54.126994828201909 ], [ -114.701325097809018, 54.026994828201907 ] ] ] } },
{ "type": "Feature", "properties": { "value": "2", "label": "AQHI 2", "color": "#0099cb", "timestamp": "2026-09-16 14:00:00", "generated_at": "2026-09-16T20:31:32.792111", "nearest_km": 91.5252817467629, "n_points": 9, "weight_sum": 0.00062618027879641873, "confidence": "Low", "flagged": false }, "geometry": { "type": "Polygon", "coordinates": [ [ [ -114.601325097809024, 54.026994828201907 ], [ -114.50132509780903, 54.026994828201907 ], [ -114.50132509780903, 54.126994828201909 ], [ -114.601325097809024, 54.126994828201909 ], [ -114.601325097809024, 54.026994828201907 ] ] ] } },
{ "type": "Feature", "properties": { "value": "2", "label": "AQHI 2", "color": "#0099cb", "timestamp": "2026-09-16 14:00:00", "generated_at": "2026-09-16T20:31:32.792111", "nearest_km": 86.671777241518242, "n_points": 12, "weight_sum": 0.00084183240666169221, "confidence": "Low", "flagged": false }, "geometry": { "type": "Polygon", "coordinates": [ [ [ -114.50132509780903, 54.026994828201907 ], [ -114.401325097809035, 54.026994828201907 ], [ -114.401325097809035, 54.126994828201909 ], [ -114.50132509780903, 54.126994828201909 ], [ -114.50132509780903, 54.026994828201907 ] ] ] } },
{ "type": "Feature", "properties": { "value": "2", "label": "AQHI 2", "color": "#0099cb", "timestamp": "2026-09-16 14:00:00", "generated_at": "2026-09-16T20:31:32.792111", "nearest_km": 83.027325270553916, "n_points": 14, "weight_sum": 0.0010476191385649875, "confidence": "Low", "flagged": false }, "geometry": { "type": "Polygon", "coordinates": [ [ [ -114.401325097809035, 54.026994828201907 ], [ -114.301325097809041, 54.026994828201907 ], [ -114.301325097809041, 54.126994828201909 ], [ -114.401325097809035, 54.126994828201909 ], [ -114.401325097809035, 54.026994828201907 ] ] ] } },
{ "type": "Feature", "properties": { "value": "2", "label": "AQHI 2", "color": "#0099cb", "timestamp": "2026-09-16 14:00:00", "generated_at": "2026-09-16T20:31:32.792111", "nearest_km": 80.755783154900641, "n_points": 14, "weight_sum": 0.0012010948800580674, "confidence": "Low", "flagged": false }, "geometry": { "type": "Polygon", "coordinates": [ [ [ -114.301325097809041, 54.026994828201907 ], [ -114.201325097809047, 54.026994828201907 ], [ -114.201325097809047, 54.126994828201909 ], [ -114.301325097809041, 54.126994828201909 ], [ -114.301325097809041, 54.026994828201907 ] ] ] } },
{ "type": "Feature", "properties": { "value": "2", "label": "AQHI 2", "color": "#0099cb", "timestamp": "2026-09-16 14:00:00", "generated_at": "2026-09-16T20:31:32.792111", "nearest_km": 76.414116557048104, "n_points": 15, "weight_sum": 0.0014397677287070405, "confidence": "Low", "flagged": false }, "geometry": { "type": "Polygon", "coordinates": [ [ [ -114.201325097809047, 54.026994828201907 ], [ -114.101325097809053, 54.026994828201907 ], [ -114.101325097809053, 54.126994828201909 ], [ -114.201325097809047, 54.126994828201909 ], [ -114.201325097809047, 54.026994828201907 ] ] ] } },
{ "type": "Feature", "properties": { "value": "2", "label": "AQHI 2", "color": "#0099cb", "timestamp": "2026-09-16 14:00:00", "generated_at": "2026-09-16T20:31:32.792111", "nearest_km": 69.832471538913296, "n_points": 17, "weight_sum": 0.0017799614443744973, "confidence": "Medium", "flagged": false }, "geometry": { "type": "Polygon", "coordinates": [ [ [ -114.101325097809053, 54.026994828201907 ], [ -114.001325097809058, 54.026994828201907 ], [ -114.001325097809058, 54.126994828201909 ], [ -114.101325097809053, 54.126994828201909 ], [ -114.101325097809053, 54.026994828201907 ] ] ] } },
{ "type": "Feature", "properties": { "value": "2", "label": "AQHI 2", "color": "#0099cb", "timestamp": "2026-09-16 14:00:00", "generated_at": "2026-09-16T20:31:32.792111", "nearest_km": 61.967143696894027, "n_points": 17, "weight_sum": 0.0021052217553608433, "confidence": "Medium", "flagged": false }, "geometry": { "type": "Polygon", "coordinates": [ [ [ -114.001325097809058, 54.026994828201907 ], [ -113.901325097809064, 54.026994828201907 ], [ -113.901325097809064, 54.126994828201909 ], [ -114.001325097809058, 54.126994828201909 ], [ -114.001325097809058, 54.026994828201907 ] ] ] } },
{ "type": "Feature", "properties": { "value": "2", "label": "AQHI 2", "color": "#0099cb", "timestamp": "2026-09-16 14:00:00", "generated_at": "2026-09-16T20:31:32.792111", "nearest_km": 81.523793677396085, "n_points": 5, "weight_sum": 0.00042283710589931397, "confidence": "Low", "flagged": false }, "geometry": { "type": "Polygon", "coordinates": [ [ [ -117.601325097808854, 54.126994828201909 ], [ -117.501325097808859, 54.126994828201909 ], [ -117.501325097808859, 54.22699482820191 ], [ -117.601325097808854, 54.22699482820191 ], [ -117.601325097808854, 54.126994828201909 ] ] ] } },
{ "type": "Feature", "properties": { "value": "2", "label": "AQHI 2", "color": "#0099cb", "timestamp": "2026-09-16 14:00:00", "generated_at": "2026-09-16T20:31:32.792111", "nearest_km": 82.025277455513958, "n_points": 4, "weight_sum": 0.0004197596063233108, "confidence": "Low", "flagged": false }, "geometry": { "type": "Polygon", "coordinates": [ [ [ -117.501325097808859, 54.126994828201909 ], [ -117.401325097808865, 54.126994828201909 ], [ -117.401325097808865, 54.22699482820191 ], [ -117.501325097808859, 54.22699482820191 ], [ -117.501325097808859, 54.126994828201909 ] ] ] } },
{ "type": "Feature", "properties": { "value": "2", "label": "AQHI 2", "color": "#0099cb", "timestamp": "2026-09-16 14:00:00", "generated_at": "2026-09-16T20:31:32.792111", "nearest_km": 72.139014523758988, "n_points": 4, "weight_sum": 0.00047100923386220997, "confidence": "Medium", "flagged": false }, "geometry": { "type": "Polygon", "coordinates": [ [ [ -117.401325097808865, 54.126994828201909 ], [ -117.301325097808871, 54.126994828201909 ], [ -117.301325097808871, 54.22699482820191 ], [ -117.401325097808865, 54.22699482820191 ], [ -117.401325097808865, 54.126994828201909 ] ] ] } },
{ "type": "Feature", "properties": { "value": "2", "label": "AQHI 2", "color": "#0099cb", "timestamp": "2026-09-16 14:00:00", "generated_at": "2026-09-16T20:31:32.792111", "nearest_km": 62.199861144849514, "n_points": 4, "weight_sum": 0.00054118893682957101, "confidence": "Medium", "flagged": false }, "geometry": { "type": "Polygon", "coordinates": [ [ [ -117.301325097808871, 54.126994828201909 ], [ -117.201325097808876, 54.126994828201909 ], [ -117.201325097808876, 54.22699482820191 ], [ -117.301325097808871, 54.22699482820191 ], [ -117.301325097808871, 54.126994828201909 ] ] ] } },
{ "type": "Feature", "properties": { "value": "2", "label": "AQHI 2", "color": "#0099cb", "timestamp": "2026-09-16 14:00:00", "generated_at": "2026-09-16T20:31:32.792111", "nearest_km": 52.725971175673749, "n_points": 4, "weight_sum": 0.0006455855350341427, "confidence": "Medium", "flagged": false }, "geometry": { "type": "Polygon", "coordinates": [ [ [ -117.201325097808876, 54.126994828201909 ], [ -117.101325097808882, 54.126994828201909 ], [ -117.101325097808882, 54.22699482820191 ], [ -117.201325097808876, 54.22699482820191 ], [ -117.201325097808876, 54.126994828201909 ] ] ] } },
{ "type": "Feature", "properties": { "value": "2", "label": "AQHI 2", "color": "#0099cb", "timestamp": "2026-09-16 14:00:00", "generated_at": "2026-09-16T20:31:32.792111", "nearest_km": 29.81692935792314, "n_points": 4, "weight_sum": 0.0014506478727864401, "confidence": "Medium", "flagged": false }, "geometry": { "type": "Polygon", "coordinates": [ [ [ -116.801325097808899, 54.126994828201909 ], [ -116.701325097808905, 54.126994828201909 ], [ -116.701325097808905, 54.22699482820191 ], [ -116.801325097808899, 54.22699482820191 ], [ -116.801325097808899, 54.126994828201909 ] ] ] } },
{ "type": "Feature", "properties": { "value": "2", "label": "AQHI 2", "color": "#0099cb", "timestamp": "2026-09-16 14:00:00", "generated_at": "2026-09-16T20:31:32.792111", "nearest_km": 32.13027522936364, "n_points": 4, "weight_sum": 0.0013150667297806215, "confidence": "Medium", "flagged": false }, "geometry": { "type": "Polygon", "coordinates": [ [ [ -116.701325097808905, 54.126994828201909 ], [ -116.60132509780891, 54.126994828201909 ], [ -116.60132509780891, 54.22699482820191 ], [ -116.701325097808905, 54.22699482820191 ], [ -116.701325097808905, 54.126994828201909 ] ] ] } },
{ "type": "Feature", "properties": { "value": "2", "label": "AQHI 2", "color": "#0099cb", "timestamp": "2026-09-16 14:00:00", "generated_at": "2026-09-16T20:31:32.792111", "nearest_km": 37.7104746230263, "n_points": 4, "weight_sum": 0.0010705859534087571, "confidence": "Medium", "flagged": false }, "geometry": { "type": "Polygon", "coordinates": [ [ [ -116.60132509780891, 54.126994828201909 ], [ -116.501325097808916, 54.126994828201909 ], [ -116.501325097808916, 54.22699482820191 ], [ -116.60132509780891, 54.22699482820191 ], [ -116.60132509780891, 54.126994828201909 ] ] ] } },
{ "type": "Feature", "properties": { "value": "2", "label": "AQHI 2", "color": "#0099cb", "timestamp": "2026-09-16 14:00:00", "generated_at": "2026-09-16T20:31:32.792111", "nearest_km": 45.367666969694781, "n_points": 4, "weight_sum": 0.00086789334463478426, "confidence": "Medium", "flagged": false }, "geometry": { "type": "Polygon", "coordinates": [ [ [ -116.501325097808916, 54.126994828201909 ], [ -116.401325097808922, 54.126994828201909 ], [ -116.401325097808922, 54.22699482820191 ], [ -116.501325097808916, 54.22699482820191 ], [ -116.501325097808916, 54.126994828201909 ] ] ] } },
{ "type": "Feature", "properties": { "value": "2", "label": "AQHI 2", "color": "#0099cb", "timestamp": "2026-09-16 14:00:00", "generated_at": "2026-09-16T20:31:32.792111", "nearest_km": 54.229056014763252, "n_points": 3, "weight_sum": 0.00068066086040028621, "confidence": "Medium", "flagged": false }, "geometry": { "type": "Polygon", "coordinates": [ [ [ -116.401325097808922, 54.126994828201909 ], [ -116.301325097808927, 54.126994828201909 ], [ -116.301325097808927, 54.22699482820191 ], [ -116.401325097808922, 54.22699482820191 ], [ -116.401325097808922, 54.126994828201909 ] ] ] } },
{ "type": "Feature", "properties": { "value": "2", "label": "AQHI 2", "color": "#0099cb", "timestamp": "2026-09-16 14:00:00", "generated_at": "2026-09-16T20:31:32.792111", "nearest_km": 60.069559523118528, "n_points": 3, "weight_sum": 0.00057317298744637634, "confidence": "Medium", "flagged": false }, "geometry": { "type": "Polygon", "coordinates": [ [ [ -116.301325097808927, 54.126994828201909 ], [ -116.201325097808933, 54.126994828201909 ], [ -116.201325097808933, 54.22699482820191 ], [ -116.301325097808927, 54.22699482820191 ], [ -116.301325097808927, 54.126994828201909 ] ] ] } },
{ "type": "Feature", "properties": { "value": "2", "label": "AQHI 2", "color": "#0099cb", "timestamp": "2026-09-16 14:00:00", "generated_at": "2026-09-16T20:31:32.792111", "nearest_km": 62.904055695008338, "n_points": 3, "weight_sum": 0.00048194826505953893, "confidence": "Medium", "flagged": false }, "geometry": { "type": "Polygon", "coordinates": [ [ [ -116.201325097808933, 54.126994828201909 ], [ -116.101325097808939, 54.126994828201909 ], [ -116.101325097808939, 54.22699482820191 ], [ -116.201325097808933, 54.22699482820191 ], [ -116.201325097808933, 54.126994828201909 ] ] ] } },
{ "type": "Feature", "properties": { "value": "2", "label": "AQHI 2", "color": "#0099cb", "timestamp": "2026-09-16 14:00:00", "generated_at": "2026-09-16T20:31:32.792111", "nearest_km": 67.467832812829514, "n_points": 2, "weight_sum": 0.0003611907034448557, "confidence": "Medium", "flagged": false }, "geometry": { "type": "Polygon", "coordinates": [ [ [ -116.101325097808939, 54.126994828201909 ], [ -116.001325097808945, 54.126994828201909 ], [ -116.001325097808945, 54.22699482820191 ], [ -116.101325097808939, 54.22699482820191 ], [ -116.101325097808939, 54.126994828201909 ] ] ] } },
{ "type": "Feature", "properties": { "value": "2", "label": "AQHI 2", "color": "#0099cb", "timestamp": "2026-09-16 14:00:00", "generated_at": "2026-09-16T20:31:32.792111", "nearest_km": 73.439204149004027, "n_points": 2, "weight_sum": 0.00029733092771339379, "confidence": "Medium", "flagged": false }, "geometry": { "type": "Polygon", "coordinates": [ [ [ -116.001325097808945, 54.126994828201909 ], [ -115.90132509780895, 54.126994828201909 ], [ -115.90132509780895, 54.22699482820191 ], [ -116.001325097808945, 54.22699482820191 ], [ -116.001325097808945, 54.126994828201909 ] ] ] } },
{ "type": "Feature", "properties": { "value": "2", "label": "AQHI 2", "color": "#0099cb", "timestamp": "2026-09-16 14:00:00", "generated_at": "2026-09-16T20:31:32.792111", "nearest_km": 80.505558488953028, "n_points": 3, "weight_sum": 0.00029353501897952654, "confidence": "Low", "flagged": false }, "geometry": { "type": "Polygon", "coordinates": [ [ [ -115.90132509780895, 54.126994828201909 ], [ -115.801325097808956, 54.126994828201909 ], [ -115.801325097808956, 54.22699482820191 ], [ -115.90132509780895, 54.22699482820191 ], [ -115.90132509780895, 54.126994828201909 ] ] ] } },
{ "type": "Feature", "properties": { "value": "2", "label": "AQHI 2", "color": "#0099cb", "timestamp": "2026-09-16 14:00:00", "generated_at": "2026-09-16T20:31:32.792111", "nearest_km": 88.404712482974318, "n_points": 3, "weight_sum": 0.00025693381610280869, "confidence": "Low", "flagged": false }, "geometry": { "type": "Polygon", "coordinates": [ [ [ -115.801325097808956, 54.126994828201909 ], [ -115.701325097808962, 54.126994828201909 ], [ -115.701325097808962, 54.22699482820191 ], [ -115.801325097808956, 54.22699482820191 ], [ -115.801325097808956, 54.126994828201909 ] ] ] } },
{ "type": "Feature", "properties": { "value": "2", "label": "AQHI 2", "color": "#0099cb", "timestamp": "2026-09-16 14:00:00", "generated_at": "2026-09-16T20:31:32.792111", "nearest_km": 96.933283400370001, "n_points": 3, "weight_sum": 0.00022951731846096763, "confidence": "Low", "flagged": false }, "geometry": { "type": "Polygon", "coordinates": [ [ [ -115.701325097808962, 54.126994828201909 ], [ -115.601325097808967, 54.126994828201909 ], [ -115.601325097808967, 54.22699482820191 ], [ -115.701325097808962, 54.22699482820191 ], [ -115.701325097808962, 54.126994828201909 ] ] ] } },
{ "type": "Feature", "properties": { "value": "2", "label": "AQHI 2", "color": "#0099cb", "timestamp": "2026-09-16 14:00:00", "generated_at": "2026-09-16T20:31:32.792111", "nearest_km": 105.93936790615427, "n_points": 3, "weight_sum": 0.00020947926069769536, "confidence": "Low", "flagged": false }, "geometry": { "type": "Polygon", "coordinates": [ [ [ -115.601325097808967, 54.126994828201909 ], [ -115.501325097808973, 54.126994828201909 ], [ -115.501325097808973, 54.22699482820191 ], [ -115.601325097808967, 54.22699482820191 ], [ -115.601325097808967, 54.126994828201909 ] ] ] } },
{ "type": "Feature", "properties": { "value": "2", "label": "AQHI 2", "color": "#0099cb", "timestamp": "2026-09-16 14:00:00", "generated_at": "2026-09-16T20:31:32.792111", "nearest_km": 115.31113525559684, "n_points": 3, "weight_sum": 0.00019512551656049654, "confidence": "Low", "flagged": false }, "geometry": { "type": "Polygon", "coordinates": [ [ [ -115.501325097808973, 54.126994828201909 ], [ -115.401325097808979, 54.126994828201909 ], [ -115.401325097808979, 54.22699482820191 ], [ -115.501325097808973, 54.22699482820191 ], [ -115.501325097808973, 54.126994828201909 ] ] ] } },
{ "type": "Feature", "properties": { "value": "2", "label": "AQHI 2", "color": "#0099cb", "timestamp": "2026-09-16 14:00:00", "generated_at": "2026-09-16T20:31:32.792111", "nearest_km": 110.84408750146294, "n_points": 2, "weight_sum": 0.00014542521003787075, "confidence": "Low", "flagged": false }, "geometry": { "type": "Polygon", "coordinates": [ [ [ -115.401325097808979, 54.126994828201909 ], [ -115.301325097808984, 54.126994828201909 ], [ -115.301325097808984, 54.22699482820191 ], [ -115.401325097808979, 54.22699482820191 ], [ -115.401325097808979, 54.126994828201909 ] ] ] } },
{ "type": "Feature", "properties": { "value": "2", "label": "AQHI 2", "color": "#0099cb", "timestamp": "2026-09-16 14:00:00", "generated_at": "2026-09-16T20:31:32.792111", "nearest_km": 106.67610051745952, "n_points": 2, "weight_sum": 0.00014287170421124241, "confidence": "Low", "flagged": false }, "geometry": { "type": "Polygon", "coordinates": [ [ [ -115.301325097808984, 54.126994828201909 ], [ -115.20132509780899, 54.126994828201909 ], [ -115.20132509780899, 54.22699482820191 ], [ -115.301325097808984, 54.22699482820191 ], [ -115.301325097808984, 54.126994828201909 ] ] ] } },
{ "type": "Feature", "properties": { "value": "2", "label": "AQHI 2", "color": "#0099cb", "timestamp": "2026-09-16 14:00:00", "generated_at": "2026-09-16T20:31:32.792111", "nearest_km": 103.53544856323485, "n_points": 3, "weight_sum": 0.00018936646883842707, "confidence": "Low", "flagged": false }, "geometry": { "type": "Polygon", "coordinates": [ [ [ -115.20132509780899, 54.126994828201909 ], [ -115.101325097808996, 54.126994828201909 ], [ -115.101325097808996, 54.22699482820191 ], [ -115.20132509780899, 54.22699482820191 ], [ -115.20132509780899, 54.126994828201909 ] ] ] } },
{ "type": "Feature", "properties": { "value": "2", "label": "AQHI 2", "color": "#0099cb", "timestamp": "2026-09-16 14:00:00", "generated_at": "2026-09-16T20:31:32.792111", "nearest_km": 101.5175245795983, "n_points": 2, "weight_sum": 0.00015168878038518288, "confidence": "Low", "flagged": false }, "geometry": { "type": "Polygon", "coordinates": [ [ [ -115.101325097808996, 54.126994828201909 ], [ -115.001325097809001, 54.126994828201909 ], [ -115.001325097809001, 54.22699482820191 ], [ -115.101325097808996, 54.22699482820191 ], [ -115.101325097808996, 54.126994828201909 ] ] ] } },
{ "type": "Feature", "properties": { "value": "2", "label": "AQHI 2", "color": "#0099cb", "timestamp": "2026-09-16 14:00:00", "generated_at": "2026-09-16T20:31:32.792111", "nearest_km": 100.68985293637296, "n_points": 2, "weight_sum": 0.00016036575396839018, "confidence": "Low", "flagged": false }, "geometry": { "type": "Polygon", "coordinates": [ [ [ -115.001325097809001, 54.126994828201909 ], [ -114.901325097809007, 54.126994828201909 ], [ -114.901325097809007, 54.22699482820191 ], [ -115.001325097809001, 54.22699482820191 ], [ -115.001325097809001, 54.126994828201909 ] ] ] } },
{ "type": "Feature", "properties": { "value": "2", "label": "AQHI 2", "color": "#0099cb", "timestamp": "2026-09-16 14:00:00", "generated_at": "2026-09-16T20:31:32.792111", "nearest_km": 101.08167574752338, "n_points": 3, "weight_sum": 0.00021540342777629781, "confidence": "Low", "flagged": false }, "geometry": { "type": "Polygon", "coordinates": [ [ [ -114.901325097809007, 54.126994828201909 ], [ -114.801325097809013, 54.126994828201909 ], [ -114.801325097809013, 54.22699482820191 ], [ -114.901325097809007, 54.22699482820191 ], [ -114.901325097809007, 54.126994828201909 ] ] ] } },
{ "type": "Feature", "properties": { "value": "2", "label": "AQHI 2", "color": "#0099cb", "timestamp": "2026-09-16 14:00:00", "generated_at": "2026-09-16T20:31:32.792111", "nearest_km": 102.67903320301798, "n_points": 4, "weight_sum": 0.00027696658593716106, "confidence": "Low", "flagged": false }, "geometry": { "type": "Polygon", "coordinates": [ [ [ -114.801325097809013, 54.126994828201909 ], [ -114.701325097809018, 54.126994828201909 ], [ -114.701325097809018, 54.22699482820191 ], [ -114.801325097809013, 54.22699482820191 ], [ -114.801325097809013, 54.126994828201909 ] ] ] } },
{ "type": "Feature", "properties": { "value": "2", "label": "AQHI 2", "color": "#0099cb", "timestamp": "2026-09-16 14:00:00", "generated_at": "2026-09-16T20:31:32.792111", "nearest_km": 105.42714331274205, "n_points": 6, "weight_sum": 0.00038822106350202743, "confidence": "Low", "flagged": false }, "geometry": { "type": "Polygon", "coordinates": [ [ [ -114.701325097809018, 54.126994828201909 ], [ -114.601325097809024, 54.126994828201909 ], [ -114.601325097809024, 54.22699482820191 ], [ -114.701325097809018, 54.22699482820191 ], [ -114.701325097809018, 54.126994828201909 ] ] ] } },
{ "type": "Feature", "properties": { "value": "2", "label": "AQHI 2", "color": "#0099cb", "timestamp": "2026-09-16 14:00:00", "generated_at": "2026-09-16T20:31:32.792111", "nearest_km": 101.36820657918088, "n_points": 7, "weight_sum": 0.0004719764593679234, "confidence": "Low", "flagged": false }, "geometry": { "type": "Polygon", "coordinates": [ [ [ -114.601325097809024, 54.126994828201909 ], [ -114.50132509780903, 54.126994828201909 ], [ -114.50132509780903, 54.22699482820191 ], [ -114.601325097809024, 54.22699482820191 ], [ -114.601325097809024, 54.126994828201909 ] ] ] } },
{ "type": "Feature", "properties": { "value": "2", "label": "AQHI 2", "color": "#0099cb", "timestamp": "2026-09-16 14:00:00", "generated_at": "2026-09-16T20:31:32.792111", "nearest_km": 97.008417554656148, "n_points": 11, "weight_sum": 0.00070963266700207811, "confidence": "Low", "flagged": false }, "geometry": { "type": "Polygon", "coordinates": [ [ [ -114.50132509780903, 54.126994828201909 ], [ -114.401325097809035, 54.126994828201909 ], [ -114.401325097809035, 54.22699482820191 ], [ -114.50132509780903, 54.22699482820191 ], [ -114.50132509780903, 54.126994828201909 ] ] ] } },
{ "type": "Feature", "properties": { "value": "2", "label": "AQHI 2", "color": "#0099cb", "timestamp": "2026-09-16 14:00:00", "generated_at": "2026-09-16T20:31:32.792111", "nearest_km": 93.766587054438119, "n_points": 13, "weight_sum": 0.00089298632221505045, "confidence": "Low", "flagged": false }, "geometry": { "type": "Polygon", "coordinates": [ [ [ -114.401325097809035, 54.126994828201909 ], [ -114.301325097809041, 54.126994828201909 ], [ -114.301325097809041, 54.22699482820191 ], [ -114.401325097809035, 54.22699482820191 ], [ -114.401325097809035, 54.126994828201909 ] ] ] } },
{ "type": "Feature", "properties": { "value": "2", "label": "AQHI 2", "color": "#0099cb", "timestamp": "2026-09-16 14:00:00", "generated_at": "2026-09-16T20:31:32.792111", "nearest_km": 91.76128061015983, "n_points": 14, "weight_sum": 0.0010610811714700011, "confidence": "Low", "flagged": false }, "geometry": { "type": "Polygon", "coordinates": [ [ [ -114.301325097809041, 54.126994828201909 ], [ -114.201325097809047, 54.126994828201909 ], [ -114.201325097809047, 54.22699482820191 ], [ -114.301325097809041, 54.22699482820191 ], [ -114.301325097809041, 54.126994828201909 ] ] ] } },
{ "type": "Feature", "properties": { "value": "2", "label": "AQHI 2", "color": "#0099cb", "timestamp": "2026-09-16 14:00:00", "generated_at": "2026-09-16T20:31:32.792111", "nearest_km": 85.239323157620689, "n_points": 15, "weight_sum": 0.0012593190986168992, "confidence": "Low", "flagged": false }, "geometry": { "type": "Polygon", "coordinates": [ [ [ -114.201325097809047, 54.126994828201909 ], [ -114.101325097809053, 54.126994828201909 ], [ -114.101325097809053, 54.22699482820191 ], [ -114.201325097809047, 54.22699482820191 ], [ -114.201325097809047, 54.126994828201909 ] ] ] } },
{ "type": "Feature", "properties": { "value": "2", "label": "AQHI 2", "color": "#0099cb", "timestamp": "2026-09-16 14:00:00", "generated_at": "2026-09-16T20:31:32.792111", "nearest_km": 77.663782284071686, "n_points": 16, "weight_sum": 0.0014969659888748779, "confidence": "Low", "flagged": false }, "geometry": { "type": "Polygon", "coordinates": [ [ [ -114.101325097809053, 54.126994828201909 ], [ -114.001325097809058, 54.126994828201909 ], [ -114.001325097809058, 54.22699482820191 ], [ -114.101325097809053, 54.22699482820191 ], [ -114.101325097809053, 54.126994828201909 ] ] ] } },
{ "type": "Feature", "properties": { "value": "2", "label": "AQHI 2", "color": "#0099cb", "timestamp": "2026-09-16 14:00:00", "generated_at": "2026-09-16T20:31:32.792111", "nearest_km": 70.348224273016854, "n_points": 17, "weight_sum": 0.0017839412865300799, "confidence": "Medium", "flagged": false }, "geometry": { "type": "Polygon", "coordinates": [ [ [ -114.001325097809058, 54.126994828201909 ], [ -113.901325097809064, 54.126994828201909 ], [ -113.901325097809064, 54.22699482820191 ], [ -114.001325097809058, 54.22699482820191 ], [ -114.001325097809058, 54.126994828201909 ] ] ] } },
{ "type": "Feature", "properties": { "value": "2", "label": "AQHI 2", "color": "#0099cb", "timestamp": "2026-09-16 14:00:00", "generated_at": "2026-09-16T20:31:32.792111", "nearest_km": 29.726405190487714, "n_points": 4, "weight_sum": 0.001419439860370646, "confidence": "Medium", "flagged": false }, "geometry": { "type": "Polygon", "coordinates": [ [ [ -116.60132509780891, 54.22699482820191 ], [ -116.501325097808916, 54.22699482820191 ], [ -116.501325097808916, 54.326994828201912 ], [ -116.60132509780891, 54.326994828201912 ], [ -116.60132509780891, 54.22699482820191 ] ] ] } },
{ "type": "Feature", "properties": { "value": "2", "label": "AQHI 2", "color": "#0099cb", "timestamp": "2026-09-16 14:00:00", "generated_at": "2026-09-16T20:31:32.792111", "nearest_km": 38.984669750150239, "n_points": 3, "weight_sum": 0.0009070244802228079, "confidence": "Medium", "flagged": false }, "geometry": { "type": "Polygon", "coordinates": [ [ [ -116.501325097808916, 54.22699482820191 ], [ -116.401325097808922, 54.22699482820191 ], [ -116.401325097808922, 54.326994828201912 ], [ -116.501325097808916, 54.326994828201912 ], [ -116.501325097808916, 54.22699482820191 ] ] ] } },
{ "type": "Feature", "properties": { "value": "2", "label": "AQHI 2", "color": "#0099cb", "timestamp": "2026-09-16 14:00:00", "generated_at": "2026-09-16T20:31:32.792111", "nearest_km": 49.013975410156995, "n_points": 3, "weight_sum": 0.00066702212470446775, "confidence": "Medium", "flagged": false }, "geometry": { "type": "Polygon", "coordinates": [ [ [ -116.401325097808922, 54.22699482820191 ], [ -116.301325097808927, 54.22699482820191 ], [ -116.301325097808927, 54.326994828201912 ], [ -116.401325097808922, 54.326994828201912 ], [ -116.401325097808922, 54.22699482820191 ] ] ] } },
{ "type": "Feature", "properties": { "value": "2", "label": "AQHI 2", "color": "#0099cb", "timestamp": "2026-09-16 14:00:00", "generated_at": "2026-09-16T20:31:32.792111", "nearest_km": 59.425205893514935, "n_points": 3, "weight_sum": 0.00052591057252199919, "confidence": "Medium", "flagged": false }, "geometry": { "type": "Polygon", "coordinates": [ [ [ -116.301325097808927, 54.22699482820191 ], [ -116.201325097808933, 54.22699482820191 ], [ -116.201325097808933, 54.326994828201912 ], [ -116.301325097808927, 54.326994828201912 ], [ -116.301325097808927, 54.22699482820191 ] ] ] } },
{ "type": "Feature", "properties": { "value": "2", "label": "AQHI 2", "color": "#0099cb", "timestamp": "2026-09-16 14:00:00", "generated_at": "2026-09-16T20:31:32.792111", "nearest_km": 70.048271966307496, "n_points": 2, "weight_sum": 0.00038917463013946605, "confidence": "Medium", "flagged": false }, "geometry": { "type": "Polygon", "coordinates": [ [ [ -116.201325097808933, 54.22699482820191 ], [ -116.101325097808939, 54.22699482820191 ], [ -116.101325097808939, 54.326994828201912 ], [ -116.201325097808933, 54.326994828201912 ], [ -116.201325097808933, 54.22699482820191 ] ] ] } },
{ "type": "Feature", "properties": { "value": "2", "label": "AQHI 2", "color": "#0099cb", "timestamp": "2026-09-16 14:00:00", "generated_at": "2026-09-16T20:31:32.792111", "nearest_km": 77.391749520960389, "n_points": 2, "weight_sum": 0.00032013185280658845, "confidence": "Low", "flagged": false }, "geometry": { "type": "Polygon", "coordinates": [ [ [ -116.101325097808939, 54.22699482820191 ], [ -116.001325097808945, 54.22699482820191 ], [ -116.001325097808945, 54.326994828201912 ], [ -116.101325097808939, 54.326994828201912 ], [ -116.101325097808939, 54.22699482820191 ] ] ] } },
{ "type": "Feature", "properties": { "value": "2", "label": "AQHI 2", "color": "#0099cb", "timestamp": "2026-09-16 14:00:00", "generated_at": "2026-09-16T20:31:32.792111", "nearest_km": 82.649205292575246, "n_points": 2, "weight_sum": 0.00026548633156113131, "confidence": "Low", "flagged": false }, "geometry": { "type": "Polygon", "coordinates": [ [ [ -116.001325097808945, 54.22699482820191 ], [ -115.90132509780895, 54.22699482820191 ], [ -115.90132509780895, 54.326994828201912 ], [ -116.001325097808945, 54.326994828201912 ], [ -116.001325097808945, 54.22699482820191 ] ] ] } },
{ "type": "Feature", "properties": { "value": "2", "label": "AQHI 2", "color": "#0099cb", "timestamp": "2026-09-16 14:00:00", "generated_at": "2026-09-16T20:31:32.792111", "nearest_km": 88.987186589269101, "n_points": 2, "weight_sum": 0.00022141697970809332, "confidence": "Low", "flagged": false }, "geometry": { "type": "Polygon", "coordinates": [ [ [ -115.90132509780895, 54.22699482820191 ], [ -115.801325097808956, 54.22699482820191 ], [ -115.801325097808956, 54.326994828201912 ], [ -115.90132509780895, 54.326994828201912 ], [ -115.90132509780895, 54.22699482820191 ] ] ] } },
{ "type": "Feature", "properties": { "value": "2", "label": "AQHI 2", "color": "#0099cb", "timestamp": "2026-09-16 14:00:00", "generated_at": "2026-09-16T20:31:32.792111", "nearest_km": 96.19234698588302, "n_points": 3, "weight_sum": 0.00023398513289598496, "confidence": "Low", "flagged": false }, "geometry": { "type": "Polygon", "coordinates": [ [ [ -115.801325097808956, 54.22699482820191 ], [ -115.701325097808962, 54.22699482820191 ], [ -115.701325097808962, 54.326994828201912 ], [ -115.801325097808956, 54.326994828201912 ], [ -115.801325097808956, 54.22699482820191 ] ] ] } },
{ "type": "Feature", "properties": { "value": "2", "label": "AQHI 2", "color": "#0099cb", "timestamp": "2026-09-16 14:00:00", "generated_at": "2026-09-16T20:31:32.792111", "nearest_km": 104.08475325537169, "n_points": 3, "weight_sum": 0.00020997466635278136, "confidence": "Low", "flagged": false }, "geometry": { "type": "Polygon", "coordinates": [ [ [ -115.701325097808962, 54.22699482820191 ], [ -115.601325097808967, 54.22699482820191 ], [ -115.601325097808967, 54.326994828201912 ], [ -115.701325097808962, 54.326994828201912 ], [ -115.701325097808962, 54.22699482820191 ] ] ] } },
{ "type": "Feature", "properties": { "value": "2", "label": "AQHI 2", "color": "#0099cb", "timestamp": "2026-09-16 14:00:00", "generated_at": "2026-09-16T20:31:32.792111", "nearest_km": 112.51988313987296, "n_points": 3, "weight_sum": 0.00019167752566930048, "confidence": "Low", "flagged": false }, "geometry": { "type": "Polygon", "coordinates": [ [ [ -115.601325097808967, 54.22699482820191 ], [ -115.501325097808973, 54.22699482820191 ], [ -115.501325097808973, 54.326994828201912 ], [ -115.601325097808967, 54.326994828201912 ], [ -115.601325097808967, 54.22699482820191 ] ] ] } },
{ "type": "Feature", "properties": { "value": "2", "label": "AQHI 2", "color": "#0099cb", "timestamp": "2026-09-16 14:00:00", "generated_at": "2026-09-16T20:31:32.792111", "nearest_km": 121.3846462423881, "n_points": 3, "weight_sum": 0.00017782421912570379, "confidence": "Low", "flagged": false }, "geometry": { "type": "Polygon", "coordinates": [ [ [ -115.501325097808973, 54.22699482820191 ], [ -115.401325097808979, 54.22699482820191 ], [ -115.401325097808979, 54.326994828201912 ], [ -115.501325097808973, 54.326994828201912 ], [ -115.501325097808973, 54.22699482820191 ] ] ] } },
{ "type": "Feature", "properties": { "value": "2", "label": "AQHI 2", "color": "#0099cb", "timestamp": "2026-09-16 14:00:00", "generated_at": "2026-09-16T20:31:32.792111", "nearest_km": 121.01446357558733, "n_points": 2, "weight_sum": 0.00012692173755095564, "confidence": "Low", "flagged": false }, "geometry": { "type": "Polygon", "coordinates": [ [ [ -115.401325097808979, 54.22699482820191 ], [ -115.301325097808984, 54.22699482820191 ], [ -115.301325097808984, 54.326994828201912 ], [ -115.401325097808979, 54.326994828201912 ], [ -115.401325097808979, 54.22699482820191 ] ] ] } },
{ "type": "Feature", "properties": { "value": "2", "label": "AQHI 2", "color": "#0099cb", "timestamp": "2026-09-16 14:00:00", "generated_at": "2026-09-16T20:31:32.792111", "nearest_km": 117.20869883275006, "n_points": 2, "weight_sum": 0.00012375851774058575, "confidence": "Low", "flagged": false }, "geometry": { "type": "Polygon", "coordinates": [ [ [ -115.301325097808984, 54.22699482820191 ], [ -115.20132509780899, 54.22699482820191 ], [ -115.20132509780899, 54.326994828201912 ], [ -115.301325097808984, 54.326994828201912 ], [ -115.301325097808984, 54.22699482820191 ] ] ] } },
{ "type": "Feature", "properties": { "value": "2", "label": "AQHI 2", "color": "#0099cb", "timestamp": "2026-09-16 14:00:00", "generated_at": "2026-09-16T20:31:32.792111", "nearest_km": 114.35767472996918, "n_points": 2, "weight_sum": 0.00012104281006914232, "confidence": "Low", "flagged": false }, "geometry": { "type": "Polygon", "coordinates": [ [ [ -115.20132509780899, 54.22699482820191 ], [ -115.101325097808996, 54.22699482820191 ], [ -115.101325097808996, 54.326994828201912 ], [ -115.20132509780899, 54.326994828201912 ], [ -115.20132509780899, 54.22699482820191 ] ] ] } },
{ "type": "Feature", "properties": { "value": "2", "label": "AQHI 2", "color": "#0099cb", "timestamp": "2026-09-16 14:00:00", "generated_at": "2026-09-16T20:31:32.792111", "nearest_km": 112.53397912286104, "n_points": 2, "weight_sum": 0.00012788527619038737, "confidence": "Low", "flagged": false }, "geometry": { "type": "Polygon", "coordinates": [ [ [ -115.101325097808996, 54.22699482820191 ], [ -115.001325097809001, 54.22699482820191 ], [ -115.001325097809001, 54.326994828201912 ], [ -115.101325097808996, 54.326994828201912 ], [ -115.101325097808996, 54.22699482820191 ] ] ] } },
{ "type": "Feature", "properties": { "value": "2", "label": "AQHI 2", "color": "#0099cb", "timestamp": "2026-09-16 14:00:00", "generated_at": "2026-09-16T20:31:32.792111", "nearest_km": 111.78790249755826, "n_points": 2, "weight_sum": 0.00013453505592208426, "confidence": "Low", "flagged": false }, "geometry": { "type": "Polygon", "coordinates": [ [ [ -115.001325097809001, 54.22699482820191 ], [ -114.901325097809007, 54.22699482820191 ], [ -114.901325097809007, 54.326994828201912 ], [ -115.001325097809001, 54.326994828201912 ], [ -115.001325097809001, 54.22699482820191 ] ] ] } },
{ "type": "Feature", "properties": { "value": "2", "label": "AQHI 2", "color": "#0099cb", "timestamp": "2026-09-16 14:00:00", "generated_at": "2026-09-16T20:31:32.792111", "nearest_km": 112.14095519649649, "n_points": 2, "weight_sum": 0.00014014820697891861, "confidence": "Low", "flagged": false }, "geometry": { "type": "Polygon", "coordinates": [ [ [ -114.901325097809007, 54.22699482820191 ], [ -114.801325097809013, 54.22699482820191 ], [ -114.801325097809013, 54.326994828201912 ], [ -114.901325097809007, 54.326994828201912 ], [ -114.901325097809007, 54.22699482820191 ] ] ] } },
{ "type": "Feature", "properties": { "value": "2", "label": "AQHI 2", "color": "#0099cb", "timestamp": "2026-09-16 14:00:00", "generated_at": "2026-09-16T20:31:32.792111", "nearest_km": 113.5828883237332, "n_points": 4, "weight_sum": 0.00024068576858342903, "confidence": "Low", "flagged": false }, "geometry": { "type": "Polygon", "coordinates": [ [ [ -114.801325097809013, 54.22699482820191 ], [ -114.701325097809018, 54.22699482820191 ], [ -114.701325097809018, 54.326994828201912 ], [ -114.801325097809013, 54.326994828201912 ], [ -114.801325097809013, 54.22699482820191 ] ] ] } },
{ "type": "Feature", "properties": { "value": "2", "label": "AQHI 2", "color": "#0099cb", "timestamp": "2026-09-16 14:00:00", "generated_at": "2026-09-16T20:31:32.792111", "nearest_km": 116.0731287057458, "n_points": 4, "weight_sum": 0.00025790587759695231, "confidence": "Low", "flagged": false }, "geometry": { "type": "Polygon", "coordinates": [ [ [ -114.701325097809018, 54.22699482820191 ], [ -114.601325097809024, 54.22699482820191 ], [ -114.601325097809024, 54.326994828201912 ], [ -114.701325097809018, 54.326994828201912 ], [ -114.701325097809018, 54.22699482820191 ] ] ] } },
{ "type": "Feature", "properties": { "value": "2", "label": "AQHI 2", "color": "#0099cb", "timestamp": "2026-09-16 14:00:00", "generated_at": "2026-09-16T20:31:32.792111", "nearest_km": 111.44760836973872, "n_points": 7, "weight_sum": 0.00041797142401966736, "confidence": "Low", "flagged": false }, "geometry": { "type": "Polygon", "coordinates": [ [ [ -114.601325097809024, 54.22699482820191 ], [ -114.50132509780903, 54.22699482820191 ], [ -114.50132509780903, 54.326994828201912 ], [ -114.601325097809024, 54.326994828201912 ], [ -114.601325097809024, 54.22699482820191 ] ] ] } },
{ "type": "Feature", "properties": { "value": "2", "label": "AQHI 2", "color": "#0099cb", "timestamp": "2026-09-16 14:00:00", "generated_at": "2026-09-16T20:31:32.792111", "nearest_km": 107.49739151585813, "n_points": 8, "weight_sum": 0.00050586863489662283, "confidence": "Low", "flagged": false }, "geometry": { "type": "Polygon", "coordinates": [ [ [ -114.50132509780903, 54.22699482820191 ], [ -114.401325097809035, 54.22699482820191 ], [ -114.401325097809035, 54.326994828201912 ], [ -114.50132509780903, 54.326994828201912 ], [ -114.50132509780903, 54.22699482820191 ] ] ] } },
{ "type": "Feature", "properties": { "value": "2", "label": "AQHI 2", "color": "#0099cb", "timestamp": "2026-09-16 14:00:00", "generated_at": "2026-09-16T20:31:32.792111", "nearest_km": 104.58120746143969, "n_points": 13, "weight_sum": 0.00079654330667141171, "confidence": "Low", "flagged": false }, "geometry": { "type": "Polygon", "coordinates": [ [ [ -114.401325097809035, 54.22699482820191 ], [ -114.301325097809041, 54.22699482820191 ], [ -114.301325097809041, 54.326994828201912 ], [ -114.401325097809035, 54.326994828201912 ], [ -114.401325097809035, 54.22699482820191 ] ] ] } },
{ "type": "Feature", "properties": { "value": "2", "label": "AQHI 2", "color": "#0099cb", "timestamp": "2026-09-16 14:00:00", "generated_at": "2026-09-16T20:31:32.792111", "nearest_km": 100.73604292161484, "n_points": 14, "weight_sum": 0.0009388371014706448, "confidence": "Low", "flagged": false }, "geometry": { "type": "Polygon", "coordinates": [ [ [ -114.301325097809041, 54.22699482820191 ], [ -114.201325097809047, 54.22699482820191 ], [ -114.201325097809047, 54.326994828201912 ], [ -114.301325097809041, 54.326994828201912 ], [ -114.301325097809041, 54.22699482820191 ] ] ] } },
{ "type": "Feature", "properties": { "value": "2", "label": "AQHI 2", "color": "#0099cb", "timestamp": "2026-09-16 14:00:00", "generated_at": "2026-09-16T20:31:32.792111", "nearest_km": 93.360801514253524, "n_points": 15, "weight_sum": 0.001103888659693682, "confidence": "Low", "flagged": false }, "geometry": { "type": "Polygon", "coordinates": [ [ [ -114.201325097809047, 54.22699482820191 ], [ -114.101325097809053, 54.22699482820191 ], [ -114.101325097809053, 54.326994828201912 ], [ -114.201325097809047, 54.326994828201912 ], [ -114.201325097809047, 54.22699482820191 ] ] ] } },
{ "type": "Feature", "properties": { "value": "2", "label": "AQHI 2", "color": "#0099cb", "timestamp": "2026-09-16 14:00:00", "generated_at": "2026-09-16T20:31:32.792111", "nearest_km": 85.947826261534146, "n_points": 16, "weight_sum": 0.0012960702377918982, "confidence": "Low", "flagged": false }, "geometry": { "type": "Polygon", "coordinates": [ [ [ -114.101325097809053, 54.22699482820191 ], [ -114.001325097809058, 54.22699482820191 ], [ -114.001325097809058, 54.326994828201912 ], [ -114.101325097809053, 54.326994828201912 ], [ -114.101325097809053, 54.22699482820191 ] ] ] } },
{ "type": "Feature", "properties": { "value": "2", "label": "AQHI 2", "color": "#0099cb", "timestamp": "2026-09-16 14:00:00", "generated_at": "2026-09-16T20:31:32.792111", "nearest_km": 56.915326272822099, "n_points": 2, "weight_sum": 0.00045729364855207977, "confidence": "Medium", "flagged": false }, "geometry": { "type": "Polygon", "coordinates": [ [ [ -116.301325097808927, 54.326994828201912 ], [ -116.201325097808933, 54.326994828201912 ], [ -116.201325097808933, 54.426994828201913 ], [ -116.301325097808927, 54.426994828201913 ], [ -116.301325097808927, 54.326994828201912 ] ] ] } },
{ "type": "Feature", "properties": { "value": "2", "label": "AQHI 2", "color": "#0099cb", "timestamp": "2026-09-16 14:00:00", "generated_at": "2026-09-16T20:31:32.792111", "nearest_km": 67.932022454222093, "n_points": 2, "weight_sum": 0.0003579690945836819, "confidence": "Medium", "flagged": false }, "geometry": { "type": "Polygon", "coordinates": [ [ [ -116.201325097808933, 54.326994828201912 ], [ -116.101325097808939, 54.326994828201912 ], [ -116.101325097808939, 54.426994828201913 ], [ -116.201325097808933, 54.426994828201913 ], [ -116.201325097808933, 54.326994828201912 ] ] ] } },
{ "type": "Feature", "properties": { "value": "2", "label": "AQHI 2", "color": "#0099cb", "timestamp": "2026-09-16 14:00:00", "generated_at": "2026-09-16T20:31:32.792111", "nearest_km": 78.97205192155036, "n_points": 2, "weight_sum": 0.00029066317726932647, "confidence": "Low", "flagged": false }, "geometry": { "type": "Polygon", "coordinates": [ [ [ -116.101325097808939, 54.326994828201912 ], [ -116.001325097808945, 54.326994828201912 ], [ -116.001325097808945, 54.426994828201913 ], [ -116.101325097808939, 54.426994828201913 ], [ -116.101325097808939, 54.326994828201912 ] ] ] } },
{ "type": "Feature", "properties": { "value": "2", "label": "AQHI 2", "color": "#0099cb", "timestamp": "2026-09-16 14:00:00", "generated_at": "2026-09-16T20:31:32.792111", "nearest_km": 90.026830970989593, "n_points": 2, "weight_sum": 0.00024082460310026726, "confidence": "Low", "flagged": false }, "geometry": { "type": "Polygon", "coordinates": [ [ [ -116.001325097808945, 54.326994828201912 ], [ -115.90132509780895, 54.326994828201912 ], [ -115.90132509780895, 54.426994828201913 ], [ -116.001325097808945, 54.426994828201913 ], [ -116.001325097808945, 54.326994828201912 ] ] ] } },
{ "type": "Feature", "properties": { "value": "2", "label": "AQHI 2", "color": "#0099cb", "timestamp": "2026-09-16 14:00:00", "generated_at": "2026-09-16T20:31:32.792111", "nearest_km": 97.993437568689075, "n_points": 2, "weight_sum": 0.00020198941579701156, "confidence": "Low", "flagged": false }, "geometry": { "type": "Polygon", "coordinates": [ [ [ -115.90132509780895, 54.326994828201912 ], [ -115.801325097808956, 54.326994828201912 ], [ -115.801325097808956, 54.426994828201913 ], [ -115.90132509780895, 54.426994828201913 ], [ -115.90132509780895, 54.326994828201912 ] ] ] } },
{ "type": "Feature", "properties": { "value": "2", "label": "AQHI 2", "color": "#0099cb", "timestamp": "2026-09-16 14:00:00", "generated_at": "2026-09-16T20:31:32.792111", "nearest_km": 104.57993138316587, "n_points": 2, "weight_sum": 0.00017092065390163897, "confidence": "Low", "flagged": false }, "geometry": { "type": "Polygon", "coordinates": [ [ [ -115.801325097808956, 54.326994828201912 ], [ -115.701325097808962, 54.326994828201912 ], [ -115.701325097808962, 54.426994828201913 ], [ -115.801325097808956, 54.426994828201913 ], [ -115.801325097808956, 54.326994828201912 ] ] ] } },
{ "type": "Feature", "properties": { "value": "2", "label": "AQHI 2", "color": "#0099cb", "timestamp": "2026-09-16 14:00:00", "generated_at": "2026-09-16T20:31:32.792111", "nearest_km": 111.88221614576095, "n_points": 3, "weight_sum": 0.00019235411850915967, "confidence": "Low", "flagged": false }, "geometry": { "type": "Polygon", "coordinates": [ [ [ -115.701325097808962, 54.326994828201912 ], [ -115.601325097808967, 54.326994828201912 ], [ -115.601325097808967, 54.426994828201913 ], [ -115.701325097808962, 54.426994828201913 ], [ -115.701325097808962, 54.326994828201912 ] ] ] } },
{ "type": "Feature", "properties": { "value": "2", "label": "AQHI 2", "color": "#0099cb", "timestamp": "2026-09-16 14:00:00", "generated_at": "2026-09-16T20:31:32.792111", "nearest_km": 119.76943905381638, "n_points": 3, "weight_sum": 0.00017563945556253318, "confidence": "Low", "flagged": false }, "geometry": { "type": "Polygon", "coordinates": [ [ [ -115.601325097808967, 54.326994828201912 ], [ -115.501325097808973, 54.326994828201912 ], [ -115.501325097808973, 54.426994828201913 ], [ -115.601325097808967, 54.426994828201913 ], [ -115.601325097808967, 54.326994828201912 ] ] ] } },
{ "type": "Feature", "properties": { "value": "2", "label": "AQHI 2", "color": "#0099cb", "timestamp": "2026-09-16 14:00:00", "generated_at": "2026-09-16T20:31:32.792111", "nearest_km": 128.13362857909266, "n_points": 3, "weight_sum": 0.00016254810451994851, "confidence": "Low", "flagged": false }, "geometry": { "type": "Polygon", "coordinates": [ [ [ -115.501325097808973, 54.326994828201912 ], [ -115.401325097808979, 54.326994828201912 ], [ -115.401325097808979, 54.426994828201913 ], [ -115.501325097808973, 54.426994828201913 ], [ -115.501325097808973, 54.326994828201912 ] ] ] } },
{ "type": "Feature", "properties": { "value": "2", "label": "AQHI 2", "color": "#0099cb", "timestamp": "2026-09-16 14:00:00", "generated_at": "2026-09-16T20:31:32.792111", "nearest_km": 131.33548284809532, "n_points": 2, "weight_sum": 0.00011134139192699825, "confidence": "Low", "flagged": false }, "geometry": { "type": "Polygon", "coordinates": [ [ [ -115.401325097808979, 54.326994828201912 ], [ -115.301325097808984, 54.326994828201912 ], [ -115.301325097808984, 54.426994828201913 ], [ -115.401325097808979, 54.426994828201913 ], [ -115.401325097808979, 54.326994828201912 ] ] ] } },
{ "type": "Feature", "properties": { "value": "2", "label": "AQHI 2", "color": "#0099cb", "timestamp": "2026-09-16 14:00:00", "generated_at": "2026-09-16T20:31:32.792111", "nearest_km": 127.83734877773981, "n_points": 2, "weight_sum": 0.0001081290017692446, "confidence": "Low", "flagged": false }, "geometry": { "type": "Polygon", "coordinates": [ [ [ -115.301325097808984, 54.326994828201912 ], [ -115.20132509780899, 54.326994828201912 ], [ -115.20132509780899, 54.426994828201913 ], [ -115.301325097808984, 54.426994828201913 ], [ -115.301325097808984, 54.326994828201912 ] ] ] } },
{ "type": "Feature", "properties": { "value": "2", "label": "AQHI 2", "color": "#0099cb", "timestamp": "2026-09-16 14:00:00", "generated_at": "2026-09-16T20:31:32.792111", "nearest_km": 125.22853680411912, "n_points": 1, "weight_sum": 6.3766618542462013e-05, "confidence": "Low", "flagged": false }, "geometry": { "type": "Polygon", "coordinates": [ [ [ -115.20132509780899, 54.326994828201912 ], [ -115.101325097808996, 54.326994828201912 ], [ -115.101325097808996, 54.426994828201913 ], [ -115.20132509780899, 54.426994828201913 ], [ -115.20132509780899, 54.326994828201912 ] ] ] } },
{ "type": "Feature", "properties": { "value": "2", "label": "AQHI 2", "color": "#0099cb", "timestamp": "2026-09-16 14:00:00", "generated_at": "2026-09-16T20:31:32.792111", "nearest_km": 123.56538802463946, "n_points": 1, "weight_sum": 6.5494725368668146e-05, "confidence": "Low", "flagged": false }, "geometry": { "type": "Polygon", "coordinates": [ [ [ -115.101325097808996, 54.326994828201912 ], [ -115.001325097809001, 54.326994828201912 ], [ -115.001325097809001, 54.426994828201913 ], [ -115.101325097808996, 54.426994828201913 ], [ -115.101325097808996, 54.326994828201912 ] ] ] } },
{ "type": "Feature", "properties": { "value": "2", "label": "AQHI 2", "color": "#0099cb", "timestamp": "2026-09-16 14:00:00", "generated_at": "2026-09-16T20:31:32.792111", "nearest_km": 122.88630438441372, "n_points": 2, "weight_sum": 0.00011444643983933011, "confidence": "Low", "flagged": false }, "geometry": { "type": "Polygon", "coordinates": [ [ [ -115.001325097809001, 54.326994828201912 ], [ -114.901325097809007, 54.326994828201912 ], [ -114.901325097809007, 54.426994828201913 ], [ -115.001325097809001, 54.426994828201913 ], [ -115.001325097809001, 54.326994828201912 ] ] ] } },
{ "type": "Feature", "properties": { "value": "2", "label": "AQHI 2", "color": "#0099cb", "timestamp": "2026-09-16 14:00:00", "generated_at": "2026-09-16T20:31:32.792111", "nearest_km": 123.20755858646748, "n_points": 2, "weight_sum": 0.00011882720824770655, "confidence": "Low", "flagged": false }, "geometry": { "type": "Polygon", "coordinates": [ [ [ -114.901325097809007, 54.326994828201912 ], [ -114.801325097809013, 54.326994828201912 ], [ -114.801325097809013, 54.426994828201913 ], [ -114.901325097809007, 54.426994828201913 ], [ -114.901325097809007, 54.326994828201912 ] ] ] } },
{ "type": "Feature", "properties": { "value": "2", "label": "AQHI 2", "color": "#0099cb", "timestamp": "2026-09-16 14:00:00", "generated_at": "2026-09-16T20:31:32.792111", "nearest_km": 124.52140852245782, "n_points": 3, "weight_sum": 0.00016821374360482847, "confidence": "Low", "flagged": false }, "geometry": { "type": "Polygon", "coordinates": [ [ [ -114.801325097809013, 54.326994828201912 ], [ -114.701325097809018, 54.326994828201912 ], [ -114.701325097809018, 54.426994828201913 ], [ -114.801325097809013, 54.426994828201913 ], [ -114.801325097809013, 54.326994828201912 ] ] ] } },
{ "type": "Feature", "properties": { "value": "2", "label": "AQHI 2", "color": "#0099cb", "timestamp": "2026-09-16 14:00:00", "generated_at": "2026-09-16T20:31:32.792111", "nearest_km": 126.18774007886334, "n_points": 4, "weight_sum": 0.0002250350110118594, "confidence": "Low", "flagged": false }, "geometry": { "type": "Polygon", "coordinates": [ [ [ -114.701325097809018, 54.326994828201912 ], [ -114.601325097809024, 54.326994828201912 ], [ -114.601325097809024, 54.426994828201913 ], [ -114.701325097809018, 54.426994828201913 ], [ -114.701325097809018, 54.326994828201912 ] ] ] } },
{ "type": "Feature", "properties": { "value": "2", "label": "AQHI 2", "color": "#0099cb", "timestamp": "2026-09-16 14:00:00", "generated_at": "2026-09-16T20:31:32.792111", "nearest_km": 121.70474730917374, "n_points": 4, "weight_sum": 0.00024018261585904049, "confidence": "Low", "flagged": false }, "geometry": { "type": "Polygon", "coordinates": [ [ [ -114.601325097809024, 54.326994828201912 ], [ -114.50132509780903, 54.326994828201912 ], [ -114.50132509780903, 54.426994828201913 ], [ -114.601325097809024, 54.426994828201913 ], [ -114.601325097809024, 54.326994828201912 ] ] ] } },
{ "type": "Feature", "properties": { "value": "2", "label": "AQHI 2", "color": "#0099cb", "timestamp": "2026-09-16 14:00:00", "generated_at": "2026-09-16T20:31:32.792111", "nearest_km": 118.09811721178649, "n_points": 7, "weight_sum": 0.00040546626901123429, "confidence": "Low", "flagged": false }, "geometry": { "type": "Polygon", "coordinates": [ [ [ -114.50132509780903, 54.326994828201912 ], [ -114.401325097809035, 54.326994828201912 ], [ -114.401325097809035, 54.426994828201913 ], [ -114.50132509780903, 54.426994828201913 ], [ -114.50132509780903, 54.326994828201912 ] ] ] } },
{ "type": "Feature", "properties": { "value": "2", "label": "AQHI 2", "color": "#0099cb", "timestamp": "2026-09-16 14:00:00", "generated_at": "2026-09-16T20:31:32.792111", "nearest_km": 115.45001108855669, "n_points": 11, "weight_sum": 0.00062784293902573758, "confidence": "Low", "flagged": false }, "geometry": { "type": "Polygon", "coordinates": [ [ [ -114.401325097809035, 54.326994828201912 ], [ -114.301325097809041, 54.326994828201912 ], [ -114.301325097809041, 54.426994828201913 ], [ -114.401325097809035, 54.426994828201913 ], [ -114.401325097809035, 54.326994828201912 ] ] ] } },
{ "type": "Feature", "properties": { "value": "2", "label": "AQHI 2", "color": "#0099cb", "timestamp": "2026-09-16 14:00:00", "generated_at": "2026-09-16T20:31:32.792111", "nearest_km": 109.05803702662162, "n_points": 13, "weight_sum": 0.0007901365700228451, "confidence": "Low", "flagged": false }, "geometry": { "type": "Polygon", "coordinates": [ [ [ -114.301325097809041, 54.326994828201912 ], [ -114.201325097809047, 54.326994828201912 ], [ -114.201325097809047, 54.426994828201913 ], [ -114.301325097809041, 54.426994828201913 ], [ -114.301325097809041, 54.326994828201912 ] ] ] } },
{ "type": "Feature", "properties": { "value": "2", "label": "AQHI 2", "color": "#0099cb", "timestamp": "2026-09-16 14:00:00", "generated_at": "2026-09-16T20:31:32.792111", "nearest_km": 101.57767973230644, "n_points": 13, "weight_sum": 0.00088315399209158664, "confidence": "Low", "flagged": false }, "geometry": { "type": "Polygon", "coordinates": [ [ [ -114.201325097809047, 54.326994828201912 ], [ -114.101325097809053, 54.326994828201912 ], [ -114.101325097809053, 54.426994828201913 ], [ -114.201325097809047, 54.426994828201913 ], [ -114.201325097809047, 54.326994828201912 ] ] ] } },
{ "type": "Feature", "properties": { "value": "2", "label": "AQHI 2", "color": "#0099cb", "timestamp": "2026-09-16 14:00:00", "generated_at": "2026-09-16T20:31:32.792111", "nearest_km": 78.682934960226319, "n_points": 2, "weight_sum": 0.00026564913862707539, "confidence": "Low", "flagged": false }, "geometry": { "type": "Polygon", "coordinates": [ [ [ -116.101325097808939, 54.426994828201913 ], [ -116.001325097808945, 54.426994828201913 ], [ -116.001325097808945, 54.526994828201914 ], [ -116.101325097808939, 54.526994828201914 ], [ -116.101325097808939, 54.426994828201913 ] ] ] } },
{ "type": "Feature", "properties": { "value": "2", "label": "AQHI 2", "color": "#0099cb", "timestamp": "2026-09-16 14:00:00", "generated_at": "2026-09-16T20:31:32.792111", "nearest_km": 89.773323230981532, "n_points": 2, "weight_sum": 0.00021981787025237919, "confidence": "Low", "flagged": false }, "geometry": { "type": "Polygon", "coordinates": [ [ [ -116.001325097808945, 54.426994828201913 ], [ -115.90132509780895, 54.426994828201913 ], [ -115.90132509780895, 54.526994828201914 ], [ -116.001325097808945, 54.526994828201914 ], [ -116.001325097808945, 54.426994828201913 ] ] ] } },
{ "type": "Feature", "properties": { "value": "2", "label": "AQHI 2", "color": "#0099cb", "timestamp": "2026-09-16 14:00:00", "generated_at": "2026-09-16T20:31:32.792111", "nearest_km": 100.8658260954291, "n_points": 2, "weight_sum": 0.00018499732482548645, "confidence": "Low", "flagged": false }, "geometry": { "type": "Polygon", "coordinates": [ [ [ -115.90132509780895, 54.426994828201913 ], [ -115.801325097808956, 54.426994828201913 ], [ -115.801325097808956, 54.526994828201914 ], [ -115.90132509780895, 54.526994828201914 ], [ -115.90132509780895, 54.426994828201913 ] ] ] } },
{ "type": "Feature", "properties": { "value": "2", "label": "AQHI 2", "color": "#0099cb", "timestamp": "2026-09-16 14:00:00", "generated_at": "2026-09-16T20:31:32.792111", "nearest_km": 111.95981504045265, "n_points": 2, "weight_sum": 0.00015749254420533037, "confidence": "Low", "flagged": false }, "geometry": { "type": "Polygon", "coordinates": [ [ [ -115.801325097808956, 54.426994828201913 ], [ -115.701325097808962, 54.426994828201913 ], [ -115.701325097808962, 54.526994828201914 ], [ -115.801325097808956, 54.526994828201914 ], [ -115.801325097808956, 54.426994828201913 ] ] ] } },
{ "type": "Feature", "properties": { "value": "2", "label": "AQHI 2", "color": "#0099cb", "timestamp": "2026-09-16 14:00:00", "generated_at": "2026-09-16T20:31:32.792111", "nearest_km": 120.20001963037255, "n_points": 2, "weight_sum": 0.00013525278719598541, "confidence": "Low", "flagged": false }, "geometry": { "type": "Polygon", "coordinates": [ [ [ -115.701325097808962, 54.426994828201913 ], [ -115.601325097808967, 54.426994828201913 ], [ -115.601325097808967, 54.526994828201914 ], [ -115.701325097808962, 54.526994828201914 ], [ -115.701325097808962, 54.426994828201913 ] ] ] } },
{ "type": "Feature", "properties": { "value": "2", "label": "AQHI 2", "color": "#0099cb", "timestamp": "2026-09-16 14:00:00", "generated_at": "2026-09-16T20:31:32.792111", "nearest_km": 127.57402933481801, "n_points": 2, "weight_sum": 0.00011701000421945224, "confidence": "Low", "flagged": false }, "geometry": { "type": "Polygon", "coordinates": [ [ [ -115.601325097808967, 54.426994828201913 ], [ -115.501325097808973, 54.426994828201913 ], [ -115.501325097808973, 54.526994828201914 ], [ -115.601325097808967, 54.526994828201914 ], [ -115.601325097808967, 54.426994828201913 ] ] ] } },
{ "type": "Feature", "properties": { "value": "2", "label": "AQHI 2", "color": "#0099cb", "timestamp": "2026-09-16 14:00:00", "generated_at": "2026-09-16T20:31:32.792111", "nearest_km": 135.45715633476158, "n_points": 3, "weight_sum": 0.00014895278307429491, "confidence": "Low", "flagged": false }, "geometry": { "type": "Polygon", "coordinates": [ [ [ -115.501325097808973, 54.426994828201913 ], [ -115.401325097808979, 54.426994828201913 ], [ -115.401325097808979, 54.526994828201914 ], [ -115.501325097808973, 54.526994828201914 ], [ -115.501325097808973, 54.426994828201913 ] ] ] } },
{ "type": "Feature", "properties": { "value": "2", "label": "AQHI 2", "color": "#0099cb", "timestamp": "2026-09-16 14:00:00", "generated_at": "2026-09-16T20:31:32.792111", "nearest_km": 141.77424912655167, "n_points": 2, "weight_sum": 9.813404013841743e-05, "confidence": "Low", "flagged": false }, "geometry": { "type": "Polygon", "coordinates": [ [ [ -115.401325097808979, 54.426994828201913 ], [ -115.301325097808984, 54.426994828201913 ], [ -115.301325097808984, 54.526994828201914 ], [ -115.401325097808979, 54.526994828201914 ], [ -115.401325097808979, 54.426994828201913 ] ] ] } },
{ "type": "Feature", "properties": { "value": "2", "label": "AQHI 2", "color": "#0099cb", "timestamp": "2026-09-16 14:00:00", "generated_at": "2026-09-16T20:31:32.792111", "nearest_km": 138.53994515292939, "n_points": 1, "weight_sum": 5.2101470064074512e-05, "confidence": "Low", "flagged": false }, "geometry": { "type": "Polygon", "coordinates": [ [ [ -115.301325097808984, 54.426994828201913 ], [ -115.20132509780899, 54.426994828201913 ], [ -115.20132509780899, 54.526994828201914 ], [ -115.301325097808984, 54.526994828201914 ], [ -115.301325097808984, 54.426994828201913 ] ] ] } },
{ "type": "Feature", "properties": { "value": "2", "label": "AQHI 2", "color": "#0099cb", "timestamp": "2026-09-16 14:00:00", "generated_at": "2026-09-16T20:31:32.792111", "nearest_km": 136.13638415411145, "n_points": 1, "weight_sum": 5.3957469918782548e-05, "confidence": "Low", "flagged": false }, "geometry": { "type": "Polygon", "coordinates": [ [ [ -115.20132509780899, 54.426994828201913 ], [ -115.101325097808996, 54.426994828201913 ], [ -115.101325097808996, 54.526994828201914 ], [ -115.20132509780899, 54.526994828201914 ], [ -115.20132509780899, 54.426994828201913 ] ] ] } },
{ "type": "Feature", "properties": { "value": "2", "label": "AQHI 2", "color": "#0099cb", "timestamp": "2026-09-16 14:00:00", "generated_at": "2026-09-16T20:31:32.792111", "nearest_km": 134.60807471372178, "n_points": 1, "weight_sum": 5.5189667139237059e-05, "confidence": "Low", "flagged": false }, "geometry": { "type": "Polygon", "coordinates": [ [ [ -115.101325097808996, 54.426994828201913 ], [ -115.001325097809001, 54.426994828201913 ], [ -115.001325097809001, 54.526994828201914 ], [ -115.101325097808996, 54.526994828201914 ], [ -115.101325097808996, 54.426994828201913 ] ] ] } },
{ "type": "Feature", "properties": { "value": "2", "label": "AQHI 2", "color": "#0099cb", "timestamp": "2026-09-16 14:00:00", "generated_at": "2026-09-16T20:31:32.792111", "nearest_km": 133.98497104419573, "n_points": 1, "weight_sum": 5.5704185259300922e-05, "confidence": "Low", "flagged": false }, "geometry": { "type": "Polygon", "coordinates": [ [ [ -115.001325097809001, 54.426994828201913 ], [ -114.901325097809007, 54.426994828201913 ], [ -114.901325097809007, 54.526994828201914 ], [ -115.001325097809001, 54.526994828201914 ], [ -115.001325097809001, 54.426994828201913 ] ] ] } },
{ "type": "Feature", "properties": { "value": "2", "label": "AQHI 2", "color": "#0099cb", "timestamp": "2026-09-16 14:00:00", "generated_at": "2026-09-16T20:31:32.792111", "nearest_km": 134.27967513102277, "n_points": 2, "weight_sum": 0.00010192164881572217, "confidence": "Low", "flagged": false }, "geometry": { "type": "Polygon", "coordinates": [ [ [ -114.901325097809007, 54.426994828201913 ], [ -114.801325097809013, 54.426994828201913 ], [ -114.801325097809013, 54.526994828201914 ], [ -114.901325097809007, 54.526994828201914 ], [ -114.901325097809007, 54.426994828201913 ] ] ] } },
{ "type": "Feature", "properties": { "value": "2", "label": "AQHI 2", "color": "#0099cb", "timestamp": "2026-09-16 14:00:00", "generated_at": "2026-09-16T20:31:32.792111", "nearest_km": 135.48619797186734, "n_points": 2, "weight_sum": 0.00010468000573788855, "confidence": "Low", "flagged": false }, "geometry": { "type": "Polygon", "coordinates": [ [ [ -114.801325097809013, 54.426994828201913 ], [ -114.701325097809018, 54.426994828201913 ], [ -114.701325097809018, 54.526994828201914 ], [ -114.801325097809013, 54.526994828201914 ], [ -114.801325097809013, 54.426994828201913 ] ] ] } },
{ "type": "Feature", "properties": { "value": "2", "label": "AQHI 2", "color": "#0099cb", "timestamp": "2026-09-16 14:00:00", "generated_at": "2026-09-16T20:31:32.792111", "nearest_km": 136.23964860665913, "n_points": 3, "weight_sum": 0.00015314636655355926, "confidence": "Low", "flagged": false }, "geometry": { "type": "Polygon", "coordinates": [ [ [ -114.701325097809018, 54.426994828201913 ], [ -114.601325097809024, 54.426994828201913 ], [ -114.601325097809024, 54.526994828201914 ], [ -114.701325097809018, 54.526994828201914 ], [ -114.701325097809018, 54.426994828201913 ] ] ] } },
{ "type": "Feature", "properties": { "value": "2", "label": "AQHI 2", "color": "#0099cb", "timestamp": "2026-09-16 14:00:00", "generated_at": "2026-09-16T20:31:32.792111", "nearest_km": 132.09822717903907, "n_points": 4, "weight_sum": 0.0002097905452164022, "confidence": "Low", "flagged": false }, "geometry": { "type": "Polygon", "coordinates": [ [ [ -114.601325097809024, 54.426994828201913 ], [ -114.50132509780903, 54.426994828201913 ], [ -114.50132509780903, 54.526994828201914 ], [ -114.601325097809024, 54.526994828201914 ], [ -114.601325097809024, 54.426994828201913 ] ] ] } },
{ "type": "Feature", "properties": { "value": "2", "label": "AQHI 2", "color": "#0099cb", "timestamp": "2026-09-16 14:00:00", "generated_at": "2026-09-16T20:31:32.792111", "nearest_km": 128.78300118891485, "n_points": 7, "weight_sum": 0.00035909129760474919, "confidence": "Low", "flagged": false }, "geometry": { "type": "Polygon", "coordinates": [ [ [ -114.50132509780903, 54.426994828201913 ], [ -114.401325097809035, 54.426994828201913 ], [ -114.401325097809035, 54.526994828201914 ], [ -114.50132509780903, 54.526994828201914 ], [ -114.50132509780903, 54.426994828201913 ] ] ] } },
{ "type": "Feature", "properties": { "value": "2", "label": "AQHI 2", "color": "#0099cb", "timestamp": "2026-09-16 14:00:00", "generated_at": "2026-09-16T20:31:32.792111", "nearest_km": 124.75540718067529, "n_points": 7, "weight_sum": 0.00038978577530778739, "confidence": "Low", "flagged": false }, "geometry": { "type": "Polygon", "coordinates": [ [ [ -114.401325097809035, 54.426994828201913 ], [ -114.301325097809041, 54.426994828201913 ], [ -114.301325097809041, 54.526994828201914 ], [ -114.401325097809035, 54.526994828201914 ], [ -114.401325097809035, 54.426994828201913 ] ] ] } },
{ "type": "Feature", "properties": { "value": "2", "label": "AQHI 2", "color": "#0099cb", "timestamp": "2026-09-16 14:00:00", "generated_at": "2026-09-16T20:31:32.792111", "nearest_km": 117.22568490102825, "n_points": 10, "weight_sum": 0.00057385679443850671, "confidence": "Low", "flagged": false }, "geometry": { "type": "Polygon", "coordinates": [ [ [ -114.301325097809041, 54.426994828201913 ], [ -114.201325097809047, 54.426994828201913 ], [ -114.201325097809047, 54.526994828201914 ], [ -114.301325097809041, 54.526994828201914 ], [ -114.301325097809041, 54.426994828201913 ] ] ] } },
{ "type": "Feature", "properties": { "value": "2", "label": "AQHI 2", "color": "#0099cb", "timestamp": "2026-09-16 14:00:00", "generated_at": "2026-09-16T20:31:32.792111", "nearest_km": 110.30063816775586, "n_points": 11, "weight_sum": 0.00068929717252172928, "confidence": "Low", "flagged": false }, "geometry": { "type": "Polygon", "coordinates": [ [ [ -114.201325097809047, 54.426994828201913 ], [ -114.101325097809053, 54.426994828201913 ], [ -114.101325097809053, 54.526994828201914 ], [ -114.201325097809047, 54.526994828201914 ], [ -114.201325097809047, 54.426994828201913 ] ] ] } },
{ "type": "Feature", "properties": { "value": "2", "label": "AQHI 2", "color": "#0099cb", "timestamp": "2026-09-16 14:00:00", "generated_at": "2026-09-16T20:31:32.792111", "nearest_km": 90.885030853212868, "n_points": 2, "weight_sum": 0.00020028997650080974, "confidence": "Low", "flagged": false }, "geometry": { "type": "Polygon", "coordinates": [ [ [ -116.001325097808945, 54.526994828201914 ], [ -115.90132509780895, 54.526994828201914 ], [ -115.90132509780895, 54.626994828201916 ], [ -116.001325097808945, 54.626994828201916 ], [ -116.001325097808945, 54.526994828201914 ] ] ] } },
{ "type": "Feature", "properties": { "value": "2", "label": "AQHI 2", "color": "#0099cb", "timestamp": "2026-09-16 14:00:00", "generated_at": "2026-09-16T20:31:32.792111", "nearest_km": 101.85653706644709, "n_points": 2, "weight_sum": 0.00016932748514978996, "confidence": "Low", "flagged": false }, "geometry": { "type": "Polygon", "coordinates": [ [ [ -115.90132509780895, 54.526994828201914 ], [ -115.801325097808956, 54.526994828201914 ], [ -115.801325097808956, 54.626994828201916 ], [ -115.90132509780895, 54.626994828201916 ], [ -115.90132509780895, 54.526994828201914 ] ] ] } },
{ "type": "Feature", "properties": { "value": "2", "label": "AQHI 2", "color": "#0099cb", "timestamp": "2026-09-16 14:00:00", "generated_at": "2026-09-16T20:31:32.792111", "nearest_km": 112.85317653104647, "n_points": 2, "weight_sum": 0.00014498932891204364, "confidence": "Low", "flagged": false }, "geometry": { "type": "Polygon", "coordinates": [ [ [ -115.801325097808956, 54.526994828201914 ], [ -115.701325097808962, 54.526994828201914 ], [ -115.701325097808962, 54.626994828201916 ], [ -115.801325097808956, 54.626994828201916 ], [ -115.801325097808956, 54.526994828201914 ] ] ] } },
{ "type": "Feature", "properties": { "value": "2", "label": "AQHI 2", "color": "#0099cb", "timestamp": "2026-09-16 14:00:00", "generated_at": "2026-09-16T20:31:32.792111", "nearest_km": 123.86825567160675, "n_points": 2, "weight_sum": 0.00012532565058449006, "confidence": "Low", "flagged": false }, "geometry": { "type": "Polygon", "coordinates": [ [ [ -115.701325097808962, 54.526994828201914 ], [ -115.601325097808967, 54.526994828201914 ], [ -115.601325097808967, 54.626994828201916 ], [ -115.701325097808962, 54.626994828201916 ], [ -115.701325097808962, 54.526994828201914 ] ] ] } },
{ "type": "Feature", "properties": { "value": "2", "label": "AQHI 2", "color": "#0099cb", "timestamp": "2026-09-16 14:00:00", "generated_at": "2026-09-16T20:31:32.792111", "nearest_km": 134.89725747065989, "n_points": 2, "weight_sum": 0.0001091480607409625, "confidence": "Low", "flagged": false }, "geometry": { "type": "Polygon", "coordinates": [ [ [ -115.601325097808967, 54.526994828201914 ], [ -115.501325097808973, 54.526994828201914 ], [ -115.501325097808973, 54.626994828201916 ], [ -115.601325097808967, 54.626994828201916 ], [ -115.601325097808967, 54.526994828201914 ] ] ] } },
{ "type": "Feature", "properties": { "value": "2", "label": "AQHI 2", "color": "#0099cb", "timestamp": "2026-09-16 14:00:00", "generated_at": "2026-09-16T20:31:32.792111", "nearest_km": 143.26714777559869, "n_points": 2, "weight_sum": 9.5673556307379669e-05, "confidence": "Low", "flagged": false }, "geometry": { "type": "Polygon", "coordinates": [ [ [ -115.501325097808973, 54.526994828201914 ], [ -115.401325097808979, 54.526994828201914 ], [ -115.401325097808979, 54.626994828201916 ], [ -115.501325097808973, 54.626994828201916 ], [ -115.501325097808973, 54.526994828201914 ] ] ] } },
{ "type": "Feature", "properties": { "value": "NA", "label": "No Data", "color": "#D3D3D3", "timestamp": "2026-09-16 14:00:00", "generated_at": "2026-09-16T20:31:32.792111", "nearest_km": 151.14696117796822, "n_points": 0, "weight_sum": 0.0, "confidence": "None", "flagged": false }, "geometry": { "type": "Polygon", "coordinates": [ [ [ -115.401325097808979, 54.526994828201914 ], [ -115.301325097808984, 54.526994828201914 ], [ -115.301325097808984, 54.626994828201916 ], [ -115.401325097808979, 54.626994828201916 ], [ -115.401325097808979, 54.526994828201914 ] ] ] } },
{ "type": "Feature", "properties": { "value": "2", "label": "AQHI 2", "color": "#0099cb", "timestamp": "2026-09-16 14:00:00", "generated_at": "2026-09-16T20:31:32.792111", "nearest_km": 149.30058627959866, "n_points": 1, "weight_sum": 4.486182880386609e-05, "confidence": "Low", "flagged": false }, "geometry": { "type": "Polygon", "coordinates": [ [ [ -115.301325097808984, 54.526994828201914 ], [ -115.20132509780899, 54.526994828201914 ], [ -115.20132509780899, 54.626994828201916 ], [ -115.301325097808984, 54.626994828201916 ], [ -115.301325097808984, 54.526994828201914 ] ] ] } },
{ "type": "Feature", "properties": { "value": "2", "label": "AQHI 2", "color": "#0099cb", "timestamp": "2026-09-16 14:00:00", "generated_at": "2026-09-16T20:31:32.792111", "nearest_km": 147.07298783600953, "n_points": 1, "weight_sum": 4.6231093864238578e-05, "confidence": "Low", "flagged": false }, "geometry": { "type": "Polygon", "coordinates": [ [ [ -115.20132509780899, 54.526994828201914 ], [ -115.101325097808996, 54.526994828201914 ], [ -115.101325097808996, 54.626994828201916 ], [ -115.20132509780899, 54.626994828201916 ], [ -115.20132509780899, 54.526994828201914 ] ] ] } },
{ "type": "Feature", "properties": { "value": "2", "label": "AQHI 2", "color": "#0099cb", "timestamp": "2026-09-16 14:00:00", "generated_at": "2026-09-16T20:31:32.792111", "nearest_km": 145.65947424932614, "n_points": 1, "weight_sum": 4.7132722229048555e-05, "confidence": "Low", "flagged": false }, "geometry": { "type": "Polygon", "coordinates": [ [ [ -115.101325097808996, 54.526994828201914 ], [ -115.001325097809001, 54.526994828201914 ], [ -115.001325097809001, 54.626994828201916 ], [ -115.101325097808996, 54.626994828201916 ], [ -115.101325097808996, 54.526994828201914 ] ] ] } },
{ "type": "Feature", "properties": { "value": "2", "label": "AQHI 2", "color": "#0099cb", "timestamp": "2026-09-16 14:00:00", "generated_at": "2026-09-16T20:31:32.792111", "nearest_km": 145.08384171288398, "n_points": 1, "weight_sum": 4.750747038377256e-05, "confidence": "Low", "flagged": false }, "geometry": { "type": "Polygon", "coordinates": [ [ [ -115.001325097809001, 54.526994828201914 ], [ -114.901325097809007, 54.526994828201914 ], [ -114.901325097809007, 54.626994828201916 ], [ -115.001325097809001, 54.626994828201916 ], [ -115.001325097809001, 54.526994828201914 ] ] ] } },
{ "type": "Feature", "properties": { "value": "2", "label": "AQHI 2", "color": "#0099cb", "timestamp": "2026-09-16 14:00:00", "generated_at": "2026-09-16T20:31:32.792111", "nearest_km": 145.35604498523003, "n_points": 1, "weight_sum": 4.7329705770875106e-05, "confidence": "Low", "flagged": false }, "geometry": { "type": "Polygon", "coordinates": [ [ [ -114.901325097809007, 54.526994828201914 ], [ -114.801325097809013, 54.526994828201914 ], [ -114.801325097809013, 54.626994828201916 ], [ -114.901325097809007, 54.626994828201916 ], [ -114.901325097809007, 54.526994828201914 ] ] ] } },
{ "type": "Feature", "properties": { "value": "2", "label": "AQHI 2", "color": "#0099cb", "timestamp": "2026-09-16 14:00:00", "generated_at": "2026-09-16T20:31:32.792111", "nearest_km": 146.4713572727693, "n_points": 1, "weight_sum": 4.6611661950606028e-05, "confidence": "Low", "flagged": false }, "geometry": { "type": "Polygon", "coordinates": [ [ [ -114.801325097809013, 54.526994828201914 ], [ -114.701325097809018, 54.526994828201914 ], [ -114.701325097809018, 54.626994828201916 ], [ -114.801325097809013, 54.626994828201916 ], [ -114.801325097809013, 54.526994828201914 ] ] ] } },
{ "type": "Feature", "properties": { "value": "2", "label": "AQHI 2", "color": "#0099cb", "timestamp": "2026-09-16 14:00:00", "generated_at": "2026-09-16T20:31:32.792111", "nearest_km": 146.44301949468652, "n_points": 2, "weight_sum": 9.2031093435087264e-05, "confidence": "Low", "flagged": false }, "geometry": { "type": "Polygon", "coordinates": [ [ [ -114.701325097809018, 54.526994828201914 ], [ -114.601325097809024, 54.526994828201914 ], [ -114.601325097809024, 54.626994828201916 ], [ -114.701325097809018, 54.626994828201916 ], [ -114.701325097809018, 54.526994828201914 ] ] ] } },
{ "type": "Feature", "properties": { "value": "2", "label": "AQHI 2", "color": "#0099cb", "timestamp": "2026-09-16 14:00:00", "generated_at": "2026-09-16T20:31:32.792111", "nearest_km": 142.59823887446927, "n_points": 3, "weight_sum": 0.00014052152485599252, "confidence": "Low", "flagged": false }, "geometry": { "type": "Polygon", "coordinates": [ [ [ -114.601325097809024, 54.526994828201914 ], [ -114.50132509780903, 54.526994828201914 ], [ -114.50132509780903, 54.626994828201916 ], [ -114.601325097809024, 54.626994828201916 ], [ -114.601325097809024, 54.526994828201914 ] ] ] } },
{ "type": "Feature", "properties": { "value": "2", "label": "AQHI 2", "color": "#0099cb", "timestamp": "2026-09-16 14:00:00", "generated_at": "2026-09-16T20:31:32.792111", "nearest_km": 139.53271122385325, "n_points": 3, "weight_sum": 0.00015255307628847165, "confidence": "Low", "flagged": false }, "geometry": { "type": "Polygon", "coordinates": [ [ [ -114.50132509780903, 54.526994828201914 ], [ -114.401325097809035, 54.526994828201914 ], [ -114.401325097809035, 54.626994828201916 ], [ -114.50132509780903, 54.626994828201916 ], [ -114.50132509780903, 54.526994828201914 ] ] ] } },
{ "type": "Feature", "properties": { "value": "2", "label": "AQHI 2", "color": "#0099cb", "timestamp": "2026-09-16 14:00:00", "generated_at": "2026-09-16T20:31:32.792111", "nearest_km": 132.88542952946827, "n_points": 6, "weight_sum": 0.00030406885886555827, "confidence": "Low", "flagged": false }, "geometry": { "type": "Polygon", "coordinates": [ [ [ -114.401325097809035, 54.526994828201914 ], [ -114.301325097809041, 54.526994828201914 ], [ -114.301325097809041, 54.626994828201916 ], [ -114.401325097809035, 54.626994828201916 ], [ -114.401325097809035, 54.526994828201914 ] ] ] } },
{ "type": "Feature", "properties": { "value": "2", "label": "AQHI 2", "color": "#0099cb", "timestamp": "2026-09-16 14:00:00", "generated_at": "2026-09-16T20:31:32.792111", "nearest_km": 125.84310454264211, "n_points": 7, "weight_sum": 0.0003788874815001271, "confidence": "Low", "flagged": false }, "geometry": { "type": "Polygon", "coordinates": [ [ [ -114.301325097809041, 54.526994828201914 ], [ -114.201325097809047, 54.526994828201914 ], [ -114.201325097809047, 54.626994828201916 ], [ -114.301325097809041, 54.626994828201916 ], [ -114.301325097809041, 54.526994828201914 ] ] ] } },
{ "type": "Feature", "properties": { "value": "2", "label": "AQHI 2", "color": "#0099cb", "timestamp": "2026-09-16 14:00:00", "generated_at": "2026-09-16T20:31:32.792111", "nearest_km": 119.41882825011052, "n_points": 11, "weight_sum": 0.00060583446349065132, "confidence": "Low", "flagged": false }, "geometry": { "type": "Polygon", "coordinates": [ [ [ -114.201325097809047, 54.526994828201914 ], [ -114.101325097809053, 54.526994828201914 ], [ -114.101325097809053, 54.626994828201916 ], [ -114.201325097809047, 54.626994828201916 ], [ -114.201325097809047, 54.526994828201914 ] ] ] } },
{ "type": "Feature", "properties": { "value": "2", "label": "AQHI 2", "color": "#0099cb", "timestamp": "2026-09-16 14:00:00", "generated_at": "2026-09-16T20:31:32.792111", "nearest_km": 113.71739585625592, "n_points": 11, "weight_sum": 0.00066683609663978306, "confidence": "Low", "flagged": false }, "geometry": { "type": "Polygon", "coordinates": [ [ [ -114.101325097809053, 54.526994828201914 ], [ -114.001325097809058, 54.526994828201914 ], [ -114.001325097809058, 54.626994828201916 ], [ -114.101325097809053, 54.626994828201916 ], [ -114.101325097809053, 54.526994828201914 ] ] ] } },
{ "type": "Feature", "properties": { "value": "2", "label": "AQHI 2", "color": "#0099cb", "timestamp": "2026-09-16 14:00:00", "generated_at": "2026-09-16T20:31:32.792111", "nearest_km": 107.85494354701964, "n_points": 13, "weight_sum": 0.00082844291424896493, "confidence": "Low", "flagged": false }, "geometry": { "type": "Polygon", "coordinates": [ [ [ -114.001325097809058, 54.526994828201914 ], [ -113.901325097809064, 54.526994828201914 ], [ -113.901325097809064, 54.626994828201916 ], [ -114.001325097809058, 54.626994828201916 ], [ -114.001325097809058, 54.526994828201914 ] ] ] } },
{ "type": "Feature", "properties": { "value": "2", "label": "AQHI 2", "color": "#0099cb", "timestamp": "2026-09-16 14:00:00", "generated_at": "2026-09-16T20:31:32.792111", "nearest_km": 100.47216386795793, "n_points": 15, "weight_sum": 0.00099855727534291726, "confidence": "Low", "flagged": false }, "geometry": { "type": "Polygon", "coordinates": [ [ [ -113.901325097809064, 54.526994828201914 ], [ -113.80132509780907, 54.526994828201914 ], [ -113.80132509780907, 54.626994828201916 ], [ -113.901325097809064, 54.626994828201916 ], [ -113.901325097809064, 54.526994828201914 ] ] ] } },
{ "type": "Feature", "properties": { "value": "2", "label": "AQHI 2", "color": "#0099cb", "timestamp": "2026-09-16 14:00:00", "generated_at": "2026-09-16T20:31:32.792111", "nearest_km": 93.8245307853376, "n_points": 16, "weight_sum": 0.0011377928833917078, "confidence": "Low", "flagged": false }, "geometry": { "type": "Polygon", "coordinates": [ [ [ -113.80132509780907, 54.526994828201914 ], [ -113.701325097809075, 54.526994828201914 ], [ -113.701325097809075, 54.626994828201916 ], [ -113.80132509780907, 54.626994828201916 ], [ -113.80132509780907, 54.526994828201914 ] ] ] } },
{ "type": "Feature", "properties": { "value": "2", "label": "AQHI 2", "color": "#0099cb", "timestamp": "2026-09-16 14:00:00", "generated_at": "2026-09-16T20:31:32.792111", "nearest_km": 88.078654859549843, "n_points": 16, "weight_sum": 0.001234487233233474, "confidence": "Low", "flagged": false }, "geometry": { "type": "Polygon", "coordinates": [ [ [ -113.701325097809075, 54.526994828201914 ], [ -113.601325097809081, 54.526994828201914 ], [ -113.601325097809081, 54.626994828201916 ], [ -113.701325097809075, 54.626994828201916 ], [ -113.701325097809075, 54.526994828201914 ] ] ] } },
{ "type": "Feature", "properties": { "value": "2", "label": "AQHI 2", "color": "#0099cb", "timestamp": "2026-09-16 14:00:00", "generated_at": "2026-09-16T20:31:32.792111", "nearest_km": 93.313172180805338, "n_points": 2, "weight_sum": 0.00018131107611586212, "confidence": "Low", "flagged": false }, "geometry": { "type": "Polygon", "coordinates": [ [ [ -116.001325097808945, 54.626994828201916 ], [ -115.90132509780895, 54.626994828201916 ], [ -115.90132509780895, 54.726994828201917 ], [ -116.001325097808945, 54.726994828201917 ], [ -116.001325097808945, 54.626994828201916 ] ] ] } },
{ "type": "Feature", "properties": { "value": "2", "label": "AQHI 2", "color": "#0099cb", "timestamp": "2026-09-16 14:00:00", "generated_at": "2026-09-16T20:31:32.792111", "nearest_km": 104.02890661937998, "n_points": 2, "weight_sum": 0.00015438816462308812, "confidence": "Low", "flagged": false }, "geometry": { "type": "Polygon", "coordinates": [ [ [ -115.90132509780895, 54.626994828201916 ], [ -115.801325097808956, 54.626994828201916 ], [ -115.801325097808956, 54.726994828201917 ], [ -115.90132509780895, 54.726994828201917 ], [ -115.90132509780895, 54.626994828201916 ] ] ] } },
{ "type": "Feature", "properties": { "value": "2", "label": "AQHI 2", "color": "#0099cb", "timestamp": "2026-09-16 14:00:00", "generated_at": "2026-09-16T20:31:32.792111", "nearest_km": 114.81767600157525, "n_points": 2, "weight_sum": 0.00013310399075369344, "confidence": "Low", "flagged": false }, "geometry": { "type": "Polygon", "coordinates": [ [ [ -115.801325097808956, 54.626994828201916 ], [ -115.701325097808962, 54.626994828201916 ], [ -115.701325097808962, 54.726994828201917 ], [ -115.801325097808956, 54.726994828201917 ], [ -115.801325097808956, 54.626994828201916 ] ] ] } },
{ "type": "Feature", "properties": { "value": "2", "label": "AQHI 2", "color": "#0099cb", "timestamp": "2026-09-16 14:00:00", "generated_at": "2026-09-16T20:31:32.792111", "nearest_km": 125.66067018913161, "n_points": 2, "weight_sum": 0.00011582738156958229, "confidence": "Low", "flagged": false }, "geometry": { "type": "Polygon", "coordinates": [ [ [ -115.701325097808962, 54.626994828201916 ], [ -115.601325097808967, 54.626994828201916 ], [ -115.601325097808967, 54.726994828201917 ], [ -115.701325097808962, 54.726994828201917 ], [ -115.701325097808962, 54.626994828201916 ] ] ] } },
{ "type": "Feature", "properties": { "value": "2", "label": "AQHI 2", "color": "#0099cb", "timestamp": "2026-09-16 14:00:00", "generated_at": "2026-09-16T20:31:32.792111", "nearest_km": 136.54497186773551, "n_points": 2, "weight_sum": 0.00010153871845487239, "confidence": "Low", "flagged": false }, "geometry": { "type": "Polygon", "coordinates": [ [ [ -115.601325097808967, 54.626994828201916 ], [ -115.501325097808973, 54.626994828201916 ], [ -115.501325097808973, 54.726994828201917 ], [ -115.601325097808967, 54.726994828201917 ], [ -115.601325097808967, 54.626994828201916 ] ] ] } },
{ "type": "Feature", "properties": { "value": "2", "label": "AQHI 2", "color": "#0099cb", "timestamp": "2026-09-16 14:00:00", "generated_at": "2026-09-16T20:31:32.792111", "nearest_km": 147.46143445775789, "n_points": 1, "weight_sum": 4.5987848446503028e-05, "confidence": "Low", "flagged": false }, "geometry": { "type": "Polygon", "coordinates": [ [ [ -115.501325097808973, 54.626994828201916 ], [ -115.401325097808979, 54.626994828201916 ], [ -115.401325097808979, 54.726994828201917 ], [ -115.501325097808973, 54.726994828201917 ], [ -115.501325097808973, 54.626994828201916 ] ] ] } },
{ "type": "Feature", "properties": { "value": "NA", "label": "No Data", "color": "#D3D3D3", "timestamp": "2026-09-16 14:00:00", "generated_at": "2026-09-16T20:31:32.792111", "nearest_km": 158.40340893528312, "n_points": 0, "weight_sum": 0.0, "confidence": "None", "flagged": false }, "geometry": { "type": "Polygon", "coordinates": [ [ [ -115.401325097808979, 54.626994828201916 ], [ -115.301325097808984, 54.626994828201916 ], [ -115.301325097808984, 54.726994828201917 ], [ -115.401325097808979, 54.726994828201917 ], [ -115.401325097808979, 54.626994828201916 ] ] ] } },
{ "type": "Feature", "properties": { "value": "NA", "label": "No Data", "color": "#D3D3D3", "timestamp": "2026-09-16 14:00:00", "generated_at": "2026-09-16T20:31:32.792111", "nearest_km": 160.10756922733881, "n_points": 0, "weight_sum": 0.0, "confidence": "None", "flagged": false }, "geometry": { "type": "Polygon", "coordinates": [ [ [ -115.301325097808984, 54.626994828201916 ], [ -115.20132509780899, 54.626994828201916 ], [ -115.20132509780899, 54.726994828201917 ], [ -115.301325097808984, 54.726994828201917 ], [ -115.301325097808984, 54.626994828201916 ] ] ] } },
{ "type": "Feature", "properties": { "value": "NA", "label": "No Data", "color": "#D3D3D3", "timestamp": "2026-09-16 14:00:00", "generated_at": "2026-09-16T20:31:32.792111", "nearest_km": 158.03237773148331, "n_points": 0, "weight_sum": 0.0, "confidence": "None", "flagged": false }, "geometry": { "type": "Polygon", "coordinates": [ [ [ -115.20132509780899, 54.626994828201916 ], [ -115.101325097808996, 54.626994828201916 ], [ -115.101325097808996, 54.726994828201917 ], [ -115.20132509780899, 54.726994828201917 ], [ -115.20132509780899, 54.626994828201916 ] ] ] } },
{ "type": "Feature", "properties": { "value": "NA", "label": "No Data", "color": "#D3D3D3", "timestamp": "2026-09-16 14:00:00", "generated_at": "2026-09-16T20:31:32.792111", "nearest_km": 156.71774340847725, "n_points": 0, "weight_sum": 0.0, "confidence": "None", "flagged": false }, "geometry": { "type": "Polygon", "coordinates": [ [ [ -115.101325097808996, 54.626994828201916 ], [ -115.001325097809001, 54.626994828201916 ], [ -115.001325097809001, 54.726994828201917 ], [ -115.101325097808996, 54.726994828201917 ], [ -115.101325097808996, 54.626994828201916 ] ] ] } },
{ "type": "Feature", "properties": { "value": "NA", "label": "No Data", "color": "#D3D3D3", "timestamp": "2026-09-16 14:00:00", "generated_at": "2026-09-16T20:31:32.792111", "nearest_km": 156.18287289784493, "n_points": 0, "weight_sum": 0.0, "confidence": "None", "flagged": false }, "geometry": { "type": "Polygon", "coordinates": [ [ [ -115.001325097809001, 54.626994828201916 ], [ -114.901325097809007, 54.626994828201916 ], [ -114.901325097809007, 54.726994828201917 ], [ -115.001325097809001, 54.726994828201917 ], [ -115.001325097809001, 54.626994828201916 ] ] ] } },
{ "type": "Feature", "properties": { "value": "NA", "label": "No Data", "color": "#D3D3D3", "timestamp": "2026-09-16 14:00:00", "generated_at": "2026-09-16T20:31:32.792111", "nearest_km": 156.43576469018657, "n_points": 0, "weight_sum": 0.0, "confidence": "None", "flagged": false }, "geometry": { "type": "Polygon", "coordinates": [ [ [ -114.901325097809007, 54.626994828201916 ], [ -114.801325097809013, 54.626994828201916 ], [ -114.801325097809013, 54.726994828201917 ], [ -114.901325097809007, 54.726994828201917 ], [ -114.901325097809007, 54.626994828201916 ] ] ] } },
{ "type": "Feature", "properties": { "value": "NA", "label": "No Data", "color": "#D3D3D3", "timestamp": "2026-09-16 14:00:00", "generated_at": "2026-09-16T20:31:32.792111", "nearest_km": 157.47262353114726, "n_points": 0, "weight_sum": 0.0, "confidence": "None", "flagged": false }, "geometry": { "type": "Polygon", "coordinates": [ [ [ -114.801325097809013, 54.626994828201916 ], [ -114.701325097809018, 54.626994828201916 ], [ -114.701325097809018, 54.726994828201917 ], [ -114.801325097809013, 54.726994828201917 ], [ -114.801325097809013, 54.626994828201916 ] ] ] } },
{ "type": "Feature", "properties": { "value": "NA", "label": "No Data", "color": "#D3D3D3", "timestamp": "2026-09-16 14:00:00", "generated_at": "2026-09-16T20:31:32.792111", "nearest_km": 156.76828143784806, "n_points": 0, "weight_sum": 0.0, "confidence": "None", "flagged": false }, "geometry": { "type": "Polygon", "coordinates": [ [ [ -114.701325097809018, 54.626994828201916 ], [ -114.601325097809024, 54.626994828201916 ], [ -114.601325097809024, 54.726994828201917 ], [ -114.701325097809018, 54.726994828201917 ], [ -114.701325097809018, 54.626994828201916 ] ] ] } },
{ "type": "Feature", "properties": { "value": "NA", "label": "No Data", "color": "#D3D3D3", "timestamp": "2026-09-16 14:00:00", "generated_at": "2026-09-16T20:31:32.792111", "nearest_km": 153.18287709909157, "n_points": 0, "weight_sum": 0.0, "confidence": "None", "flagged": false }, "geometry": { "type": "Polygon", "coordinates": [ [ [ -114.601325097809024, 54.626994828201916 ], [ -114.50132509780903, 54.626994828201916 ], [ -114.50132509780903, 54.726994828201917 ], [ -114.601325097809024, 54.726994828201917 ], [ -114.601325097809024, 54.626994828201916 ] ] ] } },
{ "type": "Feature", "properties": { "value": "2", "label": "AQHI 2", "color": "#0099cb", "timestamp": "2026-09-16 14:00:00", "generated_at": "2026-09-16T20:31:32.792111", "nearest_km": 148.55320111645989, "n_points": 2, "weight_sum": 8.983536019729763e-05, "confidence": "Low", "flagged": false }, "geometry": { "type": "Polygon", "coordinates": [ [ [ -114.50132509780903, 54.626994828201916 ], [ -114.401325097809035, 54.626994828201916 ], [ -114.401325097809035, 54.726994828201917 ], [ -114.50132509780903, 54.726994828201917 ], [ -114.50132509780903, 54.626994828201916 ] ] ] } },
{ "type": "Feature", "properties": { "value": "2", "label": "AQHI 2", "color": "#0099cb", "timestamp": "2026-09-16 14:00:00", "generated_at": "2026-09-16T20:31:32.792111", "nearest_km": 141.4198824127869, "n_points": 4, "weight_sum": 0.00018892011459806224, "confidence": "Low", "flagged": false }, "geometry": { "type": "Polygon", "coordinates": [ [ [ -114.401325097809035, 54.626994828201916 ], [ -114.301325097809041, 54.626994828201916 ], [ -114.301325097809041, 54.726994828201917 ], [ -114.401325097809035, 54.726994828201917 ], [ -114.401325097809035, 54.626994828201916 ] ] ] } },
{ "type": "Feature", "properties": { "value": "2", "label": "AQHI 2", "color": "#0099cb", "timestamp": "2026-09-16 14:00:00", "generated_at": "2026-09-16T20:31:32.792111", "nearest_km": 134.82408064342792, "n_points": 5, "weight_sum": 0.00024863411199046206, "confidence": "Low", "flagged": false }, "geometry": { "type": "Polygon", "coordinates": [ [ [ -114.301325097809041, 54.626994828201916 ], [ -114.201325097809047, 54.626994828201916 ], [ -114.201325097809047, 54.726994828201917 ], [ -114.301325097809041, 54.726994828201917 ], [ -114.301325097809041, 54.626994828201916 ] ] ] } },
{ "type": "Feature", "properties": { "value": "2", "label": "AQHI 2", "color": "#0099cb", "timestamp": "2026-09-16 14:00:00", "generated_at": "2026-09-16T20:31:32.792111", "nearest_km": 128.8483694155444, "n_points": 8, "weight_sum": 0.00040888586119126435, "confidence": "Low", "flagged": false }, "geometry": { "type": "Polygon", "coordinates": [ [ [ -114.201325097809047, 54.626994828201916 ], [ -114.101325097809053, 54.626994828201916 ], [ -114.101325097809053, 54.726994828201917 ], [ -114.201325097809047, 54.726994828201917 ], [ -114.201325097809047, 54.626994828201916 ] ] ] } },
{ "type": "Feature", "properties": { "value": "2", "label": "AQHI 2", "color": "#0099cb", "timestamp": "2026-09-16 14:00:00", "generated_at": "2026-09-16T20:31:32.792111", "nearest_km": 123.55033535449004, "n_points": 11, "weight_sum": 0.00058219575457293179, "confidence": "Low", "flagged": false }, "geometry": { "type": "Polygon", "coordinates": [ [ [ -114.101325097809053, 54.626994828201916 ], [ -114.001325097809058, 54.626994828201916 ], [ -114.001325097809058, 54.726994828201917 ], [ -114.101325097809053, 54.726994828201917 ], [ -114.101325097809053, 54.626994828201916 ] ] ] } },
{ "type": "Feature", "properties": { "value": "2", "label": "AQHI 2", "color": "#0099cb", "timestamp": "2026-09-16 14:00:00", "generated_at": "2026-09-16T20:31:32.792111", "nearest_km": 116.10440228943078, "n_points": 11, "weight_sum": 0.00063190822243454218, "confidence": "Low", "flagged": false }, "geometry": { "type": "Polygon", "coordinates": [ [ [ -114.001325097809058, 54.626994828201916 ], [ -113.901325097809064, 54.626994828201916 ], [ -113.901325097809064, 54.726994828201917 ], [ -114.001325097809058, 54.726994828201917 ], [ -114.001325097809058, 54.626994828201916 ] ] ] } },
{ "type": "Feature", "properties": { "value": "2", "label": "AQHI 2", "color": "#0099cb", "timestamp": "2026-09-16 14:00:00", "generated_at": "2026-09-16T20:31:32.792111", "nearest_km": 109.28036921499201, "n_points": 12, "weight_sum": 0.00073515274193269907, "confidence": "Low", "flagged": false }, "geometry": { "type": "Polygon", "coordinates": [ [ [ -113.901325097809064, 54.626994828201916 ], [ -113.80132509780907, 54.626994828201916 ], [ -113.80132509780907, 54.726994828201917 ], [ -113.901325097809064, 54.726994828201917 ], [ -113.901325097809064, 54.626994828201916 ] ] ] } },
{ "type": "Feature", "properties": { "value": "2", "label": "AQHI 2", "color": "#0099cb", "timestamp": "2026-09-16 14:00:00", "generated_at": "2026-09-16T20:31:32.792111", "nearest_km": 103.20167615181425, "n_points": 14, "weight_sum": 0.000888468412080569, "confidence": "Low", "flagged": false }, "geometry": { "type": "Polygon", "coordinates": [ [ [ -113.80132509780907, 54.626994828201916 ], [ -113.701325097809075, 54.626994828201916 ], [ -113.701325097809075, 54.726994828201917 ], [ -113.80132509780907, 54.726994828201917 ], [ -113.80132509780907, 54.626994828201916 ] ] ] } },
{ "type": "Feature", "properties": { "value": "2", "label": "AQHI 2", "color": "#0099cb", "timestamp": "2026-09-16 14:00:00", "generated_at": "2026-09-16T20:31:32.792111", "nearest_km": 98.007105994019057, "n_points": 14, "weight_sum": 0.00095989182894501597, "confidence": "Low", "flagged": false }, "geometry": { "type": "Polygon", "coordinates": [ [ [ -113.701325097809075, 54.626994828201916 ], [ -113.601325097809081, 54.626994828201916 ], [ -113.601325097809081, 54.726994828201917 ], [ -113.701325097809075, 54.726994828201917 ], [ -113.701325097809075, 54.626994828201916 ] ] ] } },
{ "type": "Feature", "properties": { "value": "2", "label": "AQHI 2", "color": "#0099cb", "timestamp": "2026-09-16 14:00:00", "generated_at": "2026-09-16T20:31:32.792111", "nearest_km": 92.957498562306483, "n_points": 14, "weight_sum": 0.0010282048282240599, "confidence": "Low", "flagged": false }, "geometry": { "type": "Polygon", "coordinates": [ [ [ -113.601325097809081, 54.626994828201916 ], [ -113.501325097809087, 54.626994828201916 ], [ -113.501325097809087, 54.726994828201917 ], [ -113.601325097809081, 54.726994828201917 ], [ -113.601325097809081, 54.626994828201916 ] ] ] } },
{ "type": "Feature", "properties": { "value": "2", "label": "AQHI 2", "color": "#0099cb", "timestamp": "2026-09-16 14:00:00", "generated_at": "2026-09-16T20:31:32.792111", "nearest_km": 96.958895268561108, "n_points": 2, "weight_sum": 0.00016282048794982347, "confidence": "Low", "flagged": false }, "geometry": { "type": "Polygon", "coordinates": [ [ [ -116.001325097808945, 54.726994828201917 ], [ -115.90132509780895, 54.726994828201917 ], [ -115.90132509780895, 54.826994828201919 ], [ -116.001325097808945, 54.826994828201919 ], [ -116.001325097808945, 54.726994828201917 ] ] ] } },
{ "type": "Feature", "properties": { "value": "2", "label": "AQHI 2", "color": "#0099cb", "timestamp": "2026-09-16 14:00:00", "generated_at": "2026-09-16T20:31:32.792111", "nearest_km": 107.31119550950339, "n_points": 2, "weight_sum": 0.0001400213337499326, "confidence": "Low", "flagged": false }, "geometry": { "type": "Polygon", "coordinates": [ [ [ -115.90132509780895, 54.726994828201917 ], [ -115.801325097808956, 54.726994828201917 ], [ -115.801325097808956, 54.826994828201919 ], [ -115.90132509780895, 54.826994828201919 ], [ -115.90132509780895, 54.726994828201917 ] ] ] } },
{ "type": "Feature", "properties": { "value": "2", "label": "AQHI 2", "color": "#0099cb", "timestamp": "2026-09-16 14:00:00", "generated_at": "2026-09-16T20:31:32.792111", "nearest_km": 117.7997368064033, "n_points": 2, "weight_sum": 0.00012172232317393325, "confidence": "Low", "flagged": false }, "geometry": { "type": "Polygon", "coordinates": [ [ [ -115.801325097808956, 54.726994828201917 ], [ -115.701325097808962, 54.726994828201917 ], [ -115.701325097808962, 54.826994828201919 ], [ -115.801325097808956, 54.826994828201919 ], [ -115.801325097808956, 54.726994828201917 ] ] ] } },
{ "type": "Feature", "properties": { "value": "2", "label": "AQHI 2", "color": "#0099cb", "timestamp": "2026-09-16 14:00:00", "generated_at": "2026-09-16T20:31:32.792111", "nearest_km": 128.39113404607377, "n_points": 2, "weight_sum": 0.00010670900711943618, "confidence": "Low", "flagged": false }, "geometry": { "type": "Polygon", "coordinates": [ [ [ -115.701325097808962, 54.726994828201917 ], [ -115.601325097808967, 54.726994828201917 ], [ -115.601325097808967, 54.826994828201919 ], [ -115.701325097808962, 54.826994828201919 ], [ -115.701325097808962, 54.726994828201917 ] ] ] } },
{ "type": "Feature", "properties": { "value": "2", "label": "AQHI 2", "color": "#0099cb", "timestamp": "2026-09-16 14:00:00", "generated_at": "2026-09-16T20:31:32.792111", "nearest_km": 139.06188770333824, "n_points": 1, "weight_sum": 5.1711097965885594e-05, "confidence": "Low", "flagged": false }, "geometry": { "type": "Polygon", "coordinates": [ [ [ -115.601325097808967, 54.726994828201917 ], [ -115.501325097808973, 54.726994828201917 ], [ -115.501325097808973, 54.826994828201919 ], [ -115.601325097808967, 54.826994828201919 ], [ -115.601325097808967, 54.726994828201917 ] ] ] } },
{ "type": "Feature", "properties": { "value": "2", "label": "AQHI 2", "color": "#0099cb", "timestamp": "2026-09-16 14:00:00", "generated_at": "2026-09-16T20:31:32.792111", "nearest_km": 149.79503970958052, "n_points": 1, "weight_sum": 4.4566151789202538e-05, "confidence": "Low", "flagged": false }, "geometry": { "type": "Polygon", "coordinates": [ [ [ -115.501325097808973, 54.726994828201917 ], [ -115.401325097808979, 54.726994828201917 ], [ -115.401325097808979, 54.826994828201919 ], [ -115.501325097808973, 54.826994828201919 ], [ -115.501325097808973, 54.726994828201917 ] ] ] } },
{ "type": "Feature", "properties": { "value": "NA", "label": "No Data", "color": "#D3D3D3", "timestamp": "2026-09-16 14:00:00", "generated_at": "2026-09-16T20:31:32.792111", "nearest_km": 160.57807830327809, "n_points": 0, "weight_sum": 0.0, "confidence": "None", "flagged": false }, "geometry": { "type": "Polygon", "coordinates": [ [ [ -115.401325097808979, 54.726994828201917 ], [ -115.301325097808984, 54.726994828201917 ], [ -115.301325097808984, 54.826994828201919 ], [ -115.401325097808979, 54.826994828201919 ], [ -115.401325097808979, 54.726994828201917 ] ] ] } },
{ "type": "Feature", "properties": { "value": "NA", "label": "No Data", "color": "#D3D3D3", "timestamp": "2026-09-16 14:00:00", "generated_at": "2026-09-16T20:31:32.792111", "nearest_km": 170.95210552766616, "n_points": 0, "weight_sum": 0.0, "confidence": "None", "flagged": false }, "geometry": { "type": "Polygon", "coordinates": [ [ [ -115.301325097808984, 54.726994828201917 ], [ -115.20132509780899, 54.726994828201917 ], [ -115.20132509780899, 54.826994828201919 ], [ -115.301325097808984, 54.826994828201919 ], [ -115.301325097808984, 54.726994828201917 ] ] ] } },
{ "type": "Feature", "properties": { "value": "NA", "label": "No Data", "color": "#D3D3D3", "timestamp": "2026-09-16 14:00:00", "generated_at": "2026-09-16T20:31:32.792111", "nearest_km": 169.01012121148671, "n_points": 0, "weight_sum": 0.0, "confidence": "None", "flagged": false }, "geometry": { "type": "Polygon", "coordinates": [ [ [ -115.20132509780899, 54.726994828201917 ], [ -115.101325097808996, 54.726994828201917 ], [ -115.101325097808996, 54.826994828201919 ], [ -115.20132509780899, 54.826994828201919 ], [ -115.20132509780899, 54.726994828201917 ] ] ] } },
{ "type": "Feature", "properties": { "value": "NA", "label": "No Data", "color": "#D3D3D3", "timestamp": "2026-09-16 14:00:00", "generated_at": "2026-09-16T20:31:32.792111", "nearest_km": 167.78152389193673, "n_points": 0, "weight_sum": 0.0, "confidence": "None", "flagged": false }, "geometry": { "type": "Polygon", "coordinates": [ [ [ -115.101325097808996, 54.726994828201917 ], [ -115.001325097809001, 54.726994828201917 ], [ -115.001325097809001, 54.826994828201919 ], [ -115.101325097808996, 54.826994828201919 ], [ -115.101325097808996, 54.726994828201917 ] ] ] } },
{ "type": "Feature", "properties": { "value": "NA", "label": "No Data", "color": "#D3D3D3", "timestamp": "2026-09-16 14:00:00", "generated_at": "2026-09-16T20:31:32.792111", "nearest_km": 167.28203264869663, "n_points": 0, "weight_sum": 0.0, "confidence": "None", "flagged": false }, "geometry": { "type": "Polygon", "coordinates": [ [ [ -115.001325097809001, 54.726994828201917 ], [ -114.901325097809007, 54.726994828201917 ], [ -114.901325097809007, 54.826994828201919 ], [ -115.001325097809001, 54.826994828201919 ], [ -115.001325097809001, 54.726994828201917 ] ] ] } },
{ "type": "Feature", "properties": { "value": "NA", "label": "No Data", "color": "#D3D3D3", "timestamp": "2026-09-16 14:00:00", "generated_at": "2026-09-16T20:31:32.792111", "nearest_km": 167.5181695657478, "n_points": 0, "weight_sum": 0.0, "confidence": "None", "flagged": false }, "geometry": { "type": "Polygon", "coordinates": [ [ [ -114.901325097809007, 54.726994828201917 ], [ -114.801325097809013, 54.726994828201917 ], [ -114.801325097809013, 54.826994828201919 ], [ -114.901325097809007, 54.826994828201919 ], [ -114.901325097809007, 54.726994828201917 ] ] ] } },
{ "type": "Feature", "properties": { "value": "NA", "label": "No Data", "color": "#D3D3D3", "timestamp": "2026-09-16 14:00:00", "generated_at": "2026-09-16T20:31:32.792111", "nearest_km": 168.48684168871364, "n_points": 0, "weight_sum": 0.0, "confidence": "None", "flagged": false }, "geometry": { "type": "Polygon", "coordinates": [ [ [ -114.801325097809013, 54.726994828201917 ], [ -114.701325097809018, 54.726994828201917 ], [ -114.701325097809018, 54.826994828201919 ], [ -114.801325097809013, 54.826994828201919 ], [ -114.801325097809013, 54.726994828201917 ] ] ] } },
{ "type": "Feature", "properties": { "value": "NA", "label": "No Data", "color": "#D3D3D3", "timestamp": "2026-09-16 14:00:00", "generated_at": "2026-09-16T20:31:32.792111", "nearest_km": 167.19285323012926, "n_points": 0, "weight_sum": 0.0, "confidence": "None", "flagged": false }, "geometry": { "type": "Polygon", "coordinates": [ [ [ -114.701325097809018, 54.726994828201917 ], [ -114.601325097809024, 54.726994828201917 ], [ -114.601325097809024, 54.826994828201919 ], [ -114.701325097809018, 54.826994828201919 ], [ -114.701325097809018, 54.726994828201917 ] ] ] } },
{ "type": "Feature", "properties": { "value": "NA", "label": "No Data", "color": "#D3D3D3", "timestamp": "2026-09-16 14:00:00", "generated_at": "2026-09-16T20:31:32.792111", "nearest_km": 163.83574073629538, "n_points": 0, "weight_sum": 0.0, "confidence": "None", "flagged": false }, "geometry": { "type": "Polygon", "coordinates": [ [ [ -114.601325097809024, 54.726994828201917 ], [ -114.50132509780903, 54.726994828201917 ], [ -114.50132509780903, 54.826994828201919 ], [ -114.601325097809024, 54.826994828201919 ], [ -114.601325097809024, 54.726994828201917 ] ] ] } },
{ "type": "Feature", "properties": { "value": "NA", "label": "No Data", "color": "#D3D3D3", "timestamp": "2026-09-16 14:00:00", "generated_at": "2026-09-16T20:31:32.792111", "nearest_km": 157.02076080048329, "n_points": 0, "weight_sum": 0.0, "confidence": "None", "flagged": false }, "geometry": { "type": "Polygon", "coordinates": [ [ [ -114.50132509780903, 54.726994828201917 ], [ -114.401325097809035, 54.726994828201917 ], [ -114.401325097809035, 54.826994828201919 ], [ -114.50132509780903, 54.826994828201919 ], [ -114.50132509780903, 54.726994828201917 ] ] ] } },
{ "type": "Feature", "properties": { "value": "NA", "label": "No Data", "color": "#D3D3D3", "timestamp": "2026-09-16 14:00:00", "generated_at": "2026-09-16T20:31:32.792111", "nearest_km": 150.28988289988678, "n_points": 0, "weight_sum": 0.0, "confidence": "None", "flagged": false }, "geometry": { "type": "Polygon", "coordinates": [ [ [ -114.401325097809035, 54.726994828201917 ], [ -114.301325097809041, 54.726994828201917 ], [ -114.301325097809041, 54.826994828201919 ], [ -114.401325097809035, 54.826994828201919 ], [ -114.401325097809035, 54.726994828201917 ] ] ] } },
{ "type": "Feature", "properties": { "value": "2", "label": "AQHI 2", "color": "#0099cb", "timestamp": "2026-09-16 14:00:00", "generated_at": "2026-09-16T20:31:32.792111", "nearest_km": 144.10065399490995, "n_points": 3, "weight_sum": 0.0001393377244411579, "confidence": "Low", "flagged": false }, "geometry": { "type": "Polygon", "coordinates": [ [ [ -114.301325097809041, 54.726994828201917 ], [ -114.201325097809047, 54.726994828201917 ], [ -114.201325097809047, 54.826994828201919 ], [ -114.301325097809041, 54.826994828201919 ], [ -114.301325097809041, 54.726994828201917 ] ] ] } },
{ "type": "Feature", "properties": { "value": "2", "label": "AQHI 2", "color": "#0099cb", "timestamp": "2026-09-16 14:00:00", "generated_at": "2026-09-16T20:31:32.792111", "nearest_km": 138.52569458934252, "n_points": 4, "weight_sum": 0.00019637176158082443, "confidence": "Low", "flagged": false }, "geometry": { "type": "Polygon", "coordinates": [ [ [ -114.201325097809047, 54.726994828201917 ], [ -114.101325097809053, 54.726994828201917 ], [ -114.101325097809053, 54.826994828201919 ], [ -114.201325097809047, 54.826994828201919 ], [ -114.201325097809047, 54.726994828201917 ] ] ] } },
{ "type": "Feature", "properties": { "value": "2", "label": "AQHI 2", "color": "#0099cb", "timestamp": "2026-09-16 14:00:00", "generated_at": "2026-09-16T20:31:32.792111", "nearest_km": 131.7522248376176, "n_points": 5, "weight_sum": 0.00026047067335994306, "confidence": "Low", "flagged": false }, "geometry": { "type": "Polygon", "coordinates": [ [ [ -114.101325097809053, 54.726994828201917 ], [ -114.001325097809058, 54.726994828201917 ], [ -114.001325097809058, 54.826994828201919 ], [ -114.101325097809053, 54.826994828201919 ], [ -114.101325097809053, 54.726994828201917 ] ] ] } },
{ "type": "Feature", "properties": { "value": "2", "label": "AQHI 2", "color": "#0099cb", "timestamp": "2026-09-16 14:00:00", "generated_at": "2026-09-16T20:31:32.792111", "nearest_km": 124.79661699918458, "n_points": 8, "weight_sum": 0.00042310900603916186, "confidence": "Low", "flagged": false }, "geometry": { "type": "Polygon", "coordinates": [ [ [ -114.001325097809058, 54.726994828201917 ], [ -113.901325097809064, 54.726994828201917 ], [ -113.901325097809064, 54.826994828201919 ], [ -114.001325097809058, 54.826994828201919 ], [ -114.001325097809058, 54.726994828201917 ] ] ] } },
{ "type": "Feature", "properties": { "value": "2", "label": "AQHI 2", "color": "#0099cb", "timestamp": "2026-09-16 14:00:00", "generated_at": "2026-09-16T20:31:32.792111", "nearest_km": 118.47431147392318, "n_points": 11, "weight_sum": 0.00059401898487809475, "confidence": "Low", "flagged": false }, "geometry": { "type": "Polygon", "coordinates": [ [ [ -113.901325097809064, 54.726994828201917 ], [ -113.80132509780907, 54.726994828201917 ], [ -113.80132509780907, 54.826994828201919 ], [ -113.901325097809064, 54.826994828201919 ], [ -113.901325097809064, 54.726994828201917 ] ] ] } },
{ "type": "Feature", "properties": { "value": "2", "label": "AQHI 2", "color": "#0099cb", "timestamp": "2026-09-16 14:00:00", "generated_at": "2026-09-16T20:31:32.792111", "nearest_km": 112.8917594158189, "n_points": 12, "weight_sum": 0.00068225439677019437, "confidence": "Low", "flagged": false }, "geometry": { "type": "Polygon", "coordinates": [ [ [ -113.80132509780907, 54.726994828201917 ], [ -113.701325097809075, 54.726994828201917 ], [ -113.701325097809075, 54.826994828201919 ], [ -113.80132509780907, 54.826994828201919 ], [ -113.80132509780907, 54.726994828201917 ] ] ] } },
{ "type": "Feature", "properties": { "value": "2", "label": "AQHI 2", "color": "#0099cb", "timestamp": "2026-09-16 14:00:00", "generated_at": "2026-09-16T20:31:32.792111", "nearest_km": 108.16356229700499, "n_points": 14, "weight_sum": 0.00081744306816650819, "confidence": "Low", "flagged": false }, "geometry": { "type": "Polygon", "coordinates": [ [ [ -113.701325097809075, 54.726994828201917 ], [ -113.601325097809081, 54.726994828201917 ], [ -113.601325097809081, 54.826994828201919 ], [ -113.701325097809075, 54.826994828201919 ], [ -113.701325097809075, 54.726994828201917 ] ] ] } },
{ "type": "Feature", "properties": { "value": "2", "label": "AQHI 2", "color": "#0099cb", "timestamp": "2026-09-16 14:00:00", "generated_at": "2026-09-16T20:31:32.792111", "nearest_km": 102.11776462406728, "n_points": 14, "weight_sum": 0.00086697969613465712, "confidence": "Low", "flagged": false }, "geometry": { "type": "Polygon", "coordinates": [ [ [ -113.601325097809081, 54.726994828201917 ], [ -113.501325097809087, 54.726994828201917 ], [ -113.501325097809087, 54.826994828201919 ], [ -113.601325097809081, 54.826994828201919 ], [ -113.601325097809081, 54.726994828201917 ] ] ] } },
{ "type": "Feature", "properties": { "value": "2", "label": "AQHI 2", "color": "#0099cb", "timestamp": "2026-09-16 14:00:00", "generated_at": "2026-09-16T20:31:32.792111", "nearest_km": 101.6913302152892, "n_points": 2, "weight_sum": 0.0001451716396960952, "confidence": "Low", "flagged": false }, "geometry": { "type": "Polygon", "coordinates": [ [ [ -116.001325097808945, 54.826994828201919 ], [ -115.90132509780895, 54.826994828201919 ], [ -115.90132509780895, 54.92699482820192 ], [ -116.001325097808945, 54.92699482820192 ], [ -116.001325097808945, 54.826994828201919 ] ] ] } },
{ "type": "Feature", "properties": { "value": "2", "label": "AQHI 2", "color": "#0099cb", "timestamp": "2026-09-16 14:00:00", "generated_at": "2026-09-16T20:31:32.792111", "nearest_km": 111.60551935694778, "n_points": 2, "weight_sum": 0.00012632660095081267, "confidence": "Low", "flagged": false }, "geometry": { "type": "Polygon", "coordinates": [ [ [ -115.90132509780895, 54.826994828201919 ], [ -115.801325097808956, 54.826994828201919 ], [ -115.801325097808956, 54.92699482820192 ], [ -115.90132509780895, 54.92699482820192 ], [ -115.90132509780895, 54.826994828201919 ] ] ] } },
{ "type": "Feature", "properties": { "value": "2", "label": "AQHI 2", "color": "#0099cb", "timestamp": "2026-09-16 14:00:00", "generated_at": "2026-09-16T20:31:32.792111", "nearest_km": 121.72459595707464, "n_points": 1, "weight_sum": 6.7490604287989906e-05, "confidence": "Low", "flagged": false }, "geometry": { "type": "Polygon", "coordinates": [ [ [ -115.801325097808956, 54.826994828201919 ], [ -115.701325097808962, 54.826994828201919 ], [ -115.701325097808962, 54.92699482820192 ], [ -115.801325097808956, 54.92699482820192 ], [ -115.801325097808956, 54.826994828201919 ] ] ] } },
{ "type": "Feature", "properties": { "value": "2", "label": "AQHI 2", "color": "#0099cb", "timestamp": "2026-09-16 14:00:00", "generated_at": "2026-09-16T20:31:32.792111", "nearest_km": 132.00144912421254, "n_points": 1, "weight_sum": 5.739084274185581e-05, "confidence": "Low", "flagged": false }, "geometry": { "type": "Polygon", "coordinates": [ [ [ -115.701325097808962, 54.826994828201919 ], [ -115.601325097808967, 54.826994828201919 ], [ -115.601325097808967, 54.92699482820192 ], [ -115.701325097808962, 54.92699482820192 ], [ -115.701325097808962, 54.826994828201919 ] ] ] } },
{ "type": "Feature", "properties": { "value": "2", "label": "AQHI 2", "color": "#0099cb", "timestamp": "2026-09-16 14:00:00", "generated_at": "2026-09-16T20:31:32.792111", "nearest_km": 142.40192372601939, "n_points": 1, "weight_sum": 4.9313779328862105e-05, "confidence": "Low", "flagged": false }, "geometry": { "type": "Polygon", "coordinates": [ [ [ -115.601325097808967, 54.826994828201919 ], [ -115.501325097808973, 54.826994828201919 ], [ -115.501325097808973, 54.92699482820192 ], [ -115.601325097808967, 54.92699482820192 ], [ -115.601325097808967, 54.826994828201919 ] ] ] } },
{ "type": "Feature", "properties": { "value": "NA", "label": "No Data", "color": "#D3D3D3", "timestamp": "2026-09-16 14:00:00", "generated_at": "2026-09-16T20:31:32.792111", "nearest_km": 152.9007952590502, "n_points": 0, "weight_sum": 0.0, "confidence": "None", "flagged": false }, "geometry": { "type": "Polygon", "coordinates": [ [ [ -115.501325097808973, 54.826994828201919 ], [ -115.401325097808979, 54.826994828201919 ], [ -115.401325097808979, 54.92699482820192 ], [ -115.501325097808973, 54.92699482820192 ], [ -115.501325097808973, 54.826994828201919 ] ] ] } },
{ "type": "Feature", "properties": { "value": "NA", "label": "No Data", "color": "#D3D3D3", "timestamp": "2026-09-16 14:00:00", "generated_at": "2026-09-16T20:31:32.792111", "nearest_km": 163.47910723033968, "n_points": 0, "weight_sum": 0.0, "confidence": "None", "flagged": false }, "geometry": { "type": "Polygon", "coordinates": [ [ [ -115.401325097808979, 54.826994828201919 ], [ -115.301325097808984, 54.826994828201919 ], [ -115.301325097808984, 54.92699482820192 ], [ -115.401325097808979, 54.92699482820192 ], [ -115.401325097808979, 54.826994828201919 ] ] ] } },
{ "type": "Feature", "properties": { "value": "NA", "label": "No Data", "color": "#D3D3D3", "timestamp": "2026-09-16 14:00:00", "generated_at": "2026-09-16T20:31:32.792111", "nearest_km": 174.12238170553431, "n_points": 0, "weight_sum": 0.0, "confidence": "None", "flagged": false }, "geometry": { "type": "Polygon", "coordinates": [ [ [ -115.301325097808984, 54.826994828201919 ], [ -115.20132509780899, 54.826994828201919 ], [ -115.20132509780899, 54.92699482820192 ], [ -115.301325097808984, 54.92699482820192 ], [ -115.301325097808984, 54.826994828201919 ] ] ] } },
{ "type": "Feature", "properties": { "value": "NA", "label": "No Data", "color": "#D3D3D3", "timestamp": "2026-09-16 14:00:00", "generated_at": "2026-09-16T20:31:32.792111", "nearest_km": 180.00286034498632, "n_points": 0, "weight_sum": 0.0, "confidence": "None", "flagged": false }, "geometry": { "type": "Polygon", "coordinates": [ [ [ -115.20132509780899, 54.826994828201919 ], [ -115.101325097808996, 54.826994828201919 ], [ -115.101325097808996, 54.92699482820192 ], [ -115.20132509780899, 54.92699482820192 ], [ -115.20132509780899, 54.826994828201919 ] ] ] } },
{ "type": "Feature", "properties": { "value": "NA", "label": "No Data", "color": "#D3D3D3", "timestamp": "2026-09-16 14:00:00", "generated_at": "2026-09-16T20:31:32.792111", "nearest_km": 178.84979289883381, "n_points": 0, "weight_sum": 0.0, "confidence": "None", "flagged": false }, "geometry": { "type": "Polygon", "coordinates": [ [ [ -115.101325097808996, 54.826994828201919 ], [ -115.001325097809001, 54.826994828201919 ], [ -115.001325097809001, 54.92699482820192 ], [ -115.101325097808996, 54.92699482820192 ], [ -115.101325097808996, 54.826994828201919 ] ] ] } },
{ "type": "Feature", "properties": { "value": "NA", "label": "No Data", "color": "#D3D3D3", "timestamp": "2026-09-16 14:00:00", "generated_at": "2026-09-16T20:31:32.792111", "nearest_km": 178.38129696673587, "n_points": 0, "weight_sum": 0.0, "confidence": "None", "flagged": false }, "geometry": { "type": "Polygon", "coordinates": [ [ [ -115.001325097809001, 54.826994828201919 ], [ -114.901325097809007, 54.826994828201919 ], [ -114.901325097809007, 54.92699482820192 ], [ -115.001325097809001, 54.92699482820192 ], [ -115.001325097809001, 54.826994828201919 ] ] ] } },
{ "type": "Feature", "properties": { "value": "NA", "label": "No Data", "color": "#D3D3D3", "timestamp": "2026-09-16 14:00:00", "generated_at": "2026-09-16T20:31:32.792111", "nearest_km": 178.60275976343104, "n_points": 0, "weight_sum": 0.0, "confidence": "None", "flagged": false }, "geometry": { "type": "Polygon", "coordinates": [ [ [ -114.901325097809007, 54.826994828201919 ], [ -114.801325097809013, 54.826994828201919 ], [ -114.801325097809013, 54.92699482820192 ], [ -114.901325097809007, 54.92699482820192 ], [ -114.901325097809007, 54.826994828201919 ] ] ] } },
{ "type": "Feature", "properties": { "value": "NA", "label": "No Data", "color": "#D3D3D3", "timestamp": "2026-09-16 14:00:00", "generated_at": "2026-09-16T20:31:32.792111", "nearest_km": 179.51162770888374, "n_points": 0, "weight_sum": 0.0, "confidence": "None", "flagged": false }, "geometry": { "type": "Polygon", "coordinates": [ [ [ -114.801325097809013, 54.826994828201919 ], [ -114.701325097809018, 54.826994828201919 ], [ -114.701325097809018, 54.92699482820192 ], [ -114.801325097809013, 54.92699482820192 ], [ -114.801325097809013, 54.826994828201919 ] ] ] } },
{ "type": "Feature", "properties": { "value": "NA", "label": "No Data", "color": "#D3D3D3", "timestamp": "2026-09-16 14:00:00", "generated_at": "2026-09-16T20:31:32.792111", "nearest_km": 177.69925795423779, "n_points": 0, "weight_sum": 0.0, "confidence": "None", "flagged": false }, "geometry": { "type": "Polygon", "coordinates": [ [ [ -114.701325097809018, 54.826994828201919 ], [ -114.601325097809024, 54.826994828201919 ], [ -114.601325097809024, 54.92699482820192 ], [ -114.701325097809018, 54.92699482820192 ], [ -114.701325097809018, 54.826994828201919 ] ] ] } },
{ "type": "Feature", "properties": { "value": "NA", "label": "No Data", "color": "#D3D3D3", "timestamp": "2026-09-16 14:00:00", "generated_at": "2026-09-16T20:31:32.792111", "nearest_km": 172.63920615862048, "n_points": 0, "weight_sum": 0.0, "confidence": "None", "flagged": false }, "geometry": { "type": "Polygon", "coordinates": [ [ [ -114.601325097809024, 54.826994828201919 ], [ -114.50132509780903, 54.826994828201919 ], [ -114.50132509780903, 54.92699482820192 ], [ -114.601325097809024, 54.92699482820192 ], [ -114.601325097809024, 54.826994828201919 ] ] ] } },
{ "type": "Feature", "properties": { "value": "NA", "label": "No Data", "color": "#D3D3D3", "timestamp": "2026-09-16 14:00:00", "generated_at": "2026-09-16T20:31:32.792111", "nearest_km": 165.79929156295509, "n_points": 0, "weight_sum": 0.0, "confidence": "None", "flagged": false }, "geometry": { "type": "Polygon", "coordinates": [ [ [ -114.50132509780903, 54.826994828201919 ], [ -114.401325097809035, 54.826994828201919 ], [ -114.401325097809035, 54.92699482820192 ], [ -114.50132509780903, 54.92699482820192 ], [ -114.50132509780903, 54.826994828201919 ] ] ] } },
{ "type": "Feature", "properties": { "value": "NA", "label": "No Data", "color": "#D3D3D3", "timestamp": "2026-09-16 14:00:00", "generated_at": "2026-09-16T20:31:32.792111", "nearest_km": 159.43943885524965, "n_points": 0, "weight_sum": 0.0, "confidence": "None", "flagged": false }, "geometry": { "type": "Polygon", "coordinates": [ [ [ -114.401325097809035, 54.826994828201919 ], [ -114.301325097809041, 54.826994828201919 ], [ -114.301325097809041, 54.92699482820192 ], [ -114.401325097809035, 54.92699482820192 ], [ -114.401325097809035, 54.826994828201919 ] ] ] } },
{ "type": "Feature", "properties": { "value": "NA", "label": "No Data", "color": "#D3D3D3", "timestamp": "2026-09-16 14:00:00", "generated_at": "2026-09-16T20:31:32.792111", "nearest_km": 153.61928343204823, "n_points": 0, "weight_sum": 0.0, "confidence": "None", "flagged": false }, "geometry": { "type": "Polygon", "coordinates": [ [ [ -114.301325097809041, 54.826994828201919 ], [ -114.201325097809047, 54.826994828201919 ], [ -114.201325097809047, 54.92699482820192 ], [ -114.301325097809041, 54.92699482820192 ], [ -114.301325097809041, 54.826994828201919 ] ] ] } },
{ "type": "Feature", "properties": { "value": "1", "label": "AQHI 1", "color": "#01cbff", "timestamp": "2026-09-16 14:00:00", "generated_at": "2026-09-16T20:31:32.792111", "nearest_km": 147.41066877379765, "n_points": 2, "weight_sum": 9.1426079837039718e-05, "confidence": "Low", "flagged": false }, "geometry": { "type": "Polygon", "coordinates": [ [ [ -114.201325097809047, 54.826994828201919 ], [ -114.101325097809053, 54.826994828201919 ], [ -114.101325097809053, 54.92699482820192 ], [ -114.201325097809047, 54.92699482820192 ], [ -114.201325097809047, 54.826994828201919 ] ] ] } },
{ "type": "Feature", "properties": { "value": "2", "label": "AQHI 2", "color": "#0099cb", "timestamp": "2026-09-16 14:00:00", "generated_at": "2026-09-16T20:31:32.792111", "nearest_km": 140.35324055082353, "n_points": 3, "weight_sum": 0.0001452842463197062, "confidence": "Low", "flagged": false }, "geometry": { "type": "Polygon", "coordinates": [ [ [ -114.101325097809053, 54.826994828201919 ], [ -114.001325097809058, 54.826994828201919 ], [ -114.001325097809058, 54.92699482820192 ], [ -114.101325097809053, 54.92699482820192 ], [ -114.101325097809053, 54.826994828201919 ] ] ] } },
{ "type": "Feature", "properties": { "value": "2", "label": "AQHI 2", "color": "#0099cb", "timestamp": "2026-09-16 14:00:00", "generated_at": "2026-09-16T20:31:32.792111", "nearest_km": 133.84535478639654, "n_points": 4, "weight_sum": 0.00020307825642476132, "confidence": "Low", "flagged": false }, "geometry": { "type": "Polygon", "coordinates": [ [ [ -114.001325097809058, 54.826994828201919 ], [ -113.901325097809064, 54.826994828201919 ], [ -113.901325097809064, 54.92699482820192 ], [ -114.001325097809058, 54.92699482820192 ], [ -114.001325097809058, 54.826994828201919 ] ] ] } },
{ "type": "Feature", "properties": { "value": "2", "label": "AQHI 2", "color": "#0099cb", "timestamp": "2026-09-16 14:00:00", "generated_at": "2026-09-16T20:31:32.792111", "nearest_km": 127.97087896343982, "n_points": 6, "weight_sum": 0.00030913887862043995, "confidence": "Low", "flagged": false }, "geometry": { "type": "Polygon", "coordinates": [ [ [ -113.901325097809064, 54.826994828201919 ], [ -113.80132509780907, 54.826994828201919 ], [ -113.80132509780907, 54.92699482820192 ], [ -113.901325097809064, 54.92699482820192 ], [ -113.901325097809064, 54.826994828201919 ] ] ] } },
{ "type": "Feature", "properties": { "value": "2", "label": "AQHI 2", "color": "#0099cb", "timestamp": "2026-09-16 14:00:00", "generated_at": "2026-09-16T20:31:32.792111", "nearest_km": 122.82073411054964, "n_points": 9, "weight_sum": 0.00046281964986999284, "confidence": "Low", "flagged": false }, "geometry": { "type": "Polygon", "coordinates": [ [ [ -113.80132509780907, 54.826994828201919 ], [ -113.701325097809075, 54.826994828201919 ], [ -113.701325097809075, 54.92699482820192 ], [ -113.80132509780907, 54.92699482820192 ], [ -113.80132509780907, 54.826994828201919 ] ] ] } },
{ "type": "Feature", "properties": { "value": "2", "label": "AQHI 2", "color": "#0099cb", "timestamp": "2026-09-16 14:00:00", "generated_at": "2026-09-16T20:31:32.792111", "nearest_km": 117.49698571151798, "n_points": 11, "weight_sum": 0.00057997438754424878, "confidence": "Low", "flagged": false }, "geometry": { "type": "Polygon", "coordinates": [ [ [ -113.701325097809075, 54.826994828201919 ], [ -113.601325097809081, 54.826994828201919 ], [ -113.601325097809081, 54.92699482820192 ], [ -113.701325097809075, 54.92699482820192 ], [ -113.701325097809075, 54.826994828201919 ] ] ] } },
{ "type": "Feature", "properties": { "value": "2", "label": "AQHI 2", "color": "#0099cb", "timestamp": "2026-09-16 14:00:00", "generated_at": "2026-09-16T20:31:32.792111", "nearest_km": 111.63063721340843, "n_points": 12, "weight_sum": 0.00065148002326552684, "confidence": "Low", "flagged": false }, "geometry": { "type": "Polygon", "coordinates": [ [ [ -113.601325097809081, 54.826994828201919 ], [ -113.501325097809087, 54.826994828201919 ], [ -113.501325097809087, 54.92699482820192 ], [ -113.601325097809081, 54.92699482820192 ], [ -113.601325097809081, 54.826994828201919 ] ] ] } },
{ "type": "Feature", "properties": { "value": "2", "label": "AQHI 2", "color": "#0099cb", "timestamp": "2026-09-16 14:00:00", "generated_at": "2026-09-16T20:31:32.792111", "nearest_km": 107.36687529312837, "n_points": 1, "weight_sum": 8.6747980271868644e-05, "confidence": "Low", "flagged": false }, "geometry": { "type": "Polygon", "coordinates": [ [ [ -116.001325097808945, 54.92699482820192 ], [ -115.90132509780895, 54.92699482820192 ], [ -115.90132509780895, 55.026994828201921 ], [ -116.001325097808945, 55.026994828201921 ], [ -116.001325097808945, 54.92699482820192 ] ] ] } },
{ "type": "Feature", "properties": { "value": "2", "label": "AQHI 2", "color": "#0099cb", "timestamp": "2026-09-16 14:00:00", "generated_at": "2026-09-16T20:31:32.792111", "nearest_km": 116.80030488054916, "n_points": 1, "weight_sum": 7.3301362493482884e-05, "confidence": "Low", "flagged": false }, "geometry": { "type": "Polygon", "coordinates": [ [ [ -115.90132509780895, 54.92699482820192 ], [ -115.801325097808956, 54.92699482820192 ], [ -115.801325097808956, 55.026994828201921 ], [ -115.90132509780895, 55.026994828201921 ], [ -115.90132509780895, 54.92699482820192 ] ] ] } },
{ "type": "Feature", "properties": { "value": "2", "label": "AQHI 2", "color": "#0099cb", "timestamp": "2026-09-16 14:00:00", "generated_at": "2026-09-16T20:31:32.792111", "nearest_km": 126.50453165862582, "n_points": 1, "weight_sum": 6.2486735119940545e-05, "confidence": "Low", "flagged": false }, "geometry": { "type": "Polygon", "coordinates": [ [ [ -115.801325097808956, 54.92699482820192 ], [ -115.701325097808962, 54.92699482820192 ], [ -115.701325097808962, 55.026994828201921 ], [ -115.801325097808956, 55.026994828201921 ], [ -115.801325097808956, 54.92699482820192 ] ] ] } },
{ "type": "Feature", "properties": { "value": "2", "label": "AQHI 2", "color": "#0099cb", "timestamp": "2026-09-16 14:00:00", "generated_at": "2026-09-16T20:31:32.792111", "nearest_km": 136.42177920019685, "n_points": 1, "weight_sum": 5.3731947467629395e-05, "confidence": "Low", "flagged": false }, "geometry": { "type": "Polygon", "coordinates": [ [ [ -115.701325097808962, 54.92699482820192 ], [ -115.601325097808967, 54.92699482820192 ], [ -115.601325097808967, 55.026994828201921 ], [ -115.701325097808962, 55.026994828201921 ], [ -115.701325097808962, 54.92699482820192 ] ] ] } },
{ "type": "Feature", "properties": { "value": "2", "label": "AQHI 2", "color": "#0099cb", "timestamp": "2026-09-16 14:00:00", "generated_at": "2026-09-16T20:31:32.792111", "nearest_km": 146.50879547019093, "n_points": 1, "weight_sum": 4.6587843126149693e-05, "confidence": "Low", "flagged": false }, "geometry": { "type": "Polygon", "coordinates": [ [ [ -115.601325097808967, 54.92699482820192 ], [ -115.501325097808973, 54.92699482820192 ], [ -115.501325097808973, 55.026994828201921 ], [ -115.601325097808967, 55.026994828201921 ], [ -115.601325097808967, 54.92699482820192 ] ] ] } },
{ "type": "Feature", "properties": { "value": "NA", "label": "No Data", "color": "#D3D3D3", "timestamp": "2026-09-16 14:00:00", "generated_at": "2026-09-16T20:31:32.792111", "nearest_km": 156.73280594727186, "n_points": 0, "weight_sum": 0.0, "confidence": "None", "flagged": false }, "geometry": { "type": "Polygon", "coordinates": [ [ [ -115.501325097808973, 54.92699482820192 ], [ -115.401325097808979, 54.92699482820192 ], [ -115.401325097808979, 55.026994828201921 ], [ -115.501325097808973, 55.026994828201921 ], [ -115.501325097808973, 54.92699482820192 ] ] ] } },
{ "type": "Feature", "properties": { "value": "NA", "label": "No Data", "color": "#D3D3D3", "timestamp": "2026-09-16 14:00:00", "generated_at": "2026-09-16T20:31:32.792111", "nearest_km": 167.0686618432197, "n_points": 0, "weight_sum": 0.0, "confidence": "None", "flagged": false }, "geometry": { "type": "Polygon", "coordinates": [ [ [ -115.401325097808979, 54.92699482820192 ], [ -115.301325097808984, 54.92699482820192 ], [ -115.301325097808984, 55.026994828201921 ], [ -115.401325097808979, 55.026994828201921 ], [ -115.401325097808979, 54.92699482820192 ] ] ] } },
{ "type": "Feature", "properties": { "value": "NA", "label": "No Data", "color": "#D3D3D3", "timestamp": "2026-09-16 14:00:00", "generated_at": "2026-09-16T20:31:32.792111", "nearest_km": 177.4968255492559, "n_points": 0, "weight_sum": 0.0, "confidence": "None", "flagged": false }, "geometry": { "type": "Polygon", "coordinates": [ [ [ -115.301325097808984, 54.92699482820192 ], [ -115.20132509780899, 54.92699482820192 ], [ -115.20132509780899, 55.026994828201921 ], [ -115.301325097808984, 55.026994828201921 ], [ -115.301325097808984, 54.92699482820192 ] ] ] } },
{ "type": "Feature", "properties": { "value": "NA", "label": "No Data", "color": "#D3D3D3", "timestamp": "2026-09-16 14:00:00", "generated_at": "2026-09-16T20:31:32.792111", "nearest_km": 188.0019371975774, "n_points": 0, "weight_sum": 0.0, "confidence": "None", "flagged": false }, "geometry": { "type": "Polygon", "coordinates": [ [ [ -115.20132509780899, 54.92699482820192 ], [ -115.101325097808996, 54.92699482820192 ], [ -115.101325097808996, 55.026994828201921 ], [ -115.20132509780899, 55.026994828201921 ], [ -115.20132509780899, 54.92699482820192 ] ] ] } },
{ "type": "Feature", "properties": { "value": "NA", "label": "No Data", "color": "#D3D3D3", "timestamp": "2026-09-16 14:00:00", "generated_at": "2026-09-16T20:31:32.792111", "nearest_km": 189.9217656836914, "n_points": 0, "weight_sum": 0.0, "confidence": "None", "flagged": false }, "geometry": { "type": "Polygon", "coordinates": [ [ [ -115.101325097808996, 54.92699482820192 ], [ -115.001325097809001, 54.92699482820192 ], [ -115.001325097809001, 55.026994828201921 ], [ -115.101325097808996, 55.026994828201921 ], [ -115.101325097808996, 54.92699482820192 ] ] ] } },
{ "type": "Feature", "properties": { "value": "NA", "label": "No Data", "color": "#D3D3D3", "timestamp": "2026-09-16 14:00:00", "generated_at": "2026-09-16T20:31:32.792111", "nearest_km": 189.4806474761738, "n_points": 0, "weight_sum": 0.0, "confidence": "None", "flagged": false }, "geometry": { "type": "Polygon", "coordinates": [ [ [ -115.001325097809001, 54.92699482820192 ], [ -114.901325097809007, 54.92699482820192 ], [ -114.901325097809007, 55.026994828201921 ], [ -115.001325097809001, 55.026994828201921 ], [ -115.001325097809001, 54.92699482820192 ] ] ] } },
{ "type": "Feature", "properties": { "value": "NA", "label": "No Data", "color": "#D3D3D3", "timestamp": "2026-09-16 14:00:00", "generated_at": "2026-09-16T20:31:32.792111", "nearest_km": 189.6891521821137, "n_points": 0, "weight_sum": 0.0, "confidence": "None", "flagged": false }, "geometry": { "type": "Polygon", "coordinates": [ [ [ -114.901325097809007, 54.92699482820192 ], [ -114.801325097809013, 54.92699482820192 ], [ -114.801325097809013, 55.026994828201921 ], [ -114.901325097809007, 55.026994828201921 ], [ -114.901325097809007, 54.92699482820192 ] ] ] } },
{ "type": "Feature", "properties": { "value": "NA", "label": "No Data", "color": "#D3D3D3", "timestamp": "2026-09-16 14:00:00", "generated_at": "2026-09-16T20:31:32.792111", "nearest_km": 190.54514725688529, "n_points": 0, "weight_sum": 0.0, "confidence": "None", "flagged": false }, "geometry": { "type": "Polygon", "coordinates": [ [ [ -114.801325097809013, 54.92699482820192 ], [ -114.701325097809018, 54.92699482820192 ], [ -114.701325097809018, 55.026994828201921 ], [ -114.801325097809013, 55.026994828201921 ], [ -114.801325097809013, 54.92699482820192 ] ] ] } },
{ "type": "Feature", "properties": { "value": "NA", "label": "No Data", "color": "#D3D3D3", "timestamp": "2026-09-16 14:00:00", "generated_at": "2026-09-16T20:31:32.792111", "nearest_km": 188.2708466114569, "n_points": 0, "weight_sum": 0.0, "confidence": "None", "flagged": false }, "geometry": { "type": "Polygon", "coordinates": [ [ [ -114.701325097809018, 54.92699482820192 ], [ -114.601325097809024, 54.92699482820192 ], [ -114.601325097809024, 55.026994828201921 ], [ -114.701325097809018, 55.026994828201921 ], [ -114.701325097809018, 54.92699482820192 ] ] ] } },
{ "type": "Feature", "properties": { "value": "NA", "label": "No Data", "color": "#D3D3D3", "timestamp": "2026-09-16 14:00:00", "generated_at": "2026-09-16T20:31:32.792111", "nearest_km": 181.34111851285655, "n_points": 0, "weight_sum": 0.0, "confidence": "None", "flagged": false }, "geometry": { "type": "Polygon", "coordinates": [ [ [ -114.601325097809024, 54.92699482820192 ], [ -114.50132509780903, 54.92699482820192 ], [ -114.50132509780903, 55.026994828201921 ], [ -114.601325097809024, 55.026994828201921 ], [ -114.601325097809024, 54.92699482820192 ] ] ] } },
{ "type": "Feature", "properties": { "value": "NA", "label": "No Data", "color": "#D3D3D3", "timestamp": "2026-09-16 14:00:00", "generated_at": "2026-09-16T20:31:32.792111", "nearest_km": 174.84195961837369, "n_points": 0, "weight_sum": 0.0, "confidence": "None", "flagged": false }, "geometry": { "type": "Polygon", "coordinates": [ [ [ -114.50132509780903, 54.92699482820192 ], [ -114.401325097809035, 54.92699482820192 ], [ -114.401325097809035, 55.026994828201921 ], [ -114.50132509780903, 55.026994828201921 ], [ -114.50132509780903, 54.92699482820192 ] ] ] } },
{ "type": "Feature", "properties": { "value": "NA", "label": "No Data", "color": "#D3D3D3", "timestamp": "2026-09-16 14:00:00", "generated_at": "2026-09-16T20:31:32.792111", "nearest_km": 168.82310393690821, "n_points": 0, "weight_sum": 0.0, "confidence": "None", "flagged": false }, "geometry": { "type": "Polygon", "coordinates": [ [ [ -114.401325097809035, 54.92699482820192 ], [ -114.301325097809041, 54.92699482820192 ], [ -114.301325097809041, 55.026994828201921 ], [ -114.401325097809035, 55.026994828201921 ], [ -114.401325097809035, 54.92699482820192 ] ] ] } },
{ "type": "Feature", "properties": { "value": "NA", "label": "No Data", "color": "#D3D3D3", "timestamp": "2026-09-16 14:00:00", "generated_at": "2026-09-16T20:31:32.792111", "nearest_km": 163.07667456449562, "n_points": 0, "weight_sum": 0.0, "confidence": "None", "flagged": false }, "geometry": { "type": "Polygon", "coordinates": [ [ [ -114.301325097809041, 54.92699482820192 ], [ -114.201325097809047, 54.92699482820192 ], [ -114.201325097809047, 55.026994828201921 ], [ -114.301325097809041, 55.026994828201921 ], [ -114.301325097809041, 54.92699482820192 ] ] ] } },
{ "type": "Feature", "properties": { "value": "NA", "label": "No Data", "color": "#D3D3D3", "timestamp": "2026-09-16 14:00:00", "generated_at": "2026-09-16T20:31:32.792111", "nearest_km": 155.9381564973547, "n_points": 0, "weight_sum": 0.0, "confidence": "None", "flagged": false }, "geometry": { "type": "Polygon", "coordinates": [ [ [ -114.201325097809047, 54.92699482820192 ], [ -114.101325097809053, 54.92699482820192 ], [ -114.101325097809053, 55.026994828201921 ], [ -114.201325097809047, 55.026994828201921 ], [ -114.201325097809047, 54.92699482820192 ] ] ] } },
{ "type": "Feature", "properties": { "value": "1", "label": "AQHI 1", "color": "#01cbff", "timestamp": "2026-09-16 14:00:00", "generated_at": "2026-09-16T20:31:32.792111", "nearest_km": 149.28441149889878, "n_points": 1, "weight_sum": 4.4871550777459717e-05, "confidence": "Low", "flagged": false }, "geometry": { "type": "Polygon", "coordinates": [ [ [ -114.101325097809053, 54.92699482820192 ], [ -114.001325097809058, 54.92699482820192 ], [ -114.001325097809058, 55.026994828201921 ], [ -114.101325097809053, 55.026994828201921 ], [ -114.101325097809053, 54.92699482820192 ] ] ] } },
{ "type": "Feature", "properties": { "value": "1", "label": "AQHI 1", "color": "#01cbff", "timestamp": "2026-09-16 14:00:00", "generated_at": "2026-09-16T20:31:32.792111", "nearest_km": 143.18303803646427, "n_points": 2, "weight_sum": 9.5081490052982358e-05, "confidence": "Low", "flagged": false }, "geometry": { "type": "Polygon", "coordinates": [ [ [ -114.001325097809058, 54.92699482820192 ], [ -113.901325097809064, 54.92699482820192 ], [ -113.901325097809064, 55.026994828201921 ], [ -114.001325097809058, 55.026994828201921 ], [ -114.001325097809058, 54.92699482820192 ] ] ] } },
{ "type": "Feature", "properties": { "value": "2", "label": "AQHI 2", "color": "#0099cb", "timestamp": "2026-09-16 14:00:00", "generated_at": "2026-09-16T20:31:32.792111", "nearest_km": 137.7074770886845, "n_points": 3, "weight_sum": 0.00014973725928116459, "confidence": "Low", "flagged": false }, "geometry": { "type": "Polygon", "coordinates": [ [ [ -113.901325097809064, 54.92699482820192 ], [ -113.80132509780907, 54.92699482820192 ], [ -113.80132509780907, 55.026994828201921 ], [ -113.901325097809064, 55.026994828201921 ], [ -113.901325097809064, 54.92699482820192 ] ] ] } },
{ "type": "Feature", "properties": { "value": "2", "label": "AQHI 2", "color": "#0099cb", "timestamp": "2026-09-16 14:00:00", "generated_at": "2026-09-16T20:31:32.792111", "nearest_km": 132.93508231806055, "n_points": 3, "weight_sum": 0.00016018689081044856, "confidence": "Low", "flagged": false }, "geometry": { "type": "Polygon", "coordinates": [ [ [ -113.80132509780907, 54.92699482820192 ], [ -113.701325097809075, 54.92699482820192 ], [ -113.701325097809075, 55.026994828201921 ], [ -113.80132509780907, 55.026994828201921 ], [ -113.80132509780907, 54.92699482820192 ] ] ] } },
{ "type": "Feature", "properties": { "value": "2", "label": "AQHI 2", "color": "#0099cb", "timestamp": "2026-09-16 14:00:00", "generated_at": "2026-09-16T20:31:32.792111", "nearest_km": 126.8279265940584, "n_points": 4, "weight_sum": 0.0002161179699223043, "confidence": "Low", "flagged": false }, "geometry": { "type": "Polygon", "coordinates": [ [ [ -113.701325097809075, 54.92699482820192 ], [ -113.601325097809081, 54.92699482820192 ], [ -113.601325097809081, 55.026994828201921 ], [ -113.701325097809075, 55.026994828201921 ], [ -113.701325097809075, 54.92699482820192 ] ] ] } },
{ "type": "Feature", "properties": { "value": "2", "label": "AQHI 2", "color": "#0099cb", "timestamp": "2026-09-16 14:00:00", "generated_at": "2026-09-16T20:31:32.792111", "nearest_km": 121.413263186222, "n_points": 5, "weight_sum": 0.00027440079029359641, "confidence": "Low", "flagged": false }, "geometry": { "type": "Polygon", "coordinates": [ [ [ -113.601325097809081, 54.92699482820192 ], [ -113.501325097809087, 54.92699482820192 ], [ -113.501325097809087, 55.026994828201921 ], [ -113.601325097809081, 55.026994828201921 ], [ -113.601325097809081, 54.92699482820192 ] ] ] } },
{ "type": "Feature", "properties": { "value": "2", "label": "AQHI 2", "color": "#0099cb", "timestamp": "2026-09-16 14:00:00", "generated_at": "2026-09-16T20:31:32.792111", "nearest_km": 116.80521388579248, "n_points": 6, "weight_sum": 0.00033217340788113057, "confidence": "Low", "flagged": false }, "geometry": { "type": "Polygon", "coordinates": [ [ [ -113.501325097809087, 54.92699482820192 ], [ -113.401325097809092, 54.92699482820192 ], [ -113.401325097809092, 55.026994828201921 ], [ -113.501325097809087, 55.026994828201921 ], [ -113.501325097809087, 54.92699482820192 ] ] ] } },
{ "type": "Feature", "properties": { "value": "2", "label": "AQHI 2", "color": "#0099cb", "timestamp": "2026-09-16 14:00:00", "generated_at": "2026-09-16T20:31:32.792111", "nearest_km": 113.10241157590153, "n_points": 7, "weight_sum": 0.00038977754126764003, "confidence": "Low", "flagged": false }, "geometry": { "type": "Polygon", "coordinates": [ [ [ -113.401325097809092, 54.92699482820192 ], [ -113.301325097809098, 54.92699482820192 ], [ -113.301325097809098, 55.026994828201921 ], [ -113.401325097809092, 55.026994828201921 ], [ -113.401325097809092, 54.92699482820192 ] ] ] } },
{ "type": "Feature", "properties": { "value": "2", "label": "AQHI 2", "color": "#0099cb", "timestamp": "2026-09-16 14:00:00", "generated_at": "2026-09-16T20:31:32.792111", "nearest_km": 110.39598279676433, "n_points": 8, "weight_sum": 0.00044720681786419793, "confidence": "Low", "flagged": false }, "geometry": { "type": "Polygon", "coordinates": [ [ [ -113.301325097809098, 54.92699482820192 ], [ -113.201325097809104, 54.92699482820192 ], [ -113.201325097809104, 55.026994828201921 ], [ -113.301325097809098, 55.026994828201921 ], [ -113.301325097809098, 54.92699482820192 ] ] ] } },
{ "type": "Feature", "properties": { "value": "NA", "label": "No Data", "color": "#D3D3D3", "timestamp": "2026-09-16 14:00:00", "generated_at": "2026-09-16T20:31:32.792111", "nearest_km": 200.99683017616528, "n_points": 0, "weight_sum": 0.0, "confidence": "None", "flagged": false }, "geometry": { "type": "Polygon", "coordinates": [ [ [ -115.101325097808996, 55.026994828201921 ], [ -115.001325097809001, 55.026994828201921 ], [ -115.001325097809001, 55.126994828201923 ], [ -115.101325097808996, 55.126994828201923 ], [ -115.101325097808996, 55.026994828201921 ] ] ] } },
{ "type": "Feature", "properties": { "value": "NA", "label": "No Data", "color": "#D3D3D3", "timestamp": "2026-09-16 14:00:00", "generated_at": "2026-09-16T20:31:32.792111", "nearest_km": 200.58006986848241, "n_points": 0, "weight_sum": 0.0, "confidence": "None", "flagged": false }, "geometry": { "type": "Polygon", "coordinates": [ [ [ -115.001325097809001, 55.026994828201921 ], [ -114.901325097809007, 55.026994828201921 ], [ -114.901325097809007, 55.126994828201923 ], [ -115.001325097809001, 55.126994828201923 ], [ -115.001325097809001, 55.026994828201921 ] ] ] } },
{ "type": "Feature", "properties": { "value": "NA", "label": "No Data", "color": "#D3D3D3", "timestamp": "2026-09-16 14:00:00", "generated_at": "2026-09-16T20:31:32.792111", "nearest_km": 200.77704827998721, "n_points": 0, "weight_sum": 0.0, "confidence": "None", "flagged": false }, "geometry": { "type": "Polygon", "coordinates": [ [ [ -114.901325097809007, 55.026994828201921 ], [ -114.801325097809013, 55.026994828201921 ], [ -114.801325097809013, 55.126994828201923 ], [ -114.901325097809007, 55.126994828201923 ], [ -114.901325097809007, 55.026994828201921 ] ] ] } },
{ "type": "Feature", "properties": { "value": "NA", "label": "No Data", "color": "#D3D3D3", "timestamp": "2026-09-16 14:00:00", "generated_at": "2026-09-16T20:31:32.792111", "nearest_km": 201.5859662863547, "n_points": 0, "weight_sum": 0.0, "confidence": "None", "flagged": false }, "geometry": { "type": "Polygon", "coordinates": [ [ [ -114.801325097809013, 55.026994828201921 ], [ -114.701325097809018, 55.026994828201921 ], [ -114.701325097809018, 55.126994828201923 ], [ -114.801325097809013, 55.126994828201923 ], [ -114.801325097809013, 55.026994828201921 ] ] ] } },
{ "type": "Feature", "properties": { "value": "NA", "label": "No Data", "color": "#D3D3D3", "timestamp": "2026-09-16 14:00:00", "generated_at": "2026-09-16T20:31:32.792111", "nearest_km": 196.90768762090005, "n_points": 0, "weight_sum": 0.0, "confidence": "None", "flagged": false }, "geometry": { "type": "Polygon", "coordinates": [ [ [ -114.701325097809018, 55.026994828201921 ], [ -114.601325097809024, 55.026994828201921 ], [ -114.601325097809024, 55.126994828201923 ], [ -114.701325097809018, 55.126994828201923 ], [ -114.701325097809018, 55.026994828201921 ] ] ] } },
{ "type": "Feature", "properties": { "value": "NA", "label": "No Data", "color": "#D3D3D3", "timestamp": "2026-09-16 14:00:00", "generated_at": "2026-09-16T20:31:32.792111", "nearest_km": 190.29274033422587, "n_points": 0, "weight_sum": 0.0, "confidence": "None", "flagged": false }, "geometry": { "type": "Polygon", "coordinates": [ [ [ -114.601325097809024, 55.026994828201921 ], [ -114.50132509780903, 55.026994828201921 ], [ -114.50132509780903, 55.126994828201923 ], [ -114.601325097809024, 55.126994828201923 ], [ -114.601325097809024, 55.026994828201921 ] ] ] } },
{ "type": "Feature", "properties": { "value": "NA", "label": "No Data", "color": "#D3D3D3", "timestamp": "2026-09-16 14:00:00", "generated_at": "2026-09-16T20:31:32.792111", "nearest_km": 184.10984928462744, "n_points": 0, "weight_sum": 0.0, "confidence": "None", "flagged": false }, "geometry": { "type": "Polygon", "coordinates": [ [ [ -114.50132509780903, 55.026994828201921 ], [ -114.401325097809035, 55.026994828201921 ], [ -114.401325097809035, 55.126994828201923 ], [ -114.50132509780903, 55.126994828201923 ], [ -114.50132509780903, 55.026994828201921 ] ] ] } },
{ "type": "Feature", "properties": { "value": "NA", "label": "No Data", "color": "#D3D3D3", "timestamp": "2026-09-16 14:00:00", "generated_at": "2026-09-16T20:31:32.792111", "nearest_km": 178.40394105318231, "n_points": 0, "weight_sum": 0.0, "confidence": "None", "flagged": false }, "geometry": { "type": "Polygon", "coordinates": [ [ [ -114.401325097809035, 55.026994828201921 ], [ -114.301325097809041, 55.026994828201921 ], [ -114.301325097809041, 55.126994828201923 ], [ -114.401325097809035, 55.126994828201923 ], [ -114.401325097809035, 55.026994828201921 ] ] ] } },
{ "type": "Feature", "properties": { "value": "NA", "label": "No Data", "color": "#D3D3D3", "timestamp": "2026-09-16 14:00:00", "generated_at": "2026-09-16T20:31:32.792111", "nearest_km": 171.54365383327249, "n_points": 0, "weight_sum": 0.0, "confidence": "None", "flagged": false }, "geometry": { "type": "Polygon", "coordinates": [ [ [ -114.301325097809041, 55.026994828201921 ], [ -114.201325097809047, 55.026994828201921 ], [ -114.201325097809047, 55.126994828201923 ], [ -114.301325097809041, 55.126994828201923 ], [ -114.301325097809041, 55.026994828201921 ] ] ] } },
{ "type": "Feature", "properties": { "value": "NA", "label": "No Data", "color": "#D3D3D3", "timestamp": "2026-09-16 14:00:00", "generated_at": "2026-09-16T20:31:32.792111", "nearest_km": 164.77236429464955, "n_points": 0, "weight_sum": 0.0, "confidence": "None", "flagged": false }, "geometry": { "type": "Polygon", "coordinates": [ [ [ -114.201325097809047, 55.026994828201921 ], [ -114.101325097809053, 55.026994828201921 ], [ -114.101325097809053, 55.126994828201923 ], [ -114.201325097809047, 55.126994828201923 ], [ -114.201325097809047, 55.026994828201921 ] ] ] } },
{ "type": "Feature", "properties": { "value": "NA", "label": "No Data", "color": "#D3D3D3", "timestamp": "2026-09-16 14:00:00", "generated_at": "2026-09-16T20:31:32.792111", "nearest_km": 158.48993311888219, "n_points": 0, "weight_sum": 0.0, "confidence": "None", "flagged": false }, "geometry": { "type": "Polygon", "coordinates": [ [ [ -114.101325097809053, 55.026994828201921 ], [ -114.001325097809058, 55.026994828201921 ], [ -114.001325097809058, 55.126994828201923 ], [ -114.101325097809053, 55.126994828201923 ], [ -114.101325097809053, 55.026994828201921 ] ] ] } },
{ "type": "Feature", "properties": { "value": "NA", "label": "No Data", "color": "#D3D3D3", "timestamp": "2026-09-16 14:00:00", "generated_at": "2026-09-16T20:31:32.792111", "nearest_km": 152.75668811808794, "n_points": 0, "weight_sum": 0.0, "confidence": "None", "flagged": false }, "geometry": { "type": "Polygon", "coordinates": [ [ [ -114.001325097809058, 55.026994828201921 ], [ -113.901325097809064, 55.026994828201921 ], [ -113.901325097809064, 55.126994828201923 ], [ -114.001325097809058, 55.126994828201923 ], [ -114.001325097809058, 55.026994828201921 ] ] ] } },
{ "type": "Feature", "properties": { "value": "1", "label": "AQHI 1", "color": "#01cbff", "timestamp": "2026-09-16 14:00:00", "generated_at": "2026-09-16T20:31:32.792111", "nearest_km": 147.6366236053432, "n_points": 2, "weight_sum": 9.1252739600279918e-05, "confidence": "Low", "flagged": false }, "geometry": { "type": "Polygon", "coordinates": [ [ [ -113.901325097809064, 55.026994828201921 ], [ -113.80132509780907, 55.026994828201921 ], [ -113.80132509780907, 55.126994828201923 ], [ -113.901325097809064, 55.126994828201923 ], [ -113.901325097809064, 55.026994828201921 ] ] ] } },
{ "type": "Feature", "properties": { "value": "2", "label": "AQHI 2", "color": "#0099cb", "timestamp": "2026-09-16 14:00:00", "generated_at": "2026-09-16T20:31:32.792111", "nearest_km": 142.13404505474438, "n_points": 2, "weight_sum": 9.8268526271866108e-05, "confidence": "Low", "flagged": false }, "geometry": { "type": "Polygon", "coordinates": [ [ [ -113.80132509780907, 55.026994828201921 ], [ -113.701325097809075, 55.026994828201921 ], [ -113.701325097809075, 55.126994828201923 ], [ -113.80132509780907, 55.126994828201923 ], [ -113.80132509780907, 55.026994828201921 ] ] ] } },
{ "type": "Feature", "properties": { "value": "2", "label": "AQHI 2", "color": "#0099cb", "timestamp": "2026-09-16 14:00:00", "generated_at": "2026-09-16T20:31:32.792111", "nearest_km": 136.42406047689343, "n_points": 2, "weight_sum": 0.0001051182289119688, "confidence": "Low", "flagged": false }, "geometry": { "type": "Polygon", "coordinates": [ [ [ -113.701325097809075, 55.026994828201921 ], [ -113.601325097809081, 55.026994828201921 ], [ -113.601325097809081, 55.126994828201923 ], [ -113.701325097809075, 55.126994828201923 ], [ -113.701325097809075, 55.026994828201921 ] ] ] } },
{ "type": "Feature", "properties": { "value": "2", "label": "AQHI 2", "color": "#0099cb", "timestamp": "2026-09-16 14:00:00", "generated_at": "2026-09-16T20:31:32.792111", "nearest_km": 131.40541004989873, "n_points": 2, "weight_sum": 0.00011150037510278163, "confidence": "Low", "flagged": false }, "geometry": { "type": "Polygon", "coordinates": [ [ [ -113.601325097809081, 55.026994828201921 ], [ -113.501325097809087, 55.026994828201921 ], [ -113.501325097809087, 55.126994828201923 ], [ -113.601325097809081, 55.126994828201923 ], [ -113.601325097809081, 55.026994828201921 ] ] ] } },
{ "type": "Feature", "properties": { "value": "2", "label": "AQHI 2", "color": "#0099cb", "timestamp": "2026-09-16 14:00:00", "generated_at": "2026-09-16T20:31:32.792111", "nearest_km": 127.15997524284498, "n_points": 2, "weight_sum": 0.00011706648029758486, "confidence": "Low", "flagged": false }, "geometry": { "type": "Polygon", "coordinates": [ [ [ -113.501325097809087, 55.026994828201921 ], [ -113.401325097809092, 55.026994828201921 ], [ -113.401325097809092, 55.126994828201923 ], [ -113.501325097809087, 55.126994828201923 ], [ -113.501325097809087, 55.026994828201921 ] ] ] } },
{ "type": "Feature", "properties": { "value": "2", "label": "AQHI 2", "color": "#0099cb", "timestamp": "2026-09-16 14:00:00", "generated_at": "2026-09-16T20:31:32.792111", "nearest_km": 123.76734956013172, "n_points": 3, "weight_sum": 0.00016838195561361992, "confidence": "Low", "flagged": false }, "geometry": { "type": "Polygon", "coordinates": [ [ [ -113.401325097809092, 55.026994828201921 ], [ -113.301325097809098, 55.026994828201921 ], [ -113.301325097809098, 55.126994828201923 ], [ -113.401325097809092, 55.126994828201923 ], [ -113.401325097809092, 55.026994828201921 ] ] ] } },
{ "type": "Feature", "properties": { "value": "2", "label": "AQHI 2", "color": "#0099cb", "timestamp": "2026-09-16 14:00:00", "generated_at": "2026-09-16T20:31:32.792111", "nearest_km": 121.29911100465121, "n_points": 4, "weight_sum": 0.00021846036603898611, "confidence": "Low", "flagged": false }, "geometry": { "type": "Polygon", "coordinates": [ [ [ -113.301325097809098, 55.026994828201921 ], [ -113.201325097809104, 55.026994828201921 ], [ -113.201325097809104, 55.126994828201923 ], [ -113.301325097809098, 55.126994828201923 ], [ -113.301325097809098, 55.026994828201921 ] ] ] } },
{ "type": "Feature", "properties": { "value": "NA", "label": "No Data", "color": "#D3D3D3", "timestamp": "2026-09-16 14:00:00", "generated_at": "2026-09-16T20:31:32.792111", "nearest_km": 206.25967186663291, "n_points": 0, "weight_sum": 0.0, "confidence": "None", "flagged": false }, "geometry": { "type": "Polygon", "coordinates": [ [ [ -115.101325097808996, 55.126994828201923 ], [ -115.001325097809001, 55.126994828201923 ], [ -115.001325097809001, 55.226994828201924 ], [ -115.101325097808996, 55.226994828201924 ], [ -115.101325097808996, 55.126994828201923 ] ] ] } },
{ "type": "Feature", "properties": { "value": "NA", "label": "No Data", "color": "#D3D3D3", "timestamp": "2026-09-16 14:00:00", "generated_at": "2026-09-16T20:31:32.792111", "nearest_km": 211.67955283612193, "n_points": 0, "weight_sum": 0.0, "confidence": "None", "flagged": false }, "geometry": { "type": "Polygon", "coordinates": [ [ [ -115.001325097809001, 55.126994828201923 ], [ -114.901325097809007, 55.126994828201923 ], [ -114.901325097809007, 55.226994828201924 ], [ -115.001325097809001, 55.226994828201924 ], [ -115.001325097809001, 55.126994828201923 ] ] ] } },
{ "type": "Feature", "properties": { "value": "NA", "label": "No Data", "color": "#D3D3D3", "timestamp": "2026-09-16 14:00:00", "generated_at": "2026-09-16T20:31:32.792111", "nearest_km": 211.86621197463168, "n_points": 0, "weight_sum": 0.0, "confidence": "None", "flagged": false }, "geometry": { "type": "Polygon", "coordinates": [ [ [ -114.901325097809007, 55.126994828201923 ], [ -114.801325097809013, 55.126994828201923 ], [ -114.801325097809013, 55.226994828201924 ], [ -114.901325097809007, 55.226994828201924 ], [ -114.901325097809007, 55.126994828201923 ] ] ] } },
{ "type": "Feature", "properties": { "value": "NA", "label": "No Data", "color": "#D3D3D3", "timestamp": "2026-09-16 14:00:00", "generated_at": "2026-09-16T20:31:32.792111", "nearest_km": 212.49356137287077, "n_points": 0, "weight_sum": 0.0, "confidence": "None", "flagged": false }, "geometry": { "type": "Polygon", "coordinates": [ [ [ -114.801325097809013, 55.126994828201923 ], [ -114.701325097809018, 55.126994828201923 ], [ -114.701325097809018, 55.226994828201924 ], [ -114.801325097809013, 55.226994828201924 ], [ -114.801325097809013, 55.126994828201923 ] ] ] } },
{ "type": "Feature", "properties": { "value": "NA", "label": "No Data", "color": "#D3D3D3", "timestamp": "2026-09-16 14:00:00", "generated_at": "2026-09-16T20:31:32.792111", "nearest_km": 205.78091069053318, "n_points": 0, "weight_sum": 0.0, "confidence": "None", "flagged": false }, "geometry": { "type": "Polygon", "coordinates": [ [ [ -114.701325097809018, 55.126994828201923 ], [ -114.601325097809024, 55.126994828201923 ], [ -114.601325097809024, 55.226994828201924 ], [ -114.701325097809018, 55.226994828201924 ], [ -114.701325097809018, 55.126994828201923 ] ] ] } },
{ "type": "Feature", "properties": { "value": "NA", "label": "No Data", "color": "#D3D3D3", "timestamp": "2026-09-16 14:00:00", "generated_at": "2026-09-16T20:31:32.792111", "nearest_km": 199.46045418659895, "n_points": 0, "weight_sum": 0.0, "confidence": "None", "flagged": false }, "geometry": { "type": "Polygon", "coordinates": [ [ [ -114.601325097809024, 55.126994828201923 ], [ -114.50132509780903, 55.126994828201923 ], [ -114.50132509780903, 55.226994828201924 ], [ -114.601325097809024, 55.226994828201924 ], [ -114.601325097809024, 55.126994828201923 ] ] ] } },
{ "type": "Feature", "properties": { "value": "NA", "label": "No Data", "color": "#D3D3D3", "timestamp": "2026-09-16 14:00:00", "generated_at": "2026-09-16T20:31:32.792111", "nearest_km": 193.57061337926135, "n_points": 0, "weight_sum": 0.0, "confidence": "None", "flagged": false }, "geometry": { "type": "Polygon", "coordinates": [ [ [ -114.50132509780903, 55.126994828201923 ], [ -114.401325097809035, 55.126994828201923 ], [ -114.401325097809035, 55.226994828201924 ], [ -114.50132509780903, 55.226994828201924 ], [ -114.50132509780903, 55.126994828201923 ] ] ] } },
{ "type": "Feature", "properties": { "value": "NA", "label": "No Data", "color": "#D3D3D3", "timestamp": "2026-09-16 14:00:00", "generated_at": "2026-09-16T20:31:32.792111", "nearest_km": 187.16458449489244, "n_points": 0, "weight_sum": 0.0, "confidence": "None", "flagged": false }, "geometry": { "type": "Polygon", "coordinates": [ [ [ -114.401325097809035, 55.126994828201923 ], [ -114.301325097809041, 55.126994828201923 ], [ -114.301325097809041, 55.226994828201924 ], [ -114.401325097809035, 55.226994828201924 ], [ -114.401325097809035, 55.126994828201923 ] ] ] } },
{ "type": "Feature", "properties": { "value": "NA", "label": "No Data", "color": "#D3D3D3", "timestamp": "2026-09-16 14:00:00", "generated_at": "2026-09-16T20:31:32.792111", "nearest_km": 180.29661270785104, "n_points": 0, "weight_sum": 0.0, "confidence": "None", "flagged": false }, "geometry": { "type": "Polygon", "coordinates": [ [ [ -114.301325097809041, 55.126994828201923 ], [ -114.201325097809047, 55.126994828201923 ], [ -114.201325097809047, 55.226994828201924 ], [ -114.301325097809041, 55.226994828201924 ], [ -114.301325097809041, 55.126994828201923 ] ] ] } },
{ "type": "Feature", "properties": { "value": "NA", "label": "No Data", "color": "#D3D3D3", "timestamp": "2026-09-16 14:00:00", "generated_at": "2026-09-16T20:31:32.792111", "nearest_km": 173.8665448518027, "n_points": 0, "weight_sum": 0.0, "confidence": "None", "flagged": false }, "geometry": { "type": "Polygon", "coordinates": [ [ [ -114.201325097809047, 55.126994828201923 ], [ -114.101325097809053, 55.126994828201923 ], [ -114.101325097809053, 55.226994828201924 ], [ -114.201325097809047, 55.226994828201924 ], [ -114.201325097809047, 55.126994828201923 ] ] ] } },
{ "type": "Feature", "properties": { "value": "NA", "label": "No Data", "color": "#D3D3D3", "timestamp": "2026-09-16 14:00:00", "generated_at": "2026-09-16T20:31:32.792111", "nearest_km": 167.92469229831261, "n_points": 0, "weight_sum": 0.0, "confidence": "None", "flagged": false }, "geometry": { "type": "Polygon", "coordinates": [ [ [ -114.101325097809053, 55.126994828201923 ], [ -114.001325097809058, 55.126994828201923 ], [ -114.001325097809058, 55.226994828201924 ], [ -114.101325097809053, 55.226994828201924 ], [ -114.101325097809053, 55.126994828201923 ] ] ] } },
{ "type": "Feature", "properties": { "value": "NA", "label": "No Data", "color": "#D3D3D3", "timestamp": "2026-09-16 14:00:00", "generated_at": "2026-09-16T20:31:32.792111", "nearest_km": 162.52461090020182, "n_points": 0, "weight_sum": 0.0, "confidence": "None", "flagged": false }, "geometry": { "type": "Polygon", "coordinates": [ [ [ -114.001325097809058, 55.126994828201923 ], [ -113.901325097809064, 55.126994828201923 ], [ -113.901325097809064, 55.226994828201924 ], [ -114.001325097809058, 55.226994828201924 ], [ -114.001325097809058, 55.126994828201923 ] ] ] } },
{ "type": "Feature", "properties": { "value": "NA", "label": "No Data", "color": "#D3D3D3", "timestamp": "2026-09-16 14:00:00", "generated_at": "2026-09-16T20:31:32.792111", "nearest_km": 157.51727068198053, "n_points": 0, "weight_sum": 0.0, "confidence": "None", "flagged": false }, "geometry": { "type": "Polygon", "coordinates": [ [ [ -113.901325097809064, 55.126994828201923 ], [ -113.80132509780907, 55.126994828201923 ], [ -113.80132509780907, 55.226994828201924 ], [ -113.901325097809064, 55.226994828201924 ], [ -113.901325097809064, 55.126994828201923 ] ] ] } },
{ "type": "Feature", "properties": { "value": "NA", "label": "No Data", "color": "#D3D3D3", "timestamp": "2026-09-16 14:00:00", "generated_at": "2026-09-16T20:31:32.792111", "nearest_km": 151.57410094234214, "n_points": 0, "weight_sum": 0.0, "confidence": "None", "flagged": false }, "geometry": { "type": "Polygon", "coordinates": [ [ [ -113.80132509780907, 55.126994828201923 ], [ -113.701325097809075, 55.126994828201923 ], [ -113.701325097809075, 55.226994828201924 ], [ -113.80132509780907, 55.226994828201924 ], [ -113.80132509780907, 55.126994828201923 ] ] ] } },
{ "type": "Feature", "properties": { "value": "2", "label": "AQHI 2", "color": "#0099cb", "timestamp": "2026-09-16 14:00:00", "generated_at": "2026-09-16T20:31:32.792111", "nearest_km": 146.23318908462025, "n_points": 1, "weight_sum": 4.6763617269528073e-05, "confidence": "Low", "flagged": false }, "geometry": { "type": "Polygon", "coordinates": [ [ [ -113.701325097809075, 55.126994828201923 ], [ -113.601325097809081, 55.126994828201923 ], [ -113.601325097809081, 55.226994828201924 ], [ -113.701325097809075, 55.226994828201924 ], [ -113.701325097809075, 55.126994828201923 ] ] ] } },
{ "type": "Feature", "properties": { "value": "2", "label": "AQHI 2", "color": "#0099cb", "timestamp": "2026-09-16 14:00:00", "generated_at": "2026-09-16T20:31:32.792111", "nearest_km": 141.56271791413602, "n_points": 2, "weight_sum": 9.589700503323138e-05, "confidence": "Low", "flagged": false }, "geometry": { "type": "Polygon", "coordinates": [ [ [ -113.601325097809081, 55.126994828201923 ], [ -113.501325097809087, 55.126994828201923 ], [ -113.501325097809087, 55.226994828201924 ], [ -113.601325097809081, 55.226994828201924 ], [ -113.601325097809081, 55.126994828201923 ] ] ] } },
{ "type": "Feature", "properties": { "value": "2", "label": "AQHI 2", "color": "#0099cb", "timestamp": "2026-09-16 14:00:00", "generated_at": "2026-09-16T20:31:32.792111", "nearest_km": 137.63095806037305, "n_points": 2, "weight_sum": 9.998784853862343e-05, "confidence": "Low", "flagged": false }, "geometry": { "type": "Polygon", "coordinates": [ [ [ -113.501325097809087, 55.126994828201923 ], [ -113.401325097809092, 55.126994828201923 ], [ -113.401325097809092, 55.226994828201924 ], [ -113.501325097809087, 55.226994828201924 ], [ -113.501325097809087, 55.126994828201923 ] ] ] } },
{ "type": "Feature", "properties": { "value": "NA", "label": "No Data", "color": "#D3D3D3", "timestamp": "2026-09-16 14:00:00", "generated_at": "2026-09-16T20:31:32.792111", "nearest_km": 191.16276020142783, "n_points": 0, "weight_sum": 0.0, "confidence": "None", "flagged": false }, "geometry": { "type": "Polygon", "coordinates": [ [ [ -115.301325097808984, 55.226994828201924 ], [ -115.20132509780899, 55.226994828201924 ], [ -115.20132509780899, 55.326994828201926 ], [ -115.301325097808984, 55.326994828201926 ], [ -115.301325097808984, 55.226994828201924 ] ] ] } },
{ "type": "Feature", "properties": { "value": "NA", "label": "No Data", "color": "#D3D3D3", "timestamp": "2026-09-16 14:00:00", "generated_at": "2026-09-16T20:31:32.792111", "nearest_km": 200.9547366891546, "n_points": 0, "weight_sum": 0.0, "confidence": "None", "flagged": false }, "geometry": { "type": "Polygon", "coordinates": [ [ [ -115.20132509780899, 55.226994828201924 ], [ -115.101325097808996, 55.226994828201924 ], [ -115.101325097808996, 55.326994828201926 ], [ -115.20132509780899, 55.326994828201926 ], [ -115.20132509780899, 55.226994828201924 ] ] ] } },
{ "type": "Feature", "properties": { "value": "NA", "label": "No Data", "color": "#D3D3D3", "timestamp": "2026-09-16 14:00:00", "generated_at": "2026-09-16T20:31:32.792111", "nearest_km": 210.8763417450765, "n_points": 0, "weight_sum": 0.0, "confidence": "None", "flagged": false }, "geometry": { "type": "Polygon", "coordinates": [ [ [ -115.101325097808996, 55.226994828201924 ], [ -115.001325097809001, 55.226994828201924 ], [ -115.001325097809001, 55.326994828201926 ], [ -115.101325097808996, 55.326994828201926 ], [ -115.101325097808996, 55.226994828201924 ] ] ] } },
{ "type": "Feature", "properties": { "value": "NA", "label": "No Data", "color": "#D3D3D3", "timestamp": "2026-09-16 14:00:00", "generated_at": "2026-09-16T20:31:32.792111", "nearest_km": 220.91011026606523, "n_points": 0, "weight_sum": 0.0, "confidence": "None", "flagged": false }, "geometry": { "type": "Polygon", "coordinates": [ [ [ -115.001325097809001, 55.226994828201924 ], [ -114.901325097809007, 55.226994828201924 ], [ -114.901325097809007, 55.326994828201926 ], [ -115.001325097809001, 55.326994828201926 ], [ -115.001325097809001, 55.226994828201924 ] ] ] } },
{ "type": "Feature", "properties": { "value": "NA", "label": "No Data", "color": "#D3D3D3", "timestamp": "2026-09-16 14:00:00", "generated_at": "2026-09-16T20:31:32.792111", "nearest_km": 222.95645412711161, "n_points": 0, "weight_sum": 0.0, "confidence": "None", "flagged": false }, "geometry": { "type": "Polygon", "coordinates": [ [ [ -114.901325097809007, 55.226994828201924 ], [ -114.801325097809013, 55.226994828201924 ], [ -114.801325097809013, 55.326994828201926 ], [ -114.901325097809007, 55.326994828201926 ], [ -114.901325097809007, 55.226994828201924 ] ] ] } },
{ "type": "Feature", "properties": { "value": "NA", "label": "No Data", "color": "#D3D3D3", "timestamp": "2026-09-16 14:00:00", "generated_at": "2026-09-16T20:31:32.792111", "nearest_km": 221.29862038734279, "n_points": 0, "weight_sum": 0.0, "confidence": "None", "flagged": false }, "geometry": { "type": "Polygon", "coordinates": [ [ [ -114.801325097809013, 55.226994828201924 ], [ -114.701325097809018, 55.226994828201924 ], [ -114.701325097809018, 55.326994828201926 ], [ -114.801325097809013, 55.326994828201926 ], [ -114.801325097809013, 55.226994828201924 ] ] ] } },
{ "type": "Feature", "properties": { "value": "NA", "label": "No Data", "color": "#D3D3D3", "timestamp": "2026-09-16 14:00:00", "generated_at": "2026-09-16T20:31:32.792111", "nearest_km": 214.86123188011473, "n_points": 0, "weight_sum": 0.0, "confidence": "None", "flagged": false }, "geometry": { "type": "Polygon", "coordinates": [ [ [ -114.701325097809018, 55.226994828201924 ], [ -114.601325097809024, 55.226994828201924 ], [ -114.601325097809024, 55.326994828201926 ], [ -114.701325097809018, 55.326994828201926 ], [ -114.701325097809018, 55.226994828201924 ] ] ] } },
{ "type": "Feature", "properties": { "value": "NA", "label": "No Data", "color": "#D3D3D3", "timestamp": "2026-09-16 14:00:00", "generated_at": "2026-09-16T20:31:32.792111", "nearest_km": 208.81580051504625, "n_points": 0, "weight_sum": 0.0, "confidence": "None", "flagged": false }, "geometry": { "type": "Polygon", "coordinates": [ [ [ -114.601325097809024, 55.226994828201924 ], [ -114.50132509780903, 55.226994828201924 ], [ -114.50132509780903, 55.326994828201926 ], [ -114.601325097809024, 55.326994828201926 ], [ -114.601325097809024, 55.226994828201924 ] ] ] } },
{ "type": "Feature", "properties": { "value": "NA", "label": "No Data", "color": "#D3D3D3", "timestamp": "2026-09-16 14:00:00", "generated_at": "2026-09-16T20:31:32.792111", "nearest_km": 202.79738215228966, "n_points": 0, "weight_sum": 0.0, "confidence": "None", "flagged": false }, "geometry": { "type": "Polygon", "coordinates": [ [ [ -114.50132509780903, 55.226994828201924 ], [ -114.401325097809035, 55.226994828201924 ], [ -114.401325097809035, 55.326994828201926 ], [ -114.50132509780903, 55.326994828201926 ], [ -114.50132509780903, 55.226994828201924 ] ] ] } },
{ "type": "Feature", "properties": { "value": "NA", "label": "No Data", "color": "#D3D3D3", "timestamp": "2026-09-16 14:00:00", "generated_at": "2026-09-16T20:31:32.792111", "nearest_km": 195.8485258371912, "n_points": 0, "weight_sum": 0.0, "confidence": "None", "flagged": false }, "geometry": { "type": "Polygon", "coordinates": [ [ [ -114.401325097809035, 55.226994828201924 ], [ -114.301325097809041, 55.226994828201924 ], [ -114.301325097809041, 55.326994828201926 ], [ -114.401325097809035, 55.326994828201926 ], [ -114.401325097809035, 55.226994828201924 ] ] ] } },
{ "type": "Feature", "properties": { "value": "NA", "label": "No Data", "color": "#D3D3D3", "timestamp": "2026-09-16 14:00:00", "generated_at": "2026-09-16T20:31:32.792111", "nearest_km": 189.29588462874744, "n_points": 0, "weight_sum": 0.0, "confidence": "None", "flagged": false }, "geometry": { "type": "Polygon", "coordinates": [ [ [ -114.301325097809041, 55.226994828201924 ], [ -114.201325097809047, 55.226994828201924 ], [ -114.201325097809047, 55.326994828201926 ], [ -114.301325097809041, 55.326994828201926 ], [ -114.301325097809041, 55.226994828201924 ] ] ] } },
{ "type": "Feature", "properties": { "value": "NA", "label": "No Data", "color": "#D3D3D3", "timestamp": "2026-09-16 14:00:00", "generated_at": "2026-09-16T20:31:32.792111", "nearest_km": 183.18198274437131, "n_points": 0, "weight_sum": 0.0, "confidence": "None", "flagged": false }, "geometry": { "type": "Polygon", "coordinates": [ [ [ -114.201325097809047, 55.226994828201924 ], [ -114.101325097809053, 55.226994828201924 ], [ -114.101325097809053, 55.326994828201926 ], [ -114.201325097809047, 55.326994828201926 ], [ -114.201325097809047, 55.226994828201924 ] ] ] } },
{ "type": "Feature", "properties": { "value": "NA", "label": "No Data", "color": "#D3D3D3", "timestamp": "2026-09-16 14:00:00", "generated_at": "2026-09-16T20:31:32.792111", "nearest_km": 177.55214914761859, "n_points": 0, "weight_sum": 0.0, "confidence": "None", "flagged": false }, "geometry": { "type": "Polygon", "coordinates": [ [ [ -114.101325097809053, 55.226994828201924 ], [ -114.001325097809058, 55.226994828201924 ], [ -114.001325097809058, 55.326994828201926 ], [ -114.101325097809053, 55.326994828201926 ], [ -114.101325097809053, 55.226994828201924 ] ] ] } },
{ "type": "Feature", "properties": { "value": "NA", "label": "No Data", "color": "#D3D3D3", "timestamp": "2026-09-16 14:00:00", "generated_at": "2026-09-16T20:31:32.792111", "nearest_km": 172.45379825250942, "n_points": 0, "weight_sum": 0.0, "confidence": "None", "flagged": false }, "geometry": { "type": "Polygon", "coordinates": [ [ [ -114.001325097809058, 55.226994828201924 ], [ -113.901325097809064, 55.226994828201924 ], [ -113.901325097809064, 55.326994828201926 ], [ -114.001325097809058, 55.326994828201926 ], [ -114.001325097809058, 55.226994828201924 ] ] ] } },
{ "type": "Feature", "properties": { "value": "NA", "label": "No Data", "color": "#D3D3D3", "timestamp": "2026-09-16 14:00:00", "generated_at": "2026-09-16T20:31:32.792111", "nearest_km": 166.82545332159464, "n_points": 0, "weight_sum": 0.0, "confidence": "None", "flagged": false }, "geometry": { "type": "Polygon", "coordinates": [ [ [ -113.901325097809064, 55.226994828201924 ], [ -113.80132509780907, 55.226994828201924 ], [ -113.80132509780907, 55.326994828201926 ], [ -113.901325097809064, 55.326994828201926 ], [ -113.901325097809064, 55.226994828201924 ] ] ] } },
{ "type": "Feature", "properties": { "value": "NA", "label": "No Data", "color": "#D3D3D3", "timestamp": "2026-09-16 14:00:00", "generated_at": "2026-09-16T20:31:32.792111", "nearest_km": 161.22577148004146, "n_points": 0, "weight_sum": 0.0, "confidence": "None", "flagged": false }, "geometry": { "type": "Polygon", "coordinates": [ [ [ -113.80132509780907, 55.226994828201924 ], [ -113.701325097809075, 55.226994828201924 ], [ -113.701325097809075, 55.326994828201926 ], [ -113.80132509780907, 55.326994828201926 ], [ -113.80132509780907, 55.226994828201924 ] ] ] } },
{ "type": "Feature", "properties": { "value": "NA", "label": "No Data", "color": "#D3D3D3", "timestamp": "2026-09-16 14:00:00", "generated_at": "2026-09-16T20:31:32.792111", "nearest_km": 156.21519421206611, "n_points": 0, "weight_sum": 0.0, "confidence": "None", "flagged": false }, "geometry": { "type": "Polygon", "coordinates": [ [ [ -113.701325097809075, 55.226994828201924 ], [ -113.601325097809081, 55.226994828201924 ], [ -113.601325097809081, 55.326994828201926 ], [ -113.701325097809075, 55.326994828201926 ], [ -113.701325097809075, 55.226994828201924 ] ] ] } },
{ "type": "Feature", "properties": { "value": "NA", "label": "No Data", "color": "#D3D3D3", "timestamp": "2026-09-16 14:00:00", "generated_at": "2026-09-16T20:31:32.792111", "nearest_km": 151.852047783665, "n_points": 0, "weight_sum": 0.0, "confidence": "None", "flagged": false }, "geometry": { "type": "Polygon", "coordinates": [ [ [ -113.601325097809081, 55.226994828201924 ], [ -113.501325097809087, 55.226994828201924 ], [ -113.501325097809087, 55.326994828201926 ], [ -113.601325097809081, 55.326994828201926 ], [ -113.601325097809081, 55.226994828201924 ] ] ] } },
{ "type": "Feature", "properties": { "value": "2", "label": "AQHI 2", "color": "#0099cb", "timestamp": "2026-09-16 14:00:00", "generated_at": "2026-09-16T20:31:32.792111", "nearest_km": 148.19352863560337, "n_points": 1, "weight_sum": 4.5534599566068554e-05, "confidence": "Low", "flagged": false }, "geometry": { "type": "Polygon", "coordinates": [ [ [ -113.501325097809087, 55.226994828201924 ], [ -113.401325097809092, 55.226994828201924 ], [ -113.401325097809092, 55.326994828201926 ], [ -113.501325097809087, 55.326994828201926 ], [ -113.501325097809087, 55.226994828201924 ] ] ] } },
{ "type": "Feature", "properties": { "value": "NA", "label": "No Data", "color": "#D3D3D3", "timestamp": "2026-09-16 14:00:00", "generated_at": "2026-09-16T20:31:32.792111", "nearest_km": 196.76229353482296, "n_points": 0, "weight_sum": 0.0, "confidence": "None", "flagged": false }, "geometry": { "type": "Polygon", "coordinates": [ [ [ -115.301325097808984, 55.326994828201926 ], [ -115.20132509780899, 55.326994828201926 ], [ -115.20132509780899, 55.426994828201927 ], [ -115.301325097808984, 55.426994828201927 ], [ -115.301325097808984, 55.326994828201926 ] ] ] } },
{ "type": "Feature", "properties": { "value": "NA", "label": "No Data", "color": "#D3D3D3", "timestamp": "2026-09-16 14:00:00", "generated_at": "2026-09-16T20:31:32.792111", "nearest_km": 206.28864599648398, "n_points": 0, "weight_sum": 0.0, "confidence": "None", "flagged": false }, "geometry": { "type": "Polygon", "coordinates": [ [ [ -115.20132509780899, 55.326994828201926 ], [ -115.101325097808996, 55.326994828201926 ], [ -115.101325097808996, 55.426994828201927 ], [ -115.20132509780899, 55.426994828201927 ], [ -115.20132509780899, 55.326994828201926 ] ] ] } },
{ "type": "Feature", "properties": { "value": "NA", "label": "No Data", "color": "#D3D3D3", "timestamp": "2026-09-16 14:00:00", "generated_at": "2026-09-16T20:31:32.792111", "nearest_km": 215.96534624110765, "n_points": 0, "weight_sum": 0.0, "confidence": "None", "flagged": false }, "geometry": { "type": "Polygon", "coordinates": [ [ [ -115.101325097808996, 55.326994828201926 ], [ -115.001325097809001, 55.326994828201926 ], [ -115.001325097809001, 55.426994828201927 ], [ -115.101325097808996, 55.426994828201927 ], [ -115.101325097808996, 55.326994828201926 ] ] ] } },
{ "type": "Feature", "properties": { "value": "NA", "label": "No Data", "color": "#D3D3D3", "timestamp": "2026-09-16 14:00:00", "generated_at": "2026-09-16T20:31:32.792111", "nearest_km": 225.77306324497687, "n_points": 0, "weight_sum": 0.0, "confidence": "None", "flagged": false }, "geometry": { "type": "Polygon", "coordinates": [ [ [ -115.001325097809001, 55.326994828201926 ], [ -114.901325097809007, 55.326994828201926 ], [ -114.901325097809007, 55.426994828201927 ], [ -115.001325097809001, 55.426994828201927 ], [ -115.001325097809001, 55.326994828201926 ] ] ] } },
{ "type": "Feature", "properties": { "value": "NA", "label": "No Data", "color": "#D3D3D3", "timestamp": "2026-09-16 14:00:00", "generated_at": "2026-09-16T20:31:32.792111", "nearest_km": 234.04762143074657, "n_points": 0, "weight_sum": 0.0, "confidence": "None", "flagged": false }, "geometry": { "type": "Polygon", "coordinates": [ [ [ -114.901325097809007, 55.326994828201926 ], [ -114.801325097809013, 55.326994828201926 ], [ -114.801325097809013, 55.426994828201927 ], [ -114.901325097809007, 55.426994828201927 ], [ -114.901325097809007, 55.326994828201926 ] ] ] } },
{ "type": "Feature", "properties": { "value": "NA", "label": "No Data", "color": "#D3D3D3", "timestamp": "2026-09-16 14:00:00", "generated_at": "2026-09-16T20:31:32.792111", "nearest_km": 230.30211711088654, "n_points": 0, "weight_sum": 0.0, "confidence": "None", "flagged": false }, "geometry": { "type": "Polygon", "coordinates": [ [ [ -114.801325097809013, 55.326994828201926 ], [ -114.701325097809018, 55.326994828201926 ], [ -114.701325097809018, 55.426994828201927 ], [ -114.801325097809013, 55.426994828201927 ], [ -114.801325097809013, 55.326994828201926 ] ] ] } },
{ "type": "Feature", "properties": { "value": "NA", "label": "No Data", "color": "#D3D3D3", "timestamp": "2026-09-16 14:00:00", "generated_at": "2026-09-16T20:31:32.792111", "nearest_km": 224.123480977464, "n_points": 0, "weight_sum": 0.0, "confidence": "None", "flagged": false }, "geometry": { "type": "Polygon", "coordinates": [ [ [ -114.701325097809018, 55.326994828201926 ], [ -114.601325097809024, 55.326994828201926 ], [ -114.601325097809024, 55.426994828201927 ], [ -114.701325097809018, 55.426994828201927 ], [ -114.701325097809018, 55.326994828201926 ] ] ] } },
{ "type": "Feature", "properties": { "value": "NA", "label": "No Data", "color": "#D3D3D3", "timestamp": "2026-09-16 14:00:00", "generated_at": "2026-09-16T20:31:32.792111", "nearest_km": 218.33466125458605, "n_points": 0, "weight_sum": 0.0, "confidence": "None", "flagged": false }, "geometry": { "type": "Polygon", "coordinates": [ [ [ -114.601325097809024, 55.326994828201926 ], [ -114.50132509780903, 55.326994828201926 ], [ -114.50132509780903, 55.426994828201927 ], [ -114.601325097809024, 55.426994828201927 ], [ -114.601325097809024, 55.326994828201926 ] ] ] } },
{ "type": "Feature", "properties": { "value": "NA", "label": "No Data", "color": "#D3D3D3", "timestamp": "2026-09-16 14:00:00", "generated_at": "2026-09-16T20:31:32.792111", "nearest_km": 211.42199883474058, "n_points": 0, "weight_sum": 0.0, "confidence": "None", "flagged": false }, "geometry": { "type": "Polygon", "coordinates": [ [ [ -114.50132509780903, 55.326994828201926 ], [ -114.401325097809035, 55.326994828201926 ], [ -114.401325097809035, 55.426994828201927 ], [ -114.50132509780903, 55.426994828201927 ], [ -114.50132509780903, 55.326994828201926 ] ] ] } },
{ "type": "Feature", "properties": { "value": "NA", "label": "No Data", "color": "#D3D3D3", "timestamp": "2026-09-16 14:00:00", "generated_at": "2026-09-16T20:31:32.792111", "nearest_km": 204.76603345295379, "n_points": 0, "weight_sum": 0.0, "confidence": "None", "flagged": false }, "geometry": { "type": "Polygon", "coordinates": [ [ [ -114.401325097809035, 55.326994828201926 ], [ -114.301325097809041, 55.326994828201926 ], [ -114.301325097809041, 55.426994828201927 ], [ -114.401325097809035, 55.426994828201927 ], [ -114.401325097809035, 55.326994828201926 ] ] ] } },
{ "type": "Feature", "properties": { "value": "NA", "label": "No Data", "color": "#D3D3D3", "timestamp": "2026-09-16 14:00:00", "generated_at": "2026-09-16T20:31:32.792111", "nearest_km": 198.50797294022047, "n_points": 0, "weight_sum": 0.0, "confidence": "None", "flagged": false }, "geometry": { "type": "Polygon", "coordinates": [ [ [ -114.301325097809041, 55.326994828201926 ], [ -114.201325097809047, 55.326994828201926 ], [ -114.201325097809047, 55.426994828201927 ], [ -114.301325097809041, 55.426994828201927 ], [ -114.301325097809041, 55.326994828201926 ] ] ] } },
{ "type": "Feature", "properties": { "value": "NA", "label": "No Data", "color": "#D3D3D3", "timestamp": "2026-09-16 14:00:00", "generated_at": "2026-09-16T20:31:32.792111", "nearest_km": 192.68659057032065, "n_points": 0, "weight_sum": 0.0, "confidence": "None", "flagged": false }, "geometry": { "type": "Polygon", "coordinates": [ [ [ -114.201325097809047, 55.326994828201926 ], [ -114.101325097809053, 55.326994828201926 ], [ -114.101325097809053, 55.426994828201927 ], [ -114.201325097809047, 55.426994828201927 ], [ -114.201325097809047, 55.326994828201926 ] ] ] } },
{ "type": "Feature", "properties": { "value": "NA", "label": "No Data", "color": "#D3D3D3", "timestamp": "2026-09-16 14:00:00", "generated_at": "2026-09-16T20:31:32.792111", "nearest_km": 187.3425980667329, "n_points": 0, "weight_sum": 0.0, "confidence": "None", "flagged": false }, "geometry": { "type": "Polygon", "coordinates": [ [ [ -114.101325097809053, 55.326994828201926 ], [ -114.001325097809058, 55.326994828201926 ], [ -114.001325097809058, 55.426994828201927 ], [ -114.101325097809053, 55.426994828201927 ], [ -114.101325097809053, 55.326994828201926 ] ] ] } },
{ "type": "Feature", "properties": { "value": "NA", "label": "No Data", "color": "#D3D3D3", "timestamp": "2026-09-16 14:00:00", "generated_at": "2026-09-16T20:31:32.792111", "nearest_km": 182.15267133762205, "n_points": 0, "weight_sum": 0.0, "confidence": "None", "flagged": false }, "geometry": { "type": "Polygon", "coordinates": [ [ [ -114.001325097809058, 55.326994828201926 ], [ -113.901325097809064, 55.326994828201926 ], [ -113.901325097809064, 55.426994828201927 ], [ -114.001325097809058, 55.426994828201927 ], [ -114.001325097809058, 55.326994828201926 ] ] ] } },
{ "type": "Feature", "properties": { "value": "NA", "label": "No Data", "color": "#D3D3D3", "timestamp": "2026-09-16 14:00:00", "generated_at": "2026-09-16T20:31:32.792111", "nearest_km": 176.34112733225558, "n_points": 0, "weight_sum": 0.0, "confidence": "None", "flagged": false }, "geometry": { "type": "Polygon", "coordinates": [ [ [ -113.901325097809064, 55.326994828201926 ], [ -113.80132509780907, 55.326994828201926 ], [ -113.80132509780907, 55.426994828201927 ], [ -113.901325097809064, 55.426994828201927 ], [ -113.901325097809064, 55.326994828201926 ] ] ] } },
{ "type": "Feature", "properties": { "value": "NA", "label": "No Data", "color": "#D3D3D3", "timestamp": "2026-09-16 14:00:00", "generated_at": "2026-09-16T20:31:32.792111", "nearest_km": 171.05323937941012, "n_points": 0, "weight_sum": 0.0, "confidence": "None", "flagged": false }, "geometry": { "type": "Polygon", "coordinates": [ [ [ -113.80132509780907, 55.326994828201926 ], [ -113.701325097809075, 55.326994828201926 ], [ -113.701325097809075, 55.426994828201927 ], [ -113.80132509780907, 55.426994828201927 ], [ -113.80132509780907, 55.326994828201926 ] ] ] } },
{ "type": "Feature", "properties": { "value": "NA", "label": "No Data", "color": "#D3D3D3", "timestamp": "2026-09-16 14:00:00", "generated_at": "2026-09-16T20:31:32.792111", "nearest_km": 166.33895579679694, "n_points": 0, "weight_sum": 0.0, "confidence": "None", "flagged": false }, "geometry": { "type": "Polygon", "coordinates": [ [ [ -113.701325097809075, 55.326994828201926 ], [ -113.601325097809081, 55.326994828201926 ], [ -113.601325097809081, 55.426994828201927 ], [ -113.701325097809075, 55.426994828201927 ], [ -113.701325097809075, 55.326994828201926 ] ] ] } },
{ "type": "Feature", "properties": { "value": "NA", "label": "No Data", "color": "#D3D3D3", "timestamp": "2026-09-16 14:00:00", "generated_at": "2026-09-16T20:31:32.792111", "nearest_km": 162.24828420956479, "n_points": 0, "weight_sum": 0.0, "confidence": "None", "flagged": false }, "geometry": { "type": "Polygon", "coordinates": [ [ [ -113.601325097809081, 55.326994828201926 ], [ -113.501325097809087, 55.326994828201926 ], [ -113.501325097809087, 55.426994828201927 ], [ -113.601325097809081, 55.426994828201927 ], [ -113.601325097809081, 55.326994828201926 ] ] ] } },
{ "type": "Feature", "properties": { "value": "NA", "label": "No Data", "color": "#D3D3D3", "timestamp": "2026-09-16 14:00:00", "generated_at": "2026-09-16T20:31:32.792111", "nearest_km": 158.82941554487516, "n_points": 0, "weight_sum": 0.0, "confidence": "None", "flagged": false }, "geometry": { "type": "Polygon", "coordinates": [ [ [ -113.501325097809087, 55.326994828201926 ], [ -113.401325097809092, 55.326994828201926 ], [ -113.401325097809092, 55.426994828201927 ], [ -113.501325097809087, 55.426994828201927 ], [ -113.501325097809087, 55.326994828201926 ] ] ] } },
{ "type": "Feature", "properties": { "value": "NA", "label": "No Data", "color": "#D3D3D3", "timestamp": "2026-09-16 14:00:00", "generated_at": "2026-09-16T20:31:32.792111", "nearest_km": 202.81523469981011, "n_points": 0, "weight_sum": 0.0, "confidence": "None", "flagged": false }, "geometry": { "type": "Polygon", "coordinates": [ [ [ -115.301325097808984, 55.426994828201927 ], [ -115.20132509780899, 55.426994828201927 ], [ -115.20132509780899, 55.526994828201929 ], [ -115.301325097808984, 55.526994828201929 ], [ -115.301325097808984, 55.426994828201927 ] ] ] } },
{ "type": "Feature", "properties": { "value": "NA", "label": "No Data", "color": "#D3D3D3", "timestamp": "2026-09-16 14:00:00", "generated_at": "2026-09-16T20:31:32.792111", "nearest_km": 212.06985815131276, "n_points": 0, "weight_sum": 0.0, "confidence": "None", "flagged": false }, "geometry": { "type": "Polygon", "coordinates": [ [ [ -115.20132509780899, 55.426994828201927 ], [ -115.101325097808996, 55.426994828201927 ], [ -115.101325097808996, 55.526994828201929 ], [ -115.20132509780899, 55.526994828201929 ], [ -115.20132509780899, 55.426994828201927 ] ] ] } },
{ "type": "Feature", "properties": { "value": "NA", "label": "No Data", "color": "#D3D3D3", "timestamp": "2026-09-16 14:00:00", "generated_at": "2026-09-16T20:31:32.792111", "nearest_km": 221.49413095225964, "n_points": 0, "weight_sum": 0.0, "confidence": "None", "flagged": false }, "geometry": { "type": "Polygon", "coordinates": [ [ [ -115.101325097808996, 55.426994828201927 ], [ -115.001325097809001, 55.426994828201927 ], [ -115.001325097809001, 55.526994828201929 ], [ -115.101325097808996, 55.526994828201929 ], [ -115.101325097808996, 55.426994828201927 ] ] ] } },
{ "type": "Feature", "properties": { "value": "NA", "label": "No Data", "color": "#D3D3D3", "timestamp": "2026-09-16 14:00:00", "generated_at": "2026-09-16T20:31:32.792111", "nearest_km": 231.06729616342412, "n_points": 0, "weight_sum": 0.0, "confidence": "None", "flagged": false }, "geometry": { "type": "Polygon", "coordinates": [ [ [ -115.001325097809001, 55.426994828201927 ], [ -114.901325097809007, 55.426994828201927 ], [ -114.901325097809007, 55.526994828201929 ], [ -115.001325097809001, 55.526994828201929 ], [ -115.001325097809001, 55.426994828201927 ] ] ] } },
{ "type": "Feature", "properties": { "value": "NA", "label": "No Data", "color": "#D3D3D3", "timestamp": "2026-09-16 14:00:00", "generated_at": "2026-09-16T20:31:32.792111", "nearest_km": 240.77159439239156, "n_points": 0, "weight_sum": 0.0, "confidence": "None", "flagged": false }, "geometry": { "type": "Polygon", "coordinates": [ [ [ -114.901325097809007, 55.426994828201927 ], [ -114.801325097809013, 55.426994828201927 ], [ -114.801325097809013, 55.526994828201929 ], [ -114.901325097809007, 55.526994828201929 ], [ -114.901325097809007, 55.426994828201927 ] ] ] } },
{ "type": "Feature", "properties": { "value": "NA", "label": "No Data", "color": "#D3D3D3", "timestamp": "2026-09-16 14:00:00", "generated_at": "2026-09-16T20:31:32.792111", "nearest_km": 239.48167133660095, "n_points": 0, "weight_sum": 0.0, "confidence": "None", "flagged": false }, "geometry": { "type": "Polygon", "coordinates": [ [ [ -114.801325097809013, 55.426994828201927 ], [ -114.701325097809018, 55.426994828201927 ], [ -114.701325097809018, 55.526994828201929 ], [ -114.801325097809013, 55.526994828201929 ], [ -114.801325097809013, 55.426994828201927 ] ] ] } },
{ "type": "Feature", "properties": { "value": "NA", "label": "No Data", "color": "#D3D3D3", "timestamp": "2026-09-16 14:00:00", "generated_at": "2026-09-16T20:31:32.792111", "nearest_km": 233.54601363729364, "n_points": 0, "weight_sum": 0.0, "confidence": "None", "flagged": false }, "geometry": { "type": "Polygon", "coordinates": [ [ [ -114.701325097809018, 55.426994828201927 ], [ -114.601325097809024, 55.426994828201927 ], [ -114.601325097809024, 55.526994828201929 ], [ -114.701325097809018, 55.526994828201929 ], [ -114.701325097809018, 55.426994828201927 ] ] ] } },
{ "type": "Feature", "properties": { "value": "NA", "label": "No Data", "color": "#D3D3D3", "timestamp": "2026-09-16 14:00:00", "generated_at": "2026-09-16T20:31:32.792111", "nearest_km": 227.01259460645156, "n_points": 0, "weight_sum": 0.0, "confidence": "None", "flagged": false }, "geometry": { "type": "Polygon", "coordinates": [ [ [ -114.601325097809024, 55.426994828201927 ], [ -114.50132509780903, 55.426994828201927 ], [ -114.50132509780903, 55.526994828201929 ], [ -114.601325097809024, 55.526994828201929 ], [ -114.601325097809024, 55.426994828201927 ] ] ] } },
{ "type": "Feature", "properties": { "value": "NA", "label": "No Data", "color": "#D3D3D3", "timestamp": "2026-09-16 14:00:00", "generated_at": "2026-09-16T20:31:32.792111", "nearest_km": 220.26839304523989, "n_points": 0, "weight_sum": 0.0, "confidence": "None", "flagged": false }, "geometry": { "type": "Polygon", "coordinates": [ [ [ -114.50132509780903, 55.426994828201927 ], [ -114.401325097809035, 55.426994828201927 ], [ -114.401325097809035, 55.526994828201929 ], [ -114.50132509780903, 55.526994828201929 ], [ -114.50132509780903, 55.426994828201927 ] ] ] } },
{ "type": "Feature", "properties": { "value": "NA", "label": "No Data", "color": "#D3D3D3", "timestamp": "2026-09-16 14:00:00", "generated_at": "2026-09-16T20:31:32.792111", "nearest_km": 213.8878954955409, "n_points": 0, "weight_sum": 0.0, "confidence": "None", "flagged": false }, "geometry": { "type": "Polygon", "coordinates": [ [ [ -114.401325097809035, 55.426994828201927 ], [ -114.301325097809041, 55.426994828201927 ], [ -114.301325097809041, 55.526994828201929 ], [ -114.401325097809035, 55.526994828201929 ], [ -114.401325097809035, 55.426994828201927 ] ] ] } },
{ "type": "Feature", "properties": { "value": "NA", "label": "No Data", "color": "#D3D3D3", "timestamp": "2026-09-16 14:00:00", "generated_at": "2026-09-16T20:31:32.792111", "nearest_km": 207.90459038773182, "n_points": 0, "weight_sum": 0.0, "confidence": "None", "flagged": false }, "geometry": { "type": "Polygon", "coordinates": [ [ [ -114.301325097809041, 55.426994828201927 ], [ -114.201325097809047, 55.426994828201927 ], [ -114.201325097809047, 55.526994828201929 ], [ -114.301325097809041, 55.526994828201929 ], [ -114.301325097809041, 55.426994828201927 ] ] ] } },
{ "type": "Feature", "properties": { "value": "NA", "label": "No Data", "color": "#D3D3D3", "timestamp": "2026-09-16 14:00:00", "generated_at": "2026-09-16T20:31:32.792111", "nearest_km": 202.35371399870479, "n_points": 0, "weight_sum": 0.0, "confidence": "None", "flagged": false }, "geometry": { "type": "Polygon", "coordinates": [ [ [ -114.201325097809047, 55.426994828201927 ], [ -114.101325097809053, 55.426994828201927 ], [ -114.101325097809053, 55.526994828201929 ], [ -114.201325097809047, 55.526994828201929 ], [ -114.201325097809047, 55.426994828201927 ] ] ] } },
{ "type": "Feature", "properties": { "value": "NA", "label": "No Data", "color": "#D3D3D3", "timestamp": "2026-09-16 14:00:00", "generated_at": "2026-09-16T20:31:32.792111", "nearest_km": 197.27177302860304, "n_points": 0, "weight_sum": 0.0, "confidence": "None", "flagged": false }, "geometry": { "type": "Polygon", "coordinates": [ [ [ -114.101325097809053, 55.426994828201927 ], [ -114.001325097809058, 55.426994828201927 ], [ -114.001325097809058, 55.526994828201929 ], [ -114.101325097809053, 55.526994828201929 ], [ -114.101325097809053, 55.426994828201927 ] ] ] } },
{ "type": "Feature", "properties": { "value": "NA", "label": "No Data", "color": "#D3D3D3", "timestamp": "2026-09-16 14:00:00", "generated_at": "2026-09-16T20:31:32.792111", "nearest_km": 191.55019443552388, "n_points": 0, "weight_sum": 0.0, "confidence": "None", "flagged": false }, "geometry": { "type": "Polygon", "coordinates": [ [ [ -114.001325097809058, 55.426994828201927 ], [ -113.901325097809064, 55.426994828201927 ], [ -113.901325097809064, 55.526994828201929 ], [ -114.001325097809058, 55.526994828201929 ], [ -114.001325097809058, 55.426994828201927 ] ] ] } },
{ "type": "Feature", "properties": { "value": "NA", "label": "No Data", "color": "#D3D3D3", "timestamp": "2026-09-16 14:00:00", "generated_at": "2026-09-16T20:31:32.792111", "nearest_km": 186.03245550619931, "n_points": 0, "weight_sum": 0.0, "confidence": "None", "flagged": false }, "geometry": { "type": "Polygon", "coordinates": [ [ [ -113.901325097809064, 55.426994828201927 ], [ -113.80132509780907, 55.426994828201927 ], [ -113.80132509780907, 55.526994828201929 ], [ -113.901325097809064, 55.526994828201929 ], [ -113.901325097809064, 55.426994828201927 ] ] ] } },
{ "type": "Feature", "properties": { "value": "NA", "label": "No Data", "color": "#D3D3D3", "timestamp": "2026-09-16 14:00:00", "generated_at": "2026-09-16T20:31:32.792111", "nearest_km": 181.02787634793992, "n_points": 0, "weight_sum": 0.0, "confidence": "None", "flagged": false }, "geometry": { "type": "Polygon", "coordinates": [ [ [ -113.80132509780907, 55.426994828201927 ], [ -113.701325097809075, 55.426994828201927 ], [ -113.701325097809075, 55.526994828201929 ], [ -113.80132509780907, 55.526994828201929 ], [ -113.80132509780907, 55.426994828201927 ] ] ] } },
{ "type": "Feature", "properties": { "value": "NA", "label": "No Data", "color": "#D3D3D3", "timestamp": "2026-09-16 14:00:00", "generated_at": "2026-09-16T20:31:32.792111", "nearest_km": 176.58009380568356, "n_points": 0, "weight_sum": 0.0, "confidence": "None", "flagged": false }, "geometry": { "type": "Polygon", "coordinates": [ [ [ -113.701325097809075, 55.426994828201927 ], [ -113.601325097809081, 55.426994828201927 ], [ -113.601325097809081, 55.526994828201929 ], [ -113.701325097809075, 55.526994828201929 ], [ -113.701325097809075, 55.426994828201927 ] ] ] } },
{ "type": "Feature", "properties": { "value": "NA", "label": "No Data", "color": "#D3D3D3", "timestamp": "2026-09-16 14:00:00", "generated_at": "2026-09-16T20:31:32.792111", "nearest_km": 172.73212510069732, "n_points": 0, "weight_sum": 0.0, "confidence": "None", "flagged": false }, "geometry": { "type": "Polygon", "coordinates": [ [ [ -113.601325097809081, 55.426994828201927 ], [ -113.501325097809087, 55.426994828201927 ], [ -113.501325097809087, 55.526994828201929 ], [ -113.601325097809081, 55.526994828201929 ], [ -113.601325097809081, 55.426994828201927 ] ] ] } },
{ "type": "Feature", "properties": { "value": "NA", "label": "No Data", "color": "#D3D3D3", "timestamp": "2026-09-16 14:00:00", "generated_at": "2026-09-16T20:31:32.792111", "nearest_km": 169.52481987951458, "n_points": 0, "weight_sum": 0.0, "confidence": "None", "flagged": false }, "geometry": { "type": "Polygon", "coordinates": [ [ [ -113.501325097809087, 55.426994828201927 ], [ -113.401325097809092, 55.426994828201927 ], [ -113.401325097809092, 55.526994828201929 ], [ -113.501325097809087, 55.526994828201929 ], [ -113.501325097809087, 55.426994828201927 ] ] ] } },
{ "type": "Feature", "properties": { "value": "NA", "label": "No Data", "color": "#D3D3D3", "timestamp": "2026-09-16 14:00:00", "generated_at": "2026-09-16T20:31:32.792111", "nearest_km": 209.28224648926695, "n_points": 0, "weight_sum": 0.0, "confidence": "None", "flagged": false }, "geometry": { "type": "Polygon", "coordinates": [ [ [ -115.301325097808984, 55.526994828201929 ], [ -115.20132509780899, 55.526994828201929 ], [ -115.20132509780899, 55.62699482820193 ], [ -115.301325097808984, 55.62699482820193 ], [ -115.301325097808984, 55.526994828201929 ] ] ] } },
{ "type": "Feature", "properties": { "value": "NA", "label": "No Data", "color": "#D3D3D3", "timestamp": "2026-09-16 14:00:00", "generated_at": "2026-09-16T20:31:32.792111", "nearest_km": 218.26283239611172, "n_points": 0, "weight_sum": 0.0, "confidence": "None", "flagged": false }, "geometry": { "type": "Polygon", "coordinates": [ [ [ -115.20132509780899, 55.526994828201929 ], [ -115.101325097808996, 55.526994828201929 ], [ -115.101325097808996, 55.62699482820193 ], [ -115.20132509780899, 55.62699482820193 ], [ -115.20132509780899, 55.526994828201929 ] ] ] } },
{ "type": "Feature", "properties": { "value": "NA", "label": "No Data", "color": "#D3D3D3", "timestamp": "2026-09-16 14:00:00", "generated_at": "2026-09-16T20:31:32.792111", "nearest_km": 227.43062528066, "n_points": 0, "weight_sum": 0.0, "confidence": "None", "flagged": false }, "geometry": { "type": "Polygon", "coordinates": [ [ [ -115.101325097808996, 55.526994828201929 ], [ -115.001325097809001, 55.526994828201929 ], [ -115.001325097809001, 55.62699482820193 ], [ -115.101325097808996, 55.62699482820193 ], [ -115.101325097808996, 55.526994828201929 ] ] ] } },
{ "type": "Feature", "properties": { "value": "NA", "label": "No Data", "color": "#D3D3D3", "timestamp": "2026-09-16 14:00:00", "generated_at": "2026-09-16T20:31:32.792111", "nearest_km": 236.76387947812219, "n_points": 0, "weight_sum": 0.0, "confidence": "None", "flagged": false }, "geometry": { "type": "Polygon", "coordinates": [ [ [ -115.001325097809001, 55.526994828201929 ], [ -114.901325097809007, 55.526994828201929 ], [ -114.901325097809007, 55.62699482820193 ], [ -115.001325097809001, 55.62699482820193 ], [ -115.001325097809001, 55.526994828201929 ] ] ] } },
{ "type": "Feature", "properties": { "value": "NA", "label": "No Data", "color": "#D3D3D3", "timestamp": "2026-09-16 14:00:00", "generated_at": "2026-09-16T20:31:32.792111", "nearest_km": 246.24378151642642, "n_points": 0, "weight_sum": 0.0, "confidence": "None", "flagged": false }, "geometry": { "type": "Polygon", "coordinates": [ [ [ -114.901325097809007, 55.526994828201929 ], [ -114.801325097809013, 55.526994828201929 ], [ -114.801325097809013, 55.62699482820193 ], [ -114.901325097809007, 55.62699482820193 ], [ -114.901325097809007, 55.526994828201929 ] ] ] } },
{ "type": "Feature", "properties": { "value": "NA", "label": "No Data", "color": "#D3D3D3", "timestamp": "2026-09-16 14:00:00", "generated_at": "2026-09-16T20:31:32.792111", "nearest_km": 248.81779813065424, "n_points": 0, "weight_sum": 0.0, "confidence": "None", "flagged": false }, "geometry": { "type": "Polygon", "coordinates": [ [ [ -114.801325097809013, 55.526994828201929 ], [ -114.701325097809018, 55.526994828201929 ], [ -114.701325097809018, 55.62699482820193 ], [ -114.801325097809013, 55.62699482820193 ], [ -114.801325097809013, 55.526994828201929 ] ] ] } },
{ "type": "Feature", "properties": { "value": "NA", "label": "No Data", "color": "#D3D3D3", "timestamp": "2026-09-16 14:00:00", "generated_at": "2026-09-16T20:31:32.792111", "nearest_km": 242.61701224075193, "n_points": 0, "weight_sum": 0.0, "confidence": "None", "flagged": false }, "geometry": { "type": "Polygon", "coordinates": [ [ [ -114.701325097809018, 55.526994828201929 ], [ -114.601325097809024, 55.526994828201929 ], [ -114.601325097809024, 55.62699482820193 ], [ -114.701325097809018, 55.62699482820193 ], [ -114.701325097809018, 55.526994828201929 ] ] ] } },
{ "type": "Feature", "properties": { "value": "NA", "label": "No Data", "color": "#D3D3D3", "timestamp": "2026-09-16 14:00:00", "generated_at": "2026-09-16T20:31:32.792111", "nearest_km": 235.79661043663958, "n_points": 0, "weight_sum": 0.0, "confidence": "None", "flagged": false }, "geometry": { "type": "Polygon", "coordinates": [ [ [ -114.601325097809024, 55.526994828201929 ], [ -114.50132509780903, 55.526994828201929 ], [ -114.50132509780903, 55.62699482820193 ], [ -114.601325097809024, 55.62699482820193 ], [ -114.601325097809024, 55.526994828201929 ] ] ] } },
{ "type": "Feature", "properties": { "value": "NA", "label": "No Data", "color": "#D3D3D3", "timestamp": "2026-09-16 14:00:00", "generated_at": "2026-09-16T20:31:32.792111", "nearest_km": 229.3108989084198, "n_points": 0, "weight_sum": 0.0, "confidence": "None", "flagged": false }, "geometry": { "type": "Polygon", "coordinates": [ [ [ -114.50132509780903, 55.526994828201929 ], [ -114.401325097809035, 55.526994828201929 ], [ -114.401325097809035, 55.62699482820193 ], [ -114.50132509780903, 55.62699482820193 ], [ -114.50132509780903, 55.526994828201929 ] ] ] } },
{ "type": "Feature", "properties": { "value": "NA", "label": "No Data", "color": "#D3D3D3", "timestamp": "2026-09-16 14:00:00", "generated_at": "2026-09-16T20:31:32.792111", "nearest_km": 223.1890571308698, "n_points": 0, "weight_sum": 0.0, "confidence": "None", "flagged": false }, "geometry": { "type": "Polygon", "coordinates": [ [ [ -114.401325097809035, 55.526994828201929 ], [ -114.301325097809041, 55.526994828201929 ], [ -114.301325097809041, 55.62699482820193 ], [ -114.401325097809035, 55.62699482820193 ], [ -114.401325097809035, 55.526994828201929 ] ] ] } },
{ "type": "Feature", "properties": { "value": "NA", "label": "No Data", "color": "#D3D3D3", "timestamp": "2026-09-16 14:00:00", "generated_at": "2026-09-16T20:31:32.792111", "nearest_km": 217.46181753987477, "n_points": 0, "weight_sum": 0.0, "confidence": "None", "flagged": false }, "geometry": { "type": "Polygon", "coordinates": [ [ [ -114.301325097809041, 55.526994828201929 ], [ -114.201325097809047, 55.526994828201929 ], [ -114.201325097809047, 55.62699482820193 ], [ -114.301325097809041, 55.62699482820193 ], [ -114.301325097809041, 55.526994828201929 ] ] ] } },
{ "type": "Feature", "properties": { "value": "NA", "label": "No Data", "color": "#D3D3D3", "timestamp": "2026-09-16 14:00:00", "generated_at": "2026-09-16T20:31:32.792111", "nearest_km": 212.1611391195967, "n_points": 0, "weight_sum": 0.0, "confidence": "None", "flagged": false }, "geometry": { "type": "Polygon", "coordinates": [ [ [ -114.201325097809047, 55.526994828201929 ], [ -114.101325097809053, 55.526994828201929 ], [ -114.101325097809053, 55.62699482820193 ], [ -114.201325097809047, 55.62699482820193 ], [ -114.201325097809047, 55.526994828201929 ] ] ] } },
{ "type": "Feature", "properties": { "value": "NA", "label": "No Data", "color": "#D3D3D3", "timestamp": "2026-09-16 14:00:00", "generated_at": "2026-09-16T20:31:32.792111", "nearest_km": 206.83230112282556, "n_points": 0, "weight_sum": 0.0, "confidence": "None", "flagged": false }, "geometry": { "type": "Polygon", "coordinates": [ [ [ -114.101325097809053, 55.526994828201929 ], [ -114.001325097809058, 55.526994828201929 ], [ -114.001325097809058, 55.62699482820193 ], [ -114.101325097809053, 55.62699482820193 ], [ -114.101325097809053, 55.526994828201929 ] ] ] } },
{ "type": "Feature", "properties": { "value": "NA", "label": "No Data", "color": "#D3D3D3", "timestamp": "2026-09-16 14:00:00", "generated_at": "2026-09-16T20:31:32.792111", "nearest_km": 201.12130245486736, "n_points": 0, "weight_sum": 0.0, "confidence": "None", "flagged": false }, "geometry": { "type": "Polygon", "coordinates": [ [ [ -114.001325097809058, 55.526994828201929 ], [ -113.901325097809064, 55.526994828201929 ], [ -113.901325097809064, 55.62699482820193 ], [ -114.001325097809058, 55.62699482820193 ], [ -114.001325097809058, 55.526994828201929 ] ] ] } },
{ "type": "Feature", "properties": { "value": "NA", "label": "No Data", "color": "#D3D3D3", "timestamp": "2026-09-16 14:00:00", "generated_at": "2026-09-16T20:31:32.792111", "nearest_km": 195.87336678201373, "n_points": 0, "weight_sum": 0.0, "confidence": "None", "flagged": false }, "geometry": { "type": "Polygon", "coordinates": [ [ [ -113.901325097809064, 55.526994828201929 ], [ -113.80132509780907, 55.526994828201929 ], [ -113.80132509780907, 55.62699482820193 ], [ -113.901325097809064, 55.62699482820193 ], [ -113.901325097809064, 55.526994828201929 ] ] ] } },
{ "type": "Feature", "properties": { "value": "NA", "label": "No Data", "color": "#D3D3D3", "timestamp": "2026-09-16 14:00:00", "generated_at": "2026-09-16T20:31:32.792111", "nearest_km": 191.12664211956499, "n_points": 0, "weight_sum": 0.0, "confidence": "None", "flagged": false }, "geometry": { "type": "Polygon", "coordinates": [ [ [ -113.80132509780907, 55.526994828201929 ], [ -113.701325097809075, 55.526994828201929 ], [ -113.701325097809075, 55.62699482820193 ], [ -113.80132509780907, 55.62699482820193 ], [ -113.80132509780907, 55.526994828201929 ] ] ] } },
{ "type": "Feature", "properties": { "value": "NA", "label": "No Data", "color": "#D3D3D3", "timestamp": "2026-09-16 14:00:00", "generated_at": "2026-09-16T20:31:32.792111", "nearest_km": 186.91931639421128, "n_points": 0, "weight_sum": 0.0, "confidence": "None", "flagged": false }, "geometry": { "type": "Polygon", "coordinates": [ [ [ -113.701325097809075, 55.526994828201929 ], [ -113.601325097809081, 55.526994828201929 ], [ -113.601325097809081, 55.62699482820193 ], [ -113.701325097809075, 55.62699482820193 ], [ -113.701325097809075, 55.526994828201929 ] ] ] } },
{ "type": "Feature", "properties": { "value": "NA", "label": "No Data", "color": "#D3D3D3", "timestamp": "2026-09-16 14:00:00", "generated_at": "2026-09-16T20:31:32.792111", "nearest_km": 183.28853852507581, "n_points": 0, "weight_sum": 0.0, "confidence": "None", "flagged": false }, "geometry": { "type": "Polygon", "coordinates": [ [ [ -113.601325097809081, 55.526994828201929 ], [ -113.501325097809087, 55.526994828201929 ], [ -113.501325097809087, 55.62699482820193 ], [ -113.601325097809081, 55.62699482820193 ], [ -113.601325097809081, 55.526994828201929 ] ] ] } },
{ "type": "Feature", "properties": { "value": "NA", "label": "No Data", "color": "#D3D3D3", "timestamp": "2026-09-16 14:00:00", "generated_at": "2026-09-16T20:31:32.792111", "nearest_km": 180.26914840880877, "n_points": 0, "weight_sum": 0.0, "confidence": "None", "flagged": false }, "geometry": { "type": "Polygon", "coordinates": [ [ [ -113.501325097809087, 55.526994828201929 ], [ -113.401325097809092, 55.526994828201929 ], [ -113.401325097809092, 55.62699482820193 ], [ -113.501325097809087, 55.62699482820193 ], [ -113.501325097809087, 55.526994828201929 ] ] ] } },
{ "type": "Feature", "properties": { "value": "NA", "label": "No Data", "color": "#D3D3D3", "timestamp": "2026-09-16 14:00:00", "generated_at": "2026-09-16T20:31:32.792111", "nearest_km": 216.12616214805999, "n_points": 0, "weight_sum": 0.0, "confidence": "None", "flagged": false }, "geometry": { "type": "Polygon", "coordinates": [ [ [ -115.301325097808984, 55.62699482820193 ], [ -115.20132509780899, 55.62699482820193 ], [ -115.20132509780899, 55.726994828201931 ], [ -115.301325097808984, 55.726994828201931 ], [ -115.301325097808984, 55.62699482820193 ] ] ] } },
{ "type": "Feature", "properties": { "value": "NA", "label": "No Data", "color": "#D3D3D3", "timestamp": "2026-09-16 14:00:00", "generated_at": "2026-09-16T20:31:32.792111", "nearest_km": 224.83354570621441, "n_points": 0, "weight_sum": 0.0, "confidence": "None", "flagged": false }, "geometry": { "type": "Polygon", "coordinates": [ [ [ -115.20132509780899, 55.62699482820193 ], [ -115.101325097808996, 55.62699482820193 ], [ -115.101325097808996, 55.726994828201931 ], [ -115.20132509780899, 55.726994828201931 ], [ -115.20132509780899, 55.62699482820193 ] ] ] } },
{ "type": "Feature", "properties": { "value": "NA", "label": "No Data", "color": "#D3D3D3", "timestamp": "2026-09-16 14:00:00", "generated_at": "2026-09-16T20:31:32.792111", "nearest_km": 233.74376694322189, "n_points": 0, "weight_sum": 0.0, "confidence": "None", "flagged": false }, "geometry": { "type": "Polygon", "coordinates": [ [ [ -115.101325097808996, 55.62699482820193 ], [ -115.001325097809001, 55.62699482820193 ], [ -115.001325097809001, 55.726994828201931 ], [ -115.101325097808996, 55.726994828201931 ], [ -115.101325097808996, 55.62699482820193 ] ] ] } },
{ "type": "Feature", "properties": { "value": "NA", "label": "No Data", "color": "#D3D3D3", "timestamp": "2026-09-16 14:00:00", "generated_at": "2026-09-16T20:31:32.792111", "nearest_km": 242.83449897983201, "n_points": 0, "weight_sum": 0.0, "confidence": "None", "flagged": false }, "geometry": { "type": "Polygon", "coordinates": [ [ [ -115.001325097809001, 55.62699482820193 ], [ -114.901325097809007, 55.62699482820193 ], [ -114.901325097809007, 55.726994828201931 ], [ -115.001325097809001, 55.726994828201931 ], [ -115.001325097809001, 55.62699482820193 ] ] ] } },
{ "type": "Feature", "properties": { "value": "NA", "label": "No Data", "color": "#D3D3D3", "timestamp": "2026-09-16 14:00:00", "generated_at": "2026-09-16T20:31:32.792111", "nearest_km": 252.08621383321383, "n_points": 0, "weight_sum": 0.0, "confidence": "None", "flagged": false }, "geometry": { "type": "Polygon", "coordinates": [ [ [ -114.901325097809007, 55.62699482820193 ], [ -114.801325097809013, 55.62699482820193 ], [ -114.801325097809013, 55.726994828201931 ], [ -114.901325097809007, 55.726994828201931 ], [ -114.901325097809007, 55.62699482820193 ] ] ] } },
{ "type": "Feature", "properties": { "value": "NA", "label": "No Data", "color": "#D3D3D3", "timestamp": "2026-09-16 14:00:00", "generated_at": "2026-09-16T20:31:32.792111", "nearest_km": 258.23274607862032, "n_points": 0, "weight_sum": 0.0, "confidence": "None", "flagged": false }, "geometry": { "type": "Polygon", "coordinates": [ [ [ -114.801325097809013, 55.62699482820193 ], [ -114.701325097809018, 55.62699482820193 ], [ -114.701325097809018, 55.726994828201931 ], [ -114.801325097809013, 55.726994828201931 ], [ -114.801325097809013, 55.62699482820193 ] ] ] } },
{ "type": "Feature", "properties": { "value": "NA", "label": "No Data", "color": "#D3D3D3", "timestamp": "2026-09-16 14:00:00", "generated_at": "2026-09-16T20:31:32.792111", "nearest_km": 251.34589316733314, "n_points": 0, "weight_sum": 0.0, "confidence": "None", "flagged": false }, "geometry": { "type": "Polygon", "coordinates": [ [ [ -114.701325097809018, 55.62699482820193 ], [ -114.601325097809024, 55.62699482820193 ], [ -114.601325097809024, 55.726994828201931 ], [ -114.701325097809018, 55.726994828201931 ], [ -114.701325097809018, 55.62699482820193 ] ] ] } },
{ "type": "Feature", "properties": { "value": "NA", "label": "No Data", "color": "#D3D3D3", "timestamp": "2026-09-16 14:00:00", "generated_at": "2026-09-16T20:31:32.792111", "nearest_km": 244.76883967707903, "n_points": 0, "weight_sum": 0.0, "confidence": "None", "flagged": false }, "geometry": { "type": "Polygon", "coordinates": [ [ [ -114.601325097809024, 55.62699482820193 ], [ -114.50132509780903, 55.62699482820193 ], [ -114.50132509780903, 55.726994828201931 ], [ -114.601325097809024, 55.726994828201931 ], [ -114.601325097809024, 55.62699482820193 ] ] ] } },
{ "type": "Feature", "properties": { "value": "NA", "label": "No Data", "color": "#D3D3D3", "timestamp": "2026-09-16 14:00:00", "generated_at": "2026-09-16T20:31:32.792111", "nearest_km": 238.52721383867873, "n_points": 0, "weight_sum": 0.0, "confidence": "None", "flagged": false }, "geometry": { "type": "Polygon", "coordinates": [ [ [ -114.50132509780903, 55.62699482820193 ], [ -114.401325097809035, 55.62699482820193 ], [ -114.401325097809035, 55.726994828201931 ], [ -114.50132509780903, 55.726994828201931 ], [ -114.50132509780903, 55.62699482820193 ] ] ] } },
{ "type": "Feature", "properties": { "value": "NA", "label": "No Data", "color": "#D3D3D3", "timestamp": "2026-09-16 14:00:00", "generated_at": "2026-09-16T20:31:32.792111", "nearest_km": 232.64801440464078, "n_points": 0, "weight_sum": 0.0, "confidence": "None", "flagged": false }, "geometry": { "type": "Polygon", "coordinates": [ [ [ -114.401325097809035, 55.62699482820193 ], [ -114.301325097809041, 55.62699482820193 ], [ -114.301325097809041, 55.726994828201931 ], [ -114.401325097809035, 55.726994828201931 ], [ -114.401325097809035, 55.62699482820193 ] ] ] } },
{ "type": "Feature", "properties": { "value": "NA", "label": "No Data", "color": "#D3D3D3", "timestamp": "2026-09-16 14:00:00", "generated_at": "2026-09-16T20:31:32.792111", "nearest_km": 227.15938340997721, "n_points": 0, "weight_sum": 0.0, "confidence": "None", "flagged": false }, "geometry": { "type": "Polygon", "coordinates": [ [ [ -114.301325097809041, 55.62699482820193 ], [ -114.201325097809047, 55.62699482820193 ], [ -114.201325097809047, 55.726994828201931 ], [ -114.301325097809041, 55.726994828201931 ], [ -114.301325097809041, 55.62699482820193 ] ] ] } },
{ "type": "Feature", "properties": { "value": "NA", "label": "No Data", "color": "#D3D3D3", "timestamp": "2026-09-16 14:00:00", "generated_at": "2026-09-16T20:31:32.792111", "nearest_km": 222.09027969719909, "n_points": 0, "weight_sum": 0.0, "confidence": "None", "flagged": false }, "geometry": { "type": "Polygon", "coordinates": [ [ [ -114.201325097809047, 55.62699482820193 ], [ -114.101325097809053, 55.62699482820193 ], [ -114.101325097809053, 55.726994828201931 ], [ -114.201325097809047, 55.726994828201931 ], [ -114.201325097809047, 55.62699482820193 ] ] ] } },
{ "type": "Feature", "properties": { "value": "NA", "label": "No Data", "color": "#D3D3D3", "timestamp": "2026-09-16 14:00:00", "generated_at": "2026-09-16T20:31:32.792111", "nearest_km": 216.2968379348585, "n_points": 0, "weight_sum": 0.0, "confidence": "None", "flagged": false }, "geometry": { "type": "Polygon", "coordinates": [ [ [ -114.101325097809053, 55.62699482820193 ], [ -114.001325097809058, 55.62699482820193 ], [ -114.001325097809058, 55.726994828201931 ], [ -114.101325097809053, 55.726994828201931 ], [ -114.101325097809053, 55.62699482820193 ] ] ] } },
{ "type": "Feature", "properties": { "value": "NA", "label": "No Data", "color": "#D3D3D3", "timestamp": "2026-09-16 14:00:00", "generated_at": "2026-09-16T20:31:32.792111", "nearest_km": 210.84235725773297, "n_points": 0, "weight_sum": 0.0, "confidence": "None", "flagged": false }, "geometry": { "type": "Polygon", "coordinates": [ [ [ -114.001325097809058, 55.62699482820193 ], [ -113.901325097809064, 55.62699482820193 ], [ -113.901325097809064, 55.726994828201931 ], [ -114.001325097809058, 55.726994828201931 ], [ -114.001325097809058, 55.62699482820193 ] ] ] } },
{ "type": "Feature", "properties": { "value": "NA", "label": "No Data", "color": "#D3D3D3", "timestamp": "2026-09-16 14:00:00", "generated_at": "2026-09-16T20:31:32.792111", "nearest_km": 205.84240847642775, "n_points": 0, "weight_sum": 0.0, "confidence": "None", "flagged": false }, "geometry": { "type": "Polygon", "coordinates": [ [ [ -113.901325097809064, 55.62699482820193 ], [ -113.80132509780907, 55.62699482820193 ], [ -113.80132509780907, 55.726994828201931 ], [ -113.901325097809064, 55.726994828201931 ], [ -113.901325097809064, 55.62699482820193 ] ] ] } },
{ "type": "Feature", "properties": { "value": "NA", "label": "No Data", "color": "#D3D3D3", "timestamp": "2026-09-16 14:00:00", "generated_at": "2026-09-16T20:31:32.792111", "nearest_km": 201.33085864008908, "n_points": 0, "weight_sum": 0.0, "confidence": "None", "flagged": false }, "geometry": { "type": "Polygon", "coordinates": [ [ [ -113.80132509780907, 55.62699482820193 ], [ -113.701325097809075, 55.62699482820193 ], [ -113.701325097809075, 55.726994828201931 ], [ -113.80132509780907, 55.726994828201931 ], [ -113.80132509780907, 55.62699482820193 ] ] ] } },
{ "type": "Feature", "properties": { "value": "NA", "label": "No Data", "color": "#D3D3D3", "timestamp": "2026-09-16 14:00:00", "generated_at": "2026-09-16T20:31:32.792111", "nearest_km": 197.34120744065217, "n_points": 0, "weight_sum": 0.0, "confidence": "None", "flagged": false }, "geometry": { "type": "Polygon", "coordinates": [ [ [ -113.701325097809075, 55.62699482820193 ], [ -113.601325097809081, 55.62699482820193 ], [ -113.601325097809081, 55.726994828201931 ], [ -113.701325097809075, 55.726994828201931 ], [ -113.701325097809075, 55.62699482820193 ] ] ] } },
{ "type": "Feature", "properties": { "value": "NA", "label": "No Data", "color": "#D3D3D3", "timestamp": "2026-09-16 14:00:00", "generated_at": "2026-09-16T20:31:32.792111", "nearest_km": 193.90567208700591, "n_points": 0, "weight_sum": 0.0, "confidence": "None", "flagged": false }, "geometry": { "type": "Polygon", "coordinates": [ [ [ -113.601325097809081, 55.62699482820193 ], [ -113.501325097809087, 55.62699482820193 ], [ -113.501325097809087, 55.726994828201931 ], [ -113.601325097809081, 55.726994828201931 ], [ -113.601325097809081, 55.62699482820193 ] ] ] } },
{ "type": "Feature", "properties": { "value": "NA", "label": "No Data", "color": "#D3D3D3", "timestamp": "2026-09-16 14:00:00", "generated_at": "2026-09-16T20:31:32.792111", "nearest_km": 191.05414724860691, "n_points": 0, "weight_sum": 0.0, "confidence": "None", "flagged": false }, "geometry": { "type": "Polygon", "coordinates": [ [ [ -113.501325097809087, 55.62699482820193 ], [ -113.401325097809092, 55.62699482820193 ], [ -113.401325097809092, 55.726994828201931 ], [ -113.501325097809087, 55.726994828201931 ], [ -113.501325097809087, 55.62699482820193 ] ] ] } },
{ "type": "Feature", "properties": { "value": "NA", "label": "No Data", "color": "#D3D3D3", "timestamp": "2026-09-16 14:00:00", "generated_at": "2026-09-16T20:31:32.792111", "nearest_km": 231.74987064523603, "n_points": 0, "weight_sum": 0.0, "confidence": "None", "flagged": false }, "geometry": { "type": "Polygon", "coordinates": [ [ [ -115.20132509780899, 55.726994828201931 ], [ -115.101325097808996, 55.726994828201931 ], [ -115.101325097808996, 55.826994828201933 ], [ -115.20132509780899, 55.826994828201933 ], [ -115.20132509780899, 55.726994828201931 ] ] ] } },
{ "type": "Feature", "properties": { "value": "NA", "label": "No Data", "color": "#D3D3D3", "timestamp": "2026-09-16 14:00:00", "generated_at": "2026-09-16T20:31:32.792111", "nearest_km": 240.40388485642757, "n_points": 0, "weight_sum": 0.0, "confidence": "None", "flagged": false }, "geometry": { "type": "Polygon", "coordinates": [ [ [ -115.101325097808996, 55.726994828201931 ], [ -115.001325097809001, 55.726994828201931 ], [ -115.001325097809001, 55.826994828201933 ], [ -115.101325097808996, 55.826994828201933 ], [ -115.101325097808996, 55.726994828201931 ] ] ] } },
{ "type": "Feature", "properties": { "value": "NA", "label": "No Data", "color": "#D3D3D3", "timestamp": "2026-09-16 14:00:00", "generated_at": "2026-09-16T20:31:32.792111", "nearest_km": 249.25182680181359, "n_points": 0, "weight_sum": 0.0, "confidence": "None", "flagged": false }, "geometry": { "type": "Polygon", "coordinates": [ [ [ -115.001325097809001, 55.726994828201931 ], [ -114.901325097809007, 55.726994828201931 ], [ -114.901325097809007, 55.826994828201933 ], [ -115.001325097809001, 55.826994828201933 ], [ -115.001325097809001, 55.726994828201931 ] ] ] } },
{ "type": "Feature", "properties": { "value": "NA", "label": "No Data", "color": "#D3D3D3", "timestamp": "2026-09-16 14:00:00", "generated_at": "2026-09-16T20:31:32.792111", "nearest_km": 258.27376652308311, "n_points": 0, "weight_sum": 0.0, "confidence": "None", "flagged": false }, "geometry": { "type": "Polygon", "coordinates": [ [ [ -114.901325097809007, 55.726994828201931 ], [ -114.801325097809013, 55.726994828201931 ], [ -114.801325097809013, 55.826994828201933 ], [ -114.901325097809007, 55.826994828201933 ], [ -114.901325097809007, 55.726994828201931 ] ] ] } },
{ "type": "Feature", "properties": { "value": "NA", "label": "No Data", "color": "#D3D3D3", "timestamp": "2026-09-16 14:00:00", "generated_at": "2026-09-16T20:31:32.792111", "nearest_km": 266.91255970965562, "n_points": 0, "weight_sum": 0.0, "confidence": "None", "flagged": false }, "geometry": { "type": "Polygon", "coordinates": [ [ [ -114.801325097809013, 55.726994828201931 ], [ -114.701325097809018, 55.726994828201931 ], [ -114.701325097809018, 55.826994828201933 ], [ -114.801325097809013, 55.826994828201933 ], [ -114.801325097809013, 55.726994828201931 ] ] ] } },
{ "type": "Feature", "properties": { "value": "NA", "label": "No Data", "color": "#D3D3D3", "timestamp": "2026-09-16 14:00:00", "generated_at": "2026-09-16T20:31:32.792111", "nearest_km": 260.25549253673722, "n_points": 0, "weight_sum": 0.0, "confidence": "None", "flagged": false }, "geometry": { "type": "Polygon", "coordinates": [ [ [ -114.701325097809018, 55.726994828201931 ], [ -114.601325097809024, 55.726994828201931 ], [ -114.601325097809024, 55.826994828201933 ], [ -114.701325097809018, 55.826994828201933 ], [ -114.701325097809018, 55.726994828201931 ] ] ] } },
{ "type": "Feature", "properties": { "value": "NA", "label": "No Data", "color": "#D3D3D3", "timestamp": "2026-09-16 14:00:00", "generated_at": "2026-09-16T20:31:32.792111", "nearest_km": 253.90933078624522, "n_points": 0, "weight_sum": 0.0, "confidence": "None", "flagged": false }, "geometry": { "type": "Polygon", "coordinates": [ [ [ -114.601325097809024, 55.726994828201931 ], [ -114.50132509780903, 55.726994828201931 ], [ -114.50132509780903, 55.826994828201933 ], [ -114.601325097809024, 55.826994828201933 ], [ -114.601325097809024, 55.726994828201931 ] ] ] } },
{ "type": "Feature", "properties": { "value": "NA", "label": "No Data", "color": "#D3D3D3", "timestamp": "2026-09-16 14:00:00", "generated_at": "2026-09-16T20:31:32.792111", "nearest_km": 247.89795304741432, "n_points": 0, "weight_sum": 0.0, "confidence": "None", "flagged": false }, "geometry": { "type": "Polygon", "coordinates": [ [ [ -114.50132509780903, 55.726994828201931 ], [ -114.401325097809035, 55.726994828201931 ], [ -114.401325097809035, 55.826994828201933 ], [ -114.50132509780903, 55.826994828201933 ], [ -114.50132509780903, 55.726994828201931 ] ] ] } },
{ "type": "Feature", "properties": { "value": "NA", "label": "No Data", "color": "#D3D3D3", "timestamp": "2026-09-16 14:00:00", "generated_at": "2026-09-16T20:31:32.792111", "nearest_km": 242.24628374833159, "n_points": 0, "weight_sum": 0.0, "confidence": "None", "flagged": false }, "geometry": { "type": "Polygon", "coordinates": [ [ [ -114.401325097809035, 55.726994828201931 ], [ -114.301325097809041, 55.726994828201931 ], [ -114.301325097809041, 55.826994828201933 ], [ -114.401325097809035, 55.826994828201933 ], [ -114.401325097809035, 55.726994828201931 ] ] ] } },
{ "type": "Feature", "properties": { "value": "NA", "label": "No Data", "color": "#D3D3D3", "timestamp": "2026-09-16 14:00:00", "generated_at": "2026-09-16T20:31:32.792111", "nearest_km": 236.98006003597916, "n_points": 0, "weight_sum": 0.0, "confidence": "None", "flagged": false }, "geometry": { "type": "Polygon", "coordinates": [ [ [ -114.301325097809041, 55.726994828201931 ], [ -114.201325097809047, 55.726994828201931 ], [ -114.201325097809047, 55.826994828201933 ], [ -114.301325097809041, 55.826994828201933 ], [ -114.301325097809041, 55.726994828201931 ] ] ] } },
{ "type": "Feature", "properties": { "value": "NA", "label": "No Data", "color": "#D3D3D3", "timestamp": "2026-09-16 14:00:00", "generated_at": "2026-09-16T20:31:32.792111", "nearest_km": 231.54201756937033, "n_points": 0, "weight_sum": 0.0, "confidence": "None", "flagged": false }, "geometry": { "type": "Polygon", "coordinates": [ [ [ -114.201325097809047, 55.726994828201931 ], [ -114.101325097809053, 55.726994828201931 ], [ -114.101325097809053, 55.826994828201933 ], [ -114.201325097809047, 55.826994828201933 ], [ -114.201325097809047, 55.726994828201931 ] ] ] } },
{ "type": "Feature", "properties": { "value": "NA", "label": "No Data", "color": "#D3D3D3", "timestamp": "2026-09-16 14:00:00", "generated_at": "2026-09-16T20:31:32.792111", "nearest_km": 225.91029948515785, "n_points": 0, "weight_sum": 0.0, "confidence": "None", "flagged": false }, "geometry": { "type": "Polygon", "coordinates": [ [ [ -114.101325097809053, 55.726994828201931 ], [ -114.001325097809058, 55.726994828201931 ], [ -114.001325097809058, 55.826994828201933 ], [ -114.101325097809053, 55.826994828201933 ], [ -114.101325097809053, 55.726994828201931 ] ] ] } },
{ "type": "Feature", "properties": { "value": "NA", "label": "No Data", "color": "#D3D3D3", "timestamp": "2026-09-16 14:00:00", "generated_at": "2026-09-16T20:31:32.792111", "nearest_km": 220.69354527682216, "n_points": 0, "weight_sum": 0.0, "confidence": "None", "flagged": false }, "geometry": { "type": "Polygon", "coordinates": [ [ [ -114.001325097809058, 55.726994828201931 ], [ -113.901325097809064, 55.726994828201931 ], [ -113.901325097809064, 55.826994828201933 ], [ -114.001325097809058, 55.826994828201933 ], [ -114.001325097809058, 55.726994828201931 ] ] ] } },
{ "type": "Feature", "properties": { "value": "NA", "label": "No Data", "color": "#D3D3D3", "timestamp": "2026-09-16 14:00:00", "generated_at": "2026-09-16T20:31:32.792111", "nearest_km": 215.92183409797121, "n_points": 0, "weight_sum": 0.0, "confidence": "None", "flagged": false }, "geometry": { "type": "Polygon", "coordinates": [ [ [ -113.901325097809064, 55.726994828201931 ], [ -113.80132509780907, 55.726994828201931 ], [ -113.80132509780907, 55.826994828201933 ], [ -113.901325097809064, 55.826994828201933 ], [ -113.901325097809064, 55.726994828201931 ] ] ] } },
{ "type": "Feature", "properties": { "value": "NA", "label": "No Data", "color": "#D3D3D3", "timestamp": "2026-09-16 14:00:00", "generated_at": "2026-09-16T20:31:32.792111", "nearest_km": 211.62527248325233, "n_points": 0, "weight_sum": 0.0, "confidence": "None", "flagged": false }, "geometry": { "type": "Polygon", "coordinates": [ [ [ -113.80132509780907, 55.726994828201931 ], [ -113.701325097809075, 55.726994828201931 ], [ -113.701325097809075, 55.826994828201933 ], [ -113.80132509780907, 55.826994828201933 ], [ -113.80132509780907, 55.726994828201931 ] ] ] } },
{ "type": "Feature", "properties": { "value": "NA", "label": "No Data", "color": "#D3D3D3", "timestamp": "2026-09-16 14:00:00", "generated_at": "2026-09-16T20:31:32.792111", "nearest_km": 207.83333098179844, "n_points": 0, "weight_sum": 0.0, "confidence": "None", "flagged": false }, "geometry": { "type": "Polygon", "coordinates": [ [ [ -113.701325097809075, 55.726994828201931 ], [ -113.601325097809081, 55.726994828201931 ], [ -113.601325097809081, 55.826994828201933 ], [ -113.701325097809075, 55.826994828201933 ], [ -113.701325097809075, 55.726994828201931 ] ] ] } },
{ "type": "Feature", "properties": { "value": "NA", "label": "No Data", "color": "#D3D3D3", "timestamp": "2026-09-16 14:00:00", "generated_at": "2026-09-16T20:31:32.792111", "nearest_km": 204.57407211171389, "n_points": 0, "weight_sum": 0.0, "confidence": "None", "flagged": false }, "geometry": { "type": "Polygon", "coordinates": [ [ [ -113.601325097809081, 55.726994828201931 ], [ -113.501325097809087, 55.726994828201931 ], [ -113.501325097809087, 55.826994828201933 ], [ -113.601325097809081, 55.826994828201933 ], [ -113.601325097809081, 55.726994828201931 ] ] ] } },
{ "type": "Feature", "properties": { "value": "NA", "label": "No Data", "color": "#D3D3D3", "timestamp": "2026-09-16 14:00:00", "generated_at": "2026-09-16T20:31:32.792111", "nearest_km": 255.98978970516876, "n_points": 0, "weight_sum": 0.0, "confidence": "None", "flagged": false }, "geometry": { "type": "Polygon", "coordinates": [ [ [ -115.001325097809001, 55.826994828201933 ], [ -114.901325097809007, 55.826994828201933 ], [ -114.901325097809007, 55.926994828201934 ], [ -115.001325097809001, 55.926994828201934 ], [ -115.001325097809001, 55.826994828201933 ] ] ] } },
{ "type": "Feature", "properties": { "value": "NA", "label": "No Data", "color": "#D3D3D3", "timestamp": "2026-09-16 14:00:00", "generated_at": "2026-09-16T20:31:32.792111", "nearest_km": 264.78224589891846, "n_points": 0, "weight_sum": 0.0, "confidence": "None", "flagged": false }, "geometry": { "type": "Polygon", "coordinates": [ [ [ -114.901325097809007, 55.826994828201933 ], [ -114.801325097809013, 55.826994828201933 ], [ -114.801325097809013, 55.926994828201934 ], [ -114.901325097809007, 55.926994828201934 ], [ -114.901325097809007, 55.826994828201933 ] ] ] } },
{ "type": "Feature", "properties": { "value": "NA", "label": "No Data", "color": "#D3D3D3", "timestamp": "2026-09-16 14:00:00", "generated_at": "2026-09-16T20:31:32.792111", "nearest_km": 273.74243926226359, "n_points": 0, "weight_sum": 0.0, "confidence": "None", "flagged": false }, "geometry": { "type": "Polygon", "coordinates": [ [ [ -114.801325097809013, 55.826994828201933 ], [ -114.701325097809018, 55.826994828201933 ], [ -114.701325097809018, 55.926994828201934 ], [ -114.801325097809013, 55.926994828201934 ], [ -114.801325097809013, 55.826994828201933 ] ] ] } },
{ "type": "Feature", "properties": { "value": "NA", "label": "No Data", "color": "#D3D3D3", "timestamp": "2026-09-16 14:00:00", "generated_at": "2026-09-16T20:31:32.792111", "nearest_km": 269.32787597832305, "n_points": 0, "weight_sum": 0.0, "confidence": "None", "flagged": false }, "geometry": { "type": "Polygon", "coordinates": [ [ [ -114.701325097809018, 55.826994828201933 ], [ -114.601325097809024, 55.826994828201933 ], [ -114.601325097809024, 55.926994828201934 ], [ -114.701325097809018, 55.926994828201934 ], [ -114.701325097809018, 55.826994828201933 ] ] ] } },
{ "type": "Feature", "properties": { "value": "NA", "label": "No Data", "color": "#D3D3D3", "timestamp": "2026-09-16 14:00:00", "generated_at": "2026-09-16T20:31:32.792111", "nearest_km": 263.20055403394224, "n_points": 0, "weight_sum": 0.0, "confidence": "None", "flagged": false }, "geometry": { "type": "Polygon", "coordinates": [ [ [ -114.601325097809024, 55.826994828201933 ], [ -114.50132509780903, 55.826994828201933 ], [ -114.50132509780903, 55.926994828201934 ], [ -114.601325097809024, 55.926994828201934 ], [ -114.601325097809024, 55.826994828201933 ] ] ] } },
{ "type": "Feature", "properties": { "value": "NA", "label": "No Data", "color": "#D3D3D3", "timestamp": "2026-09-16 14:00:00", "generated_at": "2026-09-16T20:31:32.792111", "nearest_km": 257.40625188319206, "n_points": 0, "weight_sum": 0.0, "confidence": "None", "flagged": false }, "geometry": { "type": "Polygon", "coordinates": [ [ [ -114.50132509780903, 55.826994828201933 ], [ -114.401325097809035, 55.826994828201933 ], [ -114.401325097809035, 55.926994828201934 ], [ -114.50132509780903, 55.926994828201934 ], [ -114.50132509780903, 55.826994828201933 ] ] ] } },
{ "type": "Feature", "properties": { "value": "NA", "label": "No Data", "color": "#D3D3D3", "timestamp": "2026-09-16 14:00:00", "generated_at": "2026-09-16T20:31:32.792111", "nearest_km": 251.96794513059086, "n_points": 0, "weight_sum": 0.0, "confidence": "None", "flagged": false }, "geometry": { "type": "Polygon", "coordinates": [ [ [ -114.401325097809035, 55.826994828201933 ], [ -114.301325097809041, 55.826994828201933 ], [ -114.301325097809041, 55.926994828201934 ], [ -114.401325097809035, 55.926994828201934 ], [ -114.401325097809035, 55.826994828201933 ] ] ] } },
{ "type": "Feature", "properties": { "value": "NA", "label": "No Data", "color": "#D3D3D3", "timestamp": "2026-09-16 14:00:00", "generated_at": "2026-09-16T20:31:32.792111", "nearest_km": 246.84393794373554, "n_points": 0, "weight_sum": 0.0, "confidence": "None", "flagged": false }, "geometry": { "type": "Polygon", "coordinates": [ [ [ -114.301325097809041, 55.826994828201933 ], [ -114.201325097809047, 55.826994828201933 ], [ -114.201325097809047, 55.926994828201934 ], [ -114.301325097809041, 55.926994828201934 ], [ -114.301325097809041, 55.826994828201933 ] ] ] } }
]
}
