{
"type": "FeatureCollection",
"name": "AQHI_Yellowhead_blend",
"crs": { "type": "name", "properties": { "name": "urn:ogc:def:crs:OGC:1.3:CRS84" } },
"features": [
{ "type": "Feature", "properties": { "value": 2, "label": "AQHI 2", "color": "#0099cb", "timestamp": "2026-09-30 07:00:00", "generated_at": "2026-09-30T13:31:09.486326", "nearest_km": 59.735060197797942, "n_points": 12, "weight_sum": 0.00096004939097802376, "confidence": "Medium", "flagged": false }, "geometry": { "type": "Polygon", "coordinates": [ [ [ -116.992199330721533, 52.602951136780028 ], [ -116.942199330721536, 52.602951136780028 ], [ -116.942199330721536, 52.652951136780025 ], [ -116.992199330721533, 52.652951136780025 ], [ -116.992199330721533, 52.602951136780028 ] ] ] } },
{ "type": "Feature", "properties": { "value": 2, "label": "AQHI 2", "color": "#0099cb", "timestamp": "2026-09-30 07:00:00", "generated_at": "2026-09-30T13:31:09.486326", "nearest_km": 60.994319903188853, "n_points": 12, "weight_sum": 0.00091380986899107638, "confidence": "Medium", "flagged": false }, "geometry": { "type": "Polygon", "coordinates": [ [ [ -116.942199330721536, 52.602951136780028 ], [ -116.892199330721539, 52.602951136780028 ], [ -116.892199330721539, 52.652951136780025 ], [ -116.942199330721536, 52.652951136780025 ], [ -116.942199330721536, 52.602951136780028 ] ] ] } },
{ "type": "Feature", "properties": { "value": 2, "label": "AQHI 2", "color": "#0099cb", "timestamp": "2026-09-30 07:00:00", "generated_at": "2026-09-30T13:31:09.486326", "nearest_km": 62.72114240087253, "n_points": 12, "weight_sum": 0.00086691589488958453, "confidence": "Medium", "flagged": false }, "geometry": { "type": "Polygon", "coordinates": [ [ [ -116.892199330721539, 52.602951136780028 ], [ -116.842199330721542, 52.602951136780028 ], [ -116.842199330721542, 52.652951136780025 ], [ -116.892199330721539, 52.652951136780025 ], [ -116.892199330721539, 52.602951136780028 ] ] ] } },
{ "type": "Feature", "properties": { "value": 2, "label": "AQHI 2", "color": "#0099cb", "timestamp": "2026-09-30 07:00:00", "generated_at": "2026-09-30T13:31:09.486326", "nearest_km": 64.87820394931191, "n_points": 12, "weight_sum": 0.00082028392995111784, "confidence": "Medium", "flagged": false }, "geometry": { "type": "Polygon", "coordinates": [ [ [ -116.842199330721542, 52.602951136780028 ], [ -116.792199330721544, 52.602951136780028 ], [ -116.792199330721544, 52.652951136780025 ], [ -116.842199330721542, 52.652951136780025 ], [ -116.842199330721542, 52.602951136780028 ] ] ] } },
{ "type": "Feature", "properties": { "value": 2, "label": "AQHI 2", "color": "#0099cb", "timestamp": "2026-09-30 07:00:00", "generated_at": "2026-09-30T13:31:09.486326", "nearest_km": 53.485867200665488, "n_points": 12, "weight_sum": 0.0012260222198842434, "confidence": "Medium", "flagged": false }, "geometry": { "type": "Polygon", "coordinates": [ [ [ -117.142199330721525, 52.652951136780025 ], [ -117.092199330721527, 52.652951136780025 ], [ -117.092199330721527, 52.702951136780023 ], [ -117.142199330721525, 52.702951136780023 ], [ -117.142199330721525, 52.652951136780025 ] ] ] } },
{ "type": "Feature", "properties": { "value": 2, "label": "AQHI 2", "color": "#0099cb", "timestamp": "2026-09-30 07:00:00", "generated_at": "2026-09-30T13:31:09.486326", "nearest_km": 53.178497852282753, "n_points": 12, "weight_sum": 0.0011793413374929286, "confidence": "Medium", "flagged": false }, "geometry": { "type": "Polygon", "coordinates": [ [ [ -117.092199330721527, 52.652951136780025 ], [ -117.04219933072153, 52.652951136780025 ], [ -117.04219933072153, 52.702951136780023 ], [ -117.092199330721527, 52.702951136780023 ], [ -117.092199330721527, 52.652951136780025 ] ] ] } },
{ "type": "Feature", "properties": { "value": 2, "label": "AQHI 2", "color": "#0099cb", "timestamp": "2026-09-30 07:00:00", "generated_at": "2026-09-30T13:31:09.486326", "nearest_km": 53.448781814399204, "n_points": 12, "weight_sum": 0.0011304385437702492, "confidence": "Medium", "flagged": false }, "geometry": { "type": "Polygon", "coordinates": [ [ [ -117.04219933072153, 52.652951136780025 ], [ -116.992199330721533, 52.652951136780025 ], [ -116.992199330721533, 52.702951136780023 ], [ -117.04219933072153, 52.702951136780023 ], [ -117.04219933072153, 52.652951136780025 ] ] ] } },
{ "type": "Feature", "properties": { "value": 2, "label": "AQHI 2", "color": "#0099cb", "timestamp": "2026-09-30 07:00:00", "generated_at": "2026-09-30T13:31:09.486326", "nearest_km": 54.288091890038409, "n_points": 12, "weight_sum": 0.0010778878738988487, "confidence": "Medium", "flagged": false }, "geometry": { "type": "Polygon", "coordinates": [ [ [ -116.992199330721533, 52.652951136780025 ], [ -116.942199330721536, 52.652951136780025 ], [ -116.942199330721536, 52.702951136780023 ], [ -116.992199330721533, 52.702951136780023 ], [ -116.992199330721533, 52.652951136780025 ] ] ] } },
{ "type": "Feature", "properties": { "value": 2, "label": "AQHI 2", "color": "#0099cb", "timestamp": "2026-09-30 07:00:00", "generated_at": "2026-09-30T13:31:09.486326", "nearest_km": 55.670697540800141, "n_points": 12, "weight_sum": 0.0010221094386277001, "confidence": "Medium", "flagged": false }, "geometry": { "type": "Polygon", "coordinates": [ [ [ -116.942199330721536, 52.652951136780025 ], [ -116.892199330721539, 52.652951136780025 ], [ -116.892199330721539, 52.702951136780023 ], [ -116.942199330721536, 52.702951136780023 ], [ -116.942199330721536, 52.652951136780025 ] ] ] } },
{ "type": "Feature", "properties": { "value": 2, "label": "AQHI 2", "color": "#0099cb", "timestamp": "2026-09-30 07:00:00", "generated_at": "2026-09-30T13:31:09.486326", "nearest_km": 57.557460057730481, "n_points": 12, "weight_sum": 0.00096461171056593886, "confidence": "Medium", "flagged": false }, "geometry": { "type": "Polygon", "coordinates": [ [ [ -116.892199330721539, 52.652951136780025 ], [ -116.842199330721542, 52.652951136780025 ], [ -116.842199330721542, 52.702951136780023 ], [ -116.892199330721539, 52.702951136780023 ], [ -116.892199330721539, 52.652951136780025 ] ] ] } },
{ "type": "Feature", "properties": { "value": 2, "label": "AQHI 2", "color": "#0099cb", "timestamp": "2026-09-30 07:00:00", "generated_at": "2026-09-30T13:31:09.486326", "nearest_km": 59.900758358431673, "n_points": 12, "weight_sum": 0.00090725635704183398, "confidence": "Medium", "flagged": false }, "geometry": { "type": "Polygon", "coordinates": [ [ [ -116.842199330721542, 52.652951136780025 ], [ -116.792199330721544, 52.652951136780025 ], [ -116.792199330721544, 52.702951136780023 ], [ -116.842199330721542, 52.702951136780023 ], [ -116.842199330721542, 52.652951136780025 ] ] ] } },
{ "type": "Feature", "properties": { "value": 2, "label": "AQHI 2", "color": "#0099cb", "timestamp": "2026-09-30 07:00:00", "generated_at": "2026-09-30T13:31:09.486326", "nearest_km": 62.649385436197193, "n_points": 13, "weight_sum": 0.00087447442832821662, "confidence": "Medium", "flagged": false }, "geometry": { "type": "Polygon", "coordinates": [ [ [ -116.792199330721544, 52.652951136780025 ], [ -116.742199330721547, 52.652951136780025 ], [ -116.742199330721547, 52.702951136780023 ], [ -116.792199330721544, 52.702951136780023 ], [ -116.792199330721544, 52.652951136780025 ] ] ] } },
{ "type": "Feature", "properties": { "value": 2, "label": "AQHI 2", "color": "#0099cb", "timestamp": "2026-09-30 07:00:00", "generated_at": "2026-09-30T13:31:09.486326", "nearest_km": 65.752529526636181, "n_points": 10, "weight_sum": 0.00073702477963990382, "confidence": "Medium", "flagged": false }, "geometry": { "type": "Polygon", "coordinates": [ [ [ -116.742199330721547, 52.652951136780025 ], [ -116.69219933072155, 52.652951136780025 ], [ -116.69219933072155, 52.702951136780023 ], [ -116.742199330721547, 52.702951136780023 ], [ -116.742199330721547, 52.652951136780025 ] ] ] } },
{ "type": "Feature", "properties": { "value": 1, "label": "AQHI 1", "color": "#01cbff", "timestamp": "2026-09-30 07:00:00", "generated_at": "2026-09-30T13:31:09.486326", "nearest_km": 44.686281423341867, "n_points": 12, "weight_sum": 0.0014868675313581855, "confidence": "Medium", "flagged": false }, "geometry": { "type": "Polygon", "coordinates": [ [ [ -117.242199330721519, 52.702951136780023 ], [ -117.192199330721522, 52.702951136780023 ], [ -117.192199330721522, 52.75295113678002 ], [ -117.242199330721519, 52.75295113678002 ], [ -117.242199330721519, 52.702951136780023 ] ] ] } },
{ "type": "Feature", "properties": { "value": 2, "label": "AQHI 2", "color": "#0099cb", "timestamp": "2026-09-30 07:00:00", "generated_at": "2026-09-30T13:31:09.486326", "nearest_km": 48.945406840845678, "n_points": 12, "weight_sum": 0.0014363418591247592, "confidence": "Medium", "flagged": false }, "geometry": { "type": "Polygon", "coordinates": [ [ [ -117.192199330721522, 52.702951136780023 ], [ -117.142199330721525, 52.702951136780023 ], [ -117.142199330721525, 52.75295113678002 ], [ -117.192199330721522, 52.75295113678002 ], [ -117.192199330721522, 52.702951136780023 ] ] ] } },
{ "type": "Feature", "properties": { "value": 2, "label": "AQHI 2", "color": "#0099cb", "timestamp": "2026-09-30 07:00:00", "generated_at": "2026-09-30T13:31:09.486326", "nearest_km": 47.97147584173252, "n_points": 12, "weight_sum": 0.0013921761650995267, "confidence": "Medium", "flagged": false }, "geometry": { "type": "Polygon", "coordinates": [ [ [ -117.142199330721525, 52.702951136780023 ], [ -117.092199330721527, 52.702951136780023 ], [ -117.092199330721527, 52.75295113678002 ], [ -117.142199330721525, 52.75295113678002 ], [ -117.142199330721525, 52.702951136780023 ] ] ] } },
{ "type": "Feature", "properties": { "value": 2, "label": "AQHI 2", "color": "#0099cb", "timestamp": "2026-09-30 07:00:00", "generated_at": "2026-09-30T13:31:09.486326", "nearest_km": 47.628532814395449, "n_points": 12, "weight_sum": 0.0013452128110711258, "confidence": "Medium", "flagged": false }, "geometry": { "type": "Polygon", "coordinates": [ [ [ -117.092199330721527, 52.702951136780023 ], [ -117.04219933072153, 52.702951136780023 ], [ -117.04219933072153, 52.75295113678002 ], [ -117.092199330721527, 52.75295113678002 ], [ -117.092199330721527, 52.702951136780023 ] ] ] } },
{ "type": "Feature", "properties": { "value": 2, "label": "AQHI 2", "color": "#0099cb", "timestamp": "2026-09-30 07:00:00", "generated_at": "2026-09-30T13:31:09.486326", "nearest_km": 47.930123947992804, "n_points": 12, "weight_sum": 0.0012905849621731478, "confidence": "Medium", "flagged": false }, "geometry": { "type": "Polygon", "coordinates": [ [ [ -117.04219933072153, 52.702951136780023 ], [ -116.992199330721533, 52.702951136780023 ], [ -116.992199330721533, 52.75295113678002 ], [ -117.04219933072153, 52.75295113678002 ], [ -117.04219933072153, 52.702951136780023 ] ] ] } },
{ "type": "Feature", "properties": { "value": 2, "label": "AQHI 2", "color": "#0099cb", "timestamp": "2026-09-30 07:00:00", "generated_at": "2026-09-30T13:31:09.486326", "nearest_km": 48.864316482357111, "n_points": 12, "weight_sum": 0.0012273135854350215, "confidence": "Medium", "flagged": false }, "geometry": { "type": "Polygon", "coordinates": [ [ [ -116.992199330721533, 52.702951136780023 ], [ -116.942199330721536, 52.702951136780023 ], [ -116.942199330721536, 52.75295113678002 ], [ -116.992199330721533, 52.75295113678002 ], [ -116.992199330721533, 52.702951136780023 ] ] ] } },
{ "type": "Feature", "properties": { "value": 2, "label": "AQHI 2", "color": "#0099cb", "timestamp": "2026-09-30 07:00:00", "generated_at": "2026-09-30T13:31:09.486326", "nearest_km": 50.395942980620497, "n_points": 12, "weight_sum": 0.00115735309263353, "confidence": "Medium", "flagged": false }, "geometry": { "type": "Polygon", "coordinates": [ [ [ -116.942199330721536, 52.702951136780023 ], [ -116.892199330721539, 52.702951136780023 ], [ -116.892199330721539, 52.75295113678002 ], [ -116.942199330721536, 52.75295113678002 ], [ -116.942199330721536, 52.702951136780023 ] ] ] } },
{ "type": "Feature", "properties": { "value": 2, "label": "AQHI 2", "color": "#0099cb", "timestamp": "2026-09-30 07:00:00", "generated_at": "2026-09-30T13:31:09.486326", "nearest_km": 52.472713980924809, "n_points": 12, "weight_sum": 0.0010841592371761666, "confidence": "Medium", "flagged": false }, "geometry": { "type": "Polygon", "coordinates": [ [ [ -116.892199330721539, 52.702951136780023 ], [ -116.842199330721542, 52.702951136780023 ], [ -116.842199330721542, 52.75295113678002 ], [ -116.892199330721539, 52.75295113678002 ], [ -116.892199330721539, 52.702951136780023 ] ] ] } },
{ "type": "Feature", "properties": { "value": 2, "label": "AQHI 2", "color": "#0099cb", "timestamp": "2026-09-30 07:00:00", "generated_at": "2026-09-30T13:31:09.486326", "nearest_km": 55.032947914335132, "n_points": 13, "weight_sum": 0.0010340677234795561, "confidence": "Medium", "flagged": false }, "geometry": { "type": "Polygon", "coordinates": [ [ [ -116.842199330721542, 52.702951136780023 ], [ -116.792199330721544, 52.702951136780023 ], [ -116.792199330721544, 52.75295113678002 ], [ -116.842199330721542, 52.75295113678002 ], [ -116.842199330721542, 52.702951136780023 ] ] ] } },
{ "type": "Feature", "properties": { "value": 2, "label": "AQHI 2", "color": "#0099cb", "timestamp": "2026-09-30 07:00:00", "generated_at": "2026-09-30T13:31:09.486326", "nearest_km": 58.01267102762894, "n_points": 13, "weight_sum": 0.00096569647578667573, "confidence": "Medium", "flagged": false }, "geometry": { "type": "Polygon", "coordinates": [ [ [ -116.792199330721544, 52.702951136780023 ], [ -116.742199330721547, 52.702951136780023 ], [ -116.742199330721547, 52.75295113678002 ], [ -116.792199330721544, 52.75295113678002 ], [ -116.792199330721544, 52.702951136780023 ] ] ] } },
{ "type": "Feature", "properties": { "value": 2, "label": "AQHI 2", "color": "#0099cb", "timestamp": "2026-09-30 07:00:00", "generated_at": "2026-09-30T13:31:09.486326", "nearest_km": 61.350791709462605, "n_points": 10, "weight_sum": 0.00081536191575425944, "confidence": "Medium", "flagged": false }, "geometry": { "type": "Polygon", "coordinates": [ [ [ -116.742199330721547, 52.702951136780023 ], [ -116.69219933072155, 52.702951136780023 ], [ -116.69219933072155, 52.75295113678002 ], [ -116.742199330721547, 52.75295113678002 ], [ -116.742199330721547, 52.702951136780023 ] ] ] } },
{ "type": "Feature", "properties": { "value": 2, "label": "AQHI 2", "color": "#0099cb", "timestamp": "2026-09-30 07:00:00", "generated_at": "2026-09-30T13:31:09.486326", "nearest_km": 64.992109421035309, "n_points": 9, "weight_sum": 0.00074298150185422753, "confidence": "Medium", "flagged": false }, "geometry": { "type": "Polygon", "coordinates": [ [ [ -116.69219933072155, 52.702951136780023 ], [ -116.642199330721553, 52.702951136780023 ], [ -116.642199330721553, 52.75295113678002 ], [ -116.69219933072155, 52.75295113678002 ], [ -116.69219933072155, 52.702951136780023 ] ] ] } },
{ "type": "Feature", "properties": { "value": 2, "label": "AQHI 2", "color": "#0099cb", "timestamp": "2026-09-30 07:00:00", "generated_at": "2026-09-30T13:31:09.486326", "nearest_km": 68.888561681993195, "n_points": 9, "weight_sum": 0.00069828829444971378, "confidence": "Medium", "flagged": false }, "geometry": { "type": "Polygon", "coordinates": [ [ [ -116.642199330721553, 52.702951136780023 ], [ -116.592199330721556, 52.702951136780023 ], [ -116.592199330721556, 52.75295113678002 ], [ -116.642199330721553, 52.75295113678002 ], [ -116.642199330721553, 52.702951136780023 ] ] ] } },
{ "type": "Feature", "properties": { "value": 2, "label": "AQHI 2", "color": "#0099cb", "timestamp": "2026-09-30 07:00:00", "generated_at": "2026-09-30T13:31:09.486326", "nearest_km": 72.999305299651496, "n_points": 9, "weight_sum": 0.00065849705563725183, "confidence": "Medium", "flagged": false }, "geometry": { "type": "Polygon", "coordinates": [ [ [ -116.592199330721556, 52.702951136780023 ], [ -116.542199330721559, 52.702951136780023 ], [ -116.542199330721559, 52.75295113678002 ], [ -116.592199330721556, 52.75295113678002 ], [ -116.592199330721556, 52.702951136780023 ] ] ] } },
{ "type": "Feature", "properties": { "value": 2, "label": "AQHI 2", "color": "#0099cb", "timestamp": "2026-09-30 07:00:00", "generated_at": "2026-09-30T13:31:09.486326", "nearest_km": 77.290156021641394, "n_points": 9, "weight_sum": 0.00062306164051277796, "confidence": "Low", "flagged": false }, "geometry": { "type": "Polygon", "coordinates": [ [ [ -116.542199330721559, 52.702951136780023 ], [ -116.492199330721562, 52.702951136780023 ], [ -116.492199330721562, 52.75295113678002 ], [ -116.542199330721559, 52.75295113678002 ], [ -116.542199330721559, 52.702951136780023 ] ] ] } },
{ "type": "Feature", "properties": { "value": 1, "label": "AQHI 1", "color": "#01cbff", "timestamp": "2026-09-30 07:00:00", "generated_at": "2026-09-30T13:31:09.486326", "nearest_km": 33.576522301107701, "n_points": 12, "weight_sum": 0.0018242289180688549, "confidence": "Medium", "flagged": false }, "geometry": { "type": "Polygon", "coordinates": [ [ [ -117.342199330721513, 52.75295113678002 ], [ -117.292199330721516, 52.75295113678002 ], [ -117.292199330721516, 52.802951136780017 ], [ -117.342199330721513, 52.802951136780017 ], [ -117.342199330721513, 52.75295113678002 ] ] ] } },
{ "type": "Feature", "properties": { "value": 1, "label": "AQHI 1", "color": "#01cbff", "timestamp": "2026-09-30 07:00:00", "generated_at": "2026-09-30T13:31:09.486326", "nearest_km": 39.113207218978864, "n_points": 12, "weight_sum": 0.0017278559937115873, "confidence": "Medium", "flagged": false }, "geometry": { "type": "Polygon", "coordinates": [ [ [ -117.292199330721516, 52.75295113678002 ], [ -117.242199330721519, 52.75295113678002 ], [ -117.242199330721519, 52.802951136780017 ], [ -117.292199330721516, 52.802951136780017 ], [ -117.292199330721516, 52.75295113678002 ] ] ] } },
{ "type": "Feature", "properties": { "value": 2, "label": "AQHI 2", "color": "#0099cb", "timestamp": "2026-09-30 07:00:00", "generated_at": "2026-09-30T13:31:09.486326", "nearest_km": 44.653198184147691, "n_points": 12, "weight_sum": 0.0016757853043510888, "confidence": "Medium", "flagged": false }, "geometry": { "type": "Polygon", "coordinates": [ [ [ -117.242199330721519, 52.75295113678002 ], [ -117.192199330721522, 52.75295113678002 ], [ -117.192199330721522, 52.802951136780017 ], [ -117.242199330721519, 52.802951136780017 ], [ -117.242199330721519, 52.75295113678002 ] ] ] } },
{ "type": "Feature", "properties": { "value": 2, "label": "AQHI 2", "color": "#0099cb", "timestamp": "2026-09-30 07:00:00", "generated_at": "2026-09-30T13:31:09.486326", "nearest_km": 43.563543876073695, "n_points": 12, "weight_sum": 0.0016427702611563982, "confidence": "Medium", "flagged": false }, "geometry": { "type": "Polygon", "coordinates": [ [ [ -117.192199330721522, 52.75295113678002 ], [ -117.142199330721525, 52.75295113678002 ], [ -117.142199330721525, 52.802951136780017 ], [ -117.192199330721522, 52.802951136780017 ], [ -117.192199330721522, 52.75295113678002 ] ] ] } },
{ "type": "Feature", "properties": { "value": 2, "label": "AQHI 2", "color": "#0099cb", "timestamp": "2026-09-30 07:00:00", "generated_at": "2026-09-30T13:31:09.486326", "nearest_km": 42.466363143794439, "n_points": 12, "weight_sum": 0.0016106253255465041, "confidence": "Medium", "flagged": false }, "geometry": { "type": "Polygon", "coordinates": [ [ [ -117.142199330721525, 52.75295113678002 ], [ -117.092199330721527, 52.75295113678002 ], [ -117.092199330721527, 52.802951136780017 ], [ -117.142199330721525, 52.802951136780017 ], [ -117.142199330721525, 52.75295113678002 ] ] ] } },
{ "type": "Feature", "properties": { "value": 2, "label": "AQHI 2", "color": "#0099cb", "timestamp": "2026-09-30 07:00:00", "generated_at": "2026-09-30T13:31:09.486326", "nearest_km": 42.078576999212309, "n_points": 12, "weight_sum": 0.0015665768017581491, "confidence": "Medium", "flagged": false }, "geometry": { "type": "Polygon", "coordinates": [ [ [ -117.092199330721527, 52.75295113678002 ], [ -117.04219933072153, 52.75295113678002 ], [ -117.04219933072153, 52.802951136780017 ], [ -117.092199330721527, 52.802951136780017 ], [ -117.092199330721527, 52.75295113678002 ] ] ] } },
{ "type": "Feature", "properties": { "value": 2, "label": "AQHI 2", "color": "#0099cb", "timestamp": "2026-09-30 07:00:00", "generated_at": "2026-09-30T13:31:09.486326", "nearest_km": 42.419645046801719, "n_points": 12, "weight_sum": 0.0015042251114291466, "confidence": "Medium", "flagged": false }, "geometry": { "type": "Polygon", "coordinates": [ [ [ -117.04219933072153, 52.75295113678002 ], [ -116.992199330721533, 52.75295113678002 ], [ -116.992199330721533, 52.802951136780017 ], [ -117.04219933072153, 52.802951136780017 ], [ -117.04219933072153, 52.75295113678002 ] ] ] } },
{ "type": "Feature", "properties": { "value": 2, "label": "AQHI 2", "color": "#0099cb", "timestamp": "2026-09-30 07:00:00", "generated_at": "2026-09-30T13:31:09.486326", "nearest_km": 43.472415731296238, "n_points": 12, "weight_sum": 0.0014239450879816986, "confidence": "Medium", "flagged": false }, "geometry": { "type": "Polygon", "coordinates": [ [ [ -116.992199330721533, 52.75295113678002 ], [ -116.942199330721536, 52.75295113678002 ], [ -116.942199330721536, 52.802951136780017 ], [ -116.992199330721533, 52.802951136780017 ], [ -116.992199330721533, 52.75295113678002 ] ] ] } },
{ "type": "Feature", "properties": { "value": 2, "label": "AQHI 2", "color": "#0099cb", "timestamp": "2026-09-30 07:00:00", "generated_at": "2026-09-30T13:31:09.486326", "nearest_km": 45.187172661416291, "n_points": 12, "weight_sum": 0.0013311942157724591, "confidence": "Medium", "flagged": false }, "geometry": { "type": "Polygon", "coordinates": [ [ [ -116.942199330721536, 52.75295113678002 ], [ -116.892199330721539, 52.75295113678002 ], [ -116.892199330721539, 52.802951136780017 ], [ -116.942199330721536, 52.802951136780017 ], [ -116.942199330721536, 52.75295113678002 ] ] ] } },
{ "type": "Feature", "properties": { "value": 2, "label": "AQHI 2", "color": "#0099cb", "timestamp": "2026-09-30 07:00:00", "generated_at": "2026-09-30T13:31:09.486326", "nearest_km": 47.492264809657556, "n_points": 13, "weight_sum": 0.0012560417673193672, "confidence": "Medium", "flagged": false }, "geometry": { "type": "Polygon", "coordinates": [ [ [ -116.892199330721539, 52.75295113678002 ], [ -116.842199330721542, 52.75295113678002 ], [ -116.842199330721542, 52.802951136780017 ], [ -116.892199330721539, 52.802951136780017 ], [ -116.892199330721539, 52.75295113678002 ] ] ] } },
{ "type": "Feature", "properties": { "value": 2, "label": "AQHI 2", "color": "#0099cb", "timestamp": "2026-09-30 07:00:00", "generated_at": "2026-09-30T13:31:09.486326", "nearest_km": 50.306608515866174, "n_points": 13, "weight_sum": 0.0011612880141790751, "confidence": "Medium", "flagged": false }, "geometry": { "type": "Polygon", "coordinates": [ [ [ -116.842199330721542, 52.75295113678002 ], [ -116.792199330721544, 52.75295113678002 ], [ -116.792199330721544, 52.802951136780017 ], [ -116.842199330721542, 52.802951136780017 ], [ -116.842199330721542, 52.75295113678002 ] ] ] } },
{ "type": "Feature", "properties": { "value": 2, "label": "AQHI 2", "color": "#0099cb", "timestamp": "2026-09-30 07:00:00", "generated_at": "2026-09-30T13:31:09.486326", "nearest_km": 53.549972026011318, "n_points": 13, "weight_sum": 0.0010728941135314785, "confidence": "Medium", "flagged": false }, "geometry": { "type": "Polygon", "coordinates": [ [ [ -116.792199330721544, 52.75295113678002 ], [ -116.742199330721547, 52.75295113678002 ], [ -116.742199330721547, 52.802951136780017 ], [ -116.792199330721544, 52.802951136780017 ], [ -116.792199330721544, 52.75295113678002 ] ] ] } },
{ "type": "Feature", "properties": { "value": 2, "label": "AQHI 2", "color": "#0099cb", "timestamp": "2026-09-30 07:00:00", "generated_at": "2026-09-30T13:31:09.486326", "nearest_km": 57.149358243155824, "n_points": 11, "weight_sum": 0.00092787792535784614, "confidence": "Medium", "flagged": false }, "geometry": { "type": "Polygon", "coordinates": [ [ [ -116.742199330721547, 52.75295113678002 ], [ -116.69219933072155, 52.75295113678002 ], [ -116.69219933072155, 52.802951136780017 ], [ -116.742199330721547, 52.802951136780017 ], [ -116.742199330721547, 52.75295113678002 ] ] ] } },
{ "type": "Feature", "properties": { "value": 2, "label": "AQHI 2", "color": "#0099cb", "timestamp": "2026-09-30 07:00:00", "generated_at": "2026-09-30T13:31:09.486326", "nearest_km": 61.041820018922465, "n_points": 9, "weight_sum": 0.00082023754024306331, "confidence": "Medium", "flagged": false }, "geometry": { "type": "Polygon", "coordinates": [ [ [ -116.69219933072155, 52.75295113678002 ], [ -116.642199330721553, 52.75295113678002 ], [ -116.642199330721553, 52.802951136780017 ], [ -116.69219933072155, 52.802951136780017 ], [ -116.69219933072155, 52.75295113678002 ] ] ] } },
{ "type": "Feature", "properties": { "value": 2, "label": "AQHI 2", "color": "#0099cb", "timestamp": "2026-09-30 07:00:00", "generated_at": "2026-09-30T13:31:09.486326", "nearest_km": 65.174868122923556, "n_points": 9, "weight_sum": 0.00076575034380300271, "confidence": "Medium", "flagged": false }, "geometry": { "type": "Polygon", "coordinates": [ [ [ -116.642199330721553, 52.75295113678002 ], [ -116.592199330721556, 52.75295113678002 ], [ -116.592199330721556, 52.802951136780017 ], [ -116.642199330721553, 52.802951136780017 ], [ -116.642199330721553, 52.75295113678002 ] ] ] } },
{ "type": "Feature", "properties": { "value": 2, "label": "AQHI 2", "color": "#0099cb", "timestamp": "2026-09-30 07:00:00", "generated_at": "2026-09-30T13:31:09.486326", "nearest_km": 69.505597461344252, "n_points": 9, "weight_sum": 0.00071851117681826621, "confidence": "Medium", "flagged": false }, "geometry": { "type": "Polygon", "coordinates": [ [ [ -116.592199330721556, 52.75295113678002 ], [ -116.542199330721559, 52.75295113678002 ], [ -116.542199330721559, 52.802951136780017 ], [ -116.592199330721556, 52.802951136780017 ], [ -116.592199330721556, 52.75295113678002 ] ] ] } },
{ "type": "Feature", "properties": { "value": 2, "label": "AQHI 2", "color": "#0099cb", "timestamp": "2026-09-30 07:00:00", "generated_at": "2026-09-30T13:31:09.486326", "nearest_km": 73.999308929721536, "n_points": 9, "weight_sum": 0.00067739339578546493, "confidence": "Medium", "flagged": false }, "geometry": { "type": "Polygon", "coordinates": [ [ [ -116.542199330721559, 52.75295113678002 ], [ -116.492199330721562, 52.75295113678002 ], [ -116.492199330721562, 52.802951136780017 ], [ -116.542199330721559, 52.802951136780017 ], [ -116.542199330721559, 52.75295113678002 ] ] ] } },
{ "type": "Feature", "properties": { "value": 2, "label": "AQHI 2", "color": "#0099cb", "timestamp": "2026-09-30 07:00:00", "generated_at": "2026-09-30T13:31:09.486326", "nearest_km": 78.628063474145776, "n_points": 9, "weight_sum": 0.00064125352213653653, "confidence": "Low", "flagged": false }, "geometry": { "type": "Polygon", "coordinates": [ [ [ -116.492199330721562, 52.75295113678002 ], [ -116.442199330721564, 52.75295113678002 ], [ -116.442199330721564, 52.802951136780017 ], [ -116.492199330721562, 52.802951136780017 ], [ -116.492199330721562, 52.75295113678002 ] ] ] } },
{ "type": "Feature", "properties": { "value": 2, "label": "AQHI 2", "color": "#0099cb", "timestamp": "2026-09-30 07:00:00", "generated_at": "2026-09-30T13:31:09.486326", "nearest_km": 83.369370930289634, "n_points": 9, "weight_sum": 0.00060904611119076094, "confidence": "Low", "flagged": false }, "geometry": { "type": "Polygon", "coordinates": [ [ [ -116.442199330721564, 52.75295113678002 ], [ -116.392199330721567, 52.75295113678002 ], [ -116.392199330721567, 52.802951136780017 ], [ -116.442199330721564, 52.802951136780017 ], [ -116.442199330721564, 52.75295113678002 ] ] ] } },
{ "type": "Feature", "properties": { "value": 2, "label": "AQHI 2", "color": "#0099cb", "timestamp": "2026-09-30 07:00:00", "generated_at": "2026-09-30T13:31:09.486326", "nearest_km": 88.205082920034386, "n_points": 8, "weight_sum": 0.0005355555351160146, "confidence": "Low", "flagged": false }, "geometry": { "type": "Polygon", "coordinates": [ [ [ -116.392199330721567, 52.75295113678002 ], [ -116.34219933072157, 52.75295113678002 ], [ -116.34219933072157, 52.802951136780017 ], [ -116.392199330721567, 52.802951136780017 ], [ -116.392199330721567, 52.75295113678002 ] ] ] } },
{ "type": "Feature", "properties": { "value": 2, "label": "AQHI 2", "color": "#0099cb", "timestamp": "2026-09-30 07:00:00", "generated_at": "2026-09-30T13:31:09.486326", "nearest_km": 92.39965509075958, "n_points": 7, "weight_sum": 0.00046873367660228303, "confidence": "Low", "flagged": false }, "geometry": { "type": "Polygon", "coordinates": [ [ [ -116.34219933072157, 52.75295113678002 ], [ -116.292199330721573, 52.75295113678002 ], [ -116.292199330721573, 52.802951136780017 ], [ -116.34219933072157, 52.802951136780017 ], [ -116.34219933072157, 52.75295113678002 ] ] ] } },
{ "type": "Feature", "properties": { "value": 2, "label": "AQHI 2", "color": "#0099cb", "timestamp": "2026-09-30 07:00:00", "generated_at": "2026-09-30T13:31:09.486326", "nearest_km": 93.239580332116844, "n_points": 6, "weight_sum": 0.00042656369645583373, "confidence": "Low", "flagged": false }, "geometry": { "type": "Polygon", "coordinates": [ [ [ -116.292199330721573, 52.75295113678002 ], [ -116.242199330721576, 52.75295113678002 ], [ -116.242199330721576, 52.802951136780017 ], [ -116.292199330721573, 52.802951136780017 ], [ -116.292199330721573, 52.75295113678002 ] ] ] } },
{ "type": "Feature", "properties": { "value": 2, "label": "AQHI 2", "color": "#0099cb", "timestamp": "2026-09-30 07:00:00", "generated_at": "2026-09-30T13:31:09.486326", "nearest_km": 94.398874040568927, "n_points": 8, "weight_sum": 0.00047686916893468627, "confidence": "Low", "flagged": false }, "geometry": { "type": "Polygon", "coordinates": [ [ [ -116.242199330721576, 52.75295113678002 ], [ -116.192199330721579, 52.75295113678002 ], [ -116.192199330721579, 52.802951136780017 ], [ -116.242199330721576, 52.802951136780017 ], [ -116.242199330721576, 52.75295113678002 ] ] ] } },
{ "type": "Feature", "properties": { "value": 2, "label": "AQHI 2", "color": "#0099cb", "timestamp": "2026-09-30 07:00:00", "generated_at": "2026-09-30T13:31:09.486326", "nearest_km": 95.86595067981709, "n_points": 8, "weight_sum": 0.0004649361215993056, "confidence": "Low", "flagged": false }, "geometry": { "type": "Polygon", "coordinates": [ [ [ -116.192199330721579, 52.75295113678002 ], [ -116.142199330721581, 52.75295113678002 ], [ -116.142199330721581, 52.802951136780017 ], [ -116.192199330721579, 52.802951136780017 ], [ -116.192199330721579, 52.75295113678002 ] ] ] } },
{ "type": "Feature", "properties": { "value": 2, "label": "AQHI 2", "color": "#0099cb", "timestamp": "2026-09-30 07:00:00", "generated_at": "2026-09-30T13:31:09.486326", "nearest_km": 97.370391681620632, "n_points": 8, "weight_sum": 0.00045395486365509878, "confidence": "Low", "flagged": false }, "geometry": { "type": "Polygon", "coordinates": [ [ [ -116.142199330721581, 52.75295113678002 ], [ -116.092199330721584, 52.75295113678002 ], [ -116.092199330721584, 52.802951136780017 ], [ -116.142199330721581, 52.802951136780017 ], [ -116.142199330721581, 52.75295113678002 ] ] ] } },
{ "type": "Feature", "properties": { "value": 2, "label": "AQHI 2", "color": "#0099cb", "timestamp": "2026-09-30 07:00:00", "generated_at": "2026-09-30T13:31:09.486326", "nearest_km": 99.098605714965259, "n_points": 8, "weight_sum": 0.00044393703606042606, "confidence": "Low", "flagged": false }, "geometry": { "type": "Polygon", "coordinates": [ [ [ -116.092199330721584, 52.75295113678002 ], [ -116.042199330721587, 52.75295113678002 ], [ -116.042199330721587, 52.802951136780017 ], [ -116.092199330721584, 52.802951136780017 ], [ -116.092199330721584, 52.75295113678002 ] ] ] } },
{ "type": "Feature", "properties": { "value": 2, "label": "AQHI 2", "color": "#0099cb", "timestamp": "2026-09-30 07:00:00", "generated_at": "2026-09-30T13:31:09.486326", "nearest_km": 98.082177461097714, "n_points": 10, "weight_sum": 0.00048033666234682657, "confidence": "Low", "flagged": false }, "geometry": { "type": "Polygon", "coordinates": [ [ [ -116.042199330721587, 52.75295113678002 ], [ -115.99219933072159, 52.75295113678002 ], [ -115.99219933072159, 52.802951136780017 ], [ -116.042199330721587, 52.802951136780017 ], [ -116.042199330721587, 52.75295113678002 ] ] ] } },
{ "type": "Feature", "properties": { "value": 2, "label": "AQHI 2", "color": "#0099cb", "timestamp": "2026-09-30 07:00:00", "generated_at": "2026-09-30T13:31:09.486326", "nearest_km": 97.159693196964184, "n_points": 12, "weight_sum": 0.00052172925076445268, "confidence": "Low", "flagged": false }, "geometry": { "type": "Polygon", "coordinates": [ [ [ -115.99219933072159, 52.75295113678002 ], [ -115.942199330721593, 52.75295113678002 ], [ -115.942199330721593, 52.802951136780017 ], [ -115.99219933072159, 52.802951136780017 ], [ -115.99219933072159, 52.75295113678002 ] ] ] } },
{ "type": "Feature", "properties": { "value": 1, "label": "AQHI 1", "color": "#01cbff", "timestamp": "2026-09-30 07:00:00", "generated_at": "2026-09-30T13:31:09.486326", "nearest_km": 96.547933321983351, "n_points": 12, "weight_sum": 0.00052086635028996396, "confidence": "Low", "flagged": false }, "geometry": { "type": "Polygon", "coordinates": [ [ [ -115.942199330721593, 52.75295113678002 ], [ -115.892199330721596, 52.75295113678002 ], [ -115.892199330721596, 52.802951136780017 ], [ -115.942199330721593, 52.802951136780017 ], [ -115.942199330721593, 52.75295113678002 ] ] ] } },
{ "type": "Feature", "properties": { "value": 1, "label": "AQHI 1", "color": "#01cbff", "timestamp": "2026-09-30 07:00:00", "generated_at": "2026-09-30T13:31:09.486326", "nearest_km": 96.252822687774056, "n_points": 12, "weight_sum": 0.00052182516916062839, "confidence": "Low", "flagged": false }, "geometry": { "type": "Polygon", "coordinates": [ [ [ -115.892199330721596, 52.75295113678002 ], [ -115.842199330721598, 52.75295113678002 ], [ -115.842199330721598, 52.802951136780017 ], [ -115.892199330721596, 52.802951136780017 ], [ -115.892199330721596, 52.75295113678002 ] ] ] } },
{ "type": "Feature", "properties": { "value": 1, "label": "AQHI 1", "color": "#01cbff", "timestamp": "2026-09-30 07:00:00", "generated_at": "2026-09-30T13:31:09.486326", "nearest_km": 96.277273133289327, "n_points": 12, "weight_sum": 0.00052480517541953484, "confidence": "Low", "flagged": false }, "geometry": { "type": "Polygon", "coordinates": [ [ [ -115.842199330721598, 52.75295113678002 ], [ -115.792199330721601, 52.75295113678002 ], [ -115.792199330721601, 52.802951136780017 ], [ -115.842199330721598, 52.802951136780017 ], [ -115.842199330721598, 52.75295113678002 ] ] ] } },
{ "type": "Feature", "properties": { "value": 1, "label": "AQHI 1", "color": "#01cbff", "timestamp": "2026-09-30 07:00:00", "generated_at": "2026-09-30T13:31:09.486326", "nearest_km": 96.621042059170065, "n_points": 10, "weight_sum": 0.00046352415866012713, "confidence": "Low", "flagged": false }, "geometry": { "type": "Polygon", "coordinates": [ [ [ -115.792199330721601, 52.75295113678002 ], [ -115.742199330721604, 52.75295113678002 ], [ -115.742199330721604, 52.802951136780017 ], [ -115.792199330721601, 52.802951136780017 ], [ -115.792199330721601, 52.75295113678002 ] ] ] } },
{ "type": "Feature", "properties": { "value": 1, "label": "AQHI 1", "color": "#01cbff", "timestamp": "2026-09-30 07:00:00", "generated_at": "2026-09-30T13:31:09.486326", "nearest_km": 97.280744318790127, "n_points": 10, "weight_sum": 0.00047571232222566638, "confidence": "Low", "flagged": false }, "geometry": { "type": "Polygon", "coordinates": [ [ [ -115.742199330721604, 52.75295113678002 ], [ -115.692199330721607, 52.75295113678002 ], [ -115.692199330721607, 52.802951136780017 ], [ -115.742199330721604, 52.802951136780017 ], [ -115.742199330721604, 52.75295113678002 ] ] ] } },
{ "type": "Feature", "properties": { "value": 1, "label": "AQHI 1", "color": "#01cbff", "timestamp": "2026-09-30 07:00:00", "generated_at": "2026-09-30T13:31:09.486326", "nearest_km": 92.874518855146732, "n_points": 10, "weight_sum": 0.00049021419488087499, "confidence": "Low", "flagged": false }, "geometry": { "type": "Polygon", "coordinates": [ [ [ -115.692199330721607, 52.75295113678002 ], [ -115.64219933072161, 52.75295113678002 ], [ -115.64219933072161, 52.802951136780017 ], [ -115.692199330721607, 52.802951136780017 ], [ -115.692199330721607, 52.75295113678002 ] ] ] } },
{ "type": "Feature", "properties": { "value": 1, "label": "AQHI 1", "color": "#01cbff", "timestamp": "2026-09-30 07:00:00", "generated_at": "2026-09-30T13:31:09.486326", "nearest_km": 88.214647923079966, "n_points": 10, "weight_sum": 0.00050735539304992466, "confidence": "Low", "flagged": false }, "geometry": { "type": "Polygon", "coordinates": [ [ [ -115.64219933072161, 52.75295113678002 ], [ -115.592199330721613, 52.75295113678002 ], [ -115.592199330721613, 52.802951136780017 ], [ -115.64219933072161, 52.802951136780017 ], [ -115.64219933072161, 52.75295113678002 ] ] ] } },
{ "type": "Feature", "properties": { "value": 1, "label": "AQHI 1", "color": "#01cbff", "timestamp": "2026-09-30 07:00:00", "generated_at": "2026-09-30T13:31:09.486326", "nearest_km": 83.663474490430417, "n_points": 10, "weight_sum": 0.00052745863964018215, "confidence": "Low", "flagged": false }, "geometry": { "type": "Polygon", "coordinates": [ [ [ -115.592199330721613, 52.75295113678002 ], [ -115.542199330721616, 52.75295113678002 ], [ -115.542199330721616, 52.802951136780017 ], [ -115.592199330721613, 52.802951136780017 ], [ -115.592199330721613, 52.75295113678002 ] ] ] } },
{ "type": "Feature", "properties": { "value": 1, "label": "AQHI 1", "color": "#01cbff", "timestamp": "2026-09-30 07:00:00", "generated_at": "2026-09-30T13:31:09.486326", "nearest_km": 29.071929439674861, "n_points": 12, "weight_sum": 0.0021226068740750363, "confidence": "Medium", "flagged": false }, "geometry": { "type": "Polygon", "coordinates": [ [ [ -117.39219933072151, 52.802951136780017 ], [ -117.342199330721513, 52.802951136780017 ], [ -117.342199330721513, 52.852951136780014 ], [ -117.39219933072151, 52.852951136780014 ], [ -117.39219933072151, 52.802951136780017 ] ] ] } },
{ "type": "Feature", "properties": { "value": 1, "label": "AQHI 1", "color": "#01cbff", "timestamp": "2026-09-30 07:00:00", "generated_at": "2026-09-30T13:31:09.486326", "nearest_km": 34.438818366248263, "n_points": 12, "weight_sum": 0.0019858913300509892, "confidence": "Medium", "flagged": false }, "geometry": { "type": "Polygon", "coordinates": [ [ [ -117.342199330721513, 52.802951136780017 ], [ -117.292199330721516, 52.802951136780017 ], [ -117.292199330721516, 52.852951136780014 ], [ -117.342199330721513, 52.852951136780014 ], [ -117.342199330721513, 52.802951136780017 ] ] ] } },
{ "type": "Feature", "properties": { "value": 1, "label": "AQHI 1", "color": "#01cbff", "timestamp": "2026-09-30 07:00:00", "generated_at": "2026-09-30T13:31:09.486326", "nearest_km": 39.855894665424785, "n_points": 12, "weight_sum": 0.0019292518240258101, "confidence": "Medium", "flagged": false }, "geometry": { "type": "Polygon", "coordinates": [ [ [ -117.292199330721516, 52.802951136780017 ], [ -117.242199330721519, 52.802951136780017 ], [ -117.242199330721519, 52.852951136780014 ], [ -117.292199330721516, 52.852951136780014 ], [ -117.292199330721516, 52.802951136780017 ] ] ] } },
{ "type": "Feature", "properties": { "value": 2, "label": "AQHI 2", "color": "#0099cb", "timestamp": "2026-09-30 07:00:00", "generated_at": "2026-09-30T13:31:09.486326", "nearest_km": 40.218306971468301, "n_points": 12, "weight_sum": 0.0019166243020161482, "confidence": "Medium", "flagged": false }, "geometry": { "type": "Polygon", "coordinates": [ [ [ -117.242199330721519, 52.802951136780017 ], [ -117.192199330721522, 52.802951136780017 ], [ -117.192199330721522, 52.852951136780014 ], [ -117.242199330721519, 52.852951136780014 ], [ -117.242199330721519, 52.802951136780017 ] ] ] } },
{ "type": "Feature", "properties": { "value": 2, "label": "AQHI 2", "color": "#0099cb", "timestamp": "2026-09-30 07:00:00", "generated_at": "2026-09-30T13:31:09.486326", "nearest_km": 38.229790206974549, "n_points": 12, "weight_sum": 0.0019202332915535959, "confidence": "Medium", "flagged": false }, "geometry": { "type": "Polygon", "coordinates": [ [ [ -117.192199330721522, 52.802951136780017 ], [ -117.142199330721525, 52.802951136780017 ], [ -117.142199330721525, 52.852951136780014 ], [ -117.192199330721522, 52.852951136780014 ], [ -117.192199330721522, 52.802951136780017 ] ] ] } },
{ "type": "Feature", "properties": { "value": 2, "label": "AQHI 2", "color": "#0099cb", "timestamp": "2026-09-30 07:00:00", "generated_at": "2026-09-30T13:31:09.486326", "nearest_km": 36.974673803663379, "n_points": 12, "weight_sum": 0.0019147492784143336, "confidence": "Medium", "flagged": false }, "geometry": { "type": "Polygon", "coordinates": [ [ [ -117.142199330721525, 52.802951136780017 ], [ -117.092199330721527, 52.802951136780017 ], [ -117.092199330721527, 52.852951136780014 ], [ -117.142199330721525, 52.852951136780014 ], [ -117.142199330721525, 52.802951136780017 ] ] ] } },
{ "type": "Feature", "properties": { "value": 2, "label": "AQHI 2", "color": "#0099cb", "timestamp": "2026-09-30 07:00:00", "generated_at": "2026-09-30T13:31:09.486326", "nearest_km": 36.528634610471386, "n_points": 12, "weight_sum": 0.0018795581881542326, "confidence": "Medium", "flagged": false }, "geometry": { "type": "Polygon", "coordinates": [ [ [ -117.092199330721527, 52.802951136780017 ], [ -117.04219933072153, 52.802951136780017 ], [ -117.04219933072153, 52.852951136780014 ], [ -117.092199330721527, 52.852951136780014 ], [ -117.092199330721527, 52.802951136780017 ] ] ] } },
{ "type": "Feature", "properties": { "value": 2, "label": "AQHI 2", "color": "#0099cb", "timestamp": "2026-09-30 07:00:00", "generated_at": "2026-09-30T13:31:09.486326", "nearest_km": 36.921007436462759, "n_points": 12, "weight_sum": 0.0018047766345574551, "confidence": "Medium", "flagged": false }, "geometry": { "type": "Polygon", "coordinates": [ [ [ -117.04219933072153, 52.802951136780017 ], [ -116.992199330721533, 52.802951136780017 ], [ -116.992199330721533, 52.852951136780014 ], [ -117.04219933072153, 52.852951136780014 ], [ -117.04219933072153, 52.802951136780017 ] ] ] } },
{ "type": "Feature", "properties": { "value": 2, "label": "AQHI 2", "color": "#0099cb", "timestamp": "2026-09-30 07:00:00", "generated_at": "2026-09-30T13:31:09.486326", "nearest_km": 38.125915513484273, "n_points": 12, "weight_sum": 0.0016943054456302095, "confidence": "Medium", "flagged": false }, "geometry": { "type": "Polygon", "coordinates": [ [ [ -116.992199330721533, 52.802951136780017 ], [ -116.942199330721536, 52.802951136780017 ], [ -116.942199330721536, 52.852951136780014 ], [ -116.992199330721533, 52.852951136780014 ], [ -116.992199330721533, 52.802951136780017 ] ] ] } },
{ "type": "Feature", "properties": { "value": 2, "label": "AQHI 2", "color": "#0099cb", "timestamp": "2026-09-30 07:00:00", "generated_at": "2026-09-30T13:31:09.486326", "nearest_km": 40.070126994549653, "n_points": 13, "weight_sum": 0.0015842856443252617, "confidence": "Medium", "flagged": false }, "geometry": { "type": "Polygon", "coordinates": [ [ [ -116.942199330721536, 52.802951136780017 ], [ -116.892199330721539, 52.802951136780017 ], [ -116.892199330721539, 52.852951136780014 ], [ -116.942199330721536, 52.852951136780014 ], [ -116.942199330721536, 52.802951136780017 ] ] ] } },
{ "type": "Feature", "properties": { "value": 2, "label": "AQHI 2", "color": "#0099cb", "timestamp": "2026-09-30 07:00:00", "generated_at": "2026-09-30T13:31:09.486326", "nearest_km": 42.652663703188871, "n_points": 13, "weight_sum": 0.0014472724793382042, "confidence": "Medium", "flagged": false }, "geometry": { "type": "Polygon", "coordinates": [ [ [ -116.892199330721539, 52.802951136780017 ], [ -116.842199330721542, 52.802951136780017 ], [ -116.842199330721542, 52.852951136780014 ], [ -116.892199330721539, 52.852951136780014 ], [ -116.892199330721539, 52.802951136780017 ] ] ] } },
{ "type": "Feature", "properties": { "value": 2, "label": "AQHI 2", "color": "#0099cb", "timestamp": "2026-09-30 07:00:00", "generated_at": "2026-09-30T13:31:09.486326", "nearest_km": 45.765591491810831, "n_points": 13, "weight_sum": 0.001316583487722126, "confidence": "Medium", "flagged": false }, "geometry": { "type": "Polygon", "coordinates": [ [ [ -116.842199330721542, 52.802951136780017 ], [ -116.792199330721544, 52.802951136780017 ], [ -116.792199330721544, 52.852951136780014 ], [ -116.842199330721542, 52.852951136780014 ], [ -116.842199330721542, 52.802951136780017 ] ] ] } },
{ "type": "Feature", "properties": { "value": 2, "label": "AQHI 2", "color": "#0099cb", "timestamp": "2026-09-30 07:00:00", "generated_at": "2026-09-30T13:31:09.486326", "nearest_km": 49.308559178029967, "n_points": 13, "weight_sum": 0.0011990402400137651, "confidence": "Medium", "flagged": false }, "geometry": { "type": "Polygon", "coordinates": [ [ [ -116.792199330721544, 52.802951136780017 ], [ -116.742199330721547, 52.802951136780017 ], [ -116.742199330721547, 52.852951136780014 ], [ -116.792199330721544, 52.852951136780014 ], [ -116.792199330721544, 52.802951136780017 ] ] ] } },
{ "type": "Feature", "properties": { "value": 2, "label": "AQHI 2", "color": "#0099cb", "timestamp": "2026-09-30 07:00:00", "generated_at": "2026-09-30T13:31:09.486326", "nearest_km": 53.195710840548514, "n_points": 12, "weight_sum": 0.0010758533713524211, "confidence": "Medium", "flagged": false }, "geometry": { "type": "Polygon", "coordinates": [ [ [ -116.742199330721547, 52.802951136780017 ], [ -116.69219933072155, 52.802951136780017 ], [ -116.69219933072155, 52.852951136780014 ], [ -116.742199330721547, 52.852951136780014 ], [ -116.742199330721547, 52.802951136780017 ] ] ] } },
{ "type": "Feature", "properties": { "value": 2, "label": "AQHI 2", "color": "#0099cb", "timestamp": "2026-09-30 07:00:00", "generated_at": "2026-09-30T13:31:09.486326", "nearest_km": 57.357111986650892, "n_points": 9, "weight_sum": 0.00090704877331612417, "confidence": "Medium", "flagged": false }, "geometry": { "type": "Polygon", "coordinates": [ [ [ -116.69219933072155, 52.802951136780017 ], [ -116.642199330721553, 52.802951136780017 ], [ -116.642199330721553, 52.852951136780014 ], [ -116.69219933072155, 52.852951136780014 ], [ -116.69219933072155, 52.802951136780017 ] ] ] } },
{ "type": "Feature", "properties": { "value": 2, "label": "AQHI 2", "color": "#0099cb", "timestamp": "2026-09-30 07:00:00", "generated_at": "2026-09-30T13:31:09.486326", "nearest_km": 61.737330190632363, "n_points": 9, "weight_sum": 0.00084062015352179785, "confidence": "Medium", "flagged": false }, "geometry": { "type": "Polygon", "coordinates": [ [ [ -116.642199330721553, 52.802951136780017 ], [ -116.592199330721556, 52.802951136780017 ], [ -116.592199330721556, 52.852951136780014 ], [ -116.642199330721553, 52.852951136780014 ], [ -116.642199330721553, 52.802951136780017 ] ] ] } },
{ "type": "Feature", "properties": { "value": 2, "label": "AQHI 2", "color": "#0099cb", "timestamp": "2026-09-30 07:00:00", "generated_at": "2026-09-30T13:31:09.486326", "nearest_km": 66.293005533654252, "n_points": 9, "weight_sum": 0.00078476563612458756, "confidence": "Medium", "flagged": false }, "geometry": { "type": "Polygon", "coordinates": [ [ [ -116.592199330721556, 52.802951136780017 ], [ -116.542199330721559, 52.802951136780017 ], [ -116.542199330721559, 52.852951136780014 ], [ -116.592199330721556, 52.852951136780014 ], [ -116.592199330721556, 52.802951136780017 ] ] ] } },
{ "type": "Feature", "properties": { "value": 2, "label": "AQHI 2", "color": "#0099cb", "timestamp": "2026-09-30 07:00:00", "generated_at": "2026-09-30T13:31:09.486326", "nearest_km": 70.990367137401492, "n_points": 9, "weight_sum": 0.00073737596489394455, "confidence": "Medium", "flagged": false }, "geometry": { "type": "Polygon", "coordinates": [ [ [ -116.542199330721559, 52.802951136780017 ], [ -116.492199330721562, 52.802951136780017 ], [ -116.492199330721562, 52.852951136780014 ], [ -116.542199330721559, 52.852951136780014 ], [ -116.542199330721559, 52.802951136780017 ] ] ] } },
{ "type": "Feature", "properties": { "value": 2, "label": "AQHI 2", "color": "#0099cb", "timestamp": "2026-09-30 07:00:00", "generated_at": "2026-09-30T13:31:09.486326", "nearest_km": 75.803079554335966, "n_points": 9, "weight_sum": 0.00069654660412953235, "confidence": "Low", "flagged": false }, "geometry": { "type": "Polygon", "coordinates": [ [ [ -116.492199330721562, 52.802951136780017 ], [ -116.442199330721564, 52.802951136780017 ], [ -116.442199330721564, 52.852951136780014 ], [ -116.492199330721562, 52.852951136780014 ], [ -116.492199330721562, 52.802951136780017 ] ] ] } },
{ "type": "Feature", "properties": { "value": 2, "label": "AQHI 2", "color": "#0099cb", "timestamp": "2026-09-30 07:00:00", "generated_at": "2026-09-30T13:31:09.486326", "nearest_km": 80.710510551841466, "n_points": 9, "weight_sum": 0.0006606671003241808, "confidence": "Low", "flagged": false }, "geometry": { "type": "Polygon", "coordinates": [ [ [ -116.442199330721564, 52.802951136780017 ], [ -116.392199330721567, 52.802951136780017 ], [ -116.392199330721567, 52.852951136780014 ], [ -116.442199330721564, 52.852951136780014 ], [ -116.442199330721564, 52.802951136780017 ] ] ] } },
{ "type": "Feature", "properties": { "value": 2, "label": "AQHI 2", "color": "#0099cb", "timestamp": "2026-09-30 07:00:00", "generated_at": "2026-09-30T13:31:09.486326", "nearest_km": 85.696389405603497, "n_points": 9, "weight_sum": 0.00062844167452835644, "confidence": "Low", "flagged": false }, "geometry": { "type": "Polygon", "coordinates": [ [ [ -116.392199330721567, 52.802951136780017 ], [ -116.34219933072157, 52.802951136780017 ], [ -116.34219933072157, 52.852951136780014 ], [ -116.392199330721567, 52.852951136780014 ], [ -116.392199330721567, 52.802951136780017 ] ] ] } },
{ "type": "Feature", "properties": { "value": 2, "label": "AQHI 2", "color": "#0099cb", "timestamp": "2026-09-30 07:00:00", "generated_at": "2026-09-30T13:31:09.486326", "nearest_km": 86.893746174382699, "n_points": 7, "weight_sum": 0.00051171749175659917, "confidence": "Low", "flagged": false }, "geometry": { "type": "Polygon", "coordinates": [ [ [ -116.34219933072157, 52.802951136780017 ], [ -116.292199330721573, 52.802951136780017 ], [ -116.292199330721573, 52.852951136780014 ], [ -116.34219933072157, 52.852951136780014 ], [ -116.34219933072157, 52.802951136780017 ] ] ] } },
{ "type": "Feature", "properties": { "value": 2, "label": "AQHI 2", "color": "#0099cb", "timestamp": "2026-09-30 07:00:00", "generated_at": "2026-09-30T13:31:09.486326", "nearest_km": 87.786366844949129, "n_points": 6, "weight_sum": 0.00046740246427096207, "confidence": "Low", "flagged": false }, "geometry": { "type": "Polygon", "coordinates": [ [ [ -116.292199330721573, 52.802951136780017 ], [ -116.242199330721576, 52.802951136780017 ], [ -116.242199330721576, 52.852951136780014 ], [ -116.292199330721573, 52.852951136780014 ], [ -116.292199330721573, 52.802951136780017 ] ] ] } },
{ "type": "Feature", "properties": { "value": 2, "label": "AQHI 2", "color": "#0099cb", "timestamp": "2026-09-30 07:00:00", "generated_at": "2026-09-30T13:31:09.486326", "nearest_km": 89.01670788932779, "n_points": 8, "weight_sum": 0.00051720269762008705, "confidence": "Low", "flagged": false }, "geometry": { "type": "Polygon", "coordinates": [ [ [ -116.242199330721576, 52.802951136780017 ], [ -116.192199330721579, 52.802951136780017 ], [ -116.192199330721579, 52.852951136780014 ], [ -116.242199330721576, 52.852951136780014 ], [ -116.242199330721576, 52.802951136780017 ] ] ] } },
{ "type": "Feature", "properties": { "value": 2, "label": "AQHI 2", "color": "#0099cb", "timestamp": "2026-09-30 07:00:00", "generated_at": "2026-09-30T13:31:09.486326", "nearest_km": 90.543266896777027, "n_points": 8, "weight_sum": 0.00050334132988088403, "confidence": "Low", "flagged": false }, "geometry": { "type": "Polygon", "coordinates": [ [ [ -116.192199330721579, 52.802951136780017 ], [ -116.142199330721581, 52.802951136780017 ], [ -116.142199330721581, 52.852951136780014 ], [ -116.192199330721579, 52.852951136780014 ], [ -116.192199330721579, 52.802951136780017 ] ] ] } },
{ "type": "Feature", "properties": { "value": 2, "label": "AQHI 2", "color": "#0099cb", "timestamp": "2026-09-30 07:00:00", "generated_at": "2026-09-30T13:31:09.486326", "nearest_km": 92.065295626304973, "n_points": 8, "weight_sum": 0.00049047529107334206, "confidence": "Low", "flagged": false }, "geometry": { "type": "Polygon", "coordinates": [ [ [ -116.142199330721581, 52.802951136780017 ], [ -116.092199330721584, 52.802951136780017 ], [ -116.092199330721584, 52.852951136780014 ], [ -116.142199330721581, 52.852951136780014 ], [ -116.142199330721581, 52.802951136780017 ] ] ] } },
{ "type": "Feature", "properties": { "value": 2, "label": "AQHI 2", "color": "#0099cb", "timestamp": "2026-09-30 07:00:00", "generated_at": "2026-09-30T13:31:09.486326", "nearest_km": 93.891209051629858, "n_points": 9, "weight_sum": 0.00050123945219338647, "confidence": "Low", "flagged": false }, "geometry": { "type": "Polygon", "coordinates": [ [ [ -116.092199330721584, 52.802951136780017 ], [ -116.042199330721587, 52.802951136780017 ], [ -116.042199330721587, 52.852951136780014 ], [ -116.092199330721584, 52.852951136780014 ], [ -116.092199330721584, 52.802951136780017 ] ] ] } },
{ "type": "Feature", "properties": { "value": 2, "label": "AQHI 2", "color": "#0099cb", "timestamp": "2026-09-30 07:00:00", "generated_at": "2026-09-30T13:31:09.486326", "nearest_km": 92.643555780404839, "n_points": 12, "weight_sum": 0.00056144551722366769, "confidence": "Low", "flagged": false }, "geometry": { "type": "Polygon", "coordinates": [ [ [ -116.042199330721587, 52.802951136780017 ], [ -115.99219933072159, 52.802951136780017 ], [ -115.99219933072159, 52.852951136780014 ], [ -116.042199330721587, 52.852951136780014 ], [ -116.042199330721587, 52.802951136780017 ] ] ] } },
{ "type": "Feature", "properties": { "value": 2, "label": "AQHI 2", "color": "#0099cb", "timestamp": "2026-09-30 07:00:00", "generated_at": "2026-09-30T13:31:09.486326", "nearest_km": 91.666356283289261, "n_points": 12, "weight_sum": 0.00055791040560613635, "confidence": "Low", "flagged": false }, "geometry": { "type": "Polygon", "coordinates": [ [ [ -115.99219933072159, 52.802951136780017 ], [ -115.942199330721593, 52.802951136780017 ], [ -115.942199330721593, 52.852951136780014 ], [ -115.99219933072159, 52.852951136780014 ], [ -115.99219933072159, 52.802951136780017 ] ] ] } },
{ "type": "Feature", "properties": { "value": 1, "label": "AQHI 1", "color": "#01cbff", "timestamp": "2026-09-30 07:00:00", "generated_at": "2026-09-30T13:31:09.486326", "nearest_km": 91.017681363968293, "n_points": 12, "weight_sum": 0.0005562781424242356, "confidence": "Low", "flagged": false }, "geometry": { "type": "Polygon", "coordinates": [ [ [ -115.942199330721593, 52.802951136780017 ], [ -115.892199330721596, 52.802951136780017 ], [ -115.892199330721596, 52.852951136780014 ], [ -115.942199330721593, 52.852951136780014 ], [ -115.942199330721593, 52.802951136780017 ] ] ] } },
{ "type": "Feature", "properties": { "value": 1, "label": "AQHI 1", "color": "#01cbff", "timestamp": "2026-09-30 07:00:00", "generated_at": "2026-09-30T13:31:09.486326", "nearest_km": 90.704579639017069, "n_points": 12, "weight_sum": 0.00055677854413319734, "confidence": "Low", "flagged": false }, "geometry": { "type": "Polygon", "coordinates": [ [ [ -115.892199330721596, 52.802951136780017 ], [ -115.842199330721598, 52.802951136780017 ], [ -115.842199330721598, 52.852951136780014 ], [ -115.892199330721596, 52.852951136780014 ], [ -115.892199330721596, 52.802951136780017 ] ] ] } },
{ "type": "Feature", "properties": { "value": 1, "label": "AQHI 1", "color": "#01cbff", "timestamp": "2026-09-30 07:00:00", "generated_at": "2026-09-30T13:31:09.486326", "nearest_km": 90.730525260844345, "n_points": 12, "weight_sum": 0.00055966900880059409, "confidence": "Low", "flagged": false }, "geometry": { "type": "Polygon", "coordinates": [ [ [ -115.842199330721598, 52.802951136780017 ], [ -115.792199330721601, 52.802951136780017 ], [ -115.792199330721601, 52.852951136780014 ], [ -115.842199330721598, 52.852951136780014 ], [ -115.842199330721598, 52.802951136780017 ] ] ] } },
{ "type": "Feature", "properties": { "value": 1, "label": "AQHI 1", "color": "#01cbff", "timestamp": "2026-09-30 07:00:00", "generated_at": "2026-09-30T13:31:09.486326", "nearest_km": 91.095228528867679, "n_points": 12, "weight_sum": 0.00056523869773626636, "confidence": "Low", "flagged": false }, "geometry": { "type": "Polygon", "coordinates": [ [ [ -115.792199330721601, 52.802951136780017 ], [ -115.742199330721604, 52.802951136780017 ], [ -115.742199330721604, 52.852951136780014 ], [ -115.792199330721601, 52.852951136780014 ], [ -115.792199330721601, 52.802951136780017 ] ] ] } },
{ "type": "Feature", "properties": { "value": 1, "label": "AQHI 1", "color": "#01cbff", "timestamp": "2026-09-30 07:00:00", "generated_at": "2026-09-30T13:31:09.486326", "nearest_km": 91.794651844998768, "n_points": 10, "weight_sum": 0.00051065528272268852, "confidence": "Low", "flagged": false }, "geometry": { "type": "Polygon", "coordinates": [ [ [ -115.742199330721604, 52.802951136780017 ], [ -115.692199330721607, 52.802951136780017 ], [ -115.692199330721607, 52.852951136780014 ], [ -115.742199330721604, 52.852951136780014 ], [ -115.742199330721604, 52.802951136780017 ] ] ] } },
{ "type": "Feature", "properties": { "value": 1, "label": "AQHI 1", "color": "#01cbff", "timestamp": "2026-09-30 07:00:00", "generated_at": "2026-09-30T13:31:09.486326", "nearest_km": 90.060063834097363, "n_points": 10, "weight_sum": 0.00052680322727930698, "confidence": "Low", "flagged": false }, "geometry": { "type": "Polygon", "coordinates": [ [ [ -115.692199330721607, 52.802951136780017 ], [ -115.64219933072161, 52.802951136780017 ], [ -115.64219933072161, 52.852951136780014 ], [ -115.692199330721607, 52.852951136780014 ], [ -115.692199330721607, 52.802951136780017 ] ] ] } },
{ "type": "Feature", "properties": { "value": 1, "label": "AQHI 1", "color": "#01cbff", "timestamp": "2026-09-30 07:00:00", "generated_at": "2026-09-30T13:31:09.486326", "nearest_km": 85.246483525243676, "n_points": 10, "weight_sum": 0.00054633175297546263, "confidence": "Low", "flagged": false }, "geometry": { "type": "Polygon", "coordinates": [ [ [ -115.64219933072161, 52.802951136780017 ], [ -115.592199330721613, 52.802951136780017 ], [ -115.592199330721613, 52.852951136780014 ], [ -115.64219933072161, 52.852951136780014 ], [ -115.64219933072161, 52.802951136780017 ] ] ] } },
{ "type": "Feature", "properties": { "value": 1, "label": "AQHI 1", "color": "#01cbff", "timestamp": "2026-09-30 07:00:00", "generated_at": "2026-09-30T13:31:09.486326", "nearest_km": 80.52773316713683, "n_points": 10, "weight_sum": 0.00056973482948670308, "confidence": "Low", "flagged": false }, "geometry": { "type": "Polygon", "coordinates": [ [ [ -115.592199330721613, 52.802951136780017 ], [ -115.542199330721616, 52.802951136780017 ], [ -115.542199330721616, 52.852951136780014 ], [ -115.592199330721613, 52.852951136780014 ], [ -115.592199330721613, 52.802951136780017 ] ] ] } },
{ "type": "Feature", "properties": { "value": 1, "label": "AQHI 1", "color": "#01cbff", "timestamp": "2026-09-30 07:00:00", "generated_at": "2026-09-30T13:31:09.486326", "nearest_km": 75.921496722967248, "n_points": 11, "weight_sum": 0.00062039083483900388, "confidence": "Low", "flagged": false }, "geometry": { "type": "Polygon", "coordinates": [ [ [ -115.542199330721616, 52.802951136780017 ], [ -115.492199330721618, 52.802951136780017 ], [ -115.492199330721618, 52.852951136780014 ], [ -115.542199330721616, 52.852951136780014 ], [ -115.542199330721616, 52.802951136780017 ] ] ] } },
{ "type": "Feature", "properties": { "value": 1, "label": "AQHI 1", "color": "#01cbff", "timestamp": "2026-09-30 07:00:00", "generated_at": "2026-09-30T13:31:09.486326", "nearest_km": 21.645696656288337, "n_points": 12, "weight_sum": 0.0027479728551999178, "confidence": "High", "flagged": false }, "geometry": { "type": "Polygon", "coordinates": [ [ [ -117.492199330721505, 52.852951136780014 ], [ -117.442199330721508, 52.852951136780014 ], [ -117.442199330721508, 52.902951136780011 ], [ -117.492199330721505, 52.902951136780011 ], [ -117.492199330721505, 52.852951136780014 ] ] ] } },
{ "type": "Feature", "properties": { "value": 1, "label": "AQHI 1", "color": "#01cbff", "timestamp": "2026-09-30 07:00:00", "generated_at": "2026-09-30T13:31:09.486326", "nearest_km": 26.195062757208092, "n_points": 12, "weight_sum": 0.002412190769281983, "confidence": "Medium", "flagged": false }, "geometry": { "type": "Polygon", "coordinates": [ [ [ -117.442199330721508, 52.852951136780014 ], [ -117.39219933072151, 52.852951136780014 ], [ -117.39219933072151, 52.902951136780011 ], [ -117.442199330721508, 52.902951136780011 ], [ -117.442199330721508, 52.852951136780014 ] ] ] } },
{ "type": "Feature", "properties": { "value": 1, "label": "AQHI 1", "color": "#01cbff", "timestamp": "2026-09-30 07:00:00", "generated_at": "2026-09-30T13:31:09.486326", "nearest_km": 31.071392662255775, "n_points": 12, "weight_sum": 0.0022373118698574461, "confidence": "Medium", "flagged": false }, "geometry": { "type": "Polygon", "coordinates": [ [ [ -117.39219933072151, 52.852951136780014 ], [ -117.342199330721513, 52.852951136780014 ], [ -117.342199330721513, 52.902951136780011 ], [ -117.39219933072151, 52.902951136780011 ], [ -117.39219933072151, 52.852951136780014 ] ] ] } },
{ "type": "Feature", "properties": { "value": 1, "label": "AQHI 1", "color": "#01cbff", "timestamp": "2026-09-30 07:00:00", "generated_at": "2026-09-30T13:31:09.486326", "nearest_km": 36.142586668500734, "n_points": 12, "weight_sum": 0.0021711743150544965, "confidence": "Medium", "flagged": false }, "geometry": { "type": "Polygon", "coordinates": [ [ [ -117.342199330721513, 52.852951136780014 ], [ -117.292199330721516, 52.852951136780014 ], [ -117.292199330721516, 52.902951136780011 ], [ -117.342199330721513, 52.902951136780011 ], [ -117.342199330721513, 52.852951136780014 ] ] ] } },
{ "type": "Feature", "properties": { "value": 2, "label": "AQHI 2", "color": "#0099cb", "timestamp": "2026-09-30 07:00:00", "generated_at": "2026-09-30T13:31:09.486326", "nearest_km": 38.215861579452834, "n_points": 12, "weight_sum": 0.0021809477652123452, "confidence": "Medium", "flagged": false }, "geometry": { "type": "Polygon", "coordinates": [ [ [ -117.292199330721516, 52.852951136780014 ], [ -117.242199330721519, 52.852951136780014 ], [ -117.242199330721519, 52.902951136780011 ], [ -117.292199330721516, 52.902951136780011 ], [ -117.292199330721516, 52.852951136780014 ] ] ] } },
{ "type": "Feature", "properties": { "value": 2, "label": "AQHI 2", "color": "#0099cb", "timestamp": "2026-09-30 07:00:00", "generated_at": "2026-09-30T13:31:09.486326", "nearest_km": 35.254102170923844, "n_points": 12, "weight_sum": 0.0022399888679092844, "confidence": "Medium", "flagged": false }, "geometry": { "type": "Polygon", "coordinates": [ [ [ -117.242199330721519, 52.852951136780014 ], [ -117.192199330721522, 52.852951136780014 ], [ -117.192199330721522, 52.902951136780011 ], [ -117.242199330721519, 52.902951136780011 ], [ -117.242199330721519, 52.852951136780014 ] ] ] } },
{ "type": "Feature", "properties": { "value": 2, "label": "AQHI 2", "color": "#0099cb", "timestamp": "2026-09-30 07:00:00", "generated_at": "2026-09-30T13:31:09.486326", "nearest_km": 32.967504659830844, "n_points": 12, "weight_sum": 0.0023163578485384056, "confidence": "Medium", "flagged": false }, "geometry": { "type": "Polygon", "coordinates": [ [ [ -117.192199330721522, 52.852951136780014 ], [ -117.142199330721525, 52.852951136780014 ], [ -117.142199330721525, 52.902951136780011 ], [ -117.192199330721522, 52.902951136780011 ], [ -117.192199330721522, 52.852951136780014 ] ] ] } },
{ "type": "Feature", "properties": { "value": 2, "label": "AQHI 2", "color": "#0099cb", "timestamp": "2026-09-30 07:00:00", "generated_at": "2026-09-30T13:31:09.486326", "nearest_km": 31.503428497768187, "n_points": 12, "weight_sum": 0.0023685577653233016, "confidence": "Medium", "flagged": false }, "geometry": { "type": "Polygon", "coordinates": [ [ [ -117.142199330721525, 52.852951136780014 ], [ -117.092199330721527, 52.852951136780014 ], [ -117.092199330721527, 52.902951136780011 ], [ -117.142199330721525, 52.902951136780011 ], [ -117.142199330721525, 52.852951136780014 ] ] ] } },
{ "type": "Feature", "properties": { "value": 2, "label": "AQHI 2", "color": "#0099cb", "timestamp": "2026-09-30 07:00:00", "generated_at": "2026-09-30T13:31:09.486326", "nearest_km": 30.978712864352666, "n_points": 12, "weight_sum": 0.0023552226022476581, "confidence": "Medium", "flagged": false }, "geometry": { "type": "Polygon", "coordinates": [ [ [ -117.092199330721527, 52.852951136780014 ], [ -117.04219933072153, 52.852951136780014 ], [ -117.04219933072153, 52.902951136780011 ], [ -117.092199330721527, 52.902951136780011 ], [ -117.092199330721527, 52.852951136780014 ] ] ] } },
{ "type": "Feature", "properties": { "value": 2, "label": "AQHI 2", "color": "#0099cb", "timestamp": "2026-09-30 07:00:00", "generated_at": "2026-09-30T13:31:09.486326", "nearest_km": 31.440424525601109, "n_points": 12, "weight_sum": 0.0022563766013245674, "confidence": "Medium", "flagged": false }, "geometry": { "type": "Polygon", "coordinates": [ [ [ -117.04219933072153, 52.852951136780014 ], [ -116.992199330721533, 52.852951136780014 ], [ -116.992199330721533, 52.902951136780011 ], [ -117.04219933072153, 52.902951136780011 ], [ -117.04219933072153, 52.852951136780014 ] ] ] } },
{ "type": "Feature", "properties": { "value": 2, "label": "AQHI 2", "color": "#0099cb", "timestamp": "2026-09-30 07:00:00", "generated_at": "2026-09-30T13:31:09.486326", "nearest_km": 32.846992829907926, "n_points": 12, "weight_sum": 0.0020857444308962094, "confidence": "Medium", "flagged": false }, "geometry": { "type": "Polygon", "coordinates": [ [ [ -116.992199330721533, 52.852951136780014 ], [ -116.942199330721536, 52.852951136780014 ], [ -116.942199330721536, 52.902951136780011 ], [ -116.992199330721533, 52.902951136780011 ], [ -116.992199330721533, 52.852951136780014 ] ] ] } },
{ "type": "Feature", "properties": { "value": 2, "label": "AQHI 2", "color": "#0099cb", "timestamp": "2026-09-30 07:00:00", "generated_at": "2026-09-30T13:31:09.486326", "nearest_km": 35.084962328410995, "n_points": 13, "weight_sum": 0.001902095926247718, "confidence": "Medium", "flagged": false }, "geometry": { "type": "Polygon", "coordinates": [ [ [ -116.942199330721536, 52.852951136780014 ], [ -116.892199330721539, 52.852951136780014 ], [ -116.892199330721539, 52.902951136780011 ], [ -116.942199330721536, 52.902951136780011 ], [ -116.942199330721536, 52.852951136780014 ] ] ] } },
{ "type": "Feature", "properties": { "value": 2, "label": "AQHI 2", "color": "#0099cb", "timestamp": "2026-09-30 07:00:00", "generated_at": "2026-09-30T13:31:09.486326", "nearest_km": 38.007752172471434, "n_points": 13, "weight_sum": 0.0016946846203474172, "confidence": "Medium", "flagged": false }, "geometry": { "type": "Polygon", "coordinates": [ [ [ -116.892199330721539, 52.852951136780014 ], [ -116.842199330721542, 52.852951136780014 ], [ -116.842199330721542, 52.902951136780011 ], [ -116.892199330721539, 52.902951136780011 ], [ -116.892199330721539, 52.852951136780014 ] ] ] } },
{ "type": "Feature", "properties": { "value": 2, "label": "AQHI 2", "color": "#0099cb", "timestamp": "2026-09-30 07:00:00", "generated_at": "2026-09-30T13:31:09.486326", "nearest_km": 41.470819485778065, "n_points": 13, "weight_sum": 0.0015067763704601565, "confidence": "Medium", "flagged": false }, "geometry": { "type": "Polygon", "coordinates": [ [ [ -116.842199330721542, 52.852951136780014 ], [ -116.792199330721544, 52.852951136780014 ], [ -116.792199330721544, 52.902951136780011 ], [ -116.842199330721542, 52.902951136780011 ], [ -116.842199330721542, 52.852951136780014 ] ] ] } },
{ "type": "Feature", "properties": { "value": 2, "label": "AQHI 2", "color": "#0099cb", "timestamp": "2026-09-30 07:00:00", "generated_at": "2026-09-30T13:31:09.486326", "nearest_km": 45.350562426942012, "n_points": 13, "weight_sum": 0.0013466120764256599, "confidence": "Medium", "flagged": false }, "geometry": { "type": "Polygon", "coordinates": [ [ [ -116.792199330721544, 52.852951136780014 ], [ -116.742199330721547, 52.852951136780014 ], [ -116.742199330721547, 52.902951136780011 ], [ -116.792199330721544, 52.902951136780011 ], [ -116.792199330721544, 52.852951136780014 ] ] ] } },
{ "type": "Feature", "properties": { "value": 2, "label": "AQHI 2", "color": "#0099cb", "timestamp": "2026-09-30 07:00:00", "generated_at": "2026-09-30T13:31:09.486326", "nearest_km": 49.549199348303624, "n_points": 12, "weight_sum": 0.0011932299262631808, "confidence": "Medium", "flagged": false }, "geometry": { "type": "Polygon", "coordinates": [ [ [ -116.742199330721547, 52.852951136780014 ], [ -116.69219933072155, 52.852951136780014 ], [ -116.69219933072155, 52.902951136780011 ], [ -116.742199330721547, 52.902951136780011 ], [ -116.742199330721547, 52.852951136780014 ] ] ] } },
{ "type": "Feature", "properties": { "value": 2, "label": "AQHI 2", "color": "#0099cb", "timestamp": "2026-09-30 07:00:00", "generated_at": "2026-09-30T13:31:09.486326", "nearest_km": 53.992386497319174, "n_points": 9, "weight_sum": 0.0010034400678598026, "confidence": "Medium", "flagged": false }, "geometry": { "type": "Polygon", "coordinates": [ [ [ -116.69219933072155, 52.852951136780014 ], [ -116.642199330721553, 52.852951136780014 ], [ -116.642199330721553, 52.902951136780011 ], [ -116.69219933072155, 52.902951136780011 ], [ -116.69219933072155, 52.852951136780014 ] ] ] } },
{ "type": "Feature", "properties": { "value": 2, "label": "AQHI 2", "color": "#0099cb", "timestamp": "2026-09-30 07:00:00", "generated_at": "2026-09-30T13:31:09.486326", "nearest_km": 58.62454642292635, "n_points": 9, "weight_sum": 0.00092291889418306115, "confidence": "Medium", "flagged": false }, "geometry": { "type": "Polygon", "coordinates": [ [ [ -116.642199330721553, 52.852951136780014 ], [ -116.592199330721556, 52.852951136780014 ], [ -116.592199330721556, 52.902951136780011 ], [ -116.642199330721553, 52.902951136780011 ], [ -116.642199330721553, 52.852951136780014 ] ] ] } },
{ "type": "Feature", "properties": { "value": 2, "label": "AQHI 2", "color": "#0099cb", "timestamp": "2026-09-30 07:00:00", "generated_at": "2026-09-30T13:31:09.486326", "nearest_km": 63.404274989244961, "n_points": 9, "weight_sum": 0.00085750574824856765, "confidence": "Medium", "flagged": false }, "geometry": { "type": "Polygon", "coordinates": [ [ [ -116.592199330721556, 52.852951136780014 ], [ -116.542199330721559, 52.852951136780014 ], [ -116.542199330721559, 52.902951136780011 ], [ -116.592199330721556, 52.902951136780011 ], [ -116.592199330721556, 52.852951136780014 ] ] ] } },
{ "type": "Feature", "properties": { "value": 2, "label": "AQHI 2", "color": "#0099cb", "timestamp": "2026-09-30 07:00:00", "generated_at": "2026-09-30T13:31:09.486326", "nearest_km": 68.300598317509156, "n_points": 9, "weight_sum": 0.00080353305629511, "confidence": "Medium", "flagged": false }, "geometry": { "type": "Polygon", "coordinates": [ [ [ -116.542199330721559, 52.852951136780014 ], [ -116.492199330721562, 52.852951136780014 ], [ -116.492199330721562, 52.902951136780011 ], [ -116.542199330721559, 52.902951136780011 ], [ -116.542199330721559, 52.852951136780014 ] ] ] } },
{ "type": "Feature", "properties": { "value": 2, "label": "AQHI 2", "color": "#0099cb", "timestamp": "2026-09-30 07:00:00", "generated_at": "2026-09-30T13:31:09.486326", "nearest_km": 73.290151958825049, "n_points": 9, "weight_sum": 0.00075798805636056901, "confidence": "Medium", "flagged": false }, "geometry": { "type": "Polygon", "coordinates": [ [ [ -116.492199330721562, 52.852951136780014 ], [ -116.442199330721564, 52.852951136780014 ], [ -116.442199330721564, 52.902951136780011 ], [ -116.492199330721562, 52.902951136780011 ], [ -116.492199330721562, 52.852951136780014 ] ] ] } },
{ "type": "Feature", "properties": { "value": 2, "label": "AQHI 2", "color": "#0099cb", "timestamp": "2026-09-30 07:00:00", "generated_at": "2026-09-30T13:31:09.486326", "nearest_km": 78.355127578005977, "n_points": 9, "weight_sum": 0.00071848945119092663, "confidence": "Low", "flagged": false }, "geometry": { "type": "Polygon", "coordinates": [ [ [ -116.442199330721564, 52.852951136780014 ], [ -116.392199330721567, 52.852951136780014 ], [ -116.392199330721567, 52.902951136780011 ], [ -116.442199330721564, 52.902951136780011 ], [ -116.442199330721564, 52.852951136780014 ] ] ] } },
{ "type": "Feature", "properties": { "value": 2, "label": "AQHI 2", "color": "#0099cb", "timestamp": "2026-09-30 07:00:00", "generated_at": "2026-09-30T13:31:09.486326", "nearest_km": 80.812356158738581, "n_points": 9, "weight_sum": 0.00068322247400558601, "confidence": "Low", "flagged": false }, "geometry": { "type": "Polygon", "coordinates": [ [ [ -116.392199330721567, 52.852951136780014 ], [ -116.34219933072157, 52.852951136780014 ], [ -116.34219933072157, 52.902951136780011 ], [ -116.392199330721567, 52.902951136780011 ], [ -116.392199330721567, 52.852951136780014 ] ] ] } },
{ "type": "Feature", "properties": { "value": 2, "label": "AQHI 2", "color": "#0099cb", "timestamp": "2026-09-30 07:00:00", "generated_at": "2026-09-30T13:31:09.486326", "nearest_km": 81.39382647071433, "n_points": 8, "weight_sum": 0.0006066312006009851, "confidence": "Low", "flagged": false }, "geometry": { "type": "Polygon", "coordinates": [ [ [ -116.34219933072157, 52.852951136780014 ], [ -116.292199330721573, 52.852951136780014 ], [ -116.292199330721573, 52.902951136780011 ], [ -116.34219933072157, 52.902951136780011 ], [ -116.34219933072157, 52.852951136780014 ] ] ] } },
{ "type": "Feature", "properties": { "value": 2, "label": "AQHI 2", "color": "#0099cb", "timestamp": "2026-09-30 07:00:00", "generated_at": "2026-09-30T13:31:09.486326", "nearest_km": 82.346087139357707, "n_points": 6, "weight_sum": 0.00051430671471649071, "confidence": "Low", "flagged": false }, "geometry": { "type": "Polygon", "coordinates": [ [ [ -116.292199330721573, 52.852951136780014 ], [ -116.242199330721576, 52.852951136780014 ], [ -116.242199330721576, 52.902951136780011 ], [ -116.292199330721573, 52.902951136780011 ], [ -116.292199330721573, 52.852951136780014 ] ] ] } },
{ "type": "Feature", "properties": { "value": 2, "label": "AQHI 2", "color": "#0099cb", "timestamp": "2026-09-30 07:00:00", "generated_at": "2026-09-30T13:31:09.486326", "nearest_km": 83.656477016311314, "n_points": 8, "weight_sum": 0.00056318737968653356, "confidence": "Low", "flagged": false }, "geometry": { "type": "Polygon", "coordinates": [ [ [ -116.242199330721576, 52.852951136780014 ], [ -116.192199330721579, 52.852951136780014 ], [ -116.192199330721579, 52.902951136780011 ], [ -116.242199330721576, 52.902951136780011 ], [ -116.242199330721576, 52.852951136780014 ] ] ] } },
{ "type": "Feature", "properties": { "value": 2, "label": "AQHI 2", "color": "#0099cb", "timestamp": "2026-09-30 07:00:00", "generated_at": "2026-09-30T13:31:09.486326", "nearest_km": 85.174606913490962, "n_points": 8, "weight_sum": 0.0005470188287926038, "confidence": "Low", "flagged": false }, "geometry": { "type": "Polygon", "coordinates": [ [ [ -116.192199330721579, 52.852951136780014 ], [ -116.142199330721581, 52.852951136780014 ], [ -116.142199330721581, 52.902951136780011 ], [ -116.192199330721579, 52.902951136780011 ], [ -116.192199330721579, 52.852951136780014 ] ] ] } },
{ "type": "Feature", "properties": { "value": 2, "label": "AQHI 2", "color": "#0099cb", "timestamp": "2026-09-30 07:00:00", "generated_at": "2026-09-30T13:31:09.486326", "nearest_km": 86.790835583520206, "n_points": 8, "weight_sum": 0.00053184421489404772, "confidence": "Low", "flagged": false }, "geometry": { "type": "Polygon", "coordinates": [ [ [ -116.142199330721581, 52.852951136780014 ], [ -116.092199330721584, 52.852951136780014 ], [ -116.092199330721584, 52.902951136780011 ], [ -116.142199330721581, 52.902951136780011 ], [ -116.142199330721581, 52.852951136780014 ] ] ] } },
{ "type": "Feature", "properties": { "value": 2, "label": "AQHI 2", "color": "#0099cb", "timestamp": "2026-09-30 07:00:00", "generated_at": "2026-09-30T13:31:09.486326", "nearest_km": 88.593797035377932, "n_points": 12, "weight_sum": 0.00060962480855049459, "confidence": "Low", "flagged": false }, "geometry": { "type": "Polygon", "coordinates": [ [ [ -116.092199330721584, 52.852951136780014 ], [ -116.042199330721587, 52.852951136780014 ], [ -116.042199330721587, 52.902951136780011 ], [ -116.092199330721584, 52.902951136780011 ], [ -116.092199330721584, 52.852951136780014 ] ] ] } },
{ "type": "Feature", "properties": { "value": 2, "label": "AQHI 2", "color": "#0099cb", "timestamp": "2026-09-30 07:00:00", "generated_at": "2026-09-30T13:31:09.486326", "nearest_km": 87.218967660501988, "n_points": 12, "weight_sum": 0.00060274934974807368, "confidence": "Low", "flagged": false }, "geometry": { "type": "Polygon", "coordinates": [ [ [ -116.042199330721587, 52.852951136780014 ], [ -115.99219933072159, 52.852951136780014 ], [ -115.99219933072159, 52.902951136780011 ], [ -116.042199330721587, 52.902951136780011 ], [ -116.042199330721587, 52.852951136780014 ] ] ] } },
{ "type": "Feature", "properties": { "value": 2, "label": "AQHI 2", "color": "#0099cb", "timestamp": "2026-09-30 07:00:00", "generated_at": "2026-09-30T13:31:09.486326", "nearest_km": 86.180280612107737, "n_points": 12, "weight_sum": 0.00059781302947643864, "confidence": "Low", "flagged": false }, "geometry": { "type": "Polygon", "coordinates": [ [ [ -115.99219933072159, 52.852951136780014 ], [ -115.942199330721593, 52.852951136780014 ], [ -115.942199330721593, 52.902951136780011 ], [ -115.99219933072159, 52.902951136780011 ], [ -115.99219933072159, 52.852951136780014 ] ] ] } },
{ "type": "Feature", "properties": { "value": 1, "label": "AQHI 1", "color": "#01cbff", "timestamp": "2026-09-30 07:00:00", "generated_at": "2026-09-30T13:31:09.486326", "nearest_km": 85.489988963618245, "n_points": 12, "weight_sum": 0.00059507785192983696, "confidence": "Low", "flagged": false }, "geometry": { "type": "Polygon", "coordinates": [ [ [ -115.942199330721593, 52.852951136780014 ], [ -115.892199330721596, 52.852951136780014 ], [ -115.892199330721596, 52.902951136780011 ], [ -115.942199330721593, 52.902951136780011 ], [ -115.942199330721593, 52.852951136780014 ] ] ] } },
{ "type": "Feature", "properties": { "value": 1, "label": "AQHI 1", "color": "#01cbff", "timestamp": "2026-09-30 07:00:00", "generated_at": "2026-09-30T13:31:09.486326", "nearest_km": 85.156565569646475, "n_points": 12, "weight_sum": 0.00059483165056038343, "confidence": "Low", "flagged": false }, "geometry": { "type": "Polygon", "coordinates": [ [ [ -115.892199330721596, 52.852951136780014 ], [ -115.842199330721598, 52.852951136780014 ], [ -115.842199330721598, 52.902951136780011 ], [ -115.892199330721596, 52.902951136780011 ], [ -115.892199330721596, 52.852951136780014 ] ] ] } },
{ "type": "Feature", "properties": { "value": 1, "label": "AQHI 1", "color": "#01cbff", "timestamp": "2026-09-30 07:00:00", "generated_at": "2026-09-30T13:31:09.486326", "nearest_km": 85.18420103655032, "n_points": 12, "weight_sum": 0.00059739594269493548, "confidence": "Low", "flagged": false }, "geometry": { "type": "Polygon", "coordinates": [ [ [ -115.842199330721598, 52.852951136780014 ], [ -115.792199330721601, 52.852951136780014 ], [ -115.792199330721601, 52.902951136780011 ], [ -115.842199330721598, 52.902951136780011 ], [ -115.842199330721598, 52.852951136780014 ] ] ] } },
{ "type": "Feature", "properties": { "value": 1, "label": "AQHI 1", "color": "#01cbff", "timestamp": "2026-09-30 07:00:00", "generated_at": "2026-09-30T13:31:09.486326", "nearest_km": 85.572545555530453, "n_points": 12, "weight_sum": 0.00060313806030643999, "confidence": "Low", "flagged": false }, "geometry": { "type": "Polygon", "coordinates": [ [ [ -115.792199330721601, 52.852951136780014 ], [ -115.742199330721604, 52.852951136780014 ], [ -115.742199330721604, 52.902951136780011 ], [ -115.792199330721601, 52.902951136780011 ], [ -115.792199330721601, 52.852951136780014 ] ] ] } },
{ "type": "Feature", "properties": { "value": 1, "label": "AQHI 1", "color": "#01cbff", "timestamp": "2026-09-30 07:00:00", "generated_at": "2026-09-30T13:31:09.486326", "nearest_km": 86.316730704257125, "n_points": 10, "weight_sum": 0.00054831285010131651, "confidence": "Low", "flagged": false }, "geometry": { "type": "Polygon", "coordinates": [ [ [ -115.742199330721604, 52.852951136780014 ], [ -115.692199330721607, 52.852951136780014 ], [ -115.692199330721607, 52.902951136780011 ], [ -115.742199330721604, 52.902951136780011 ], [ -115.742199330721604, 52.852951136780014 ] ] ] } },
{ "type": "Feature", "properties": { "value": 1, "label": "AQHI 1", "color": "#01cbff", "timestamp": "2026-09-30 07:00:00", "generated_at": "2026-09-30T13:31:09.486326", "nearest_km": 87.407668119502787, "n_points": 10, "weight_sum": 0.00056609427547992203, "confidence": "Low", "flagged": false }, "geometry": { "type": "Polygon", "coordinates": [ [ [ -115.692199330721607, 52.852951136780014 ], [ -115.64219933072161, 52.852951136780014 ], [ -115.64219933072161, 52.902951136780011 ], [ -115.692199330721607, 52.902951136780011 ], [ -115.692199330721607, 52.852951136780014 ] ] ] } },
{ "type": "Feature", "properties": { "value": 1, "label": "AQHI 1", "color": "#01cbff", "timestamp": "2026-09-30 07:00:00", "generated_at": "2026-09-30T13:31:09.486326", "nearest_km": 82.545180347772728, "n_points": 10, "weight_sum": 0.00058813855475329212, "confidence": "Low", "flagged": false }, "geometry": { "type": "Polygon", "coordinates": [ [ [ -115.64219933072161, 52.852951136780014 ], [ -115.592199330721613, 52.852951136780014 ], [ -115.592199330721613, 52.902951136780011 ], [ -115.64219933072161, 52.902951136780011 ], [ -115.64219933072161, 52.852951136780014 ] ] ] } },
{ "type": "Feature", "properties": { "value": 1, "label": "AQHI 1", "color": "#01cbff", "timestamp": "2026-09-30 07:00:00", "generated_at": "2026-09-30T13:31:09.486326", "nearest_km": 77.662472625227878, "n_points": 11, "weight_sum": 0.0006381719180193992, "confidence": "Low", "flagged": false }, "geometry": { "type": "Polygon", "coordinates": [ [ [ -115.592199330721613, 52.852951136780014 ], [ -115.542199330721616, 52.852951136780014 ], [ -115.542199330721616, 52.902951136780011 ], [ -115.592199330721613, 52.902951136780011 ], [ -115.592199330721613, 52.852951136780014 ] ] ] } },
{ "type": "Feature", "properties": { "value": 1, "label": "AQHI 1", "color": "#01cbff", "timestamp": "2026-09-30 07:00:00", "generated_at": "2026-09-30T13:31:09.486326", "nearest_km": 72.875355984600219, "n_points": 11, "weight_sum": 0.00067220794923552446, "confidence": "Medium", "flagged": false }, "geometry": { "type": "Polygon", "coordinates": [ [ [ -115.542199330721616, 52.852951136780014 ], [ -115.492199330721618, 52.852951136780014 ], [ -115.492199330721618, 52.902951136780011 ], [ -115.542199330721616, 52.902951136780011 ], [ -115.542199330721616, 52.852951136780014 ] ] ] } },
{ "type": "Feature", "properties": { "value": 1, "label": "AQHI 1", "color": "#01cbff", "timestamp": "2026-09-30 07:00:00", "generated_at": "2026-09-30T13:31:09.486326", "nearest_km": 19.998007053870023, "n_points": 10, "weight_sum": 0.003109997157899592, "confidence": "High", "flagged": false }, "geometry": { "type": "Polygon", "coordinates": [ [ [ -117.592199330721499, 52.902951136780011 ], [ -117.542199330721502, 52.902951136780011 ], [ -117.542199330721502, 52.952951136780008 ], [ -117.592199330721499, 52.952951136780008 ], [ -117.592199330721499, 52.902951136780011 ] ] ] } },
{ "type": "Feature", "properties": { "value": 1, "label": "AQHI 1", "color": "#01cbff", "timestamp": "2026-09-30 07:00:00", "generated_at": "2026-09-30T13:31:09.486326", "nearest_km": 22.234104777226083, "n_points": 12, "weight_sum": 0.0028767650641277681, "confidence": "High", "flagged": false }, "geometry": { "type": "Polygon", "coordinates": [ [ [ -117.542199330721502, 52.902951136780011 ], [ -117.492199330721505, 52.902951136780011 ], [ -117.492199330721505, 52.952951136780008 ], [ -117.542199330721502, 52.952951136780008 ], [ -117.542199330721502, 52.902951136780011 ] ] ] } },
{ "type": "Feature", "properties": { "value": 1, "label": "AQHI 1", "color": "#01cbff", "timestamp": "2026-09-30 07:00:00", "generated_at": "2026-09-30T13:31:09.486326", "nearest_km": 25.502853651360141, "n_points": 12, "weight_sum": 0.0026172247348457394, "confidence": "Medium", "flagged": false }, "geometry": { "type": "Polygon", "coordinates": [ [ [ -117.492199330721505, 52.902951136780011 ], [ -117.442199330721508, 52.902951136780011 ], [ -117.442199330721508, 52.952951136780008 ], [ -117.492199330721505, 52.952951136780008 ], [ -117.492199330721505, 52.902951136780011 ] ] ] } },
{ "type": "Feature", "properties": { "value": 1, "label": "AQHI 1", "color": "#01cbff", "timestamp": "2026-09-30 07:00:00", "generated_at": "2026-09-30T13:31:09.486326", "nearest_km": 29.46252999117204, "n_points": 12, "weight_sum": 0.0024479556975024099, "confidence": "Medium", "flagged": false }, "geometry": { "type": "Polygon", "coordinates": [ [ [ -117.442199330721508, 52.902951136780011 ], [ -117.39219933072151, 52.902951136780011 ], [ -117.39219933072151, 52.952951136780008 ], [ -117.442199330721508, 52.952951136780008 ], [ -117.442199330721508, 52.902951136780011 ] ] ] } },
{ "type": "Feature", "properties": { "value": 1, "label": "AQHI 1", "color": "#01cbff", "timestamp": "2026-09-30 07:00:00", "generated_at": "2026-09-30T13:31:09.486326", "nearest_km": 33.87168142562048, "n_points": 12, "weight_sum": 0.0023760738981388717, "confidence": "Medium", "flagged": false }, "geometry": { "type": "Polygon", "coordinates": [ [ [ -117.39219933072151, 52.902951136780011 ], [ -117.342199330721513, 52.902951136780011 ], [ -117.342199330721513, 52.952951136780008 ], [ -117.39219933072151, 52.952951136780008 ], [ -117.39219933072151, 52.902951136780011 ] ] ] } },
{ "type": "Feature", "properties": { "value": 2, "label": "AQHI 2", "color": "#0099cb", "timestamp": "2026-09-30 07:00:00", "generated_at": "2026-09-30T13:31:09.486326", "nearest_km": 37.762524716037454, "n_points": 12, "weight_sum": 0.0023975038718732321, "confidence": "Medium", "flagged": false }, "geometry": { "type": "Polygon", "coordinates": [ [ [ -117.342199330721513, 52.902951136780011 ], [ -117.292199330721516, 52.902951136780011 ], [ -117.292199330721516, 52.952951136780008 ], [ -117.342199330721513, 52.952951136780008 ], [ -117.342199330721513, 52.902951136780011 ] ] ] } },
{ "type": "Feature", "properties": { "value": 2, "label": "AQHI 2", "color": "#0099cb", "timestamp": "2026-09-30 07:00:00", "generated_at": "2026-09-30T13:31:09.486326", "nearest_km": 33.873242839837083, "n_points": 12, "weight_sum": 0.0025074517050892513, "confidence": "Medium", "flagged": false }, "geometry": { "type": "Polygon", "coordinates": [ [ [ -117.292199330721516, 52.902951136780011 ], [ -117.242199330721519, 52.902951136780011 ], [ -117.242199330721519, 52.952951136780008 ], [ -117.292199330721516, 52.952951136780008 ], [ -117.292199330721516, 52.902951136780011 ] ] ] } },
{ "type": "Feature", "properties": { "value": 2, "label": "AQHI 2", "color": "#0099cb", "timestamp": "2026-09-30 07:00:00", "generated_at": "2026-09-30T13:31:09.486326", "nearest_km": 30.492560143494217, "n_points": 12, "weight_sum": 0.0026939071510956015, "confidence": "Medium", "flagged": false }, "geometry": { "type": "Polygon", "coordinates": [ [ [ -117.242199330721519, 52.902951136780011 ], [ -117.192199330721522, 52.902951136780011 ], [ -117.192199330721522, 52.952951136780008 ], [ -117.242199330721519, 52.952951136780008 ], [ -117.242199330721519, 52.902951136780011 ] ] ] } },
{ "type": "Feature", "properties": { "value": 2, "label": "AQHI 2", "color": "#0099cb", "timestamp": "2026-09-30 07:00:00", "generated_at": "2026-09-30T13:31:09.486326", "nearest_km": 27.817276425319626, "n_points": 12, "weight_sum": 0.0029199243812253906, "confidence": "Medium", "flagged": false }, "geometry": { "type": "Polygon", "coordinates": [ [ [ -117.192199330721522, 52.902951136780011 ], [ -117.142199330721525, 52.902951136780011 ], [ -117.142199330721525, 52.952951136780008 ], [ -117.192199330721522, 52.952951136780008 ], [ -117.192199330721522, 52.902951136780011 ] ] ] } },
{ "type": "Feature", "properties": { "value": 2, "label": "AQHI 2", "color": "#0099cb", "timestamp": "2026-09-30 07:00:00", "generated_at": "2026-09-30T13:31:09.486326", "nearest_km": 26.065504241059045, "n_points": 12, "weight_sum": 0.0031063127840675838, "confidence": "Medium", "flagged": false }, "geometry": { "type": "Polygon", "coordinates": [ [ [ -117.142199330721525, 52.902951136780011 ], [ -117.092199330721527, 52.902951136780011 ], [ -117.092199330721527, 52.952951136780008 ], [ -117.142199330721525, 52.952951136780008 ], [ -117.142199330721525, 52.902951136780011 ] ] ] } },
{ "type": "Feature", "properties": { "value": 2, "label": "AQHI 2", "color": "#0099cb", "timestamp": "2026-09-30 07:00:00", "generated_at": "2026-09-30T13:31:09.486326", "nearest_km": 25.428825276813008, "n_points": 12, "weight_sum": 0.0031494009936209213, "confidence": "Medium", "flagged": false }, "geometry": { "type": "Polygon", "coordinates": [ [ [ -117.092199330721527, 52.902951136780011 ], [ -117.04219933072153, 52.902951136780011 ], [ -117.04219933072153, 52.952951136780008 ], [ -117.092199330721527, 52.952951136780008 ], [ -117.092199330721527, 52.902951136780011 ] ] ] } },
{ "type": "Feature", "properties": { "value": 2, "label": "AQHI 2", "color": "#0099cb", "timestamp": "2026-09-30 07:00:00", "generated_at": "2026-09-30T13:31:09.486326", "nearest_km": 25.989320856395885, "n_points": 12, "weight_sum": 0.0029944459774966302, "confidence": "Medium", "flagged": false }, "geometry": { "type": "Polygon", "coordinates": [ [ [ -117.04219933072153, 52.902951136780011 ], [ -116.992199330721533, 52.902951136780011 ], [ -116.992199330721533, 52.952951136780008 ], [ -117.04219933072153, 52.952951136780008 ], [ -117.04219933072153, 52.902951136780011 ] ] ] } },
{ "type": "Feature", "properties": { "value": 2, "label": "AQHI 2", "color": "#0099cb", "timestamp": "2026-09-30 07:00:00", "generated_at": "2026-09-30T13:31:09.486326", "nearest_km": 27.674346283059645, "n_points": 13, "weight_sum": 0.0027105598506708454, "confidence": "Medium", "flagged": false }, "geometry": { "type": "Polygon", "coordinates": [ [ [ -116.992199330721533, 52.902951136780011 ], [ -116.942199330721536, 52.902951136780011 ], [ -116.942199330721536, 52.952951136780008 ], [ -116.992199330721533, 52.952951136780008 ], [ -116.992199330721533, 52.902951136780011 ] ] ] } },
{ "type": "Feature", "properties": { "value": 2, "label": "AQHI 2", "color": "#0099cb", "timestamp": "2026-09-30 07:00:00", "generated_at": "2026-09-30T13:31:09.486326", "nearest_km": 30.296849437073377, "n_points": 13, "weight_sum": 0.0023523639629005016, "confidence": "Medium", "flagged": false }, "geometry": { "type": "Polygon", "coordinates": [ [ [ -116.942199330721536, 52.902951136780011 ], [ -116.892199330721539, 52.902951136780011 ], [ -116.892199330721539, 52.952951136780008 ], [ -116.942199330721536, 52.952951136780008 ], [ -116.942199330721536, 52.902951136780011 ] ] ] } },
{ "type": "Feature", "properties": { "value": 2, "label": "AQHI 2", "color": "#0099cb", "timestamp": "2026-09-30 07:00:00", "generated_at": "2026-09-30T13:31:09.486326", "nearest_km": 33.638277741743586, "n_points": 13, "weight_sum": 0.0020174720609907495, "confidence": "Medium", "flagged": false }, "geometry": { "type": "Polygon", "coordinates": [ [ [ -116.892199330721539, 52.902951136780011 ], [ -116.842199330721542, 52.902951136780011 ], [ -116.842199330721542, 52.952951136780008 ], [ -116.892199330721539, 52.952951136780008 ], [ -116.892199330721539, 52.902951136780011 ] ] ] } },
{ "type": "Feature", "properties": { "value": 2, "label": "AQHI 2", "color": "#0099cb", "timestamp": "2026-09-30 07:00:00", "generated_at": "2026-09-30T13:31:09.486326", "nearest_km": 37.506977658146013, "n_points": 13, "weight_sum": 0.0017377154337657299, "confidence": "Medium", "flagged": false }, "geometry": { "type": "Polygon", "coordinates": [ [ [ -116.842199330721542, 52.902951136780011 ], [ -116.792199330721544, 52.902951136780011 ], [ -116.792199330721544, 52.952951136780008 ], [ -116.842199330721542, 52.952951136780008 ], [ -116.842199330721542, 52.902951136780011 ] ] ] } },
{ "type": "Feature", "properties": { "value": 2, "label": "AQHI 2", "color": "#0099cb", "timestamp": "2026-09-30 07:00:00", "generated_at": "2026-09-30T13:31:09.486326", "nearest_km": 41.756652364223825, "n_points": 13, "weight_sum": 0.0015161647339543311, "confidence": "Medium", "flagged": false }, "geometry": { "type": "Polygon", "coordinates": [ [ [ -116.792199330721544, 52.902951136780011 ], [ -116.742199330721547, 52.902951136780011 ], [ -116.742199330721547, 52.952951136780008 ], [ -116.792199330721544, 52.952951136780008 ], [ -116.792199330721544, 52.902951136780011 ] ] ] } },
{ "type": "Feature", "properties": { "value": 2, "label": "AQHI 2", "color": "#0099cb", "timestamp": "2026-09-30 07:00:00", "generated_at": "2026-09-30T13:31:09.486326", "nearest_km": 46.282476816659312, "n_points": 12, "weight_sum": 0.0013232790547256827, "confidence": "Medium", "flagged": false }, "geometry": { "type": "Polygon", "coordinates": [ [ [ -116.742199330721547, 52.902951136780011 ], [ -116.69219933072155, 52.902951136780011 ], [ -116.69219933072155, 52.952951136780008 ], [ -116.742199330721547, 52.952951136780008 ], [ -116.742199330721547, 52.902951136780011 ] ] ] } },
{ "type": "Feature", "properties": { "value": 2, "label": "AQHI 2", "color": "#0099cb", "timestamp": "2026-09-30 07:00:00", "generated_at": "2026-09-30T13:31:09.486326", "nearest_km": 51.011001792775723, "n_points": 9, "weight_sum": 0.001108457946502412, "confidence": "Medium", "flagged": false }, "geometry": { "type": "Polygon", "coordinates": [ [ [ -116.69219933072155, 52.902951136780011 ], [ -116.642199330721553, 52.902951136780011 ], [ -116.642199330721553, 52.952951136780008 ], [ -116.69219933072155, 52.952951136780008 ], [ -116.69219933072155, 52.902951136780011 ] ] ] } },
{ "type": "Feature", "properties": { "value": 2, "label": "AQHI 2", "color": "#0099cb", "timestamp": "2026-09-30 07:00:00", "generated_at": "2026-09-30T13:31:09.486326", "nearest_km": 55.890803783095855, "n_points": 9, "weight_sum": 0.0010121968809892867, "confidence": "Medium", "flagged": false }, "geometry": { "type": "Polygon", "coordinates": [ [ [ -116.642199330721553, 52.902951136780011 ], [ -116.592199330721556, 52.902951136780011 ], [ -116.592199330721556, 52.952951136780008 ], [ -116.642199330721553, 52.952951136780008 ], [ -116.642199330721553, 52.902951136780011 ] ] ] } },
{ "type": "Feature", "properties": { "value": 2, "label": "AQHI 2", "color": "#0099cb", "timestamp": "2026-09-30 07:00:00", "generated_at": "2026-09-30T13:31:09.486326", "nearest_km": 60.885520373389845, "n_points": 9, "weight_sum": 0.00093687814177100676, "confidence": "Medium", "flagged": false }, "geometry": { "type": "Polygon", "coordinates": [ [ [ -116.592199330721556, 52.902951136780011 ], [ -116.542199330721559, 52.902951136780011 ], [ -116.542199330721559, 52.952951136780008 ], [ -116.592199330721556, 52.952951136780008 ], [ -116.592199330721556, 52.902951136780011 ] ] ] } },
{ "type": "Feature", "properties": { "value": 2, "label": "AQHI 2", "color": "#0099cb", "timestamp": "2026-09-30 07:00:00", "generated_at": "2026-09-30T13:31:09.486326", "nearest_km": 65.96905513008663, "n_points": 9, "weight_sum": 0.00087654689778429099, "confidence": "Medium", "flagged": false }, "geometry": { "type": "Polygon", "coordinates": [ [ [ -116.542199330721559, 52.902951136780011 ], [ -116.492199330721562, 52.902951136780011 ], [ -116.492199330721562, 52.952951136780008 ], [ -116.542199330721559, 52.952951136780008 ], [ -116.542199330721559, 52.902951136780011 ] ] ] } },
{ "type": "Feature", "properties": { "value": 2, "label": "AQHI 2", "color": "#0099cb", "timestamp": "2026-09-30 07:00:00", "generated_at": "2026-09-30T13:31:09.486326", "nearest_km": 71.122365528533578, "n_points": 9, "weight_sum": 0.00082668150080930202, "confidence": "Medium", "flagged": false }, "geometry": { "type": "Polygon", "coordinates": [ [ [ -116.492199330721562, 52.902951136780011 ], [ -116.442199330721564, 52.902951136780011 ], [ -116.442199330721564, 52.952951136780008 ], [ -116.492199330721562, 52.952951136780008 ], [ -116.492199330721562, 52.902951136780011 ] ] ] } },
{ "type": "Feature", "properties": { "value": 2, "label": "AQHI 2", "color": "#0099cb", "timestamp": "2026-09-30 07:00:00", "generated_at": "2026-09-30T13:31:09.486326", "nearest_km": 75.05971417235456, "n_points": 9, "weight_sum": 0.00078390854514295339, "confidence": "Low", "flagged": false }, "geometry": { "type": "Polygon", "coordinates": [ [ [ -116.442199330721564, 52.902951136780011 ], [ -116.392199330721567, 52.902951136780011 ], [ -116.392199330721567, 52.952951136780008 ], [ -116.442199330721564, 52.952951136780008 ], [ -116.442199330721564, 52.902951136780011 ] ] ] } },
{ "type": "Feature", "properties": { "value": 2, "label": "AQHI 2", "color": "#0099cb", "timestamp": "2026-09-30 07:00:00", "generated_at": "2026-09-30T13:31:09.486326", "nearest_km": 75.27731246035232, "n_points": 9, "weight_sum": 0.00074577998752303754, "confidence": "Low", "flagged": false }, "geometry": { "type": "Polygon", "coordinates": [ [ [ -116.392199330721567, 52.902951136780011 ], [ -116.34219933072157, 52.902951136780011 ], [ -116.34219933072157, 52.952951136780008 ], [ -116.392199330721567, 52.952951136780008 ], [ -116.392199330721567, 52.902951136780011 ] ] ] } },
{ "type": "Feature", "properties": { "value": 2, "label": "AQHI 2", "color": "#0099cb", "timestamp": "2026-09-30 07:00:00", "generated_at": "2026-09-30T13:31:09.486326", "nearest_km": 75.901197954126246, "n_points": 9, "weight_sum": 0.00071059853934627663, "confidence": "Low", "flagged": false }, "geometry": { "type": "Polygon", "coordinates": [ [ [ -116.34219933072157, 52.902951136780011 ], [ -116.292199330721573, 52.902951136780011 ], [ -116.292199330721573, 52.952951136780008 ], [ -116.34219933072157, 52.952951136780008 ], [ -116.34219933072157, 52.902951136780011 ] ] ] } },
{ "type": "Feature", "properties": { "value": 2, "label": "AQHI 2", "color": "#0099cb", "timestamp": "2026-09-30 07:00:00", "generated_at": "2026-09-30T13:31:09.486326", "nearest_km": 76.921485493257308, "n_points": 8, "weight_sum": 0.00063614417079422235, "confidence": "Low", "flagged": false }, "geometry": { "type": "Polygon", "coordinates": [ [ [ -116.292199330721573, 52.902951136780011 ], [ -116.242199330721576, 52.902951136780011 ], [ -116.242199330721576, 52.952951136780008 ], [ -116.292199330721573, 52.952951136780008 ], [ -116.292199330721573, 52.902951136780011 ] ] ] } },
{ "type": "Feature", "properties": { "value": 2, "label": "AQHI 2", "color": "#0099cb", "timestamp": "2026-09-30 07:00:00", "generated_at": "2026-09-30T13:31:09.486326", "nearest_km": 78.322685156392097, "n_points": 8, "weight_sum": 0.00061627655379082517, "confidence": "Low", "flagged": false }, "geometry": { "type": "Polygon", "coordinates": [ [ [ -116.242199330721576, 52.902951136780011 ], [ -116.192199330721579, 52.902951136780011 ], [ -116.192199330721579, 52.952951136780008 ], [ -116.242199330721576, 52.952951136780008 ], [ -116.242199330721576, 52.902951136780011 ] ] ] } },
{ "type": "Feature", "properties": { "value": 2, "label": "AQHI 2", "color": "#0099cb", "timestamp": "2026-09-30 07:00:00", "generated_at": "2026-09-30T13:31:09.486326", "nearest_km": 79.830753130572461, "n_points": 8, "weight_sum": 0.00059726831200076439, "confidence": "Low", "flagged": false }, "geometry": { "type": "Polygon", "coordinates": [ [ [ -116.192199330721579, 52.902951136780011 ], [ -116.142199330721581, 52.902951136780011 ], [ -116.142199330721581, 52.952951136780008 ], [ -116.192199330721579, 52.952951136780008 ], [ -116.192199330721579, 52.902951136780011 ] ] ] } },
{ "type": "Feature", "properties": { "value": 2, "label": "AQHI 2", "color": "#0099cb", "timestamp": "2026-09-30 07:00:00", "generated_at": "2026-09-30T13:31:09.486326", "nearest_km": 81.5529559477297, "n_points": 10, "weight_sum": 0.00062494687452852385, "confidence": "Low", "flagged": false }, "geometry": { "type": "Polygon", "coordinates": [ [ [ -116.142199330721581, 52.902951136780011 ], [ -116.092199330721584, 52.902951136780011 ], [ -116.092199330721584, 52.952951136780008 ], [ -116.142199330721581, 52.952951136780008 ], [ -116.142199330721581, 52.902951136780011 ] ] ] } },
{ "type": "Feature", "properties": { "value": 2, "label": "AQHI 2", "color": "#0099cb", "timestamp": "2026-09-30 07:00:00", "generated_at": "2026-09-30T13:31:09.486326", "nearest_km": 83.275361093617875, "n_points": 12, "weight_sum": 0.00065801497392350733, "confidence": "Low", "flagged": false }, "geometry": { "type": "Polygon", "coordinates": [ [ [ -116.092199330721584, 52.902951136780011 ], [ -116.042199330721587, 52.902951136780011 ], [ -116.042199330721587, 52.952951136780008 ], [ -116.092199330721584, 52.952951136780008 ], [ -116.092199330721584, 52.902951136780011 ] ] ] } },
{ "type": "Feature", "properties": { "value": 2, "label": "AQHI 2", "color": "#0099cb", "timestamp": "2026-09-30 07:00:00", "generated_at": "2026-09-30T13:31:09.486326", "nearest_km": 81.811204684263117, "n_points": 12, "weight_sum": 0.00064895003728161023, "confidence": "Low", "flagged": false }, "geometry": { "type": "Polygon", "coordinates": [ [ [ -116.042199330721587, 52.902951136780011 ], [ -115.99219933072159, 52.902951136780011 ], [ -115.99219933072159, 52.952951136780008 ], [ -116.042199330721587, 52.952951136780008 ], [ -116.042199330721587, 52.902951136780011 ] ] ] } },
{ "type": "Feature", "properties": { "value": 2, "label": "AQHI 2", "color": "#0099cb", "timestamp": "2026-09-30 07:00:00", "generated_at": "2026-09-30T13:31:09.486326", "nearest_km": 80.702947024928022, "n_points": 12, "weight_sum": 0.00064211117949270207, "confidence": "Low", "flagged": false }, "geometry": { "type": "Polygon", "coordinates": [ [ [ -115.99219933072159, 52.902951136780011 ], [ -115.942199330721593, 52.902951136780011 ], [ -115.942199330721593, 52.952951136780008 ], [ -115.99219933072159, 52.952951136780008 ], [ -115.99219933072159, 52.902951136780011 ] ] ] } },
{ "type": "Feature", "properties": { "value": 1, "label": "AQHI 1", "color": "#01cbff", "timestamp": "2026-09-30 07:00:00", "generated_at": "2026-09-30T13:31:09.486326", "nearest_km": 79.96538691913068, "n_points": 12, "weight_sum": 0.00063782650568743927, "confidence": "Low", "flagged": false }, "geometry": { "type": "Polygon", "coordinates": [ [ [ -115.942199330721593, 52.902951136780011 ], [ -115.892199330721596, 52.902951136780011 ], [ -115.892199330721596, 52.952951136780008 ], [ -115.942199330721593, 52.952951136780008 ], [ -115.942199330721593, 52.902951136780011 ] ] ] } },
{ "type": "Feature", "properties": { "value": 1, "label": "AQHI 1", "color": "#01cbff", "timestamp": "2026-09-30 07:00:00", "generated_at": "2026-09-30T13:31:09.486326", "nearest_km": 79.608828353042611, "n_points": 12, "weight_sum": 0.00063644294859755497, "confidence": "Low", "flagged": false }, "geometry": { "type": "Polygon", "coordinates": [ [ [ -115.892199330721596, 52.902951136780011 ], [ -115.842199330721598, 52.902951136780011 ], [ -115.842199330721598, 52.952951136780008 ], [ -115.892199330721596, 52.952951136780008 ], [ -115.892199330721596, 52.902951136780011 ] ] ] } },
{ "type": "Feature", "properties": { "value": 1, "label": "AQHI 1", "color": "#01cbff", "timestamp": "2026-09-30 07:00:00", "generated_at": "2026-09-30T13:31:09.486326", "nearest_km": 79.638388973924663, "n_points": 12, "weight_sum": 0.00063834647203388846, "confidence": "Low", "flagged": false }, "geometry": { "type": "Polygon", "coordinates": [ [ [ -115.842199330721598, 52.902951136780011 ], [ -115.792199330721601, 52.902951136780011 ], [ -115.792199330721601, 52.952951136780008 ], [ -115.842199330721598, 52.952951136780008 ], [ -115.842199330721598, 52.902951136780011 ] ] ] } },
{ "type": "Feature", "properties": { "value": 1, "label": "AQHI 1", "color": "#01cbff", "timestamp": "2026-09-30 07:00:00", "generated_at": "2026-09-30T13:31:09.486326", "nearest_km": 80.053641047612828, "n_points": 12, "weight_sum": 0.00064398721783432453, "confidence": "Low", "flagged": false }, "geometry": { "type": "Polygon", "coordinates": [ [ [ -115.792199330721601, 52.902951136780011 ], [ -115.742199330721604, 52.902951136780011 ], [ -115.742199330721604, 52.952951136780008 ], [ -115.792199330721601, 52.952951136780008 ], [ -115.792199330721601, 52.902951136780011 ] ] ] } },
{ "type": "Feature", "properties": { "value": 1, "label": "AQHI 1", "color": "#01cbff", "timestamp": "2026-09-30 07:00:00", "generated_at": "2026-09-30T13:31:09.486326", "nearest_km": 80.848641866131231, "n_points": 10, "weight_sum": 0.00058886140417360917, "confidence": "Low", "flagged": false }, "geometry": { "type": "Polygon", "coordinates": [ [ [ -115.742199330721604, 52.902951136780011 ], [ -115.692199330721607, 52.902951136780011 ], [ -115.692199330721607, 52.952951136780008 ], [ -115.742199330721604, 52.952951136780008 ], [ -115.742199330721604, 52.902951136780011 ] ] ] } },
{ "type": "Feature", "properties": { "value": 1, "label": "AQHI 1", "color": "#01cbff", "timestamp": "2026-09-30 07:00:00", "generated_at": "2026-09-30T13:31:09.486326", "nearest_km": 82.012348693448885, "n_points": 10, "weight_sum": 0.00060815827819267389, "confidence": "Low", "flagged": false }, "geometry": { "type": "Polygon", "coordinates": [ [ [ -115.692199330721607, 52.902951136780011 ], [ -115.64219933072161, 52.902951136780011 ], [ -115.64219933072161, 52.952951136780008 ], [ -115.692199330721607, 52.952951136780008 ], [ -115.692199330721607, 52.902951136780011 ] ] ] } },
{ "type": "Feature", "properties": { "value": 1, "label": "AQHI 1", "color": "#01cbff", "timestamp": "2026-09-30 07:00:00", "generated_at": "2026-09-30T13:31:09.486326", "nearest_km": 80.137729215850612, "n_points": 11, "weight_sum": 0.00065575571805887392, "confidence": "Low", "flagged": false }, "geometry": { "type": "Polygon", "coordinates": [ [ [ -115.64219933072161, 52.902951136780011 ], [ -115.592199330721613, 52.902951136780011 ], [ -115.592199330721613, 52.952951136780008 ], [ -115.64219933072161, 52.952951136780008 ], [ -115.64219933072161, 52.902951136780011 ] ] ] } },
{ "type": "Feature", "properties": { "value": 1, "label": "AQHI 1", "color": "#01cbff", "timestamp": "2026-09-30 07:00:00", "generated_at": "2026-09-30T13:31:09.486326", "nearest_km": 75.098658440021026, "n_points": 11, "weight_sum": 0.00068792925787808585, "confidence": "Low", "flagged": false }, "geometry": { "type": "Polygon", "coordinates": [ [ [ -115.592199330721613, 52.902951136780011 ], [ -115.542199330721616, 52.902951136780011 ], [ -115.542199330721616, 52.952951136780008 ], [ -115.592199330721613, 52.952951136780008 ], [ -115.592199330721613, 52.902951136780011 ] ] ] } },
{ "type": "Feature", "properties": { "value": 1, "label": "AQHI 1", "color": "#01cbff", "timestamp": "2026-09-30 07:00:00", "generated_at": "2026-09-30T13:31:09.486326", "nearest_km": 70.136768924073493, "n_points": 11, "weight_sum": 0.00072767464791737382, "confidence": "Medium", "flagged": false }, "geometry": { "type": "Polygon", "coordinates": [ [ [ -115.542199330721616, 52.902951136780011 ], [ -115.492199330721618, 52.902951136780011 ], [ -115.492199330721618, 52.952951136780008 ], [ -115.542199330721616, 52.952951136780008 ], [ -115.542199330721616, 52.902951136780011 ] ] ] } },
{ "type": "Feature", "properties": { "value": 1, "label": "AQHI 1", "color": "#01cbff", "timestamp": "2026-09-30 07:00:00", "generated_at": "2026-09-30T13:31:09.486326", "nearest_km": 24.709401401799074, "n_points": 9, "weight_sum": 0.0029046652126516336, "confidence": "High", "flagged": false }, "geometry": { "type": "Polygon", "coordinates": [ [ [ -117.642199330721496, 52.952951136780008 ], [ -117.592199330721499, 52.952951136780008 ], [ -117.592199330721499, 53.002951136780005 ], [ -117.642199330721496, 53.002951136780005 ], [ -117.642199330721496, 52.952951136780008 ] ] ] } },
{ "type": "Feature", "properties": { "value": 1, "label": "AQHI 1", "color": "#01cbff", "timestamp": "2026-09-30 07:00:00", "generated_at": "2026-09-30T13:31:09.486326", "nearest_km": 25.365028025871954, "n_points": 11, "weight_sum": 0.0028165751195042212, "confidence": "Medium", "flagged": false }, "geometry": { "type": "Polygon", "coordinates": [ [ [ -117.592199330721499, 52.952951136780008 ], [ -117.542199330721502, 52.952951136780008 ], [ -117.542199330721502, 53.002951136780005 ], [ -117.592199330721499, 53.002951136780005 ], [ -117.592199330721499, 52.952951136780008 ] ] ] } },
{ "type": "Feature", "properties": { "value": 1, "label": "AQHI 1", "color": "#01cbff", "timestamp": "2026-09-30 07:00:00", "generated_at": "2026-09-30T13:31:09.486326", "nearest_km": 27.162838140947315, "n_points": 12, "weight_sum": 0.0027205160974679288, "confidence": "Medium", "flagged": false }, "geometry": { "type": "Polygon", "coordinates": [ [ [ -117.542199330721502, 52.952951136780008 ], [ -117.492199330721505, 52.952951136780008 ], [ -117.492199330721505, 53.002951136780005 ], [ -117.542199330721502, 53.002951136780005 ], [ -117.542199330721502, 52.952951136780008 ] ] ] } },
{ "type": "Feature", "properties": { "value": 1, "label": "AQHI 1", "color": "#01cbff", "timestamp": "2026-09-30 07:00:00", "generated_at": "2026-09-30T13:31:09.486326", "nearest_km": 29.897489944631268, "n_points": 12, "weight_sum": 0.0026025173444523897, "confidence": "Medium", "flagged": false }, "geometry": { "type": "Polygon", "coordinates": [ [ [ -117.492199330721505, 52.952951136780008 ], [ -117.442199330721508, 52.952951136780008 ], [ -117.442199330721508, 53.002951136780005 ], [ -117.492199330721505, 53.002951136780005 ], [ -117.492199330721505, 52.952951136780008 ] ] ] } },
{ "type": "Feature", "properties": { "value": 1, "label": "AQHI 1", "color": "#01cbff", "timestamp": "2026-09-30 07:00:00", "generated_at": "2026-09-30T13:31:09.486326", "nearest_km": 33.339241654652952, "n_points": 12, "weight_sum": 0.0025390324771788378, "confidence": "Medium", "flagged": false }, "geometry": { "type": "Polygon", "coordinates": [ [ [ -117.442199330721508, 52.952951136780008 ], [ -117.39219933072151, 52.952951136780008 ], [ -117.39219933072151, 53.002951136780005 ], [ -117.442199330721508, 53.002951136780005 ], [ -117.442199330721508, 52.952951136780008 ] ] ] } },
{ "type": "Feature", "properties": { "value": 1, "label": "AQHI 1", "color": "#01cbff", "timestamp": "2026-09-30 07:00:00", "generated_at": "2026-09-30T13:31:09.486326", "nearest_km": 37.292829917094764, "n_points": 12, "weight_sum": 0.0025554589479782068, "confidence": "Medium", "flagged": false }, "geometry": { "type": "Polygon", "coordinates": [ [ [ -117.39219933072151, 52.952951136780008 ], [ -117.342199330721513, 52.952951136780008 ], [ -117.342199330721513, 53.002951136780005 ], [ -117.39219933072151, 53.002951136780005 ], [ -117.39219933072151, 52.952951136780008 ] ] ] } },
{ "type": "Feature", "properties": { "value": 2, "label": "AQHI 2", "color": "#0099cb", "timestamp": "2026-09-30 07:00:00", "generated_at": "2026-09-30T13:31:09.486326", "nearest_km": 34.263444347525883, "n_points": 12, "weight_sum": 0.0026767943495615339, "confidence": "Medium", "flagged": false }, "geometry": { "type": "Polygon", "coordinates": [ [ [ -117.342199330721513, 52.952951136780008 ], [ -117.292199330721516, 52.952951136780008 ], [ -117.292199330721516, 53.002951136780005 ], [ -117.342199330721513, 53.002951136780005 ], [ -117.342199330721513, 52.952951136780008 ] ] ] } },
{ "type": "Feature", "properties": { "value": 2, "label": "AQHI 2", "color": "#0099cb", "timestamp": "2026-09-30 07:00:00", "generated_at": "2026-09-30T13:31:09.486326", "nearest_km": 29.92357241831327, "n_points": 12, "weight_sum": 0.002932401090054083, "confidence": "Medium", "flagged": false }, "geometry": { "type": "Polygon", "coordinates": [ [ [ -117.292199330721516, 52.952951136780008 ], [ -117.242199330721519, 52.952951136780008 ], [ -117.242199330721519, 53.002951136780005 ], [ -117.292199330721516, 53.002951136780005 ], [ -117.292199330721516, 52.952951136780008 ] ] ] } },
{ "type": "Feature", "properties": { "value": 2, "label": "AQHI 2", "color": "#0099cb", "timestamp": "2026-09-30 07:00:00", "generated_at": "2026-09-30T13:31:09.486326", "nearest_km": 26.045071094763394, "n_points": 12, "weight_sum": 0.0033478102500127654, "confidence": "Medium", "flagged": false }, "geometry": { "type": "Polygon", "coordinates": [ [ [ -117.242199330721519, 52.952951136780008 ], [ -117.192199330721522, 52.952951136780008 ], [ -117.192199330721522, 53.002951136780005 ], [ -117.242199330721519, 53.002951136780005 ], [ -117.242199330721519, 52.952951136780008 ] ] ] } },
{ "type": "Feature", "properties": { "value": 2, "label": "AQHI 2", "color": "#0099cb", "timestamp": "2026-09-30 07:00:00", "generated_at": "2026-09-30T13:31:09.486326", "nearest_km": 22.854985713172319, "n_points": 12, "weight_sum": 0.0039037628211187475, "confidence": "High", "flagged": false }, "geometry": { "type": "Polygon", "coordinates": [ [ [ -117.192199330721522, 52.952951136780008 ], [ -117.142199330721525, 52.952951136780008 ], [ -117.142199330721525, 53.002951136780005 ], [ -117.192199330721522, 53.002951136780005 ], [ -117.192199330721522, 52.952951136780008 ] ] ] } },
{ "type": "Feature", "properties": { "value": 2, "label": "AQHI 2", "color": "#0099cb", "timestamp": "2026-09-30 07:00:00", "generated_at": "2026-09-30T13:31:09.486326", "nearest_km": 20.687194482755142, "n_points": 12, "weight_sum": 0.004447001525146068, "confidence": "High", "flagged": false }, "geometry": { "type": "Polygon", "coordinates": [ [ [ -117.142199330721525, 52.952951136780008 ], [ -117.092199330721527, 52.952951136780008 ], [ -117.092199330721527, 53.002951136780005 ], [ -117.142199330721525, 53.002951136780005 ], [ -117.142199330721525, 52.952951136780008 ] ] ] } },
{ "type": "Feature", "properties": { "value": 2, "label": "AQHI 2", "color": "#0099cb", "timestamp": "2026-09-30 07:00:00", "generated_at": "2026-09-30T13:31:09.486326", "nearest_km": 19.879000457401062, "n_points": 12, "weight_sum": 0.004661714444797827, "confidence": "High", "flagged": false }, "geometry": { "type": "Polygon", "coordinates": [ [ [ -117.092199330721527, 52.952951136780008 ], [ -117.04219933072153, 52.952951136780008 ], [ -117.04219933072153, 53.002951136780005 ], [ -117.092199330721527, 53.002951136780005 ], [ -117.092199330721527, 52.952951136780008 ] ] ] } },
{ "type": "Feature", "properties": { "value": 2, "label": "AQHI 2", "color": "#0099cb", "timestamp": "2026-09-30 07:00:00", "generated_at": "2026-09-30T13:31:09.486326", "nearest_km": 20.591121941345541, "n_points": 13, "weight_sum": 0.0043662945941121819, "confidence": "High", "flagged": false }, "geometry": { "type": "Polygon", "coordinates": [ [ [ -117.04219933072153, 52.952951136780008 ], [ -116.992199330721533, 52.952951136780008 ], [ -116.992199330721533, 53.002951136780005 ], [ -117.04219933072153, 53.002951136780005 ], [ -117.04219933072153, 52.952951136780008 ] ] ] } },
{ "type": "Feature", "properties": { "value": 2, "label": "AQHI 2", "color": "#0099cb", "timestamp": "2026-09-30 07:00:00", "generated_at": "2026-09-30T13:31:09.486326", "nearest_km": 22.680805682809524, "n_points": 13, "weight_sum": 0.0037014539806065408, "confidence": "High", "flagged": false }, "geometry": { "type": "Polygon", "coordinates": [ [ [ -116.992199330721533, 52.952951136780008 ], [ -116.942199330721536, 52.952951136780008 ], [ -116.942199330721536, 53.002951136780005 ], [ -116.992199330721533, 53.002951136780005 ], [ -116.992199330721533, 52.952951136780008 ] ] ] } },
{ "type": "Feature", "properties": { "value": 2, "label": "AQHI 2", "color": "#0099cb", "timestamp": "2026-09-30 07:00:00", "generated_at": "2026-09-30T13:31:09.486326", "nearest_km": 25.81566559357633, "n_points": 13, "weight_sum": 0.003004320493926209, "confidence": "Medium", "flagged": false }, "geometry": { "type": "Polygon", "coordinates": [ [ [ -116.942199330721536, 52.952951136780008 ], [ -116.892199330721539, 52.952951136780008 ], [ -116.892199330721539, 53.002951136780005 ], [ -116.942199330721536, 53.002951136780005 ], [ -116.942199330721536, 52.952951136780008 ] ] ] } },
{ "type": "Feature", "properties": { "value": 2, "label": "AQHI 2", "color": "#0099cb", "timestamp": "2026-09-30 07:00:00", "generated_at": "2026-09-30T13:31:09.486326", "nearest_km": 29.666196818219717, "n_points": 13, "weight_sum": 0.002433766209051314, "confidence": "Medium", "flagged": false }, "geometry": { "type": "Polygon", "coordinates": [ [ [ -116.892199330721539, 52.952951136780008 ], [ -116.842199330721542, 52.952951136780008 ], [ -116.842199330721542, 53.002951136780005 ], [ -116.892199330721539, 53.002951136780005 ], [ -116.892199330721539, 52.952951136780008 ] ] ] } },
{ "type": "Feature", "properties": { "value": 2, "label": "AQHI 2", "color": "#0099cb", "timestamp": "2026-09-30 07:00:00", "generated_at": "2026-09-30T13:31:09.486326", "nearest_km": 33.990040854275705, "n_points": 13, "weight_sum": 0.0020097060664219057, "confidence": "Medium", "flagged": false }, "geometry": { "type": "Polygon", "coordinates": [ [ [ -116.842199330721542, 52.952951136780008 ], [ -116.792199330721544, 52.952951136780008 ], [ -116.792199330721544, 53.002951136780005 ], [ -116.842199330721542, 53.002951136780005 ], [ -116.842199330721542, 52.952951136780008 ] ] ] } },
{ "type": "Feature", "properties": { "value": 2, "label": "AQHI 2", "color": "#0099cb", "timestamp": "2026-09-30 07:00:00", "generated_at": "2026-09-30T13:31:09.486326", "nearest_km": 38.628584246556422, "n_points": 13, "weight_sum": 0.0017038087512879173, "confidence": "Medium", "flagged": false }, "geometry": { "type": "Polygon", "coordinates": [ [ [ -116.792199330721544, 52.952951136780008 ], [ -116.742199330721547, 52.952951136780008 ], [ -116.742199330721547, 53.002951136780005 ], [ -116.792199330721544, 53.002951136780005 ], [ -116.792199330721544, 52.952951136780008 ] ] ] } },
{ "type": "Feature", "properties": { "value": 2, "label": "AQHI 2", "color": "#0099cb", "timestamp": "2026-09-30 07:00:00", "generated_at": "2026-09-30T13:31:09.486326", "nearest_km": 43.481227725436575, "n_points": 11, "weight_sum": 0.0014179333563777657, "confidence": "Medium", "flagged": false }, "geometry": { "type": "Polygon", "coordinates": [ [ [ -116.742199330721547, 52.952951136780008 ], [ -116.69219933072155, 52.952951136780008 ], [ -116.69219933072155, 53.002951136780005 ], [ -116.742199330721547, 53.002951136780005 ], [ -116.742199330721547, 52.952951136780008 ] ] ] } },
{ "type": "Feature", "properties": { "value": 2, "label": "AQHI 2", "color": "#0099cb", "timestamp": "2026-09-30 07:00:00", "generated_at": "2026-09-30T13:31:09.486326", "nearest_km": 48.483727250792462, "n_points": 9, "weight_sum": 0.0012197907253476137, "confidence": "Medium", "flagged": false }, "geometry": { "type": "Polygon", "coordinates": [ [ [ -116.69219933072155, 52.952951136780008 ], [ -116.642199330721553, 52.952951136780008 ], [ -116.642199330721553, 53.002951136780005 ], [ -116.69219933072155, 53.002951136780005 ], [ -116.69219933072155, 52.952951136780008 ] ] ] } },
{ "type": "Feature", "properties": { "value": 2, "label": "AQHI 2", "color": "#0099cb", "timestamp": "2026-09-30 07:00:00", "generated_at": "2026-09-30T13:31:09.486326", "nearest_km": 53.594136356015568, "n_points": 9, "weight_sum": 0.0011075000394558203, "confidence": "Medium", "flagged": false }, "geometry": { "type": "Polygon", "coordinates": [ [ [ -116.642199330721553, 52.952951136780008 ], [ -116.592199330721556, 52.952951136780008 ], [ -116.592199330721556, 53.002951136780005 ], [ -116.642199330721553, 53.002951136780005 ], [ -116.642199330721553, 52.952951136780008 ] ] ] } },
{ "type": "Feature", "properties": { "value": 2, "label": "AQHI 2", "color": "#0099cb", "timestamp": "2026-09-30 07:00:00", "generated_at": "2026-09-30T13:31:09.486326", "nearest_km": 58.784318447738571, "n_points": 9, "weight_sum": 0.0010230620192504061, "confidence": "Medium", "flagged": false }, "geometry": { "type": "Polygon", "coordinates": [ [ [ -116.592199330721556, 52.952951136780008 ], [ -116.542199330721559, 52.952951136780008 ], [ -116.542199330721559, 53.002951136780005 ], [ -116.592199330721556, 53.002951136780005 ], [ -116.592199330721556, 52.952951136780008 ] ] ] } },
{ "type": "Feature", "properties": { "value": 2, "label": "AQHI 2", "color": "#0099cb", "timestamp": "2026-09-30 07:00:00", "generated_at": "2026-09-30T13:31:09.486326", "nearest_km": 64.034879081505863, "n_points": 9, "weight_sum": 0.0009574738837006641, "confidence": "Medium", "flagged": false }, "geometry": { "type": "Polygon", "coordinates": [ [ [ -116.542199330721559, 52.952951136780008 ], [ -116.492199330721562, 52.952951136780008 ], [ -116.492199330721562, 53.002951136780005 ], [ -116.542199330721559, 53.002951136780005 ], [ -116.542199330721559, 52.952951136780008 ] ] ] } },
{ "type": "Feature", "properties": { "value": 2, "label": "AQHI 2", "color": "#0099cb", "timestamp": "2026-09-30 07:00:00", "generated_at": "2026-09-30T13:31:09.486326", "nearest_km": 69.332102107184156, "n_points": 9, "weight_sum": 0.00090431867490057118, "confidence": "Medium", "flagged": false }, "geometry": { "type": "Polygon", "coordinates": [ [ [ -116.492199330721562, 52.952951136780008 ], [ -116.442199330721564, 52.952951136780008 ], [ -116.442199330721564, 53.002951136780005 ], [ -116.492199330721562, 53.002951136780005 ], [ -116.492199330721562, 52.952951136780008 ] ] ] } },
{ "type": "Feature", "properties": { "value": 2, "label": "AQHI 2", "color": "#0099cb", "timestamp": "2026-09-30 07:00:00", "generated_at": "2026-09-30T13:31:09.486326", "nearest_km": 69.509729930149064, "n_points": 9, "weight_sum": 0.00085902675570049809, "confidence": "Medium", "flagged": false }, "geometry": { "type": "Polygon", "coordinates": [ [ [ -116.442199330721564, 52.952951136780008 ], [ -116.392199330721567, 52.952951136780008 ], [ -116.392199330721567, 53.002951136780005 ], [ -116.442199330721564, 53.002951136780005 ], [ -116.442199330721564, 52.952951136780008 ] ] ] } },
{ "type": "Feature", "properties": { "value": 2, "label": "AQHI 2", "color": "#0099cb", "timestamp": "2026-09-30 07:00:00", "generated_at": "2026-09-30T13:31:09.486326", "nearest_km": 69.744645920530772, "n_points": 9, "weight_sum": 0.00081842136684953269, "confidence": "Medium", "flagged": false }, "geometry": { "type": "Polygon", "coordinates": [ [ [ -116.392199330721567, 52.952951136780008 ], [ -116.34219933072157, 52.952951136780008 ], [ -116.34219933072157, 53.002951136780005 ], [ -116.392199330721567, 53.002951136780005 ], [ -116.392199330721567, 52.952951136780008 ] ] ] } },
{ "type": "Feature", "properties": { "value": 2, "label": "AQHI 2", "color": "#0099cb", "timestamp": "2026-09-30 07:00:00", "generated_at": "2026-09-30T13:31:09.486326", "nearest_km": 70.417566801176477, "n_points": 9, "weight_sum": 0.00078041665904213806, "confidence": "Medium", "flagged": false }, "geometry": { "type": "Polygon", "coordinates": [ [ [ -116.34219933072157, 52.952951136780008 ], [ -116.292199330721573, 52.952951136780008 ], [ -116.292199330721573, 53.002951136780005 ], [ -116.34219933072157, 53.002951136780005 ], [ -116.34219933072157, 52.952951136780008 ] ] ] } },
{ "type": "Feature", "properties": { "value": 2, "label": "AQHI 2", "color": "#0099cb", "timestamp": "2026-09-30 07:00:00", "generated_at": "2026-09-30T13:31:09.486326", "nearest_km": 71.516129605957346, "n_points": 9, "weight_sum": 0.00074695886124662571, "confidence": "Medium", "flagged": false }, "geometry": { "type": "Polygon", "coordinates": [ [ [ -116.292199330721573, 52.952951136780008 ], [ -116.242199330721576, 52.952951136780008 ], [ -116.242199330721576, 53.002951136780005 ], [ -116.292199330721573, 53.002951136780005 ], [ -116.292199330721573, 52.952951136780008 ] ] ] } },
{ "type": "Feature", "properties": { "value": 2, "label": "AQHI 2", "color": "#0099cb", "timestamp": "2026-09-30 07:00:00", "generated_at": "2026-09-30T13:31:09.486326", "nearest_km": 73.021126213131069, "n_points": 8, "weight_sum": 0.00067848503687236957, "confidence": "Medium", "flagged": false }, "geometry": { "type": "Polygon", "coordinates": [ [ [ -116.242199330721576, 52.952951136780008 ], [ -116.192199330721579, 52.952951136780008 ], [ -116.192199330721579, 53.002951136780005 ], [ -116.242199330721576, 53.002951136780005 ], [ -116.242199330721576, 52.952951136780008 ] ] ] } },
{ "type": "Feature", "properties": { "value": 2, "label": "AQHI 2", "color": "#0099cb", "timestamp": "2026-09-30 07:00:00", "generated_at": "2026-09-30T13:31:09.486326", "nearest_km": 74.517042533376866, "n_points": 9, "weight_sum": 0.00067835971589430577, "confidence": "Medium", "flagged": false }, "geometry": { "type": "Polygon", "coordinates": [ [ [ -116.192199330721579, 52.952951136780008 ], [ -116.142199330721581, 52.952951136780008 ], [ -116.142199330721581, 53.002951136780005 ], [ -116.192199330721579, 53.002951136780005 ], [ -116.192199330721579, 52.952951136780008 ] ] ] } },
{ "type": "Feature", "properties": { "value": 2, "label": "AQHI 2", "color": "#0099cb", "timestamp": "2026-09-30 07:00:00", "generated_at": "2026-09-30T13:31:09.486326", "nearest_km": 76.359184819765019, "n_points": 12, "weight_sum": 0.00072726905902938262, "confidence": "Low", "flagged": false }, "geometry": { "type": "Polygon", "coordinates": [ [ [ -116.142199330721581, 52.952951136780008 ], [ -116.092199330721584, 52.952951136780008 ], [ -116.092199330721584, 53.002951136780005 ], [ -116.142199330721581, 53.002951136780005 ], [ -116.142199330721581, 52.952951136780008 ] ] ] } },
{ "type": "Feature", "properties": { "value": 2, "label": "AQHI 2", "color": "#0099cb", "timestamp": "2026-09-30 07:00:00", "generated_at": "2026-09-30T13:31:09.486326", "nearest_km": 77.989202184655937, "n_points": 12, "weight_sum": 0.00071308527140756062, "confidence": "Low", "flagged": false }, "geometry": { "type": "Polygon", "coordinates": [ [ [ -116.092199330721584, 52.952951136780008 ], [ -116.042199330721587, 52.952951136780008 ], [ -116.042199330721587, 53.002951136780005 ], [ -116.092199330721584, 53.002951136780005 ], [ -116.092199330721584, 52.952951136780008 ] ] ] } },
{ "type": "Feature", "properties": { "value": 2, "label": "AQHI 2", "color": "#0099cb", "timestamp": "2026-09-30 07:00:00", "generated_at": "2026-09-30T13:31:09.486326", "nearest_km": 76.423838584679132, "n_points": 12, "weight_sum": 0.0007010788120683139, "confidence": "Low", "flagged": false }, "geometry": { "type": "Polygon", "coordinates": [ [ [ -116.042199330721587, 52.952951136780008 ], [ -115.99219933072159, 52.952951136780008 ], [ -115.99219933072159, 53.002951136780005 ], [ -116.042199330721587, 53.002951136780005 ], [ -116.042199330721587, 52.952951136780008 ] ] ] } },
{ "type": "Feature", "properties": { "value": 2, "label": "AQHI 2", "color": "#0099cb", "timestamp": "2026-09-30 07:00:00", "generated_at": "2026-09-30T13:31:09.486326", "nearest_km": 75.23626486366156, "n_points": 12, "weight_sum": 0.00069166869803041222, "confidence": "Low", "flagged": false }, "geometry": { "type": "Polygon", "coordinates": [ [ [ -115.99219933072159, 52.952951136780008 ], [ -115.942199330721593, 52.952951136780008 ], [ -115.942199330721593, 53.002951136780005 ], [ -115.99219933072159, 53.002951136780005 ], [ -115.99219933072159, 52.952951136780008 ] ] ] } },
{ "type": "Feature", "properties": { "value": 1, "label": "AQHI 1", "color": "#01cbff", "timestamp": "2026-09-30 07:00:00", "generated_at": "2026-09-30T13:31:09.486326", "nearest_km": 74.444563248453349, "n_points": 12, "weight_sum": 0.00068524825341135186, "confidence": "Medium", "flagged": false }, "geometry": { "type": "Polygon", "coordinates": [ [ [ -115.942199330721593, 52.952951136780008 ], [ -115.892199330721596, 52.952951136780008 ], [ -115.892199330721596, 53.002951136780005 ], [ -115.942199330721593, 53.002951136780005 ], [ -115.942199330721593, 52.952951136780008 ] ] ] } },
{ "type": "Feature", "properties": { "value": 1, "label": "AQHI 1", "color": "#01cbff", "timestamp": "2026-09-30 07:00:00", "generated_at": "2026-09-30T13:31:09.486326", "nearest_km": 74.061430204060315, "n_points": 12, "weight_sum": 0.00068221245548332865, "confidence": "Medium", "flagged": false }, "geometry": { "type": "Polygon", "coordinates": [ [ [ -115.892199330721596, 52.952951136780008 ], [ -115.842199330721598, 52.952951136780008 ], [ -115.842199330721598, 53.002951136780005 ], [ -115.892199330721596, 53.002951136780005 ], [ -115.892199330721596, 52.952951136780008 ] ] ] } },
{ "type": "Feature", "properties": { "value": 1, "label": "AQHI 1", "color": "#01cbff", "timestamp": "2026-09-30 07:00:00", "generated_at": "2026-09-30T13:31:09.486326", "nearest_km": 74.093204077626581, "n_points": 12, "weight_sum": 0.00068300025552576571, "confidence": "Medium", "flagged": false }, "geometry": { "type": "Polygon", "coordinates": [ [ [ -115.842199330721598, 52.952951136780008 ], [ -115.792199330721601, 52.952951136780008 ], [ -115.792199330721601, 53.002951136780005 ], [ -115.842199330721598, 53.002951136780005 ], [ -115.842199330721598, 52.952951136780008 ] ] ] } },
{ "type": "Feature", "properties": { "value": 1, "label": "AQHI 1", "color": "#01cbff", "timestamp": "2026-09-30 07:00:00", "generated_at": "2026-09-30T13:31:09.486326", "nearest_km": 74.5393542842084, "n_points": 12, "weight_sum": 0.00068814045590816024, "confidence": "Medium", "flagged": false }, "geometry": { "type": "Polygon", "coordinates": [ [ [ -115.792199330721601, 52.952951136780008 ], [ -115.742199330721604, 52.952951136780008 ], [ -115.742199330721604, 53.002951136780005 ], [ -115.792199330721601, 53.002951136780005 ], [ -115.792199330721601, 52.952951136780008 ] ] ] } },
{ "type": "Feature", "properties": { "value": 1, "label": "AQHI 1", "color": "#01cbff", "timestamp": "2026-09-30 07:00:00", "generated_at": "2026-09-30T13:31:09.486326", "nearest_km": 75.392524720456493, "n_points": 10, "weight_sum": 0.00063253281284140876, "confidence": "Low", "flagged": false }, "geometry": { "type": "Polygon", "coordinates": [ [ [ -115.742199330721604, 52.952951136780008 ], [ -115.692199330721607, 52.952951136780008 ], [ -115.692199330721607, 53.002951136780005 ], [ -115.742199330721604, 53.002951136780005 ], [ -115.742199330721604, 52.952951136780008 ] ] ] } },
{ "type": "Feature", "properties": { "value": 1, "label": "AQHI 1", "color": "#01cbff", "timestamp": "2026-09-30 07:00:00", "generated_at": "2026-09-30T13:31:09.486326", "nearest_km": 76.639123366219067, "n_points": 11, "weight_sum": 0.00067597046891640041, "confidence": "Low", "flagged": false }, "geometry": { "type": "Polygon", "coordinates": [ [ [ -115.692199330721607, 52.952951136780008 ], [ -115.64219933072161, 52.952951136780008 ], [ -115.64219933072161, 53.002951136780005 ], [ -115.692199330721607, 53.002951136780005 ], [ -115.692199330721607, 52.952951136780008 ] ] ] } },
{ "type": "Feature", "properties": { "value": 1, "label": "AQHI 1", "color": "#01cbff", "timestamp": "2026-09-30 07:00:00", "generated_at": "2026-09-30T13:31:09.486326", "nearest_km": 78.05132599193729, "n_points": 11, "weight_sum": 0.00070430570862462839, "confidence": "Low", "flagged": false }, "geometry": { "type": "Polygon", "coordinates": [ [ [ -115.64219933072161, 52.952951136780008 ], [ -115.592199330721613, 52.952951136780008 ], [ -115.592199330721613, 53.002951136780005 ], [ -115.64219933072161, 53.002951136780005 ], [ -115.64219933072161, 52.952951136780008 ] ] ] } },
{ "type": "Feature", "properties": { "value": 1, "label": "AQHI 1", "color": "#01cbff", "timestamp": "2026-09-30 07:00:00", "generated_at": "2026-09-30T13:31:09.486326", "nearest_km": 72.868116105177364, "n_points": 11, "weight_sum": 0.0007405413834752606, "confidence": "Medium", "flagged": false }, "geometry": { "type": "Polygon", "coordinates": [ [ [ -115.592199330721613, 52.952951136780008 ], [ -115.542199330721616, 52.952951136780008 ], [ -115.542199330721616, 53.002951136780005 ], [ -115.592199330721613, 53.002951136780005 ], [ -115.592199330721613, 52.952951136780008 ] ] ] } },
{ "type": "Feature", "properties": { "value": 1, "label": "AQHI 1", "color": "#01cbff", "timestamp": "2026-09-30 07:00:00", "generated_at": "2026-09-30T13:31:09.486326", "nearest_km": 67.743045401986095, "n_points": 11, "weight_sum": 0.00078637694727328497, "confidence": "Medium", "flagged": false }, "geometry": { "type": "Polygon", "coordinates": [ [ [ -115.542199330721616, 52.952951136780008 ], [ -115.492199330721618, 52.952951136780008 ], [ -115.492199330721618, 53.002951136780005 ], [ -115.542199330721616, 53.002951136780005 ], [ -115.542199330721616, 52.952951136780008 ] ] ] } },
{ "type": "Feature", "properties": { "value": 1, "label": "AQHI 1", "color": "#01cbff", "timestamp": "2026-09-30 07:00:00", "generated_at": "2026-09-30T13:31:09.486326", "nearest_km": 30.25927755683961, "n_points": 11, "weight_sum": 0.0028387315077773767, "confidence": "Medium", "flagged": false }, "geometry": { "type": "Polygon", "coordinates": [ [ [ -117.642199330721496, 53.002951136780005 ], [ -117.592199330721499, 53.002951136780005 ], [ -117.592199330721499, 53.052951136780003 ], [ -117.642199330721496, 53.052951136780003 ], [ -117.642199330721496, 53.002951136780005 ] ] ] } },
{ "type": "Feature", "properties": { "value": 1, "label": "AQHI 1", "color": "#01cbff", "timestamp": "2026-09-30 07:00:00", "generated_at": "2026-09-30T13:31:09.486326", "nearest_km": 30.796980491273768, "n_points": 12, "weight_sum": 0.0028087485317663712, "confidence": "Medium", "flagged": false }, "geometry": { "type": "Polygon", "coordinates": [ [ [ -117.592199330721499, 53.002951136780005 ], [ -117.542199330721502, 53.002951136780005 ], [ -117.542199330721502, 53.052951136780003 ], [ -117.592199330721499, 53.052951136780003 ], [ -117.592199330721499, 53.002951136780005 ] ] ] } },
{ "type": "Feature", "properties": { "value": 1, "label": "AQHI 1", "color": "#01cbff", "timestamp": "2026-09-30 07:00:00", "generated_at": "2026-09-30T13:31:09.486326", "nearest_km": 32.293794086448401, "n_points": 12, "weight_sum": 0.0027419647548065761, "confidence": "Medium", "flagged": false }, "geometry": { "type": "Polygon", "coordinates": [ [ [ -117.542199330721502, 53.002951136780005 ], [ -117.492199330721505, 53.002951136780005 ], [ -117.492199330721505, 53.052951136780003 ], [ -117.542199330721502, 53.052951136780003 ], [ -117.542199330721502, 53.002951136780005 ] ] ] } },
{ "type": "Feature", "properties": { "value": 1, "label": "AQHI 1", "color": "#01cbff", "timestamp": "2026-09-30 07:00:00", "generated_at": "2026-09-30T13:31:09.486326", "nearest_km": 34.625557982738059, "n_points": 12, "weight_sum": 0.0026946643583646481, "confidence": "Medium", "flagged": false }, "geometry": { "type": "Polygon", "coordinates": [ [ [ -117.492199330721505, 53.002951136780005 ], [ -117.442199330721508, 53.002951136780005 ], [ -117.442199330721508, 53.052951136780003 ], [ -117.492199330721505, 53.052951136780003 ], [ -117.492199330721505, 53.002951136780005 ] ] ] } },
{ "type": "Feature", "properties": { "value": 1, "label": "AQHI 1", "color": "#01cbff", "timestamp": "2026-09-30 07:00:00", "generated_at": "2026-09-30T13:31:09.486326", "nearest_km": 37.637406854537332, "n_points": 12, "weight_sum": 0.0026943406260185039, "confidence": "Medium", "flagged": false }, "geometry": { "type": "Polygon", "coordinates": [ [ [ -117.442199330721508, 53.002951136780005 ], [ -117.39219933072151, 53.002951136780005 ], [ -117.39219933072151, 53.052951136780003 ], [ -117.442199330721508, 53.052951136780003 ], [ -117.442199330721508, 53.002951136780005 ] ] ] } },
{ "type": "Feature", "properties": { "value": 2, "label": "AQHI 2", "color": "#0099cb", "timestamp": "2026-09-30 07:00:00", "generated_at": "2026-09-30T13:31:09.486326", "nearest_km": 36.383133406354908, "n_points": 12, "weight_sum": 0.0027795150849867344, "confidence": "Medium", "flagged": false }, "geometry": { "type": "Polygon", "coordinates": [ [ [ -117.39219933072151, 53.002951136780005 ], [ -117.342199330721513, 53.002951136780005 ], [ -117.342199330721513, 53.052951136780003 ], [ -117.39219933072151, 53.052951136780003 ], [ -117.39219933072151, 53.002951136780005 ] ] ] } },
{ "type": "Feature", "properties": { "value": 2, "label": "AQHI 2", "color": "#0099cb", "timestamp": "2026-09-30 07:00:00", "generated_at": "2026-09-30T13:31:09.486326", "nearest_km": 31.361823355517146, "n_points": 12, "weight_sum": 0.0030057349013504903, "confidence": "Medium", "flagged": false }, "geometry": { "type": "Polygon", "coordinates": [ [ [ -117.342199330721513, 53.002951136780005 ], [ -117.292199330721516, 53.002951136780005 ], [ -117.292199330721516, 53.052951136780003 ], [ -117.342199330721513, 53.052951136780003 ], [ -117.342199330721513, 53.002951136780005 ] ] ] } },
{ "type": "Feature", "properties": { "value": 2, "label": "AQHI 2", "color": "#0099cb", "timestamp": "2026-09-30 07:00:00", "generated_at": "2026-09-30T13:31:09.486326", "nearest_km": 26.551846110971187, "n_points": 12, "weight_sum": 0.0034599097060973591, "confidence": "Medium", "flagged": false }, "geometry": { "type": "Polygon", "coordinates": [ [ [ -117.292199330721516, 53.002951136780005 ], [ -117.242199330721519, 53.002951136780005 ], [ -117.242199330721519, 53.052951136780003 ], [ -117.292199330721516, 53.052951136780003 ], [ -117.292199330721516, 53.002951136780005 ] ] ] } },
{ "type": "Feature", "properties": { "value": 2, "label": "AQHI 2", "color": "#0099cb", "timestamp": "2026-09-30 07:00:00", "generated_at": "2026-09-30T13:31:09.486326", "nearest_km": 22.091674893921557, "n_points": 12, "weight_sum": 0.0042766637922761986, "confidence": "High", "flagged": false }, "geometry": { "type": "Polygon", "coordinates": [ [ [ -117.242199330721519, 53.002951136780005 ], [ -117.192199330721522, 53.002951136780005 ], [ -117.192199330721522, 53.052951136780003 ], [ -117.242199330721519, 53.052951136780003 ], [ -117.242199330721519, 53.002951136780005 ] ] ] } },
{ "type": "Feature", "properties": { "value": 2, "label": "AQHI 2", "color": "#0099cb", "timestamp": "2026-09-30 07:00:00", "generated_at": "2026-09-30T13:31:09.486326", "nearest_km": 18.234716235137064, "n_points": 12, "weight_sum": 0.0056033814111686696, "confidence": "High", "flagged": false }, "geometry": { "type": "Polygon", "coordinates": [ [ [ -117.192199330721522, 53.002951136780005 ], [ -117.142199330721525, 53.002951136780005 ], [ -117.142199330721525, 53.052951136780003 ], [ -117.192199330721522, 53.052951136780003 ], [ -117.192199330721522, 53.002951136780005 ] ] ] } },
{ "type": "Feature", "properties": { "value": 2, "label": "AQHI 2", "color": "#0099cb", "timestamp": "2026-09-30 07:00:00", "generated_at": "2026-09-30T13:31:09.486326", "nearest_km": 15.430959782009522, "n_points": 12, "weight_sum": 0.0072863943662515029, "confidence": "High", "flagged": false }, "geometry": { "type": "Polygon", "coordinates": [ [ [ -117.142199330721525, 53.002951136780005 ], [ -117.092199330721527, 53.002951136780005 ], [ -117.092199330721527, 53.052951136780003 ], [ -117.142199330721525, 53.052951136780003 ], [ -117.142199330721525, 53.002951136780005 ] ] ] } },
{ "type": "Feature", "properties": { "value": 2, "label": "AQHI 2", "color": "#0099cb", "timestamp": "2026-09-30 07:00:00", "generated_at": "2026-09-30T13:31:09.486326", "nearest_km": 14.329311337674687, "n_points": 12, "weight_sum": 0.0081960643521808724, "confidence": "High", "flagged": false }, "geometry": { "type": "Polygon", "coordinates": [ [ [ -117.092199330721527, 53.002951136780005 ], [ -117.04219933072153, 53.002951136780005 ], [ -117.04219933072153, 53.052951136780003 ], [ -117.092199330721527, 53.052951136780003 ], [ -117.092199330721527, 53.002951136780005 ] ] ] } },
{ "type": "Feature", "properties": { "value": 2, "label": "AQHI 2", "color": "#0099cb", "timestamp": "2026-09-30 07:00:00", "generated_at": "2026-09-30T13:31:09.486326", "nearest_km": 15.301921677685531, "n_points": 13, "weight_sum": 0.0072548777435929683, "confidence": "High", "flagged": false }, "geometry": { "type": "Polygon", "coordinates": [ [ [ -117.04219933072153, 53.002951136780005 ], [ -116.992199330721533, 53.002951136780005 ], [ -116.992199330721533, 53.052951136780003 ], [ -117.04219933072153, 53.052951136780003 ], [ -117.04219933072153, 53.002951136780005 ] ] ] } },
{ "type": "Feature", "properties": { "value": 2, "label": "AQHI 2", "color": "#0099cb", "timestamp": "2026-09-30 07:00:00", "generated_at": "2026-09-30T13:31:09.486326", "nearest_km": 18.015922142594459, "n_points": 13, "weight_sum": 0.0054351620421952311, "confidence": "High", "flagged": false }, "geometry": { "type": "Polygon", "coordinates": [ [ [ -116.992199330721533, 53.002951136780005 ], [ -116.942199330721536, 53.002951136780005 ], [ -116.942199330721536, 53.052951136780003 ], [ -116.992199330721533, 53.052951136780003 ], [ -116.992199330721533, 53.002951136780005 ] ] ] } },
{ "type": "Feature", "properties": { "value": 2, "label": "AQHI 2", "color": "#0099cb", "timestamp": "2026-09-30 07:00:00", "generated_at": "2026-09-30T13:31:09.486326", "nearest_km": 21.831241244281586, "n_points": 13, "weight_sum": 0.0039361337986245871, "confidence": "High", "flagged": false }, "geometry": { "type": "Polygon", "coordinates": [ [ [ -116.942199330721536, 53.002951136780005 ], [ -116.892199330721539, 53.002951136780005 ], [ -116.892199330721539, 53.052951136780003 ], [ -116.942199330721536, 53.052951136780003 ], [ -116.942199330721536, 53.002951136780005 ] ] ] } },
{ "type": "Feature", "properties": { "value": 2, "label": "AQHI 2", "color": "#0099cb", "timestamp": "2026-09-30 07:00:00", "generated_at": "2026-09-30T13:31:09.486326", "nearest_km": 26.2723759466861, "n_points": 13, "weight_sum": 0.0029423323647418333, "confidence": "Medium", "flagged": false }, "geometry": { "type": "Polygon", "coordinates": [ [ [ -116.892199330721539, 53.002951136780005 ], [ -116.842199330721542, 53.002951136780005 ], [ -116.842199330721542, 53.052951136780003 ], [ -116.892199330721539, 53.052951136780003 ], [ -116.892199330721539, 53.002951136780005 ] ] ] } },
{ "type": "Feature", "properties": { "value": 2, "label": "AQHI 2", "color": "#0099cb", "timestamp": "2026-09-30 07:00:00", "generated_at": "2026-09-30T13:31:09.486326", "nearest_km": 31.072131911119204, "n_points": 13, "weight_sum": 0.0023085330968541842, "confidence": "Medium", "flagged": false }, "geometry": { "type": "Polygon", "coordinates": [ [ [ -116.842199330721542, 53.002951136780005 ], [ -116.792199330721544, 53.002951136780005 ], [ -116.792199330721544, 53.052951136780003 ], [ -116.842199330721542, 53.052951136780003 ], [ -116.842199330721542, 53.002951136780005 ] ] ] } },
{ "type": "Feature", "properties": { "value": 2, "label": "AQHI 2", "color": "#0099cb", "timestamp": "2026-09-30 07:00:00", "generated_at": "2026-09-30T13:31:09.486326", "nearest_km": 36.087699083205173, "n_points": 13, "weight_sum": 0.0018978946224430537, "confidence": "Medium", "flagged": false }, "geometry": { "type": "Polygon", "coordinates": [ [ [ -116.792199330721544, 53.002951136780005 ], [ -116.742199330721547, 53.002951136780005 ], [ -116.742199330721547, 53.052951136780003 ], [ -116.792199330721544, 53.052951136780003 ], [ -116.792199330721544, 53.002951136780005 ] ] ] } },
{ "type": "Feature", "properties": { "value": 2, "label": "AQHI 2", "color": "#0099cb", "timestamp": "2026-09-30 07:00:00", "generated_at": "2026-09-30T13:31:09.486326", "nearest_km": 41.240413052465115, "n_points": 11, "weight_sum": 0.0015590411464812034, "confidence": "Medium", "flagged": false }, "geometry": { "type": "Polygon", "coordinates": [ [ [ -116.742199330721547, 53.002951136780005 ], [ -116.69219933072155, 53.002951136780005 ], [ -116.69219933072155, 53.052951136780003 ], [ -116.742199330721547, 53.052951136780003 ], [ -116.742199330721547, 53.002951136780005 ] ] ] } },
{ "type": "Feature", "properties": { "value": 2, "label": "AQHI 2", "color": "#0099cb", "timestamp": "2026-09-30 07:00:00", "generated_at": "2026-09-30T13:31:09.486326", "nearest_km": 46.484689009994419, "n_points": 9, "weight_sum": 0.0013336807486191281, "confidence": "Medium", "flagged": false }, "geometry": { "type": "Polygon", "coordinates": [ [ [ -116.69219933072155, 53.002951136780005 ], [ -116.642199330721553, 53.002951136780005 ], [ -116.642199330721553, 53.052951136780003 ], [ -116.69219933072155, 53.052951136780003 ], [ -116.69219933072155, 53.002951136780005 ] ] ] } },
{ "type": "Feature", "properties": { "value": 2, "label": "AQHI 2", "color": "#0099cb", "timestamp": "2026-09-30 07:00:00", "generated_at": "2026-09-30T13:31:09.486326", "nearest_km": 51.792721071342157, "n_points": 9, "weight_sum": 0.0012075814698488715, "confidence": "Medium", "flagged": false }, "geometry": { "type": "Polygon", "coordinates": [ [ [ -116.642199330721553, 53.002951136780005 ], [ -116.592199330721556, 53.002951136780005 ], [ -116.592199330721556, 53.052951136780003 ], [ -116.642199330721553, 53.052951136780003 ], [ -116.642199330721553, 53.002951136780005 ] ] ] } },
{ "type": "Feature", "properties": { "value": 2, "label": "AQHI 2", "color": "#0099cb", "timestamp": "2026-09-30 07:00:00", "generated_at": "2026-09-30T13:31:09.486326", "nearest_km": 57.146746185516086, "n_points": 9, "weight_sum": 0.0011165994909516361, "confidence": "Medium", "flagged": false }, "geometry": { "type": "Polygon", "coordinates": [ [ [ -116.592199330721556, 53.002951136780005 ], [ -116.542199330721559, 53.002951136780005 ], [ -116.542199330721559, 53.052951136780003 ], [ -116.592199330721556, 53.052951136780003 ], [ -116.592199330721556, 53.002951136780005 ] ] ] } },
{ "type": "Feature", "properties": { "value": 2, "label": "AQHI 2", "color": "#0099cb", "timestamp": "2026-09-30 07:00:00", "generated_at": "2026-09-30T13:31:09.486326", "nearest_km": 62.534952172443035, "n_points": 9, "weight_sum": 0.0010481405529861073, "confidence": "Medium", "flagged": false }, "geometry": { "type": "Polygon", "coordinates": [ [ [ -116.542199330721559, 53.002951136780005 ], [ -116.492199330721562, 53.002951136780005 ], [ -116.492199330721562, 53.052951136780003 ], [ -116.542199330721559, 53.052951136780003 ], [ -116.542199330721559, 53.002951136780005 ] ] ] } },
{ "type": "Feature", "properties": { "value": 2, "label": "AQHI 2", "color": "#0099cb", "timestamp": "2026-09-30 07:00:00", "generated_at": "2026-09-30T13:31:09.486326", "nearest_km": 64.185211214663681, "n_points": 9, "weight_sum": 0.00099361837570466956, "confidence": "Medium", "flagged": false }, "geometry": { "type": "Polygon", "coordinates": [ [ [ -116.492199330721562, 53.002951136780005 ], [ -116.442199330721564, 53.002951136780005 ], [ -116.442199330721564, 53.052951136780003 ], [ -116.492199330721562, 53.052951136780003 ], [ -116.492199330721562, 53.002951136780005 ] ] ] } },
{ "type": "Feature", "properties": { "value": 2, "label": "AQHI 2", "color": "#0099cb", "timestamp": "2026-09-30 07:00:00", "generated_at": "2026-09-30T13:31:09.486326", "nearest_km": 63.959748422652083, "n_points": 9, "weight_sum": 0.00094711070864090922, "confidence": "Medium", "flagged": false }, "geometry": { "type": "Polygon", "coordinates": [ [ [ -116.442199330721564, 53.002951136780005 ], [ -116.392199330721567, 53.002951136780005 ], [ -116.392199330721567, 53.052951136780003 ], [ -116.442199330721564, 53.052951136780003 ], [ -116.442199330721564, 53.002951136780005 ] ] ] } },
{ "type": "Feature", "properties": { "value": 2, "label": "AQHI 2", "color": "#0099cb", "timestamp": "2026-09-30 07:00:00", "generated_at": "2026-09-30T13:31:09.486326", "nearest_km": 64.21497097956906, "n_points": 9, "weight_sum": 0.00090464553314116461, "confidence": "Medium", "flagged": false }, "geometry": { "type": "Polygon", "coordinates": [ [ [ -116.392199330721567, 53.002951136780005 ], [ -116.34219933072157, 53.002951136780005 ], [ -116.34219933072157, 53.052951136780003 ], [ -116.392199330721567, 53.052951136780003 ], [ -116.392199330721567, 53.002951136780005 ] ] ] } },
{ "type": "Feature", "properties": { "value": 2, "label": "AQHI 2", "color": "#0099cb", "timestamp": "2026-09-30 07:00:00", "generated_at": "2026-09-30T13:31:09.486326", "nearest_km": 64.945212121640196, "n_points": 9, "weight_sum": 0.00086377396246480173, "confidence": "Medium", "flagged": false }, "geometry": { "type": "Polygon", "coordinates": [ [ [ -116.34219933072157, 53.002951136780005 ], [ -116.292199330721573, 53.002951136780005 ], [ -116.292199330721573, 53.052951136780003 ], [ -116.34219933072157, 53.052951136780003 ], [ -116.34219933072157, 53.002951136780005 ] ] ] } },
{ "type": "Feature", "properties": { "value": 2, "label": "AQHI 2", "color": "#0099cb", "timestamp": "2026-09-30 07:00:00", "generated_at": "2026-09-30T13:31:09.486326", "nearest_km": 66.13473865634289, "n_points": 10, "weight_sum": 0.00087115590283014179, "confidence": "Medium", "flagged": false }, "geometry": { "type": "Polygon", "coordinates": [ [ [ -116.292199330721573, 53.002951136780005 ], [ -116.242199330721576, 53.002951136780005 ], [ -116.242199330721576, 53.052951136780003 ], [ -116.292199330721573, 53.052951136780003 ], [ -116.292199330721573, 53.002951136780005 ] ] ] } },
{ "type": "Feature", "properties": { "value": 2, "label": "AQHI 2", "color": "#0099cb", "timestamp": "2026-09-30 07:00:00", "generated_at": "2026-09-30T13:31:09.486326", "nearest_km": 67.660214543185148, "n_points": 8, "weight_sum": 0.00075264072798776128, "confidence": "Medium", "flagged": false }, "geometry": { "type": "Polygon", "coordinates": [ [ [ -116.242199330721576, 53.002951136780005 ], [ -116.192199330721579, 53.002951136780005 ], [ -116.192199330721579, 53.052951136780003 ], [ -116.242199330721576, 53.052951136780003 ], [ -116.242199330721576, 53.002951136780005 ] ] ] } },
{ "type": "Feature", "properties": { "value": 2, "label": "AQHI 2", "color": "#0099cb", "timestamp": "2026-09-30 07:00:00", "generated_at": "2026-09-30T13:31:09.486326", "nearest_km": 69.240415296615481, "n_points": 10, "weight_sum": 0.00077125030749218549, "confidence": "Medium", "flagged": false }, "geometry": { "type": "Polygon", "coordinates": [ [ [ -116.192199330721579, 53.002951136780005 ], [ -116.142199330721581, 53.002951136780005 ], [ -116.142199330721581, 53.052951136780003 ], [ -116.192199330721579, 53.052951136780003 ], [ -116.192199330721579, 53.002951136780005 ] ] ] } },
{ "type": "Feature", "properties": { "value": 2, "label": "AQHI 2", "color": "#0099cb", "timestamp": "2026-09-30 07:00:00", "generated_at": "2026-09-30T13:31:09.486326", "nearest_km": 71.219172902145658, "n_points": 12, "weight_sum": 0.00079500304469692744, "confidence": "Medium", "flagged": false }, "geometry": { "type": "Polygon", "coordinates": [ [ [ -116.142199330721581, 53.002951136780005 ], [ -116.092199330721584, 53.002951136780005 ], [ -116.092199330721584, 53.052951136780003 ], [ -116.142199330721581, 53.052951136780003 ], [ -116.142199330721581, 53.002951136780005 ] ] ] } },
{ "type": "Feature", "properties": { "value": 2, "label": "AQHI 2", "color": "#0099cb", "timestamp": "2026-09-30 07:00:00", "generated_at": "2026-09-30T13:31:09.486326", "nearest_km": 72.742357327253501, "n_points": 12, "weight_sum": 0.00077643911357868614, "confidence": "Medium", "flagged": false }, "geometry": { "type": "Polygon", "coordinates": [ [ [ -116.092199330721584, 53.002951136780005 ], [ -116.042199330721587, 53.002951136780005 ], [ -116.042199330721587, 53.052951136780003 ], [ -116.092199330721584, 53.052951136780003 ], [ -116.092199330721584, 53.002951136780005 ] ] ] } },
{ "type": "Feature", "properties": { "value": 2, "label": "AQHI 2", "color": "#0099cb", "timestamp": "2026-09-30 07:00:00", "generated_at": "2026-09-30T13:31:09.486326", "nearest_km": 71.061508541148925, "n_points": 12, "weight_sum": 0.00076046065895817917, "confidence": "Medium", "flagged": false }, "geometry": { "type": "Polygon", "coordinates": [ [ [ -116.042199330721587, 53.002951136780005 ], [ -115.99219933072159, 53.002951136780005 ], [ -115.99219933072159, 53.052951136780003 ], [ -116.042199330721587, 53.052951136780003 ], [ -116.042199330721587, 53.002951136780005 ] ] ] } },
{ "type": "Feature", "properties": { "value": 2, "label": "AQHI 2", "color": "#0099cb", "timestamp": "2026-09-30 07:00:00", "generated_at": "2026-09-30T13:31:09.486326", "nearest_km": 69.782737426685429, "n_points": 12, "weight_sum": 0.00074759958077034614, "confidence": "Medium", "flagged": false }, "geometry": { "type": "Polygon", "coordinates": [ [ [ -115.99219933072159, 53.002951136780005 ], [ -115.942199330721593, 53.002951136780005 ], [ -115.942199330721593, 53.052951136780003 ], [ -115.99219933072159, 53.052951136780003 ], [ -115.99219933072159, 53.002951136780005 ] ] ] } },
{ "type": "Feature", "properties": { "value": 1, "label": "AQHI 1", "color": "#01cbff", "timestamp": "2026-09-30 07:00:00", "generated_at": "2026-09-30T13:31:09.486326", "nearest_km": 68.928425844347103, "n_points": 12, "weight_sum": 0.00073829288814492185, "confidence": "Medium", "flagged": false }, "geometry": { "type": "Polygon", "coordinates": [ [ [ -115.942199330721593, 53.002951136780005 ], [ -115.892199330721596, 53.002951136780005 ], [ -115.892199330721596, 53.052951136780003 ], [ -115.942199330721593, 53.052951136780003 ], [ -115.942199330721593, 53.002951136780005 ] ] ] } },
{ "type": "Feature", "properties": { "value": 1, "label": "AQHI 1", "color": "#01cbff", "timestamp": "2026-09-30 07:00:00", "generated_at": "2026-09-30T13:31:09.486326", "nearest_km": 68.514453482441112, "n_points": 12, "weight_sum": 0.0007329476456735917, "confidence": "Medium", "flagged": false }, "geometry": { "type": "Polygon", "coordinates": [ [ [ -115.892199330721596, 53.002951136780005 ], [ -115.842199330721598, 53.002951136780005 ], [ -115.842199330721598, 53.052951136780003 ], [ -115.892199330721596, 53.052951136780003 ], [ -115.892199330721596, 53.002951136780005 ] ] ] } },
{ "type": "Feature", "properties": { "value": 1, "label": "AQHI 1", "color": "#01cbff", "timestamp": "2026-09-30 07:00:00", "generated_at": "2026-09-30T13:31:09.486326", "nearest_km": 68.548798549759496, "n_points": 12, "weight_sum": 0.0007320224383453852, "confidence": "Medium", "flagged": false }, "geometry": { "type": "Polygon", "coordinates": [ [ [ -115.842199330721598, 53.002951136780005 ], [ -115.792199330721601, 53.002951136780005 ], [ -115.792199330721601, 53.052951136780003 ], [ -115.842199330721598, 53.052951136780003 ], [ -115.842199330721598, 53.002951136780005 ] ] ] } },
{ "type": "Feature", "properties": { "value": 1, "label": "AQHI 1", "color": "#01cbff", "timestamp": "2026-09-30 07:00:00", "generated_at": "2026-09-30T13:31:09.486326", "nearest_km": 69.030791891976904, "n_points": 12, "weight_sum": 0.00073610586767554125, "confidence": "Medium", "flagged": false }, "geometry": { "type": "Polygon", "coordinates": [ [ [ -115.792199330721601, 53.002951136780005 ], [ -115.742199330721604, 53.002951136780005 ], [ -115.742199330721604, 53.052951136780003 ], [ -115.792199330721601, 53.052951136780003 ], [ -115.792199330721601, 53.002951136780005 ] ] ] } },
{ "type": "Feature", "properties": { "value": 1, "label": "AQHI 1", "color": "#01cbff", "timestamp": "2026-09-30 07:00:00", "generated_at": "2026-09-30T13:31:09.486326", "nearest_km": 69.95118066088186, "n_points": 11, "weight_sum": 0.00070231343791813641, "confidence": "Medium", "flagged": false }, "geometry": { "type": "Polygon", "coordinates": [ [ [ -115.742199330721604, 53.002951136780005 ], [ -115.692199330721607, 53.002951136780005 ], [ -115.692199330721607, 53.052951136780003 ], [ -115.742199330721604, 53.052951136780003 ], [ -115.742199330721604, 53.002951136780005 ] ] ] } },
{ "type": "Feature", "properties": { "value": 1, "label": "AQHI 1", "color": "#01cbff", "timestamp": "2026-09-30 07:00:00", "generated_at": "2026-09-30T13:31:09.486326", "nearest_km": 71.292987891301294, "n_points": 11, "weight_sum": 0.00072502343952188502, "confidence": "Medium", "flagged": false }, "geometry": { "type": "Polygon", "coordinates": [ [ [ -115.692199330721607, 53.002951136780005 ], [ -115.64219933072161, 53.002951136780005 ], [ -115.64219933072161, 53.052951136780003 ], [ -115.692199330721607, 53.052951136780003 ], [ -115.692199330721607, 53.002951136780005 ] ] ] } },
{ "type": "Feature", "properties": { "value": 1, "label": "AQHI 1", "color": "#01cbff", "timestamp": "2026-09-30 07:00:00", "generated_at": "2026-09-30T13:31:09.486326", "nearest_km": 73.032989594341046, "n_points": 11, "weight_sum": 0.00075554066163318213, "confidence": "Medium", "flagged": false }, "geometry": { "type": "Polygon", "coordinates": [ [ [ -115.64219933072161, 53.002951136780005 ], [ -115.592199330721613, 53.002951136780005 ], [ -115.592199330721613, 53.052951136780003 ], [ -115.64219933072161, 53.052951136780003 ], [ -115.64219933072161, 53.002951136780005 ] ] ] } },
{ "type": "Feature", "properties": { "value": 1, "label": "AQHI 1", "color": "#01cbff", "timestamp": "2026-09-30 07:00:00", "generated_at": "2026-09-30T13:31:09.486326", "nearest_km": 71.002261864987588, "n_points": 11, "weight_sum": 0.00079565946188662605, "confidence": "Medium", "flagged": false }, "geometry": { "type": "Polygon", "coordinates": [ [ [ -115.592199330721613, 53.002951136780005 ], [ -115.542199330721616, 53.002951136780005 ], [ -115.542199330721616, 53.052951136780003 ], [ -115.592199330721613, 53.052951136780003 ], [ -115.592199330721613, 53.002951136780005 ] ] ] } },
{ "type": "Feature", "properties": { "value": 1, "label": "AQHI 1", "color": "#01cbff", "timestamp": "2026-09-30 07:00:00", "generated_at": "2026-09-30T13:31:09.486326", "nearest_km": 65.731872372253378, "n_points": 11, "weight_sum": 0.00084767568610481076, "confidence": "Medium", "flagged": false }, "geometry": { "type": "Polygon", "coordinates": [ [ [ -115.542199330721616, 53.002951136780005 ], [ -115.492199330721618, 53.002951136780005 ], [ -115.492199330721618, 53.052951136780003 ], [ -115.542199330721616, 53.052951136780003 ], [ -115.542199330721616, 53.002951136780005 ] ] ] } },
{ "type": "Feature", "properties": { "value": 1, "label": "AQHI 1", "color": "#01cbff", "timestamp": "2026-09-30 07:00:00", "generated_at": "2026-09-30T13:31:09.486326", "nearest_km": 37.435985103271662, "n_points": 9, "weight_sum": 0.0029637721828428528, "confidence": "Medium", "flagged": false }, "geometry": { "type": "Polygon", "coordinates": [ [ [ -117.74219933072149, 53.052951136780003 ], [ -117.692199330721493, 53.052951136780003 ], [ -117.692199330721493, 53.10295113678 ], [ -117.74219933072149, 53.10295113678 ], [ -117.74219933072149, 53.052951136780003 ] ] ] } },
{ "type": "Feature", "properties": { "value": 1, "label": "AQHI 1", "color": "#01cbff", "timestamp": "2026-09-30 07:00:00", "generated_at": "2026-09-30T13:31:09.486326", "nearest_km": 36.208743554153209, "n_points": 9, "weight_sum": 0.0028948243019122732, "confidence": "Medium", "flagged": false }, "geometry": { "type": "Polygon", "coordinates": [ [ [ -117.692199330721493, 53.052951136780003 ], [ -117.642199330721496, 53.052951136780003 ], [ -117.642199330721496, 53.10295113678 ], [ -117.692199330721493, 53.10295113678 ], [ -117.692199330721493, 53.052951136780003 ] ] ] } },
{ "type": "Feature", "properties": { "value": 1, "label": "AQHI 1", "color": "#01cbff", "timestamp": "2026-09-30 07:00:00", "generated_at": "2026-09-30T13:31:09.486326", "nearest_km": 35.809192100471606, "n_points": 11, "weight_sum": 0.002909550134656028, "confidence": "Medium", "flagged": false }, "geometry": { "type": "Polygon", "coordinates": [ [ [ -117.642199330721496, 53.052951136780003 ], [ -117.592199330721499, 53.052951136780003 ], [ -117.592199330721499, 53.10295113678 ], [ -117.642199330721496, 53.10295113678 ], [ -117.642199330721496, 53.052951136780003 ] ] ] } },
{ "type": "Feature", "properties": { "value": 1, "label": "AQHI 1", "color": "#01cbff", "timestamp": "2026-09-30 07:00:00", "generated_at": "2026-09-30T13:31:09.486326", "nearest_km": 36.264698647672745, "n_points": 12, "weight_sum": 0.002934297351647761, "confidence": "Medium", "flagged": false }, "geometry": { "type": "Polygon", "coordinates": [ [ [ -117.592199330721499, 53.052951136780003 ], [ -117.542199330721502, 53.052951136780003 ], [ -117.542199330721502, 53.10295113678 ], [ -117.592199330721499, 53.10295113678 ], [ -117.592199330721499, 53.052951136780003 ] ] ] } },
{ "type": "Feature", "properties": { "value": 1, "label": "AQHI 1", "color": "#01cbff", "timestamp": "2026-09-30 07:00:00", "generated_at": "2026-09-30T13:31:09.486326", "nearest_km": 37.544153967356223, "n_points": 12, "weight_sum": 0.0029110885045637463, "confidence": "Medium", "flagged": false }, "geometry": { "type": "Polygon", "coordinates": [ [ [ -117.542199330721502, 53.052951136780003 ], [ -117.492199330721505, 53.052951136780003 ], [ -117.492199330721505, 53.10295113678 ], [ -117.542199330721502, 53.10295113678 ], [ -117.542199330721502, 53.052951136780003 ] ] ] } },
{ "type": "Feature", "properties": { "value": 1, "label": "AQHI 1", "color": "#01cbff", "timestamp": "2026-09-30 07:00:00", "generated_at": "2026-09-30T13:31:09.486326", "nearest_km": 39.086119377675942, "n_points": 12, "weight_sum": 0.0028951860064637316, "confidence": "Medium", "flagged": false }, "geometry": { "type": "Polygon", "coordinates": [ [ [ -117.492199330721505, 53.052951136780003 ], [ -117.442199330721508, 53.052951136780003 ], [ -117.442199330721508, 53.10295113678 ], [ -117.492199330721505, 53.10295113678 ], [ -117.492199330721505, 53.052951136780003 ] ] ] } },
{ "type": "Feature", "properties": { "value": 2, "label": "AQHI 2", "color": "#0099cb", "timestamp": "2026-09-30 07:00:00", "generated_at": "2026-09-30T13:31:09.486326", "nearest_km": 39.958618274074738, "n_points": 12, "weight_sum": 0.0029202107699263964, "confidence": "Medium", "flagged": false }, "geometry": { "type": "Polygon", "coordinates": [ [ [ -117.442199330721508, 53.052951136780003 ], [ -117.39219933072151, 53.052951136780003 ], [ -117.39219933072151, 53.10295113678 ], [ -117.442199330721508, 53.10295113678 ], [ -117.442199330721508, 53.052951136780003 ] ] ] } },
{ "type": "Feature", "properties": { "value": 2, "label": "AQHI 2", "color": "#0099cb", "timestamp": "2026-09-30 07:00:00", "generated_at": "2026-09-30T13:31:09.486326", "nearest_km": 34.567582242489401, "n_points": 12, "weight_sum": 0.0030429339732485289, "confidence": "Medium", "flagged": false }, "geometry": { "type": "Polygon", "coordinates": [ [ [ -117.39219933072151, 53.052951136780003 ], [ -117.342199330721513, 53.052951136780003 ], [ -117.342199330721513, 53.10295113678 ], [ -117.39219933072151, 53.10295113678 ], [ -117.39219933072151, 53.052951136780003 ] ] ] } },
{ "type": "Feature", "properties": { "value": 2, "label": "AQHI 2", "color": "#0099cb", "timestamp": "2026-09-30 07:00:00", "generated_at": "2026-09-30T13:31:09.486326", "nearest_km": 29.236096008347467, "n_points": 12, "weight_sum": 0.0033564938233537171, "confidence": "Medium", "flagged": false }, "geometry": { "type": "Polygon", "coordinates": [ [ [ -117.342199330721513, 53.052951136780003 ], [ -117.292199330721516, 53.052951136780003 ], [ -117.292199330721516, 53.10295113678 ], [ -117.342199330721513, 53.10295113678 ], [ -117.342199330721513, 53.052951136780003 ] ] ] } },
{ "type": "Feature", "properties": { "value": 2, "label": "AQHI 2", "color": "#0099cb", "timestamp": "2026-09-30 07:00:00", "generated_at": "2026-09-30T13:31:09.486326", "nearest_km": 24.003872136123075, "n_points": 12, "weight_sum": 0.0040352620754365827, "confidence": "High", "flagged": false }, "geometry": { "type": "Polygon", "coordinates": [ [ [ -117.292199330721516, 53.052951136780003 ], [ -117.242199330721519, 53.052951136780003 ], [ -117.242199330721519, 53.10295113678 ], [ -117.292199330721516, 53.10295113678 ], [ -117.292199330721516, 53.052951136780003 ] ] ] } },
{ "type": "Feature", "properties": { "value": 2, "label": "AQHI 2", "color": "#0099cb", "timestamp": "2026-09-30 07:00:00", "generated_at": "2026-09-30T13:31:09.486326", "nearest_km": 18.953296421608933, "n_points": 12, "weight_sum": 0.0054587372719563714, "confidence": "High", "flagged": false }, "geometry": { "type": "Polygon", "coordinates": [ [ [ -117.242199330721519, 53.052951136780003 ], [ -117.192199330721522, 53.052951136780003 ], [ -117.192199330721522, 53.10295113678 ], [ -117.242199330721519, 53.10295113678 ], [ -117.242199330721519, 53.052951136780003 ] ] ] } },
{ "type": "Feature", "properties": { "value": 2, "label": "AQHI 2", "color": "#0099cb", "timestamp": "2026-09-30 07:00:00", "generated_at": "2026-09-30T13:31:09.486326", "nearest_km": 14.278445747468282, "n_points": 12, "weight_sum": 0.0085150230982317474, "confidence": "High", "flagged": false }, "geometry": { "type": "Polygon", "coordinates": [ [ [ -117.192199330721522, 53.052951136780003 ], [ -117.142199330721525, 53.052951136780003 ], [ -117.142199330721525, 53.10295113678 ], [ -117.192199330721522, 53.10295113678 ], [ -117.192199330721522, 53.052951136780003 ] ] ] } },
{ "type": "Feature", "properties": { "value": 2, "label": "AQHI 2", "color": "#0099cb", "timestamp": "2026-09-30 07:00:00", "generated_at": "2026-09-30T13:31:09.486326", "nearest_km": 10.482081092066062, "n_points": 12, "weight_sum": 0.014690076531632243, "confidence": "High", "flagged": false }, "geometry": { "type": "Polygon", "coordinates": [ [ [ -117.142199330721525, 53.052951136780003 ], [ -117.092199330721527, 53.052951136780003 ], [ -117.092199330721527, 53.10295113678 ], [ -117.142199330721525, 53.10295113678 ], [ -117.142199330721525, 53.052951136780003 ] ] ] } },
{ "type": "Feature", "properties": { "value": 2, "label": "AQHI 2", "color": "#0099cb", "timestamp": "2026-09-30 07:00:00", "generated_at": "2026-09-30T13:31:09.486326", "nearest_km": 8.7800152413686536, "n_points": 13, "weight_sum": 0.02030697064703155, "confidence": "High", "flagged": false }, "geometry": { "type": "Polygon", "coordinates": [ [ [ -117.092199330721527, 53.052951136780003 ], [ -117.04219933072153, 53.052951136780003 ], [ -117.04219933072153, 53.10295113678 ], [ -117.092199330721527, 53.10295113678 ], [ -117.092199330721527, 53.052951136780003 ] ] ] } },
{ "type": "Feature", "properties": { "value": 2, "label": "AQHI 2", "color": "#0099cb", "timestamp": "2026-09-30 07:00:00", "generated_at": "2026-09-30T13:31:09.486326", "nearest_km": 10.291176378659335, "n_points": 13, "weight_sum": 0.014960927240981345, "confidence": "High", "flagged": false }, "geometry": { "type": "Polygon", "coordinates": [ [ [ -117.04219933072153, 53.052951136780003 ], [ -116.992199330721533, 53.052951136780003 ], [ -116.992199330721533, 53.10295113678 ], [ -117.04219933072153, 53.10295113678 ], [ -117.04219933072153, 53.052951136780003 ] ] ] } },
{ "type": "Feature", "properties": { "value": 2, "label": "AQHI 2", "color": "#0099cb", "timestamp": "2026-09-30 07:00:00", "generated_at": "2026-09-30T13:31:09.486326", "nearest_km": 14.011886199747657, "n_points": 13, "weight_sum": 0.0084674262918302979, "confidence": "High", "flagged": false }, "geometry": { "type": "Polygon", "coordinates": [ [ [ -116.992199330721533, 53.052951136780003 ], [ -116.942199330721536, 53.052951136780003 ], [ -116.942199330721536, 53.10295113678 ], [ -116.992199330721533, 53.10295113678 ], [ -116.992199330721533, 53.052951136780003 ] ] ] } },
{ "type": "Feature", "properties": { "value": 2, "label": "AQHI 2", "color": "#0099cb", "timestamp": "2026-09-30 07:00:00", "generated_at": "2026-09-30T13:31:09.486326", "nearest_km": 18.664474235634788, "n_points": 14, "weight_sum": 0.0051745866370476908, "confidence": "High", "flagged": false }, "geometry": { "type": "Polygon", "coordinates": [ [ [ -116.942199330721536, 53.052951136780003 ], [ -116.892199330721539, 53.052951136780003 ], [ -116.892199330721539, 53.10295113678 ], [ -116.942199330721536, 53.10295113678 ], [ -116.942199330721536, 53.052951136780003 ] ] ] } },
{ "type": "Feature", "properties": { "value": 2, "label": "AQHI 2", "color": "#0099cb", "timestamp": "2026-09-30 07:00:00", "generated_at": "2026-09-30T13:31:09.486326", "nearest_km": 23.706481014917923, "n_points": 14, "weight_sum": 0.00352585670791656, "confidence": "High", "flagged": false }, "geometry": { "type": "Polygon", "coordinates": [ [ [ -116.892199330721539, 53.052951136780003 ], [ -116.842199330721542, 53.052951136780003 ], [ -116.842199330721542, 53.10295113678 ], [ -116.892199330721539, 53.10295113678 ], [ -116.892199330721539, 53.052951136780003 ] ] ] } },
{ "type": "Feature", "properties": { "value": 2, "label": "AQHI 2", "color": "#0099cb", "timestamp": "2026-09-30 07:00:00", "generated_at": "2026-09-30T13:31:09.486326", "nearest_km": 28.935045977648731, "n_points": 14, "weight_sum": 0.0026393794330860864, "confidence": "Medium", "flagged": false }, "geometry": { "type": "Polygon", "coordinates": [ [ [ -116.842199330721542, 53.052951136780003 ], [ -116.792199330721544, 53.052951136780003 ], [ -116.792199330721544, 53.10295113678 ], [ -116.842199330721542, 53.10295113678 ], [ -116.842199330721542, 53.052951136780003 ] ] ] } },
{ "type": "Feature", "properties": { "value": 2, "label": "AQHI 2", "color": "#0099cb", "timestamp": "2026-09-30 07:00:00", "generated_at": "2026-09-30T13:31:09.486326", "nearest_km": 34.26487311149161, "n_points": 13, "weight_sum": 0.0020998861978029845, "confidence": "Medium", "flagged": false }, "geometry": { "type": "Polygon", "coordinates": [ [ [ -116.792199330721544, 53.052951136780003 ], [ -116.742199330721547, 53.052951136780003 ], [ -116.742199330721547, 53.10295113678 ], [ -116.792199330721544, 53.10295113678 ], [ -116.792199330721544, 53.052951136780003 ] ] ] } },
{ "type": "Feature", "properties": { "value": 2, "label": "AQHI 2", "color": "#0099cb", "timestamp": "2026-09-30 07:00:00", "generated_at": "2026-09-30T13:31:09.486326", "nearest_km": 39.655153170358439, "n_points": 11, "weight_sum": 0.0017141764870871163, "confidence": "Medium", "flagged": false }, "geometry": { "type": "Polygon", "coordinates": [ [ [ -116.742199330721547, 53.052951136780003 ], [ -116.69219933072155, 53.052951136780003 ], [ -116.69219933072155, 53.10295113678 ], [ -116.742199330721547, 53.10295113678 ], [ -116.742199330721547, 53.052951136780003 ] ] ] } },
{ "type": "Feature", "properties": { "value": 2, "label": "AQHI 2", "color": "#0099cb", "timestamp": "2026-09-30 07:00:00", "generated_at": "2026-09-30T13:31:09.486326", "nearest_km": 45.084208062053726, "n_points": 10, "weight_sum": 0.001490223431009974, "confidence": "Medium", "flagged": false }, "geometry": { "type": "Polygon", "coordinates": [ [ [ -116.69219933072155, 53.052951136780003 ], [ -116.642199330721553, 53.052951136780003 ], [ -116.642199330721553, 53.10295113678 ], [ -116.69219933072155, 53.10295113678 ], [ -116.69219933072155, 53.052951136780003 ] ] ] } },
{ "type": "Feature", "properties": { "value": 2, "label": "AQHI 2", "color": "#0099cb", "timestamp": "2026-09-30 07:00:00", "generated_at": "2026-09-30T13:31:09.486326", "nearest_km": 50.539543529799552, "n_points": 9, "weight_sum": 0.0013115183982304658, "confidence": "Medium", "flagged": false }, "geometry": { "type": "Polygon", "coordinates": [ [ [ -116.642199330721553, 53.052951136780003 ], [ -116.592199330721556, 53.052951136780003 ], [ -116.592199330721556, 53.10295113678 ], [ -116.642199330721553, 53.10295113678 ], [ -116.642199330721553, 53.052951136780003 ] ] ] } },
{ "type": "Feature", "properties": { "value": 2, "label": "AQHI 2", "color": "#0099cb", "timestamp": "2026-09-30 07:00:00", "generated_at": "2026-09-30T13:31:09.486326", "nearest_km": 56.01348144704496, "n_points": 9, "weight_sum": 0.0012190126358116657, "confidence": "Medium", "flagged": false }, "geometry": { "type": "Polygon", "coordinates": [ [ [ -116.592199330721556, 53.052951136780003 ], [ -116.542199330721559, 53.052951136780003 ], [ -116.542199330721559, 53.10295113678 ], [ -116.592199330721556, 53.10295113678 ], [ -116.592199330721556, 53.052951136780003 ] ] ] } },
{ "type": "Feature", "properties": { "value": 2, "label": "AQHI 2", "color": "#0099cb", "timestamp": "2026-09-30 07:00:00", "generated_at": "2026-09-30T13:31:09.486326", "nearest_km": 59.422976384389443, "n_points": 9, "weight_sum": 0.0011518044974222947, "confidence": "Medium", "flagged": false }, "geometry": { "type": "Polygon", "coordinates": [ [ [ -116.542199330721559, 53.052951136780003 ], [ -116.492199330721562, 53.052951136780003 ], [ -116.492199330721562, 53.10295113678 ], [ -116.542199330721559, 53.10295113678 ], [ -116.542199330721559, 53.052951136780003 ] ] ] } },
{ "type": "Feature", "properties": { "value": 2, "label": "AQHI 2", "color": "#0099cb", "timestamp": "2026-09-30 07:00:00", "generated_at": "2026-09-30T13:31:09.486326", "nearest_km": 58.656569981526111, "n_points": 9, "weight_sum": 0.0010990467447758257, "confidence": "Medium", "flagged": false }, "geometry": { "type": "Polygon", "coordinates": [ [ [ -116.492199330721562, 53.052951136780003 ], [ -116.442199330721564, 53.052951136780003 ], [ -116.442199330721564, 53.10295113678 ], [ -116.492199330721562, 53.10295113678 ], [ -116.492199330721562, 53.052951136780003 ] ] ] } },
{ "type": "Feature", "properties": { "value": 2, "label": "AQHI 2", "color": "#0099cb", "timestamp": "2026-09-30 07:00:00", "generated_at": "2026-09-30T13:31:09.486326", "nearest_km": 58.409770429403558, "n_points": 9, "weight_sum": 0.0010533447987934052, "confidence": "Medium", "flagged": false }, "geometry": { "type": "Polygon", "coordinates": [ [ [ -116.442199330721564, 53.052951136780003 ], [ -116.392199330721567, 53.052951136780003 ], [ -116.392199330721567, 53.10295113678 ], [ -116.442199330721564, 53.10295113678 ], [ -116.442199330721564, 53.052951136780003 ] ] ] } },
{ "type": "Feature", "properties": { "value": 2, "label": "AQHI 2", "color": "#0099cb", "timestamp": "2026-09-30 07:00:00", "generated_at": "2026-09-30T13:31:09.486326", "nearest_km": 58.689133246569398, "n_points": 9, "weight_sum": 0.0010098741372020709, "confidence": "Medium", "flagged": false }, "geometry": { "type": "Polygon", "coordinates": [ [ [ -116.392199330721567, 53.052951136780003 ], [ -116.34219933072157, 53.052951136780003 ], [ -116.34219933072157, 53.10295113678 ], [ -116.392199330721567, 53.10295113678 ], [ -116.392199330721567, 53.052951136780003 ] ] ] } },
{ "type": "Feature", "properties": { "value": 2, "label": "AQHI 2", "color": "#0099cb", "timestamp": "2026-09-30 07:00:00", "generated_at": "2026-09-30T13:31:09.486326", "nearest_km": 59.487246035192449, "n_points": 9, "weight_sum": 0.0009658977351664497, "confidence": "Medium", "flagged": false }, "geometry": { "type": "Polygon", "coordinates": [ [ [ -116.34219933072157, 53.052951136780003 ], [ -116.292199330721573, 53.052951136780003 ], [ -116.292199330721573, 53.10295113678 ], [ -116.34219933072157, 53.10295113678 ], [ -116.34219933072157, 53.052951136780003 ] ] ] } },
{ "type": "Feature", "properties": { "value": 2, "label": "AQHI 2", "color": "#0099cb", "timestamp": "2026-09-30 07:00:00", "generated_at": "2026-09-30T13:31:09.486326", "nearest_km": 60.783678076186334, "n_points": 10, "weight_sum": 0.00096932951492852224, "confidence": "Medium", "flagged": false }, "geometry": { "type": "Polygon", "coordinates": [ [ [ -116.292199330721573, 53.052951136780003 ], [ -116.242199330721576, 53.052951136780003 ], [ -116.242199330721576, 53.10295113678 ], [ -116.292199330721573, 53.10295113678 ], [ -116.292199330721573, 53.052951136780003 ] ] ] } },
{ "type": "Feature", "properties": { "value": 2, "label": "AQHI 2", "color": "#0099cb", "timestamp": "2026-09-30 07:00:00", "generated_at": "2026-09-30T13:31:09.486326", "nearest_km": 62.297312257885757, "n_points": 9, "weight_sum": 0.00086527750043021302, "confidence": "Medium", "flagged": false }, "geometry": { "type": "Polygon", "coordinates": [ [ [ -116.242199330721576, 53.052951136780003 ], [ -116.192199330721579, 53.052951136780003 ], [ -116.192199330721579, 53.10295113678 ], [ -116.242199330721576, 53.10295113678 ], [ -116.242199330721576, 53.052951136780003 ] ] ] } },
{ "type": "Feature", "properties": { "value": 2, "label": "AQHI 2", "color": "#0099cb", "timestamp": "2026-09-30 07:00:00", "generated_at": "2026-09-30T13:31:09.486326", "nearest_km": 64.010042907144367, "n_points": 12, "weight_sum": 0.0009017735182669822, "confidence": "Medium", "flagged": false }, "geometry": { "type": "Polygon", "coordinates": [ [ [ -116.192199330721579, 53.052951136780003 ], [ -116.142199330721581, 53.052951136780003 ], [ -116.142199330721581, 53.10295113678 ], [ -116.192199330721579, 53.10295113678 ], [ -116.192199330721579, 53.052951136780003 ] ] ] } },
{ "type": "Feature", "properties": { "value": 2, "label": "AQHI 2", "color": "#0099cb", "timestamp": "2026-09-30 07:00:00", "generated_at": "2026-09-30T13:31:09.486326", "nearest_km": 66.145453898150834, "n_points": 12, "weight_sum": 0.00087478466836656975, "confidence": "Medium", "flagged": false }, "geometry": { "type": "Polygon", "coordinates": [ [ [ -116.142199330721581, 53.052951136780003 ], [ -116.092199330721584, 53.052951136780003 ], [ -116.092199330721584, 53.10295113678 ], [ -116.142199330721581, 53.10295113678 ], [ -116.142199330721581, 53.052951136780003 ] ] ] } },
{ "type": "Feature", "properties": { "value": 2, "label": "AQHI 2", "color": "#0099cb", "timestamp": "2026-09-30 07:00:00", "generated_at": "2026-09-30T13:31:09.486326", "nearest_km": 67.54398893796926, "n_points": 12, "weight_sum": 0.00085014892356787973, "confidence": "Medium", "flagged": false }, "geometry": { "type": "Polygon", "coordinates": [ [ [ -116.092199330721584, 53.052951136780003 ], [ -116.042199330721587, 53.052951136780003 ], [ -116.042199330721587, 53.10295113678 ], [ -116.092199330721584, 53.10295113678 ], [ -116.092199330721584, 53.052951136780003 ] ] ] } },
{ "type": "Feature", "properties": { "value": 2, "label": "AQHI 2", "color": "#0099cb", "timestamp": "2026-09-30 07:00:00", "generated_at": "2026-09-30T13:31:09.486326", "nearest_km": 65.730342219331732, "n_points": 12, "weight_sum": 0.00082879401051107638, "confidence": "Medium", "flagged": false }, "geometry": { "type": "Polygon", "coordinates": [ [ [ -116.042199330721587, 53.052951136780003 ], [ -115.99219933072159, 53.052951136780003 ], [ -115.99219933072159, 53.10295113678 ], [ -116.042199330721587, 53.10295113678 ], [ -116.042199330721587, 53.052951136780003 ] ] ] } },
{ "type": "Feature", "properties": { "value": 2, "label": "AQHI 2", "color": "#0099cb", "timestamp": "2026-09-30 07:00:00", "generated_at": "2026-09-30T13:31:09.486326", "nearest_km": 64.345709529761237, "n_points": 12, "weight_sum": 0.00081135020762187311, "confidence": "Medium", "flagged": false }, "geometry": { "type": "Polygon", "coordinates": [ [ [ -115.99219933072159, 53.052951136780003 ], [ -115.942199330721593, 53.052951136780003 ], [ -115.942199330721593, 53.10295113678 ], [ -115.99219933072159, 53.10295113678 ], [ -115.99219933072159, 53.052951136780003 ] ] ] } },
{ "type": "Feature", "properties": { "value": 1, "label": "AQHI 1", "color": "#01cbff", "timestamp": "2026-09-30 07:00:00", "generated_at": "2026-09-30T13:31:09.486326", "nearest_km": 63.418197558006497, "n_points": 12, "weight_sum": 0.00079823090423597595, "confidence": "Medium", "flagged": false }, "geometry": { "type": "Polygon", "coordinates": [ [ [ -115.942199330721593, 53.052951136780003 ], [ -115.892199330721596, 53.052951136780003 ], [ -115.892199330721596, 53.10295113678 ], [ -115.942199330721593, 53.10295113678 ], [ -115.942199330721593, 53.052951136780003 ] ] ] } },
{ "type": "Feature", "properties": { "value": 1, "label": "AQHI 1", "color": "#01cbff", "timestamp": "2026-09-30 07:00:00", "generated_at": "2026-09-30T13:31:09.486326", "nearest_km": 62.968009561397686, "n_points": 12, "weight_sum": 0.00078977033413412138, "confidence": "Medium", "flagged": false }, "geometry": { "type": "Polygon", "coordinates": [ [ [ -115.892199330721596, 53.052951136780003 ], [ -115.842199330721598, 53.052951136780003 ], [ -115.842199330721598, 53.10295113678 ], [ -115.892199330721596, 53.10295113678 ], [ -115.892199330721596, 53.052951136780003 ] ] ] } },
{ "type": "Feature", "properties": { "value": 1, "label": "AQHI 1", "color": "#01cbff", "timestamp": "2026-09-30 07:00:00", "generated_at": "2026-09-30T13:31:09.486326", "nearest_km": 63.005378141411001, "n_points": 12, "weight_sum": 0.00078637410870988783, "confidence": "Medium", "flagged": false }, "geometry": { "type": "Polygon", "coordinates": [ [ [ -115.842199330721598, 53.052951136780003 ], [ -115.792199330721601, 53.052951136780003 ], [ -115.792199330721601, 53.10295113678 ], [ -115.842199330721598, 53.10295113678 ], [ -115.842199330721598, 53.052951136780003 ] ] ] } },
{ "type": "Feature", "properties": { "value": 1, "label": "AQHI 1", "color": "#01cbff", "timestamp": "2026-09-30 07:00:00", "generated_at": "2026-09-30T13:31:09.486326", "nearest_km": 63.529442948605386, "n_points": 13, "weight_sum": 0.00081093072409499888, "confidence": "Medium", "flagged": false }, "geometry": { "type": "Polygon", "coordinates": [ [ [ -115.792199330721601, 53.052951136780003 ], [ -115.742199330721604, 53.052951136780003 ], [ -115.742199330721604, 53.10295113678 ], [ -115.792199330721601, 53.10295113678 ], [ -115.792199330721601, 53.052951136780003 ] ] ] } },
{ "type": "Feature", "properties": { "value": 1, "label": "AQHI 1", "color": "#01cbff", "timestamp": "2026-09-30 07:00:00", "generated_at": "2026-09-30T13:31:09.486326", "nearest_km": 64.52834701104635, "n_points": 13, "weight_sum": 0.00082119032894025694, "confidence": "Medium", "flagged": false }, "geometry": { "type": "Polygon", "coordinates": [ [ [ -115.742199330721604, 53.052951136780003 ], [ -115.692199330721607, 53.052951136780003 ], [ -115.692199330721607, 53.10295113678 ], [ -115.742199330721604, 53.10295113678 ], [ -115.742199330721604, 53.052951136780003 ] ] ] } },
{ "type": "Feature", "properties": { "value": 1, "label": "AQHI 1", "color": "#01cbff", "timestamp": "2026-09-30 07:00:00", "generated_at": "2026-09-30T13:31:09.486326", "nearest_km": 65.980527541054983, "n_points": 11, "weight_sum": 0.00077736956780762652, "confidence": "Medium", "flagged": false }, "geometry": { "type": "Polygon", "coordinates": [ [ [ -115.692199330721607, 53.052951136780003 ], [ -115.64219933072161, 53.052951136780003 ], [ -115.64219933072161, 53.10295113678 ], [ -115.692199330721607, 53.10295113678 ], [ -115.692199330721607, 53.052951136780003 ] ] ] } },
{ "type": "Feature", "properties": { "value": 1, "label": "AQHI 1", "color": "#01cbff", "timestamp": "2026-09-30 07:00:00", "generated_at": "2026-09-30T13:31:09.486326", "nearest_km": 67.856889563358337, "n_points": 11, "weight_sum": 0.00080940515958763447, "confidence": "Medium", "flagged": false }, "geometry": { "type": "Polygon", "coordinates": [ [ [ -115.64219933072161, 53.052951136780003 ], [ -115.592199330721613, 53.052951136780003 ], [ -115.592199330721613, 53.10295113678 ], [ -115.64219933072161, 53.10295113678 ], [ -115.64219933072161, 53.052951136780003 ] ] ] } },
{ "type": "Feature", "properties": { "value": 1, "label": "AQHI 1", "color": "#01cbff", "timestamp": "2026-09-30 07:00:00", "generated_at": "2026-09-30T13:31:09.486326", "nearest_km": 69.530461203496429, "n_points": 11, "weight_sum": 0.00085287337741535741, "confidence": "Medium", "flagged": false }, "geometry": { "type": "Polygon", "coordinates": [ [ [ -115.592199330721613, 53.052951136780003 ], [ -115.542199330721616, 53.052951136780003 ], [ -115.542199330721616, 53.10295113678 ], [ -115.592199330721613, 53.10295113678 ], [ -115.592199330721613, 53.052951136780003 ] ] ] } },
{ "type": "Feature", "properties": { "value": 1, "label": "AQHI 1", "color": "#01cbff", "timestamp": "2026-09-30 07:00:00", "generated_at": "2026-09-30T13:31:09.486326", "nearest_km": 64.139246103995177, "n_points": 11, "weight_sum": 0.00091073811838548861, "confidence": "Medium", "flagged": false }, "geometry": { "type": "Polygon", "coordinates": [ [ [ -115.542199330721616, 53.052951136780003 ], [ -115.492199330721618, 53.052951136780003 ], [ -115.492199330721618, 53.10295113678 ], [ -115.542199330721616, 53.10295113678 ], [ -115.542199330721616, 53.052951136780003 ] ] ] } },
{ "type": "Feature", "properties": { "value": 1, "label": "AQHI 1", "color": "#01cbff", "timestamp": "2026-09-30 07:00:00", "generated_at": "2026-09-30T13:31:09.486326", "nearest_km": 39.567953168117491, "n_points": 9, "weight_sum": 0.0030211189364282771, "confidence": "Medium", "flagged": false }, "geometry": { "type": "Polygon", "coordinates": [ [ [ -117.792199330721488, 53.10295113678 ], [ -117.74219933072149, 53.10295113678 ], [ -117.74219933072149, 53.152951136779997 ], [ -117.792199330721488, 53.152951136779997 ], [ -117.792199330721488, 53.10295113678 ] ] ] } },
{ "type": "Feature", "properties": { "value": 1, "label": "AQHI 1", "color": "#01cbff", "timestamp": "2026-09-30 07:00:00", "generated_at": "2026-09-30T13:31:09.486326", "nearest_km": 36.614926991493505, "n_points": 9, "weight_sum": 0.0030075761071182228, "confidence": "Medium", "flagged": false }, "geometry": { "type": "Polygon", "coordinates": [ [ [ -117.74219933072149, 53.10295113678 ], [ -117.692199330721493, 53.10295113678 ], [ -117.692199330721493, 53.152951136779997 ], [ -117.74219933072149, 53.152951136779997 ], [ -117.74219933072149, 53.10295113678 ] ] ] } },
{ "type": "Feature", "properties": { "value": 1, "label": "AQHI 1", "color": "#01cbff", "timestamp": "2026-09-30 07:00:00", "generated_at": "2026-09-30T13:31:09.486326", "nearest_km": 34.311628338953163, "n_points": 10, "weight_sum": 0.0030748738313570215, "confidence": "Medium", "flagged": false }, "geometry": { "type": "Polygon", "coordinates": [ [ [ -117.692199330721493, 53.10295113678 ], [ -117.642199330721496, 53.10295113678 ], [ -117.642199330721496, 53.152951136779997 ], [ -117.692199330721493, 53.152951136779997 ], [ -117.692199330721493, 53.10295113678 ] ] ] } },
{ "type": "Feature", "properties": { "value": 1, "label": "AQHI 1", "color": "#01cbff", "timestamp": "2026-09-30 07:00:00", "generated_at": "2026-09-30T13:31:09.486326", "nearest_km": 32.79524050755689, "n_points": 12, "weight_sum": 0.0032069813951938991, "confidence": "Medium", "flagged": false }, "geometry": { "type": "Polygon", "coordinates": [ [ [ -117.642199330721496, 53.10295113678 ], [ -117.592199330721499, 53.10295113678 ], [ -117.592199330721499, 53.152951136779997 ], [ -117.642199330721496, 53.152951136779997 ], [ -117.642199330721496, 53.10295113678 ] ] ] } },
{ "type": "Feature", "properties": { "value": 2, "label": "AQHI 2", "color": "#0099cb", "timestamp": "2026-09-30 07:00:00", "generated_at": "2026-09-30T13:31:09.486326", "nearest_km": 32.177208714034542, "n_points": 12, "weight_sum": 0.0032535035323703011, "confidence": "Medium", "flagged": false }, "geometry": { "type": "Polygon", "coordinates": [ [ [ -117.592199330721499, 53.10295113678 ], [ -117.542199330721502, 53.10295113678 ], [ -117.542199330721502, 53.152951136779997 ], [ -117.592199330721499, 53.152951136779997 ], [ -117.592199330721499, 53.10295113678 ] ] ] } },
{ "type": "Feature", "properties": { "value": 2, "label": "AQHI 2", "color": "#0099cb", "timestamp": "2026-09-30 07:00:00", "generated_at": "2026-09-30T13:31:09.486326", "nearest_km": 32.508809902925897, "n_points": 12, "weight_sum": 0.0032584702045595289, "confidence": "Medium", "flagged": false }, "geometry": { "type": "Polygon", "coordinates": [ [ [ -117.542199330721502, 53.10295113678 ], [ -117.492199330721505, 53.10295113678 ], [ -117.492199330721505, 53.152951136779997 ], [ -117.542199330721502, 53.152951136779997 ], [ -117.542199330721502, 53.10295113678 ] ] ] } },
{ "type": "Feature", "properties": { "value": 2, "label": "AQHI 2", "color": "#0099cb", "timestamp": "2026-09-30 07:00:00", "generated_at": "2026-09-30T13:31:09.486326", "nearest_km": 33.762074610168717, "n_points": 12, "weight_sum": 0.0032359118823299246, "confidence": "Medium", "flagged": false }, "geometry": { "type": "Polygon", "coordinates": [ [ [ -117.492199330721505, 53.10295113678 ], [ -117.442199330721508, 53.10295113678 ], [ -117.442199330721508, 53.152951136779997 ], [ -117.492199330721505, 53.152951136779997 ], [ -117.492199330721505, 53.10295113678 ] ] ] } },
{ "type": "Feature", "properties": { "value": 2, "label": "AQHI 2", "color": "#0099cb", "timestamp": "2026-09-30 07:00:00", "generated_at": "2026-09-30T13:31:09.486326", "nearest_km": 35.840447020937361, "n_points": 12, "weight_sum": 0.0032358580133544624, "confidence": "Medium", "flagged": false }, "geometry": { "type": "Polygon", "coordinates": [ [ [ -117.442199330721508, 53.10295113678 ], [ -117.39219933072151, 53.10295113678 ], [ -117.39219933072151, 53.152951136779997 ], [ -117.442199330721508, 53.152951136779997 ], [ -117.442199330721508, 53.10295113678 ] ] ] } },
{ "type": "Feature", "properties": { "value": 2, "label": "AQHI 2", "color": "#0099cb", "timestamp": "2026-09-30 07:00:00", "generated_at": "2026-09-30T13:31:09.486326", "nearest_km": 33.581365185440447, "n_points": 12, "weight_sum": 0.0033403918398501068, "confidence": "Medium", "flagged": false }, "geometry": { "type": "Polygon", "coordinates": [ [ [ -117.39219933072151, 53.10295113678 ], [ -117.342199330721513, 53.10295113678 ], [ -117.342199330721513, 53.152951136779997 ], [ -117.39219933072151, 53.152951136779997 ], [ -117.39219933072151, 53.10295113678 ] ] ] } },
{ "type": "Feature", "properties": { "value": 2, "label": "AQHI 2", "color": "#0099cb", "timestamp": "2026-09-30 07:00:00", "generated_at": "2026-09-30T13:31:09.486326", "nearest_km": 28.063136949314018, "n_points": 12, "weight_sum": 0.0036792645202214547, "confidence": "Medium", "flagged": false }, "geometry": { "type": "Polygon", "coordinates": [ [ [ -117.342199330721513, 53.10295113678 ], [ -117.292199330721516, 53.10295113678 ], [ -117.292199330721516, 53.152951136779997 ], [ -117.342199330721513, 53.152951136779997 ], [ -117.342199330721513, 53.10295113678 ] ] ] } },
{ "type": "Feature", "properties": { "value": 2, "label": "AQHI 2", "color": "#0099cb", "timestamp": "2026-09-30 07:00:00", "generated_at": "2026-09-30T13:31:09.486326", "nearest_km": 22.560501394117747, "n_points": 12, "weight_sum": 0.0045099706077238663, "confidence": "High", "flagged": false }, "geometry": { "type": "Polygon", "coordinates": [ [ [ -117.292199330721516, 53.10295113678 ], [ -117.242199330721519, 53.10295113678 ], [ -117.242199330721519, 53.152951136779997 ], [ -117.292199330721516, 53.152951136779997 ], [ -117.292199330721516, 53.10295113678 ] ] ] } },
{ "type": "Feature", "properties": { "value": 2, "label": "AQHI 2", "color": "#0099cb", "timestamp": "2026-09-30 07:00:00", "generated_at": "2026-09-30T13:31:09.486326", "nearest_km": 17.088528048723706, "n_points": 12, "weight_sum": 0.0065157661147822055, "confidence": "High", "flagged": false }, "geometry": { "type": "Polygon", "coordinates": [ [ [ -117.242199330721519, 53.10295113678 ], [ -117.192199330721522, 53.10295113678 ], [ -117.192199330721522, 53.152951136779997 ], [ -117.242199330721519, 53.152951136779997 ], [ -117.242199330721519, 53.10295113678 ] ] ] } },
{ "type": "Feature", "properties": { "value": 2, "label": "AQHI 2", "color": "#0099cb", "timestamp": "2026-09-30 07:00:00", "generated_at": "2026-09-30T13:31:09.486326", "nearest_km": 11.690353227770236, "n_points": 13, "weight_sum": 0.012235703200447434, "confidence": "High", "flagged": false }, "geometry": { "type": "Polygon", "coordinates": [ [ [ -117.192199330721522, 53.10295113678 ], [ -117.142199330721525, 53.10295113678 ], [ -117.142199330721525, 53.152951136779997 ], [ -117.192199330721522, 53.152951136779997 ], [ -117.192199330721522, 53.10295113678 ] ] ] } },
{ "type": "Feature", "properties": { "value": 2, "label": "AQHI 2", "color": "#0099cb", "timestamp": "2026-09-30 07:00:00", "generated_at": "2026-09-30T13:31:09.486326", "nearest_km": 6.5510248288380124, "n_points": 13, "weight_sum": 0.036032562377242505, "confidence": "High", "flagged": false }, "geometry": { "type": "Polygon", "coordinates": [ [ [ -117.142199330721525, 53.10295113678 ], [ -117.092199330721527, 53.10295113678 ], [ -117.092199330721527, 53.152951136779997 ], [ -117.142199330721525, 53.152951136779997 ], [ -117.142199330721525, 53.10295113678 ] ] ] } },
{ "type": "Feature", "properties": { "value": 2, "label": "AQHI 2", "color": "#0099cb", "timestamp": "2026-09-30 07:00:00", "generated_at": "2026-09-30T13:31:09.486326", "nearest_km": 3.2331365367569065, "n_points": 14, "weight_sum": 0.141758733090977, "confidence": "High", "flagged": false }, "geometry": { "type": "Polygon", "coordinates": [ [ [ -117.092199330721527, 53.10295113678 ], [ -117.04219933072153, 53.10295113678 ], [ -117.04219933072153, 53.152951136779997 ], [ -117.092199330721527, 53.152951136779997 ], [ -117.092199330721527, 53.10295113678 ] ] ] } },
{ "type": "Feature", "properties": { "value": 2, "label": "AQHI 2", "color": "#0099cb", "timestamp": "2026-09-30 07:00:00", "generated_at": "2026-09-30T13:31:09.486326", "nearest_km": 6.2668026523357545, "n_points": 14, "weight_sum": 0.038613373148785969, "confidence": "High", "flagged": false }, "geometry": { "type": "Polygon", "coordinates": [ [ [ -117.04219933072153, 53.10295113678 ], [ -116.992199330721533, 53.10295113678 ], [ -116.992199330721533, 53.152951136779997 ], [ -117.04219933072153, 53.152951136779997 ], [ -117.04219933072153, 53.10295113678 ] ] ] } },
{ "type": "Feature", "properties": { "value": 2, "label": "AQHI 2", "color": "#0099cb", "timestamp": "2026-09-30 07:00:00", "generated_at": "2026-09-30T13:31:09.486326", "nearest_km": 11.388479226890896, "n_points": 14, "weight_sum": 0.012447212741017934, "confidence": "High", "flagged": false }, "geometry": { "type": "Polygon", "coordinates": [ [ [ -116.992199330721533, 53.10295113678 ], [ -116.942199330721536, 53.10295113678 ], [ -116.942199330721536, 53.152951136779997 ], [ -116.992199330721533, 53.152951136779997 ], [ -116.992199330721533, 53.10295113678 ] ] ] } },
{ "type": "Feature", "properties": { "value": 2, "label": "AQHI 2", "color": "#0099cb", "timestamp": "2026-09-30 07:00:00", "generated_at": "2026-09-30T13:31:09.486326", "nearest_km": 16.78472825872738, "n_points": 14, "weight_sum": 0.006236917440006714, "confidence": "High", "flagged": false }, "geometry": { "type": "Polygon", "coordinates": [ [ [ -116.942199330721536, 53.10295113678 ], [ -116.892199330721539, 53.10295113678 ], [ -116.892199330721539, 53.152951136779997 ], [ -116.942199330721536, 53.152951136779997 ], [ -116.942199330721536, 53.10295113678 ] ] ] } },
{ "type": "Feature", "properties": { "value": 2, "label": "AQHI 2", "color": "#0099cb", "timestamp": "2026-09-30 07:00:00", "generated_at": "2026-09-30T13:31:09.486326", "nearest_km": 22.256723620904097, "n_points": 14, "weight_sum": 0.0039357655781011181, "confidence": "High", "flagged": false }, "geometry": { "type": "Polygon", "coordinates": [ [ [ -116.892199330721539, 53.10295113678 ], [ -116.842199330721542, 53.10295113678 ], [ -116.842199330721542, 53.152951136779997 ], [ -116.892199330721539, 53.152951136779997 ], [ -116.892199330721539, 53.10295113678 ] ] ] } },
{ "type": "Feature", "properties": { "value": 2, "label": "AQHI 2", "color": "#0099cb", "timestamp": "2026-09-30 07:00:00", "generated_at": "2026-09-30T13:31:09.486326", "nearest_km": 27.759708030800553, "n_points": 14, "weight_sum": 0.0028508815472550559, "confidence": "Medium", "flagged": false }, "geometry": { "type": "Polygon", "coordinates": [ [ [ -116.842199330721542, 53.10295113678 ], [ -116.792199330721544, 53.10295113678 ], [ -116.792199330721544, 53.152951136779997 ], [ -116.842199330721542, 53.152951136779997 ], [ -116.842199330721542, 53.10295113678 ] ] ] } },
{ "type": "Feature", "properties": { "value": 2, "label": "AQHI 2", "color": "#0099cb", "timestamp": "2026-09-30 07:00:00", "generated_at": "2026-09-30T13:31:09.486326", "nearest_km": 33.278311759662145, "n_points": 13, "weight_sum": 0.0022408360254382873, "confidence": "Medium", "flagged": false }, "geometry": { "type": "Polygon", "coordinates": [ [ [ -116.792199330721544, 53.10295113678 ], [ -116.742199330721547, 53.10295113678 ], [ -116.742199330721547, 53.152951136779997 ], [ -116.792199330721544, 53.152951136779997 ], [ -116.792199330721544, 53.10295113678 ] ] ] } },
{ "type": "Feature", "properties": { "value": 2, "label": "AQHI 2", "color": "#0099cb", "timestamp": "2026-09-30 07:00:00", "generated_at": "2026-09-30T13:31:09.486326", "nearest_km": 38.805871684465941, "n_points": 10, "weight_sum": 0.001807936728012257, "confidence": "Medium", "flagged": false }, "geometry": { "type": "Polygon", "coordinates": [ [ [ -116.742199330721547, 53.10295113678 ], [ -116.69219933072155, 53.10295113678 ], [ -116.69219933072155, 53.152951136779997 ], [ -116.742199330721547, 53.152951136779997 ], [ -116.742199330721547, 53.10295113678 ] ] ] } },
{ "type": "Feature", "properties": { "value": 2, "label": "AQHI 2", "color": "#0099cb", "timestamp": "2026-09-30 07:00:00", "generated_at": "2026-09-30T13:31:09.486326", "nearest_km": 44.339038338795717, "n_points": 10, "weight_sum": 0.0015996900225897085, "confidence": "Medium", "flagged": false }, "geometry": { "type": "Polygon", "coordinates": [ [ [ -116.69219933072155, 53.10295113678 ], [ -116.642199330721553, 53.10295113678 ], [ -116.642199330721553, 53.152951136779997 ], [ -116.69219933072155, 53.152951136779997 ], [ -116.69219933072155, 53.10295113678 ] ] ] } },
{ "type": "Feature", "properties": { "value": 2, "label": "AQHI 2", "color": "#0099cb", "timestamp": "2026-09-30 07:00:00", "generated_at": "2026-09-30T13:31:09.486326", "nearest_km": 49.87594574970133, "n_points": 10, "weight_sum": 0.001467573042262037, "confidence": "Medium", "flagged": false }, "geometry": { "type": "Polygon", "coordinates": [ [ [ -116.642199330721553, 53.10295113678 ], [ -116.592199330721556, 53.10295113678 ], [ -116.592199330721556, 53.152951136779997 ], [ -116.642199330721553, 53.152951136779997 ], [ -116.642199330721553, 53.10295113678 ] ] ] } },
{ "type": "Feature", "properties": { "value": 2, "label": "AQHI 2", "color": "#0099cb", "timestamp": "2026-09-30 07:00:00", "generated_at": "2026-09-30T13:31:09.486326", "nearest_km": 55.368302358735981, "n_points": 10, "weight_sum": 0.0013810072459029868, "confidence": "Medium", "flagged": false }, "geometry": { "type": "Polygon", "coordinates": [ [ [ -116.592199330721556, 53.10295113678 ], [ -116.542199330721559, 53.10295113678 ], [ -116.542199330721559, 53.152951136779997 ], [ -116.592199330721556, 53.152951136779997 ], [ -116.592199330721556, 53.10295113678 ] ] ] } },
{ "type": "Feature", "properties": { "value": 2, "label": "AQHI 2", "color": "#0099cb", "timestamp": "2026-09-30 07:00:00", "generated_at": "2026-09-30T13:31:09.486326", "nearest_km": 53.977282125968316, "n_points": 10, "weight_sum": 0.0013207823809745134, "confidence": "Medium", "flagged": false }, "geometry": { "type": "Polygon", "coordinates": [ [ [ -116.542199330721559, 53.10295113678 ], [ -116.492199330721562, 53.10295113678 ], [ -116.492199330721562, 53.152951136779997 ], [ -116.542199330721559, 53.152951136779997 ], [ -116.542199330721559, 53.10295113678 ] ] ] } },
{ "type": "Feature", "properties": { "value": 2, "label": "AQHI 2", "color": "#0099cb", "timestamp": "2026-09-30 07:00:00", "generated_at": "2026-09-30T13:31:09.486326", "nearest_km": 53.132382454811328, "n_points": 10, "weight_sum": 0.001273820501444193, "confidence": "Medium", "flagged": false }, "geometry": { "type": "Polygon", "coordinates": [ [ [ -116.492199330721562, 53.10295113678 ], [ -116.442199330721564, 53.10295113678 ], [ -116.442199330721564, 53.152951136779997 ], [ -116.492199330721562, 53.152951136779997 ], [ -116.492199330721562, 53.10295113678 ] ] ] } },
{ "type": "Feature", "properties": { "value": 2, "label": "AQHI 2", "color": "#0099cb", "timestamp": "2026-09-30 07:00:00", "generated_at": "2026-09-30T13:31:09.486326", "nearest_km": 52.859797057331761, "n_points": 10, "weight_sum": 0.0012310594214821539, "confidence": "Medium", "flagged": false }, "geometry": { "type": "Polygon", "coordinates": [ [ [ -116.442199330721564, 53.10295113678 ], [ -116.392199330721567, 53.10295113678 ], [ -116.392199330721567, 53.152951136779997 ], [ -116.442199330721564, 53.152951136779997 ], [ -116.442199330721564, 53.10295113678 ] ] ] } },
{ "type": "Feature", "properties": { "value": 2, "label": "AQHI 2", "color": "#0099cb", "timestamp": "2026-09-30 07:00:00", "generated_at": "2026-09-30T13:31:09.486326", "nearest_km": 53.168329149600417, "n_points": 9, "weight_sum": 0.0011427009651370111, "confidence": "Medium", "flagged": false }, "geometry": { "type": "Polygon", "coordinates": [ [ [ -116.392199330721567, 53.10295113678 ], [ -116.34219933072157, 53.10295113678 ], [ -116.34219933072157, 53.152951136779997 ], [ -116.392199330721567, 53.152951136779997 ], [ -116.392199330721567, 53.10295113678 ] ] ] } },
{ "type": "Feature", "properties": { "value": 2, "label": "AQHI 2", "color": "#0099cb", "timestamp": "2026-09-30 07:00:00", "generated_at": "2026-09-30T13:31:09.486326", "nearest_km": 54.048027754749697, "n_points": 8, "weight_sum": 0.0010727371420902927, "confidence": "Medium", "flagged": false }, "geometry": { "type": "Polygon", "coordinates": [ [ [ -116.34219933072157, 53.10295113678 ], [ -116.292199330721573, 53.10295113678 ], [ -116.292199330721573, 53.152951136779997 ], [ -116.34219933072157, 53.152951136779997 ], [ -116.34219933072157, 53.10295113678 ] ] ] } },
{ "type": "Feature", "properties": { "value": 2, "label": "AQHI 2", "color": "#0099cb", "timestamp": "2026-09-30 07:00:00", "generated_at": "2026-09-30T13:31:09.486326", "nearest_km": 55.4717259853714, "n_points": 10, "weight_sum": 0.0010920647037056144, "confidence": "Medium", "flagged": false }, "geometry": { "type": "Polygon", "coordinates": [ [ [ -116.292199330721573, 53.10295113678 ], [ -116.242199330721576, 53.10295113678 ], [ -116.242199330721576, 53.152951136779997 ], [ -116.292199330721573, 53.152951136779997 ], [ -116.292199330721573, 53.10295113678 ] ] ] } },
{ "type": "Feature", "properties": { "value": 2, "label": "AQHI 2", "color": "#0099cb", "timestamp": "2026-09-30 07:00:00", "generated_at": "2026-09-30T13:31:09.486326", "nearest_km": 56.970260637311419, "n_points": 11, "weight_sum": 0.0010454979769311183, "confidence": "Medium", "flagged": false }, "geometry": { "type": "Polygon", "coordinates": [ [ [ -116.242199330721576, 53.10295113678 ], [ -116.192199330721579, 53.10295113678 ], [ -116.192199330721579, 53.152951136779997 ], [ -116.242199330721576, 53.152951136779997 ], [ -116.242199330721576, 53.10295113678 ] ] ] } },
{ "type": "Feature", "properties": { "value": 2, "label": "AQHI 2", "color": "#0099cb", "timestamp": "2026-09-30 07:00:00", "generated_at": "2026-09-30T13:31:09.486326", "nearest_km": 58.838262002723489, "n_points": 12, "weight_sum": 0.0010064811321809815, "confidence": "Medium", "flagged": false }, "geometry": { "type": "Polygon", "coordinates": [ [ [ -116.192199330721579, 53.10295113678 ], [ -116.142199330721581, 53.10295113678 ], [ -116.142199330721581, 53.152951136779997 ], [ -116.192199330721579, 53.152951136779997 ], [ -116.192199330721579, 53.10295113678 ] ] ] } },
{ "type": "Feature", "properties": { "value": 2, "label": "AQHI 2", "color": "#0099cb", "timestamp": "2026-09-30 07:00:00", "generated_at": "2026-09-30T13:31:09.486326", "nearest_km": 61.154530117719567, "n_points": 12, "weight_sum": 0.00097003381106411076, "confidence": "Medium", "flagged": false }, "geometry": { "type": "Polygon", "coordinates": [ [ [ -116.142199330721581, 53.10295113678 ], [ -116.092199330721584, 53.10295113678 ], [ -116.092199330721584, 53.152951136779997 ], [ -116.142199330721581, 53.152951136779997 ], [ -116.142199330721581, 53.10295113678 ] ] ] } },
{ "type": "Feature", "properties": { "value": 2, "label": "AQHI 2", "color": "#0099cb", "timestamp": "2026-09-30 07:00:00", "generated_at": "2026-09-30T13:31:09.486326", "nearest_km": 62.406212301173895, "n_points": 12, "weight_sum": 0.00093686570260387433, "confidence": "Medium", "flagged": false }, "geometry": { "type": "Polygon", "coordinates": [ [ [ -116.092199330721584, 53.10295113678 ], [ -116.042199330721587, 53.10295113678 ], [ -116.042199330721587, 53.152951136779997 ], [ -116.092199330721584, 53.152951136779997 ], [ -116.092199330721584, 53.10295113678 ] ] ] } },
{ "type": "Feature", "properties": { "value": 2, "label": "AQHI 2", "color": "#0099cb", "timestamp": "2026-09-30 07:00:00", "generated_at": "2026-09-30T13:31:09.486326", "nearest_km": 60.438586849769557, "n_points": 12, "weight_sum": 0.00090824479618276815, "confidence": "Medium", "flagged": false }, "geometry": { "type": "Polygon", "coordinates": [ [ [ -116.042199330721587, 53.10295113678 ], [ -115.99219933072159, 53.10295113678 ], [ -115.99219933072159, 53.152951136779997 ], [ -116.042199330721587, 53.152951136779997 ], [ -116.042199330721587, 53.10295113678 ] ] ] } },
{ "type": "Feature", "properties": { "value": 1, "label": "AQHI 1", "color": "#01cbff", "timestamp": "2026-09-30 07:00:00", "generated_at": "2026-09-30T13:31:09.486326", "nearest_km": 58.929748234784448, "n_points": 12, "weight_sum": 0.00088481681568871597, "confidence": "Medium", "flagged": false }, "geometry": { "type": "Polygon", "coordinates": [ [ [ -115.99219933072159, 53.10295113678 ], [ -115.942199330721593, 53.10295113678 ], [ -115.942199330721593, 53.152951136779997 ], [ -115.99219933072159, 53.152951136779997 ], [ -115.99219933072159, 53.10295113678 ] ] ] } },
{ "type": "Feature", "properties": { "value": 1, "label": "AQHI 1", "color": "#01cbff", "timestamp": "2026-09-30 07:00:00", "generated_at": "2026-09-30T13:31:09.486326", "nearest_km": 57.91556503767373, "n_points": 12, "weight_sum": 0.00086680800197251389, "confidence": "Medium", "flagged": false }, "geometry": { "type": "Polygon", "coordinates": [ [ [ -115.942199330721593, 53.10295113678 ], [ -115.892199330721596, 53.10295113678 ], [ -115.892199330721596, 53.152951136779997 ], [ -115.942199330721593, 53.152951136779997 ], [ -115.942199330721593, 53.10295113678 ] ] ] } },
{ "type": "Feature", "properties": { "value": 1, "label": "AQHI 1", "color": "#01cbff", "timestamp": "2026-09-30 07:00:00", "generated_at": "2026-09-30T13:31:09.486326", "nearest_km": 57.422252831554296, "n_points": 12, "weight_sum": 0.00085430032090491018, "confidence": "Medium", "flagged": false }, "geometry": { "type": "Polygon", "coordinates": [ [ [ -115.892199330721596, 53.10295113678 ], [ -115.842199330721598, 53.10295113678 ], [ -115.842199330721598, 53.152951136779997 ], [ -115.892199330721596, 53.152951136779997 ], [ -115.892199330721596, 53.10295113678 ] ] ] } },
{ "type": "Feature", "properties": { "value": 1, "label": "AQHI 1", "color": "#01cbff", "timestamp": "2026-09-30 07:00:00", "generated_at": "2026-09-30T13:31:09.486326", "nearest_km": 57.463227953786813, "n_points": 12, "weight_sum": 0.00084750418137525629, "confidence": "Medium", "flagged": false }, "geometry": { "type": "Polygon", "coordinates": [ [ [ -115.842199330721598, 53.10295113678 ], [ -115.792199330721601, 53.10295113678 ], [ -115.792199330721601, 53.152951136779997 ], [ -115.842199330721598, 53.152951136779997 ], [ -115.842199330721598, 53.10295113678 ] ] ] } },
{ "type": "Feature", "properties": { "value": 1, "label": "AQHI 1", "color": "#01cbff", "timestamp": "2026-09-30 07:00:00", "generated_at": "2026-09-30T13:31:09.486326", "nearest_km": 58.037358774213537, "n_points": 13, "weight_sum": 0.0008701985857333534, "confidence": "Medium", "flagged": false }, "geometry": { "type": "Polygon", "coordinates": [ [ [ -115.792199330721601, 53.10295113678 ], [ -115.742199330721604, 53.10295113678 ], [ -115.742199330721604, 53.152951136779997 ], [ -115.792199330721601, 53.152951136779997 ], [ -115.792199330721601, 53.10295113678 ] ] ] } },
{ "type": "Feature", "properties": { "value": 1, "label": "AQHI 1", "color": "#01cbff", "timestamp": "2026-09-30 07:00:00", "generated_at": "2026-09-30T13:31:09.486326", "nearest_km": 59.129116855443471, "n_points": 13, "weight_sum": 0.0008784800095379085, "confidence": "Medium", "flagged": false }, "geometry": { "type": "Polygon", "coordinates": [ [ [ -115.742199330721604, 53.10295113678 ], [ -115.692199330721607, 53.10295113678 ], [ -115.692199330721607, 53.152951136779997 ], [ -115.742199330721604, 53.152951136779997 ], [ -115.742199330721604, 53.10295113678 ] ] ] } },
{ "type": "Feature", "properties": { "value": 1, "label": "AQHI 1", "color": "#01cbff", "timestamp": "2026-09-30 07:00:00", "generated_at": "2026-09-30T13:31:09.486326", "nearest_km": 60.710583152549191, "n_points": 11, "weight_sum": 0.00083350144116793373, "confidence": "Medium", "flagged": false }, "geometry": { "type": "Polygon", "coordinates": [ [ [ -115.692199330721607, 53.10295113678 ], [ -115.64219933072161, 53.10295113678 ], [ -115.64219933072161, 53.152951136779997 ], [ -115.692199330721607, 53.152951136779997 ], [ -115.692199330721607, 53.10295113678 ] ] ] } },
{ "type": "Feature", "properties": { "value": 1, "label": "AQHI 1", "color": "#01cbff", "timestamp": "2026-09-30 07:00:00", "generated_at": "2026-09-30T13:31:09.486326", "nearest_km": 62.744739646766277, "n_points": 11, "weight_sum": 0.00086596928913301437, "confidence": "Medium", "flagged": false }, "geometry": { "type": "Polygon", "coordinates": [ [ [ -115.64219933072161, 53.10295113678 ], [ -115.592199330721613, 53.10295113678 ], [ -115.592199330721613, 53.152951136779997 ], [ -115.64219933072161, 53.152951136779997 ], [ -115.64219933072161, 53.10295113678 ] ] ] } },
{ "type": "Feature", "properties": { "value": 1, "label": "AQHI 1", "color": "#01cbff", "timestamp": "2026-09-30 07:00:00", "generated_at": "2026-09-30T13:31:09.486326", "nearest_km": 65.189223035394207, "n_points": 11, "weight_sum": 0.00091178889416759529, "confidence": "Medium", "flagged": false }, "geometry": { "type": "Polygon", "coordinates": [ [ [ -115.592199330721613, 53.10295113678 ], [ -115.542199330721616, 53.10295113678 ], [ -115.542199330721616, 53.152951136779997 ], [ -115.592199330721613, 53.152951136779997 ], [ -115.592199330721613, 53.10295113678 ] ] ] } },
{ "type": "Feature", "properties": { "value": 1, "label": "AQHI 1", "color": "#01cbff", "timestamp": "2026-09-30 07:00:00", "generated_at": "2026-09-30T13:31:09.486326", "nearest_km": 62.99691846444162, "n_points": 11, "weight_sum": 0.00097462513017477939, "confidence": "Medium", "flagged": false }, "geometry": { "type": "Polygon", "coordinates": [ [ [ -115.542199330721616, 53.10295113678 ], [ -115.492199330721618, 53.10295113678 ], [ -115.492199330721618, 53.152951136779997 ], [ -115.542199330721616, 53.152951136779997 ], [ -115.542199330721616, 53.10295113678 ] ] ] } },
{ "type": "Feature", "properties": { "value": 1, "label": "AQHI 1", "color": "#01cbff", "timestamp": "2026-09-30 07:00:00", "generated_at": "2026-09-30T13:31:09.486326", "nearest_km": 36.986612573108509, "n_points": 9, "weight_sum": 0.0029782097000296002, "confidence": "Medium", "flagged": false }, "geometry": { "type": "Polygon", "coordinates": [ [ [ -117.892199330721482, 53.152951136779997 ], [ -117.842199330721485, 53.152951136779997 ], [ -117.842199330721485, 53.202951136779994 ], [ -117.892199330721482, 53.202951136779994 ], [ -117.892199330721482, 53.152951136779997 ] ] ] } },
{ "type": "Feature", "properties": { "value": 1, "label": "AQHI 1", "color": "#01cbff", "timestamp": "2026-09-30 07:00:00", "generated_at": "2026-09-30T13:31:09.486326", "nearest_km": 39.063485651090176, "n_points": 9, "weight_sum": 0.0029621694065033125, "confidence": "Medium", "flagged": false }, "geometry": { "type": "Polygon", "coordinates": [ [ [ -117.842199330721485, 53.152951136779997 ], [ -117.792199330721488, 53.152951136779997 ], [ -117.792199330721488, 53.202951136779994 ], [ -117.842199330721485, 53.202951136779994 ], [ -117.842199330721485, 53.152951136779997 ] ] ] } },
{ "type": "Feature", "properties": { "value": 1, "label": "AQHI 1", "color": "#01cbff", "timestamp": "2026-09-30 07:00:00", "generated_at": "2026-09-30T13:31:09.486326", "nearest_km": 35.20484159730016, "n_points": 9, "weight_sum": 0.0030331581959442489, "confidence": "Medium", "flagged": false }, "geometry": { "type": "Polygon", "coordinates": [ [ [ -117.792199330721488, 53.152951136779997 ], [ -117.74219933072149, 53.152951136779997 ], [ -117.74219933072149, 53.202951136779994 ], [ -117.792199330721488, 53.202951136779994 ], [ -117.792199330721488, 53.152951136779997 ] ] ] } },
{ "type": "Feature", "properties": { "value": 1, "label": "AQHI 1", "color": "#01cbff", "timestamp": "2026-09-30 07:00:00", "generated_at": "2026-09-30T13:31:09.486326", "nearest_km": 31.849816837292117, "n_points": 9, "weight_sum": 0.0031910691041032, "confidence": "Medium", "flagged": false }, "geometry": { "type": "Polygon", "coordinates": [ [ [ -117.74219933072149, 53.152951136779997 ], [ -117.692199330721493, 53.152951136779997 ], [ -117.692199330721493, 53.202951136779994 ], [ -117.74219933072149, 53.202951136779994 ], [ -117.74219933072149, 53.152951136779997 ] ] ] } },
{ "type": "Feature", "properties": { "value": 2, "label": "AQHI 2", "color": "#0099cb", "timestamp": "2026-09-30 07:00:00", "generated_at": "2026-09-30T13:31:09.486326", "nearest_km": 29.172689167217865, "n_points": 11, "weight_sum": 0.0034559635465497398, "confidence": "Medium", "flagged": false }, "geometry": { "type": "Polygon", "coordinates": [ [ [ -117.692199330721493, 53.152951136779997 ], [ -117.642199330721496, 53.152951136779997 ], [ -117.642199330721496, 53.202951136779994 ], [ -117.692199330721493, 53.202951136779994 ], [ -117.692199330721493, 53.152951136779997 ] ] ] } },
{ "type": "Feature", "properties": { "value": 2, "label": "AQHI 2", "color": "#0099cb", "timestamp": "2026-09-30 07:00:00", "generated_at": "2026-09-30T13:31:09.486326", "nearest_km": 27.373084479560529, "n_points": 12, "weight_sum": 0.0037270279968276768, "confidence": "Medium", "flagged": false }, "geometry": { "type": "Polygon", "coordinates": [ [ [ -117.642199330721496, 53.152951136779997 ], [ -117.592199330721499, 53.152951136779997 ], [ -117.592199330721499, 53.202951136779994 ], [ -117.642199330721496, 53.202951136779994 ], [ -117.642199330721496, 53.152951136779997 ] ] ] } },
{ "type": "Feature", "properties": { "value": 2, "label": "AQHI 2", "color": "#0099cb", "timestamp": "2026-09-30 07:00:00", "generated_at": "2026-09-30T13:31:09.486326", "nearest_km": 26.629508343249547, "n_points": 12, "weight_sum": 0.003877896090629615, "confidence": "Medium", "flagged": false }, "geometry": { "type": "Polygon", "coordinates": [ [ [ -117.592199330721499, 53.152951136779997 ], [ -117.542199330721502, 53.152951136779997 ], [ -117.542199330721502, 53.202951136779994 ], [ -117.592199330721499, 53.202951136779994 ], [ -117.592199330721499, 53.152951136779997 ] ] ] } },
{ "type": "Feature", "properties": { "value": 2, "label": "AQHI 2", "color": "#0099cb", "timestamp": "2026-09-30 07:00:00", "generated_at": "2026-09-30T13:31:09.486326", "nearest_km": 27.029255914309406, "n_points": 12, "weight_sum": 0.0038969139750525037, "confidence": "Medium", "flagged": false }, "geometry": { "type": "Polygon", "coordinates": [ [ [ -117.542199330721502, 53.152951136779997 ], [ -117.492199330721505, 53.152951136779997 ], [ -117.492199330721505, 53.202951136779994 ], [ -117.542199330721502, 53.202951136779994 ], [ -117.542199330721502, 53.152951136779997 ] ] ] } },
{ "type": "Feature", "properties": { "value": 2, "label": "AQHI 2", "color": "#0099cb", "timestamp": "2026-09-30 07:00:00", "generated_at": "2026-09-30T13:31:09.486326", "nearest_km": 28.524299044135265, "n_points": 12, "weight_sum": 0.0038043743124014004, "confidence": "Medium", "flagged": false }, "geometry": { "type": "Polygon", "coordinates": [ [ [ -117.492199330721505, 53.152951136779997 ], [ -117.442199330721508, 53.152951136779997 ], [ -117.442199330721508, 53.202951136779994 ], [ -117.492199330721505, 53.202951136779994 ], [ -117.492199330721505, 53.152951136779997 ] ] ] } },
{ "type": "Feature", "properties": { "value": 2, "label": "AQHI 2", "color": "#0099cb", "timestamp": "2026-09-30 07:00:00", "generated_at": "2026-09-30T13:31:09.486326", "nearest_km": 30.956349859718195, "n_points": 12, "weight_sum": 0.0036916049272562195, "confidence": "Medium", "flagged": false }, "geometry": { "type": "Polygon", "coordinates": [ [ [ -117.442199330721508, 53.152951136779997 ], [ -117.39219933072151, 53.152951136779997 ], [ -117.39219933072151, 53.202951136779994 ], [ -117.442199330721508, 53.202951136779994 ], [ -117.442199330721508, 53.152951136779997 ] ] ] } },
{ "type": "Feature", "properties": { "value": 2, "label": "AQHI 2", "color": "#0099cb", "timestamp": "2026-09-30 07:00:00", "generated_at": "2026-09-30T13:31:09.486326", "nearest_km": 33.497812366549361, "n_points": 12, "weight_sum": 0.0036829468067534491, "confidence": "Medium", "flagged": false }, "geometry": { "type": "Polygon", "coordinates": [ [ [ -117.39219933072151, 53.152951136779997 ], [ -117.342199330721513, 53.152951136779997 ], [ -117.342199330721513, 53.202951136779994 ], [ -117.39219933072151, 53.202951136779994 ], [ -117.39219933072151, 53.152951136779997 ] ] ] } },
{ "type": "Feature", "properties": { "value": 2, "label": "AQHI 2", "color": "#0099cb", "timestamp": "2026-09-30 07:00:00", "generated_at": "2026-09-30T13:31:09.486326", "nearest_km": 27.963100705440187, "n_points": 12, "weight_sum": 0.003932636129011317, "confidence": "Medium", "flagged": false }, "geometry": { "type": "Polygon", "coordinates": [ [ [ -117.342199330721513, 53.152951136779997 ], [ -117.292199330721516, 53.152951136779997 ], [ -117.292199330721516, 53.202951136779994 ], [ -117.342199330721513, 53.202951136779994 ], [ -117.342199330721513, 53.152951136779997 ] ] ] } },
{ "type": "Feature", "properties": { "value": 2, "label": "AQHI 2", "color": "#0099cb", "timestamp": "2026-09-30 07:00:00", "generated_at": "2026-09-30T13:31:09.486326", "nearest_km": 22.435943679297839, "n_points": 13, "weight_sum": 0.0047567106916275182, "confidence": "High", "flagged": false }, "geometry": { "type": "Polygon", "coordinates": [ [ [ -117.292199330721516, 53.152951136779997 ], [ -117.242199330721519, 53.152951136779997 ], [ -117.242199330721519, 53.202951136779994 ], [ -117.292199330721516, 53.202951136779994 ], [ -117.292199330721516, 53.152951136779997 ] ] ] } },
{ "type": "Feature", "properties": { "value": 2, "label": "AQHI 2", "color": "#0099cb", "timestamp": "2026-09-30 07:00:00", "generated_at": "2026-09-30T13:31:09.486326", "nearest_km": 16.923744754003256, "n_points": 13, "weight_sum": 0.0067799075414435887, "confidence": "High", "flagged": false }, "geometry": { "type": "Polygon", "coordinates": [ [ [ -117.242199330721519, 53.152951136779997 ], [ -117.192199330721522, 53.152951136779997 ], [ -117.192199330721522, 53.202951136779994 ], [ -117.242199330721519, 53.202951136779994 ], [ -117.242199330721519, 53.152951136779997 ] ] ] } },
{ "type": "Feature", "properties": { "value": 2, "label": "AQHI 2", "color": "#0099cb", "timestamp": "2026-09-30 07:00:00", "generated_at": "2026-09-30T13:31:09.486326", "nearest_km": 11.448131035967135, "n_points": 13, "weight_sum": 0.012777882428305357, "confidence": "High", "flagged": false }, "geometry": { "type": "Polygon", "coordinates": [ [ [ -117.192199330721522, 53.152951136779997 ], [ -117.142199330721525, 53.152951136779997 ], [ -117.142199330721525, 53.202951136779994 ], [ -117.192199330721522, 53.202951136779994 ], [ -117.192199330721522, 53.152951136779997 ] ] ] } },
{ "type": "Feature", "properties": { "value": 2, "label": "AQHI 2", "color": "#0099cb", "timestamp": "2026-09-30 07:00:00", "generated_at": "2026-09-30T13:31:09.486326", "nearest_km": 6.1082953378735754, "n_points": 13, "weight_sum": 0.041125971069807504, "confidence": "High", "flagged": false }, "geometry": { "type": "Polygon", "coordinates": [ [ [ -117.142199330721525, 53.152951136779997 ], [ -117.092199330721527, 53.152951136779997 ], [ -117.092199330721527, 53.202951136779994 ], [ -117.142199330721525, 53.202951136779994 ], [ -117.142199330721525, 53.152951136779997 ] ] ] } },
{ "type": "Feature", "properties": { "value": 2, "label": "AQHI 2", "color": "#0099cb", "timestamp": "2026-09-30 07:00:00", "generated_at": "2026-09-30T13:31:09.486326", "nearest_km": 2.273288290713515, "n_points": 14, "weight_sum": 0.28686599934986279, "confidence": "High", "flagged": false }, "geometry": { "type": "Polygon", "coordinates": [ [ [ -117.092199330721527, 53.152951136779997 ], [ -117.04219933072153, 53.152951136779997 ], [ -117.04219933072153, 53.202951136779994 ], [ -117.092199330721527, 53.202951136779994 ], [ -117.092199330721527, 53.152951136779997 ] ] ] } },
{ "type": "Feature", "properties": { "value": 2, "label": "AQHI 2", "color": "#0099cb", "timestamp": "2026-09-30 07:00:00", "generated_at": "2026-09-30T13:31:09.486326", "nearest_km": 5.8516937471096364, "n_points": 14, "weight_sum": 0.044558415397113874, "confidence": "High", "flagged": false }, "geometry": { "type": "Polygon", "coordinates": [ [ [ -117.04219933072153, 53.152951136779997 ], [ -116.992199330721533, 53.152951136779997 ], [ -116.992199330721533, 53.202951136779994 ], [ -117.04219933072153, 53.202951136779994 ], [ -117.04219933072153, 53.152951136779997 ] ] ] } },
{ "type": "Feature", "properties": { "value": 2, "label": "AQHI 2", "color": "#0099cb", "timestamp": "2026-09-30 07:00:00", "generated_at": "2026-09-30T13:31:09.486326", "nearest_km": 11.165436101109757, "n_points": 14, "weight_sum": 0.012991980071967233, "confidence": "High", "flagged": false }, "geometry": { "type": "Polygon", "coordinates": [ [ [ -116.992199330721533, 53.152951136779997 ], [ -116.942199330721536, 53.152951136779997 ], [ -116.942199330721536, 53.202951136779994 ], [ -116.992199330721533, 53.202951136779994 ], [ -116.992199330721533, 53.152951136779997 ] ] ] } },
{ "type": "Feature", "properties": { "value": 2, "label": "AQHI 2", "color": "#0099cb", "timestamp": "2026-09-30 07:00:00", "generated_at": "2026-09-30T13:31:09.486326", "nearest_km": 16.634199919021082, "n_points": 14, "weight_sum": 0.0063907253333230062, "confidence": "High", "flagged": false }, "geometry": { "type": "Polygon", "coordinates": [ [ [ -116.942199330721536, 53.152951136779997 ], [ -116.892199330721539, 53.152951136779997 ], [ -116.892199330721539, 53.202951136779994 ], [ -116.942199330721536, 53.202951136779994 ], [ -116.942199330721536, 53.152951136779997 ] ] ] } },
{ "type": "Feature", "properties": { "value": 2, "label": "AQHI 2", "color": "#0099cb", "timestamp": "2026-09-30 07:00:00", "generated_at": "2026-09-30T13:31:09.486326", "nearest_km": 22.143424544635142, "n_points": 14, "weight_sum": 0.0040236704592484535, "confidence": "High", "flagged": false }, "geometry": { "type": "Polygon", "coordinates": [ [ [ -116.892199330721539, 53.152951136779997 ], [ -116.842199330721542, 53.152951136779997 ], [ -116.842199330721542, 53.202951136779994 ], [ -116.892199330721539, 53.202951136779994 ], [ -116.892199330721539, 53.152951136779997 ] ] ] } },
{ "type": "Feature", "properties": { "value": 2, "label": "AQHI 2", "color": "#0099cb", "timestamp": "2026-09-30 07:00:00", "generated_at": "2026-09-30T13:31:09.486326", "nearest_km": 27.668951808515118, "n_points": 14, "weight_sum": 0.0029262581884084136, "confidence": "Medium", "flagged": false }, "geometry": { "type": "Polygon", "coordinates": [ [ [ -116.842199330721542, 53.152951136779997 ], [ -116.792199330721544, 53.152951136779997 ], [ -116.792199330721544, 53.202951136779994 ], [ -116.842199330721542, 53.202951136779994 ], [ -116.842199330721542, 53.152951136779997 ] ] ] } },
{ "type": "Feature", "properties": { "value": 2, "label": "AQHI 2", "color": "#0099cb", "timestamp": "2026-09-30 07:00:00", "generated_at": "2026-09-30T13:31:09.486326", "nearest_km": 33.20264353631962, "n_points": 13, "weight_sum": 0.0023193582062149155, "confidence": "Medium", "flagged": false }, "geometry": { "type": "Polygon", "coordinates": [ [ [ -116.792199330721544, 53.152951136779997 ], [ -116.742199330721547, 53.152951136779997 ], [ -116.742199330721547, 53.202951136779994 ], [ -116.792199330721544, 53.202951136779994 ], [ -116.792199330721544, 53.152951136779997 ] ] ] } },
{ "type": "Feature", "properties": { "value": 2, "label": "AQHI 2", "color": "#0099cb", "timestamp": "2026-09-30 07:00:00", "generated_at": "2026-09-30T13:31:09.486326", "nearest_km": 38.741001296015504, "n_points": 10, "weight_sum": 0.0018973032762420361, "confidence": "Medium", "flagged": false }, "geometry": { "type": "Polygon", "coordinates": [ [ [ -116.742199330721547, 53.152951136779997 ], [ -116.69219933072155, 53.152951136779997 ], [ -116.69219933072155, 53.202951136779994 ], [ -116.742199330721547, 53.202951136779994 ], [ -116.742199330721547, 53.152951136779997 ] ] ] } },
{ "type": "Feature", "properties": { "value": 2, "label": "AQHI 2", "color": "#0099cb", "timestamp": "2026-09-30 07:00:00", "generated_at": "2026-09-30T13:31:09.486326", "nearest_km": 44.282274388696834, "n_points": 10, "weight_sum": 0.0017028246533724901, "confidence": "Medium", "flagged": false }, "geometry": { "type": "Polygon", "coordinates": [ [ [ -116.69219933072155, 53.152951136779997 ], [ -116.642199330721553, 53.152951136779997 ], [ -116.642199330721553, 53.202951136779994 ], [ -116.69219933072155, 53.202951136779994 ], [ -116.69219933072155, 53.152951136779997 ] ] ] } },
{ "type": "Feature", "properties": { "value": 2, "label": "AQHI 2", "color": "#0099cb", "timestamp": "2026-09-30 07:00:00", "generated_at": "2026-09-30T13:31:09.486326", "nearest_km": 49.825490149659238, "n_points": 10, "weight_sum": 0.0015872898323351879, "confidence": "Medium", "flagged": false }, "geometry": { "type": "Polygon", "coordinates": [ [ [ -116.642199330721553, 53.152951136779997 ], [ -116.592199330721556, 53.152951136779997 ], [ -116.592199330721556, 53.202951136779994 ], [ -116.642199330721553, 53.202951136779994 ], [ -116.642199330721553, 53.152951136779997 ] ] ] } },
{ "type": "Feature", "properties": { "value": 2, "label": "AQHI 2", "color": "#0099cb", "timestamp": "2026-09-30 07:00:00", "generated_at": "2026-09-30T13:31:09.486326", "nearest_km": 50.097013577807957, "n_points": 10, "weight_sum": 0.0015185570564148244, "confidence": "Medium", "flagged": false }, "geometry": { "type": "Polygon", "coordinates": [ [ [ -116.592199330721556, 53.152951136779997 ], [ -116.542199330721559, 53.152951136779997 ], [ -116.542199330721559, 53.202951136779994 ], [ -116.592199330721556, 53.202951136779994 ], [ -116.592199330721556, 53.152951136779997 ] ] ] } },
{ "type": "Feature", "properties": { "value": 2, "label": "AQHI 2", "color": "#0099cb", "timestamp": "2026-09-30 07:00:00", "generated_at": "2026-09-30T13:31:09.486326", "nearest_km": 48.555214437102897, "n_points": 10, "weight_sum": 0.001475360617841652, "confidence": "Medium", "flagged": false }, "geometry": { "type": "Polygon", "coordinates": [ [ [ -116.542199330721559, 53.152951136779997 ], [ -116.492199330721562, 53.152951136779997 ], [ -116.492199330721562, 53.202951136779994 ], [ -116.542199330721559, 53.202951136779994 ], [ -116.542199330721559, 53.152951136779997 ] ] ] } },
{ "type": "Feature", "properties": { "value": 2, "label": "AQHI 2", "color": "#0099cb", "timestamp": "2026-09-30 07:00:00", "generated_at": "2026-09-30T13:31:09.486326", "nearest_km": 47.614198813494802, "n_points": 10, "weight_sum": 0.001442169364012277, "confidence": "Medium", "flagged": false }, "geometry": { "type": "Polygon", "coordinates": [ [ [ -116.492199330721562, 53.152951136779997 ], [ -116.442199330721564, 53.152951136779997 ], [ -116.442199330721564, 53.202951136779994 ], [ -116.492199330721562, 53.202951136779994 ], [ -116.492199330721562, 53.152951136779997 ] ] ] } },
{ "type": "Feature", "properties": { "value": 2, "label": "AQHI 2", "color": "#0099cb", "timestamp": "2026-09-30 07:00:00", "generated_at": "2026-09-30T13:31:09.486326", "nearest_km": 47.309829932784226, "n_points": 10, "weight_sum": 0.0014075951241921702, "confidence": "Medium", "flagged": false }, "geometry": { "type": "Polygon", "coordinates": [ [ [ -116.442199330721564, 53.152951136779997 ], [ -116.392199330721567, 53.152951136779997 ], [ -116.392199330721567, 53.202951136779994 ], [ -116.442199330721564, 53.202951136779994 ], [ -116.442199330721564, 53.152951136779997 ] ] ] } },
{ "type": "Feature", "properties": { "value": 2, "label": "AQHI 2", "color": "#0099cb", "timestamp": "2026-09-30 07:00:00", "generated_at": "2026-09-30T13:31:09.486326", "nearest_km": 47.654308177613025, "n_points": 10, "weight_sum": 0.0013643854504422543, "confidence": "Medium", "flagged": false }, "geometry": { "type": "Polygon", "coordinates": [ [ [ -116.392199330721567, 53.152951136779997 ], [ -116.34219933072157, 53.152951136779997 ], [ -116.34219933072157, 53.202951136779994 ], [ -116.392199330721567, 53.202951136779994 ], [ -116.392199330721567, 53.152951136779997 ] ] ] } },
{ "type": "Feature", "properties": { "value": 2, "label": "AQHI 2", "color": "#0099cb", "timestamp": "2026-09-30 07:00:00", "generated_at": "2026-09-30T13:31:09.486326", "nearest_km": 48.633847961115094, "n_points": 9, "weight_sum": 0.0012879661939177375, "confidence": "Medium", "flagged": false }, "geometry": { "type": "Polygon", "coordinates": [ [ [ -116.34219933072157, 53.152951136779997 ], [ -116.292199330721573, 53.152951136779997 ], [ -116.292199330721573, 53.202951136779994 ], [ -116.34219933072157, 53.202951136779994 ], [ -116.34219933072157, 53.152951136779997 ] ] ] } },
{ "type": "Feature", "properties": { "value": 2, "label": "AQHI 2", "color": "#0099cb", "timestamp": "2026-09-30 07:00:00", "generated_at": "2026-09-30T13:31:09.486326", "nearest_km": 50.171163044042657, "n_points": 11, "weight_sum": 0.0012949628989609057, "confidence": "Medium", "flagged": false }, "geometry": { "type": "Polygon", "coordinates": [ [ [ -116.292199330721573, 53.152951136779997 ], [ -116.242199330721576, 53.152951136779997 ], [ -116.242199330721576, 53.202951136779994 ], [ -116.292199330721573, 53.202951136779994 ], [ -116.292199330721573, 53.152951136779997 ] ] ] } },
{ "type": "Feature", "properties": { "value": 2, "label": "AQHI 2", "color": "#0099cb", "timestamp": "2026-09-30 07:00:00", "generated_at": "2026-09-30T13:31:09.486326", "nearest_km": 51.690144898325251, "n_points": 13, "weight_sum": 0.0012345312526610452, "confidence": "Medium", "flagged": false }, "geometry": { "type": "Polygon", "coordinates": [ [ [ -116.242199330721576, 53.152951136779997 ], [ -116.192199330721579, 53.152951136779997 ], [ -116.192199330721579, 53.202951136779994 ], [ -116.242199330721576, 53.202951136779994 ], [ -116.242199330721576, 53.152951136779997 ] ] ] } },
{ "type": "Feature", "properties": { "value": 2, "label": "AQHI 2", "color": "#0099cb", "timestamp": "2026-09-30 07:00:00", "generated_at": "2026-09-30T13:31:09.486326", "nearest_km": 53.741990640725255, "n_points": 12, "weight_sum": 0.0011357939615780251, "confidence": "Medium", "flagged": false }, "geometry": { "type": "Polygon", "coordinates": [ [ [ -116.192199330721579, 53.152951136779997 ], [ -116.142199330721581, 53.152951136779997 ], [ -116.142199330721581, 53.202951136779994 ], [ -116.192199330721579, 53.202951136779994 ], [ -116.192199330721579, 53.152951136779997 ] ] ] } },
{ "type": "Feature", "properties": { "value": 2, "label": "AQHI 2", "color": "#0099cb", "timestamp": "2026-09-30 07:00:00", "generated_at": "2026-09-30T13:31:09.486326", "nearest_km": 56.268437302325488, "n_points": 12, "weight_sum": 0.00108519828297855, "confidence": "Medium", "flagged": false }, "geometry": { "type": "Polygon", "coordinates": [ [ [ -116.142199330721581, 53.152951136779997 ], [ -116.092199330721584, 53.152951136779997 ], [ -116.092199330721584, 53.202951136779994 ], [ -116.142199330721581, 53.202951136779994 ], [ -116.142199330721581, 53.152951136779997 ] ] ] } },
{ "type": "Feature", "properties": { "value": 2, "label": "AQHI 2", "color": "#0099cb", "timestamp": "2026-09-30 07:00:00", "generated_at": "2026-09-30T13:31:09.486326", "nearest_km": 57.345315640476301, "n_points": 12, "weight_sum": 0.0010399161815714307, "confidence": "Medium", "flagged": false }, "geometry": { "type": "Polygon", "coordinates": [ [ [ -116.092199330721584, 53.152951136779997 ], [ -116.042199330721587, 53.152951136779997 ], [ -116.042199330721587, 53.202951136779994 ], [ -116.092199330721584, 53.202951136779994 ], [ -116.092199330721584, 53.152951136779997 ] ] ] } },
{ "type": "Feature", "properties": { "value": 2, "label": "AQHI 2", "color": "#0099cb", "timestamp": "2026-09-30 07:00:00", "generated_at": "2026-09-30T13:31:09.486326", "nearest_km": 55.197578502356471, "n_points": 12, "weight_sum": 0.0010015526998279609, "confidence": "Medium", "flagged": false }, "geometry": { "type": "Polygon", "coordinates": [ [ [ -116.042199330721587, 53.152951136779997 ], [ -115.99219933072159, 53.152951136779997 ], [ -115.99219933072159, 53.202951136779994 ], [ -116.042199330721587, 53.202951136779994 ], [ -116.042199330721587, 53.152951136779997 ] ] ] } },
{ "type": "Feature", "properties": { "value": 1, "label": "AQHI 1", "color": "#01cbff", "timestamp": "2026-09-30 07:00:00", "generated_at": "2026-09-30T13:31:09.486326", "nearest_km": 53.541246895657451, "n_points": 12, "weight_sum": 0.00097052616321713294, "confidence": "Medium", "flagged": false }, "geometry": { "type": "Polygon", "coordinates": [ [ [ -115.99219933072159, 53.152951136779997 ], [ -115.942199330721593, 53.152951136779997 ], [ -115.942199330721593, 53.202951136779994 ], [ -115.99219933072159, 53.202951136779994 ], [ -115.99219933072159, 53.152951136779997 ] ] ] } },
{ "type": "Feature", "properties": { "value": 1, "label": "AQHI 1", "color": "#01cbff", "timestamp": "2026-09-30 07:00:00", "generated_at": "2026-09-30T13:31:09.486326", "nearest_km": 52.422920233040095, "n_points": 12, "weight_sum": 0.00094651630274972492, "confidence": "Medium", "flagged": false }, "geometry": { "type": "Polygon", "coordinates": [ [ [ -115.942199330721593, 53.152951136779997 ], [ -115.892199330721596, 53.152951136779997 ], [ -115.892199330721596, 53.202951136779994 ], [ -115.942199330721593, 53.202951136779994 ], [ -115.942199330721593, 53.152951136779997 ] ] ] } },
{ "type": "Feature", "properties": { "value": 1, "label": "AQHI 1", "color": "#01cbff", "timestamp": "2026-09-30 07:00:00", "generated_at": "2026-09-30T13:31:09.486326", "nearest_km": 51.877403678071758, "n_points": 12, "weight_sum": 0.00092899145729972456, "confidence": "Medium", "flagged": false }, "geometry": { "type": "Polygon", "coordinates": [ [ [ -115.892199330721596, 53.152951136779997 ], [ -115.842199330721598, 53.152951136779997 ], [ -115.842199330721598, 53.202951136779994 ], [ -115.892199330721596, 53.202951136779994 ], [ -115.892199330721596, 53.152951136779997 ] ] ] } },
{ "type": "Feature", "properties": { "value": 1, "label": "AQHI 1", "color": "#01cbff", "timestamp": "2026-09-30 07:00:00", "generated_at": "2026-09-30T13:31:09.486326", "nearest_km": 51.922754732347698, "n_points": 13, "weight_sum": 0.00094035360278901055, "confidence": "Medium", "flagged": false }, "geometry": { "type": "Polygon", "coordinates": [ [ [ -115.842199330721598, 53.152951136779997 ], [ -115.792199330721601, 53.152951136779997 ], [ -115.792199330721601, 53.202951136779994 ], [ -115.842199330721598, 53.202951136779994 ], [ -115.842199330721598, 53.152951136779997 ] ] ] } },
{ "type": "Feature", "properties": { "value": 1, "label": "AQHI 1", "color": "#01cbff", "timestamp": "2026-09-30 07:00:00", "generated_at": "2026-09-30T13:31:09.486326", "nearest_km": 52.557443864912699, "n_points": 13, "weight_sum": 0.00093720456625195599, "confidence": "Medium", "flagged": false }, "geometry": { "type": "Polygon", "coordinates": [ [ [ -115.792199330721601, 53.152951136779997 ], [ -115.742199330721604, 53.152951136779997 ], [ -115.742199330721604, 53.202951136779994 ], [ -115.792199330721601, 53.202951136779994 ], [ -115.792199330721601, 53.152951136779997 ] ] ] } },
{ "type": "Feature", "properties": { "value": 1, "label": "AQHI 1", "color": "#01cbff", "timestamp": "2026-09-30 07:00:00", "generated_at": "2026-09-30T13:31:09.486326", "nearest_km": 53.760602230921464, "n_points": 13, "weight_sum": 0.00094195710529222469, "confidence": "Medium", "flagged": false }, "geometry": { "type": "Polygon", "coordinates": [ [ [ -115.742199330721604, 53.152951136779997 ], [ -115.692199330721607, 53.152951136779997 ], [ -115.692199330721607, 53.202951136779994 ], [ -115.742199330721604, 53.202951136779994 ], [ -115.742199330721604, 53.152951136779997 ] ] ] } },
{ "type": "Feature", "properties": { "value": 1, "label": "AQHI 1", "color": "#01cbff", "timestamp": "2026-09-30 07:00:00", "generated_at": "2026-09-30T13:31:09.486326", "nearest_km": 55.495268256395136, "n_points": 11, "weight_sum": 0.00089431984751522746, "confidence": "Medium", "flagged": false }, "geometry": { "type": "Polygon", "coordinates": [ [ [ -115.692199330721607, 53.152951136779997 ], [ -115.64219933072161, 53.152951136779997 ], [ -115.64219933072161, 53.202951136779994 ], [ -115.692199330721607, 53.202951136779994 ], [ -115.692199330721607, 53.152951136779997 ] ] ] } },
{ "type": "Feature", "properties": { "value": 1, "label": "AQHI 1", "color": "#01cbff", "timestamp": "2026-09-30 07:00:00", "generated_at": "2026-09-30T13:31:09.486326", "nearest_km": 57.713536067955083, "n_points": 11, "weight_sum": 0.00092554890810433435, "confidence": "Medium", "flagged": false }, "geometry": { "type": "Polygon", "coordinates": [ [ [ -115.64219933072161, 53.152951136779997 ], [ -115.592199330721613, 53.152951136779997 ], [ -115.592199330721613, 53.202951136779994 ], [ -115.64219933072161, 53.202951136779994 ], [ -115.64219933072161, 53.152951136779997 ] ] ] } },
{ "type": "Feature", "properties": { "value": 1, "label": "AQHI 1", "color": "#01cbff", "timestamp": "2026-09-30 07:00:00", "generated_at": "2026-09-30T13:31:09.486326", "nearest_km": 60.36211305185595, "n_points": 11, "weight_sum": 0.00097213106282457973, "confidence": "Medium", "flagged": false }, "geometry": { "type": "Polygon", "coordinates": [ [ [ -115.592199330721613, 53.152951136779997 ], [ -115.542199330721616, 53.152951136779997 ], [ -115.542199330721616, 53.202951136779994 ], [ -115.592199330721613, 53.202951136779994 ], [ -115.592199330721613, 53.152951136779997 ] ] ] } },
{ "type": "Feature", "properties": { "value": 1, "label": "AQHI 1", "color": "#01cbff", "timestamp": "2026-09-30 07:00:00", "generated_at": "2026-09-30T13:31:09.486326", "nearest_km": 62.329652503781418, "n_points": 12, "weight_sum": 0.0010829179183159945, "confidence": "Medium", "flagged": false }, "geometry": { "type": "Polygon", "coordinates": [ [ [ -115.542199330721616, 53.152951136779997 ], [ -115.492199330721618, 53.152951136779997 ], [ -115.492199330721618, 53.202951136779994 ], [ -115.542199330721616, 53.202951136779994 ], [ -115.542199330721616, 53.152951136779997 ] ] ] } },
{ "type": "Feature", "properties": { "value": 1, "label": "AQHI 1", "color": "#01cbff", "timestamp": "2026-09-30 07:00:00", "generated_at": "2026-09-30T13:31:09.486326", "nearest_km": 39.358722947293231, "n_points": 9, "weight_sum": 0.0026840980861688236, "confidence": "Medium", "flagged": false }, "geometry": { "type": "Polygon", "coordinates": [ [ [ -117.942199330721479, 53.202951136779994 ], [ -117.892199330721482, 53.202951136779994 ], [ -117.892199330721482, 53.252951136779991 ], [ -117.942199330721479, 53.252951136779991 ], [ -117.942199330721479, 53.202951136779994 ] ] ] } },
{ "type": "Feature", "properties": { "value": 1, "label": "AQHI 1", "color": "#01cbff", "timestamp": "2026-09-30 07:00:00", "generated_at": "2026-09-30T13:31:09.486326", "nearest_km": 40.11856059869924, "n_points": 9, "weight_sum": 0.0027558992280499166, "confidence": "Medium", "flagged": false }, "geometry": { "type": "Polygon", "coordinates": [ [ [ -117.892199330721482, 53.202951136779994 ], [ -117.842199330721485, 53.202951136779994 ], [ -117.842199330721485, 53.252951136779991 ], [ -117.892199330721482, 53.252951136779991 ], [ -117.892199330721482, 53.202951136779994 ] ] ] } },
{ "type": "Feature", "properties": { "value": 1, "label": "AQHI 1", "color": "#01cbff", "timestamp": "2026-09-30 07:00:00", "generated_at": "2026-09-30T13:31:09.486326", "nearest_km": 35.51505124858442, "n_points": 9, "weight_sum": 0.0029035332588646461, "confidence": "Medium", "flagged": false }, "geometry": { "type": "Polygon", "coordinates": [ [ [ -117.842199330721485, 53.202951136779994 ], [ -117.792199330721488, 53.202951136779994 ], [ -117.792199330721488, 53.252951136779991 ], [ -117.842199330721485, 53.252951136779991 ], [ -117.842199330721485, 53.202951136779994 ] ] ] } },
{ "type": "Feature", "properties": { "value": 2, "label": "AQHI 2", "color": "#0099cb", "timestamp": "2026-09-30 07:00:00", "generated_at": "2026-09-30T13:31:09.486326", "nearest_km": 31.220887653422757, "n_points": 9, "weight_sum": 0.0031632353400775277, "confidence": "Medium", "flagged": false }, "geometry": { "type": "Polygon", "coordinates": [ [ [ -117.792199330721488, 53.202951136779994 ], [ -117.74219933072149, 53.202951136779994 ], [ -117.74219933072149, 53.252951136779991 ], [ -117.792199330721488, 53.252951136779991 ], [ -117.792199330721488, 53.202951136779994 ] ] ] } },
{ "type": "Feature", "properties": { "value": 2, "label": "AQHI 2", "color": "#0099cb", "timestamp": "2026-09-30 07:00:00", "generated_at": "2026-09-30T13:31:09.486326", "nearest_km": 27.381997490060996, "n_points": 9, "weight_sum": 0.0035602092139060196, "confidence": "Medium", "flagged": false }, "geometry": { "type": "Polygon", "coordinates": [ [ [ -117.74219933072149, 53.202951136779994 ], [ -117.692199330721493, 53.202951136779994 ], [ -117.692199330721493, 53.252951136779991 ], [ -117.74219933072149, 53.252951136779991 ], [ -117.74219933072149, 53.202951136779994 ] ] ] } },
{ "type": "Feature", "properties": { "value": 2, "label": "AQHI 2", "color": "#0099cb", "timestamp": "2026-09-30 07:00:00", "generated_at": "2026-09-30T13:31:09.486326", "nearest_km": 24.215877998201105, "n_points": 11, "weight_sum": 0.0041309619027602267, "confidence": "High", "flagged": false }, "geometry": { "type": "Polygon", "coordinates": [ [ [ -117.692199330721493, 53.202951136779994 ], [ -117.642199330721496, 53.202951136779994 ], [ -117.642199330721496, 53.252951136779991 ], [ -117.692199330721493, 53.252951136779991 ], [ -117.692199330721493, 53.202951136779994 ] ] ] } },
{ "type": "Feature", "properties": { "value": 2, "label": "AQHI 2", "color": "#0099cb", "timestamp": "2026-09-30 07:00:00", "generated_at": "2026-09-30T13:31:09.486326", "nearest_km": 22.0147384245602, "n_points": 12, "weight_sum": 0.0047339114757310946, "confidence": "High", "flagged": false }, "geometry": { "type": "Polygon", "coordinates": [ [ [ -117.642199330721496, 53.202951136779994 ], [ -117.592199330721499, 53.202951136779994 ], [ -117.592199330721499, 53.252951136779991 ], [ -117.642199330721496, 53.252951136779991 ], [ -117.642199330721496, 53.202951136779994 ] ] ] } },
{ "type": "Feature", "properties": { "value": 2, "label": "AQHI 2", "color": "#0099cb", "timestamp": "2026-09-30 07:00:00", "generated_at": "2026-09-30T13:31:09.486326", "nearest_km": 21.083018488343818, "n_points": 12, "weight_sum": 0.005110403562743419, "confidence": "High", "flagged": false }, "geometry": { "type": "Polygon", "coordinates": [ [ [ -117.592199330721499, 53.202951136779994 ], [ -117.542199330721502, 53.202951136779994 ], [ -117.542199330721502, 53.252951136779991 ], [ -117.592199330721499, 53.252951136779991 ], [ -117.592199330721499, 53.202951136779994 ] ] ] } },
{ "type": "Feature", "properties": { "value": 2, "label": "AQHI 2", "color": "#0099cb", "timestamp": "2026-09-30 07:00:00", "generated_at": "2026-09-30T13:31:09.486326", "nearest_km": 21.585727443333475, "n_points": 12, "weight_sum": 0.0051180610509998668, "confidence": "High", "flagged": false }, "geometry": { "type": "Polygon", "coordinates": [ [ [ -117.542199330721502, 53.202951136779994 ], [ -117.492199330721505, 53.202951136779994 ], [ -117.492199330721505, 53.252951136779991 ], [ -117.542199330721502, 53.252951136779991 ], [ -117.542199330721502, 53.202951136779994 ] ] ] } },
{ "type": "Feature", "properties": { "value": 2, "label": "AQHI 2", "color": "#0099cb", "timestamp": "2026-09-30 07:00:00", "generated_at": "2026-09-30T13:31:09.486326", "nearest_km": 23.430718937666118, "n_points": 12, "weight_sum": 0.0048027858346281361, "confidence": "High", "flagged": false }, "geometry": { "type": "Polygon", "coordinates": [ [ [ -117.492199330721505, 53.202951136779994 ], [ -117.442199330721508, 53.202951136779994 ], [ -117.442199330721508, 53.252951136779991 ], [ -117.492199330721505, 53.252951136779991 ], [ -117.492199330721505, 53.202951136779994 ] ] ] } },
{ "type": "Feature", "properties": { "value": 2, "label": "AQHI 2", "color": "#0099cb", "timestamp": "2026-09-30 07:00:00", "generated_at": "2026-09-30T13:31:09.486326", "nearest_km": 26.337398326598709, "n_points": 13, "weight_sum": 0.0044383270788891415, "confidence": "Medium", "flagged": false }, "geometry": { "type": "Polygon", "coordinates": [ [ [ -117.442199330721508, 53.202951136779994 ], [ -117.39219933072151, 53.202951136779994 ], [ -117.39219933072151, 53.252951136779991 ], [ -117.442199330721508, 53.252951136779991 ], [ -117.442199330721508, 53.202951136779994 ] ] ] } },
{ "type": "Feature", "properties": { "value": 2, "label": "AQHI 2", "color": "#0099cb", "timestamp": "2026-09-30 07:00:00", "generated_at": "2026-09-30T13:31:09.486326", "nearest_km": 29.998725161112041, "n_points": 13, "weight_sum": 0.0041591975463818372, "confidence": "Medium", "flagged": false }, "geometry": { "type": "Polygon", "coordinates": [ [ [ -117.39219933072151, 53.202951136779994 ], [ -117.342199330721513, 53.202951136779994 ], [ -117.342199330721513, 53.252951136779991 ], [ -117.39219933072151, 53.252951136779991 ], [ -117.39219933072151, 53.202951136779994 ] ] ] } },
{ "type": "Feature", "properties": { "value": 2, "label": "AQHI 2", "color": "#0099cb", "timestamp": "2026-09-30 07:00:00", "generated_at": "2026-09-30T13:31:09.486326", "nearest_km": 28.94711292493983, "n_points": 13, "weight_sum": 0.0041721075670919996, "confidence": "Medium", "flagged": false }, "geometry": { "type": "Polygon", "coordinates": [ [ [ -117.342199330721513, 53.202951136779994 ], [ -117.292199330721516, 53.202951136779994 ], [ -117.292199330721516, 53.252951136779991 ], [ -117.342199330721513, 53.252951136779991 ], [ -117.342199330721513, 53.202951136779994 ] ] ] } },
{ "type": "Feature", "properties": { "value": 2, "label": "AQHI 2", "color": "#0099cb", "timestamp": "2026-09-30 07:00:00", "generated_at": "2026-09-30T13:31:09.486326", "nearest_km": 23.651044678983073, "n_points": 13, "weight_sum": 0.0046691407626156776, "confidence": "High", "flagged": false }, "geometry": { "type": "Polygon", "coordinates": [ [ [ -117.292199330721516, 53.202951136779994 ], [ -117.242199330721519, 53.202951136779994 ], [ -117.242199330721519, 53.252951136779991 ], [ -117.292199330721516, 53.252951136779991 ], [ -117.292199330721516, 53.202951136779994 ] ] ] } },
{ "type": "Feature", "properties": { "value": 2, "label": "AQHI 2", "color": "#0099cb", "timestamp": "2026-09-30 07:00:00", "generated_at": "2026-09-30T13:31:09.486326", "nearest_km": 18.504417908307243, "n_points": 13, "weight_sum": 0.0060654642704961268, "confidence": "High", "flagged": false }, "geometry": { "type": "Polygon", "coordinates": [ [ [ -117.242199330721519, 53.202951136779994 ], [ -117.192199330721522, 53.202951136779994 ], [ -117.192199330721522, 53.252951136779991 ], [ -117.242199330721519, 53.252951136779991 ], [ -117.242199330721519, 53.202951136779994 ] ] ] } },
{ "type": "Feature", "properties": { "value": 2, "label": "AQHI 2", "color": "#0099cb", "timestamp": "2026-09-30 07:00:00", "generated_at": "2026-09-30T13:31:09.486326", "nearest_km": 13.676989794662527, "n_points": 13, "weight_sum": 0.00946385700534212, "confidence": "High", "flagged": false }, "geometry": { "type": "Polygon", "coordinates": [ [ [ -117.192199330721522, 53.202951136779994 ], [ -117.142199330721525, 53.202951136779994 ], [ -117.142199330721525, 53.252951136779991 ], [ -117.192199330721522, 53.252951136779991 ], [ -117.192199330721522, 53.202951136779994 ] ] ] } },
{ "type": "Feature", "properties": { "value": 2, "label": "AQHI 2", "color": "#0099cb", "timestamp": "2026-09-30 07:00:00", "generated_at": "2026-09-30T13:31:09.486326", "nearest_km": 9.6597938674340789, "n_points": 14, "weight_sum": 0.017325339361794648, "confidence": "High", "flagged": false }, "geometry": { "type": "Polygon", "coordinates": [ [ [ -117.142199330721525, 53.202951136779994 ], [ -117.092199330721527, 53.202951136779994 ], [ -117.092199330721527, 53.252951136779991 ], [ -117.142199330721525, 53.252951136779991 ], [ -117.142199330721525, 53.202951136779994 ] ] ] } },
{ "type": "Feature", "properties": { "value": 2, "label": "AQHI 2", "color": "#0099cb", "timestamp": "2026-09-30 07:00:00", "generated_at": "2026-09-30T13:31:09.486326", "nearest_km": 7.8210092238357651, "n_points": 14, "weight_sum": 0.025628005998953922, "confidence": "High", "flagged": false }, "geometry": { "type": "Polygon", "coordinates": [ [ [ -117.092199330721527, 53.202951136779994 ], [ -117.04219933072153, 53.202951136779994 ], [ -117.04219933072153, 53.252951136779991 ], [ -117.092199330721527, 53.252951136779991 ], [ -117.092199330721527, 53.202951136779994 ] ] ] } },
{ "type": "Feature", "properties": { "value": 2, "label": "AQHI 2", "color": "#0099cb", "timestamp": "2026-09-30 07:00:00", "generated_at": "2026-09-30T13:31:09.486326", "nearest_km": 9.5199660187063806, "n_points": 14, "weight_sum": 0.017670315596766486, "confidence": "High", "flagged": false }, "geometry": { "type": "Polygon", "coordinates": [ [ [ -117.04219933072153, 53.202951136779994 ], [ -116.992199330721533, 53.202951136779994 ], [ -116.992199330721533, 53.252951136779991 ], [ -117.04219933072153, 53.252951136779991 ], [ -117.04219933072153, 53.202951136779994 ] ] ] } },
{ "type": "Feature", "properties": { "value": 2, "label": "AQHI 2", "color": "#0099cb", "timestamp": "2026-09-30 07:00:00", "generated_at": "2026-09-30T13:31:09.486326", "nearest_km": 13.462595127039869, "n_points": 14, "weight_sum": 0.0093374055613945003, "confidence": "High", "flagged": false }, "geometry": { "type": "Polygon", "coordinates": [ [ [ -116.992199330721533, 53.202951136779994 ], [ -116.942199330721536, 53.202951136779994 ], [ -116.942199330721536, 53.252951136779991 ], [ -116.992199330721533, 53.252951136779991 ], [ -116.992199330721533, 53.202951136779994 ] ] ] } },
{ "type": "Feature", "properties": { "value": 2, "label": "AQHI 2", "color": "#0099cb", "timestamp": "2026-09-30 07:00:00", "generated_at": "2026-09-30T13:31:09.486326", "nearest_km": 18.255714479926379, "n_points": 14, "weight_sum": 0.0055337551248738261, "confidence": "High", "flagged": false }, "geometry": { "type": "Polygon", "coordinates": [ [ [ -116.942199330721536, 53.202951136779994 ], [ -116.892199330721539, 53.202951136779994 ], [ -116.892199330721539, 53.252951136779991 ], [ -116.942199330721536, 53.252951136779991 ], [ -116.942199330721536, 53.202951136779994 ] ] ] } },
{ "type": "Feature", "properties": { "value": 2, "label": "AQHI 2", "color": "#0099cb", "timestamp": "2026-09-30 07:00:00", "generated_at": "2026-09-30T13:31:09.486326", "nearest_km": 23.386016223174536, "n_points": 14, "weight_sum": 0.0037681918101407415, "confidence": "High", "flagged": false }, "geometry": { "type": "Polygon", "coordinates": [ [ [ -116.892199330721539, 53.202951136779994 ], [ -116.842199330721542, 53.202951136779994 ], [ -116.842199330721542, 53.252951136779991 ], [ -116.892199330721539, 53.252951136779991 ], [ -116.892199330721539, 53.202951136779994 ] ] ] } },
{ "type": "Feature", "properties": { "value": 2, "label": "AQHI 2", "color": "#0099cb", "timestamp": "2026-09-30 07:00:00", "generated_at": "2026-09-30T13:31:09.486326", "nearest_km": 28.673077937475853, "n_points": 14, "weight_sum": 0.0028596133272545811, "confidence": "Medium", "flagged": false }, "geometry": { "type": "Polygon", "coordinates": [ [ [ -116.842199330721542, 53.202951136779994 ], [ -116.792199330721544, 53.202951136779994 ], [ -116.792199330721544, 53.252951136779991 ], [ -116.842199330721542, 53.252951136779991 ], [ -116.842199330721542, 53.202951136779994 ] ] ] } },
{ "type": "Feature", "properties": { "value": 2, "label": "AQHI 2", "color": "#0099cb", "timestamp": "2026-09-30 07:00:00", "generated_at": "2026-09-30T13:31:09.486326", "nearest_km": 34.043942809647348, "n_points": 13, "weight_sum": 0.0023341948258667066, "confidence": "Medium", "flagged": false }, "geometry": { "type": "Polygon", "coordinates": [ [ [ -116.792199330721544, 53.202951136779994 ], [ -116.742199330721547, 53.202951136779994 ], [ -116.742199330721547, 53.252951136779991 ], [ -116.792199330721544, 53.252951136779991 ], [ -116.792199330721544, 53.202951136779994 ] ] ] } },
{ "type": "Feature", "properties": { "value": 2, "label": "AQHI 2", "color": "#0099cb", "timestamp": "2026-09-30 07:00:00", "generated_at": "2026-09-30T13:31:09.486326", "nearest_km": 39.464410367374143, "n_points": 10, "weight_sum": 0.0019611151939726004, "confidence": "Medium", "flagged": false }, "geometry": { "type": "Polygon", "coordinates": [ [ [ -116.742199330721547, 53.202951136779994 ], [ -116.69219933072155, 53.202951136779994 ], [ -116.69219933072155, 53.252951136779991 ], [ -116.742199330721547, 53.252951136779991 ], [ -116.742199330721547, 53.202951136779994 ] ] ] } },
{ "type": "Feature", "properties": { "value": 2, "label": "AQHI 2", "color": "#0099cb", "timestamp": "2026-09-30 07:00:00", "generated_at": "2026-09-30T13:31:09.486326", "nearest_km": 44.916526237705298, "n_points": 10, "weight_sum": 0.0018035595084394474, "confidence": "Medium", "flagged": false }, "geometry": { "type": "Polygon", "coordinates": [ [ [ -116.69219933072155, 53.202951136779994 ], [ -116.642199330721553, 53.202951136779994 ], [ -116.642199330721553, 53.252951136779991 ], [ -116.69219933072155, 53.252951136779991 ], [ -116.69219933072155, 53.202951136779994 ] ] ] } },
{ "type": "Feature", "properties": { "value": 2, "label": "AQHI 2", "color": "#0099cb", "timestamp": "2026-09-30 07:00:00", "generated_at": "2026-09-30T13:31:09.486326", "nearest_km": 47.213181984735527, "n_points": 10, "weight_sum": 0.0017223405097189133, "confidence": "Medium", "flagged": false }, "geometry": { "type": "Polygon", "coordinates": [ [ [ -116.642199330721553, 53.202951136779994 ], [ -116.592199330721556, 53.202951136779994 ], [ -116.592199330721556, 53.252951136779991 ], [ -116.642199330721553, 53.252951136779991 ], [ -116.642199330721553, 53.202951136779994 ] ] ] } },
{ "type": "Feature", "properties": { "value": 2, "label": "AQHI 2", "color": "#0099cb", "timestamp": "2026-09-30 07:00:00", "generated_at": "2026-09-30T13:31:09.486326", "nearest_km": 44.892957496045341, "n_points": 10, "weight_sum": 0.0016872020659037966, "confidence": "Medium", "flagged": false }, "geometry": { "type": "Polygon", "coordinates": [ [ [ -116.592199330721556, 53.202951136779994 ], [ -116.542199330721559, 53.202951136779994 ], [ -116.542199330721559, 53.252951136779991 ], [ -116.592199330721556, 53.252951136779991 ], [ -116.592199330721556, 53.202951136779994 ] ] ] } },
{ "type": "Feature", "properties": { "value": 2, "label": "AQHI 2", "color": "#0099cb", "timestamp": "2026-09-30 07:00:00", "generated_at": "2026-09-30T13:31:09.486326", "nearest_km": 43.165677480606099, "n_points": 10, "weight_sum": 0.0016753842034068103, "confidence": "Medium", "flagged": false }, "geometry": { "type": "Polygon", "coordinates": [ [ [ -116.542199330721559, 53.202951136779994 ], [ -116.492199330721562, 53.202951136779994 ], [ -116.492199330721562, 53.252951136779991 ], [ -116.542199330721559, 53.252951136779991 ], [ -116.542199330721559, 53.202951136779994 ] ] ] } },
{ "type": "Feature", "properties": { "value": 2, "label": "AQHI 2", "color": "#0099cb", "timestamp": "2026-09-30 07:00:00", "generated_at": "2026-09-30T13:31:09.486326", "nearest_km": 42.104379724414279, "n_points": 10, "weight_sum": 0.0016677160389361729, "confidence": "Medium", "flagged": false }, "geometry": { "type": "Polygon", "coordinates": [ [ [ -116.492199330721562, 53.202951136779994 ], [ -116.442199330721564, 53.202951136779994 ], [ -116.442199330721564, 53.252951136779991 ], [ -116.492199330721562, 53.252951136779991 ], [ -116.492199330721562, 53.202951136779994 ] ] ] } },
{ "type": "Feature", "properties": { "value": 2, "label": "AQHI 2", "color": "#0099cb", "timestamp": "2026-09-30 07:00:00", "generated_at": "2026-09-30T13:31:09.486326", "nearest_km": 41.75987154668492, "n_points": 10, "weight_sum": 0.0016485617020755513, "confidence": "Medium", "flagged": false }, "geometry": { "type": "Polygon", "coordinates": [ [ [ -116.442199330721564, 53.202951136779994 ], [ -116.392199330721567, 53.202951136779994 ], [ -116.392199330721567, 53.252951136779991 ], [ -116.442199330721564, 53.252951136779991 ], [ -116.442199330721564, 53.202951136779994 ] ] ] } },
{ "type": "Feature", "properties": { "value": 2, "label": "AQHI 2", "color": "#0099cb", "timestamp": "2026-09-30 07:00:00", "generated_at": "2026-09-30T13:31:09.486326", "nearest_km": 42.149732516512778, "n_points": 10, "weight_sum": 0.0016078287281037387, "confidence": "Medium", "flagged": false }, "geometry": { "type": "Polygon", "coordinates": [ [ [ -116.392199330721567, 53.202951136779994 ], [ -116.34219933072157, 53.202951136779994 ], [ -116.34219933072157, 53.252951136779991 ], [ -116.392199330721567, 53.252951136779991 ], [ -116.392199330721567, 53.202951136779994 ] ] ] } },
{ "type": "Feature", "properties": { "value": 2, "label": "AQHI 2", "color": "#0099cb", "timestamp": "2026-09-30 07:00:00", "generated_at": "2026-09-30T13:31:09.486326", "nearest_km": 43.254109987740101, "n_points": 9, "weight_sum": 0.0015215821791116008, "confidence": "Medium", "flagged": false }, "geometry": { "type": "Polygon", "coordinates": [ [ [ -116.34219933072157, 53.202951136779994 ], [ -116.292199330721573, 53.202951136779994 ], [ -116.292199330721573, 53.252951136779991 ], [ -116.34219933072157, 53.252951136779991 ], [ -116.34219933072157, 53.202951136779994 ] ] ] } },
{ "type": "Feature", "properties": { "value": 2, "label": "AQHI 2", "color": "#0099cb", "timestamp": "2026-09-30 07:00:00", "generated_at": "2026-09-30T13:31:09.486326", "nearest_km": 44.777350119436157, "n_points": 12, "weight_sum": 0.0015314244305620617, "confidence": "Medium", "flagged": false }, "geometry": { "type": "Polygon", "coordinates": [ [ [ -116.292199330721573, 53.202951136779994 ], [ -116.242199330721576, 53.202951136779994 ], [ -116.242199330721576, 53.252951136779991 ], [ -116.292199330721573, 53.252951136779991 ], [ -116.292199330721573, 53.202951136779994 ] ] ] } },
{ "type": "Feature", "properties": { "value": 2, "label": "AQHI 2", "color": "#0099cb", "timestamp": "2026-09-30 07:00:00", "generated_at": "2026-09-30T13:31:09.486326", "nearest_km": 46.47296592790822, "n_points": 14, "weight_sum": 0.0014685927825677811, "confidence": "Medium", "flagged": false }, "geometry": { "type": "Polygon", "coordinates": [ [ [ -116.242199330721576, 53.202951136779994 ], [ -116.192199330721579, 53.202951136779994 ], [ -116.192199330721579, 53.252951136779991 ], [ -116.242199330721576, 53.252951136779991 ], [ -116.242199330721576, 53.202951136779994 ] ] ] } },
{ "type": "Feature", "properties": { "value": 2, "label": "AQHI 2", "color": "#0099cb", "timestamp": "2026-09-30 07:00:00", "generated_at": "2026-09-30T13:31:09.486326", "nearest_km": 48.744918099782041, "n_points": 13, "weight_sum": 0.0013431624485075004, "confidence": "Medium", "flagged": false }, "geometry": { "type": "Polygon", "coordinates": [ [ [ -116.192199330721579, 53.202951136779994 ], [ -116.142199330721581, 53.202951136779994 ], [ -116.142199330721581, 53.252951136779991 ], [ -116.192199330721579, 53.252951136779991 ], [ -116.192199330721579, 53.202951136779994 ] ] ] } },
{ "type": "Feature", "properties": { "value": 2, "label": "AQHI 2", "color": "#0099cb", "timestamp": "2026-09-30 07:00:00", "generated_at": "2026-09-30T13:31:09.486326", "nearest_km": 51.517011937537617, "n_points": 12, "weight_sum": 0.0012259083456811204, "confidence": "Medium", "flagged": false }, "geometry": { "type": "Polygon", "coordinates": [ [ [ -116.142199330721581, 53.202951136779994 ], [ -116.092199330721584, 53.202951136779994 ], [ -116.092199330721584, 53.252951136779991 ], [ -116.142199330721581, 53.252951136779991 ], [ -116.142199330721581, 53.202951136779994 ] ] ] } },
{ "type": "Feature", "properties": { "value": 2, "label": "AQHI 2", "color": "#0099cb", "timestamp": "2026-09-30 07:00:00", "generated_at": "2026-09-30T13:31:09.486326", "nearest_km": 52.383586341835326, "n_points": 12, "weight_sum": 0.0011633335483250797, "confidence": "Medium", "flagged": false }, "geometry": { "type": "Polygon", "coordinates": [ [ [ -116.092199330721584, 53.202951136779994 ], [ -116.042199330721587, 53.202951136779994 ], [ -116.042199330721587, 53.252951136779991 ], [ -116.092199330721584, 53.252951136779991 ], [ -116.092199330721584, 53.202951136779994 ] ] ] } },
{ "type": "Feature", "properties": { "value": 2, "label": "AQHI 2", "color": "#0099cb", "timestamp": "2026-09-30 07:00:00", "generated_at": "2026-09-30T13:31:09.486326", "nearest_km": 50.02327023146794, "n_points": 12, "weight_sum": 0.0011121442732736756, "confidence": "Medium", "flagged": false }, "geometry": { "type": "Polygon", "coordinates": [ [ [ -116.042199330721587, 53.202951136779994 ], [ -115.99219933072159, 53.202951136779994 ], [ -115.99219933072159, 53.252951136779991 ], [ -116.042199330721587, 53.252951136779991 ], [ -116.042199330721587, 53.202951136779994 ] ] ] } },
{ "type": "Feature", "properties": { "value": 1, "label": "AQHI 1", "color": "#01cbff", "timestamp": "2026-09-30 07:00:00", "generated_at": "2026-09-30T13:31:09.486326", "nearest_km": 48.189418042433438, "n_points": 12, "weight_sum": 0.0010719408871286854, "confidence": "Medium", "flagged": false }, "geometry": { "type": "Polygon", "coordinates": [ [ [ -115.99219933072159, 53.202951136779994 ], [ -115.942199330721593, 53.202951136779994 ], [ -115.942199330721593, 53.252951136779991 ], [ -115.99219933072159, 53.252951136779991 ], [ -115.99219933072159, 53.202951136779994 ] ] ] } },
{ "type": "Feature", "properties": { "value": 1, "label": "AQHI 1", "color": "#01cbff", "timestamp": "2026-09-30 07:00:00", "generated_at": "2026-09-30T13:31:09.486326", "nearest_km": 46.943769106094848, "n_points": 12, "weight_sum": 0.0010411090851074006, "confidence": "Medium", "flagged": false }, "geometry": { "type": "Polygon", "coordinates": [ [ [ -115.942199330721593, 53.202951136779994 ], [ -115.892199330721596, 53.202951136779994 ], [ -115.892199330721596, 53.252951136779991 ], [ -115.942199330721593, 53.252951136779991 ], [ -115.942199330721593, 53.202951136779994 ] ] ] } },
{ "type": "Feature", "properties": { "value": 1, "label": "AQHI 1", "color": "#01cbff", "timestamp": "2026-09-30 07:00:00", "generated_at": "2026-09-30T13:31:09.486326", "nearest_km": 46.333787936065335, "n_points": 12, "weight_sum": 0.0010177876810687704, "confidence": "Medium", "flagged": false }, "geometry": { "type": "Polygon", "coordinates": [ [ [ -115.892199330721596, 53.202951136779994 ], [ -115.842199330721598, 53.202951136779994 ], [ -115.842199330721598, 53.252951136779991 ], [ -115.892199330721596, 53.252951136779991 ], [ -115.892199330721596, 53.202951136779994 ] ] ] } },
{ "type": "Feature", "properties": { "value": 1, "label": "AQHI 1", "color": "#01cbff", "timestamp": "2026-09-30 07:00:00", "generated_at": "2026-09-30T13:31:09.486326", "nearest_km": 46.384559404204715, "n_points": 13, "weight_sum": 0.0010242587593310953, "confidence": "Medium", "flagged": false }, "geometry": { "type": "Polygon", "coordinates": [ [ [ -115.842199330721598, 53.202951136779994 ], [ -115.792199330721601, 53.202951136779994 ], [ -115.792199330721601, 53.252951136779991 ], [ -115.842199330721598, 53.252951136779991 ], [ -115.842199330721598, 53.202951136779994 ] ] ] } },
{ "type": "Feature", "properties": { "value": 1, "label": "AQHI 1", "color": "#01cbff", "timestamp": "2026-09-30 07:00:00", "generated_at": "2026-09-30T13:31:09.486326", "nearest_km": 47.09394650844321, "n_points": 13, "weight_sum": 0.0010152170059600399, "confidence": "Medium", "flagged": false }, "geometry": { "type": "Polygon", "coordinates": [ [ [ -115.792199330721601, 53.202951136779994 ], [ -115.742199330721604, 53.202951136779994 ], [ -115.742199330721604, 53.252951136779991 ], [ -115.792199330721601, 53.252951136779991 ], [ -115.792199330721601, 53.202951136779994 ] ] ] } },
{ "type": "Feature", "properties": { "value": 1, "label": "AQHI 1", "color": "#01cbff", "timestamp": "2026-09-30 07:00:00", "generated_at": "2026-09-30T13:31:09.486326", "nearest_km": 48.433018121504858, "n_points": 13, "weight_sum": 0.0010140893157153865, "confidence": "Medium", "flagged": false }, "geometry": { "type": "Polygon", "coordinates": [ [ [ -115.742199330721604, 53.202951136779994 ], [ -115.692199330721607, 53.202951136779994 ], [ -115.692199330721607, 53.252951136779991 ], [ -115.742199330721604, 53.252951136779991 ], [ -115.742199330721604, 53.202951136779994 ] ] ] } },
{ "type": "Feature", "properties": { "value": 1, "label": "AQHI 1", "color": "#01cbff", "timestamp": "2026-09-30 07:00:00", "generated_at": "2026-09-30T13:31:09.486326", "nearest_km": 50.351560958682498, "n_points": 11, "weight_sum": 0.00096139289672764888, "confidence": "Medium", "flagged": false }, "geometry": { "type": "Polygon", "coordinates": [ [ [ -115.692199330721607, 53.202951136779994 ], [ -115.64219933072161, 53.202951136779994 ], [ -115.64219933072161, 53.252951136779991 ], [ -115.692199330721607, 53.252951136779991 ], [ -115.692199330721607, 53.202951136779994 ] ] ] } },
{ "type": "Feature", "properties": { "value": 1, "label": "AQHI 1", "color": "#01cbff", "timestamp": "2026-09-30 07:00:00", "generated_at": "2026-09-30T13:31:09.486326", "nearest_km": 52.786429483284934, "n_points": 11, "weight_sum": 0.00098885337128061437, "confidence": "Medium", "flagged": false }, "geometry": { "type": "Polygon", "coordinates": [ [ [ -115.64219933072161, 53.202951136779994 ], [ -115.592199330721613, 53.202951136779994 ], [ -115.592199330721613, 53.252951136779991 ], [ -115.64219933072161, 53.252951136779991 ], [ -115.64219933072161, 53.202951136779994 ] ] ] } },
{ "type": "Feature", "properties": { "value": 1, "label": "AQHI 1", "color": "#01cbff", "timestamp": "2026-09-30 07:00:00", "generated_at": "2026-09-30T13:31:09.486326", "nearest_km": 55.669916330202071, "n_points": 11, "weight_sum": 0.0010338476763053787, "confidence": "Medium", "flagged": false }, "geometry": { "type": "Polygon", "coordinates": [ [ [ -115.592199330721613, 53.202951136779994 ], [ -115.542199330721616, 53.202951136779994 ], [ -115.542199330721616, 53.252951136779991 ], [ -115.592199330721613, 53.252951136779991 ], [ -115.592199330721613, 53.202951136779994 ] ] ] } },
{ "type": "Feature", "properties": { "value": 1, "label": "AQHI 1", "color": "#01cbff", "timestamp": "2026-09-30 07:00:00", "generated_at": "2026-09-30T13:31:09.486326", "nearest_km": 58.936211541204273, "n_points": 12, "weight_sum": 0.0011461974784020253, "confidence": "Medium", "flagged": false }, "geometry": { "type": "Polygon", "coordinates": [ [ [ -115.542199330721616, 53.202951136779994 ], [ -115.492199330721618, 53.202951136779994 ], [ -115.492199330721618, 53.252951136779991 ], [ -115.542199330721616, 53.252951136779991 ], [ -115.542199330721616, 53.202951136779994 ] ] ] } },
{ "type": "Feature", "properties": { "value": 1, "label": "AQHI 1", "color": "#01cbff", "timestamp": "2026-09-30 07:00:00", "generated_at": "2026-09-30T13:31:09.486326", "nearest_km": 45.274771304256518, "n_points": 9, "weight_sum": 0.0016744453180404311, "confidence": "Medium", "flagged": false }, "geometry": { "type": "Polygon", "coordinates": [ [ [ -118.242199330721462, 53.252951136779991 ], [ -118.192199330721465, 53.252951136779991 ], [ -118.192199330721465, 53.302951136779988 ], [ -118.242199330721462, 53.302951136779988 ], [ -118.242199330721462, 53.252951136779991 ] ] ] } },
{ "type": "Feature", "properties": { "value": 1, "label": "AQHI 1", "color": "#01cbff", "timestamp": "2026-09-30 07:00:00", "generated_at": "2026-09-30T13:31:09.486326", "nearest_km": 43.435667599000006, "n_points": 9, "weight_sum": 0.0018350812406149844, "confidence": "Medium", "flagged": false }, "geometry": { "type": "Polygon", "coordinates": [ [ [ -118.192199330721465, 53.252951136779991 ], [ -118.142199330721468, 53.252951136779991 ], [ -118.142199330721468, 53.302951136779988 ], [ -118.192199330721465, 53.302951136779988 ], [ -118.192199330721465, 53.252951136779991 ] ] ] } },
{ "type": "Feature", "properties": { "value": 1, "label": "AQHI 1", "color": "#01cbff", "timestamp": "2026-09-30 07:00:00", "generated_at": "2026-09-30T13:31:09.486326", "nearest_km": 42.250615651004452, "n_points": 9, "weight_sum": 0.0019812059080978228, "confidence": "Medium", "flagged": false }, "geometry": { "type": "Polygon", "coordinates": [ [ [ -118.142199330721468, 53.252951136779991 ], [ -118.092199330721471, 53.252951136779991 ], [ -118.092199330721471, 53.302951136779988 ], [ -118.142199330721468, 53.302951136779988 ], [ -118.142199330721468, 53.252951136779991 ] ] ] } },
{ "type": "Feature", "properties": { "value": 1, "label": "AQHI 1", "color": "#01cbff", "timestamp": "2026-09-30 07:00:00", "generated_at": "2026-09-30T13:31:09.486326", "nearest_km": 43.01297981125127, "n_points": 9, "weight_sum": 0.0023169204088445382, "confidence": "Medium", "flagged": false }, "geometry": { "type": "Polygon", "coordinates": [ [ [ -117.992199330721476, 53.252951136779991 ], [ -117.942199330721479, 53.252951136779991 ], [ -117.942199330721479, 53.302951136779988 ], [ -117.992199330721476, 53.302951136779988 ], [ -117.992199330721476, 53.252951136779991 ] ] ] } },
{ "type": "Feature", "properties": { "value": 1, "label": "AQHI 1", "color": "#01cbff", "timestamp": "2026-09-30 07:00:00", "generated_at": "2026-09-30T13:31:09.486326", "nearest_km": 42.617506940341599, "n_points": 9, "weight_sum": 0.0024425364665440043, "confidence": "Medium", "flagged": false }, "geometry": { "type": "Polygon", "coordinates": [ [ [ -117.942199330721479, 53.252951136779991 ], [ -117.892199330721482, 53.252951136779991 ], [ -117.892199330721482, 53.302951136779988 ], [ -117.942199330721479, 53.302951136779988 ], [ -117.942199330721479, 53.252951136779991 ] ] ] } },
{ "type": "Feature", "properties": { "value": 1, "label": "AQHI 1", "color": "#01cbff", "timestamp": "2026-09-30 07:00:00", "generated_at": "2026-09-30T13:31:09.486326", "nearest_km": 37.502891335044367, "n_points": 9, "weight_sum": 0.0026286102867095558, "confidence": "Medium", "flagged": false }, "geometry": { "type": "Polygon", "coordinates": [ [ [ -117.892199330721482, 53.252951136779991 ], [ -117.842199330721485, 53.252951136779991 ], [ -117.842199330721485, 53.302951136779988 ], [ -117.892199330721482, 53.302951136779988 ], [ -117.892199330721482, 53.252951136779991 ] ] ] } },
{ "type": "Feature", "properties": { "value": 2, "label": "AQHI 2", "color": "#0099cb", "timestamp": "2026-09-30 07:00:00", "generated_at": "2026-09-30T13:31:09.486326", "nearest_km": 32.531320587492615, "n_points": 9, "weight_sum": 0.0029263192897074218, "confidence": "Medium", "flagged": false }, "geometry": { "type": "Polygon", "coordinates": [ [ [ -117.842199330721485, 53.252951136779991 ], [ -117.792199330721488, 53.252951136779991 ], [ -117.792199330721488, 53.302951136779988 ], [ -117.842199330721485, 53.302951136779988 ], [ -117.842199330721485, 53.252951136779991 ] ] ] } },
{ "type": "Feature", "properties": { "value": 2, "label": "AQHI 2", "color": "#0099cb", "timestamp": "2026-09-30 07:00:00", "generated_at": "2026-09-30T13:31:09.486326", "nearest_km": 27.779700859517707, "n_points": 9, "weight_sum": 0.0034061436218894509, "confidence": "Medium", "flagged": false }, "geometry": { "type": "Polygon", "coordinates": [ [ [ -117.792199330721488, 53.252951136779991 ], [ -117.74219933072149, 53.252951136779991 ], [ -117.74219933072149, 53.302951136779988 ], [ -117.792199330721488, 53.302951136779988 ], [ -117.792199330721488, 53.252951136779991 ] ] ] } },
{ "type": "Feature", "properties": { "value": 2, "label": "AQHI 2", "color": "#0099cb", "timestamp": "2026-09-30 07:00:00", "generated_at": "2026-09-30T13:31:09.486326", "nearest_km": 23.382509286266721, "n_points": 10, "weight_sum": 0.0041856604698283159, "confidence": "High", "flagged": false }, "geometry": { "type": "Polygon", "coordinates": [ [ [ -117.74219933072149, 53.252951136779991 ], [ -117.692199330721493, 53.252951136779991 ], [ -117.692199330721493, 53.302951136779988 ], [ -117.74219933072149, 53.302951136779988 ], [ -117.74219933072149, 53.252951136779991 ] ] ] } },
{ "type": "Feature", "properties": { "value": 2, "label": "AQHI 2", "color": "#0099cb", "timestamp": "2026-09-30 07:00:00", "generated_at": "2026-09-30T13:31:09.486326", "nearest_km": 19.580007691530753, "n_points": 12, "weight_sum": 0.0053798289620660611, "confidence": "High", "flagged": false }, "geometry": { "type": "Polygon", "coordinates": [ [ [ -117.692199330721493, 53.252951136779991 ], [ -117.642199330721496, 53.252951136779991 ], [ -117.642199330721496, 53.302951136779988 ], [ -117.692199330721493, 53.302951136779988 ], [ -117.692199330721493, 53.252951136779991 ] ] ] } },
{ "type": "Feature", "properties": { "value": 2, "label": "AQHI 2", "color": "#0099cb", "timestamp": "2026-09-30 07:00:00", "generated_at": "2026-09-30T13:31:09.486326", "nearest_km": 16.781438015809321, "n_points": 12, "weight_sum": 0.006786765554849244, "confidence": "High", "flagged": false }, "geometry": { "type": "Polygon", "coordinates": [ [ [ -117.642199330721496, 53.252951136779991 ], [ -117.592199330721499, 53.252951136779991 ], [ -117.592199330721499, 53.302951136779988 ], [ -117.642199330721496, 53.302951136779988 ], [ -117.642199330721496, 53.252951136779991 ] ] ] } },
{ "type": "Feature", "properties": { "value": 2, "label": "AQHI 2", "color": "#0099cb", "timestamp": "2026-09-30 07:00:00", "generated_at": "2026-09-30T13:31:09.486326", "nearest_km": 15.539035444855966, "n_points": 12, "weight_sum": 0.0078439841882791631, "confidence": "High", "flagged": false }, "geometry": { "type": "Polygon", "coordinates": [ [ [ -117.592199330721499, 53.252951136779991 ], [ -117.542199330721502, 53.252951136779991 ], [ -117.542199330721502, 53.302951136779988 ], [ -117.592199330721499, 53.302951136779988 ], [ -117.592199330721499, 53.252951136779991 ] ] ] } },
{ "type": "Feature", "properties": { "value": 2, "label": "AQHI 2", "color": "#0099cb", "timestamp": "2026-09-30 07:00:00", "generated_at": "2026-09-30T13:31:09.486326", "nearest_km": 16.214548505417067, "n_points": 12, "weight_sum": 0.0077406703888014778, "confidence": "High", "flagged": false }, "geometry": { "type": "Polygon", "coordinates": [ [ [ -117.542199330721502, 53.252951136779991 ], [ -117.492199330721505, 53.252951136779991 ], [ -117.492199330721505, 53.302951136779988 ], [ -117.542199330721502, 53.302951136779988 ], [ -117.542199330721502, 53.252951136779991 ] ] ] } },
{ "type": "Feature", "properties": { "value": 2, "label": "AQHI 2", "color": "#0099cb", "timestamp": "2026-09-30 07:00:00", "generated_at": "2026-09-30T13:31:09.486326", "nearest_km": 18.600175910795809, "n_points": 13, "weight_sum": 0.0067453046079368724, "confidence": "High", "flagged": false }, "geometry": { "type": "Polygon", "coordinates": [ [ [ -117.492199330721505, 53.252951136779991 ], [ -117.442199330721508, 53.252951136779991 ], [ -117.442199330721508, 53.302951136779988 ], [ -117.492199330721505, 53.302951136779988 ], [ -117.492199330721505, 53.252951136779991 ] ] ] } },
{ "type": "Feature", "properties": { "value": 2, "label": "AQHI 2", "color": "#0099cb", "timestamp": "2026-09-30 07:00:00", "generated_at": "2026-09-30T13:31:09.486326", "nearest_km": 22.150090396893813, "n_points": 13, "weight_sum": 0.0055817461075925888, "confidence": "High", "flagged": false }, "geometry": { "type": "Polygon", "coordinates": [ [ [ -117.442199330721508, 53.252951136779991 ], [ -117.39219933072151, 53.252951136779991 ], [ -117.39219933072151, 53.302951136779988 ], [ -117.442199330721508, 53.302951136779988 ], [ -117.442199330721508, 53.252951136779991 ] ] ] } },
{ "type": "Feature", "properties": { "value": 2, "label": "AQHI 2", "color": "#0099cb", "timestamp": "2026-09-30 07:00:00", "generated_at": "2026-09-30T13:31:09.486326", "nearest_km": 25.665182427336109, "n_points": 13, "weight_sum": 0.0047481805358332236, "confidence": "Medium", "flagged": false }, "geometry": { "type": "Polygon", "coordinates": [ [ [ -117.39219933072151, 53.252951136779991 ], [ -117.342199330721513, 53.252951136779991 ], [ -117.342199330721513, 53.302951136779988 ], [ -117.39219933072151, 53.302951136779988 ], [ -117.39219933072151, 53.252951136779991 ] ] ] } },
{ "type": "Feature", "properties": { "value": 2, "label": "AQHI 2", "color": "#0099cb", "timestamp": "2026-09-30 07:00:00", "generated_at": "2026-09-30T13:31:09.486326", "nearest_km": 29.607773377044971, "n_points": 13, "weight_sum": 0.0043586499481590348, "confidence": "Medium", "flagged": false }, "geometry": { "type": "Polygon", "coordinates": [ [ [ -117.342199330721513, 53.252951136779991 ], [ -117.292199330721516, 53.252951136779991 ], [ -117.292199330721516, 53.302951136779988 ], [ -117.342199330721513, 53.302951136779988 ], [ -117.342199330721513, 53.252951136779991 ] ] ] } },
{ "type": "Feature", "properties": { "value": 2, "label": "AQHI 2", "color": "#0099cb", "timestamp": "2026-09-30 07:00:00", "generated_at": "2026-09-30T13:31:09.486326", "nearest_km": 26.018786674898497, "n_points": 13, "weight_sum": 0.0044447152971147583, "confidence": "Medium", "flagged": false }, "geometry": { "type": "Polygon", "coordinates": [ [ [ -117.292199330721516, 53.252951136779991 ], [ -117.242199330721519, 53.252951136779991 ], [ -117.242199330721519, 53.302951136779988 ], [ -117.292199330721516, 53.302951136779988 ], [ -117.292199330721516, 53.252951136779991 ] ] ] } },
{ "type": "Feature", "properties": { "value": 2, "label": "AQHI 2", "color": "#0099cb", "timestamp": "2026-09-30 07:00:00", "generated_at": "2026-09-30T13:31:09.486326", "nearest_km": 21.448049509265491, "n_points": 13, "weight_sum": 0.0050979625183166051, "confidence": "High", "flagged": false }, "geometry": { "type": "Polygon", "coordinates": [ [ [ -117.242199330721519, 53.252951136779991 ], [ -117.192199330721522, 53.252951136779991 ], [ -117.192199330721522, 53.302951136779988 ], [ -117.242199330721519, 53.302951136779988 ], [ -117.242199330721519, 53.252951136779991 ] ] ] } },
{ "type": "Feature", "properties": { "value": 2, "label": "AQHI 2", "color": "#0099cb", "timestamp": "2026-09-30 07:00:00", "generated_at": "2026-09-30T13:31:09.486326", "nearest_km": 17.454666867916011, "n_points": 13, "weight_sum": 0.0064816734797737341, "confidence": "High", "flagged": false }, "geometry": { "type": "Polygon", "coordinates": [ [ [ -117.192199330721522, 53.252951136779991 ], [ -117.142199330721525, 53.252951136779991 ], [ -117.142199330721525, 53.302951136779988 ], [ -117.192199330721522, 53.302951136779988 ], [ -117.192199330721522, 53.252951136779991 ] ] ] } },
{ "type": "Feature", "properties": { "value": 2, "label": "AQHI 2", "color": "#0099cb", "timestamp": "2026-09-30 07:00:00", "generated_at": "2026-09-30T13:31:09.486326", "nearest_km": 14.522980520125301, "n_points": 14, "weight_sum": 0.0084924068088038894, "confidence": "High", "flagged": false }, "geometry": { "type": "Polygon", "coordinates": [ [ [ -117.142199330721525, 53.252951136779991 ], [ -117.092199330721527, 53.252951136779991 ], [ -117.092199330721527, 53.302951136779988 ], [ -117.142199330721525, 53.302951136779988 ], [ -117.142199330721525, 53.252951136779991 ] ] ] } },
{ "type": "Feature", "properties": { "value": 2, "label": "AQHI 2", "color": "#0099cb", "timestamp": "2026-09-30 07:00:00", "generated_at": "2026-09-30T13:31:09.486326", "nearest_km": 13.370621934148989, "n_points": 14, "weight_sum": 0.0096386212265604579, "confidence": "High", "flagged": false }, "geometry": { "type": "Polygon", "coordinates": [ [ [ -117.092199330721527, 53.252951136779991 ], [ -117.04219933072153, 53.252951136779991 ], [ -117.04219933072153, 53.302951136779988 ], [ -117.092199330721527, 53.302951136779988 ], [ -117.092199330721527, 53.252951136779991 ] ] ] } },
{ "type": "Feature", "properties": { "value": 2, "label": "AQHI 2", "color": "#0099cb", "timestamp": "2026-09-30 07:00:00", "generated_at": "2026-09-30T13:31:09.486326", "nearest_km": 14.430353378346153, "n_points": 14, "weight_sum": 0.0083739151263182293, "confidence": "High", "flagged": false }, "geometry": { "type": "Polygon", "coordinates": [ [ [ -117.04219933072153, 53.252951136779991 ], [ -116.992199330721533, 53.252951136779991 ], [ -116.992199330721533, 53.302951136779988 ], [ -117.04219933072153, 53.302951136779988 ], [ -117.04219933072153, 53.252951136779991 ] ] ] } },
{ "type": "Feature", "properties": { "value": 2, "label": "AQHI 2", "color": "#0099cb", "timestamp": "2026-09-30 07:00:00", "generated_at": "2026-09-30T13:31:09.486326", "nearest_km": 17.300337174226961, "n_points": 14, "weight_sum": 0.0061333669238382571, "confidence": "High", "flagged": false }, "geometry": { "type": "Polygon", "coordinates": [ [ [ -116.992199330721533, 53.252951136779991 ], [ -116.942199330721536, 53.252951136779991 ], [ -116.942199330721536, 53.302951136779988 ], [ -116.992199330721533, 53.302951136779988 ], [ -116.992199330721533, 53.252951136779991 ] ] ] } },
{ "type": "Feature", "properties": { "value": 2, "label": "AQHI 2", "color": "#0099cb", "timestamp": "2026-09-30 07:00:00", "generated_at": "2026-09-30T13:31:09.486326", "nearest_km": 21.247367258067978, "n_points": 14, "weight_sum": 0.0044137133739513505, "confidence": "High", "flagged": false }, "geometry": { "type": "Polygon", "coordinates": [ [ [ -116.942199330721536, 53.252951136779991 ], [ -116.892199330721539, 53.252951136779991 ], [ -116.892199330721539, 53.302951136779988 ], [ -116.942199330721536, 53.302951136779988 ], [ -116.942199330721536, 53.252951136779991 ] ] ] } },
{ "type": "Feature", "properties": { "value": 2, "label": "AQHI 2", "color": "#0099cb", "timestamp": "2026-09-30 07:00:00", "generated_at": "2026-09-30T13:31:09.486326", "nearest_km": 25.789246964911715, "n_points": 14, "weight_sum": 0.003342684663784558, "confidence": "Medium", "flagged": false }, "geometry": { "type": "Polygon", "coordinates": [ [ [ -116.892199330721539, 53.252951136779991 ], [ -116.842199330721542, 53.252951136779991 ], [ -116.842199330721542, 53.302951136779988 ], [ -116.892199330721539, 53.302951136779988 ], [ -116.892199330721539, 53.252951136779991 ] ] ] } },
{ "type": "Feature", "properties": { "value": 2, "label": "AQHI 2", "color": "#0099cb", "timestamp": "2026-09-30 07:00:00", "generated_at": "2026-09-30T13:31:09.486326", "nearest_km": 30.664717553487922, "n_points": 14, "weight_sum": 0.0027029185158917689, "confidence": "Medium", "flagged": false }, "geometry": { "type": "Polygon", "coordinates": [ [ [ -116.842199330721542, 53.252951136779991 ], [ -116.792199330721544, 53.252951136779991 ], [ -116.792199330721544, 53.302951136779988 ], [ -116.842199330721542, 53.302951136779988 ], [ -116.842199330721542, 53.252951136779991 ] ] ] } },
{ "type": "Feature", "properties": { "value": 2, "label": "AQHI 2", "color": "#0099cb", "timestamp": "2026-09-30 07:00:00", "generated_at": "2026-09-30T13:31:09.486326", "nearest_km": 35.737508954222946, "n_points": 12, "weight_sum": 0.0022604212759418868, "confidence": "Medium", "flagged": false }, "geometry": { "type": "Polygon", "coordinates": [ [ [ -116.792199330721544, 53.252951136779991 ], [ -116.742199330721547, 53.252951136779991 ], [ -116.742199330721547, 53.302951136779988 ], [ -116.792199330721544, 53.302951136779988 ], [ -116.792199330721544, 53.252951136779991 ] ] ] } },
{ "type": "Feature", "properties": { "value": 2, "label": "AQHI 2", "color": "#0099cb", "timestamp": "2026-09-30 07:00:00", "generated_at": "2026-09-30T13:31:09.486326", "nearest_km": 40.934327768648323, "n_points": 10, "weight_sum": 0.002009299326096687, "confidence": "Medium", "flagged": false }, "geometry": { "type": "Polygon", "coordinates": [ [ [ -116.742199330721547, 53.252951136779991 ], [ -116.69219933072155, 53.252951136779991 ], [ -116.69219933072155, 53.302951136779988 ], [ -116.742199330721547, 53.302951136779988 ], [ -116.742199330721547, 53.252951136779991 ] ] ] } },
{ "type": "Feature", "properties": { "value": 2, "label": "AQHI 2", "color": "#0099cb", "timestamp": "2026-09-30 07:00:00", "generated_at": "2026-09-30T13:31:09.486326", "nearest_km": 45.51558345042303, "n_points": 10, "weight_sum": 0.0019106221526923133, "confidence": "Medium", "flagged": false }, "geometry": { "type": "Polygon", "coordinates": [ [ [ -116.69219933072155, 53.252951136779991 ], [ -116.642199330721553, 53.252951136779991 ], [ -116.642199330721553, 53.302951136779988 ], [ -116.69219933072155, 53.302951136779988 ], [ -116.69219933072155, 53.252951136779991 ] ] ] } },
{ "type": "Feature", "properties": { "value": 2, "label": "AQHI 2", "color": "#0099cb", "timestamp": "2026-09-30 07:00:00", "generated_at": "2026-09-30T13:31:09.486326", "nearest_km": 42.383445075293345, "n_points": 10, "weight_sum": 0.0018847228640416461, "confidence": "Medium", "flagged": false }, "geometry": { "type": "Polygon", "coordinates": [ [ [ -116.642199330721553, 53.252951136779991 ], [ -116.592199330721556, 53.252951136779991 ], [ -116.592199330721556, 53.302951136779988 ], [ -116.642199330721553, 53.302951136779988 ], [ -116.642199330721553, 53.252951136779991 ] ] ] } },
{ "type": "Feature", "properties": { "value": 2, "label": "AQHI 2", "color": "#0099cb", "timestamp": "2026-09-30 07:00:00", "generated_at": "2026-09-30T13:31:09.486326", "nearest_km": 39.78252752237325, "n_points": 10, "weight_sum": 0.0019056091900094821, "confidence": "Medium", "flagged": false }, "geometry": { "type": "Polygon", "coordinates": [ [ [ -116.592199330721556, 53.252951136779991 ], [ -116.542199330721559, 53.252951136779991 ], [ -116.542199330721559, 53.302951136779988 ], [ -116.592199330721556, 53.302951136779988 ], [ -116.592199330721556, 53.252951136779991 ] ] ] } },
{ "type": "Feature", "properties": { "value": 2, "label": "AQHI 2", "color": "#0099cb", "timestamp": "2026-09-30 07:00:00", "generated_at": "2026-09-30T13:31:09.486326", "nearest_km": 37.822580235705182, "n_points": 10, "weight_sum": 0.0019485118714831092, "confidence": "Medium", "flagged": false }, "geometry": { "type": "Polygon", "coordinates": [ [ [ -116.542199330721559, 53.252951136779991 ], [ -116.492199330721562, 53.252951136779991 ], [ -116.492199330721562, 53.302951136779988 ], [ -116.542199330721559, 53.302951136779988 ], [ -116.542199330721559, 53.252951136779991 ] ] ] } },
{ "type": "Feature", "properties": { "value": 2, "label": "AQHI 2", "color": "#0099cb", "timestamp": "2026-09-30 07:00:00", "generated_at": "2026-09-30T13:31:09.486326", "nearest_km": 36.60670232763831, "n_points": 10, "weight_sum": 0.001987172959773637, "confidence": "Medium", "flagged": false }, "geometry": { "type": "Polygon", "coordinates": [ [ [ -116.492199330721562, 53.252951136779991 ], [ -116.442199330721564, 53.252951136779991 ], [ -116.442199330721564, 53.302951136779988 ], [ -116.492199330721562, 53.302951136779988 ], [ -116.492199330721562, 53.252951136779991 ] ] ] } },
{ "type": "Feature", "properties": { "value": 2, "label": "AQHI 2", "color": "#0099cb", "timestamp": "2026-09-30 07:00:00", "generated_at": "2026-09-30T13:31:09.486326", "nearest_km": 36.209925917105622, "n_points": 10, "weight_sum": 0.0019965215001774006, "confidence": "Medium", "flagged": false }, "geometry": { "type": "Polygon", "coordinates": [ [ [ -116.442199330721564, 53.252951136779991 ], [ -116.392199330721567, 53.252951136779991 ], [ -116.392199330721567, 53.302951136779988 ], [ -116.442199330721564, 53.302951136779988 ], [ -116.442199330721564, 53.252951136779991 ] ] ] } },
{ "type": "Feature", "properties": { "value": 2, "label": "AQHI 2", "color": "#0099cb", "timestamp": "2026-09-30 07:00:00", "generated_at": "2026-09-30T13:31:09.486326", "nearest_km": 36.658857245421977, "n_points": 9, "weight_sum": 0.0019376039911641752, "confidence": "Medium", "flagged": false }, "geometry": { "type": "Polygon", "coordinates": [ [ [ -116.392199330721567, 53.252951136779991 ], [ -116.34219933072157, 53.252951136779991 ], [ -116.34219933072157, 53.302951136779988 ], [ -116.392199330721567, 53.302951136779988 ], [ -116.392199330721567, 53.252951136779991 ] ] ] } },
{ "type": "Feature", "properties": { "value": 2, "label": "AQHI 2", "color": "#0099cb", "timestamp": "2026-09-30 07:00:00", "generated_at": "2026-09-30T13:31:09.486326", "nearest_km": 37.923474183652665, "n_points": 9, "weight_sum": 0.0018534408964647564, "confidence": "Medium", "flagged": false }, "geometry": { "type": "Polygon", "coordinates": [ [ [ -116.34219933072157, 53.252951136779991 ], [ -116.292199330721573, 53.252951136779991 ], [ -116.292199330721573, 53.302951136779988 ], [ -116.34219933072157, 53.302951136779988 ], [ -116.34219933072157, 53.252951136779991 ] ] ] } },
{ "type": "Feature", "properties": { "value": 2, "label": "AQHI 2", "color": "#0099cb", "timestamp": "2026-09-30 07:00:00", "generated_at": "2026-09-30T13:31:09.486326", "nearest_km": 39.426914236917163, "n_points": 13, "weight_sum": 0.0018487076507801522, "confidence": "Medium", "flagged": false }, "geometry": { "type": "Polygon", "coordinates": [ [ [ -116.292199330721573, 53.252951136779991 ], [ -116.242199330721576, 53.252951136779991 ], [ -116.242199330721576, 53.302951136779988 ], [ -116.292199330721573, 53.302951136779988 ], [ -116.292199330721573, 53.252951136779991 ] ] ] } },
{ "type": "Feature", "properties": { "value": 2, "label": "AQHI 2", "color": "#0099cb", "timestamp": "2026-09-30 07:00:00", "generated_at": "2026-09-30T13:31:09.486326", "nearest_km": 41.342557306765258, "n_points": 15, "weight_sum": 0.0017649199888868641, "confidence": "Medium", "flagged": false }, "geometry": { "type": "Polygon", "coordinates": [ [ [ -116.242199330721576, 53.252951136779991 ], [ -116.192199330721579, 53.252951136779991 ], [ -116.192199330721579, 53.302951136779988 ], [ -116.242199330721576, 53.302951136779988 ], [ -116.242199330721576, 53.252951136779991 ] ] ] } },
{ "type": "Feature", "properties": { "value": 2, "label": "AQHI 2", "color": "#0099cb", "timestamp": "2026-09-30 07:00:00", "generated_at": "2026-09-30T13:31:09.486326", "nearest_km": 43.880947153418532, "n_points": 13, "weight_sum": 0.0015530093777229013, "confidence": "Medium", "flagged": false }, "geometry": { "type": "Polygon", "coordinates": [ [ [ -116.192199330721579, 53.252951136779991 ], [ -116.142199330721581, 53.252951136779991 ], [ -116.142199330721581, 53.302951136779988 ], [ -116.192199330721579, 53.302951136779988 ], [ -116.192199330721579, 53.252951136779991 ] ] ] } },
{ "type": "Feature", "properties": { "value": 2, "label": "AQHI 2", "color": "#0099cb", "timestamp": "2026-09-30 07:00:00", "generated_at": "2026-09-30T13:31:09.486326", "nearest_km": 46.941165318929229, "n_points": 13, "weight_sum": 0.0014452743203661766, "confidence": "Medium", "flagged": false }, "geometry": { "type": "Polygon", "coordinates": [ [ [ -116.142199330721581, 53.252951136779991 ], [ -116.092199330721584, 53.252951136779991 ], [ -116.092199330721584, 53.302951136779988 ], [ -116.142199330721581, 53.302951136779988 ], [ -116.142199330721581, 53.252951136779991 ] ] ] } },
{ "type": "Feature", "properties": { "value": 2, "label": "AQHI 2", "color": "#0099cb", "timestamp": "2026-09-30 07:00:00", "generated_at": "2026-09-30T13:31:09.486326", "nearest_km": 47.552076822775796, "n_points": 13, "weight_sum": 0.0013562997436203019, "confidence": "Medium", "flagged": false }, "geometry": { "type": "Polygon", "coordinates": [ [ [ -116.092199330721584, 53.252951136779991 ], [ -116.042199330721587, 53.252951136779991 ], [ -116.042199330721587, 53.302951136779988 ], [ -116.092199330721584, 53.302951136779988 ], [ -116.092199330721584, 53.252951136779991 ] ] ] } },
{ "type": "Feature", "properties": { "value": 2, "label": "AQHI 2", "color": "#0099cb", "timestamp": "2026-09-30 07:00:00", "generated_at": "2026-09-30T13:31:09.486326", "nearest_km": 44.938707778229677, "n_points": 12, "weight_sum": 0.0012442441762813754, "confidence": "Medium", "flagged": false }, "geometry": { "type": "Polygon", "coordinates": [ [ [ -116.042199330721587, 53.252951136779991 ], [ -115.99219933072159, 53.252951136779991 ], [ -115.99219933072159, 53.302951136779988 ], [ -116.042199330721587, 53.302951136779988 ], [ -116.042199330721587, 53.252951136779991 ] ] ] } },
{ "type": "Feature", "properties": { "value": 1, "label": "AQHI 1", "color": "#01cbff", "timestamp": "2026-09-30 07:00:00", "generated_at": "2026-09-30T13:31:09.486326", "nearest_km": 42.887992531652301, "n_points": 12, "weight_sum": 0.001194027930751525, "confidence": "Medium", "flagged": false }, "geometry": { "type": "Polygon", "coordinates": [ [ [ -115.99219933072159, 53.252951136779991 ], [ -115.942199330721593, 53.252951136779991 ], [ -115.942199330721593, 53.302951136779988 ], [ -115.99219933072159, 53.302951136779988 ], [ -115.99219933072159, 53.252951136779991 ] ] ] } },
{ "type": "Feature", "properties": { "value": 1, "label": "AQHI 1", "color": "#01cbff", "timestamp": "2026-09-30 07:00:00", "generated_at": "2026-09-30T13:31:09.486326", "nearest_km": 41.48345875180852, "n_points": 12, "weight_sum": 0.001156651195831186, "confidence": "Medium", "flagged": false }, "geometry": { "type": "Polygon", "coordinates": [ [ [ -115.942199330721593, 53.252951136779991 ], [ -115.892199330721596, 53.252951136779991 ], [ -115.892199330721596, 53.302951136779988 ], [ -115.942199330721593, 53.302951136779988 ], [ -115.942199330721593, 53.252951136779991 ] ] ] } },
{ "type": "Feature", "properties": { "value": 1, "label": "AQHI 1", "color": "#01cbff", "timestamp": "2026-09-30 07:00:00", "generated_at": "2026-09-30T13:31:09.486326", "nearest_km": 40.791908470074404, "n_points": 13, "weight_sum": 0.0011502075070010432, "confidence": "Medium", "flagged": false }, "geometry": { "type": "Polygon", "coordinates": [ [ [ -115.892199330721596, 53.252951136779991 ], [ -115.842199330721598, 53.252951136779991 ], [ -115.842199330721598, 53.302951136779988 ], [ -115.892199330721596, 53.302951136779988 ], [ -115.892199330721596, 53.252951136779991 ] ] ] } },
{ "type": "Feature", "properties": { "value": 1, "label": "AQHI 1", "color": "#01cbff", "timestamp": "2026-09-30 07:00:00", "generated_at": "2026-09-30T13:31:09.486326", "nearest_km": 40.849568458538819, "n_points": 13, "weight_sum": 0.0011277272103365455, "confidence": "Medium", "flagged": false }, "geometry": { "type": "Polygon", "coordinates": [ [ [ -115.842199330721598, 53.252951136779991 ], [ -115.792199330721601, 53.252951136779991 ], [ -115.792199330721601, 53.302951136779988 ], [ -115.842199330721598, 53.302951136779988 ], [ -115.842199330721598, 53.252951136779991 ] ] ] } },
{ "type": "Feature", "properties": { "value": 1, "label": "AQHI 1", "color": "#01cbff", "timestamp": "2026-09-30 07:00:00", "generated_at": "2026-09-30T13:31:09.486326", "nearest_km": 41.653327476526584, "n_points": 13, "weight_sum": 0.0011099573949560221, "confidence": "Medium", "flagged": false }, "geometry": { "type": "Polygon", "coordinates": [ [ [ -115.792199330721601, 53.252951136779991 ], [ -115.742199330721604, 53.252951136779991 ], [ -115.742199330721604, 53.302951136779988 ], [ -115.792199330721601, 53.302951136779988 ], [ -115.792199330721601, 53.252951136779991 ] ] ] } },
{ "type": "Feature", "properties": { "value": 1, "label": "AQHI 1", "color": "#01cbff", "timestamp": "2026-09-30 07:00:00", "generated_at": "2026-09-30T13:31:09.486326", "nearest_km": 43.161523797065747, "n_points": 11, "weight_sum": 0.00103269551762896, "confidence": "Medium", "flagged": false }, "geometry": { "type": "Polygon", "coordinates": [ [ [ -115.742199330721604, 53.252951136779991 ], [ -115.692199330721607, 53.252951136779991 ], [ -115.692199330721607, 53.302951136779988 ], [ -115.742199330721604, 53.302951136779988 ], [ -115.742199330721604, 53.252951136779991 ] ] ] } },
{ "type": "Feature", "properties": { "value": 1, "label": "AQHI 1", "color": "#01cbff", "timestamp": "2026-09-30 07:00:00", "generated_at": "2026-09-30T13:31:09.486326", "nearest_km": 45.303858368825203, "n_points": 11, "weight_sum": 0.0010373410865138837, "confidence": "Medium", "flagged": false }, "geometry": { "type": "Polygon", "coordinates": [ [ [ -115.692199330721607, 53.252951136779991 ], [ -115.64219933072161, 53.252951136779991 ], [ -115.64219933072161, 53.302951136779988 ], [ -115.692199330721607, 53.302951136779988 ], [ -115.692199330721607, 53.252951136779991 ] ] ] } },
{ "type": "Feature", "properties": { "value": 1, "label": "AQHI 1", "color": "#01cbff", "timestamp": "2026-09-30 07:00:00", "generated_at": "2026-09-30T13:31:09.486326", "nearest_km": 47.99548968101552, "n_points": 11, "weight_sum": 0.0010571410741961253, "confidence": "Medium", "flagged": false }, "geometry": { "type": "Polygon", "coordinates": [ [ [ -115.64219933072161, 53.252951136779991 ], [ -115.592199330721613, 53.252951136779991 ], [ -115.592199330721613, 53.302951136779988 ], [ -115.64219933072161, 53.302951136779988 ], [ -115.64219933072161, 53.252951136779991 ] ] ] } },
{ "type": "Feature", "properties": { "value": 1, "label": "AQHI 1", "color": "#01cbff", "timestamp": "2026-09-30 07:00:00", "generated_at": "2026-09-30T13:31:09.486326", "nearest_km": 51.149774939273719, "n_points": 11, "weight_sum": 0.0010971648476882992, "confidence": "Medium", "flagged": false }, "geometry": { "type": "Polygon", "coordinates": [ [ [ -115.592199330721613, 53.252951136779991 ], [ -115.542199330721616, 53.252951136779991 ], [ -115.542199330721616, 53.302951136779988 ], [ -115.592199330721613, 53.302951136779988 ], [ -115.592199330721613, 53.252951136779991 ] ] ] } },
{ "type": "Feature", "properties": { "value": 1, "label": "AQHI 1", "color": "#01cbff", "timestamp": "2026-09-30 07:00:00", "generated_at": "2026-09-30T13:31:09.486326", "nearest_km": 54.686716147125104, "n_points": 13, "weight_sum": 0.001231077513185051, "confidence": "Medium", "flagged": false }, "geometry": { "type": "Polygon", "coordinates": [ [ [ -115.542199330721616, 53.252951136779991 ], [ -115.492199330721618, 53.252951136779991 ], [ -115.492199330721618, 53.302951136779988 ], [ -115.542199330721616, 53.302951136779988 ], [ -115.542199330721616, 53.252951136779991 ] ] ] } },
{ "type": "Feature", "properties": { "value": 1, "label": "AQHI 1", "color": "#01cbff", "timestamp": "2026-09-30 07:00:00", "generated_at": "2026-09-30T13:31:09.486326", "nearest_km": 52.617809840311089, "n_points": 9, "weight_sum": 0.0013194080187894069, "confidence": "Medium", "flagged": false }, "geometry": { "type": "Polygon", "coordinates": [ [ [ -118.292199330721459, 53.302951136779988 ], [ -118.242199330721462, 53.302951136779988 ], [ -118.242199330721462, 53.352951136779986 ], [ -118.292199330721459, 53.352951136779986 ], [ -118.292199330721459, 53.302951136779988 ] ] ] } },
{ "type": "Feature", "properties": { "value": 1, "label": "AQHI 1", "color": "#01cbff", "timestamp": "2026-09-30 07:00:00", "generated_at": "2026-09-30T13:31:09.486326", "nearest_km": 50.440295451943285, "n_points": 9, "weight_sum": 0.0014490654640873827, "confidence": "Medium", "flagged": false }, "geometry": { "type": "Polygon", "coordinates": [ [ [ -118.242199330721462, 53.302951136779988 ], [ -118.192199330721465, 53.302951136779988 ], [ -118.192199330721465, 53.352951136779986 ], [ -118.242199330721462, 53.352951136779986 ], [ -118.242199330721462, 53.302951136779988 ] ] ] } },
{ "type": "Feature", "properties": { "value": 1, "label": "AQHI 1", "color": "#01cbff", "timestamp": "2026-09-30 07:00:00", "generated_at": "2026-09-30T13:31:09.486326", "nearest_km": 48.79626736131997, "n_points": 9, "weight_sum": 0.0015781778154026736, "confidence": "Medium", "flagged": false }, "geometry": { "type": "Polygon", "coordinates": [ [ [ -118.192199330721465, 53.302951136779988 ], [ -118.142199330721468, 53.302951136779988 ], [ -118.142199330721468, 53.352951136779986 ], [ -118.192199330721465, 53.352951136779986 ], [ -118.192199330721465, 53.302951136779988 ] ] ] } },
{ "type": "Feature", "properties": { "value": 1, "label": "AQHI 1", "color": "#01cbff", "timestamp": "2026-09-30 07:00:00", "generated_at": "2026-09-30T13:31:09.486326", "nearest_km": 47.744455296039384, "n_points": 9, "weight_sum": 0.0017035040815697091, "confidence": "Medium", "flagged": false }, "geometry": { "type": "Polygon", "coordinates": [ [ [ -118.142199330721468, 53.302951136779988 ], [ -118.092199330721471, 53.302951136779988 ], [ -118.092199330721471, 53.352951136779986 ], [ -118.142199330721468, 53.352951136779986 ], [ -118.142199330721468, 53.302951136779988 ] ] ] } },
{ "type": "Feature", "properties": { "value": 1, "label": "AQHI 1", "color": "#01cbff", "timestamp": "2026-09-30 07:00:00", "generated_at": "2026-09-30T13:31:09.486326", "nearest_km": 47.324362802192901, "n_points": 9, "weight_sum": 0.001825153983266123, "confidence": "Medium", "flagged": false }, "geometry": { "type": "Polygon", "coordinates": [ [ [ -118.092199330721471, 53.302951136779988 ], [ -118.042199330721473, 53.302951136779988 ], [ -118.042199330721473, 53.352951136779986 ], [ -118.092199330721471, 53.352951136779986 ], [ -118.092199330721471, 53.302951136779988 ] ] ] } },
{ "type": "Feature", "properties": { "value": 1, "label": "AQHI 1", "color": "#01cbff", "timestamp": "2026-09-30 07:00:00", "generated_at": "2026-09-30T13:31:09.486326", "nearest_km": 47.552735123772301, "n_points": 9, "weight_sum": 0.0019494189465202141, "confidence": "Medium", "flagged": false }, "geometry": { "type": "Polygon", "coordinates": [ [ [ -118.042199330721473, 53.302951136779988 ], [ -117.992199330721476, 53.302951136779988 ], [ -117.992199330721476, 53.352951136779986 ], [ -118.042199330721473, 53.352951136779986 ], [ -118.042199330721473, 53.302951136779988 ] ] ] } },
{ "type": "Feature", "properties": { "value": 1, "label": "AQHI 1", "color": "#01cbff", "timestamp": "2026-09-30 07:00:00", "generated_at": "2026-09-30T13:31:09.486326", "nearest_km": 46.327258618534849, "n_points": 9, "weight_sum": 0.0020914471887310783, "confidence": "Medium", "flagged": false }, "geometry": { "type": "Polygon", "coordinates": [ [ [ -117.992199330721476, 53.302951136779988 ], [ -117.942199330721479, 53.302951136779988 ], [ -117.942199330721479, 53.352951136779986 ], [ -117.992199330721476, 53.352951136779986 ], [ -117.992199330721476, 53.302951136779988 ] ] ] } },
{ "type": "Feature", "properties": { "value": 1, "label": "AQHI 1", "color": "#01cbff", "timestamp": "2026-09-30 07:00:00", "generated_at": "2026-09-30T13:31:09.486326", "nearest_km": 40.924624027432429, "n_points": 9, "weight_sum": 0.002278056853845556, "confidence": "Medium", "flagged": false }, "geometry": { "type": "Polygon", "coordinates": [ [ [ -117.942199330721479, 53.302951136779988 ], [ -117.892199330721482, 53.302951136779988 ], [ -117.892199330721482, 53.352951136779986 ], [ -117.942199330721479, 53.352951136779986 ], [ -117.942199330721479, 53.302951136779988 ] ] ] } },
{ "type": "Feature", "properties": { "value": 1, "label": "AQHI 1", "color": "#01cbff", "timestamp": "2026-09-30 07:00:00", "generated_at": "2026-09-30T13:31:09.486326", "nearest_km": 35.567398168333625, "n_points": 9, "weight_sum": 0.002552802554119004, "confidence": "Medium", "flagged": false }, "geometry": { "type": "Polygon", "coordinates": [ [ [ -117.892199330721482, 53.302951136779988 ], [ -117.842199330721485, 53.302951136779988 ], [ -117.842199330721485, 53.352951136779986 ], [ -117.892199330721482, 53.352951136779986 ], [ -117.892199330721482, 53.302951136779988 ] ] ] } },
{ "type": "Feature", "properties": { "value": 2, "label": "AQHI 2", "color": "#0099cb", "timestamp": "2026-09-30 07:00:00", "generated_at": "2026-09-30T13:31:09.486326", "nearest_km": 30.279692421536531, "n_points": 9, "weight_sum": 0.0029881547296739643, "confidence": "Medium", "flagged": false }, "geometry": { "type": "Polygon", "coordinates": [ [ [ -117.842199330721485, 53.302951136779988 ], [ -117.792199330721488, 53.302951136779988 ], [ -117.792199330721488, 53.352951136779986 ], [ -117.842199330721485, 53.352951136779986 ], [ -117.842199330721485, 53.302951136779988 ] ] ] } },
{ "type": "Feature", "properties": { "value": 2, "label": "AQHI 2", "color": "#0099cb", "timestamp": "2026-09-30 07:00:00", "generated_at": "2026-09-30T13:31:09.486326", "nearest_km": 25.105472188766431, "n_points": 9, "weight_sum": 0.0037147683821991137, "confidence": "Medium", "flagged": false }, "geometry": { "type": "Polygon", "coordinates": [ [ [ -117.792199330721488, 53.302951136779988 ], [ -117.74219933072149, 53.302951136779988 ], [ -117.74219933072149, 53.352951136779986 ], [ -117.792199330721488, 53.352951136779986 ], [ -117.792199330721488, 53.302951136779988 ] ] ] } },
{ "type": "Feature", "properties": { "value": 2, "label": "AQHI 2", "color": "#0099cb", "timestamp": "2026-09-30 07:00:00", "generated_at": "2026-09-30T13:31:09.486326", "nearest_km": 20.13242892695726, "n_points": 11, "weight_sum": 0.0050339794531264886, "confidence": "High", "flagged": false }, "geometry": { "type": "Polygon", "coordinates": [ [ [ -117.74219933072149, 53.302951136779988 ], [ -117.692199330721493, 53.302951136779988 ], [ -117.692199330721493, 53.352951136779986 ], [ -117.74219933072149, 53.352951136779986 ], [ -117.74219933072149, 53.302951136779988 ] ] ] } },
{ "type": "Feature", "properties": { "value": 2, "label": "AQHI 2", "color": "#0099cb", "timestamp": "2026-09-30 07:00:00", "generated_at": "2026-09-30T13:31:09.486326", "nearest_km": 15.554730958041006, "n_points": 12, "weight_sum": 0.0074116468982058726, "confidence": "High", "flagged": false }, "geometry": { "type": "Polygon", "coordinates": [ [ [ -117.692199330721493, 53.302951136779988 ], [ -117.642199330721496, 53.302951136779988 ], [ -117.642199330721496, 53.352951136779986 ], [ -117.692199330721493, 53.352951136779986 ], [ -117.692199330721493, 53.302951136779988 ] ] ] } },
{ "type": "Feature", "properties": { "value": 2, "label": "AQHI 2", "color": "#0099cb", "timestamp": "2026-09-30 07:00:00", "generated_at": "2026-09-30T13:31:09.486326", "nearest_km": 11.840169587260402, "n_points": 12, "weight_sum": 0.011475850761553929, "confidence": "High", "flagged": false }, "geometry": { "type": "Polygon", "coordinates": [ [ [ -117.642199330721496, 53.302951136779988 ], [ -117.592199330721499, 53.302951136779988 ], [ -117.592199330721499, 53.352951136779986 ], [ -117.642199330721496, 53.352951136779986 ], [ -117.642199330721496, 53.302951136779988 ] ] ] } },
{ "type": "Feature", "properties": { "value": 2, "label": "AQHI 2", "color": "#0099cb", "timestamp": "2026-09-30 07:00:00", "generated_at": "2026-09-30T13:31:09.486326", "nearest_km": 10.001728677240047, "n_points": 13, "weight_sum": 0.015734667639617415, "confidence": "High", "flagged": false }, "geometry": { "type": "Polygon", "coordinates": [ [ [ -117.592199330721499, 53.302951136779988 ], [ -117.542199330721502, 53.302951136779988 ], [ -117.542199330721502, 53.352951136779986 ], [ -117.592199330721499, 53.352951136779986 ], [ -117.592199330721499, 53.302951136779988 ] ] ] } },
{ "type": "Feature", "properties": { "value": 2, "label": "AQHI 2", "color": "#0099cb", "timestamp": "2026-09-30 07:00:00", "generated_at": "2026-09-30T13:31:09.486326", "nearest_km": 11.022002413861049, "n_points": 13, "weight_sum": 0.01470063336621706, "confidence": "High", "flagged": false }, "geometry": { "type": "Polygon", "coordinates": [ [ [ -117.542199330721502, 53.302951136779988 ], [ -117.492199330721505, 53.302951136779988 ], [ -117.492199330721505, 53.352951136779986 ], [ -117.542199330721502, 53.352951136779986 ], [ -117.542199330721502, 53.302951136779988 ] ] ] } },
{ "type": "Feature", "properties": { "value": 2, "label": "AQHI 2", "color": "#0099cb", "timestamp": "2026-09-30 07:00:00", "generated_at": "2026-09-30T13:31:09.486326", "nearest_km": 14.301730590707708, "n_points": 13, "weight_sum": 0.010663991659942426, "confidence": "High", "flagged": false }, "geometry": { "type": "Polygon", "coordinates": [ [ [ -117.492199330721505, 53.302951136779988 ], [ -117.442199330721508, 53.302951136779988 ], [ -117.442199330721508, 53.352951136779986 ], [ -117.492199330721505, 53.352951136779986 ], [ -117.492199330721505, 53.302951136779988 ] ] ] } },
{ "type": "Feature", "properties": { "value": 1, "label": "AQHI 1", "color": "#01cbff", "timestamp": "2026-09-30 07:00:00", "generated_at": "2026-09-30T13:31:09.486326", "nearest_km": 17.843033487248153, "n_points": 13, "weight_sum": 0.007437573172414556, "confidence": "High", "flagged": false }, "geometry": { "type": "Polygon", "coordinates": [ [ [ -117.442199330721508, 53.302951136779988 ], [ -117.39219933072151, 53.302951136779988 ], [ -117.39219933072151, 53.352951136779986 ], [ -117.442199330721508, 53.352951136779986 ], [ -117.442199330721508, 53.302951136779988 ] ] ] } },
{ "type": "Feature", "properties": { "value": 2, "label": "AQHI 2", "color": "#0099cb", "timestamp": "2026-09-30 07:00:00", "generated_at": "2026-09-30T13:31:09.486326", "nearest_km": 21.787324281450367, "n_points": 13, "weight_sum": 0.0055337396138032376, "confidence": "High", "flagged": false }, "geometry": { "type": "Polygon", "coordinates": [ [ [ -117.39219933072151, 53.302951136779988 ], [ -117.342199330721513, 53.302951136779988 ], [ -117.342199330721513, 53.352951136779986 ], [ -117.39219933072151, 53.352951136779986 ], [ -117.39219933072151, 53.302951136779988 ] ] ] } },
{ "type": "Feature", "properties": { "value": 2, "label": "AQHI 2", "color": "#0099cb", "timestamp": "2026-09-30 07:00:00", "generated_at": "2026-09-30T13:31:09.486326", "nearest_km": 26.31741162544462, "n_points": 13, "weight_sum": 0.004571646439786697, "confidence": "Medium", "flagged": false }, "geometry": { "type": "Polygon", "coordinates": [ [ [ -117.342199330721513, 53.302951136779988 ], [ -117.292199330721516, 53.302951136779988 ], [ -117.292199330721516, 53.352951136779986 ], [ -117.342199330721513, 53.352951136779986 ], [ -117.342199330721513, 53.302951136779988 ] ] ] } },
{ "type": "Feature", "properties": { "value": 2, "label": "AQHI 2", "color": "#0099cb", "timestamp": "2026-09-30 07:00:00", "generated_at": "2026-09-30T13:31:09.486326", "nearest_km": 29.260683615740941, "n_points": 13, "weight_sum": 0.0042264337125319179, "confidence": "Medium", "flagged": false }, "geometry": { "type": "Polygon", "coordinates": [ [ [ -117.292199330721516, 53.302951136779988 ], [ -117.242199330721519, 53.302951136779988 ], [ -117.242199330721519, 53.352951136779986 ], [ -117.292199330721516, 53.352951136779986 ], [ -117.292199330721516, 53.302951136779988 ] ] ] } },
{ "type": "Feature", "properties": { "value": 2, "label": "AQHI 2", "color": "#0099cb", "timestamp": "2026-09-30 07:00:00", "generated_at": "2026-09-30T13:31:09.486326", "nearest_km": 25.28298189254026, "n_points": 13, "weight_sum": 0.0043265689012576937, "confidence": "Medium", "flagged": false }, "geometry": { "type": "Polygon", "coordinates": [ [ [ -117.242199330721519, 53.302951136779988 ], [ -117.192199330721522, 53.302951136779988 ], [ -117.192199330721522, 53.352951136779986 ], [ -117.242199330721519, 53.352951136779986 ], [ -117.242199330721519, 53.302951136779988 ] ] ] } },
{ "type": "Feature", "properties": { "value": 2, "label": "AQHI 2", "color": "#0099cb", "timestamp": "2026-09-30 07:00:00", "generated_at": "2026-09-30T13:31:09.486326", "nearest_km": 21.997175752731074, "n_points": 13, "weight_sum": 0.0047527261277628026, "confidence": "High", "flagged": false }, "geometry": { "type": "Polygon", "coordinates": [ [ [ -117.192199330721522, 53.302951136779988 ], [ -117.142199330721525, 53.302951136779988 ], [ -117.142199330721525, 53.352951136779986 ], [ -117.192199330721522, 53.352951136779986 ], [ -117.192199330721522, 53.302951136779988 ] ] ] } },
{ "type": "Feature", "properties": { "value": 2, "label": "AQHI 2", "color": "#0099cb", "timestamp": "2026-09-30 07:00:00", "generated_at": "2026-09-30T13:31:09.486326", "nearest_km": 19.75164066133631, "n_points": 14, "weight_sum": 0.0053003868414711226, "confidence": "High", "flagged": false }, "geometry": { "type": "Polygon", "coordinates": [ [ [ -117.142199330721525, 53.302951136779988 ], [ -117.092199330721527, 53.302951136779988 ], [ -117.092199330721527, 53.352951136779986 ], [ -117.142199330721525, 53.352951136779986 ], [ -117.142199330721525, 53.302951136779988 ] ] ] } },
{ "type": "Feature", "properties": { "value": 2, "label": "AQHI 2", "color": "#0099cb", "timestamp": "2026-09-30 07:00:00", "generated_at": "2026-09-30T13:31:09.486326", "nearest_km": 18.920461847760507, "n_points": 14, "weight_sum": 0.0054999687956431478, "confidence": "High", "flagged": false }, "geometry": { "type": "Polygon", "coordinates": [ [ [ -117.092199330721527, 53.302951136779988 ], [ -117.04219933072153, 53.302951136779988 ], [ -117.04219933072153, 53.352951136779986 ], [ -117.092199330721527, 53.352951136779986 ], [ -117.092199330721527, 53.302951136779988 ] ] ] } },
{ "type": "Feature", "properties": { "value": 2, "label": "AQHI 2", "color": "#0099cb", "timestamp": "2026-09-30 07:00:00", "generated_at": "2026-09-30T13:31:09.486326", "nearest_km": 19.683633918831173, "n_points": 14, "weight_sum": 0.0050890348755087871, "confidence": "High", "flagged": false }, "geometry": { "type": "Polygon", "coordinates": [ [ [ -117.04219933072153, 53.302951136779988 ], [ -116.992199330721533, 53.302951136779988 ], [ -116.992199330721533, 53.352951136779986 ], [ -117.04219933072153, 53.352951136779986 ], [ -117.04219933072153, 53.302951136779988 ] ] ] } },
{ "type": "Feature", "properties": { "value": 2, "label": "AQHI 2", "color": "#0099cb", "timestamp": "2026-09-30 07:00:00", "generated_at": "2026-09-30T13:31:09.486326", "nearest_km": 21.874917416268211, "n_points": 14, "weight_sum": 0.0042989071221618104, "confidence": "High", "flagged": false }, "geometry": { "type": "Polygon", "coordinates": [ [ [ -116.992199330721533, 53.302951136779988 ], [ -116.942199330721536, 53.302951136779988 ], [ -116.942199330721536, 53.352951136779986 ], [ -116.992199330721533, 53.352951136779986 ], [ -116.992199330721533, 53.302951136779988 ] ] ] } },
{ "type": "Feature", "properties": { "value": 2, "label": "AQHI 2", "color": "#0099cb", "timestamp": "2026-09-30 07:00:00", "generated_at": "2026-09-30T13:31:09.486326", "nearest_km": 25.123367204388433, "n_points": 14, "weight_sum": 0.0035186830402434218, "confidence": "Medium", "flagged": false }, "geometry": { "type": "Polygon", "coordinates": [ [ [ -116.942199330721536, 53.302951136779988 ], [ -116.892199330721539, 53.302951136779988 ], [ -116.892199330721539, 53.352951136779986 ], [ -116.942199330721536, 53.352951136779986 ], [ -116.942199330721536, 53.302951136779988 ] ] ] } },
{ "type": "Feature", "properties": { "value": 2, "label": "AQHI 2", "color": "#0099cb", "timestamp": "2026-09-30 07:00:00", "generated_at": "2026-09-30T13:31:09.486326", "nearest_km": 29.066643480866976, "n_points": 14, "weight_sum": 0.0029231761825512337, "confidence": "Medium", "flagged": false }, "geometry": { "type": "Polygon", "coordinates": [ [ [ -116.892199330721539, 53.302951136779988 ], [ -116.842199330721542, 53.302951136779988 ], [ -116.842199330721542, 53.352951136779986 ], [ -116.892199330721539, 53.352951136779986 ], [ -116.892199330721539, 53.302951136779988 ] ] ] } },
{ "type": "Feature", "properties": { "value": 2, "label": "AQHI 2", "color": "#0099cb", "timestamp": "2026-09-30 07:00:00", "generated_at": "2026-09-30T13:31:09.486326", "nearest_km": 33.468035599087806, "n_points": 13, "weight_sum": 0.0025005260300686059, "confidence": "Medium", "flagged": false }, "geometry": { "type": "Polygon", "coordinates": [ [ [ -116.842199330721542, 53.302951136779988 ], [ -116.792199330721544, 53.302951136779988 ], [ -116.792199330721544, 53.352951136779986 ], [ -116.842199330721542, 53.352951136779986 ], [ -116.842199330721542, 53.302951136779988 ] ] ] } },
{ "type": "Feature", "properties": { "value": 2, "label": "AQHI 2", "color": "#0099cb", "timestamp": "2026-09-30 07:00:00", "generated_at": "2026-09-30T13:31:09.486326", "nearest_km": 38.170067467582285, "n_points": 10, "weight_sum": 0.0021709019789640694, "confidence": "Medium", "flagged": false }, "geometry": { "type": "Polygon", "coordinates": [ [ [ -116.792199330721544, 53.302951136779988 ], [ -116.742199330721547, 53.302951136779988 ], [ -116.742199330721547, 53.352951136779986 ], [ -116.792199330721544, 53.352951136779986 ], [ -116.792199330721544, 53.302951136779988 ] ] ] } },
{ "type": "Feature", "properties": { "value": 2, "label": "AQHI 2", "color": "#0099cb", "timestamp": "2026-09-30 07:00:00", "generated_at": "2026-09-30T13:31:09.486326", "nearest_km": 43.074397199470496, "n_points": 10, "weight_sum": 0.0020557393178775385, "confidence": "Medium", "flagged": false }, "geometry": { "type": "Polygon", "coordinates": [ [ [ -116.742199330721547, 53.302951136779988 ], [ -116.69219933072155, 53.302951136779988 ], [ -116.69219933072155, 53.352951136779986 ], [ -116.742199330721547, 53.352951136779986 ], [ -116.742199330721547, 53.302951136779988 ] ] ] } },
{ "type": "Feature", "properties": { "value": 2, "label": "AQHI 2", "color": "#0099cb", "timestamp": "2026-09-30 07:00:00", "generated_at": "2026-09-30T13:31:09.486326", "nearest_km": 41.237667249240317, "n_points": 10, "weight_sum": 0.0020354050765460396, "confidence": "Medium", "flagged": false }, "geometry": { "type": "Polygon", "coordinates": [ [ [ -116.69219933072155, 53.302951136779988 ], [ -116.642199330721553, 53.302951136779988 ], [ -116.642199330721553, 53.352951136779986 ], [ -116.69219933072155, 53.352951136779986 ], [ -116.69219933072155, 53.302951136779988 ] ] ] } },
{ "type": "Feature", "properties": { "value": 2, "label": "AQHI 2", "color": "#0099cb", "timestamp": "2026-09-30 07:00:00", "generated_at": "2026-09-30T13:31:09.486326", "nearest_km": 37.752261916036936, "n_points": 10, "weight_sum": 0.0020907460852115779, "confidence": "Medium", "flagged": false }, "geometry": { "type": "Polygon", "coordinates": [ [ [ -116.642199330721553, 53.302951136779988 ], [ -116.592199330721556, 53.302951136779988 ], [ -116.592199330721556, 53.352951136779986 ], [ -116.642199330721553, 53.352951136779986 ], [ -116.642199330721553, 53.302951136779988 ] ] ] } },
{ "type": "Feature", "properties": { "value": 2, "label": "AQHI 2", "color": "#0099cb", "timestamp": "2026-09-30 07:00:00", "generated_at": "2026-09-30T13:31:09.486326", "nearest_km": 34.806987220887571, "n_points": 10, "weight_sum": 0.0022021830368927223, "confidence": "Medium", "flagged": false }, "geometry": { "type": "Polygon", "coordinates": [ [ [ -116.592199330721556, 53.302951136779988 ], [ -116.542199330721559, 53.302951136779988 ], [ -116.542199330721559, 53.352951136779986 ], [ -116.592199330721556, 53.352951136779986 ], [ -116.592199330721556, 53.302951136779988 ] ] ] } },
{ "type": "Feature", "properties": { "value": 2, "label": "AQHI 2", "color": "#0099cb", "timestamp": "2026-09-30 07:00:00", "generated_at": "2026-09-30T13:31:09.486326", "nearest_km": 32.548800884410497, "n_points": 10, "weight_sum": 0.0023417509442221554, "confidence": "Medium", "flagged": false }, "geometry": { "type": "Polygon", "coordinates": [ [ [ -116.542199330721559, 53.302951136779988 ], [ -116.492199330721562, 53.302951136779988 ], [ -116.492199330721562, 53.352951136779986 ], [ -116.542199330721559, 53.352951136779986 ], [ -116.542199330721559, 53.302951136779988 ] ] ] } },
{ "type": "Feature", "properties": { "value": 2, "label": "AQHI 2", "color": "#0099cb", "timestamp": "2026-09-30 07:00:00", "generated_at": "2026-09-30T13:31:09.486326", "nearest_km": 31.127600592255185, "n_points": 10, "weight_sum": 0.0024682978049159199, "confidence": "Medium", "flagged": false }, "geometry": { "type": "Polygon", "coordinates": [ [ [ -116.492199330721562, 53.302951136779988 ], [ -116.442199330721564, 53.302951136779988 ], [ -116.442199330721564, 53.352951136779986 ], [ -116.492199330721562, 53.352951136779986 ], [ -116.492199330721562, 53.302951136779988 ] ] ] } },
{ "type": "Feature", "properties": { "value": 2, "label": "AQHI 2", "color": "#0099cb", "timestamp": "2026-09-30 07:00:00", "generated_at": "2026-09-30T13:31:09.486326", "nearest_km": 30.659999971443611, "n_points": 10, "weight_sum": 0.0025335200960149716, "confidence": "Medium", "flagged": false }, "geometry": { "type": "Polygon", "coordinates": [ [ [ -116.442199330721564, 53.302951136779988 ], [ -116.392199330721567, 53.302951136779988 ], [ -116.392199330721567, 53.352951136779986 ], [ -116.442199330721564, 53.352951136779986 ], [ -116.442199330721564, 53.302951136779988 ] ] ] } },
{ "type": "Feature", "properties": { "value": 2, "label": "AQHI 2", "color": "#0099cb", "timestamp": "2026-09-30 07:00:00", "generated_at": "2026-09-30T13:31:09.486326", "nearest_km": 31.188919151949978, "n_points": 9, "weight_sum": 0.0024805949051321463, "confidence": "Medium", "flagged": false }, "geometry": { "type": "Polygon", "coordinates": [ [ [ -116.392199330721567, 53.302951136779988 ], [ -116.34219933072157, 53.302951136779988 ], [ -116.34219933072157, 53.352951136779986 ], [ -116.392199330721567, 53.352951136779986 ], [ -116.392199330721567, 53.302951136779988 ] ] ] } },
{ "type": "Feature", "properties": { "value": 2, "label": "AQHI 2", "color": "#0099cb", "timestamp": "2026-09-30 07:00:00", "generated_at": "2026-09-30T13:31:09.486326", "nearest_km": 32.665987777577079, "n_points": 9, "weight_sum": 0.002351506377915826, "confidence": "Medium", "flagged": false }, "geometry": { "type": "Polygon", "coordinates": [ [ [ -116.34219933072157, 53.302951136779988 ], [ -116.292199330721573, 53.302951136779988 ], [ -116.292199330721573, 53.352951136779986 ], [ -116.34219933072157, 53.352951136779986 ], [ -116.34219933072157, 53.302951136779988 ] ] ] } },
{ "type": "Feature", "properties": { "value": 2, "label": "AQHI 2", "color": "#0099cb", "timestamp": "2026-09-30 07:00:00", "generated_at": "2026-09-30T13:31:09.486326", "nearest_km": 34.140255546376117, "n_points": 14, "weight_sum": 0.0022937390844001704, "confidence": "Medium", "flagged": false }, "geometry": { "type": "Polygon", "coordinates": [ [ [ -116.292199330721573, 53.302951136779988 ], [ -116.242199330721576, 53.302951136779988 ], [ -116.242199330721576, 53.352951136779986 ], [ -116.292199330721573, 53.352951136779986 ], [ -116.292199330721573, 53.302951136779988 ] ] ] } },
{ "type": "Feature", "properties": { "value": 2, "label": "AQHI 2", "color": "#0099cb", "timestamp": "2026-09-30 07:00:00", "generated_at": "2026-09-30T13:31:09.486326", "nearest_km": 36.335692193624347, "n_points": 15, "weight_sum": 0.002106068025677239, "confidence": "Medium", "flagged": false }, "geometry": { "type": "Polygon", "coordinates": [ [ [ -116.242199330721576, 53.302951136779988 ], [ -116.192199330721579, 53.302951136779988 ], [ -116.192199330721579, 53.352951136779986 ], [ -116.242199330721576, 53.352951136779986 ], [ -116.242199330721576, 53.302951136779988 ] ] ] } },
{ "type": "Feature", "properties": { "value": 2, "label": "AQHI 2", "color": "#0099cb", "timestamp": "2026-09-30 07:00:00", "generated_at": "2026-09-30T13:31:09.486326", "nearest_km": 39.1996556822602, "n_points": 13, "weight_sum": 0.0018220169104183241, "confidence": "Medium", "flagged": false }, "geometry": { "type": "Polygon", "coordinates": [ [ [ -116.192199330721579, 53.302951136779988 ], [ -116.142199330721581, 53.302951136779988 ], [ -116.142199330721581, 53.352951136779986 ], [ -116.192199330721579, 53.352951136779986 ], [ -116.192199330721579, 53.302951136779988 ] ] ] } },
{ "type": "Feature", "properties": { "value": 2, "label": "AQHI 2", "color": "#0099cb", "timestamp": "2026-09-30 07:00:00", "generated_at": "2026-09-30T13:31:09.486326", "nearest_km": 42.597517345799488, "n_points": 13, "weight_sum": 0.0016609235069671886, "confidence": "Medium", "flagged": false }, "geometry": { "type": "Polygon", "coordinates": [ [ [ -116.142199330721581, 53.302951136779988 ], [ -116.092199330721584, 53.302951136779988 ], [ -116.092199330721584, 53.352951136779986 ], [ -116.142199330721581, 53.352951136779986 ], [ -116.142199330721581, 53.302951136779988 ] ] ] } },
{ "type": "Feature", "properties": { "value": 2, "label": "AQHI 2", "color": "#0099cb", "timestamp": "2026-09-30 07:00:00", "generated_at": "2026-09-30T13:31:09.486326", "nearest_km": 42.894812067263075, "n_points": 13, "weight_sum": 0.0015370930829731596, "confidence": "Medium", "flagged": false }, "geometry": { "type": "Polygon", "coordinates": [ [ [ -116.092199330721584, 53.302951136779988 ], [ -116.042199330721587, 53.302951136779988 ], [ -116.042199330721587, 53.352951136779986 ], [ -116.092199330721584, 53.352951136779986 ], [ -116.092199330721584, 53.302951136779988 ] ] ] } },
{ "type": "Feature", "properties": { "value": 2, "label": "AQHI 2", "color": "#0099cb", "timestamp": "2026-09-30 07:00:00", "generated_at": "2026-09-30T13:31:09.486326", "nearest_km": 39.978148392637792, "n_points": 13, "weight_sum": 0.0014485068829592353, "confidence": "Medium", "flagged": false }, "geometry": { "type": "Polygon", "coordinates": [ [ [ -116.042199330721587, 53.302951136779988 ], [ -115.99219933072159, 53.302951136779988 ], [ -115.99219933072159, 53.352951136779986 ], [ -116.042199330721587, 53.352951136779986 ], [ -116.042199330721587, 53.302951136779988 ] ] ] } },
{ "type": "Feature", "properties": { "value": 1, "label": "AQHI 1", "color": "#01cbff", "timestamp": "2026-09-30 07:00:00", "generated_at": "2026-09-30T13:31:09.486326", "nearest_km": 37.658263309952446, "n_points": 12, "weight_sum": 0.0013443995108986502, "confidence": "Medium", "flagged": false }, "geometry": { "type": "Polygon", "coordinates": [ [ [ -115.99219933072159, 53.302951136779988 ], [ -115.942199330721593, 53.302951136779988 ], [ -115.942199330721593, 53.352951136779986 ], [ -115.99219933072159, 53.352951136779986 ], [ -115.99219933072159, 53.302951136779988 ] ] ] } },
{ "type": "Feature", "properties": { "value": 1, "label": "AQHI 1", "color": "#01cbff", "timestamp": "2026-09-30 07:00:00", "generated_at": "2026-09-30T13:31:09.486326", "nearest_km": 36.050551204380305, "n_points": 12, "weight_sum": 0.0013038103073299257, "confidence": "Medium", "flagged": false }, "geometry": { "type": "Polygon", "coordinates": [ [ [ -115.942199330721593, 53.302951136779988 ], [ -115.892199330721596, 53.302951136779988 ], [ -115.892199330721596, 53.352951136779986 ], [ -115.942199330721593, 53.352951136779986 ], [ -115.942199330721593, 53.302951136779988 ] ] ] } },
{ "type": "Feature", "properties": { "value": 1, "label": "AQHI 1", "color": "#01cbff", "timestamp": "2026-09-30 07:00:00", "generated_at": "2026-09-30T13:31:09.486326", "nearest_km": 35.252584142975607, "n_points": 13, "weight_sum": 0.0012942603076465053, "confidence": "Medium", "flagged": false }, "geometry": { "type": "Polygon", "coordinates": [ [ [ -115.892199330721596, 53.302951136779988 ], [ -115.842199330721598, 53.302951136779988 ], [ -115.842199330721598, 53.352951136779986 ], [ -115.892199330721596, 53.352951136779986 ], [ -115.892199330721596, 53.302951136779988 ] ] ] } },
{ "type": "Feature", "properties": { "value": 1, "label": "AQHI 1", "color": "#01cbff", "timestamp": "2026-09-30 07:00:00", "generated_at": "2026-09-30T13:31:09.486326", "nearest_km": 35.319288432462749, "n_points": 13, "weight_sum": 0.0012634184117428135, "confidence": "Medium", "flagged": false }, "geometry": { "type": "Polygon", "coordinates": [ [ [ -115.842199330721598, 53.302951136779988 ], [ -115.792199330721601, 53.302951136779988 ], [ -115.792199330721601, 53.352951136779986 ], [ -115.842199330721598, 53.352951136779986 ], [ -115.842199330721598, 53.302951136779988 ] ] ] } },
{ "type": "Feature", "properties": { "value": 1, "label": "AQHI 1", "color": "#01cbff", "timestamp": "2026-09-30 07:00:00", "generated_at": "2026-09-30T13:31:09.486326", "nearest_km": 36.245890553184253, "n_points": 13, "weight_sum": 0.0012319238106121228, "confidence": "Medium", "flagged": false }, "geometry": { "type": "Polygon", "coordinates": [ [ [ -115.792199330721601, 53.302951136779988 ], [ -115.742199330721604, 53.302951136779988 ], [ -115.742199330721604, 53.352951136779986 ], [ -115.792199330721601, 53.352951136779986 ], [ -115.792199330721601, 53.302951136779988 ] ] ] } },
{ "type": "Feature", "properties": { "value": 1, "label": "AQHI 1", "color": "#01cbff", "timestamp": "2026-09-30 07:00:00", "generated_at": "2026-09-30T13:31:09.486326", "nearest_km": 37.969488126801494, "n_points": 11, "weight_sum": 0.0011383835607988156, "confidence": "Medium", "flagged": false }, "geometry": { "type": "Polygon", "coordinates": [ [ [ -115.742199330721604, 53.302951136779988 ], [ -115.692199330721607, 53.302951136779988 ], [ -115.692199330721607, 53.352951136779986 ], [ -115.742199330721604, 53.352951136779986 ], [ -115.742199330721604, 53.302951136779988 ] ] ] } },
{ "type": "Feature", "properties": { "value": 1, "label": "AQHI 1", "color": "#01cbff", "timestamp": "2026-09-30 07:00:00", "generated_at": "2026-09-30T13:31:09.486326", "nearest_km": 40.388172467062937, "n_points": 11, "weight_sum": 0.0011263878219685249, "confidence": "Medium", "flagged": false }, "geometry": { "type": "Polygon", "coordinates": [ [ [ -115.692199330721607, 53.302951136779988 ], [ -115.64219933072161, 53.302951136779988 ], [ -115.64219933072161, 53.352951136779986 ], [ -115.692199330721607, 53.352951136779986 ], [ -115.692199330721607, 53.302951136779988 ] ] ] } },
{ "type": "Feature", "properties": { "value": 1, "label": "AQHI 1", "color": "#01cbff", "timestamp": "2026-09-30 07:00:00", "generated_at": "2026-09-30T13:31:09.486326", "nearest_km": 43.385849327253169, "n_points": 12, "weight_sum": 0.0011546701042919611, "confidence": "Medium", "flagged": false }, "geometry": { "type": "Polygon", "coordinates": [ [ [ -115.64219933072161, 53.302951136779988 ], [ -115.592199330721613, 53.302951136779988 ], [ -115.592199330721613, 53.352951136779986 ], [ -115.64219933072161, 53.352951136779986 ], [ -115.64219933072161, 53.302951136779988 ] ] ] } },
{ "type": "Feature", "properties": { "value": 1, "label": "AQHI 1", "color": "#01cbff", "timestamp": "2026-09-30 07:00:00", "generated_at": "2026-09-30T13:31:09.486326", "nearest_km": 46.851514046666637, "n_points": 12, "weight_sum": 0.0011859497665512267, "confidence": "Medium", "flagged": false }, "geometry": { "type": "Polygon", "coordinates": [ [ [ -115.592199330721613, 53.302951136779988 ], [ -115.542199330721616, 53.302951136779988 ], [ -115.542199330721616, 53.352951136779986 ], [ -115.592199330721613, 53.352951136779986 ], [ -115.592199330721613, 53.302951136779988 ] ] ] } },
{ "type": "Feature", "properties": { "value": 1, "label": "AQHI 1", "color": "#01cbff", "timestamp": "2026-09-30 07:00:00", "generated_at": "2026-09-30T13:31:09.486326", "nearest_km": 50.689267257308828, "n_points": 13, "weight_sum": 0.0012924920667168093, "confidence": "Medium", "flagged": false }, "geometry": { "type": "Polygon", "coordinates": [ [ [ -115.542199330721616, 53.302951136779988 ], [ -115.492199330721618, 53.302951136779988 ], [ -115.492199330721618, 53.352951136779986 ], [ -115.542199330721616, 53.352951136779986 ], [ -115.542199330721616, 53.302951136779988 ] ] ] } },
{ "type": "Feature", "properties": { "value": 1, "label": "AQHI 1", "color": "#01cbff", "timestamp": "2026-09-30 07:00:00", "generated_at": "2026-09-30T13:31:09.486326", "nearest_km": 54.821020254102841, "n_points": 13, "weight_sum": 0.0013945233444919052, "confidence": "Medium", "flagged": false }, "geometry": { "type": "Polygon", "coordinates": [ [ [ -115.492199330721618, 53.302951136779988 ], [ -115.442199330721621, 53.302951136779988 ], [ -115.442199330721621, 53.352951136779986 ], [ -115.492199330721618, 53.352951136779986 ], [ -115.492199330721618, 53.302951136779988 ] ] ] } },
{ "type": "Feature", "properties": { "value": 1, "label": "AQHI 1", "color": "#01cbff", "timestamp": "2026-09-30 07:00:00", "generated_at": "2026-09-30T13:31:09.486326", "nearest_km": 51.750420053222911, "n_points": 13, "weight_sum": 0.0015434430999514486, "confidence": "Medium", "flagged": false }, "geometry": { "type": "Polygon", "coordinates": [ [ [ -115.442199330721621, 53.302951136779988 ], [ -115.392199330721624, 53.302951136779988 ], [ -115.392199330721624, 53.352951136779986 ], [ -115.442199330721621, 53.352951136779986 ], [ -115.442199330721621, 53.302951136779988 ] ] ] } },
{ "type": "Feature", "properties": { "value": 1, "label": "AQHI 1", "color": "#01cbff", "timestamp": "2026-09-30 07:00:00", "generated_at": "2026-09-30T13:31:09.486326", "nearest_km": 46.299370158814604, "n_points": 13, "weight_sum": 0.0017536127433710664, "confidence": "Medium", "flagged": false }, "geometry": { "type": "Polygon", "coordinates": [ [ [ -115.392199330721624, 53.302951136779988 ], [ -115.342199330721627, 53.302951136779988 ], [ -115.342199330721627, 53.352951136779986 ], [ -115.392199330721624, 53.352951136779986 ], [ -115.392199330721624, 53.302951136779988 ] ] ] } },
{ "type": "Feature", "properties": { "value": 1, "label": "AQHI 1", "color": "#01cbff", "timestamp": "2026-09-30 07:00:00", "generated_at": "2026-09-30T13:31:09.486326", "nearest_km": 40.874960287697412, "n_points": 13, "weight_sum": 0.0020477603823387687, "confidence": "Medium", "flagged": false }, "geometry": { "type": "Polygon", "coordinates": [ [ [ -115.342199330721627, 53.302951136779988 ], [ -115.29219933072163, 53.302951136779988 ], [ -115.29219933072163, 53.352951136779986 ], [ -115.342199330721627, 53.352951136779986 ], [ -115.342199330721627, 53.302951136779988 ] ] ] } },
{ "type": "Feature", "properties": { "value": 1, "label": "AQHI 1", "color": "#01cbff", "timestamp": "2026-09-30 07:00:00", "generated_at": "2026-09-30T13:31:09.486326", "nearest_km": 35.489407996453565, "n_points": 13, "weight_sum": 0.0024634895898672732, "confidence": "Medium", "flagged": false }, "geometry": { "type": "Polygon", "coordinates": [ [ [ -115.29219933072163, 53.302951136779988 ], [ -115.242199330721633, 53.302951136779988 ], [ -115.242199330721633, 53.352951136779986 ], [ -115.29219933072163, 53.352951136779986 ], [ -115.29219933072163, 53.302951136779988 ] ] ] } },
{ "type": "Feature", "properties": { "value": 1, "label": "AQHI 1", "color": "#01cbff", "timestamp": "2026-09-30 07:00:00", "generated_at": "2026-09-30T13:31:09.486326", "nearest_km": 30.163533966639864, "n_points": 13, "weight_sum": 0.0030669154355838345, "confidence": "Medium", "flagged": false }, "geometry": { "type": "Polygon", "coordinates": [ [ [ -115.242199330721633, 53.302951136779988 ], [ -115.192199330721635, 53.302951136779988 ], [ -115.192199330721635, 53.352951136779986 ], [ -115.242199330721633, 53.352951136779986 ], [ -115.242199330721633, 53.302951136779988 ] ] ] } },
{ "type": "Feature", "properties": { "value": 1, "label": "AQHI 1", "color": "#01cbff", "timestamp": "2026-09-30 07:00:00", "generated_at": "2026-09-30T13:31:09.486326", "nearest_km": 24.935606725614772, "n_points": 13, "weight_sum": 0.0039841423817218863, "confidence": "High", "flagged": false }, "geometry": { "type": "Polygon", "coordinates": [ [ [ -115.192199330721635, 53.302951136779988 ], [ -115.142199330721638, 53.302951136779988 ], [ -115.142199330721638, 53.352951136779986 ], [ -115.192199330721635, 53.352951136779986 ], [ -115.192199330721635, 53.302951136779988 ] ] ] } },
{ "type": "Feature", "properties": { "value": 1, "label": "AQHI 1", "color": "#01cbff", "timestamp": "2026-09-30 07:00:00", "generated_at": "2026-09-30T13:31:09.486326", "nearest_km": 19.883037599733228, "n_points": 13, "weight_sum": 0.005477940603468151, "confidence": "High", "flagged": false }, "geometry": { "type": "Polygon", "coordinates": [ [ [ -115.142199330721638, 53.302951136779988 ], [ -115.092199330721641, 53.302951136779988 ], [ -115.092199330721641, 53.352951136779986 ], [ -115.142199330721638, 53.352951136779986 ], [ -115.142199330721638, 53.302951136779988 ] ] ] } },
{ "type": "Feature", "properties": { "value": 2, "label": "AQHI 2", "color": "#0099cb", "timestamp": "2026-09-30 07:00:00", "generated_at": "2026-09-30T13:31:09.486326", "nearest_km": 15.181926281281925, "n_points": 12, "weight_sum": 0.0081163471334552151, "confidence": "High", "flagged": false }, "geometry": { "type": "Polygon", "coordinates": [ [ [ -115.092199330721641, 53.302951136779988 ], [ -115.042199330721644, 53.302951136779988 ], [ -115.042199330721644, 53.352951136779986 ], [ -115.092199330721641, 53.352951136779986 ], [ -115.092199330721641, 53.302951136779988 ] ] ] } },
{ "type": "Feature", "properties": { "value": 2, "label": "AQHI 2", "color": "#0099cb", "timestamp": "2026-09-30 07:00:00", "generated_at": "2026-09-30T13:31:09.486326", "nearest_km": 11.280584516244957, "n_points": 11, "weight_sum": 0.012726687548578971, "confidence": "High", "flagged": false }, "geometry": { "type": "Polygon", "coordinates": [ [ [ -115.042199330721644, 53.302951136779988 ], [ -114.992199330721647, 53.302951136779988 ], [ -114.992199330721647, 53.352951136779986 ], [ -115.042199330721644, 53.352951136779986 ], [ -115.042199330721644, 53.302951136779988 ] ] ] } },
{ "type": "Feature", "properties": { "value": 1, "label": "AQHI 1", "color": "#01cbff", "timestamp": "2026-09-30 07:00:00", "generated_at": "2026-09-30T13:31:09.486326", "nearest_km": 60.055696903787684, "n_points": 9, "weight_sum": 0.0010685361788193141, "confidence": "Medium", "flagged": false }, "geometry": { "type": "Polygon", "coordinates": [ [ [ -118.342199330721456, 53.352951136779986 ], [ -118.292199330721459, 53.352951136779986 ], [ -118.292199330721459, 53.402951136779983 ], [ -118.342199330721456, 53.402951136779983 ], [ -118.342199330721456, 53.352951136779986 ] ] ] } },
{ "type": "Feature", "properties": { "value": 1, "label": "AQHI 1", "color": "#01cbff", "timestamp": "2026-09-30 07:00:00", "generated_at": "2026-09-30T13:31:09.486326", "nearest_km": 57.662809425034318, "n_points": 9, "weight_sum": 0.001171689779609785, "confidence": "Medium", "flagged": false }, "geometry": { "type": "Polygon", "coordinates": [ [ [ -118.292199330721459, 53.352951136779986 ], [ -118.242199330721462, 53.352951136779986 ], [ -118.242199330721462, 53.402951136779983 ], [ -118.292199330721459, 53.402951136779983 ], [ -118.292199330721459, 53.352951136779986 ] ] ] } },
{ "type": "Feature", "properties": { "value": 1, "label": "AQHI 1", "color": "#01cbff", "timestamp": "2026-09-30 07:00:00", "generated_at": "2026-09-30T13:31:09.486326", "nearest_km": 55.6798607568834, "n_points": 9, "weight_sum": 0.0012790103040670538, "confidence": "Medium", "flagged": false }, "geometry": { "type": "Polygon", "coordinates": [ [ [ -118.242199330721462, 53.352951136779986 ], [ -118.192199330721465, 53.352951136779986 ], [ -118.192199330721465, 53.402951136779983 ], [ -118.242199330721462, 53.402951136779983 ], [ -118.242199330721462, 53.352951136779986 ] ] ] } },
{ "type": "Feature", "properties": { "value": 1, "label": "AQHI 1", "color": "#01cbff", "timestamp": "2026-09-30 07:00:00", "generated_at": "2026-09-30T13:31:09.486326", "nearest_km": 54.195010813026087, "n_points": 9, "weight_sum": 0.0013892640185143045, "confidence": "Medium", "flagged": false }, "geometry": { "type": "Polygon", "coordinates": [ [ [ -118.192199330721465, 53.352951136779986 ], [ -118.142199330721468, 53.352951136779986 ], [ -118.142199330721468, 53.402951136779983 ], [ -118.192199330721465, 53.402951136779983 ], [ -118.192199330721465, 53.352951136779986 ] ] ] } },
{ "type": "Feature", "properties": { "value": 1, "label": "AQHI 1", "color": "#01cbff", "timestamp": "2026-09-30 07:00:00", "generated_at": "2026-09-30T13:31:09.486326", "nearest_km": 53.249943663276269, "n_points": 9, "weight_sum": 0.0015026518722860921, "confidence": "Medium", "flagged": false }, "geometry": { "type": "Polygon", "coordinates": [ [ [ -118.142199330721468, 53.352951136779986 ], [ -118.092199330721471, 53.352951136779986 ], [ -118.092199330721471, 53.402951136779983 ], [ -118.142199330721468, 53.402951136779983 ], [ -118.142199330721468, 53.352951136779986 ] ] ] } },
{ "type": "Feature", "properties": { "value": 1, "label": "AQHI 1", "color": "#01cbff", "timestamp": "2026-09-30 07:00:00", "generated_at": "2026-09-30T13:31:09.486326", "nearest_km": 52.873611596524903, "n_points": 9, "weight_sum": 0.0016224516765179138, "confidence": "Medium", "flagged": false }, "geometry": { "type": "Polygon", "coordinates": [ [ [ -118.092199330721471, 53.352951136779986 ], [ -118.042199330721473, 53.352951136779986 ], [ -118.042199330721473, 53.402951136779983 ], [ -118.092199330721471, 53.402951136779983 ], [ -118.092199330721471, 53.352951136779986 ] ] ] } },
{ "type": "Feature", "properties": { "value": 1, "label": "AQHI 1", "color": "#01cbff", "timestamp": "2026-09-30 07:00:00", "generated_at": "2026-09-30T13:31:09.486326", "nearest_km": 50.984192495391589, "n_points": 9, "weight_sum": 0.0017571298993828924, "confidence": "Medium", "flagged": false }, "geometry": { "type": "Polygon", "coordinates": [ [ [ -118.042199330721473, 53.352951136779986 ], [ -117.992199330721476, 53.352951136779986 ], [ -117.992199330721476, 53.402951136779983 ], [ -118.042199330721473, 53.402951136779983 ], [ -118.042199330721473, 53.352951136779986 ] ] ] } },
{ "type": "Feature", "properties": { "value": 1, "label": "AQHI 1", "color": "#01cbff", "timestamp": "2026-09-30 07:00:00", "generated_at": "2026-09-30T13:31:09.486326", "nearest_km": 45.457593920985751, "n_points": 9, "weight_sum": 0.0019231045024488474, "confidence": "Medium", "flagged": false }, "geometry": { "type": "Polygon", "coordinates": [ [ [ -117.992199330721476, 53.352951136779986 ], [ -117.942199330721479, 53.352951136779986 ], [ -117.942199330721479, 53.402951136779983 ], [ -117.992199330721476, 53.402951136779983 ], [ -117.992199330721476, 53.352951136779986 ] ] ] } },
{ "type": "Feature", "properties": { "value": 1, "label": "AQHI 1", "color": "#01cbff", "timestamp": "2026-09-30 07:00:00", "generated_at": "2026-09-30T13:31:09.486326", "nearest_km": 39.937486222386717, "n_points": 9, "weight_sum": 0.0021492001104663622, "confidence": "Medium", "flagged": false }, "geometry": { "type": "Polygon", "coordinates": [ [ [ -117.942199330721479, 53.352951136779986 ], [ -117.892199330721482, 53.352951136779986 ], [ -117.892199330721482, 53.402951136779983 ], [ -117.942199330721479, 53.402951136779983 ], [ -117.942199330721479, 53.352951136779986 ] ] ] } },
{ "type": "Feature", "properties": { "value": 2, "label": "AQHI 2", "color": "#0099cb", "timestamp": "2026-09-30 07:00:00", "generated_at": "2026-09-30T13:31:09.486326", "nearest_km": 34.426991829688092, "n_points": 9, "weight_sum": 0.0024858933195135288, "confidence": "Medium", "flagged": false }, "geometry": { "type": "Polygon", "coordinates": [ [ [ -117.892199330721482, 53.352951136779986 ], [ -117.842199330721485, 53.352951136779986 ], [ -117.842199330721485, 53.402951136779983 ], [ -117.892199330721482, 53.402951136779983 ], [ -117.892199330721482, 53.352951136779986 ] ] ] } },
{ "type": "Feature", "properties": { "value": 2, "label": "AQHI 2", "color": "#0099cb", "timestamp": "2026-09-30 07:00:00", "generated_at": "2026-09-30T13:31:09.486326", "nearest_km": 28.93160429563984, "n_points": 9, "weight_sum": 0.0030276332444069856, "confidence": "Medium", "flagged": false }, "geometry": { "type": "Polygon", "coordinates": [ [ [ -117.842199330721485, 53.352951136779986 ], [ -117.792199330721488, 53.352951136779986 ], [ -117.792199330721488, 53.402951136779983 ], [ -117.842199330721485, 53.402951136779983 ], [ -117.842199330721485, 53.352951136779986 ] ] ] } },
{ "type": "Feature", "properties": { "value": 2, "label": "AQHI 2", "color": "#0099cb", "timestamp": "2026-09-30 07:00:00", "generated_at": "2026-09-30T13:31:09.486326", "nearest_km": 23.461941262341306, "n_points": 9, "weight_sum": 0.0039728247508971732, "confidence": "High", "flagged": false }, "geometry": { "type": "Polygon", "coordinates": [ [ [ -117.792199330721488, 53.352951136779986 ], [ -117.74219933072149, 53.352951136779986 ], [ -117.74219933072149, 53.402951136779983 ], [ -117.792199330721488, 53.402951136779983 ], [ -117.792199330721488, 53.352951136779986 ] ] ] } },
{ "type": "Feature", "properties": { "value": 2, "label": "AQHI 2", "color": "#0099cb", "timestamp": "2026-09-30 07:00:00", "generated_at": "2026-09-30T13:31:09.486326", "nearest_km": 18.041414813578626, "n_points": 11, "weight_sum": 0.005855966333467813, "confidence": "High", "flagged": false }, "geometry": { "type": "Polygon", "coordinates": [ [ [ -117.74219933072149, 53.352951136779986 ], [ -117.692199330721493, 53.352951136779986 ], [ -117.692199330721493, 53.402951136779983 ], [ -117.74219933072149, 53.402951136779983 ], [ -117.74219933072149, 53.352951136779986 ] ] ] } },
{ "type": "Feature", "properties": { "value": 2, "label": "AQHI 2", "color": "#0099cb", "timestamp": "2026-09-30 07:00:00", "generated_at": "2026-09-30T13:31:09.486326", "nearest_km": 12.732934035550024, "n_points": 12, "weight_sum": 0.010131502232506745, "confidence": "High", "flagged": false }, "geometry": { "type": "Polygon", "coordinates": [ [ [ -117.692199330721493, 53.352951136779986 ], [ -117.642199330721496, 53.352951136779986 ], [ -117.642199330721496, 53.402951136779983 ], [ -117.692199330721493, 53.402951136779983 ], [ -117.692199330721493, 53.352951136779986 ] ] ] } },
{ "type": "Feature", "properties": { "value": 2, "label": "AQHI 2", "color": "#0099cb", "timestamp": "2026-09-30 07:00:00", "generated_at": "2026-09-30T13:31:09.486326", "nearest_km": 7.769656995756959, "n_points": 13, "weight_sum": 0.022981435405873794, "confidence": "High", "flagged": false }, "geometry": { "type": "Polygon", "coordinates": [ [ [ -117.642199330721496, 53.352951136779986 ], [ -117.592199330721499, 53.352951136779986 ], [ -117.592199330721499, 53.402951136779983 ], [ -117.642199330721496, 53.402951136779983 ], [ -117.642199330721496, 53.352951136779986 ] ] ] } },
{ "type": "Feature", "properties": { "value": 2, "label": "AQHI 2", "color": "#0099cb", "timestamp": "2026-09-30 07:00:00", "generated_at": "2026-09-30T13:31:09.486326", "nearest_km": 4.4958347956475082, "n_points": 13, "weight_sum": 0.060907702656628711, "confidence": "High", "flagged": false }, "geometry": { "type": "Polygon", "coordinates": [ [ [ -117.592199330721499, 53.352951136779986 ], [ -117.542199330721502, 53.352951136779986 ], [ -117.542199330721502, 53.402951136779983 ], [ -117.592199330721499, 53.402951136779983 ], [ -117.592199330721499, 53.352951136779986 ] ] ] } },
{ "type": "Feature", "properties": { "value": 2, "label": "AQHI 2", "color": "#0099cb", "timestamp": "2026-09-30 07:00:00", "generated_at": "2026-09-30T13:31:09.486326", "nearest_km": 6.4546488043725274, "n_points": 13, "weight_sum": 0.039808537931255078, "confidence": "High", "flagged": false }, "geometry": { "type": "Polygon", "coordinates": [ [ [ -117.542199330721502, 53.352951136779986 ], [ -117.492199330721505, 53.352951136779986 ], [ -117.492199330721505, 53.402951136779983 ], [ -117.542199330721502, 53.402951136779983 ], [ -117.542199330721502, 53.352951136779986 ] ] ] } },
{ "type": "Feature", "properties": { "value": 1, "label": "AQHI 1", "color": "#01cbff", "timestamp": "2026-09-30 07:00:00", "generated_at": "2026-09-30T13:31:09.486326", "nearest_km": 10.062608957206958, "n_points": 13, "weight_sum": 0.019099182351956775, "confidence": "High", "flagged": false }, "geometry": { "type": "Polygon", "coordinates": [ [ [ -117.492199330721505, 53.352951136779986 ], [ -117.442199330721508, 53.352951136779986 ], [ -117.442199330721508, 53.402951136779983 ], [ -117.492199330721505, 53.402951136779983 ], [ -117.492199330721505, 53.352951136779986 ] ] ] } },
{ "type": "Feature", "properties": { "value": 1, "label": "AQHI 1", "color": "#01cbff", "timestamp": "2026-09-30 07:00:00", "generated_at": "2026-09-30T13:31:09.486326", "nearest_km": 13.998741169965481, "n_points": 13, "weight_sum": 0.010125883783857001, "confidence": "High", "flagged": false }, "geometry": { "type": "Polygon", "coordinates": [ [ [ -117.442199330721508, 53.352951136779986 ], [ -117.39219933072151, 53.352951136779986 ], [ -117.39219933072151, 53.402951136779983 ], [ -117.442199330721508, 53.402951136779983 ], [ -117.442199330721508, 53.352951136779986 ] ] ] } },
{ "type": "Feature", "properties": { "value": 1, "label": "AQHI 1", "color": "#01cbff", "timestamp": "2026-09-30 07:00:00", "generated_at": "2026-09-30T13:31:09.486326", "nearest_km": 18.769081215171521, "n_points": 13, "weight_sum": 0.0064007486430979997, "confidence": "High", "flagged": false }, "geometry": { "type": "Polygon", "coordinates": [ [ [ -117.39219933072151, 53.352951136779986 ], [ -117.342199330721513, 53.352951136779986 ], [ -117.342199330721513, 53.402951136779983 ], [ -117.39219933072151, 53.402951136779983 ], [ -117.39219933072151, 53.352951136779986 ] ] ] } },
{ "type": "Feature", "properties": { "value": 1, "label": "AQHI 1", "color": "#01cbff", "timestamp": "2026-09-30 07:00:00", "generated_at": "2026-09-30T13:31:09.486326", "nearest_km": 23.878799487824242, "n_points": 13, "weight_sum": 0.0047626480380901278, "confidence": "High", "flagged": false }, "geometry": { "type": "Polygon", "coordinates": [ [ [ -117.342199330721513, 53.352951136779986 ], [ -117.292199330721516, 53.352951136779986 ], [ -117.292199330721516, 53.402951136779983 ], [ -117.342199330721513, 53.402951136779983 ], [ -117.342199330721513, 53.352951136779986 ] ] ] } },
{ "type": "Feature", "properties": { "value": 2, "label": "AQHI 2", "color": "#0099cb", "timestamp": "2026-09-30 07:00:00", "generated_at": "2026-09-30T13:31:09.486326", "nearest_km": 29.149969473358272, "n_points": 13, "weight_sum": 0.0040428340456925361, "confidence": "Medium", "flagged": false }, "geometry": { "type": "Polygon", "coordinates": [ [ [ -117.292199330721516, 53.352951136779986 ], [ -117.242199330721519, 53.352951136779986 ], [ -117.242199330721519, 53.402951136779983 ], [ -117.292199330721516, 53.402951136779983 ], [ -117.292199330721516, 53.352951136779986 ] ] ] } },
{ "type": "Feature", "properties": { "value": 2, "label": "AQHI 2", "color": "#0099cb", "timestamp": "2026-09-30 07:00:00", "generated_at": "2026-09-30T13:31:09.486326", "nearest_km": 29.66554430657099, "n_points": 13, "weight_sum": 0.0037926218110891155, "confidence": "Medium", "flagged": false }, "geometry": { "type": "Polygon", "coordinates": [ [ [ -117.242199330721519, 53.352951136779986 ], [ -117.192199330721522, 53.352951136779986 ], [ -117.192199330721522, 53.402951136779983 ], [ -117.242199330721519, 53.402951136779983 ], [ -117.242199330721519, 53.352951136779986 ] ] ] } },
{ "type": "Feature", "properties": { "value": 2, "label": "AQHI 2", "color": "#0099cb", "timestamp": "2026-09-30 07:00:00", "generated_at": "2026-09-30T13:31:09.486326", "nearest_km": 26.920087048951899, "n_points": 14, "weight_sum": 0.0038118435670151754, "confidence": "Medium", "flagged": false }, "geometry": { "type": "Polygon", "coordinates": [ [ [ -117.192199330721522, 53.352951136779986 ], [ -117.142199330721525, 53.352951136779986 ], [ -117.142199330721525, 53.402951136779983 ], [ -117.192199330721522, 53.402951136779983 ], [ -117.192199330721522, 53.352951136779986 ] ] ] } },
{ "type": "Feature", "properties": { "value": 2, "label": "AQHI 2", "color": "#0099cb", "timestamp": "2026-09-30 07:00:00", "generated_at": "2026-09-30T13:31:09.486326", "nearest_km": 25.11857190290009, "n_points": 14, "weight_sum": 0.0038816012719963093, "confidence": "Medium", "flagged": false }, "geometry": { "type": "Polygon", "coordinates": [ [ [ -117.142199330721525, 53.352951136779986 ], [ -117.092199330721527, 53.352951136779986 ], [ -117.092199330721527, 53.402951136779983 ], [ -117.142199330721525, 53.402951136779983 ], [ -117.142199330721525, 53.352951136779986 ] ] ] } },
{ "type": "Feature", "properties": { "value": 2, "label": "AQHI 2", "color": "#0099cb", "timestamp": "2026-09-30 07:00:00", "generated_at": "2026-09-30T13:31:09.486326", "nearest_km": 24.470374377176352, "n_points": 14, "weight_sum": 0.003854785688157304, "confidence": "High", "flagged": false }, "geometry": { "type": "Polygon", "coordinates": [ [ [ -117.092199330721527, 53.352951136779986 ], [ -117.04219933072153, 53.352951136779986 ], [ -117.04219933072153, 53.402951136779983 ], [ -117.092199330721527, 53.402951136779983 ], [ -117.092199330721527, 53.352951136779986 ] ] ] } },
{ "type": "Feature", "properties": { "value": 2, "label": "AQHI 2", "color": "#0099cb", "timestamp": "2026-09-30 07:00:00", "generated_at": "2026-09-30T13:31:09.486326", "nearest_km": 25.065130956712935, "n_points": 14, "weight_sum": 0.0036411622783908007, "confidence": "Medium", "flagged": false }, "geometry": { "type": "Polygon", "coordinates": [ [ [ -117.04219933072153, 53.352951136779986 ], [ -116.992199330721533, 53.352951136779986 ], [ -116.992199330721533, 53.402951136779983 ], [ -117.04219933072153, 53.402951136779983 ], [ -117.04219933072153, 53.352951136779986 ] ] ] } },
{ "type": "Feature", "properties": { "value": 2, "label": "AQHI 2", "color": "#0099cb", "timestamp": "2026-09-30 07:00:00", "generated_at": "2026-09-30T13:31:09.486326", "nearest_km": 26.820278850063474, "n_points": 14, "weight_sum": 0.0032867846143269579, "confidence": "Medium", "flagged": false }, "geometry": { "type": "Polygon", "coordinates": [ [ [ -116.992199330721533, 53.352951136779986 ], [ -116.942199330721536, 53.352951136779986 ], [ -116.942199330721536, 53.402951136779983 ], [ -116.992199330721533, 53.402951136779983 ], [ -116.992199330721533, 53.352951136779986 ] ] ] } },
{ "type": "Feature", "properties": { "value": 2, "label": "AQHI 2", "color": "#0099cb", "timestamp": "2026-09-30 07:00:00", "generated_at": "2026-09-30T13:31:09.486326", "nearest_km": 29.529627923716685, "n_points": 14, "weight_sum": 0.0029062696186982406, "confidence": "Medium", "flagged": false }, "geometry": { "type": "Polygon", "coordinates": [ [ [ -116.942199330721536, 53.352951136779986 ], [ -116.892199330721539, 53.352951136779986 ], [ -116.892199330721539, 53.402951136779983 ], [ -116.942199330721536, 53.402951136779983 ], [ -116.942199330721536, 53.352951136779986 ] ] ] } },
{ "type": "Feature", "properties": { "value": 2, "label": "AQHI 2", "color": "#0099cb", "timestamp": "2026-09-30 07:00:00", "generated_at": "2026-09-30T13:31:09.486326", "nearest_km": 32.95844758890258, "n_points": 14, "weight_sum": 0.0025858143105197194, "confidence": "Medium", "flagged": false }, "geometry": { "type": "Polygon", "coordinates": [ [ [ -116.892199330721539, 53.352951136779986 ], [ -116.842199330721542, 53.352951136779986 ], [ -116.842199330721542, 53.402951136779983 ], [ -116.892199330721539, 53.402951136779983 ], [ -116.892199330721539, 53.352951136779986 ] ] ] } },
{ "type": "Feature", "properties": { "value": 2, "label": "AQHI 2", "color": "#0099cb", "timestamp": "2026-09-30 07:00:00", "generated_at": "2026-09-30T13:31:09.486326", "nearest_km": 36.898494699491742, "n_points": 13, "weight_sum": 0.0023393994116607669, "confidence": "Medium", "flagged": false }, "geometry": { "type": "Polygon", "coordinates": [ [ [ -116.842199330721542, 53.352951136779986 ], [ -116.792199330721544, 53.352951136779986 ], [ -116.792199330721544, 53.402951136779983 ], [ -116.842199330721542, 53.402951136779983 ], [ -116.842199330721542, 53.352951136779986 ] ] ] } },
{ "type": "Feature", "properties": { "value": 2, "label": "AQHI 2", "color": "#0099cb", "timestamp": "2026-09-30 07:00:00", "generated_at": "2026-09-30T13:31:09.486326", "nearest_km": 41.210964010884233, "n_points": 10, "weight_sum": 0.002131139157710819, "confidence": "Medium", "flagged": false }, "geometry": { "type": "Polygon", "coordinates": [ [ [ -116.792199330721544, 53.352951136779986 ], [ -116.742199330721547, 53.352951136779986 ], [ -116.742199330721547, 53.402951136779983 ], [ -116.792199330721544, 53.402951136779983 ], [ -116.792199330721544, 53.352951136779986 ] ] ] } },
{ "type": "Feature", "properties": { "value": 2, "label": "AQHI 2", "color": "#0099cb", "timestamp": "2026-09-30 07:00:00", "generated_at": "2026-09-30T13:31:09.486326", "nearest_km": 41.568545606837318, "n_points": 10, "weight_sum": 0.0021118198300661656, "confidence": "Medium", "flagged": false }, "geometry": { "type": "Polygon", "coordinates": [ [ [ -116.742199330721547, 53.352951136779986 ], [ -116.69219933072155, 53.352951136779986 ], [ -116.69219933072155, 53.402951136779983 ], [ -116.742199330721547, 53.402951136779983 ], [ -116.742199330721547, 53.352951136779986 ] ] ] } },
{ "type": "Feature", "properties": { "value": 2, "label": "AQHI 2", "color": "#0099cb", "timestamp": "2026-09-30 07:00:00", "generated_at": "2026-09-30T13:31:09.486326", "nearest_km": 37.296475215302934, "n_points": 10, "weight_sum": 0.0021879546034478331, "confidence": "Medium", "flagged": false }, "geometry": { "type": "Polygon", "coordinates": [ [ [ -116.69219933072155, 53.352951136779986 ], [ -116.642199330721553, 53.352951136779986 ], [ -116.642199330721553, 53.402951136779983 ], [ -116.69219933072155, 53.402951136779983 ], [ -116.69219933072155, 53.352951136779986 ] ] ] } },
{ "type": "Feature", "properties": { "value": 2, "label": "AQHI 2", "color": "#0099cb", "timestamp": "2026-09-30 07:00:00", "generated_at": "2026-09-30T13:31:09.486326", "nearest_km": 33.402322420809163, "n_points": 10, "weight_sum": 0.0023588474554066363, "confidence": "Medium", "flagged": false }, "geometry": { "type": "Polygon", "coordinates": [ [ [ -116.642199330721553, 53.352951136779986 ], [ -116.592199330721556, 53.352951136779986 ], [ -116.592199330721556, 53.402951136779983 ], [ -116.642199330721553, 53.402951136779983 ], [ -116.642199330721553, 53.352951136779986 ] ] ] } },
{ "type": "Feature", "properties": { "value": 2, "label": "AQHI 2", "color": "#0099cb", "timestamp": "2026-09-30 07:00:00", "generated_at": "2026-09-30T13:31:09.486326", "nearest_km": 30.033451728392269, "n_points": 10, "weight_sum": 0.0026180357056936076, "confidence": "Medium", "flagged": false }, "geometry": { "type": "Polygon", "coordinates": [ [ [ -116.592199330721556, 53.352951136779986 ], [ -116.542199330721559, 53.352951136779986 ], [ -116.542199330721559, 53.402951136779983 ], [ -116.592199330721556, 53.402951136779983 ], [ -116.592199330721556, 53.352951136779986 ] ] ] } },
{ "type": "Feature", "properties": { "value": 2, "label": "AQHI 2", "color": "#0099cb", "timestamp": "2026-09-30 07:00:00", "generated_at": "2026-09-30T13:31:09.486326", "nearest_km": 27.384417144420649, "n_points": 10, "weight_sum": 0.0029371789533231734, "confidence": "Medium", "flagged": false }, "geometry": { "type": "Polygon", "coordinates": [ [ [ -116.542199330721559, 53.352951136779986 ], [ -116.492199330721562, 53.352951136779986 ], [ -116.492199330721562, 53.402951136779983 ], [ -116.542199330721559, 53.402951136779983 ], [ -116.542199330721559, 53.352951136779986 ] ] ] } },
{ "type": "Feature", "properties": { "value": 2, "label": "AQHI 2", "color": "#0099cb", "timestamp": "2026-09-30 07:00:00", "generated_at": "2026-09-30T13:31:09.486326", "nearest_km": 25.678967696494411, "n_points": 10, "weight_sum": 0.0032459061843628624, "confidence": "Medium", "flagged": false }, "geometry": { "type": "Polygon", "coordinates": [ [ [ -116.492199330721562, 53.352951136779986 ], [ -116.442199330721564, 53.352951136779986 ], [ -116.442199330721564, 53.402951136779983 ], [ -116.492199330721562, 53.402951136779983 ], [ -116.492199330721562, 53.352951136779986 ] ] ] } },
{ "type": "Feature", "properties": { "value": 2, "label": "AQHI 2", "color": "#0099cb", "timestamp": "2026-09-30 07:00:00", "generated_at": "2026-09-30T13:31:09.486326", "nearest_km": 25.110106761532506, "n_points": 9, "weight_sum": 0.0034121054430709921, "confidence": "Medium", "flagged": false }, "geometry": { "type": "Polygon", "coordinates": [ [ [ -116.442199330721564, 53.352951136779986 ], [ -116.392199330721567, 53.352951136779986 ], [ -116.392199330721567, 53.402951136779983 ], [ -116.442199330721564, 53.402951136779983 ], [ -116.442199330721564, 53.352951136779986 ] ] ] } },
{ "type": "Feature", "properties": { "value": 2, "label": "AQHI 2", "color": "#0099cb", "timestamp": "2026-09-30 07:00:00", "generated_at": "2026-09-30T13:31:09.486326", "nearest_km": 25.753262729089499, "n_points": 9, "weight_sum": 0.0033888753515706879, "confidence": "Medium", "flagged": false }, "geometry": { "type": "Polygon", "coordinates": [ [ [ -116.392199330721567, 53.352951136779986 ], [ -116.34219933072157, 53.352951136779986 ], [ -116.34219933072157, 53.402951136779983 ], [ -116.392199330721567, 53.402951136779983 ], [ -116.392199330721567, 53.352951136779986 ] ] ] } },
{ "type": "Feature", "properties": { "value": 2, "label": "AQHI 2", "color": "#0099cb", "timestamp": "2026-09-30 07:00:00", "generated_at": "2026-09-30T13:31:09.486326", "nearest_km": 27.296832286559319, "n_points": 10, "weight_sum": 0.0031733917164580819, "confidence": "Medium", "flagged": false }, "geometry": { "type": "Polygon", "coordinates": [ [ [ -116.34219933072157, 53.352951136779986 ], [ -116.292199330721573, 53.352951136779986 ], [ -116.292199330721573, 53.402951136779983 ], [ -116.34219933072157, 53.402951136779983 ], [ -116.34219933072157, 53.352951136779986 ] ] ] } },
{ "type": "Feature", "properties": { "value": 2, "label": "AQHI 2", "color": "#0099cb", "timestamp": "2026-09-30 07:00:00", "generated_at": "2026-09-30T13:31:09.486326", "nearest_km": 28.952332052850288, "n_points": 15, "weight_sum": 0.0029495725891021474, "confidence": "Medium", "flagged": false }, "geometry": { "type": "Polygon", "coordinates": [ [ [ -116.292199330721573, 53.352951136779986 ], [ -116.242199330721576, 53.352951136779986 ], [ -116.242199330721576, 53.402951136779983 ], [ -116.292199330721573, 53.402951136779983 ], [ -116.292199330721573, 53.352951136779986 ] ] ] } },
{ "type": "Feature", "properties": { "value": 2, "label": "AQHI 2", "color": "#0099cb", "timestamp": "2026-09-30 07:00:00", "generated_at": "2026-09-30T13:31:09.486326", "nearest_km": 31.5113155821278, "n_points": 15, "weight_sum": 0.0025771306126706451, "confidence": "Medium", "flagged": false }, "geometry": { "type": "Polygon", "coordinates": [ [ [ -116.242199330721576, 53.352951136779986 ], [ -116.192199330721579, 53.352951136779986 ], [ -116.192199330721579, 53.402951136779983 ], [ -116.242199330721576, 53.402951136779983 ], [ -116.242199330721576, 53.352951136779986 ] ] ] } },
{ "type": "Feature", "properties": { "value": 2, "label": "AQHI 2", "color": "#0099cb", "timestamp": "2026-09-30 07:00:00", "generated_at": "2026-09-30T13:31:09.486326", "nearest_km": 34.774897384958471, "n_points": 13, "weight_sum": 0.0021666351342515991, "confidence": "Medium", "flagged": false }, "geometry": { "type": "Polygon", "coordinates": [ [ [ -116.192199330721579, 53.352951136779986 ], [ -116.142199330721581, 53.352951136779986 ], [ -116.142199330721581, 53.402951136779983 ], [ -116.192199330721579, 53.402951136779983 ], [ -116.192199330721579, 53.352951136779986 ] ] ] } },
{ "type": "Feature", "properties": { "value": 2, "label": "AQHI 2", "color": "#0099cb", "timestamp": "2026-09-30 07:00:00", "generated_at": "2026-09-30T13:31:09.486326", "nearest_km": 38.564607693484, "n_points": 13, "weight_sum": 0.0019218465345510302, "confidence": "Medium", "flagged": false }, "geometry": { "type": "Polygon", "coordinates": [ [ [ -116.142199330721581, 53.352951136779986 ], [ -116.092199330721584, 53.352951136779986 ], [ -116.092199330721584, 53.402951136779983 ], [ -116.142199330721581, 53.402951136779983 ], [ -116.142199330721581, 53.352951136779986 ] ] ] } },
{ "type": "Feature", "properties": { "value": 2, "label": "AQHI 2", "color": "#0099cb", "timestamp": "2026-09-30 07:00:00", "generated_at": "2026-09-30T13:31:09.486326", "nearest_km": 38.475119160471195, "n_points": 13, "weight_sum": 0.0017507268502715617, "confidence": "Medium", "flagged": false }, "geometry": { "type": "Polygon", "coordinates": [ [ [ -116.092199330721584, 53.352951136779986 ], [ -116.042199330721587, 53.352951136779986 ], [ -116.042199330721587, 53.402951136779983 ], [ -116.092199330721584, 53.402951136779983 ], [ -116.092199330721584, 53.352951136779986 ] ] ] } },
{ "type": "Feature", "properties": { "value": 2, "label": "AQHI 2", "color": "#0099cb", "timestamp": "2026-09-30 07:00:00", "generated_at": "2026-09-30T13:31:09.486326", "nearest_km": 35.194065423454674, "n_points": 13, "weight_sum": 0.0016428016117288531, "confidence": "Medium", "flagged": false }, "geometry": { "type": "Polygon", "coordinates": [ [ [ -116.042199330721587, 53.352951136779986 ], [ -115.99219933072159, 53.352951136779986 ], [ -115.99219933072159, 53.402951136779983 ], [ -116.042199330721587, 53.402951136779983 ], [ -116.042199330721587, 53.352951136779986 ] ] ] } },
{ "type": "Feature", "properties": { "value": 1, "label": "AQHI 1", "color": "#01cbff", "timestamp": "2026-09-30 07:00:00", "generated_at": "2026-09-30T13:31:09.486326", "nearest_km": 32.534822692744932, "n_points": 13, "weight_sum": 0.0015819382492630982, "confidence": "Medium", "flagged": false }, "geometry": { "type": "Polygon", "coordinates": [ [ [ -115.99219933072159, 53.352951136779986 ], [ -115.942199330721593, 53.352951136779986 ], [ -115.942199330721593, 53.402951136779983 ], [ -115.99219933072159, 53.402951136779983 ], [ -115.99219933072159, 53.352951136779986 ] ] ] } },
{ "type": "Feature", "properties": { "value": 1, "label": "AQHI 1", "color": "#01cbff", "timestamp": "2026-09-30 07:00:00", "generated_at": "2026-09-30T13:31:09.486326", "nearest_km": 30.659617320936775, "n_points": 13, "weight_sum": 0.0015256602660733397, "confidence": "Medium", "flagged": false }, "geometry": { "type": "Polygon", "coordinates": [ [ [ -115.942199330721593, 53.352951136779986 ], [ -115.892199330721596, 53.352951136779986 ], [ -115.892199330721596, 53.402951136779983 ], [ -115.942199330721593, 53.402951136779983 ], [ -115.942199330721593, 53.352951136779986 ] ] ] } },
{ "type": "Feature", "properties": { "value": 1, "label": "AQHI 1", "color": "#01cbff", "timestamp": "2026-09-30 07:00:00", "generated_at": "2026-09-30T13:31:09.486326", "nearest_km": 29.717243830547527, "n_points": 13, "weight_sum": 0.0014981204726086475, "confidence": "Medium", "flagged": false }, "geometry": { "type": "Polygon", "coordinates": [ [ [ -115.892199330721596, 53.352951136779986 ], [ -115.842199330721598, 53.352951136779986 ], [ -115.842199330721598, 53.402951136779983 ], [ -115.892199330721596, 53.402951136779983 ], [ -115.892199330721596, 53.352951136779986 ] ] ] } },
{ "type": "Feature", "properties": { "value": 1, "label": "AQHI 1", "color": "#01cbff", "timestamp": "2026-09-30 07:00:00", "generated_at": "2026-09-30T13:31:09.486326", "nearest_km": 29.796342518875321, "n_points": 13, "weight_sum": 0.0014573504330533925, "confidence": "Medium", "flagged": false }, "geometry": { "type": "Polygon", "coordinates": [ [ [ -115.842199330721598, 53.352951136779986 ], [ -115.792199330721601, 53.352951136779986 ], [ -115.792199330721601, 53.402951136779983 ], [ -115.842199330721598, 53.402951136779983 ], [ -115.842199330721598, 53.352951136779986 ] ] ] } },
{ "type": "Feature", "properties": { "value": 1, "label": "AQHI 1", "color": "#01cbff", "timestamp": "2026-09-30 07:00:00", "generated_at": "2026-09-30T13:31:09.486326", "nearest_km": 30.88906722644845, "n_points": 13, "weight_sum": 0.0014015088546966733, "confidence": "Medium", "flagged": false }, "geometry": { "type": "Polygon", "coordinates": [ [ [ -115.792199330721601, 53.352951136779986 ], [ -115.742199330721604, 53.352951136779986 ], [ -115.742199330721604, 53.402951136779983 ], [ -115.792199330721601, 53.402951136779983 ], [ -115.792199330721601, 53.352951136779986 ] ] ] } },
{ "type": "Feature", "properties": { "value": 1, "label": "AQHI 1", "color": "#01cbff", "timestamp": "2026-09-30 07:00:00", "generated_at": "2026-09-30T13:31:09.486326", "nearest_km": 32.894557615781359, "n_points": 11, "weight_sum": 0.0012772311499389974, "confidence": "Medium", "flagged": false }, "geometry": { "type": "Polygon", "coordinates": [ [ [ -115.742199330721604, 53.352951136779986 ], [ -115.692199330721607, 53.352951136779986 ], [ -115.692199330721607, 53.402951136779983 ], [ -115.742199330721604, 53.402951136779983 ], [ -115.742199330721604, 53.352951136779986 ] ] ] } },
{ "type": "Feature", "properties": { "value": 1, "label": "AQHI 1", "color": "#01cbff", "timestamp": "2026-09-30 07:00:00", "generated_at": "2026-09-30T13:31:09.486326", "nearest_km": 35.659141427632001, "n_points": 12, "weight_sum": 0.0012575212731681415, "confidence": "Medium", "flagged": false }, "geometry": { "type": "Polygon", "coordinates": [ [ [ -115.692199330721607, 53.352951136779986 ], [ -115.64219933072161, 53.352951136779986 ], [ -115.64219933072161, 53.402951136779983 ], [ -115.692199330721607, 53.402951136779983 ], [ -115.692199330721607, 53.352951136779986 ] ] ] } },
{ "type": "Feature", "properties": { "value": 1, "label": "AQHI 1", "color": "#01cbff", "timestamp": "2026-09-30 07:00:00", "generated_at": "2026-09-30T13:31:09.486326", "nearest_km": 39.021812028322756, "n_points": 12, "weight_sum": 0.0012405408524376368, "confidence": "Medium", "flagged": false }, "geometry": { "type": "Polygon", "coordinates": [ [ [ -115.64219933072161, 53.352951136779986 ], [ -115.592199330721613, 53.352951136779986 ], [ -115.592199330721613, 53.402951136779983 ], [ -115.64219933072161, 53.402951136779983 ], [ -115.64219933072161, 53.352951136779986 ] ] ] } },
{ "type": "Feature", "properties": { "value": 1, "label": "AQHI 1", "color": "#01cbff", "timestamp": "2026-09-30 07:00:00", "generated_at": "2026-09-30T13:31:09.486326", "nearest_km": 42.841968449076198, "n_points": 12, "weight_sum": 0.0012551385986929228, "confidence": "Medium", "flagged": false }, "geometry": { "type": "Polygon", "coordinates": [ [ [ -115.592199330721613, 53.352951136779986 ], [ -115.542199330721616, 53.352951136779986 ], [ -115.542199330721616, 53.402951136779983 ], [ -115.592199330721613, 53.402951136779983 ], [ -115.592199330721613, 53.352951136779986 ] ] ] } },
{ "type": "Feature", "properties": { "value": 1, "label": "AQHI 1", "color": "#01cbff", "timestamp": "2026-09-30 07:00:00", "generated_at": "2026-09-30T13:31:09.486326", "nearest_km": 47.008208934286365, "n_points": 13, "weight_sum": 0.0013515919360783898, "confidence": "Medium", "flagged": false }, "geometry": { "type": "Polygon", "coordinates": [ [ [ -115.542199330721616, 53.352951136779986 ], [ -115.492199330721618, 53.352951136779986 ], [ -115.492199330721618, 53.402951136779983 ], [ -115.542199330721616, 53.402951136779983 ], [ -115.542199330721616, 53.352951136779986 ] ] ] } },
{ "type": "Feature", "properties": { "value": 1, "label": "AQHI 1", "color": "#01cbff", "timestamp": "2026-09-30 07:00:00", "generated_at": "2026-09-30T13:31:09.486326", "nearest_km": 51.436506042181691, "n_points": 13, "weight_sum": 0.00144915402725224, "confidence": "Medium", "flagged": false }, "geometry": { "type": "Polygon", "coordinates": [ [ [ -115.492199330721618, 53.352951136779986 ], [ -115.442199330721621, 53.352951136779986 ], [ -115.442199330721621, 53.402951136779983 ], [ -115.492199330721618, 53.402951136779983 ], [ -115.492199330721618, 53.352951136779986 ] ] ] } },
{ "type": "Feature", "properties": { "value": 1, "label": "AQHI 1", "color": "#01cbff", "timestamp": "2026-09-30 07:00:00", "generated_at": "2026-09-30T13:31:09.486326", "nearest_km": 53.01927549214183, "n_points": 13, "weight_sum": 0.0015981952847198614, "confidence": "Medium", "flagged": false }, "geometry": { "type": "Polygon", "coordinates": [ [ [ -115.442199330721621, 53.352951136779986 ], [ -115.392199330721624, 53.352951136779986 ], [ -115.392199330721624, 53.402951136779983 ], [ -115.442199330721621, 53.402951136779983 ], [ -115.442199330721621, 53.352951136779986 ] ] ] } },
{ "type": "Feature", "properties": { "value": 1, "label": "AQHI 1", "color": "#01cbff", "timestamp": "2026-09-30 07:00:00", "generated_at": "2026-09-30T13:31:09.486326", "nearest_km": 47.713407708206574, "n_points": 13, "weight_sum": 0.0018120266782648705, "confidence": "Medium", "flagged": false }, "geometry": { "type": "Polygon", "coordinates": [ [ [ -115.392199330721624, 53.352951136779986 ], [ -115.342199330721627, 53.352951136779986 ], [ -115.342199330721627, 53.402951136779983 ], [ -115.392199330721624, 53.402951136779983 ], [ -115.392199330721624, 53.352951136779986 ] ] ] } },
{ "type": "Feature", "properties": { "value": 1, "label": "AQHI 1", "color": "#01cbff", "timestamp": "2026-09-30 07:00:00", "generated_at": "2026-09-30T13:31:09.486326", "nearest_km": 42.469989128176799, "n_points": 13, "weight_sum": 0.0021112637254163571, "confidence": "Medium", "flagged": false }, "geometry": { "type": "Polygon", "coordinates": [ [ [ -115.342199330721627, 53.352951136779986 ], [ -115.29219933072163, 53.352951136779986 ], [ -115.29219933072163, 53.402951136779983 ], [ -115.342199330721627, 53.402951136779983 ], [ -115.342199330721627, 53.352951136779986 ] ] ] } },
{ "type": "Feature", "properties": { "value": 1, "label": "AQHI 1", "color": "#01cbff", "timestamp": "2026-09-30 07:00:00", "generated_at": "2026-09-30T13:31:09.486326", "nearest_km": 37.315354453165213, "n_points": 13, "weight_sum": 0.0025273626251413038, "confidence": "Medium", "flagged": false }, "geometry": { "type": "Polygon", "coordinates": [ [ [ -115.29219933072163, 53.352951136779986 ], [ -115.242199330721633, 53.352951136779986 ], [ -115.242199330721633, 53.402951136779983 ], [ -115.29219933072163, 53.402951136779983 ], [ -115.29219933072163, 53.352951136779986 ] ] ] } },
{ "type": "Feature", "properties": { "value": 1, "label": "AQHI 1", "color": "#01cbff", "timestamp": "2026-09-30 07:00:00", "generated_at": "2026-09-30T13:31:09.486326", "nearest_km": 32.292048237658321, "n_points": 13, "weight_sum": 0.0031075381856123701, "confidence": "Medium", "flagged": false }, "geometry": { "type": "Polygon", "coordinates": [ [ [ -115.242199330721633, 53.352951136779986 ], [ -115.192199330721635, 53.352951136779986 ], [ -115.192199330721635, 53.402951136779983 ], [ -115.242199330721633, 53.402951136779983 ], [ -115.242199330721633, 53.352951136779986 ] ] ] } },
{ "type": "Feature", "properties": { "value": 1, "label": "AQHI 1", "color": "#01cbff", "timestamp": "2026-09-30 07:00:00", "generated_at": "2026-09-30T13:31:09.486326", "nearest_km": 27.472205604958976, "n_points": 13, "weight_sum": 0.0039201917839676173, "confidence": "Medium", "flagged": false }, "geometry": { "type": "Polygon", "coordinates": [ [ [ -115.192199330721635, 53.352951136779986 ], [ -115.142199330721638, 53.352951136779986 ], [ -115.142199330721638, 53.402951136779983 ], [ -115.192199330721635, 53.402951136779983 ], [ -115.192199330721635, 53.352951136779986 ] ] ] } },
{ "type": "Feature", "properties": { "value": 1, "label": "AQHI 1", "color": "#01cbff", "timestamp": "2026-09-30 07:00:00", "generated_at": "2026-09-30T13:31:09.486326", "nearest_km": 22.98418548086967, "n_points": 13, "weight_sum": 0.0050535736908203623, "confidence": "High", "flagged": false }, "geometry": { "type": "Polygon", "coordinates": [ [ [ -115.142199330721638, 53.352951136779986 ], [ -115.092199330721641, 53.352951136779986 ], [ -115.092199330721641, 53.402951136779983 ], [ -115.142199330721638, 53.402951136779983 ], [ -115.142199330721638, 53.352951136779986 ] ] ] } },
{ "type": "Feature", "properties": { "value": 1, "label": "AQHI 1", "color": "#01cbff", "timestamp": "2026-09-30 07:00:00", "generated_at": "2026-09-30T13:31:09.486326", "nearest_km": 19.063800346124424, "n_points": 12, "weight_sum": 0.0065723420672751109, "confidence": "High", "flagged": false }, "geometry": { "type": "Polygon", "coordinates": [ [ [ -115.092199330721641, 53.352951136779986 ], [ -115.042199330721644, 53.352951136779986 ], [ -115.042199330721644, 53.402951136779983 ], [ -115.092199330721641, 53.402951136779983 ], [ -115.092199330721641, 53.352951136779986 ] ] ] } },
{ "type": "Feature", "properties": { "value": 1, "label": "AQHI 1", "color": "#01cbff", "timestamp": "2026-09-30 07:00:00", "generated_at": "2026-09-30T13:31:09.486326", "nearest_km": 16.130380809353522, "n_points": 11, "weight_sum": 0.0082578346019480161, "confidence": "High", "flagged": false }, "geometry": { "type": "Polygon", "coordinates": [ [ [ -115.042199330721644, 53.352951136779986 ], [ -114.992199330721647, 53.352951136779986 ], [ -114.992199330721647, 53.402951136779983 ], [ -115.042199330721644, 53.402951136779983 ], [ -115.042199330721644, 53.352951136779986 ] ] ] } },
{ "type": "Feature", "properties": { "value": 1, "label": "AQHI 1", "color": "#01cbff", "timestamp": "2026-09-30 07:00:00", "generated_at": "2026-09-30T13:31:09.486326", "nearest_km": 67.586607762248832, "n_points": 9, "weight_sum": 0.00088412467208312084, "confidence": "Medium", "flagged": false }, "geometry": { "type": "Polygon", "coordinates": [ [ [ -118.392199330721454, 53.402951136779983 ], [ -118.342199330721456, 53.402951136779983 ], [ -118.342199330721456, 53.45295113677998 ], [ -118.392199330721454, 53.45295113677998 ], [ -118.392199330721454, 53.402951136779983 ] ] ] } },
{ "type": "Feature", "properties": { "value": 1, "label": "AQHI 1", "color": "#01cbff", "timestamp": "2026-09-30 07:00:00", "generated_at": "2026-09-30T13:31:09.486326", "nearest_km": 65.024506744966516, "n_points": 9, "weight_sum": 0.00096629130753550778, "confidence": "Medium", "flagged": false }, "geometry": { "type": "Polygon", "coordinates": [ [ [ -118.342199330721456, 53.402951136779983 ], [ -118.292199330721459, 53.402951136779983 ], [ -118.292199330721459, 53.45295113677998 ], [ -118.342199330721456, 53.45295113677998 ], [ -118.342199330721456, 53.402951136779983 ] ] ] } },
{ "type": "Feature", "properties": { "value": 1, "label": "AQHI 1", "color": "#01cbff", "timestamp": "2026-09-30 07:00:00", "generated_at": "2026-09-30T13:31:09.486326", "nearest_km": 62.7903502093627, "n_points": 9, "weight_sum": 0.0010536878798883423, "confidence": "Medium", "flagged": false }, "geometry": { "type": "Polygon", "coordinates": [ [ [ -118.292199330721459, 53.402951136779983 ], [ -118.242199330721462, 53.402951136779983 ], [ -118.242199330721462, 53.45295113677998 ], [ -118.292199330721459, 53.45295113677998 ], [ -118.292199330721459, 53.402951136779983 ] ] ] } },
{ "type": "Feature", "properties": { "value": 1, "label": "AQHI 1", "color": "#01cbff", "timestamp": "2026-09-30 07:00:00", "generated_at": "2026-09-30T13:31:09.486326", "nearest_km": 60.974383002474987, "n_points": 9, "weight_sum": 0.001146044058896724, "confidence": "Medium", "flagged": false }, "geometry": { "type": "Polygon", "coordinates": [ [ [ -118.242199330721462, 53.402951136779983 ], [ -118.192199330721465, 53.402951136779983 ], [ -118.192199330721465, 53.45295113677998 ], [ -118.242199330721462, 53.45295113677998 ], [ -118.242199330721462, 53.402951136779983 ] ] ] } },
{ "type": "Feature", "properties": { "value": 1, "label": "AQHI 1", "color": "#01cbff", "timestamp": "2026-09-30 07:00:00", "generated_at": "2026-09-30T13:31:09.486326", "nearest_km": 59.621537095672075, "n_points": 9, "weight_sum": 0.0012437827321795753, "confidence": "Medium", "flagged": false }, "geometry": { "type": "Polygon", "coordinates": [ [ [ -118.192199330721465, 53.402951136779983 ], [ -118.142199330721468, 53.402951136779983 ], [ -118.142199330721468, 53.45295113677998 ], [ -118.192199330721465, 53.45295113677998 ], [ -118.192199330721465, 53.402951136779983 ] ] ] } },
{ "type": "Feature", "properties": { "value": 1, "label": "AQHI 1", "color": "#01cbff", "timestamp": "2026-09-30 07:00:00", "generated_at": "2026-09-30T13:31:09.486326", "nearest_km": 58.763806792690715, "n_points": 9, "weight_sum": 0.0013488828301738806, "confidence": "Medium", "flagged": false }, "geometry": { "type": "Polygon", "coordinates": [ [ [ -118.142199330721468, 53.402951136779983 ], [ -118.092199330721471, 53.402951136779983 ], [ -118.092199330721471, 53.45295113677998 ], [ -118.142199330721468, 53.45295113677998 ], [ -118.142199330721468, 53.402951136779983 ] ] ] } },
{ "type": "Feature", "properties": { "value": 1, "label": "AQHI 1", "color": "#01cbff", "timestamp": "2026-09-30 07:00:00", "generated_at": "2026-09-30T13:31:09.486326", "nearest_km": 56.353978366266766, "n_points": 9, "weight_sum": 0.0014661379035237553, "confidence": "Medium", "flagged": false }, "geometry": { "type": "Polygon", "coordinates": [ [ [ -118.092199330721471, 53.402951136779983 ], [ -118.042199330721473, 53.402951136779983 ], [ -118.042199330721473, 53.45295113677998 ], [ -118.092199330721471, 53.45295113677998 ], [ -118.092199330721471, 53.402951136779983 ] ] ] } },
{ "type": "Feature", "properties": { "value": 1, "label": "AQHI 1", "color": "#01cbff", "timestamp": "2026-09-30 07:00:00", "generated_at": "2026-09-30T13:31:09.486326", "nearest_km": 50.805224518584367, "n_points": 9, "weight_sum": 0.0016049532861636901, "confidence": "Medium", "flagged": false }, "geometry": { "type": "Polygon", "coordinates": [ [ [ -118.042199330721473, 53.402951136779983 ], [ -117.992199330721476, 53.402951136779983 ], [ -117.992199330721476, 53.45295113677998 ], [ -118.042199330721473, 53.45295113677998 ], [ -118.042199330721473, 53.402951136779983 ] ] ] } },
{ "type": "Feature", "properties": { "value": 1, "label": "AQHI 1", "color": "#01cbff", "timestamp": "2026-09-30 07:00:00", "generated_at": "2026-09-30T13:31:09.486326", "nearest_km": 45.256776277833382, "n_points": 9, "weight_sum": 0.0017821436831675921, "confidence": "Medium", "flagged": false }, "geometry": { "type": "Polygon", "coordinates": [ [ [ -117.992199330721476, 53.402951136779983 ], [ -117.942199330721479, 53.402951136779983 ], [ -117.942199330721479, 53.45295113677998 ], [ -117.992199330721476, 53.45295113677998 ], [ -117.992199330721476, 53.402951136779983 ] ] ] } },
{ "type": "Feature", "properties": { "value": 1, "label": "AQHI 1", "color": "#01cbff", "timestamp": "2026-09-30 07:00:00", "generated_at": "2026-09-30T13:31:09.486326", "nearest_km": 39.708761750273091, "n_points": 9, "weight_sum": 0.0020270608191468383, "confidence": "Medium", "flagged": false }, "geometry": { "type": "Polygon", "coordinates": [ [ [ -117.942199330721479, 53.402951136779983 ], [ -117.892199330721482, 53.402951136779983 ], [ -117.892199330721482, 53.45295113677998 ], [ -117.942199330721479, 53.45295113677998 ], [ -117.942199330721479, 53.402951136779983 ] ] ] } },
{ "type": "Feature", "properties": { "value": 2, "label": "AQHI 2", "color": "#0099cb", "timestamp": "2026-09-30 07:00:00", "generated_at": "2026-09-30T13:31:09.486326", "nearest_km": 34.161392249409758, "n_points": 9, "weight_sum": 0.0023926003779692119, "confidence": "Medium", "flagged": false }, "geometry": { "type": "Polygon", "coordinates": [ [ [ -117.892199330721482, 53.402951136779983 ], [ -117.842199330721485, 53.402951136779983 ], [ -117.842199330721485, 53.45295113677998 ], [ -117.892199330721482, 53.45295113677998 ], [ -117.892199330721482, 53.402951136779983 ] ] ] } },
{ "type": "Feature", "properties": { "value": 2, "label": "AQHI 2", "color": "#0099cb", "timestamp": "2026-09-30 07:00:00", "generated_at": "2026-09-30T13:31:09.486326", "nearest_km": 28.615042916202448, "n_points": 9, "weight_sum": 0.0029820006259895691, "confidence": "Medium", "flagged": false }, "geometry": { "type": "Polygon", "coordinates": [ [ [ -117.842199330721485, 53.402951136779983 ], [ -117.792199330721488, 53.402951136779983 ], [ -117.792199330721488, 53.45295113677998 ], [ -117.842199330721485, 53.45295113677998 ], [ -117.842199330721485, 53.402951136779983 ] ] ] } },
{ "type": "Feature", "properties": { "value": 2, "label": "AQHI 2", "color": "#0099cb", "timestamp": "2026-09-30 07:00:00", "generated_at": "2026-09-30T13:31:09.486326", "nearest_km": 23.070449535589365, "n_points": 9, "weight_sum": 0.0040233147445543445, "confidence": "High", "flagged": false }, "geometry": { "type": "Polygon", "coordinates": [ [ [ -117.792199330721488, 53.402951136779983 ], [ -117.74219933072149, 53.402951136779983 ], [ -117.74219933072149, 53.45295113677998 ], [ -117.792199330721488, 53.45295113677998 ], [ -117.792199330721488, 53.402951136779983 ] ] ] } },
{ "type": "Feature", "properties": { "value": 2, "label": "AQHI 2", "color": "#0099cb", "timestamp": "2026-09-30 07:00:00", "generated_at": "2026-09-30T13:31:09.486326", "nearest_km": 17.529278435013698, "n_points": 11, "weight_sum": 0.0061654306736254501, "confidence": "High", "flagged": false }, "geometry": { "type": "Polygon", "coordinates": [ [ [ -117.74219933072149, 53.402951136779983 ], [ -117.692199330721493, 53.402951136779983 ], [ -117.692199330721493, 53.45295113677998 ], [ -117.74219933072149, 53.45295113677998 ], [ -117.74219933072149, 53.402951136779983 ] ] ] } },
{ "type": "Feature", "properties": { "value": 2, "label": "AQHI 2", "color": "#0099cb", "timestamp": "2026-09-30 07:00:00", "generated_at": "2026-09-30T13:31:09.486326", "nearest_km": 11.996272884954315, "n_points": 13, "weight_sum": 0.01151633599751626, "confidence": "High", "flagged": false }, "geometry": { "type": "Polygon", "coordinates": [ [ [ -117.692199330721493, 53.402951136779983 ], [ -117.642199330721496, 53.402951136779983 ], [ -117.642199330721496, 53.45295113677998 ], [ -117.692199330721493, 53.45295113677998 ], [ -117.692199330721493, 53.402951136779983 ] ] ] } },
{ "type": "Feature", "properties": { "value": 2, "label": "AQHI 2", "color": "#0099cb", "timestamp": "2026-09-30 07:00:00", "generated_at": "2026-09-30T13:31:09.486326", "nearest_km": 6.4923434758442164, "n_points": 13, "weight_sum": 0.032644012163796018, "confidence": "High", "flagged": false }, "geometry": { "type": "Polygon", "coordinates": [ [ [ -117.642199330721496, 53.402951136779983 ], [ -117.592199330721499, 53.402951136779983 ], [ -117.592199330721499, 53.45295113677998 ], [ -117.642199330721496, 53.45295113677998 ], [ -117.642199330721496, 53.402951136779983 ] ] ] } },
{ "type": "Feature", "properties": { "value": 2, "label": "AQHI 2", "color": "#0099cb", "timestamp": "2026-09-30 07:00:00", "generated_at": "2026-09-30T13:31:09.486326", "nearest_km": 1.4126161850894943, "n_points": 13, "weight_sum": 0.53003242481720914, "confidence": "High", "flagged": false }, "geometry": { "type": "Polygon", "coordinates": [ [ [ -117.592199330721499, 53.402951136779983 ], [ -117.542199330721502, 53.402951136779983 ], [ -117.542199330721502, 53.45295113677998 ], [ -117.592199330721499, 53.45295113677998 ], [ -117.592199330721499, 53.402951136779983 ] ] ] } },
{ "type": "Feature", "properties": { "value": 1, "label": "AQHI 1", "color": "#01cbff", "timestamp": "2026-09-30 07:00:00", "generated_at": "2026-09-30T13:31:09.486326", "nearest_km": 2.7107847616973242, "n_points": 13, "weight_sum": 0.17978588751681085, "confidence": "High", "flagged": false }, "geometry": { "type": "Polygon", "coordinates": [ [ [ -117.542199330721502, 53.402951136779983 ], [ -117.492199330721505, 53.402951136779983 ], [ -117.492199330721505, 53.45295113677998 ], [ -117.542199330721502, 53.45295113677998 ], [ -117.542199330721502, 53.402951136779983 ] ] ] } },
{ "type": "Feature", "properties": { "value": 1, "label": "AQHI 1", "color": "#01cbff", "timestamp": "2026-09-30 07:00:00", "generated_at": "2026-09-30T13:31:09.486326", "nearest_km": 6.3601894108809587, "n_points": 13, "weight_sum": 0.035220242570425254, "confidence": "High", "flagged": false }, "geometry": { "type": "Polygon", "coordinates": [ [ [ -117.492199330721505, 53.402951136779983 ], [ -117.442199330721508, 53.402951136779983 ], [ -117.442199330721508, 53.45295113677998 ], [ -117.492199330721505, 53.45295113677998 ], [ -117.492199330721505, 53.402951136779983 ] ] ] } },
{ "type": "Feature", "properties": { "value": 1, "label": "AQHI 1", "color": "#01cbff", "timestamp": "2026-09-30 07:00:00", "generated_at": "2026-09-30T13:31:09.486326", "nearest_km": 11.625861888922779, "n_points": 13, "weight_sum": 0.012574643766955487, "confidence": "High", "flagged": false }, "geometry": { "type": "Polygon", "coordinates": [ [ [ -117.442199330721508, 53.402951136779983 ], [ -117.39219933072151, 53.402951136779983 ], [ -117.39219933072151, 53.45295113677998 ], [ -117.442199330721508, 53.45295113677998 ], [ -117.442199330721508, 53.402951136779983 ] ] ] } },
{ "type": "Feature", "properties": { "value": 1, "label": "AQHI 1", "color": "#01cbff", "timestamp": "2026-09-30 07:00:00", "generated_at": "2026-09-30T13:31:09.486326", "nearest_km": 17.07261901344738, "n_points": 13, "weight_sum": 0.0069240327487816861, "confidence": "High", "flagged": false }, "geometry": { "type": "Polygon", "coordinates": [ [ [ -117.39219933072151, 53.402951136779983 ], [ -117.342199330721513, 53.402951136779983 ], [ -117.342199330721513, 53.45295113677998 ], [ -117.39219933072151, 53.45295113677998 ], [ -117.39219933072151, 53.402951136779983 ] ] ] } },
{ "type": "Feature", "properties": { "value": 1, "label": "AQHI 1", "color": "#01cbff", "timestamp": "2026-09-30 07:00:00", "generated_at": "2026-09-30T13:31:09.486326", "nearest_km": 22.569735826906257, "n_points": 13, "weight_sum": 0.0047932191498177611, "confidence": "High", "flagged": false }, "geometry": { "type": "Polygon", "coordinates": [ [ [ -117.342199330721513, 53.402951136779983 ], [ -117.292199330721516, 53.402951136779983 ], [ -117.292199330721516, 53.45295113677998 ], [ -117.342199330721513, 53.45295113677998 ], [ -117.342199330721513, 53.402951136779983 ] ] ] } },
{ "type": "Feature", "properties": { "value": 2, "label": "AQHI 2", "color": "#0099cb", "timestamp": "2026-09-30 07:00:00", "generated_at": "2026-09-30T13:31:09.486326", "nearest_km": 28.087659756810282, "n_points": 13, "weight_sum": 0.0038434580149928335, "confidence": "Medium", "flagged": false }, "geometry": { "type": "Polygon", "coordinates": [ [ [ -117.292199330721516, 53.402951136779983 ], [ -117.242199330721519, 53.402951136779983 ], [ -117.242199330721519, 53.45295113677998 ], [ -117.292199330721516, 53.45295113677998 ], [ -117.292199330721516, 53.402951136779983 ] ] ] } },
{ "type": "Feature", "properties": { "value": 2, "label": "AQHI 2", "color": "#0099cb", "timestamp": "2026-09-30 07:00:00", "generated_at": "2026-09-30T13:31:09.486326", "nearest_km": 33.616146208813653, "n_points": 13, "weight_sum": 0.0034050533438868, "confidence": "Medium", "flagged": false }, "geometry": { "type": "Polygon", "coordinates": [ [ [ -117.242199330721519, 53.402951136779983 ], [ -117.192199330721522, 53.402951136779983 ], [ -117.192199330721522, 53.45295113677998 ], [ -117.242199330721519, 53.45295113677998 ], [ -117.242199330721519, 53.402951136779983 ] ] ] } },
{ "type": "Feature", "properties": { "value": 2, "label": "AQHI 2", "color": "#0099cb", "timestamp": "2026-09-30 07:00:00", "generated_at": "2026-09-30T13:31:09.486326", "nearest_km": 32.048579256337533, "n_points": 14, "weight_sum": 0.0032324325162066429, "confidence": "Medium", "flagged": false }, "geometry": { "type": "Polygon", "coordinates": [ [ [ -117.192199330721522, 53.402951136779983 ], [ -117.142199330721525, 53.402951136779983 ], [ -117.142199330721525, 53.45295113677998 ], [ -117.192199330721522, 53.45295113677998 ], [ -117.192199330721522, 53.402951136779983 ] ] ] } },
{ "type": "Feature", "properties": { "value": 2, "label": "AQHI 2", "color": "#0099cb", "timestamp": "2026-09-30 07:00:00", "generated_at": "2026-09-30T13:31:09.486326", "nearest_km": 30.550990165095513, "n_points": 14, "weight_sum": 0.003134621643120583, "confidence": "Medium", "flagged": false }, "geometry": { "type": "Polygon", "coordinates": [ [ [ -117.142199330721525, 53.402951136779983 ], [ -117.092199330721527, 53.402951136779983 ], [ -117.092199330721527, 53.45295113677998 ], [ -117.142199330721525, 53.45295113677998 ], [ -117.142199330721525, 53.402951136779983 ] ] ] } },
{ "type": "Feature", "properties": { "value": 2, "label": "AQHI 2", "color": "#0099cb", "timestamp": "2026-09-30 07:00:00", "generated_at": "2026-09-30T13:31:09.486326", "nearest_km": 30.020319248565126, "n_points": 14, "weight_sum": 0.0030362310383400736, "confidence": "Medium", "flagged": false }, "geometry": { "type": "Polygon", "coordinates": [ [ [ -117.092199330721527, 53.402951136779983 ], [ -117.04219933072153, 53.402951136779983 ], [ -117.04219933072153, 53.45295113677998 ], [ -117.092199330721527, 53.45295113677998 ], [ -117.092199330721527, 53.402951136779983 ] ] ] } },
{ "type": "Feature", "properties": { "value": 2, "label": "AQHI 2", "color": "#0099cb", "timestamp": "2026-09-30 07:00:00", "generated_at": "2026-09-30T13:31:09.486326", "nearest_km": 30.507066976419903, "n_points": 14, "weight_sum": 0.0028893187384864444, "confidence": "Medium", "flagged": false }, "geometry": { "type": "Polygon", "coordinates": [ [ [ -117.04219933072153, 53.402951136779983 ], [ -116.992199330721533, 53.402951136779983 ], [ -116.992199330721533, 53.45295113677998 ], [ -117.04219933072153, 53.45295113677998 ], [ -117.04219933072153, 53.402951136779983 ] ] ] } },
{ "type": "Feature", "properties": { "value": 2, "label": "AQHI 2", "color": "#0099cb", "timestamp": "2026-09-30 07:00:00", "generated_at": "2026-09-30T13:31:09.486326", "nearest_km": 31.964788490177174, "n_points": 14, "weight_sum": 0.0026985067866886819, "confidence": "Medium", "flagged": false }, "geometry": { "type": "Polygon", "coordinates": [ [ [ -116.992199330721533, 53.402951136779983 ], [ -116.942199330721536, 53.402951136779983 ], [ -116.942199330721536, 53.45295113677998 ], [ -116.992199330721533, 53.45295113677998 ], [ -116.992199330721533, 53.402951136779983 ] ] ] } },
{ "type": "Feature", "properties": { "value": 2, "label": "AQHI 2", "color": "#0099cb", "timestamp": "2026-09-30 07:00:00", "generated_at": "2026-09-30T13:31:09.486326", "nearest_km": 34.269801151155647, "n_points": 14, "weight_sum": 0.0025008615213586876, "confidence": "Medium", "flagged": false }, "geometry": { "type": "Polygon", "coordinates": [ [ [ -116.942199330721536, 53.402951136779983 ], [ -116.892199330721539, 53.402951136779983 ], [ -116.892199330721539, 53.45295113677998 ], [ -116.942199330721536, 53.45295113677998 ], [ -116.942199330721536, 53.402951136779983 ] ] ] } },
{ "type": "Feature", "properties": { "value": 2, "label": "AQHI 2", "color": "#0099cb", "timestamp": "2026-09-30 07:00:00", "generated_at": "2026-09-30T13:31:09.486326", "nearest_km": 37.265209494349129, "n_points": 13, "weight_sum": 0.0023141944824845461, "confidence": "Medium", "flagged": false }, "geometry": { "type": "Polygon", "coordinates": [ [ [ -116.892199330721539, 53.402951136779983 ], [ -116.842199330721542, 53.402951136779983 ], [ -116.842199330721542, 53.45295113677998 ], [ -116.892199330721539, 53.45295113677998 ], [ -116.892199330721539, 53.402951136779983 ] ] ] } },
{ "type": "Feature", "properties": { "value": 2, "label": "AQHI 2", "color": "#0099cb", "timestamp": "2026-09-30 07:00:00", "generated_at": "2026-09-30T13:31:09.486326", "nearest_km": 40.798203579508552, "n_points": 12, "weight_sum": 0.0021677791734357635, "confidence": "Medium", "flagged": false }, "geometry": { "type": "Polygon", "coordinates": [ [ [ -116.842199330721542, 53.402951136779983 ], [ -116.792199330721544, 53.402951136779983 ], [ -116.792199330721544, 53.45295113677998 ], [ -116.842199330721542, 53.45295113677998 ], [ -116.842199330721542, 53.402951136779983 ] ] ] } },
{ "type": "Feature", "properties": { "value": 2, "label": "AQHI 2", "color": "#0099cb", "timestamp": "2026-09-30 07:00:00", "generated_at": "2026-09-30T13:31:09.486326", "nearest_km": 43.342274600859909, "n_points": 10, "weight_sum": 0.0021051294892633675, "confidence": "Medium", "flagged": false }, "geometry": { "type": "Polygon", "coordinates": [ [ [ -116.792199330721544, 53.402951136779983 ], [ -116.742199330721547, 53.402951136779983 ], [ -116.742199330721547, 53.45295113677998 ], [ -116.792199330721544, 53.45295113677998 ], [ -116.792199330721544, 53.402951136779983 ] ] ] } },
{ "type": "Feature", "properties": { "value": 2, "label": "AQHI 2", "color": "#0099cb", "timestamp": "2026-09-30 07:00:00", "generated_at": "2026-09-30T13:31:09.486326", "nearest_km": 38.471169038571531, "n_points": 10, "weight_sum": 0.0021811505048019331, "confidence": "Medium", "flagged": false }, "geometry": { "type": "Polygon", "coordinates": [ [ [ -116.742199330721547, 53.402951136779983 ], [ -116.69219933072155, 53.402951136779983 ], [ -116.69219933072155, 53.45295113677998 ], [ -116.742199330721547, 53.45295113677998 ], [ -116.742199330721547, 53.402951136779983 ] ] ] } },
{ "type": "Feature", "properties": { "value": 2, "label": "AQHI 2", "color": "#0099cb", "timestamp": "2026-09-30 07:00:00", "generated_at": "2026-09-30T13:31:09.486326", "nearest_km": 33.809967861746586, "n_points": 10, "weight_sum": 0.0023711332769546915, "confidence": "Medium", "flagged": false }, "geometry": { "type": "Polygon", "coordinates": [ [ [ -116.69219933072155, 53.402951136779983 ], [ -116.642199330721553, 53.402951136779983 ], [ -116.642199330721553, 53.45295113677998 ], [ -116.69219933072155, 53.45295113677998 ], [ -116.69219933072155, 53.402951136779983 ] ] ] } },
{ "type": "Feature", "properties": { "value": 2, "label": "AQHI 2", "color": "#0099cb", "timestamp": "2026-09-30 07:00:00", "generated_at": "2026-09-30T13:31:09.486326", "nearest_km": 29.458479363849072, "n_points": 10, "weight_sum": 0.0027030100561022262, "confidence": "Medium", "flagged": false }, "geometry": { "type": "Polygon", "coordinates": [ [ [ -116.642199330721553, 53.402951136779983 ], [ -116.592199330721556, 53.402951136779983 ], [ -116.592199330721556, 53.45295113677998 ], [ -116.642199330721553, 53.45295113677998 ], [ -116.642199330721553, 53.402951136779983 ] ] ] } },
{ "type": "Feature", "properties": { "value": 2, "label": "AQHI 2", "color": "#0099cb", "timestamp": "2026-09-30 07:00:00", "generated_at": "2026-09-30T13:31:09.486326", "nearest_km": 25.575282716879197, "n_points": 10, "weight_sum": 0.0032064575070421715, "confidence": "Medium", "flagged": false }, "geometry": { "type": "Polygon", "coordinates": [ [ [ -116.592199330721556, 53.402951136779983 ], [ -116.542199330721559, 53.402951136779983 ], [ -116.542199330721559, 53.45295113677998 ], [ -116.592199330721556, 53.45295113677998 ], [ -116.592199330721556, 53.402951136779983 ] ] ] } },
{ "type": "Feature", "properties": { "value": 2, "label": "AQHI 2", "color": "#0099cb", "timestamp": "2026-09-30 07:00:00", "generated_at": "2026-09-30T13:31:09.486326", "nearest_km": 22.405203986267804, "n_points": 10, "weight_sum": 0.0038808343997219505, "confidence": "High", "flagged": false }, "geometry": { "type": "Polygon", "coordinates": [ [ [ -116.542199330721559, 53.402951136779983 ], [ -116.492199330721562, 53.402951136779983 ], [ -116.492199330721562, 53.45295113677998 ], [ -116.542199330721559, 53.45295113677998 ], [ -116.542199330721559, 53.402951136779983 ] ] ] } },
{ "type": "Feature", "properties": { "value": 2, "label": "AQHI 2", "color": "#0099cb", "timestamp": "2026-09-30 07:00:00", "generated_at": "2026-09-30T13:31:09.486326", "nearest_km": 20.285370227931129, "n_points": 10, "weight_sum": 0.0046161997558014306, "confidence": "High", "flagged": false }, "geometry": { "type": "Polygon", "coordinates": [ [ [ -116.492199330721562, 53.402951136779983 ], [ -116.442199330721564, 53.402951136779983 ], [ -116.442199330721564, 53.45295113677998 ], [ -116.492199330721562, 53.45295113677998 ], [ -116.492199330721562, 53.402951136779983 ] ] ] } },
{ "type": "Feature", "properties": { "value": 2, "label": "AQHI 2", "color": "#0099cb", "timestamp": "2026-09-30 07:00:00", "generated_at": "2026-09-30T13:31:09.486326", "nearest_km": 19.560274152020252, "n_points": 9, "weight_sum": 0.005105240936061543, "confidence": "High", "flagged": false }, "geometry": { "type": "Polygon", "coordinates": [ [ [ -116.442199330721564, 53.402951136779983 ], [ -116.392199330721567, 53.402951136779983 ], [ -116.392199330721567, 53.45295113677998 ], [ -116.442199330721564, 53.45295113677998 ], [ -116.442199330721564, 53.402951136779983 ] ] ] } },
{ "type": "Feature", "properties": { "value": 2, "label": "AQHI 2", "color": "#0099cb", "timestamp": "2026-09-30 07:00:00", "generated_at": "2026-09-30T13:31:09.486326", "nearest_km": 20.379337686002987, "n_points": 9, "weight_sum": 0.0050888556602754339, "confidence": "High", "flagged": false }, "geometry": { "type": "Polygon", "coordinates": [ [ [ -116.392199330721567, 53.402951136779983 ], [ -116.34219933072157, 53.402951136779983 ], [ -116.34219933072157, 53.45295113677998 ], [ -116.392199330721567, 53.45295113677998 ], [ -116.392199330721567, 53.402951136779983 ] ] ] } },
{ "type": "Feature", "properties": { "value": 2, "label": "AQHI 2", "color": "#0099cb", "timestamp": "2026-09-30 07:00:00", "generated_at": "2026-09-30T13:31:09.486326", "nearest_km": 21.895262853119107, "n_points": 10, "weight_sum": 0.0045708560123135771, "confidence": "High", "flagged": false }, "geometry": { "type": "Polygon", "coordinates": [ [ [ -116.34219933072157, 53.402951136779983 ], [ -116.292199330721573, 53.402951136779983 ], [ -116.292199330721573, 53.45295113677998 ], [ -116.34219933072157, 53.45295113677998 ], [ -116.34219933072157, 53.402951136779983 ] ] ] } },
{ "type": "Feature", "properties": { "value": 2, "label": "AQHI 2", "color": "#0099cb", "timestamp": "2026-09-30 07:00:00", "generated_at": "2026-09-30T13:31:09.486326", "nearest_km": 23.92745314121694, "n_points": 15, "weight_sum": 0.0039422702849190375, "confidence": "High", "flagged": false }, "geometry": { "type": "Polygon", "coordinates": [ [ [ -116.292199330721573, 53.402951136779983 ], [ -116.242199330721576, 53.402951136779983 ], [ -116.242199330721576, 53.45295113677998 ], [ -116.292199330721573, 53.45295113677998 ], [ -116.292199330721573, 53.402951136779983 ] ] ] } },
{ "type": "Feature", "properties": { "value": 2, "label": "AQHI 2", "color": "#0099cb", "timestamp": "2026-09-30 07:00:00", "generated_at": "2026-09-30T13:31:09.486326", "nearest_km": 26.967545165310849, "n_points": 15, "weight_sum": 0.0032330911117000104, "confidence": "Medium", "flagged": false }, "geometry": { "type": "Polygon", "coordinates": [ [ [ -116.242199330721576, 53.402951136779983 ], [ -116.192199330721579, 53.402951136779983 ], [ -116.192199330721579, 53.45295113677998 ], [ -116.242199330721576, 53.45295113677998 ], [ -116.242199330721576, 53.402951136779983 ] ] ] } },
{ "type": "Feature", "properties": { "value": 2, "label": "AQHI 2", "color": "#0099cb", "timestamp": "2026-09-30 07:00:00", "generated_at": "2026-09-30T13:31:09.486326", "nearest_km": 30.717730558441676, "n_points": 13, "weight_sum": 0.0025994897224989747, "confidence": "Medium", "flagged": false }, "geometry": { "type": "Polygon", "coordinates": [ [ [ -116.192199330721579, 53.402951136779983 ], [ -116.142199330721581, 53.402951136779983 ], [ -116.142199330721581, 53.45295113677998 ], [ -116.192199330721579, 53.45295113677998 ], [ -116.192199330721579, 53.402951136779983 ] ] ] } },
{ "type": "Feature", "properties": { "value": 2, "label": "AQHI 2", "color": "#0099cb", "timestamp": "2026-09-30 07:00:00", "generated_at": "2026-09-30T13:31:09.486326", "nearest_km": 34.950170944917502, "n_points": 13, "weight_sum": 0.0022269433652941754, "confidence": "Medium", "flagged": false }, "geometry": { "type": "Polygon", "coordinates": [ [ [ -116.142199330721581, 53.402951136779983 ], [ -116.092199330721584, 53.402951136779983 ], [ -116.092199330721584, 53.45295113677998 ], [ -116.142199330721581, 53.45295113677998 ], [ -116.142199330721581, 53.402951136779983 ] ] ] } },
{ "type": "Feature", "properties": { "value": 2, "label": "AQHI 2", "color": "#0099cb", "timestamp": "2026-09-30 07:00:00", "generated_at": "2026-09-30T13:31:09.486326", "nearest_km": 34.384730427023726, "n_points": 13, "weight_sum": 0.0019958636306989836, "confidence": "Medium", "flagged": false }, "geometry": { "type": "Polygon", "coordinates": [ [ [ -116.092199330721584, 53.402951136779983 ], [ -116.042199330721587, 53.402951136779983 ], [ -116.042199330721587, 53.45295113677998 ], [ -116.092199330721584, 53.45295113677998 ], [ -116.092199330721584, 53.402951136779983 ] ] ] } },
{ "type": "Feature", "properties": { "value": 1, "label": "AQHI 1", "color": "#01cbff", "timestamp": "2026-09-30 07:00:00", "generated_at": "2026-09-30T13:31:09.486326", "nearest_km": 30.669156055506988, "n_points": 13, "weight_sum": 0.0018766152940750663, "confidence": "Medium", "flagged": false }, "geometry": { "type": "Polygon", "coordinates": [ [ [ -116.042199330721587, 53.402951136779983 ], [ -115.99219933072159, 53.402951136779983 ], [ -115.99219933072159, 53.45295113677998 ], [ -116.042199330721587, 53.45295113677998 ], [ -116.042199330721587, 53.402951136779983 ] ] ] } },
{ "type": "Feature", "properties": { "value": 1, "label": "AQHI 1", "color": "#01cbff", "timestamp": "2026-09-30 07:00:00", "generated_at": "2026-09-30T13:31:09.486326", "nearest_km": 27.576975537121246, "n_points": 13, "weight_sum": 0.0018394660492764853, "confidence": "Medium", "flagged": false }, "geometry": { "type": "Polygon", "coordinates": [ [ [ -115.99219933072159, 53.402951136779983 ], [ -115.942199330721593, 53.402951136779983 ], [ -115.942199330721593, 53.45295113677998 ], [ -115.99219933072159, 53.45295113677998 ], [ -115.99219933072159, 53.402951136779983 ] ] ] } },
{ "type": "Feature", "properties": { "value": 1, "label": "AQHI 1", "color": "#01cbff", "timestamp": "2026-09-30 07:00:00", "generated_at": "2026-09-30T13:31:09.486326", "nearest_km": 25.337462903631838, "n_points": 14, "weight_sum": 0.0018684982747594777, "confidence": "Medium", "flagged": false }, "geometry": { "type": "Polygon", "coordinates": [ [ [ -115.942199330721593, 53.402951136779983 ], [ -115.892199330721596, 53.402951136779983 ], [ -115.892199330721596, 53.45295113677998 ], [ -115.942199330721593, 53.45295113677998 ], [ -115.942199330721593, 53.402951136779983 ] ] ] } },
{ "type": "Feature", "properties": { "value": 1, "label": "AQHI 1", "color": "#01cbff", "timestamp": "2026-09-30 07:00:00", "generated_at": "2026-09-30T13:31:09.486326", "nearest_km": 24.188622801037027, "n_points": 13, "weight_sum": 0.0018223427276214516, "confidence": "High", "flagged": false }, "geometry": { "type": "Polygon", "coordinates": [ [ [ -115.892199330721596, 53.402951136779983 ], [ -115.842199330721598, 53.402951136779983 ], [ -115.842199330721598, 53.45295113677998 ], [ -115.892199330721596, 53.45295113677998 ], [ -115.892199330721596, 53.402951136779983 ] ] ] } },
{ "type": "Feature", "properties": { "value": 1, "label": "AQHI 1", "color": "#01cbff", "timestamp": "2026-09-30 07:00:00", "generated_at": "2026-09-30T13:31:09.486326", "nearest_km": 24.285734899911308, "n_points": 13, "weight_sum": 0.0017691026374383112, "confidence": "High", "flagged": false }, "geometry": { "type": "Polygon", "coordinates": [ [ [ -115.842199330721598, 53.402951136779983 ], [ -115.792199330721601, 53.402951136779983 ], [ -115.792199330721601, 53.45295113677998 ], [ -115.842199330721598, 53.45295113677998 ], [ -115.842199330721598, 53.402951136779983 ] ] ] } },
{ "type": "Feature", "properties": { "value": 1, "label": "AQHI 1", "color": "#01cbff", "timestamp": "2026-09-30 07:00:00", "generated_at": "2026-09-30T13:31:09.486326", "nearest_km": 25.614631878024035, "n_points": 13, "weight_sum": 0.001661152985687875, "confidence": "Medium", "flagged": false }, "geometry": { "type": "Polygon", "coordinates": [ [ [ -115.792199330721601, 53.402951136779983 ], [ -115.742199330721604, 53.402951136779983 ], [ -115.742199330721604, 53.45295113677998 ], [ -115.792199330721601, 53.45295113677998 ], [ -115.792199330721601, 53.402951136779983 ] ] ] } },
{ "type": "Feature", "properties": { "value": 1, "label": "AQHI 1", "color": "#01cbff", "timestamp": "2026-09-30 07:00:00", "generated_at": "2026-09-30T13:31:09.486326", "nearest_km": 28.000478797059749, "n_points": 12, "weight_sum": 0.0014943954118916461, "confidence": "Medium", "flagged": false }, "geometry": { "type": "Polygon", "coordinates": [ [ [ -115.742199330721604, 53.402951136779983 ], [ -115.692199330721607, 53.402951136779983 ], [ -115.692199330721607, 53.45295113677998 ], [ -115.742199330721604, 53.45295113677998 ], [ -115.742199330721604, 53.402951136779983 ] ] ] } },
{ "type": "Feature", "properties": { "value": 1, "label": "AQHI 1", "color": "#01cbff", "timestamp": "2026-09-30 07:00:00", "generated_at": "2026-09-30T13:31:09.486326", "nearest_km": 31.201750904115837, "n_points": 12, "weight_sum": 0.001396180127668093, "confidence": "Medium", "flagged": false }, "geometry": { "type": "Polygon", "coordinates": [ [ [ -115.692199330721607, 53.402951136779983 ], [ -115.64219933072161, 53.402951136779983 ], [ -115.64219933072161, 53.45295113677998 ], [ -115.692199330721607, 53.45295113677998 ], [ -115.692199330721607, 53.402951136779983 ] ] ] } },
{ "type": "Feature", "properties": { "value": 1, "label": "AQHI 1", "color": "#01cbff", "timestamp": "2026-09-30 07:00:00", "generated_at": "2026-09-30T13:31:09.486326", "nearest_km": 34.995381210959643, "n_points": 12, "weight_sum": 0.0013381931882123115, "confidence": "Medium", "flagged": false }, "geometry": { "type": "Polygon", "coordinates": [ [ [ -115.64219933072161, 53.402951136779983 ], [ -115.592199330721613, 53.402951136779983 ], [ -115.592199330721613, 53.45295113677998 ], [ -115.64219933072161, 53.45295113677998 ], [ -115.64219933072161, 53.402951136779983 ] ] ] } },
{ "type": "Feature", "properties": { "value": 1, "label": "AQHI 1", "color": "#01cbff", "timestamp": "2026-09-30 07:00:00", "generated_at": "2026-09-30T13:31:09.486326", "nearest_km": 39.209809394056919, "n_points": 12, "weight_sum": 0.0013263722958152787, "confidence": "Medium", "flagged": false }, "geometry": { "type": "Polygon", "coordinates": [ [ [ -115.592199330721613, 53.402951136779983 ], [ -115.542199330721616, 53.402951136779983 ], [ -115.542199330721616, 53.45295113677998 ], [ -115.592199330721613, 53.45295113677998 ], [ -115.592199330721613, 53.402951136779983 ] ] ] } },
{ "type": "Feature", "properties": { "value": 1, "label": "AQHI 1", "color": "#01cbff", "timestamp": "2026-09-30 07:00:00", "generated_at": "2026-09-30T13:31:09.486326", "nearest_km": 43.723524552992679, "n_points": 13, "weight_sum": 0.0014070944212351585, "confidence": "Medium", "flagged": false }, "geometry": { "type": "Polygon", "coordinates": [ [ [ -115.542199330721616, 53.402951136779983 ], [ -115.492199330721618, 53.402951136779983 ], [ -115.492199330721618, 53.45295113677998 ], [ -115.542199330721616, 53.45295113677998 ], [ -115.542199330721616, 53.402951136779983 ] ] ] } },
{ "type": "Feature", "properties": { "value": 1, "label": "AQHI 1", "color": "#01cbff", "timestamp": "2026-09-30 07:00:00", "generated_at": "2026-09-30T13:31:09.486326", "nearest_km": 48.452957040350249, "n_points": 13, "weight_sum": 0.0014968716336168269, "confidence": "Medium", "flagged": false }, "geometry": { "type": "Polygon", "coordinates": [ [ [ -115.492199330721618, 53.402951136779983 ], [ -115.442199330721621, 53.402951136779983 ], [ -115.442199330721621, 53.45295113677998 ], [ -115.492199330721618, 53.45295113677998 ], [ -115.492199330721618, 53.402951136779983 ] ] ] } },
{ "type": "Feature", "properties": { "value": 1, "label": "AQHI 1", "color": "#01cbff", "timestamp": "2026-09-30 07:00:00", "generated_at": "2026-09-30T13:31:09.486326", "nearest_km": 52.105611676365143, "n_points": 13, "weight_sum": 0.0016440580225187519, "confidence": "Medium", "flagged": false }, "geometry": { "type": "Polygon", "coordinates": [ [ [ -115.442199330721621, 53.402951136779983 ], [ -115.392199330721624, 53.402951136779983 ], [ -115.392199330721624, 53.45295113677998 ], [ -115.442199330721621, 53.45295113677998 ], [ -115.442199330721621, 53.402951136779983 ] ] ] } },
{ "type": "Feature", "properties": { "value": 1, "label": "AQHI 1", "color": "#01cbff", "timestamp": "2026-09-30 07:00:00", "generated_at": "2026-09-30T13:31:09.486326", "nearest_km": 47.154458298087555, "n_points": 13, "weight_sum": 0.0018611153520195014, "confidence": "Medium", "flagged": false }, "geometry": { "type": "Polygon", "coordinates": [ [ [ -115.392199330721624, 53.402951136779983 ], [ -115.342199330721627, 53.402951136779983 ], [ -115.342199330721627, 53.45295113677998 ], [ -115.392199330721624, 53.45295113677998 ], [ -115.392199330721624, 53.402951136779983 ] ] ] } },
{ "type": "Feature", "properties": { "value": 1, "label": "AQHI 1", "color": "#01cbff", "timestamp": "2026-09-30 07:00:00", "generated_at": "2026-09-30T13:31:09.486326", "nearest_km": 42.352049615148381, "n_points": 13, "weight_sum": 0.0021683779718167412, "confidence": "Medium", "flagged": false }, "geometry": { "type": "Polygon", "coordinates": [ [ [ -115.342199330721627, 53.402951136779983 ], [ -115.29219933072163, 53.402951136779983 ], [ -115.29219933072163, 53.45295113677998 ], [ -115.342199330721627, 53.45295113677998 ], [ -115.342199330721627, 53.402951136779983 ] ] ] } },
{ "type": "Feature", "properties": { "value": 1, "label": "AQHI 1", "color": "#01cbff", "timestamp": "2026-09-30 07:00:00", "generated_at": "2026-09-30T13:31:09.486326", "nearest_km": 37.755188727139149, "n_points": 13, "weight_sum": 0.0025965857389320126, "confidence": "Medium", "flagged": false }, "geometry": { "type": "Polygon", "coordinates": [ [ [ -115.29219933072163, 53.402951136779983 ], [ -115.242199330721633, 53.402951136779983 ], [ -115.242199330721633, 53.45295113677998 ], [ -115.29219933072163, 53.45295113677998 ], [ -115.29219933072163, 53.402951136779983 ] ] ] } },
{ "type": "Feature", "properties": { "value": 1, "label": "AQHI 1", "color": "#01cbff", "timestamp": "2026-09-30 07:00:00", "generated_at": "2026-09-30T13:31:09.486326", "nearest_km": 33.448728601245712, "n_points": 13, "weight_sum": 0.0031888121511905619, "confidence": "Medium", "flagged": false }, "geometry": { "type": "Polygon", "coordinates": [ [ [ -115.242199330721633, 53.402951136779983 ], [ -115.192199330721635, 53.402951136779983 ], [ -115.192199330721635, 53.45295113677998 ], [ -115.242199330721633, 53.45295113677998 ], [ -115.242199330721633, 53.402951136779983 ] ] ] } },
{ "type": "Feature", "properties": { "value": 1, "label": "AQHI 1", "color": "#01cbff", "timestamp": "2026-09-30 07:00:00", "generated_at": "2026-09-30T13:31:09.486326", "nearest_km": 29.559864922859237, "n_points": 13, "weight_sum": 0.0039969580921056513, "confidence": "Medium", "flagged": false }, "geometry": { "type": "Polygon", "coordinates": [ [ [ -115.192199330721635, 53.402951136779983 ], [ -115.142199330721638, 53.402951136779983 ], [ -115.142199330721638, 53.45295113677998 ], [ -115.192199330721635, 53.45295113677998 ], [ -115.192199330721635, 53.402951136779983 ] ] ] } },
{ "type": "Feature", "properties": { "value": 1, "label": "AQHI 1", "color": "#01cbff", "timestamp": "2026-09-30 07:00:00", "generated_at": "2026-09-30T13:31:09.486326", "nearest_km": 26.274679512328365, "n_points": 13, "weight_sum": 0.0050582043840277872, "confidence": "Medium", "flagged": false }, "geometry": { "type": "Polygon", "coordinates": [ [ [ -115.142199330721638, 53.402951136779983 ], [ -115.092199330721641, 53.402951136779983 ], [ -115.092199330721641, 53.45295113677998 ], [ -115.142199330721638, 53.45295113677998 ], [ -115.142199330721638, 53.402951136779983 ] ] ] } },
{ "type": "Feature", "properties": { "value": 1, "label": "AQHI 1", "color": "#01cbff", "timestamp": "2026-09-30 07:00:00", "generated_at": "2026-09-30T13:31:09.486326", "nearest_km": 23.621411508703321, "n_points": 13, "weight_sum": 0.0063454126336609622, "confidence": "High", "flagged": false }, "geometry": { "type": "Polygon", "coordinates": [ [ [ -115.092199330721641, 53.402951136779983 ], [ -115.042199330721644, 53.402951136779983 ], [ -115.042199330721644, 53.45295113677998 ], [ -115.092199330721641, 53.45295113677998 ], [ -115.092199330721641, 53.402951136779983 ] ] ] } },
{ "type": "Feature", "properties": { "value": 1, "label": "AQHI 1", "color": "#01cbff", "timestamp": "2026-09-30 07:00:00", "generated_at": "2026-09-30T13:31:09.486326", "nearest_km": 21.324440979340309, "n_points": 11, "weight_sum": 0.0074812173634148729, "confidence": "High", "flagged": false }, "geometry": { "type": "Polygon", "coordinates": [ [ [ -115.042199330721644, 53.402951136779983 ], [ -114.992199330721647, 53.402951136779983 ], [ -114.992199330721647, 53.45295113677998 ], [ -115.042199330721644, 53.45295113677998 ], [ -115.042199330721644, 53.402951136779983 ] ] ] } },
{ "type": "Feature", "properties": { "value": 1, "label": "AQHI 1", "color": "#01cbff", "timestamp": "2026-09-30 07:00:00", "generated_at": "2026-09-30T13:31:09.486326", "nearest_km": 20.324799740691862, "n_points": 11, "weight_sum": 0.0081015741436522171, "confidence": "High", "flagged": false }, "geometry": { "type": "Polygon", "coordinates": [ [ [ -114.992199330721647, 53.402951136779983 ], [ -114.94219933072165, 53.402951136779983 ], [ -114.94219933072165, 53.45295113677998 ], [ -114.992199330721647, 53.45295113677998 ], [ -114.992199330721647, 53.402951136779983 ] ] ] } },
{ "type": "Feature", "properties": { "value": 1, "label": "AQHI 1", "color": "#01cbff", "timestamp": "2026-09-30 07:00:00", "generated_at": "2026-09-30T13:31:09.486326", "nearest_km": 20.810290385217613, "n_points": 12, "weight_sum": 0.0078134613712569738, "confidence": "High", "flagged": false }, "geometry": { "type": "Polygon", "coordinates": [ [ [ -114.94219933072165, 53.402951136779983 ], [ -114.892199330721652, 53.402951136779983 ], [ -114.892199330721652, 53.45295113677998 ], [ -114.94219933072165, 53.45295113677998 ], [ -114.94219933072165, 53.402951136779983 ] ] ] } },
{ "type": "Feature", "properties": { "value": 1, "label": "AQHI 1", "color": "#01cbff", "timestamp": "2026-09-30 07:00:00", "generated_at": "2026-09-30T13:31:09.486326", "nearest_km": 72.464158696797483, "n_points": 9, "weight_sum": 0.00081007166702847021, "confidence": "Medium", "flagged": false }, "geometry": { "type": "Polygon", "coordinates": [ [ [ -118.392199330721454, 53.45295113677998 ], [ -118.342199330721456, 53.45295113677998 ], [ -118.342199330721456, 53.502951136779977 ], [ -118.392199330721454, 53.502951136779977 ], [ -118.392199330721454, 53.45295113677998 ] ] ] } },
{ "type": "Feature", "properties": { "value": 1, "label": "AQHI 1", "color": "#01cbff", "timestamp": "2026-09-30 07:00:00", "generated_at": "2026-09-30T13:31:09.486326", "nearest_km": 70.058684436141746, "n_points": 9, "weight_sum": 0.00088092339865710227, "confidence": "Medium", "flagged": false }, "geometry": { "type": "Polygon", "coordinates": [ [ [ -118.342199330721456, 53.45295113677998 ], [ -118.292199330721459, 53.45295113677998 ], [ -118.292199330721459, 53.502951136779977 ], [ -118.342199330721456, 53.502951136779977 ], [ -118.342199330721456, 53.45295113677998 ] ] ] } },
{ "type": "Feature", "properties": { "value": 1, "label": "AQHI 1", "color": "#01cbff", "timestamp": "2026-09-30 07:00:00", "generated_at": "2026-09-30T13:31:09.486326", "nearest_km": 67.984274417257652, "n_points": 9, "weight_sum": 0.00095684405913044196, "confidence": "Medium", "flagged": false }, "geometry": { "type": "Polygon", "coordinates": [ [ [ -118.292199330721459, 53.45295113677998 ], [ -118.242199330721462, 53.45295113677998 ], [ -118.242199330721462, 53.502951136779977 ], [ -118.292199330721459, 53.502951136779977 ], [ -118.292199330721459, 53.45295113677998 ] ] ] } },
{ "type": "Feature", "properties": { "value": 1, "label": "AQHI 1", "color": "#01cbff", "timestamp": "2026-09-30 07:00:00", "generated_at": "2026-09-30T13:31:09.486326", "nearest_km": 66.310699522468397, "n_points": 9, "weight_sum": 0.0010383131377344707, "confidence": "Medium", "flagged": false }, "geometry": { "type": "Polygon", "coordinates": [ [ [ -118.242199330721462, 53.45295113677998 ], [ -118.192199330721465, 53.45295113677998 ], [ -118.192199330721465, 53.502951136779977 ], [ -118.242199330721462, 53.502951136779977 ], [ -118.242199330721462, 53.45295113677998 ] ] ] } },
{ "type": "Feature", "properties": { "value": 1, "label": "AQHI 1", "color": "#01cbff", "timestamp": "2026-09-30 07:00:00", "generated_at": "2026-09-30T13:31:09.486326", "nearest_km": 65.068895597490979, "n_points": 9, "weight_sum": 0.001126619136257922, "confidence": "Medium", "flagged": false }, "geometry": { "type": "Polygon", "coordinates": [ [ [ -118.192199330721465, 53.45295113677998 ], [ -118.142199330721468, 53.45295113677998 ], [ -118.142199330721468, 53.502951136779977 ], [ -118.192199330721465, 53.502951136779977 ], [ -118.192199330721465, 53.45295113677998 ] ] ] } },
{ "type": "Feature", "properties": { "value": 1, "label": "AQHI 1", "color": "#01cbff", "timestamp": "2026-09-30 07:00:00", "generated_at": "2026-09-30T13:31:09.486326", "nearest_km": 62.252420603573064, "n_points": 9, "weight_sum": 0.0012245388821854914, "confidence": "Medium", "flagged": false }, "geometry": { "type": "Polygon", "coordinates": [ [ [ -118.142199330721468, 53.45295113677998 ], [ -118.092199330721471, 53.45295113677998 ], [ -118.092199330721471, 53.502951136779977 ], [ -118.142199330721468, 53.502951136779977 ], [ -118.142199330721468, 53.45295113677998 ] ] ] } },
{ "type": "Feature", "properties": { "value": 1, "label": "AQHI 1", "color": "#01cbff", "timestamp": "2026-09-30 07:00:00", "generated_at": "2026-09-30T13:31:09.486326", "nearest_km": 56.737631530425006, "n_points": 9, "weight_sum": 0.0013373417161758555, "confidence": "Medium", "flagged": false }, "geometry": { "type": "Polygon", "coordinates": [ [ [ -118.092199330721471, 53.45295113677998 ], [ -118.042199330721473, 53.45295113677998 ], [ -118.042199330721473, 53.502951136779977 ], [ -118.092199330721471, 53.502951136779977 ], [ -118.092199330721471, 53.45295113677998 ] ] ] } },
{ "type": "Feature", "properties": { "value": 1, "label": "AQHI 1", "color": "#01cbff", "timestamp": "2026-09-30 07:00:00", "generated_at": "2026-09-30T13:31:09.486326", "nearest_km": 51.230447903179424, "n_points": 9, "weight_sum": 0.0014743113701460868, "confidence": "Medium", "flagged": false }, "geometry": { "type": "Polygon", "coordinates": [ [ [ -118.042199330721473, 53.45295113677998 ], [ -117.992199330721476, 53.45295113677998 ], [ -117.992199330721476, 53.502951136779977 ], [ -118.042199330721473, 53.502951136779977 ], [ -118.042199330721473, 53.45295113677998 ] ] ] } },
{ "type": "Feature", "properties": { "value": 1, "label": "AQHI 1", "color": "#01cbff", "timestamp": "2026-09-30 07:00:00", "generated_at": "2026-09-30T13:31:09.486326", "nearest_km": 45.733617318537981, "n_points": 9, "weight_sum": 0.0016512668542904396, "confidence": "Medium", "flagged": false }, "geometry": { "type": "Polygon", "coordinates": [ [ [ -117.992199330721476, 53.45295113677998 ], [ -117.942199330721479, 53.45295113677998 ], [ -117.942199330721479, 53.502951136779977 ], [ -117.992199330721476, 53.502951136779977 ], [ -117.992199330721476, 53.45295113677998 ] ] ] } },
{ "type": "Feature", "properties": { "value": 1, "label": "AQHI 1", "color": "#01cbff", "timestamp": "2026-09-30 07:00:00", "generated_at": "2026-09-30T13:31:09.486326", "nearest_km": 40.251381513142704, "n_points": 9, "weight_sum": 0.001895270587229248, "confidence": "Medium", "flagged": false }, "geometry": { "type": "Polygon", "coordinates": [ [ [ -117.942199330721479, 53.45295113677998 ], [ -117.892199330721482, 53.45295113677998 ], [ -117.892199330721482, 53.502951136779977 ], [ -117.942199330721479, 53.502951136779977 ], [ -117.942199330721479, 53.45295113677998 ] ] ] } },
{ "type": "Feature", "properties": { "value": 2, "label": "AQHI 2", "color": "#0099cb", "timestamp": "2026-09-30 07:00:00", "generated_at": "2026-09-30T13:31:09.486326", "nearest_km": 34.790640614893078, "n_points": 9, "weight_sum": 0.0022544725685413733, "confidence": "Medium", "flagged": false }, "geometry": { "type": "Polygon", "coordinates": [ [ [ -117.892199330721482, 53.45295113677998 ], [ -117.842199330721485, 53.45295113677998 ], [ -117.842199330721485, 53.502951136779977 ], [ -117.892199330721482, 53.502951136779977 ], [ -117.892199330721482, 53.45295113677998 ] ] ] } },
{ "type": "Feature", "properties": { "value": 2, "label": "AQHI 2", "color": "#0099cb", "timestamp": "2026-09-30 07:00:00", "generated_at": "2026-09-30T13:31:09.486326", "nearest_km": 29.363389366228187, "n_points": 9, "weight_sum": 0.0028208751337946525, "confidence": "Medium", "flagged": false }, "geometry": { "type": "Polygon", "coordinates": [ [ [ -117.842199330721485, 53.45295113677998 ], [ -117.792199330721488, 53.45295113677998 ], [ -117.792199330721488, 53.502951136779977 ], [ -117.842199330721485, 53.502951136779977 ], [ -117.842199330721485, 53.45295113677998 ] ] ] } },
{ "type": "Feature", "properties": { "value": 2, "label": "AQHI 2", "color": "#0099cb", "timestamp": "2026-09-30 07:00:00", "generated_at": "2026-09-30T13:31:09.486326", "nearest_km": 23.992365363815011, "n_points": 9, "weight_sum": 0.0037889541649227454, "confidence": "High", "flagged": false }, "geometry": { "type": "Polygon", "coordinates": [ [ [ -117.792199330721488, 53.45295113677998 ], [ -117.74219933072149, 53.45295113677998 ], [ -117.74219933072149, 53.502951136779977 ], [ -117.792199330721488, 53.502951136779977 ], [ -117.792199330721488, 53.45295113677998 ] ] ] } },
{ "type": "Feature", "properties": { "value": 2, "label": "AQHI 2", "color": "#0099cb", "timestamp": "2026-09-30 07:00:00", "generated_at": "2026-09-30T13:31:09.486326", "nearest_km": 18.726012827851292, "n_points": 12, "weight_sum": 0.0057210973827033079, "confidence": "High", "flagged": false }, "geometry": { "type": "Polygon", "coordinates": [ [ [ -117.74219933072149, 53.45295113677998 ], [ -117.692199330721493, 53.45295113677998 ], [ -117.692199330721493, 53.502951136779977 ], [ -117.74219933072149, 53.502951136779977 ], [ -117.74219933072149, 53.45295113677998 ] ] ] } },
{ "type": "Feature", "properties": { "value": 2, "label": "AQHI 2", "color": "#0099cb", "timestamp": "2026-09-30 07:00:00", "generated_at": "2026-09-30T13:31:09.486326", "nearest_km": 13.685704845089457, "n_points": 13, "weight_sum": 0.0098196311922159867, "confidence": "High", "flagged": false }, "geometry": { "type": "Polygon", "coordinates": [ [ [ -117.692199330721493, 53.45295113677998 ], [ -117.642199330721496, 53.45295113677998 ], [ -117.642199330721496, 53.502951136779977 ], [ -117.692199330721493, 53.502951136779977 ], [ -117.692199330721493, 53.45295113677998 ] ] ] } },
{ "type": "Feature", "properties": { "value": 2, "label": "AQHI 2", "color": "#0099cb", "timestamp": "2026-09-30 07:00:00", "generated_at": "2026-09-30T13:31:09.486326", "nearest_km": 9.2487014107360981, "n_points": 13, "weight_sum": 0.020486041163692726, "confidence": "High", "flagged": false }, "geometry": { "type": "Polygon", "coordinates": [ [ [ -117.642199330721496, 53.45295113677998 ], [ -117.592199330721499, 53.45295113677998 ], [ -117.592199330721499, 53.502951136779977 ], [ -117.642199330721496, 53.502951136779977 ], [ -117.642199330721496, 53.45295113677998 ] ] ] } },
{ "type": "Feature", "properties": { "value": 1, "label": "AQHI 1", "color": "#01cbff", "timestamp": "2026-09-30 07:00:00", "generated_at": "2026-09-30T13:31:09.486326", "nearest_km": 6.0539746466949405, "n_points": 13, "weight_sum": 0.050251617497924415, "confidence": "High", "flagged": false }, "geometry": { "type": "Polygon", "coordinates": [ [ [ -117.592199330721499, 53.45295113677998 ], [ -117.542199330721502, 53.45295113677998 ], [ -117.542199330721502, 53.502951136779977 ], [ -117.592199330721499, 53.502951136779977 ], [ -117.592199330721499, 53.45295113677998 ] ] ] } },
{ "type": "Feature", "properties": { "value": 1, "label": "AQHI 1", "color": "#01cbff", "timestamp": "2026-09-30 07:00:00", "generated_at": "2026-09-30T13:31:09.486326", "nearest_km": 2.8546916367383695, "n_points": 13, "weight_sum": 0.13864323101133139, "confidence": "High", "flagged": false }, "geometry": { "type": "Polygon", "coordinates": [ [ [ -117.542199330721502, 53.45295113677998 ], [ -117.492199330721505, 53.45295113677998 ], [ -117.492199330721505, 53.502951136779977 ], [ -117.542199330721502, 53.502951136779977 ], [ -117.542199330721502, 53.45295113677998 ] ] ] } },
{ "type": "Feature", "properties": { "value": 1, "label": "AQHI 1", "color": "#01cbff", "timestamp": "2026-09-30 07:00:00", "generated_at": "2026-09-30T13:31:09.486326", "nearest_km": 6.4228435804475144, "n_points": 13, "weight_sum": 0.03193400986019175, "confidence": "High", "flagged": false }, "geometry": { "type": "Polygon", "coordinates": [ [ [ -117.492199330721505, 53.45295113677998 ], [ -117.442199330721508, 53.45295113677998 ], [ -117.442199330721508, 53.502951136779977 ], [ -117.492199330721505, 53.502951136779977 ], [ -117.492199330721505, 53.45295113677998 ] ] ] } },
{ "type": "Feature", "properties": { "value": 1, "label": "AQHI 1", "color": "#01cbff", "timestamp": "2026-09-30 07:00:00", "generated_at": "2026-09-30T13:31:09.486326", "nearest_km": 11.660256214034094, "n_points": 13, "weight_sum": 0.011839161162901651, "confidence": "High", "flagged": false }, "geometry": { "type": "Polygon", "coordinates": [ [ [ -117.442199330721508, 53.45295113677998 ], [ -117.39219933072151, 53.45295113677998 ], [ -117.39219933072151, 53.502951136779977 ], [ -117.442199330721508, 53.502951136779977 ], [ -117.442199330721508, 53.45295113677998 ] ] ] } },
{ "type": "Feature", "properties": { "value": 1, "label": "AQHI 1", "color": "#01cbff", "timestamp": "2026-09-30 07:00:00", "generated_at": "2026-09-30T13:31:09.486326", "nearest_km": 17.096058911191744, "n_points": 13, "weight_sum": 0.0065924694588055596, "confidence": "High", "flagged": false }, "geometry": { "type": "Polygon", "coordinates": [ [ [ -117.39219933072151, 53.45295113677998 ], [ -117.342199330721513, 53.45295113677998 ], [ -117.342199330721513, 53.502951136779977 ], [ -117.39219933072151, 53.502951136779977 ], [ -117.39219933072151, 53.45295113677998 ] ] ] } },
{ "type": "Feature", "properties": { "value": 1, "label": "AQHI 1", "color": "#01cbff", "timestamp": "2026-09-30 07:00:00", "generated_at": "2026-09-30T13:31:09.486326", "nearest_km": 22.587471872986349, "n_points": 13, "weight_sum": 0.0045386026654304357, "confidence": "High", "flagged": false }, "geometry": { "type": "Polygon", "coordinates": [ [ [ -117.342199330721513, 53.45295113677998 ], [ -117.292199330721516, 53.45295113677998 ], [ -117.292199330721516, 53.502951136779977 ], [ -117.342199330721513, 53.502951136779977 ], [ -117.342199330721513, 53.45295113677998 ] ] ] } },
{ "type": "Feature", "properties": { "value": 1, "label": "AQHI 1", "color": "#01cbff", "timestamp": "2026-09-30 07:00:00", "generated_at": "2026-09-30T13:31:09.486326", "nearest_km": 28.10191347454748, "n_points": 13, "weight_sum": 0.0035737007670010369, "confidence": "Medium", "flagged": false }, "geometry": { "type": "Polygon", "coordinates": [ [ [ -117.292199330721516, 53.45295113677998 ], [ -117.242199330721519, 53.45295113677998 ], [ -117.242199330721519, 53.502951136779977 ], [ -117.292199330721516, 53.502951136779977 ], [ -117.292199330721516, 53.45295113677998 ] ] ] } },
{ "type": "Feature", "properties": { "value": 2, "label": "AQHI 2", "color": "#0099cb", "timestamp": "2026-09-30 07:00:00", "generated_at": "2026-09-30T13:31:09.486326", "nearest_km": 33.628056682611764, "n_points": 13, "weight_sum": 0.0030804050079548712, "confidence": "Medium", "flagged": false }, "geometry": { "type": "Polygon", "coordinates": [ [ [ -117.242199330721519, 53.45295113677998 ], [ -117.192199330721522, 53.45295113677998 ], [ -117.192199330721522, 53.502951136779977 ], [ -117.242199330721519, 53.502951136779977 ], [ -117.242199330721519, 53.45295113677998 ] ] ] } },
{ "type": "Feature", "properties": { "value": 2, "label": "AQHI 2", "color": "#0099cb", "timestamp": "2026-09-30 07:00:00", "generated_at": "2026-09-30T13:31:09.486326", "nearest_km": 37.297946028921523, "n_points": 14, "weight_sum": 0.0028375846120515125, "confidence": "Medium", "flagged": false }, "geometry": { "type": "Polygon", "coordinates": [ [ [ -117.192199330721522, 53.45295113677998 ], [ -117.142199330721525, 53.45295113677998 ], [ -117.142199330721525, 53.502951136779977 ], [ -117.192199330721522, 53.502951136779977 ], [ -117.192199330721522, 53.45295113677998 ] ] ] } },
{ "type": "Feature", "properties": { "value": 2, "label": "AQHI 2", "color": "#0099cb", "timestamp": "2026-09-30 07:00:00", "generated_at": "2026-09-30T13:31:09.486326", "nearest_km": 36.019277417715593, "n_points": 14, "weight_sum": 0.0026801287108570008, "confidence": "Medium", "flagged": false }, "geometry": { "type": "Polygon", "coordinates": [ [ [ -117.142199330721525, 53.45295113677998 ], [ -117.092199330721527, 53.45295113677998 ], [ -117.092199330721527, 53.502951136779977 ], [ -117.142199330721525, 53.502951136779977 ], [ -117.142199330721525, 53.45295113677998 ] ] ] } },
{ "type": "Feature", "properties": { "value": 2, "label": "AQHI 2", "color": "#0099cb", "timestamp": "2026-09-30 07:00:00", "generated_at": "2026-09-30T13:31:09.486326", "nearest_km": 35.570281323210864, "n_points": 14, "weight_sum": 0.0025611914245715034, "confidence": "Medium", "flagged": false }, "geometry": { "type": "Polygon", "coordinates": [ [ [ -117.092199330721527, 53.45295113677998 ], [ -117.04219933072153, 53.45295113677998 ], [ -117.04219933072153, 53.502951136779977 ], [ -117.092199330721527, 53.502951136779977 ], [ -117.092199330721527, 53.45295113677998 ] ] ] } },
{ "type": "Feature", "properties": { "value": 2, "label": "AQHI 2", "color": "#0099cb", "timestamp": "2026-09-30 07:00:00", "generated_at": "2026-09-30T13:31:09.486326", "nearest_km": 35.982029975119019, "n_points": 14, "weight_sum": 0.0024470241130473448, "confidence": "Medium", "flagged": false }, "geometry": { "type": "Polygon", "coordinates": [ [ [ -117.04219933072153, 53.45295113677998 ], [ -116.992199330721533, 53.45295113677998 ], [ -116.992199330721533, 53.502951136779977 ], [ -117.04219933072153, 53.502951136779977 ], [ -117.04219933072153, 53.45295113677998 ] ] ] } },
{ "type": "Feature", "properties": { "value": 2, "label": "AQHI 2", "color": "#0099cb", "timestamp": "2026-09-30 07:00:00", "generated_at": "2026-09-30T13:31:09.486326", "nearest_km": 37.22597277235824, "n_points": 14, "weight_sum": 0.0023315796993641736, "confidence": "Medium", "flagged": false }, "geometry": { "type": "Polygon", "coordinates": [ [ [ -116.992199330721533, 53.45295113677998 ], [ -116.942199330721536, 53.45295113677998 ], [ -116.942199330721536, 53.502951136779977 ], [ -116.992199330721533, 53.502951136779977 ], [ -116.992199330721533, 53.45295113677998 ] ] ] } },
{ "type": "Feature", "properties": { "value": 2, "label": "AQHI 2", "color": "#0099cb", "timestamp": "2026-09-30 07:00:00", "generated_at": "2026-09-30T13:31:09.486326", "nearest_km": 39.22301131435912, "n_points": 14, "weight_sum": 0.0022273636830548319, "confidence": "Medium", "flagged": false }, "geometry": { "type": "Polygon", "coordinates": [ [ [ -116.942199330721536, 53.45295113677998 ], [ -116.892199330721539, 53.45295113677998 ], [ -116.892199330721539, 53.502951136779977 ], [ -116.942199330721536, 53.502951136779977 ], [ -116.942199330721536, 53.45295113677998 ] ] ] } },
{ "type": "Feature", "properties": { "value": 2, "label": "AQHI 2", "color": "#0099cb", "timestamp": "2026-09-30 07:00:00", "generated_at": "2026-09-30T13:31:09.486326", "nearest_km": 41.86551306605859, "n_points": 13, "weight_sum": 0.002133255026424162, "confidence": "Medium", "flagged": false }, "geometry": { "type": "Polygon", "coordinates": [ [ [ -116.892199330721539, 53.45295113677998 ], [ -116.842199330721542, 53.45295113677998 ], [ -116.842199330721542, 53.502951136779977 ], [ -116.892199330721539, 53.502951136779977 ], [ -116.892199330721539, 53.45295113677998 ] ] ] } },
{ "type": "Feature", "properties": { "value": 2, "label": "AQHI 2", "color": "#0099cb", "timestamp": "2026-09-30 07:00:00", "generated_at": "2026-09-30T13:31:09.486326", "nearest_km": 45.040012788655979, "n_points": 10, "weight_sum": 0.0020282169051906431, "confidence": "Medium", "flagged": false }, "geometry": { "type": "Polygon", "coordinates": [ [ [ -116.842199330721542, 53.45295113677998 ], [ -116.792199330721544, 53.45295113677998 ], [ -116.792199330721544, 53.502951136779977 ], [ -116.842199330721542, 53.502951136779977 ], [ -116.842199330721542, 53.45295113677998 ] ] ] } },
{ "type": "Feature", "properties": { "value": 2, "label": "AQHI 2", "color": "#0099cb", "timestamp": "2026-09-30 07:00:00", "generated_at": "2026-09-30T13:31:09.486326", "nearest_km": 41.136901085314747, "n_points": 10, "weight_sum": 0.0020902466361383499, "confidence": "Medium", "flagged": false }, "geometry": { "type": "Polygon", "coordinates": [ [ [ -116.792199330721544, 53.45295113677998 ], [ -116.742199330721547, 53.45295113677998 ], [ -116.742199330721547, 53.502951136779977 ], [ -116.792199330721544, 53.502951136779977 ], [ -116.792199330721544, 53.45295113677998 ] ] ] } },
{ "type": "Feature", "properties": { "value": 2, "label": "AQHI 2", "color": "#0099cb", "timestamp": "2026-09-30 07:00:00", "generated_at": "2026-09-30T13:31:09.486326", "nearest_km": 35.968357072862936, "n_points": 10, "weight_sum": 0.0022564479128155826, "confidence": "Medium", "flagged": false }, "geometry": { "type": "Polygon", "coordinates": [ [ [ -116.742199330721547, 53.45295113677998 ], [ -116.69219933072155, 53.45295113677998 ], [ -116.69219933072155, 53.502951136779977 ], [ -116.742199330721547, 53.502951136779977 ], [ -116.742199330721547, 53.45295113677998 ] ] ] } },
{ "type": "Feature", "properties": { "value": 2, "label": "AQHI 2", "color": "#0099cb", "timestamp": "2026-09-30 07:00:00", "generated_at": "2026-09-30T13:31:09.486326", "nearest_km": 30.932277480634383, "n_points": 10, "weight_sum": 0.0025726992451649317, "confidence": "Medium", "flagged": false }, "geometry": { "type": "Polygon", "coordinates": [ [ [ -116.69219933072155, 53.45295113677998 ], [ -116.642199330721553, 53.45295113677998 ], [ -116.642199330721553, 53.502951136779977 ], [ -116.69219933072155, 53.502951136779977 ], [ -116.69219933072155, 53.45295113677998 ] ] ] } },
{ "type": "Feature", "properties": { "value": 2, "label": "AQHI 2", "color": "#0099cb", "timestamp": "2026-09-30 07:00:00", "generated_at": "2026-09-30T13:31:09.486326", "nearest_km": 26.105437551532169, "n_points": 10, "weight_sum": 0.0031161904842333934, "confidence": "Medium", "flagged": false }, "geometry": { "type": "Polygon", "coordinates": [ [ [ -116.642199330721553, 53.45295113677998 ], [ -116.592199330721556, 53.45295113677998 ], [ -116.592199330721556, 53.502951136779977 ], [ -116.642199330721553, 53.502951136779977 ], [ -116.642199330721553, 53.45295113677998 ] ] ] } },
{ "type": "Feature", "properties": { "value": 2, "label": "AQHI 2", "color": "#0099cb", "timestamp": "2026-09-30 07:00:00", "generated_at": "2026-09-30T13:31:09.486326", "nearest_km": 21.628382957931084, "n_points": 10, "weight_sum": 0.0040127436368308641, "confidence": "High", "flagged": false }, "geometry": { "type": "Polygon", "coordinates": [ [ [ -116.592199330721556, 53.45295113677998 ], [ -116.542199330721559, 53.45295113677998 ], [ -116.542199330721559, 53.502951136779977 ], [ -116.592199330721556, 53.502951136779977 ], [ -116.592199330721556, 53.45295113677998 ] ] ] } },
{ "type": "Feature", "properties": { "value": 2, "label": "AQHI 2", "color": "#0099cb", "timestamp": "2026-09-30 07:00:00", "generated_at": "2026-09-30T13:31:09.486326", "nearest_km": 17.767527374198551, "n_points": 10, "weight_sum": 0.0054211278129777576, "confidence": "High", "flagged": false }, "geometry": { "type": "Polygon", "coordinates": [ [ [ -116.542199330721559, 53.45295113677998 ], [ -116.492199330721562, 53.45295113677998 ], [ -116.492199330721562, 53.502951136779977 ], [ -116.542199330721559, 53.502951136779977 ], [ -116.542199330721559, 53.45295113677998 ] ] ] } },
{ "type": "Feature", "properties": { "value": 2, "label": "AQHI 2", "color": "#0099cb", "timestamp": "2026-09-30 07:00:00", "generated_at": "2026-09-30T13:31:09.486326", "nearest_km": 15.006268977026192, "n_points": 9, "weight_sum": 0.0072952266225290588, "confidence": "High", "flagged": false }, "geometry": { "type": "Polygon", "coordinates": [ [ [ -116.492199330721562, 53.45295113677998 ], [ -116.442199330721564, 53.45295113677998 ], [ -116.442199330721564, 53.502951136779977 ], [ -116.492199330721562, 53.502951136779977 ], [ -116.492199330721562, 53.45295113677998 ] ] ] } },
{ "type": "Feature", "properties": { "value": 2, "label": "AQHI 2", "color": "#0099cb", "timestamp": "2026-09-30 07:00:00", "generated_at": "2026-09-30T13:31:09.486326", "nearest_km": 14.010574157714439, "n_points": 9, "weight_sum": 0.0088812747588562623, "confidence": "High", "flagged": false }, "geometry": { "type": "Polygon", "coordinates": [ [ [ -116.442199330721564, 53.45295113677998 ], [ -116.392199330721567, 53.45295113677998 ], [ -116.392199330721567, 53.502951136779977 ], [ -116.442199330721564, 53.502951136779977 ], [ -116.442199330721564, 53.45295113677998 ] ] ] } },
{ "type": "Feature", "properties": { "value": 2, "label": "AQHI 2", "color": "#0099cb", "timestamp": "2026-09-30 07:00:00", "generated_at": "2026-09-30T13:31:09.486326", "nearest_km": 15.133052165599826, "n_points": 9, "weight_sum": 0.0088488616263914244, "confidence": "High", "flagged": false }, "geometry": { "type": "Polygon", "coordinates": [ [ [ -116.392199330721567, 53.45295113677998 ], [ -116.34219933072157, 53.45295113677998 ], [ -116.34219933072157, 53.502951136779977 ], [ -116.392199330721567, 53.502951136779977 ], [ -116.392199330721567, 53.45295113677998 ] ] ] } },
{ "type": "Feature", "properties": { "value": 2, "label": "AQHI 2", "color": "#0099cb", "timestamp": "2026-09-30 07:00:00", "generated_at": "2026-09-30T13:31:09.486326", "nearest_km": 16.591956422730881, "n_points": 10, "weight_sum": 0.0072931057992303141, "confidence": "High", "flagged": false }, "geometry": { "type": "Polygon", "coordinates": [ [ [ -116.34219933072157, 53.45295113677998 ], [ -116.292199330721573, 53.45295113677998 ], [ -116.292199330721573, 53.502951136779977 ], [ -116.34219933072157, 53.502951136779977 ], [ -116.34219933072157, 53.45295113677998 ] ] ] } },
{ "type": "Feature", "properties": { "value": 2, "label": "AQHI 2", "color": "#0099cb", "timestamp": "2026-09-30 07:00:00", "generated_at": "2026-09-30T13:31:09.486326", "nearest_km": 19.194100561155651, "n_points": 15, "weight_sum": 0.0055533719533995517, "confidence": "High", "flagged": false }, "geometry": { "type": "Polygon", "coordinates": [ [ [ -116.292199330721573, 53.45295113677998 ], [ -116.242199330721576, 53.45295113677998 ], [ -116.242199330721576, 53.502951136779977 ], [ -116.292199330721573, 53.502951136779977 ], [ -116.292199330721573, 53.45295113677998 ] ] ] } },
{ "type": "Feature", "properties": { "value": 2, "label": "AQHI 2", "color": "#0099cb", "timestamp": "2026-09-30 07:00:00", "generated_at": "2026-09-30T13:31:09.486326", "nearest_km": 22.872231521425796, "n_points": 15, "weight_sum": 0.0041262905813830332, "confidence": "High", "flagged": false }, "geometry": { "type": "Polygon", "coordinates": [ [ [ -116.242199330721576, 53.45295113677998 ], [ -116.192199330721579, 53.45295113677998 ], [ -116.192199330721579, 53.502951136779977 ], [ -116.242199330721576, 53.502951136779977 ], [ -116.242199330721576, 53.45295113677998 ] ] ] } },
{ "type": "Feature", "properties": { "value": 2, "label": "AQHI 2", "color": "#0099cb", "timestamp": "2026-09-30 07:00:00", "generated_at": "2026-09-30T13:31:09.486326", "nearest_km": 27.193187624617394, "n_points": 13, "weight_sum": 0.003113017864643504, "confidence": "Medium", "flagged": false }, "geometry": { "type": "Polygon", "coordinates": [ [ [ -116.192199330721579, 53.45295113677998 ], [ -116.142199330721581, 53.45295113677998 ], [ -116.142199330721581, 53.502951136779977 ], [ -116.192199330721579, 53.502951136779977 ], [ -116.192199330721579, 53.45295113677998 ] ] ] } },
{ "type": "Feature", "properties": { "value": 2, "label": "AQHI 2", "color": "#0099cb", "timestamp": "2026-09-30 07:00:00", "generated_at": "2026-09-30T13:31:09.486326", "nearest_km": 31.896785599893583, "n_points": 13, "weight_sum": 0.0025594555607047868, "confidence": "Medium", "flagged": false }, "geometry": { "type": "Polygon", "coordinates": [ [ [ -116.142199330721581, 53.45295113677998 ], [ -116.092199330721584, 53.45295113677998 ], [ -116.092199330721584, 53.502951136779977 ], [ -116.142199330721581, 53.502951136779977 ], [ -116.142199330721581, 53.45295113677998 ] ] ] } },
{ "type": "Feature", "properties": { "value": 2, "label": "AQHI 2", "color": "#0099cb", "timestamp": "2026-09-30 07:00:00", "generated_at": "2026-09-30T13:31:09.486326", "nearest_km": 30.755317892451004, "n_points": 13, "weight_sum": 0.0022615102310741923, "confidence": "Medium", "flagged": false }, "geometry": { "type": "Polygon", "coordinates": [ [ [ -116.092199330721584, 53.45295113677998 ], [ -116.042199330721587, 53.45295113677998 ], [ -116.042199330721587, 53.502951136779977 ], [ -116.092199330721584, 53.502951136779977 ], [ -116.092199330721584, 53.45295113677998 ] ] ] } },
{ "type": "Feature", "properties": { "value": 1, "label": "AQHI 1", "color": "#01cbff", "timestamp": "2026-09-30 07:00:00", "generated_at": "2026-09-30T13:31:09.486326", "nearest_km": 26.536334058864782, "n_points": 13, "weight_sum": 0.0021549111314848979, "confidence": "Medium", "flagged": false }, "geometry": { "type": "Polygon", "coordinates": [ [ [ -116.042199330721587, 53.45295113677998 ], [ -115.99219933072159, 53.45295113677998 ], [ -115.99219933072159, 53.502951136779977 ], [ -116.042199330721587, 53.502951136779977 ], [ -116.042199330721587, 53.45295113677998 ] ] ] } },
{ "type": "Feature", "properties": { "value": 1, "label": "AQHI 1", "color": "#01cbff", "timestamp": "2026-09-30 07:00:00", "generated_at": "2026-09-30T13:31:09.486326", "nearest_km": 22.892563681283267, "n_points": 13, "weight_sum": 0.0022011891738098538, "confidence": "High", "flagged": false }, "geometry": { "type": "Polygon", "coordinates": [ [ [ -115.99219933072159, 53.45295113677998 ], [ -115.942199330721593, 53.45295113677998 ], [ -115.942199330721593, 53.502951136779977 ], [ -115.99219933072159, 53.502951136779977 ], [ -115.99219933072159, 53.45295113677998 ] ] ] } },
{ "type": "Feature", "properties": { "value": 1, "label": "AQHI 1", "color": "#01cbff", "timestamp": "2026-09-30 07:00:00", "generated_at": "2026-09-30T13:31:09.486326", "nearest_km": 20.138692075692145, "n_points": 14, "weight_sum": 0.0023672584345874339, "confidence": "High", "flagged": false }, "geometry": { "type": "Polygon", "coordinates": [ [ [ -115.942199330721593, 53.45295113677998 ], [ -115.892199330721596, 53.45295113677998 ], [ -115.892199330721596, 53.502951136779977 ], [ -115.942199330721593, 53.502951136779977 ], [ -115.942199330721593, 53.45295113677998 ] ] ] } },
{ "type": "Feature", "properties": { "value": 1, "label": "AQHI 1", "color": "#01cbff", "timestamp": "2026-09-30 07:00:00", "generated_at": "2026-09-30T13:31:09.486326", "nearest_km": 18.672690356171881, "n_points": 14, "weight_sum": 0.0024779968451019846, "confidence": "High", "flagged": false }, "geometry": { "type": "Polygon", "coordinates": [ [ [ -115.892199330721596, 53.45295113677998 ], [ -115.842199330721598, 53.45295113677998 ], [ -115.842199330721598, 53.502951136779977 ], [ -115.892199330721596, 53.502951136779977 ], [ -115.892199330721596, 53.45295113677998 ] ] ] } },
{ "type": "Feature", "properties": { "value": 1, "label": "AQHI 1", "color": "#01cbff", "timestamp": "2026-09-30 07:00:00", "generated_at": "2026-09-30T13:31:09.486326", "nearest_km": 18.798319386461017, "n_points": 14, "weight_sum": 0.0024019625373145775, "confidence": "High", "flagged": false }, "geometry": { "type": "Polygon", "coordinates": [ [ [ -115.842199330721598, 53.45295113677998 ], [ -115.792199330721601, 53.45295113677998 ], [ -115.792199330721601, 53.502951136779977 ], [ -115.842199330721598, 53.502951136779977 ], [ -115.842199330721598, 53.45295113677998 ] ] ] } },
{ "type": "Feature", "properties": { "value": 1, "label": "AQHI 1", "color": "#01cbff", "timestamp": "2026-09-30 07:00:00", "generated_at": "2026-09-30T13:31:09.486326", "nearest_km": 20.486318809715691, "n_points": 14, "weight_sum": 0.0021288069151490447, "confidence": "High", "flagged": false }, "geometry": { "type": "Polygon", "coordinates": [ [ [ -115.792199330721601, 53.45295113677998 ], [ -115.742199330721604, 53.45295113677998 ], [ -115.742199330721604, 53.502951136779977 ], [ -115.792199330721601, 53.502951136779977 ], [ -115.792199330721601, 53.45295113677998 ] ] ] } },
{ "type": "Feature", "properties": { "value": 1, "label": "AQHI 1", "color": "#01cbff", "timestamp": "2026-09-30 07:00:00", "generated_at": "2026-09-30T13:31:09.486326", "nearest_km": 23.400997948617889, "n_points": 12, "weight_sum": 0.001784513506828277, "confidence": "High", "flagged": false }, "geometry": { "type": "Polygon", "coordinates": [ [ [ -115.742199330721604, 53.45295113677998 ], [ -115.692199330721607, 53.45295113677998 ], [ -115.692199330721607, 53.502951136779977 ], [ -115.742199330721604, 53.502951136779977 ], [ -115.742199330721604, 53.45295113677998 ] ] ] } },
{ "type": "Feature", "properties": { "value": 1, "label": "AQHI 1", "color": "#01cbff", "timestamp": "2026-09-30 07:00:00", "generated_at": "2026-09-30T13:31:09.486326", "nearest_km": 27.150122497129171, "n_points": 12, "weight_sum": 0.0015736388547084367, "confidence": "Medium", "flagged": false }, "geometry": { "type": "Polygon", "coordinates": [ [ [ -115.692199330721607, 53.45295113677998 ], [ -115.64219933072161, 53.45295113677998 ], [ -115.64219933072161, 53.502951136779977 ], [ -115.692199330721607, 53.502951136779977 ], [ -115.692199330721607, 53.45295113677998 ] ] ] } },
{ "type": "Feature", "properties": { "value": 1, "label": "AQHI 1", "color": "#01cbff", "timestamp": "2026-09-30 07:00:00", "generated_at": "2026-09-30T13:31:09.486326", "nearest_km": 31.436548764567231, "n_points": 12, "weight_sum": 0.0014475896477379728, "confidence": "Medium", "flagged": false }, "geometry": { "type": "Polygon", "coordinates": [ [ [ -115.64219933072161, 53.45295113677998 ], [ -115.592199330721613, 53.45295113677998 ], [ -115.592199330721613, 53.502951136779977 ], [ -115.64219933072161, 53.502951136779977 ], [ -115.64219933072161, 53.45295113677998 ] ] ] } },
{ "type": "Feature", "properties": { "value": 1, "label": "AQHI 1", "color": "#01cbff", "timestamp": "2026-09-30 07:00:00", "generated_at": "2026-09-30T13:31:09.486326", "nearest_km": 36.069225731153423, "n_points": 12, "weight_sum": 0.001397129698814227, "confidence": "Medium", "flagged": false }, "geometry": { "type": "Polygon", "coordinates": [ [ [ -115.592199330721613, 53.45295113677998 ], [ -115.542199330721616, 53.45295113677998 ], [ -115.542199330721616, 53.502951136779977 ], [ -115.592199330721613, 53.502951136779977 ], [ -115.592199330721613, 53.45295113677998 ] ] ] } },
{ "type": "Feature", "properties": { "value": 1, "label": "AQHI 1", "color": "#01cbff", "timestamp": "2026-09-30 07:00:00", "generated_at": "2026-09-30T13:31:09.486326", "nearest_km": 40.930752393069689, "n_points": 13, "weight_sum": 0.0014563252941561338, "confidence": "Medium", "flagged": false }, "geometry": { "type": "Polygon", "coordinates": [ [ [ -115.542199330721616, 53.45295113677998 ], [ -115.492199330721618, 53.45295113677998 ], [ -115.492199330721618, 53.502951136779977 ], [ -115.542199330721616, 53.502951136779977 ], [ -115.542199330721616, 53.45295113677998 ] ] ] } },
{ "type": "Feature", "properties": { "value": 1, "label": "AQHI 1", "color": "#01cbff", "timestamp": "2026-09-30 07:00:00", "generated_at": "2026-09-30T13:31:09.486326", "nearest_km": 45.948546637305654, "n_points": 13, "weight_sum": 0.0015353434638214832, "confidence": "Medium", "flagged": false }, "geometry": { "type": "Polygon", "coordinates": [ [ [ -115.492199330721618, 53.45295113677998 ], [ -115.442199330721621, 53.45295113677998 ], [ -115.442199330721621, 53.502951136779977 ], [ -115.492199330721618, 53.502951136779977 ], [ -115.492199330721618, 53.45295113677998 ] ] ] } },
{ "type": "Feature", "properties": { "value": 1, "label": "AQHI 1", "color": "#01cbff", "timestamp": "2026-09-30 07:00:00", "generated_at": "2026-09-30T13:31:09.486326", "nearest_km": 49.972710330687327, "n_points": 13, "weight_sum": 0.0016790745062230305, "confidence": "Medium", "flagged": false }, "geometry": { "type": "Polygon", "coordinates": [ [ [ -115.442199330721621, 53.45295113677998 ], [ -115.392199330721624, 53.45295113677998 ], [ -115.392199330721624, 53.502951136779977 ], [ -115.442199330721621, 53.502951136779977 ], [ -115.442199330721621, 53.45295113677998 ] ] ] } },
{ "type": "Feature", "properties": { "value": 1, "label": "AQHI 1", "color": "#01cbff", "timestamp": "2026-09-30 07:00:00", "generated_at": "2026-09-30T13:31:09.486326", "nearest_km": 44.786381267218971, "n_points": 13, "weight_sum": 0.0018994687311504016, "confidence": "Medium", "flagged": false }, "geometry": { "type": "Polygon", "coordinates": [ [ [ -115.392199330721624, 53.45295113677998 ], [ -115.342199330721627, 53.45295113677998 ], [ -115.342199330721627, 53.502951136779977 ], [ -115.392199330721624, 53.502951136779977 ], [ -115.392199330721624, 53.45295113677998 ] ] ] } },
{ "type": "Feature", "properties": { "value": 1, "label": "AQHI 1", "color": "#01cbff", "timestamp": "2026-09-30 07:00:00", "generated_at": "2026-09-30T13:31:09.486326", "nearest_km": 39.698527884930627, "n_points": 13, "weight_sum": 0.0022191868751171035, "confidence": "Medium", "flagged": false }, "geometry": { "type": "Polygon", "coordinates": [ [ [ -115.342199330721627, 53.45295113677998 ], [ -115.29219933072163, 53.45295113677998 ], [ -115.29219933072163, 53.502951136779977 ], [ -115.342199330721627, 53.502951136779977 ], [ -115.342199330721627, 53.45295113677998 ] ] ] } },
{ "type": "Feature", "properties": { "value": 1, "label": "AQHI 1", "color": "#01cbff", "timestamp": "2026-09-30 07:00:00", "generated_at": "2026-09-30T13:31:09.486326", "nearest_km": 34.752428482748066, "n_points": 13, "weight_sum": 0.0026759749595137603, "confidence": "Medium", "flagged": false }, "geometry": { "type": "Polygon", "coordinates": [ [ [ -115.29219933072163, 53.45295113677998 ], [ -115.242199330721633, 53.45295113677998 ], [ -115.242199330721633, 53.502951136779977 ], [ -115.29219933072163, 53.502951136779977 ], [ -115.29219933072163, 53.45295113677998 ] ] ] } },
{ "type": "Feature", "properties": { "value": 1, "label": "AQHI 1", "color": "#01cbff", "timestamp": "2026-09-30 07:00:00", "generated_at": "2026-09-30T13:31:09.486326", "nearest_km": 30.018235368962269, "n_points": 13, "weight_sum": 0.0033296308968039519, "confidence": "Medium", "flagged": false }, "geometry": { "type": "Polygon", "coordinates": [ [ [ -115.242199330721633, 53.45295113677998 ], [ -115.192199330721635, 53.45295113677998 ], [ -115.192199330721635, 53.502951136779977 ], [ -115.242199330721633, 53.502951136779977 ], [ -115.242199330721633, 53.45295113677998 ] ] ] } },
{ "type": "Feature", "properties": { "value": 1, "label": "AQHI 1", "color": "#01cbff", "timestamp": "2026-09-30 07:00:00", "generated_at": "2026-09-30T13:31:09.486326", "nearest_km": 25.613719446505776, "n_points": 13, "weight_sum": 0.0042695465945919433, "confidence": "Medium", "flagged": false }, "geometry": { "type": "Polygon", "coordinates": [ [ [ -115.192199330721635, 53.45295113677998 ], [ -115.142199330721638, 53.45295113677998 ], [ -115.142199330721638, 53.502951136779977 ], [ -115.192199330721635, 53.502951136779977 ], [ -115.192199330721635, 53.45295113677998 ] ] ] } },
{ "type": "Feature", "properties": { "value": 1, "label": "AQHI 1", "color": "#01cbff", "timestamp": "2026-09-30 07:00:00", "generated_at": "2026-09-30T13:31:09.486326", "nearest_km": 21.740188432996437, "n_points": 13, "weight_sum": 0.0056079269249968118, "confidence": "High", "flagged": false }, "geometry": { "type": "Polygon", "coordinates": [ [ [ -115.142199330721638, 53.45295113677998 ], [ -115.092199330721641, 53.45295113677998 ], [ -115.092199330721641, 53.502951136779977 ], [ -115.142199330721638, 53.502951136779977 ], [ -115.142199330721638, 53.45295113677998 ] ] ] } },
{ "type": "Feature", "properties": { "value": 1, "label": "AQHI 1", "color": "#01cbff", "timestamp": "2026-09-30 07:00:00", "generated_at": "2026-09-30T13:31:09.486326", "nearest_km": 18.730028358763075, "n_points": 13, "weight_sum": 0.0074198823982448833, "confidence": "High", "flagged": false }, "geometry": { "type": "Polygon", "coordinates": [ [ [ -115.092199330721641, 53.45295113677998 ], [ -115.042199330721644, 53.45295113677998 ], [ -115.042199330721644, 53.502951136779977 ], [ -115.092199330721641, 53.502951136779977 ], [ -115.092199330721641, 53.45295113677998 ] ] ] } },
{ "type": "Feature", "properties": { "value": 1, "label": "AQHI 1", "color": "#01cbff", "timestamp": "2026-09-30 07:00:00", "generated_at": "2026-09-30T13:31:09.486326", "nearest_km": 16.429310765232447, "n_points": 11, "weight_sum": 0.0092910158607697815, "confidence": "High", "flagged": false }, "geometry": { "type": "Polygon", "coordinates": [ [ [ -115.042199330721644, 53.45295113677998 ], [ -114.992199330721647, 53.45295113677998 ], [ -114.992199330721647, 53.502951136779977 ], [ -115.042199330721644, 53.502951136779977 ], [ -115.042199330721644, 53.45295113677998 ] ] ] } },
{ "type": "Feature", "properties": { "value": 1, "label": "AQHI 1", "color": "#01cbff", "timestamp": "2026-09-30 07:00:00", "generated_at": "2026-09-30T13:31:09.486326", "nearest_km": 15.568739250126987, "n_points": 11, "weight_sum": 0.010364238666977624, "confidence": "High", "flagged": false }, "geometry": { "type": "Polygon", "coordinates": [ [ [ -114.992199330721647, 53.45295113677998 ], [ -114.94219933072165, 53.45295113677998 ], [ -114.94219933072165, 53.502951136779977 ], [ -114.992199330721647, 53.502951136779977 ], [ -114.992199330721647, 53.45295113677998 ] ] ] } },
{ "type": "Feature", "properties": { "value": 1, "label": "AQHI 1", "color": "#01cbff", "timestamp": "2026-09-30 07:00:00", "generated_at": "2026-09-30T13:31:09.486326", "nearest_km": 15.933299707558263, "n_points": 12, "weight_sum": 0.0097141441658056445, "confidence": "High", "flagged": false }, "geometry": { "type": "Polygon", "coordinates": [ [ [ -114.94219933072165, 53.45295113677998 ], [ -114.892199330721652, 53.45295113677998 ], [ -114.892199330721652, 53.502951136779977 ], [ -114.94219933072165, 53.502951136779977 ], [ -114.94219933072165, 53.45295113677998 ] ] ] } },
{ "type": "Feature", "properties": { "value": 1, "label": "AQHI 1", "color": "#01cbff", "timestamp": "2026-09-30 07:00:00", "generated_at": "2026-09-30T13:31:09.486326", "nearest_km": 77.432319108116729, "n_points": 7, "weight_sum": 0.00067961038973481656, "confidence": "Low", "flagged": false }, "geometry": { "type": "Polygon", "coordinates": [ [ [ -118.392199330721454, 53.502951136779977 ], [ -118.342199330721456, 53.502951136779977 ], [ -118.342199330721456, 53.552951136779974 ], [ -118.392199330721454, 53.552951136779974 ], [ -118.392199330721454, 53.502951136779977 ] ] ] } },
{ "type": "Feature", "properties": { "value": 1, "label": "AQHI 1", "color": "#01cbff", "timestamp": "2026-09-30 07:00:00", "generated_at": "2026-09-30T13:31:09.486326", "nearest_km": 75.160213900370607, "n_points": 9, "weight_sum": 0.00080820373999828125, "confidence": "Low", "flagged": false }, "geometry": { "type": "Polygon", "coordinates": [ [ [ -118.342199330721456, 53.502951136779977 ], [ -118.292199330721459, 53.502951136779977 ], [ -118.292199330721459, 53.552951136779974 ], [ -118.342199330721456, 53.552951136779974 ], [ -118.342199330721456, 53.502951136779977 ] ] ] } },
{ "type": "Feature", "properties": { "value": 1, "label": "AQHI 1", "color": "#01cbff", "timestamp": "2026-09-30 07:00:00", "generated_at": "2026-09-30T13:31:09.486326", "nearest_km": 73.230458531048171, "n_points": 9, "weight_sum": 0.00087523003228688026, "confidence": "Medium", "flagged": false }, "geometry": { "type": "Polygon", "coordinates": [ [ [ -118.292199330721459, 53.502951136779977 ], [ -118.242199330721462, 53.502951136779977 ], [ -118.242199330721462, 53.552951136779974 ], [ -118.292199330721459, 53.552951136779974 ], [ -118.292199330721459, 53.502951136779977 ] ] ] } },
{ "type": "Feature", "properties": { "value": 1, "label": "AQHI 1", "color": "#01cbff", "timestamp": "2026-09-30 07:00:00", "generated_at": "2026-09-30T13:31:09.486326", "nearest_km": 71.679476559093715, "n_points": 9, "weight_sum": 0.00094805742033052156, "confidence": "Medium", "flagged": false }, "geometry": { "type": "Polygon", "coordinates": [ [ [ -118.242199330721462, 53.502951136779977 ], [ -118.192199330721465, 53.502951136779977 ], [ -118.192199330721465, 53.552951136779974 ], [ -118.242199330721462, 53.552951136779974 ], [ -118.242199330721462, 53.502951136779977 ] ] ] } },
{ "type": "Feature", "properties": { "value": 1, "label": "AQHI 1", "color": "#01cbff", "timestamp": "2026-09-30 07:00:00", "generated_at": "2026-09-30T13:31:09.486326", "nearest_km": 68.543175183986463, "n_points": 9, "weight_sum": 0.001028335086056299, "confidence": "Medium", "flagged": false }, "geometry": { "type": "Polygon", "coordinates": [ [ [ -118.192199330721465, 53.502951136779977 ], [ -118.142199330721468, 53.502951136779977 ], [ -118.142199330721468, 53.552951136779974 ], [ -118.192199330721465, 53.552951136779974 ], [ -118.192199330721465, 53.502951136779977 ] ] ] } },
{ "type": "Feature", "properties": { "value": 1, "label": "AQHI 1", "color": "#01cbff", "timestamp": "2026-09-30 07:00:00", "generated_at": "2026-09-30T13:31:09.486326", "nearest_km": 63.090069147059715, "n_points": 9, "weight_sum": 0.0011190231799427415, "confidence": "Medium", "flagged": false }, "geometry": { "type": "Polygon", "coordinates": [ [ [ -118.142199330721468, 53.502951136779977 ], [ -118.092199330721471, 53.502951136779977 ], [ -118.092199330721471, 53.552951136779974 ], [ -118.142199330721468, 53.552951136779974 ], [ -118.142199330721468, 53.502951136779977 ] ] ] } },
{ "type": "Feature", "properties": { "value": 1, "label": "AQHI 1", "color": "#01cbff", "timestamp": "2026-09-30 07:00:00", "generated_at": "2026-09-30T13:31:09.486326", "nearest_km": 57.655457553113614, "n_points": 9, "weight_sum": 0.0012251709025750271, "confidence": "Medium", "flagged": false }, "geometry": { "type": "Polygon", "coordinates": [ [ [ -118.092199330721471, 53.502951136779977 ], [ -118.042199330721473, 53.502951136779977 ], [ -118.042199330721473, 53.552951136779974 ], [ -118.092199330721471, 53.552951136779974 ], [ -118.092199330721471, 53.502951136779977 ] ] ] } },
{ "type": "Feature", "properties": { "value": 1, "label": "AQHI 1", "color": "#01cbff", "timestamp": "2026-09-30 07:00:00", "generated_at": "2026-09-30T13:31:09.486326", "nearest_km": 52.245112176518383, "n_points": 9, "weight_sum": 0.0013551083922382111, "confidence": "Medium", "flagged": false }, "geometry": { "type": "Polygon", "coordinates": [ [ [ -118.042199330721473, 53.502951136779977 ], [ -117.992199330721476, 53.502951136779977 ], [ -117.992199330721476, 53.552951136779974 ], [ -118.042199330721473, 53.552951136779974 ], [ -118.042199330721473, 53.502951136779977 ] ] ] } },
{ "type": "Feature", "properties": { "value": 1, "label": "AQHI 1", "color": "#01cbff", "timestamp": "2026-09-30 07:00:00", "generated_at": "2026-09-30T13:31:09.486326", "nearest_km": 46.867437598135076, "n_points": 9, "weight_sum": 0.0015224089783568385, "confidence": "Medium", "flagged": false }, "geometry": { "type": "Polygon", "coordinates": [ [ [ -117.992199330721476, 53.502951136779977 ], [ -117.942199330721479, 53.502951136779977 ], [ -117.942199330721479, 53.552951136779974 ], [ -117.992199330721476, 53.552951136779974 ], [ -117.992199330721476, 53.502951136779977 ] ] ] } },
{ "type": "Feature", "properties": { "value": 1, "label": "AQHI 1", "color": "#01cbff", "timestamp": "2026-09-30 07:00:00", "generated_at": "2026-09-30T13:31:09.486326", "nearest_km": 41.535125709370057, "n_points": 9, "weight_sum": 0.0017494047258633343, "confidence": "Medium", "flagged": false }, "geometry": { "type": "Polygon", "coordinates": [ [ [ -117.942199330721479, 53.502951136779977 ], [ -117.892199330721482, 53.502951136779977 ], [ -117.892199330721482, 53.552951136779974 ], [ -117.942199330721479, 53.552951136779974 ], [ -117.942199330721479, 53.502951136779977 ] ] ] } },
{ "type": "Feature", "properties": { "value": 2, "label": "AQHI 2", "color": "#0099cb", "timestamp": "2026-09-30 07:00:00", "generated_at": "2026-09-30T13:31:09.486326", "nearest_km": 36.268190310122392, "n_points": 9, "weight_sum": 0.0020739781536844378, "confidence": "Medium", "flagged": false }, "geometry": { "type": "Polygon", "coordinates": [ [ [ -117.892199330721482, 53.502951136779977 ], [ -117.842199330721485, 53.502951136779977 ], [ -117.842199330721485, 53.552951136779974 ], [ -117.892199330721482, 53.552951136779974 ], [ -117.892199330721482, 53.502951136779977 ] ] ] } },
{ "type": "Feature", "properties": { "value": 2, "label": "AQHI 2", "color": "#0099cb", "timestamp": "2026-09-30 07:00:00", "generated_at": "2026-09-30T13:31:09.486326", "nearest_km": 31.099864775418727, "n_points": 9, "weight_sum": 0.0025634949451163701, "confidence": "Medium", "flagged": false }, "geometry": { "type": "Polygon", "coordinates": [ [ [ -117.842199330721485, 53.502951136779977 ], [ -117.792199330721488, 53.502951136779977 ], [ -117.792199330721488, 53.552951136779974 ], [ -117.842199330721485, 53.552951136779974 ], [ -117.842199330721485, 53.502951136779977 ] ] ] } },
{ "type": "Feature", "properties": { "value": 2, "label": "AQHI 2", "color": "#0099cb", "timestamp": "2026-09-30 07:00:00", "generated_at": "2026-09-30T13:31:09.486326", "nearest_km": 26.088820397392411, "n_points": 11, "weight_sum": 0.003412948797530976, "confidence": "Medium", "flagged": false }, "geometry": { "type": "Polygon", "coordinates": [ [ [ -117.792199330721488, 53.502951136779977 ], [ -117.74219933072149, 53.502951136779977 ], [ -117.74219933072149, 53.552951136779974 ], [ -117.792199330721488, 53.552951136779974 ], [ -117.792199330721488, 53.502951136779977 ] ] ] } },
{ "type": "Feature", "properties": { "value": 2, "label": "AQHI 2", "color": "#0099cb", "timestamp": "2026-09-30 07:00:00", "generated_at": "2026-09-30T13:31:09.486326", "nearest_km": 21.346112301903108, "n_points": 12, "weight_sum": 0.0047637062163007927, "confidence": "High", "flagged": false }, "geometry": { "type": "Polygon", "coordinates": [ [ [ -117.74219933072149, 53.502951136779977 ], [ -117.692199330721493, 53.502951136779977 ], [ -117.692199330721493, 53.552951136779974 ], [ -117.74219933072149, 53.552951136779974 ], [ -117.74219933072149, 53.502951136779977 ] ] ] } },
{ "type": "Feature", "properties": { "value": 2, "label": "AQHI 2", "color": "#0099cb", "timestamp": "2026-09-30 07:00:00", "generated_at": "2026-09-30T13:31:09.486326", "nearest_km": 17.096533890924, "n_points": 13, "weight_sum": 0.007176406954941904, "confidence": "High", "flagged": false }, "geometry": { "type": "Polygon", "coordinates": [ [ [ -117.692199330721493, 53.502951136779977 ], [ -117.642199330721496, 53.502951136779977 ], [ -117.642199330721496, 53.552951136779974 ], [ -117.692199330721493, 53.552951136779974 ], [ -117.692199330721493, 53.502951136779977 ] ] ] } },
{ "type": "Feature", "properties": { "value": 2, "label": "AQHI 2", "color": "#0099cb", "timestamp": "2026-09-30 07:00:00", "generated_at": "2026-09-30T13:31:09.486326", "nearest_km": 13.753649116557606, "n_points": 13, "weight_sum": 0.011374557523260441, "confidence": "High", "flagged": false }, "geometry": { "type": "Polygon", "coordinates": [ [ [ -117.642199330721496, 53.502951136779977 ], [ -117.592199330721499, 53.502951136779977 ], [ -117.592199330721499, 53.552951136779974 ], [ -117.642199330721496, 53.552951136779974 ], [ -117.642199330721496, 53.502951136779977 ] ] ] } },
{ "type": "Feature", "properties": { "value": 1, "label": "AQHI 1", "color": "#01cbff", "timestamp": "2026-09-30 07:00:00", "generated_at": "2026-09-30T13:31:09.486326", "nearest_km": 9.9527141694832029, "n_points": 13, "weight_sum": 0.017610009632321427, "confidence": "High", "flagged": false }, "geometry": { "type": "Polygon", "coordinates": [ [ [ -117.592199330721499, 53.502951136779977 ], [ -117.542199330721502, 53.502951136779977 ], [ -117.542199330721502, 53.552951136779974 ], [ -117.592199330721499, 53.552951136779974 ], [ -117.592199330721499, 53.502951136779977 ] ] ] } },
{ "type": "Feature", "properties": { "value": 1, "label": "AQHI 1", "color": "#01cbff", "timestamp": "2026-09-30 07:00:00", "generated_at": "2026-09-30T13:31:09.486326", "nearest_km": 8.3997127723196918, "n_points": 13, "weight_sum": 0.020891554810752361, "confidence": "High", "flagged": false }, "geometry": { "type": "Polygon", "coordinates": [ [ [ -117.542199330721502, 53.502951136779977 ], [ -117.492199330721505, 53.502951136779977 ], [ -117.492199330721505, 53.552951136779974 ], [ -117.542199330721502, 53.552951136779974 ], [ -117.542199330721502, 53.502951136779977 ] ] ] } },
{ "type": "Feature", "properties": { "value": 1, "label": "AQHI 1", "color": "#01cbff", "timestamp": "2026-09-30 07:00:00", "generated_at": "2026-09-30T13:31:09.486326", "nearest_km": 10.181298049635048, "n_points": 13, "weight_sum": 0.014512291635955956, "confidence": "High", "flagged": false }, "geometry": { "type": "Polygon", "coordinates": [ [ [ -117.492199330721505, 53.502951136779977 ], [ -117.442199330721508, 53.502951136779977 ], [ -117.442199330721508, 53.552951136779974 ], [ -117.492199330721505, 53.552951136779974 ], [ -117.492199330721505, 53.502951136779977 ] ] ] } },
{ "type": "Feature", "properties": { "value": 1, "label": "AQHI 1", "color": "#01cbff", "timestamp": "2026-09-30 07:00:00", "generated_at": "2026-09-30T13:31:09.486326", "nearest_km": 14.084299247514137, "n_points": 13, "weight_sum": 0.0085401870233653508, "confidence": "High", "flagged": false }, "geometry": { "type": "Polygon", "coordinates": [ [ [ -117.442199330721508, 53.502951136779977 ], [ -117.39219933072151, 53.502951136779977 ], [ -117.39219933072151, 53.552951136779974 ], [ -117.442199330721508, 53.552951136779974 ], [ -117.442199330721508, 53.502951136779977 ] ] ] } },
{ "type": "Feature", "properties": { "value": 1, "label": "AQHI 1", "color": "#01cbff", "timestamp": "2026-09-30 07:00:00", "generated_at": "2026-09-30T13:31:09.486326", "nearest_km": 18.832980130917811, "n_points": 13, "weight_sum": 0.0055319158839139595, "confidence": "High", "flagged": false }, "geometry": { "type": "Polygon", "coordinates": [ [ [ -117.39219933072151, 53.502951136779977 ], [ -117.342199330721513, 53.502951136779977 ], [ -117.342199330721513, 53.552951136779974 ], [ -117.39219933072151, 53.552951136779974 ], [ -117.39219933072151, 53.502951136779977 ] ] ] } },
{ "type": "Feature", "properties": { "value": 1, "label": "AQHI 1", "color": "#01cbff", "timestamp": "2026-09-30 07:00:00", "generated_at": "2026-09-30T13:31:09.486326", "nearest_km": 23.929057564591965, "n_points": 13, "weight_sum": 0.0040290815025836261, "confidence": "High", "flagged": false }, "geometry": { "type": "Polygon", "coordinates": [ [ [ -117.342199330721513, 53.502951136779977 ], [ -117.292199330721516, 53.502951136779977 ], [ -117.292199330721516, 53.552951136779974 ], [ -117.342199330721513, 53.552951136779974 ], [ -117.342199330721513, 53.502951136779977 ] ] ] } },
{ "type": "Feature", "properties": { "value": 1, "label": "AQHI 1", "color": "#01cbff", "timestamp": "2026-09-30 07:00:00", "generated_at": "2026-09-30T13:31:09.486326", "nearest_km": 29.191153647082189, "n_points": 13, "weight_sum": 0.0032272293773478221, "confidence": "Medium", "flagged": false }, "geometry": { "type": "Polygon", "coordinates": [ [ [ -117.292199330721516, 53.502951136779977 ], [ -117.242199330721519, 53.502951136779977 ], [ -117.242199330721519, 53.552951136779974 ], [ -117.292199330721516, 53.552951136779974 ], [ -117.292199330721516, 53.502951136779977 ] ] ] } },
{ "type": "Feature", "properties": { "value": 2, "label": "AQHI 2", "color": "#0099cb", "timestamp": "2026-09-30 07:00:00", "generated_at": "2026-09-30T13:31:09.486326", "nearest_km": 34.543481390351445, "n_points": 13, "weight_sum": 0.0027755633100384355, "confidence": "Medium", "flagged": false }, "geometry": { "type": "Polygon", "coordinates": [ [ [ -117.242199330721519, 53.502951136779977 ], [ -117.192199330721522, 53.502951136779977 ], [ -117.192199330721522, 53.552951136779974 ], [ -117.242199330721519, 53.552951136779974 ], [ -117.242199330721519, 53.502951136779977 ] ] ] } },
{ "type": "Feature", "properties": { "value": 2, "label": "AQHI 2", "color": "#0099cb", "timestamp": "2026-09-30 07:00:00", "generated_at": "2026-09-30T13:31:09.486326", "nearest_km": 39.949790511134687, "n_points": 14, "weight_sum": 0.0025320022772024075, "confidence": "Medium", "flagged": false }, "geometry": { "type": "Polygon", "coordinates": [ [ [ -117.192199330721522, 53.502951136779977 ], [ -117.142199330721525, 53.502951136779977 ], [ -117.142199330721525, 53.552951136779974 ], [ -117.192199330721522, 53.552951136779974 ], [ -117.192199330721522, 53.502951136779977 ] ] ] } },
{ "type": "Feature", "properties": { "value": 2, "label": "AQHI 2", "color": "#0099cb", "timestamp": "2026-09-30 07:00:00", "generated_at": "2026-09-30T13:31:09.486326", "nearest_km": 41.509260308043842, "n_points": 14, "weight_sum": 0.0023654850733629512, "confidence": "Medium", "flagged": false }, "geometry": { "type": "Polygon", "coordinates": [ [ [ -117.142199330721525, 53.502951136779977 ], [ -117.092199330721527, 53.502951136779977 ], [ -117.092199330721527, 53.552951136779974 ], [ -117.142199330721525, 53.552951136779974 ], [ -117.142199330721525, 53.502951136779977 ] ] ] } },
{ "type": "Feature", "properties": { "value": 2, "label": "AQHI 2", "color": "#0099cb", "timestamp": "2026-09-30 07:00:00", "generated_at": "2026-09-30T13:31:09.486326", "nearest_km": 41.120253635391776, "n_points": 14, "weight_sum": 0.0022490750277037322, "confidence": "Medium", "flagged": false }, "geometry": { "type": "Polygon", "coordinates": [ [ [ -117.092199330721527, 53.502951136779977 ], [ -117.04219933072153, 53.502951136779977 ], [ -117.04219933072153, 53.552951136779974 ], [ -117.092199330721527, 53.552951136779974 ], [ -117.092199330721527, 53.502951136779977 ] ] ] } },
{ "type": "Feature", "properties": { "value": 2, "label": "AQHI 2", "color": "#0099cb", "timestamp": "2026-09-30 07:00:00", "generated_at": "2026-09-30T13:31:09.486326", "nearest_km": 41.4769433150148, "n_points": 14, "weight_sum": 0.0021580341722944635, "confidence": "Medium", "flagged": false }, "geometry": { "type": "Polygon", "coordinates": [ [ [ -117.04219933072153, 53.502951136779977 ], [ -116.992199330721533, 53.502951136779977 ], [ -116.992199330721533, 53.552951136779974 ], [ -117.04219933072153, 53.552951136779974 ], [ -117.04219933072153, 53.502951136779977 ] ] ] } },
{ "type": "Feature", "properties": { "value": 2, "label": "AQHI 2", "color": "#0099cb", "timestamp": "2026-09-30 07:00:00", "generated_at": "2026-09-30T13:31:09.486326", "nearest_km": 42.560584987461624, "n_points": 14, "weight_sum": 0.0020847905212705601, "confidence": "Medium", "flagged": false }, "geometry": { "type": "Polygon", "coordinates": [ [ [ -116.992199330721533, 53.502951136779977 ], [ -116.942199330721536, 53.502951136779977 ], [ -116.942199330721536, 53.552951136779974 ], [ -116.992199330721533, 53.552951136779974 ], [ -116.992199330721533, 53.502951136779977 ] ] ] } },
{ "type": "Feature", "properties": { "value": 2, "label": "AQHI 2", "color": "#0099cb", "timestamp": "2026-09-30 07:00:00", "generated_at": "2026-09-30T13:31:09.486326", "nearest_km": 44.317885353352885, "n_points": 13, "weight_sum": 0.0020120361204416515, "confidence": "Medium", "flagged": false }, "geometry": { "type": "Polygon", "coordinates": [ [ [ -116.942199330721536, 53.502951136779977 ], [ -116.892199330721539, 53.502951136779977 ], [ -116.892199330721539, 53.552951136779974 ], [ -116.942199330721536, 53.552951136779974 ], [ -116.942199330721536, 53.502951136779977 ] ] ] } },
{ "type": "Feature", "properties": { "value": 2, "label": "AQHI 2", "color": "#0099cb", "timestamp": "2026-09-30 07:00:00", "generated_at": "2026-09-30T13:31:09.486326", "nearest_km": 46.672813606112385, "n_points": 12, "weight_sum": 0.0019533324363999178, "confidence": "Medium", "flagged": false }, "geometry": { "type": "Polygon", "coordinates": [ [ [ -116.892199330721539, 53.502951136779977 ], [ -116.842199330721542, 53.502951136779977 ], [ -116.842199330721542, 53.552951136779974 ], [ -116.892199330721539, 53.552951136779974 ], [ -116.892199330721539, 53.502951136779977 ] ] ] } },
{ "type": "Feature", "properties": { "value": 2, "label": "AQHI 2", "color": "#0099cb", "timestamp": "2026-09-30 07:00:00", "generated_at": "2026-09-30T13:31:09.486326", "nearest_km": 45.029639290267262, "n_points": 10, "weight_sum": 0.0019526904990553652, "confidence": "Medium", "flagged": false }, "geometry": { "type": "Polygon", "coordinates": [ [ [ -116.842199330721542, 53.502951136779977 ], [ -116.792199330721544, 53.502951136779977 ], [ -116.792199330721544, 53.552951136779974 ], [ -116.842199330721542, 53.552951136779974 ], [ -116.842199330721542, 53.502951136779977 ] ] ] } },
{ "type": "Feature", "properties": { "value": 2, "label": "AQHI 2", "color": "#0099cb", "timestamp": "2026-09-30 07:00:00", "generated_at": "2026-09-30T13:31:09.486326", "nearest_km": 39.592189813517351, "n_points": 10, "weight_sum": 0.0020758582776418118, "confidence": "Medium", "flagged": false }, "geometry": { "type": "Polygon", "coordinates": [ [ [ -116.792199330721544, 53.502951136779977 ], [ -116.742199330721547, 53.502951136779977 ], [ -116.742199330721547, 53.552951136779974 ], [ -116.792199330721544, 53.552951136779974 ], [ -116.792199330721544, 53.502951136779977 ] ] ] } },
{ "type": "Feature", "properties": { "value": 2, "label": "AQHI 2", "color": "#0099cb", "timestamp": "2026-09-30 07:00:00", "generated_at": "2026-09-30T13:31:09.486326", "nearest_km": 34.190928239045896, "n_points": 10, "weight_sum": 0.002319333239412504, "confidence": "Medium", "flagged": false }, "geometry": { "type": "Polygon", "coordinates": [ [ [ -116.742199330721547, 53.502951136779977 ], [ -116.69219933072155, 53.502951136779977 ], [ -116.69219933072155, 53.552951136779974 ], [ -116.742199330721547, 53.552951136779974 ], [ -116.742199330721547, 53.502951136779977 ] ] ] } },
{ "type": "Feature", "properties": { "value": 2, "label": "AQHI 2", "color": "#0099cb", "timestamp": "2026-09-30 07:00:00", "generated_at": "2026-09-30T13:31:09.486326", "nearest_km": 28.846189583124808, "n_points": 10, "weight_sum": 0.0027577473543071349, "confidence": "Medium", "flagged": false }, "geometry": { "type": "Polygon", "coordinates": [ [ [ -116.69219933072155, 53.502951136779977 ], [ -116.642199330721553, 53.502951136779977 ], [ -116.642199330721553, 53.552951136779974 ], [ -116.69219933072155, 53.552951136779974 ], [ -116.69219933072155, 53.502951136779977 ] ] ] } },
{ "type": "Feature", "properties": { "value": 2, "label": "AQHI 2", "color": "#0099cb", "timestamp": "2026-09-30 07:00:00", "generated_at": "2026-09-30T13:31:09.486326", "nearest_km": 23.596413564005079, "n_points": 10, "weight_sum": 0.003539792369706403, "confidence": "High", "flagged": false }, "geometry": { "type": "Polygon", "coordinates": [ [ [ -116.642199330721553, 53.502951136779977 ], [ -116.592199330721556, 53.502951136779977 ], [ -116.592199330721556, 53.552951136779974 ], [ -116.642199330721553, 53.552951136779974 ], [ -116.642199330721553, 53.502951136779977 ] ] ] } },
{ "type": "Feature", "properties": { "value": 2, "label": "AQHI 2", "color": "#0099cb", "timestamp": "2026-09-30 07:00:00", "generated_at": "2026-09-30T13:31:09.486326", "nearest_km": 18.522521769498368, "n_points": 10, "weight_sum": 0.0049889123611053399, "confidence": "High", "flagged": false }, "geometry": { "type": "Polygon", "coordinates": [ [ [ -116.592199330721556, 53.502951136779977 ], [ -116.542199330721559, 53.502951136779977 ], [ -116.542199330721559, 53.552951136779974 ], [ -116.592199330721556, 53.552951136779974 ], [ -116.592199330721556, 53.502951136779977 ] ] ] } },
{ "type": "Feature", "properties": { "value": 2, "label": "AQHI 2", "color": "#0099cb", "timestamp": "2026-09-30 07:00:00", "generated_at": "2026-09-30T13:31:09.486326", "nearest_km": 13.819619832669488, "n_points": 10, "weight_sum": 0.0078454891708197912, "confidence": "High", "flagged": false }, "geometry": { "type": "Polygon", "coordinates": [ [ [ -116.542199330721559, 53.502951136779977 ], [ -116.492199330721562, 53.502951136779977 ], [ -116.492199330721562, 53.552951136779974 ], [ -116.542199330721559, 53.552951136779974 ], [ -116.542199330721559, 53.502951136779977 ] ] ] } },
{ "type": "Feature", "properties": { "value": 2, "label": "AQHI 2", "color": "#0099cb", "timestamp": "2026-09-30 07:00:00", "generated_at": "2026-09-30T13:31:09.486326", "nearest_km": 10.024219268226119, "n_points": 9, "weight_sum": 0.013443775482610542, "confidence": "High", "flagged": false }, "geometry": { "type": "Polygon", "coordinates": [ [ [ -116.492199330721562, 53.502951136779977 ], [ -116.442199330721564, 53.502951136779977 ], [ -116.442199330721564, 53.552951136779974 ], [ -116.492199330721562, 53.552951136779974 ], [ -116.492199330721562, 53.502951136779977 ] ] ] } },
{ "type": "Feature", "properties": { "value": 2, "label": "AQHI 2", "color": "#0099cb", "timestamp": "2026-09-30 07:00:00", "generated_at": "2026-09-30T13:31:09.486326", "nearest_km": 8.4612677274408892, "n_points": 9, "weight_sum": 0.020317416439070281, "confidence": "High", "flagged": false }, "geometry": { "type": "Polygon", "coordinates": [ [ [ -116.442199330721564, 53.502951136779977 ], [ -116.392199330721567, 53.502951136779977 ], [ -116.392199330721567, 53.552951136779974 ], [ -116.442199330721564, 53.552951136779974 ], [ -116.442199330721564, 53.502951136779977 ] ] ] } },
{ "type": "Feature", "properties": { "value": 2, "label": "AQHI 2", "color": "#0099cb", "timestamp": "2026-09-30 07:00:00", "generated_at": "2026-09-30T13:31:09.486326", "nearest_km": 10.063449808214608, "n_points": 9, "weight_sum": 0.019821207490109852, "confidence": "High", "flagged": false }, "geometry": { "type": "Polygon", "coordinates": [ [ [ -116.392199330721567, 53.502951136779977 ], [ -116.34219933072157, 53.502951136779977 ], [ -116.34219933072157, 53.552951136779974 ], [ -116.392199330721567, 53.552951136779974 ], [ -116.392199330721567, 53.502951136779977 ] ] ] } },
{ "type": "Feature", "properties": { "value": 2, "label": "AQHI 2", "color": "#0099cb", "timestamp": "2026-09-30 07:00:00", "generated_at": "2026-09-30T13:31:09.486326", "nearest_km": 11.523389278351084, "n_points": 11, "weight_sum": 0.013382484911538234, "confidence": "High", "flagged": false }, "geometry": { "type": "Polygon", "coordinates": [ [ [ -116.34219933072157, 53.502951136779977 ], [ -116.292199330721573, 53.502951136779977 ], [ -116.292199330721573, 53.552951136779974 ], [ -116.34219933072157, 53.552951136779974 ], [ -116.34219933072157, 53.502951136779977 ] ] ] } },
{ "type": "Feature", "properties": { "value": 2, "label": "AQHI 2", "color": "#0099cb", "timestamp": "2026-09-30 07:00:00", "generated_at": "2026-09-30T13:31:09.486326", "nearest_km": 15.030268756026013, "n_points": 15, "weight_sum": 0.0081259747296970018, "confidence": "High", "flagged": false }, "geometry": { "type": "Polygon", "coordinates": [ [ [ -116.292199330721573, 53.502951136779977 ], [ -116.242199330721576, 53.502951136779977 ], [ -116.242199330721576, 53.552951136779974 ], [ -116.292199330721573, 53.552951136779974 ], [ -116.292199330721573, 53.502951136779977 ] ] ] } },
{ "type": "Feature", "properties": { "value": 2, "label": "AQHI 2", "color": "#0099cb", "timestamp": "2026-09-30 07:00:00", "generated_at": "2026-09-30T13:31:09.486326", "nearest_km": 19.509855388913572, "n_points": 15, "weight_sum": 0.0052272353201461182, "confidence": "High", "flagged": false }, "geometry": { "type": "Polygon", "coordinates": [ [ [ -116.242199330721576, 53.502951136779977 ], [ -116.192199330721579, 53.502951136779977 ], [ -116.192199330721579, 53.552951136779974 ], [ -116.242199330721576, 53.552951136779974 ], [ -116.242199330721576, 53.502951136779977 ] ] ] } },
{ "type": "Feature", "properties": { "value": 2, "label": "AQHI 2", "color": "#0099cb", "timestamp": "2026-09-30 07:00:00", "generated_at": "2026-09-30T13:31:09.486326", "nearest_km": 24.432865892364344, "n_points": 13, "weight_sum": 0.0036468226639344951, "confidence": "High", "flagged": false }, "geometry": { "type": "Polygon", "coordinates": [ [ [ -116.192199330721579, 53.502951136779977 ], [ -116.142199330721581, 53.502951136779977 ], [ -116.142199330721581, 53.552951136779974 ], [ -116.192199330721579, 53.552951136779974 ], [ -116.192199330721579, 53.502951136779977 ] ] ] } },
{ "type": "Feature", "properties": { "value": 2, "label": "AQHI 2", "color": "#0099cb", "timestamp": "2026-09-30 07:00:00", "generated_at": "2026-09-30T13:31:09.486326", "nearest_km": 29.578715559202276, "n_points": 13, "weight_sum": 0.0028759229531713131, "confidence": "Medium", "flagged": false }, "geometry": { "type": "Polygon", "coordinates": [ [ [ -116.142199330721581, 53.502951136779977 ], [ -116.092199330721584, 53.502951136779977 ], [ -116.092199330721584, 53.552951136779974 ], [ -116.142199330721581, 53.552951136779974 ], [ -116.142199330721581, 53.502951136779977 ] ] ] } },
{ "type": "Feature", "properties": { "value": 2, "label": "AQHI 2", "color": "#0099cb", "timestamp": "2026-09-30 07:00:00", "generated_at": "2026-09-30T13:31:09.486326", "nearest_km": 27.768227721486586, "n_points": 13, "weight_sum": 0.002519809811219167, "confidence": "Medium", "flagged": false }, "geometry": { "type": "Polygon", "coordinates": [ [ [ -116.092199330721584, 53.502951136779977 ], [ -116.042199330721587, 53.502951136779977 ], [ -116.042199330721587, 53.552951136779974 ], [ -116.092199330721584, 53.552951136779974 ], [ -116.092199330721584, 53.502951136779977 ] ] ] } },
{ "type": "Feature", "properties": { "value": 1, "label": "AQHI 1", "color": "#01cbff", "timestamp": "2026-09-30 07:00:00", "generated_at": "2026-09-30T13:31:09.486326", "nearest_km": 23.007866424557626, "n_points": 13, "weight_sum": 0.0024711120880978542, "confidence": "High", "flagged": false }, "geometry": { "type": "Polygon", "coordinates": [ [ [ -116.042199330721587, 53.502951136779977 ], [ -115.99219933072159, 53.502951136779977 ], [ -115.99219933072159, 53.552951136779974 ], [ -116.042199330721587, 53.552951136779974 ], [ -116.042199330721587, 53.502951136779977 ] ] ] } },
{ "type": "Feature", "properties": { "value": 1, "label": "AQHI 1", "color": "#01cbff", "timestamp": "2026-09-30 07:00:00", "generated_at": "2026-09-30T13:31:09.486326", "nearest_km": 18.688348349392164, "n_points": 14, "weight_sum": 0.002752044013372654, "confidence": "High", "flagged": false }, "geometry": { "type": "Polygon", "coordinates": [ [ [ -115.99219933072159, 53.502951136779977 ], [ -115.942199330721593, 53.502951136779977 ], [ -115.942199330721593, 53.552951136779974 ], [ -115.99219933072159, 53.552951136779974 ], [ -115.99219933072159, 53.502951136779977 ] ] ] } },
{ "type": "Feature", "properties": { "value": 1, "label": "AQHI 1", "color": "#01cbff", "timestamp": "2026-09-30 07:00:00", "generated_at": "2026-09-30T13:31:09.486326", "nearest_km": 15.190517128990857, "n_points": 14, "weight_sum": 0.0033349367902028725, "confidence": "High", "flagged": false }, "geometry": { "type": "Polygon", "coordinates": [ [ [ -115.942199330721593, 53.502951136779977 ], [ -115.892199330721596, 53.502951136779977 ], [ -115.892199330721596, 53.552951136779974 ], [ -115.942199330721593, 53.552951136779974 ], [ -115.942199330721593, 53.502951136779977 ] ] ] } },
{ "type": "Feature", "properties": { "value": 1, "label": "AQHI 1", "color": "#01cbff", "timestamp": "2026-09-30 07:00:00", "generated_at": "2026-09-30T13:31:09.486326", "nearest_km": 13.185380436835846, "n_points": 14, "weight_sum": 0.0039428534794863053, "confidence": "High", "flagged": false }, "geometry": { "type": "Polygon", "coordinates": [ [ [ -115.892199330721596, 53.502951136779977 ], [ -115.842199330721598, 53.502951136779977 ], [ -115.842199330721598, 53.552951136779974 ], [ -115.892199330721596, 53.552951136779974 ], [ -115.892199330721596, 53.502951136779977 ] ] ] } },
{ "type": "Feature", "properties": { "value": 1, "label": "AQHI 1", "color": "#01cbff", "timestamp": "2026-09-30 07:00:00", "generated_at": "2026-09-30T13:31:09.486326", "nearest_km": 13.362698226107453, "n_points": 14, "weight_sum": 0.0038032087775714753, "confidence": "High", "flagged": false }, "geometry": { "type": "Polygon", "coordinates": [ [ [ -115.842199330721598, 53.502951136779977 ], [ -115.792199330721601, 53.502951136779977 ], [ -115.792199330721601, 53.552951136779974 ], [ -115.842199330721598, 53.552951136779974 ], [ -115.842199330721598, 53.502951136779977 ] ] ] } },
{ "type": "Feature", "properties": { "value": 1, "label": "AQHI 1", "color": "#01cbff", "timestamp": "2026-09-30 07:00:00", "generated_at": "2026-09-30T13:31:09.486326", "nearest_km": 15.648455211295781, "n_points": 14, "weight_sum": 0.0029897226422644519, "confidence": "High", "flagged": false }, "geometry": { "type": "Polygon", "coordinates": [ [ [ -115.792199330721601, 53.502951136779977 ], [ -115.742199330721604, 53.502951136779977 ], [ -115.742199330721604, 53.552951136779974 ], [ -115.792199330721601, 53.552951136779974 ], [ -115.792199330721601, 53.502951136779977 ] ] ] } },
{ "type": "Feature", "properties": { "value": 1, "label": "AQHI 1", "color": "#01cbff", "timestamp": "2026-09-30 07:00:00", "generated_at": "2026-09-30T13:31:09.486326", "nearest_km": 19.307811815890421, "n_points": 12, "weight_sum": 0.002221366225659206, "confidence": "High", "flagged": false }, "geometry": { "type": "Polygon", "coordinates": [ [ [ -115.742199330721604, 53.502951136779977 ], [ -115.692199330721607, 53.502951136779977 ], [ -115.692199330721607, 53.552951136779974 ], [ -115.742199330721604, 53.552951136779974 ], [ -115.742199330721604, 53.502951136779977 ] ] ] } },
{ "type": "Feature", "properties": { "value": 1, "label": "AQHI 1", "color": "#01cbff", "timestamp": "2026-09-30 07:00:00", "generated_at": "2026-09-30T13:31:09.486326", "nearest_km": 23.713161824938879, "n_points": 12, "weight_sum": 0.0017911165853349042, "confidence": "High", "flagged": false }, "geometry": { "type": "Polygon", "coordinates": [ [ [ -115.692199330721607, 53.502951136779977 ], [ -115.64219933072161, 53.502951136779977 ], [ -115.64219933072161, 53.552951136779974 ], [ -115.692199330721607, 53.552951136779974 ], [ -115.692199330721607, 53.502951136779977 ] ] ] } },
{ "type": "Feature", "properties": { "value": 1, "label": "AQHI 1", "color": "#01cbff", "timestamp": "2026-09-30 07:00:00", "generated_at": "2026-09-30T13:31:09.486326", "nearest_km": 28.520895679372206, "n_points": 12, "weight_sum": 0.0015614969912467809, "confidence": "Medium", "flagged": false }, "geometry": { "type": "Polygon", "coordinates": [ [ [ -115.64219933072161, 53.502951136779977 ], [ -115.592199330721613, 53.502951136779977 ], [ -115.592199330721613, 53.552951136779974 ], [ -115.64219933072161, 53.552951136779974 ], [ -115.64219933072161, 53.502951136779977 ] ] ] } },
{ "type": "Feature", "properties": { "value": 1, "label": "AQHI 1", "color": "#01cbff", "timestamp": "2026-09-30 07:00:00", "generated_at": "2026-09-30T13:31:09.486326", "nearest_km": 33.55851511869259, "n_points": 12, "weight_sum": 0.0014610907883371271, "confidence": "Medium", "flagged": false }, "geometry": { "type": "Polygon", "coordinates": [ [ [ -115.592199330721613, 53.502951136779977 ], [ -115.542199330721616, 53.502951136779977 ], [ -115.542199330721616, 53.552951136779974 ], [ -115.592199330721613, 53.552951136779974 ], [ -115.592199330721613, 53.502951136779977 ] ] ] } },
{ "type": "Feature", "properties": { "value": 1, "label": "AQHI 1", "color": "#01cbff", "timestamp": "2026-09-30 07:00:00", "generated_at": "2026-09-30T13:31:09.486326", "nearest_km": 38.736434833234192, "n_points": 12, "weight_sum": 0.00145060505036248, "confidence": "Medium", "flagged": false }, "geometry": { "type": "Polygon", "coordinates": [ [ [ -115.542199330721616, 53.502951136779977 ], [ -115.492199330721618, 53.502951136779977 ], [ -115.492199330721618, 53.552951136779974 ], [ -115.542199330721616, 53.552951136779974 ], [ -115.542199330721616, 53.502951136779977 ] ] ] } },
{ "type": "Feature", "properties": { "value": 1, "label": "AQHI 1", "color": "#01cbff", "timestamp": "2026-09-30 07:00:00", "generated_at": "2026-09-30T13:31:09.486326", "nearest_km": 44.005156859250846, "n_points": 13, "weight_sum": 0.0015610295228144281, "confidence": "Medium", "flagged": false }, "geometry": { "type": "Polygon", "coordinates": [ [ [ -115.492199330721618, 53.502951136779977 ], [ -115.442199330721621, 53.502951136779977 ], [ -115.442199330721621, 53.552951136779974 ], [ -115.492199330721618, 53.552951136779974 ], [ -115.492199330721618, 53.502951136779977 ] ] ] } },
{ "type": "Feature", "properties": { "value": 1, "label": "AQHI 1", "color": "#01cbff", "timestamp": "2026-09-30 07:00:00", "generated_at": "2026-09-30T13:31:09.486326", "nearest_km": 48.385470829799729, "n_points": 13, "weight_sum": 0.0016997154845514307, "confidence": "Medium", "flagged": false }, "geometry": { "type": "Polygon", "coordinates": [ [ [ -115.442199330721621, 53.502951136779977 ], [ -115.392199330721624, 53.502951136779977 ], [ -115.392199330721624, 53.552951136779974 ], [ -115.442199330721621, 53.552951136779974 ], [ -115.442199330721621, 53.502951136779977 ] ] ] } },
{ "type": "Feature", "properties": { "value": 1, "label": "AQHI 1", "color": "#01cbff", "timestamp": "2026-09-30 07:00:00", "generated_at": "2026-09-30T13:31:09.486326", "nearest_km": 43.008161511965604, "n_points": 13, "weight_sum": 0.0019222781055956136, "confidence": "Medium", "flagged": false }, "geometry": { "type": "Polygon", "coordinates": [ [ [ -115.392199330721624, 53.502951136779977 ], [ -115.342199330721627, 53.502951136779977 ], [ -115.342199330721627, 53.552951136779974 ], [ -115.392199330721624, 53.552951136779974 ], [ -115.392199330721624, 53.502951136779977 ] ] ] } },
{ "type": "Feature", "properties": { "value": 1, "label": "AQHI 1", "color": "#01cbff", "timestamp": "2026-09-30 07:00:00", "generated_at": "2026-09-30T13:31:09.486326", "nearest_km": 37.680965033518333, "n_points": 13, "weight_sum": 0.0022554589819466821, "confidence": "Medium", "flagged": false }, "geometry": { "type": "Polygon", "coordinates": [ [ [ -115.342199330721627, 53.502951136779977 ], [ -115.29219933072163, 53.502951136779977 ], [ -115.29219933072163, 53.552951136779974 ], [ -115.342199330721627, 53.552951136779974 ], [ -115.342199330721627, 53.502951136779977 ] ] ] } },
{ "type": "Feature", "properties": { "value": 1, "label": "AQHI 1", "color": "#01cbff", "timestamp": "2026-09-30 07:00:00", "generated_at": "2026-09-30T13:31:09.486326", "nearest_km": 32.428587620726503, "n_points": 13, "weight_sum": 0.002749885434955193, "confidence": "Medium", "flagged": false }, "geometry": { "type": "Polygon", "coordinates": [ [ [ -115.29219933072163, 53.502951136779977 ], [ -115.242199330721633, 53.502951136779977 ], [ -115.242199330721633, 53.552951136779974 ], [ -115.29219933072163, 53.552951136779974 ], [ -115.29219933072163, 53.502951136779977 ] ] ] } },
{ "type": "Feature", "properties": { "value": 1, "label": "AQHI 1", "color": "#01cbff", "timestamp": "2026-09-30 07:00:00", "generated_at": "2026-09-30T13:31:09.486326", "nearest_km": 27.294256983714256, "n_points": 13, "weight_sum": 0.0035004347033415597, "confidence": "Medium", "flagged": false }, "geometry": { "type": "Polygon", "coordinates": [ [ [ -115.242199330721633, 53.502951136779977 ], [ -115.192199330721635, 53.502951136779977 ], [ -115.192199330721635, 53.552951136779974 ], [ -115.242199330721633, 53.552951136779974 ], [ -115.242199330721633, 53.502951136779977 ] ] ] } },
{ "type": "Feature", "properties": { "value": 1, "label": "AQHI 1", "color": "#01cbff", "timestamp": "2026-09-30 07:00:00", "generated_at": "2026-09-30T13:31:09.486326", "nearest_km": 22.359441708390779, "n_points": 13, "weight_sum": 0.0046926379355589683, "confidence": "High", "flagged": false }, "geometry": { "type": "Polygon", "coordinates": [ [ [ -115.192199330721635, 53.502951136779977 ], [ -115.142199330721638, 53.502951136779977 ], [ -115.142199330721638, 53.552951136779974 ], [ -115.192199330721635, 53.552951136779974 ], [ -115.192199330721635, 53.502951136779977 ] ] ] } },
{ "type": "Feature", "properties": { "value": 1, "label": "AQHI 1", "color": "#01cbff", "timestamp": "2026-09-30 07:00:00", "generated_at": "2026-09-30T13:31:09.486326", "nearest_km": 17.790947212804866, "n_points": 13, "weight_sum": 0.0067031880170120035, "confidence": "High", "flagged": false }, "geometry": { "type": "Polygon", "coordinates": [ [ [ -115.142199330721638, 53.502951136779977 ], [ -115.092199330721641, 53.502951136779977 ], [ -115.092199330721641, 53.552951136779974 ], [ -115.142199330721638, 53.552951136779974 ], [ -115.142199330721638, 53.502951136779977 ] ] ] } },
{ "type": "Feature", "properties": { "value": 1, "label": "AQHI 1", "color": "#01cbff", "timestamp": "2026-09-30 07:00:00", "generated_at": "2026-09-30T13:31:09.486326", "nearest_km": 13.953349846781816, "n_points": 13, "weight_sum": 0.010256220546578, "confidence": "High", "flagged": false }, "geometry": { "type": "Polygon", "coordinates": [ [ [ -115.092199330721641, 53.502951136779977 ], [ -115.042199330721644, 53.502951136779977 ], [ -115.042199330721644, 53.552951136779974 ], [ -115.092199330721641, 53.552951136779974 ], [ -115.092199330721641, 53.502951136779977 ] ] ] } },
{ "type": "Feature", "properties": { "value": 1, "label": "AQHI 1", "color": "#01cbff", "timestamp": "2026-09-30 07:00:00", "generated_at": "2026-09-30T13:31:09.486326", "nearest_km": 11.311171882135133, "n_points": 11, "weight_sum": 0.015729178016066492, "confidence": "High", "flagged": false }, "geometry": { "type": "Polygon", "coordinates": [ [ [ -115.042199330721644, 53.502951136779977 ], [ -114.992199330721647, 53.502951136779977 ], [ -114.992199330721647, 53.552951136779974 ], [ -115.042199330721644, 53.552951136779974 ], [ -115.042199330721644, 53.502951136779977 ] ] ] } },
{ "type": "Feature", "properties": { "value": 1, "label": "AQHI 1", "color": "#01cbff", "timestamp": "2026-09-30 07:00:00", "generated_at": "2026-09-30T13:31:09.486326", "nearest_km": 10.020279385579334, "n_points": 11, "weight_sum": 0.020050030698888319, "confidence": "High", "flagged": false }, "geometry": { "type": "Polygon", "coordinates": [ [ [ -114.992199330721647, 53.502951136779977 ], [ -114.94219933072165, 53.502951136779977 ], [ -114.94219933072165, 53.552951136779974 ], [ -114.992199330721647, 53.552951136779974 ], [ -114.992199330721647, 53.502951136779977 ] ] ] } },
{ "type": "Feature", "properties": { "value": 1, "label": "AQHI 1", "color": "#01cbff", "timestamp": "2026-09-30 07:00:00", "generated_at": "2026-09-30T13:31:09.486326", "nearest_km": 10.558005621209727, "n_points": 12, "weight_sum": 0.017046056933033564, "confidence": "High", "flagged": false }, "geometry": { "type": "Polygon", "coordinates": [ [ [ -114.94219933072165, 53.502951136779977 ], [ -114.892199330721652, 53.502951136779977 ], [ -114.892199330721652, 53.552951136779974 ], [ -114.94219933072165, 53.552951136779974 ], [ -114.94219933072165, 53.502951136779977 ] ] ] } },
{ "type": "Feature", "properties": { "value": 1, "label": "AQHI 1", "color": "#01cbff", "timestamp": "2026-09-30 07:00:00", "generated_at": "2026-09-30T13:31:09.486326", "nearest_km": 13.343955628498671, "n_points": 12, "weight_sum": 0.011152935357170893, "confidence": "High", "flagged": false }, "geometry": { "type": "Polygon", "coordinates": [ [ [ -114.892199330721652, 53.502951136779977 ], [ -114.842199330721655, 53.502951136779977 ], [ -114.842199330721655, 53.552951136779974 ], [ -114.892199330721652, 53.552951136779974 ], [ -114.892199330721652, 53.502951136779977 ] ] ] } },
{ "type": "Feature", "properties": { "value": 1, "label": "AQHI 1", "color": "#01cbff", "timestamp": "2026-09-30 07:00:00", "generated_at": "2026-09-30T13:31:09.486326", "nearest_km": 84.873122133391874, "n_points": 7, "weight_sum": 0.00057842480124144235, "confidence": "Low", "flagged": false }, "geometry": { "type": "Polygon", "coordinates": [ [ [ -118.442199330721451, 53.552951136779974 ], [ -118.392199330721454, 53.552951136779974 ], [ -118.392199330721454, 53.602951136779971 ], [ -118.442199330721451, 53.602951136779971 ], [ -118.442199330721451, 53.552951136779974 ] ] ] } },
{ "type": "Feature", "properties": { "value": 1, "label": "AQHI 1", "color": "#01cbff", "timestamp": "2026-09-30 07:00:00", "generated_at": "2026-09-30T13:31:09.486326", "nearest_km": 82.458862101401323, "n_points": 7, "weight_sum": 0.00062497248052533903, "confidence": "Low", "flagged": false }, "geometry": { "type": "Polygon", "coordinates": [ [ [ -118.392199330721454, 53.552951136779974 ], [ -118.342199330721456, 53.552951136779974 ], [ -118.342199330721456, 53.602951136779971 ], [ -118.392199330721454, 53.602951136779971 ], [ -118.392199330721454, 53.552951136779974 ] ] ] } },
{ "type": "Feature", "properties": { "value": 1, "label": "AQHI 1", "color": "#01cbff", "timestamp": "2026-09-30 07:00:00", "generated_at": "2026-09-30T13:31:09.486326", "nearest_km": 80.321237802812945, "n_points": 9, "weight_sum": 0.00074505943360904815, "confidence": "Low", "flagged": false }, "geometry": { "type": "Polygon", "coordinates": [ [ [ -118.342199330721456, 53.552951136779974 ], [ -118.292199330721459, 53.552951136779974 ], [ -118.292199330721459, 53.602951136779971 ], [ -118.342199330721456, 53.602951136779971 ], [ -118.342199330721456, 53.552951136779974 ] ] ] } },
{ "type": "Feature", "properties": { "value": 1, "label": "AQHI 1", "color": "#01cbff", "timestamp": "2026-09-30 07:00:00", "generated_at": "2026-09-30T13:31:09.486326", "nearest_km": 78.518428061787716, "n_points": 9, "weight_sum": 0.00080476958737874655, "confidence": "Low", "flagged": false }, "geometry": { "type": "Polygon", "coordinates": [ [ [ -118.292199330721459, 53.552951136779974 ], [ -118.242199330721462, 53.552951136779974 ], [ -118.242199330721462, 53.602951136779971 ], [ -118.292199330721459, 53.602951136779971 ], [ -118.292199330721459, 53.552951136779974 ] ] ] } },
{ "type": "Feature", "properties": { "value": 1, "label": "AQHI 1", "color": "#01cbff", "timestamp": "2026-09-30 07:00:00", "generated_at": "2026-09-30T13:31:09.486326", "nearest_km": 75.12775690516213, "n_points": 9, "weight_sum": 0.00087020399788272139, "confidence": "Low", "flagged": false }, "geometry": { "type": "Polygon", "coordinates": [ [ [ -118.242199330721462, 53.552951136779974 ], [ -118.192199330721465, 53.552951136779974 ], [ -118.192199330721465, 53.602951136779971 ], [ -118.242199330721462, 53.602951136779971 ], [ -118.242199330721462, 53.552951136779974 ] ] ] } },
{ "type": "Feature", "properties": { "value": 1, "label": "AQHI 1", "color": "#01cbff", "timestamp": "2026-09-30 07:00:00", "generated_at": "2026-09-30T13:31:09.486326", "nearest_km": 69.747866048211549, "n_points": 9, "weight_sum": 0.00094305280342191656, "confidence": "Medium", "flagged": false }, "geometry": { "type": "Polygon", "coordinates": [ [ [ -118.192199330721465, 53.552951136779974 ], [ -118.142199330721468, 53.552951136779974 ], [ -118.142199330721468, 53.602951136779971 ], [ -118.192199330721465, 53.602951136779971 ], [ -118.192199330721465, 53.552951136779974 ] ] ] } },
{ "type": "Feature", "properties": { "value": 1, "label": "AQHI 1", "color": "#01cbff", "timestamp": "2026-09-30 07:00:00", "generated_at": "2026-09-30T13:31:09.486326", "nearest_km": 64.396853797040251, "n_points": 9, "weight_sum": 0.0010260808827552248, "confidence": "Medium", "flagged": false }, "geometry": { "type": "Polygon", "coordinates": [ [ [ -118.142199330721468, 53.552951136779974 ], [ -118.092199330721471, 53.552951136779974 ], [ -118.092199330721471, 53.602951136779971 ], [ -118.142199330721468, 53.602951136779971 ], [ -118.142199330721468, 53.552951136779974 ] ] ] } },
{ "type": "Feature", "properties": { "value": 1, "label": "AQHI 1", "color": "#01cbff", "timestamp": "2026-09-30 07:00:00", "generated_at": "2026-09-30T13:31:09.486326", "nearest_km": 59.08256713816256, "n_points": 9, "weight_sum": 0.0011236895252279286, "confidence": "Medium", "flagged": false }, "geometry": { "type": "Polygon", "coordinates": [ [ [ -118.092199330721471, 53.552951136779974 ], [ -118.042199330721473, 53.552951136779974 ], [ -118.042199330721473, 53.602951136779971 ], [ -118.092199330721471, 53.602951136779971 ], [ -118.092199330721471, 53.552951136779974 ] ] ] } },
{ "type": "Feature", "properties": { "value": 1, "label": "AQHI 1", "color": "#01cbff", "timestamp": "2026-09-30 07:00:00", "generated_at": "2026-09-30T13:31:09.486326", "nearest_km": 53.815887062405558, "n_points": 9, "weight_sum": 0.0012427512418840109, "confidence": "Medium", "flagged": false }, "geometry": { "type": "Polygon", "coordinates": [ [ [ -118.042199330721473, 53.552951136779974 ], [ -117.992199330721476, 53.552951136779974 ], [ -117.992199330721476, 53.602951136779971 ], [ -118.042199330721473, 53.602951136779971 ], [ -118.042199330721473, 53.552951136779974 ] ] ] } },
{ "type": "Feature", "properties": { "value": 1, "label": "AQHI 1", "color": "#01cbff", "timestamp": "2026-09-30 07:00:00", "generated_at": "2026-09-30T13:31:09.486326", "nearest_km": 48.612289197194627, "n_points": 9, "weight_sum": 0.0013939111247223228, "confidence": "Medium", "flagged": false }, "geometry": { "type": "Polygon", "coordinates": [ [ [ -117.992199330721476, 53.552951136779974 ], [ -117.942199330721479, 53.552951136779974 ], [ -117.942199330721479, 53.602951136779971 ], [ -117.992199330721476, 53.602951136779971 ], [ -117.992199330721476, 53.552951136779974 ] ] ] } },
{ "type": "Feature", "properties": { "value": 1, "label": "AQHI 1", "color": "#01cbff", "timestamp": "2026-09-30 07:00:00", "generated_at": "2026-09-30T13:31:09.486326", "nearest_km": 43.494420580917897, "n_points": 9, "weight_sum": 0.0015937150293660921, "confidence": "Medium", "flagged": false }, "geometry": { "type": "Polygon", "coordinates": [ [ [ -117.942199330721479, 53.552951136779974 ], [ -117.892199330721482, 53.552951136779974 ], [ -117.892199330721482, 53.602951136779971 ], [ -117.942199330721479, 53.602951136779971 ], [ -117.942199330721479, 53.552951136779974 ] ] ] } },
{ "type": "Feature", "properties": { "value": 2, "label": "AQHI 2", "color": "#0099cb", "timestamp": "2026-09-30 07:00:00", "generated_at": "2026-09-30T13:31:09.486326", "nearest_km": 38.49648792224891, "n_points": 9, "weight_sum": 0.0018681908364278467, "confidence": "Medium", "flagged": false }, "geometry": { "type": "Polygon", "coordinates": [ [ [ -117.892199330721482, 53.552951136779974 ], [ -117.842199330721485, 53.552951136779974 ], [ -117.842199330721485, 53.602951136779971 ], [ -117.892199330721482, 53.602951136779971 ], [ -117.892199330721482, 53.552951136779974 ] ] ] } },
{ "type": "Feature", "properties": { "value": 2, "label": "AQHI 2", "color": "#0099cb", "timestamp": "2026-09-30 07:00:00", "generated_at": "2026-09-30T13:31:09.486326", "nearest_km": 33.671939994985898, "n_points": 10, "weight_sum": 0.0023044991689447607, "confidence": "Medium", "flagged": false }, "geometry": { "type": "Polygon", "coordinates": [ [ [ -117.842199330721485, 53.552951136779974 ], [ -117.792199330721488, 53.552951136779974 ], [ -117.792199330721488, 53.602951136779971 ], [ -117.842199330721485, 53.602951136779971 ], [ -117.842199330721485, 53.552951136779974 ] ] ] } },
{ "type": "Feature", "properties": { "value": 2, "label": "AQHI 2", "color": "#0099cb", "timestamp": "2026-09-30 07:00:00", "generated_at": "2026-09-30T13:31:09.486326", "nearest_km": 29.107121185441873, "n_points": 11, "weight_sum": 0.0029022202436101486, "confidence": "Medium", "flagged": false }, "geometry": { "type": "Polygon", "coordinates": [ [ [ -117.792199330721488, 53.552951136779974 ], [ -117.74219933072149, 53.552951136779974 ], [ -117.74219933072149, 53.602951136779971 ], [ -117.792199330721488, 53.602951136779971 ], [ -117.792199330721488, 53.552951136779974 ] ] ] } },
{ "type": "Feature", "properties": { "value": 2, "label": "AQHI 2", "color": "#0099cb", "timestamp": "2026-09-30 07:00:00", "generated_at": "2026-09-30T13:31:09.486326", "nearest_km": 24.945028851096968, "n_points": 13, "weight_sum": 0.0038285795274911999, "confidence": "High", "flagged": false }, "geometry": { "type": "Polygon", "coordinates": [ [ [ -117.74219933072149, 53.552951136779974 ], [ -117.692199330721493, 53.552951136779974 ], [ -117.692199330721493, 53.602951136779971 ], [ -117.74219933072149, 53.602951136779971 ], [ -117.74219933072149, 53.552951136779974 ] ] ] } },
{ "type": "Feature", "properties": { "value": 2, "label": "AQHI 2", "color": "#0099cb", "timestamp": "2026-09-30 07:00:00", "generated_at": "2026-09-30T13:31:09.486326", "nearest_km": 21.421704532088803, "n_points": 13, "weight_sum": 0.005091579964656992, "confidence": "High", "flagged": false }, "geometry": { "type": "Polygon", "coordinates": [ [ [ -117.692199330721493, 53.552951136779974 ], [ -117.642199330721496, 53.552951136779974 ], [ -117.642199330721496, 53.602951136779971 ], [ -117.692199330721493, 53.602951136779971 ], [ -117.692199330721493, 53.552951136779974 ] ] ] } },
{ "type": "Feature", "properties": { "value": 1, "label": "AQHI 1", "color": "#01cbff", "timestamp": "2026-09-30 07:00:00", "generated_at": "2026-09-30T13:31:09.486326", "nearest_km": 17.696716484647244, "n_points": 13, "weight_sum": 0.006773116189437804, "confidence": "High", "flagged": false }, "geometry": { "type": "Polygon", "coordinates": [ [ [ -117.642199330721496, 53.552951136779974 ], [ -117.592199330721499, 53.552951136779974 ], [ -117.592199330721499, 53.602951136779971 ], [ -117.642199330721496, 53.602951136779971 ], [ -117.642199330721496, 53.552951136779974 ] ] ] } },
{ "type": "Feature", "properties": { "value": 1, "label": "AQHI 1", "color": "#01cbff", "timestamp": "2026-09-30 07:00:00", "generated_at": "2026-09-30T13:31:09.486326", "nearest_km": 14.935442064298977, "n_points": 13, "weight_sum": 0.0084415361090417439, "confidence": "High", "flagged": false }, "geometry": { "type": "Polygon", "coordinates": [ [ [ -117.592199330721499, 53.552951136779974 ], [ -117.542199330721502, 53.552951136779974 ], [ -117.542199330721502, 53.602951136779971 ], [ -117.592199330721499, 53.602951136779971 ], [ -117.592199330721499, 53.552951136779974 ] ] ] } },
{ "type": "Feature", "properties": { "value": 1, "label": "AQHI 1", "color": "#01cbff", "timestamp": "2026-09-30 07:00:00", "generated_at": "2026-09-30T13:31:09.486326", "nearest_km": 13.948694740873433, "n_points": 13, "weight_sum": 0.0089283820767238845, "confidence": "High", "flagged": false }, "geometry": { "type": "Polygon", "coordinates": [ [ [ -117.542199330721502, 53.552951136779974 ], [ -117.492199330721505, 53.552951136779974 ], [ -117.492199330721505, 53.602951136779971 ], [ -117.542199330721502, 53.602951136779971 ], [ -117.542199330721502, 53.552951136779974 ] ] ] } },
{ "type": "Feature", "properties": { "value": 1, "label": "AQHI 1", "color": "#01cbff", "timestamp": "2026-09-30 07:00:00", "generated_at": "2026-09-30T13:31:09.486326", "nearest_km": 15.088728915720568, "n_points": 13, "weight_sum": 0.0076359259555132397, "confidence": "High", "flagged": false }, "geometry": { "type": "Polygon", "coordinates": [ [ [ -117.492199330721505, 53.552951136779974 ], [ -117.442199330721508, 53.552951136779974 ], [ -117.442199330721508, 53.602951136779971 ], [ -117.492199330721505, 53.602951136779971 ], [ -117.492199330721505, 53.552951136779974 ] ] ] } },
{ "type": "Feature", "properties": { "value": 1, "label": "AQHI 1", "color": "#01cbff", "timestamp": "2026-09-30 07:00:00", "generated_at": "2026-09-30T13:31:09.486326", "nearest_km": 17.954898930657528, "n_points": 13, "weight_sum": 0.0057839150663041138, "confidence": "High", "flagged": false }, "geometry": { "type": "Polygon", "coordinates": [ [ [ -117.442199330721508, 53.552951136779974 ], [ -117.39219933072151, 53.552951136779974 ], [ -117.39219933072151, 53.602951136779971 ], [ -117.442199330721508, 53.602951136779971 ], [ -117.442199330721508, 53.552951136779974 ] ] ] } },
{ "type": "Feature", "properties": { "value": 1, "label": "AQHI 1", "color": "#01cbff", "timestamp": "2026-09-30 07:00:00", "generated_at": "2026-09-30T13:31:09.486326", "nearest_km": 21.87903222101345, "n_points": 13, "weight_sum": 0.0043513599686069949, "confidence": "High", "flagged": false }, "geometry": { "type": "Polygon", "coordinates": [ [ [ -117.39219933072151, 53.552951136779974 ], [ -117.342199330721513, 53.552951136779974 ], [ -117.342199330721513, 53.602951136779971 ], [ -117.39219933072151, 53.602951136779971 ], [ -117.39219933072151, 53.552951136779974 ] ] ] } },
{ "type": "Feature", "properties": { "value": 1, "label": "AQHI 1", "color": "#01cbff", "timestamp": "2026-09-30 07:00:00", "generated_at": "2026-09-30T13:31:09.486326", "nearest_km": 26.393383758930106, "n_points": 13, "weight_sum": 0.00342314712958856, "confidence": "Medium", "flagged": false }, "geometry": { "type": "Polygon", "coordinates": [ [ [ -117.342199330721513, 53.552951136779974 ], [ -117.292199330721516, 53.552951136779974 ], [ -117.292199330721516, 53.602951136779971 ], [ -117.342199330721513, 53.602951136779971 ], [ -117.342199330721513, 53.552951136779974 ] ] ] } },
{ "type": "Feature", "properties": { "value": 1, "label": "AQHI 1", "color": "#01cbff", "timestamp": "2026-09-30 07:00:00", "generated_at": "2026-09-30T13:31:09.486326", "nearest_km": 31.243149034054802, "n_points": 13, "weight_sum": 0.002844244024935944, "confidence": "Medium", "flagged": false }, "geometry": { "type": "Polygon", "coordinates": [ [ [ -117.292199330721516, 53.552951136779974 ], [ -117.242199330721519, 53.552951136779974 ], [ -117.242199330721519, 53.602951136779971 ], [ -117.292199330721516, 53.602951136779971 ], [ -117.292199330721516, 53.552951136779974 ] ] ] } },
{ "type": "Feature", "properties": { "value": 2, "label": "AQHI 2", "color": "#0099cb", "timestamp": "2026-09-30 07:00:00", "generated_at": "2026-09-30T13:31:09.486326", "nearest_km": 36.294118213315997, "n_points": 13, "weight_sum": 0.0024818773021122783, "confidence": "Medium", "flagged": false }, "geometry": { "type": "Polygon", "coordinates": [ [ [ -117.242199330721519, 53.552951136779974 ], [ -117.192199330721522, 53.552951136779974 ], [ -117.192199330721522, 53.602951136779971 ], [ -117.242199330721519, 53.602951136779971 ], [ -117.242199330721519, 53.552951136779974 ] ] ] } },
{ "type": "Feature", "properties": { "value": 2, "label": "AQHI 2", "color": "#0099cb", "timestamp": "2026-09-30 07:00:00", "generated_at": "2026-09-30T13:31:09.486326", "nearest_km": 41.472842586446205, "n_points": 14, "weight_sum": 0.0022740282402203002, "confidence": "Medium", "flagged": false }, "geometry": { "type": "Polygon", "coordinates": [ [ [ -117.192199330721522, 53.552951136779974 ], [ -117.142199330721525, 53.552951136779974 ], [ -117.142199330721525, 53.602951136779971 ], [ -117.192199330721522, 53.602951136779971 ], [ -117.192199330721522, 53.552951136779974 ] ] ] } },
{ "type": "Feature", "properties": { "value": 2, "label": "AQHI 2", "color": "#0099cb", "timestamp": "2026-09-30 07:00:00", "generated_at": "2026-09-30T13:31:09.486326", "nearest_km": 46.736873317736276, "n_points": 14, "weight_sum": 0.0021239402824140539, "confidence": "Medium", "flagged": false }, "geometry": { "type": "Polygon", "coordinates": [ [ [ -117.142199330721525, 53.552951136779974 ], [ -117.092199330721527, 53.552951136779974 ], [ -117.092199330721527, 53.602951136779971 ], [ -117.142199330721525, 53.602951136779971 ], [ -117.142199330721525, 53.552951136779974 ] ] ] } },
{ "type": "Feature", "properties": { "value": 2, "label": "AQHI 2", "color": "#0099cb", "timestamp": "2026-09-30 07:00:00", "generated_at": "2026-09-30T13:31:09.486326", "nearest_km": 46.670232532799012, "n_points": 14, "weight_sum": 0.0020218981107516291, "confidence": "Medium", "flagged": false }, "geometry": { "type": "Polygon", "coordinates": [ [ [ -117.092199330721527, 53.552951136779974 ], [ -117.04219933072153, 53.552951136779974 ], [ -117.04219933072153, 53.602951136779971 ], [ -117.092199330721527, 53.602951136779971 ], [ -117.092199330721527, 53.552951136779974 ] ] ] } },
{ "type": "Feature", "properties": { "value": 2, "label": "AQHI 2", "color": "#0099cb", "timestamp": "2026-09-30 07:00:00", "generated_at": "2026-09-30T13:31:09.486326", "nearest_km": 46.98480788918404, "n_points": 14, "weight_sum": 0.0019510961643081639, "confidence": "Medium", "flagged": false }, "geometry": { "type": "Polygon", "coordinates": [ [ [ -117.04219933072153, 53.552951136779974 ], [ -116.992199330721533, 53.552951136779974 ], [ -116.992199330721533, 53.602951136779971 ], [ -117.04219933072153, 53.602951136779971 ], [ -117.04219933072153, 53.552951136779974 ] ] ] } },
{ "type": "Feature", "properties": { "value": 2, "label": "AQHI 2", "color": "#0099cb", "timestamp": "2026-09-30 07:00:00", "generated_at": "2026-09-30T13:31:09.486326", "nearest_km": 47.944121017091597, "n_points": 14, "weight_sum": 0.0019056413857226546, "confidence": "Medium", "flagged": false }, "geometry": { "type": "Polygon", "coordinates": [ [ [ -116.992199330721533, 53.552951136779974 ], [ -116.942199330721536, 53.552951136779974 ], [ -116.942199330721536, 53.602951136779971 ], [ -116.992199330721533, 53.602951136779971 ], [ -116.992199330721533, 53.552951136779974 ] ] ] } },
{ "type": "Feature", "properties": { "value": 2, "label": "AQHI 2", "color": "#0099cb", "timestamp": "2026-09-30 07:00:00", "generated_at": "2026-09-30T13:31:09.486326", "nearest_km": 49.510709021579459, "n_points": 13, "weight_sum": 0.0018670268551010296, "confidence": "Medium", "flagged": false }, "geometry": { "type": "Polygon", "coordinates": [ [ [ -116.942199330721536, 53.552951136779974 ], [ -116.892199330721539, 53.552951136779974 ], [ -116.892199330721539, 53.602951136779971 ], [ -116.942199330721536, 53.602951136779971 ], [ -116.942199330721536, 53.552951136779974 ] ] ] } },
{ "type": "Feature", "properties": { "value": 2, "label": "AQHI 2", "color": "#0099cb", "timestamp": "2026-09-30 07:00:00", "generated_at": "2026-09-30T13:31:09.486326", "nearest_km": 49.862833837640814, "n_points": 10, "weight_sum": 0.0018024587058860968, "confidence": "Medium", "flagged": false }, "geometry": { "type": "Polygon", "coordinates": [ [ [ -116.892199330721539, 53.552951136779974 ], [ -116.842199330721542, 53.552951136779974 ], [ -116.842199330721542, 53.602951136779971 ], [ -116.892199330721539, 53.602951136779971 ], [ -116.892199330721539, 53.552951136779974 ] ] ] } },
{ "type": "Feature", "properties": { "value": 2, "label": "AQHI 2", "color": "#0099cb", "timestamp": "2026-09-30 07:00:00", "generated_at": "2026-09-30T13:31:09.486326", "nearest_km": 44.323473216098392, "n_points": 10, "weight_sum": 0.0018841043063218509, "confidence": "Medium", "flagged": false }, "geometry": { "type": "Polygon", "coordinates": [ [ [ -116.842199330721542, 53.552951136779974 ], [ -116.792199330721544, 53.552951136779974 ], [ -116.792199330721544, 53.602951136779971 ], [ -116.842199330721542, 53.602951136779971 ], [ -116.842199330721542, 53.552951136779974 ] ] ] } },
{ "type": "Feature", "properties": { "value": 2, "label": "AQHI 2", "color": "#0099cb", "timestamp": "2026-09-30 07:00:00", "generated_at": "2026-09-30T13:31:09.486326", "nearest_km": 38.787154543175724, "n_points": 10, "weight_sum": 0.0020484381462791963, "confidence": "Medium", "flagged": false }, "geometry": { "type": "Polygon", "coordinates": [ [ [ -116.792199330721544, 53.552951136779974 ], [ -116.742199330721547, 53.552951136779974 ], [ -116.742199330721547, 53.602951136779971 ], [ -116.792199330721544, 53.602951136779971 ], [ -116.792199330721544, 53.552951136779974 ] ] ] } },
{ "type": "Feature", "properties": { "value": 2, "label": "AQHI 2", "color": "#0099cb", "timestamp": "2026-09-30 07:00:00", "generated_at": "2026-09-30T13:31:09.486326", "nearest_km": 33.255397113464092, "n_points": 10, "weight_sum": 0.002345222986482601, "confidence": "Medium", "flagged": false }, "geometry": { "type": "Polygon", "coordinates": [ [ [ -116.742199330721547, 53.552951136779974 ], [ -116.69219933072155, 53.552951136779974 ], [ -116.69219933072155, 53.602951136779971 ], [ -116.742199330721547, 53.602951136779971 ], [ -116.742199330721547, 53.552951136779974 ] ] ] } },
{ "type": "Feature", "properties": { "value": 2, "label": "AQHI 2", "color": "#0099cb", "timestamp": "2026-09-30 07:00:00", "generated_at": "2026-09-30T13:31:09.486326", "nearest_km": 27.730930687450577, "n_points": 10, "weight_sum": 0.0028715140062171131, "confidence": "Medium", "flagged": false }, "geometry": { "type": "Polygon", "coordinates": [ [ [ -116.69219933072155, 53.552951136779974 ], [ -116.642199330721553, 53.552951136779974 ], [ -116.642199330721553, 53.602951136779971 ], [ -116.69219933072155, 53.602951136779971 ], [ -116.69219933072155, 53.552951136779974 ] ] ] } },
{ "type": "Feature", "properties": { "value": 2, "label": "AQHI 2", "color": "#0099cb", "timestamp": "2026-09-30 07:00:00", "generated_at": "2026-09-30T13:31:09.486326", "nearest_km": 22.21919432405624, "n_points": 10, "weight_sum": 0.0038418438561103143, "confidence": "High", "flagged": false }, "geometry": { "type": "Polygon", "coordinates": [ [ [ -116.642199330721553, 53.552951136779974 ], [ -116.592199330721556, 53.552951136779974 ], [ -116.592199330721556, 53.602951136779971 ], [ -116.642199330721553, 53.602951136779971 ], [ -116.642199330721553, 53.552951136779974 ] ] ] } },
{ "type": "Feature", "properties": { "value": 2, "label": "AQHI 2", "color": "#0099cb", "timestamp": "2026-09-30 07:00:00", "generated_at": "2026-09-30T13:31:09.486326", "nearest_km": 16.732772514683603, "n_points": 10, "weight_sum": 0.005815607479781903, "confidence": "High", "flagged": false }, "geometry": { "type": "Polygon", "coordinates": [ [ [ -116.592199330721556, 53.552951136779974 ], [ -116.542199330721559, 53.552951136779974 ], [ -116.542199330721559, 53.602951136779971 ], [ -116.592199330721556, 53.602951136779971 ], [ -116.592199330721556, 53.552951136779974 ] ] ] } },
{ "type": "Feature", "properties": { "value": 2, "label": "AQHI 2", "color": "#0099cb", "timestamp": "2026-09-30 07:00:00", "generated_at": "2026-09-30T13:31:09.486326", "nearest_km": 11.308570008896877, "n_points": 9, "weight_sum": 0.010646350458671421, "confidence": "High", "flagged": false }, "geometry": { "type": "Polygon", "coordinates": [ [ [ -116.542199330721559, 53.552951136779974 ], [ -116.492199330721562, 53.552951136779974 ], [ -116.492199330721562, 53.602951136779971 ], [ -116.542199330721559, 53.602951136779971 ], [ -116.542199330721559, 53.552951136779974 ] ] ] } },
{ "type": "Feature", "properties": { "value": 2, "label": "AQHI 2", "color": "#0099cb", "timestamp": "2026-09-30 07:00:00", "generated_at": "2026-09-30T13:31:09.486326", "nearest_km": 6.1144775135808507, "n_points": 9, "weight_sum": 0.028112286634876606, "confidence": "High", "flagged": false }, "geometry": { "type": "Polygon", "coordinates": [ [ [ -116.492199330721562, 53.552951136779974 ], [ -116.442199330721564, 53.552951136779974 ], [ -116.442199330721564, 53.602951136779971 ], [ -116.492199330721562, 53.602951136779971 ], [ -116.492199330721562, 53.552951136779974 ] ] ] } },
{ "type": "Feature", "properties": { "value": 2, "label": "AQHI 2", "color": "#0099cb", "timestamp": "2026-09-30 07:00:00", "generated_at": "2026-09-30T13:31:09.486326", "nearest_km": 2.9146037264168165, "n_points": 9, "weight_sum": 0.10413371042948627, "confidence": "High", "flagged": false }, "geometry": { "type": "Polygon", "coordinates": [ [ [ -116.442199330721564, 53.552951136779974 ], [ -116.392199330721567, 53.552951136779974 ], [ -116.392199330721567, 53.602951136779971 ], [ -116.442199330721564, 53.602951136779971 ], [ -116.442199330721564, 53.552951136779974 ] ] ] } },
{ "type": "Feature", "properties": { "value": 2, "label": "AQHI 2", "color": "#0099cb", "timestamp": "2026-09-30 07:00:00", "generated_at": "2026-09-30T13:31:09.486326", "nearest_km": 4.5137018697587674, "n_points": 9, "weight_sum": 0.07754719967160216, "confidence": "High", "flagged": false }, "geometry": { "type": "Polygon", "coordinates": [ [ [ -116.392199330721567, 53.552951136779974 ], [ -116.34219933072157, 53.552951136779974 ], [ -116.34219933072157, 53.602951136779971 ], [ -116.392199330721567, 53.602951136779971 ], [ -116.392199330721567, 53.552951136779974 ] ] ] } },
{ "type": "Feature", "properties": { "value": 2, "label": "AQHI 2", "color": "#0099cb", "timestamp": "2026-09-30 07:00:00", "generated_at": "2026-09-30T13:31:09.486326", "nearest_km": 7.2034007931688659, "n_points": 11, "weight_sum": 0.028314151939571229, "confidence": "High", "flagged": false }, "geometry": { "type": "Polygon", "coordinates": [ [ [ -116.34219933072157, 53.552951136779974 ], [ -116.292199330721573, 53.552951136779974 ], [ -116.292199330721573, 53.602951136779971 ], [ -116.34219933072157, 53.602951136779971 ], [ -116.34219933072157, 53.552951136779974 ] ] ] } },
{ "type": "Feature", "properties": { "value": 2, "label": "AQHI 2", "color": "#0099cb", "timestamp": "2026-09-30 07:00:00", "generated_at": "2026-09-30T13:31:09.486326", "nearest_km": 12.041987435842181, "n_points": 14, "weight_sum": 0.01139289170120456, "confidence": "High", "flagged": false }, "geometry": { "type": "Polygon", "coordinates": [ [ [ -116.292199330721573, 53.552951136779974 ], [ -116.242199330721576, 53.552951136779974 ], [ -116.242199330721576, 53.602951136779971 ], [ -116.292199330721573, 53.602951136779971 ], [ -116.292199330721573, 53.552951136779974 ] ] ] } },
{ "type": "Feature", "properties": { "value": 2, "label": "AQHI 2", "color": "#0099cb", "timestamp": "2026-09-30 07:00:00", "generated_at": "2026-09-30T13:31:09.486326", "nearest_km": 17.312854756594273, "n_points": 14, "weight_sum": 0.0061873739695338277, "confidence": "High", "flagged": false }, "geometry": { "type": "Polygon", "coordinates": [ [ [ -116.242199330721576, 53.552951136779974 ], [ -116.192199330721579, 53.552951136779974 ], [ -116.192199330721579, 53.602951136779971 ], [ -116.242199330721576, 53.602951136779971 ], [ -116.242199330721576, 53.552951136779974 ] ] ] } },
{ "type": "Feature", "properties": { "value": 2, "label": "AQHI 2", "color": "#0099cb", "timestamp": "2026-09-30 07:00:00", "generated_at": "2026-09-30T13:31:09.486326", "nearest_km": 22.717073276301903, "n_points": 13, "weight_sum": 0.0040570308886284309, "confidence": "High", "flagged": false }, "geometry": { "type": "Polygon", "coordinates": [ [ [ -116.192199330721579, 53.552951136779974 ], [ -116.142199330721581, 53.552951136779974 ], [ -116.142199330721581, 53.602951136779971 ], [ -116.192199330721579, 53.602951136779971 ], [ -116.192199330721579, 53.552951136779974 ] ] ] } },
{ "type": "Feature", "properties": { "value": 2, "label": "AQHI 2", "color": "#0099cb", "timestamp": "2026-09-30 07:00:00", "generated_at": "2026-09-30T13:31:09.486326", "nearest_km": 28.178021517821371, "n_points": 13, "weight_sum": 0.0031047083196762723, "confidence": "Medium", "flagged": false }, "geometry": { "type": "Polygon", "coordinates": [ [ [ -116.142199330721581, 53.552951136779974 ], [ -116.092199330721584, 53.552951136779974 ], [ -116.092199330721584, 53.602951136779971 ], [ -116.142199330721581, 53.602951136779971 ], [ -116.142199330721581, 53.552951136779974 ] ] ] } },
{ "type": "Feature", "properties": { "value": 2, "label": "AQHI 2", "color": "#0099cb", "timestamp": "2026-09-30 07:00:00", "generated_at": "2026-09-30T13:31:09.486326", "nearest_km": 25.648866698529748, "n_points": 13, "weight_sum": 0.0027211169389571585, "confidence": "Medium", "flagged": false }, "geometry": { "type": "Polygon", "coordinates": [ [ [ -116.092199330721584, 53.552951136779974 ], [ -116.042199330721587, 53.552951136779974 ], [ -116.042199330721587, 53.602951136779971 ], [ -116.092199330721584, 53.602951136779971 ], [ -116.092199330721584, 53.552951136779974 ] ] ] } },
{ "type": "Feature", "properties": { "value": 1, "label": "AQHI 1", "color": "#01cbff", "timestamp": "2026-09-30 07:00:00", "generated_at": "2026-09-30T13:31:09.486326", "nearest_km": 20.399799252367611, "n_points": 13, "weight_sum": 0.002778465494901506, "confidence": "High", "flagged": false }, "geometry": { "type": "Polygon", "coordinates": [ [ [ -116.042199330721587, 53.552951136779974 ], [ -115.99219933072159, 53.552951136779974 ], [ -115.99219933072159, 53.602951136779971 ], [ -116.042199330721587, 53.602951136779971 ], [ -116.042199330721587, 53.552951136779974 ] ] ] } },
{ "type": "Feature", "properties": { "value": 1, "label": "AQHI 1", "color": "#01cbff", "timestamp": "2026-09-30 07:00:00", "generated_at": "2026-09-30T13:31:09.486326", "nearest_km": 15.363731843365429, "n_points": 14, "weight_sum": 0.0034690595710895528, "confidence": "High", "flagged": false }, "geometry": { "type": "Polygon", "coordinates": [ [ [ -115.99219933072159, 53.552951136779974 ], [ -115.942199330721593, 53.552951136779974 ], [ -115.942199330721593, 53.602951136779971 ], [ -115.99219933072159, 53.602951136779971 ], [ -115.99219933072159, 53.552951136779974 ] ] ] } },
{ "type": "Feature", "properties": { "value": 1, "label": "AQHI 1", "color": "#01cbff", "timestamp": "2026-09-30 07:00:00", "generated_at": "2026-09-30T13:31:09.486326", "nearest_km": 10.841665129156899, "n_points": 14, "weight_sum": 0.0054408357024190394, "confidence": "High", "flagged": false }, "geometry": { "type": "Polygon", "coordinates": [ [ [ -115.942199330721593, 53.552951136779974 ], [ -115.892199330721596, 53.552951136779974 ], [ -115.892199330721596, 53.602951136779971 ], [ -115.942199330721593, 53.602951136779971 ], [ -115.942199330721593, 53.552951136779974 ] ] ] } },
{ "type": "Feature", "properties": { "value": 1, "label": "AQHI 1", "color": "#01cbff", "timestamp": "2026-09-30 07:00:00", "generated_at": "2026-09-30T13:31:09.486326", "nearest_km": 7.787435353870074, "n_points": 14, "weight_sum": 0.009323625906699962, "confidence": "High", "flagged": false }, "geometry": { "type": "Polygon", "coordinates": [ [ [ -115.892199330721596, 53.552951136779974 ], [ -115.842199330721598, 53.552951136779974 ], [ -115.842199330721598, 53.602951136779971 ], [ -115.892199330721596, 53.602951136779971 ], [ -115.892199330721596, 53.552951136779974 ] ] ] } },
{ "type": "Feature", "properties": { "value": 1, "label": "AQHI 1", "color": "#01cbff", "timestamp": "2026-09-30 07:00:00", "generated_at": "2026-09-30T13:31:09.486326", "nearest_km": 8.0840333997718812, "n_points": 15, "weight_sum": 0.0086844946598913803, "confidence": "High", "flagged": false }, "geometry": { "type": "Polygon", "coordinates": [ [ [ -115.842199330721598, 53.552951136779974 ], [ -115.792199330721601, 53.552951136779974 ], [ -115.792199330721601, 53.602951136779971 ], [ -115.842199330721598, 53.602951136779971 ], [ -115.842199330721598, 53.552951136779974 ] ] ] } },
{ "type": "Feature", "properties": { "value": 1, "label": "AQHI 1", "color": "#01cbff", "timestamp": "2026-09-30 07:00:00", "generated_at": "2026-09-30T13:31:09.486326", "nearest_km": 11.474495310319409, "n_points": 13, "weight_sum": 0.004729580638176357, "confidence": "High", "flagged": false }, "geometry": { "type": "Polygon", "coordinates": [ [ [ -115.792199330721601, 53.552951136779974 ], [ -115.742199330721604, 53.552951136779974 ], [ -115.742199330721604, 53.602951136779971 ], [ -115.792199330721601, 53.602951136779971 ], [ -115.792199330721601, 53.552951136779974 ] ] ] } },
{ "type": "Feature", "properties": { "value": 1, "label": "AQHI 1", "color": "#01cbff", "timestamp": "2026-09-30 07:00:00", "generated_at": "2026-09-30T13:31:09.486326", "nearest_km": 16.111532802450856, "n_points": 12, "weight_sum": 0.0028083519187631629, "confidence": "High", "flagged": false }, "geometry": { "type": "Polygon", "coordinates": [ [ [ -115.742199330721604, 53.552951136779974 ], [ -115.692199330721607, 53.552951136779974 ], [ -115.692199330721607, 53.602951136779971 ], [ -115.742199330721604, 53.602951136779971 ], [ -115.742199330721604, 53.552951136779974 ] ] ] } },
{ "type": "Feature", "properties": { "value": 1, "label": "AQHI 1", "color": "#01cbff", "timestamp": "2026-09-30 07:00:00", "generated_at": "2026-09-30T13:31:09.486326", "nearest_km": 21.192072476809596, "n_points": 12, "weight_sum": 0.0020153288820738127, "confidence": "High", "flagged": false }, "geometry": { "type": "Polygon", "coordinates": [ [ [ -115.692199330721607, 53.552951136779974 ], [ -115.64219933072161, 53.552951136779974 ], [ -115.64219933072161, 53.602951136779971 ], [ -115.692199330721607, 53.602951136779971 ], [ -115.692199330721607, 53.552951136779974 ] ] ] } },
{ "type": "Feature", "properties": { "value": 1, "label": "AQHI 1", "color": "#01cbff", "timestamp": "2026-09-30 07:00:00", "generated_at": "2026-09-30T13:31:09.486326", "nearest_km": 26.461885467219538, "n_points": 12, "weight_sum": 0.0016591402644895289, "confidence": "Medium", "flagged": false }, "geometry": { "type": "Polygon", "coordinates": [ [ [ -115.64219933072161, 53.552951136779974 ], [ -115.592199330721613, 53.552951136779974 ], [ -115.592199330721613, 53.602951136779971 ], [ -115.64219933072161, 53.602951136779971 ], [ -115.64219933072161, 53.552951136779974 ] ] ] } },
{ "type": "Feature", "properties": { "value": 1, "label": "AQHI 1", "color": "#01cbff", "timestamp": "2026-09-30 07:00:00", "generated_at": "2026-09-30T13:31:09.486326", "nearest_km": 31.827092690004399, "n_points": 12, "weight_sum": 0.0015072236389619192, "confidence": "Medium", "flagged": false }, "geometry": { "type": "Polygon", "coordinates": [ [ [ -115.592199330721613, 53.552951136779974 ], [ -115.542199330721616, 53.552951136779974 ], [ -115.542199330721616, 53.602951136779971 ], [ -115.592199330721613, 53.602951136779971 ], [ -115.592199330721613, 53.552951136779974 ] ] ] } },
{ "type": "Feature", "properties": { "value": 1, "label": "AQHI 1", "color": "#01cbff", "timestamp": "2026-09-30 07:00:00", "generated_at": "2026-09-30T13:31:09.486326", "nearest_km": 37.246493468728183, "n_points": 12, "weight_sum": 0.0014725886925461965, "confidence": "Medium", "flagged": false }, "geometry": { "type": "Polygon", "coordinates": [ [ [ -115.542199330721616, 53.552951136779974 ], [ -115.492199330721618, 53.552951136779974 ], [ -115.492199330721618, 53.602951136779971 ], [ -115.542199330721616, 53.602951136779971 ], [ -115.542199330721616, 53.552951136779974 ] ] ] } },
{ "type": "Feature", "properties": { "value": 1, "label": "AQHI 1", "color": "#01cbff", "timestamp": "2026-09-30 07:00:00", "generated_at": "2026-09-30T13:31:09.486326", "nearest_km": 42.699458103515596, "n_points": 13, "weight_sum": 0.0015697361595118312, "confidence": "Medium", "flagged": false }, "geometry": { "type": "Polygon", "coordinates": [ [ [ -115.492199330721618, 53.552951136779974 ], [ -115.442199330721621, 53.552951136779974 ], [ -115.442199330721621, 53.602951136779971 ], [ -115.492199330721618, 53.602951136779971 ], [ -115.492199330721618, 53.552951136779974 ] ] ] } },
{ "type": "Feature", "properties": { "value": 1, "label": "AQHI 1", "color": "#01cbff", "timestamp": "2026-09-30 07:00:00", "generated_at": "2026-09-30T13:31:09.486326", "nearest_km": 47.398742568215994, "n_points": 13, "weight_sum": 0.001701653606565798, "confidence": "Medium", "flagged": false }, "geometry": { "type": "Polygon", "coordinates": [ [ [ -115.442199330721621, 53.552951136779974 ], [ -115.392199330721624, 53.552951136779974 ], [ -115.392199330721624, 53.602951136779971 ], [ -115.442199330721621, 53.602951136779971 ], [ -115.442199330721621, 53.552951136779974 ] ] ] } },
{ "type": "Feature", "properties": { "value": 1, "label": "AQHI 1", "color": "#01cbff", "timestamp": "2026-09-30 07:00:00", "generated_at": "2026-09-30T13:31:09.486326", "nearest_km": 41.894975429828456, "n_points": 13, "weight_sum": 0.0019226214755646521, "confidence": "Medium", "flagged": false }, "geometry": { "type": "Polygon", "coordinates": [ [ [ -115.392199330721624, 53.552951136779974 ], [ -115.342199330721627, 53.552951136779974 ], [ -115.342199330721627, 53.602951136779971 ], [ -115.392199330721624, 53.602951136779971 ], [ -115.392199330721624, 53.552951136779974 ] ] ] } },
{ "type": "Feature", "properties": { "value": 1, "label": "AQHI 1", "color": "#01cbff", "timestamp": "2026-09-30 07:00:00", "generated_at": "2026-09-30T13:31:09.486326", "nearest_km": 36.405248735365639, "n_points": 13, "weight_sum": 0.0022629561112142878, "confidence": "Medium", "flagged": false }, "geometry": { "type": "Polygon", "coordinates": [ [ [ -115.342199330721627, 53.552951136779974 ], [ -115.29219933072163, 53.552951136779974 ], [ -115.29219933072163, 53.602951136779971 ], [ -115.342199330721627, 53.602951136779971 ], [ -115.342199330721627, 53.552951136779974 ] ] ] } },
{ "type": "Feature", "properties": { "value": 1, "label": "AQHI 1", "color": "#01cbff", "timestamp": "2026-09-30 07:00:00", "generated_at": "2026-09-30T13:31:09.486326", "nearest_km": 30.937037749302153, "n_points": 13, "weight_sum": 0.0027857401794114962, "confidence": "Medium", "flagged": false }, "geometry": { "type": "Polygon", "coordinates": [ [ [ -115.29219933072163, 53.552951136779974 ], [ -115.242199330721633, 53.552951136779974 ], [ -115.242199330721633, 53.602951136779971 ], [ -115.29219933072163, 53.602951136779971 ], [ -115.29219933072163, 53.552951136779974 ] ] ] } },
{ "type": "Feature", "properties": { "value": 1, "label": "AQHI 1", "color": "#01cbff", "timestamp": "2026-09-30 07:00:00", "generated_at": "2026-09-30T13:31:09.486326", "nearest_km": 25.504185419645232, "n_points": 13, "weight_sum": 0.0036235042490959353, "confidence": "Medium", "flagged": false }, "geometry": { "type": "Polygon", "coordinates": [ [ [ -115.242199330721633, 53.552951136779974 ], [ -115.192199330721635, 53.552951136779974 ], [ -115.192199330721635, 53.602951136779971 ], [ -115.242199330721633, 53.602951136779971 ], [ -115.242199330721633, 53.552951136779974 ] ] ] } },
{ "type": "Feature", "properties": { "value": 1, "label": "AQHI 1", "color": "#01cbff", "timestamp": "2026-09-30 07:00:00", "generated_at": "2026-09-30T13:31:09.486326", "nearest_km": 20.135333201552324, "n_points": 13, "weight_sum": 0.0050843478980685591, "confidence": "High", "flagged": false }, "geometry": { "type": "Polygon", "coordinates": [ [ [ -115.192199330721635, 53.552951136779974 ], [ -115.142199330721638, 53.552951136779974 ], [ -115.142199330721638, 53.602951136779971 ], [ -115.192199330721635, 53.602951136779971 ], [ -115.192199330721635, 53.552951136779974 ] ] ] } },
{ "type": "Feature", "properties": { "value": 1, "label": "AQHI 1", "color": "#01cbff", "timestamp": "2026-09-30 07:00:00", "generated_at": "2026-09-30T13:31:09.486326", "nearest_km": 14.899825916950148, "n_points": 13, "weight_sum": 0.0080096335372740312, "confidence": "High", "flagged": false }, "geometry": { "type": "Polygon", "coordinates": [ [ [ -115.142199330721638, 53.552951136779974 ], [ -115.092199330721641, 53.552951136779974 ], [ -115.092199330721641, 53.602951136779971 ], [ -115.142199330721638, 53.602951136779971 ], [ -115.142199330721638, 53.552951136779974 ] ] ] } },
{ "type": "Feature", "properties": { "value": 1, "label": "AQHI 1", "color": "#01cbff", "timestamp": "2026-09-30 07:00:00", "generated_at": "2026-09-30T13:31:09.486326", "nearest_km": 10.009144897207564, "n_points": 13, "weight_sum": 0.01526489593138663, "confidence": "High", "flagged": false }, "geometry": { "type": "Polygon", "coordinates": [ [ [ -115.092199330721641, 53.552951136779974 ], [ -115.042199330721644, 53.552951136779974 ], [ -115.042199330721644, 53.602951136779971 ], [ -115.092199330721641, 53.602951136779971 ], [ -115.092199330721641, 53.552951136779974 ] ] ] } },
{ "type": "Feature", "properties": { "value": 1, "label": "AQHI 1", "color": "#01cbff", "timestamp": "2026-09-30 07:00:00", "generated_at": "2026-09-30T13:31:09.486326", "nearest_km": 6.3218787390431785, "n_points": 12, "weight_sum": 0.037314111012796566, "confidence": "High", "flagged": false }, "geometry": { "type": "Polygon", "coordinates": [ [ [ -115.042199330721644, 53.552951136779974 ], [ -114.992199330721647, 53.552951136779974 ], [ -114.992199330721647, 53.602951136779971 ], [ -115.042199330721644, 53.602951136779971 ], [ -115.042199330721644, 53.552951136779974 ] ] ] } },
{ "type": "Feature", "properties": { "value": 1, "label": "AQHI 1", "color": "#01cbff", "timestamp": "2026-09-30 07:00:00", "generated_at": "2026-09-30T13:31:09.486326", "nearest_km": 4.4756402996309719, "n_points": 11, "weight_sum": 0.079051070325807576, "confidence": "High", "flagged": false }, "geometry": { "type": "Polygon", "coordinates": [ [ [ -114.992199330721647, 53.552951136779974 ], [ -114.94219933072165, 53.552951136779974 ], [ -114.94219933072165, 53.602951136779971 ], [ -114.992199330721647, 53.602951136779971 ], [ -114.992199330721647, 53.552951136779974 ] ] ] } },
{ "type": "Feature", "properties": { "value": 1, "label": "AQHI 1", "color": "#01cbff", "timestamp": "2026-09-30 07:00:00", "generated_at": "2026-09-30T13:31:09.486326", "nearest_km": 5.5387657311091623, "n_points": 12, "weight_sum": 0.046520299117627083, "confidence": "High", "flagged": false }, "geometry": { "type": "Polygon", "coordinates": [ [ [ -114.94219933072165, 53.552951136779974 ], [ -114.892199330721652, 53.552951136779974 ], [ -114.892199330721652, 53.602951136779971 ], [ -114.94219933072165, 53.602951136779971 ], [ -114.94219933072165, 53.552951136779974 ] ] ] } },
{ "type": "Feature", "properties": { "value": 1, "label": "AQHI 1", "color": "#01cbff", "timestamp": "2026-09-30 07:00:00", "generated_at": "2026-09-30T13:31:09.486326", "nearest_km": 9.8624335202806002, "n_points": 12, "weight_sum": 0.017052511855579038, "confidence": "High", "flagged": false }, "geometry": { "type": "Polygon", "coordinates": [ [ [ -114.892199330721652, 53.552951136779974 ], [ -114.842199330721655, 53.552951136779974 ], [ -114.842199330721655, 53.602951136779971 ], [ -114.892199330721652, 53.602951136779971 ], [ -114.892199330721652, 53.552951136779974 ] ] ] } },
{ "type": "Feature", "properties": { "value": 1, "label": "AQHI 1", "color": "#01cbff", "timestamp": "2026-09-30 07:00:00", "generated_at": "2026-09-30T13:31:09.486326", "nearest_km": 92.381489914798792, "n_points": 7, "weight_sum": 0.00049747841911403621, "confidence": "Low", "flagged": false }, "geometry": { "type": "Polygon", "coordinates": [ [ [ -118.492199330721448, 53.602951136779971 ], [ -118.442199330721451, 53.602951136779971 ], [ -118.442199330721451, 53.652951136779969 ], [ -118.492199330721448, 53.652951136779969 ], [ -118.492199330721448, 53.602951136779971 ] ] ] } },
{ "type": "Feature", "properties": { "value": 1, "label": "AQHI 1", "color": "#01cbff", "timestamp": "2026-09-30 07:00:00", "generated_at": "2026-09-30T13:31:09.486326", "nearest_km": 89.840784766698292, "n_points": 7, "weight_sum": 0.00053559758555523317, "confidence": "Low", "flagged": false }, "geometry": { "type": "Polygon", "coordinates": [ [ [ -118.442199330721451, 53.602951136779971 ], [ -118.392199330721454, 53.602951136779971 ], [ -118.392199330721454, 53.652951136779969 ], [ -118.442199330721451, 53.652951136779969 ], [ -118.442199330721451, 53.602951136779971 ] ] ] } },
{ "type": "Feature", "properties": { "value": 1, "label": "AQHI 1", "color": "#01cbff", "timestamp": "2026-09-30 07:00:00", "generated_at": "2026-09-30T13:31:09.486326", "nearest_km": 87.541489750200597, "n_points": 7, "weight_sum": 0.00057670906143846316, "confidence": "Low", "flagged": false }, "geometry": { "type": "Polygon", "coordinates": [ [ [ -118.392199330721454, 53.602951136779971 ], [ -118.342199330721456, 53.602951136779971 ], [ -118.342199330721456, 53.652951136779969 ], [ -118.392199330721454, 53.652951136779969 ], [ -118.392199330721454, 53.602951136779971 ] ] ] } },
{ "type": "Feature", "properties": { "value": 1, "label": "AQHI 1", "color": "#01cbff", "timestamp": "2026-09-30 07:00:00", "generated_at": "2026-09-30T13:31:09.486326", "nearest_km": 85.530986962635865, "n_points": 9, "weight_sum": 0.00068929038796407683, "confidence": "Low", "flagged": false }, "geometry": { "type": "Polygon", "coordinates": [ [ [ -118.342199330721456, 53.602951136779971 ], [ -118.292199330721459, 53.602951136779971 ], [ -118.292199330721459, 53.652951136779969 ], [ -118.342199330721456, 53.652951136779969 ], [ -118.342199330721456, 53.602951136779971 ] ] ] } },
{ "type": "Feature", "properties": { "value": 1, "label": "AQHI 1", "color": "#01cbff", "timestamp": "2026-09-30 07:00:00", "generated_at": "2026-09-30T13:31:09.486326", "nearest_km": 81.935357757805619, "n_points": 9, "weight_sum": 0.00074268627585907809, "confidence": "Low", "flagged": false }, "geometry": { "type": "Polygon", "coordinates": [ [ [ -118.292199330721459, 53.602951136779971 ], [ -118.242199330721462, 53.602951136779971 ], [ -118.242199330721462, 53.652951136779969 ], [ -118.292199330721459, 53.652951136779969 ], [ -118.292199330721459, 53.602951136779971 ] ] ] } },
{ "type": "Feature", "properties": { "value": 1, "label": "AQHI 1", "color": "#01cbff", "timestamp": "2026-09-30 07:00:00", "generated_at": "2026-09-30T13:31:09.486326", "nearest_km": 76.631474027175869, "n_points": 9, "weight_sum": 0.00080146600378600593, "confidence": "Low", "flagged": false }, "geometry": { "type": "Polygon", "coordinates": [ [ [ -118.242199330721462, 53.602951136779971 ], [ -118.192199330721465, 53.602951136779971 ], [ -118.192199330721465, 53.652951136779969 ], [ -118.242199330721462, 53.652951136779969 ], [ -118.242199330721462, 53.602951136779971 ] ] ] } },
{ "type": "Feature", "properties": { "value": 1, "label": "AQHI 1", "color": "#01cbff", "timestamp": "2026-09-30 07:00:00", "generated_at": "2026-09-30T13:31:09.486326", "nearest_km": 71.365031859138512, "n_points": 9, "weight_sum": 0.0008671715310940816, "confidence": "Medium", "flagged": false }, "geometry": { "type": "Polygon", "coordinates": [ [ [ -118.192199330721465, 53.602951136779971 ], [ -118.142199330721468, 53.602951136779971 ], [ -118.142199330721468, 53.652951136779969 ], [ -118.192199330721465, 53.652951136779969 ], [ -118.192199330721465, 53.602951136779971 ] ] ] } },
{ "type": "Feature", "properties": { "value": 1, "label": "AQHI 1", "color": "#01cbff", "timestamp": "2026-09-30 07:00:00", "generated_at": "2026-09-30T13:31:09.486326", "nearest_km": 66.144975114773246, "n_points": 9, "weight_sum": 0.000942167083336342, "confidence": "Medium", "flagged": false }, "geometry": { "type": "Polygon", "coordinates": [ [ [ -118.142199330721468, 53.602951136779971 ], [ -118.092199330721471, 53.602951136779971 ], [ -118.092199330721471, 53.652951136779969 ], [ -118.142199330721468, 53.652951136779969 ], [ -118.142199330721468, 53.602951136779971 ] ] ] } },
{ "type": "Feature", "properties": { "value": 1, "label": "AQHI 1", "color": "#01cbff", "timestamp": "2026-09-30 07:00:00", "generated_at": "2026-09-30T13:31:09.486326", "nearest_km": 60.983216491196011, "n_points": 9, "weight_sum": 0.0010300072831991064, "confidence": "Medium", "flagged": false }, "geometry": { "type": "Polygon", "coordinates": [ [ [ -118.092199330721471, 53.602951136779971 ], [ -118.042199330721473, 53.602951136779971 ], [ -118.042199330721473, 53.652951136779969 ], [ -118.092199330721471, 53.652951136779969 ], [ -118.092199330721471, 53.602951136779971 ] ] ] } },
{ "type": "Feature", "properties": { "value": 1, "label": "AQHI 1", "color": "#01cbff", "timestamp": "2026-09-30 07:00:00", "generated_at": "2026-09-30T13:31:09.486326", "nearest_km": 55.895909101562921, "n_points": 9, "weight_sum": 0.0011359479382287375, "confidence": "Medium", "flagged": false }, "geometry": { "type": "Polygon", "coordinates": [ [ [ -118.042199330721473, 53.602951136779971 ], [ -117.992199330721476, 53.602951136779971 ], [ -117.992199330721476, 53.652951136779969 ], [ -118.042199330721473, 53.652951136779969 ], [ -118.042199330721473, 53.602951136779971 ] ] ] } },
{ "type": "Feature", "properties": { "value": 1, "label": "AQHI 1", "color": "#01cbff", "timestamp": "2026-09-30 07:00:00", "generated_at": "2026-09-30T13:31:09.486326", "nearest_km": 50.905379037664382, "n_points": 9, "weight_sum": 0.0012676635941753812, "confidence": "Medium", "flagged": false }, "geometry": { "type": "Polygon", "coordinates": [ [ [ -117.992199330721476, 53.602951136779971 ], [ -117.942199330721479, 53.602951136779971 ], [ -117.942199330721479, 53.652951136779969 ], [ -117.992199330721476, 53.652951136779969 ], [ -117.992199330721476, 53.602951136779971 ] ] ] } },
{ "type": "Feature", "properties": { "value": 1, "label": "AQHI 1", "color": "#01cbff", "timestamp": "2026-09-30 07:00:00", "generated_at": "2026-09-30T13:31:09.486326", "nearest_km": 46.043105625558844, "n_points": 9, "weight_sum": 0.0014362486880956499, "confidence": "Medium", "flagged": false }, "geometry": { "type": "Polygon", "coordinates": [ [ [ -117.942199330721479, 53.602951136779971 ], [ -117.892199330721482, 53.602951136779971 ], [ -117.892199330721482, 53.652951136779969 ], [ -117.942199330721479, 53.652951136779969 ], [ -117.942199330721479, 53.602951136779971 ] ] ] } },
{ "type": "Feature", "properties": { "value": 2, "label": "AQHI 2", "color": "#0099cb", "timestamp": "2026-09-30 07:00:00", "generated_at": "2026-09-30T13:31:09.486326", "nearest_km": 41.354353293510115, "n_points": 10, "weight_sum": 0.0017026041039934767, "confidence": "Medium", "flagged": false }, "geometry": { "type": "Polygon", "coordinates": [ [ [ -117.892199330721482, 53.602951136779971 ], [ -117.842199330721485, 53.602951136779971 ], [ -117.842199330721485, 53.652951136779969 ], [ -117.892199330721482, 53.652951136779969 ], [ -117.892199330721482, 53.602951136779971 ] ] ] } },
{ "type": "Feature", "properties": { "value": 2, "label": "AQHI 2", "color": "#0099cb", "timestamp": "2026-09-30 07:00:00", "generated_at": "2026-09-30T13:31:09.486326", "nearest_km": 36.905318004354406, "n_points": 10, "weight_sum": 0.002001250587345794, "confidence": "Medium", "flagged": false }, "geometry": { "type": "Polygon", "coordinates": [ [ [ -117.842199330721485, 53.602951136779971 ], [ -117.792199330721488, 53.602951136779971 ], [ -117.792199330721488, 53.652951136779969 ], [ -117.842199330721485, 53.652951136779969 ], [ -117.842199330721485, 53.602951136779971 ] ] ] } },
{ "type": "Feature", "properties": { "value": 2, "label": "AQHI 2", "color": "#0099cb", "timestamp": "2026-09-30 07:00:00", "generated_at": "2026-09-30T13:31:09.486326", "nearest_km": 32.793710642142848, "n_points": 11, "weight_sum": 0.002424820764964951, "confidence": "Medium", "flagged": false }, "geometry": { "type": "Polygon", "coordinates": [ [ [ -117.792199330721488, 53.602951136779971 ], [ -117.74219933072149, 53.602951136779971 ], [ -117.74219933072149, 53.652951136779969 ], [ -117.792199330721488, 53.652951136779969 ], [ -117.792199330721488, 53.602951136779971 ] ] ] } },
{ "type": "Feature", "properties": { "value": 2, "label": "AQHI 2", "color": "#0099cb", "timestamp": "2026-09-30 07:00:00", "generated_at": "2026-09-30T13:31:09.486326", "nearest_km": 29.162603079263242, "n_points": 13, "weight_sum": 0.0030262790840088422, "confidence": "Medium", "flagged": false }, "geometry": { "type": "Polygon", "coordinates": [ [ [ -117.74219933072149, 53.602951136779971 ], [ -117.692199330721493, 53.602951136779971 ], [ -117.692199330721493, 53.652951136779969 ], [ -117.74219933072149, 53.652951136779969 ], [ -117.74219933072149, 53.602951136779971 ] ] ] } },
{ "type": "Feature", "properties": { "value": 1, "label": "AQHI 1", "color": "#01cbff", "timestamp": "2026-09-30 07:00:00", "generated_at": "2026-09-30T13:31:09.486326", "nearest_km": 25.504921668896085, "n_points": 13, "weight_sum": 0.0037007402698945504, "confidence": "Medium", "flagged": false }, "geometry": { "type": "Polygon", "coordinates": [ [ [ -117.692199330721493, 53.602951136779971 ], [ -117.642199330721496, 53.602951136779971 ], [ -117.642199330721496, 53.652951136779969 ], [ -117.692199330721493, 53.652951136779969 ], [ -117.692199330721493, 53.602951136779971 ] ] ] } },
{ "type": "Feature", "properties": { "value": 1, "label": "AQHI 1", "color": "#01cbff", "timestamp": "2026-09-30 07:00:00", "generated_at": "2026-09-30T13:31:09.486326", "nearest_km": 22.333599903611105, "n_points": 13, "weight_sum": 0.0044398918442701343, "confidence": "High", "flagged": false }, "geometry": { "type": "Polygon", "coordinates": [ [ [ -117.642199330721496, 53.602951136779971 ], [ -117.592199330721499, 53.602951136779971 ], [ -117.592199330721499, 53.652951136779969 ], [ -117.642199330721496, 53.652951136779969 ], [ -117.642199330721496, 53.602951136779971 ] ] ] } },
{ "type": "Feature", "properties": { "value": 1, "label": "AQHI 1", "color": "#01cbff", "timestamp": "2026-09-30 07:00:00", "generated_at": "2026-09-30T13:31:09.486326", "nearest_km": 20.215917984910401, "n_points": 13, "weight_sum": 0.0050303390255596473, "confidence": "High", "flagged": false }, "geometry": { "type": "Polygon", "coordinates": [ [ [ -117.592199330721499, 53.602951136779971 ], [ -117.542199330721502, 53.602951136779971 ], [ -117.542199330721502, 53.652951136779969 ], [ -117.592199330721499, 53.652951136779969 ], [ -117.592199330721499, 53.602951136779971 ] ] ] } },
{ "type": "Feature", "properties": { "value": 1, "label": "AQHI 1", "color": "#01cbff", "timestamp": "2026-09-30 07:00:00", "generated_at": "2026-09-30T13:31:09.486326", "nearest_km": 19.498256211534986, "n_points": 13, "weight_sum": 0.0051715857151303198, "confidence": "High", "flagged": false }, "geometry": { "type": "Polygon", "coordinates": [ [ [ -117.542199330721502, 53.602951136779971 ], [ -117.492199330721505, 53.602951136779971 ], [ -117.492199330721505, 53.652951136779969 ], [ -117.542199330721502, 53.652951136779969 ], [ -117.542199330721502, 53.602951136779971 ] ] ] } },
{ "type": "Feature", "properties": { "value": 1, "label": "AQHI 1", "color": "#01cbff", "timestamp": "2026-09-30 07:00:00", "generated_at": "2026-09-30T13:31:09.486326", "nearest_km": 20.329428191877277, "n_points": 13, "weight_sum": 0.0047676541079174333, "confidence": "High", "flagged": false }, "geometry": { "type": "Polygon", "coordinates": [ [ [ -117.492199330721505, 53.602951136779971 ], [ -117.442199330721508, 53.602951136779971 ], [ -117.442199330721508, 53.652951136779969 ], [ -117.492199330721505, 53.652951136779969 ], [ -117.492199330721505, 53.602951136779971 ] ] ] } },
{ "type": "Feature", "properties": { "value": 1, "label": "AQHI 1", "color": "#01cbff", "timestamp": "2026-09-30 07:00:00", "generated_at": "2026-09-30T13:31:09.486326", "nearest_km": 22.538729021990555, "n_points": 13, "weight_sum": 0.0040739210089147529, "confidence": "High", "flagged": false }, "geometry": { "type": "Polygon", "coordinates": [ [ [ -117.442199330721508, 53.602951136779971 ], [ -117.39219933072151, 53.602951136779971 ], [ -117.39219933072151, 53.652951136779969 ], [ -117.442199330721508, 53.652951136779969 ], [ -117.442199330721508, 53.602951136779971 ] ] ] } },
{ "type": "Feature", "properties": { "value": 1, "label": "AQHI 1", "color": "#01cbff", "timestamp": "2026-09-30 07:00:00", "generated_at": "2026-09-30T13:31:09.486326", "nearest_km": 25.774172367793639, "n_points": 13, "weight_sum": 0.0033940347326073981, "confidence": "Medium", "flagged": false }, "geometry": { "type": "Polygon", "coordinates": [ [ [ -117.39219933072151, 53.602951136779971 ], [ -117.342199330721513, 53.602951136779971 ], [ -117.342199330721513, 53.652951136779969 ], [ -117.39219933072151, 53.652951136779969 ], [ -117.39219933072151, 53.602951136779971 ] ] ] } },
{ "type": "Feature", "properties": { "value": 1, "label": "AQHI 1", "color": "#01cbff", "timestamp": "2026-09-30 07:00:00", "generated_at": "2026-09-30T13:31:09.486326", "nearest_km": 29.70229985308794, "n_points": 13, "weight_sum": 0.0028584478099126917, "confidence": "Medium", "flagged": false }, "geometry": { "type": "Polygon", "coordinates": [ [ [ -117.342199330721513, 53.602951136779971 ], [ -117.292199330721516, 53.602951136779971 ], [ -117.292199330721516, 53.652951136779969 ], [ -117.342199330721513, 53.652951136779969 ], [ -117.342199330721513, 53.602951136779971 ] ] ] } },
{ "type": "Feature", "properties": { "value": 2, "label": "AQHI 2", "color": "#0099cb", "timestamp": "2026-09-30 07:00:00", "generated_at": "2026-09-30T13:31:09.486326", "nearest_km": 34.084457922647857, "n_points": 13, "weight_sum": 0.002473694831868373, "confidence": "Medium", "flagged": false }, "geometry": { "type": "Polygon", "coordinates": [ [ [ -117.292199330721516, 53.602951136779971 ], [ -117.242199330721519, 53.602951136779971 ], [ -117.242199330721519, 53.652951136779969 ], [ -117.292199330721516, 53.652951136779969 ], [ -117.292199330721516, 53.602951136779971 ] ] ] } },
{ "type": "Feature", "properties": { "value": 2, "label": "AQHI 2", "color": "#0099cb", "timestamp": "2026-09-30 07:00:00", "generated_at": "2026-09-30T13:31:09.486326", "nearest_km": 38.766982436072432, "n_points": 13, "weight_sum": 0.0022072791291580904, "confidence": "Medium", "flagged": false }, "geometry": { "type": "Polygon", "coordinates": [ [ [ -117.242199330721519, 53.602951136779971 ], [ -117.192199330721522, 53.602951136779971 ], [ -117.192199330721522, 53.652951136779969 ], [ -117.242199330721519, 53.652951136779969 ], [ -117.242199330721519, 53.602951136779971 ] ] ] } },
{ "type": "Feature", "properties": { "value": 2, "label": "AQHI 2", "color": "#0099cb", "timestamp": "2026-09-30 07:00:00", "generated_at": "2026-09-30T13:31:09.486326", "nearest_km": 43.653322697324413, "n_points": 14, "weight_sum": 0.0020482560414498787, "confidence": "Medium", "flagged": false }, "geometry": { "type": "Polygon", "coordinates": [ [ [ -117.192199330721522, 53.602951136779971 ], [ -117.142199330721525, 53.602951136779971 ], [ -117.142199330721525, 53.652951136779969 ], [ -117.192199330721522, 53.652951136779969 ], [ -117.192199330721522, 53.602951136779971 ] ] ] } },
{ "type": "Feature", "properties": { "value": 2, "label": "AQHI 2", "color": "#0099cb", "timestamp": "2026-09-30 07:00:00", "generated_at": "2026-09-30T13:31:09.486326", "nearest_km": 48.682144959263262, "n_points": 14, "weight_sum": 0.0019256519876365804, "confidence": "Medium", "flagged": false }, "geometry": { "type": "Polygon", "coordinates": [ [ [ -117.142199330721525, 53.602951136779971 ], [ -117.092199330721527, 53.602951136779971 ], [ -117.092199330721527, 53.652951136779969 ], [ -117.142199330721525, 53.652951136779969 ], [ -117.142199330721525, 53.602951136779971 ] ] ] } },
{ "type": "Feature", "properties": { "value": 2, "label": "AQHI 2", "color": "#0099cb", "timestamp": "2026-09-30 07:00:00", "generated_at": "2026-09-30T13:31:09.486326", "nearest_km": 52.220215915793609, "n_points": 14, "weight_sum": 0.0018433432720770947, "confidence": "Medium", "flagged": false }, "geometry": { "type": "Polygon", "coordinates": [ [ [ -117.092199330721527, 53.602951136779971 ], [ -117.04219933072153, 53.602951136779971 ], [ -117.04219933072153, 53.652951136779969 ], [ -117.092199330721527, 53.652951136779969 ], [ -117.092199330721527, 53.602951136779971 ] ] ] } },
{ "type": "Feature", "properties": { "value": 2, "label": "AQHI 2", "color": "#0099cb", "timestamp": "2026-09-30 07:00:00", "generated_at": "2026-09-30T13:31:09.486326", "nearest_km": 52.501547767757316, "n_points": 14, "weight_sum": 0.0017912739433987427, "confidence": "Medium", "flagged": false }, "geometry": { "type": "Polygon", "coordinates": [ [ [ -117.04219933072153, 53.602951136779971 ], [ -116.992199330721533, 53.602951136779971 ], [ -116.992199330721533, 53.652951136779969 ], [ -117.04219933072153, 53.652951136779969 ], [ -117.04219933072153, 53.602951136779971 ] ] ] } },
{ "type": "Feature", "properties": { "value": 2, "label": "AQHI 2", "color": "#0099cb", "timestamp": "2026-09-30 07:00:00", "generated_at": "2026-09-30T13:31:09.486326", "nearest_km": 53.36177551139108, "n_points": 13, "weight_sum": 0.0017444213664296819, "confidence": "Medium", "flagged": false }, "geometry": { "type": "Polygon", "coordinates": [ [ [ -116.992199330721533, 53.602951136779971 ], [ -116.942199330721536, 53.602951136779971 ], [ -116.942199330721536, 53.652951136779969 ], [ -116.992199330721533, 53.652951136779969 ], [ -116.992199330721533, 53.602951136779971 ] ] ] } },
{ "type": "Feature", "properties": { "value": 2, "label": "AQHI 2", "color": "#0099cb", "timestamp": "2026-09-30 07:00:00", "generated_at": "2026-09-30T13:31:09.486326", "nearest_km": 54.773631004764354, "n_points": 11, "weight_sum": 0.0016840094314132298, "confidence": "Medium", "flagged": false }, "geometry": { "type": "Polygon", "coordinates": [ [ [ -116.942199330721536, 53.602951136779971 ], [ -116.892199330721539, 53.602951136779971 ], [ -116.892199330721539, 53.652951136779969 ], [ -116.942199330721536, 53.652951136779969 ], [ -116.942199330721536, 53.602951136779971 ] ] ] } },
{ "type": "Feature", "properties": { "value": 2, "label": "AQHI 2", "color": "#0099cb", "timestamp": "2026-09-30 07:00:00", "generated_at": "2026-09-30T13:31:09.486326", "nearest_km": 49.847859148079579, "n_points": 10, "weight_sum": 0.0017104741580745732, "confidence": "Medium", "flagged": false }, "geometry": { "type": "Polygon", "coordinates": [ [ [ -116.892199330721539, 53.602951136779971 ], [ -116.842199330721542, 53.602951136779971 ], [ -116.842199330721542, 53.652951136779969 ], [ -116.892199330721539, 53.652951136779969 ], [ -116.892199330721539, 53.602951136779971 ] ] ] } },
{ "type": "Feature", "properties": { "value": 2, "label": "AQHI 2", "color": "#0099cb", "timestamp": "2026-09-30 07:00:00", "generated_at": "2026-09-30T13:31:09.486326", "nearest_km": 44.306626380991752, "n_points": 10, "weight_sum": 0.0018130466782295012, "confidence": "Medium", "flagged": false }, "geometry": { "type": "Polygon", "coordinates": [ [ [ -116.842199330721542, 53.602951136779971 ], [ -116.792199330721544, 53.602951136779971 ], [ -116.792199330721544, 53.652951136779969 ], [ -116.842199330721542, 53.652951136779969 ], [ -116.842199330721542, 53.602951136779971 ] ] ] } },
{ "type": "Feature", "properties": { "value": 2, "label": "AQHI 2", "color": "#0099cb", "timestamp": "2026-09-30 07:00:00", "generated_at": "2026-09-30T13:31:09.486326", "nearest_km": 38.767901940687999, "n_points": 10, "weight_sum": 0.001997355219507778, "confidence": "Medium", "flagged": false }, "geometry": { "type": "Polygon", "coordinates": [ [ [ -116.792199330721544, 53.602951136779971 ], [ -116.742199330721547, 53.602951136779971 ], [ -116.742199330721547, 53.652951136779969 ], [ -116.792199330721544, 53.652951136779969 ], [ -116.792199330721544, 53.602951136779971 ] ] ] } },
{ "type": "Feature", "properties": { "value": 2, "label": "AQHI 2", "color": "#0099cb", "timestamp": "2026-09-30 07:00:00", "generated_at": "2026-09-30T13:31:09.486326", "nearest_km": 33.232939991833391, "n_points": 10, "weight_sum": 0.0023142406481261898, "confidence": "Medium", "flagged": false }, "geometry": { "type": "Polygon", "coordinates": [ [ [ -116.742199330721547, 53.602951136779971 ], [ -116.69219933072155, 53.602951136779971 ], [ -116.69219933072155, 53.652951136779969 ], [ -116.742199330721547, 53.652951136779969 ], [ -116.742199330721547, 53.602951136779971 ] ] ] } },
{ "type": "Feature", "properties": { "value": 2, "label": "AQHI 2", "color": "#0099cb", "timestamp": "2026-09-30 07:00:00", "generated_at": "2026-09-30T13:31:09.486326", "nearest_km": 27.703995742830873, "n_points": 10, "weight_sum": 0.0028645968974080559, "confidence": "Medium", "flagged": false }, "geometry": { "type": "Polygon", "coordinates": [ [ [ -116.69219933072155, 53.602951136779971 ], [ -116.642199330721553, 53.602951136779971 ], [ -116.642199330721553, 53.652951136779969 ], [ -116.69219933072155, 53.652951136779969 ], [ -116.69219933072155, 53.602951136779971 ] ] ] } },
{ "type": "Feature", "properties": { "value": 2, "label": "AQHI 2", "color": "#0099cb", "timestamp": "2026-09-30 07:00:00", "generated_at": "2026-09-30T13:31:09.486326", "nearest_km": 22.185568726917417, "n_points": 10, "weight_sum": 0.0038746831977914493, "confidence": "High", "flagged": false }, "geometry": { "type": "Polygon", "coordinates": [ [ [ -116.642199330721553, 53.602951136779971 ], [ -116.592199330721556, 53.602951136779971 ], [ -116.592199330721556, 53.652951136779969 ], [ -116.642199330721553, 53.652951136779969 ], [ -116.642199330721553, 53.602951136779971 ] ] ] } },
{ "type": "Feature", "properties": { "value": 2, "label": "AQHI 2", "color": "#0099cb", "timestamp": "2026-09-30 07:00:00", "generated_at": "2026-09-30T13:31:09.486326", "nearest_km": 16.688095737823236, "n_points": 9, "weight_sum": 0.0059254888086084402, "confidence": "High", "flagged": false }, "geometry": { "type": "Polygon", "coordinates": [ [ [ -116.592199330721556, 53.602951136779971 ], [ -116.542199330721559, 53.602951136779971 ], [ -116.542199330721559, 53.652951136779969 ], [ -116.592199330721556, 53.652951136779969 ], [ -116.592199330721556, 53.602951136779971 ] ] ] } },
{ "type": "Feature", "properties": { "value": 2, "label": "AQHI 2", "color": "#0099cb", "timestamp": "2026-09-30 07:00:00", "generated_at": "2026-09-30T13:31:09.486326", "nearest_km": 11.242358247837728, "n_points": 9, "weight_sum": 0.011166697016110512, "confidence": "High", "flagged": false }, "geometry": { "type": "Polygon", "coordinates": [ [ [ -116.542199330721559, 53.602951136779971 ], [ -116.492199330721562, 53.602951136779971 ], [ -116.492199330721562, 53.652951136779969 ], [ -116.542199330721559, 53.652951136779969 ], [ -116.542199330721559, 53.602951136779971 ] ] ] } },
{ "type": "Feature", "properties": { "value": 2, "label": "AQHI 2", "color": "#0099cb", "timestamp": "2026-09-30 07:00:00", "generated_at": "2026-09-30T13:31:09.486326", "nearest_km": 5.9911350002056309, "n_points": 9, "weight_sum": 0.031719746021577934, "confidence": "High", "flagged": false }, "geometry": { "type": "Polygon", "coordinates": [ [ [ -116.492199330721562, 53.602951136779971 ], [ -116.442199330721564, 53.602951136779971 ], [ -116.442199330721564, 53.652951136779969 ], [ -116.492199330721562, 53.652951136779969 ], [ -116.492199330721562, 53.602951136779971 ] ] ] } },
{ "type": "Feature", "properties": { "value": 2, "label": "AQHI 2", "color": "#0099cb", "timestamp": "2026-09-30 07:00:00", "generated_at": "2026-09-30T13:31:09.486326", "nearest_km": 2.2373731329533437, "n_points": 9, "weight_sum": 0.20392298944169626, "confidence": "High", "flagged": false }, "geometry": { "type": "Polygon", "coordinates": [ [ [ -116.442199330721564, 53.602951136779971 ], [ -116.392199330721567, 53.602951136779971 ], [ -116.392199330721567, 53.652951136779969 ], [ -116.442199330721564, 53.652951136779969 ], [ -116.442199330721564, 53.602951136779971 ] ] ] } },
{ "type": "Feature", "properties": { "value": 2, "label": "AQHI 2", "color": "#0099cb", "timestamp": "2026-09-30 07:00:00", "generated_at": "2026-09-30T13:31:09.486326", "nearest_km": 1.0387430363982866, "n_points": 9, "weight_sum": 0.97005233541529534, "confidence": "High", "flagged": false }, "geometry": { "type": "Polygon", "coordinates": [ [ [ -116.392199330721567, 53.602951136779971 ], [ -116.34219933072157, 53.602951136779971 ], [ -116.34219933072157, 53.652951136779969 ], [ -116.392199330721567, 53.652951136779969 ], [ -116.392199330721567, 53.602951136779971 ] ] ] } },
{ "type": "Feature", "properties": { "value": 2, "label": "AQHI 2", "color": "#0099cb", "timestamp": "2026-09-30 07:00:00", "generated_at": "2026-09-30T13:31:09.486326", "nearest_km": 5.709156287371016, "n_points": 11, "weight_sum": 0.040564878144843892, "confidence": "High", "flagged": false }, "geometry": { "type": "Polygon", "coordinates": [ [ [ -116.34219933072157, 53.602951136779971 ], [ -116.292199330721573, 53.602951136779971 ], [ -116.292199330721573, 53.652951136779969 ], [ -116.34219933072157, 53.652951136779969 ], [ -116.34219933072157, 53.602951136779971 ] ] ] } },
{ "type": "Feature", "properties": { "value": 2, "label": "AQHI 2", "color": "#0099cb", "timestamp": "2026-09-30 07:00:00", "generated_at": "2026-09-30T13:31:09.486326", "nearest_km": 11.212267564216575, "n_points": 13, "weight_sum": 0.012559792056442467, "confidence": "High", "flagged": false }, "geometry": { "type": "Polygon", "coordinates": [ [ [ -116.292199330721573, 53.602951136779971 ], [ -116.242199330721576, 53.602951136779971 ], [ -116.242199330721576, 53.652951136779969 ], [ -116.292199330721573, 53.652951136779969 ], [ -116.292199330721573, 53.602951136779971 ] ] ] } },
{ "type": "Feature", "properties": { "value": 2, "label": "AQHI 2", "color": "#0099cb", "timestamp": "2026-09-30 07:00:00", "generated_at": "2026-09-30T13:31:09.486326", "nearest_km": 16.74635549454063, "n_points": 14, "weight_sum": 0.0064680500120471449, "confidence": "High", "flagged": false }, "geometry": { "type": "Polygon", "coordinates": [ [ [ -116.242199330721576, 53.602951136779971 ], [ -116.192199330721579, 53.602951136779971 ], [ -116.192199330721579, 53.652951136779969 ], [ -116.242199330721576, 53.652951136779969 ], [ -116.242199330721576, 53.602951136779971 ] ] ] } },
{ "type": "Feature", "properties": { "value": 2, "label": "AQHI 2", "color": "#0099cb", "timestamp": "2026-09-30 07:00:00", "generated_at": "2026-09-30T13:31:09.486326", "nearest_km": 22.288357964809165, "n_points": 13, "weight_sum": 0.0041638204554666327, "confidence": "High", "flagged": false }, "geometry": { "type": "Polygon", "coordinates": [ [ [ -116.192199330721579, 53.602951136779971 ], [ -116.142199330721581, 53.602951136779971 ], [ -116.142199330721581, 53.652951136779969 ], [ -116.192199330721579, 53.652951136779969 ], [ -116.192199330721579, 53.602951136779971 ] ] ] } },
{ "type": "Feature", "properties": { "value": 2, "label": "AQHI 2", "color": "#0099cb", "timestamp": "2026-09-30 07:00:00", "generated_at": "2026-09-30T13:31:09.486326", "nearest_km": 27.83354772905183, "n_points": 13, "weight_sum": 0.0031726113776860743, "confidence": "Medium", "flagged": false }, "geometry": { "type": "Polygon", "coordinates": [ [ [ -116.142199330721581, 53.602951136779971 ], [ -116.092199330721584, 53.602951136779971 ], [ -116.092199330721584, 53.652951136779969 ], [ -116.142199330721581, 53.652951136779969 ], [ -116.142199330721581, 53.602951136779971 ] ] ] } },
{ "type": "Feature", "properties": { "value": 2, "label": "AQHI 2", "color": "#0099cb", "timestamp": "2026-09-30 07:00:00", "generated_at": "2026-09-30T13:31:09.486326", "nearest_km": 24.622332445273202, "n_points": 13, "weight_sum": 0.0028040877759733292, "confidence": "High", "flagged": false }, "geometry": { "type": "Polygon", "coordinates": [ [ [ -116.092199330721584, 53.602951136779971 ], [ -116.042199330721587, 53.602951136779971 ], [ -116.042199330721587, 53.652951136779969 ], [ -116.092199330721584, 53.652951136779969 ], [ -116.092199330721584, 53.602951136779971 ] ] ] } },
{ "type": "Feature", "properties": { "value": 1, "label": "AQHI 1", "color": "#01cbff", "timestamp": "2026-09-30 07:00:00", "generated_at": "2026-09-30T13:31:09.486326", "nearest_km": 19.09310612926831, "n_points": 13, "weight_sum": 0.0029576892856195388, "confidence": "High", "flagged": false }, "geometry": { "type": "Polygon", "coordinates": [ [ [ -116.042199330721587, 53.602951136779971 ], [ -115.99219933072159, 53.602951136779971 ], [ -115.99219933072159, 53.652951136779969 ], [ -116.042199330721587, 53.652951136779969 ], [ -116.042199330721587, 53.602951136779971 ] ] ] } },
{ "type": "Feature", "properties": { "value": 1, "label": "AQHI 1", "color": "#01cbff", "timestamp": "2026-09-30 07:00:00", "generated_at": "2026-09-30T13:31:09.486326", "nearest_km": 13.580837539763367, "n_points": 14, "weight_sum": 0.0040663508520094992, "confidence": "High", "flagged": false }, "geometry": { "type": "Polygon", "coordinates": [ [ [ -115.99219933072159, 53.602951136779971 ], [ -115.942199330721593, 53.602951136779971 ], [ -115.942199330721593, 53.652951136779969 ], [ -115.99219933072159, 53.652951136779969 ], [ -115.99219933072159, 53.602951136779971 ] ] ] } },
{ "type": "Feature", "properties": { "value": 1, "label": "AQHI 1", "color": "#01cbff", "timestamp": "2026-09-30 07:00:00", "generated_at": "2026-09-30T13:31:09.486326", "nearest_km": 8.1201351527780474, "n_points": 14, "weight_sum": 0.0087717606671558583, "confidence": "High", "flagged": false }, "geometry": { "type": "Polygon", "coordinates": [ [ [ -115.942199330721593, 53.602951136779971 ], [ -115.892199330721596, 53.602951136779971 ], [ -115.892199330721596, 53.652951136779969 ], [ -115.942199330721593, 53.652951136779969 ], [ -115.942199330721593, 53.602951136779971 ] ] ] } },
{ "type": "Feature", "properties": { "value": 1, "label": "AQHI 1", "color": "#01cbff", "timestamp": "2026-09-30 07:00:00", "generated_at": "2026-09-30T13:31:09.486326", "nearest_km": 3.0064998781491008, "n_points": 15, "weight_sum": 0.0564167752299378, "confidence": "High", "flagged": false }, "geometry": { "type": "Polygon", "coordinates": [ [ [ -115.892199330721596, 53.602951136779971 ], [ -115.842199330721598, 53.602951136779971 ], [ -115.842199330721598, 53.652951136779969 ], [ -115.892199330721596, 53.652951136779969 ], [ -115.892199330721596, 53.602951136779971 ] ] ] } },
{ "type": "Feature", "properties": { "value": 1, "label": "AQHI 1", "color": "#01cbff", "timestamp": "2026-09-30 07:00:00", "generated_at": "2026-09-30T13:31:09.486326", "nearest_km": 3.7076256735588022, "n_points": 15, "weight_sum": 0.03740543308683849, "confidence": "High", "flagged": false }, "geometry": { "type": "Polygon", "coordinates": [ [ [ -115.842199330721598, 53.602951136779971 ], [ -115.792199330721601, 53.602951136779971 ], [ -115.792199330721601, 53.652951136779969 ], [ -115.842199330721598, 53.652951136779969 ], [ -115.842199330721598, 53.602951136779971 ] ] ] } },
{ "type": "Feature", "properties": { "value": 1, "label": "AQHI 1", "color": "#01cbff", "timestamp": "2026-09-30 07:00:00", "generated_at": "2026-09-30T13:31:09.486326", "nearest_km": 8.9475658563179721, "n_points": 13, "weight_sum": 0.007176390292127563, "confidence": "High", "flagged": false }, "geometry": { "type": "Polygon", "coordinates": [ [ [ -115.792199330721601, 53.602951136779971 ], [ -115.742199330721604, 53.602951136779971 ], [ -115.742199330721604, 53.652951136779969 ], [ -115.792199330721601, 53.652951136779969 ], [ -115.792199330721601, 53.602951136779971 ] ] ] } },
{ "type": "Feature", "properties": { "value": 1, "label": "AQHI 1", "color": "#01cbff", "timestamp": "2026-09-30 07:00:00", "generated_at": "2026-09-30T13:31:09.486326", "nearest_km": 14.421386249978015, "n_points": 13, "weight_sum": 0.0033273627243363968, "confidence": "High", "flagged": false }, "geometry": { "type": "Polygon", "coordinates": [ [ [ -115.742199330721604, 53.602951136779971 ], [ -115.692199330721607, 53.602951136779971 ], [ -115.692199330721607, 53.652951136779969 ], [ -115.742199330721604, 53.652951136779969 ], [ -115.742199330721604, 53.602951136779971 ] ] ] } },
{ "type": "Feature", "properties": { "value": 1, "label": "AQHI 1", "color": "#01cbff", "timestamp": "2026-09-30 07:00:00", "generated_at": "2026-09-30T13:31:09.486326", "nearest_km": 19.937372645084299, "n_points": 12, "weight_sum": 0.0021532500799798654, "confidence": "High", "flagged": false }, "geometry": { "type": "Polygon", "coordinates": [ [ [ -115.692199330721607, 53.602951136779971 ], [ -115.64219933072161, 53.602951136779971 ], [ -115.64219933072161, 53.652951136779969 ], [ -115.692199330721607, 53.652951136779969 ], [ -115.692199330721607, 53.602951136779971 ] ] ] } },
{ "type": "Feature", "properties": { "value": 1, "label": "AQHI 1", "color": "#01cbff", "timestamp": "2026-09-30 07:00:00", "generated_at": "2026-09-30T13:31:09.486326", "nearest_km": 25.468142346995972, "n_points": 12, "weight_sum": 0.0017071956639190355, "confidence": "Medium", "flagged": false }, "geometry": { "type": "Polygon", "coordinates": [ [ [ -115.64219933072161, 53.602951136779971 ], [ -115.592199330721613, 53.602951136779971 ], [ -115.592199330721613, 53.652951136779969 ], [ -115.64219933072161, 53.652951136779969 ], [ -115.64219933072161, 53.602951136779971 ] ] ] } },
{ "type": "Feature", "properties": { "value": 1, "label": "AQHI 1", "color": "#01cbff", "timestamp": "2026-09-30 07:00:00", "generated_at": "2026-09-30T13:31:09.486326", "nearest_km": 31.005785286374159, "n_points": 12, "weight_sum": 0.0015222856324163851, "confidence": "Medium", "flagged": false }, "geometry": { "type": "Polygon", "coordinates": [ [ [ -115.592199330721613, 53.602951136779971 ], [ -115.542199330721616, 53.602951136779971 ], [ -115.542199330721616, 53.652951136779969 ], [ -115.592199330721613, 53.652951136779969 ], [ -115.592199330721613, 53.602951136779971 ] ] ] } },
{ "type": "Feature", "properties": { "value": 1, "label": "AQHI 1", "color": "#01cbff", "timestamp": "2026-09-30 07:00:00", "generated_at": "2026-09-30T13:31:09.486326", "nearest_km": 36.547177289670621, "n_points": 12, "weight_sum": 0.0014716825868304497, "confidence": "Medium", "flagged": false }, "geometry": { "type": "Polygon", "coordinates": [ [ [ -115.542199330721616, 53.602951136779971 ], [ -115.492199330721618, 53.602951136779971 ], [ -115.492199330721618, 53.652951136779969 ], [ -115.542199330721616, 53.652951136779969 ], [ -115.542199330721616, 53.602951136779971 ] ] ] } },
{ "type": "Feature", "properties": { "value": 1, "label": "AQHI 1", "color": "#01cbff", "timestamp": "2026-09-30 07:00:00", "generated_at": "2026-09-30T13:31:09.486326", "nearest_km": 42.090837654535804, "n_points": 13, "weight_sum": 0.0015578823443570774, "confidence": "Medium", "flagged": false }, "geometry": { "type": "Polygon", "coordinates": [ [ [ -115.492199330721618, 53.602951136779971 ], [ -115.442199330721621, 53.602951136779971 ], [ -115.442199330721621, 53.652951136779969 ], [ -115.492199330721618, 53.652951136779969 ], [ -115.492199330721618, 53.602951136779971 ] ] ] } },
{ "type": "Feature", "properties": { "value": 1, "label": "AQHI 1", "color": "#01cbff", "timestamp": "2026-09-30 07:00:00", "generated_at": "2026-09-30T13:31:09.486326", "nearest_km": 47.050322067703362, "n_points": 13, "weight_sum": 0.0016813298075433966, "confidence": "Medium", "flagged": false }, "geometry": { "type": "Polygon", "coordinates": [ [ [ -115.442199330721621, 53.602951136779971 ], [ -115.392199330721624, 53.602951136779971 ], [ -115.392199330721624, 53.652951136779969 ], [ -115.442199330721621, 53.652951136779969 ], [ -115.442199330721621, 53.602951136779971 ] ] ] } },
{ "type": "Feature", "properties": { "value": 1, "label": "AQHI 1", "color": "#01cbff", "timestamp": "2026-09-30 07:00:00", "generated_at": "2026-09-30T13:31:09.486326", "nearest_km": 41.500373201846422, "n_points": 13, "weight_sum": 0.0018944201777754399, "confidence": "Medium", "flagged": false }, "geometry": { "type": "Polygon", "coordinates": [ [ [ -115.392199330721624, 53.602951136779971 ], [ -115.342199330721627, 53.602951136779971 ], [ -115.342199330721627, 53.652951136779969 ], [ -115.392199330721624, 53.652951136779969 ], [ -115.392199330721624, 53.602951136779971 ] ] ] } },
{ "type": "Feature", "properties": { "value": 1, "label": "AQHI 1", "color": "#01cbff", "timestamp": "2026-09-30 07:00:00", "generated_at": "2026-09-30T13:31:09.486326", "nearest_km": 35.950440124015792, "n_points": 13, "weight_sum": 0.0022280661502933371, "confidence": "Medium", "flagged": false }, "geometry": { "type": "Polygon", "coordinates": [ [ [ -115.342199330721627, 53.602951136779971 ], [ -115.29219933072163, 53.602951136779971 ], [ -115.29219933072163, 53.652951136779969 ], [ -115.342199330721627, 53.652951136779969 ], [ -115.342199330721627, 53.602951136779971 ] ] ] } },
{ "type": "Feature", "properties": { "value": 1, "label": "AQHI 1", "color": "#01cbff", "timestamp": "2026-09-30 07:00:00", "generated_at": "2026-09-30T13:31:09.486326", "nearest_km": 30.400531481017719, "n_points": 13, "weight_sum": 0.0027494029340474121, "confidence": "Medium", "flagged": false }, "geometry": { "type": "Polygon", "coordinates": [ [ [ -115.29219933072163, 53.602951136779971 ], [ -115.242199330721633, 53.602951136779971 ], [ -115.242199330721633, 53.652951136779969 ], [ -115.29219933072163, 53.652951136779969 ], [ -115.29219933072163, 53.602951136779971 ] ] ] } },
{ "type": "Feature", "properties": { "value": 1, "label": "AQHI 1", "color": "#01cbff", "timestamp": "2026-09-30 07:00:00", "generated_at": "2026-09-30T13:31:09.486326", "nearest_km": 24.850663643980365, "n_points": 13, "weight_sum": 0.00360537905761456, "confidence": "High", "flagged": false }, "geometry": { "type": "Polygon", "coordinates": [ [ [ -115.242199330721633, 53.602951136779971 ], [ -115.192199330721635, 53.602951136779971 ], [ -115.192199330721635, 53.652951136779969 ], [ -115.242199330721633, 53.652951136779969 ], [ -115.242199330721633, 53.602951136779971 ] ] ] } },
{ "type": "Feature", "properties": { "value": 1, "label": "AQHI 1", "color": "#01cbff", "timestamp": "2026-09-30 07:00:00", "generated_at": "2026-09-30T13:31:09.486326", "nearest_km": 19.300871813577192, "n_points": 13, "weight_sum": 0.005158244024903909, "confidence": "High", "flagged": false }, "geometry": { "type": "Polygon", "coordinates": [ [ [ -115.192199330721635, 53.602951136779971 ], [ -115.142199330721638, 53.602951136779971 ], [ -115.142199330721638, 53.652951136779969 ], [ -115.192199330721635, 53.652951136779969 ], [ -115.192199330721635, 53.602951136779971 ] ] ] } },
{ "type": "Feature", "properties": { "value": 1, "label": "AQHI 1", "color": "#01cbff", "timestamp": "2026-09-30 07:00:00", "generated_at": "2026-09-30T13:31:09.486326", "nearest_km": 13.751248015435632, "n_points": 13, "weight_sum": 0.008512324064566628, "confidence": "High", "flagged": false }, "geometry": { "type": "Polygon", "coordinates": [ [ [ -115.142199330721638, 53.602951136779971 ], [ -115.092199330721641, 53.602951136779971 ], [ -115.092199330721641, 53.652951136779969 ], [ -115.142199330721638, 53.652951136779969 ], [ -115.142199330721638, 53.602951136779971 ] ] ] } },
{ "type": "Feature", "properties": { "value": 1, "label": "AQHI 1", "color": "#01cbff", "timestamp": "2026-09-30 07:00:00", "generated_at": "2026-09-30T13:31:09.486326", "nearest_km": 8.2021333322434664, "n_points": 13, "weight_sum": 0.018673031896236245, "confidence": "High", "flagged": false }, "geometry": { "type": "Polygon", "coordinates": [ [ [ -115.092199330721641, 53.602951136779971 ], [ -115.042199330721644, 53.602951136779971 ], [ -115.042199330721644, 53.652951136779969 ], [ -115.092199330721641, 53.652951136779969 ], [ -115.092199330721641, 53.602951136779971 ] ] ] } },
{ "type": "Feature", "properties": { "value": 1, "label": "AQHI 1", "color": "#01cbff", "timestamp": "2026-09-30 07:00:00", "generated_at": "2026-09-30T13:31:09.486326", "nearest_km": 2.6567198606118154, "n_points": 12, "weight_sum": 0.10648623057394106, "confidence": "High", "flagged": false }, "geometry": { "type": "Polygon", "coordinates": [ [ [ -115.042199330721644, 53.602951136779971 ], [ -114.992199330721647, 53.602951136779971 ], [ -114.992199330721647, 53.652951136779969 ], [ -115.042199330721644, 53.652951136779969 ], [ -115.042199330721644, 53.602951136779971 ] ] ] } },
{ "type": "Feature", "properties": { "value": 1, "label": "AQHI 1", "color": "#01cbff", "timestamp": "2026-09-30 07:00:00", "generated_at": "2026-09-30T13:31:09.486326", "nearest_km": 1.1232600848817029, "n_points": 11, "weight_sum": 0.64866625136946476, "confidence": "High", "flagged": false }, "geometry": { "type": "Polygon", "coordinates": [ [ [ -114.992199330721647, 53.602951136779971 ], [ -114.94219933072165, 53.602951136779971 ], [ -114.94219933072165, 53.652951136779969 ], [ -114.992199330721647, 53.652951136779969 ], [ -114.992199330721647, 53.602951136779971 ] ] ] } },
{ "type": "Feature", "properties": { "value": 1, "label": "AQHI 1", "color": "#01cbff", "timestamp": "2026-09-30 07:00:00", "generated_at": "2026-09-30T13:31:09.486326", "nearest_km": 3.3895971664366282, "n_points": 12, "weight_sum": 0.099614311248282211, "confidence": "High", "flagged": false }, "geometry": { "type": "Polygon", "coordinates": [ [ [ -114.94219933072165, 53.602951136779971 ], [ -114.892199330721652, 53.602951136779971 ], [ -114.892199330721652, 53.652951136779969 ], [ -114.94219933072165, 53.652951136779969 ], [ -114.94219933072165, 53.602951136779971 ] ] ] } },
{ "type": "Feature", "properties": { "value": 1, "label": "AQHI 1", "color": "#01cbff", "timestamp": "2026-09-30 07:00:00", "generated_at": "2026-09-30T13:31:09.486326", "nearest_km": 8.836234382844335, "n_points": 12, "weight_sum": 0.020081488221758724, "confidence": "High", "flagged": false }, "geometry": { "type": "Polygon", "coordinates": [ [ [ -114.892199330721652, 53.602951136779971 ], [ -114.842199330721655, 53.602951136779971 ], [ -114.842199330721655, 53.652951136779969 ], [ -114.892199330721652, 53.652951136779969 ], [ -114.892199330721652, 53.602951136779971 ] ] ] } },
{ "type": "Feature", "properties": { "value": 1, "label": "AQHI 1", "color": "#01cbff", "timestamp": "2026-09-30 07:00:00", "generated_at": "2026-09-30T13:31:09.486326", "nearest_km": 14.362231970915891, "n_points": 13, "weight_sum": 0.0094373538378042035, "confidence": "High", "flagged": false }, "geometry": { "type": "Polygon", "coordinates": [ [ [ -114.842199330721655, 53.602951136779971 ], [ -114.792199330721658, 53.602951136779971 ], [ -114.792199330721658, 53.652951136779969 ], [ -114.842199330721655, 53.652951136779969 ], [ -114.842199330721655, 53.602951136779971 ] ] ] } },
{ "type": "Feature", "properties": { "value": 1, "label": "AQHI 1", "color": "#01cbff", "timestamp": "2026-09-30 07:00:00", "generated_at": "2026-09-30T13:31:09.486326", "nearest_km": 99.942195778792424, "n_points": 7, "weight_sum": 0.0004318658476384099, "confidence": "Low", "flagged": false }, "geometry": { "type": "Polygon", "coordinates": [ [ [ -118.542199330721445, 53.652951136779969 ], [ -118.492199330721448, 53.652951136779969 ], [ -118.492199330721448, 53.702951136779966 ], [ -118.542199330721445, 53.702951136779966 ], [ -118.542199330721445, 53.652951136779969 ] ] ] } },
{ "type": "Feature", "properties": { "value": 1, "label": "AQHI 1", "color": "#01cbff", "timestamp": "2026-09-30 07:00:00", "generated_at": "2026-09-30T13:31:09.486326", "nearest_km": 97.282395250654773, "n_points": 7, "weight_sum": 0.00046328535200294602, "confidence": "Low", "flagged": false }, "geometry": { "type": "Polygon", "coordinates": [ [ [ -118.492199330721448, 53.652951136779969 ], [ -118.442199330721451, 53.652951136779969 ], [ -118.442199330721451, 53.702951136779966 ], [ -118.492199330721448, 53.702951136779966 ], [ -118.492199330721448, 53.652951136779969 ] ] ] } },
{ "type": "Feature", "properties": { "value": 1, "label": "AQHI 1", "color": "#01cbff", "timestamp": "2026-09-30 07:00:00", "generated_at": "2026-09-30T13:31:09.486326", "nearest_km": 94.861655125729854, "n_points": 7, "weight_sum": 0.00049710919477699957, "confidence": "Low", "flagged": false }, "geometry": { "type": "Polygon", "coordinates": [ [ [ -118.442199330721451, 53.652951136779969 ], [ -118.392199330721454, 53.652951136779969 ], [ -118.392199330721454, 53.702951136779966 ], [ -118.442199330721451, 53.702951136779966 ], [ -118.442199330721451, 53.652951136779969 ] ] ] } },
{ "type": "Feature", "properties": { "value": 1, "label": "AQHI 1", "color": "#01cbff", "timestamp": "2026-09-30 07:00:00", "generated_at": "2026-09-30T13:31:09.486326", "nearest_km": 92.677753081907582, "n_points": 7, "weight_sum": 0.00053358003714967599, "confidence": "Low", "flagged": false }, "geometry": { "type": "Polygon", "coordinates": [ [ [ -118.392199330721454, 53.652951136779969 ], [ -118.342199330721456, 53.652951136779969 ], [ -118.342199330721456, 53.702951136779966 ], [ -118.392199330721454, 53.702951136779966 ], [ -118.392199330721454, 53.652951136779969 ] ] ] } },
{ "type": "Feature", "properties": { "value": 1, "label": "AQHI 1", "color": "#01cbff", "timestamp": "2026-09-30 07:00:00", "generated_at": "2026-09-30T13:31:09.486326", "nearest_km": 88.91476730103976, "n_points": 7, "weight_sum": 0.00057305626004192588, "confidence": "Low", "flagged": false }, "geometry": { "type": "Polygon", "coordinates": [ [ [ -118.342199330721456, 53.652951136779969 ], [ -118.292199330721459, 53.652951136779969 ], [ -118.292199330721459, 53.702951136779966 ], [ -118.342199330721456, 53.702951136779966 ], [ -118.342199330721456, 53.652951136779969 ] ] ] } },
{ "type": "Feature", "properties": { "value": 1, "label": "AQHI 1", "color": "#01cbff", "timestamp": "2026-09-30 07:00:00", "generated_at": "2026-09-30T13:31:09.486326", "nearest_km": 83.685188682802092, "n_points": 9, "weight_sum": 0.00068710763589782805, "confidence": "Low", "flagged": false }, "geometry": { "type": "Polygon", "coordinates": [ [ [ -118.292199330721459, 53.652951136779969 ], [ -118.242199330721462, 53.652951136779969 ], [ -118.242199330721462, 53.702951136779966 ], [ -118.292199330721459, 53.702951136779966 ], [ -118.292199330721459, 53.652951136779969 ] ] ] } },
{ "type": "Feature", "properties": { "value": 1, "label": "AQHI 1", "color": "#01cbff", "timestamp": "2026-09-30 07:00:00", "generated_at": "2026-09-30T13:31:09.486326", "nearest_km": 78.499622709630373, "n_points": 9, "weight_sum": 0.00073973986764032059, "confidence": "Low", "flagged": false }, "geometry": { "type": "Polygon", "coordinates": [ [ [ -118.242199330721462, 53.652951136779969 ], [ -118.192199330721465, 53.652951136779969 ], [ -118.192199330721465, 53.702951136779966 ], [ -118.242199330721462, 53.702951136779966 ], [ -118.242199330721462, 53.652951136779969 ] ] ] } },
{ "type": "Feature", "properties": { "value": 1, "label": "AQHI 1", "color": "#01cbff", "timestamp": "2026-09-30 07:00:00", "generated_at": "2026-09-30T13:31:09.486326", "nearest_km": 73.367402340770127, "n_points": 9, "weight_sum": 0.00079853639069558653, "confidence": "Medium", "flagged": false }, "geometry": { "type": "Polygon", "coordinates": [ [ [ -118.192199330721465, 53.652951136779969 ], [ -118.142199330721468, 53.652951136779969 ], [ -118.142199330721468, 53.702951136779966 ], [ -118.192199330721465, 53.702951136779966 ], [ -118.192199330721465, 53.652951136779969 ] ] ] } },
{ "type": "Feature", "properties": { "value": 1, "label": "AQHI 1", "color": "#01cbff", "timestamp": "2026-09-30 07:00:00", "generated_at": "2026-09-30T13:31:09.486326", "nearest_km": 68.30055407469662, "n_points": 9, "weight_sum": 0.00086538340791064781, "confidence": "Medium", "flagged": false }, "geometry": { "type": "Polygon", "coordinates": [ [ [ -118.142199330721468, 53.652951136779969 ], [ -118.092199330721471, 53.652951136779969 ], [ -118.092199330721471, 53.702951136779966 ], [ -118.142199330721468, 53.702951136779966 ], [ -118.142199330721468, 53.652951136779969 ] ] ] } },
{ "type": "Feature", "properties": { "value": 1, "label": "AQHI 1", "color": "#01cbff", "timestamp": "2026-09-30 07:00:00", "generated_at": "2026-09-30T13:31:09.486326", "nearest_km": 63.314774323128312, "n_points": 9, "weight_sum": 0.0009429673207264626, "confidence": "Medium", "flagged": false }, "geometry": { "type": "Polygon", "coordinates": [ [ [ -118.092199330721471, 53.652951136779969 ], [ -118.042199330721473, 53.652951136779969 ], [ -118.042199330721473, 53.702951136779966 ], [ -118.092199330721471, 53.702951136779966 ], [ -118.092199330721471, 53.652951136779969 ] ] ] } },
{ "type": "Feature", "properties": { "value": 1, "label": "AQHI 1", "color": "#01cbff", "timestamp": "2026-09-30 07:00:00", "generated_at": "2026-09-30T13:31:09.486326", "nearest_km": 58.430818993633579, "n_points": 9, "weight_sum": 0.001035036679201165, "confidence": "Medium", "flagged": false }, "geometry": { "type": "Polygon", "coordinates": [ [ [ -118.042199330721473, 53.652951136779969 ], [ -117.992199330721476, 53.652951136779969 ], [ -117.992199330721476, 53.702951136779966 ], [ -118.042199330721473, 53.702951136779966 ], [ -118.042199330721473, 53.652951136779969 ] ] ] } },
{ "type": "Feature", "properties": { "value": 1, "label": "AQHI 1", "color": "#01cbff", "timestamp": "2026-09-30 07:00:00", "generated_at": "2026-09-30T13:31:09.486326", "nearest_km": 53.676489908943068, "n_points": 9, "weight_sum": 0.0011467049588819308, "confidence": "Medium", "flagged": false }, "geometry": { "type": "Polygon", "coordinates": [ [ [ -117.992199330721476, 53.652951136779969 ], [ -117.942199330721479, 53.652951136779969 ], [ -117.942199330721479, 53.702951136779966 ], [ -117.992199330721476, 53.702951136779966 ], [ -117.992199330721476, 53.652951136779969 ] ] ] } },
{ "type": "Feature", "properties": { "value": 1, "label": "AQHI 1", "color": "#01cbff", "timestamp": "2026-09-30 07:00:00", "generated_at": "2026-09-30T13:31:09.486326", "nearest_km": 49.089464548138587, "n_points": 9, "weight_sum": 0.0012847445683694177, "confidence": "Medium", "flagged": false }, "geometry": { "type": "Polygon", "coordinates": [ [ [ -117.942199330721479, 53.652951136779969 ], [ -117.892199330721482, 53.652951136779969 ], [ -117.892199330721482, 53.702951136779966 ], [ -117.942199330721479, 53.702951136779966 ], [ -117.942199330721479, 53.652951136779969 ] ] ] } },
{ "type": "Feature", "properties": { "value": 2, "label": "AQHI 2", "color": "#0099cb", "timestamp": "2026-09-30 07:00:00", "generated_at": "2026-09-30T13:31:09.486326", "nearest_km": 44.721253228202777, "n_points": 10, "weight_sum": 0.0015047911117017985, "confidence": "Medium", "flagged": false }, "geometry": { "type": "Polygon", "coordinates": [ [ [ -117.892199330721482, 53.652951136779969 ], [ -117.842199330721485, 53.652951136779969 ], [ -117.842199330721485, 53.702951136779966 ], [ -117.892199330721482, 53.702951136779966 ], [ -117.892199330721482, 53.652951136779969 ] ] ] } },
{ "type": "Feature", "properties": { "value": 2, "label": "AQHI 2", "color": "#0099cb", "timestamp": "2026-09-30 07:00:00", "generated_at": "2026-09-30T13:31:09.486326", "nearest_km": 40.642471024522024, "n_points": 10, "weight_sum": 0.0017255500257384701, "confidence": "Medium", "flagged": false }, "geometry": { "type": "Polygon", "coordinates": [ [ [ -117.842199330721485, 53.652951136779969 ], [ -117.792199330721488, 53.652951136779969 ], [ -117.792199330721488, 53.702951136779966 ], [ -117.842199330721485, 53.702951136779966 ], [ -117.842199330721485, 53.652951136779969 ] ] ] } },
{ "type": "Feature", "properties": { "value": 2, "label": "AQHI 2", "color": "#0099cb", "timestamp": "2026-09-30 07:00:00", "generated_at": "2026-09-30T13:31:09.486326", "nearest_km": 36.9490921628283, "n_points": 11, "weight_sum": 0.0020223565825690662, "confidence": "Medium", "flagged": false }, "geometry": { "type": "Polygon", "coordinates": [ [ [ -117.792199330721488, 53.652951136779969 ], [ -117.74219933072149, 53.652951136779969 ], [ -117.74219933072149, 53.702951136779966 ], [ -117.792199330721488, 53.702951136779966 ], [ -117.792199330721488, 53.652951136779969 ] ] ] } },
{ "type": "Feature", "properties": { "value": 2, "label": "AQHI 2", "color": "#0099cb", "timestamp": "2026-09-30 07:00:00", "generated_at": "2026-09-30T13:31:09.486326", "nearest_km": 33.332240913791722, "n_points": 13, "weight_sum": 0.0024222284111165295, "confidence": "Medium", "flagged": false }, "geometry": { "type": "Polygon", "coordinates": [ [ [ -117.74219933072149, 53.652951136779969 ], [ -117.692199330721493, 53.652951136779969 ], [ -117.692199330721493, 53.702951136779966 ], [ -117.74219933072149, 53.702951136779966 ], [ -117.74219933072149, 53.652951136779969 ] ] ] } },
{ "type": "Feature", "properties": { "value": 1, "label": "AQHI 1", "color": "#01cbff", "timestamp": "2026-09-30 07:00:00", "generated_at": "2026-09-30T13:31:09.486326", "nearest_km": 29.962008271361096, "n_points": 13, "weight_sum": 0.0027984874064987701, "confidence": "Medium", "flagged": false }, "geometry": { "type": "Polygon", "coordinates": [ [ [ -117.692199330721493, 53.652951136779969 ], [ -117.642199330721496, 53.652951136779969 ], [ -117.642199330721496, 53.702951136779966 ], [ -117.692199330721493, 53.702951136779966 ], [ -117.692199330721493, 53.652951136779969 ] ] ] } },
{ "type": "Feature", "properties": { "value": 1, "label": "AQHI 1", "color": "#01cbff", "timestamp": "2026-09-30 07:00:00", "generated_at": "2026-09-30T13:31:09.486326", "nearest_km": 27.313194521534157, "n_points": 13, "weight_sum": 0.0031623736507700329, "confidence": "Medium", "flagged": false }, "geometry": { "type": "Polygon", "coordinates": [ [ [ -117.642199330721496, 53.652951136779969 ], [ -117.592199330721499, 53.652951136779969 ], [ -117.592199330721499, 53.702951136779966 ], [ -117.642199330721496, 53.702951136779966 ], [ -117.642199330721496, 53.652951136779969 ] ] ] } },
{ "type": "Feature", "properties": { "value": 1, "label": "AQHI 1", "color": "#01cbff", "timestamp": "2026-09-30 07:00:00", "generated_at": "2026-09-30T13:31:09.486326", "nearest_km": 25.610627682452638, "n_points": 13, "weight_sum": 0.0034229322722002732, "confidence": "Medium", "flagged": false }, "geometry": { "type": "Polygon", "coordinates": [ [ [ -117.592199330721499, 53.652951136779969 ], [ -117.542199330721502, 53.652951136779969 ], [ -117.542199330721502, 53.702951136779966 ], [ -117.592199330721499, 53.702951136779966 ], [ -117.592199330721499, 53.652951136779969 ] ] ] } },
{ "type": "Feature", "properties": { "value": 1, "label": "AQHI 1", "color": "#01cbff", "timestamp": "2026-09-30 07:00:00", "generated_at": "2026-09-30T13:31:09.486326", "nearest_km": 25.048012009084637, "n_points": 13, "weight_sum": 0.0034872231215569119, "confidence": "Medium", "flagged": false }, "geometry": { "type": "Polygon", "coordinates": [ [ [ -117.542199330721502, 53.652951136779969 ], [ -117.492199330721505, 53.652951136779969 ], [ -117.492199330721505, 53.702951136779966 ], [ -117.542199330721502, 53.702951136779966 ], [ -117.542199330721502, 53.652951136779969 ] ] ] } },
{ "type": "Feature", "properties": { "value": 1, "label": "AQHI 1", "color": "#01cbff", "timestamp": "2026-09-30 07:00:00", "generated_at": "2026-09-30T13:31:09.486326", "nearest_km": 25.700322194970244, "n_points": 13, "weight_sum": 0.0033330064892743106, "confidence": "Medium", "flagged": false }, "geometry": { "type": "Polygon", "coordinates": [ [ [ -117.492199330721505, 53.652951136779969 ], [ -117.442199330721508, 53.652951136779969 ], [ -117.442199330721508, 53.702951136779966 ], [ -117.492199330721505, 53.702951136779966 ], [ -117.492199330721505, 53.652951136779969 ] ] ] } },
{ "type": "Feature", "properties": { "value": 1, "label": "AQHI 1", "color": "#01cbff", "timestamp": "2026-09-30 07:00:00", "generated_at": "2026-09-30T13:31:09.486326", "nearest_km": 27.481179309543922, "n_points": 13, "weight_sum": 0.0030339656834941363, "confidence": "Medium", "flagged": false }, "geometry": { "type": "Polygon", "coordinates": [ [ [ -117.442199330721508, 53.652951136779969 ], [ -117.39219933072151, 53.652951136779969 ], [ -117.39219933072151, 53.702951136779966 ], [ -117.442199330721508, 53.702951136779966 ], [ -117.442199330721508, 53.652951136779969 ] ] ] } },
{ "type": "Feature", "properties": { "value": 1, "label": "AQHI 1", "color": "#01cbff", "timestamp": "2026-09-30 07:00:00", "generated_at": "2026-09-30T13:31:09.486326", "nearest_km": 30.191536422668573, "n_points": 13, "weight_sum": 0.0026961120307874313, "confidence": "Medium", "flagged": false }, "geometry": { "type": "Polygon", "coordinates": [ [ [ -117.39219933072151, 53.652951136779969 ], [ -117.342199330721513, 53.652951136779969 ], [ -117.342199330721513, 53.702951136779966 ], [ -117.39219933072151, 53.702951136779966 ], [ -117.39219933072151, 53.652951136779969 ] ] ] } },
{ "type": "Feature", "properties": { "value": 1, "label": "AQHI 1", "color": "#01cbff", "timestamp": "2026-09-30 07:00:00", "generated_at": "2026-09-30T13:31:09.486326", "nearest_km": 33.607254081214869, "n_points": 13, "weight_sum": 0.0023912362740795309, "confidence": "Medium", "flagged": false }, "geometry": { "type": "Polygon", "coordinates": [ [ [ -117.342199330721513, 53.652951136779969 ], [ -117.292199330721516, 53.652951136779969 ], [ -117.292199330721516, 53.702951136779966 ], [ -117.342199330721513, 53.702951136779966 ], [ -117.342199330721513, 53.652951136779969 ] ] ] } },
{ "type": "Feature", "properties": { "value": 2, "label": "AQHI 2", "color": "#0099cb", "timestamp": "2026-09-30 07:00:00", "generated_at": "2026-09-30T13:31:09.486326", "nearest_km": 37.536264894063947, "n_points": 13, "weight_sum": 0.0021462167815687878, "confidence": "Medium", "flagged": false }, "geometry": { "type": "Polygon", "coordinates": [ [ [ -117.292199330721516, 53.652951136779969 ], [ -117.242199330721519, 53.652951136779969 ], [ -117.242199330721519, 53.702951136779966 ], [ -117.292199330721516, 53.702951136779966 ], [ -117.292199330721516, 53.652951136779969 ] ] ] } },
{ "type": "Feature", "properties": { "value": 2, "label": "AQHI 2", "color": "#0099cb", "timestamp": "2026-09-30 07:00:00", "generated_at": "2026-09-30T13:31:09.486326", "nearest_km": 41.834194596231136, "n_points": 13, "weight_sum": 0.0019613228782645012, "confidence": "Medium", "flagged": false }, "geometry": { "type": "Polygon", "coordinates": [ [ [ -117.242199330721519, 53.652951136779969 ], [ -117.192199330721522, 53.652951136779969 ], [ -117.192199330721522, 53.702951136779966 ], [ -117.242199330721519, 53.702951136779966 ], [ -117.242199330721519, 53.652951136779969 ] ] ] } },
{ "type": "Feature", "properties": { "value": 2, "label": "AQHI 2", "color": "#0099cb", "timestamp": "2026-09-30 07:00:00", "generated_at": "2026-09-30T13:31:09.486326", "nearest_km": 46.398636756194939, "n_points": 14, "weight_sum": 0.0018501803998470184, "confidence": "Medium", "flagged": false }, "geometry": { "type": "Polygon", "coordinates": [ [ [ -117.192199330721522, 53.652951136779969 ], [ -117.142199330721525, 53.652951136779969 ], [ -117.142199330721525, 53.702951136779966 ], [ -117.192199330721522, 53.702951136779966 ], [ -117.192199330721522, 53.652951136779969 ] ] ] } },
{ "type": "Feature", "properties": { "value": 2, "label": "AQHI 2", "color": "#0099cb", "timestamp": "2026-09-30 07:00:00", "generated_at": "2026-09-30T13:31:09.486326", "nearest_km": 51.158304781836812, "n_points": 14, "weight_sum": 0.0017573669235204617, "confidence": "Medium", "flagged": false }, "geometry": { "type": "Polygon", "coordinates": [ [ [ -117.142199330721525, 53.652951136779969 ], [ -117.092199330721527, 53.652951136779969 ], [ -117.092199330721527, 53.702951136779966 ], [ -117.142199330721525, 53.702951136779966 ], [ -117.142199330721525, 53.652951136779969 ] ] ] } },
{ "type": "Feature", "properties": { "value": 2, "label": "AQHI 2", "color": "#0099cb", "timestamp": "2026-09-30 07:00:00", "generated_at": "2026-09-30T13:31:09.486326", "nearest_km": 56.063497959628634, "n_points": 14, "weight_sum": 0.0016959462970395143, "confidence": "Medium", "flagged": false }, "geometry": { "type": "Polygon", "coordinates": [ [ [ -117.092199330721527, 53.652951136779969 ], [ -117.04219933072153, 53.652951136779969 ], [ -117.04219933072153, 53.702951136779966 ], [ -117.092199330721527, 53.702951136779966 ], [ -117.092199330721527, 53.652951136779969 ] ] ] } },
{ "type": "Feature", "properties": { "value": 2, "label": "AQHI 2", "color": "#0099cb", "timestamp": "2026-09-30 07:00:00", "generated_at": "2026-09-30T13:31:09.486326", "nearest_km": 58.024631525212371, "n_points": 13, "weight_sum": 0.0016388774389183268, "confidence": "Medium", "flagged": false }, "geometry": { "type": "Polygon", "coordinates": [ [ [ -117.04219933072153, 53.652951136779969 ], [ -116.992199330721533, 53.652951136779969 ], [ -116.992199330721533, 53.702951136779966 ], [ -117.04219933072153, 53.702951136779966 ], [ -117.04219933072153, 53.652951136779969 ] ] ] } },
{ "type": "Feature", "properties": { "value": 2, "label": "AQHI 2", "color": "#0099cb", "timestamp": "2026-09-30 07:00:00", "generated_at": "2026-09-30T13:31:09.486326", "nearest_km": 58.804119169958341, "n_points": 13, "weight_sum": 0.0016302656919662374, "confidence": "Medium", "flagged": false }, "geometry": { "type": "Polygon", "coordinates": [ [ [ -116.992199330721533, 53.652951136779969 ], [ -116.942199330721536, 53.652951136779969 ], [ -116.942199330721536, 53.702951136779966 ], [ -116.992199330721533, 53.702951136779966 ], [ -116.992199330721533, 53.652951136779969 ] ] ] } },
{ "type": "Feature", "properties": { "value": 2, "label": "AQHI 2", "color": "#0099cb", "timestamp": "2026-09-30 07:00:00", "generated_at": "2026-09-30T13:31:09.486326", "nearest_km": 55.930830901707132, "n_points": 10, "weight_sum": 0.0015648876232006474, "confidence": "Medium", "flagged": false }, "geometry": { "type": "Polygon", "coordinates": [ [ [ -116.942199330721536, 53.652951136779969 ], [ -116.892199330721539, 53.652951136779969 ], [ -116.892199330721539, 53.702951136779966 ], [ -116.942199330721536, 53.702951136779966 ], [ -116.942199330721536, 53.652951136779969 ] ] ] } },
{ "type": "Feature", "properties": { "value": 2, "label": "AQHI 2", "color": "#0099cb", "timestamp": "2026-09-30 07:00:00", "generated_at": "2026-09-30T13:31:09.486326", "nearest_km": 50.447209288258726, "n_points": 10, "weight_sum": 0.0016250826059845402, "confidence": "Medium", "flagged": false }, "geometry": { "type": "Polygon", "coordinates": [ [ [ -116.892199330721539, 53.652951136779969 ], [ -116.842199330721542, 53.652951136779969 ], [ -116.842199330721542, 53.702951136779966 ], [ -116.892199330721539, 53.702951136779966 ], [ -116.892199330721539, 53.652951136779969 ] ] ] } },
{ "type": "Feature", "properties": { "value": 2, "label": "AQHI 2", "color": "#0099cb", "timestamp": "2026-09-30 07:00:00", "generated_at": "2026-09-30T13:31:09.486326", "nearest_km": 44.979873327871772, "n_points": 10, "weight_sum": 0.0017350249705390176, "confidence": "Medium", "flagged": false }, "geometry": { "type": "Polygon", "coordinates": [ [ [ -116.842199330721542, 53.652951136779969 ], [ -116.792199330721544, 53.652951136779969 ], [ -116.792199330721544, 53.702951136779966 ], [ -116.842199330721542, 53.702951136779966 ], [ -116.842199330721542, 53.652951136779969 ] ] ] } },
{ "type": "Feature", "properties": { "value": 2, "label": "AQHI 2", "color": "#0099cb", "timestamp": "2026-09-30 07:00:00", "generated_at": "2026-09-30T13:31:09.486326", "nearest_km": 39.535579978158864, "n_points": 10, "weight_sum": 0.0019194825771658187, "confidence": "Medium", "flagged": false }, "geometry": { "type": "Polygon", "coordinates": [ [ [ -116.792199330721544, 53.652951136779969 ], [ -116.742199330721547, 53.652951136779969 ], [ -116.742199330721547, 53.702951136779966 ], [ -116.792199330721544, 53.702951136779966 ], [ -116.792199330721544, 53.652951136779969 ] ] ] } },
{ "type": "Feature", "properties": { "value": 2, "label": "AQHI 2", "color": "#0099cb", "timestamp": "2026-09-30 07:00:00", "generated_at": "2026-09-30T13:31:09.486326", "nearest_km": 34.125359541364467, "n_points": 10, "weight_sum": 0.0022226099109938246, "confidence": "Medium", "flagged": false }, "geometry": { "type": "Polygon", "coordinates": [ [ [ -116.742199330721547, 53.652951136779969 ], [ -116.69219933072155, 53.652951136779969 ], [ -116.69219933072155, 53.702951136779966 ], [ -116.742199330721547, 53.702951136779966 ], [ -116.742199330721547, 53.652951136779969 ] ] ] } },
{ "type": "Feature", "properties": { "value": 2, "label": "AQHI 2", "color": "#0099cb", "timestamp": "2026-09-30 07:00:00", "generated_at": "2026-09-30T13:31:09.486326", "nearest_km": 28.768441797313031, "n_points": 10, "weight_sum": 0.0027284189546747249, "confidence": "Medium", "flagged": false }, "geometry": { "type": "Polygon", "coordinates": [ [ [ -116.69219933072155, 53.652951136779969 ], [ -116.642199330721553, 53.652951136779969 ], [ -116.642199330721553, 53.702951136779966 ], [ -116.69219933072155, 53.702951136779966 ], [ -116.69219933072155, 53.652951136779969 ] ] ] } },
{ "type": "Feature", "properties": { "value": 2, "label": "AQHI 2", "color": "#0099cb", "timestamp": "2026-09-30 07:00:00", "generated_at": "2026-09-30T13:31:09.486326", "nearest_km": 23.501304709810732, "n_points": 9, "weight_sum": 0.0035896048608457859, "confidence": "High", "flagged": false }, "geometry": { "type": "Polygon", "coordinates": [ [ [ -116.642199330721553, 53.652951136779969 ], [ -116.592199330721556, 53.652951136779969 ], [ -116.592199330721556, 53.702951136779966 ], [ -116.642199330721553, 53.702951136779966 ], [ -116.642199330721553, 53.652951136779969 ] ] ] } },
{ "type": "Feature", "properties": { "value": 2, "label": "AQHI 2", "color": "#0099cb", "timestamp": "2026-09-30 07:00:00", "generated_at": "2026-09-30T13:31:09.486326", "nearest_km": 18.401206555042801, "n_points": 9, "weight_sum": 0.0052550621975079306, "confidence": "High", "flagged": false }, "geometry": { "type": "Polygon", "coordinates": [ [ [ -116.592199330721556, 53.652951136779969 ], [ -116.542199330721559, 53.652951136779969 ], [ -116.542199330721559, 53.702951136779966 ], [ -116.592199330721556, 53.702951136779966 ], [ -116.592199330721556, 53.652951136779969 ] ] ] } },
{ "type": "Feature", "properties": { "value": 2, "label": "AQHI 2", "color": "#0099cb", "timestamp": "2026-09-30 07:00:00", "generated_at": "2026-09-30T13:31:09.486326", "nearest_km": 13.656591166880593, "n_points": 9, "weight_sum": 0.0087465689328712383, "confidence": "High", "flagged": false }, "geometry": { "type": "Polygon", "coordinates": [ [ [ -116.542199330721559, 53.652951136779969 ], [ -116.492199330721562, 53.652951136779969 ], [ -116.492199330721562, 53.702951136779966 ], [ -116.542199330721559, 53.702951136779966 ], [ -116.542199330721559, 53.652951136779969 ] ] ] } },
{ "type": "Feature", "properties": { "value": 2, "label": "AQHI 2", "color": "#0099cb", "timestamp": "2026-09-30 07:00:00", "generated_at": "2026-09-30T13:31:09.486326", "nearest_km": 9.7982427974246988, "n_points": 9, "weight_sum": 0.016742698666433464, "confidence": "High", "flagged": false }, "geometry": { "type": "Polygon", "coordinates": [ [ [ -116.492199330721562, 53.652951136779969 ], [ -116.442199330721564, 53.652951136779969 ], [ -116.442199330721564, 53.702951136779966 ], [ -116.492199330721562, 53.702951136779966 ], [ -116.492199330721562, 53.652951136779969 ] ] ] } },
{ "type": "Feature", "properties": { "value": 2, "label": "AQHI 2", "color": "#0099cb", "timestamp": "2026-09-30 07:00:00", "generated_at": "2026-09-30T13:31:09.486326", "nearest_km": 7.1793910718572764, "n_points": 9, "weight_sum": 0.031301372488000044, "confidence": "High", "flagged": false }, "geometry": { "type": "Polygon", "coordinates": [ [ [ -116.442199330721564, 53.652951136779969 ], [ -116.392199330721567, 53.652951136779969 ], [ -116.392199330721567, 53.702951136779966 ], [ -116.442199330721564, 53.702951136779966 ], [ -116.442199330721564, 53.652951136779969 ] ] ] } },
{ "type": "Feature", "properties": { "value": 2, "label": "AQHI 2", "color": "#0099cb", "timestamp": "2026-09-30 07:00:00", "generated_at": "2026-09-30T13:31:09.486326", "nearest_km": 6.5870683632600224, "n_points": 9, "weight_sum": 0.036510024766789065, "confidence": "High", "flagged": false }, "geometry": { "type": "Polygon", "coordinates": [ [ [ -116.392199330721567, 53.652951136779969 ], [ -116.34219933072157, 53.652951136779969 ], [ -116.34219933072157, 53.702951136779966 ], [ -116.392199330721567, 53.702951136779966 ], [ -116.392199330721567, 53.652951136779969 ] ] ] } },
{ "type": "Feature", "properties": { "value": 2, "label": "AQHI 2", "color": "#0099cb", "timestamp": "2026-09-30 07:00:00", "generated_at": "2026-09-30T13:31:09.486326", "nearest_km": 8.6547644705227622, "n_points": 11, "weight_sum": 0.020177130496669752, "confidence": "High", "flagged": false }, "geometry": { "type": "Polygon", "coordinates": [ [ [ -116.34219933072157, 53.652951136779969 ], [ -116.292199330721573, 53.652951136779969 ], [ -116.292199330721573, 53.702951136779966 ], [ -116.34219933072157, 53.702951136779966 ], [ -116.34219933072157, 53.652951136779969 ] ] ] } },
{ "type": "Feature", "properties": { "value": 2, "label": "AQHI 2", "color": "#0099cb", "timestamp": "2026-09-30 07:00:00", "generated_at": "2026-09-30T13:31:09.486326", "nearest_km": 12.962462206624876, "n_points": 13, "weight_sum": 0.0098768068298194407, "confidence": "High", "flagged": false }, "geometry": { "type": "Polygon", "coordinates": [ [ [ -116.292199330721573, 53.652951136779969 ], [ -116.242199330721576, 53.652951136779969 ], [ -116.242199330721576, 53.702951136779966 ], [ -116.292199330721573, 53.702951136779966 ], [ -116.292199330721573, 53.652951136779969 ] ] ] } },
{ "type": "Feature", "properties": { "value": 2, "label": "AQHI 2", "color": "#0099cb", "timestamp": "2026-09-30 07:00:00", "generated_at": "2026-09-30T13:31:09.486326", "nearest_km": 17.965269407279319, "n_points": 14, "weight_sum": 0.0057749759143188749, "confidence": "High", "flagged": false }, "geometry": { "type": "Polygon", "coordinates": [ [ [ -116.242199330721576, 53.652951136779969 ], [ -116.192199330721579, 53.652951136779969 ], [ -116.192199330721579, 53.702951136779966 ], [ -116.242199330721576, 53.702951136779966 ], [ -116.242199330721576, 53.652951136779969 ] ] ] } },
{ "type": "Feature", "properties": { "value": 2, "label": "AQHI 2", "color": "#0099cb", "timestamp": "2026-09-30 07:00:00", "generated_at": "2026-09-30T13:31:09.486326", "nearest_km": 23.218126179648248, "n_points": 13, "weight_sum": 0.0039094644503140938, "confidence": "High", "flagged": false }, "geometry": { "type": "Polygon", "coordinates": [ [ [ -116.192199330721579, 53.652951136779969 ], [ -116.142199330721581, 53.652951136779969 ], [ -116.142199330721581, 53.702951136779966 ], [ -116.192199330721579, 53.702951136779966 ], [ -116.192199330721579, 53.652951136779969 ] ] ] } },
{ "type": "Feature", "properties": { "value": 2, "label": "AQHI 2", "color": "#0099cb", "timestamp": "2026-09-30 07:00:00", "generated_at": "2026-09-30T13:31:09.486326", "nearest_km": 28.583506812705846, "n_points": 13, "weight_sum": 0.0030537820609400847, "confidence": "Medium", "flagged": false }, "geometry": { "type": "Polygon", "coordinates": [ [ [ -116.142199330721581, 53.652951136779969 ], [ -116.092199330721584, 53.652951136779969 ], [ -116.092199330721584, 53.702951136779966 ], [ -116.142199330721581, 53.702951136779966 ], [ -116.142199330721581, 53.652951136779969 ] ] ] } },
{ "type": "Feature", "properties": { "value": 2, "label": "AQHI 2", "color": "#0099cb", "timestamp": "2026-09-30 07:00:00", "generated_at": "2026-09-30T13:31:09.486326", "nearest_km": 24.824567411581445, "n_points": 13, "weight_sum": 0.0027319901896829496, "confidence": "High", "flagged": false }, "geometry": { "type": "Polygon", "coordinates": [ [ [ -116.092199330721584, 53.652951136779969 ], [ -116.042199330721587, 53.652951136779969 ], [ -116.042199330721587, 53.702951136779966 ], [ -116.092199330721584, 53.702951136779966 ], [ -116.092199330721584, 53.652951136779969 ] ] ] } },
{ "type": "Feature", "properties": { "value": 1, "label": "AQHI 1", "color": "#01cbff", "timestamp": "2026-09-30 07:00:00", "generated_at": "2026-09-30T13:31:09.486326", "nearest_km": 19.353206292242668, "n_points": 13, "weight_sum": 0.0028867025972692572, "confidence": "High", "flagged": false }, "geometry": { "type": "Polygon", "coordinates": [ [ [ -116.042199330721587, 53.652951136779969 ], [ -115.99219933072159, 53.652951136779969 ], [ -115.99219933072159, 53.702951136779966 ], [ -116.042199330721587, 53.702951136779966 ], [ -116.042199330721587, 53.652951136779969 ] ] ] } },
{ "type": "Feature", "properties": { "value": 1, "label": "AQHI 1", "color": "#01cbff", "timestamp": "2026-09-30 07:00:00", "generated_at": "2026-09-30T13:31:09.486326", "nearest_km": 13.944140002454219, "n_points": 14, "weight_sum": 0.0039047760473998839, "confidence": "High", "flagged": false }, "geometry": { "type": "Polygon", "coordinates": [ [ [ -115.99219933072159, 53.652951136779969 ], [ -115.942199330721593, 53.652951136779969 ], [ -115.942199330721593, 53.702951136779966 ], [ -115.99219933072159, 53.702951136779966 ], [ -115.99219933072159, 53.652951136779969 ] ] ] } },
{ "type": "Feature", "properties": { "value": 1, "label": "AQHI 1", "color": "#01cbff", "timestamp": "2026-09-30 07:00:00", "generated_at": "2026-09-30T13:31:09.486326", "nearest_km": 8.7141544068245533, "n_points": 14, "weight_sum": 0.0077571762503601009, "confidence": "High", "flagged": false }, "geometry": { "type": "Polygon", "coordinates": [ [ [ -115.942199330721593, 53.652951136779969 ], [ -115.892199330721596, 53.652951136779969 ], [ -115.892199330721596, 53.702951136779966 ], [ -115.942199330721593, 53.702951136779966 ], [ -115.942199330721593, 53.652951136779969 ] ] ] } },
{ "type": "Feature", "properties": { "value": 1, "label": "AQHI 1", "color": "#01cbff", "timestamp": "2026-09-30 07:00:00", "generated_at": "2026-09-30T13:31:09.486326", "nearest_km": 4.363362653265094, "n_points": 15, "weight_sum": 0.027351193828237273, "confidence": "High", "flagged": false }, "geometry": { "type": "Polygon", "coordinates": [ [ [ -115.892199330721596, 53.652951136779969 ], [ -115.842199330721598, 53.652951136779969 ], [ -115.842199330721598, 53.702951136779966 ], [ -115.892199330721596, 53.702951136779966 ], [ -115.892199330721596, 53.652951136779969 ] ] ] } },
{ "type": "Feature", "properties": { "value": 1, "label": "AQHI 1", "color": "#01cbff", "timestamp": "2026-09-30 07:00:00", "generated_at": "2026-09-30T13:31:09.486326", "nearest_km": 4.8730257809527755, "n_points": 13, "weight_sum": 0.022011300951167684, "confidence": "High", "flagged": false }, "geometry": { "type": "Polygon", "coordinates": [ [ [ -115.842199330721598, 53.652951136779969 ], [ -115.792199330721601, 53.652951136779969 ], [ -115.792199330721601, 53.702951136779966 ], [ -115.842199330721598, 53.702951136779966 ], [ -115.842199330721598, 53.652951136779969 ] ] ] } },
{ "type": "Feature", "properties": { "value": 1, "label": "AQHI 1", "color": "#01cbff", "timestamp": "2026-09-30 07:00:00", "generated_at": "2026-09-30T13:31:09.486326", "nearest_km": 9.4899329228264424, "n_points": 13, "weight_sum": 0.0064742339874966498, "confidence": "High", "flagged": false }, "geometry": { "type": "Polygon", "coordinates": [ [ [ -115.792199330721601, 53.652951136779969 ], [ -115.742199330721604, 53.652951136779969 ], [ -115.742199330721604, 53.702951136779966 ], [ -115.792199330721601, 53.702951136779966 ], [ -115.792199330721601, 53.652951136779969 ] ] ] } },
{ "type": "Feature", "properties": { "value": 1, "label": "AQHI 1", "color": "#01cbff", "timestamp": "2026-09-30 07:00:00", "generated_at": "2026-09-30T13:31:09.486326", "nearest_km": 14.7640195576155, "n_points": 13, "weight_sum": 0.0032074945024511674, "confidence": "High", "flagged": false }, "geometry": { "type": "Polygon", "coordinates": [ [ [ -115.742199330721604, 53.652951136779969 ], [ -115.692199330721607, 53.652951136779969 ], [ -115.692199330721607, 53.702951136779966 ], [ -115.742199330721604, 53.702951136779966 ], [ -115.742199330721604, 53.652951136779969 ] ] ] } },
{ "type": "Feature", "properties": { "value": 1, "label": "AQHI 1", "color": "#01cbff", "timestamp": "2026-09-30 07:00:00", "generated_at": "2026-09-30T13:31:09.486326", "nearest_km": 20.186597536869698, "n_points": 13, "weight_sum": 0.0021543345906520259, "confidence": "High", "flagged": false }, "geometry": { "type": "Polygon", "coordinates": [ [ [ -115.692199330721607, 53.652951136779969 ], [ -115.64219933072161, 53.652951136779969 ], [ -115.64219933072161, 53.702951136779966 ], [ -115.692199330721607, 53.702951136779966 ], [ -115.692199330721607, 53.652951136779969 ] ] ] } },
{ "type": "Feature", "properties": { "value": 1, "label": "AQHI 1", "color": "#01cbff", "timestamp": "2026-09-30 07:00:00", "generated_at": "2026-09-30T13:31:09.486326", "nearest_km": 25.663713034817224, "n_points": 12, "weight_sum": 0.0016799201568469019, "confidence": "Medium", "flagged": false }, "geometry": { "type": "Polygon", "coordinates": [ [ [ -115.64219933072161, 53.652951136779969 ], [ -115.592199330721613, 53.652951136779969 ], [ -115.592199330721613, 53.702951136779966 ], [ -115.64219933072161, 53.702951136779966 ], [ -115.64219933072161, 53.652951136779969 ] ] ] } },
{ "type": "Feature", "properties": { "value": 1, "label": "AQHI 1", "color": "#01cbff", "timestamp": "2026-09-30 07:00:00", "generated_at": "2026-09-30T13:31:09.486326", "nearest_km": 31.166626595628443, "n_points": 12, "weight_sum": 0.0014977856331568483, "confidence": "Medium", "flagged": false }, "geometry": { "type": "Polygon", "coordinates": [ [ [ -115.592199330721613, 53.652951136779969 ], [ -115.542199330721616, 53.652951136779969 ], [ -115.542199330721616, 53.702951136779966 ], [ -115.592199330721613, 53.702951136779966 ], [ -115.592199330721613, 53.652951136779969 ] ] ] } },
{ "type": "Feature", "properties": { "value": 1, "label": "AQHI 1", "color": "#01cbff", "timestamp": "2026-09-30 07:00:00", "generated_at": "2026-09-30T13:31:09.486326", "nearest_km": 36.683730180683838, "n_points": 12, "weight_sum": 0.001444663714225582, "confidence": "Medium", "flagged": false }, "geometry": { "type": "Polygon", "coordinates": [ [ [ -115.542199330721616, 53.652951136779969 ], [ -115.492199330721618, 53.652951136779969 ], [ -115.492199330721618, 53.702951136779966 ], [ -115.542199330721616, 53.702951136779966 ], [ -115.542199330721616, 53.652951136779969 ] ] ] } },
{ "type": "Feature", "properties": { "value": 1, "label": "AQHI 1", "color": "#01cbff", "timestamp": "2026-09-30 07:00:00", "generated_at": "2026-09-30T13:31:09.486326", "nearest_km": 42.209459918211309, "n_points": 13, "weight_sum": 0.0015240148011028947, "confidence": "Medium", "flagged": false }, "geometry": { "type": "Polygon", "coordinates": [ [ [ -115.492199330721618, 53.652951136779969 ], [ -115.442199330721621, 53.652951136779969 ], [ -115.442199330721621, 53.702951136779966 ], [ -115.492199330721618, 53.702951136779966 ], [ -115.492199330721618, 53.652951136779969 ] ] ] } },
{ "type": "Feature", "properties": { "value": 1, "label": "AQHI 1", "color": "#01cbff", "timestamp": "2026-09-30 07:00:00", "generated_at": "2026-09-30T13:31:09.486326", "nearest_km": 47.354300927172496, "n_points": 13, "weight_sum": 0.0016375941101825094, "confidence": "Medium", "flagged": false }, "geometry": { "type": "Polygon", "coordinates": [ [ [ -115.442199330721621, 53.652951136779969 ], [ -115.392199330721624, 53.652951136779969 ], [ -115.392199330721624, 53.702951136779966 ], [ -115.442199330721621, 53.702951136779966 ], [ -115.442199330721621, 53.652951136779969 ] ] ] } },
{ "type": "Feature", "properties": { "value": 1, "label": "AQHI 1", "color": "#01cbff", "timestamp": "2026-09-30 07:00:00", "generated_at": "2026-09-30T13:31:09.486326", "nearest_km": 41.844688856760889, "n_points": 13, "weight_sum": 0.0018355883138289229, "confidence": "Medium", "flagged": false }, "geometry": { "type": "Polygon", "coordinates": [ [ [ -115.392199330721624, 53.652951136779969 ], [ -115.342199330721627, 53.652951136779969 ], [ -115.342199330721627, 53.702951136779966 ], [ -115.392199330721624, 53.702951136779966 ], [ -115.392199330721624, 53.652951136779969 ] ] ] } },
{ "type": "Feature", "properties": { "value": 1, "label": "AQHI 1", "color": "#01cbff", "timestamp": "2026-09-30 07:00:00", "generated_at": "2026-09-30T13:31:09.486326", "nearest_km": 36.347367920346592, "n_points": 13, "weight_sum": 0.002145523272054179, "confidence": "Medium", "flagged": false }, "geometry": { "type": "Polygon", "coordinates": [ [ [ -115.342199330721627, 53.652951136779969 ], [ -115.29219933072163, 53.652951136779969 ], [ -115.29219933072163, 53.702951136779966 ], [ -115.342199330721627, 53.702951136779966 ], [ -115.342199330721627, 53.652951136779969 ] ] ] } },
{ "type": "Feature", "properties": { "value": 1, "label": "AQHI 1", "color": "#01cbff", "timestamp": "2026-09-30 07:00:00", "generated_at": "2026-09-30T13:31:09.486326", "nearest_km": 30.868905454436597, "n_points": 13, "weight_sum": 0.0026266362182402045, "confidence": "Medium", "flagged": false }, "geometry": { "type": "Polygon", "coordinates": [ [ [ -115.29219933072163, 53.652951136779969 ], [ -115.242199330721633, 53.652951136779969 ], [ -115.242199330721633, 53.702951136779966 ], [ -115.29219933072163, 53.702951136779966 ], [ -115.29219933072163, 53.652951136779969 ] ] ] } },
{ "type": "Feature", "properties": { "value": 1, "label": "AQHI 1", "color": "#01cbff", "timestamp": "2026-09-30 07:00:00", "generated_at": "2026-09-30T13:31:09.486326", "nearest_km": 25.421496674524171, "n_points": 13, "weight_sum": 0.0034043499962274214, "confidence": "Medium", "flagged": false }, "geometry": { "type": "Polygon", "coordinates": [ [ [ -115.242199330721633, 53.652951136779969 ], [ -115.192199330721635, 53.652951136779969 ], [ -115.192199330721635, 53.702951136779966 ], [ -115.242199330721633, 53.702951136779966 ], [ -115.242199330721633, 53.652951136779969 ] ] ] } },
{ "type": "Feature", "properties": { "value": 1, "label": "AQHI 1", "color": "#01cbff", "timestamp": "2026-09-30 07:00:00", "generated_at": "2026-09-30T13:31:09.486326", "nearest_km": 20.03049331371383, "n_points": 13, "weight_sum": 0.0047680644457396984, "confidence": "High", "flagged": false }, "geometry": { "type": "Polygon", "coordinates": [ [ [ -115.192199330721635, 53.652951136779969 ], [ -115.142199330721638, 53.652951136779969 ], [ -115.142199330721638, 53.702951136779966 ], [ -115.192199330721635, 53.702951136779966 ], [ -115.192199330721635, 53.652951136779969 ] ] ] } },
{ "type": "Feature", "properties": { "value": 1, "label": "AQHI 1", "color": "#01cbff", "timestamp": "2026-09-30 07:00:00", "generated_at": "2026-09-30T13:31:09.486326", "nearest_km": 14.757839666042535, "n_points": 13, "weight_sum": 0.0074894521540071028, "confidence": "High", "flagged": false }, "geometry": { "type": "Polygon", "coordinates": [ [ [ -115.142199330721638, 53.652951136779969 ], [ -115.092199330721641, 53.652951136779969 ], [ -115.092199330721641, 53.702951136779966 ], [ -115.142199330721638, 53.702951136779966 ], [ -115.142199330721638, 53.652951136779969 ] ] ] } },
{ "type": "Feature", "properties": { "value": 1, "label": "AQHI 1", "color": "#01cbff", "timestamp": "2026-09-30 07:00:00", "generated_at": "2026-09-30T13:31:09.486326", "nearest_km": 9.796530040095595, "n_points": 13, "weight_sum": 0.014075125697988307, "confidence": "High", "flagged": false }, "geometry": { "type": "Polygon", "coordinates": [ [ [ -115.092199330721641, 53.652951136779969 ], [ -115.042199330721644, 53.652951136779969 ], [ -115.042199330721644, 53.702951136779966 ], [ -115.092199330721641, 53.702951136779966 ], [ -115.092199330721641, 53.652951136779969 ] ] ] } },
{ "type": "Feature", "properties": { "value": 1, "label": "AQHI 1", "color": "#01cbff", "timestamp": "2026-09-30 07:00:00", "generated_at": "2026-09-30T13:31:09.486326", "nearest_km": 5.9795626967501008, "n_points": 11, "weight_sum": 0.031986488460731988, "confidence": "High", "flagged": false }, "geometry": { "type": "Polygon", "coordinates": [ [ [ -115.042199330721644, 53.652951136779969 ], [ -114.992199330721647, 53.652951136779969 ], [ -114.992199330721647, 53.702951136779966 ], [ -115.042199330721644, 53.702951136779966 ], [ -115.042199330721644, 53.652951136779969 ] ] ] } },
{ "type": "Feature", "properties": { "value": 1, "label": "AQHI 1", "color": "#01cbff", "timestamp": "2026-09-30 07:00:00", "generated_at": "2026-09-30T13:31:09.486326", "nearest_km": 6.094533555755377, "n_points": 11, "weight_sum": 0.047031082688527757, "confidence": "High", "flagged": false }, "geometry": { "type": "Polygon", "coordinates": [ [ [ -114.992199330721647, 53.652951136779969 ], [ -114.94219933072165, 53.652951136779969 ], [ -114.94219933072165, 53.702951136779966 ], [ -114.992199330721647, 53.702951136779966 ], [ -114.992199330721647, 53.652951136779969 ] ] ] } },
{ "type": "Feature", "properties": { "value": 1, "label": "AQHI 1", "color": "#01cbff", "timestamp": "2026-09-30 07:00:00", "generated_at": "2026-09-30T13:31:09.486326", "nearest_km": 7.3420577549699386, "n_points": 12, "weight_sum": 0.030829136034066579, "confidence": "High", "flagged": false }, "geometry": { "type": "Polygon", "coordinates": [ [ [ -114.94219933072165, 53.652951136779969 ], [ -114.892199330721652, 53.652951136779969 ], [ -114.892199330721652, 53.702951136779966 ], [ -114.94219933072165, 53.702951136779966 ], [ -114.94219933072165, 53.652951136779969 ] ] ] } },
{ "type": "Feature", "properties": { "value": 1, "label": "AQHI 1", "color": "#01cbff", "timestamp": "2026-09-30 07:00:00", "generated_at": "2026-09-30T13:31:09.486326", "nearest_km": 10.977043372199976, "n_points": 12, "weight_sum": 0.014657420042205629, "confidence": "High", "flagged": false }, "geometry": { "type": "Polygon", "coordinates": [ [ [ -114.892199330721652, 53.652951136779969 ], [ -114.842199330721655, 53.652951136779969 ], [ -114.842199330721655, 53.702951136779966 ], [ -114.892199330721652, 53.702951136779966 ], [ -114.892199330721652, 53.652951136779969 ] ] ] } },
{ "type": "Feature", "properties": { "value": 1, "label": "AQHI 1", "color": "#01cbff", "timestamp": "2026-09-30 07:00:00", "generated_at": "2026-09-30T13:31:09.486326", "nearest_km": 15.769912818814111, "n_points": 13, "weight_sum": 0.0084087327605931322, "confidence": "High", "flagged": false }, "geometry": { "type": "Polygon", "coordinates": [ [ [ -114.842199330721655, 53.652951136779969 ], [ -114.792199330721658, 53.652951136779969 ], [ -114.792199330721658, 53.702951136779966 ], [ -114.842199330721655, 53.702951136779966 ], [ -114.842199330721655, 53.652951136779969 ] ] ] } },
{ "type": "Feature", "properties": { "value": 1, "label": "AQHI 1", "color": "#01cbff", "timestamp": "2026-09-30 07:00:00", "generated_at": "2026-09-30T13:31:09.486326", "nearest_km": 20.940148505462631, "n_points": 14, "weight_sum": 0.0059632274720647143, "confidence": "High", "flagged": false }, "geometry": { "type": "Polygon", "coordinates": [ [ [ -114.792199330721658, 53.652951136779969 ], [ -114.742199330721661, 53.652951136779969 ], [ -114.742199330721661, 53.702951136779966 ], [ -114.792199330721658, 53.702951136779966 ], [ -114.792199330721658, 53.652951136779969 ] ] ] } },
{ "type": "Feature", "properties": { "value": 1, "label": "AQHI 1", "color": "#01cbff", "timestamp": "2026-09-30 07:00:00", "generated_at": "2026-09-30T13:31:09.486326", "nearest_km": 131.88622678266151, "n_points": 4, "weight_sum": 0.00014288945345085707, "confidence": "Low", "flagged": false }, "geometry": { "type": "Polygon", "coordinates": [ [ [ -118.942199330721422, 53.702951136779966 ], [ -118.892199330721425, 53.702951136779966 ], [ -118.892199330721425, 53.752951136779963 ], [ -118.942199330721422, 53.752951136779963 ], [ -118.942199330721422, 53.702951136779966 ] ] ] } },
{ "type": "Feature", "properties": { "value": 2, "label": "AQHI 2", "color": "#0099cb", "timestamp": "2026-09-30 07:00:00", "generated_at": "2026-09-30T13:31:09.486326", "nearest_km": 127.97092929093631, "n_points": 5, "weight_sum": 0.00019662587646113194, "confidence": "Low", "flagged": false }, "geometry": { "type": "Polygon", "coordinates": [ [ [ -118.892199330721425, 53.702951136779966 ], [ -118.842199330721428, 53.702951136779966 ], [ -118.842199330721428, 53.752951136779963 ], [ -118.892199330721425, 53.752951136779963 ], [ -118.892199330721425, 53.702951136779966 ] ] ] } },
{ "type": "Feature", "properties": { "value": 1, "label": "AQHI 1", "color": "#01cbff", "timestamp": "2026-09-30 07:00:00", "generated_at": "2026-09-30T13:31:09.486326", "nearest_km": 124.18029502382419, "n_points": 6, "weight_sum": 0.00025545682662012032, "confidence": "Low", "flagged": false }, "geometry": { "type": "Polygon", "coordinates": [ [ [ -118.842199330721428, 53.702951136779966 ], [ -118.792199330721431, 53.702951136779966 ], [ -118.792199330721431, 53.752951136779963 ], [ -118.842199330721428, 53.752951136779963 ], [ -118.842199330721428, 53.702951136779966 ] ] ] } },
{ "type": "Feature", "properties": { "value": 1, "label": "AQHI 1", "color": "#01cbff", "timestamp": "2026-09-30 07:00:00", "generated_at": "2026-09-30T13:31:09.486326", "nearest_km": 120.52608680622714, "n_points": 6, "weight_sum": 0.00027269022737843858, "confidence": "Low", "flagged": false }, "geometry": { "type": "Polygon", "coordinates": [ [ [ -118.792199330721431, 53.702951136779966 ], [ -118.742199330721434, 53.702951136779966 ], [ -118.742199330721434, 53.752951136779963 ], [ -118.792199330721431, 53.752951136779963 ], [ -118.792199330721431, 53.702951136779966 ] ] ] } },
{ "type": "Feature", "properties": { "value": 1, "label": "AQHI 1", "color": "#01cbff", "timestamp": "2026-09-30 07:00:00", "generated_at": "2026-09-30T13:31:09.486326", "nearest_km": 117.02108583259846, "n_points": 6, "weight_sum": 0.00029127713103127892, "confidence": "Low", "flagged": false }, "geometry": { "type": "Polygon", "coordinates": [ [ [ -118.742199330721434, 53.702951136779966 ], [ -118.692199330721436, 53.702951136779966 ], [ -118.692199330721436, 53.752951136779963 ], [ -118.742199330721434, 53.752951136779963 ], [ -118.742199330721434, 53.702951136779966 ] ] ] } },
{ "type": "Feature", "properties": { "value": 1, "label": "AQHI 1", "color": "#01cbff", "timestamp": "2026-09-30 07:00:00", "generated_at": "2026-09-30T13:31:09.486326", "nearest_km": 113.67909419967486, "n_points": 6, "weight_sum": 0.00031130552386642106, "confidence": "Low", "flagged": false }, "geometry": { "type": "Polygon", "coordinates": [ [ [ -118.692199330721436, 53.702951136779966 ], [ -118.642199330721439, 53.702951136779966 ], [ -118.642199330721439, 53.752951136779963 ], [ -118.692199330721436, 53.752951136779963 ], [ -118.692199330721436, 53.702951136779966 ] ] ] } },
{ "type": "Feature", "properties": { "value": 1, "label": "AQHI 1", "color": "#01cbff", "timestamp": "2026-09-30 07:00:00", "generated_at": "2026-09-30T13:31:09.486326", "nearest_km": 110.51490119742546, "n_points": 6, "weight_sum": 0.00033286634978936568, "confidence": "Low", "flagged": false }, "geometry": { "type": "Polygon", "coordinates": [ [ [ -118.642199330721439, 53.702951136779966 ], [ -118.592199330721442, 53.702951136779966 ], [ -118.592199330721442, 53.752951136779963 ], [ -118.642199330721439, 53.752951136779963 ], [ -118.642199330721439, 53.702951136779966 ] ] ] } },
{ "type": "Feature", "properties": { "value": 1, "label": "AQHI 1", "color": "#01cbff", "timestamp": "2026-09-30 07:00:00", "generated_at": "2026-09-30T13:31:09.486326", "nearest_km": 107.5442016814243, "n_points": 6, "weight_sum": 0.00035605647773399082, "confidence": "Low", "flagged": false }, "geometry": { "type": "Polygon", "coordinates": [ [ [ -118.592199330721442, 53.702951136779966 ], [ -118.542199330721445, 53.702951136779966 ], [ -118.542199330721445, 53.752951136779963 ], [ -118.592199330721442, 53.752951136779963 ], [ -118.592199330721442, 53.702951136779966 ] ] ] } },
{ "type": "Feature", "properties": { "value": 1, "label": "AQHI 1", "color": "#01cbff", "timestamp": "2026-09-30 07:00:00", "generated_at": "2026-09-30T13:31:09.486326", "nearest_km": 104.78345405603413, "n_points": 7, "weight_sum": 0.00040413422799262565, "confidence": "Low", "flagged": false }, "geometry": { "type": "Polygon", "coordinates": [ [ [ -118.542199330721445, 53.702951136779966 ], [ -118.492199330721448, 53.702951136779966 ], [ -118.492199330721448, 53.752951136779963 ], [ -118.542199330721445, 53.752951136779963 ], [ -118.542199330721445, 53.702951136779966 ] ] ] } },
{ "type": "Feature", "properties": { "value": 1, "label": "AQHI 1", "color": "#01cbff", "timestamp": "2026-09-30 07:00:00", "generated_at": "2026-09-30T13:31:09.486326", "nearest_km": 102.24966587980207, "n_points": 7, "weight_sum": 0.00043214507255241979, "confidence": "Low", "flagged": false }, "geometry": { "type": "Polygon", "coordinates": [ [ [ -118.492199330721448, 53.702951136779966 ], [ -118.442199330721451, 53.702951136779966 ], [ -118.442199330721451, 53.752951136779963 ], [ -118.492199330721448, 53.752951136779963 ], [ -118.492199330721448, 53.702951136779966 ] ] ] } },
{ "type": "Feature", "properties": { "value": 1, "label": "AQHI 1", "color": "#01cbff", "timestamp": "2026-09-30 07:00:00", "generated_at": "2026-09-30T13:31:09.486326", "nearest_km": 99.929935964251754, "n_points": 7, "weight_sum": 0.00046224770362001278, "confidence": "Low", "flagged": false }, "geometry": { "type": "Polygon", "coordinates": [ [ [ -118.442199330721451, 53.702951136779966 ], [ -118.392199330721454, 53.702951136779966 ], [ -118.392199330721454, 53.752951136779963 ], [ -118.442199330721451, 53.752951136779963 ], [ -118.442199330721451, 53.702951136779966 ] ] ] } },
{ "type": "Feature", "properties": { "value": 1, "label": "AQHI 1", "color": "#01cbff", "timestamp": "2026-09-30 07:00:00", "generated_at": "2026-09-30T13:31:09.486326", "nearest_km": 96.028531372173362, "n_points": 7, "weight_sum": 0.00049467197159501388, "confidence": "Low", "flagged": false }, "geometry": { "type": "Polygon", "coordinates": [ [ [ -118.392199330721454, 53.702951136779966 ], [ -118.342199330721456, 53.702951136779966 ], [ -118.342199330721456, 53.752951136779963 ], [ -118.392199330721454, 53.752951136779963 ], [ -118.392199330721454, 53.702951136779966 ] ] ] } },
{ "type": "Feature", "properties": { "value": 1, "label": "AQHI 1", "color": "#01cbff", "timestamp": "2026-09-30 07:00:00", "generated_at": "2026-09-30T13:31:09.486326", "nearest_km": 90.869405182242872, "n_points": 7, "weight_sum": 0.00052974582065621375, "confidence": "Low", "flagged": false }, "geometry": { "type": "Polygon", "coordinates": [ [ [ -118.342199330721456, 53.702951136779966 ], [ -118.292199330721459, 53.702951136779966 ], [ -118.292199330721459, 53.752951136779963 ], [ -118.342199330721456, 53.752951136779963 ], [ -118.342199330721456, 53.702951136779966 ] ] ] } },
{ "type": "Feature", "properties": { "value": 1, "label": "AQHI 1", "color": "#01cbff", "timestamp": "2026-09-30 07:00:00", "generated_at": "2026-09-30T13:31:09.486326", "nearest_km": 85.759103066979222, "n_points": 9, "weight_sum": 0.00063677916009522806, "confidence": "Low", "flagged": false }, "geometry": { "type": "Polygon", "coordinates": [ [ [ -118.292199330721459, 53.702951136779966 ], [ -118.242199330721462, 53.702951136779966 ], [ -118.242199330721462, 53.752951136779963 ], [ -118.292199330721459, 53.752951136779963 ], [ -118.292199330721459, 53.702951136779966 ] ] ] } },
{ "type": "Feature", "properties": { "value": 1, "label": "AQHI 1", "color": "#01cbff", "timestamp": "2026-09-30 07:00:00", "generated_at": "2026-09-30T13:31:09.486326", "nearest_km": 80.706900073853021, "n_points": 9, "weight_sum": 0.00068369094421624874, "confidence": "Low", "flagged": false }, "geometry": { "type": "Polygon", "coordinates": [ [ [ -118.242199330721462, 53.702951136779966 ], [ -118.192199330721465, 53.702951136779966 ], [ -118.192199330721465, 53.752951136779963 ], [ -118.242199330721462, 53.752951136779963 ], [ -118.242199330721462, 53.702951136779966 ] ] ] } },
{ "type": "Feature", "properties": { "value": 1, "label": "AQHI 1", "color": "#01cbff", "timestamp": "2026-09-30 07:00:00", "generated_at": "2026-09-30T13:31:09.486326", "nearest_km": 75.724425915347965, "n_points": 9, "weight_sum": 0.0007358809177658921, "confidence": "Low", "flagged": false }, "geometry": { "type": "Polygon", "coordinates": [ [ [ -118.192199330721465, 53.702951136779966 ], [ -118.142199330721468, 53.702951136779966 ], [ -118.142199330721468, 53.752951136779963 ], [ -118.192199330721465, 53.752951136779963 ], [ -118.192199330721465, 53.702951136779966 ] ] ] } },
{ "type": "Feature", "properties": { "value": 1, "label": "AQHI 1", "color": "#01cbff", "timestamp": "2026-09-30 07:00:00", "generated_at": "2026-09-30T13:31:09.486326", "nearest_km": 70.8263979098693, "n_points": 9, "weight_sum": 0.00079476638085813043, "confidence": "Medium", "flagged": false }, "geometry": { "type": "Polygon", "coordinates": [ [ [ -118.142199330721468, 53.702951136779966 ], [ -118.092199330721471, 53.702951136779966 ], [ -118.092199330721471, 53.752951136779963 ], [ -118.142199330721468, 53.752951136779963 ], [ -118.142199330721468, 53.702951136779966 ] ] ] } },
{ "type": "Feature", "properties": { "value": 1, "label": "AQHI 1", "color": "#01cbff", "timestamp": "2026-09-30 07:00:00", "generated_at": "2026-09-30T13:31:09.486326", "nearest_km": 66.031610623740249, "n_points": 9, "weight_sum": 0.00086225729881314996, "confidence": "Medium", "flagged": false }, "geometry": { "type": "Polygon", "coordinates": [ [ [ -118.092199330721471, 53.702951136779966 ], [ -118.042199330721473, 53.702951136779966 ], [ -118.042199330721473, 53.752951136779963 ], [ -118.092199330721471, 53.752951136779963 ], [ -118.092199330721471, 53.702951136779966 ] ] ] } },
{ "type": "Feature", "properties": { "value": 1, "label": "AQHI 1", "color": "#01cbff", "timestamp": "2026-09-30 07:00:00", "generated_at": "2026-09-30T13:31:09.486326", "nearest_km": 61.364269426461441, "n_points": 9, "weight_sum": 0.00094085467077529596, "confidence": "Medium", "flagged": false }, "geometry": { "type": "Polygon", "coordinates": [ [ [ -118.042199330721473, 53.702951136779966 ], [ -117.992199330721476, 53.702951136779966 ], [ -117.992199330721476, 53.752951136779963 ], [ -118.042199330721473, 53.752951136779963 ], [ -118.042199330721473, 53.702951136779966 ] ] ] } },
{ "type": "Feature", "properties": { "value": 1, "label": "AQHI 1", "color": "#01cbff", "timestamp": "2026-09-30 07:00:00", "generated_at": "2026-09-30T13:31:09.486326", "nearest_km": 56.85576947787662, "n_points": 9, "weight_sum": 0.00103371088269232, "confidence": "Medium", "flagged": false }, "geometry": { "type": "Polygon", "coordinates": [ [ [ -117.992199330721476, 53.702951136779966 ], [ -117.942199330721479, 53.702951136779966 ], [ -117.942199330721479, 53.752951136779963 ], [ -117.992199330721476, 53.752951136779963 ], [ -117.992199330721476, 53.702951136779966 ] ] ] } },
{ "type": "Feature", "properties": { "value": 2, "label": "AQHI 2", "color": "#0099cb", "timestamp": "2026-09-30 07:00:00", "generated_at": "2026-09-30T13:31:09.486326", "nearest_km": 52.547012128184186, "n_points": 10, "weight_sum": 0.0011906223560962646, "confidence": "Medium", "flagged": false }, "geometry": { "type": "Polygon", "coordinates": [ [ [ -117.942199330721479, 53.702951136779966 ], [ -117.892199330721482, 53.702951136779966 ], [ -117.892199330721482, 53.752951136779963 ], [ -117.942199330721479, 53.752951136779963 ], [ -117.942199330721479, 53.702951136779966 ] ] ] } },
{ "type": "Feature", "properties": { "value": 2, "label": "AQHI 2", "color": "#0099cb", "timestamp": "2026-09-30 07:00:00", "generated_at": "2026-09-30T13:31:09.486326", "nearest_km": 48.491271836049187, "n_points": 10, "weight_sum": 0.0013266140697389365, "confidence": "Medium", "flagged": false }, "geometry": { "type": "Polygon", "coordinates": [ [ [ -117.892199330721482, 53.702951136779966 ], [ -117.842199330721485, 53.702951136779966 ], [ -117.842199330721485, 53.752951136779963 ], [ -117.892199330721482, 53.752951136779963 ], [ -117.892199330721482, 53.702951136779966 ] ] ] } },
{ "type": "Feature", "properties": { "value": 2, "label": "AQHI 2", "color": "#0099cb", "timestamp": "2026-09-30 07:00:00", "generated_at": "2026-09-30T13:31:09.486326", "nearest_km": 44.757383803744517, "n_points": 10, "weight_sum": 0.0014883311813796761, "confidence": "Medium", "flagged": false }, "geometry": { "type": "Polygon", "coordinates": [ [ [ -117.842199330721485, 53.702951136779966 ], [ -117.792199330721488, 53.702951136779966 ], [ -117.792199330721488, 53.752951136779963 ], [ -117.842199330721485, 53.752951136779963 ], [ -117.842199330721485, 53.702951136779966 ] ] ] } },
{ "type": "Feature", "properties": { "value": 2, "label": "AQHI 2", "color": "#0099cb", "timestamp": "2026-09-30 07:00:00", "generated_at": "2026-09-30T13:31:09.486326", "nearest_km": 41.167773067456075, "n_points": 10, "weight_sum": 0.0016766720428079112, "confidence": "Medium", "flagged": false }, "geometry": { "type": "Polygon", "coordinates": [ [ [ -117.792199330721488, 53.702951136779966 ], [ -117.74219933072149, 53.702951136779966 ], [ -117.74219933072149, 53.752951136779963 ], [ -117.792199330721488, 53.752951136779963 ], [ -117.792199330721488, 53.702951136779966 ] ] ] } },
{ "type": "Feature", "properties": { "value": 1, "label": "AQHI 1", "color": "#01cbff", "timestamp": "2026-09-30 07:00:00", "generated_at": "2026-09-30T13:31:09.486326", "nearest_km": 37.681085369872633, "n_points": 12, "weight_sum": 0.0019336793948916504, "confidence": "Medium", "flagged": false }, "geometry": { "type": "Polygon", "coordinates": [ [ [ -117.74219933072149, 53.702951136779966 ], [ -117.692199330721493, 53.702951136779966 ], [ -117.692199330721493, 53.752951136779963 ], [ -117.74219933072149, 53.752951136779963 ], [ -117.74219933072149, 53.702951136779966 ] ] ] } },
{ "type": "Feature", "properties": { "value": 2, "label": "AQHI 2", "color": "#0099cb", "timestamp": "2026-09-30 07:00:00", "generated_at": "2026-09-30T13:31:09.486326", "nearest_km": 34.735397650950958, "n_points": 13, "weight_sum": 0.0022008387967100726, "confidence": "Medium", "flagged": false }, "geometry": { "type": "Polygon", "coordinates": [ [ [ -117.692199330721493, 53.702951136779966 ], [ -117.642199330721496, 53.702951136779966 ], [ -117.642199330721496, 53.752951136779963 ], [ -117.692199330721493, 53.752951136779963 ], [ -117.692199330721493, 53.702951136779966 ] ] ] } },
{ "type": "Feature", "properties": { "value": 1, "label": "AQHI 1", "color": "#01cbff", "timestamp": "2026-09-30 07:00:00", "generated_at": "2026-09-30T13:31:09.486326", "nearest_km": 32.478246647375251, "n_points": 13, "weight_sum": 0.0024005279997349593, "confidence": "Medium", "flagged": false }, "geometry": { "type": "Polygon", "coordinates": [ [ [ -117.642199330721496, 53.702951136779966 ], [ -117.592199330721499, 53.702951136779966 ], [ -117.592199330721499, 53.752951136779963 ], [ -117.642199330721496, 53.752951136779963 ], [ -117.642199330721496, 53.702951136779966 ] ] ] } },
{ "type": "Feature", "properties": { "value": 1, "label": "AQHI 1", "color": "#01cbff", "timestamp": "2026-09-30 07:00:00", "generated_at": "2026-09-30T13:31:09.486326", "nearest_km": 31.060105611632874, "n_points": 13, "weight_sum": 0.0025372122466971441, "confidence": "Medium", "flagged": false }, "geometry": { "type": "Polygon", "coordinates": [ [ [ -117.592199330721499, 53.702951136779966 ], [ -117.542199330721502, 53.702951136779966 ], [ -117.542199330721502, 53.752951136779963 ], [ -117.592199330721499, 53.752951136779963 ], [ -117.592199330721499, 53.702951136779966 ] ] ] } },
{ "type": "Feature", "properties": { "value": 1, "label": "AQHI 1", "color": "#01cbff", "timestamp": "2026-09-30 07:00:00", "generated_at": "2026-09-30T13:31:09.486326", "nearest_km": 30.597856394261132, "n_points": 13, "weight_sum": 0.0025771837536318776, "confidence": "Medium", "flagged": false }, "geometry": { "type": "Polygon", "coordinates": [ [ [ -117.542199330721502, 53.702951136779966 ], [ -117.492199330721505, 53.702951136779966 ], [ -117.492199330721505, 53.752951136779963 ], [ -117.542199330721502, 53.752951136779963 ], [ -117.542199330721502, 53.702951136779966 ] ] ] } },
{ "type": "Feature", "properties": { "value": 1, "label": "AQHI 1", "color": "#01cbff", "timestamp": "2026-09-30 07:00:00", "generated_at": "2026-09-30T13:31:09.486326", "nearest_km": 31.134104632088889, "n_points": 13, "weight_sum": 0.0025138788662291103, "confidence": "Medium", "flagged": false }, "geometry": { "type": "Polygon", "coordinates": [ [ [ -117.492199330721505, 53.702951136779966 ], [ -117.442199330721508, 53.702951136779966 ], [ -117.442199330721508, 53.752951136779963 ], [ -117.492199330721505, 53.752951136779963 ], [ -117.492199330721505, 53.702951136779966 ] ] ] } },
{ "type": "Feature", "properties": { "value": 1, "label": "AQHI 1", "color": "#01cbff", "timestamp": "2026-09-30 07:00:00", "generated_at": "2026-09-30T13:31:09.486326", "nearest_km": 32.619643262302596, "n_points": 13, "weight_sum": 0.0023735661267342005, "confidence": "Medium", "flagged": false }, "geometry": { "type": "Polygon", "coordinates": [ [ [ -117.442199330721508, 53.702951136779966 ], [ -117.39219933072151, 53.702951136779966 ], [ -117.39219933072151, 53.752951136779963 ], [ -117.442199330721508, 53.752951136779963 ], [ -117.442199330721508, 53.702951136779966 ] ] ] } },
{ "type": "Feature", "properties": { "value": 1, "label": "AQHI 1", "color": "#01cbff", "timestamp": "2026-09-30 07:00:00", "generated_at": "2026-09-30T13:31:09.486326", "nearest_km": 34.9335767117812, "n_points": 13, "weight_sum": 0.002198297052996556, "confidence": "Medium", "flagged": false }, "geometry": { "type": "Polygon", "coordinates": [ [ [ -117.39219933072151, 53.702951136779966 ], [ -117.342199330721513, 53.702951136779966 ], [ -117.342199330721513, 53.752951136779963 ], [ -117.39219933072151, 53.752951136779963 ], [ -117.39219933072151, 53.702951136779966 ] ] ] } },
{ "type": "Feature", "properties": { "value": 2, "label": "AQHI 2", "color": "#0099cb", "timestamp": "2026-09-30 07:00:00", "generated_at": "2026-09-30T13:31:09.486326", "nearest_km": 37.924575636332605, "n_points": 13, "weight_sum": 0.0020241388666942385, "confidence": "Medium", "flagged": false }, "geometry": { "type": "Polygon", "coordinates": [ [ [ -117.342199330721513, 53.702951136779966 ], [ -117.292199330721516, 53.702951136779966 ], [ -117.292199330721516, 53.752951136779963 ], [ -117.342199330721513, 53.752951136779963 ], [ -117.342199330721513, 53.702951136779966 ] ] ] } },
{ "type": "Feature", "properties": { "value": 2, "label": "AQHI 2", "color": "#0099cb", "timestamp": "2026-09-30 07:00:00", "generated_at": "2026-09-30T13:31:09.486326", "nearest_km": 41.44631578939093, "n_points": 13, "weight_sum": 0.0018718216453720894, "confidence": "Medium", "flagged": false }, "geometry": { "type": "Polygon", "coordinates": [ [ [ -117.292199330721516, 53.702951136779966 ], [ -117.242199330721519, 53.702951136779966 ], [ -117.242199330721519, 53.752951136779963 ], [ -117.292199330721516, 53.752951136779963 ], [ -117.292199330721516, 53.702951136779966 ] ] ] } },
{ "type": "Feature", "properties": { "value": 2, "label": "AQHI 2", "color": "#0099cb", "timestamp": "2026-09-30 07:00:00", "generated_at": "2026-09-30T13:31:09.486326", "nearest_km": 45.375387026800254, "n_points": 13, "weight_sum": 0.0017488774237286162, "confidence": "Medium", "flagged": false }, "geometry": { "type": "Polygon", "coordinates": [ [ [ -117.242199330721519, 53.702951136779966 ], [ -117.192199330721522, 53.702951136779966 ], [ -117.192199330721522, 53.752951136779963 ], [ -117.242199330721519, 53.752951136779963 ], [ -117.242199330721519, 53.702951136779966 ] ] ] } },
{ "type": "Feature", "properties": { "value": 2, "label": "AQHI 2", "color": "#0099cb", "timestamp": "2026-09-30 07:00:00", "generated_at": "2026-09-30T13:31:09.486326", "nearest_km": 49.615112648767642, "n_points": 14, "weight_sum": 0.0016784458783457214, "confidence": "Medium", "flagged": false }, "geometry": { "type": "Polygon", "coordinates": [ [ [ -117.192199330721522, 53.702951136779966 ], [ -117.142199330721525, 53.702951136779966 ], [ -117.142199330721525, 53.752951136779963 ], [ -117.192199330721522, 53.752951136779963 ], [ -117.192199330721522, 53.702951136779966 ] ] ] } },
{ "type": "Feature", "properties": { "value": 2, "label": "AQHI 2", "color": "#0099cb", "timestamp": "2026-09-30 07:00:00", "generated_at": "2026-09-30T13:31:09.486326", "nearest_km": 54.092495398787854, "n_points": 14, "weight_sum": 0.0016131005144551873, "confidence": "Medium", "flagged": false }, "geometry": { "type": "Polygon", "coordinates": [ [ [ -117.142199330721525, 53.702951136779966 ], [ -117.092199330721527, 53.702951136779966 ], [ -117.092199330721527, 53.752951136779963 ], [ -117.142199330721525, 53.752951136779963 ], [ -117.142199330721525, 53.702951136779966 ] ] ] } },
{ "type": "Feature", "properties": { "value": 2, "label": "AQHI 2", "color": "#0099cb", "timestamp": "2026-09-30 07:00:00", "generated_at": "2026-09-30T13:31:09.486326", "nearest_km": 58.753227262728821, "n_points": 14, "weight_sum": 0.0015712408201336893, "confidence": "Medium", "flagged": false }, "geometry": { "type": "Polygon", "coordinates": [ [ [ -117.092199330721527, 53.702951136779966 ], [ -117.04219933072153, 53.702951136779966 ], [ -117.04219933072153, 53.752951136779963 ], [ -117.092199330721527, 53.752951136779963 ], [ -117.092199330721527, 53.702951136779966 ] ] ] } },
{ "type": "Feature", "properties": { "value": 2, "label": "AQHI 2", "color": "#0099cb", "timestamp": "2026-09-30 07:00:00", "generated_at": "2026-09-30T13:31:09.486326", "nearest_km": 63.552405220127021, "n_points": 13, "weight_sum": 0.0015300196674699674, "confidence": "Medium", "flagged": false }, "geometry": { "type": "Polygon", "coordinates": [ [ [ -117.04219933072153, 53.702951136779966 ], [ -116.992199330721533, 53.702951136779966 ], [ -116.992199330721533, 53.752951136779963 ], [ -117.04219933072153, 53.752951136779963 ], [ -117.04219933072153, 53.702951136779966 ] ] ] } },
{ "type": "Feature", "properties": { "value": 2, "label": "AQHI 2", "color": "#0099cb", "timestamp": "2026-09-30 07:00:00", "generated_at": "2026-09-30T13:31:09.486326", "nearest_km": 62.409267172944112, "n_points": 10, "weight_sum": 0.0014467394650027198, "confidence": "Medium", "flagged": false }, "geometry": { "type": "Polygon", "coordinates": [ [ [ -116.992199330721533, 53.702951136779966 ], [ -116.942199330721536, 53.702951136779966 ], [ -116.942199330721536, 53.752951136779963 ], [ -116.992199330721533, 53.752951136779963 ], [ -116.992199330721533, 53.702951136779966 ] ] ] } },
{ "type": "Feature", "properties": { "value": 2, "label": "AQHI 2", "color": "#0099cb", "timestamp": "2026-09-30 07:00:00", "generated_at": "2026-09-30T13:31:09.486326", "nearest_km": 57.008549434992169, "n_points": 10, "weight_sum": 0.0014795683355642662, "confidence": "Medium", "flagged": false }, "geometry": { "type": "Polygon", "coordinates": [ [ [ -116.942199330721536, 53.702951136779966 ], [ -116.892199330721539, 53.702951136779966 ], [ -116.892199330721539, 53.752951136779963 ], [ -116.942199330721536, 53.752951136779963 ], [ -116.942199330721536, 53.702951136779966 ] ] ] } },
{ "type": "Feature", "properties": { "value": 2, "label": "AQHI 2", "color": "#0099cb", "timestamp": "2026-09-30 07:00:00", "generated_at": "2026-09-30T13:31:09.486326", "nearest_km": 51.639498335091972, "n_points": 10, "weight_sum": 0.0015436891460427139, "confidence": "Medium", "flagged": false }, "geometry": { "type": "Polygon", "coordinates": [ [ [ -116.892199330721539, 53.702951136779966 ], [ -116.842199330721542, 53.702951136779966 ], [ -116.842199330721542, 53.752951136779963 ], [ -116.892199330721539, 53.752951136779963 ], [ -116.892199330721539, 53.702951136779966 ] ] ] } },
{ "type": "Feature", "properties": { "value": 2, "label": "AQHI 2", "color": "#0099cb", "timestamp": "2026-09-30 07:00:00", "generated_at": "2026-09-30T13:31:09.486326", "nearest_km": 46.313128461786945, "n_points": 10, "weight_sum": 0.0016507488062325946, "confidence": "Medium", "flagged": false }, "geometry": { "type": "Polygon", "coordinates": [ [ [ -116.842199330721542, 53.702951136779966 ], [ -116.792199330721544, 53.702951136779966 ], [ -116.792199330721544, 53.752951136779963 ], [ -116.842199330721542, 53.752951136779963 ], [ -116.842199330721542, 53.702951136779966 ] ] ] } },
{ "type": "Feature", "properties": { "value": 2, "label": "AQHI 2", "color": "#0099cb", "timestamp": "2026-09-30 07:00:00", "generated_at": "2026-09-30T13:31:09.486326", "nearest_km": 41.046058855095758, "n_points": 10, "weight_sum": 0.0018202345716306363, "confidence": "Medium", "flagged": false }, "geometry": { "type": "Polygon", "coordinates": [ [ [ -116.792199330721544, 53.702951136779966 ], [ -116.742199330721547, 53.702951136779966 ], [ -116.742199330721547, 53.752951136779963 ], [ -116.792199330721544, 53.752951136779963 ], [ -116.792199330721544, 53.702951136779966 ] ] ] } },
{ "type": "Feature", "properties": { "value": 2, "label": "AQHI 2", "color": "#0099cb", "timestamp": "2026-09-30 07:00:00", "generated_at": "2026-09-30T13:31:09.486326", "nearest_km": 35.864425649297438, "n_points": 10, "weight_sum": 0.0020850211919377273, "confidence": "Medium", "flagged": false }, "geometry": { "type": "Polygon", "coordinates": [ [ [ -116.742199330721547, 53.702951136779966 ], [ -116.69219933072155, 53.702951136779966 ], [ -116.69219933072155, 53.752951136779963 ], [ -116.742199330721547, 53.752951136779963 ], [ -116.742199330721547, 53.702951136779966 ] ] ] } },
{ "type": "Feature", "properties": { "value": 2, "label": "AQHI 2", "color": "#0099cb", "timestamp": "2026-09-30 07:00:00", "generated_at": "2026-09-30T13:31:09.486326", "nearest_km": 30.811363273506352, "n_points": 9, "weight_sum": 0.002480348812650282, "confidence": "Medium", "flagged": false }, "geometry": { "type": "Polygon", "coordinates": [ [ [ -116.69219933072155, 53.702951136779966 ], [ -116.642199330721553, 53.702951136779966 ], [ -116.642199330721553, 53.752951136779963 ], [ -116.69219933072155, 53.752951136779963 ], [ -116.69219933072155, 53.702951136779966 ] ] ] } },
{ "type": "Feature", "properties": { "value": 2, "label": "AQHI 2", "color": "#0099cb", "timestamp": "2026-09-30 07:00:00", "generated_at": "2026-09-30T13:31:09.486326", "nearest_km": 25.96205281540659, "n_points": 9, "weight_sum": 0.0031537392660924268, "confidence": "Medium", "flagged": false }, "geometry": { "type": "Polygon", "coordinates": [ [ [ -116.642199330721553, 53.702951136779966 ], [ -116.592199330721556, 53.702951136779966 ], [ -116.592199330721556, 53.752951136779963 ], [ -116.642199330721553, 53.752951136779963 ], [ -116.642199330721553, 53.702951136779966 ] ] ] } },
{ "type": "Feature", "properties": { "value": 2, "label": "AQHI 2", "color": "#0099cb", "timestamp": "2026-09-30 07:00:00", "generated_at": "2026-09-30T13:31:09.486326", "nearest_km": 21.455098834727824, "n_points": 9, "weight_sum": 0.004267110905018274, "confidence": "High", "flagged": false }, "geometry": { "type": "Polygon", "coordinates": [ [ [ -116.592199330721556, 53.702951136779966 ], [ -116.542199330721559, 53.702951136779966 ], [ -116.542199330721559, 53.752951136779963 ], [ -116.592199330721556, 53.752951136779963 ], [ -116.592199330721556, 53.702951136779966 ] ] ] } },
{ "type": "Feature", "properties": { "value": 2, "label": "AQHI 2", "color": "#0099cb", "timestamp": "2026-09-30 07:00:00", "generated_at": "2026-09-30T13:31:09.486326", "nearest_km": 17.556176851066127, "n_points": 9, "weight_sum": 0.0061198256978769383, "confidence": "High", "flagged": false }, "geometry": { "type": "Polygon", "coordinates": [ [ [ -116.542199330721559, 53.702951136779966 ], [ -116.492199330721562, 53.702951136779966 ], [ -116.492199330721562, 53.752951136779963 ], [ -116.542199330721559, 53.752951136779963 ], [ -116.542199330721559, 53.702951136779966 ] ] ] } },
{ "type": "Feature", "properties": { "value": 2, "label": "AQHI 2", "color": "#0099cb", "timestamp": "2026-09-30 07:00:00", "generated_at": "2026-09-30T13:31:09.486326", "nearest_km": 14.481116969049745, "n_points": 9, "weight_sum": 0.0089498039404174341, "confidence": "High", "flagged": false }, "geometry": { "type": "Polygon", "coordinates": [ [ [ -116.492199330721562, 53.702951136779966 ], [ -116.442199330721564, 53.702951136779966 ], [ -116.442199330721564, 53.752951136779963 ], [ -116.492199330721562, 53.752951136779963 ], [ -116.492199330721562, 53.702951136779966 ] ] ] } },
{ "type": "Feature", "properties": { "value": 2, "label": "AQHI 2", "color": "#0099cb", "timestamp": "2026-09-30 07:00:00", "generated_at": "2026-09-30T13:31:09.486326", "nearest_km": 12.636711351821702, "n_points": 9, "weight_sum": 0.011953978283520694, "confidence": "High", "flagged": false }, "geometry": { "type": "Polygon", "coordinates": [ [ [ -116.442199330721564, 53.702951136779966 ], [ -116.392199330721567, 53.702951136779966 ], [ -116.392199330721567, 53.752951136779963 ], [ -116.442199330721564, 53.752951136779963 ], [ -116.442199330721564, 53.702951136779966 ] ] ] } },
{ "type": "Feature", "properties": { "value": 2, "label": "AQHI 2", "color": "#0099cb", "timestamp": "2026-09-30 07:00:00", "generated_at": "2026-09-30T13:31:09.486326", "nearest_km": 12.136925152148265, "n_points": 9, "weight_sum": 0.012495570190138803, "confidence": "High", "flagged": false }, "geometry": { "type": "Polygon", "coordinates": [ [ [ -116.392199330721567, 53.702951136779966 ], [ -116.34219933072157, 53.702951136779966 ], [ -116.34219933072157, 53.752951136779963 ], [ -116.392199330721567, 53.752951136779963 ], [ -116.392199330721567, 53.702951136779966 ] ] ] } },
{ "type": "Feature", "properties": { "value": 2, "label": "AQHI 2", "color": "#0099cb", "timestamp": "2026-09-30 07:00:00", "generated_at": "2026-09-30T13:31:09.486326", "nearest_km": 13.37237565157408, "n_points": 10, "weight_sum": 0.0097772597096830137, "confidence": "High", "flagged": false }, "geometry": { "type": "Polygon", "coordinates": [ [ [ -116.34219933072157, 53.702951136779966 ], [ -116.292199330721573, 53.702951136779966 ], [ -116.292199330721573, 53.752951136779963 ], [ -116.34219933072157, 53.752951136779963 ], [ -116.34219933072157, 53.702951136779966 ] ] ] } },
{ "type": "Feature", "properties": { "value": 2, "label": "AQHI 2", "color": "#0099cb", "timestamp": "2026-09-30 07:00:00", "generated_at": "2026-09-30T13:31:09.486326", "nearest_km": 16.490630945623831, "n_points": 13, "weight_sum": 0.0067010568550875576, "confidence": "High", "flagged": false }, "geometry": { "type": "Polygon", "coordinates": [ [ [ -116.292199330721573, 53.702951136779966 ], [ -116.242199330721576, 53.702951136779966 ], [ -116.242199330721576, 53.752951136779963 ], [ -116.292199330721573, 53.752951136779963 ], [ -116.292199330721573, 53.702951136779966 ] ] ] } },
{ "type": "Feature", "properties": { "value": 2, "label": "AQHI 2", "color": "#0099cb", "timestamp": "2026-09-30 07:00:00", "generated_at": "2026-09-30T13:31:09.486326", "nearest_km": 20.655904419867806, "n_points": 13, "weight_sum": 0.0046291533744082748, "confidence": "High", "flagged": false }, "geometry": { "type": "Polygon", "coordinates": [ [ [ -116.242199330721576, 53.702951136779966 ], [ -116.192199330721579, 53.702951136779966 ], [ -116.192199330721579, 53.752951136779963 ], [ -116.242199330721576, 53.752951136779963 ], [ -116.242199330721576, 53.702951136779966 ] ] ] } },
{ "type": "Feature", "properties": { "value": 2, "label": "AQHI 2", "color": "#0099cb", "timestamp": "2026-09-30 07:00:00", "generated_at": "2026-09-30T13:31:09.486326", "nearest_km": 25.357382866152719, "n_points": 13, "weight_sum": 0.0034246966434166742, "confidence": "Medium", "flagged": false }, "geometry": { "type": "Polygon", "coordinates": [ [ [ -116.192199330721579, 53.702951136779966 ], [ -116.142199330721581, 53.702951136779966 ], [ -116.142199330721581, 53.752951136779963 ], [ -116.192199330721579, 53.752951136779963 ], [ -116.192199330721579, 53.702951136779966 ] ] ] } },
{ "type": "Feature", "properties": { "value": 2, "label": "AQHI 2", "color": "#0099cb", "timestamp": "2026-09-30 07:00:00", "generated_at": "2026-09-30T13:31:09.486326", "nearest_km": 30.346867123948549, "n_points": 13, "weight_sum": 0.0027910078979488332, "confidence": "Medium", "flagged": false }, "geometry": { "type": "Polygon", "coordinates": [ [ [ -116.142199330721581, 53.702951136779966 ], [ -116.092199330721584, 53.702951136779966 ], [ -116.092199330721584, 53.752951136779963 ], [ -116.142199330721581, 53.752951136779963 ], [ -116.142199330721581, 53.702951136779966 ] ] ] } },
{ "type": "Feature", "properties": { "value": 2, "label": "AQHI 2", "color": "#0099cb", "timestamp": "2026-09-30 07:00:00", "generated_at": "2026-09-30T13:31:09.486326", "nearest_km": 26.227162242582448, "n_points": 13, "weight_sum": 0.0025271251323298136, "confidence": "Medium", "flagged": false }, "geometry": { "type": "Polygon", "coordinates": [ [ [ -116.092199330721584, 53.702951136779966 ], [ -116.042199330721587, 53.702951136779966 ], [ -116.042199330721587, 53.752951136779963 ], [ -116.092199330721584, 53.752951136779963 ], [ -116.092199330721584, 53.702951136779966 ] ] ] } },
{ "type": "Feature", "properties": { "value": 1, "label": "AQHI 1", "color": "#01cbff", "timestamp": "2026-09-30 07:00:00", "generated_at": "2026-09-30T13:31:09.486326", "nearest_km": 21.122298310474932, "n_points": 13, "weight_sum": 0.0026012060399652893, "confidence": "High", "flagged": false }, "geometry": { "type": "Polygon", "coordinates": [ [ [ -116.042199330721587, 53.702951136779966 ], [ -115.99219933072159, 53.702951136779966 ], [ -115.99219933072159, 53.752951136779963 ], [ -116.042199330721587, 53.752951136779963 ], [ -116.042199330721587, 53.702951136779966 ] ] ] } },
{ "type": "Feature", "properties": { "value": 1, "label": "AQHI 1", "color": "#01cbff", "timestamp": "2026-09-30 07:00:00", "generated_at": "2026-09-30T13:31:09.486326", "nearest_km": 16.310853212957166, "n_points": 14, "weight_sum": 0.0031669546424267225, "confidence": "High", "flagged": false }, "geometry": { "type": "Polygon", "coordinates": [ [ [ -115.99219933072159, 53.702951136779966 ], [ -115.942199330721593, 53.702951136779966 ], [ -115.942199330721593, 53.752951136779963 ], [ -115.99219933072159, 53.752951136779963 ], [ -115.99219933072159, 53.702951136779966 ] ] ] } },
{ "type": "Feature", "properties": { "value": 1, "label": "AQHI 1", "color": "#01cbff", "timestamp": "2026-09-30 07:00:00", "generated_at": "2026-09-30T13:31:09.486326", "nearest_km": 12.14666123478262, "n_points": 15, "weight_sum": 0.0045526935757441859, "confidence": "High", "flagged": false }, "geometry": { "type": "Polygon", "coordinates": [ [ [ -115.942199330721593, 53.702951136779966 ], [ -115.892199330721596, 53.702951136779966 ], [ -115.892199330721596, 53.752951136779963 ], [ -115.942199330721593, 53.752951136779963 ], [ -115.942199330721593, 53.702951136779966 ] ] ] } },
{ "type": "Feature", "properties": { "value": 1, "label": "AQHI 1", "color": "#01cbff", "timestamp": "2026-09-30 07:00:00", "generated_at": "2026-09-30T13:31:09.486326", "nearest_km": 9.5207051088929155, "n_points": 15, "weight_sum": 0.006581874825835536, "confidence": "High", "flagged": false }, "geometry": { "type": "Polygon", "coordinates": [ [ [ -115.892199330721596, 53.702951136779966 ], [ -115.842199330721598, 53.702951136779966 ], [ -115.842199330721598, 53.752951136779963 ], [ -115.892199330721596, 53.752951136779963 ], [ -115.892199330721596, 53.702951136779966 ] ] ] } },
{ "type": "Feature", "properties": { "value": 1, "label": "AQHI 1", "color": "#01cbff", "timestamp": "2026-09-30 07:00:00", "generated_at": "2026-09-30T13:31:09.486326", "nearest_km": 9.7647976112370838, "n_points": 13, "weight_sum": 0.0061818233019705331, "confidence": "High", "flagged": false }, "geometry": { "type": "Polygon", "coordinates": [ [ [ -115.842199330721598, 53.702951136779966 ], [ -115.792199330721601, 53.702951136779966 ], [ -115.792199330721601, 53.752951136779963 ], [ -115.842199330721598, 53.752951136779963 ], [ -115.842199330721598, 53.702951136779966 ] ] ] } },
{ "type": "Feature", "properties": { "value": 1, "label": "AQHI 1", "color": "#01cbff", "timestamp": "2026-09-30 07:00:00", "generated_at": "2026-09-30T13:31:09.486326", "nearest_km": 12.714704833630085, "n_points": 13, "weight_sum": 0.0039993180573785854, "confidence": "High", "flagged": false }, "geometry": { "type": "Polygon", "coordinates": [ [ [ -115.792199330721601, 53.702951136779966 ], [ -115.742199330721604, 53.702951136779966 ], [ -115.742199330721604, 53.752951136779963 ], [ -115.792199330721601, 53.752951136779963 ], [ -115.792199330721601, 53.702951136779966 ] ] ] } },
{ "type": "Feature", "properties": { "value": 1, "label": "AQHI 1", "color": "#01cbff", "timestamp": "2026-09-30 07:00:00", "generated_at": "2026-09-30T13:31:09.486326", "nearest_km": 17.017084521863431, "n_points": 13, "weight_sum": 0.0026244115174259958, "confidence": "High", "flagged": false }, "geometry": { "type": "Polygon", "coordinates": [ [ [ -115.742199330721604, 53.702951136779966 ], [ -115.692199330721607, 53.702951136779966 ], [ -115.692199330721607, 53.752951136779963 ], [ -115.742199330721604, 53.752951136779963 ], [ -115.742199330721604, 53.702951136779966 ] ] ] } },
{ "type": "Feature", "properties": { "value": 1, "label": "AQHI 1", "color": "#01cbff", "timestamp": "2026-09-30 07:00:00", "generated_at": "2026-09-30T13:31:09.486326", "nearest_km": 21.888435582337646, "n_points": 13, "weight_sum": 0.0019536150604598191, "confidence": "High", "flagged": false }, "geometry": { "type": "Polygon", "coordinates": [ [ [ -115.692199330721607, 53.702951136779966 ], [ -115.64219933072161, 53.702951136779966 ], [ -115.64219933072161, 53.752951136779963 ], [ -115.692199330721607, 53.752951136779963 ], [ -115.692199330721607, 53.702951136779966 ] ] ] } },
{ "type": "Feature", "properties": { "value": 1, "label": "AQHI 1", "color": "#01cbff", "timestamp": "2026-09-30 07:00:00", "generated_at": "2026-09-30T13:31:09.486326", "nearest_km": 27.022787769955169, "n_points": 12, "weight_sum": 0.0015836289888358139, "confidence": "Medium", "flagged": false }, "geometry": { "type": "Polygon", "coordinates": [ [ [ -115.64219933072161, 53.702951136779966 ], [ -115.592199330721613, 53.702951136779966 ], [ -115.592199330721613, 53.752951136779963 ], [ -115.64219933072161, 53.752951136779963 ], [ -115.64219933072161, 53.702951136779966 ] ] ] } },
{ "type": "Feature", "properties": { "value": 1, "label": "AQHI 1", "color": "#01cbff", "timestamp": "2026-09-30 07:00:00", "generated_at": "2026-09-30T13:31:09.486326", "nearest_km": 32.294945509753155, "n_points": 12, "weight_sum": 0.0014362628279196042, "confidence": "Medium", "flagged": false }, "geometry": { "type": "Polygon", "coordinates": [ [ [ -115.592199330721613, 53.702951136779966 ], [ -115.542199330721616, 53.702951136779966 ], [ -115.542199330721616, 53.752951136779963 ], [ -115.592199330721613, 53.752951136779963 ], [ -115.592199330721613, 53.702951136779966 ] ] ] } },
{ "type": "Feature", "properties": { "value": 1, "label": "AQHI 1", "color": "#01cbff", "timestamp": "2026-09-30 07:00:00", "generated_at": "2026-09-30T13:31:09.486326", "nearest_km": 37.647057681787103, "n_points": 12, "weight_sum": 0.0013931447803486948, "confidence": "Medium", "flagged": false }, "geometry": { "type": "Polygon", "coordinates": [ [ [ -115.542199330721616, 53.702951136779966 ], [ -115.492199330721618, 53.702951136779966 ], [ -115.492199330721618, 53.752951136779963 ], [ -115.542199330721616, 53.752951136779963 ], [ -115.542199330721616, 53.702951136779966 ] ] ] } },
{ "type": "Feature", "properties": { "value": 1, "label": "AQHI 1", "color": "#01cbff", "timestamp": "2026-09-30 07:00:00", "generated_at": "2026-09-30T13:31:09.486326", "nearest_km": 43.049313568437746, "n_points": 13, "weight_sum": 0.0014697206626442453, "confidence": "Medium", "flagged": false }, "geometry": { "type": "Polygon", "coordinates": [ [ [ -115.492199330721618, 53.702951136779966 ], [ -115.442199330721621, 53.702951136779966 ], [ -115.442199330721621, 53.752951136779963 ], [ -115.492199330721618, 53.752951136779963 ], [ -115.492199330721618, 53.702951136779966 ] ] ] } },
{ "type": "Feature", "properties": { "value": 1, "label": "AQHI 1", "color": "#01cbff", "timestamp": "2026-09-30 07:00:00", "generated_at": "2026-09-30T13:31:09.486326", "nearest_km": 48.298362559488481, "n_points": 13, "weight_sum": 0.0015725265880235095, "confidence": "Medium", "flagged": false }, "geometry": { "type": "Polygon", "coordinates": [ [ [ -115.442199330721621, 53.702951136779966 ], [ -115.392199330721624, 53.702951136779966 ], [ -115.392199330721624, 53.752951136779963 ], [ -115.442199330721621, 53.752951136779963 ], [ -115.442199330721621, 53.702951136779966 ] ] ] } },
{ "type": "Feature", "properties": { "value": 1, "label": "AQHI 1", "color": "#01cbff", "timestamp": "2026-09-30 07:00:00", "generated_at": "2026-09-30T13:31:09.486326", "nearest_km": 42.910138605529085, "n_points": 13, "weight_sum": 0.0017494679153883617, "confidence": "Medium", "flagged": false }, "geometry": { "type": "Polygon", "coordinates": [ [ [ -115.392199330721624, 53.702951136779966 ], [ -115.342199330721627, 53.702951136779966 ], [ -115.342199330721627, 53.752951136779963 ], [ -115.392199330721624, 53.752951136779963 ], [ -115.392199330721624, 53.702951136779966 ] ] ] } },
{ "type": "Feature", "properties": { "value": 1, "label": "AQHI 1", "color": "#01cbff", "timestamp": "2026-09-30 07:00:00", "generated_at": "2026-09-30T13:31:09.486326", "nearest_km": 37.569045294811922, "n_points": 13, "weight_sum": 0.0020218321526560396, "confidence": "Medium", "flagged": false }, "geometry": { "type": "Polygon", "coordinates": [ [ [ -115.342199330721627, 53.702951136779966 ], [ -115.29219933072163, 53.702951136779966 ], [ -115.29219933072163, 53.752951136779963 ], [ -115.342199330721627, 53.752951136779963 ], [ -115.342199330721627, 53.702951136779966 ] ] ] } },
{ "type": "Feature", "properties": { "value": 1, "label": "AQHI 1", "color": "#01cbff", "timestamp": "2026-09-30 07:00:00", "generated_at": "2026-09-30T13:31:09.486326", "nearest_km": 32.298472619948058, "n_points": 13, "weight_sum": 0.0024329735561612886, "confidence": "Medium", "flagged": false }, "geometry": { "type": "Polygon", "coordinates": [ [ [ -115.29219933072163, 53.702951136779966 ], [ -115.242199330721633, 53.702951136779966 ], [ -115.242199330721633, 53.752951136779963 ], [ -115.29219933072163, 53.752951136779963 ], [ -115.29219933072163, 53.702951136779966 ] ] ] } },
{ "type": "Feature", "properties": { "value": 1, "label": "AQHI 1", "color": "#01cbff", "timestamp": "2026-09-30 07:00:00", "generated_at": "2026-09-30T13:31:09.486326", "nearest_km": 27.139537630538822, "n_points": 13, "weight_sum": 0.0030662374208834811, "confidence": "Medium", "flagged": false }, "geometry": { "type": "Polygon", "coordinates": [ [ [ -115.242199330721633, 53.702951136779966 ], [ -115.192199330721635, 53.702951136779966 ], [ -115.192199330721635, 53.752951136779963 ], [ -115.242199330721633, 53.752951136779963 ], [ -115.242199330721633, 53.702951136779966 ] ] ] } },
{ "type": "Feature", "properties": { "value": 1, "label": "AQHI 1", "color": "#01cbff", "timestamp": "2026-09-30 07:00:00", "generated_at": "2026-09-30T13:31:09.486326", "nearest_km": 22.170310598124772, "n_points": 13, "weight_sum": 0.0040839569672657099, "confidence": "High", "flagged": false }, "geometry": { "type": "Polygon", "coordinates": [ [ [ -115.192199330721635, 53.702951136779966 ], [ -115.142199330721638, 53.702951136779966 ], [ -115.142199330721638, 53.752951136779963 ], [ -115.192199330721635, 53.752951136779963 ], [ -115.192199330721635, 53.702951136779966 ] ] ] } },
{ "type": "Feature", "properties": { "value": 1, "label": "AQHI 1", "color": "#01cbff", "timestamp": "2026-09-30 07:00:00", "generated_at": "2026-09-30T13:31:09.486326", "nearest_km": 17.552659093003758, "n_points": 13, "weight_sum": 0.0058008258498825306, "confidence": "High", "flagged": false }, "geometry": { "type": "Polygon", "coordinates": [ [ [ -115.142199330721638, 53.702951136779966 ], [ -115.092199330721641, 53.702951136779966 ], [ -115.092199330721641, 53.752951136779963 ], [ -115.142199330721638, 53.752951136779963 ], [ -115.142199330721638, 53.702951136779966 ] ] ] } },
{ "type": "Feature", "properties": { "value": 1, "label": "AQHI 1", "color": "#01cbff", "timestamp": "2026-09-30 07:00:00", "generated_at": "2026-09-30T13:31:09.486326", "nearest_km": 13.648223710545064, "n_points": 13, "weight_sum": 0.0087407740002585898, "confidence": "High", "flagged": false }, "geometry": { "type": "Polygon", "coordinates": [ [ [ -115.092199330721641, 53.702951136779966 ], [ -115.042199330721644, 53.702951136779966 ], [ -115.042199330721644, 53.752951136779963 ], [ -115.092199330721641, 53.752951136779963 ], [ -115.092199330721641, 53.702951136779966 ] ] ] } },
{ "type": "Feature", "properties": { "value": 1, "label": "AQHI 1", "color": "#01cbff", "timestamp": "2026-09-30 07:00:00", "generated_at": "2026-09-30T13:31:09.486326", "nearest_km": 11.227518856406094, "n_points": 11, "weight_sum": 0.012745608739169533, "confidence": "High", "flagged": false }, "geometry": { "type": "Polygon", "coordinates": [ [ [ -115.042199330721644, 53.702951136779966 ], [ -114.992199330721647, 53.702951136779966 ], [ -114.992199330721647, 53.752951136779963 ], [ -115.042199330721644, 53.752951136779963 ], [ -115.042199330721644, 53.702951136779966 ] ] ] } },
{ "type": "Feature", "properties": { "value": 1, "label": "AQHI 1", "color": "#01cbff", "timestamp": "2026-09-30 07:00:00", "generated_at": "2026-09-30T13:31:09.486326", "nearest_km": 11.289169539377879, "n_points": 11, "weight_sum": 0.015061611917105058, "confidence": "High", "flagged": false }, "geometry": { "type": "Polygon", "coordinates": [ [ [ -114.992199330721647, 53.702951136779966 ], [ -114.94219933072165, 53.702951136779966 ], [ -114.94219933072165, 53.752951136779963 ], [ -114.992199330721647, 53.752951136779963 ], [ -114.992199330721647, 53.702951136779966 ] ] ] } },
{ "type": "Feature", "properties": { "value": 1, "label": "AQHI 1", "color": "#01cbff", "timestamp": "2026-09-30 07:00:00", "generated_at": "2026-09-30T13:31:09.486326", "nearest_km": 12.566911124214501, "n_points": 12, "weight_sum": 0.012999015503902357, "confidence": "High", "flagged": false }, "geometry": { "type": "Polygon", "coordinates": [ [ [ -114.94219933072165, 53.702951136779966 ], [ -114.892199330721652, 53.702951136779966 ], [ -114.892199330721652, 53.752951136779963 ], [ -114.94219933072165, 53.752951136779963 ], [ -114.94219933072165, 53.702951136779966 ] ] ] } },
{ "type": "Feature", "properties": { "value": 1, "label": "AQHI 1", "color": "#01cbff", "timestamp": "2026-09-30 07:00:00", "generated_at": "2026-09-30T13:31:09.486326", "nearest_km": 14.983888825059783, "n_points": 12, "weight_sum": 0.0093252925561660583, "confidence": "High", "flagged": false }, "geometry": { "type": "Polygon", "coordinates": [ [ [ -114.892199330721652, 53.702951136779966 ], [ -114.842199330721655, 53.702951136779966 ], [ -114.842199330721655, 53.752951136779963 ], [ -114.892199330721652, 53.752951136779963 ], [ -114.892199330721652, 53.702951136779966 ] ] ] } },
{ "type": "Feature", "properties": { "value": 1, "label": "AQHI 1", "color": "#01cbff", "timestamp": "2026-09-30 07:00:00", "generated_at": "2026-09-30T13:31:09.486326", "nearest_km": 18.78061749356473, "n_points": 13, "weight_sum": 0.0068704986396747117, "confidence": "High", "flagged": false }, "geometry": { "type": "Polygon", "coordinates": [ [ [ -114.842199330721655, 53.702951136779966 ], [ -114.792199330721658, 53.702951136779966 ], [ -114.792199330721658, 53.752951136779963 ], [ -114.842199330721655, 53.752951136779963 ], [ -114.842199330721655, 53.702951136779966 ] ] ] } },
{ "type": "Feature", "properties": { "value": 1, "label": "AQHI 1", "color": "#01cbff", "timestamp": "2026-09-30 07:00:00", "generated_at": "2026-09-30T13:31:09.486326", "nearest_km": 17.862096002121167, "n_points": 14, "weight_sum": 0.0057728760966843417, "confidence": "High", "flagged": false }, "geometry": { "type": "Polygon", "coordinates": [ [ [ -114.792199330721658, 53.702951136779966 ], [ -114.742199330721661, 53.702951136779966 ], [ -114.742199330721661, 53.752951136779963 ], [ -114.792199330721658, 53.752951136779963 ], [ -114.792199330721658, 53.702951136779966 ] ] ] } },
{ "type": "Feature", "properties": { "value": 1, "label": "AQHI 1", "color": "#01cbff", "timestamp": "2026-09-30 07:00:00", "generated_at": "2026-09-30T13:31:09.486326", "nearest_km": 135.81867162431737, "n_points": 4, "weight_sum": 0.00013471729838093939, "confidence": "Low", "flagged": false }, "geometry": { "type": "Polygon", "coordinates": [ [ [ -118.942199330721422, 53.752951136779963 ], [ -118.892199330721425, 53.752951136779963 ], [ -118.892199330721425, 53.80295113677996 ], [ -118.942199330721422, 53.80295113677996 ], [ -118.942199330721422, 53.752951136779963 ] ] ] } },
{ "type": "Feature", "properties": { "value": 1, "label": "AQHI 1", "color": "#01cbff", "timestamp": "2026-09-30 07:00:00", "generated_at": "2026-09-30T13:31:09.486326", "nearest_km": 132.02004957737427, "n_points": 4, "weight_sum": 0.00014250953749141561, "confidence": "Low", "flagged": false }, "geometry": { "type": "Polygon", "coordinates": [ [ [ -118.892199330721425, 53.752951136779963 ], [ -118.842199330721428, 53.752951136779963 ], [ -118.842199330721428, 53.80295113677996 ], [ -118.892199330721425, 53.80295113677996 ], [ -118.892199330721425, 53.752951136779963 ] ] ] } },
{ "type": "Feature", "properties": { "value": 1, "label": "AQHI 1", "color": "#01cbff", "timestamp": "2026-09-30 07:00:00", "generated_at": "2026-09-30T13:31:09.486326", "nearest_km": 128.34905694640125, "n_points": 6, "weight_sum": 0.00024343663313502583, "confidence": "Low", "flagged": false }, "geometry": { "type": "Polygon", "coordinates": [ [ [ -118.842199330721428, 53.752951136779963 ], [ -118.792199330721431, 53.752951136779963 ], [ -118.792199330721431, 53.80295113677996 ], [ -118.842199330721428, 53.80295113677996 ], [ -118.842199330721428, 53.752951136779963 ] ] ] } },
{ "type": "Feature", "properties": { "value": 1, "label": "AQHI 1", "color": "#01cbff", "timestamp": "2026-09-30 07:00:00", "generated_at": "2026-09-30T13:31:09.486326", "nearest_km": 124.81695536924755, "n_points": 6, "weight_sum": 0.00025914403624862064, "confidence": "Low", "flagged": false }, "geometry": { "type": "Polygon", "coordinates": [ [ [ -118.792199330721431, 53.752951136779963 ], [ -118.742199330721434, 53.752951136779963 ], [ -118.742199330721434, 53.80295113677996 ], [ -118.792199330721431, 53.80295113677996 ], [ -118.792199330721431, 53.752951136779963 ] ] ] } },
{ "type": "Feature", "properties": { "value": 1, "label": "AQHI 1", "color": "#01cbff", "timestamp": "2026-09-30 07:00:00", "generated_at": "2026-09-30T13:31:09.486326", "nearest_km": 121.43586486811428, "n_points": 6, "weight_sum": 0.00027601766102417863, "confidence": "Low", "flagged": false }, "geometry": { "type": "Polygon", "coordinates": [ [ [ -118.742199330721434, 53.752951136779963 ], [ -118.692199330721436, 53.752951136779963 ], [ -118.692199330721436, 53.80295113677996 ], [ -118.742199330721434, 53.80295113677996 ], [ -118.742199330721434, 53.752951136779963 ] ] ] } },
{ "type": "Feature", "properties": { "value": 1, "label": "AQHI 1", "color": "#01cbff", "timestamp": "2026-09-30 07:00:00", "generated_at": "2026-09-30T13:31:09.486326", "nearest_km": 118.21874303546406, "n_points": 6, "weight_sum": 0.00029413021996431193, "confidence": "Low", "flagged": false }, "geometry": { "type": "Polygon", "coordinates": [ [ [ -118.692199330721436, 53.752951136779963 ], [ -118.642199330721439, 53.752951136779963 ], [ -118.642199330721439, 53.80295113677996 ], [ -118.692199330721436, 53.80295113677996 ], [ -118.692199330721436, 53.752951136779963 ] ] ] } },
{ "type": "Feature", "properties": { "value": 1, "label": "AQHI 1", "color": "#01cbff", "timestamp": "2026-09-30 07:00:00", "generated_at": "2026-09-30T13:31:09.486326", "nearest_km": 115.17933032234231, "n_points": 6, "weight_sum": 0.00031355849058302366, "confidence": "Low", "flagged": false }, "geometry": { "type": "Polygon", "coordinates": [ [ [ -118.642199330721439, 53.752951136779963 ], [ -118.592199330721442, 53.752951136779963 ], [ -118.592199330721442, 53.80295113677996 ], [ -118.642199330721439, 53.80295113677996 ], [ -118.642199330721439, 53.752951136779963 ] ] ] } },
{ "type": "Feature", "properties": { "value": 1, "label": "AQHI 1", "color": "#01cbff", "timestamp": "2026-09-30 07:00:00", "generated_at": "2026-09-30T13:31:09.486326", "nearest_km": 112.3320526925481, "n_points": 6, "weight_sum": 0.00033438651378804628, "confidence": "Low", "flagged": false }, "geometry": { "type": "Polygon", "coordinates": [ [ [ -118.592199330721442, 53.752951136779963 ], [ -118.542199330721445, 53.752951136779963 ], [ -118.542199330721445, 53.80295113677996 ], [ -118.592199330721442, 53.80295113677996 ], [ -118.592199330721442, 53.752951136779963 ] ] ] } },
{ "type": "Feature", "properties": { "value": 1, "label": "AQHI 1", "color": "#01cbff", "timestamp": "2026-09-30 07:00:00", "generated_at": "2026-09-30T13:31:09.486326", "nearest_km": 109.69187294754134, "n_points": 6, "weight_sum": 0.00035671113300337368, "confidence": "Low", "flagged": false }, "geometry": { "type": "Polygon", "coordinates": [ [ [ -118.542199330721445, 53.752951136779963 ], [ -118.492199330721448, 53.752951136779963 ], [ -118.492199330721448, 53.80295113677996 ], [ -118.542199330721445, 53.80295113677996 ], [ -118.542199330721445, 53.752951136779963 ] ] ] } },
{ "type": "Feature", "properties": { "value": 1, "label": "AQHI 1", "color": "#01cbff", "timestamp": "2026-09-30 07:00:00", "generated_at": "2026-09-30T13:31:09.486326", "nearest_km": 107.2661562997755, "n_points": 7, "weight_sum": 0.00040363751018417853, "confidence": "Low", "flagged": false }, "geometry": { "type": "Polygon", "coordinates": [ [ [ -118.492199330721448, 53.752951136779963 ], [ -118.442199330721451, 53.752951136779963 ], [ -118.442199330721451, 53.80295113677996 ], [ -118.492199330721448, 53.80295113677996 ], [ -118.492199330721448, 53.752951136779963 ] ] ] } },
{ "type": "Feature", "properties": { "value": 1, "label": "AQHI 1", "color": "#01cbff", "timestamp": "2026-09-30 07:00:00", "generated_at": "2026-09-30T13:31:09.486326", "nearest_km": 103.24888295180197, "n_points": 7, "weight_sum": 0.00043047004682027662, "confidence": "Low", "flagged": false }, "geometry": { "type": "Polygon", "coordinates": [ [ [ -118.442199330721451, 53.752951136779963 ], [ -118.392199330721454, 53.752951136779963 ], [ -118.392199330721454, 53.80295113677996 ], [ -118.442199330721451, 53.80295113677996 ], [ -118.442199330721451, 53.752951136779963 ] ] ] } },
{ "type": "Feature", "properties": { "value": 1, "label": "AQHI 1", "color": "#01cbff", "timestamp": "2026-09-30 07:00:00", "generated_at": "2026-09-30T13:31:09.486326", "nearest_km": 98.155472549792435, "n_points": 7, "weight_sum": 0.00045931444187705903, "confidence": "Low", "flagged": false }, "geometry": { "type": "Polygon", "coordinates": [ [ [ -118.392199330721454, 53.752951136779963 ], [ -118.342199330721456, 53.752951136779963 ], [ -118.342199330721456, 53.80295113677996 ], [ -118.392199330721454, 53.80295113677996 ], [ -118.392199330721454, 53.752951136779963 ] ] ] } },
{ "type": "Feature", "properties": { "value": 1, "label": "AQHI 1", "color": "#01cbff", "timestamp": "2026-09-30 07:00:00", "generated_at": "2026-09-30T13:31:09.486326", "nearest_km": 93.114267178296586, "n_points": 7, "weight_sum": 0.00049045021269897857, "confidence": "Low", "flagged": false }, "geometry": { "type": "Polygon", "coordinates": [ [ [ -118.342199330721456, 53.752951136779963 ], [ -118.292199330721459, 53.752951136779963 ], [ -118.292199330721459, 53.80295113677996 ], [ -118.342199330721456, 53.80295113677996 ], [ -118.342199330721456, 53.752951136779963 ] ] ] } },
{ "type": "Feature", "properties": { "value": 1, "label": "AQHI 1", "color": "#01cbff", "timestamp": "2026-09-30 07:00:00", "generated_at": "2026-09-30T13:31:09.486326", "nearest_km": 88.134225547339668, "n_points": 7, "weight_sum": 0.00052426560111141617, "confidence": "Low", "flagged": false }, "geometry": { "type": "Polygon", "coordinates": [ [ [ -118.292199330721459, 53.752951136779963 ], [ -118.242199330721462, 53.752951136779963 ], [ -118.242199330721462, 53.80295113677996 ], [ -118.292199330721459, 53.80295113677996 ], [ -118.292199330721459, 53.752951136779963 ] ] ] } },
{ "type": "Feature", "properties": { "value": 1, "label": "AQHI 1", "color": "#01cbff", "timestamp": "2026-09-30 07:00:00", "generated_at": "2026-09-30T13:31:09.486326", "nearest_km": 83.226328006872137, "n_points": 9, "weight_sum": 0.00063246768676416111, "confidence": "Low", "flagged": false }, "geometry": { "type": "Polygon", "coordinates": [ [ [ -118.242199330721462, 53.752951136779963 ], [ -118.192199330721465, 53.752951136779963 ], [ -118.192199330721465, 53.80295113677996 ], [ -118.242199330721462, 53.80295113677996 ], [ -118.242199330721462, 53.752951136779963 ] ] ] } },
{ "type": "Feature", "properties": { "value": 1, "label": "AQHI 1", "color": "#01cbff", "timestamp": "2026-09-30 07:00:00", "generated_at": "2026-09-30T13:31:09.486326", "nearest_km": 78.404123834053493, "n_points": 9, "weight_sum": 0.00067845451897146877, "confidence": "Low", "flagged": false }, "geometry": { "type": "Polygon", "coordinates": [ [ [ -118.192199330721465, 53.752951136779963 ], [ -118.142199330721468, 53.752951136779963 ], [ -118.142199330721468, 53.80295113677996 ], [ -118.192199330721465, 53.80295113677996 ], [ -118.192199330721465, 53.752951136779963 ] ] ] } },
{ "type": "Feature", "properties": { "value": 1, "label": "AQHI 1", "color": "#01cbff", "timestamp": "2026-09-30 07:00:00", "generated_at": "2026-09-30T13:31:09.486326", "nearest_km": 73.684439299377928, "n_points": 9, "weight_sum": 0.00072982555649043839, "confidence": "Medium", "flagged": false }, "geometry": { "type": "Polygon", "coordinates": [ [ [ -118.142199330721468, 53.752951136779963 ], [ -118.092199330721471, 53.752951136779963 ], [ -118.092199330721471, 53.80295113677996 ], [ -118.142199330721468, 53.80295113677996 ], [ -118.142199330721468, 53.752951136779963 ] ] ] } },
{ "type": "Feature", "properties": { "value": 1, "label": "AQHI 1", "color": "#01cbff", "timestamp": "2026-09-30 07:00:00", "generated_at": "2026-09-30T13:31:09.486326", "nearest_km": 69.088288121372784, "n_points": 9, "weight_sum": 0.00078785940989461285, "confidence": "Medium", "flagged": false }, "geometry": { "type": "Polygon", "coordinates": [ [ [ -118.092199330721471, 53.752951136779963 ], [ -118.042199330721473, 53.752951136779963 ], [ -118.042199330721473, 53.80295113677996 ], [ -118.092199330721471, 53.80295113677996 ], [ -118.092199330721471, 53.752951136779963 ] ] ] } },
{ "type": "Feature", "properties": { "value": 1, "label": "AQHI 1", "color": "#01cbff", "timestamp": "2026-09-30 07:00:00", "generated_at": "2026-09-30T13:31:09.486326", "nearest_km": 64.642025929111512, "n_points": 9, "weight_sum": 0.00085411323494523155, "confidence": "Medium", "flagged": false }, "geometry": { "type": "Polygon", "coordinates": [ [ [ -118.042199330721473, 53.752951136779963 ], [ -117.992199330721476, 53.752951136779963 ], [ -117.992199330721476, 53.80295113677996 ], [ -118.042199330721473, 53.80295113677996 ], [ -118.042199330721473, 53.752951136779963 ] ] ] } },
{ "type": "Feature", "properties": { "value": 2, "label": "AQHI 2", "color": "#0099cb", "timestamp": "2026-09-30 07:00:00", "generated_at": "2026-09-30T13:31:09.486326", "nearest_km": 60.378775052977183, "n_points": 10, "weight_sum": 0.00097516890032851367, "confidence": "Medium", "flagged": false }, "geometry": { "type": "Polygon", "coordinates": [ [ [ -117.992199330721476, 53.752951136779963 ], [ -117.942199330721479, 53.752951136779963 ], [ -117.942199330721479, 53.80295113677996 ], [ -117.992199330721476, 53.80295113677996 ], [ -117.992199330721476, 53.752951136779963 ] ] ] } },
{ "type": "Feature", "properties": { "value": 2, "label": "AQHI 2", "color": "#0099cb", "timestamp": "2026-09-30 07:00:00", "generated_at": "2026-09-30T13:31:09.486326", "nearest_km": 56.340096180039559, "n_points": 10, "weight_sum": 0.0010663226528192403, "confidence": "Medium", "flagged": false }, "geometry": { "type": "Polygon", "coordinates": [ [ [ -117.942199330721479, 53.752951136779963 ], [ -117.892199330721482, 53.752951136779963 ], [ -117.892199330721482, 53.80295113677996 ], [ -117.942199330721479, 53.80295113677996 ], [ -117.942199330721479, 53.752951136779963 ] ] ] } },
{ "type": "Feature", "properties": { "value": 2, "label": "AQHI 2", "color": "#0099cb", "timestamp": "2026-09-30 07:00:00", "generated_at": "2026-09-30T13:31:09.486326", "nearest_km": 52.577765245911607, "n_points": 10, "weight_sum": 0.0011711088056572303, "confidence": "Medium", "flagged": false }, "geometry": { "type": "Polygon", "coordinates": [ [ [ -117.892199330721482, 53.752951136779963 ], [ -117.842199330721485, 53.752951136779963 ], [ -117.842199330721485, 53.80295113677996 ], [ -117.892199330721482, 53.80295113677996 ], [ -117.892199330721482, 53.752951136779963 ] ] ] } },
{ "type": "Feature", "properties": { "value": 2, "label": "AQHI 2", "color": "#0099cb", "timestamp": "2026-09-30 07:00:00", "generated_at": "2026-09-30T13:31:09.486326", "nearest_km": 49.007578947873562, "n_points": 10, "weight_sum": 0.0012900073784652287, "confidence": "Medium", "flagged": false }, "geometry": { "type": "Polygon", "coordinates": [ [ [ -117.842199330721485, 53.752951136779963 ], [ -117.792199330721488, 53.752951136779963 ], [ -117.792199330721488, 53.80295113677996 ], [ -117.842199330721485, 53.80295113677996 ], [ -117.842199330721485, 53.752951136779963 ] ] ] } },
{ "type": "Feature", "properties": { "value": 2, "label": "AQHI 2", "color": "#0099cb", "timestamp": "2026-09-30 07:00:00", "generated_at": "2026-09-30T13:31:09.486326", "nearest_km": 45.44465259686924, "n_points": 10, "weight_sum": 0.0014212486515554716, "confidence": "Medium", "flagged": false }, "geometry": { "type": "Polygon", "coordinates": [ [ [ -117.792199330721488, 53.752951136779963 ], [ -117.74219933072149, 53.752951136779963 ], [ -117.74219933072149, 53.80295113677996 ], [ -117.792199330721488, 53.80295113677996 ], [ -117.792199330721488, 53.752951136779963 ] ] ] } },
{ "type": "Feature", "properties": { "value": 1, "label": "AQHI 1", "color": "#01cbff", "timestamp": "2026-09-30 07:00:00", "generated_at": "2026-09-30T13:31:09.486326", "nearest_km": 42.311879005406986, "n_points": 12, "weight_sum": 0.0016059340158890317, "confidence": "Medium", "flagged": false }, "geometry": { "type": "Polygon", "coordinates": [ [ [ -117.74219933072149, 53.752951136779963 ], [ -117.692199330721493, 53.752951136779963 ], [ -117.692199330721493, 53.80295113677996 ], [ -117.74219933072149, 53.80295113677996 ], [ -117.74219933072149, 53.752951136779963 ] ] ] } },
{ "type": "Feature", "properties": { "value": 2, "label": "AQHI 2", "color": "#0099cb", "timestamp": "2026-09-30 07:00:00", "generated_at": "2026-09-30T13:31:09.486326", "nearest_km": 39.711191876928865, "n_points": 13, "weight_sum": 0.001790652790249482, "confidence": "Medium", "flagged": false }, "geometry": { "type": "Polygon", "coordinates": [ [ [ -117.692199330721493, 53.752951136779963 ], [ -117.642199330721496, 53.752951136779963 ], [ -117.642199330721496, 53.80295113677996 ], [ -117.692199330721493, 53.80295113677996 ], [ -117.692199330721493, 53.752951136779963 ] ] ] } },
{ "type": "Feature", "properties": { "value": 2, "label": "AQHI 2", "color": "#0099cb", "timestamp": "2026-09-30 07:00:00", "generated_at": "2026-09-30T13:31:09.486326", "nearest_km": 37.752714016403026, "n_points": 13, "weight_sum": 0.001911539819924702, "confidence": "Medium", "flagged": false }, "geometry": { "type": "Polygon", "coordinates": [ [ [ -117.642199330721496, 53.752951136779963 ], [ -117.592199330721499, 53.752951136779963 ], [ -117.592199330721499, 53.80295113677996 ], [ -117.642199330721496, 53.80295113677996 ], [ -117.642199330721496, 53.752951136779963 ] ] ] } },
{ "type": "Feature", "properties": { "value": 1, "label": "AQHI 1", "color": "#01cbff", "timestamp": "2026-09-30 07:00:00", "generated_at": "2026-09-30T13:31:09.486326", "nearest_km": 36.539855923667233, "n_points": 13, "weight_sum": 0.0019940637745476633, "confidence": "Medium", "flagged": false }, "geometry": { "type": "Polygon", "coordinates": [ [ [ -117.592199330721499, 53.752951136779963 ], [ -117.542199330721502, 53.752951136779963 ], [ -117.542199330721502, 53.80295113677996 ], [ -117.592199330721499, 53.80295113677996 ], [ -117.592199330721499, 53.752951136779963 ] ] ] } },
{ "type": "Feature", "properties": { "value": 1, "label": "AQHI 1", "color": "#01cbff", "timestamp": "2026-09-30 07:00:00", "generated_at": "2026-09-30T13:31:09.486326", "nearest_km": 36.147748563920253, "n_points": 13, "weight_sum": 0.0020243630002524009, "confidence": "Medium", "flagged": false }, "geometry": { "type": "Polygon", "coordinates": [ [ [ -117.542199330721502, 53.752951136779963 ], [ -117.492199330721505, 53.752951136779963 ], [ -117.492199330721505, 53.80295113677996 ], [ -117.542199330721502, 53.80295113677996 ], [ -117.542199330721502, 53.752951136779963 ] ] ] } },
{ "type": "Feature", "properties": { "value": 2, "label": "AQHI 2", "color": "#0099cb", "timestamp": "2026-09-30 07:00:00", "generated_at": "2026-09-30T13:31:09.486326", "nearest_km": 36.602778331138069, "n_points": 13, "weight_sum": 0.0020001792932770931, "confidence": "Medium", "flagged": false }, "geometry": { "type": "Polygon", "coordinates": [ [ [ -117.492199330721505, 53.752951136779963 ], [ -117.442199330721508, 53.752951136779963 ], [ -117.442199330721508, 53.80295113677996 ], [ -117.492199330721505, 53.80295113677996 ], [ -117.492199330721505, 53.752951136779963 ] ] ] } },
{ "type": "Feature", "properties": { "value": 2, "label": "AQHI 2", "color": "#0099cb", "timestamp": "2026-09-30 07:00:00", "generated_at": "2026-09-30T13:31:09.486326", "nearest_km": 37.874424574855986, "n_points": 13, "weight_sum": 0.0019324312019076717, "confidence": "Medium", "flagged": false }, "geometry": { "type": "Polygon", "coordinates": [ [ [ -117.442199330721508, 53.752951136779963 ], [ -117.39219933072151, 53.752951136779963 ], [ -117.39219933072151, 53.80295113677996 ], [ -117.442199330721508, 53.80295113677996 ], [ -117.442199330721508, 53.752951136779963 ] ] ] } },
{ "type": "Feature", "properties": { "value": 2, "label": "AQHI 2", "color": "#0099cb", "timestamp": "2026-09-30 07:00:00", "generated_at": "2026-09-30T13:31:09.486326", "nearest_km": 39.884654846124384, "n_points": 13, "weight_sum": 0.0018397490936583156, "confidence": "Medium", "flagged": false }, "geometry": { "type": "Polygon", "coordinates": [ [ [ -117.39219933072151, 53.752951136779963 ], [ -117.342199330721513, 53.752951136779963 ], [ -117.342199330721513, 53.80295113677996 ], [ -117.39219933072151, 53.80295113677996 ], [ -117.39219933072151, 53.752951136779963 ] ] ] } },
{ "type": "Feature", "properties": { "value": 2, "label": "AQHI 2", "color": "#0099cb", "timestamp": "2026-09-30 07:00:00", "generated_at": "2026-09-30T13:31:09.486326", "nearest_km": 42.528864874488285, "n_points": 13, "weight_sum": 0.0017405839649670687, "confidence": "Medium", "flagged": false }, "geometry": { "type": "Polygon", "coordinates": [ [ [ -117.342199330721513, 53.752951136779963 ], [ -117.292199330721516, 53.752951136779963 ], [ -117.292199330721516, 53.80295113677996 ], [ -117.342199330721513, 53.80295113677996 ], [ -117.342199330721513, 53.752951136779963 ] ] ] } },
{ "type": "Feature", "properties": { "value": 2, "label": "AQHI 2", "color": "#0099cb", "timestamp": "2026-09-30 07:00:00", "generated_at": "2026-09-30T13:31:09.486326", "nearest_km": 45.697133420275804, "n_points": 13, "weight_sum": 0.0016482366255698359, "confidence": "Medium", "flagged": false }, "geometry": { "type": "Polygon", "coordinates": [ [ [ -117.292199330721516, 53.752951136779963 ], [ -117.242199330721519, 53.752951136779963 ], [ -117.242199330721519, 53.80295113677996 ], [ -117.292199330721516, 53.80295113677996 ], [ -117.292199330721516, 53.752951136779963 ] ] ] } },
{ "type": "Feature", "properties": { "value": 2, "label": "AQHI 2", "color": "#0099cb", "timestamp": "2026-09-30 07:00:00", "generated_at": "2026-09-30T13:31:09.486326", "nearest_km": 49.288504320464874, "n_points": 13, "weight_sum": 0.0015700262749381436, "confidence": "Medium", "flagged": false }, "geometry": { "type": "Polygon", "coordinates": [ [ [ -117.242199330721519, 53.752951136779963 ], [ -117.192199330721522, 53.752951136779963 ], [ -117.192199330721522, 53.80295113677996 ], [ -117.242199330721519, 53.80295113677996 ], [ -117.242199330721519, 53.752951136779963 ] ] ] } },
{ "type": "Feature", "properties": { "value": 2, "label": "AQHI 2", "color": "#0099cb", "timestamp": "2026-09-30 07:00:00", "generated_at": "2026-09-30T13:31:09.486326", "nearest_km": 53.217387322814659, "n_points": 14, "weight_sum": 0.0015318313343705432, "confidence": "Medium", "flagged": false }, "geometry": { "type": "Polygon", "coordinates": [ [ [ -117.192199330721522, 53.752951136779963 ], [ -117.142199330721525, 53.752951136779963 ], [ -117.142199330721525, 53.80295113677996 ], [ -117.192199330721522, 53.80295113677996 ], [ -117.192199330721522, 53.752951136779963 ] ] ] } },
{ "type": "Feature", "properties": { "value": 2, "label": "AQHI 2", "color": "#0099cb", "timestamp": "2026-09-30 07:00:00", "generated_at": "2026-09-30T13:31:09.486326", "nearest_km": 57.414536215007928, "n_points": 14, "weight_sum": 0.0014898665515328184, "confidence": "Medium", "flagged": false }, "geometry": { "type": "Polygon", "coordinates": [ [ [ -117.142199330721525, 53.752951136779963 ], [ -117.092199330721527, 53.752951136779963 ], [ -117.092199330721527, 53.80295113677996 ], [ -117.142199330721525, 53.80295113677996 ], [ -117.142199330721525, 53.752951136779963 ] ] ] } },
{ "type": "Feature", "properties": { "value": 2, "label": "AQHI 2", "color": "#0099cb", "timestamp": "2026-09-30 07:00:00", "generated_at": "2026-09-30T13:31:09.486326", "nearest_km": 61.825339660226959, "n_points": 13, "weight_sum": 0.0014439226861072295, "confidence": "Medium", "flagged": false }, "geometry": { "type": "Polygon", "coordinates": [ [ [ -117.092199330721527, 53.752951136779963 ], [ -117.04219933072153, 53.752951136779963 ], [ -117.04219933072153, 53.80295113677996 ], [ -117.092199330721527, 53.80295113677996 ], [ -117.092199330721527, 53.752951136779963 ] ] ] } },
{ "type": "Feature", "properties": { "value": 2, "label": "AQHI 2", "color": "#0099cb", "timestamp": "2026-09-30 07:00:00", "generated_at": "2026-09-30T13:31:09.486326", "nearest_km": 66.407238155342696, "n_points": 10, "weight_sum": 0.00135027956900322, "confidence": "Medium", "flagged": false }, "geometry": { "type": "Polygon", "coordinates": [ [ [ -117.04219933072153, 53.752951136779963 ], [ -116.992199330721533, 53.752951136779963 ], [ -116.992199330721533, 53.80295113677996 ], [ -117.04219933072153, 53.80295113677996 ], [ -117.04219933072153, 53.752951136779963 ] ] ] } },
{ "type": "Feature", "properties": { "value": 2, "label": "AQHI 2", "color": "#0099cb", "timestamp": "2026-09-30 07:00:00", "generated_at": "2026-09-30T13:31:09.486326", "nearest_km": 63.861087466394601, "n_points": 10, "weight_sum": 0.0013668389870591633, "confidence": "Medium", "flagged": false }, "geometry": { "type": "Polygon", "coordinates": [ [ [ -116.992199330721533, 53.752951136779963 ], [ -116.942199330721536, 53.752951136779963 ], [ -116.942199330721536, 53.80295113677996 ], [ -116.992199330721533, 53.80295113677996 ], [ -116.992199330721533, 53.752951136779963 ] ] ] } },
{ "type": "Feature", "properties": { "value": 2, "label": "AQHI 2", "color": "#0099cb", "timestamp": "2026-09-30 07:00:00", "generated_at": "2026-09-30T13:31:09.486326", "nearest_km": 58.594339078178258, "n_points": 10, "weight_sum": 0.0014040782720063077, "confidence": "Medium", "flagged": false }, "geometry": { "type": "Polygon", "coordinates": [ [ [ -116.942199330721536, 53.752951136779963 ], [ -116.892199330721539, 53.752951136779963 ], [ -116.892199330721539, 53.80295113677996 ], [ -116.942199330721536, 53.80295113677996 ], [ -116.942199330721536, 53.752951136779963 ] ] ] } },
{ "type": "Feature", "properties": { "value": 2, "label": "AQHI 2", "color": "#0099cb", "timestamp": "2026-09-30 07:00:00", "generated_at": "2026-09-30T13:31:09.486326", "nearest_km": 53.385013361678098, "n_points": 10, "weight_sum": 0.0014672102328397553, "confidence": "Medium", "flagged": false }, "geometry": { "type": "Polygon", "coordinates": [ [ [ -116.892199330721539, 53.752951136779963 ], [ -116.842199330721542, 53.752951136779963 ], [ -116.842199330721542, 53.80295113677996 ], [ -116.892199330721539, 53.80295113677996 ], [ -116.892199330721539, 53.752951136779963 ] ] ] } },
{ "type": "Feature", "properties": { "value": 2, "label": "AQHI 2", "color": "#0099cb", "timestamp": "2026-09-30 07:00:00", "generated_at": "2026-09-30T13:31:09.486326", "nearest_km": 48.251712210496343, "n_points": 10, "weight_sum": 0.0015648793912542279, "confidence": "Medium", "flagged": false }, "geometry": { "type": "Polygon", "coordinates": [ [ [ -116.842199330721542, 53.752951136779963 ], [ -116.792199330721544, 53.752951136779963 ], [ -116.792199330721544, 53.80295113677996 ], [ -116.842199330721542, 53.80295113677996 ], [ -116.842199330721542, 53.752951136779963 ] ] ] } },
{ "type": "Feature", "properties": { "value": 2, "label": "AQHI 2", "color": "#0099cb", "timestamp": "2026-09-30 07:00:00", "generated_at": "2026-09-30T13:31:09.486326", "nearest_km": 43.221531796808947, "n_points": 10, "weight_sum": 0.0017107740567497449, "confidence": "Medium", "flagged": false }, "geometry": { "type": "Polygon", "coordinates": [ [ [ -116.792199330721544, 53.752951136779963 ], [ -116.742199330721547, 53.752951136779963 ], [ -116.742199330721547, 53.80295113677996 ], [ -116.792199330721544, 53.80295113677996 ], [ -116.792199330721544, 53.752951136779963 ] ] ] } },
{ "type": "Feature", "properties": { "value": 2, "label": "AQHI 2", "color": "#0099cb", "timestamp": "2026-09-30 07:00:00", "generated_at": "2026-09-30T13:31:09.486326", "nearest_km": 38.335086937172406, "n_points": 9, "weight_sum": 0.001904357829898511, "confidence": "Medium", "flagged": false }, "geometry": { "type": "Polygon", "coordinates": [ [ [ -116.742199330721547, 53.752951136779963 ], [ -116.69219933072155, 53.752951136779963 ], [ -116.69219933072155, 53.80295113677996 ], [ -116.742199330721547, 53.80295113677996 ], [ -116.742199330721547, 53.752951136779963 ] ] ] } },
{ "type": "Feature", "properties": { "value": 2, "label": "AQHI 2", "color": "#0099cb", "timestamp": "2026-09-30 07:00:00", "generated_at": "2026-09-30T13:31:09.486326", "nearest_km": 33.655043754221424, "n_points": 9, "weight_sum": 0.0022229852481278757, "confidence": "Medium", "flagged": false }, "geometry": { "type": "Polygon", "coordinates": [ [ [ -116.69219933072155, 53.752951136779963 ], [ -116.642199330721553, 53.752951136779963 ], [ -116.642199330721553, 53.80295113677996 ], [ -116.69219933072155, 53.80295113677996 ], [ -116.69219933072155, 53.752951136779963 ] ] ] } },
{ "type": "Feature", "properties": { "value": 2, "label": "AQHI 2", "color": "#0099cb", "timestamp": "2026-09-30 07:00:00", "generated_at": "2026-09-30T13:31:09.486326", "nearest_km": 29.280540461483007, "n_points": 9, "weight_sum": 0.0026917431957165687, "confidence": "Medium", "flagged": false }, "geometry": { "type": "Polygon", "coordinates": [ [ [ -116.642199330721553, 53.752951136779963 ], [ -116.592199330721556, 53.752951136779963 ], [ -116.592199330721556, 53.80295113677996 ], [ -116.642199330721553, 53.80295113677996 ], [ -116.642199330721553, 53.752951136779963 ] ] ] } },
{ "type": "Feature", "properties": { "value": 2, "label": "AQHI 2", "color": "#0099cb", "timestamp": "2026-09-30 07:00:00", "generated_at": "2026-09-30T13:31:09.486326", "nearest_km": 25.370122769401831, "n_points": 9, "weight_sum": 0.0033720534531693964, "confidence": "Medium", "flagged": false }, "geometry": { "type": "Polygon", "coordinates": [ [ [ -116.592199330721556, 53.752951136779963 ], [ -116.542199330721559, 53.752951136779963 ], [ -116.542199330721559, 53.80295113677996 ], [ -116.592199330721556, 53.80295113677996 ], [ -116.592199330721556, 53.752951136779963 ] ] ] } },
{ "type": "Feature", "properties": { "value": 2, "label": "AQHI 2", "color": "#0099cb", "timestamp": "2026-09-30 07:00:00", "generated_at": "2026-09-30T13:31:09.486326", "nearest_km": 22.160140820399203, "n_points": 9, "weight_sum": 0.0043078529105582191, "confidence": "High", "flagged": false }, "geometry": { "type": "Polygon", "coordinates": [ [ [ -116.542199330721559, 53.752951136779963 ], [ -116.492199330721562, 53.752951136779963 ], [ -116.492199330721562, 53.80295113677996 ], [ -116.542199330721559, 53.80295113677996 ], [ -116.542199330721559, 53.752951136779963 ] ] ] } },
{ "type": "Feature", "properties": { "value": 2, "label": "AQHI 2", "color": "#0099cb", "timestamp": "2026-09-30 07:00:00", "generated_at": "2026-09-30T13:31:09.486326", "nearest_km": 19.479490914751572, "n_points": 9, "weight_sum": 0.0054159511118739697, "confidence": "High", "flagged": false }, "geometry": { "type": "Polygon", "coordinates": [ [ [ -116.492199330721562, 53.752951136779963 ], [ -116.442199330721564, 53.752951136779963 ], [ -116.442199330721564, 53.80295113677996 ], [ -116.492199330721562, 53.80295113677996 ], [ -116.492199330721562, 53.752951136779963 ] ] ] } },
{ "type": "Feature", "properties": { "value": 2, "label": "AQHI 2", "color": "#0099cb", "timestamp": "2026-09-30 07:00:00", "generated_at": "2026-09-30T13:31:09.486326", "nearest_km": 18.150324829485779, "n_points": 9, "weight_sum": 0.0063127047146200902, "confidence": "High", "flagged": false }, "geometry": { "type": "Polygon", "coordinates": [ [ [ -116.442199330721564, 53.752951136779963 ], [ -116.392199330721567, 53.752951136779963 ], [ -116.392199330721567, 53.80295113677996 ], [ -116.442199330721564, 53.80295113677996 ], [ -116.442199330721564, 53.752951136779963 ] ] ] } },
{ "type": "Feature", "properties": { "value": 2, "label": "AQHI 2", "color": "#0099cb", "timestamp": "2026-09-30 07:00:00", "generated_at": "2026-09-30T13:31:09.486326", "nearest_km": 17.68687181712556, "n_points": 9, "weight_sum": 0.0064246918136137482, "confidence": "High", "flagged": false }, "geometry": { "type": "Polygon", "coordinates": [ [ [ -116.392199330721567, 53.752951136779963 ], [ -116.34219933072157, 53.752951136779963 ], [ -116.34219933072157, 53.80295113677996 ], [ -116.392199330721567, 53.80295113677996 ], [ -116.392199330721567, 53.752951136779963 ] ] ] } },
{ "type": "Feature", "properties": { "value": 2, "label": "AQHI 2", "color": "#0099cb", "timestamp": "2026-09-30 07:00:00", "generated_at": "2026-09-30T13:31:09.486326", "nearest_km": 18.556425116206853, "n_points": 10, "weight_sum": 0.0056631330049986906, "confidence": "High", "flagged": false }, "geometry": { "type": "Polygon", "coordinates": [ [ [ -116.34219933072157, 53.752951136779963 ], [ -116.292199330721573, 53.752951136779963 ], [ -116.292199330721573, 53.80295113677996 ], [ -116.34219933072157, 53.80295113677996 ], [ -116.34219933072157, 53.752951136779963 ] ] ] } },
{ "type": "Feature", "properties": { "value": 2, "label": "AQHI 2", "color": "#0099cb", "timestamp": "2026-09-30 07:00:00", "generated_at": "2026-09-30T13:31:09.486326", "nearest_km": 20.915577723585539, "n_points": 13, "weight_sum": 0.0045941524856397808, "confidence": "High", "flagged": false }, "geometry": { "type": "Polygon", "coordinates": [ [ [ -116.292199330721573, 53.752951136779963 ], [ -116.242199330721576, 53.752951136779963 ], [ -116.242199330721576, 53.80295113677996 ], [ -116.292199330721573, 53.80295113677996 ], [ -116.292199330721573, 53.752951136779963 ] ] ] } },
{ "type": "Feature", "properties": { "value": 2, "label": "AQHI 2", "color": "#0099cb", "timestamp": "2026-09-30 07:00:00", "generated_at": "2026-09-30T13:31:09.486326", "nearest_km": 24.334889971588026, "n_points": 12, "weight_sum": 0.003561051317533267, "confidence": "High", "flagged": false }, "geometry": { "type": "Polygon", "coordinates": [ [ [ -116.242199330721576, 53.752951136779963 ], [ -116.192199330721579, 53.752951136779963 ], [ -116.192199330721579, 53.80295113677996 ], [ -116.242199330721576, 53.80295113677996 ], [ -116.242199330721576, 53.752951136779963 ] ] ] } },
{ "type": "Feature", "properties": { "value": 2, "label": "AQHI 2", "color": "#0099cb", "timestamp": "2026-09-30 07:00:00", "generated_at": "2026-09-30T13:31:09.486326", "nearest_km": 28.434439476579044, "n_points": 13, "weight_sum": 0.0028891641917748907, "confidence": "Medium", "flagged": false }, "geometry": { "type": "Polygon", "coordinates": [ [ [ -116.192199330721579, 53.752951136779963 ], [ -116.142199330721581, 53.752951136779963 ], [ -116.142199330721581, 53.80295113677996 ], [ -116.192199330721579, 53.80295113677996 ], [ -116.192199330721579, 53.752951136779963 ] ] ] } },
{ "type": "Feature", "properties": { "value": 2, "label": "AQHI 2", "color": "#0099cb", "timestamp": "2026-09-30 07:00:00", "generated_at": "2026-09-30T13:31:09.486326", "nearest_km": 32.961383872118759, "n_points": 13, "weight_sum": 0.0024619013466084176, "confidence": "Medium", "flagged": false }, "geometry": { "type": "Polygon", "coordinates": [ [ [ -116.142199330721581, 53.752951136779963 ], [ -116.092199330721584, 53.752951136779963 ], [ -116.092199330721584, 53.80295113677996 ], [ -116.142199330721581, 53.80295113677996 ], [ -116.142199330721581, 53.752951136779963 ] ] ] } },
{ "type": "Feature", "properties": { "value": 2, "label": "AQHI 2", "color": "#0099cb", "timestamp": "2026-09-30 07:00:00", "generated_at": "2026-09-30T13:31:09.486326", "nearest_km": 28.654387647013614, "n_points": 13, "weight_sum": 0.0022540938909828287, "confidence": "Medium", "flagged": false }, "geometry": { "type": "Polygon", "coordinates": [ [ [ -116.092199330721584, 53.752951136779963 ], [ -116.042199330721587, 53.752951136779963 ], [ -116.042199330721587, 53.80295113677996 ], [ -116.092199330721584, 53.80295113677996 ], [ -116.092199330721584, 53.752951136779963 ] ] ] } },
{ "type": "Feature", "properties": { "value": 1, "label": "AQHI 1", "color": "#01cbff", "timestamp": "2026-09-30 07:00:00", "generated_at": "2026-09-30T13:31:09.486326", "nearest_km": 24.069926839175814, "n_points": 13, "weight_sum": 0.0022478468055105441, "confidence": "High", "flagged": false }, "geometry": { "type": "Polygon", "coordinates": [ [ [ -116.042199330721587, 53.752951136779963 ], [ -115.99219933072159, 53.752951136779963 ], [ -115.99219933072159, 53.80295113677996 ], [ -116.042199330721587, 53.80295113677996 ], [ -116.042199330721587, 53.752951136779963 ] ] ] } },
{ "type": "Feature", "properties": { "value": 1, "label": "AQHI 1", "color": "#01cbff", "timestamp": "2026-09-30 07:00:00", "generated_at": "2026-09-30T13:31:09.486326", "nearest_km": 19.981336908756106, "n_points": 15, "weight_sum": 0.0024991863688925641, "confidence": "High", "flagged": false }, "geometry": { "type": "Polygon", "coordinates": [ [ [ -115.99219933072159, 53.752951136779963 ], [ -115.942199330721593, 53.752951136779963 ], [ -115.942199330721593, 53.80295113677996 ], [ -115.99219933072159, 53.80295113677996 ], [ -115.99219933072159, 53.752951136779963 ] ] ] } },
{ "type": "Feature", "properties": { "value": 1, "label": "AQHI 1", "color": "#01cbff", "timestamp": "2026-09-30 07:00:00", "generated_at": "2026-09-30T13:31:09.486326", "nearest_km": 16.755634016030392, "n_points": 15, "weight_sum": 0.0029010545206116204, "confidence": "High", "flagged": false }, "geometry": { "type": "Polygon", "coordinates": [ [ [ -115.942199330721593, 53.752951136779963 ], [ -115.892199330721596, 53.752951136779963 ], [ -115.892199330721596, 53.80295113677996 ], [ -115.942199330721593, 53.80295113677996 ], [ -115.942199330721593, 53.752951136779963 ] ] ] } },
{ "type": "Feature", "properties": { "value": 1, "label": "AQHI 1", "color": "#01cbff", "timestamp": "2026-09-30 07:00:00", "generated_at": "2026-09-30T13:31:09.486326", "nearest_km": 14.961741806924875, "n_points": 15, "weight_sum": 0.0032664530782770137, "confidence": "High", "flagged": false }, "geometry": { "type": "Polygon", "coordinates": [ [ [ -115.892199330721596, 53.752951136779963 ], [ -115.842199330721598, 53.752951136779963 ], [ -115.842199330721598, 53.80295113677996 ], [ -115.892199330721596, 53.80295113677996 ], [ -115.892199330721596, 53.752951136779963 ] ] ] } },
{ "type": "Feature", "properties": { "value": 1, "label": "AQHI 1", "color": "#01cbff", "timestamp": "2026-09-30 07:00:00", "generated_at": "2026-09-30T13:31:09.486326", "nearest_km": 15.118239464798984, "n_points": 13, "weight_sum": 0.0031007861423147224, "confidence": "High", "flagged": false }, "geometry": { "type": "Polygon", "coordinates": [ [ [ -115.842199330721598, 53.752951136779963 ], [ -115.792199330721601, 53.752951136779963 ], [ -115.792199330721601, 53.80295113677996 ], [ -115.842199330721598, 53.80295113677996 ], [ -115.842199330721598, 53.752951136779963 ] ] ] } },
{ "type": "Feature", "properties": { "value": 1, "label": "AQHI 1", "color": "#01cbff", "timestamp": "2026-09-30 07:00:00", "generated_at": "2026-09-30T13:31:09.486326", "nearest_km": 17.171884320974222, "n_points": 13, "weight_sum": 0.0025800507397683858, "confidence": "High", "flagged": false }, "geometry": { "type": "Polygon", "coordinates": [ [ [ -115.792199330721601, 53.752951136779963 ], [ -115.742199330721604, 53.752951136779963 ], [ -115.742199330721604, 53.80295113677996 ], [ -115.792199330721601, 53.80295113677996 ], [ -115.792199330721601, 53.752951136779963 ] ] ] } },
{ "type": "Feature", "properties": { "value": 1, "label": "AQHI 1", "color": "#01cbff", "timestamp": "2026-09-30 07:00:00", "generated_at": "2026-09-30T13:31:09.486326", "nearest_km": 20.561883613881974, "n_points": 13, "weight_sum": 0.0020589500896357415, "confidence": "High", "flagged": false }, "geometry": { "type": "Polygon", "coordinates": [ [ [ -115.742199330721604, 53.752951136779963 ], [ -115.692199330721607, 53.752951136779963 ], [ -115.692199330721607, 53.80295113677996 ], [ -115.742199330721604, 53.80295113677996 ], [ -115.742199330721604, 53.752951136779963 ] ] ] } },
{ "type": "Feature", "properties": { "value": 1, "label": "AQHI 1", "color": "#01cbff", "timestamp": "2026-09-30 07:00:00", "generated_at": "2026-09-30T13:31:09.486326", "nearest_km": 24.744969273949987, "n_points": 13, "weight_sum": 0.0017039306789587811, "confidence": "High", "flagged": false }, "geometry": { "type": "Polygon", "coordinates": [ [ [ -115.692199330721607, 53.752951136779963 ], [ -115.64219933072161, 53.752951136779963 ], [ -115.64219933072161, 53.80295113677996 ], [ -115.692199330721607, 53.80295113677996 ], [ -115.692199330721607, 53.752951136779963 ] ] ] } },
{ "type": "Feature", "properties": { "value": 1, "label": "AQHI 1", "color": "#01cbff", "timestamp": "2026-09-30 07:00:00", "generated_at": "2026-09-30T13:31:09.486326", "nearest_km": 29.384365757773686, "n_points": 13, "weight_sum": 0.0014964159871668247, "confidence": "Medium", "flagged": false }, "geometry": { "type": "Polygon", "coordinates": [ [ [ -115.64219933072161, 53.752951136779963 ], [ -115.592199330721613, 53.752951136779963 ], [ -115.592199330721613, 53.80295113677996 ], [ -115.64219933072161, 53.80295113677996 ], [ -115.64219933072161, 53.752951136779963 ] ] ] } },
{ "type": "Feature", "properties": { "value": 1, "label": "AQHI 1", "color": "#01cbff", "timestamp": "2026-09-30 07:00:00", "generated_at": "2026-09-30T13:31:09.486326", "nearest_km": 34.295384494192646, "n_points": 12, "weight_sum": 0.001349812696737584, "confidence": "Medium", "flagged": false }, "geometry": { "type": "Polygon", "coordinates": [ [ [ -115.592199330721613, 53.752951136779963 ], [ -115.542199330721616, 53.752951136779963 ], [ -115.542199330721616, 53.80295113677996 ], [ -115.592199330721613, 53.80295113677996 ], [ -115.592199330721613, 53.752951136779963 ] ] ] } },
{ "type": "Feature", "properties": { "value": 1, "label": "AQHI 1", "color": "#01cbff", "timestamp": "2026-09-30 07:00:00", "generated_at": "2026-09-30T13:31:09.486326", "nearest_km": 39.376526563707841, "n_points": 12, "weight_sum": 0.0013230774788941582, "confidence": "Medium", "flagged": false }, "geometry": { "type": "Polygon", "coordinates": [ [ [ -115.542199330721616, 53.752951136779963 ], [ -115.492199330721618, 53.752951136779963 ], [ -115.492199330721618, 53.80295113677996 ], [ -115.542199330721616, 53.80295113677996 ], [ -115.542199330721616, 53.752951136779963 ] ] ] } },
{ "type": "Feature", "properties": { "value": 1, "label": "AQHI 1", "color": "#01cbff", "timestamp": "2026-09-30 07:00:00", "generated_at": "2026-09-30T13:31:09.486326", "nearest_km": 44.569645397290998, "n_points": 12, "weight_sum": 0.0013558788507974421, "confidence": "Medium", "flagged": false }, "geometry": { "type": "Polygon", "coordinates": [ [ [ -115.492199330721618, 53.752951136779963 ], [ -115.442199330721621, 53.752951136779963 ], [ -115.442199330721621, 53.80295113677996 ], [ -115.492199330721618, 53.80295113677996 ], [ -115.492199330721618, 53.752951136779963 ] ] ] } },
{ "type": "Feature", "properties": { "value": 1, "label": "AQHI 1", "color": "#01cbff", "timestamp": "2026-09-30 07:00:00", "generated_at": "2026-09-30T13:31:09.486326", "nearest_km": 49.839750575801716, "n_points": 13, "weight_sum": 0.0014909894738204779, "confidence": "Medium", "flagged": false }, "geometry": { "type": "Polygon", "coordinates": [ [ [ -115.442199330721621, 53.752951136779963 ], [ -115.392199330721624, 53.752951136779963 ], [ -115.392199330721624, 53.80295113677996 ], [ -115.442199330721621, 53.80295113677996 ], [ -115.442199330721621, 53.752951136779963 ] ] ] } },
{ "type": "Feature", "properties": { "value": 1, "label": "AQHI 1", "color": "#01cbff", "timestamp": "2026-09-30 07:00:00", "generated_at": "2026-09-30T13:31:09.486326", "nearest_km": 44.645122967377972, "n_points": 13, "weight_sum": 0.0016437183440708278, "confidence": "Medium", "flagged": false }, "geometry": { "type": "Polygon", "coordinates": [ [ [ -115.392199330721624, 53.752951136779963 ], [ -115.342199330721627, 53.752951136779963 ], [ -115.342199330721627, 53.80295113677996 ], [ -115.392199330721624, 53.80295113677996 ], [ -115.392199330721624, 53.752951136779963 ] ] ] } },
{ "type": "Feature", "properties": { "value": 1, "label": "AQHI 1", "color": "#01cbff", "timestamp": "2026-09-30 07:00:00", "generated_at": "2026-09-30T13:31:09.486326", "nearest_km": 39.539096777622674, "n_points": 13, "weight_sum": 0.0018719193864151675, "confidence": "Medium", "flagged": false }, "geometry": { "type": "Polygon", "coordinates": [ [ [ -115.342199330721627, 53.752951136779963 ], [ -115.29219933072163, 53.752951136779963 ], [ -115.29219933072163, 53.80295113677996 ], [ -115.342199330721627, 53.80295113677996 ], [ -115.342199330721627, 53.752951136779963 ] ] ] } },
{ "type": "Feature", "properties": { "value": 1, "label": "AQHI 1", "color": "#01cbff", "timestamp": "2026-09-30 07:00:00", "generated_at": "2026-09-30T13:31:09.486326", "nearest_km": 34.57019443405138, "n_points": 13, "weight_sum": 0.0022023006467738293, "confidence": "Medium", "flagged": false }, "geometry": { "type": "Polygon", "coordinates": [ [ [ -115.29219933072163, 53.752951136779963 ], [ -115.242199330721633, 53.752951136779963 ], [ -115.242199330721633, 53.80295113677996 ], [ -115.29219933072163, 53.80295113677996 ], [ -115.29219933072163, 53.752951136779963 ] ] ] } },
{ "type": "Feature", "properties": { "value": 1, "label": "AQHI 1", "color": "#01cbff", "timestamp": "2026-09-30 07:00:00", "generated_at": "2026-09-30T13:31:09.486326", "nearest_km": 29.807071517108401, "n_points": 13, "weight_sum": 0.0026792728157778224, "confidence": "Medium", "flagged": false }, "geometry": { "type": "Polygon", "coordinates": [ [ [ -115.242199330721633, 53.752951136779963 ], [ -115.192199330721635, 53.752951136779963 ], [ -115.192199330721635, 53.80295113677996 ], [ -115.242199330721633, 53.80295113677996 ], [ -115.242199330721633, 53.752951136779963 ] ] ] } },
{ "type": "Feature", "properties": { "value": 1, "label": "AQHI 1", "color": "#01cbff", "timestamp": "2026-09-30 07:00:00", "generated_at": "2026-09-30T13:31:09.486326", "nearest_km": 25.365915746211602, "n_points": 13, "weight_sum": 0.003370520563711764, "confidence": "Medium", "flagged": false }, "geometry": { "type": "Polygon", "coordinates": [ [ [ -115.192199330721635, 53.752951136779963 ], [ -115.142199330721638, 53.752951136779963 ], [ -115.142199330721638, 53.80295113677996 ], [ -115.192199330721635, 53.80295113677996 ], [ -115.192199330721635, 53.752951136779963 ] ] ] } },
{ "type": "Feature", "properties": { "value": 1, "label": "AQHI 1", "color": "#01cbff", "timestamp": "2026-09-30 07:00:00", "generated_at": "2026-09-30T13:31:09.486326", "nearest_km": 21.447677050482405, "n_points": 13, "weight_sum": 0.0043581337627206142, "confidence": "High", "flagged": false }, "geometry": { "type": "Polygon", "coordinates": [ [ [ -115.142199330721638, 53.752951136779963 ], [ -115.092199330721641, 53.752951136779963 ], [ -115.092199330721641, 53.80295113677996 ], [ -115.142199330721638, 53.80295113677996 ], [ -115.142199330721638, 53.752951136779963 ] ] ] } },
{ "type": "Feature", "properties": { "value": 1, "label": "AQHI 1", "color": "#01cbff", "timestamp": "2026-09-30 07:00:00", "generated_at": "2026-09-30T13:31:09.486326", "nearest_km": 18.38969874901888, "n_points": 12, "weight_sum": 0.0056386832184267136, "confidence": "High", "flagged": false }, "geometry": { "type": "Polygon", "coordinates": [ [ [ -115.092199330721641, 53.752951136779963 ], [ -115.042199330721644, 53.752951136779963 ], [ -115.042199330721644, 53.80295113677996 ], [ -115.092199330721641, 53.80295113677996 ], [ -115.092199330721641, 53.752951136779963 ] ] ] } },
{ "type": "Feature", "properties": { "value": 1, "label": "AQHI 1", "color": "#01cbff", "timestamp": "2026-09-30 07:00:00", "generated_at": "2026-09-30T13:31:09.486326", "nearest_km": 16.672258074344235, "n_points": 11, "weight_sum": 0.0069646100841003703, "confidence": "High", "flagged": false }, "geometry": { "type": "Polygon", "coordinates": [ [ [ -115.042199330721644, 53.752951136779963 ], [ -114.992199330721647, 53.752951136779963 ], [ -114.992199330721647, 53.80295113677996 ], [ -115.042199330721644, 53.80295113677996 ], [ -115.042199330721644, 53.752951136779963 ] ] ] } },
{ "type": "Feature", "properties": { "value": 1, "label": "AQHI 1", "color": "#01cbff", "timestamp": "2026-09-30 07:00:00", "generated_at": "2026-09-30T13:31:09.486326", "nearest_km": 16.713837336632167, "n_points": 11, "weight_sum": 0.0076590009362727729, "confidence": "High", "flagged": false }, "geometry": { "type": "Polygon", "coordinates": [ [ [ -114.992199330721647, 53.752951136779963 ], [ -114.94219933072165, 53.752951136779963 ], [ -114.94219933072165, 53.80295113677996 ], [ -114.992199330721647, 53.80295113677996 ], [ -114.992199330721647, 53.752951136779963 ] ] ] } },
{ "type": "Feature", "properties": { "value": 1, "label": "AQHI 1", "color": "#01cbff", "timestamp": "2026-09-30 07:00:00", "generated_at": "2026-09-30T13:31:09.486326", "nearest_km": 17.987598459229936, "n_points": 12, "weight_sum": 0.0073153894069017148, "confidence": "High", "flagged": false }, "geometry": { "type": "Polygon", "coordinates": [ [ [ -114.94219933072165, 53.752951136779963 ], [ -114.892199330721652, 53.752951136779963 ], [ -114.892199330721652, 53.80295113677996 ], [ -114.94219933072165, 53.80295113677996 ], [ -114.94219933072165, 53.752951136779963 ] ] ] } },
{ "type": "Feature", "properties": { "value": 1, "label": "AQHI 1", "color": "#01cbff", "timestamp": "2026-09-30 07:00:00", "generated_at": "2026-09-30T13:31:09.486326", "nearest_km": 19.752047171074103, "n_points": 12, "weight_sum": 0.0063570057474666907, "confidence": "High", "flagged": false }, "geometry": { "type": "Polygon", "coordinates": [ [ [ -114.892199330721652, 53.752951136779963 ], [ -114.842199330721655, 53.752951136779963 ], [ -114.842199330721655, 53.80295113677996 ], [ -114.892199330721652, 53.80295113677996 ], [ -114.892199330721652, 53.752951136779963 ] ] ] } },
{ "type": "Feature", "properties": { "value": 1, "label": "AQHI 1", "color": "#01cbff", "timestamp": "2026-09-30 07:00:00", "generated_at": "2026-09-30T13:31:09.486326", "nearest_km": 19.289176047663098, "n_points": 13, "weight_sum": 0.00568767238338478, "confidence": "High", "flagged": false }, "geometry": { "type": "Polygon", "coordinates": [ [ [ -114.842199330721655, 53.752951136779963 ], [ -114.792199330721658, 53.752951136779963 ], [ -114.792199330721658, 53.80295113677996 ], [ -114.842199330721655, 53.80295113677996 ], [ -114.842199330721655, 53.752951136779963 ] ] ] } },
{ "type": "Feature", "properties": { "value": 1, "label": "AQHI 1", "color": "#01cbff", "timestamp": "2026-09-30 07:00:00", "generated_at": "2026-09-30T13:31:09.486326", "nearest_km": 14.332885690453146, "n_points": 14, "weight_sum": 0.0058884458658367096, "confidence": "High", "flagged": false }, "geometry": { "type": "Polygon", "coordinates": [ [ [ -114.792199330721658, 53.752951136779963 ], [ -114.742199330721661, 53.752951136779963 ], [ -114.742199330721661, 53.80295113677996 ], [ -114.792199330721658, 53.80295113677996 ], [ -114.792199330721658, 53.752951136779963 ] ] ] } },
{ "type": "Feature", "properties": { "value": 1, "label": "AQHI 1", "color": "#01cbff", "timestamp": "2026-09-30 07:00:00", "generated_at": "2026-09-30T13:31:09.486326", "nearest_km": 139.86082835669421, "n_points": 4, "weight_sum": 0.00012703071349481058, "confidence": "Low", "flagged": false }, "geometry": { "type": "Polygon", "coordinates": [ [ [ -118.942199330721422, 53.80295113677996 ], [ -118.892199330721425, 53.80295113677996 ], [ -118.892199330721425, 53.852951136779957 ], [ -118.942199330721422, 53.852951136779957 ], [ -118.942199330721422, 53.80295113677996 ] ] ] } },
{ "type": "Feature", "properties": { "value": 1, "label": "AQHI 1", "color": "#01cbff", "timestamp": "2026-09-30 07:00:00", "generated_at": "2026-09-30T13:31:09.486326", "nearest_km": 136.17500959147711, "n_points": 4, "weight_sum": 0.00013393661874255803, "confidence": "Low", "flagged": false }, "geometry": { "type": "Polygon", "coordinates": [ [ [ -118.892199330721425, 53.80295113677996 ], [ -118.842199330721428, 53.80295113677996 ], [ -118.842199330721428, 53.852951136779957 ], [ -118.892199330721425, 53.852951136779957 ], [ -118.892199330721425, 53.80295113677996 ] ] ] } },
{ "type": "Feature", "properties": { "value": 2, "label": "AQHI 2", "color": "#0099cb", "timestamp": "2026-09-30 07:00:00", "generated_at": "2026-09-30T13:31:09.486326", "nearest_km": 132.61907919246414, "n_points": 5, "weight_sum": 0.00018752779492409199, "confidence": "Low", "flagged": false }, "geometry": { "type": "Polygon", "coordinates": [ [ [ -118.842199330721428, 53.80295113677996 ], [ -118.792199330721431, 53.80295113677996 ], [ -118.792199330721431, 53.852951136779957 ], [ -118.842199330721428, 53.852951136779957 ], [ -118.842199330721428, 53.80295113677996 ] ] ] } },
{ "type": "Feature", "properties": { "value": 1, "label": "AQHI 1", "color": "#01cbff", "timestamp": "2026-09-30 07:00:00", "generated_at": "2026-09-30T13:31:09.486326", "nearest_km": 129.20376192075545, "n_points": 6, "weight_sum": 0.00024629658495616425, "confidence": "Low", "flagged": false }, "geometry": { "type": "Polygon", "coordinates": [ [ [ -118.792199330721431, 53.80295113677996 ], [ -118.742199330721434, 53.80295113677996 ], [ -118.742199330721434, 53.852951136779957 ], [ -118.792199330721431, 53.852951136779957 ], [ -118.792199330721431, 53.80295113677996 ] ] ] } },
{ "type": "Feature", "properties": { "value": 1, "label": "AQHI 1", "color": "#01cbff", "timestamp": "2026-09-30 07:00:00", "generated_at": "2026-09-30T13:31:09.486326", "nearest_km": 125.94049794682184, "n_points": 6, "weight_sum": 0.00026163041702971946, "confidence": "Low", "flagged": false }, "geometry": { "type": "Polygon", "coordinates": [ [ [ -118.742199330721434, 53.80295113677996 ], [ -118.692199330721436, 53.80295113677996 ], [ -118.692199330721436, 53.852951136779957 ], [ -118.742199330721434, 53.852951136779957 ], [ -118.742199330721434, 53.80295113677996 ] ] ] } },
{ "type": "Feature", "properties": { "value": 1, "label": "AQHI 1", "color": "#01cbff", "timestamp": "2026-09-30 07:00:00", "generated_at": "2026-09-30T13:31:09.486326", "nearest_km": 122.84140568925287, "n_points": 6, "weight_sum": 0.00027803118549687349, "confidence": "Low", "flagged": false }, "geometry": { "type": "Polygon", "coordinates": [ [ [ -118.692199330721436, 53.80295113677996 ], [ -118.642199330721439, 53.80295113677996 ], [ -118.642199330721439, 53.852951136779957 ], [ -118.692199330721436, 53.852951136779957 ], [ -118.692199330721436, 53.80295113677996 ] ] ] } },
{ "type": "Feature", "properties": { "value": 1, "label": "AQHI 1", "color": "#01cbff", "timestamp": "2026-09-30 07:00:00", "generated_at": "2026-09-30T13:31:09.486326", "nearest_km": 119.91921397478292, "n_points": 6, "weight_sum": 0.00029556335164609998, "confidence": "Low", "flagged": false }, "geometry": { "type": "Polygon", "coordinates": [ [ [ -118.642199330721439, 53.80295113677996 ], [ -118.592199330721442, 53.80295113677996 ], [ -118.592199330721442, 53.852951136779957 ], [ -118.642199330721439, 53.852951136779957 ], [ -118.642199330721439, 53.80295113677996 ] ] ] } },
{ "type": "Feature", "properties": { "value": 1, "label": "AQHI 1", "color": "#01cbff", "timestamp": "2026-09-30 07:00:00", "generated_at": "2026-09-30T13:31:09.486326", "nearest_km": 117.18715718434305, "n_points": 6, "weight_sum": 0.00031429864329760319, "confidence": "Low", "flagged": false }, "geometry": { "type": "Polygon", "coordinates": [ [ [ -118.592199330721442, 53.80295113677996 ], [ -118.542199330721445, 53.80295113677996 ], [ -118.542199330721445, 53.852951136779957 ], [ -118.592199330721442, 53.852951136779957 ], [ -118.592199330721442, 53.80295113677996 ] ] ] } },
{ "type": "Feature", "properties": { "value": 1, "label": "AQHI 1", "color": "#01cbff", "timestamp": "2026-09-30 07:00:00", "generated_at": "2026-09-30T13:31:09.486326", "nearest_km": 114.65882756057677, "n_points": 6, "weight_sum": 0.0003343207108472664, "confidence": "Low", "flagged": false }, "geometry": { "type": "Polygon", "coordinates": [ [ [ -118.542199330721445, 53.80295113677996 ], [ -118.492199330721448, 53.80295113677996 ], [ -118.492199330721448, 53.852951136779957 ], [ -118.542199330721445, 53.852951136779957 ], [ -118.542199330721445, 53.80295113677996 ] ] ] } },
{ "type": "Feature", "properties": { "value": 1, "label": "AQHI 1", "color": "#01cbff", "timestamp": "2026-09-30 07:00:00", "generated_at": "2026-09-30T13:31:09.486326", "nearest_km": 110.55494029709079, "n_points": 6, "weight_sum": 0.00035573204412464322, "confidence": "Low", "flagged": false }, "geometry": { "type": "Polygon", "coordinates": [ [ [ -118.492199330721448, 53.80295113677996 ], [ -118.442199330721451, 53.80295113677996 ], [ -118.442199330721451, 53.852951136779957 ], [ -118.492199330721448, 53.852951136779957 ], [ -118.492199330721448, 53.80295113677996 ] ] ] } },
{ "type": "Feature", "properties": { "value": 1, "label": "AQHI 1", "color": "#01cbff", "timestamp": "2026-09-30 07:00:00", "generated_at": "2026-09-30T13:31:09.486326", "nearest_km": 105.52229520234798, "n_points": 7, "weight_sum": 0.00040136205104890604, "confidence": "Low", "flagged": false }, "geometry": { "type": "Polygon", "coordinates": [ [ [ -118.442199330721451, 53.80295113677996 ], [ -118.392199330721454, 53.80295113677996 ], [ -118.392199330721454, 53.852951136779957 ], [ -118.442199330721451, 53.852951136779957 ], [ -118.442199330721451, 53.80295113677996 ] ] ] } },
{ "type": "Feature", "properties": { "value": 1, "label": "AQHI 1", "color": "#01cbff", "timestamp": "2026-09-30 07:00:00", "generated_at": "2026-09-30T13:31:09.486326", "nearest_km": 100.54411840306534, "n_points": 7, "weight_sum": 0.00042701271221313357, "confidence": "Low", "flagged": false }, "geometry": { "type": "Polygon", "coordinates": [ [ [ -118.392199330721454, 53.80295113677996 ], [ -118.342199330721456, 53.80295113677996 ], [ -118.342199330721456, 53.852951136779957 ], [ -118.392199330721454, 53.852951136779957 ], [ -118.392199330721454, 53.80295113677996 ] ] ] } },
{ "type": "Feature", "properties": { "value": 1, "label": "AQHI 1", "color": "#01cbff", "timestamp": "2026-09-30 07:00:00", "generated_at": "2026-09-30T13:31:09.486326", "nearest_km": 95.628916683855437, "n_points": 7, "weight_sum": 0.00045460765547417905, "confidence": "Low", "flagged": false }, "geometry": { "type": "Polygon", "coordinates": [ [ [ -118.342199330721456, 53.80295113677996 ], [ -118.292199330721459, 53.80295113677996 ], [ -118.292199330721459, 53.852951136779957 ], [ -118.342199330721456, 53.852951136779957 ], [ -118.342199330721456, 53.80295113677996 ] ] ] } },
{ "type": "Feature", "properties": { "value": 1, "label": "AQHI 1", "color": "#01cbff", "timestamp": "2026-09-30 07:00:00", "generated_at": "2026-09-30T13:31:09.486326", "nearest_km": 90.786919029152571, "n_points": 7, "weight_sum": 0.00048444668409375981, "confidence": "Low", "flagged": false }, "geometry": { "type": "Polygon", "coordinates": [ [ [ -118.292199330721459, 53.80295113677996 ], [ -118.242199330721462, 53.80295113677996 ], [ -118.242199330721462, 53.852951136779957 ], [ -118.292199330721459, 53.852951136779957 ], [ -118.292199330721459, 53.80295113677996 ] ] ] } },
{ "type": "Feature", "properties": { "value": 1, "label": "AQHI 1", "color": "#01cbff", "timestamp": "2026-09-30 07:00:00", "generated_at": "2026-09-30T13:31:09.486326", "nearest_km": 86.030486616571196, "n_points": 9, "weight_sum": 0.00058550850969457408, "confidence": "Low", "flagged": false }, "geometry": { "type": "Polygon", "coordinates": [ [ [ -118.242199330721462, 53.80295113677996 ], [ -118.192199330721465, 53.80295113677996 ], [ -118.192199330721465, 53.852951136779957 ], [ -118.242199330721462, 53.852951136779957 ], [ -118.242199330721462, 53.80295113677996 ] ] ] } },
{ "type": "Feature", "properties": { "value": 1, "label": "AQHI 1", "color": "#01cbff", "timestamp": "2026-09-30 07:00:00", "generated_at": "2026-09-30T13:31:09.486326", "nearest_km": 81.374624964801896, "n_points": 9, "weight_sum": 0.00062578271073205889, "confidence": "Low", "flagged": false }, "geometry": { "type": "Polygon", "coordinates": [ [ [ -118.192199330721465, 53.80295113677996 ], [ -118.142199330721468, 53.80295113677996 ], [ -118.142199330721468, 53.852951136779957 ], [ -118.192199330721465, 53.852951136779957 ], [ -118.192199330721465, 53.80295113677996 ] ] ] } },
{ "type": "Feature", "properties": { "value": 1, "label": "AQHI 1", "color": "#01cbff", "timestamp": "2026-09-30 07:00:00", "generated_at": "2026-09-30T13:31:09.486326", "nearest_km": 76.837618058085823, "n_points": 9, "weight_sum": 0.00067026571176520306, "confidence": "Low", "flagged": false }, "geometry": { "type": "Polygon", "coordinates": [ [ [ -118.142199330721468, 53.80295113677996 ], [ -118.092199330721471, 53.80295113677996 ], [ -118.092199330721471, 53.852951136779957 ], [ -118.142199330721468, 53.852951136779957 ], [ -118.142199330721468, 53.80295113677996 ] ] ] } },
{ "type": "Feature", "properties": { "value": 1, "label": "AQHI 1", "color": "#01cbff", "timestamp": "2026-09-30 07:00:00", "generated_at": "2026-09-30T13:31:09.486326", "nearest_km": 72.441800843976722, "n_points": 9, "weight_sum": 0.00071975885431776814, "confidence": "Medium", "flagged": false }, "geometry": { "type": "Polygon", "coordinates": [ [ [ -118.092199330721471, 53.80295113677996 ], [ -118.042199330721473, 53.80295113677996 ], [ -118.042199330721473, 53.852951136779957 ], [ -118.092199330721471, 53.852951136779957 ], [ -118.092199330721471, 53.80295113677996 ] ] ] } },
{ "type": "Feature", "properties": { "value": 1, "label": "AQHI 1", "color": "#01cbff", "timestamp": "2026-09-30 07:00:00", "generated_at": "2026-09-30T13:31:09.486326", "nearest_km": 68.214474052040373, "n_points": 9, "weight_sum": 0.00077515483258155926, "confidence": "Medium", "flagged": false }, "geometry": { "type": "Polygon", "coordinates": [ [ [ -118.042199330721473, 53.80295113677996 ], [ -117.992199330721476, 53.80295113677996 ], [ -117.992199330721476, 53.852951136779957 ], [ -118.042199330721473, 53.852951136779957 ], [ -118.042199330721473, 53.80295113677996 ] ] ] } },
{ "type": "Feature", "properties": { "value": 2, "label": "AQHI 2", "color": "#0099cb", "timestamp": "2026-09-30 07:00:00", "generated_at": "2026-09-30T13:31:09.486326", "nearest_km": 64.18893542406343, "n_points": 10, "weight_sum": 0.00088372902708903933, "confidence": "Medium", "flagged": false }, "geometry": { "type": "Polygon", "coordinates": [ [ [ -117.992199330721476, 53.80295113677996 ], [ -117.942199330721479, 53.80295113677996 ], [ -117.942199330721479, 53.852951136779957 ], [ -117.992199330721476, 53.852951136779957 ], [ -117.992199330721476, 53.80295113677996 ] ] ] } },
{ "type": "Feature", "properties": { "value": 2, "label": "AQHI 2", "color": "#0099cb", "timestamp": "2026-09-30 07:00:00", "generated_at": "2026-09-30T13:31:09.486326", "nearest_km": 60.4055410666329, "n_points": 10, "weight_sum": 0.00095672701427047824, "confidence": "Medium", "flagged": false }, "geometry": { "type": "Polygon", "coordinates": [ [ [ -117.942199330721479, 53.80295113677996 ], [ -117.892199330721482, 53.80295113677996 ], [ -117.892199330721482, 53.852951136779957 ], [ -117.942199330721479, 53.852951136779957 ], [ -117.942199330721479, 53.80295113677996 ] ] ] } },
{ "type": "Feature", "properties": { "value": 2, "label": "AQHI 2", "color": "#0099cb", "timestamp": "2026-09-30 07:00:00", "generated_at": "2026-09-30T13:31:09.486326", "nearest_km": 56.849890495325873, "n_points": 10, "weight_sum": 0.0010378065100026359, "confidence": "Medium", "flagged": false }, "geometry": { "type": "Polygon", "coordinates": [ [ [ -117.892199330721482, 53.80295113677996 ], [ -117.842199330721485, 53.80295113677996 ], [ -117.842199330721485, 53.852951136779957 ], [ -117.892199330721482, 53.852951136779957 ], [ -117.892199330721482, 53.80295113677996 ] ] ] } },
{ "type": "Feature", "properties": { "value": 2, "label": "AQHI 2", "color": "#0099cb", "timestamp": "2026-09-30 07:00:00", "generated_at": "2026-09-30T13:31:09.486326", "nearest_km": 53.233248112891104, "n_points": 10, "weight_sum": 0.0011262846497367214, "confidence": "Medium", "flagged": false }, "geometry": { "type": "Polygon", "coordinates": [ [ [ -117.842199330721485, 53.80295113677996 ], [ -117.792199330721488, 53.80295113677996 ], [ -117.792199330721488, 53.852951136779957 ], [ -117.842199330721485, 53.852951136779957 ], [ -117.842199330721485, 53.80295113677996 ] ] ] } },
{ "type": "Feature", "properties": { "value": 2, "label": "AQHI 2", "color": "#0099cb", "timestamp": "2026-09-30 07:00:00", "generated_at": "2026-09-30T13:31:09.486326", "nearest_km": 49.972516045989707, "n_points": 10, "weight_sum": 0.0012198896302139945, "confidence": "Medium", "flagged": false }, "geometry": { "type": "Polygon", "coordinates": [ [ [ -117.792199330721488, 53.80295113677996 ], [ -117.74219933072149, 53.80295113677996 ], [ -117.74219933072149, 53.852951136779957 ], [ -117.792199330721488, 53.852951136779957 ], [ -117.792199330721488, 53.80295113677996 ] ] ] } },
{ "type": "Feature", "properties": { "value": 2, "label": "AQHI 2", "color": "#0099cb", "timestamp": "2026-09-30 07:00:00", "generated_at": "2026-09-30T13:31:09.486326", "nearest_km": 47.141605989664427, "n_points": 12, "weight_sum": 0.0013603261630622237, "confidence": "Medium", "flagged": false }, "geometry": { "type": "Polygon", "coordinates": [ [ [ -117.74219933072149, 53.80295113677996 ], [ -117.692199330721493, 53.80295113677996 ], [ -117.692199330721493, 53.852951136779957 ], [ -117.74219933072149, 53.852951136779957 ], [ -117.74219933072149, 53.80295113677996 ] ] ] } },
{ "type": "Feature", "properties": { "value": 2, "label": "AQHI 2", "color": "#0099cb", "timestamp": "2026-09-30 07:00:00", "generated_at": "2026-09-30T13:31:09.486326", "nearest_km": 44.822033316247769, "n_points": 13, "weight_sum": 0.0014985381890469905, "confidence": "Medium", "flagged": false }, "geometry": { "type": "Polygon", "coordinates": [ [ [ -117.692199330721493, 53.80295113677996 ], [ -117.642199330721496, 53.80295113677996 ], [ -117.642199330721496, 53.852951136779957 ], [ -117.692199330721493, 53.852951136779957 ], [ -117.692199330721493, 53.80295113677996 ] ] ] } },
{ "type": "Feature", "properties": { "value": 2, "label": "AQHI 2", "color": "#0099cb", "timestamp": "2026-09-30 07:00:00", "generated_at": "2026-09-30T13:31:09.486326", "nearest_km": 43.096442149217815, "n_points": 13, "weight_sum": 0.0015784440914358474, "confidence": "Medium", "flagged": false }, "geometry": { "type": "Polygon", "coordinates": [ [ [ -117.642199330721496, 53.80295113677996 ], [ -117.592199330721499, 53.80295113677996 ], [ -117.592199330721499, 53.852951136779957 ], [ -117.642199330721496, 53.852951136779957 ], [ -117.642199330721496, 53.80295113677996 ] ] ] } },
{ "type": "Feature", "properties": { "value": 2, "label": "AQHI 2", "color": "#0099cb", "timestamp": "2026-09-30 07:00:00", "generated_at": "2026-09-30T13:31:09.486326", "nearest_km": 42.03804207190106, "n_points": 13, "weight_sum": 0.0016344522220583023, "confidence": "Medium", "flagged": false }, "geometry": { "type": "Polygon", "coordinates": [ [ [ -117.592199330721499, 53.80295113677996 ], [ -117.542199330721502, 53.80295113677996 ], [ -117.542199330721502, 53.852951136779957 ], [ -117.592199330721499, 53.852951136779957 ], [ -117.592199330721499, 53.80295113677996 ] ] ] } },
{ "type": "Feature", "properties": { "value": 2, "label": "AQHI 2", "color": "#0099cb", "timestamp": "2026-09-30 07:00:00", "generated_at": "2026-09-30T13:31:09.486326", "nearest_km": 41.697669437954957, "n_points": 13, "weight_sum": 0.0016602949562565987, "confidence": "Medium", "flagged": false }, "geometry": { "type": "Polygon", "coordinates": [ [ [ -117.542199330721502, 53.80295113677996 ], [ -117.492199330721505, 53.80295113677996 ], [ -117.492199330721505, 53.852951136779957 ], [ -117.542199330721502, 53.852951136779957 ], [ -117.542199330721502, 53.80295113677996 ] ] ] } },
{ "type": "Feature", "properties": { "value": 2, "label": "AQHI 2", "color": "#0099cb", "timestamp": "2026-09-30 07:00:00", "generated_at": "2026-09-30T13:31:09.486326", "nearest_km": 42.092746309488938, "n_points": 13, "weight_sum": 0.0016551498212538502, "confidence": "Medium", "flagged": false }, "geometry": { "type": "Polygon", "coordinates": [ [ [ -117.492199330721505, 53.80295113677996 ], [ -117.442199330721508, 53.80295113677996 ], [ -117.442199330721508, 53.852951136779957 ], [ -117.492199330721505, 53.852951136779957 ], [ -117.492199330721505, 53.80295113677996 ] ] ] } },
{ "type": "Feature", "properties": { "value": 2, "label": "AQHI 2", "color": "#0099cb", "timestamp": "2026-09-30 07:00:00", "generated_at": "2026-09-30T13:31:09.486326", "nearest_km": 43.203101129352035, "n_points": 13, "weight_sum": 0.0016241496022302579, "confidence": "Medium", "flagged": false }, "geometry": { "type": "Polygon", "coordinates": [ [ [ -117.442199330721508, 53.80295113677996 ], [ -117.39219933072151, 53.80295113677996 ], [ -117.39219933072151, 53.852951136779957 ], [ -117.442199330721508, 53.852951136779957 ], [ -117.442199330721508, 53.80295113677996 ] ] ] } },
{ "type": "Feature", "properties": { "value": 2, "label": "AQHI 2", "color": "#0099cb", "timestamp": "2026-09-30 07:00:00", "generated_at": "2026-09-30T13:31:09.486326", "nearest_km": 44.975789070465872, "n_points": 13, "weight_sum": 0.0015763760069735931, "confidence": "Medium", "flagged": false }, "geometry": { "type": "Polygon", "coordinates": [ [ [ -117.39219933072151, 53.80295113677996 ], [ -117.342199330721513, 53.80295113677996 ], [ -117.342199330721513, 53.852951136779957 ], [ -117.39219933072151, 53.852951136779957 ], [ -117.39219933072151, 53.80295113677996 ] ] ] } },
{ "type": "Feature", "properties": { "value": 2, "label": "AQHI 2", "color": "#0099cb", "timestamp": "2026-09-30 07:00:00", "generated_at": "2026-09-30T13:31:09.486326", "nearest_km": 47.33645801947003, "n_points": 13, "weight_sum": 0.0015217154446023834, "confidence": "Medium", "flagged": false }, "geometry": { "type": "Polygon", "coordinates": [ [ [ -117.342199330721513, 53.80295113677996 ], [ -117.292199330721516, 53.80295113677996 ], [ -117.292199330721516, 53.852951136779957 ], [ -117.342199330721513, 53.852951136779957 ], [ -117.342199330721513, 53.80295113677996 ] ] ] } },
{ "type": "Feature", "properties": { "value": 2, "label": "AQHI 2", "color": "#0099cb", "timestamp": "2026-09-30 07:00:00", "generated_at": "2026-09-30T13:31:09.486326", "nearest_km": 50.202230161089979, "n_points": 13, "weight_sum": 0.0014683985991694912, "confidence": "Medium", "flagged": false }, "geometry": { "type": "Polygon", "coordinates": [ [ [ -117.292199330721516, 53.80295113677996 ], [ -117.242199330721519, 53.80295113677996 ], [ -117.242199330721519, 53.852951136779957 ], [ -117.292199330721516, 53.852951136779957 ], [ -117.292199330721516, 53.80295113677996 ] ] ] } },
{ "type": "Feature", "properties": { "value": 2, "label": "AQHI 2", "color": "#0099cb", "timestamp": "2026-09-30 07:00:00", "generated_at": "2026-09-30T13:31:09.486326", "nearest_km": 53.491986020945689, "n_points": 13, "weight_sum": 0.0014220281928983753, "confidence": "Medium", "flagged": false }, "geometry": { "type": "Polygon", "coordinates": [ [ [ -117.242199330721519, 53.80295113677996 ], [ -117.192199330721522, 53.80295113677996 ], [ -117.192199330721522, 53.852951136779957 ], [ -117.242199330721519, 53.852951136779957 ], [ -117.242199330721519, 53.80295113677996 ] ] ] } },
{ "type": "Feature", "properties": { "value": 2, "label": "AQHI 2", "color": "#0099cb", "timestamp": "2026-09-30 07:00:00", "generated_at": "2026-09-30T13:31:09.486326", "nearest_km": 57.132532096722606, "n_points": 14, "weight_sum": 0.001408612288171106, "confidence": "Medium", "flagged": false }, "geometry": { "type": "Polygon", "coordinates": [ [ [ -117.192199330721522, 53.80295113677996 ], [ -117.142199330721525, 53.80295113677996 ], [ -117.142199330721525, 53.852951136779957 ], [ -117.192199330721522, 53.852951136779957 ], [ -117.192199330721522, 53.80295113677996 ] ] ] } },
{ "type": "Feature", "properties": { "value": 2, "label": "AQHI 2", "color": "#0099cb", "timestamp": "2026-09-30 07:00:00", "generated_at": "2026-09-30T13:31:09.486326", "nearest_km": 61.061156876536671, "n_points": 13, "weight_sum": 0.0013645739614019054, "confidence": "Medium", "flagged": false }, "geometry": { "type": "Polygon", "coordinates": [ [ [ -117.142199330721525, 53.80295113677996 ], [ -117.092199330721527, 53.80295113677996 ], [ -117.092199330721527, 53.852951136779957 ], [ -117.142199330721525, 53.852951136779957 ], [ -117.142199330721525, 53.80295113677996 ] ] ] } },
{ "type": "Feature", "properties": { "value": 2, "label": "AQHI 2", "color": "#0099cb", "timestamp": "2026-09-30 07:00:00", "generated_at": "2026-09-30T13:31:09.486326", "nearest_km": 65.225827203792491, "n_points": 10, "weight_sum": 0.0012677847510872981, "confidence": "Medium", "flagged": false }, "geometry": { "type": "Polygon", "coordinates": [ [ [ -117.092199330721527, 53.80295113677996 ], [ -117.04219933072153, 53.80295113677996 ], [ -117.04219933072153, 53.852951136779957 ], [ -117.092199330721527, 53.852951136779957 ], [ -117.092199330721527, 53.80295113677996 ] ] ] } },
{ "type": "Feature", "properties": { "value": 2, "label": "AQHI 2", "color": "#0099cb", "timestamp": "2026-09-30 07:00:00", "generated_at": "2026-09-30T13:31:09.486326", "nearest_km": 69.584173414196471, "n_points": 10, "weight_sum": 0.0012766888122634644, "confidence": "Medium", "flagged": false }, "geometry": { "type": "Polygon", "coordinates": [ [ [ -117.04219933072153, 53.80295113677996 ], [ -116.992199330721533, 53.80295113677996 ], [ -116.992199330721533, 53.852951136779957 ], [ -117.04219933072153, 53.852951136779957 ], [ -117.04219933072153, 53.80295113677996 ] ] ] } },
{ "type": "Feature", "properties": { "value": 2, "label": "AQHI 2", "color": "#0099cb", "timestamp": "2026-09-30 07:00:00", "generated_at": "2026-09-30T13:31:09.486326", "nearest_km": 65.750782168101068, "n_points": 10, "weight_sum": 0.0012998107032629416, "confidence": "Medium", "flagged": false }, "geometry": { "type": "Polygon", "coordinates": [ [ [ -116.992199330721533, 53.80295113677996 ], [ -116.942199330721536, 53.80295113677996 ], [ -116.942199330721536, 53.852951136779957 ], [ -116.992199330721533, 53.852951136779957 ], [ -116.992199330721533, 53.80295113677996 ] ] ] } },
{ "type": "Feature", "properties": { "value": 2, "label": "AQHI 2", "color": "#0099cb", "timestamp": "2026-09-30 07:00:00", "generated_at": "2026-09-30T13:31:09.486326", "nearest_km": 60.648358884104219, "n_points": 10, "weight_sum": 0.0013393102222299877, "confidence": "Medium", "flagged": false }, "geometry": { "type": "Polygon", "coordinates": [ [ [ -116.942199330721536, 53.80295113677996 ], [ -116.892199330721539, 53.80295113677996 ], [ -116.892199330721539, 53.852951136779957 ], [ -116.942199330721536, 53.852951136779957 ], [ -116.942199330721536, 53.80295113677996 ] ] ] } },
{ "type": "Feature", "properties": { "value": 2, "label": "AQHI 2", "color": "#0099cb", "timestamp": "2026-09-30 07:00:00", "generated_at": "2026-09-30T13:31:09.486326", "nearest_km": 55.631704224777465, "n_points": 10, "weight_sum": 0.0013988421823959852, "confidence": "Medium", "flagged": false }, "geometry": { "type": "Polygon", "coordinates": [ [ [ -116.892199330721539, 53.80295113677996 ], [ -116.842199330721542, 53.80295113677996 ], [ -116.842199330721542, 53.852951136779957 ], [ -116.892199330721539, 53.852951136779957 ], [ -116.892199330721539, 53.80295113677996 ] ] ] } },
{ "type": "Feature", "properties": { "value": 2, "label": "AQHI 2", "color": "#0099cb", "timestamp": "2026-09-30 07:00:00", "generated_at": "2026-09-30T13:31:09.486326", "nearest_km": 50.726271246476777, "n_points": 10, "weight_sum": 0.0014841625270543013, "confidence": "Medium", "flagged": false }, "geometry": { "type": "Polygon", "coordinates": [ [ [ -116.842199330721542, 53.80295113677996 ], [ -116.792199330721544, 53.80295113677996 ], [ -116.792199330721544, 53.852951136779957 ], [ -116.842199330721542, 53.852951136779957 ], [ -116.842199330721542, 53.80295113677996 ] ] ] } },
{ "type": "Feature", "properties": { "value": 2, "label": "AQHI 2", "color": "#0099cb", "timestamp": "2026-09-30 07:00:00", "generated_at": "2026-09-30T13:31:09.486326", "nearest_km": 45.967680757126985, "n_points": 9, "weight_sum": 0.001582219019303606, "confidence": "Medium", "flagged": false }, "geometry": { "type": "Polygon", "coordinates": [ [ [ -116.792199330721544, 53.80295113677996 ], [ -116.742199330721547, 53.80295113677996 ], [ -116.742199330721547, 53.852951136779957 ], [ -116.792199330721544, 53.852951136779957 ], [ -116.792199330721544, 53.80295113677996 ] ] ] } },
{ "type": "Feature", "properties": { "value": 2, "label": "AQHI 2", "color": "#0099cb", "timestamp": "2026-09-30 07:00:00", "generated_at": "2026-09-30T13:31:09.486326", "nearest_km": 41.406590704948663, "n_points": 9, "weight_sum": 0.0017493882918345877, "confidence": "Medium", "flagged": false }, "geometry": { "type": "Polygon", "coordinates": [ [ [ -116.742199330721547, 53.80295113677996 ], [ -116.69219933072155, 53.80295113677996 ], [ -116.69219933072155, 53.852951136779957 ], [ -116.742199330721547, 53.852951136779957 ], [ -116.742199330721547, 53.80295113677996 ] ] ] } },
{ "type": "Feature", "properties": { "value": 2, "label": "AQHI 2", "color": "#0099cb", "timestamp": "2026-09-30 07:00:00", "generated_at": "2026-09-30T13:31:09.486326", "nearest_km": 37.115883842704505, "n_points": 9, "weight_sum": 0.0019789732050457397, "confidence": "Medium", "flagged": false }, "geometry": { "type": "Polygon", "coordinates": [ [ [ -116.69219933072155, 53.80295113677996 ], [ -116.642199330721553, 53.80295113677996 ], [ -116.642199330721553, 53.852951136779957 ], [ -116.69219933072155, 53.852951136779957 ], [ -116.69219933072155, 53.80295113677996 ] ] ] } },
{ "type": "Feature", "properties": { "value": 2, "label": "AQHI 2", "color": "#0099cb", "timestamp": "2026-09-30 07:00:00", "generated_at": "2026-09-30T13:31:09.486326", "nearest_km": 33.200555914669835, "n_points": 9, "weight_sum": 0.0022888710096832868, "confidence": "Medium", "flagged": false }, "geometry": { "type": "Polygon", "coordinates": [ [ [ -116.642199330721553, 53.80295113677996 ], [ -116.592199330721556, 53.80295113677996 ], [ -116.592199330721556, 53.852951136779957 ], [ -116.642199330721553, 53.852951136779957 ], [ -116.642199330721553, 53.80295113677996 ] ] ] } },
{ "type": "Feature", "properties": { "value": 2, "label": "AQHI 2", "color": "#0099cb", "timestamp": "2026-09-30 07:00:00", "generated_at": "2026-09-30T13:31:09.486326", "nearest_km": 29.808891167923306, "n_points": 9, "weight_sum": 0.0026911439130235908, "confidence": "Medium", "flagged": false }, "geometry": { "type": "Polygon", "coordinates": [ [ [ -116.592199330721556, 53.80295113677996 ], [ -116.542199330721559, 53.80295113677996 ], [ -116.542199330721559, 53.852951136779957 ], [ -116.592199330721556, 53.852951136779957 ], [ -116.592199330721556, 53.80295113677996 ] ] ] } },
{ "type": "Feature", "properties": { "value": 2, "label": "AQHI 2", "color": "#0099cb", "timestamp": "2026-09-30 07:00:00", "generated_at": "2026-09-30T13:31:09.486326", "nearest_km": 26.877958605640135, "n_points": 9, "weight_sum": 0.0031716105021130491, "confidence": "Medium", "flagged": false }, "geometry": { "type": "Polygon", "coordinates": [ [ [ -116.542199330721559, 53.80295113677996 ], [ -116.492199330721562, 53.80295113677996 ], [ -116.492199330721562, 53.852951136779957 ], [ -116.542199330721559, 53.852951136779957 ], [ -116.542199330721559, 53.80295113677996 ] ] ] } },
{ "type": "Feature", "properties": { "value": 2, "label": "AQHI 2", "color": "#0099cb", "timestamp": "2026-09-30 07:00:00", "generated_at": "2026-09-30T13:31:09.486326", "nearest_km": 24.714436751107044, "n_points": 9, "weight_sum": 0.0036555152350078637, "confidence": "High", "flagged": false }, "geometry": { "type": "Polygon", "coordinates": [ [ [ -116.492199330721562, 53.80295113677996 ], [ -116.442199330721564, 53.80295113677996 ], [ -116.442199330721564, 53.852951136779957 ], [ -116.492199330721562, 53.852951136779957 ], [ -116.492199330721562, 53.80295113677996 ] ] ] } },
{ "type": "Feature", "properties": { "value": 2, "label": "AQHI 2", "color": "#0099cb", "timestamp": "2026-09-30 07:00:00", "generated_at": "2026-09-30T13:31:09.486326", "nearest_km": 23.680944006572659, "n_points": 9, "weight_sum": 0.003990746788057534, "confidence": "High", "flagged": false }, "geometry": { "type": "Polygon", "coordinates": [ [ [ -116.442199330721564, 53.80295113677996 ], [ -116.392199330721567, 53.80295113677996 ], [ -116.392199330721567, 53.852951136779957 ], [ -116.442199330721564, 53.852951136779957 ], [ -116.442199330721564, 53.80295113677996 ] ] ] } },
{ "type": "Feature", "properties": { "value": 2, "label": "AQHI 2", "color": "#0099cb", "timestamp": "2026-09-30 07:00:00", "generated_at": "2026-09-30T13:31:09.486326", "nearest_km": 23.236843959582902, "n_points": 9, "weight_sum": 0.0040186899984327815, "confidence": "High", "flagged": false }, "geometry": { "type": "Polygon", "coordinates": [ [ [ -116.392199330721567, 53.80295113677996 ], [ -116.34219933072157, 53.80295113677996 ], [ -116.34219933072157, 53.852951136779957 ], [ -116.392199330721567, 53.852951136779957 ], [ -116.392199330721567, 53.80295113677996 ] ] ] } },
{ "type": "Feature", "properties": { "value": 2, "label": "AQHI 2", "color": "#0099cb", "timestamp": "2026-09-30 07:00:00", "generated_at": "2026-09-30T13:31:09.486326", "nearest_km": 23.905363323320699, "n_points": 10, "weight_sum": 0.0037394125106310549, "confidence": "High", "flagged": false }, "geometry": { "type": "Polygon", "coordinates": [ [ [ -116.34219933072157, 53.80295113677996 ], [ -116.292199330721573, 53.80295113677996 ], [ -116.292199330721573, 53.852951136779957 ], [ -116.34219933072157, 53.852951136779957 ], [ -116.34219933072157, 53.80295113677996 ] ] ] } },
{ "type": "Feature", "properties": { "value": 2, "label": "AQHI 2", "color": "#0099cb", "timestamp": "2026-09-30 07:00:00", "generated_at": "2026-09-30T13:31:09.486326", "nearest_km": 25.779582503173351, "n_points": 12, "weight_sum": 0.0032774136798996933, "confidence": "Medium", "flagged": false }, "geometry": { "type": "Polygon", "coordinates": [ [ [ -116.292199330721573, 53.80295113677996 ], [ -116.242199330721576, 53.80295113677996 ], [ -116.242199330721576, 53.852951136779957 ], [ -116.292199330721573, 53.852951136779957 ], [ -116.292199330721573, 53.80295113677996 ] ] ] } },
{ "type": "Feature", "properties": { "value": 2, "label": "AQHI 2", "color": "#0099cb", "timestamp": "2026-09-30 07:00:00", "generated_at": "2026-09-30T13:31:09.486326", "nearest_km": 28.623632761336737, "n_points": 11, "weight_sum": 0.0027422379460555067, "confidence": "Medium", "flagged": false }, "geometry": { "type": "Polygon", "coordinates": [ [ [ -116.242199330721576, 53.80295113677996 ], [ -116.192199330721579, 53.80295113677996 ], [ -116.192199330721579, 53.852951136779957 ], [ -116.242199330721576, 53.852951136779957 ], [ -116.242199330721576, 53.80295113677996 ] ] ] } },
{ "type": "Feature", "properties": { "value": 2, "label": "AQHI 2", "color": "#0099cb", "timestamp": "2026-09-30 07:00:00", "generated_at": "2026-09-30T13:31:09.486326", "nearest_km": 32.181405048161132, "n_points": 12, "weight_sum": 0.0023873116071997922, "confidence": "Medium", "flagged": false }, "geometry": { "type": "Polygon", "coordinates": [ [ [ -116.192199330721579, 53.80295113677996 ], [ -116.142199330721581, 53.80295113677996 ], [ -116.142199330721581, 53.852951136779957 ], [ -116.192199330721579, 53.852951136779957 ], [ -116.192199330721579, 53.80295113677996 ] ] ] } },
{ "type": "Feature", "properties": { "value": 2, "label": "AQHI 2", "color": "#0099cb", "timestamp": "2026-09-30 07:00:00", "generated_at": "2026-09-30T13:31:09.486326", "nearest_km": 36.243320892155353, "n_points": 13, "weight_sum": 0.0021323337475148028, "confidence": "Medium", "flagged": false }, "geometry": { "type": "Polygon", "coordinates": [ [ [ -116.142199330721581, 53.80295113677996 ], [ -116.092199330721584, 53.80295113677996 ], [ -116.092199330721584, 53.852951136779957 ], [ -116.142199330721581, 53.852951136779957 ], [ -116.142199330721581, 53.80295113677996 ] ] ] } },
{ "type": "Feature", "properties": { "value": 2, "label": "AQHI 2", "color": "#0099cb", "timestamp": "2026-09-30 07:00:00", "generated_at": "2026-09-30T13:31:09.486326", "nearest_km": 31.873010895613604, "n_points": 13, "weight_sum": 0.0019732538574863904, "confidence": "Medium", "flagged": false }, "geometry": { "type": "Polygon", "coordinates": [ [ [ -116.092199330721584, 53.80295113677996 ], [ -116.042199330721587, 53.80295113677996 ], [ -116.042199330721587, 53.852951136779957 ], [ -116.092199330721584, 53.852951136779957 ], [ -116.092199330721584, 53.80295113677996 ] ] ] } },
{ "type": "Feature", "properties": { "value": 1, "label": "AQHI 1", "color": "#01cbff", "timestamp": "2026-09-30 07:00:00", "generated_at": "2026-09-30T13:31:09.486326", "nearest_km": 27.824023256349058, "n_points": 13, "weight_sum": 0.001923900547751193, "confidence": "Medium", "flagged": false }, "geometry": { "type": "Polygon", "coordinates": [ [ [ -116.042199330721587, 53.80295113677996 ], [ -115.99219933072159, 53.80295113677996 ], [ -115.99219933072159, 53.852951136779957 ], [ -116.042199330721587, 53.852951136779957 ], [ -116.042199330721587, 53.80295113677996 ] ] ] } },
{ "type": "Feature", "properties": { "value": 1, "label": "AQHI 1", "color": "#01cbff", "timestamp": "2026-09-30 07:00:00", "generated_at": "2026-09-30T13:31:09.486326", "nearest_km": 24.37352491511632, "n_points": 15, "weight_sum": 0.0020161459033195962, "confidence": "High", "flagged": false }, "geometry": { "type": "Polygon", "coordinates": [ [ [ -115.99219933072159, 53.80295113677996 ], [ -115.942199330721593, 53.80295113677996 ], [ -115.942199330721593, 53.852951136779957 ], [ -115.99219933072159, 53.852951136779957 ], [ -115.99219933072159, 53.80295113677996 ] ] ] } },
{ "type": "Feature", "properties": { "value": 1, "label": "AQHI 1", "color": "#01cbff", "timestamp": "2026-09-30 07:00:00", "generated_at": "2026-09-30T13:31:09.486326", "nearest_km": 21.807479528953635, "n_points": 15, "weight_sum": 0.0021193954581872048, "confidence": "High", "flagged": false }, "geometry": { "type": "Polygon", "coordinates": [ [ [ -115.942199330721593, 53.80295113677996 ], [ -115.892199330721596, 53.80295113677996 ], [ -115.892199330721596, 53.852951136779957 ], [ -115.942199330721593, 53.852951136779957 ], [ -115.942199330721593, 53.80295113677996 ] ] ] } },
{ "type": "Feature", "properties": { "value": 1, "label": "AQHI 1", "color": "#01cbff", "timestamp": "2026-09-30 07:00:00", "generated_at": "2026-09-30T13:31:09.486326", "nearest_km": 20.46139315940292, "n_points": 13, "weight_sum": 0.0021227068599148128, "confidence": "High", "flagged": false }, "geometry": { "type": "Polygon", "coordinates": [ [ [ -115.892199330721596, 53.80295113677996 ], [ -115.842199330721598, 53.80295113677996 ], [ -115.842199330721598, 53.852951136779957 ], [ -115.892199330721596, 53.852951136779957 ], [ -115.892199330721596, 53.80295113677996 ] ] ] } },
{ "type": "Feature", "properties": { "value": 1, "label": "AQHI 1", "color": "#01cbff", "timestamp": "2026-09-30 07:00:00", "generated_at": "2026-09-30T13:31:09.486326", "nearest_km": 20.576104019993252, "n_points": 13, "weight_sum": 0.0020634878133071011, "confidence": "High", "flagged": false }, "geometry": { "type": "Polygon", "coordinates": [ [ [ -115.842199330721598, 53.80295113677996 ], [ -115.792199330721601, 53.80295113677996 ], [ -115.792199330721601, 53.852951136779957 ], [ -115.842199330721598, 53.852951136779957 ], [ -115.842199330721598, 53.80295113677996 ] ] ] } },
{ "type": "Feature", "properties": { "value": 1, "label": "AQHI 1", "color": "#01cbff", "timestamp": "2026-09-30 07:00:00", "generated_at": "2026-09-30T13:31:09.486326", "nearest_km": 22.128906508444953, "n_points": 13, "weight_sum": 0.0018783437488843111, "confidence": "High", "flagged": false }, "geometry": { "type": "Polygon", "coordinates": [ [ [ -115.792199330721601, 53.80295113677996 ], [ -115.742199330721604, 53.80295113677996 ], [ -115.742199330721604, 53.852951136779957 ], [ -115.792199330721601, 53.852951136779957 ], [ -115.792199330721601, 53.80295113677996 ] ] ] } },
{ "type": "Feature", "properties": { "value": 1, "label": "AQHI 1", "color": "#01cbff", "timestamp": "2026-09-30 07:00:00", "generated_at": "2026-09-30T13:31:09.486326", "nearest_km": 24.851679015257805, "n_points": 13, "weight_sum": 0.001659876784842803, "confidence": "High", "flagged": false }, "geometry": { "type": "Polygon", "coordinates": [ [ [ -115.742199330721604, 53.80295113677996 ], [ -115.692199330721607, 53.80295113677996 ], [ -115.692199330721607, 53.852951136779957 ], [ -115.742199330721604, 53.852951136779957 ], [ -115.742199330721604, 53.80295113677996 ] ] ] } },
{ "type": "Feature", "properties": { "value": 1, "label": "AQHI 1", "color": "#01cbff", "timestamp": "2026-09-30 07:00:00", "generated_at": "2026-09-30T13:31:09.486326", "nearest_km": 28.410005218149923, "n_points": 13, "weight_sum": 0.0014798154492632635, "confidence": "Medium", "flagged": false }, "geometry": { "type": "Polygon", "coordinates": [ [ [ -115.692199330721607, 53.80295113677996 ], [ -115.64219933072161, 53.80295113677996 ], [ -115.64219933072161, 53.852951136779957 ], [ -115.692199330721607, 53.852951136779957 ], [ -115.692199330721607, 53.80295113677996 ] ] ] } },
{ "type": "Feature", "properties": { "value": 1, "label": "AQHI 1", "color": "#01cbff", "timestamp": "2026-09-30 07:00:00", "generated_at": "2026-09-30T13:31:09.486326", "nearest_km": 32.530844488165371, "n_points": 13, "weight_sum": 0.0013597784844315275, "confidence": "Medium", "flagged": false }, "geometry": { "type": "Polygon", "coordinates": [ [ [ -115.64219933072161, 53.80295113677996 ], [ -115.592199330721613, 53.80295113677996 ], [ -115.592199330721613, 53.852951136779957 ], [ -115.64219933072161, 53.852951136779957 ], [ -115.64219933072161, 53.80295113677996 ] ] ] } },
{ "type": "Feature", "properties": { "value": 1, "label": "AQHI 1", "color": "#01cbff", "timestamp": "2026-09-30 07:00:00", "generated_at": "2026-09-30T13:31:09.486326", "nearest_km": 37.026859031398907, "n_points": 12, "weight_sum": 0.0012526112123658916, "confidence": "Medium", "flagged": false }, "geometry": { "type": "Polygon", "coordinates": [ [ [ -115.592199330721613, 53.80295113677996 ], [ -115.542199330721616, 53.80295113677996 ], [ -115.542199330721616, 53.852951136779957 ], [ -115.592199330721613, 53.852951136779957 ], [ -115.592199330721613, 53.80295113677996 ] ] ] } },
{ "type": "Feature", "properties": { "value": 1, "label": "AQHI 1", "color": "#01cbff", "timestamp": "2026-09-30 07:00:00", "generated_at": "2026-09-30T13:31:09.486326", "nearest_km": 41.777095834308142, "n_points": 12, "weight_sum": 0.0012421863890816937, "confidence": "Medium", "flagged": false }, "geometry": { "type": "Polygon", "coordinates": [ [ [ -115.542199330721616, 53.80295113677996 ], [ -115.492199330721618, 53.80295113677996 ], [ -115.492199330721618, 53.852951136779957 ], [ -115.542199330721616, 53.852951136779957 ], [ -115.542199330721616, 53.80295113677996 ] ] ] } },
{ "type": "Feature", "properties": { "value": 1, "label": "AQHI 1", "color": "#01cbff", "timestamp": "2026-09-30 07:00:00", "generated_at": "2026-09-30T13:31:09.486326", "nearest_km": 46.704048892647833, "n_points": 12, "weight_sum": 0.0012761942439875231, "confidence": "Medium", "flagged": false }, "geometry": { "type": "Polygon", "coordinates": [ [ [ -115.492199330721618, 53.80295113677996 ], [ -115.442199330721621, 53.80295113677996 ], [ -115.442199330721621, 53.852951136779957 ], [ -115.492199330721618, 53.852951136779957 ], [ -115.492199330721618, 53.80295113677996 ] ] ] } },
{ "type": "Feature", "properties": { "value": 1, "label": "AQHI 1", "color": "#01cbff", "timestamp": "2026-09-30 07:00:00", "generated_at": "2026-09-30T13:31:09.486326", "nearest_km": 51.757276102831227, "n_points": 13, "weight_sum": 0.0013992431738732857, "confidence": "Medium", "flagged": false }, "geometry": { "type": "Polygon", "coordinates": [ [ [ -115.442199330721621, 53.80295113677996 ], [ -115.392199330721624, 53.80295113677996 ], [ -115.392199330721624, 53.852951136779957 ], [ -115.442199330721621, 53.852951136779957 ], [ -115.442199330721621, 53.80295113677996 ] ] ] } },
{ "type": "Feature", "properties": { "value": 1, "label": "AQHI 1", "color": "#01cbff", "timestamp": "2026-09-30 07:00:00", "generated_at": "2026-09-30T13:31:09.486326", "nearest_km": 46.975515051980807, "n_points": 13, "weight_sum": 0.0015276287048934776, "confidence": "Medium", "flagged": false }, "geometry": { "type": "Polygon", "coordinates": [ [ [ -115.392199330721624, 53.80295113677996 ], [ -115.342199330721627, 53.80295113677996 ], [ -115.342199330721627, 53.852951136779957 ], [ -115.392199330721624, 53.852951136779957 ], [ -115.392199330721624, 53.80295113677996 ] ] ] } },
{ "type": "Feature", "properties": { "value": 1, "label": "AQHI 1", "color": "#01cbff", "timestamp": "2026-09-30 07:00:00", "generated_at": "2026-09-30T13:31:09.486326", "nearest_km": 42.152724510009868, "n_points": 13, "weight_sum": 0.0017123639486969577, "confidence": "Medium", "flagged": false }, "geometry": { "type": "Polygon", "coordinates": [ [ [ -115.342199330721627, 53.80295113677996 ], [ -115.29219933072163, 53.80295113677996 ], [ -115.29219933072163, 53.852951136779957 ], [ -115.342199330721627, 53.852951136779957 ], [ -115.342199330721627, 53.80295113677996 ] ] ] } },
{ "type": "Feature", "properties": { "value": 1, "label": "AQHI 1", "color": "#01cbff", "timestamp": "2026-09-30 07:00:00", "generated_at": "2026-09-30T13:31:09.486326", "nearest_km": 37.531458176237862, "n_points": 13, "weight_sum": 0.0019674741476368458, "confidence": "Medium", "flagged": false }, "geometry": { "type": "Polygon", "coordinates": [ [ [ -115.29219933072163, 53.80295113677996 ], [ -115.242199330721633, 53.80295113677996 ], [ -115.242199330721633, 53.852951136779957 ], [ -115.29219933072163, 53.852951136779957 ], [ -115.29219933072163, 53.80295113677996 ] ] ] } },
{ "type": "Feature", "properties": { "value": 1, "label": "AQHI 1", "color": "#01cbff", "timestamp": "2026-09-30 07:00:00", "generated_at": "2026-09-30T13:31:09.486326", "nearest_km": 33.195986535311619, "n_points": 13, "weight_sum": 0.0023121622129192963, "confidence": "Medium", "flagged": false }, "geometry": { "type": "Polygon", "coordinates": [ [ [ -115.242199330721633, 53.80295113677996 ], [ -115.192199330721635, 53.80295113677996 ], [ -115.192199330721635, 53.852951136779957 ], [ -115.242199330721633, 53.852951136779957 ], [ -115.242199330721633, 53.80295113677996 ] ] ] } },
{ "type": "Feature", "properties": { "value": 1, "label": "AQHI 1", "color": "#01cbff", "timestamp": "2026-09-30 07:00:00", "generated_at": "2026-09-30T13:31:09.486326", "nearest_km": 29.273566425539627, "n_points": 13, "weight_sum": 0.0027668595308987642, "confidence": "Medium", "flagged": false }, "geometry": { "type": "Polygon", "coordinates": [ [ [ -115.192199330721635, 53.80295113677996 ], [ -115.142199330721638, 53.80295113677996 ], [ -115.142199330721638, 53.852951136779957 ], [ -115.192199330721635, 53.852951136779957 ], [ -115.192199330721635, 53.80295113677996 ] ] ] } },
{ "type": "Feature", "properties": { "value": 1, "label": "AQHI 1", "color": "#01cbff", "timestamp": "2026-09-30 07:00:00", "generated_at": "2026-09-30T13:31:09.486326", "nearest_km": 25.952164851672098, "n_points": 13, "weight_sum": 0.0033382072817591995, "confidence": "Medium", "flagged": false }, "geometry": { "type": "Polygon", "coordinates": [ [ [ -115.142199330721638, 53.80295113677996 ], [ -115.092199330721641, 53.80295113677996 ], [ -115.092199330721641, 53.852951136779957 ], [ -115.142199330721638, 53.852951136779957 ], [ -115.142199330721638, 53.80295113677996 ] ] ] } },
{ "type": "Feature", "properties": { "value": 1, "label": "AQHI 1", "color": "#01cbff", "timestamp": "2026-09-30 07:00:00", "generated_at": "2026-09-30T13:31:09.486326", "nearest_km": 23.488146578779723, "n_points": 12, "weight_sum": 0.0039614633429965081, "confidence": "High", "flagged": false }, "geometry": { "type": "Polygon", "coordinates": [ [ [ -115.092199330721641, 53.80295113677996 ], [ -115.042199330721644, 53.80295113677996 ], [ -115.042199330721644, 53.852951136779957 ], [ -115.092199330721641, 53.852951136779957 ], [ -115.092199330721641, 53.80295113677996 ] ] ] } },
{ "type": "Feature", "properties": { "value": 1, "label": "AQHI 1", "color": "#01cbff", "timestamp": "2026-09-30 07:00:00", "generated_at": "2026-09-30T13:31:09.486326", "nearest_km": 22.169262480382869, "n_points": 11, "weight_sum": 0.0045276538856352244, "confidence": "High", "flagged": false }, "geometry": { "type": "Polygon", "coordinates": [ [ [ -115.042199330721644, 53.80295113677996 ], [ -114.992199330721647, 53.80295113677996 ], [ -114.992199330721647, 53.852951136779957 ], [ -115.042199330721644, 53.852951136779957 ], [ -115.042199330721644, 53.80295113677996 ] ] ] } },
{ "type": "Feature", "properties": { "value": 1, "label": "AQHI 1", "color": "#01cbff", "timestamp": "2026-09-30 07:00:00", "generated_at": "2026-09-30T13:31:09.486326", "nearest_km": 22.200548825242468, "n_points": 11, "weight_sum": 0.0048604488472803195, "confidence": "High", "flagged": false }, "geometry": { "type": "Polygon", "coordinates": [ [ [ -114.992199330721647, 53.80295113677996 ], [ -114.94219933072165, 53.80295113677996 ], [ -114.94219933072165, 53.852951136779957 ], [ -114.992199330721647, 53.852951136779957 ], [ -114.992199330721647, 53.80295113677996 ] ] ] } },
{ "type": "Feature", "properties": { "value": 1, "label": "AQHI 1", "color": "#01cbff", "timestamp": "2026-09-30 07:00:00", "generated_at": "2026-09-30T13:31:09.486326", "nearest_km": 23.46881210153316, "n_points": 12, "weight_sum": 0.0049003092243094914, "confidence": "High", "flagged": false }, "geometry": { "type": "Polygon", "coordinates": [ [ [ -114.94219933072165, 53.80295113677996 ], [ -114.892199330721652, 53.80295113677996 ], [ -114.892199330721652, 53.852951136779957 ], [ -114.94219933072165, 53.852951136779957 ], [ -114.94219933072165, 53.80295113677996 ] ] ] } },
{ "type": "Feature", "properties": { "value": 1, "label": "AQHI 1", "color": "#01cbff", "timestamp": "2026-09-30 07:00:00", "generated_at": "2026-09-30T13:31:09.486326", "nearest_km": 23.415809864415806, "n_points": 12, "weight_sum": 0.004738770247753557, "confidence": "High", "flagged": false }, "geometry": { "type": "Polygon", "coordinates": [ [ [ -114.892199330721652, 53.80295113677996 ], [ -114.842199330721655, 53.80295113677996 ], [ -114.842199330721655, 53.852951136779957 ], [ -114.892199330721652, 53.852951136779957 ], [ -114.892199330721652, 53.80295113677996 ] ] ] } },
{ "type": "Feature", "properties": { "value": 1, "label": "AQHI 1", "color": "#01cbff", "timestamp": "2026-09-30 07:00:00", "generated_at": "2026-09-30T13:31:09.486326", "nearest_km": 17.890065713248131, "n_points": 13, "weight_sum": 0.0048647433640341305, "confidence": "High", "flagged": false }, "geometry": { "type": "Polygon", "coordinates": [ [ [ -114.842199330721655, 53.80295113677996 ], [ -114.792199330721658, 53.80295113677996 ], [ -114.792199330721658, 53.852951136779957 ], [ -114.842199330721655, 53.852951136779957 ], [ -114.842199330721655, 53.80295113677996 ] ] ] } },
{ "type": "Feature", "properties": { "value": 1, "label": "AQHI 1", "color": "#01cbff", "timestamp": "2026-09-30 07:00:00", "generated_at": "2026-09-30T13:31:09.486326", "nearest_km": 144.0034584843267, "n_points": 5, "weight_sum": 0.00016566803704480513, "confidence": "Low", "flagged": false }, "geometry": { "type": "Polygon", "coordinates": [ [ [ -118.942199330721422, 53.852951136779957 ], [ -118.892199330721425, 53.852951136779957 ], [ -118.892199330721425, 53.902951136779954 ], [ -118.942199330721422, 53.902951136779954 ], [ -118.942199330721422, 53.852951136779957 ] ] ] } },
{ "type": "Feature", "properties": { "value": 1, "label": "AQHI 1", "color": "#01cbff", "timestamp": "2026-09-30 07:00:00", "generated_at": "2026-09-30T13:31:09.486326", "nearest_km": 140.42641483732822, "n_points": 5, "weight_sum": 0.00017207867497744627, "confidence": "Low", "flagged": false }, "geometry": { "type": "Polygon", "coordinates": [ [ [ -118.892199330721425, 53.852951136779957 ], [ -118.842199330721428, 53.852951136779957 ], [ -118.842199330721428, 53.902951136779954 ], [ -118.892199330721425, 53.902951136779954 ], [ -118.892199330721425, 53.852951136779957 ] ] ] } },
{ "type": "Feature", "properties": { "value": 1, "label": "AQHI 1", "color": "#01cbff", "timestamp": "2026-09-30 07:00:00", "generated_at": "2026-09-30T13:31:09.486326", "nearest_km": 136.98089250944307, "n_points": 6, "weight_sum": 0.0002238459747764969, "confidence": "Low", "flagged": false }, "geometry": { "type": "Polygon", "coordinates": [ [ [ -118.842199330721428, 53.852951136779957 ], [ -118.792199330721431, 53.852951136779957 ], [ -118.792199330721431, 53.902951136779954 ], [ -118.842199330721428, 53.902951136779954 ], [ -118.842199330721428, 53.852951136779957 ] ] ] } },
{ "type": "Feature", "properties": { "value": 1, "label": "AQHI 1", "color": "#01cbff", "timestamp": "2026-09-30 07:00:00", "generated_at": "2026-09-30T13:31:09.486326", "nearest_km": 133.67706176192598, "n_points": 7, "weight_sum": 0.00028043445539060758, "confidence": "Low", "flagged": false }, "geometry": { "type": "Polygon", "coordinates": [ [ [ -118.792199330721431, 53.852951136779957 ], [ -118.742199330721434, 53.852951136779957 ], [ -118.742199330721434, 53.902951136779954 ], [ -118.792199330721431, 53.902951136779954 ], [ -118.792199330721431, 53.852951136779957 ] ] ] } },
{ "type": "Feature", "properties": { "value": 1, "label": "AQHI 1", "color": "#01cbff", "timestamp": "2026-09-30 07:00:00", "generated_at": "2026-09-30T13:31:09.486326", "nearest_km": 130.52568241507092, "n_points": 7, "weight_sum": 0.00029427316326386229, "confidence": "Low", "flagged": false }, "geometry": { "type": "Polygon", "coordinates": [ [ [ -118.742199330721434, 53.852951136779957 ], [ -118.692199330721436, 53.852951136779957 ], [ -118.692199330721436, 53.902951136779954 ], [ -118.742199330721434, 53.902951136779954 ], [ -118.742199330721434, 53.852951136779957 ] ] ] } },
{ "type": "Feature", "properties": { "value": 1, "label": "AQHI 1", "color": "#01cbff", "timestamp": "2026-09-30 07:00:00", "generated_at": "2026-09-30T13:31:09.486326", "nearest_km": 127.5380558834818, "n_points": 7, "weight_sum": 0.00030890099334916554, "confidence": "Low", "flagged": false }, "geometry": { "type": "Polygon", "coordinates": [ [ [ -118.692199330721436, 53.852951136779957 ], [ -118.642199330721439, 53.852951136779957 ], [ -118.642199330721439, 53.902951136779954 ], [ -118.692199330721436, 53.902951136779954 ], [ -118.692199330721436, 53.852951136779957 ] ] ] } },
{ "type": "Feature", "properties": { "value": 1, "label": "AQHI 1", "color": "#01cbff", "timestamp": "2026-09-30 07:00:00", "generated_at": "2026-09-30T13:31:09.486326", "nearest_km": 124.72595009522392, "n_points": 7, "weight_sum": 0.00032437528247467062, "confidence": "Low", "flagged": false }, "geometry": { "type": "Polygon", "coordinates": [ [ [ -118.642199330721439, 53.852951136779957 ], [ -118.592199330721442, 53.852951136779957 ], [ -118.592199330721442, 53.902951136779954 ], [ -118.642199330721439, 53.902951136779954 ], [ -118.642199330721439, 53.852951136779957 ] ] ] } },
{ "type": "Feature", "properties": { "value": 1, "label": "AQHI 1", "color": "#01cbff", "timestamp": "2026-09-30 07:00:00", "generated_at": "2026-09-30T13:31:09.486326", "nearest_km": 122.10149284826311, "n_points": 7, "weight_sum": 0.00034076178638294251, "confidence": "Low", "flagged": false }, "geometry": { "type": "Polygon", "coordinates": [ [ [ -118.592199330721442, 53.852951136779957 ], [ -118.542199330721445, 53.852951136779957 ], [ -118.542199330721445, 53.902951136779954 ], [ -118.592199330721442, 53.902951136779954 ], [ -118.592199330721442, 53.852951136779957 ] ] ] } },
{ "type": "Feature", "properties": { "value": 1, "label": "AQHI 1", "color": "#01cbff", "timestamp": "2026-09-30 07:00:00", "generated_at": "2026-09-30T13:31:09.486326", "nearest_km": 117.93077553120604, "n_points": 7, "weight_sum": 0.00035813803703632825, "confidence": "Low", "flagged": false }, "geometry": { "type": "Polygon", "coordinates": [ [ [ -118.542199330721445, 53.852951136779957 ], [ -118.492199330721448, 53.852951136779957 ], [ -118.492199330721448, 53.902951136779954 ], [ -118.542199330721445, 53.902951136779954 ], [ -118.542199330721445, 53.852951136779957 ] ] ] } },
{ "type": "Feature", "properties": { "value": 1, "label": "AQHI 1", "color": "#01cbff", "timestamp": "2026-09-30 07:00:00", "generated_at": "2026-09-30T13:31:09.486326", "nearest_km": 112.95407375597335, "n_points": 6, "weight_sum": 0.00033276730415616627, "confidence": "Low", "flagged": false }, "geometry": { "type": "Polygon", "coordinates": [ [ [ -118.492199330721448, 53.852951136779957 ], [ -118.442199330721451, 53.852951136779957 ], [ -118.442199330721451, 53.902951136779954 ], [ -118.492199330721448, 53.902951136779954 ], [ -118.492199330721448, 53.852951136779957 ] ] ] } },
{ "type": "Feature", "properties": { "value": 1, "label": "AQHI 1", "color": "#01cbff", "timestamp": "2026-09-30 07:00:00", "generated_at": "2026-09-30T13:31:09.486326", "nearest_km": 108.03324830230751, "n_points": 6, "weight_sum": 0.0003532195316929323, "confidence": "Low", "flagged": false }, "geometry": { "type": "Polygon", "coordinates": [ [ [ -118.442199330721451, 53.852951136779957 ], [ -118.392199330721454, 53.852951136779957 ], [ -118.392199330721454, 53.902951136779954 ], [ -118.442199330721451, 53.902951136779954 ], [ -118.442199330721451, 53.852951136779957 ] ] ] } },
{ "type": "Feature", "properties": { "value": 1, "label": "AQHI 1", "color": "#01cbff", "timestamp": "2026-09-30 07:00:00", "generated_at": "2026-09-30T13:31:09.486326", "nearest_km": 103.17629427066173, "n_points": 7, "weight_sum": 0.00039739573422134587, "confidence": "Low", "flagged": false }, "geometry": { "type": "Polygon", "coordinates": [ [ [ -118.392199330721454, 53.852951136779957 ], [ -118.342199330721456, 53.852951136779957 ], [ -118.342199330721456, 53.902951136779954 ], [ -118.392199330721454, 53.902951136779954 ], [ -118.392199330721454, 53.852951136779957 ] ] ] } },
{ "type": "Feature", "properties": { "value": 1, "label": "AQHI 1", "color": "#01cbff", "timestamp": "2026-09-30 07:00:00", "generated_at": "2026-09-30T13:31:09.486326", "nearest_km": 98.392670764159703, "n_points": 7, "weight_sum": 0.00042180634366468411, "confidence": "Low", "flagged": false }, "geometry": { "type": "Polygon", "coordinates": [ [ [ -118.342199330721456, 53.852951136779957 ], [ -118.292199330721459, 53.852951136779957 ], [ -118.292199330721459, 53.902951136779954 ], [ -118.342199330721456, 53.902951136779954 ], [ -118.342199330721456, 53.852951136779957 ] ] ] } },
{ "type": "Feature", "properties": { "value": 1, "label": "AQHI 1", "color": "#01cbff", "timestamp": "2026-09-30 07:00:00", "generated_at": "2026-09-30T13:31:09.486326", "nearest_km": 93.693610351946973, "n_points": 7, "weight_sum": 0.00044805567960670142, "confidence": "Low", "flagged": false }, "geometry": { "type": "Polygon", "coordinates": [ [ [ -118.292199330721459, 53.852951136779957 ], [ -118.242199330721462, 53.852951136779957 ], [ -118.242199330721462, 53.902951136779954 ], [ -118.292199330721459, 53.902951136779954 ], [ -118.292199330721459, 53.852951136779957 ] ] ] } },
{ "type": "Feature", "properties": { "value": 1, "label": "AQHI 1", "color": "#01cbff", "timestamp": "2026-09-30 07:00:00", "generated_at": "2026-09-30T13:31:09.486326", "nearest_km": 89.092494529340655, "n_points": 7, "weight_sum": 0.0004764193268096006, "confidence": "Low", "flagged": false }, "geometry": { "type": "Polygon", "coordinates": [ [ [ -118.242199330721462, 53.852951136779957 ], [ -118.192199330721465, 53.852951136779957 ], [ -118.192199330721465, 53.902951136779954 ], [ -118.242199330721462, 53.902951136779954 ], [ -118.242199330721462, 53.852951136779957 ] ] ] } },
{ "type": "Feature", "properties": { "value": 1, "label": "AQHI 1", "color": "#01cbff", "timestamp": "2026-09-30 07:00:00", "generated_at": "2026-09-30T13:31:09.486326", "nearest_km": 84.605304456273416, "n_points": 9, "weight_sum": 0.00057752252499793653, "confidence": "Low", "flagged": false }, "geometry": { "type": "Polygon", "coordinates": [ [ [ -118.192199330721465, 53.852951136779957 ], [ -118.142199330721468, 53.852951136779957 ], [ -118.142199330721468, 53.902951136779954 ], [ -118.192199330721465, 53.902951136779954 ], [ -118.192199330721465, 53.852951136779957 ] ] ] } },
{ "type": "Feature", "properties": { "value": 1, "label": "AQHI 1", "color": "#01cbff", "timestamp": "2026-09-30 07:00:00", "generated_at": "2026-09-30T13:31:09.486326", "nearest_km": 80.251152657247459, "n_points": 9, "weight_sum": 0.00061583854641552877, "confidence": "Low", "flagged": false }, "geometry": { "type": "Polygon", "coordinates": [ [ [ -118.142199330721468, 53.852951136779957 ], [ -118.092199330721471, 53.852951136779957 ], [ -118.092199330721471, 53.902951136779954 ], [ -118.142199330721468, 53.902951136779954 ], [ -118.142199330721468, 53.852951136779957 ] ] ] } },
{ "type": "Feature", "properties": { "value": 1, "label": "AQHI 1", "color": "#01cbff", "timestamp": "2026-09-30 07:00:00", "generated_at": "2026-09-30T13:31:09.486326", "nearest_km": 76.052892538646717, "n_points": 9, "weight_sum": 0.00065782598478732169, "confidence": "Low", "flagged": false }, "geometry": { "type": "Polygon", "coordinates": [ [ [ -118.092199330721471, 53.852951136779957 ], [ -118.042199330721473, 53.852951136779957 ], [ -118.042199330721473, 53.902951136779954 ], [ -118.092199330721471, 53.902951136779954 ], [ -118.092199330721471, 53.852951136779957 ] ] ] } },
{ "type": "Feature", "properties": { "value": 2, "label": "AQHI 2", "color": "#0099cb", "timestamp": "2026-09-30 07:00:00", "generated_at": "2026-09-30T13:31:09.486326", "nearest_km": 72.037784697844842, "n_points": 10, "weight_sum": 0.0007486810336808738, "confidence": "Medium", "flagged": false }, "geometry": { "type": "Polygon", "coordinates": [ [ [ -118.042199330721473, 53.852951136779957 ], [ -117.992199330721476, 53.852951136779957 ], [ -117.992199330721476, 53.902951136779954 ], [ -118.042199330721473, 53.902951136779954 ], [ -118.042199330721473, 53.852951136779957 ] ] ] } },
{ "type": "Feature", "properties": { "value": 2, "label": "AQHI 2", "color": "#0099cb", "timestamp": "2026-09-30 07:00:00", "generated_at": "2026-09-30T13:31:09.486326", "nearest_km": 68.238166628736025, "n_points": 10, "weight_sum": 0.00080246593168234231, "confidence": "Medium", "flagged": false }, "geometry": { "type": "Polygon", "coordinates": [ [ [ -117.992199330721476, 53.852951136779957 ], [ -117.942199330721479, 53.852951136779957 ], [ -117.942199330721479, 53.902951136779954 ], [ -117.992199330721476, 53.902951136779954 ], [ -117.992199330721476, 53.852951136779957 ] ] ] } },
{ "type": "Feature", "properties": { "value": 2, "label": "AQHI 2", "color": "#0099cb", "timestamp": "2026-09-30 07:00:00", "generated_at": "2026-09-30T13:31:09.486326", "nearest_km": 64.692019179565207, "n_points": 10, "weight_sum": 0.00086117996166646586, "confidence": "Medium", "flagged": false }, "geometry": { "type": "Polygon", "coordinates": [ [ [ -117.942199330721479, 53.852951136779957 ], [ -117.892199330721482, 53.852951136779957 ], [ -117.892199330721482, 53.902951136779954 ], [ -117.942199330721479, 53.902951136779954 ], [ -117.942199330721479, 53.852951136779957 ] ] ] } },
{ "type": "Feature", "properties": { "value": 2, "label": "AQHI 2", "color": "#0099cb", "timestamp": "2026-09-30 07:00:00", "generated_at": "2026-09-30T13:31:09.486326", "nearest_km": 61.037291549077615, "n_points": 10, "weight_sum": 0.00092453822563268217, "confidence": "Medium", "flagged": false }, "geometry": { "type": "Polygon", "coordinates": [ [ [ -117.892199330721482, 53.852951136779957 ], [ -117.842199330721485, 53.852951136779957 ], [ -117.842199330721485, 53.902951136779954 ], [ -117.892199330721482, 53.902951136779954 ], [ -117.892199330721482, 53.852951136779957 ] ] ] } },
{ "type": "Feature", "properties": { "value": 2, "label": "AQHI 2", "color": "#0099cb", "timestamp": "2026-09-30 07:00:00", "generated_at": "2026-09-30T13:31:09.486326", "nearest_km": 57.683789880391728, "n_points": 10, "weight_sum": 0.0009915384185388077, "confidence": "Medium", "flagged": false }, "geometry": { "type": "Polygon", "coordinates": [ [ [ -117.842199330721485, 53.852951136779957 ], [ -117.792199330721488, 53.852951136779957 ], [ -117.792199330721488, 53.902951136779954 ], [ -117.842199330721485, 53.902951136779954 ], [ -117.842199330721485, 53.852951136779957 ] ] ] } },
{ "type": "Feature", "properties": { "value": 2, "label": "AQHI 2", "color": "#0099cb", "timestamp": "2026-09-30 07:00:00", "generated_at": "2026-09-30T13:31:09.486326", "nearest_km": 54.689059877486066, "n_points": 10, "weight_sum": 0.0010601586614392099, "confidence": "Medium", "flagged": false }, "geometry": { "type": "Polygon", "coordinates": [ [ [ -117.792199330721488, 53.852951136779957 ], [ -117.74219933072149, 53.852951136779957 ], [ -117.74219933072149, 53.902951136779954 ], [ -117.792199330721488, 53.902951136779954 ], [ -117.792199330721488, 53.852951136779957 ] ] ] } },
{ "type": "Feature", "properties": { "value": 2, "label": "AQHI 2", "color": "#0099cb", "timestamp": "2026-09-30 07:00:00", "generated_at": "2026-09-30T13:31:09.486326", "nearest_km": 52.114987533350934, "n_points": 12, "weight_sum": 0.0011727256157857272, "confidence": "Medium", "flagged": false }, "geometry": { "type": "Polygon", "coordinates": [ [ [ -117.74219933072149, 53.852951136779957 ], [ -117.692199330721493, 53.852951136779957 ], [ -117.692199330721493, 53.902951136779954 ], [ -117.74219933072149, 53.902951136779954 ], [ -117.74219933072149, 53.852951136779957 ] ] ] } },
{ "type": "Feature", "properties": { "value": 2, "label": "AQHI 2", "color": "#0099cb", "timestamp": "2026-09-30 07:00:00", "generated_at": "2026-09-30T13:31:09.486326", "nearest_km": 50.026548760826813, "n_points": 13, "weight_sum": 0.0012833442549304338, "confidence": "Medium", "flagged": false }, "geometry": { "type": "Polygon", "coordinates": [ [ [ -117.692199330721493, 53.852951136779957 ], [ -117.642199330721496, 53.852951136779957 ], [ -117.642199330721496, 53.902951136779954 ], [ -117.692199330721493, 53.902951136779954 ], [ -117.692199330721493, 53.852951136779957 ] ] ] } },
{ "type": "Feature", "properties": { "value": 2, "label": "AQHI 2", "color": "#0099cb", "timestamp": "2026-09-30 07:00:00", "generated_at": "2026-09-30T13:31:09.486326", "nearest_km": 48.486536649233216, "n_points": 13, "weight_sum": 0.0013404704312406559, "confidence": "Medium", "flagged": false }, "geometry": { "type": "Polygon", "coordinates": [ [ [ -117.642199330721496, 53.852951136779957 ], [ -117.592199330721499, 53.852951136779957 ], [ -117.592199330721499, 53.902951136779954 ], [ -117.642199330721496, 53.902951136779954 ], [ -117.642199330721496, 53.852951136779957 ] ] ] } },
{ "type": "Feature", "properties": { "value": 2, "label": "AQHI 2", "color": "#0099cb", "timestamp": "2026-09-30 07:00:00", "generated_at": "2026-09-30T13:31:09.486326", "nearest_km": 47.548269070024844, "n_points": 13, "weight_sum": 0.0013823635794166041, "confidence": "Medium", "flagged": false }, "geometry": { "type": "Polygon", "coordinates": [ [ [ -117.592199330721499, 53.852951136779957 ], [ -117.542199330721502, 53.852951136779957 ], [ -117.542199330721502, 53.902951136779954 ], [ -117.592199330721499, 53.902951136779954 ], [ -117.592199330721499, 53.852951136779957 ] ] ] } },
{ "type": "Feature", "properties": { "value": 2, "label": "AQHI 2", "color": "#0099cb", "timestamp": "2026-09-30 07:00:00", "generated_at": "2026-09-30T13:31:09.486326", "nearest_km": 47.247608901123463, "n_points": 13, "weight_sum": 0.0014060004456047223, "confidence": "Medium", "flagged": false }, "geometry": { "type": "Polygon", "coordinates": [ [ [ -117.542199330721502, 53.852951136779957 ], [ -117.492199330721505, 53.852951136779957 ], [ -117.492199330721505, 53.902951136779954 ], [ -117.542199330721502, 53.902951136779954 ], [ -117.542199330721502, 53.852951136779957 ] ] ] } },
{ "type": "Feature", "properties": { "value": 2, "label": "AQHI 2", "color": "#0099cb", "timestamp": "2026-09-30 07:00:00", "generated_at": "2026-09-30T13:31:09.486326", "nearest_km": 47.596640660781432, "n_points": 13, "weight_sum": 0.0014111254106291883, "confidence": "Medium", "flagged": false }, "geometry": { "type": "Polygon", "coordinates": [ [ [ -117.492199330721505, 53.852951136779957 ], [ -117.442199330721508, 53.852951136779957 ], [ -117.442199330721508, 53.902951136779954 ], [ -117.492199330721505, 53.902951136779954 ], [ -117.492199330721505, 53.852951136779957 ] ] ] } },
{ "type": "Feature", "properties": { "value": 2, "label": "AQHI 2", "color": "#0099cb", "timestamp": "2026-09-30 07:00:00", "generated_at": "2026-09-30T13:31:09.486326", "nearest_km": 48.581363273477386, "n_points": 13, "weight_sum": 0.0014004386365973585, "confidence": "Medium", "flagged": false }, "geometry": { "type": "Polygon", "coordinates": [ [ [ -117.442199330721508, 53.852951136779957 ], [ -117.39219933072151, 53.852951136779957 ], [ -117.39219933072151, 53.902951136779954 ], [ -117.442199330721508, 53.902951136779954 ], [ -117.442199330721508, 53.852951136779957 ] ] ] } },
{ "type": "Feature", "properties": { "value": 2, "label": "AQHI 2", "color": "#0099cb", "timestamp": "2026-09-30 07:00:00", "generated_at": "2026-09-30T13:31:09.486326", "nearest_km": 50.164355002607131, "n_points": 13, "weight_sum": 0.0013787763678569248, "confidence": "Medium", "flagged": false }, "geometry": { "type": "Polygon", "coordinates": [ [ [ -117.39219933072151, 53.852951136779957 ], [ -117.342199330721513, 53.852951136779957 ], [ -117.342199330721513, 53.902951136779954 ], [ -117.39219933072151, 53.902951136779954 ], [ -117.39219933072151, 53.852951136779957 ] ] ] } },
{ "type": "Feature", "properties": { "value": 2, "label": "AQHI 2", "color": "#0099cb", "timestamp": "2026-09-30 07:00:00", "generated_at": "2026-09-30T13:31:09.486326", "nearest_km": 52.291310637099215, "n_points": 13, "weight_sum": 0.0013517493831846383, "confidence": "Medium", "flagged": false }, "geometry": { "type": "Polygon", "coordinates": [ [ [ -117.342199330721513, 53.852951136779957 ], [ -117.292199330721516, 53.852951136779957 ], [ -117.292199330721516, 53.902951136779954 ], [ -117.342199330721513, 53.902951136779954 ], [ -117.342199330721513, 53.852951136779957 ] ] ] } },
{ "type": "Feature", "properties": { "value": 2, "label": "AQHI 2", "color": "#0099cb", "timestamp": "2026-09-30 07:00:00", "generated_at": "2026-09-30T13:31:09.486326", "nearest_km": 54.899042099690682, "n_points": 13, "weight_sum": 0.0013245142263331412, "confidence": "Medium", "flagged": false }, "geometry": { "type": "Polygon", "coordinates": [ [ [ -117.292199330721516, 53.852951136779957 ], [ -117.242199330721519, 53.852951136779957 ], [ -117.242199330721519, 53.902951136779954 ], [ -117.292199330721516, 53.902951136779954 ], [ -117.292199330721516, 53.852951136779957 ] ] ] } },
{ "type": "Feature", "properties": { "value": 2, "label": "AQHI 2", "color": "#0099cb", "timestamp": "2026-09-30 07:00:00", "generated_at": "2026-09-30T13:31:09.486326", "nearest_km": 57.922650826611921, "n_points": 13, "weight_sum": 0.0013010871740348603, "confidence": "Medium", "flagged": false }, "geometry": { "type": "Polygon", "coordinates": [ [ [ -117.242199330721519, 53.852951136779957 ], [ -117.192199330721522, 53.852951136779957 ], [ -117.192199330721522, 53.902951136779954 ], [ -117.242199330721519, 53.902951136779954 ], [ -117.242199330721519, 53.852951136779957 ] ] ] } },
{ "type": "Feature", "properties": { "value": 2, "label": "AQHI 2", "color": "#0099cb", "timestamp": "2026-09-30 07:00:00", "generated_at": "2026-09-30T13:31:09.486326", "nearest_km": 61.300629149296633, "n_points": 13, "weight_sum": 0.001285494794628186, "confidence": "Medium", "flagged": false }, "geometry": { "type": "Polygon", "coordinates": [ [ [ -117.192199330721522, 53.852951136779957 ], [ -117.142199330721525, 53.852951136779957 ], [ -117.142199330721525, 53.902951136779954 ], [ -117.192199330721522, 53.902951136779954 ], [ -117.192199330721522, 53.852951136779957 ] ] ] } },
{ "type": "Feature", "properties": { "value": 2, "label": "AQHI 2", "color": "#0099cb", "timestamp": "2026-09-30 07:00:00", "generated_at": "2026-09-30T13:31:09.486326", "nearest_km": 64.977733027688643, "n_points": 10, "weight_sum": 0.0011917851924918325, "confidence": "Medium", "flagged": false }, "geometry": { "type": "Polygon", "coordinates": [ [ [ -117.142199330721525, 53.852951136779957 ], [ -117.092199330721527, 53.852951136779957 ], [ -117.092199330721527, 53.902951136779954 ], [ -117.142199330721525, 53.902951136779954 ], [ -117.142199330721525, 53.852951136779957 ] ] ] } },
{ "type": "Feature", "properties": { "value": 2, "label": "AQHI 2", "color": "#0099cb", "timestamp": "2026-09-30 07:00:00", "generated_at": "2026-09-30T13:31:09.486326", "nearest_km": 67.908127924181983, "n_points": 10, "weight_sum": 0.0011997869313362115, "confidence": "Medium", "flagged": false }, "geometry": { "type": "Polygon", "coordinates": [ [ [ -117.092199330721527, 53.852951136779957 ], [ -117.04219933072153, 53.852951136779957 ], [ -117.04219933072153, 53.902951136779954 ], [ -117.092199330721527, 53.902951136779954 ], [ -117.092199330721527, 53.852951136779957 ] ] ] } },
{ "type": "Feature", "properties": { "value": 2, "label": "AQHI 2", "color": "#0099cb", "timestamp": "2026-09-30 07:00:00", "generated_at": "2026-09-30T13:31:09.486326", "nearest_km": 65.528450697274081, "n_points": 10, "weight_sum": 0.0012178131631093701, "confidence": "Medium", "flagged": false }, "geometry": { "type": "Polygon", "coordinates": [ [ [ -117.04219933072153, 53.852951136779957 ], [ -116.992199330721533, 53.852951136779957 ], [ -116.992199330721533, 53.902951136779954 ], [ -117.04219933072153, 53.902951136779954 ], [ -117.04219933072153, 53.852951136779957 ] ] ] } },
{ "type": "Feature", "properties": { "value": 2, "label": "AQHI 2", "color": "#0099cb", "timestamp": "2026-09-30 07:00:00", "generated_at": "2026-09-30T13:31:09.486326", "nearest_km": 63.54562820055434, "n_points": 10, "weight_sum": 0.0012467253556823403, "confidence": "Medium", "flagged": false }, "geometry": { "type": "Polygon", "coordinates": [ [ [ -116.992199330721533, 53.852951136779957 ], [ -116.942199330721536, 53.852951136779957 ], [ -116.942199330721536, 53.902951136779954 ], [ -116.992199330721533, 53.902951136779954 ], [ -116.992199330721533, 53.852951136779957 ] ] ] } },
{ "type": "Feature", "properties": { "value": 2, "label": "AQHI 2", "color": "#0099cb", "timestamp": "2026-09-30 07:00:00", "generated_at": "2026-09-30T13:31:09.486326", "nearest_km": 61.997748959305675, "n_points": 10, "weight_sum": 0.0012878139054121154, "confidence": "Medium", "flagged": false }, "geometry": { "type": "Polygon", "coordinates": [ [ [ -116.942199330721536, 53.852951136779957 ], [ -116.892199330721539, 53.852951136779957 ], [ -116.892199330721539, 53.902951136779954 ], [ -116.942199330721536, 53.902951136779954 ], [ -116.942199330721536, 53.852951136779957 ] ] ] } },
{ "type": "Feature", "properties": { "value": 2, "label": "AQHI 2", "color": "#0099cb", "timestamp": "2026-09-30 07:00:00", "generated_at": "2026-09-30T13:31:09.486326", "nearest_km": 58.321680173668618, "n_points": 10, "weight_sum": 0.0013431596362168381, "confidence": "Medium", "flagged": false }, "geometry": { "type": "Polygon", "coordinates": [ [ [ -116.892199330721539, 53.852951136779957 ], [ -116.842199330721542, 53.852951136779957 ], [ -116.842199330721542, 53.902951136779954 ], [ -116.892199330721539, 53.902951136779954 ], [ -116.892199330721539, 53.852951136779957 ] ] ] } },
{ "type": "Feature", "properties": { "value": 2, "label": "AQHI 2", "color": "#0099cb", "timestamp": "2026-09-30 07:00:00", "generated_at": "2026-09-30T13:31:09.486326", "nearest_km": 53.662710124421636, "n_points": 9, "weight_sum": 0.0013946715705485978, "confidence": "Medium", "flagged": false }, "geometry": { "type": "Polygon", "coordinates": [ [ [ -116.842199330721542, 53.852951136779957 ], [ -116.792199330721544, 53.852951136779957 ], [ -116.792199330721544, 53.902951136779954 ], [ -116.842199330721542, 53.902951136779954 ], [ -116.842199330721542, 53.852951136779957 ] ] ] } },
{ "type": "Feature", "properties": { "value": 2, "label": "AQHI 2", "color": "#0099cb", "timestamp": "2026-09-30 07:00:00", "generated_at": "2026-09-30T13:31:09.486326", "nearest_km": 49.189018464650324, "n_points": 9, "weight_sum": 0.00149055579789733, "confidence": "Medium", "flagged": false }, "geometry": { "type": "Polygon", "coordinates": [ [ [ -116.792199330721544, 53.852951136779957 ], [ -116.742199330721547, 53.852951136779957 ], [ -116.742199330721547, 53.902951136779954 ], [ -116.792199330721544, 53.902951136779954 ], [ -116.792199330721544, 53.852951136779957 ] ] ] } },
{ "type": "Feature", "properties": { "value": 2, "label": "AQHI 2", "color": "#0099cb", "timestamp": "2026-09-30 07:00:00", "generated_at": "2026-09-30T13:31:09.486326", "nearest_km": 44.955951965604172, "n_points": 9, "weight_sum": 0.0016146253960168454, "confidence": "Medium", "flagged": false }, "geometry": { "type": "Polygon", "coordinates": [ [ [ -116.742199330721547, 53.852951136779957 ], [ -116.69219933072155, 53.852951136779957 ], [ -116.69219933072155, 53.902951136779954 ], [ -116.742199330721547, 53.902951136779954 ], [ -116.742199330721547, 53.852951136779957 ] ] ] } },
{ "type": "Feature", "properties": { "value": 2, "label": "AQHI 2", "color": "#0099cb", "timestamp": "2026-09-30 07:00:00", "generated_at": "2026-09-30T13:31:09.486326", "nearest_km": 41.038039630953392, "n_points": 9, "weight_sum": 0.0017734698598617935, "confidence": "Medium", "flagged": false }, "geometry": { "type": "Polygon", "coordinates": [ [ [ -116.69219933072155, 53.852951136779957 ], [ -116.642199330721553, 53.852951136779957 ], [ -116.642199330721553, 53.902951136779954 ], [ -116.69219933072155, 53.902951136779954 ], [ -116.69219933072155, 53.852951136779957 ] ] ] } },
{ "type": "Feature", "properties": { "value": 2, "label": "AQHI 2", "color": "#0099cb", "timestamp": "2026-09-30 07:00:00", "generated_at": "2026-09-30T13:31:09.486326", "nearest_km": 37.534101512753523, "n_points": 9, "weight_sum": 0.0019717130358267209, "confidence": "Medium", "flagged": false }, "geometry": { "type": "Polygon", "coordinates": [ [ [ -116.642199330721553, 53.852951136779957 ], [ -116.592199330721556, 53.852951136779957 ], [ -116.592199330721556, 53.902951136779954 ], [ -116.642199330721553, 53.902951136779954 ], [ -116.642199330721553, 53.852951136779957 ] ] ] } },
{ "type": "Feature", "properties": { "value": 2, "label": "AQHI 2", "color": "#0099cb", "timestamp": "2026-09-30 07:00:00", "generated_at": "2026-09-30T13:31:09.486326", "nearest_km": 34.476205581750229, "n_points": 9, "weight_sum": 0.0022066308292160606, "confidence": "Medium", "flagged": false }, "geometry": { "type": "Polygon", "coordinates": [ [ [ -116.592199330721556, 53.852951136779957 ], [ -116.542199330721559, 53.852951136779957 ], [ -116.542199330721559, 53.902951136779954 ], [ -116.592199330721556, 53.902951136779954 ], [ -116.592199330721556, 53.852951136779957 ] ] ] } },
{ "type": "Feature", "properties": { "value": 2, "label": "AQHI 2", "color": "#0099cb", "timestamp": "2026-09-30 07:00:00", "generated_at": "2026-09-30T13:31:09.486326", "nearest_km": 31.865066710005156, "n_points": 9, "weight_sum": 0.0024594728963247101, "confidence": "Medium", "flagged": false }, "geometry": { "type": "Polygon", "coordinates": [ [ [ -116.542199330721559, 53.852951136779957 ], [ -116.492199330721562, 53.852951136779957 ], [ -116.492199330721562, 53.902951136779954 ], [ -116.542199330721559, 53.902951136779954 ], [ -116.542199330721559, 53.852951136779957 ] ] ] } },
{ "type": "Feature", "properties": { "value": 2, "label": "AQHI 2", "color": "#0099cb", "timestamp": "2026-09-30 07:00:00", "generated_at": "2026-09-30T13:31:09.486326", "nearest_km": 30.062621335323456, "n_points": 9, "weight_sum": 0.0026874351822078332, "confidence": "Medium", "flagged": false }, "geometry": { "type": "Polygon", "coordinates": [ [ [ -116.492199330721562, 53.852951136779957 ], [ -116.442199330721564, 53.852951136779957 ], [ -116.442199330721564, 53.902951136779954 ], [ -116.492199330721562, 53.902951136779954 ], [ -116.492199330721562, 53.852951136779957 ] ] ] } },
{ "type": "Feature", "properties": { "value": 2, "label": "AQHI 2", "color": "#0099cb", "timestamp": "2026-09-30 07:00:00", "generated_at": "2026-09-30T13:31:09.486326", "nearest_km": 29.218913851630489, "n_points": 9, "weight_sum": 0.0028283413863301522, "confidence": "Medium", "flagged": false }, "geometry": { "type": "Polygon", "coordinates": [ [ [ -116.442199330721564, 53.852951136779957 ], [ -116.392199330721567, 53.852951136779957 ], [ -116.392199330721567, 53.902951136779954 ], [ -116.442199330721564, 53.902951136779954 ], [ -116.442199330721564, 53.852951136779957 ] ] ] } },
{ "type": "Feature", "properties": { "value": 2, "label": "AQHI 2", "color": "#0099cb", "timestamp": "2026-09-30 07:00:00", "generated_at": "2026-09-30T13:31:09.486326", "nearest_km": 28.786826843689656, "n_points": 9, "weight_sum": 0.0028294646226190425, "confidence": "Medium", "flagged": false }, "geometry": { "type": "Polygon", "coordinates": [ [ [ -116.392199330721567, 53.852951136779957 ], [ -116.34219933072157, 53.852951136779957 ], [ -116.34219933072157, 53.902951136779954 ], [ -116.392199330721567, 53.902951136779954 ], [ -116.392199330721567, 53.852951136779957 ] ] ] } },
{ "type": "Feature", "properties": { "value": 2, "label": "AQHI 2", "color": "#0099cb", "timestamp": "2026-09-30 07:00:00", "generated_at": "2026-09-30T13:31:09.486326", "nearest_km": 29.329113149676612, "n_points": 10, "weight_sum": 0.0027075887049883311, "confidence": "Medium", "flagged": false }, "geometry": { "type": "Polygon", "coordinates": [ [ [ -116.34219933072157, 53.852951136779957 ], [ -116.292199330721573, 53.852951136779957 ], [ -116.292199330721573, 53.902951136779954 ], [ -116.34219933072157, 53.902951136779954 ], [ -116.34219933072157, 53.852951136779957 ] ] ] } },
{ "type": "Feature", "properties": { "value": 2, "label": "AQHI 2", "color": "#0099cb", "timestamp": "2026-09-30 07:00:00", "generated_at": "2026-09-30T13:31:09.486326", "nearest_km": 30.875837746763871, "n_points": 12, "weight_sum": 0.0024925960388157858, "confidence": "Medium", "flagged": false }, "geometry": { "type": "Polygon", "coordinates": [ [ [ -116.292199330721573, 53.852951136779957 ], [ -116.242199330721576, 53.852951136779957 ], [ -116.242199330721576, 53.902951136779954 ], [ -116.292199330721573, 53.902951136779954 ], [ -116.292199330721573, 53.852951136779957 ] ] ] } },
{ "type": "Feature", "properties": { "value": 2, "label": "AQHI 2", "color": "#0099cb", "timestamp": "2026-09-30 07:00:00", "generated_at": "2026-09-30T13:31:09.486326", "nearest_km": 33.28727737413255, "n_points": 11, "weight_sum": 0.0021879649502727057, "confidence": "Medium", "flagged": false }, "geometry": { "type": "Polygon", "coordinates": [ [ [ -116.242199330721576, 53.852951136779957 ], [ -116.192199330721579, 53.852951136779957 ], [ -116.192199330721579, 53.902951136779954 ], [ -116.242199330721576, 53.902951136779954 ], [ -116.242199330721576, 53.852951136779957 ] ] ] } },
{ "type": "Feature", "properties": { "value": 2, "label": "AQHI 2", "color": "#0099cb", "timestamp": "2026-09-30 07:00:00", "generated_at": "2026-09-30T13:31:09.486326", "nearest_km": 36.39194022582992, "n_points": 11, "weight_sum": 0.0019529939276630231, "confidence": "Medium", "flagged": false }, "geometry": { "type": "Polygon", "coordinates": [ [ [ -116.192199330721579, 53.852951136779957 ], [ -116.142199330721581, 53.852951136779957 ], [ -116.142199330721581, 53.902951136779954 ], [ -116.192199330721579, 53.902951136779954 ], [ -116.192199330721579, 53.852951136779957 ] ] ] } },
{ "type": "Feature", "properties": { "value": 2, "label": "AQHI 2", "color": "#0099cb", "timestamp": "2026-09-30 07:00:00", "generated_at": "2026-09-30T13:31:09.486326", "nearest_km": 39.694159130286621, "n_points": 13, "weight_sum": 0.0018382064005453133, "confidence": "Medium", "flagged": false }, "geometry": { "type": "Polygon", "coordinates": [ [ [ -116.142199330721581, 53.852951136779957 ], [ -116.092199330721584, 53.852951136779957 ], [ -116.092199330721584, 53.902951136779954 ], [ -116.142199330721581, 53.902951136779954 ], [ -116.142199330721581, 53.852951136779957 ] ] ] } },
{ "type": "Feature", "properties": { "value": 2, "label": "AQHI 2", "color": "#0099cb", "timestamp": "2026-09-30 07:00:00", "generated_at": "2026-09-30T13:31:09.486326", "nearest_km": 35.66943671658516, "n_points": 13, "weight_sum": 0.0017183691186259116, "confidence": "Medium", "flagged": false }, "geometry": { "type": "Polygon", "coordinates": [ [ [ -116.092199330721584, 53.852951136779957 ], [ -116.042199330721587, 53.852951136779957 ], [ -116.042199330721587, 53.902951136779954 ], [ -116.092199330721584, 53.902951136779954 ], [ -116.092199330721584, 53.852951136779957 ] ] ] } },
{ "type": "Feature", "properties": { "value": 1, "label": "AQHI 1", "color": "#01cbff", "timestamp": "2026-09-30 07:00:00", "generated_at": "2026-09-30T13:31:09.486326", "nearest_km": 32.102899593283205, "n_points": 13, "weight_sum": 0.0016559962375124568, "confidence": "Medium", "flagged": false }, "geometry": { "type": "Polygon", "coordinates": [ [ [ -116.042199330721587, 53.852951136779957 ], [ -115.99219933072159, 53.852951136779957 ], [ -115.99219933072159, 53.902951136779954 ], [ -116.042199330721587, 53.902951136779954 ], [ -116.042199330721587, 53.852951136779957 ] ] ] } },
{ "type": "Feature", "properties": { "value": 1, "label": "AQHI 1", "color": "#01cbff", "timestamp": "2026-09-30 07:00:00", "generated_at": "2026-09-30T13:31:09.486326", "nearest_km": 29.163137844106661, "n_points": 15, "weight_sum": 0.0016864590036925222, "confidence": "Medium", "flagged": false }, "geometry": { "type": "Polygon", "coordinates": [ [ [ -115.99219933072159, 53.852951136779957 ], [ -115.942199330721593, 53.852951136779957 ], [ -115.942199330721593, 53.902951136779954 ], [ -115.99219933072159, 53.902951136779954 ], [ -115.99219933072159, 53.852951136779957 ] ] ] } },
{ "type": "Feature", "properties": { "value": 1, "label": "AQHI 1", "color": "#01cbff", "timestamp": "2026-09-30 07:00:00", "generated_at": "2026-09-30T13:31:09.486326", "nearest_km": 27.0552408145317, "n_points": 13, "weight_sum": 0.0016284118512841634, "confidence": "Medium", "flagged": false }, "geometry": { "type": "Polygon", "coordinates": [ [ [ -115.942199330721593, 53.852951136779957 ], [ -115.892199330721596, 53.852951136779957 ], [ -115.892199330721596, 53.902951136779954 ], [ -115.942199330721593, 53.902951136779954 ], [ -115.942199330721593, 53.852951136779957 ] ] ] } },
{ "type": "Feature", "properties": { "value": 1, "label": "AQHI 1", "color": "#01cbff", "timestamp": "2026-09-30 07:00:00", "generated_at": "2026-09-30T13:31:09.486326", "nearest_km": 25.982465282382861, "n_points": 13, "weight_sum": 0.0016271606452577568, "confidence": "Medium", "flagged": false }, "geometry": { "type": "Polygon", "coordinates": [ [ [ -115.892199330721596, 53.852951136779957 ], [ -115.842199330721598, 53.852951136779957 ], [ -115.842199330721598, 53.902951136779954 ], [ -115.892199330721596, 53.902951136779954 ], [ -115.892199330721596, 53.852951136779957 ] ] ] } },
{ "type": "Feature", "properties": { "value": 1, "label": "AQHI 1", "color": "#01cbff", "timestamp": "2026-09-30 07:00:00", "generated_at": "2026-09-30T13:31:09.486326", "nearest_km": 26.072896823486118, "n_points": 13, "weight_sum": 0.0015832865383918046, "confidence": "Medium", "flagged": false }, "geometry": { "type": "Polygon", "coordinates": [ [ [ -115.842199330721598, 53.852951136779957 ], [ -115.792199330721601, 53.852951136779957 ], [ -115.792199330721601, 53.902951136779954 ], [ -115.842199330721598, 53.902951136779954 ], [ -115.842199330721598, 53.852951136779957 ] ] ] } },
{ "type": "Feature", "properties": { "value": 1, "label": "AQHI 1", "color": "#01cbff", "timestamp": "2026-09-30 07:00:00", "generated_at": "2026-09-30T13:31:09.486326", "nearest_km": 27.314984813945394, "n_points": 13, "weight_sum": 0.0014965639947692459, "confidence": "Medium", "flagged": false }, "geometry": { "type": "Polygon", "coordinates": [ [ [ -115.792199330721601, 53.852951136779957 ], [ -115.742199330721604, 53.852951136779957 ], [ -115.742199330721604, 53.902951136779954 ], [ -115.792199330721601, 53.902951136779954 ], [ -115.792199330721601, 53.852951136779957 ] ] ] } },
{ "type": "Feature", "properties": { "value": 1, "label": "AQHI 1", "color": "#01cbff", "timestamp": "2026-09-30 07:00:00", "generated_at": "2026-09-30T13:31:09.486326", "nearest_km": 29.563928054370166, "n_points": 13, "weight_sum": 0.0013928305317468179, "confidence": "Medium", "flagged": false }, "geometry": { "type": "Polygon", "coordinates": [ [ [ -115.742199330721604, 53.852951136779957 ], [ -115.692199330721607, 53.852951136779957 ], [ -115.692199330721607, 53.902951136779954 ], [ -115.742199330721604, 53.902951136779954 ], [ -115.742199330721604, 53.852951136779957 ] ] ] } },
{ "type": "Feature", "properties": { "value": 1, "label": "AQHI 1", "color": "#01cbff", "timestamp": "2026-09-30 07:00:00", "generated_at": "2026-09-30T13:31:09.486326", "nearest_km": 32.612088075158205, "n_points": 13, "weight_sum": 0.0013000980884940523, "confidence": "Medium", "flagged": false }, "geometry": { "type": "Polygon", "coordinates": [ [ [ -115.692199330721607, 53.852951136779957 ], [ -115.64219933072161, 53.852951136779957 ], [ -115.64219933072161, 53.902951136779954 ], [ -115.692199330721607, 53.902951136779954 ], [ -115.692199330721607, 53.852951136779957 ] ] ] } },
{ "type": "Feature", "properties": { "value": 1, "label": "AQHI 1", "color": "#01cbff", "timestamp": "2026-09-30 07:00:00", "generated_at": "2026-09-30T13:31:09.486326", "nearest_km": 36.258457430505366, "n_points": 13, "weight_sum": 0.0012343279620015107, "confidence": "Medium", "flagged": false }, "geometry": { "type": "Polygon", "coordinates": [ [ [ -115.64219933072161, 53.852951136779957 ], [ -115.592199330721613, 53.852951136779957 ], [ -115.592199330721613, 53.902951136779954 ], [ -115.64219933072161, 53.902951136779954 ], [ -115.64219933072161, 53.852951136779957 ] ] ] } },
{ "type": "Feature", "properties": { "value": 1, "label": "AQHI 1", "color": "#01cbff", "timestamp": "2026-09-30 07:00:00", "generated_at": "2026-09-30T13:31:09.486326", "nearest_km": 40.341147502985784, "n_points": 13, "weight_sum": 0.0012008412740922253, "confidence": "Medium", "flagged": false }, "geometry": { "type": "Polygon", "coordinates": [ [ [ -115.592199330721613, 53.852951136779957 ], [ -115.542199330721616, 53.852951136779957 ], [ -115.542199330721616, 53.902951136779954 ], [ -115.592199330721613, 53.902951136779954 ], [ -115.592199330721613, 53.852951136779957 ] ] ] } },
{ "type": "Feature", "properties": { "value": 1, "label": "AQHI 1", "color": "#01cbff", "timestamp": "2026-09-30 07:00:00", "generated_at": "2026-09-30T13:31:09.486326", "nearest_km": 44.740872012909364, "n_points": 12, "weight_sum": 0.0011574179495206598, "confidence": "Medium", "flagged": false }, "geometry": { "type": "Polygon", "coordinates": [ [ [ -115.542199330721616, 53.852951136779957 ], [ -115.492199330721618, 53.852951136779957 ], [ -115.492199330721618, 53.902951136779954 ], [ -115.542199330721616, 53.902951136779954 ], [ -115.542199330721616, 53.852951136779957 ] ] ] } },
{ "type": "Feature", "properties": { "value": 1, "label": "AQHI 1", "color": "#01cbff", "timestamp": "2026-09-30 07:00:00", "generated_at": "2026-09-30T13:31:09.486326", "nearest_km": 49.372948819099406, "n_points": 12, "weight_sum": 0.0011918790176472609, "confidence": "Medium", "flagged": false }, "geometry": { "type": "Polygon", "coordinates": [ [ [ -115.492199330721618, 53.852951136779957 ], [ -115.442199330721621, 53.852951136779957 ], [ -115.442199330721621, 53.902951136779954 ], [ -115.492199330721618, 53.902951136779954 ], [ -115.492199330721618, 53.852951136779957 ] ] ] } },
{ "type": "Feature", "properties": { "value": 1, "label": "AQHI 1", "color": "#01cbff", "timestamp": "2026-09-30 07:00:00", "generated_at": "2026-09-30T13:31:09.486326", "nearest_km": 54.177813925178583, "n_points": 12, "weight_sum": 0.0012593268563031806, "confidence": "Medium", "flagged": false }, "geometry": { "type": "Polygon", "coordinates": [ [ [ -115.442199330721621, 53.852951136779957 ], [ -115.392199330721624, 53.852951136779957 ], [ -115.392199330721624, 53.902951136779954 ], [ -115.442199330721621, 53.902951136779954 ], [ -115.442199330721621, 53.852951136779957 ] ] ] } },
{ "type": "Feature", "properties": { "value": 1, "label": "AQHI 1", "color": "#01cbff", "timestamp": "2026-09-30 07:00:00", "generated_at": "2026-09-30T13:31:09.486326", "nearest_km": 49.817828375245774, "n_points": 13, "weight_sum": 0.0014095839830426187, "confidence": "Medium", "flagged": false }, "geometry": { "type": "Polygon", "coordinates": [ [ [ -115.392199330721624, 53.852951136779957 ], [ -115.342199330721627, 53.852951136779957 ], [ -115.342199330721627, 53.902951136779954 ], [ -115.392199330721624, 53.902951136779954 ], [ -115.392199330721624, 53.852951136779957 ] ] ] } },
{ "type": "Feature", "properties": { "value": 1, "label": "AQHI 1", "color": "#01cbff", "timestamp": "2026-09-30 07:00:00", "generated_at": "2026-09-30T13:31:09.486326", "nearest_km": 45.298666572464967, "n_points": 13, "weight_sum": 0.0015562512641222861, "confidence": "Medium", "flagged": false }, "geometry": { "type": "Polygon", "coordinates": [ [ [ -115.342199330721627, 53.852951136779957 ], [ -115.29219933072163, 53.852951136779957 ], [ -115.29219933072163, 53.902951136779954 ], [ -115.342199330721627, 53.902951136779954 ], [ -115.342199330721627, 53.852951136779957 ] ] ] } },
{ "type": "Feature", "properties": { "value": 1, "label": "AQHI 1", "color": "#01cbff", "timestamp": "2026-09-30 07:00:00", "generated_at": "2026-09-30T13:31:09.486326", "nearest_km": 41.033247037752929, "n_points": 13, "weight_sum": 0.0017496348080339344, "confidence": "Medium", "flagged": false }, "geometry": { "type": "Polygon", "coordinates": [ [ [ -115.29219933072163, 53.852951136779957 ], [ -115.242199330721633, 53.852951136779957 ], [ -115.242199330721633, 53.902951136779954 ], [ -115.29219933072163, 53.902951136779954 ], [ -115.29219933072163, 53.852951136779957 ] ] ] } },
{ "type": "Feature", "properties": { "value": 1, "label": "AQHI 1", "color": "#01cbff", "timestamp": "2026-09-30 07:00:00", "generated_at": "2026-09-30T13:31:09.486326", "nearest_km": 37.109170452587023, "n_points": 13, "weight_sum": 0.0019960086615676809, "confidence": "Medium", "flagged": false }, "geometry": { "type": "Polygon", "coordinates": [ [ [ -115.242199330721633, 53.852951136779957 ], [ -115.192199330721635, 53.852951136779957 ], [ -115.192199330721635, 53.902951136779954 ], [ -115.242199330721633, 53.902951136779954 ], [ -115.242199330721633, 53.852951136779957 ] ] ] } },
{ "type": "Feature", "properties": { "value": 1, "label": "AQHI 1", "color": "#01cbff", "timestamp": "2026-09-30 07:00:00", "generated_at": "2026-09-30T13:31:09.486326", "nearest_km": 33.646080022746318, "n_points": 13, "weight_sum": 0.0022976905176476064, "confidence": "Medium", "flagged": false }, "geometry": { "type": "Polygon", "coordinates": [ [ [ -115.192199330721635, 53.852951136779957 ], [ -115.142199330721638, 53.852951136779957 ], [ -115.142199330721638, 53.902951136779954 ], [ -115.192199330721635, 53.902951136779954 ], [ -115.192199330721635, 53.852951136779957 ] ] ] } },
{ "type": "Feature", "properties": { "value": 1, "label": "AQHI 1", "color": "#01cbff", "timestamp": "2026-09-30 07:00:00", "generated_at": "2026-09-30T13:31:09.486326", "nearest_km": 30.799868021063546, "n_points": 13, "weight_sum": 0.0026449440608304849, "confidence": "Medium", "flagged": false }, "geometry": { "type": "Polygon", "coordinates": [ [ [ -115.142199330721638, 53.852951136779957 ], [ -115.092199330721641, 53.852951136779957 ], [ -115.092199330721641, 53.902951136779954 ], [ -115.142199330721638, 53.902951136779954 ], [ -115.142199330721638, 53.852951136779957 ] ] ] } },
{ "type": "Feature", "properties": { "value": 1, "label": "AQHI 1", "color": "#01cbff", "timestamp": "2026-09-30 07:00:00", "generated_at": "2026-09-30T13:31:09.486326", "nearest_km": 28.754304709604956, "n_points": 11, "weight_sum": 0.0029616871747764817, "confidence": "Medium", "flagged": false }, "geometry": { "type": "Polygon", "coordinates": [ [ [ -115.092199330721641, 53.852951136779957 ], [ -115.042199330721644, 53.852951136779957 ], [ -115.042199330721644, 53.902951136779954 ], [ -115.092199330721641, 53.902951136779954 ], [ -115.092199330721641, 53.852951136779957 ] ] ] } },
{ "type": "Feature", "properties": { "value": 1, "label": "AQHI 1", "color": "#01cbff", "timestamp": "2026-09-30 07:00:00", "generated_at": "2026-09-30T13:31:09.486326", "nearest_km": 27.687419680256944, "n_points": 11, "weight_sum": 0.0032814395847756304, "confidence": "Medium", "flagged": false }, "geometry": { "type": "Polygon", "coordinates": [ [ [ -115.042199330721644, 53.852951136779957 ], [ -114.992199330721647, 53.852951136779957 ], [ -114.992199330721647, 53.902951136779954 ], [ -115.042199330721644, 53.902951136779954 ], [ -115.042199330721644, 53.852951136779957 ] ] ] } },
{ "type": "Feature", "properties": { "value": 1, "label": "AQHI 1", "color": "#01cbff", "timestamp": "2026-09-30 07:00:00", "generated_at": "2026-09-30T13:31:09.486326", "nearest_km": 27.712476933117014, "n_points": 11, "weight_sum": 0.0034982344479532667, "confidence": "Medium", "flagged": false }, "geometry": { "type": "Polygon", "coordinates": [ [ [ -114.992199330721647, 53.852951136779957 ], [ -114.94219933072165, 53.852951136779957 ], [ -114.94219933072165, 53.902951136779954 ], [ -114.992199330721647, 53.902951136779954 ], [ -114.992199330721647, 53.852951136779957 ] ] ] } },
{ "type": "Feature", "properties": { "value": 1, "label": "AQHI 1", "color": "#01cbff", "timestamp": "2026-09-30 07:00:00", "generated_at": "2026-09-30T13:31:09.486326", "nearest_km": 28.826629129788984, "n_points": 12, "weight_sum": 0.0036481094026296563, "confidence": "Medium", "flagged": false }, "geometry": { "type": "Polygon", "coordinates": [ [ [ -114.94219933072165, 53.852951136779957 ], [ -114.892199330721652, 53.852951136779957 ], [ -114.892199330721652, 53.902951136779954 ], [ -114.94219933072165, 53.902951136779954 ], [ -114.94219933072165, 53.852951136779957 ] ] ] } },
{ "type": "Feature", "properties": { "value": 1, "label": "AQHI 1", "color": "#01cbff", "timestamp": "2026-09-30 07:00:00", "generated_at": "2026-09-30T13:31:09.486326", "nearest_km": 141.68944173682544, "n_points": 5, "weight_sum": 0.00016831689364032418, "confidence": "Low", "flagged": false }, "geometry": { "type": "Polygon", "coordinates": [ [ [ -118.892199330721425, 53.902951136779954 ], [ -118.842199330721428, 53.902951136779954 ], [ -118.842199330721428, 53.952951136779951 ], [ -118.892199330721425, 53.952951136779951 ], [ -118.892199330721425, 53.902951136779954 ] ] ] } },
{ "type": "Feature", "properties": { "value": 1, "label": "AQHI 1", "color": "#01cbff", "timestamp": "2026-09-30 07:00:00", "generated_at": "2026-09-30T13:31:09.486326", "nearest_km": 141.42600418420264, "n_points": 5, "weight_sum": 0.00017410756438810754, "confidence": "Low", "flagged": false }, "geometry": { "type": "Polygon", "coordinates": [ [ [ -118.842199330721428, 53.902951136779954 ], [ -118.792199330721431, 53.902951136779954 ], [ -118.792199330721431, 53.952951136779951 ], [ -118.842199330721428, 53.952951136779951 ], [ -118.842199330721428, 53.902951136779954 ] ] ] } },
{ "type": "Feature", "properties": { "value": 1, "label": "AQHI 1", "color": "#01cbff", "timestamp": "2026-09-30 07:00:00", "generated_at": "2026-09-30T13:31:09.486326", "nearest_km": 138.2284579532315, "n_points": 7, "weight_sum": 0.00027260413064636045, "confidence": "Low", "flagged": false }, "geometry": { "type": "Polygon", "coordinates": [ [ [ -118.792199330721431, 53.902951136779954 ], [ -118.742199330721434, 53.902951136779954 ], [ -118.742199330721434, 53.952951136779951 ], [ -118.792199330721431, 53.952951136779951 ], [ -118.792199330721431, 53.902951136779954 ] ] ] } },
{ "type": "Feature", "properties": { "value": 1, "label": "AQHI 1", "color": "#01cbff", "timestamp": "2026-09-30 07:00:00", "generated_at": "2026-09-30T13:31:09.486326", "nearest_km": 135.18322202383868, "n_points": 7, "weight_sum": 0.00028517017645926865, "confidence": "Low", "flagged": false }, "geometry": { "type": "Polygon", "coordinates": [ [ [ -118.742199330721434, 53.902951136779954 ], [ -118.692199330721436, 53.902951136779954 ], [ -118.692199330721436, 53.952951136779951 ], [ -118.742199330721434, 53.952951136779951 ], [ -118.742199330721434, 53.902951136779954 ] ] ] } },
{ "type": "Feature", "properties": { "value": 1, "label": "AQHI 1", "color": "#01cbff", "timestamp": "2026-09-30 07:00:00", "generated_at": "2026-09-30T13:31:09.486326", "nearest_km": 132.30081422789749, "n_points": 7, "weight_sum": 0.0002983758564589473, "confidence": "Low", "flagged": false }, "geometry": { "type": "Polygon", "coordinates": [ [ [ -118.692199330721436, 53.902951136779954 ], [ -118.642199330721439, 53.902951136779954 ], [ -118.642199330721439, 53.952951136779951 ], [ -118.692199330721436, 53.952951136779951 ], [ -118.692199330721436, 53.902951136779954 ] ] ] } },
{ "type": "Feature", "properties": { "value": 1, "label": "AQHI 1", "color": "#01cbff", "timestamp": "2026-09-30 07:00:00", "generated_at": "2026-09-30T13:31:09.486326", "nearest_km": 129.59209996748567, "n_points": 7, "weight_sum": 0.00031226939810684198, "confidence": "Low", "flagged": false }, "geometry": { "type": "Polygon", "coordinates": [ [ [ -118.642199330721439, 53.902951136779954 ], [ -118.592199330721442, 53.902951136779954 ], [ -118.592199330721442, 53.952951136779951 ], [ -118.642199330721439, 53.952951136779951 ], [ -118.642199330721439, 53.902951136779954 ] ] ] } },
{ "type": "Feature", "properties": { "value": 1, "label": "AQHI 1", "color": "#01cbff", "timestamp": "2026-09-30 07:00:00", "generated_at": "2026-09-30T13:31:09.486326", "nearest_km": 125.36407304602895, "n_points": 7, "weight_sum": 0.00032690664559789797, "confidence": "Low", "flagged": false }, "geometry": { "type": "Polygon", "coordinates": [ [ [ -118.592199330721442, 53.902951136779954 ], [ -118.542199330721445, 53.902951136779954 ], [ -118.542199330721445, 53.952951136779951 ], [ -118.592199330721442, 53.952951136779951 ], [ -118.592199330721442, 53.902951136779954 ] ] ] } },
{ "type": "Feature", "properties": { "value": 1, "label": "AQHI 1", "color": "#01cbff", "timestamp": "2026-09-30 07:00:00", "generated_at": "2026-09-30T13:31:09.486326", "nearest_km": 120.43878433199274, "n_points": 7, "weight_sum": 0.00034235330496760406, "confidence": "Low", "flagged": false }, "geometry": { "type": "Polygon", "coordinates": [ [ [ -118.542199330721445, 53.902951136779954 ], [ -118.492199330721448, 53.902951136779954 ], [ -118.492199330721448, 53.952951136779951 ], [ -118.542199330721445, 53.952951136779951 ], [ -118.542199330721445, 53.902951136779954 ] ] ] } },
{ "type": "Feature", "properties": { "value": 1, "label": "AQHI 1", "color": "#01cbff", "timestamp": "2026-09-30 07:00:00", "generated_at": "2026-09-30T13:31:09.486326", "nearest_km": 115.57013339114228, "n_points": 7, "weight_sum": 0.00035868792737300413, "confidence": "Low", "flagged": false }, "geometry": { "type": "Polygon", "coordinates": [ [ [ -118.492199330721448, 53.902951136779954 ], [ -118.442199330721451, 53.902951136779954 ], [ -118.442199330721451, 53.952951136779951 ], [ -118.492199330721448, 53.952951136779951 ], [ -118.492199330721448, 53.902951136779954 ] ] ] } },
{ "type": "Feature", "properties": { "value": 1, "label": "AQHI 1", "color": "#01cbff", "timestamp": "2026-09-30 07:00:00", "generated_at": "2026-09-30T13:31:09.486326", "nearest_km": 110.76558893774087, "n_points": 7, "weight_sum": 0.00037600563100755041, "confidence": "Low", "flagged": false }, "geometry": { "type": "Polygon", "coordinates": [ [ [ -118.442199330721451, 53.902951136779954 ], [ -118.392199330721454, 53.902951136779954 ], [ -118.392199330721454, 53.952951136779951 ], [ -118.442199330721451, 53.952951136779951 ], [ -118.442199330721451, 53.902951136779954 ] ] ] } },
{ "type": "Feature", "properties": { "value": 1, "label": "AQHI 1", "color": "#01cbff", "timestamp": "2026-09-30 07:00:00", "generated_at": "2026-09-30T13:31:09.486326", "nearest_km": 106.03386559681172, "n_points": 7, "weight_sum": 0.00039442237739954088, "confidence": "Low", "flagged": false }, "geometry": { "type": "Polygon", "coordinates": [ [ [ -118.392199330721454, 53.902951136779954 ], [ -118.342199330721456, 53.902951136779954 ], [ -118.342199330721456, 53.952951136779951 ], [ -118.392199330721454, 53.952951136779951 ], [ -118.392199330721454, 53.902951136779954 ] ] ] } },
{ "type": "Feature", "properties": { "value": 1, "label": "AQHI 1", "color": "#01cbff", "timestamp": "2026-09-30 07:00:00", "generated_at": "2026-09-30T13:31:09.486326", "nearest_km": 101.38515973297511, "n_points": 6, "weight_sum": 0.00036994581997338639, "confidence": "Low", "flagged": false }, "geometry": { "type": "Polygon", "coordinates": [ [ [ -118.342199330721456, 53.902951136779954 ], [ -118.292199330721459, 53.902951136779954 ], [ -118.292199330721459, 53.952951136779951 ], [ -118.342199330721456, 53.952951136779951 ], [ -118.342199330721456, 53.902951136779954 ] ] ] } },
{ "type": "Feature", "properties": { "value": 1, "label": "AQHI 1", "color": "#01cbff", "timestamp": "2026-09-30 07:00:00", "generated_at": "2026-09-30T13:31:09.486326", "nearest_km": 96.831428651853599, "n_points": 7, "weight_sum": 0.00041476284325538804, "confidence": "Low", "flagged": false }, "geometry": { "type": "Polygon", "coordinates": [ [ [ -118.292199330721459, 53.902951136779954 ], [ -118.242199330721462, 53.902951136779954 ], [ -118.242199330721462, 53.952951136779951 ], [ -118.292199330721459, 53.952951136779951 ], [ -118.292199330721459, 53.902951136779954 ] ] ] } },
{ "type": "Feature", "properties": { "value": 1, "label": "AQHI 1", "color": "#01cbff", "timestamp": "2026-09-30 07:00:00", "generated_at": "2026-09-30T13:31:09.486326", "nearest_km": 92.386717310645608, "n_points": 7, "weight_sum": 0.00043944895880122044, "confidence": "Low", "flagged": false }, "geometry": { "type": "Polygon", "coordinates": [ [ [ -118.242199330721462, 53.902951136779954 ], [ -118.192199330721465, 53.902951136779954 ], [ -118.192199330721465, 53.952951136779951 ], [ -118.242199330721462, 53.952951136779951 ], [ -118.242199330721462, 53.902951136779954 ] ] ] } },
{ "type": "Feature", "properties": { "value": 1, "label": "AQHI 1", "color": "#01cbff", "timestamp": "2026-09-30 07:00:00", "generated_at": "2026-09-30T13:31:09.486326", "nearest_km": 88.067533723360668, "n_points": 9, "weight_sum": 0.00053338305002891147, "confidence": "Low", "flagged": false }, "geometry": { "type": "Polygon", "coordinates": [ [ [ -118.192199330721465, 53.902951136779954 ], [ -118.142199330721468, 53.902951136779954 ], [ -118.142199330721468, 53.952951136779951 ], [ -118.192199330721465, 53.952951136779951 ], [ -118.192199330721465, 53.902951136779954 ] ] ] } },
{ "type": "Feature", "properties": { "value": 1, "label": "AQHI 1", "color": "#01cbff", "timestamp": "2026-09-30 07:00:00", "generated_at": "2026-09-30T13:31:09.486326", "nearest_km": 83.893268244796531, "n_points": 9, "weight_sum": 0.0005662776270096069, "confidence": "Low", "flagged": false }, "geometry": { "type": "Polygon", "coordinates": [ [ [ -118.142199330721468, 53.902951136779954 ], [ -118.092199330721471, 53.902951136779954 ], [ -118.092199330721471, 53.952951136779951 ], [ -118.142199330721468, 53.952951136779951 ], [ -118.142199330721468, 53.902951136779954 ] ] ] } },
{ "type": "Feature", "properties": { "value": 1, "label": "AQHI 1", "color": "#01cbff", "timestamp": "2026-09-30 07:00:00", "generated_at": "2026-09-30T13:31:09.486326", "nearest_km": 79.886641045117784, "n_points": 9, "weight_sum": 0.00060179775894146875, "confidence": "Low", "flagged": false }, "geometry": { "type": "Polygon", "coordinates": [ [ [ -118.092199330721471, 53.902951136779954 ], [ -118.042199330721473, 53.902951136779954 ], [ -118.042199330721473, 53.952951136779951 ], [ -118.092199330721471, 53.952951136779951 ], [ -118.092199330721471, 53.902951136779954 ] ] ] } },
{ "type": "Feature", "properties": { "value": 2, "label": "AQHI 2", "color": "#0099cb", "timestamp": "2026-09-30 07:00:00", "generated_at": "2026-09-30T13:31:09.486326", "nearest_km": 76.074143952788575, "n_points": 10, "weight_sum": 0.00068617862277718287, "confidence": "Low", "flagged": false }, "geometry": { "type": "Polygon", "coordinates": [ [ [ -118.042199330721473, 53.902951136779954 ], [ -117.992199330721476, 53.902951136779954 ], [ -117.992199330721476, 53.952951136779951 ], [ -118.042199330721473, 53.952951136779951 ], [ -118.042199330721473, 53.902951136779954 ] ] ] } },
{ "type": "Feature", "properties": { "value": 2, "label": "AQHI 2", "color": "#0099cb", "timestamp": "2026-09-30 07:00:00", "generated_at": "2026-09-30T13:31:09.486326", "nearest_km": 72.486414857045432, "n_points": 10, "weight_sum": 0.00073074785322224298, "confidence": "Medium", "flagged": false }, "geometry": { "type": "Polygon", "coordinates": [ [ [ -117.992199330721476, 53.902951136779954 ], [ -117.942199330721479, 53.902951136779954 ], [ -117.942199330721479, 53.952951136779951 ], [ -117.992199330721476, 53.952951136779951 ], [ -117.992199330721476, 53.902951136779954 ] ] ] } },
{ "type": "Feature", "properties": { "value": 2, "label": "AQHI 2", "color": "#0099cb", "timestamp": "2026-09-30 07:00:00", "generated_at": "2026-09-30T13:31:09.486326", "nearest_km": 68.85153022733455, "n_points": 10, "weight_sum": 0.00077836742207553302, "confidence": "Medium", "flagged": false }, "geometry": { "type": "Polygon", "coordinates": [ [ [ -117.942199330721479, 53.902951136779954 ], [ -117.892199330721482, 53.902951136779954 ], [ -117.892199330721482, 53.952951136779951 ], [ -117.942199330721479, 53.952951136779951 ], [ -117.942199330721479, 53.902951136779954 ] ] ] } },
{ "type": "Feature", "properties": { "value": 2, "label": "AQHI 2", "color": "#0099cb", "timestamp": "2026-09-30 07:00:00", "generated_at": "2026-09-30T13:31:09.486326", "nearest_km": 65.427798908137305, "n_points": 10, "weight_sum": 0.00082856244273125305, "confidence": "Medium", "flagged": false }, "geometry": { "type": "Polygon", "coordinates": [ [ [ -117.892199330721482, 53.902951136779954 ], [ -117.842199330721485, 53.902951136779954 ], [ -117.842199330721485, 53.952951136779951 ], [ -117.892199330721482, 53.952951136779951 ], [ -117.892199330721482, 53.902951136779954 ] ] ] } },
{ "type": "Feature", "properties": { "value": 2, "label": "AQHI 2", "color": "#0099cb", "timestamp": "2026-09-30 07:00:00", "generated_at": "2026-09-30T13:31:09.486326", "nearest_km": 62.311038550819646, "n_points": 10, "weight_sum": 0.00088036419523823022, "confidence": "Medium", "flagged": false }, "geometry": { "type": "Polygon", "coordinates": [ [ [ -117.842199330721485, 53.902951136779954 ], [ -117.792199330721488, 53.902951136779954 ], [ -117.792199330721488, 53.952951136779951 ], [ -117.842199330721485, 53.952951136779951 ], [ -117.842199330721485, 53.902951136779954 ] ] ] } },
{ "type": "Feature", "properties": { "value": 2, "label": "AQHI 2", "color": "#0099cb", "timestamp": "2026-09-30 07:00:00", "generated_at": "2026-09-30T13:31:09.486326", "nearest_km": 59.5494683485907, "n_points": 10, "weight_sum": 0.00093218192588583114, "confidence": "Medium", "flagged": false }, "geometry": { "type": "Polygon", "coordinates": [ [ [ -117.792199330721488, 53.902951136779954 ], [ -117.74219933072149, 53.902951136779954 ], [ -117.74219933072149, 53.952951136779951 ], [ -117.792199330721488, 53.952951136779951 ], [ -117.792199330721488, 53.902951136779954 ] ] ] } },
{ "type": "Feature", "properties": { "value": 2, "label": "AQHI 2", "color": "#0099cb", "timestamp": "2026-09-30 07:00:00", "generated_at": "2026-09-30T13:31:09.486326", "nearest_km": 57.194561244211613, "n_points": 11, "weight_sum": 0.0010044165407545071, "confidence": "Medium", "flagged": false }, "geometry": { "type": "Polygon", "coordinates": [ [ [ -117.74219933072149, 53.902951136779954 ], [ -117.692199330721493, 53.902951136779954 ], [ -117.692199330721493, 53.952951136779951 ], [ -117.74219933072149, 53.952951136779951 ], [ -117.74219933072149, 53.902951136779954 ] ] ] } },
{ "type": "Feature", "properties": { "value": 2, "label": "AQHI 2", "color": "#0099cb", "timestamp": "2026-09-30 07:00:00", "generated_at": "2026-09-30T13:31:09.486326", "nearest_km": 55.298295554528018, "n_points": 13, "weight_sum": 0.0011200368082322364, "confidence": "Medium", "flagged": false }, "geometry": { "type": "Polygon", "coordinates": [ [ [ -117.692199330721493, 53.902951136779954 ], [ -117.642199330721496, 53.902951136779954 ], [ -117.642199330721496, 53.952951136779951 ], [ -117.692199330721493, 53.952951136779951 ], [ -117.692199330721493, 53.902951136779954 ] ] ] } },
{ "type": "Feature", "properties": { "value": 2, "label": "AQHI 2", "color": "#0099cb", "timestamp": "2026-09-30 07:00:00", "generated_at": "2026-09-30T13:31:09.486326", "nearest_km": 53.90909150184212, "n_points": 13, "weight_sum": 0.0011638008852800019, "confidence": "Medium", "flagged": false }, "geometry": { "type": "Polygon", "coordinates": [ [ [ -117.642199330721496, 53.902951136779954 ], [ -117.592199330721499, 53.902951136779954 ], [ -117.592199330721499, 53.952951136779951 ], [ -117.642199330721496, 53.952951136779951 ], [ -117.642199330721496, 53.902951136779954 ] ] ] } },
{ "type": "Feature", "properties": { "value": 2, "label": "AQHI 2", "color": "#0099cb", "timestamp": "2026-09-30 07:00:00", "generated_at": "2026-09-30T13:31:09.486326", "nearest_km": 53.066786240284344, "n_points": 13, "weight_sum": 0.0011977153538259928, "confidence": "Medium", "flagged": false }, "geometry": { "type": "Polygon", "coordinates": [ [ [ -117.592199330721499, 53.902951136779954 ], [ -117.542199330721502, 53.902951136779954 ], [ -117.542199330721502, 53.952951136779951 ], [ -117.592199330721499, 53.952951136779951 ], [ -117.592199330721499, 53.902951136779954 ] ] ] } },
{ "type": "Feature", "properties": { "value": 2, "label": "AQHI 2", "color": "#0099cb", "timestamp": "2026-09-30 07:00:00", "generated_at": "2026-09-30T13:31:09.486326", "nearest_km": 52.797561091304878, "n_points": 13, "weight_sum": 0.0012202823115679458, "confidence": "Medium", "flagged": false }, "geometry": { "type": "Polygon", "coordinates": [ [ [ -117.542199330721502, 53.902951136779954 ], [ -117.492199330721505, 53.902951136779954 ], [ -117.492199330721505, 53.952951136779951 ], [ -117.542199330721502, 53.952951136779951 ], [ -117.542199330721502, 53.902951136779954 ] ] ] } },
{ "type": "Feature", "properties": { "value": 2, "label": "AQHI 2", "color": "#0099cb", "timestamp": "2026-09-30 07:00:00", "generated_at": "2026-09-30T13:31:09.486326", "nearest_km": 53.110131919513279, "n_points": 13, "weight_sum": 0.0012315145109675751, "confidence": "Medium", "flagged": false }, "geometry": { "type": "Polygon", "coordinates": [ [ [ -117.492199330721505, 53.902951136779954 ], [ -117.442199330721508, 53.902951136779954 ], [ -117.442199330721508, 53.952951136779951 ], [ -117.492199330721505, 53.952951136779951 ], [ -117.492199330721505, 53.902951136779954 ] ] ] } },
{ "type": "Feature", "properties": { "value": 2, "label": "AQHI 2", "color": "#0099cb", "timestamp": "2026-09-30 07:00:00", "generated_at": "2026-09-30T13:31:09.486326", "nearest_km": 53.994395707574391, "n_points": 13, "weight_sum": 0.0012330133998489212, "confidence": "Medium", "flagged": false }, "geometry": { "type": "Polygon", "coordinates": [ [ [ -117.442199330721508, 53.902951136779954 ], [ -117.39219933072151, 53.902951136779954 ], [ -117.39219933072151, 53.952951136779951 ], [ -117.442199330721508, 53.952951136779951 ], [ -117.442199330721508, 53.902951136779954 ] ] ] } },
{ "type": "Feature", "properties": { "value": 2, "label": "AQHI 2", "color": "#0099cb", "timestamp": "2026-09-30 07:00:00", "generated_at": "2026-09-30T13:31:09.486326", "nearest_km": 55.422995436408392, "n_points": 13, "weight_sum": 0.0012276041495232236, "confidence": "Medium", "flagged": false }, "geometry": { "type": "Polygon", "coordinates": [ [ [ -117.39219933072151, 53.902951136779954 ], [ -117.342199330721513, 53.902951136779954 ], [ -117.342199330721513, 53.952951136779951 ], [ -117.39219933072151, 53.952951136779951 ], [ -117.39219933072151, 53.902951136779954 ] ] ] } },
{ "type": "Feature", "properties": { "value": 2, "label": "AQHI 2", "color": "#0099cb", "timestamp": "2026-09-30 07:00:00", "generated_at": "2026-09-30T13:31:09.486326", "nearest_km": 57.35527071213383, "n_points": 13, "weight_sum": 0.0012187008281051882, "confidence": "Medium", "flagged": false }, "geometry": { "type": "Polygon", "coordinates": [ [ [ -117.342199330721513, 53.902951136779954 ], [ -117.292199330721516, 53.902951136779954 ], [ -117.292199330721516, 53.952951136779951 ], [ -117.342199330721513, 53.952951136779951 ], [ -117.342199330721513, 53.902951136779954 ] ] ] } },
{ "type": "Feature", "properties": { "value": 2, "label": "AQHI 2", "color": "#0099cb", "timestamp": "2026-09-30 07:00:00", "generated_at": "2026-09-30T13:31:09.486326", "nearest_km": 59.742369669943301, "n_points": 12, "weight_sum": 0.0011875601018403481, "confidence": "Medium", "flagged": false }, "geometry": { "type": "Polygon", "coordinates": [ [ [ -117.292199330721516, 53.902951136779954 ], [ -117.242199330721519, 53.902951136779954 ], [ -117.242199330721519, 53.952951136779951 ], [ -117.292199330721516, 53.952951136779951 ], [ -117.292199330721516, 53.902951136779954 ] ] ] } },
{ "type": "Feature", "properties": { "value": 2, "label": "AQHI 2", "color": "#0099cb", "timestamp": "2026-09-30 07:00:00", "generated_at": "2026-09-30T13:31:09.486326", "nearest_km": 62.532226804249952, "n_points": 12, "weight_sum": 0.0011822658790046534, "confidence": "Medium", "flagged": false }, "geometry": { "type": "Polygon", "coordinates": [ [ [ -117.242199330721519, 53.902951136779954 ], [ -117.192199330721522, 53.902951136779954 ], [ -117.192199330721522, 53.952951136779951 ], [ -117.242199330721519, 53.952951136779951 ], [ -117.242199330721519, 53.902951136779954 ] ] ] } },
{ "type": "Feature", "properties": { "value": 2, "label": "AQHI 2", "color": "#0099cb", "timestamp": "2026-09-30 07:00:00", "generated_at": "2026-09-30T13:31:09.486326", "nearest_km": 65.673533820072038, "n_points": 10, "weight_sum": 0.001116638964892135, "confidence": "Medium", "flagged": false }, "geometry": { "type": "Polygon", "coordinates": [ [ [ -117.192199330721522, 53.902951136779954 ], [ -117.142199330721525, 53.902951136779954 ], [ -117.142199330721525, 53.952951136779951 ], [ -117.192199330721522, 53.952951136779951 ], [ -117.192199330721522, 53.902951136779954 ] ] ] } },
{ "type": "Feature", "properties": { "value": 2, "label": "AQHI 2", "color": "#0099cb", "timestamp": "2026-09-30 07:00:00", "generated_at": "2026-09-30T13:31:09.486326", "nearest_km": 65.977213702729713, "n_points": 10, "weight_sum": 0.0011284843076534989, "confidence": "Medium", "flagged": false }, "geometry": { "type": "Polygon", "coordinates": [ [ [ -117.142199330721525, 53.902951136779954 ], [ -117.092199330721527, 53.902951136779954 ], [ -117.092199330721527, 53.952951136779951 ], [ -117.142199330721525, 53.952951136779951 ], [ -117.142199330721525, 53.902951136779954 ] ] ] } },
{ "type": "Feature", "properties": { "value": 2, "label": "AQHI 2", "color": "#0099cb", "timestamp": "2026-09-30 07:00:00", "generated_at": "2026-09-30T13:31:09.486326", "nearest_km": 63.038494117433416, "n_points": 10, "weight_sum": 0.0011476833623239812, "confidence": "Medium", "flagged": false }, "geometry": { "type": "Polygon", "coordinates": [ [ [ -117.092199330721527, 53.902951136779954 ], [ -117.04219933072153, 53.902951136779954 ], [ -117.04219933072153, 53.952951136779951 ], [ -117.092199330721527, 53.952951136779951 ], [ -117.092199330721527, 53.902951136779954 ] ] ] } },
{ "type": "Feature", "properties": { "value": 2, "label": "AQHI 2", "color": "#0099cb", "timestamp": "2026-09-30 07:00:00", "generated_at": "2026-09-30T13:31:09.486326", "nearest_km": 60.467476821938767, "n_points": 10, "weight_sum": 0.0011747482270814103, "confidence": "Medium", "flagged": false }, "geometry": { "type": "Polygon", "coordinates": [ [ [ -117.04219933072153, 53.902951136779954 ], [ -116.992199330721533, 53.902951136779954 ], [ -116.992199330721533, 53.952951136779951 ], [ -117.04219933072153, 53.952951136779951 ], [ -117.04219933072153, 53.902951136779954 ] ] ] } },
{ "type": "Feature", "properties": { "value": 2, "label": "AQHI 2", "color": "#0099cb", "timestamp": "2026-09-30 07:00:00", "generated_at": "2026-09-30T13:31:09.486326", "nearest_km": 58.312818194884983, "n_points": 10, "weight_sum": 0.0012099364393536767, "confidence": "Medium", "flagged": false }, "geometry": { "type": "Polygon", "coordinates": [ [ [ -116.992199330721533, 53.902951136779954 ], [ -116.942199330721536, 53.902951136779954 ], [ -116.942199330721536, 53.952951136779951 ], [ -116.992199330721533, 53.952951136779951 ], [ -116.992199330721533, 53.902951136779954 ] ] ] } },
{ "type": "Feature", "properties": { "value": 2, "label": "AQHI 2", "color": "#0099cb", "timestamp": "2026-09-30 07:00:00", "generated_at": "2026-09-30T13:31:09.486326", "nearest_km": 56.622069711797977, "n_points": 9, "weight_sum": 0.0012317384906533732, "confidence": "Medium", "flagged": false }, "geometry": { "type": "Polygon", "coordinates": [ [ [ -116.942199330721536, 53.902951136779954 ], [ -116.892199330721539, 53.902951136779954 ], [ -116.892199330721539, 53.952951136779951 ], [ -116.942199330721536, 53.952951136779951 ], [ -116.942199330721536, 53.902951136779954 ] ] ] } },
{ "type": "Feature", "properties": { "value": 2, "label": "AQHI 2", "color": "#0099cb", "timestamp": "2026-09-30 07:00:00", "generated_at": "2026-09-30T13:31:09.486326", "nearest_km": 55.437692872861362, "n_points": 9, "weight_sum": 0.0012849080472915949, "confidence": "Medium", "flagged": false }, "geometry": { "type": "Polygon", "coordinates": [ [ [ -116.892199330721539, 53.902951136779954 ], [ -116.842199330721542, 53.902951136779954 ], [ -116.842199330721542, 53.952951136779951 ], [ -116.892199330721539, 53.952951136779951 ], [ -116.892199330721539, 53.902951136779954 ] ] ] } },
{ "type": "Feature", "properties": { "value": 2, "label": "AQHI 2", "color": "#0099cb", "timestamp": "2026-09-30 07:00:00", "generated_at": "2026-09-30T13:31:09.486326", "nearest_km": 54.792534196582743, "n_points": 9, "weight_sum": 0.0013479350618226644, "confidence": "Medium", "flagged": false }, "geometry": { "type": "Polygon", "coordinates": [ [ [ -116.842199330721542, 53.902951136779954 ], [ -116.792199330721544, 53.902951136779954 ], [ -116.792199330721544, 53.952951136779951 ], [ -116.842199330721542, 53.952951136779951 ], [ -116.842199330721542, 53.902951136779954 ] ] ] } },
{ "type": "Feature", "properties": { "value": 2, "label": "AQHI 2", "color": "#0099cb", "timestamp": "2026-09-30 07:00:00", "generated_at": "2026-09-30T13:31:09.486326", "nearest_km": 52.79864014197971, "n_points": 9, "weight_sum": 0.0014226447351127795, "confidence": "Medium", "flagged": false }, "geometry": { "type": "Polygon", "coordinates": [ [ [ -116.792199330721544, 53.902951136779954 ], [ -116.742199330721547, 53.902951136779954 ], [ -116.742199330721547, 53.952951136779951 ], [ -116.792199330721544, 53.952951136779951 ], [ -116.792199330721544, 53.902951136779954 ] ] ] } },
{ "type": "Feature", "properties": { "value": 2, "label": "AQHI 2", "color": "#0099cb", "timestamp": "2026-09-30 07:00:00", "generated_at": "2026-09-30T13:31:09.486326", "nearest_km": 48.879182485596779, "n_points": 9, "weight_sum": 0.0015114975829335429, "confidence": "Medium", "flagged": false }, "geometry": { "type": "Polygon", "coordinates": [ [ [ -116.742199330721547, 53.902951136779954 ], [ -116.69219933072155, 53.902951136779954 ], [ -116.69219933072155, 53.952951136779951 ], [ -116.742199330721547, 53.952951136779951 ], [ -116.742199330721547, 53.902951136779954 ] ] ] } },
{ "type": "Feature", "properties": { "value": 2, "label": "AQHI 2", "color": "#0099cb", "timestamp": "2026-09-30 07:00:00", "generated_at": "2026-09-30T13:31:09.486326", "nearest_km": 45.301849411235544, "n_points": 9, "weight_sum": 0.0016167372382161957, "confidence": "Medium", "flagged": false }, "geometry": { "type": "Polygon", "coordinates": [ [ [ -116.69219933072155, 53.902951136779954 ], [ -116.642199330721553, 53.902951136779954 ], [ -116.642199330721553, 53.952951136779951 ], [ -116.69219933072155, 53.952951136779951 ], [ -116.69219933072155, 53.902951136779954 ] ] ] } },
{ "type": "Feature", "properties": { "value": 2, "label": "AQHI 2", "color": "#0099cb", "timestamp": "2026-09-30 07:00:00", "generated_at": "2026-09-30T13:31:09.486326", "nearest_km": 42.15383303682178, "n_points": 9, "weight_sum": 0.0017385264499738336, "confidence": "Medium", "flagged": false }, "geometry": { "type": "Polygon", "coordinates": [ [ [ -116.642199330721553, 53.902951136779954 ], [ -116.592199330721556, 53.902951136779954 ], [ -116.592199330721556, 53.952951136779951 ], [ -116.642199330721553, 53.952951136779951 ], [ -116.642199330721553, 53.902951136779954 ] ] ] } },
{ "type": "Feature", "properties": { "value": 2, "label": "AQHI 2", "color": "#0099cb", "timestamp": "2026-09-30 07:00:00", "generated_at": "2026-09-30T13:31:09.486326", "nearest_km": 39.283222486726743, "n_points": 9, "weight_sum": 0.001872028134601146, "confidence": "Medium", "flagged": false }, "geometry": { "type": "Polygon", "coordinates": [ [ [ -116.592199330721556, 53.902951136779954 ], [ -116.542199330721559, 53.902951136779954 ], [ -116.542199330721559, 53.952951136779951 ], [ -116.592199330721556, 53.952951136779951 ], [ -116.592199330721556, 53.902951136779954 ] ] ] } },
{ "type": "Feature", "properties": { "value": 2, "label": "AQHI 2", "color": "#0099cb", "timestamp": "2026-09-30 07:00:00", "generated_at": "2026-09-30T13:31:09.486326", "nearest_km": 37.012772039657428, "n_points": 9, "weight_sum": 0.002004215866866524, "confidence": "Medium", "flagged": false }, "geometry": { "type": "Polygon", "coordinates": [ [ [ -116.542199330721559, 53.902951136779954 ], [ -116.492199330721562, 53.902951136779954 ], [ -116.492199330721562, 53.952951136779951 ], [ -116.542199330721559, 53.952951136779951 ], [ -116.542199330721559, 53.902951136779954 ] ] ] } },
{ "type": "Feature", "properties": { "value": 2, "label": "AQHI 2", "color": "#0099cb", "timestamp": "2026-09-30 07:00:00", "generated_at": "2026-09-30T13:31:09.486326", "nearest_km": 35.47286313758184, "n_points": 9, "weight_sum": 0.0021128117961321199, "confidence": "Medium", "flagged": false }, "geometry": { "type": "Polygon", "coordinates": [ [ [ -116.492199330721562, 53.902951136779954 ], [ -116.442199330721564, 53.902951136779954 ], [ -116.442199330721564, 53.952951136779951 ], [ -116.492199330721562, 53.952951136779951 ], [ -116.492199330721562, 53.902951136779954 ] ] ] } },
{ "type": "Feature", "properties": { "value": 2, "label": "AQHI 2", "color": "#0099cb", "timestamp": "2026-09-30 07:00:00", "generated_at": "2026-09-30T13:31:09.486326", "nearest_km": 34.760721285605854, "n_points": 9, "weight_sum": 0.0021709664221452223, "confidence": "Medium", "flagged": false }, "geometry": { "type": "Polygon", "coordinates": [ [ [ -116.442199330721564, 53.902951136779954 ], [ -116.392199330721567, 53.902951136779954 ], [ -116.392199330721567, 53.952951136779951 ], [ -116.442199330721564, 53.952951136779951 ], [ -116.442199330721564, 53.902951136779954 ] ] ] } },
{ "type": "Feature", "properties": { "value": 2, "label": "AQHI 2", "color": "#0099cb", "timestamp": "2026-09-30 07:00:00", "generated_at": "2026-09-30T13:31:09.486326", "nearest_km": 34.336815260812003, "n_points": 9, "weight_sum": 0.0021586890984516597, "confidence": "Medium", "flagged": false }, "geometry": { "type": "Polygon", "coordinates": [ [ [ -116.392199330721567, 53.902951136779954 ], [ -116.34219933072157, 53.902951136779954 ], [ -116.34219933072157, 53.952951136779951 ], [ -116.392199330721567, 53.952951136779951 ], [ -116.392199330721567, 53.902951136779954 ] ] ] } },
{ "type": "Feature", "properties": { "value": 2, "label": "AQHI 2", "color": "#0099cb", "timestamp": "2026-09-30 07:00:00", "generated_at": "2026-09-30T13:31:09.486326", "nearest_km": 34.792705567016398, "n_points": 9, "weight_sum": 0.0020745753217771587, "confidence": "Medium", "flagged": false }, "geometry": { "type": "Polygon", "coordinates": [ [ [ -116.34219933072157, 53.902951136779954 ], [ -116.292199330721573, 53.902951136779954 ], [ -116.292199330721573, 53.952951136779951 ], [ -116.34219933072157, 53.952951136779951 ], [ -116.34219933072157, 53.902951136779954 ] ] ] } },
{ "type": "Feature", "properties": { "value": 2, "label": "AQHI 2", "color": "#0099cb", "timestamp": "2026-09-30 07:00:00", "generated_at": "2026-09-30T13:31:09.486326", "nearest_km": 36.106132984453609, "n_points": 10, "weight_sum": 0.0019420238051143762, "confidence": "Medium", "flagged": false }, "geometry": { "type": "Polygon", "coordinates": [ [ [ -116.292199330721573, 53.902951136779954 ], [ -116.242199330721576, 53.902951136779954 ], [ -116.242199330721576, 53.952951136779951 ], [ -116.292199330721573, 53.952951136779951 ], [ -116.292199330721573, 53.902951136779954 ] ] ] } },
{ "type": "Feature", "properties": { "value": 2, "label": "AQHI 2", "color": "#0099cb", "timestamp": "2026-09-30 07:00:00", "generated_at": "2026-09-30T13:31:09.486326", "nearest_km": 38.188719767871206, "n_points": 11, "weight_sum": 0.0017928913166197799, "confidence": "Medium", "flagged": false }, "geometry": { "type": "Polygon", "coordinates": [ [ [ -116.242199330721576, 53.902951136779954 ], [ -116.192199330721579, 53.902951136779954 ], [ -116.192199330721579, 53.952951136779951 ], [ -116.242199330721576, 53.952951136779951 ], [ -116.242199330721576, 53.902951136779954 ] ] ] } },
{ "type": "Feature", "properties": { "value": 2, "label": "AQHI 2", "color": "#0099cb", "timestamp": "2026-09-30 07:00:00", "generated_at": "2026-09-30T13:31:09.486326", "nearest_km": 40.923206080742716, "n_points": 11, "weight_sum": 0.0016480592751984947, "confidence": "Medium", "flagged": false }, "geometry": { "type": "Polygon", "coordinates": [ [ [ -116.192199330721579, 53.902951136779954 ], [ -116.142199330721581, 53.902951136779954 ], [ -116.142199330721581, 53.952951136779951 ], [ -116.192199330721579, 53.952951136779951 ], [ -116.192199330721579, 53.902951136779954 ] ] ] } },
{ "type": "Feature", "properties": { "value": 2, "label": "AQHI 2", "color": "#0099cb", "timestamp": "2026-09-30 07:00:00", "generated_at": "2026-09-30T13:31:09.486326", "nearest_km": 43.516102320716634, "n_points": 12, "weight_sum": 0.0015691576402144013, "confidence": "Medium", "flagged": false }, "geometry": { "type": "Polygon", "coordinates": [ [ [ -116.142199330721581, 53.902951136779954 ], [ -116.092199330721584, 53.902951136779954 ], [ -116.092199330721584, 53.952951136779951 ], [ -116.142199330721581, 53.952951136779951 ], [ -116.142199330721581, 53.902951136779954 ] ] ] } },
{ "type": "Feature", "properties": { "value": 2, "label": "AQHI 2", "color": "#0099cb", "timestamp": "2026-09-30 07:00:00", "generated_at": "2026-09-30T13:31:09.486326", "nearest_km": 39.878987045874631, "n_points": 13, "weight_sum": 0.0015010169352217232, "confidence": "Medium", "flagged": false }, "geometry": { "type": "Polygon", "coordinates": [ [ [ -116.092199330721584, 53.902951136779954 ], [ -116.042199330721587, 53.902951136779954 ], [ -116.042199330721587, 53.952951136779951 ], [ -116.092199330721584, 53.952951136779951 ], [ -116.092199330721584, 53.902951136779954 ] ] ] } },
{ "type": "Feature", "properties": { "value": 1, "label": "AQHI 1", "color": "#01cbff", "timestamp": "2026-09-30 07:00:00", "generated_at": "2026-09-30T13:31:09.486326", "nearest_km": 36.723576274962468, "n_points": 14, "weight_sum": 0.0014633481976641099, "confidence": "Medium", "flagged": false }, "geometry": { "type": "Polygon", "coordinates": [ [ [ -116.042199330721587, 53.902951136779954 ], [ -115.99219933072159, 53.902951136779954 ], [ -115.99219933072159, 53.952951136779951 ], [ -116.042199330721587, 53.952951136779951 ], [ -116.042199330721587, 53.902951136779954 ] ] ] } },
{ "type": "Feature", "properties": { "value": 1, "label": "AQHI 1", "color": "#01cbff", "timestamp": "2026-09-30 07:00:00", "generated_at": "2026-09-30T13:31:09.486326", "nearest_km": 34.183526749604539, "n_points": 15, "weight_sum": 0.0014517512103830871, "confidence": "Medium", "flagged": false }, "geometry": { "type": "Polygon", "coordinates": [ [ [ -115.99219933072159, 53.902951136779954 ], [ -115.942199330721593, 53.902951136779954 ], [ -115.942199330721593, 53.952951136779951 ], [ -115.99219933072159, 53.952951136779951 ], [ -115.99219933072159, 53.902951136779954 ] ] ] } },
{ "type": "Feature", "properties": { "value": 1, "label": "AQHI 1", "color": "#01cbff", "timestamp": "2026-09-30 07:00:00", "generated_at": "2026-09-30T13:31:09.486326", "nearest_km": 32.403872417642695, "n_points": 13, "weight_sum": 0.0013665781735099532, "confidence": "Medium", "flagged": false }, "geometry": { "type": "Polygon", "coordinates": [ [ [ -115.942199330721593, 53.902951136779954 ], [ -115.892199330721596, 53.902951136779954 ], [ -115.892199330721596, 53.952951136779951 ], [ -115.942199330721593, 53.952951136779951 ], [ -115.942199330721593, 53.902951136779954 ] ] ] } },
{ "type": "Feature", "properties": { "value": 1, "label": "AQHI 1", "color": "#01cbff", "timestamp": "2026-09-30 07:00:00", "generated_at": "2026-09-30T13:31:09.486326", "nearest_km": 31.513701691118317, "n_points": 13, "weight_sum": 0.0013460209903218016, "confidence": "Medium", "flagged": false }, "geometry": { "type": "Polygon", "coordinates": [ [ [ -115.892199330721596, 53.902951136779954 ], [ -115.842199330721598, 53.902951136779954 ], [ -115.842199330721598, 53.952951136779951 ], [ -115.892199330721596, 53.952951136779951 ], [ -115.892199330721596, 53.902951136779954 ] ] ] } },
{ "type": "Feature", "properties": { "value": 1, "label": "AQHI 1", "color": "#01cbff", "timestamp": "2026-09-30 07:00:00", "generated_at": "2026-09-30T13:31:09.486326", "nearest_km": 31.588302279399496, "n_points": 13, "weight_sum": 0.0013117454104530839, "confidence": "Medium", "flagged": false }, "geometry": { "type": "Polygon", "coordinates": [ [ [ -115.842199330721598, 53.902951136779954 ], [ -115.792199330721601, 53.902951136779954 ], [ -115.792199330721601, 53.952951136779951 ], [ -115.842199330721598, 53.952951136779951 ], [ -115.842199330721598, 53.902951136779954 ] ] ] } },
{ "type": "Feature", "properties": { "value": 1, "label": "AQHI 1", "color": "#01cbff", "timestamp": "2026-09-30 07:00:00", "generated_at": "2026-09-30T13:31:09.486326", "nearest_km": 32.621055892055828, "n_points": 13, "weight_sum": 0.0012629609258589067, "confidence": "Medium", "flagged": false }, "geometry": { "type": "Polygon", "coordinates": [ [ [ -115.792199330721601, 53.902951136779954 ], [ -115.742199330721604, 53.902951136779954 ], [ -115.742199330721604, 53.952951136779951 ], [ -115.792199330721601, 53.952951136779951 ], [ -115.792199330721601, 53.902951136779954 ] ] ] } },
{ "type": "Feature", "properties": { "value": 1, "label": "AQHI 1", "color": "#01cbff", "timestamp": "2026-09-30 07:00:00", "generated_at": "2026-09-30T13:31:09.486326", "nearest_km": 34.52608773276431, "n_points": 13, "weight_sum": 0.0012082666389084955, "confidence": "Medium", "flagged": false }, "geometry": { "type": "Polygon", "coordinates": [ [ [ -115.742199330721604, 53.902951136779954 ], [ -115.692199330721607, 53.902951136779954 ], [ -115.692199330721607, 53.952951136779951 ], [ -115.742199330721604, 53.952951136779951 ], [ -115.742199330721604, 53.902951136779954 ] ] ] } },
{ "type": "Feature", "properties": { "value": 1, "label": "AQHI 1", "color": "#01cbff", "timestamp": "2026-09-30 07:00:00", "generated_at": "2026-09-30T13:31:09.486326", "nearest_km": 37.169519511939335, "n_points": 13, "weight_sum": 0.0011592184110132398, "confidence": "Medium", "flagged": false }, "geometry": { "type": "Polygon", "coordinates": [ [ [ -115.692199330721607, 53.902951136779954 ], [ -115.64219933072161, 53.902951136779954 ], [ -115.64219933072161, 53.952951136779951 ], [ -115.692199330721607, 53.952951136779951 ], [ -115.692199330721607, 53.902951136779954 ] ] ] } },
{ "type": "Feature", "properties": { "value": 1, "label": "AQHI 1", "color": "#01cbff", "timestamp": "2026-09-30 07:00:00", "generated_at": "2026-09-30T13:31:09.486326", "nearest_km": 40.406690378776794, "n_points": 13, "weight_sum": 0.0011248145403587183, "confidence": "Medium", "flagged": false }, "geometry": { "type": "Polygon", "coordinates": [ [ [ -115.64219933072161, 53.902951136779954 ], [ -115.592199330721613, 53.902951136779954 ], [ -115.592199330721613, 53.952951136779951 ], [ -115.64219933072161, 53.952951136779951 ], [ -115.64219933072161, 53.902951136779954 ] ] ] } },
{ "type": "Feature", "properties": { "value": 1, "label": "AQHI 1", "color": "#01cbff", "timestamp": "2026-09-30 07:00:00", "generated_at": "2026-09-30T13:31:09.486326", "nearest_km": 44.10706376516373, "n_points": 13, "weight_sum": 0.0011101532018379444, "confidence": "Medium", "flagged": false }, "geometry": { "type": "Polygon", "coordinates": [ [ [ -115.592199330721613, 53.902951136779954 ], [ -115.542199330721616, 53.902951136779954 ], [ -115.542199330721616, 53.952951136779951 ], [ -115.592199330721613, 53.952951136779951 ], [ -115.592199330721613, 53.902951136779954 ] ] ] } },
{ "type": "Feature", "properties": { "value": 1, "label": "AQHI 1", "color": "#01cbff", "timestamp": "2026-09-30 07:00:00", "generated_at": "2026-09-30T13:31:09.486326", "nearest_km": 48.163996102920066, "n_points": 12, "weight_sum": 0.0010737330551524504, "confidence": "Medium", "flagged": false }, "geometry": { "type": "Polygon", "coordinates": [ [ [ -115.542199330721616, 53.902951136779954 ], [ -115.492199330721618, 53.902951136779954 ], [ -115.492199330721618, 53.952951136779951 ], [ -115.542199330721616, 53.952951136779951 ], [ -115.542199330721616, 53.902951136779954 ] ] ] } },
{ "type": "Feature", "properties": { "value": 1, "label": "AQHI 1", "color": "#01cbff", "timestamp": "2026-09-30 07:00:00", "generated_at": "2026-09-30T13:31:09.486326", "nearest_km": 52.494885152936298, "n_points": 12, "weight_sum": 0.0011075174807520741, "confidence": "Medium", "flagged": false }, "geometry": { "type": "Polygon", "coordinates": [ [ [ -115.492199330721618, 53.902951136779954 ], [ -115.442199330721621, 53.902951136779954 ], [ -115.442199330721621, 53.952951136779951 ], [ -115.492199330721618, 53.952951136779951 ], [ -115.492199330721618, 53.902951136779954 ] ] ] } },
{ "type": "Feature", "properties": { "value": 1, "label": "AQHI 1", "color": "#01cbff", "timestamp": "2026-09-30 07:00:00", "generated_at": "2026-09-30T13:31:09.486326", "nearest_km": 57.037359807742135, "n_points": 12, "weight_sum": 0.0011657087454265231, "confidence": "Medium", "flagged": false }, "geometry": { "type": "Polygon", "coordinates": [ [ [ -115.442199330721621, 53.902951136779954 ], [ -115.392199330721624, 53.902951136779954 ], [ -115.392199330721624, 53.952951136779951 ], [ -115.442199330721621, 53.952951136779951 ], [ -115.442199330721621, 53.902951136779954 ] ] ] } },
{ "type": "Feature", "properties": { "value": 1, "label": "AQHI 1", "color": "#01cbff", "timestamp": "2026-09-30 07:00:00", "generated_at": "2026-09-30T13:31:09.486326", "nearest_km": 87.735502567489362, "n_points": 9, "weight_sum": 0.00052128086810100129, "confidence": "Low", "flagged": false }, "geometry": { "type": "Polygon", "coordinates": [ [ [ -118.142199330721468, 53.952951136779951 ], [ -118.092199330721471, 53.952951136779951 ], [ -118.092199330721471, 54.002951136779949 ], [ -118.142199330721468, 54.002951136779949 ], [ -118.142199330721468, 53.952951136779951 ] ] ] } },
{ "type": "Feature", "properties": { "value": 1, "label": "AQHI 1", "color": "#01cbff", "timestamp": "2026-09-30 07:00:00", "generated_at": "2026-09-30T13:31:09.486326", "nearest_km": 83.912534054502501, "n_points": 9, "weight_sum": 0.00055130485200711359, "confidence": "Low", "flagged": false }, "geometry": { "type": "Polygon", "coordinates": [ [ [ -118.092199330721471, 53.952951136779951 ], [ -118.042199330721473, 53.952951136779951 ], [ -118.042199330721473, 54.002951136779949 ], [ -118.092199330721471, 54.002951136779949 ], [ -118.092199330721471, 53.952951136779951 ] ] ] } },
{ "type": "Feature", "properties": { "value": 2, "label": "AQHI 2", "color": "#0099cb", "timestamp": "2026-09-30 07:00:00", "generated_at": "2026-09-30T13:31:09.486326", "nearest_km": 80.291427513316421, "n_points": 10, "weight_sum": 0.00063048803202467372, "confidence": "Low", "flagged": false }, "geometry": { "type": "Polygon", "coordinates": [ [ [ -118.042199330721473, 53.952951136779951 ], [ -117.992199330721476, 53.952951136779951 ], [ -117.992199330721476, 54.002951136779949 ], [ -118.042199330721473, 54.002951136779949 ], [ -118.042199330721473, 53.952951136779951 ] ] ] } },
{ "type": "Feature", "properties": { "value": 2, "label": "AQHI 2", "color": "#0099cb", "timestamp": "2026-09-30 07:00:00", "generated_at": "2026-09-30T13:31:09.486326", "nearest_km": 76.672847016685196, "n_points": 10, "weight_sum": 0.00066768454778236817, "confidence": "Low", "flagged": false }, "geometry": { "type": "Polygon", "coordinates": [ [ [ -117.992199330721476, 53.952951136779951 ], [ -117.942199330721479, 53.952951136779951 ], [ -117.942199330721479, 54.002951136779949 ], [ -117.992199330721476, 54.002951136779949 ], [ -117.992199330721476, 53.952951136779951 ] ] ] } },
{ "type": "Feature", "properties": { "value": 2, "label": "AQHI 2", "color": "#0099cb", "timestamp": "2026-09-30 07:00:00", "generated_at": "2026-09-30T13:31:09.486326", "nearest_km": 73.19415362556019, "n_points": 10, "weight_sum": 0.00070673682827034089, "confidence": "Medium", "flagged": false }, "geometry": { "type": "Polygon", "coordinates": [ [ [ -117.942199330721479, 53.952951136779951 ], [ -117.892199330721482, 53.952951136779951 ], [ -117.892199330721482, 54.002951136779949 ], [ -117.942199330721479, 54.002951136779949 ], [ -117.942199330721479, 53.952951136779951 ] ] ] } },
{ "type": "Feature", "properties": { "value": 2, "label": "AQHI 2", "color": "#0099cb", "timestamp": "2026-09-30 07:00:00", "generated_at": "2026-09-30T13:31:09.486326", "nearest_km": 69.983196413712022, "n_points": 10, "weight_sum": 0.0007471546789761214, "confidence": "Medium", "flagged": false }, "geometry": { "type": "Polygon", "coordinates": [ [ [ -117.892199330721482, 53.952951136779951 ], [ -117.842199330721485, 53.952951136779951 ], [ -117.842199330721485, 54.002951136779949 ], [ -117.892199330721482, 54.002951136779949 ], [ -117.892199330721482, 53.952951136779951 ] ] ] } },
{ "type": "Feature", "properties": { "value": 2, "label": "AQHI 2", "color": "#0099cb", "timestamp": "2026-09-30 07:00:00", "generated_at": "2026-09-30T13:31:09.486326", "nearest_km": 67.078434951914886, "n_points": 10, "weight_sum": 0.00078812515483644866, "confidence": "Medium", "flagged": false }, "geometry": { "type": "Polygon", "coordinates": [ [ [ -117.842199330721485, 53.952951136779951 ], [ -117.792199330721488, 53.952951136779951 ], [ -117.792199330721488, 54.002951136779949 ], [ -117.842199330721485, 54.002951136779949 ], [ -117.842199330721485, 53.952951136779951 ] ] ] } },
{ "type": "Feature", "properties": { "value": 2, "label": "AQHI 2", "color": "#0099cb", "timestamp": "2026-09-30 07:00:00", "generated_at": "2026-09-30T13:31:09.486326", "nearest_km": 64.521237518481854, "n_points": 10, "weight_sum": 0.00082846841501782779, "confidence": "Medium", "flagged": false }, "geometry": { "type": "Polygon", "coordinates": [ [ [ -117.792199330721488, 53.952951136779951 ], [ -117.74219933072149, 53.952951136779951 ], [ -117.74219933072149, 54.002951136779949 ], [ -117.792199330721488, 54.002951136779949 ], [ -117.792199330721488, 53.952951136779951 ] ] ] } },
{ "type": "Feature", "properties": { "value": 2, "label": "AQHI 2", "color": "#0099cb", "timestamp": "2026-09-30 07:00:00", "generated_at": "2026-09-30T13:31:09.486326", "nearest_km": 62.354380329167064, "n_points": 11, "weight_sum": 0.0008888822550056066, "confidence": "Medium", "flagged": false }, "geometry": { "type": "Polygon", "coordinates": [ [ [ -117.74219933072149, 53.952951136779951 ], [ -117.692199330721493, 53.952951136779951 ], [ -117.692199330721493, 54.002951136779949 ], [ -117.74219933072149, 54.002951136779949 ], [ -117.74219933072149, 53.952951136779951 ] ] ] } },
{ "type": "Feature", "properties": { "value": 2, "label": "AQHI 2", "color": "#0099cb", "timestamp": "2026-09-30 07:00:00", "generated_at": "2026-09-30T13:31:09.486326", "nearest_km": 60.619736072936476, "n_points": 13, "weight_sum": 0.00099287554832113399, "confidence": "Medium", "flagged": false }, "geometry": { "type": "Polygon", "coordinates": [ [ [ -117.692199330721493, 53.952951136779951 ], [ -117.642199330721496, 53.952951136779951 ], [ -117.642199330721496, 54.002951136779949 ], [ -117.692199330721493, 54.002951136779949 ], [ -117.692199330721493, 53.952951136779951 ] ] ] } },
{ "type": "Feature", "properties": { "value": 2, "label": "AQHI 2", "color": "#0099cb", "timestamp": "2026-09-30 07:00:00", "generated_at": "2026-09-30T13:31:09.486326", "nearest_km": 59.355210865353094, "n_points": 13, "weight_sum": 0.0010284613988852315, "confidence": "Medium", "flagged": false }, "geometry": { "type": "Polygon", "coordinates": [ [ [ -117.642199330721496, 53.952951136779951 ], [ -117.592199330721499, 53.952951136779951 ], [ -117.592199330721499, 54.002951136779949 ], [ -117.642199330721496, 54.002951136779949 ], [ -117.642199330721496, 53.952951136779951 ] ] ] } },
{ "type": "Feature", "properties": { "value": 2, "label": "AQHI 2", "color": "#0099cb", "timestamp": "2026-09-30 07:00:00", "generated_at": "2026-09-30T13:31:09.486326", "nearest_km": 58.591251157391888, "n_points": 13, "weight_sum": 0.0010576836012966249, "confidence": "Medium", "flagged": false }, "geometry": { "type": "Polygon", "coordinates": [ [ [ -117.592199330721499, 53.952951136779951 ], [ -117.542199330721502, 53.952951136779951 ], [ -117.542199330721502, 54.002951136779949 ], [ -117.592199330721499, 54.002951136779949 ], [ -117.592199330721499, 53.952951136779951 ] ] ] } },
{ "type": "Feature", "properties": { "value": 2, "label": "AQHI 2", "color": "#0099cb", "timestamp": "2026-09-30 07:00:00", "generated_at": "2026-09-30T13:31:09.486326", "nearest_km": 58.347522376760899, "n_points": 13, "weight_sum": 0.0010798295526229689, "confidence": "Medium", "flagged": false }, "geometry": { "type": "Polygon", "coordinates": [ [ [ -117.542199330721502, 53.952951136779951 ], [ -117.492199330721505, 53.952951136779951 ], [ -117.492199330721505, 54.002951136779949 ], [ -117.542199330721502, 54.002951136779949 ], [ -117.542199330721502, 53.952951136779951 ] ] ] } },
{ "type": "Feature", "properties": { "value": 2, "label": "AQHI 2", "color": "#0099cb", "timestamp": "2026-09-30 07:00:00", "generated_at": "2026-09-30T13:31:09.486326", "nearest_km": 58.630512728652192, "n_points": 13, "weight_sum": 0.0010950712305677669, "confidence": "Medium", "flagged": false }, "geometry": { "type": "Polygon", "coordinates": [ [ [ -117.492199330721505, 53.952951136779951 ], [ -117.442199330721508, 53.952951136779951 ], [ -117.442199330721508, 54.002951136779949 ], [ -117.492199330721505, 54.002951136779949 ], [ -117.492199330721505, 53.952951136779951 ] ] ] } },
{ "type": "Feature", "properties": { "value": 2, "label": "AQHI 2", "color": "#0099cb", "timestamp": "2026-09-30 07:00:00", "generated_at": "2026-09-30T13:31:09.486326", "nearest_km": 59.432698728416078, "n_points": 13, "weight_sum": 0.0011045031269000232, "confidence": "Medium", "flagged": false }, "geometry": { "type": "Polygon", "coordinates": [ [ [ -117.442199330721508, 53.952951136779951 ], [ -117.39219933072151, 53.952951136779951 ], [ -117.39219933072151, 54.002951136779949 ], [ -117.442199330721508, 54.002951136779949 ], [ -117.442199330721508, 53.952951136779951 ] ] ] } },
{ "type": "Feature", "properties": { "value": 2, "label": "AQHI 2", "color": "#0099cb", "timestamp": "2026-09-30 07:00:00", "generated_at": "2026-09-30T13:31:09.486326", "nearest_km": 60.733510794788479, "n_points": 13, "weight_sum": 0.0011099695321775047, "confidence": "Medium", "flagged": false }, "geometry": { "type": "Polygon", "coordinates": [ [ [ -117.39219933072151, 53.952951136779951 ], [ -117.342199330721513, 53.952951136779951 ], [ -117.342199330721513, 54.002951136779949 ], [ -117.39219933072151, 54.002951136779949 ], [ -117.39219933072151, 53.952951136779951 ] ] ] } },
{ "type": "Feature", "properties": { "value": 2, "label": "AQHI 2", "color": "#0099cb", "timestamp": "2026-09-30 07:00:00", "generated_at": "2026-09-30T13:31:09.486326", "nearest_km": 62.501823883617185, "n_points": 12, "weight_sum": 0.0010919764331370888, "confidence": "Medium", "flagged": false }, "geometry": { "type": "Polygon", "coordinates": [ [ [ -117.342199330721513, 53.952951136779951 ], [ -117.292199330721516, 53.952951136779951 ], [ -117.292199330721516, 54.002951136779949 ], [ -117.342199330721513, 54.002951136779949 ], [ -117.342199330721513, 53.952951136779951 ] ] ] } },
{ "type": "Feature", "properties": { "value": 2, "label": "AQHI 2", "color": "#0099cb", "timestamp": "2026-09-30 07:00:00", "generated_at": "2026-09-30T13:31:09.486326", "nearest_km": 64.699317184161245, "n_points": 12, "weight_sum": 0.0010973436770772408, "confidence": "Medium", "flagged": false }, "geometry": { "type": "Polygon", "coordinates": [ [ [ -117.292199330721516, 53.952951136779951 ], [ -117.242199330721519, 53.952951136779951 ], [ -117.242199330721519, 54.002951136779949 ], [ -117.292199330721516, 54.002951136779949 ], [ -117.292199330721516, 53.952951136779951 ] ] ] } },
{ "type": "Feature", "properties": { "value": 2, "label": "AQHI 2", "color": "#0099cb", "timestamp": "2026-09-30 07:00:00", "generated_at": "2026-09-30T13:31:09.486326", "nearest_km": 67.28395276300806, "n_points": 9, "weight_sum": 0.0010189370856493257, "confidence": "Medium", "flagged": false }, "geometry": { "type": "Polygon", "coordinates": [ [ [ -117.242199330721519, 53.952951136779951 ], [ -117.192199330721522, 53.952951136779951 ], [ -117.192199330721522, 54.002951136779949 ], [ -117.242199330721519, 54.002951136779949 ], [ -117.242199330721519, 53.952951136779951 ] ] ] } },
{ "type": "Feature", "properties": { "value": 2, "label": "AQHI 2", "color": "#0099cb", "timestamp": "2026-09-30 07:00:00", "generated_at": "2026-09-30T13:31:09.486326", "nearest_km": 64.943680352935445, "n_points": 9, "weight_sum": 0.0010355731868907905, "confidence": "Medium", "flagged": false }, "geometry": { "type": "Polygon", "coordinates": [ [ [ -117.192199330721522, 53.952951136779951 ], [ -117.142199330721525, 53.952951136779951 ], [ -117.142199330721525, 54.002951136779949 ], [ -117.192199330721522, 54.002951136779949 ], [ -117.192199330721522, 53.952951136779951 ] ] ] } },
{ "type": "Feature", "properties": { "value": 2, "label": "AQHI 2", "color": "#0099cb", "timestamp": "2026-09-30 07:00:00", "generated_at": "2026-09-30T13:31:09.486326", "nearest_km": 61.456778555357765, "n_points": 10, "weight_sum": 0.0010814599272869212, "confidence": "Medium", "flagged": false }, "geometry": { "type": "Polygon", "coordinates": [ [ [ -117.142199330721525, 53.952951136779951 ], [ -117.092199330721527, 53.952951136779951 ], [ -117.092199330721527, 54.002951136779949 ], [ -117.142199330721525, 54.002951136779949 ], [ -117.142199330721525, 53.952951136779951 ] ] ] } },
{ "type": "Feature", "properties": { "value": 2, "label": "AQHI 2", "color": "#0099cb", "timestamp": "2026-09-30 07:00:00", "generated_at": "2026-09-30T13:31:09.486326", "nearest_km": 58.290605100824806, "n_points": 10, "weight_sum": 0.0011121184037668598, "confidence": "Medium", "flagged": false }, "geometry": { "type": "Polygon", "coordinates": [ [ [ -117.092199330721527, 53.952951136779951 ], [ -117.04219933072153, 53.952951136779951 ], [ -117.04219933072153, 54.002951136779949 ], [ -117.092199330721527, 54.002951136779949 ], [ -117.092199330721527, 53.952951136779951 ] ] ] } },
{ "type": "Feature", "properties": { "value": 2, "label": "AQHI 2", "color": "#0099cb", "timestamp": "2026-09-30 07:00:00", "generated_at": "2026-09-30T13:31:09.486326", "nearest_km": 55.500077978668799, "n_points": 9, "weight_sum": 0.0011276469321136165, "confidence": "Medium", "flagged": false }, "geometry": { "type": "Polygon", "coordinates": [ [ [ -117.04219933072153, 53.952951136779951 ], [ -116.992199330721533, 53.952951136779951 ], [ -116.992199330721533, 54.002951136779949 ], [ -117.04219933072153, 54.002951136779949 ], [ -117.04219933072153, 53.952951136779951 ] ] ] } },
{ "type": "Feature", "properties": { "value": 2, "label": "AQHI 2", "color": "#0099cb", "timestamp": "2026-09-30 07:00:00", "generated_at": "2026-09-30T13:31:09.486326", "nearest_km": 53.144403922297649, "n_points": 9, "weight_sum": 0.0011719268589424265, "confidence": "Medium", "flagged": false }, "geometry": { "type": "Polygon", "coordinates": [ [ [ -116.992199330721533, 53.952951136779951 ], [ -116.942199330721536, 53.952951136779951 ], [ -116.942199330721536, 54.002951136779949 ], [ -116.992199330721533, 54.002951136779949 ], [ -116.992199330721533, 53.952951136779951 ] ] ] } },
{ "type": "Feature", "properties": { "value": 2, "label": "AQHI 2", "color": "#0099cb", "timestamp": "2026-09-30 07:00:00", "generated_at": "2026-09-30T13:31:09.486326", "nearest_km": 51.283542007883248, "n_points": 9, "weight_sum": 0.0012212990565860457, "confidence": "Medium", "flagged": false }, "geometry": { "type": "Polygon", "coordinates": [ [ [ -116.942199330721536, 53.952951136779951 ], [ -116.892199330721539, 53.952951136779951 ], [ -116.892199330721539, 54.002951136779949 ], [ -116.942199330721536, 54.002951136779949 ], [ -116.942199330721536, 53.952951136779951 ] ] ] } },
{ "type": "Feature", "properties": { "value": 2, "label": "AQHI 2", "color": "#0099cb", "timestamp": "2026-09-30 07:00:00", "generated_at": "2026-09-30T13:31:09.486326", "nearest_km": 49.972799536270919, "n_points": 9, "weight_sum": 0.0012743936784208637, "confidence": "Medium", "flagged": false }, "geometry": { "type": "Polygon", "coordinates": [ [ [ -116.892199330721539, 53.952951136779951 ], [ -116.842199330721542, 53.952951136779951 ], [ -116.842199330721542, 54.002951136779949 ], [ -116.892199330721539, 54.002951136779949 ], [ -116.892199330721539, 53.952951136779951 ] ] ] } },
{ "type": "Feature", "properties": { "value": 2, "label": "AQHI 2", "color": "#0099cb", "timestamp": "2026-09-30 07:00:00", "generated_at": "2026-09-30T13:31:09.486326", "nearest_km": 49.256113388190762, "n_points": 9, "weight_sum": 0.0013300619910776332, "confidence": "Medium", "flagged": false }, "geometry": { "type": "Polygon", "coordinates": [ [ [ -116.842199330721542, 53.952951136779951 ], [ -116.792199330721544, 53.952951136779951 ], [ -116.792199330721544, 54.002951136779949 ], [ -116.842199330721542, 54.002951136779949 ], [ -116.842199330721542, 53.952951136779951 ] ] ] } },
{ "type": "Feature", "properties": { "value": 2, "label": "AQHI 2", "color": "#0099cb", "timestamp": "2026-09-30 07:00:00", "generated_at": "2026-09-30T13:31:09.486326", "nearest_km": 49.159472319465401, "n_points": 9, "weight_sum": 0.0013878950369535549, "confidence": "Medium", "flagged": false }, "geometry": { "type": "Polygon", "coordinates": [ [ [ -116.792199330721544, 53.952951136779951 ], [ -116.742199330721547, 53.952951136779951 ], [ -116.742199330721547, 54.002951136779949 ], [ -116.792199330721544, 54.002951136779949 ], [ -116.792199330721544, 53.952951136779951 ] ] ] } },
{ "type": "Feature", "properties": { "value": 2, "label": "AQHI 2", "color": "#0099cb", "timestamp": "2026-09-30 07:00:00", "generated_at": "2026-09-30T13:31:09.486326", "nearest_km": 49.686494456202652, "n_points": 9, "weight_sum": 0.0014483995055598999, "confidence": "Medium", "flagged": false }, "geometry": { "type": "Polygon", "coordinates": [ [ [ -116.742199330721547, 53.952951136779951 ], [ -116.69219933072155, 53.952951136779951 ], [ -116.69219933072155, 54.002951136779949 ], [ -116.742199330721547, 54.002951136779949 ], [ -116.742199330721547, 53.952951136779951 ] ] ] } },
{ "type": "Feature", "properties": { "value": 2, "label": "AQHI 2", "color": "#0099cb", "timestamp": "2026-09-30 07:00:00", "generated_at": "2026-09-30T13:31:09.486326", "nearest_km": 49.819669041502237, "n_points": 9, "weight_sum": 0.0015124525183191867, "confidence": "Medium", "flagged": false }, "geometry": { "type": "Polygon", "coordinates": [ [ [ -116.69219933072155, 53.952951136779951 ], [ -116.642199330721553, 53.952951136779951 ], [ -116.642199330721553, 54.002951136779949 ], [ -116.69219933072155, 54.002951136779949 ], [ -116.69219933072155, 53.952951136779951 ] ] ] } },
{ "type": "Feature", "properties": { "value": 2, "label": "AQHI 2", "color": "#0099cb", "timestamp": "2026-09-30 07:00:00", "generated_at": "2026-09-30T13:31:09.486326", "nearest_km": 46.841975422160132, "n_points": 9, "weight_sum": 0.0015799476338942109, "confidence": "Medium", "flagged": false }, "geometry": { "type": "Polygon", "coordinates": [ [ [ -116.642199330721553, 53.952951136779951 ], [ -116.592199330721556, 53.952951136779951 ], [ -116.592199330721556, 54.002951136779949 ], [ -116.642199330721553, 54.002951136779949 ], [ -116.642199330721553, 53.952951136779951 ] ] ] } },
{ "type": "Feature", "properties": { "value": 2, "label": "AQHI 2", "color": "#0099cb", "timestamp": "2026-09-30 07:00:00", "generated_at": "2026-09-30T13:31:09.486326", "nearest_km": 44.264425745379711, "n_points": 9, "weight_sum": 0.0016480146648270688, "confidence": "Medium", "flagged": false }, "geometry": { "type": "Polygon", "coordinates": [ [ [ -116.592199330721556, 53.952951136779951 ], [ -116.542199330721559, 53.952951136779951 ], [ -116.542199330721559, 54.002951136779949 ], [ -116.592199330721556, 54.002951136779949 ], [ -116.592199330721556, 53.952951136779951 ] ] ] } },
{ "type": "Feature", "properties": { "value": 2, "label": "AQHI 2", "color": "#0099cb", "timestamp": "2026-09-30 07:00:00", "generated_at": "2026-09-30T13:31:09.486326", "nearest_km": 42.262431445507332, "n_points": 9, "weight_sum": 0.0017096664015100605, "confidence": "Medium", "flagged": false }, "geometry": { "type": "Polygon", "coordinates": [ [ [ -116.542199330721559, 53.952951136779951 ], [ -116.492199330721562, 53.952951136779951 ], [ -116.492199330721562, 54.002951136779949 ], [ -116.542199330721559, 54.002951136779949 ], [ -116.542199330721559, 53.952951136779951 ] ] ] } },
{ "type": "Feature", "properties": { "value": 2, "label": "AQHI 2", "color": "#0099cb", "timestamp": "2026-09-30 07:00:00", "generated_at": "2026-09-30T13:31:09.486326", "nearest_km": 40.920555186900543, "n_points": 9, "weight_sum": 0.0017540435913258898, "confidence": "Medium", "flagged": false }, "geometry": { "type": "Polygon", "coordinates": [ [ [ -116.492199330721562, 53.952951136779951 ], [ -116.442199330721564, 53.952951136779951 ], [ -116.442199330721564, 54.002951136779949 ], [ -116.492199330721562, 54.002951136779949 ], [ -116.492199330721562, 53.952951136779951 ] ] ] } },
{ "type": "Feature", "properties": { "value": 2, "label": "AQHI 2", "color": "#0099cb", "timestamp": "2026-09-30 07:00:00", "generated_at": "2026-09-30T13:31:09.486326", "nearest_km": 40.262226545034935, "n_points": 9, "weight_sum": 0.0017691843686948329, "confidence": "Medium", "flagged": false }, "geometry": { "type": "Polygon", "coordinates": [ [ [ -116.442199330721564, 53.952951136779951 ], [ -116.392199330721567, 53.952951136779951 ], [ -116.392199330721567, 54.002951136779949 ], [ -116.442199330721564, 54.002951136779949 ], [ -116.442199330721564, 53.952951136779951 ] ] ] } },
{ "type": "Feature", "properties": { "value": 2, "label": "AQHI 2", "color": "#0099cb", "timestamp": "2026-09-30 07:00:00", "generated_at": "2026-09-30T13:31:09.486326", "nearest_km": 39.886806901301149, "n_points": 9, "weight_sum": 0.0017468327471547131, "confidence": "Medium", "flagged": false }, "geometry": { "type": "Polygon", "coordinates": [ [ [ -116.392199330721567, 53.952951136779951 ], [ -116.34219933072157, 53.952951136779951 ], [ -116.34219933072157, 54.002951136779949 ], [ -116.392199330721567, 54.002951136779949 ], [ -116.392199330721567, 53.952951136779951 ] ] ] } },
{ "type": "Feature", "properties": { "value": 2, "label": "AQHI 2", "color": "#0099cb", "timestamp": "2026-09-30 07:00:00", "generated_at": "2026-09-30T13:31:09.486326", "nearest_km": 40.279931022776672, "n_points": 8, "weight_sum": 0.0016430033472363507, "confidence": "Medium", "flagged": false }, "geometry": { "type": "Polygon", "coordinates": [ [ [ -116.34219933072157, 53.952951136779951 ], [ -116.292199330721573, 53.952951136779951 ], [ -116.292199330721573, 54.002951136779949 ], [ -116.34219933072157, 54.002951136779949 ], [ -116.34219933072157, 53.952951136779951 ] ] ] } },
{ "type": "Feature", "properties": { "value": 2, "label": "AQHI 2", "color": "#0099cb", "timestamp": "2026-09-30 07:00:00", "generated_at": "2026-09-30T13:31:09.486326", "nearest_km": 41.419721409222468, "n_points": 9, "weight_sum": 0.0015578376724605693, "confidence": "Medium", "flagged": false }, "geometry": { "type": "Polygon", "coordinates": [ [ [ -116.292199330721573, 53.952951136779951 ], [ -116.242199330721576, 53.952951136779951 ], [ -116.242199330721576, 54.002951136779949 ], [ -116.292199330721573, 54.002951136779949 ], [ -116.292199330721573, 53.952951136779951 ] ] ] } },
{ "type": "Feature", "properties": { "value": 2, "label": "AQHI 2", "color": "#0099cb", "timestamp": "2026-09-30 07:00:00", "generated_at": "2026-09-30T13:31:09.486326", "nearest_km": 43.2471825676026, "n_points": 11, "weight_sum": 0.0015078461120731673, "confidence": "Medium", "flagged": false }, "geometry": { "type": "Polygon", "coordinates": [ [ [ -116.242199330721576, 53.952951136779951 ], [ -116.192199330721579, 53.952951136779951 ], [ -116.192199330721579, 54.002951136779949 ], [ -116.242199330721576, 54.002951136779949 ], [ -116.242199330721576, 53.952951136779951 ] ] ] } },
{ "type": "Feature", "properties": { "value": 2, "label": "AQHI 2", "color": "#0099cb", "timestamp": "2026-09-30 07:00:00", "generated_at": "2026-09-30T13:31:09.486326", "nearest_km": 45.679856375140794, "n_points": 11, "weight_sum": 0.0014124044148903731, "confidence": "Medium", "flagged": false }, "geometry": { "type": "Polygon", "coordinates": [ [ [ -116.192199330721579, 53.952951136779951 ], [ -116.142199330721581, 53.952951136779951 ], [ -116.142199330721581, 54.002951136779949 ], [ -116.192199330721579, 54.002951136779949 ], [ -116.192199330721579, 53.952951136779951 ] ] ] } },
{ "type": "Feature", "properties": { "value": 2, "label": "AQHI 2", "color": "#0099cb", "timestamp": "2026-09-30 07:00:00", "generated_at": "2026-09-30T13:31:09.486326", "nearest_km": 47.678937208306515, "n_points": 11, "weight_sum": 0.0013254174820927817, "confidence": "Medium", "flagged": false }, "geometry": { "type": "Polygon", "coordinates": [ [ [ -116.142199330721581, 53.952951136779951 ], [ -116.092199330721584, 53.952951136779951 ], [ -116.092199330721584, 54.002951136779949 ], [ -116.142199330721581, 54.002951136779949 ], [ -116.142199330721581, 53.952951136779951 ] ] ] } },
{ "type": "Feature", "properties": { "value": 2, "label": "AQHI 2", "color": "#0099cb", "timestamp": "2026-09-30 07:00:00", "generated_at": "2026-09-30T13:31:09.486326", "nearest_km": 44.384270861777061, "n_points": 13, "weight_sum": 0.0013210524107184955, "confidence": "Medium", "flagged": false }, "geometry": { "type": "Polygon", "coordinates": [ [ [ -116.092199330721584, 53.952951136779951 ], [ -116.042199330721587, 53.952951136779951 ], [ -116.042199330721587, 54.002951136779949 ], [ -116.092199330721584, 54.002951136779949 ], [ -116.092199330721584, 53.952951136779951 ] ] ] } },
{ "type": "Feature", "properties": { "value": 2, "label": "AQHI 2", "color": "#0099cb", "timestamp": "2026-09-30 07:00:00", "generated_at": "2026-09-30T13:31:09.486326", "nearest_km": 41.572237689948111, "n_points": 14, "weight_sum": 0.0012912195991296802, "confidence": "Medium", "flagged": false }, "geometry": { "type": "Polygon", "coordinates": [ [ [ -116.042199330721587, 53.952951136779951 ], [ -115.99219933072159, 53.952951136779951 ], [ -115.99219933072159, 54.002951136779949 ], [ -116.042199330721587, 54.002951136779949 ], [ -116.042199330721587, 53.952951136779951 ] ] ] } },
{ "type": "Feature", "properties": { "value": 1, "label": "AQHI 1", "color": "#01cbff", "timestamp": "2026-09-30 07:00:00", "generated_at": "2026-09-30T13:31:09.486326", "nearest_km": 39.346453374700559, "n_points": 13, "weight_sum": 0.0012115985078379921, "confidence": "Medium", "flagged": false }, "geometry": { "type": "Polygon", "coordinates": [ [ [ -115.99219933072159, 53.952951136779951 ], [ -115.942199330721593, 53.952951136779951 ], [ -115.942199330721593, 54.002951136779949 ], [ -115.99219933072159, 54.002951136779949 ], [ -115.99219933072159, 53.952951136779951 ] ] ] } },
{ "type": "Feature", "properties": { "value": 1, "label": "AQHI 1", "color": "#01cbff", "timestamp": "2026-09-30 07:00:00", "generated_at": "2026-09-30T13:31:09.486326", "nearest_km": 37.810591634956218, "n_points": 13, "weight_sum": 0.0011864702115915071, "confidence": "Medium", "flagged": false }, "geometry": { "type": "Polygon", "coordinates": [ [ [ -115.942199330721593, 53.952951136779951 ], [ -115.892199330721596, 53.952951136779951 ], [ -115.892199330721596, 54.002951136779949 ], [ -115.942199330721593, 54.002951136779949 ], [ -115.942199330721593, 53.952951136779951 ] ] ] } },
{ "type": "Feature", "properties": { "value": 1, "label": "AQHI 1", "color": "#01cbff", "timestamp": "2026-09-30 07:00:00", "generated_at": "2026-09-30T13:31:09.486326", "nearest_km": 37.050550419708337, "n_points": 13, "weight_sum": 0.0011626075456094521, "confidence": "Medium", "flagged": false }, "geometry": { "type": "Polygon", "coordinates": [ [ [ -115.892199330721596, 53.952951136779951 ], [ -115.842199330721598, 53.952951136779951 ], [ -115.842199330721598, 54.002951136779949 ], [ -115.892199330721596, 54.002951136779949 ], [ -115.892199330721596, 53.952951136779951 ] ] ] } },
{ "type": "Feature", "properties": { "value": 1, "label": "AQHI 1", "color": "#01cbff", "timestamp": "2026-09-30 07:00:00", "generated_at": "2026-09-30T13:31:09.486326", "nearest_km": 37.114023401152181, "n_points": 13, "weight_sum": 0.0011355544841880969, "confidence": "Medium", "flagged": false }, "geometry": { "type": "Polygon", "coordinates": [ [ [ -115.842199330721598, 53.952951136779951 ], [ -115.792199330721601, 53.952951136779951 ], [ -115.792199330721601, 54.002951136779949 ], [ -115.842199330721598, 54.002951136779949 ], [ -115.842199330721598, 53.952951136779951 ] ] ] } },
{ "type": "Feature", "properties": { "value": 1, "label": "AQHI 1", "color": "#01cbff", "timestamp": "2026-09-30 07:00:00", "generated_at": "2026-09-30T13:31:09.486326", "nearest_km": 37.996883814849689, "n_points": 13, "weight_sum": 0.0011047792569961259, "confidence": "Medium", "flagged": false }, "geometry": { "type": "Polygon", "coordinates": [ [ [ -115.792199330721601, 53.952951136779951 ], [ -115.742199330721604, 53.952951136779951 ], [ -115.742199330721604, 54.002951136779949 ], [ -115.792199330721601, 54.002951136779949 ], [ -115.792199330721601, 53.952951136779951 ] ] ] } },
{ "type": "Feature", "properties": { "value": 1, "label": "AQHI 1", "color": "#01cbff", "timestamp": "2026-09-30 07:00:00", "generated_at": "2026-09-30T13:31:09.486326", "nearest_km": 39.644427430057483, "n_points": 13, "weight_sum": 0.0010736051760190232, "confidence": "Medium", "flagged": false }, "geometry": { "type": "Polygon", "coordinates": [ [ [ -115.742199330721604, 53.952951136779951 ], [ -115.692199330721607, 53.952951136779951 ], [ -115.692199330721607, 54.002951136779949 ], [ -115.742199330721604, 54.002951136779949 ], [ -115.742199330721604, 53.952951136779951 ] ] ] } },
{ "type": "Feature", "properties": { "value": 2, "label": "AQHI 2", "color": "#0099cb", "timestamp": "2026-09-30 07:00:00", "generated_at": "2026-09-30T13:31:09.486326", "nearest_km": 88.104235570286747, "n_points": 10, "weight_sum": 0.00055101581611430891, "confidence": "Low", "flagged": false }, "geometry": { "type": "Polygon", "coordinates": [ [ [ -118.092199330721471, 54.002951136779949 ], [ -118.042199330721473, 54.002951136779949 ], [ -118.042199330721473, 54.052951136779946 ], [ -118.092199330721471, 54.052951136779946 ], [ -118.092199330721471, 54.002951136779949 ] ] ] } },
{ "type": "Feature", "properties": { "value": 2, "label": "AQHI 2", "color": "#0099cb", "timestamp": "2026-09-30 07:00:00", "generated_at": "2026-09-30T13:31:09.486326", "nearest_km": 84.499276474076666, "n_points": 10, "weight_sum": 0.00058096796174133007, "confidence": "Low", "flagged": false }, "geometry": { "type": "Polygon", "coordinates": [ [ [ -118.042199330721473, 54.002951136779949 ], [ -117.992199330721476, 54.002951136779949 ], [ -117.992199330721476, 54.052951136779946 ], [ -118.042199330721473, 54.052951136779946 ], [ -118.042199330721473, 54.002951136779949 ] ] ] } },
{ "type": "Feature", "properties": { "value": 2, "label": "AQHI 2", "color": "#0099cb", "timestamp": "2026-09-30 07:00:00", "generated_at": "2026-09-30T13:31:09.486326", "nearest_km": 80.976424840570417, "n_points": 10, "weight_sum": 0.00061229489464054295, "confidence": "Low", "flagged": false }, "geometry": { "type": "Polygon", "coordinates": [ [ [ -117.992199330721476, 54.002951136779949 ], [ -117.942199330721479, 54.002951136779949 ], [ -117.942199330721479, 54.052951136779946 ], [ -117.992199330721476, 54.052951136779946 ], [ -117.992199330721476, 54.002951136779949 ] ] ] } },
{ "type": "Feature", "properties": { "value": 2, "label": "AQHI 2", "color": "#0099cb", "timestamp": "2026-09-30 07:00:00", "generated_at": "2026-09-30T13:31:09.486326", "nearest_km": 77.690668907396116, "n_points": 10, "weight_sum": 0.00064473754649812599, "confidence": "Low", "flagged": false }, "geometry": { "type": "Polygon", "coordinates": [ [ [ -117.942199330721479, 54.002951136779949 ], [ -117.892199330721482, 54.002951136779949 ], [ -117.892199330721482, 54.052951136779946 ], [ -117.942199330721479, 54.052951136779946 ], [ -117.942199330721479, 54.002951136779949 ] ] ] } },
{ "type": "Feature", "properties": { "value": 2, "label": "AQHI 2", "color": "#0099cb", "timestamp": "2026-09-30 07:00:00", "generated_at": "2026-09-30T13:31:09.486326", "nearest_km": 74.673313108477601, "n_points": 10, "weight_sum": 0.00067786413837828575, "confidence": "Medium", "flagged": false }, "geometry": { "type": "Polygon", "coordinates": [ [ [ -117.892199330721482, 54.002951136779949 ], [ -117.842199330721485, 54.002951136779949 ], [ -117.842199330721485, 54.052951136779946 ], [ -117.892199330721482, 54.052951136779946 ], [ -117.892199330721482, 54.002951136779949 ] ] ] } },
{ "type": "Feature", "properties": { "value": 2, "label": "AQHI 2", "color": "#0099cb", "timestamp": "2026-09-30 07:00:00", "generated_at": "2026-09-30T13:31:09.486326", "nearest_km": 71.958129116277149, "n_points": 10, "weight_sum": 0.00071104016064364381, "confidence": "Medium", "flagged": false }, "geometry": { "type": "Polygon", "coordinates": [ [ [ -117.842199330721485, 54.002951136779949 ], [ -117.792199330721488, 54.002951136779949 ], [ -117.792199330721488, 54.052951136779946 ], [ -117.842199330721485, 54.052951136779946 ], [ -117.842199330721485, 54.002951136779949 ] ] ] } },
{ "type": "Feature", "properties": { "value": 2, "label": "AQHI 2", "color": "#0099cb", "timestamp": "2026-09-30 07:00:00", "generated_at": "2026-09-30T13:31:09.486326", "nearest_km": 69.580500150781376, "n_points": 10, "weight_sum": 0.00074342207004292641, "confidence": "Medium", "flagged": false }, "geometry": { "type": "Polygon", "coordinates": [ [ [ -117.792199330721488, 54.002951136779949 ], [ -117.74219933072149, 54.002951136779949 ], [ -117.74219933072149, 54.052951136779946 ], [ -117.792199330721488, 54.052951136779946 ], [ -117.792199330721488, 54.002951136779949 ] ] ] } },
{ "type": "Feature", "properties": { "value": 2, "label": "AQHI 2", "color": "#0099cb", "timestamp": "2026-09-30 07:00:00", "generated_at": "2026-09-30T13:31:09.486326", "nearest_km": 67.576065707844762, "n_points": 10, "weight_sum": 0.00077399182816392125, "confidence": "Medium", "flagged": false }, "geometry": { "type": "Polygon", "coordinates": [ [ [ -117.74219933072149, 54.002951136779949 ], [ -117.692199330721493, 54.002951136779949 ], [ -117.692199330721493, 54.052951136779946 ], [ -117.74219933072149, 54.052951136779946 ], [ -117.74219933072149, 54.002951136779949 ] ] ] } },
{ "type": "Feature", "properties": { "value": 2, "label": "AQHI 2", "color": "#0099cb", "timestamp": "2026-09-30 07:00:00", "generated_at": "2026-09-30T13:31:09.486326", "nearest_km": 65.978847457871012, "n_points": 12, "weight_sum": 0.00084789251392567452, "confidence": "Medium", "flagged": false }, "geometry": { "type": "Polygon", "coordinates": [ [ [ -117.692199330721493, 54.002951136779949 ], [ -117.642199330721496, 54.002951136779949 ], [ -117.642199330721496, 54.052951136779946 ], [ -117.692199330721493, 54.052951136779946 ], [ -117.692199330721493, 54.002951136779949 ] ] ] } },
{ "type": "Feature", "properties": { "value": 2, "label": "AQHI 2", "color": "#0099cb", "timestamp": "2026-09-30 07:00:00", "generated_at": "2026-09-30T13:31:09.486326", "nearest_km": 64.818955307742087, "n_points": 13, "weight_sum": 0.00092203295557867287, "confidence": "Medium", "flagged": false }, "geometry": { "type": "Polygon", "coordinates": [ [ [ -117.642199330721496, 54.002951136779949 ], [ -117.592199330721499, 54.002951136779949 ], [ -117.592199330721499, 54.052951136779946 ], [ -117.642199330721496, 54.052951136779946 ], [ -117.642199330721496, 54.002951136779949 ] ] ] } },
{ "type": "Feature", "properties": { "value": 2, "label": "AQHI 2", "color": "#0099cb", "timestamp": "2026-09-30 07:00:00", "generated_at": "2026-09-30T13:31:09.486326", "nearest_km": 64.12012650100678, "n_points": 13, "weight_sum": 0.0009484365125240836, "confidence": "Medium", "flagged": false }, "geometry": { "type": "Polygon", "coordinates": [ [ [ -117.592199330721499, 54.002951136779949 ], [ -117.542199330721502, 54.002951136779949 ], [ -117.542199330721502, 54.052951136779946 ], [ -117.592199330721499, 54.052951136779946 ], [ -117.592199330721499, 54.002951136779949 ] ] ] } },
{ "type": "Feature", "properties": { "value": 2, "label": "AQHI 2", "color": "#0099cb", "timestamp": "2026-09-30 07:00:00", "generated_at": "2026-09-30T13:31:09.486326", "nearest_km": 63.897490387519525, "n_points": 13, "weight_sum": 0.00097056378321286904, "confidence": "Medium", "flagged": false }, "geometry": { "type": "Polygon", "coordinates": [ [ [ -117.542199330721502, 54.002951136779949 ], [ -117.492199330721505, 54.002951136779949 ], [ -117.492199330721505, 54.052951136779946 ], [ -117.542199330721502, 54.052951136779946 ], [ -117.542199330721502, 54.002951136779949 ] ] ] } },
{ "type": "Feature", "properties": { "value": 2, "label": "AQHI 2", "color": "#0099cb", "timestamp": "2026-09-30 07:00:00", "generated_at": "2026-09-30T13:31:09.486326", "nearest_km": 64.15600465382164, "n_points": 13, "weight_sum": 0.00098870798980783738, "confidence": "Medium", "flagged": false }, "geometry": { "type": "Polygon", "coordinates": [ [ [ -117.492199330721505, 54.002951136779949 ], [ -117.442199330721508, 54.002951136779949 ], [ -117.442199330721508, 54.052951136779946 ], [ -117.492199330721505, 54.052951136779946 ], [ -117.492199330721505, 54.002951136779949 ] ] ] } },
{ "type": "Feature", "properties": { "value": 2, "label": "AQHI 2", "color": "#0099cb", "timestamp": "2026-09-30 07:00:00", "generated_at": "2026-09-30T13:31:09.486326", "nearest_km": 64.88991900487477, "n_points": 12, "weight_sum": 0.00098158835654951933, "confidence": "Medium", "flagged": false }, "geometry": { "type": "Polygon", "coordinates": [ [ [ -117.442199330721508, 54.002951136779949 ], [ -117.39219933072151, 54.002951136779949 ], [ -117.39219933072151, 54.052951136779946 ], [ -117.442199330721508, 54.052951136779946 ], [ -117.442199330721508, 54.002951136779949 ] ] ] } },
{ "type": "Feature", "properties": { "value": 2, "label": "AQHI 2", "color": "#0099cb", "timestamp": "2026-09-30 07:00:00", "generated_at": "2026-09-30T13:31:09.486326", "nearest_km": 66.08339612775076, "n_points": 12, "weight_sum": 0.00099573568712789254, "confidence": "Medium", "flagged": false }, "geometry": { "type": "Polygon", "coordinates": [ [ [ -117.39219933072151, 54.002951136779949 ], [ -117.342199330721513, 54.002951136779949 ], [ -117.342199330721513, 54.052951136779946 ], [ -117.39219933072151, 54.052951136779946 ], [ -117.39219933072151, 54.002951136779949 ] ] ] } },
{ "type": "Feature", "properties": { "value": 2, "label": "AQHI 2", "color": "#0099cb", "timestamp": "2026-09-30 07:00:00", "generated_at": "2026-09-30T13:31:09.486326", "nearest_km": 67.712139968363402, "n_points": 11, "weight_sum": 0.00096570266939592306, "confidence": "Medium", "flagged": false }, "geometry": { "type": "Polygon", "coordinates": [ [ [ -117.342199330721513, 54.002951136779949 ], [ -117.292199330721516, 54.002951136779949 ], [ -117.292199330721516, 54.052951136779946 ], [ -117.342199330721513, 54.052951136779946 ], [ -117.342199330721513, 54.002951136779949 ] ] ] } },
{ "type": "Feature", "properties": { "value": 2, "label": "AQHI 2", "color": "#0099cb", "timestamp": "2026-09-30 07:00:00", "generated_at": "2026-09-30T13:31:09.486326", "nearest_km": 69.061830955852784, "n_points": 9, "weight_sum": 0.00094061004258752241, "confidence": "Medium", "flagged": false }, "geometry": { "type": "Polygon", "coordinates": [ [ [ -117.292199330721516, 54.002951136779949 ], [ -117.242199330721519, 54.002951136779949 ], [ -117.242199330721519, 54.052951136779946 ], [ -117.292199330721516, 54.052951136779946 ], [ -117.292199330721516, 54.002951136779949 ] ] ] } },
{ "type": "Feature", "properties": { "value": 2, "label": "AQHI 2", "color": "#0099cb", "timestamp": "2026-09-30 07:00:00", "generated_at": "2026-09-30T13:31:09.486326", "nearest_km": 64.850447242812649, "n_points": 9, "weight_sum": 0.00096387186951875142, "confidence": "Medium", "flagged": false }, "geometry": { "type": "Polygon", "coordinates": [ [ [ -117.242199330721519, 54.002951136779949 ], [ -117.192199330721522, 54.002951136779949 ], [ -117.192199330721522, 54.052951136779946 ], [ -117.242199330721519, 54.052951136779946 ], [ -117.242199330721519, 54.002951136779949 ] ] ] } },
{ "type": "Feature", "properties": { "value": 2, "label": "AQHI 2", "color": "#0099cb", "timestamp": "2026-09-30 07:00:00", "generated_at": "2026-09-30T13:31:09.486326", "nearest_km": 60.854166005384243, "n_points": 9, "weight_sum": 0.0009923884210298634, "confidence": "Medium", "flagged": false }, "geometry": { "type": "Polygon", "coordinates": [ [ [ -117.192199330721522, 54.002951136779949 ], [ -117.142199330721525, 54.002951136779949 ], [ -117.142199330721525, 54.052951136779946 ], [ -117.192199330721522, 54.052951136779946 ], [ -117.192199330721522, 54.002951136779949 ] ] ] } },
{ "type": "Feature", "properties": { "value": 2, "label": "AQHI 2", "color": "#0099cb", "timestamp": "2026-09-30 07:00:00", "generated_at": "2026-09-30T13:31:09.486326", "nearest_km": 57.118154144097574, "n_points": 9, "weight_sum": 0.0010287149829838224, "confidence": "Medium", "flagged": false }, "geometry": { "type": "Polygon", "coordinates": [ [ [ -117.142199330721525, 54.002951136779949 ], [ -117.092199330721527, 54.002951136779949 ], [ -117.092199330721527, 54.052951136779946 ], [ -117.142199330721525, 54.052951136779946 ], [ -117.142199330721525, 54.002951136779949 ] ] ] } },
{ "type": "Feature", "properties": { "value": 2, "label": "AQHI 2", "color": "#0099cb", "timestamp": "2026-09-30 07:00:00", "generated_at": "2026-09-30T13:31:09.486326", "nearest_km": 53.696764757729234, "n_points": 9, "weight_sum": 0.0010731348632320346, "confidence": "Medium", "flagged": false }, "geometry": { "type": "Polygon", "coordinates": [ [ [ -117.092199330721527, 54.002951136779949 ], [ -117.04219933072153, 54.002951136779949 ], [ -117.04219933072153, 54.052951136779946 ], [ -117.092199330721527, 54.052951136779946 ], [ -117.092199330721527, 54.002951136779949 ] ] ] } },
{ "type": "Feature", "properties": { "value": 2, "label": "AQHI 2", "color": "#0099cb", "timestamp": "2026-09-30 07:00:00", "generated_at": "2026-09-30T13:31:09.486326", "nearest_km": 50.653791151945647, "n_points": 9, "weight_sum": 0.0011245672196175084, "confidence": "Medium", "flagged": false }, "geometry": { "type": "Polygon", "coordinates": [ [ [ -117.04219933072153, 54.002951136779949 ], [ -116.992199330721533, 54.002951136779949 ], [ -116.992199330721533, 54.052951136779946 ], [ -117.04219933072153, 54.052951136779946 ], [ -117.04219933072153, 54.002951136779949 ] ] ] } },
{ "type": "Feature", "properties": { "value": 2, "label": "AQHI 2", "color": "#0099cb", "timestamp": "2026-09-30 07:00:00", "generated_at": "2026-09-30T13:31:09.486326", "nearest_km": 48.061164891031666, "n_points": 9, "weight_sum": 0.0011815432725433175, "confidence": "Medium", "flagged": false }, "geometry": { "type": "Polygon", "coordinates": [ [ [ -116.992199330721533, 54.002951136779949 ], [ -116.942199330721536, 54.002951136779949 ], [ -116.942199330721536, 54.052951136779946 ], [ -116.992199330721533, 54.052951136779946 ], [ -116.992199330721533, 54.002951136779949 ] ] ] } },
{ "type": "Feature", "properties": { "value": 2, "label": "AQHI 2", "color": "#0099cb", "timestamp": "2026-09-30 07:00:00", "generated_at": "2026-09-30T13:31:09.486326", "nearest_km": 45.995103905752131, "n_points": 9, "weight_sum": 0.0012412419610382617, "confidence": "Medium", "flagged": false }, "geometry": { "type": "Polygon", "coordinates": [ [ [ -116.942199330721536, 54.002951136779949 ], [ -116.892199330721539, 54.002951136779949 ], [ -116.892199330721539, 54.052951136779946 ], [ -116.942199330721536, 54.052951136779946 ], [ -116.942199330721536, 54.002951136779949 ] ] ] } },
{ "type": "Feature", "properties": { "value": 2, "label": "AQHI 2", "color": "#0099cb", "timestamp": "2026-09-30 07:00:00", "generated_at": "2026-09-30T13:31:09.486326", "nearest_km": 44.528963562146025, "n_points": 9, "weight_sum": 0.0012997630442161288, "confidence": "Medium", "flagged": false }, "geometry": { "type": "Polygon", "coordinates": [ [ [ -116.892199330721539, 54.002951136779949 ], [ -116.842199330721542, 54.002951136779949 ], [ -116.842199330721542, 54.052951136779946 ], [ -116.892199330721539, 54.052951136779946 ], [ -116.892199330721539, 54.002951136779949 ] ] ] } },
{ "type": "Feature", "properties": { "value": 2, "label": "AQHI 2", "color": "#0099cb", "timestamp": "2026-09-30 07:00:00", "generated_at": "2026-09-30T13:31:09.486326", "nearest_km": 43.723135849763963, "n_points": 9, "weight_sum": 0.0013530476792913593, "confidence": "Medium", "flagged": false }, "geometry": { "type": "Polygon", "coordinates": [ [ [ -116.842199330721542, 54.002951136779949 ], [ -116.792199330721544, 54.002951136779949 ], [ -116.792199330721544, 54.052951136779946 ], [ -116.842199330721542, 54.052951136779946 ], [ -116.842199330721542, 54.002951136779949 ] ] ] } },
{ "type": "Feature", "properties": { "value": 2, "label": "AQHI 2", "color": "#0099cb", "timestamp": "2026-09-30 07:00:00", "generated_at": "2026-09-30T13:31:09.486326", "nearest_km": 43.61423645044006, "n_points": 9, "weight_sum": 0.0013982500734918831, "confidence": "Medium", "flagged": false }, "geometry": { "type": "Polygon", "coordinates": [ [ [ -116.792199330721544, 54.002951136779949 ], [ -116.742199330721547, 54.002951136779949 ], [ -116.742199330721547, 54.052951136779946 ], [ -116.792199330721544, 54.052951136779946 ], [ -116.792199330721544, 54.002951136779949 ] ] ] } },
{ "type": "Feature", "properties": { "value": 2, "label": "AQHI 2", "color": "#0099cb", "timestamp": "2026-09-30 07:00:00", "generated_at": "2026-09-30T13:31:09.486326", "nearest_km": 44.207416049491812, "n_points": 9, "weight_sum": 0.0014347783439354863, "confidence": "Medium", "flagged": false }, "geometry": { "type": "Polygon", "coordinates": [ [ [ -116.742199330721547, 54.002951136779949 ], [ -116.69219933072155, 54.002951136779949 ], [ -116.69219933072155, 54.052951136779946 ], [ -116.742199330721547, 54.052951136779946 ], [ -116.742199330721547, 54.002951136779949 ] ] ] } },
{ "type": "Feature", "properties": { "value": 2, "label": "AQHI 2", "color": "#0099cb", "timestamp": "2026-09-30 07:00:00", "generated_at": "2026-09-30T13:31:09.486326", "nearest_km": 45.475209140704699, "n_points": 9, "weight_sum": 0.0014641258138035787, "confidence": "Medium", "flagged": false }, "geometry": { "type": "Polygon", "coordinates": [ [ [ -116.69219933072155, 54.002951136779949 ], [ -116.642199330721553, 54.002951136779949 ], [ -116.642199330721553, 54.052951136779946 ], [ -116.69219933072155, 54.052951136779946 ], [ -116.69219933072155, 54.002951136779949 ] ] ] } },
{ "type": "Feature", "properties": { "value": 2, "label": "AQHI 2", "color": "#0099cb", "timestamp": "2026-09-30 07:00:00", "generated_at": "2026-09-30T13:31:09.486326", "nearest_km": 47.363473890845363, "n_points": 9, "weight_sum": 0.0014883777267916691, "confidence": "Medium", "flagged": false }, "geometry": { "type": "Polygon", "coordinates": [ [ [ -116.642199330721553, 54.002951136779949 ], [ -116.592199330721556, 54.002951136779949 ], [ -116.592199330721556, 54.052951136779946 ], [ -116.642199330721553, 54.052951136779946 ], [ -116.642199330721553, 54.002951136779949 ] ] ] } },
{ "type": "Feature", "properties": { "value": 2, "label": "AQHI 2", "color": "#0099cb", "timestamp": "2026-09-30 07:00:00", "generated_at": "2026-09-30T13:31:09.486326", "nearest_km": 49.367116628326471, "n_points": 9, "weight_sum": 0.0015082573262039658, "confidence": "Medium", "flagged": false }, "geometry": { "type": "Polygon", "coordinates": [ [ [ -116.592199330721556, 54.002951136779949 ], [ -116.542199330721559, 54.002951136779949 ], [ -116.542199330721559, 54.052951136779946 ], [ -116.592199330721556, 54.052951136779946 ], [ -116.592199330721556, 54.002951136779949 ] ] ] } },
{ "type": "Feature", "properties": { "value": 2, "label": "AQHI 2", "color": "#0099cb", "timestamp": "2026-09-30 07:00:00", "generated_at": "2026-09-30T13:31:09.486326", "nearest_km": 47.580310311228118, "n_points": 9, "weight_sum": 0.0015218691541747668, "confidence": "Medium", "flagged": false }, "geometry": { "type": "Polygon", "coordinates": [ [ [ -116.542199330721559, 54.002951136779949 ], [ -116.492199330721562, 54.002951136779949 ], [ -116.492199330721562, 54.052951136779946 ], [ -116.542199330721559, 54.052951136779946 ], [ -116.542199330721559, 54.002951136779949 ] ] ] } },
{ "type": "Feature", "properties": { "value": 2, "label": "AQHI 2", "color": "#0099cb", "timestamp": "2026-09-30 07:00:00", "generated_at": "2026-09-30T13:31:09.486326", "nearest_km": 46.392506446954627, "n_points": 9, "weight_sum": 0.0015248612149484939, "confidence": "Medium", "flagged": false }, "geometry": { "type": "Polygon", "coordinates": [ [ [ -116.492199330721562, 54.002951136779949 ], [ -116.442199330721564, 54.002951136779949 ], [ -116.442199330721564, 54.052951136779946 ], [ -116.492199330721562, 54.052951136779946 ], [ -116.492199330721562, 54.002951136779949 ] ] ] } },
{ "type": "Feature", "properties": { "value": 2, "label": "AQHI 2", "color": "#0099cb", "timestamp": "2026-09-30 07:00:00", "generated_at": "2026-09-30T13:31:09.486326", "nearest_km": 45.766716824459472, "n_points": 9, "weight_sum": 0.0015120355545877719, "confidence": "Medium", "flagged": false }, "geometry": { "type": "Polygon", "coordinates": [ [ [ -116.442199330721564, 54.002951136779949 ], [ -116.392199330721567, 54.002951136779949 ], [ -116.392199330721567, 54.052951136779946 ], [ -116.442199330721564, 54.052951136779946 ], [ -116.442199330721564, 54.002951136779949 ] ] ] } },
{ "type": "Feature", "properties": { "value": 2, "label": "AQHI 2", "color": "#0099cb", "timestamp": "2026-09-30 07:00:00", "generated_at": "2026-09-30T13:31:09.486326", "nearest_km": 45.436800583978517, "n_points": 9, "weight_sum": 0.0014797287646986644, "confidence": "Medium", "flagged": false }, "geometry": { "type": "Polygon", "coordinates": [ [ [ -116.392199330721567, 54.002951136779949 ], [ -116.34219933072157, 54.002951136779949 ], [ -116.34219933072157, 54.052951136779946 ], [ -116.392199330721567, 54.052951136779946 ], [ -116.392199330721567, 54.002951136779949 ] ] ] } },
{ "type": "Feature", "properties": { "value": 2, "label": "AQHI 2", "color": "#0099cb", "timestamp": "2026-09-30 07:00:00", "generated_at": "2026-09-30T13:31:09.486326", "nearest_km": 45.782292709367368, "n_points": 8, "weight_sum": 0.0013853959048920131, "confidence": "Medium", "flagged": false }, "geometry": { "type": "Polygon", "coordinates": [ [ [ -116.34219933072157, 54.002951136779949 ], [ -116.292199330721573, 54.002951136779949 ], [ -116.292199330721573, 54.052951136779946 ], [ -116.34219933072157, 54.052951136779946 ], [ -116.34219933072157, 54.002951136779949 ] ] ] } },
{ "type": "Feature", "properties": { "value": 2, "label": "AQHI 2", "color": "#0099cb", "timestamp": "2026-09-30 07:00:00", "generated_at": "2026-09-30T13:31:09.486326", "nearest_km": 46.788233607865003, "n_points": 8, "weight_sum": 0.0013001424178429989, "confidence": "Medium", "flagged": false }, "geometry": { "type": "Polygon", "coordinates": [ [ [ -116.292199330721573, 54.002951136779949 ], [ -116.242199330721576, 54.002951136779949 ], [ -116.242199330721576, 54.052951136779946 ], [ -116.292199330721573, 54.052951136779946 ], [ -116.292199330721573, 54.002951136779949 ] ] ] } },
{ "type": "Feature", "properties": { "value": 2, "label": "AQHI 2", "color": "#0099cb", "timestamp": "2026-09-30 07:00:00", "generated_at": "2026-09-30T13:31:09.486326", "nearest_km": 48.41347211843101, "n_points": 11, "weight_sum": 0.001298699527606316, "confidence": "Medium", "flagged": false }, "geometry": { "type": "Polygon", "coordinates": [ [ [ -116.242199330721576, 54.002951136779949 ], [ -116.192199330721579, 54.002951136779949 ], [ -116.192199330721579, 54.052951136779946 ], [ -116.242199330721576, 54.052951136779946 ], [ -116.242199330721576, 54.002951136779949 ] ] ] } },
{ "type": "Feature", "properties": { "value": 2, "label": "AQHI 2", "color": "#0099cb", "timestamp": "2026-09-30 07:00:00", "generated_at": "2026-09-30T13:31:09.486326", "nearest_km": 50.598367177015085, "n_points": 11, "weight_sum": 0.0012304338071988353, "confidence": "Medium", "flagged": false }, "geometry": { "type": "Polygon", "coordinates": [ [ [ -116.192199330721579, 54.002951136779949 ], [ -116.142199330721581, 54.002951136779949 ], [ -116.142199330721581, 54.052951136779946 ], [ -116.192199330721579, 54.052951136779946 ], [ -116.192199330721579, 54.002951136779949 ] ] ] } },
{ "type": "Feature", "properties": { "value": 2, "label": "AQHI 2", "color": "#0099cb", "timestamp": "2026-09-30 07:00:00", "generated_at": "2026-09-30T13:31:09.486326", "nearest_km": 52.101016740944551, "n_points": 11, "weight_sum": 0.001165710030910711, "confidence": "Medium", "flagged": false }, "geometry": { "type": "Polygon", "coordinates": [ [ [ -116.142199330721581, 54.002951136779949 ], [ -116.092199330721584, 54.002951136779949 ], [ -116.092199330721584, 54.052951136779946 ], [ -116.142199330721581, 54.052951136779946 ], [ -116.142199330721581, 54.002951136779949 ] ] ] } },
{ "type": "Feature", "properties": { "value": 2, "label": "AQHI 2", "color": "#0099cb", "timestamp": "2026-09-30 07:00:00", "generated_at": "2026-09-30T13:31:09.486326", "nearest_km": 49.103954953324703, "n_points": 11, "weight_sum": 0.0011081673373621063, "confidence": "Medium", "flagged": false }, "geometry": { "type": "Polygon", "coordinates": [ [ [ -116.092199330721584, 54.002951136779949 ], [ -116.042199330721587, 54.002951136779949 ], [ -116.042199330721587, 54.052951136779946 ], [ -116.092199330721584, 54.052951136779946 ], [ -116.092199330721584, 54.002951136779949 ] ] ] } },
{ "type": "Feature", "properties": { "value": 2, "label": "AQHI 2", "color": "#0099cb", "timestamp": "2026-09-30 07:00:00", "generated_at": "2026-09-30T13:31:09.486326", "nearest_km": 46.577739733440175, "n_points": 12, "weight_sum": 0.0010867812042863352, "confidence": "Medium", "flagged": false }, "geometry": { "type": "Polygon", "coordinates": [ [ [ -116.042199330721587, 54.002951136779949 ], [ -115.99219933072159, 54.002951136779949 ], [ -115.99219933072159, 54.052951136779946 ], [ -116.042199330721587, 54.052951136779946 ], [ -116.042199330721587, 54.002951136779949 ] ] ] } },
{ "type": "Feature", "properties": { "value": 1, "label": "AQHI 1", "color": "#01cbff", "timestamp": "2026-09-30 07:00:00", "generated_at": "2026-09-30T13:31:09.486326", "nearest_km": 44.602447077419804, "n_points": 13, "weight_sum": 0.0010779753835665751, "confidence": "Medium", "flagged": false }, "geometry": { "type": "Polygon", "coordinates": [ [ [ -115.99219933072159, 54.002951136779949 ], [ -115.942199330721593, 54.002951136779949 ], [ -115.942199330721593, 54.052951136779946 ], [ -115.99219933072159, 54.052951136779946 ], [ -115.99219933072159, 54.002951136779949 ] ] ] } },
{ "type": "Feature", "properties": { "value": 1, "label": "AQHI 1", "color": "#01cbff", "timestamp": "2026-09-30 07:00:00", "generated_at": "2026-09-30T13:31:09.486326", "nearest_km": 43.253621026591176, "n_points": 13, "weight_sum": 0.0010530815419258655, "confidence": "Medium", "flagged": false }, "geometry": { "type": "Polygon", "coordinates": [ [ [ -115.942199330721593, 54.002951136779949 ], [ -115.892199330721596, 54.002951136779949 ], [ -115.892199330721596, 54.052951136779946 ], [ -115.942199330721593, 54.052951136779946 ], [ -115.942199330721593, 54.002951136779949 ] ] ] } },
{ "type": "Feature", "properties": { "value": 1, "label": "AQHI 1", "color": "#01cbff", "timestamp": "2026-09-30 07:00:00", "generated_at": "2026-09-30T13:31:09.486326", "nearest_km": 42.590822703135224, "n_points": 13, "weight_sum": 0.0010309049171296236, "confidence": "Medium", "flagged": false }, "geometry": { "type": "Polygon", "coordinates": [ [ [ -115.892199330721596, 54.002951136779949 ], [ -115.842199330721598, 54.002951136779949 ], [ -115.842199330721598, 54.052951136779946 ], [ -115.892199330721596, 54.052951136779946 ], [ -115.892199330721596, 54.002951136779949 ] ] ] } },
{ "type": "Feature", "properties": { "value": 1, "label": "AQHI 1", "color": "#01cbff", "timestamp": "2026-09-30 07:00:00", "generated_at": "2026-09-30T13:31:09.486326", "nearest_km": 42.646050522267835, "n_points": 13, "weight_sum": 0.0010095316538755678, "confidence": "Medium", "flagged": false }, "geometry": { "type": "Polygon", "coordinates": [ [ [ -115.842199330721598, 54.002951136779949 ], [ -115.792199330721601, 54.002951136779949 ], [ -115.792199330721601, 54.052951136779946 ], [ -115.842199330721598, 54.052951136779946 ], [ -115.842199330721598, 54.002951136779949 ] ] ] } },
{ "type": "Feature", "properties": { "value": 1, "label": "AQHI 1", "color": "#01cbff", "timestamp": "2026-09-30 07:00:00", "generated_at": "2026-09-30T13:31:09.486326", "nearest_km": 43.416564485985482, "n_points": 13, "weight_sum": 0.00098872653563024859, "confidence": "Medium", "flagged": false }, "geometry": { "type": "Polygon", "coordinates": [ [ [ -115.792199330721601, 54.002951136779949 ], [ -115.742199330721604, 54.002951136779949 ], [ -115.742199330721604, 54.052951136779946 ], [ -115.792199330721601, 54.052951136779946 ], [ -115.792199330721601, 54.002951136779949 ] ] ] } },
{ "type": "Feature", "properties": { "value": 2, "label": "AQHI 2", "color": "#0099cb", "timestamp": "2026-09-30 07:00:00", "generated_at": "2026-09-30T13:31:09.486326", "nearest_km": 79.474301512584944, "n_points": 10, "weight_sum": 0.00061859243671148149, "confidence": "Low", "flagged": false }, "geometry": { "type": "Polygon", "coordinates": [ [ [ -117.892199330721482, 54.052951136779946 ], [ -117.842199330721485, 54.052951136779946 ], [ -117.842199330721485, 54.102951136779943 ], [ -117.892199330721482, 54.102951136779943 ], [ -117.892199330721482, 54.052951136779946 ] ] ] } },
{ "type": "Feature", "properties": { "value": 2, "label": "AQHI 2", "color": "#0099cb", "timestamp": "2026-09-30 07:00:00", "generated_at": "2026-09-30T13:31:09.486326", "nearest_km": 76.92875441752156, "n_points": 10, "weight_sum": 0.00064609587696168335, "confidence": "Low", "flagged": false }, "geometry": { "type": "Polygon", "coordinates": [ [ [ -117.842199330721485, 54.052951136779946 ], [ -117.792199330721488, 54.052951136779946 ], [ -117.792199330721488, 54.102951136779943 ], [ -117.842199330721485, 54.102951136779943 ], [ -117.842199330721485, 54.052951136779946 ] ] ] } },
{ "type": "Feature", "properties": { "value": 2, "label": "AQHI 2", "color": "#0099cb", "timestamp": "2026-09-30 07:00:00", "generated_at": "2026-09-30T13:31:09.486326", "nearest_km": 74.709483411073165, "n_points": 10, "weight_sum": 0.00067286627540920688, "confidence": "Medium", "flagged": false }, "geometry": { "type": "Polygon", "coordinates": [ [ [ -117.792199330721488, 54.052951136779946 ], [ -117.74219933072149, 54.052951136779946 ], [ -117.74219933072149, 54.102951136779943 ], [ -117.792199330721488, 54.102951136779943 ], [ -117.792199330721488, 54.052951136779946 ] ] ] } },
{ "type": "Feature", "properties": { "value": 2, "label": "AQHI 2", "color": "#0099cb", "timestamp": "2026-09-30 07:00:00", "generated_at": "2026-09-30T13:31:09.486326", "nearest_km": 72.846314710268516, "n_points": 10, "weight_sum": 0.00069824286625519178, "confidence": "Medium", "flagged": false }, "geometry": { "type": "Polygon", "coordinates": [ [ [ -117.74219933072149, 54.052951136779946 ], [ -117.692199330721493, 54.052951136779946 ], [ -117.692199330721493, 54.102951136779943 ], [ -117.74219933072149, 54.102951136779943 ], [ -117.74219933072149, 54.052951136779946 ] ] ] } },
{ "type": "Feature", "properties": { "value": 2, "label": "AQHI 2", "color": "#0099cb", "timestamp": "2026-09-30 07:00:00", "generated_at": "2026-09-30T13:31:09.486326", "nearest_km": 71.367143856157938, "n_points": 12, "weight_sum": 0.00076666163690051071, "confidence": "Medium", "flagged": false }, "geometry": { "type": "Polygon", "coordinates": [ [ [ -117.692199330721493, 54.052951136779946 ], [ -117.642199330721496, 54.052951136779946 ], [ -117.642199330721496, 54.102951136779943 ], [ -117.692199330721493, 54.102951136779943 ], [ -117.692199330721493, 54.052951136779946 ] ] ] } },
{ "type": "Feature", "properties": { "value": 2, "label": "AQHI 2", "color": "#0099cb", "timestamp": "2026-09-30 07:00:00", "generated_at": "2026-09-30T13:31:09.486326", "nearest_km": 70.296215243095389, "n_points": 13, "weight_sum": 0.00083644173819499043, "confidence": "Medium", "flagged": false }, "geometry": { "type": "Polygon", "coordinates": [ [ [ -117.642199330721496, 54.052951136779946 ], [ -117.592199330721499, 54.052951136779946 ], [ -117.592199330721499, 54.102951136779943 ], [ -117.642199330721496, 54.102951136779943 ], [ -117.642199330721496, 54.052951136779946 ] ] ] } },
{ "type": "Feature", "properties": { "value": 2, "label": "AQHI 2", "color": "#0099cb", "timestamp": "2026-09-30 07:00:00", "generated_at": "2026-09-30T13:31:09.486326", "nearest_km": 69.652362004612897, "n_points": 13, "weight_sum": 0.00086114315646694615, "confidence": "Medium", "flagged": false }, "geometry": { "type": "Polygon", "coordinates": [ [ [ -117.592199330721499, 54.052951136779946 ], [ -117.542199330721502, 54.052951136779946 ], [ -117.542199330721502, 54.102951136779943 ], [ -117.592199330721499, 54.102951136779943 ], [ -117.592199330721499, 54.052951136779946 ] ] ] } },
{ "type": "Feature", "properties": { "value": 2, "label": "AQHI 2", "color": "#0099cb", "timestamp": "2026-09-30 07:00:00", "generated_at": "2026-09-30T13:31:09.486326", "nearest_km": 69.447463511201619, "n_points": 13, "weight_sum": 0.00088350664510305804, "confidence": "Medium", "flagged": false }, "geometry": { "type": "Polygon", "coordinates": [ [ [ -117.542199330721502, 54.052951136779946 ], [ -117.492199330721505, 54.052951136779946 ], [ -117.492199330721505, 54.102951136779943 ], [ -117.542199330721502, 54.102951136779943 ], [ -117.542199330721502, 54.052951136779946 ] ] ] } },
{ "type": "Feature", "properties": { "value": 2, "label": "AQHI 2", "color": "#0099cb", "timestamp": "2026-09-30 07:00:00", "generated_at": "2026-09-30T13:31:09.486326", "nearest_km": 69.685391894268008, "n_points": 12, "weight_sum": 0.00088240483618179497, "confidence": "Medium", "flagged": false }, "geometry": { "type": "Polygon", "coordinates": [ [ [ -117.492199330721505, 54.052951136779946 ], [ -117.442199330721508, 54.052951136779946 ], [ -117.442199330721508, 54.102951136779943 ], [ -117.492199330721505, 54.102951136779943 ], [ -117.492199330721505, 54.052951136779946 ] ] ] } },
{ "type": "Feature", "properties": { "value": 2, "label": "AQHI 2", "color": "#0099cb", "timestamp": "2026-09-30 07:00:00", "generated_at": "2026-09-30T13:31:09.486326", "nearest_km": 70.361655031527917, "n_points": 12, "weight_sum": 0.00090245559702369581, "confidence": "Medium", "flagged": false }, "geometry": { "type": "Polygon", "coordinates": [ [ [ -117.442199330721508, 54.052951136779946 ], [ -117.39219933072151, 54.052951136779946 ], [ -117.39219933072151, 54.102951136779943 ], [ -117.442199330721508, 54.102951136779943 ], [ -117.442199330721508, 54.052951136779946 ] ] ] } },
{ "type": "Feature", "properties": { "value": 2, "label": "AQHI 2", "color": "#0099cb", "timestamp": "2026-09-30 07:00:00", "generated_at": "2026-09-30T13:31:09.486326", "nearest_km": 71.46381010059396, "n_points": 9, "weight_sum": 0.00083579396246878125, "confidence": "Medium", "flagged": false }, "geometry": { "type": "Polygon", "coordinates": [ [ [ -117.39219933072151, 54.052951136779946 ], [ -117.342199330721513, 54.052951136779946 ], [ -117.342199330721513, 54.102951136779943 ], [ -117.39219933072151, 54.102951136779943 ], [ -117.39219933072151, 54.052951136779946 ] ] ] } },
{ "type": "Feature", "properties": { "value": 2, "label": "AQHI 2", "color": "#0099cb", "timestamp": "2026-09-30 07:00:00", "generated_at": "2026-09-30T13:31:09.486326", "nearest_km": 70.301140707554225, "n_points": 8, "weight_sum": 0.00083875529358779129, "confidence": "Medium", "flagged": false }, "geometry": { "type": "Polygon", "coordinates": [ [ [ -117.342199330721513, 54.052951136779946 ], [ -117.292199330721516, 54.052951136779946 ], [ -117.292199330721516, 54.102951136779943 ], [ -117.342199330721513, 54.102951136779943 ], [ -117.342199330721513, 54.052951136779946 ] ] ] } },
{ "type": "Feature", "properties": { "value": 2, "label": "AQHI 2", "color": "#0099cb", "timestamp": "2026-09-30 07:00:00", "generated_at": "2026-09-30T13:31:09.486326", "nearest_km": 65.701517466504441, "n_points": 8, "weight_sum": 0.00086751739478159342, "confidence": "Medium", "flagged": false }, "geometry": { "type": "Polygon", "coordinates": [ [ [ -117.292199330721516, 54.052951136779946 ], [ -117.242199330721519, 54.052951136779946 ], [ -117.242199330721519, 54.102951136779943 ], [ -117.292199330721516, 54.102951136779943 ], [ -117.292199330721516, 54.052951136779946 ] ] ] } },
{ "type": "Feature", "properties": { "value": 2, "label": "AQHI 2", "color": "#0099cb", "timestamp": "2026-09-30 07:00:00", "generated_at": "2026-09-30T13:31:09.486326", "nearest_km": 61.259557703426402, "n_points": 8, "weight_sum": 0.00090153055205148449, "confidence": "Medium", "flagged": false }, "geometry": { "type": "Polygon", "coordinates": [ [ [ -117.242199330721519, 54.052951136779946 ], [ -117.192199330721522, 54.052951136779946 ], [ -117.192199330721522, 54.102951136779943 ], [ -117.242199330721519, 54.102951136779943 ], [ -117.242199330721519, 54.052951136779946 ] ] ] } },
{ "type": "Feature", "properties": { "value": 2, "label": "AQHI 2", "color": "#0099cb", "timestamp": "2026-09-30 07:00:00", "generated_at": "2026-09-30T13:31:09.486326", "nearest_km": 57.01212522470518, "n_points": 8, "weight_sum": 0.00094260439099812742, "confidence": "Medium", "flagged": false }, "geometry": { "type": "Polygon", "coordinates": [ [ [ -117.192199330721522, 54.052951136779946 ], [ -117.142199330721525, 54.052951136779946 ], [ -117.142199330721525, 54.102951136779943 ], [ -117.192199330721522, 54.102951136779943 ], [ -117.192199330721522, 54.052951136779946 ] ] ] } },
{ "type": "Feature", "properties": { "value": 2, "label": "AQHI 2", "color": "#0099cb", "timestamp": "2026-09-30 07:00:00", "generated_at": "2026-09-30T13:31:09.486326", "nearest_km": 53.006003766134768, "n_points": 9, "weight_sum": 0.0010148053178573705, "confidence": "Medium", "flagged": false }, "geometry": { "type": "Polygon", "coordinates": [ [ [ -117.142199330721525, 54.052951136779946 ], [ -117.092199330721527, 54.052951136779946 ], [ -117.092199330721527, 54.102951136779943 ], [ -117.142199330721525, 54.102951136779943 ], [ -117.142199330721525, 54.052951136779946 ] ] ] } },
{ "type": "Feature", "properties": { "value": 2, "label": "AQHI 2", "color": "#0099cb", "timestamp": "2026-09-30 07:00:00", "generated_at": "2026-09-30T13:31:09.486326", "nearest_km": 49.300055252235914, "n_points": 9, "weight_sum": 0.0010757554654732739, "confidence": "Medium", "flagged": false }, "geometry": { "type": "Polygon", "coordinates": [ [ [ -117.092199330721527, 54.052951136779946 ], [ -117.04219933072153, 54.052951136779946 ], [ -117.04219933072153, 54.102951136779943 ], [ -117.092199330721527, 54.102951136779943 ], [ -117.092199330721527, 54.052951136779946 ] ] ] } },
{ "type": "Feature", "properties": { "value": 2, "label": "AQHI 2", "color": "#0099cb", "timestamp": "2026-09-30 07:00:00", "generated_at": "2026-09-30T13:31:09.486326", "nearest_km": 45.966938776598219, "n_points": 9, "weight_sum": 0.0011462170733488031, "confidence": "Medium", "flagged": false }, "geometry": { "type": "Polygon", "coordinates": [ [ [ -117.04219933072153, 54.052951136779946 ], [ -116.992199330721533, 54.052951136779946 ], [ -116.992199330721533, 54.102951136779943 ], [ -117.04219933072153, 54.102951136779943 ], [ -117.04219933072153, 54.052951136779946 ] ] ] } },
{ "type": "Feature", "properties": { "value": 2, "label": "AQHI 2", "color": "#0099cb", "timestamp": "2026-09-30 07:00:00", "generated_at": "2026-09-30T13:31:09.486326", "nearest_km": 43.093253220307425, "n_points": 9, "weight_sum": 0.001223922499174116, "confidence": "Medium", "flagged": false }, "geometry": { "type": "Polygon", "coordinates": [ [ [ -116.992199330721533, 54.052951136779946 ], [ -116.942199330721536, 54.052951136779946 ], [ -116.942199330721536, 54.102951136779943 ], [ -116.992199330721533, 54.102951136779943 ], [ -116.992199330721533, 54.052951136779946 ] ] ] } },
{ "type": "Feature", "properties": { "value": 2, "label": "AQHI 2", "color": "#0099cb", "timestamp": "2026-09-30 07:00:00", "generated_at": "2026-09-30T13:31:09.486326", "nearest_km": 40.776249039453553, "n_points": 9, "weight_sum": 0.0013037625342277035, "confidence": "Medium", "flagged": false }, "geometry": { "type": "Polygon", "coordinates": [ [ [ -116.942199330721536, 54.052951136779946 ], [ -116.892199330721539, 54.052951136779946 ], [ -116.892199330721539, 54.102951136779943 ], [ -116.942199330721536, 54.102951136779943 ], [ -116.942199330721536, 54.052951136779946 ] ] ] } },
{ "type": "Feature", "properties": { "value": 2, "label": "AQHI 2", "color": "#0099cb", "timestamp": "2026-09-30 07:00:00", "generated_at": "2026-09-30T13:31:09.486326", "nearest_km": 39.114977928480677, "n_points": 9, "weight_sum": 0.0013777306632160606, "confidence": "Medium", "flagged": false }, "geometry": { "type": "Polygon", "coordinates": [ [ [ -116.892199330721539, 54.052951136779946 ], [ -116.842199330721542, 54.052951136779946 ], [ -116.842199330721542, 54.102951136779943 ], [ -116.892199330721539, 54.102951136779943 ], [ -116.892199330721539, 54.052951136779946 ] ] ] } },
{ "type": "Feature", "properties": { "value": 2, "label": "AQHI 2", "color": "#0099cb", "timestamp": "2026-09-30 07:00:00", "generated_at": "2026-09-30T13:31:09.486326", "nearest_km": 38.195097996516736, "n_points": 9, "weight_sum": 0.0014365758400612997, "confidence": "Medium", "flagged": false }, "geometry": { "type": "Polygon", "coordinates": [ [ [ -116.842199330721542, 54.052951136779946 ], [ -116.792199330721544, 54.052951136779946 ], [ -116.792199330721544, 54.102951136779943 ], [ -116.842199330721542, 54.102951136779943 ], [ -116.842199330721542, 54.052951136779946 ] ] ] } },
{ "type": "Feature", "properties": { "value": 2, "label": "AQHI 2", "color": "#0099cb", "timestamp": "2026-09-30 07:00:00", "generated_at": "2026-09-30T13:31:09.486326", "nearest_km": 38.070389065276125, "n_points": 9, "weight_sum": 0.0014732562804409108, "confidence": "Medium", "flagged": false }, "geometry": { "type": "Polygon", "coordinates": [ [ [ -116.792199330721544, 54.052951136779946 ], [ -116.742199330721547, 54.052951136779946 ], [ -116.742199330721547, 54.102951136779943 ], [ -116.792199330721544, 54.102951136779943 ], [ -116.792199330721544, 54.052951136779946 ] ] ] } },
{ "type": "Feature", "properties": { "value": 2, "label": "AQHI 2", "color": "#0099cb", "timestamp": "2026-09-30 07:00:00", "generated_at": "2026-09-30T13:31:09.486326", "nearest_km": 38.748529471445345, "n_points": 9, "weight_sum": 0.001486259743989122, "confidence": "Medium", "flagged": false }, "geometry": { "type": "Polygon", "coordinates": [ [ [ -116.742199330721547, 54.052951136779946 ], [ -116.69219933072155, 54.052951136779946 ], [ -116.69219933072155, 54.102951136779943 ], [ -116.742199330721547, 54.102951136779943 ], [ -116.742199330721547, 54.052951136779946 ] ] ] } },
{ "type": "Feature", "properties": { "value": 2, "label": "AQHI 2", "color": "#0099cb", "timestamp": "2026-09-30 07:00:00", "generated_at": "2026-09-30T13:31:09.486326", "nearest_km": 40.188898327988959, "n_points": 9, "weight_sum": 0.0014799855371159802, "confidence": "Medium", "flagged": false }, "geometry": { "type": "Polygon", "coordinates": [ [ [ -116.69219933072155, 54.052951136779946 ], [ -116.642199330721553, 54.052951136779946 ], [ -116.642199330721553, 54.102951136779943 ], [ -116.69219933072155, 54.102951136779943 ], [ -116.69219933072155, 54.052951136779946 ] ] ] } },
{ "type": "Feature", "properties": { "value": 2, "label": "AQHI 2", "color": "#0099cb", "timestamp": "2026-09-30 07:00:00", "generated_at": "2026-09-30T13:31:09.486326", "nearest_km": 42.313727813032408, "n_points": 9, "weight_sum": 0.0014617009255957279, "confidence": "Medium", "flagged": false }, "geometry": { "type": "Polygon", "coordinates": [ [ [ -116.642199330721553, 54.052951136779946 ], [ -116.592199330721556, 54.052951136779946 ], [ -116.592199330721556, 54.102951136779943 ], [ -116.642199330721553, 54.102951136779943 ], [ -116.642199330721553, 54.052951136779946 ] ] ] } },
{ "type": "Feature", "properties": { "value": 2, "label": "AQHI 2", "color": "#0099cb", "timestamp": "2026-09-30 07:00:00", "generated_at": "2026-09-30T13:31:09.486326", "nearest_km": 45.026220961272593, "n_points": 9, "weight_sum": 0.0014375945722742338, "confidence": "Medium", "flagged": false }, "geometry": { "type": "Polygon", "coordinates": [ [ [ -116.592199330721556, 54.052951136779946 ], [ -116.542199330721559, 54.052951136779946 ], [ -116.542199330721559, 54.102951136779943 ], [ -116.592199330721556, 54.102951136779943 ], [ -116.592199330721556, 54.052951136779946 ] ] ] } },
{ "type": "Feature", "properties": { "value": 2, "label": "AQHI 2", "color": "#0099cb", "timestamp": "2026-09-30 07:00:00", "generated_at": "2026-09-30T13:31:09.486326", "nearest_km": 48.227321993567998, "n_points": 9, "weight_sum": 0.0014105385278364738, "confidence": "Medium", "flagged": false }, "geometry": { "type": "Polygon", "coordinates": [ [ [ -116.542199330721559, 54.052951136779946 ], [ -116.492199330721562, 54.052951136779946 ], [ -116.492199330721562, 54.102951136779943 ], [ -116.542199330721559, 54.102951136779943 ], [ -116.542199330721559, 54.052951136779946 ] ] ] } },
{ "type": "Feature", "properties": { "value": 2, "label": "AQHI 2", "color": "#0099cb", "timestamp": "2026-09-30 07:00:00", "generated_at": "2026-09-30T13:31:09.486326", "nearest_km": 51.826572328191119, "n_points": 9, "weight_sum": 0.0013801413881158067, "confidence": "Medium", "flagged": false }, "geometry": { "type": "Polygon", "coordinates": [ [ [ -116.492199330721562, 54.052951136779946 ], [ -116.442199330721564, 54.052951136779946 ], [ -116.442199330721564, 54.102951136779943 ], [ -116.492199330721562, 54.102951136779943 ], [ -116.492199330721562, 54.052951136779946 ] ] ] } },
{ "type": "Feature", "properties": { "value": 2, "label": "AQHI 2", "color": "#0099cb", "timestamp": "2026-09-30 07:00:00", "generated_at": "2026-09-30T13:31:09.486326", "nearest_km": 51.281018431938357, "n_points": 9, "weight_sum": 0.0013442326237450787, "confidence": "Medium", "flagged": false }, "geometry": { "type": "Polygon", "coordinates": [ [ [ -116.442199330721564, 54.052951136779946 ], [ -116.392199330721567, 54.052951136779946 ], [ -116.392199330721567, 54.102951136779943 ], [ -116.442199330721564, 54.102951136779943 ], [ -116.442199330721564, 54.052951136779946 ] ] ] } },
{ "type": "Feature", "properties": { "value": 2, "label": "AQHI 2", "color": "#0099cb", "timestamp": "2026-09-30 07:00:00", "generated_at": "2026-09-30T13:31:09.486326", "nearest_km": 50.986795641957826, "n_points": 8, "weight_sum": 0.0012570028526518624, "confidence": "Medium", "flagged": false }, "geometry": { "type": "Polygon", "coordinates": [ [ [ -116.392199330721567, 54.052951136779946 ], [ -116.34219933072157, 54.052951136779946 ], [ -116.34219933072157, 54.102951136779943 ], [ -116.392199330721567, 54.102951136779943 ], [ -116.392199330721567, 54.052951136779946 ] ] ] } },
{ "type": "Feature", "properties": { "value": 2, "label": "AQHI 2", "color": "#0099cb", "timestamp": "2026-09-30 07:00:00", "generated_at": "2026-09-30T13:31:09.486326", "nearest_km": 51.294919906875108, "n_points": 7, "weight_sum": 0.0011636059392026114, "confidence": "Medium", "flagged": false }, "geometry": { "type": "Polygon", "coordinates": [ [ [ -116.34219933072157, 54.052951136779946 ], [ -116.292199330721573, 54.052951136779946 ], [ -116.292199330721573, 54.102951136779943 ], [ -116.34219933072157, 54.102951136779943 ], [ -116.34219933072157, 54.052951136779946 ] ] ] } },
{ "type": "Feature", "properties": { "value": 2, "label": "AQHI 2", "color": "#0099cb", "timestamp": "2026-09-30 07:00:00", "generated_at": "2026-09-30T13:31:09.486326", "nearest_km": 52.194724701550896, "n_points": 8, "weight_sum": 0.0011320731730527999, "confidence": "Medium", "flagged": false }, "geometry": { "type": "Polygon", "coordinates": [ [ [ -116.292199330721573, 54.052951136779946 ], [ -116.242199330721576, 54.052951136779946 ], [ -116.242199330721576, 54.102951136779943 ], [ -116.292199330721573, 54.102951136779943 ], [ -116.292199330721573, 54.052951136779946 ] ] ] } },
{ "type": "Feature", "properties": { "value": 2, "label": "AQHI 2", "color": "#0099cb", "timestamp": "2026-09-30 07:00:00", "generated_at": "2026-09-30T13:31:09.486326", "nearest_km": 53.656451290489159, "n_points": 10, "weight_sum": 0.0011203555147312166, "confidence": "Medium", "flagged": false }, "geometry": { "type": "Polygon", "coordinates": [ [ [ -116.242199330721576, 54.052951136779946 ], [ -116.192199330721579, 54.052951136779946 ], [ -116.192199330721579, 54.102951136779943 ], [ -116.242199330721576, 54.102951136779943 ], [ -116.242199330721576, 54.052951136779946 ] ] ] } },
{ "type": "Feature", "properties": { "value": 2, "label": "AQHI 2", "color": "#0099cb", "timestamp": "2026-09-30 07:00:00", "generated_at": "2026-09-30T13:31:09.486326", "nearest_km": 55.635826977825872, "n_points": 11, "weight_sum": 0.0010890984542277671, "confidence": "Medium", "flagged": false }, "geometry": { "type": "Polygon", "coordinates": [ [ [ -116.192199330721579, 54.052951136779946 ], [ -116.142199330721581, 54.052951136779946 ], [ -116.142199330721581, 54.102951136779943 ], [ -116.192199330721579, 54.102951136779943 ], [ -116.192199330721579, 54.052951136779946 ] ] ] } },
{ "type": "Feature", "properties": { "value": 2, "label": "AQHI 2", "color": "#0099cb", "timestamp": "2026-09-30 07:00:00", "generated_at": "2026-09-30T13:31:09.486326", "nearest_km": 56.721740431396555, "n_points": 11, "weight_sum": 0.0010377398639680941, "confidence": "Medium", "flagged": false }, "geometry": { "type": "Polygon", "coordinates": [ [ [ -116.142199330721581, 54.052951136779946 ], [ -116.092199330721584, 54.052951136779946 ], [ -116.092199330721584, 54.102951136779943 ], [ -116.142199330721581, 54.102951136779943 ], [ -116.142199330721581, 54.052951136779946 ] ] ] } },
{ "type": "Feature", "properties": { "value": 2, "label": "AQHI 2", "color": "#0099cb", "timestamp": "2026-09-30 07:00:00", "generated_at": "2026-09-30T13:31:09.486326", "nearest_km": 53.981832908717386, "n_points": 10, "weight_sum": 0.0009469613337597391, "confidence": "Medium", "flagged": false }, "geometry": { "type": "Polygon", "coordinates": [ [ [ -116.092199330721584, 54.052951136779946 ], [ -116.042199330721587, 54.052951136779946 ], [ -116.042199330721587, 54.102951136779943 ], [ -116.092199330721584, 54.102951136779943 ], [ -116.092199330721584, 54.052951136779946 ] ] ] } },
{ "type": "Feature", "properties": { "value": 2, "label": "AQHI 2", "color": "#0099cb", "timestamp": "2026-09-30 07:00:00", "generated_at": "2026-09-30T13:31:09.486326", "nearest_km": 51.694542563046568, "n_points": 11, "weight_sum": 0.00095476056583086602, "confidence": "Medium", "flagged": false }, "geometry": { "type": "Polygon", "coordinates": [ [ [ -116.042199330721587, 54.052951136779946 ], [ -115.99219933072159, 54.052951136779946 ], [ -115.99219933072159, 54.102951136779943 ], [ -116.042199330721587, 54.102951136779943 ], [ -116.042199330721587, 54.052951136779946 ] ] ] } },
{ "type": "Feature", "properties": { "value": 1, "label": "AQHI 1", "color": "#01cbff", "timestamp": "2026-09-30 07:00:00", "generated_at": "2026-09-30T13:31:09.486326", "nearest_km": 49.922121123010953, "n_points": 13, "weight_sum": 0.00097136528696850611, "confidence": "Medium", "flagged": false }, "geometry": { "type": "Polygon", "coordinates": [ [ [ -115.99219933072159, 54.052951136779946 ], [ -115.942199330721593, 54.052951136779946 ], [ -115.942199330721593, 54.102951136779943 ], [ -115.99219933072159, 54.102951136779943 ], [ -115.99219933072159, 54.052951136779946 ] ] ] } },
{ "type": "Feature", "properties": { "value": 1, "label": "AQHI 1", "color": "#01cbff", "timestamp": "2026-09-30 07:00:00", "generated_at": "2026-09-30T13:31:09.486326", "nearest_km": 48.720792522684931, "n_points": 13, "weight_sum": 0.0009490735367140271, "confidence": "Medium", "flagged": false }, "geometry": { "type": "Polygon", "coordinates": [ [ [ -115.942199330721593, 54.052951136779946 ], [ -115.892199330721596, 54.052951136779946 ], [ -115.892199330721596, 54.102951136779943 ], [ -115.942199330721593, 54.102951136779943 ], [ -115.942199330721593, 54.052951136779946 ] ] ] } },
{ "type": "Feature", "properties": { "value": 1, "label": "AQHI 1", "color": "#01cbff", "timestamp": "2026-09-30 07:00:00", "generated_at": "2026-09-30T13:31:09.486326", "nearest_km": 48.133336375701624, "n_points": 13, "weight_sum": 0.00092986716576086241, "confidence": "Medium", "flagged": false }, "geometry": { "type": "Polygon", "coordinates": [ [ [ -115.892199330721596, 54.052951136779946 ], [ -115.842199330721598, 54.052951136779946 ], [ -115.842199330721598, 54.102951136779943 ], [ -115.892199330721596, 54.102951136779943 ], [ -115.892199330721596, 54.052951136779946 ] ] ] } },
{ "type": "Feature", "properties": { "value": 1, "label": "AQHI 1", "color": "#01cbff", "timestamp": "2026-09-30 07:00:00", "generated_at": "2026-09-30T13:31:09.486326", "nearest_km": 48.182211627055501, "n_points": 13, "weight_sum": 0.00091294304783752251, "confidence": "Medium", "flagged": false }, "geometry": { "type": "Polygon", "coordinates": [ [ [ -115.842199330721598, 54.052951136779946 ], [ -115.792199330721601, 54.052951136779946 ], [ -115.792199330721601, 54.102951136779943 ], [ -115.842199330721598, 54.102951136779943 ], [ -115.842199330721598, 54.052951136779946 ] ] ] } },
{ "type": "Feature", "properties": { "value": 2, "label": "AQHI 2", "color": "#0099cb", "timestamp": "2026-09-30 07:00:00", "generated_at": "2026-09-30T13:31:09.486326", "nearest_km": 78.155303576814319, "n_points": 9, "weight_sum": 0.00061400563783323625, "confidence": "Low", "flagged": false }, "geometry": { "type": "Polygon", "coordinates": [ [ [ -117.74219933072149, 54.102951136779943 ], [ -117.692199330721493, 54.102951136779943 ], [ -117.692199330721493, 54.15295113677994 ], [ -117.74219933072149, 54.15295113677994 ], [ -117.74219933072149, 54.102951136779943 ] ] ] } },
{ "type": "Feature", "properties": { "value": 2, "label": "AQHI 2", "color": "#0099cb", "timestamp": "2026-09-30 07:00:00", "generated_at": "2026-09-30T13:31:09.486326", "nearest_km": 76.778480920776659, "n_points": 9, "weight_sum": 0.00063433248344205932, "confidence": "Low", "flagged": false }, "geometry": { "type": "Polygon", "coordinates": [ [ [ -117.692199330721493, 54.102951136779943 ], [ -117.642199330721496, 54.102951136779943 ], [ -117.642199330721496, 54.15295113677994 ], [ -117.692199330721493, 54.15295113677994 ], [ -117.692199330721493, 54.102951136779943 ] ] ] } },
{ "type": "Feature", "properties": { "value": 2, "label": "AQHI 2", "color": "#0099cb", "timestamp": "2026-09-30 07:00:00", "generated_at": "2026-09-30T13:31:09.486326", "nearest_km": 75.784060248973987, "n_points": 11, "weight_sum": 0.0007226490735144877, "confidence": "Low", "flagged": false }, "geometry": { "type": "Polygon", "coordinates": [ [ [ -117.642199330721496, 54.102951136779943 ], [ -117.592199330721499, 54.102951136779943 ], [ -117.592199330721499, 54.15295113677994 ], [ -117.642199330721496, 54.15295113677994 ], [ -117.642199330721496, 54.102951136779943 ] ] ] } },
{ "type": "Feature", "properties": { "value": 2, "label": "AQHI 2", "color": "#0099cb", "timestamp": "2026-09-30 07:00:00", "generated_at": "2026-09-30T13:31:09.486326", "nearest_km": 75.18721595549448, "n_points": 11, "weight_sum": 0.00074695023559981756, "confidence": "Low", "flagged": false }, "geometry": { "type": "Polygon", "coordinates": [ [ [ -117.592199330721499, 54.102951136779943 ], [ -117.542199330721502, 54.102951136779943 ], [ -117.542199330721502, 54.15295113677994 ], [ -117.592199330721499, 54.15295113677994 ], [ -117.592199330721499, 54.102951136779943 ] ] ] } },
{ "type": "Feature", "properties": { "value": 2, "label": "AQHI 2", "color": "#0099cb", "timestamp": "2026-09-30 07:00:00", "generated_at": "2026-09-30T13:31:09.486326", "nearest_km": 74.997440612704935, "n_points": 11, "weight_sum": 0.00077040137506551964, "confidence": "Medium", "flagged": false }, "geometry": { "type": "Polygon", "coordinates": [ [ [ -117.542199330721502, 54.102951136779943 ], [ -117.492199330721505, 54.102951136779943 ], [ -117.492199330721505, 54.15295113677994 ], [ -117.542199330721502, 54.15295113677994 ], [ -117.542199330721502, 54.102951136779943 ] ] ] } },
{ "type": "Feature", "properties": { "value": 2, "label": "AQHI 2", "color": "#0099cb", "timestamp": "2026-09-30 07:00:00", "generated_at": "2026-09-30T13:31:09.486326", "nearest_km": 75.217815401500701, "n_points": 8, "weight_sum": 0.00070630516539341593, "confidence": "Low", "flagged": false }, "geometry": { "type": "Polygon", "coordinates": [ [ [ -117.492199330721505, 54.102951136779943 ], [ -117.442199330721508, 54.102951136779943 ], [ -117.442199330721508, 54.15295113677994 ], [ -117.492199330721505, 54.15295113677994 ], [ -117.492199330721505, 54.102951136779943 ] ] ] } },
{ "type": "Feature", "properties": { "value": 2, "label": "AQHI 2", "color": "#0099cb", "timestamp": "2026-09-30 07:00:00", "generated_at": "2026-09-30T13:31:09.486326", "nearest_km": 75.84476520559781, "n_points": 8, "weight_sum": 0.00073274177714252662, "confidence": "Low", "flagged": false }, "geometry": { "type": "Polygon", "coordinates": [ [ [ -117.442199330721508, 54.102951136779943 ], [ -117.39219933072151, 54.102951136779943 ], [ -117.39219933072151, 54.15295113677994 ], [ -117.442199330721508, 54.15295113677994 ], [ -117.442199330721508, 54.102951136779943 ] ] ] } },
{ "type": "Feature", "properties": { "value": 2, "label": "AQHI 2", "color": "#0099cb", "timestamp": "2026-09-30 07:00:00", "generated_at": "2026-09-30T13:31:09.486326", "nearest_km": 72.375232466582631, "n_points": 8, "weight_sum": 0.00076094706455260544, "confidence": "Medium", "flagged": false }, "geometry": { "type": "Polygon", "coordinates": [ [ [ -117.39219933072151, 54.102951136779943 ], [ -117.342199330721513, 54.102951136779943 ], [ -117.342199330721513, 54.15295113677994 ], [ -117.39219933072151, 54.15295113677994 ], [ -117.39219933072151, 54.102951136779943 ] ] ] } },
{ "type": "Feature", "properties": { "value": 2, "label": "AQHI 2", "color": "#0099cb", "timestamp": "2026-09-30 07:00:00", "generated_at": "2026-09-30T13:31:09.486326", "nearest_km": 67.461161324201441, "n_points": 8, "weight_sum": 0.00079247096083039786, "confidence": "Medium", "flagged": false }, "geometry": { "type": "Polygon", "coordinates": [ [ [ -117.342199330721513, 54.102951136779943 ], [ -117.292199330721516, 54.102951136779943 ], [ -117.292199330721516, 54.15295113677994 ], [ -117.342199330721513, 54.15295113677994 ], [ -117.342199330721513, 54.102951136779943 ] ] ] } },
{ "type": "Feature", "properties": { "value": 2, "label": "AQHI 2", "color": "#0099cb", "timestamp": "2026-09-30 07:00:00", "generated_at": "2026-09-30T13:31:09.486326", "nearest_km": 62.653390170269169, "n_points": 8, "weight_sum": 0.00082920977341676078, "confidence": "Medium", "flagged": false }, "geometry": { "type": "Polygon", "coordinates": [ [ [ -117.292199330721516, 54.102951136779943 ], [ -117.242199330721519, 54.102951136779943 ], [ -117.242199330721519, 54.15295113677994 ], [ -117.292199330721516, 54.15295113677994 ], [ -117.292199330721516, 54.102951136779943 ] ] ] } },
{ "type": "Feature", "properties": { "value": 2, "label": "AQHI 2", "color": "#0099cb", "timestamp": "2026-09-30 07:00:00", "generated_at": "2026-09-30T13:31:09.486326", "nearest_km": 57.978369349663708, "n_points": 8, "weight_sum": 0.00087338377487337839, "confidence": "Medium", "flagged": false }, "geometry": { "type": "Polygon", "coordinates": [ [ [ -117.242199330721519, 54.102951136779943 ], [ -117.192199330721522, 54.102951136779943 ], [ -117.192199330721522, 54.15295113677994 ], [ -117.242199330721519, 54.15295113677994 ], [ -117.242199330721519, 54.102951136779943 ] ] ] } },
{ "type": "Feature", "properties": { "value": 2, "label": "AQHI 2", "color": "#0099cb", "timestamp": "2026-09-30 07:00:00", "generated_at": "2026-09-30T13:31:09.486326", "nearest_km": 53.470929719465879, "n_points": 8, "weight_sum": 0.00092747878968563104, "confidence": "Medium", "flagged": false }, "geometry": { "type": "Polygon", "coordinates": [ [ [ -117.192199330721522, 54.102951136779943 ], [ -117.142199330721525, 54.102951136779943 ], [ -117.142199330721525, 54.15295113677994 ], [ -117.192199330721522, 54.15295113677994 ], [ -117.192199330721522, 54.102951136779943 ] ] ] } },
{ "type": "Feature", "properties": { "value": 2, "label": "AQHI 2", "color": "#0099cb", "timestamp": "2026-09-30 07:00:00", "generated_at": "2026-09-30T13:31:09.486326", "nearest_km": 41.493582189516054, "n_points": 9, "weight_sum": 0.001197738586660609, "confidence": "Medium", "flagged": false }, "geometry": { "type": "Polygon", "coordinates": [ [ [ -117.04219933072153, 54.102951136779943 ], [ -116.992199330721533, 54.102951136779943 ], [ -116.992199330721533, 54.15295113677994 ], [ -117.04219933072153, 54.15295113677994 ], [ -117.04219933072153, 54.102951136779943 ] ] ] } },
{ "type": "Feature", "properties": { "value": 2, "label": "AQHI 2", "color": "#0099cb", "timestamp": "2026-09-30 07:00:00", "generated_at": "2026-09-30T13:31:09.486326", "nearest_km": 38.285589658984378, "n_points": 9, "weight_sum": 0.0013102509516559567, "confidence": "Medium", "flagged": false }, "geometry": { "type": "Polygon", "coordinates": [ [ [ -116.992199330721533, 54.102951136779943 ], [ -116.942199330721536, 54.102951136779943 ], [ -116.942199330721536, 54.15295113677994 ], [ -116.992199330721533, 54.15295113677994 ], [ -116.992199330721533, 54.102951136779943 ] ] ] } },
{ "type": "Feature", "properties": { "value": 2, "label": "AQHI 2", "color": "#0099cb", "timestamp": "2026-09-30 07:00:00", "generated_at": "2026-09-30T13:31:09.486326", "nearest_km": 35.657543215344099, "n_points": 9, "weight_sum": 0.001428745850096151, "confidence": "Medium", "flagged": false }, "geometry": { "type": "Polygon", "coordinates": [ [ [ -116.942199330721536, 54.102951136779943 ], [ -116.892199330721539, 54.102951136779943 ], [ -116.892199330721539, 54.15295113677994 ], [ -116.942199330721536, 54.15295113677994 ], [ -116.942199330721536, 54.102951136779943 ] ] ] } },
{ "type": "Feature", "properties": { "value": 2, "label": "AQHI 2", "color": "#0099cb", "timestamp": "2026-09-30 07:00:00", "generated_at": "2026-09-30T13:31:09.486326", "nearest_km": 33.745213005286026, "n_points": 9, "weight_sum": 0.0015380139308784403, "confidence": "Medium", "flagged": false }, "geometry": { "type": "Polygon", "coordinates": [ [ [ -116.892199330721539, 54.102951136779943 ], [ -116.842199330721542, 54.102951136779943 ], [ -116.842199330721542, 54.15295113677994 ], [ -116.892199330721539, 54.15295113677994 ], [ -116.892199330721539, 54.102951136779943 ] ] ] } },
{ "type": "Feature", "properties": { "value": 2, "label": "AQHI 2", "color": "#0099cb", "timestamp": "2026-09-30 07:00:00", "generated_at": "2026-09-30T13:31:09.486326", "nearest_km": 32.674507087179009, "n_points": 9, "weight_sum": 0.0016175645981005751, "confidence": "Medium", "flagged": false }, "geometry": { "type": "Polygon", "coordinates": [ [ [ -116.842199330721542, 54.102951136779943 ], [ -116.792199330721544, 54.102951136779943 ], [ -116.792199330721544, 54.15295113677994 ], [ -116.842199330721542, 54.15295113677994 ], [ -116.842199330721542, 54.102951136779943 ] ] ] } },
{ "type": "Feature", "properties": { "value": 2, "label": "AQHI 2", "color": "#0099cb", "timestamp": "2026-09-30 07:00:00", "generated_at": "2026-09-30T13:31:09.486326", "nearest_km": 32.528640088514166, "n_points": 9, "weight_sum": 0.0016503218597960689, "confidence": "Medium", "flagged": false }, "geometry": { "type": "Polygon", "coordinates": [ [ [ -116.792199330721544, 54.102951136779943 ], [ -116.742199330721547, 54.102951136779943 ], [ -116.742199330721547, 54.15295113677994 ], [ -116.792199330721544, 54.15295113677994 ], [ -116.792199330721544, 54.102951136779943 ] ] ] } },
{ "type": "Feature", "properties": { "value": 2, "label": "AQHI 2", "color": "#0099cb", "timestamp": "2026-09-30 07:00:00", "generated_at": "2026-09-30T13:31:09.486326", "nearest_km": 33.319760482723517, "n_points": 9, "weight_sum": 0.0016330827187654728, "confidence": "Medium", "flagged": false }, "geometry": { "type": "Polygon", "coordinates": [ [ [ -116.742199330721547, 54.102951136779943 ], [ -116.69219933072155, 54.102951136779943 ], [ -116.69219933072155, 54.15295113677994 ], [ -116.742199330721547, 54.15295113677994 ], [ -116.742199330721547, 54.102951136779943 ] ] ] } },
{ "type": "Feature", "properties": { "value": 2, "label": "AQHI 2", "color": "#0099cb", "timestamp": "2026-09-30 07:00:00", "generated_at": "2026-09-30T13:31:09.486326", "nearest_km": 34.984360094819927, "n_points": 9, "weight_sum": 0.0015783222652227806, "confidence": "Medium", "flagged": false }, "geometry": { "type": "Polygon", "coordinates": [ [ [ -116.69219933072155, 54.102951136779943 ], [ -116.642199330721553, 54.102951136779943 ], [ -116.642199330721553, 54.15295113677994 ], [ -116.69219933072155, 54.15295113677994 ], [ -116.69219933072155, 54.102951136779943 ] ] ] } },
{ "type": "Feature", "properties": { "value": 2, "label": "AQHI 2", "color": "#0099cb", "timestamp": "2026-09-30 07:00:00", "generated_at": "2026-09-30T13:31:09.486326", "nearest_km": 37.4060083925295, "n_points": 9, "weight_sum": 0.0015052039131956756, "confidence": "Medium", "flagged": false }, "geometry": { "type": "Polygon", "coordinates": [ [ [ -116.642199330721553, 54.102951136779943 ], [ -116.592199330721556, 54.102951136779943 ], [ -116.592199330721556, 54.15295113677994 ], [ -116.642199330721553, 54.15295113677994 ], [ -116.642199330721553, 54.102951136779943 ] ] ] } },
{ "type": "Feature", "properties": { "value": 2, "label": "AQHI 2", "color": "#0099cb", "timestamp": "2026-09-30 07:00:00", "generated_at": "2026-09-30T13:31:09.486326", "nearest_km": 40.448961377023501, "n_points": 9, "weight_sum": 0.001429306939406231, "confidence": "Medium", "flagged": false }, "geometry": { "type": "Polygon", "coordinates": [ [ [ -116.592199330721556, 54.102951136779943 ], [ -116.542199330721559, 54.102951136779943 ], [ -116.542199330721559, 54.15295113677994 ], [ -116.592199330721556, 54.15295113677994 ], [ -116.592199330721556, 54.102951136779943 ] ] ] } },
{ "type": "Feature", "properties": { "value": 2, "label": "AQHI 2", "color": "#0099cb", "timestamp": "2026-09-30 07:00:00", "generated_at": "2026-09-30T13:31:09.486326", "nearest_km": 43.9844573582292, "n_points": 9, "weight_sum": 0.0013585594350266047, "confidence": "Medium", "flagged": false }, "geometry": { "type": "Polygon", "coordinates": [ [ [ -116.542199330721559, 54.102951136779943 ], [ -116.492199330721562, 54.102951136779943 ], [ -116.492199330721562, 54.15295113677994 ], [ -116.542199330721559, 54.15295113677994 ], [ -116.542199330721559, 54.102951136779943 ] ] ] } },
{ "type": "Feature", "properties": { "value": 2, "label": "AQHI 2", "color": "#0099cb", "timestamp": "2026-09-30 07:00:00", "generated_at": "2026-09-30T13:31:09.486326", "nearest_km": 47.903564603438653, "n_points": 9, "weight_sum": 0.0012945349975413102, "confidence": "Medium", "flagged": false }, "geometry": { "type": "Polygon", "coordinates": [ [ [ -116.492199330721562, 54.102951136779943 ], [ -116.442199330721564, 54.102951136779943 ], [ -116.442199330721564, 54.15295113677994 ], [ -116.492199330721562, 54.15295113677994 ], [ -116.492199330721562, 54.102951136779943 ] ] ] } },
{ "type": "Feature", "properties": { "value": 2, "label": "AQHI 2", "color": "#0099cb", "timestamp": "2026-09-30 07:00:00", "generated_at": "2026-09-30T13:31:09.486326", "nearest_km": 52.119818824836209, "n_points": 9, "weight_sum": 0.0012354400511500139, "confidence": "Medium", "flagged": false }, "geometry": { "type": "Polygon", "coordinates": [ [ [ -116.442199330721564, 54.102951136779943 ], [ -116.392199330721567, 54.102951136779943 ], [ -116.392199330721567, 54.15295113677994 ], [ -116.442199330721564, 54.15295113677994 ], [ -116.442199330721564, 54.102951136779943 ] ] ] } },
{ "type": "Feature", "properties": { "value": 2, "label": "AQHI 2", "color": "#0099cb", "timestamp": "2026-09-30 07:00:00", "generated_at": "2026-09-30T13:31:09.486326", "nearest_km": 59.965074854072938, "n_points": 8, "weight_sum": 0.0007996032011294117, "confidence": "Medium", "flagged": false }, "geometry": { "type": "Polygon", "coordinates": [ [ [ -117.292199330721516, 54.15295113677994 ], [ -117.242199330721519, 54.15295113677994 ], [ -117.242199330721519, 54.202951136779937 ], [ -117.292199330721516, 54.202951136779937 ], [ -117.292199330721516, 54.15295113677994 ] ] ] } },
{ "type": "Feature", "properties": { "value": 2, "label": "AQHI 2", "color": "#0099cb", "timestamp": "2026-09-30 07:00:00", "generated_at": "2026-09-30T13:31:09.486326", "nearest_km": 26.990282111061365, "n_points": 9, "weight_sum": 0.0020098135974239112, "confidence": "Medium", "flagged": false }, "geometry": { "type": "Polygon", "coordinates": [ [ [ -116.792199330721544, 54.15295113677994 ], [ -116.742199330721547, 54.15295113677994 ], [ -116.742199330721547, 54.202951136779937 ], [ -116.792199330721544, 54.202951136779937 ], [ -116.792199330721544, 54.15295113677994 ] ] ] } },
{ "type": "Feature", "properties": { "value": 2, "label": "AQHI 2", "color": "#0099cb", "timestamp": "2026-09-30 07:00:00", "generated_at": "2026-09-30T13:31:09.486326", "nearest_km": 27.938671068120822, "n_points": 9, "weight_sum": 0.0019381953632388467, "confidence": "Medium", "flagged": false }, "geometry": { "type": "Polygon", "coordinates": [ [ [ -116.742199330721547, 54.15295113677994 ], [ -116.69219933072155, 54.15295113677994 ], [ -116.69219933072155, 54.202951136779937 ], [ -116.742199330721547, 54.202951136779937 ], [ -116.742199330721547, 54.15295113677994 ] ] ] } },
{ "type": "Feature", "properties": { "value": 2, "label": "AQHI 2", "color": "#0099cb", "timestamp": "2026-09-30 07:00:00", "generated_at": "2026-09-30T13:31:09.486326", "nearest_km": 29.904319983417395, "n_points": 9, "weight_sum": 0.0017960671271084255, "confidence": "Medium", "flagged": false }, "geometry": { "type": "Polygon", "coordinates": [ [ [ -116.69219933072155, 54.15295113677994 ], [ -116.642199330721553, 54.15295113677994 ], [ -116.642199330721553, 54.202951136779937 ], [ -116.69219933072155, 54.202951136779937 ], [ -116.69219933072155, 54.15295113677994 ] ] ] } },
{ "type": "Feature", "properties": { "value": 2, "label": "AQHI 2", "color": "#0099cb", "timestamp": "2026-09-30 07:00:00", "generated_at": "2026-09-30T13:31:09.486326", "nearest_km": 32.704317242354648, "n_points": 9, "weight_sum": 0.0016332158589781166, "confidence": "Medium", "flagged": false }, "geometry": { "type": "Polygon", "coordinates": [ [ [ -116.642199330721553, 54.15295113677994 ], [ -116.592199330721556, 54.15295113677994 ], [ -116.592199330721556, 54.202951136779937 ], [ -116.642199330721553, 54.202951136779937 ], [ -116.642199330721553, 54.15295113677994 ] ] ] } },
{ "type": "Feature", "properties": { "value": 2, "label": "AQHI 2", "color": "#0099cb", "timestamp": "2026-09-30 07:00:00", "generated_at": "2026-09-30T13:31:09.486326", "nearest_km": 36.145281557992135, "n_points": 9, "weight_sum": 0.0014824151381934052, "confidence": "Medium", "flagged": false }, "geometry": { "type": "Polygon", "coordinates": [ [ [ -116.592199330721556, 54.15295113677994 ], [ -116.542199330721559, 54.15295113677994 ], [ -116.542199330721559, 54.202951136779937 ], [ -116.592199330721556, 54.202951136779937 ], [ -116.592199330721556, 54.15295113677994 ] ] ] } },
{ "type": "Feature", "properties": { "value": 2, "label": "AQHI 2", "color": "#0099cb", "timestamp": "2026-09-30 07:00:00", "generated_at": "2026-09-30T13:31:09.486326", "nearest_km": 40.06239373183373, "n_points": 9, "weight_sum": 0.0013555731854831838, "confidence": "Medium", "flagged": false }, "geometry": { "type": "Polygon", "coordinates": [ [ [ -116.542199330721559, 54.15295113677994 ], [ -116.492199330721562, 54.15295113677994 ], [ -116.492199330721562, 54.202951136779937 ], [ -116.542199330721559, 54.202951136779937 ], [ -116.542199330721559, 54.15295113677994 ] ] ] } },
{ "type": "Feature", "properties": { "value": 2, "label": "AQHI 2", "color": "#0099cb", "timestamp": "2026-09-30 07:00:00", "generated_at": "2026-09-30T13:31:09.486326", "nearest_km": 44.329610918012897, "n_points": 9, "weight_sum": 0.0012521891252823853, "confidence": "Medium", "flagged": false }, "geometry": { "type": "Polygon", "coordinates": [ [ [ -116.492199330721562, 54.15295113677994 ], [ -116.442199330721564, 54.15295113677994 ], [ -116.442199330721564, 54.202951136779937 ], [ -116.492199330721562, 54.202951136779937 ], [ -116.492199330721562, 54.15295113677994 ] ] ] } },
{ "type": "Feature", "properties": { "value": 2, "label": "AQHI 2", "color": "#0099cb", "timestamp": "2026-09-30 07:00:00", "generated_at": "2026-09-30T13:31:09.486326", "nearest_km": 22.639285401249584, "n_points": 9, "weight_sum": 0.0025434339442361848, "confidence": "High", "flagged": false }, "geometry": { "type": "Polygon", "coordinates": [ [ [ -116.742199330721547, 54.202951136779937 ], [ -116.69219933072155, 54.202951136779937 ], [ -116.69219933072155, 54.252951136779934 ], [ -116.742199330721547, 54.252951136779934 ], [ -116.742199330721547, 54.202951136779937 ] ] ] } },
{ "type": "Feature", "properties": { "value": 2, "label": "AQHI 2", "color": "#0099cb", "timestamp": "2026-09-30 07:00:00", "generated_at": "2026-09-30T13:31:09.486326", "nearest_km": 25.024712907388128, "n_points": 9, "weight_sum": 0.0022042089831160036, "confidence": "Medium", "flagged": false }, "geometry": { "type": "Polygon", "coordinates": [ [ [ -116.69219933072155, 54.202951136779937 ], [ -116.642199330721553, 54.202951136779937 ], [ -116.642199330721553, 54.252951136779934 ], [ -116.69219933072155, 54.252951136779934 ], [ -116.69219933072155, 54.202951136779937 ] ] ] } }
]
}
