{
"type": "FeatureCollection",
"name": "AQHI_Yellowhead",
"crs": { "type": "name", "properties": { "name": "urn:ogc:def:crs:OGC:1.3:CRS84" } },
"features": [
{ "type": "Feature", "properties": { "value": 2, "label": "AQHI 2", "color": "#0099cb", "timestamp": "2026-09-16 17:00:00", "generated_at": "2026-09-16T23:31:17.755149", "nearest_km": 59.796506362791028, "n_points": 4, "weight_sum": 0.00048680807477678918, "confidence": "Medium", "flagged": false }, "geometry": { "type": "Polygon", "coordinates": [ [ [ -116.992199330721533, 52.602951136780028 ], [ -116.942199330721536, 52.602951136780028 ], [ -116.942199330721536, 52.652951136780025 ], [ -116.992199330721533, 52.652951136780025 ], [ -116.992199330721533, 52.602951136780028 ] ] ] } },
{ "type": "Feature", "properties": { "value": 2, "label": "AQHI 2", "color": "#0099cb", "timestamp": "2026-09-16 17:00:00", "generated_at": "2026-09-16T23:31:17.755149", "nearest_km": 61.059755493395933, "n_points": 4, "weight_sum": 0.00046799745293571812, "confidence": "Medium", "flagged": false }, "geometry": { "type": "Polygon", "coordinates": [ [ [ -116.942199330721536, 52.602951136780028 ], [ -116.892199330721539, 52.602951136780028 ], [ -116.892199330721539, 52.652951136780025 ], [ -116.942199330721536, 52.652951136780025 ], [ -116.942199330721536, 52.602951136780028 ] ] ] } },
{ "type": "Feature", "properties": { "value": 2, "label": "AQHI 2", "color": "#0099cb", "timestamp": "2026-09-16 17:00:00", "generated_at": "2026-09-16T23:31:17.755149", "nearest_km": 62.78989017852534, "n_points": 4, "weight_sum": 0.00044685357895468008, "confidence": "Medium", "flagged": false }, "geometry": { "type": "Polygon", "coordinates": [ [ [ -116.892199330721539, 52.602951136780028 ], [ -116.842199330721542, 52.602951136780028 ], [ -116.842199330721542, 52.652951136780025 ], [ -116.892199330721539, 52.652951136780025 ], [ -116.892199330721539, 52.602951136780028 ] ] ] } },
{ "type": "Feature", "properties": { "value": 2, "label": "AQHI 2", "color": "#0099cb", "timestamp": "2026-09-16 17:00:00", "generated_at": "2026-09-16T23:31:17.755149", "nearest_km": 64.949610286353874, "n_points": 4, "weight_sum": 0.0004243932876021673, "confidence": "Medium", "flagged": false }, "geometry": { "type": "Polygon", "coordinates": [ [ [ -116.842199330721542, 52.602951136780028 ], [ -116.792199330721544, 52.602951136780028 ], [ -116.792199330721544, 52.652951136780025 ], [ -116.842199330721542, 52.652951136780025 ], [ -116.842199330721542, 52.602951136780028 ] ] ] } },
{ "type": "Feature", "properties": { "value": 2, "label": "AQHI 2", "color": "#0099cb", "timestamp": "2026-09-16 17:00:00", "generated_at": "2026-09-16T23:31:17.755149", "nearest_km": 53.531138748097014, "n_points": 4, "weight_sum": 0.00059977406325483547, "confidence": "Medium", "flagged": false }, "geometry": { "type": "Polygon", "coordinates": [ [ [ -117.142199330721525, 52.652951136780025 ], [ -117.092199330721527, 52.652951136780025 ], [ -117.092199330721527, 52.702951136780023 ], [ -117.142199330721525, 52.702951136780023 ], [ -117.142199330721525, 52.652951136780025 ] ] ] } },
{ "type": "Feature", "properties": { "value": 2, "label": "AQHI 2", "color": "#0099cb", "timestamp": "2026-09-16 17:00:00", "generated_at": "2026-09-16T23:31:17.755149", "nearest_km": 53.230060899702345, "n_points": 4, "weight_sum": 0.0005922750900165326, "confidence": "Medium", "flagged": false }, "geometry": { "type": "Polygon", "coordinates": [ [ [ -117.092199330721527, 52.652951136780025 ], [ -117.04219933072153, 52.652951136780025 ], [ -117.04219933072153, 52.702951136780023 ], [ -117.092199330721527, 52.702951136780023 ], [ -117.092199330721527, 52.652951136780025 ] ] ] } },
{ "type": "Feature", "properties": { "value": 2, "label": "AQHI 2", "color": "#0099cb", "timestamp": "2026-09-16 17:00:00", "generated_at": "2026-09-16T23:31:17.755149", "nearest_km": 53.506083309321198, "n_points": 4, "weight_sum": 0.00057846718319994972, "confidence": "Medium", "flagged": false }, "geometry": { "type": "Polygon", "coordinates": [ [ [ -117.04219933072153, 52.652951136780025 ], [ -116.992199330721533, 52.652951136780025 ], [ -116.992199330721533, 52.702951136780023 ], [ -117.04219933072153, 52.702951136780023 ], [ -117.04219933072153, 52.652951136780025 ] ] ] } },
{ "type": "Feature", "properties": { "value": 2, "label": "AQHI 2", "color": "#0099cb", "timestamp": "2026-09-16 17:00:00", "generated_at": "2026-09-16T23:31:17.755149", "nearest_km": 54.350414155018299, "n_points": 4, "weight_sum": 0.00055868989977086634, "confidence": "Medium", "flagged": false }, "geometry": { "type": "Polygon", "coordinates": [ [ [ -116.992199330721533, 52.652951136780025 ], [ -116.942199330721536, 52.652951136780025 ], [ -116.942199330721536, 52.702951136780023 ], [ -116.992199330721533, 52.702951136780023 ], [ -116.992199330721533, 52.652951136780025 ] ] ] } },
{ "type": "Feature", "properties": { "value": 2, "label": "AQHI 2", "color": "#0099cb", "timestamp": "2026-09-16 17:00:00", "generated_at": "2026-09-16T23:31:17.755149", "nearest_km": 55.737232498034913, "n_points": 4, "weight_sum": 0.00053409879933082765, "confidence": "Medium", "flagged": false }, "geometry": { "type": "Polygon", "coordinates": [ [ [ -116.942199330721536, 52.652951136780025 ], [ -116.892199330721539, 52.652951136780025 ], [ -116.892199330721539, 52.702951136780023 ], [ -116.942199330721536, 52.702951136780023 ], [ -116.942199330721536, 52.652951136780025 ] ] ] } },
{ "type": "Feature", "properties": { "value": 2, "label": "AQHI 2", "color": "#0099cb", "timestamp": "2026-09-16 17:00:00", "generated_at": "2026-09-16T23:31:17.755149", "nearest_km": 57.62738632159175, "n_points": 4, "weight_sum": 0.00050631476175955941, "confidence": "Medium", "flagged": false }, "geometry": { "type": "Polygon", "coordinates": [ [ [ -116.892199330721539, 52.652951136780025 ], [ -116.842199330721542, 52.652951136780025 ], [ -116.842199330721542, 52.702951136780023 ], [ -116.892199330721539, 52.702951136780023 ], [ -116.892199330721539, 52.652951136780025 ] ] ] } },
{ "type": "Feature", "properties": { "value": 2, "label": "AQHI 2", "color": "#0099cb", "timestamp": "2026-09-16 17:00:00", "generated_at": "2026-09-16T23:31:17.755149", "nearest_km": 59.973304244271475, "n_points": 4, "weight_sum": 0.00047702606890367722, "confidence": "Medium", "flagged": false }, "geometry": { "type": "Polygon", "coordinates": [ [ [ -116.842199330721542, 52.652951136780025 ], [ -116.792199330721544, 52.652951136780025 ], [ -116.792199330721544, 52.702951136780023 ], [ -116.842199330721542, 52.702951136780023 ], [ -116.842199330721542, 52.652951136780025 ] ] ] } },
{ "type": "Feature", "properties": { "value": 2, "label": "AQHI 2", "color": "#0099cb", "timestamp": "2026-09-16 17:00:00", "generated_at": "2026-09-16T23:31:17.755149", "nearest_km": 62.723869377565634, "n_points": 4, "weight_sum": 0.00044768623895930556, "confidence": "Medium", "flagged": false }, "geometry": { "type": "Polygon", "coordinates": [ [ [ -116.792199330721544, 52.652951136780025 ], [ -116.742199330721547, 52.652951136780025 ], [ -116.742199330721547, 52.702951136780023 ], [ -116.792199330721544, 52.702951136780023 ], [ -116.792199330721544, 52.652951136780025 ] ] ] } },
{ "type": "Feature", "properties": { "value": 2, "label": "AQHI 2", "color": "#0099cb", "timestamp": "2026-09-16 17:00:00", "generated_at": "2026-09-16T23:31:17.755149", "nearest_km": 65.828378055454721, "n_points": 3, "weight_sum": 0.00037594166552685072, "confidence": "Medium", "flagged": false }, "geometry": { "type": "Polygon", "coordinates": [ [ [ -116.742199330721547, 52.652951136780025 ], [ -116.69219933072155, 52.652951136780025 ], [ -116.69219933072155, 52.702951136780023 ], [ -116.742199330721547, 52.702951136780023 ], [ -116.742199330721547, 52.652951136780025 ] ] ] } },
{ "type": "Feature", "properties": { "value": 2, "label": "AQHI 2", "color": "#0099cb", "timestamp": "2026-09-16 17:00:00", "generated_at": "2026-09-16T23:31:17.755149", "nearest_km": 50.543397450692574, "n_points": 4, "weight_sum": 0.00069005344404265609, "confidence": "Medium", "flagged": false }, "geometry": { "type": "Polygon", "coordinates": [ [ [ -117.242199330721519, 52.702951136780023 ], [ -117.192199330721522, 52.702951136780023 ], [ -117.192199330721522, 52.75295113678002 ], [ -117.242199330721519, 52.75295113678002 ], [ -117.242199330721519, 52.702951136780023 ] ] ] } },
{ "type": "Feature", "properties": { "value": 2, "label": "AQHI 2", "color": "#0099cb", "timestamp": "2026-09-16 17:00:00", "generated_at": "2026-09-16T23:31:17.755149", "nearest_km": 48.982462102028904, "n_points": 4, "weight_sum": 0.00069921079330856686, "confidence": "Medium", "flagged": false }, "geometry": { "type": "Polygon", "coordinates": [ [ [ -117.192199330721522, 52.702951136780023 ], [ -117.142199330721525, 52.702951136780023 ], [ -117.142199330721525, 52.75295113678002 ], [ -117.192199330721522, 52.75295113678002 ], [ -117.192199330721522, 52.702951136780023 ] ] ] } },
{ "type": "Feature", "properties": { "value": 2, "label": "AQHI 2", "color": "#0099cb", "timestamp": "2026-09-16 17:00:00", "generated_at": "2026-09-16T23:31:17.755149", "nearest_km": 48.015967774217692, "n_points": 4, "weight_sum": 0.00070176004875748866, "confidence": "Medium", "flagged": false }, "geometry": { "type": "Polygon", "coordinates": [ [ [ -117.142199330721525, 52.702951136780023 ], [ -117.092199330721527, 52.702951136780023 ], [ -117.092199330721527, 52.75295113678002 ], [ -117.142199330721525, 52.75295113678002 ], [ -117.142199330721525, 52.702951136780023 ] ] ] } },
{ "type": "Feature", "properties": { "value": 2, "label": "AQHI 2", "color": "#0099cb", "timestamp": "2026-09-16 17:00:00", "generated_at": "2026-09-16T23:31:17.755149", "nearest_km": 47.680076856195605, "n_points": 4, "weight_sum": 0.00069513862498283316, "confidence": "Medium", "flagged": false }, "geometry": { "type": "Polygon", "coordinates": [ [ [ -117.092199330721527, 52.702951136780023 ], [ -117.04219933072153, 52.702951136780023 ], [ -117.04219933072153, 52.75295113678002 ], [ -117.092199330721527, 52.75295113678002 ], [ -117.092199330721527, 52.702951136780023 ] ] ] } },
{ "type": "Feature", "properties": { "value": 2, "label": "AQHI 2", "color": "#0099cb", "timestamp": "2026-09-16 17:00:00", "generated_at": "2026-09-16T23:31:17.755149", "nearest_km": 47.988032849146045, "n_points": 4, "weight_sum": 0.00067827196400452826, "confidence": "Medium", "flagged": false }, "geometry": { "type": "Polygon", "coordinates": [ [ [ -117.04219933072153, 52.702951136780023 ], [ -116.992199330721533, 52.702951136780023 ], [ -116.992199330721533, 52.75295113678002 ], [ -117.04219933072153, 52.75295113678002 ], [ -117.04219933072153, 52.702951136780023 ] ] ] } },
{ "type": "Feature", "properties": { "value": 2, "label": "AQHI 2", "color": "#0099cb", "timestamp": "2026-09-16 17:00:00", "generated_at": "2026-09-16T23:31:17.755149", "nearest_km": 48.92767994140651, "n_points": 4, "weight_sum": 0.00065190257741315797, "confidence": "Medium", "flagged": false }, "geometry": { "type": "Polygon", "coordinates": [ [ [ -116.992199330721533, 52.702951136780023 ], [ -116.942199330721536, 52.702951136780023 ], [ -116.942199330721536, 52.75295113678002 ], [ -116.992199330721533, 52.75295113678002 ], [ -116.992199330721533, 52.702951136780023 ] ] ] } },
{ "type": "Feature", "properties": { "value": 2, "label": "AQHI 2", "color": "#0099cb", "timestamp": "2026-09-16 17:00:00", "generated_at": "2026-09-16T23:31:17.755149", "nearest_km": 50.463743739111337, "n_points": 4, "weight_sum": 0.00061826843269993615, "confidence": "Medium", "flagged": false }, "geometry": { "type": "Polygon", "coordinates": [ [ [ -116.942199330721536, 52.702951136780023 ], [ -116.892199330721539, 52.702951136780023 ], [ -116.892199330721539, 52.75295113678002 ], [ -116.942199330721536, 52.75295113678002 ], [ -116.942199330721536, 52.702951136780023 ] ] ] } },
{ "type": "Feature", "properties": { "value": 2, "label": "AQHI 2", "color": "#0099cb", "timestamp": "2026-09-16 17:00:00", "generated_at": "2026-09-16T23:31:17.755149", "nearest_km": 52.543943512879558, "n_points": 4, "weight_sum": 0.00058032472663207689, "confidence": "Medium", "flagged": false }, "geometry": { "type": "Polygon", "coordinates": [ [ [ -116.892199330721539, 52.702951136780023 ], [ -116.842199330721542, 52.702951136780023 ], [ -116.842199330721542, 52.75295113678002 ], [ -116.892199330721539, 52.75295113678002 ], [ -116.892199330721539, 52.702951136780023 ] ] ] } },
{ "type": "Feature", "properties": { "value": 2, "label": "AQHI 2", "color": "#0099cb", "timestamp": "2026-09-16 17:00:00", "generated_at": "2026-09-16T23:31:17.755149", "nearest_km": 55.106692584500564, "n_points": 4, "weight_sum": 0.0005409343926188262, "confidence": "Medium", "flagged": false }, "geometry": { "type": "Polygon", "coordinates": [ [ [ -116.842199330721542, 52.702951136780023 ], [ -116.792199330721544, 52.702951136780023 ], [ -116.792199330721544, 52.75295113678002 ], [ -116.842199330721542, 52.75295113678002 ], [ -116.842199330721542, 52.702951136780023 ] ] ] } },
{ "type": "Feature", "properties": { "value": 2, "label": "AQHI 2", "color": "#0099cb", "timestamp": "2026-09-16 17:00:00", "generated_at": "2026-09-16T23:31:17.755149", "nearest_km": 58.088158305463729, "n_points": 4, "weight_sum": 0.00050234715490692365, "confidence": "Medium", "flagged": false }, "geometry": { "type": "Polygon", "coordinates": [ [ [ -116.792199330721544, 52.702951136780023 ], [ -116.742199330721547, 52.702951136780023 ], [ -116.742199330721547, 52.75295113678002 ], [ -116.792199330721544, 52.75295113678002 ], [ -116.792199330721544, 52.702951136780023 ] ] ] } },
{ "type": "Feature", "properties": { "value": 2, "label": "AQHI 2", "color": "#0099cb", "timestamp": "2026-09-16 17:00:00", "generated_at": "2026-09-16T23:31:17.755149", "nearest_km": 61.427401890675569, "n_points": 3, "weight_sum": 0.00042214915781988436, "confidence": "Medium", "flagged": false }, "geometry": { "type": "Polygon", "coordinates": [ [ [ -116.742199330721547, 52.702951136780023 ], [ -116.69219933072155, 52.702951136780023 ], [ -116.69219933072155, 52.75295113678002 ], [ -116.742199330721547, 52.75295113678002 ], [ -116.742199330721547, 52.702951136780023 ] ] ] } },
{ "type": "Feature", "properties": { "value": 2, "label": "AQHI 2", "color": "#0099cb", "timestamp": "2026-09-16 17:00:00", "generated_at": "2026-09-16T23:31:17.755149", "nearest_km": 65.069365071103348, "n_points": 3, "weight_sum": 0.00039190284556656112, "confidence": "Medium", "flagged": false }, "geometry": { "type": "Polygon", "coordinates": [ [ [ -116.69219933072155, 52.702951136780023 ], [ -116.642199330721553, 52.702951136780023 ], [ -116.642199330721553, 52.75295113678002 ], [ -116.69219933072155, 52.75295113678002 ], [ -116.69219933072155, 52.702951136780023 ] ] ] } },
{ "type": "Feature", "properties": { "value": 2, "label": "AQHI 2", "color": "#0099cb", "timestamp": "2026-09-16 17:00:00", "generated_at": "2026-09-16T23:31:17.755149", "nearest_km": 68.966106447112608, "n_points": 3, "weight_sum": 0.00036462484984933373, "confidence": "Medium", "flagged": false }, "geometry": { "type": "Polygon", "coordinates": [ [ [ -116.642199330721553, 52.702951136780023 ], [ -116.592199330721556, 52.702951136780023 ], [ -116.592199330721556, 52.75295113678002 ], [ -116.642199330721553, 52.75295113678002 ], [ -116.642199330721553, 52.702951136780023 ] ] ] } },
{ "type": "Feature", "properties": { "value": 2, "label": "AQHI 2", "color": "#0099cb", "timestamp": "2026-09-16 17:00:00", "generated_at": "2026-09-16T23:31:17.755149", "nearest_km": 73.076880107133789, "n_points": 3, "weight_sum": 0.0003402510715753088, "confidence": "Medium", "flagged": false }, "geometry": { "type": "Polygon", "coordinates": [ [ [ -116.592199330721556, 52.702951136780023 ], [ -116.542199330721559, 52.702951136780023 ], [ -116.542199330721559, 52.75295113678002 ], [ -116.592199330721556, 52.75295113678002 ], [ -116.592199330721556, 52.702951136780023 ] ] ] } },
{ "type": "Feature", "properties": { "value": 2, "label": "AQHI 2", "color": "#0099cb", "timestamp": "2026-09-16 17:00:00", "generated_at": "2026-09-16T23:31:17.755149", "nearest_km": 77.367577019771886, "n_points": 3, "weight_sum": 0.0003185222341920617, "confidence": "Low", "flagged": false }, "geometry": { "type": "Polygon", "coordinates": [ [ [ -116.542199330721559, 52.702951136780023 ], [ -116.492199330721562, 52.702951136780023 ], [ -116.492199330721562, 52.75295113678002 ], [ -116.542199330721559, 52.75295113678002 ], [ -116.542199330721559, 52.702951136780023 ] ] ] } },
{ "type": "Feature", "properties": { "value": 2, "label": "AQHI 2", "color": "#0099cb", "timestamp": "2026-09-16 17:00:00", "generated_at": "2026-09-16T23:31:17.755149", "nearest_km": 50.514475509989268, "n_points": 4, "weight_sum": 0.00075668650928371992, "confidence": "Medium", "flagged": false }, "geometry": { "type": "Polygon", "coordinates": [ [ [ -117.342199330721513, 52.75295113678002 ], [ -117.292199330721516, 52.75295113678002 ], [ -117.292199330721516, 52.802951136780017 ], [ -117.342199330721513, 52.802951136780017 ], [ -117.342199330721513, 52.75295113678002 ] ] ] } },
{ "type": "Feature", "properties": { "value": 2, "label": "AQHI 2", "color": "#0099cb", "timestamp": "2026-09-16 17:00:00", "generated_at": "2026-09-16T23:31:17.755149", "nearest_km": 47.677550312147339, "n_points": 4, "weight_sum": 0.00078171781795440464, "confidence": "Medium", "flagged": false }, "geometry": { "type": "Polygon", "coordinates": [ [ [ -117.292199330721516, 52.75295113678002 ], [ -117.242199330721519, 52.75295113678002 ], [ -117.242199330721519, 52.802951136780017 ], [ -117.292199330721516, 52.802951136780017 ], [ -117.292199330721516, 52.75295113678002 ] ] ] } },
{ "type": "Feature", "properties": { "value": 2, "label": "AQHI 2", "color": "#0099cb", "timestamp": "2026-09-16 17:00:00", "generated_at": "2026-09-16T23:31:17.755149", "nearest_km": 45.345235377990583, "n_points": 4, "weight_sum": 0.00080761008745191903, "confidence": "Medium", "flagged": false }, "geometry": { "type": "Polygon", "coordinates": [ [ [ -117.242199330721519, 52.75295113678002 ], [ -117.192199330721522, 52.75295113678002 ], [ -117.192199330721522, 52.802951136780017 ], [ -117.242199330721519, 52.802951136780017 ], [ -117.242199330721519, 52.75295113678002 ] ] ] } },
{ "type": "Feature", "properties": { "value": 2, "label": "AQHI 2", "color": "#0099cb", "timestamp": "2026-09-16 17:00:00", "generated_at": "2026-09-16T23:31:17.755149", "nearest_km": 43.598588729492043, "n_points": 4, "weight_sum": 0.00082907034178644745, "confidence": "Medium", "flagged": false }, "geometry": { "type": "Polygon", "coordinates": [ [ [ -117.192199330721522, 52.75295113678002 ], [ -117.142199330721525, 52.75295113678002 ], [ -117.142199330721525, 52.802951136780017 ], [ -117.192199330721522, 52.802951136780017 ], [ -117.192199330721522, 52.75295113678002 ] ] ] } },
{ "type": "Feature", "properties": { "value": 2, "label": "AQHI 2", "color": "#0099cb", "timestamp": "2026-09-16 17:00:00", "generated_at": "2026-09-16T23:31:17.755149", "nearest_km": 42.509863642705376, "n_points": 4, "weight_sum": 0.00084015238392698953, "confidence": "Medium", "flagged": false }, "geometry": { "type": "Polygon", "coordinates": [ [ [ -117.142199330721525, 52.75295113678002 ], [ -117.092199330721527, 52.75295113678002 ], [ -117.092199330721527, 52.802951136780017 ], [ -117.142199330721525, 52.802951136780017 ], [ -117.142199330721525, 52.75295113678002 ] ] ] } },
{ "type": "Feature", "properties": { "value": 2, "label": "AQHI 2", "color": "#0099cb", "timestamp": "2026-09-16 17:00:00", "generated_at": "2026-09-16T23:31:17.755149", "nearest_km": 42.130097016733913, "n_points": 4, "weight_sum": 0.00083590553521940391, "confidence": "Medium", "flagged": false }, "geometry": { "type": "Polygon", "coordinates": [ [ [ -117.092199330721527, 52.75295113678002 ], [ -117.04219933072153, 52.75295113678002 ], [ -117.04219933072153, 52.802951136780017 ], [ -117.092199330721527, 52.802951136780017 ], [ -117.092199330721527, 52.75295113678002 ] ] ] } },
{ "type": "Feature", "properties": { "value": 2, "label": "AQHI 2", "color": "#0099cb", "timestamp": "2026-09-16 17:00:00", "generated_at": "2026-09-16T23:31:17.755149", "nearest_km": 42.478307903651384, "n_points": 4, "weight_sum": 0.00081424801113542402, "confidence": "Medium", "flagged": false }, "geometry": { "type": "Polygon", "coordinates": [ [ [ -117.04219933072153, 52.75295113678002 ], [ -116.992199330721533, 52.75295113678002 ], [ -116.992199330721533, 52.802951136780017 ], [ -117.04219933072153, 52.802951136780017 ], [ -117.04219933072153, 52.75295113678002 ] ] ] } },
{ "type": "Feature", "properties": { "value": 2, "label": "AQHI 2", "color": "#0099cb", "timestamp": "2026-09-16 17:00:00", "generated_at": "2026-09-16T23:31:17.755149", "nearest_km": 43.537032628274112, "n_points": 4, "weight_sum": 0.00077683315406810549, "confidence": "Medium", "flagged": false }, "geometry": { "type": "Polygon", "coordinates": [ [ [ -116.992199330721533, 52.75295113678002 ], [ -116.942199330721536, 52.75295113678002 ], [ -116.942199330721536, 52.802951136780017 ], [ -116.992199330721533, 52.802951136780017 ], [ -116.992199330721533, 52.75295113678002 ] ] ] } },
{ "type": "Feature", "properties": { "value": 2, "label": "AQHI 2", "color": "#0099cb", "timestamp": "2026-09-16 17:00:00", "generated_at": "2026-09-16T23:31:17.755149", "nearest_km": 45.256433551412229, "n_points": 4, "weight_sum": 0.00072823717947176608, "confidence": "Medium", "flagged": false }, "geometry": { "type": "Polygon", "coordinates": [ [ [ -116.942199330721536, 52.75295113678002 ], [ -116.892199330721539, 52.75295113678002 ], [ -116.892199330721539, 52.802951136780017 ], [ -116.942199330721536, 52.802951136780017 ], [ -116.942199330721536, 52.75295113678002 ] ] ] } },
{ "type": "Feature", "properties": { "value": 2, "label": "AQHI 2", "color": "#0099cb", "timestamp": "2026-09-16 17:00:00", "generated_at": "2026-09-16T23:31:17.755149", "nearest_km": 47.564917171286758, "n_points": 4, "weight_sum": 0.00067408091834648986, "confidence": "Medium", "flagged": false }, "geometry": { "type": "Polygon", "coordinates": [ [ [ -116.892199330721539, 52.75295113678002 ], [ -116.842199330721542, 52.75295113678002 ], [ -116.842199330721542, 52.802951136780017 ], [ -116.892199330721539, 52.802951136780017 ], [ -116.892199330721539, 52.75295113678002 ] ] ] } },
{ "type": "Feature", "properties": { "value": 2, "label": "AQHI 2", "color": "#0099cb", "timestamp": "2026-09-16 17:00:00", "generated_at": "2026-09-16T23:31:17.755149", "nearest_km": 50.381573151593251, "n_points": 4, "weight_sum": 0.00061930925354309512, "confidence": "Medium", "flagged": false }, "geometry": { "type": "Polygon", "coordinates": [ [ [ -116.842199330721542, 52.75295113678002 ], [ -116.792199330721544, 52.75295113678002 ], [ -116.792199330721544, 52.802951136780017 ], [ -116.842199330721542, 52.802951136780017 ], [ -116.842199330721542, 52.75295113678002 ] ] ] } },
{ "type": "Feature", "properties": { "value": 2, "label": "AQHI 2", "color": "#0099cb", "timestamp": "2026-09-16 17:00:00", "generated_at": "2026-09-16T23:31:17.755149", "nearest_km": 53.626387916279675, "n_points": 4, "weight_sum": 0.00056734378889997778, "confidence": "Medium", "flagged": false }, "geometry": { "type": "Polygon", "coordinates": [ [ [ -116.792199330721544, 52.75295113678002 ], [ -116.742199330721547, 52.75295113678002 ], [ -116.742199330721547, 52.802951136780017 ], [ -116.792199330721544, 52.802951136780017 ], [ -116.792199330721544, 52.75295113678002 ] ] ] } },
{ "type": "Feature", "properties": { "value": 2, "label": "AQHI 2", "color": "#0099cb", "timestamp": "2026-09-16 17:00:00", "generated_at": "2026-09-16T23:31:17.755149", "nearest_km": 57.226576419223832, "n_points": 3, "weight_sum": 0.0004758139445935039, "confidence": "Medium", "flagged": false }, "geometry": { "type": "Polygon", "coordinates": [ [ [ -116.742199330721547, 52.75295113678002 ], [ -116.69219933072155, 52.75295113678002 ], [ -116.69219933072155, 52.802951136780017 ], [ -116.742199330721547, 52.802951136780017 ], [ -116.742199330721547, 52.75295113678002 ] ] ] } },
{ "type": "Feature", "properties": { "value": 2, "label": "AQHI 2", "color": "#0099cb", "timestamp": "2026-09-16 17:00:00", "generated_at": "2026-09-16T23:31:17.755149", "nearest_km": 61.119371858545932, "n_points": 3, "weight_sum": 0.0004369268278814501, "confidence": "Medium", "flagged": false }, "geometry": { "type": "Polygon", "coordinates": [ [ [ -116.69219933072155, 52.75295113678002 ], [ -116.642199330721553, 52.75295113678002 ], [ -116.642199330721553, 52.802951136780017 ], [ -116.69219933072155, 52.802951136780017 ], [ -116.69219933072155, 52.75295113678002 ] ] ] } },
{ "type": "Feature", "properties": { "value": 2, "label": "AQHI 2", "color": "#0099cb", "timestamp": "2026-09-16 17:00:00", "generated_at": "2026-09-16T23:31:17.755149", "nearest_km": 65.252426652969476, "n_points": 3, "weight_sum": 0.00040296695725412996, "confidence": "Medium", "flagged": false }, "geometry": { "type": "Polygon", "coordinates": [ [ [ -116.642199330721553, 52.75295113678002 ], [ -116.592199330721556, 52.75295113678002 ], [ -116.592199330721556, 52.802951136780017 ], [ -116.642199330721553, 52.802951136780017 ], [ -116.642199330721553, 52.75295113678002 ] ] ] } },
{ "type": "Feature", "properties": { "value": 2, "label": "AQHI 2", "color": "#0099cb", "timestamp": "2026-09-16 17:00:00", "generated_at": "2026-09-16T23:31:17.755149", "nearest_km": 69.582941528934356, "n_points": 3, "weight_sum": 0.00037347643484521309, "confidence": "Medium", "flagged": false }, "geometry": { "type": "Polygon", "coordinates": [ [ [ -116.592199330721556, 52.75295113678002 ], [ -116.542199330721559, 52.75295113678002 ], [ -116.542199330721559, 52.802951136780017 ], [ -116.592199330721556, 52.802951136780017 ], [ -116.592199330721556, 52.75295113678002 ] ] ] } },
{ "type": "Feature", "properties": { "value": 2, "label": "AQHI 2", "color": "#0099cb", "timestamp": "2026-09-16 17:00:00", "generated_at": "2026-09-16T23:31:17.755149", "nearest_km": 74.076293910650165, "n_points": 3, "weight_sum": 0.000347822211966884, "confidence": "Medium", "flagged": false }, "geometry": { "type": "Polygon", "coordinates": [ [ [ -116.542199330721559, 52.75295113678002 ], [ -116.492199330721562, 52.75295113678002 ], [ -116.492199330721562, 52.802951136780017 ], [ -116.542199330721559, 52.802951136780017 ], [ -116.542199330721559, 52.75295113678002 ] ] ] } },
{ "type": "Feature", "properties": { "value": 2, "label": "AQHI 2", "color": "#0099cb", "timestamp": "2026-09-16 17:00:00", "generated_at": "2026-09-16T23:31:17.755149", "nearest_km": 78.704598895204029, "n_points": 3, "weight_sum": 0.00032533843456240862, "confidence": "Low", "flagged": false }, "geometry": { "type": "Polygon", "coordinates": [ [ [ -116.492199330721562, 52.75295113678002 ], [ -116.442199330721564, 52.75295113678002 ], [ -116.442199330721564, 52.802951136780017 ], [ -116.492199330721562, 52.802951136780017 ], [ -116.492199330721562, 52.75295113678002 ] ] ] } },
{ "type": "Feature", "properties": { "value": 2, "label": "AQHI 2", "color": "#0099cb", "timestamp": "2026-09-16 17:00:00", "generated_at": "2026-09-16T23:31:17.755149", "nearest_km": 83.445404037447531, "n_points": 3, "weight_sum": 0.00030540407839138258, "confidence": "Low", "flagged": false }, "geometry": { "type": "Polygon", "coordinates": [ [ [ -116.442199330721564, 52.75295113678002 ], [ -116.392199330721567, 52.75295113678002 ], [ -116.392199330721567, 52.802951136780017 ], [ -116.442199330721564, 52.802951136780017 ], [ -116.442199330721564, 52.75295113678002 ] ] ] } },
{ "type": "Feature", "properties": { "value": 2, "label": "AQHI 2", "color": "#0099cb", "timestamp": "2026-09-16 17:00:00", "generated_at": "2026-09-16T23:31:17.755149", "nearest_km": 88.280586895935258, "n_points": 2, "weight_sum": 0.00024315797607961628, "confidence": "Low", "flagged": false }, "geometry": { "type": "Polygon", "coordinates": [ [ [ -116.392199330721567, 52.75295113678002 ], [ -116.34219933072157, 52.75295113678002 ], [ -116.34219933072157, 52.802951136780017 ], [ -116.392199330721567, 52.802951136780017 ], [ -116.392199330721567, 52.75295113678002 ] ] ] } },
{ "type": "Feature", "properties": { "value": 2, "label": "AQHI 2", "color": "#0099cb", "timestamp": "2026-09-16 17:00:00", "generated_at": "2026-09-16T23:31:17.755149", "nearest_km": 93.195459065389429, "n_points": 2, "weight_sum": 0.00022956695339521445, "confidence": "Low", "flagged": false }, "geometry": { "type": "Polygon", "coordinates": [ [ [ -116.34219933072157, 52.75295113678002 ], [ -116.292199330721573, 52.75295113678002 ], [ -116.292199330721573, 52.802951136780017 ], [ -116.34219933072157, 52.802951136780017 ], [ -116.34219933072157, 52.75295113678002 ] ] ] } },
{ "type": "Feature", "properties": { "value": 2, "label": "AQHI 2", "color": "#0099cb", "timestamp": "2026-09-16 17:00:00", "generated_at": "2026-09-16T23:31:17.755149", "nearest_km": 93.978730258385568, "n_points": 2, "weight_sum": 0.00021697056886475655, "confidence": "Low", "flagged": false }, "geometry": { "type": "Polygon", "coordinates": [ [ [ -116.292199330721573, 52.75295113678002 ], [ -116.242199330721576, 52.75295113678002 ], [ -116.242199330721576, 52.802951136780017 ], [ -116.292199330721573, 52.802951136780017 ], [ -116.292199330721573, 52.75295113678002 ] ] ] } },
{ "type": "Feature", "properties": { "value": 2, "label": "AQHI 2", "color": "#0099cb", "timestamp": "2026-09-16 17:00:00", "generated_at": "2026-09-16T23:31:17.755149", "nearest_km": 94.798350298917882, "n_points": 3, "weight_sum": 0.00025015758137303813, "confidence": "Low", "flagged": false }, "geometry": { "type": "Polygon", "coordinates": [ [ [ -116.242199330721576, 52.75295113678002 ], [ -116.192199330721579, 52.75295113678002 ], [ -116.192199330721579, 52.802951136780017 ], [ -116.242199330721576, 52.802951136780017 ], [ -116.242199330721576, 52.75295113678002 ] ] ] } },
{ "type": "Feature", "properties": { "value": 2, "label": "AQHI 2", "color": "#0099cb", "timestamp": "2026-09-16 17:00:00", "generated_at": "2026-09-16T23:31:17.755149", "nearest_km": 95.932568493782568, "n_points": 3, "weight_sum": 0.0002422342547994338, "confidence": "Low", "flagged": false }, "geometry": { "type": "Polygon", "coordinates": [ [ [ -116.192199330721579, 52.75295113678002 ], [ -116.142199330721581, 52.75295113678002 ], [ -116.142199330721581, 52.802951136780017 ], [ -116.192199330721579, 52.802951136780017 ], [ -116.192199330721579, 52.75295113678002 ] ] ] } },
{ "type": "Feature", "properties": { "value": 2, "label": "AQHI 2", "color": "#0099cb", "timestamp": "2026-09-16 17:00:00", "generated_at": "2026-09-16T23:31:17.755149", "nearest_km": 97.370391681620632, "n_points": 3, "weight_sum": 0.0002351735444627779, "confidence": "Low", "flagged": false }, "geometry": { "type": "Polygon", "coordinates": [ [ [ -116.142199330721581, 52.75295113678002 ], [ -116.092199330721584, 52.75295113678002 ], [ -116.092199330721584, 52.802951136780017 ], [ -116.142199330721581, 52.802951136780017 ], [ -116.142199330721581, 52.75295113678002 ] ] ] } },
{ "type": "Feature", "properties": { "value": 2, "label": "AQHI 2", "color": "#0099cb", "timestamp": "2026-09-16 17:00:00", "generated_at": "2026-09-16T23:31:17.755149", "nearest_km": 99.098605714965259, "n_points": 3, "weight_sum": 0.00022897163954337552, "confidence": "Low", "flagged": false }, "geometry": { "type": "Polygon", "coordinates": [ [ [ -116.092199330721584, 52.75295113678002 ], [ -116.042199330721587, 52.75295113678002 ], [ -116.042199330721587, 52.802951136780017 ], [ -116.092199330721584, 52.802951136780017 ], [ -116.092199330721584, 52.75295113678002 ] ] ] } },
{ "type": "Feature", "properties": { "value": 2, "label": "AQHI 2", "color": "#0099cb", "timestamp": "2026-09-16 17:00:00", "generated_at": "2026-09-16T23:31:17.755149", "nearest_km": 101.1023201171371, "n_points": 3, "weight_sum": 0.00022366377145282421, "confidence": "Low", "flagged": false }, "geometry": { "type": "Polygon", "coordinates": [ [ [ -116.042199330721587, 52.75295113678002 ], [ -115.99219933072159, 52.75295113678002 ], [ -115.99219933072159, 52.802951136780017 ], [ -116.042199330721587, 52.802951136780017 ], [ -116.042199330721587, 52.75295113678002 ] ] ] } },
{ "type": "Feature", "properties": { "value": 2, "label": "AQHI 2", "color": "#0099cb", "timestamp": "2026-09-16 17:00:00", "generated_at": "2026-09-16T23:31:17.755149", "nearest_km": 103.36551461433342, "n_points": 3, "weight_sum": 0.00021931367904687348, "confidence": "Low", "flagged": false }, "geometry": { "type": "Polygon", "coordinates": [ [ [ -115.99219933072159, 52.75295113678002 ], [ -115.942199330721593, 52.75295113678002 ], [ -115.942199330721593, 52.802951136780017 ], [ -115.99219933072159, 52.802951136780017 ], [ -115.99219933072159, 52.75295113678002 ] ] ] } },
{ "type": "Feature", "properties": { "value": 2, "label": "AQHI 2", "color": "#0099cb", "timestamp": "2026-09-16 17:00:00", "generated_at": "2026-09-16T23:31:17.755149", "nearest_km": 105.87154995514085, "n_points": 3, "weight_sum": 0.00021600577384585032, "confidence": "Low", "flagged": false }, "geometry": { "type": "Polygon", "coordinates": [ [ [ -115.942199330721593, 52.75295113678002 ], [ -115.892199330721596, 52.75295113678002 ], [ -115.892199330721596, 52.802951136780017 ], [ -115.942199330721593, 52.802951136780017 ], [ -115.942199330721593, 52.75295113678002 ] ] ] } },
{ "type": "Feature", "properties": { "value": 2, "label": "AQHI 2", "color": "#0099cb", "timestamp": "2026-09-16 17:00:00", "generated_at": "2026-09-16T23:31:17.755149", "nearest_km": 108.603616736837, "n_points": 3, "weight_sum": 0.00021384005094812506, "confidence": "Low", "flagged": false }, "geometry": { "type": "Polygon", "coordinates": [ [ [ -115.892199330721596, 52.75295113678002 ], [ -115.842199330721598, 52.75295113678002 ], [ -115.842199330721598, 52.802951136780017 ], [ -115.892199330721596, 52.802951136780017 ], [ -115.892199330721596, 52.75295113678002 ] ] ] } },
{ "type": "Feature", "properties": { "value": 2, "label": "AQHI 2", "color": "#0099cb", "timestamp": "2026-09-16 17:00:00", "generated_at": "2026-09-16T23:31:17.755149", "nearest_km": 108.51403958036127, "n_points": 3, "weight_sum": 0.00021292943231454364, "confidence": "Low", "flagged": false }, "geometry": { "type": "Polygon", "coordinates": [ [ [ -115.842199330721598, 52.75295113678002 ], [ -115.792199330721601, 52.75295113678002 ], [ -115.792199330721601, 52.802951136780017 ], [ -115.842199330721598, 52.802951136780017 ], [ -115.842199330721598, 52.75295113678002 ] ] ] } },
{ "type": "Feature", "properties": { "value": 2, "label": "AQHI 2", "color": "#0099cb", "timestamp": "2026-09-16 17:00:00", "generated_at": "2026-09-16T23:31:17.755149", "nearest_km": 103.67247700072659, "n_points": 2, "weight_sum": 0.00016907777805921889, "confidence": "Low", "flagged": false }, "geometry": { "type": "Polygon", "coordinates": [ [ [ -115.792199330721601, 52.75295113678002 ], [ -115.742199330721604, 52.75295113678002 ], [ -115.742199330721604, 52.802951136780017 ], [ -115.792199330721601, 52.802951136780017 ], [ -115.792199330721601, 52.75295113678002 ] ] ] } },
{ "type": "Feature", "properties": { "value": 2, "label": "AQHI 2", "color": "#0099cb", "timestamp": "2026-09-16 17:00:00", "generated_at": "2026-09-16T23:31:17.755149", "nearest_km": 98.905374924137206, "n_points": 2, "weight_sum": 0.00017405316246442028, "confidence": "Low", "flagged": false }, "geometry": { "type": "Polygon", "coordinates": [ [ [ -115.742199330721604, 52.75295113678002 ], [ -115.692199330721607, 52.75295113678002 ], [ -115.692199330721607, 52.802951136780017 ], [ -115.742199330721604, 52.802951136780017 ], [ -115.742199330721604, 52.75295113678002 ] ] ] } },
{ "type": "Feature", "properties": { "value": 2, "label": "AQHI 2", "color": "#0099cb", "timestamp": "2026-09-16 17:00:00", "generated_at": "2026-09-16T23:31:17.755149", "nearest_km": 94.224035629461895, "n_points": 2, "weight_sum": 0.00018041114004171797, "confidence": "Low", "flagged": false }, "geometry": { "type": "Polygon", "coordinates": [ [ [ -115.692199330721607, 52.75295113678002 ], [ -115.64219933072161, 52.75295113678002 ], [ -115.64219933072161, 52.802951136780017 ], [ -115.692199330721607, 52.802951136780017 ], [ -115.692199330721607, 52.75295113678002 ] ] ] } },
{ "type": "Feature", "properties": { "value": 2, "label": "AQHI 2", "color": "#0099cb", "timestamp": "2026-09-16 17:00:00", "generated_at": "2026-09-16T23:31:17.755149", "nearest_km": 89.641896408543573, "n_points": 2, "weight_sum": 0.00018834852301952476, "confidence": "Low", "flagged": false }, "geometry": { "type": "Polygon", "coordinates": [ [ [ -115.64219933072161, 52.75295113678002 ], [ -115.592199330721613, 52.75295113678002 ], [ -115.592199330721613, 52.802951136780017 ], [ -115.64219933072161, 52.802951136780017 ], [ -115.64219933072161, 52.75295113678002 ] ] ] } },
{ "type": "Feature", "properties": { "value": 2, "label": "AQHI 2", "color": "#0099cb", "timestamp": "2026-09-16 17:00:00", "generated_at": "2026-09-16T23:31:17.755149", "nearest_km": 85.174968700540191, "n_points": 2, "weight_sum": 0.00019806592174928915, "confidence": "Low", "flagged": false }, "geometry": { "type": "Polygon", "coordinates": [ [ [ -115.592199330721613, 52.75295113678002 ], [ -115.542199330721616, 52.75295113678002 ], [ -115.542199330721616, 52.802951136780017 ], [ -115.592199330721613, 52.802951136780017 ], [ -115.592199330721613, 52.75295113678002 ] ] ] } },
{ "type": "Feature", "properties": { "value": 2, "label": "AQHI 2", "color": "#0099cb", "timestamp": "2026-09-16 17:00:00", "generated_at": "2026-09-16T23:31:17.755149", "nearest_km": 49.548370447048491, "n_points": 4, "weight_sum": 0.00083250873410689076, "confidence": "Medium", "flagged": false }, "geometry": { "type": "Polygon", "coordinates": [ [ [ -117.39219933072151, 52.802951136780017 ], [ -117.342199330721513, 52.802951136780017 ], [ -117.342199330721513, 52.852951136780014 ], [ -117.39219933072151, 52.852951136780014 ], [ -117.39219933072151, 52.802951136780017 ] ] ] } },
{ "type": "Feature", "properties": { "value": 2, "label": "AQHI 2", "color": "#0099cb", "timestamp": "2026-09-16 17:00:00", "generated_at": "2026-09-16T23:31:17.755149", "nearest_km": 45.987743820239658, "n_points": 4, "weight_sum": 0.00086892604617104042, "confidence": "Medium", "flagged": false }, "geometry": { "type": "Polygon", "coordinates": [ [ [ -117.342199330721513, 52.802951136780017 ], [ -117.292199330721516, 52.802951136780017 ], [ -117.292199330721516, 52.852951136780014 ], [ -117.342199330721513, 52.852951136780014 ], [ -117.342199330721513, 52.802951136780017 ] ] ] } },
{ "type": "Feature", "properties": { "value": 2, "label": "AQHI 2", "color": "#0099cb", "timestamp": "2026-09-16 17:00:00", "generated_at": "2026-09-16T23:31:17.755149", "nearest_km": 42.852177883907203, "n_points": 4, "weight_sum": 0.00091452938679792114, "confidence": "Medium", "flagged": false }, "geometry": { "type": "Polygon", "coordinates": [ [ [ -117.292199330721516, 52.802951136780017 ], [ -117.242199330721519, 52.802951136780017 ], [ -117.242199330721519, 52.852951136780014 ], [ -117.292199330721516, 52.852951136780014 ], [ -117.292199330721516, 52.802951136780017 ] ] ] } },
{ "type": "Feature", "properties": { "value": 2, "label": "AQHI 2", "color": "#0099cb", "timestamp": "2026-09-16 17:00:00", "generated_at": "2026-09-16T23:31:17.755149", "nearest_km": 40.241157005136593, "n_points": 4, "weight_sum": 0.00096407346171889518, "confidence": "Medium", "flagged": false }, "geometry": { "type": "Polygon", "coordinates": [ [ [ -117.242199330721519, 52.802951136780017 ], [ -117.192199330721522, 52.802951136780017 ], [ -117.192199330721522, 52.852951136780014 ], [ -117.242199330721519, 52.852951136780014 ], [ -117.242199330721519, 52.802951136780017 ] ] ] } },
{ "type": "Feature", "properties": { "value": 2, "label": "AQHI 2", "color": "#0099cb", "timestamp": "2026-09-16 17:00:00", "generated_at": "2026-09-16T23:31:17.755149", "nearest_km": 38.26221745835015, "n_points": 4, "weight_sum": 0.0010087480403606973, "confidence": "Medium", "flagged": false }, "geometry": { "type": "Polygon", "coordinates": [ [ [ -117.192199330721522, 52.802951136780017 ], [ -117.142199330721525, 52.802951136780017 ], [ -117.142199330721525, 52.852951136780014 ], [ -117.192199330721522, 52.852951136780014 ], [ -117.192199330721522, 52.802951136780017 ] ] ] } },
{ "type": "Feature", "properties": { "value": 2, "label": "AQHI 2", "color": "#0099cb", "timestamp": "2026-09-16 17:00:00", "generated_at": "2026-09-16T23:31:17.755149", "nearest_km": 37.016872538723334, "n_points": 4, "weight_sum": 0.0010370751014316922, "confidence": "Medium", "flagged": false }, "geometry": { "type": "Polygon", "coordinates": [ [ [ -117.142199330721525, 52.802951136780017 ], [ -117.092199330721527, 52.802951136780017 ], [ -117.092199330721527, 52.852951136780014 ], [ -117.142199330721525, 52.852951136780014 ], [ -117.142199330721525, 52.802951136780017 ] ] ] } },
{ "type": "Feature", "properties": { "value": 2, "label": "AQHI 2", "color": "#0099cb", "timestamp": "2026-09-16 17:00:00", "generated_at": "2026-09-16T23:31:17.755149", "nearest_km": 36.580123294845471, "n_points": 4, "weight_sum": 0.0010385322576449698, "confidence": "Medium", "flagged": false }, "geometry": { "type": "Polygon", "coordinates": [ [ [ -117.092199330721527, 52.802951136780017 ], [ -117.04219933072153, 52.802951136780017 ], [ -117.04219933072153, 52.852951136780014 ], [ -117.092199330721527, 52.852951136780014 ], [ -117.092199330721527, 52.802951136780017 ] ] ] } },
{ "type": "Feature", "properties": { "value": 2, "label": "AQHI 2", "color": "#0099cb", "timestamp": "2026-09-16 17:00:00", "generated_at": "2026-09-16T23:31:17.755149", "nearest_km": 36.980629902478626, "n_points": 4, "weight_sum": 0.0010085537960079101, "confidence": "Medium", "flagged": false }, "geometry": { "type": "Polygon", "coordinates": [ [ [ -117.04219933072153, 52.802951136780017 ], [ -116.992199330721533, 52.802951136780017 ], [ -116.992199330721533, 52.852951136780014 ], [ -117.04219933072153, 52.852951136780014 ], [ -117.04219933072153, 52.802951136780017 ] ] ] } },
{ "type": "Feature", "properties": { "value": 2, "label": "AQHI 2", "color": "#0099cb", "timestamp": "2026-09-16 17:00:00", "generated_at": "2026-09-16T23:31:17.755149", "nearest_km": 38.192061422527189, "n_points": 4, "weight_sum": 0.00095105658346873474, "confidence": "Medium", "flagged": false }, "geometry": { "type": "Polygon", "coordinates": [ [ [ -116.992199330721533, 52.802951136780017 ], [ -116.942199330721536, 52.802951136780017 ], [ -116.942199330721536, 52.852951136780014 ], [ -116.992199330721533, 52.852951136780014 ], [ -116.992199330721533, 52.802951136780017 ] ] ] } },
{ "type": "Feature", "properties": { "value": 2, "label": "AQHI 2", "color": "#0099cb", "timestamp": "2026-09-16 17:00:00", "generated_at": "2026-09-16T23:31:17.755149", "nearest_km": 40.141065300015093, "n_points": 4, "weight_sum": 0.00087610558939292061, "confidence": "Medium", "flagged": false }, "geometry": { "type": "Polygon", "coordinates": [ [ [ -116.942199330721536, 52.802951136780017 ], [ -116.892199330721539, 52.802951136780017 ], [ -116.892199330721539, 52.852951136780014 ], [ -116.942199330721536, 52.852951136780014 ], [ -116.942199330721536, 52.802951136780017 ] ] ] } },
{ "type": "Feature", "properties": { "value": 2, "label": "AQHI 2", "color": "#0099cb", "timestamp": "2026-09-16 17:00:00", "generated_at": "2026-09-16T23:31:17.755149", "nearest_km": 42.726826363984202, "n_points": 4, "weight_sum": 0.00079492056995400398, "confidence": "Medium", "flagged": false }, "geometry": { "type": "Polygon", "coordinates": [ [ [ -116.892199330721539, 52.802951136780017 ], [ -116.842199330721542, 52.802951136780017 ], [ -116.842199330721542, 52.852951136780014 ], [ -116.892199330721539, 52.852951136780014 ], [ -116.892199330721539, 52.802951136780017 ] ] ] } },
{ "type": "Feature", "properties": { "value": 2, "label": "AQHI 2", "color": "#0099cb", "timestamp": "2026-09-16 17:00:00", "generated_at": "2026-09-16T23:31:17.755149", "nearest_km": 45.84171963240501, "n_points": 4, "weight_sum": 0.00071610520100355807, "confidence": "Medium", "flagged": false }, "geometry": { "type": "Polygon", "coordinates": [ [ [ -116.842199330721542, 52.802951136780017 ], [ -116.792199330721544, 52.802951136780017 ], [ -116.792199330721544, 52.852951136780014 ], [ -116.842199330721542, 52.852951136780014 ], [ -116.842199330721542, 52.802951136780017 ] ] ] } },
{ "type": "Feature", "properties": { "value": 2, "label": "AQHI 2", "color": "#0099cb", "timestamp": "2026-09-16 17:00:00", "generated_at": "2026-09-16T23:31:17.755149", "nearest_km": 49.385724927087907, "n_points": 4, "weight_sum": 0.00064456427792608257, "confidence": "Medium", "flagged": false }, "geometry": { "type": "Polygon", "coordinates": [ [ [ -116.792199330721544, 52.802951136780017 ], [ -116.742199330721547, 52.802951136780017 ], [ -116.742199330721547, 52.852951136780014 ], [ -116.792199330721544, 52.852951136780014 ], [ -116.792199330721544, 52.802951136780017 ] ] ] } },
{ "type": "Feature", "properties": { "value": 2, "label": "AQHI 2", "color": "#0099cb", "timestamp": "2026-09-16 17:00:00", "generated_at": "2026-09-16T23:31:17.755149", "nearest_km": 53.273270917899815, "n_points": 4, "weight_sum": 0.0005821830641293068, "confidence": "Medium", "flagged": false }, "geometry": { "type": "Polygon", "coordinates": [ [ [ -116.742199330721547, 52.802951136780017 ], [ -116.69219933072155, 52.802951136780017 ], [ -116.69219933072155, 52.852951136780014 ], [ -116.742199330721547, 52.852951136780014 ], [ -116.742199330721547, 52.802951136780017 ] ] ] } },
{ "type": "Feature", "properties": { "value": 2, "label": "AQHI 2", "color": "#0099cb", "timestamp": "2026-09-16 17:00:00", "generated_at": "2026-09-16T23:31:17.755149", "nearest_km": 57.434640784198358, "n_points": 3, "weight_sum": 0.00048762330549917491, "confidence": "Medium", "flagged": false }, "geometry": { "type": "Polygon", "coordinates": [ [ [ -116.69219933072155, 52.802951136780017 ], [ -116.642199330721553, 52.802951136780017 ], [ -116.642199330721553, 52.852951136780014 ], [ -116.69219933072155, 52.852951136780014 ], [ -116.69219933072155, 52.802951136780017 ] ] ] } },
{ "type": "Feature", "properties": { "value": 2, "label": "AQHI 2", "color": "#0099cb", "timestamp": "2026-09-16 17:00:00", "generated_at": "2026-09-16T23:31:17.755149", "nearest_km": 61.814557587415003, "n_points": 3, "weight_sum": 0.00044545433225626744, "confidence": "Medium", "flagged": false }, "geometry": { "type": "Polygon", "coordinates": [ [ [ -116.642199330721553, 52.802951136780017 ], [ -116.592199330721556, 52.802951136780017 ], [ -116.592199330721556, 52.852951136780014 ], [ -116.642199330721553, 52.852951136780014 ], [ -116.642199330721553, 52.802951136780017 ] ] ] } },
{ "type": "Feature", "properties": { "value": 2, "label": "AQHI 2", "color": "#0099cb", "timestamp": "2026-09-16 17:00:00", "generated_at": "2026-09-16T23:31:17.755149", "nearest_km": 66.369767947807247, "n_points": 3, "weight_sum": 0.00040998175621530122, "confidence": "Medium", "flagged": false }, "geometry": { "type": "Polygon", "coordinates": [ [ [ -116.592199330721556, 52.802951136780017 ], [ -116.542199330721559, 52.802951136780017 ], [ -116.542199330721559, 52.852951136780014 ], [ -116.592199330721556, 52.852951136780014 ], [ -116.592199330721556, 52.802951136780017 ] ] ] } },
{ "type": "Feature", "properties": { "value": 2, "label": "AQHI 2", "color": "#0099cb", "timestamp": "2026-09-16 17:00:00", "generated_at": "2026-09-16T23:31:17.755149", "nearest_km": 71.066572065660466, "n_points": 3, "weight_sum": 0.00037993500116645829, "confidence": "Medium", "flagged": false }, "geometry": { "type": "Polygon", "coordinates": [ [ [ -116.542199330721559, 52.802951136780017 ], [ -116.492199330721562, 52.802951136780017 ], [ -116.492199330721562, 52.852951136780014 ], [ -116.542199330721559, 52.852951136780014 ], [ -116.542199330721559, 52.802951136780017 ] ] ] } },
{ "type": "Feature", "properties": { "value": 2, "label": "AQHI 2", "color": "#0099cb", "timestamp": "2026-09-16 17:00:00", "generated_at": "2026-09-16T23:31:17.755149", "nearest_km": 75.878681017013179, "n_points": 3, "weight_sum": 0.00035415481044208939, "confidence": "Low", "flagged": false }, "geometry": { "type": "Polygon", "coordinates": [ [ [ -116.492199330721562, 52.802951136780017 ], [ -116.442199330721564, 52.802951136780017 ], [ -116.442199330721564, 52.852951136780014 ], [ -116.492199330721562, 52.852951136780014 ], [ -116.492199330721562, 52.802951136780017 ] ] ] } },
{ "type": "Feature", "properties": { "value": 2, "label": "AQHI 2", "color": "#0099cb", "timestamp": "2026-09-16 17:00:00", "generated_at": "2026-09-16T23:31:17.755149", "nearest_km": 80.785492513195408, "n_points": 3, "weight_sum": 0.00033165245597834654, "confidence": "Low", "flagged": false }, "geometry": { "type": "Polygon", "coordinates": [ [ [ -116.442199330721564, 52.802951136780017 ], [ -116.392199330721567, 52.802951136780017 ], [ -116.392199330721567, 52.852951136780014 ], [ -116.442199330721564, 52.852951136780014 ], [ -116.442199330721564, 52.802951136780017 ] ] ] } },
{ "type": "Feature", "properties": { "value": 2, "label": "AQHI 2", "color": "#0099cb", "timestamp": "2026-09-16 17:00:00", "generated_at": "2026-09-16T23:31:17.755149", "nearest_km": 85.770754737949346, "n_points": 3, "weight_sum": 0.00031162425166581149, "confidence": "Low", "flagged": false }, "geometry": { "type": "Polygon", "coordinates": [ [ [ -116.392199330721567, 52.802951136780017 ], [ -116.34219933072157, 52.802951136780017 ], [ -116.34219933072157, 52.852951136780014 ], [ -116.392199330721567, 52.852951136780014 ], [ -116.392199330721567, 52.802951136780017 ] ] ] } },
{ "type": "Feature", "properties": { "value": 2, "label": "AQHI 2", "color": "#0099cb", "timestamp": "2026-09-16 17:00:00", "generated_at": "2026-09-16T23:31:17.755149", "nearest_km": 87.942633262184913, "n_points": 2, "weight_sum": 0.00025053412848142478, "confidence": "Low", "flagged": false }, "geometry": { "type": "Polygon", "coordinates": [ [ [ -116.34219933072157, 52.802951136780017 ], [ -116.292199330721573, 52.802951136780017 ], [ -116.292199330721573, 52.852951136780014 ], [ -116.34219933072157, 52.852951136780014 ], [ -116.34219933072157, 52.802951136780017 ] ] ] } },
{ "type": "Feature", "properties": { "value": 2, "label": "AQHI 2", "color": "#0099cb", "timestamp": "2026-09-16 17:00:00", "generated_at": "2026-09-16T23:31:17.755149", "nearest_km": 88.470487867452775, "n_points": 2, "weight_sum": 0.00023643338674862293, "confidence": "Low", "flagged": false }, "geometry": { "type": "Polygon", "coordinates": [ [ [ -116.292199330721573, 52.802951136780017 ], [ -116.242199330721576, 52.802951136780017 ], [ -116.242199330721576, 52.852951136780014 ], [ -116.292199330721573, 52.852951136780014 ], [ -116.292199330721573, 52.802951136780017 ] ] ] } },
{ "type": "Feature", "properties": { "value": 2, "label": "AQHI 2", "color": "#0099cb", "timestamp": "2026-09-16 17:00:00", "generated_at": "2026-09-16T23:31:17.755149", "nearest_km": 89.340655369898968, "n_points": 3, "weight_sum": 0.00026931303656487632, "confidence": "Low", "flagged": false }, "geometry": { "type": "Polygon", "coordinates": [ [ [ -116.242199330721576, 52.802951136780017 ], [ -116.192199330721579, 52.802951136780017 ], [ -116.192199330721579, 52.852951136780014 ], [ -116.242199330721576, 52.852951136780014 ], [ -116.242199330721576, 52.802951136780017 ] ] ] } },
{ "type": "Feature", "properties": { "value": 2, "label": "AQHI 2", "color": "#0099cb", "timestamp": "2026-09-16 17:00:00", "generated_at": "2026-09-16T23:31:17.755149", "nearest_km": 90.543266896777027, "n_points": 3, "weight_sum": 0.00026015836230503729, "confidence": "Low", "flagged": false }, "geometry": { "type": "Polygon", "coordinates": [ [ [ -116.192199330721579, 52.802951136780017 ], [ -116.142199330721581, 52.802951136780017 ], [ -116.142199330721581, 52.852951136780014 ], [ -116.192199330721579, 52.852951136780014 ], [ -116.192199330721579, 52.802951136780017 ] ] ] } },
{ "type": "Feature", "properties": { "value": 2, "label": "AQHI 2", "color": "#0099cb", "timestamp": "2026-09-16 17:00:00", "generated_at": "2026-09-16T23:31:17.755149", "nearest_km": 92.065295626304973, "n_points": 3, "weight_sum": 0.00025192515030624869, "confidence": "Low", "flagged": false }, "geometry": { "type": "Polygon", "coordinates": [ [ [ -116.142199330721581, 52.802951136780017 ], [ -116.092199330721584, 52.802951136780017 ], [ -116.092199330721584, 52.852951136780014 ], [ -116.142199330721581, 52.852951136780014 ], [ -116.142199330721581, 52.802951136780017 ] ] ] } },
{ "type": "Feature", "properties": { "value": 2, "label": "AQHI 2", "color": "#0099cb", "timestamp": "2026-09-16 17:00:00", "generated_at": "2026-09-16T23:31:17.755149", "nearest_km": 93.891209051629858, "n_points": 3, "weight_sum": 0.00024462386352978752, "confidence": "Low", "flagged": false }, "geometry": { "type": "Polygon", "coordinates": [ [ [ -116.092199330721584, 52.802951136780017 ], [ -116.042199330721587, 52.802951136780017 ], [ -116.042199330721587, 52.852951136780014 ], [ -116.092199330721584, 52.852951136780014 ], [ -116.092199330721584, 52.802951136780017 ] ] ] } },
{ "type": "Feature", "properties": { "value": 2, "label": "AQHI 2", "color": "#0099cb", "timestamp": "2026-09-16 17:00:00", "generated_at": "2026-09-16T23:31:17.755149", "nearest_km": 96.003669802746487, "n_points": 3, "weight_sum": 0.00023831325789460561, "confidence": "Low", "flagged": false }, "geometry": { "type": "Polygon", "coordinates": [ [ [ -116.042199330721587, 52.802951136780017 ], [ -115.99219933072159, 52.802951136780017 ], [ -115.99219933072159, 52.852951136780014 ], [ -116.042199330721587, 52.852951136780014 ], [ -116.042199330721587, 52.802951136780017 ] ] ] } },
{ "type": "Feature", "properties": { "value": 2, "label": "AQHI 2", "color": "#0099cb", "timestamp": "2026-09-16 17:00:00", "generated_at": "2026-09-16T23:31:17.755149", "nearest_km": 98.38422177368021, "n_points": 3, "weight_sum": 0.00023308513550162485, "confidence": "Low", "flagged": false }, "geometry": { "type": "Polygon", "coordinates": [ [ [ -115.99219933072159, 52.802951136780017 ], [ -115.942199330721593, 52.802951136780017 ], [ -115.942199330721593, 52.852951136780014 ], [ -115.99219933072159, 52.852951136780014 ], [ -115.99219933072159, 52.802951136780017 ] ] ] } },
{ "type": "Feature", "properties": { "value": 2, "label": "AQHI 2", "color": "#0099cb", "timestamp": "2026-09-16 17:00:00", "generated_at": "2026-09-16T23:31:17.755149", "nearest_km": 101.01391276666099, "n_points": 3, "weight_sum": 0.00022905394151925308, "confidence": "Low", "flagged": false }, "geometry": { "type": "Polygon", "coordinates": [ [ [ -115.942199330721593, 52.802951136780017 ], [ -115.892199330721596, 52.802951136780017 ], [ -115.892199330721596, 52.852951136780014 ], [ -115.942199330721593, 52.852951136780014 ], [ -115.942199330721593, 52.802951136780017 ] ] ] } },
{ "type": "Feature", "properties": { "value": 2, "label": "AQHI 2", "color": "#0099cb", "timestamp": "2026-09-16 17:00:00", "generated_at": "2026-09-16T23:31:17.755149", "nearest_km": 103.87382274109534, "n_points": 3, "weight_sum": 0.00022635100730373887, "confidence": "Low", "flagged": false }, "geometry": { "type": "Polygon", "coordinates": [ [ [ -115.892199330721596, 52.802951136780017 ], [ -115.842199330721598, 52.802951136780017 ], [ -115.842199330721598, 52.852951136780014 ], [ -115.892199330721596, 52.852951136780014 ], [ -115.892199330721596, 52.802951136780017 ] ] ] } },
{ "type": "Feature", "properties": { "value": 2, "label": "AQHI 2", "color": "#0099cb", "timestamp": "2026-09-16 17:00:00", "generated_at": "2026-09-16T23:31:17.755149", "nearest_km": 105.97442797238824, "n_points": 3, "weight_sum": 0.00022512279927815621, "confidence": "Low", "flagged": false }, "geometry": { "type": "Polygon", "coordinates": [ [ [ -115.842199330721598, 52.802951136780017 ], [ -115.792199330721601, 52.802951136780017 ], [ -115.792199330721601, 52.852951136780014 ], [ -115.842199330721598, 52.852951136780014 ], [ -115.842199330721598, 52.802951136780017 ] ] ] } },
{ "type": "Feature", "properties": { "value": 2, "label": "AQHI 2", "color": "#0099cb", "timestamp": "2026-09-16 17:00:00", "generated_at": "2026-09-16T23:31:17.755149", "nearest_km": 101.01121267212307, "n_points": 3, "weight_sum": 0.00022553228443237882, "confidence": "Low", "flagged": false }, "geometry": { "type": "Polygon", "coordinates": [ [ [ -115.792199330721601, 52.802951136780017 ], [ -115.742199330721604, 52.802951136780017 ], [ -115.742199330721604, 52.852951136780014 ], [ -115.792199330721601, 52.852951136780014 ], [ -115.792199330721601, 52.802951136780017 ] ] ] } },
{ "type": "Feature", "properties": { "value": 2, "label": "AQHI 2", "color": "#0099cb", "timestamp": "2026-09-16 17:00:00", "generated_at": "2026-09-16T23:31:17.755149", "nearest_km": 96.112204151766505, "n_points": 2, "weight_sum": 0.00018566940801416633, "confidence": "Low", "flagged": false }, "geometry": { "type": "Polygon", "coordinates": [ [ [ -115.742199330721604, 52.802951136780017 ], [ -115.692199330721607, 52.802951136780017 ], [ -115.692199330721607, 52.852951136780014 ], [ -115.742199330721604, 52.852951136780014 ], [ -115.742199330721604, 52.802951136780017 ] ] ] } },
{ "type": "Feature", "properties": { "value": 2, "label": "AQHI 2", "color": "#0099cb", "timestamp": "2026-09-16 17:00:00", "generated_at": "2026-09-16T23:31:17.755149", "nearest_km": 91.287740076796709, "n_points": 2, "weight_sum": 0.0001927273540301604, "confidence": "Low", "flagged": false }, "geometry": { "type": "Polygon", "coordinates": [ [ [ -115.692199330721607, 52.802951136780017 ], [ -115.64219933072161, 52.802951136780017 ], [ -115.64219933072161, 52.852951136780014 ], [ -115.692199330721607, 52.852951136780014 ], [ -115.692199330721607, 52.802951136780017 ] ] ] } },
{ "type": "Feature", "properties": { "value": 2, "label": "AQHI 2", "color": "#0099cb", "timestamp": "2026-09-16 17:00:00", "generated_at": "2026-09-16T23:31:17.755149", "nearest_km": 86.550287057564105, "n_points": 2, "weight_sum": 0.00020178337016238081, "confidence": "Low", "flagged": false }, "geometry": { "type": "Polygon", "coordinates": [ [ [ -115.64219933072161, 52.802951136780017 ], [ -115.592199330721613, 52.802951136780017 ], [ -115.592199330721613, 52.852951136780014 ], [ -115.64219933072161, 52.852951136780014 ], [ -115.64219933072161, 52.802951136780017 ] ] ] } },
{ "type": "Feature", "properties": { "value": 2, "label": "AQHI 2", "color": "#0099cb", "timestamp": "2026-09-16 17:00:00", "generated_at": "2026-09-16T23:31:17.755149", "nearest_km": 81.914943027293219, "n_points": 2, "weight_sum": 0.00021313570243453104, "confidence": "Low", "flagged": false }, "geometry": { "type": "Polygon", "coordinates": [ [ [ -115.592199330721613, 52.802951136780017 ], [ -115.542199330721616, 52.802951136780017 ], [ -115.542199330721616, 52.852951136780014 ], [ -115.592199330721613, 52.852951136780014 ], [ -115.592199330721613, 52.802951136780017 ] ] ] } },
{ "type": "Feature", "properties": { "value": 2, "label": "AQHI 2", "color": "#0099cb", "timestamp": "2026-09-16 17:00:00", "generated_at": "2026-09-16T23:31:17.755149", "nearest_km": 77.400055507619825, "n_points": 2, "weight_sum": 0.00022710487262737723, "confidence": "Low", "flagged": false }, "geometry": { "type": "Polygon", "coordinates": [ [ [ -115.542199330721616, 52.802951136780017 ], [ -115.492199330721618, 52.802951136780017 ], [ -115.492199330721618, 52.852951136780014 ], [ -115.542199330721616, 52.852951136780014 ], [ -115.542199330721616, 52.802951136780017 ] ] ] } },
{ "type": "Feature", "properties": { "value": 2, "label": "AQHI 2", "color": "#0099cb", "timestamp": "2026-09-16 17:00:00", "generated_at": "2026-09-16T23:31:17.755149", "nearest_km": 54.267469299282062, "n_points": 4, "weight_sum": 0.00088212931217517519, "confidence": "Medium", "flagged": false }, "geometry": { "type": "Polygon", "coordinates": [ [ [ -117.492199330721505, 52.852951136780014 ], [ -117.442199330721508, 52.852951136780014 ], [ -117.442199330721508, 52.902951136780011 ], [ -117.492199330721505, 52.902951136780011 ], [ -117.492199330721505, 52.852951136780014 ] ] ] } },
{ "type": "Feature", "properties": { "value": 2, "label": "AQHI 2", "color": "#0099cb", "timestamp": "2026-09-16 17:00:00", "generated_at": "2026-09-16T23:31:17.755149", "nearest_km": 49.815457358801567, "n_points": 4, "weight_sum": 0.00090494751137142472, "confidence": "Medium", "flagged": false }, "geometry": { "type": "Polygon", "coordinates": [ [ [ -117.442199330721508, 52.852951136780014 ], [ -117.39219933072151, 52.852951136780014 ], [ -117.39219933072151, 52.902951136780011 ], [ -117.442199330721508, 52.902951136780011 ], [ -117.442199330721508, 52.852951136780014 ] ] ] } },
{ "type": "Feature", "properties": { "value": 2, "label": "AQHI 2", "color": "#0099cb", "timestamp": "2026-09-16 17:00:00", "generated_at": "2026-09-16T23:31:17.755149", "nearest_km": 45.604894031064546, "n_points": 4, "weight_sum": 0.00094626989923811649, "confidence": "Medium", "flagged": false }, "geometry": { "type": "Polygon", "coordinates": [ [ [ -117.39219933072151, 52.852951136780014 ], [ -117.342199330721513, 52.852951136780014 ], [ -117.342199330721513, 52.902951136780011 ], [ -117.39219933072151, 52.902951136780011 ], [ -117.39219933072151, 52.852951136780014 ] ] ] } },
{ "type": "Feature", "properties": { "value": 2, "label": "AQHI 2", "color": "#0099cb", "timestamp": "2026-09-16 17:00:00", "generated_at": "2026-09-16T23:31:17.755149", "nearest_km": 41.708966989157965, "n_points": 4, "weight_sum": 0.0010070848477509366, "confidence": "Medium", "flagged": false }, "geometry": { "type": "Polygon", "coordinates": [ [ [ -117.342199330721513, 52.852951136780014 ], [ -117.292199330721516, 52.852951136780014 ], [ -117.292199330721516, 52.902951136780011 ], [ -117.342199330721513, 52.902951136780011 ], [ -117.342199330721513, 52.852951136780014 ] ] ] } },
{ "type": "Feature", "properties": { "value": 2, "label": "AQHI 2", "color": "#0099cb", "timestamp": "2026-09-16 17:00:00", "generated_at": "2026-09-16T23:31:17.755149", "nearest_km": 38.224004173041628, "n_points": 4, "weight_sum": 0.0010865450886195949, "confidence": "Medium", "flagged": false }, "geometry": { "type": "Polygon", "coordinates": [ [ [ -117.292199330721516, 52.852951136780014 ], [ -117.242199330721519, 52.852951136780014 ], [ -117.242199330721519, 52.902951136780011 ], [ -117.292199330721516, 52.902951136780011 ], [ -117.292199330721516, 52.852951136780014 ] ] ] } },
{ "type": "Feature", "properties": { "value": 2, "label": "AQHI 2", "color": "#0099cb", "timestamp": "2026-09-16 17:00:00", "generated_at": "2026-09-16T23:31:17.755149", "nearest_km": 35.272029467252544, "n_points": 4, "weight_sum": 0.0011787852818063637, "confidence": "Medium", "flagged": false }, "geometry": { "type": "Polygon", "coordinates": [ [ [ -117.242199330721519, 52.852951136780014 ], [ -117.192199330721522, 52.852951136780014 ], [ -117.192199330721522, 52.902951136780011 ], [ -117.242199330721519, 52.902951136780011 ], [ -117.242199330721519, 52.852951136780014 ] ] ] } },
{ "type": "Feature", "properties": { "value": 2, "label": "AQHI 2", "color": "#0099cb", "timestamp": "2026-09-16 17:00:00", "generated_at": "2026-09-16T23:31:17.755149", "nearest_km": 32.996403295764722, "n_points": 4, "weight_sum": 0.0012693717318502541, "confidence": "Medium", "flagged": false }, "geometry": { "type": "Polygon", "coordinates": [ [ [ -117.192199330721522, 52.852951136780014 ], [ -117.142199330721525, 52.852951136780014 ], [ -117.142199330721525, 52.902951136780011 ], [ -117.192199330721522, 52.902951136780011 ], [ -117.192199330721522, 52.852951136780014 ] ] ] } },
{ "type": "Feature", "properties": { "value": 2, "label": "AQHI 2", "color": "#0099cb", "timestamp": "2026-09-16 17:00:00", "generated_at": "2026-09-16T23:31:17.755149", "nearest_km": 31.54384564657213, "n_points": 4, "weight_sum": 0.0013347735795399491, "confidence": "Medium", "flagged": false }, "geometry": { "type": "Polygon", "coordinates": [ [ [ -117.142199330721525, 52.852951136780014 ], [ -117.092199330721527, 52.852951136780014 ], [ -117.092199330721527, 52.902951136780011 ], [ -117.142199330721525, 52.902951136780011 ], [ -117.142199330721525, 52.852951136780014 ] ] ] } },
{ "type": "Feature", "properties": { "value": 2, "label": "AQHI 2", "color": "#0099cb", "timestamp": "2026-09-16 17:00:00", "generated_at": "2026-09-16T23:31:17.755149", "nearest_km": 31.030158973050309, "n_points": 4, "weight_sum": 0.0013500568457095997, "confidence": "Medium", "flagged": false }, "geometry": { "type": "Polygon", "coordinates": [ [ [ -117.092199330721527, 52.852951136780014 ], [ -117.04219933072153, 52.852951136780014 ], [ -117.04219933072153, 52.902951136780011 ], [ -117.092199330721527, 52.902951136780011 ], [ -117.092199330721527, 52.852951136780014 ] ] ] } },
{ "type": "Feature", "properties": { "value": 2, "label": "AQHI 2", "color": "#0099cb", "timestamp": "2026-09-16 17:00:00", "generated_at": "2026-09-16T23:31:17.755149", "nearest_km": 31.501306855601634, "n_points": 4, "weight_sum": 0.0013036684854376454, "confidence": "Medium", "flagged": false }, "geometry": { "type": "Polygon", "coordinates": [ [ [ -117.04219933072153, 52.852951136780014 ], [ -116.992199330721533, 52.852951136780014 ], [ -116.992199330721533, 52.902951136780011 ], [ -117.04219933072153, 52.902951136780011 ], [ -117.04219933072153, 52.852951136780014 ] ] ] } },
{ "type": "Feature", "properties": { "value": 2, "label": "AQHI 2", "color": "#0099cb", "timestamp": "2026-09-16 17:00:00", "generated_at": "2026-09-16T23:31:17.755149", "nearest_km": 32.915025464501277, "n_points": 4, "weight_sum": 0.0012059222701400656, "confidence": "Medium", "flagged": false }, "geometry": { "type": "Polygon", "coordinates": [ [ [ -116.992199330721533, 52.852951136780014 ], [ -116.942199330721536, 52.852951136780014 ], [ -116.942199330721536, 52.902951136780011 ], [ -116.992199330721533, 52.902951136780011 ], [ -116.992199330721533, 52.852951136780014 ] ] ] } },
{ "type": "Feature", "properties": { "value": 2, "label": "AQHI 2", "color": "#0099cb", "timestamp": "2026-09-16 17:00:00", "generated_at": "2026-09-16T23:31:17.755149", "nearest_km": 35.157793859210706, "n_points": 4, "weight_sum": 0.0010811604027505608, "confidence": "Medium", "flagged": false }, "geometry": { "type": "Polygon", "coordinates": [ [ [ -116.942199330721536, 52.852951136780014 ], [ -116.892199330721539, 52.852951136780014 ], [ -116.892199330721539, 52.902951136780011 ], [ -116.942199330721536, 52.902951136780011 ], [ -116.942199330721536, 52.852951136780014 ] ] ] } },
{ "type": "Feature", "properties": { "value": 2, "label": "AQHI 2", "color": "#0099cb", "timestamp": "2026-09-16 17:00:00", "generated_at": "2026-09-16T23:31:17.755149", "nearest_km": 38.083422072664803, "n_points": 4, "weight_sum": 0.00095291111895611598, "confidence": "Medium", "flagged": false }, "geometry": { "type": "Polygon", "coordinates": [ [ [ -116.892199330721539, 52.852951136780014 ], [ -116.842199330721542, 52.852951136780014 ], [ -116.842199330721542, 52.902951136780011 ], [ -116.892199330721539, 52.902951136780011 ], [ -116.892199330721539, 52.852951136780014 ] ] ] } },
{ "type": "Feature", "properties": { "value": 2, "label": "AQHI 2", "color": "#0099cb", "timestamp": "2026-09-16 17:00:00", "generated_at": "2026-09-16T23:31:17.755149", "nearest_km": 41.547907341798876, "n_points": 4, "weight_sum": 0.00083575698304801267, "confidence": "Medium", "flagged": false }, "geometry": { "type": "Polygon", "coordinates": [ [ [ -116.842199330721542, 52.852951136780014 ], [ -116.792199330721544, 52.852951136780014 ], [ -116.792199330721544, 52.902951136780011 ], [ -116.842199330721542, 52.902951136780011 ], [ -116.842199330721542, 52.852951136780014 ] ] ] } },
{ "type": "Feature", "properties": { "value": 2, "label": "AQHI 2", "color": "#0099cb", "timestamp": "2026-09-16 17:00:00", "generated_at": "2026-09-16T23:31:17.755149", "nearest_km": 45.428131947072956, "n_points": 4, "weight_sum": 0.00073553835449058445, "confidence": "Medium", "flagged": false }, "geometry": { "type": "Polygon", "coordinates": [ [ [ -116.792199330721544, 52.852951136780014 ], [ -116.742199330721547, 52.852951136780014 ], [ -116.742199330721547, 52.902951136780011 ], [ -116.792199330721544, 52.902951136780011 ], [ -116.792199330721544, 52.852951136780014 ] ] ] } },
{ "type": "Feature", "properties": { "value": 2, "label": "AQHI 2", "color": "#0099cb", "timestamp": "2026-09-16 17:00:00", "generated_at": "2026-09-16T23:31:17.755149", "nearest_km": 49.626673673727396, "n_points": 4, "weight_sum": 0.00065270968807868172, "confidence": "Medium", "flagged": false }, "geometry": { "type": "Polygon", "coordinates": [ [ [ -116.742199330721547, 52.852951136780014 ], [ -116.69219933072155, 52.852951136780014 ], [ -116.69219933072155, 52.902951136780011 ], [ -116.742199330721547, 52.902951136780011 ], [ -116.742199330721547, 52.852951136780014 ] ] ] } },
{ "type": "Feature", "properties": { "value": 2, "label": "AQHI 2", "color": "#0099cb", "timestamp": "2026-09-16 17:00:00", "generated_at": "2026-09-16T23:31:17.755149", "nearest_km": 54.069430435659108, "n_points": 3, "weight_sum": 0.00054383697305763698, "confidence": "Medium", "flagged": false }, "geometry": { "type": "Polygon", "coordinates": [ [ [ -116.69219933072155, 52.852951136780014 ], [ -116.642199330721553, 52.852951136780014 ], [ -116.642199330721553, 52.902951136780011 ], [ -116.69219933072155, 52.902951136780011 ], [ -116.69219933072155, 52.852951136780014 ] ] ] } },
{ "type": "Feature", "properties": { "value": 2, "label": "AQHI 2", "color": "#0099cb", "timestamp": "2026-09-16 17:00:00", "generated_at": "2026-09-16T23:31:17.755149", "nearest_km": 58.700978487198348, "n_points": 3, "weight_sum": 0.00049189967015341829, "confidence": "Medium", "flagged": false }, "geometry": { "type": "Polygon", "coordinates": [ [ [ -116.642199330721553, 52.852951136780014 ], [ -116.592199330721556, 52.852951136780014 ], [ -116.592199330721556, 52.902951136780011 ], [ -116.642199330721553, 52.902951136780011 ], [ -116.642199330721553, 52.852951136780014 ] ] ] } },
{ "type": "Feature", "properties": { "value": 2, "label": "AQHI 2", "color": "#0099cb", "timestamp": "2026-09-16 17:00:00", "generated_at": "2026-09-16T23:31:17.755149", "nearest_km": 63.480008215756087, "n_points": 3, "weight_sum": 0.00044970119459587348, "confidence": "Medium", "flagged": false }, "geometry": { "type": "Polygon", "coordinates": [ [ [ -116.592199330721556, 52.852951136780014 ], [ -116.542199330721559, 52.852951136780014 ], [ -116.542199330721559, 52.902951136780011 ], [ -116.592199330721556, 52.902951136780011 ], [ -116.592199330721556, 52.852951136780014 ] ] ] } },
{ "type": "Feature", "properties": { "value": 2, "label": "AQHI 2", "color": "#0099cb", "timestamp": "2026-09-16 17:00:00", "generated_at": "2026-09-16T23:31:17.755149", "nearest_km": 68.375602452851481, "n_points": 3, "weight_sum": 0.00041495723815089465, "confidence": "Medium", "flagged": false }, "geometry": { "type": "Polygon", "coordinates": [ [ [ -116.542199330721559, 52.852951136780014 ], [ -116.492199330721562, 52.852951136780014 ], [ -116.492199330721562, 52.902951136780011 ], [ -116.542199330721559, 52.902951136780011 ], [ -116.542199330721559, 52.852951136780014 ] ] ] } },
{ "type": "Feature", "properties": { "value": 2, "label": "AQHI 2", "color": "#0099cb", "timestamp": "2026-09-16 17:00:00", "generated_at": "2026-09-16T23:31:17.755149", "nearest_km": 73.364429926963339, "n_points": 3, "weight_sum": 0.00038578941320098844, "confidence": "Medium", "flagged": false }, "geometry": { "type": "Polygon", "coordinates": [ [ [ -116.492199330721562, 52.852951136780014 ], [ -116.442199330721564, 52.852951136780014 ], [ -116.442199330721564, 52.902951136780011 ], [ -116.492199330721562, 52.902951136780011 ], [ -116.492199330721562, 52.852951136780014 ] ] ] } },
{ "type": "Feature", "properties": { "value": 2, "label": "AQHI 2", "color": "#0099cb", "timestamp": "2026-09-16 17:00:00", "generated_at": "2026-09-16T23:31:17.755149", "nearest_km": 78.428701036203776, "n_points": 3, "weight_sum": 0.000360706913573962, "confidence": "Low", "flagged": false }, "geometry": { "type": "Polygon", "coordinates": [ [ [ -116.442199330721564, 52.852951136780014 ], [ -116.392199330721567, 52.852951136780014 ], [ -116.392199330721567, 52.902951136780011 ], [ -116.442199330721564, 52.902951136780011 ], [ -116.442199330721564, 52.852951136780014 ] ] ] } },
{ "type": "Feature", "properties": { "value": 2, "label": "AQHI 2", "color": "#0099cb", "timestamp": "2026-09-16 17:00:00", "generated_at": "2026-09-16T23:31:17.755149", "nearest_km": 82.213269909400253, "n_points": 3, "weight_sum": 0.00033856282410630538, "confidence": "Low", "flagged": false }, "geometry": { "type": "Polygon", "coordinates": [ [ [ -116.392199330721567, 52.852951136780014 ], [ -116.34219933072157, 52.852951136780014 ], [ -116.34219933072157, 52.902951136780011 ], [ -116.392199330721567, 52.902951136780011 ], [ -116.392199330721567, 52.852951136780014 ] ] ] } },
{ "type": "Feature", "properties": { "value": 2, "label": "AQHI 2", "color": "#0099cb", "timestamp": "2026-09-16 17:00:00", "generated_at": "2026-09-16T23:31:17.755149", "nearest_km": 82.404716052018898, "n_points": 2, "weight_sum": 0.00027427498773792435, "confidence": "Low", "flagged": false }, "geometry": { "type": "Polygon", "coordinates": [ [ [ -116.34219933072157, 52.852951136780014 ], [ -116.292199330721573, 52.852951136780014 ], [ -116.292199330721573, 52.902951136780011 ], [ -116.34219933072157, 52.902951136780011 ], [ -116.34219933072157, 52.852951136780014 ] ] ] } },
{ "type": "Feature", "properties": { "value": 2, "label": "AQHI 2", "color": "#0099cb", "timestamp": "2026-09-16 17:00:00", "generated_at": "2026-09-16T23:31:17.755149", "nearest_km": 82.967811264561007, "n_points": 2, "weight_sum": 0.00025856222772312453, "confidence": "Low", "flagged": false }, "geometry": { "type": "Polygon", "coordinates": [ [ [ -116.292199330721573, 52.852951136780014 ], [ -116.242199330721576, 52.852951136780014 ], [ -116.242199330721576, 52.902951136780011 ], [ -116.292199330721573, 52.902951136780011 ], [ -116.292199330721573, 52.852951136780014 ] ] ] } },
{ "type": "Feature", "properties": { "value": 2, "label": "AQHI 2", "color": "#0099cb", "timestamp": "2026-09-16 17:00:00", "generated_at": "2026-09-16T23:31:17.755149", "nearest_km": 83.895072468231191, "n_points": 3, "weight_sum": 0.00029088944563395976, "confidence": "Low", "flagged": false }, "geometry": { "type": "Polygon", "coordinates": [ [ [ -116.242199330721576, 52.852951136780014 ], [ -116.192199330721579, 52.852951136780014 ], [ -116.192199330721579, 52.902951136780011 ], [ -116.242199330721576, 52.902951136780011 ], [ -116.242199330721576, 52.852951136780014 ] ] ] } },
{ "type": "Feature", "properties": { "value": 2, "label": "AQHI 2", "color": "#0099cb", "timestamp": "2026-09-16 17:00:00", "generated_at": "2026-09-16T23:31:17.755149", "nearest_km": 85.174606913490962, "n_points": 3, "weight_sum": 0.00028028241050956978, "confidence": "Low", "flagged": false }, "geometry": { "type": "Polygon", "coordinates": [ [ [ -116.192199330721579, 52.852951136780014 ], [ -116.142199330721581, 52.852951136780014 ], [ -116.142199330721581, 52.902951136780011 ], [ -116.192199330721579, 52.902951136780011 ], [ -116.192199330721579, 52.852951136780014 ] ] ] } },
{ "type": "Feature", "properties": { "value": 2, "label": "AQHI 2", "color": "#0099cb", "timestamp": "2026-09-16 17:00:00", "generated_at": "2026-09-16T23:31:17.755149", "nearest_km": 86.790835583520206, "n_points": 3, "weight_sum": 0.00027062392393885018, "confidence": "Low", "flagged": false }, "geometry": { "type": "Polygon", "coordinates": [ [ [ -116.142199330721581, 52.852951136780014 ], [ -116.092199330721584, 52.852951136780014 ], [ -116.092199330721584, 52.902951136780011 ], [ -116.142199330721581, 52.902951136780011 ], [ -116.142199330721581, 52.852951136780014 ] ] ] } },
{ "type": "Feature", "properties": { "value": 2, "label": "AQHI 2", "color": "#0099cb", "timestamp": "2026-09-16 17:00:00", "generated_at": "2026-09-16T23:31:17.755149", "nearest_km": 88.725360634395656, "n_points": 3, "weight_sum": 0.0002619560878984976, "confidence": "Low", "flagged": false }, "geometry": { "type": "Polygon", "coordinates": [ [ [ -116.092199330721584, 52.852951136780014 ], [ -116.042199330721587, 52.852951136780014 ], [ -116.042199330721587, 52.902951136780011 ], [ -116.092199330721584, 52.902951136780011 ], [ -116.092199330721584, 52.852951136780014 ] ] ] } },
{ "type": "Feature", "properties": { "value": 2, "label": "AQHI 2", "color": "#0099cb", "timestamp": "2026-09-16 17:00:00", "generated_at": "2026-09-16T23:31:17.755149", "nearest_km": 90.957875404615095, "n_points": 3, "weight_sum": 0.00025437699098162668, "confidence": "Low", "flagged": false }, "geometry": { "type": "Polygon", "coordinates": [ [ [ -116.042199330721587, 52.852951136780014 ], [ -115.99219933072159, 52.852951136780014 ], [ -115.99219933072159, 52.902951136780011 ], [ -116.042199330721587, 52.902951136780011 ], [ -116.042199330721587, 52.852951136780014 ] ] ] } },
{ "type": "Feature", "properties": { "value": 2, "label": "AQHI 2", "color": "#0099cb", "timestamp": "2026-09-16 17:00:00", "generated_at": "2026-09-16T23:31:17.755149", "nearest_km": 93.467029355486616, "n_points": 3, "weight_sum": 0.00024801925886727087, "confidence": "Low", "flagged": false }, "geometry": { "type": "Polygon", "coordinates": [ [ [ -115.99219933072159, 52.852951136780014 ], [ -115.942199330721593, 52.852951136780014 ], [ -115.942199330721593, 52.902951136780011 ], [ -115.99219933072159, 52.902951136780011 ], [ -115.99219933072159, 52.852951136780014 ] ] ] } },
{ "type": "Feature", "properties": { "value": 2, "label": "AQHI 2", "color": "#0099cb", "timestamp": "2026-09-16 17:00:00", "generated_at": "2026-09-16T23:31:17.755149", "nearest_km": 96.231185459586357, "n_points": 3, "weight_sum": 0.0002430367470736544, "confidence": "Low", "flagged": false }, "geometry": { "type": "Polygon", "coordinates": [ [ [ -115.942199330721593, 52.852951136780014 ], [ -115.892199330721596, 52.852951136780014 ], [ -115.892199330721596, 52.902951136780011 ], [ -115.942199330721593, 52.902951136780011 ], [ -115.942199330721593, 52.852951136780014 ] ] ] } },
{ "type": "Feature", "properties": { "value": 2, "label": "AQHI 2", "color": "#0099cb", "timestamp": "2026-09-16 17:00:00", "generated_at": "2026-09-16T23:31:17.755149", "nearest_km": 99.229035737405027, "n_points": 3, "weight_sum": 0.00023959865470855779, "confidence": "Low", "flagged": false }, "geometry": { "type": "Polygon", "coordinates": [ [ [ -115.892199330721596, 52.852951136780014 ], [ -115.842199330721598, 52.852951136780014 ], [ -115.842199330721598, 52.902951136780011 ], [ -115.892199330721596, 52.902951136780011 ], [ -115.892199330721596, 52.852951136780014 ] ] ] } },
{ "type": "Feature", "properties": { "value": 2, "label": "AQHI 2", "color": "#0099cb", "timestamp": "2026-09-16 17:00:00", "generated_at": "2026-09-16T23:31:17.755149", "nearest_km": 102.44006546167907, "n_points": 3, "weight_sum": 0.00023788980716926445, "confidence": "Low", "flagged": false }, "geometry": { "type": "Polygon", "coordinates": [ [ [ -115.842199330721598, 52.852951136780014 ], [ -115.792199330721601, 52.852951136780014 ], [ -115.792199330721601, 52.902951136780011 ], [ -115.842199330721598, 52.902951136780011 ], [ -115.842199330721598, 52.852951136780014 ] ] ] } },
{ "type": "Feature", "properties": { "value": 2, "label": "AQHI 2", "color": "#0099cb", "timestamp": "2026-09-16 17:00:00", "generated_at": "2026-09-16T23:31:17.755149", "nearest_km": 98.590834683146696, "n_points": 3, "weight_sum": 0.00023811571372200647, "confidence": "Low", "flagged": false }, "geometry": { "type": "Polygon", "coordinates": [ [ [ -115.792199330721601, 52.852951136780014 ], [ -115.742199330721604, 52.852951136780014 ], [ -115.742199330721604, 52.902951136780011 ], [ -115.792199330721601, 52.902951136780011 ], [ -115.792199330721601, 52.852951136780014 ] ] ] } },
{ "type": "Feature", "properties": { "value": 2, "label": "AQHI 2", "color": "#0099cb", "timestamp": "2026-09-16 17:00:00", "generated_at": "2026-09-16T23:31:17.755149", "nearest_km": 93.565182546380598, "n_points": 2, "weight_sum": 0.00019774259565270334, "confidence": "Low", "flagged": false }, "geometry": { "type": "Polygon", "coordinates": [ [ [ -115.742199330721604, 52.852951136780014 ], [ -115.692199330721607, 52.852951136780014 ], [ -115.692199330721607, 52.902951136780011 ], [ -115.742199330721604, 52.902951136780011 ], [ -115.742199330721604, 52.852951136780014 ] ] ] } },
{ "type": "Feature", "properties": { "value": 2, "label": "AQHI 2", "color": "#0099cb", "timestamp": "2026-09-16 17:00:00", "generated_at": "2026-09-16T23:31:17.755149", "nearest_km": 88.602139287691486, "n_points": 2, "weight_sum": 0.00020546963935544164, "confidence": "Low", "flagged": false }, "geometry": { "type": "Polygon", "coordinates": [ [ [ -115.692199330721607, 52.852951136780014 ], [ -115.64219933072161, 52.852951136780014 ], [ -115.64219933072161, 52.902951136780011 ], [ -115.692199330721607, 52.902951136780011 ], [ -115.692199330721607, 52.852951136780014 ] ] ] } },
{ "type": "Feature", "properties": { "value": 2, "label": "AQHI 2", "color": "#0099cb", "timestamp": "2026-09-16 17:00:00", "generated_at": "2026-09-16T23:31:17.755149", "nearest_km": 83.712841235818985, "n_points": 2, "weight_sum": 0.00021568854084174835, "confidence": "Low", "flagged": false }, "geometry": { "type": "Polygon", "coordinates": [ [ [ -115.64219933072161, 52.852951136780014 ], [ -115.592199330721613, 52.852951136780014 ], [ -115.592199330721613, 52.902951136780011 ], [ -115.64219933072161, 52.902951136780011 ], [ -115.64219933072161, 52.852951136780014 ] ] ] } },
{ "type": "Feature", "properties": { "value": 2, "label": "AQHI 2", "color": "#0099cb", "timestamp": "2026-09-16 17:00:00", "generated_at": "2026-09-16T23:31:17.755149", "nearest_km": 78.910997263951614, "n_points": 2, "weight_sum": 0.00022882442965144312, "confidence": "Low", "flagged": false }, "geometry": { "type": "Polygon", "coordinates": [ [ [ -115.592199330721613, 52.852951136780014 ], [ -115.542199330721616, 52.852951136780014 ], [ -115.542199330721616, 52.902951136780011 ], [ -115.592199330721613, 52.902951136780011 ], [ -115.592199330721613, 52.852951136780014 ] ] ] } },
{ "type": "Feature", "properties": { "value": 2, "label": "AQHI 2", "color": "#0099cb", "timestamp": "2026-09-16 17:00:00", "generated_at": "2026-09-16T23:31:17.755149", "nearest_km": 74.213584946486151, "n_points": 2, "weight_sum": 0.00024536916643683171, "confidence": "Medium", "flagged": false }, "geometry": { "type": "Polygon", "coordinates": [ [ [ -115.542199330721616, 52.852951136780014 ], [ -115.492199330721618, 52.852951136780014 ], [ -115.492199330721618, 52.902951136780011 ], [ -115.542199330721616, 52.902951136780011 ], [ -115.542199330721616, 52.852951136780014 ] ] ] } },
{ "type": "Feature", "properties": { "value": 2, "label": "AQHI 2", "color": "#0099cb", "timestamp": "2026-09-16 17:00:00", "generated_at": "2026-09-16T23:31:17.755149", "nearest_km": 54.372704040904956, "n_points": 3, "weight_sum": 0.00092993286636294413, "confidence": "Medium", "flagged": false }, "geometry": { "type": "Polygon", "coordinates": [ [ [ -117.592199330721499, 52.902951136780011 ], [ -117.542199330721502, 52.902951136780011 ], [ -117.542199330721502, 52.952951136780008 ], [ -117.592199330721499, 52.952951136780008 ], [ -117.592199330721499, 52.902951136780011 ] ] ] } },
{ "type": "Feature", "properties": { "value": 2, "label": "AQHI 2", "color": "#0099cb", "timestamp": "2026-09-16 17:00:00", "generated_at": "2026-09-16T23:31:17.755149", "nearest_km": 54.569596896054449, "n_points": 4, "weight_sum": 0.00096605241092645542, "confidence": "Medium", "flagged": false }, "geometry": { "type": "Polygon", "coordinates": [ [ [ -117.542199330721502, 52.902951136780011 ], [ -117.492199330721505, 52.902951136780011 ], [ -117.492199330721505, 52.952951136780008 ], [ -117.542199330721502, 52.952951136780008 ], [ -117.542199330721502, 52.902951136780011 ] ] ] } },
{ "type": "Feature", "properties": { "value": 2, "label": "AQHI 2", "color": "#0099cb", "timestamp": "2026-09-16 17:00:00", "generated_at": "2026-09-16T23:31:17.755149", "nearest_km": 51.296477167298654, "n_points": 4, "weight_sum": 0.0009803631012359911, "confidence": "Medium", "flagged": false }, "geometry": { "type": "Polygon", "coordinates": [ [ [ -117.492199330721505, 52.902951136780011 ], [ -117.442199330721508, 52.902951136780011 ], [ -117.442199330721508, 52.952951136780008 ], [ -117.492199330721505, 52.952951136780008 ], [ -117.492199330721505, 52.902951136780011 ] ] ] } },
{ "type": "Feature", "properties": { "value": 2, "label": "AQHI 2", "color": "#0099cb", "timestamp": "2026-09-16 17:00:00", "generated_at": "2026-09-16T23:31:17.755149", "nearest_km": 46.561251459698205, "n_points": 4, "weight_sum": 0.0010168025022722056, "confidence": "Medium", "flagged": false }, "geometry": { "type": "Polygon", "coordinates": [ [ [ -117.442199330721508, 52.902951136780011 ], [ -117.39219933072151, 52.902951136780011 ], [ -117.39219933072151, 52.952951136780008 ], [ -117.442199330721508, 52.952951136780008 ], [ -117.442199330721508, 52.902951136780011 ] ] ] } },
{ "type": "Feature", "properties": { "value": 2, "label": "AQHI 2", "color": "#0099cb", "timestamp": "2026-09-16 17:00:00", "generated_at": "2026-09-16T23:31:17.755149", "nearest_km": 42.025905168256614, "n_points": 4, "weight_sum": 0.0010799905723245678, "confidence": "Medium", "flagged": false }, "geometry": { "type": "Polygon", "coordinates": [ [ [ -117.39219933072151, 52.902951136780011 ], [ -117.342199330721513, 52.902951136780011 ], [ -117.342199330721513, 52.952951136780008 ], [ -117.39219933072151, 52.952951136780008 ], [ -117.39219933072151, 52.902951136780011 ] ] ] } },
{ "type": "Feature", "properties": { "value": 2, "label": "AQHI 2", "color": "#0099cb", "timestamp": "2026-09-16 17:00:00", "generated_at": "2026-09-16T23:31:17.755149", "nearest_km": 37.762524716037454, "n_points": 4, "weight_sum": 0.0011762595685215413, "confidence": "Medium", "flagged": false }, "geometry": { "type": "Polygon", "coordinates": [ [ [ -117.342199330721513, 52.902951136780011 ], [ -117.292199330721516, 52.902951136780011 ], [ -117.292199330721516, 52.952951136780008 ], [ -117.342199330721513, 52.952951136780008 ], [ -117.342199330721513, 52.902951136780011 ] ] ] } },
{ "type": "Feature", "properties": { "value": 2, "label": "AQHI 2", "color": "#0099cb", "timestamp": "2026-09-16 17:00:00", "generated_at": "2026-09-16T23:31:17.755149", "nearest_km": 33.873955196394981, "n_points": 4, "weight_sum": 0.001310928811995045, "confidence": "Medium", "flagged": false }, "geometry": { "type": "Polygon", "coordinates": [ [ [ -117.292199330721516, 52.902951136780011 ], [ -117.242199330721519, 52.902951136780011 ], [ -117.242199330721519, 52.952951136780008 ], [ -117.292199330721516, 52.952951136780008 ], [ -117.292199330721516, 52.902951136780011 ] ] ] } },
{ "type": "Feature", "properties": { "value": 2, "label": "AQHI 2", "color": "#0099cb", "timestamp": "2026-09-16 17:00:00", "generated_at": "2026-09-16T23:31:17.755149", "nearest_km": 30.503875300777818, "n_points": 4, "weight_sum": 0.0014820863890358383, "confidence": "Medium", "flagged": false }, "geometry": { "type": "Polygon", "coordinates": [ [ [ -117.242199330721519, 52.902951136780011 ], [ -117.192199330721522, 52.902951136780011 ], [ -117.192199330721522, 52.952951136780008 ], [ -117.242199330721519, 52.952951136780008 ], [ -117.242199330721519, 52.902951136780011 ] ] ] } },
{ "type": "Feature", "properties": { "value": 2, "label": "AQHI 2", "color": "#0099cb", "timestamp": "2026-09-16 17:00:00", "generated_at": "2026-09-16T23:31:17.755149", "nearest_km": 27.841210032673221, "n_points": 4, "weight_sum": 0.0016691449810639859, "confidence": "Medium", "flagged": false }, "geometry": { "type": "Polygon", "coordinates": [ [ [ -117.192199330721522, 52.902951136780011 ], [ -117.142199330721525, 52.902951136780011 ], [ -117.142199330721525, 52.952951136780008 ], [ -117.192199330721522, 52.952951136780008 ], [ -117.192199330721522, 52.902951136780011 ] ] ] } },
{ "type": "Feature", "properties": { "value": 2, "label": "AQHI 2", "color": "#0099cb", "timestamp": "2026-09-16 17:00:00", "generated_at": "2026-09-16T23:31:17.755149", "nearest_km": 26.103343536823751, "n_points": 4, "weight_sum": 0.0018220467272715625, "confidence": "Medium", "flagged": false }, "geometry": { "type": "Polygon", "coordinates": [ [ [ -117.142199330721525, 52.902951136780011 ], [ -117.092199330721527, 52.902951136780011 ], [ -117.092199330721527, 52.952951136780008 ], [ -117.142199330721525, 52.952951136780008 ], [ -117.142199330721525, 52.902951136780011 ] ] ] } },
{ "type": "Feature", "properties": { "value": 2, "label": "AQHI 2", "color": "#0099cb", "timestamp": "2026-09-16 17:00:00", "generated_at": "2026-09-16T23:31:17.755149", "nearest_km": 25.480210193784615, "n_points": 4, "weight_sum": 0.0018737383489366149, "confidence": "Medium", "flagged": false }, "geometry": { "type": "Polygon", "coordinates": [ [ [ -117.092199330721527, 52.902951136780011 ], [ -117.04219933072153, 52.902951136780011 ], [ -117.04219933072153, 52.952951136780008 ], [ -117.092199330721527, 52.952951136780008 ], [ -117.092199330721527, 52.902951136780011 ] ] ] } },
{ "type": "Feature", "properties": { "value": 2, "label": "AQHI 2", "color": "#0099cb", "timestamp": "2026-09-16 17:00:00", "generated_at": "2026-09-16T23:31:17.755149", "nearest_km": 26.05192275509517, "n_points": 4, "weight_sum": 0.0017893306805603431, "confidence": "Medium", "flagged": false }, "geometry": { "type": "Polygon", "coordinates": [ [ [ -117.04219933072153, 52.902951136780011 ], [ -116.992199330721533, 52.902951136780011 ], [ -116.992199330721533, 52.952951136780008 ], [ -117.04219933072153, 52.952951136780008 ], [ -117.04219933072153, 52.902951136780011 ] ] ] } },
{ "type": "Feature", "properties": { "value": 2, "label": "AQHI 2", "color": "#0099cb", "timestamp": "2026-09-16 17:00:00", "generated_at": "2026-09-16T23:31:17.755149", "nearest_km": 27.744715658219288, "n_points": 4, "weight_sum": 0.0016006265938939526, "confidence": "Medium", "flagged": false }, "geometry": { "type": "Polygon", "coordinates": [ [ [ -116.992199330721533, 52.902951136780011 ], [ -116.942199330721536, 52.902951136780011 ], [ -116.942199330721536, 52.952951136780008 ], [ -116.992199330721533, 52.952951136780008 ], [ -116.992199330721533, 52.902951136780011 ] ] ] } },
{ "type": "Feature", "properties": { "value": 2, "label": "AQHI 2", "color": "#0099cb", "timestamp": "2026-09-16 17:00:00", "generated_at": "2026-09-16T23:31:17.755149", "nearest_km": 30.371710763034482, "n_points": 4, "weight_sum": 0.0013740675040472116, "confidence": "Medium", "flagged": false }, "geometry": { "type": "Polygon", "coordinates": [ [ [ -116.942199330721536, 52.902951136780011 ], [ -116.892199330721539, 52.902951136780011 ], [ -116.892199330721539, 52.952951136780008 ], [ -116.942199330721536, 52.952951136780008 ], [ -116.942199330721536, 52.902951136780011 ] ] ] } },
{ "type": "Feature", "properties": { "value": 2, "label": "AQHI 2", "color": "#0099cb", "timestamp": "2026-09-16 17:00:00", "generated_at": "2026-09-16T23:31:17.755149", "nearest_km": 33.715239616402016, "n_points": 4, "weight_sum": 0.0011606852468324981, "confidence": "Medium", "flagged": false }, "geometry": { "type": "Polygon", "coordinates": [ [ [ -116.892199330721539, 52.902951136780011 ], [ -116.842199330721542, 52.902951136780011 ], [ -116.842199330721542, 52.952951136780008 ], [ -116.892199330721539, 52.952951136780008 ], [ -116.892199330721539, 52.902951136780011 ] ] ] } },
{ "type": "Feature", "properties": { "value": 2, "label": "AQHI 2", "color": "#0099cb", "timestamp": "2026-09-16 17:00:00", "generated_at": "2026-09-16T23:31:17.755149", "nearest_km": 37.584557335551736, "n_points": 4, "weight_sum": 0.0009820260513782699, "confidence": "Medium", "flagged": false }, "geometry": { "type": "Polygon", "coordinates": [ [ [ -116.842199330721542, 52.902951136780011 ], [ -116.792199330721544, 52.902951136780011 ], [ -116.792199330721544, 52.952951136780008 ], [ -116.842199330721542, 52.952951136780008 ], [ -116.842199330721542, 52.902951136780011 ] ] ] } },
{ "type": "Feature", "properties": { "value": 2, "label": "AQHI 2", "color": "#0099cb", "timestamp": "2026-09-16 17:00:00", "generated_at": "2026-09-16T23:31:17.755149", "nearest_km": 41.834023447755307, "n_points": 4, "weight_sum": 0.00084048699608008483, "confidence": "Medium", "flagged": false }, "geometry": { "type": "Polygon", "coordinates": [ [ [ -116.792199330721544, 52.902951136780011 ], [ -116.742199330721547, 52.902951136780011 ], [ -116.742199330721547, 52.952951136780008 ], [ -116.792199330721544, 52.952951136780008 ], [ -116.792199330721544, 52.902951136780011 ] ] ] } },
{ "type": "Feature", "properties": { "value": 2, "label": "AQHI 2", "color": "#0099cb", "timestamp": "2026-09-16 17:00:00", "generated_at": "2026-09-16T23:31:17.755149", "nearest_km": 46.359217913434421, "n_points": 4, "weight_sum": 0.00073080402514433458, "confidence": "Medium", "flagged": false }, "geometry": { "type": "Polygon", "coordinates": [ [ [ -116.742199330721547, 52.902951136780011 ], [ -116.69219933072155, 52.902951136780011 ], [ -116.69219933072155, 52.952951136780008 ], [ -116.742199330721547, 52.952951136780008 ], [ -116.742199330721547, 52.902951136780011 ] ] ] } },
{ "type": "Feature", "properties": { "value": 2, "label": "AQHI 2", "color": "#0099cb", "timestamp": "2026-09-16 17:00:00", "generated_at": "2026-09-16T23:31:17.755149", "nearest_km": 51.086922526839004, "n_points": 3, "weight_sum": 0.00060470889067383679, "confidence": "Medium", "flagged": false }, "geometry": { "type": "Polygon", "coordinates": [ [ [ -116.69219933072155, 52.902951136780011 ], [ -116.642199330721553, 52.902951136780011 ], [ -116.642199330721553, 52.952951136780008 ], [ -116.69219933072155, 52.952951136780008 ], [ -116.69219933072155, 52.902951136780011 ] ] ] } },
{ "type": "Feature", "properties": { "value": 2, "label": "AQHI 2", "color": "#0099cb", "timestamp": "2026-09-16 17:00:00", "generated_at": "2026-09-16T23:31:17.755149", "nearest_km": 55.965839768390815, "n_points": 3, "weight_sum": 0.00054173498746148572, "confidence": "Medium", "flagged": false }, "geometry": { "type": "Polygon", "coordinates": [ [ [ -116.642199330721553, 52.902951136780011 ], [ -116.592199330721556, 52.902951136780011 ], [ -116.592199330721556, 52.952951136780008 ], [ -116.642199330721553, 52.952951136780008 ], [ -116.642199330721553, 52.902951136780011 ] ] ] } },
{ "type": "Feature", "properties": { "value": 2, "label": "AQHI 2", "color": "#0099cb", "timestamp": "2026-09-16 17:00:00", "generated_at": "2026-09-16T23:31:17.755149", "nearest_km": 60.959673462865027, "n_points": 3, "weight_sum": 0.00049242199045702948, "confidence": "Medium", "flagged": false }, "geometry": { "type": "Polygon", "coordinates": [ [ [ -116.592199330721556, 52.902951136780011 ], [ -116.542199330721559, 52.902951136780011 ], [ -116.542199330721559, 52.952951136780008 ], [ -116.592199330721556, 52.952951136780008 ], [ -116.592199330721556, 52.902951136780011 ] ] ] } },
{ "type": "Feature", "properties": { "value": 2, "label": "AQHI 2", "color": "#0099cb", "timestamp": "2026-09-16 17:00:00", "generated_at": "2026-09-16T23:31:17.755149", "nearest_km": 66.04236031833706, "n_points": 3, "weight_sum": 0.0004529987147389575, "confidence": "Medium", "flagged": false }, "geometry": { "type": "Polygon", "coordinates": [ [ [ -116.542199330721559, 52.902951136780011 ], [ -116.492199330721562, 52.902951136780011 ], [ -116.492199330721562, 52.952951136780008 ], [ -116.542199330721559, 52.952951136780008 ], [ -116.542199330721559, 52.902951136780011 ] ] ] } },
{ "type": "Feature", "properties": { "value": 2, "label": "AQHI 2", "color": "#0099cb", "timestamp": "2026-09-16 17:00:00", "generated_at": "2026-09-16T23:31:17.755149", "nearest_km": 71.1948728781433, "n_points": 3, "weight_sum": 0.0004206103652536803, "confidence": "Medium", "flagged": false }, "geometry": { "type": "Polygon", "coordinates": [ [ [ -116.492199330721562, 52.902951136780011 ], [ -116.442199330721564, 52.902951136780011 ], [ -116.442199330721564, 52.952951136780008 ], [ -116.492199330721562, 52.952951136780008 ], [ -116.492199330721562, 52.902951136780011 ] ] ] } },
{ "type": "Feature", "properties": { "value": 2, "label": "AQHI 2", "color": "#0099cb", "timestamp": "2026-09-16 17:00:00", "generated_at": "2026-09-16T23:31:17.755149", "nearest_km": 76.403085617355146, "n_points": 3, "weight_sum": 0.00039312153781712332, "confidence": "Low", "flagged": false }, "geometry": { "type": "Polygon", "coordinates": [ [ [ -116.442199330721564, 52.902951136780011 ], [ -116.392199330721567, 52.902951136780011 ], [ -116.392199330721567, 52.952951136780008 ], [ -116.442199330721564, 52.952951136780008 ], [ -116.442199330721564, 52.902951136780011 ] ] ] } },
{ "type": "Feature", "properties": { "value": 2, "label": "AQHI 2", "color": "#0099cb", "timestamp": "2026-09-16 17:00:00", "generated_at": "2026-09-16T23:31:17.755149", "nearest_km": 76.663271725922314, "n_points": 3, "weight_sum": 0.00036896487012387958, "confidence": "Low", "flagged": false }, "geometry": { "type": "Polygon", "coordinates": [ [ [ -116.392199330721567, 52.902951136780011 ], [ -116.34219933072157, 52.902951136780011 ], [ -116.34219933072157, 52.952951136780008 ], [ -116.392199330721567, 52.952951136780008 ], [ -116.392199330721567, 52.902951136780011 ] ] ] } },
{ "type": "Feature", "properties": { "value": 2, "label": "AQHI 2", "color": "#0099cb", "timestamp": "2026-09-16 17:00:00", "generated_at": "2026-09-16T23:31:17.755149", "nearest_km": 76.868541745896025, "n_points": 3, "weight_sum": 0.00034702848380195443, "confidence": "Low", "flagged": false }, "geometry": { "type": "Polygon", "coordinates": [ [ [ -116.34219933072157, 52.902951136780011 ], [ -116.292199330721573, 52.902951136780011 ], [ -116.292199330721573, 52.952951136780008 ], [ -116.34219933072157, 52.952951136780008 ], [ -116.34219933072157, 52.902951136780011 ] ] ] } },
{ "type": "Feature", "properties": { "value": 2, "label": "AQHI 2", "color": "#0099cb", "timestamp": "2026-09-16 17:00:00", "generated_at": "2026-09-16T23:31:17.755149", "nearest_km": 77.471886439911316, "n_points": 3, "weight_sum": 0.0003288330938185604, "confidence": "Low", "flagged": false }, "geometry": { "type": "Polygon", "coordinates": [ [ [ -116.292199330721573, 52.902951136780011 ], [ -116.242199330721576, 52.902951136780011 ], [ -116.242199330721576, 52.952951136780008 ], [ -116.292199330721573, 52.952951136780008 ], [ -116.292199330721573, 52.902951136780011 ] ] ] } },
{ "type": "Feature", "properties": { "value": 2, "label": "AQHI 2", "color": "#0099cb", "timestamp": "2026-09-16 17:00:00", "generated_at": "2026-09-16T23:31:17.755149", "nearest_km": 78.464123438527395, "n_points": 3, "weight_sum": 0.00031554091826174139, "confidence": "Low", "flagged": false }, "geometry": { "type": "Polygon", "coordinates": [ [ [ -116.242199330721576, 52.902951136780011 ], [ -116.192199330721579, 52.902951136780011 ], [ -116.192199330721579, 52.952951136780008 ], [ -116.242199330721576, 52.952951136780008 ], [ -116.242199330721576, 52.902951136780011 ] ] ] } },
{ "type": "Feature", "properties": { "value": 2, "label": "AQHI 2", "color": "#0099cb", "timestamp": "2026-09-16 17:00:00", "generated_at": "2026-09-16T23:31:17.755149", "nearest_km": 79.830753130572461, "n_points": 3, "weight_sum": 0.00030317673226908304, "confidence": "Low", "flagged": false }, "geometry": { "type": "Polygon", "coordinates": [ [ [ -116.192199330721579, 52.902951136780011 ], [ -116.142199330721581, 52.902951136780011 ], [ -116.142199330721581, 52.952951136780008 ], [ -116.192199330721579, 52.952951136780008 ], [ -116.192199330721579, 52.902951136780011 ] ] ] } },
{ "type": "Feature", "properties": { "value": 2, "label": "AQHI 2", "color": "#0099cb", "timestamp": "2026-09-16 17:00:00", "generated_at": "2026-09-16T23:31:17.755149", "nearest_km": 81.5529559477297, "n_points": 3, "weight_sum": 0.00029174141610238701, "confidence": "Low", "flagged": false }, "geometry": { "type": "Polygon", "coordinates": [ [ [ -116.142199330721581, 52.902951136780011 ], [ -116.092199330721584, 52.902951136780011 ], [ -116.092199330721584, 52.952951136780008 ], [ -116.142199330721581, 52.952951136780008 ], [ -116.142199330721581, 52.902951136780011 ] ] ] } },
{ "type": "Feature", "properties": { "value": 2, "label": "AQHI 2", "color": "#0099cb", "timestamp": "2026-09-16 17:00:00", "generated_at": "2026-09-16T23:31:17.755149", "nearest_km": 83.60876211396905, "n_points": 3, "weight_sum": 0.00028133758459523333, "confidence": "Low", "flagged": false }, "geometry": { "type": "Polygon", "coordinates": [ [ [ -116.092199330721584, 52.902951136780011 ], [ -116.042199330721587, 52.902951136780011 ], [ -116.042199330721587, 52.952951136780008 ], [ -116.092199330721584, 52.952951136780008 ], [ -116.092199330721584, 52.902951136780011 ] ] ] } },
{ "type": "Feature", "properties": { "value": 2, "label": "AQHI 2", "color": "#0099cb", "timestamp": "2026-09-16 17:00:00", "generated_at": "2026-09-16T23:31:17.755149", "nearest_km": 85.974243705008448, "n_points": 3, "weight_sum": 0.00027212666139700458, "confidence": "Low", "flagged": false }, "geometry": { "type": "Polygon", "coordinates": [ [ [ -116.042199330721587, 52.902951136780011 ], [ -115.99219933072159, 52.902951136780011 ], [ -115.99219933072159, 52.952951136780008 ], [ -116.042199330721587, 52.952951136780008 ], [ -116.042199330721587, 52.902951136780011 ] ] ] } },
{ "type": "Feature", "properties": { "value": 2, "label": "AQHI 2", "color": "#0099cb", "timestamp": "2026-09-16 17:00:00", "generated_at": "2026-09-16T23:31:17.755149", "nearest_km": 88.624607525596971, "n_points": 3, "weight_sum": 0.00026429955891430575, "confidence": "Low", "flagged": false }, "geometry": { "type": "Polygon", "coordinates": [ [ [ -115.99219933072159, 52.902951136780011 ], [ -115.942199330721593, 52.902951136780011 ], [ -115.942199330721593, 52.952951136780008 ], [ -115.99219933072159, 52.952951136780008 ], [ -115.99219933072159, 52.902951136780011 ] ] ] } },
{ "type": "Feature", "properties": { "value": 2, "label": "AQHI 2", "color": "#0099cb", "timestamp": "2026-09-16 17:00:00", "generated_at": "2026-09-16T23:31:17.755149", "nearest_km": 91.53511095467141, "n_points": 3, "weight_sum": 0.00025806057789238228, "confidence": "Low", "flagged": false }, "geometry": { "type": "Polygon", "coordinates": [ [ [ -115.942199330721593, 52.902951136780011 ], [ -115.892199330721596, 52.902951136780011 ], [ -115.892199330721596, 52.952951136780008 ], [ -115.942199330721593, 52.952951136780008 ], [ -115.942199330721593, 52.902951136780011 ] ] ] } },
{ "type": "Feature", "properties": { "value": 2, "label": "AQHI 2", "color": "#0099cb", "timestamp": "2026-09-16 17:00:00", "generated_at": "2026-09-16T23:31:17.755149", "nearest_km": 94.681767072134349, "n_points": 3, "weight_sum": 0.00025362268404729776, "confidence": "Low", "flagged": false }, "geometry": { "type": "Polygon", "coordinates": [ [ [ -115.892199330721596, 52.902951136780011 ], [ -115.842199330721598, 52.902951136780011 ], [ -115.842199330721598, 52.952951136780008 ], [ -115.892199330721596, 52.952951136780008 ], [ -115.892199330721596, 52.902951136780011 ] ] ] } },
{ "type": "Feature", "properties": { "value": 2, "label": "AQHI 2", "color": "#0099cb", "timestamp": "2026-09-16 17:00:00", "generated_at": "2026-09-16T23:31:17.755149", "nearest_km": 98.041840529030239, "n_points": 3, "weight_sum": 0.00025121174484162321, "confidence": "Low", "flagged": false }, "geometry": { "type": "Polygon", "coordinates": [ [ [ -115.842199330721598, 52.902951136780011 ], [ -115.792199330721601, 52.902951136780011 ], [ -115.792199330721601, 52.952951136780008 ], [ -115.842199330721598, 52.952951136780008 ], [ -115.842199330721598, 52.902951136780011 ] ] ] } },
{ "type": "Feature", "properties": { "value": 2, "label": "AQHI 2", "color": "#0099cb", "timestamp": "2026-09-16 17:00:00", "generated_at": "2026-09-16T23:31:17.755149", "nearest_km": 96.429483466138294, "n_points": 3, "weight_sum": 0.0002510774903717676, "confidence": "Low", "flagged": false }, "geometry": { "type": "Polygon", "coordinates": [ [ [ -115.792199330721601, 52.902951136780011 ], [ -115.742199330721604, 52.902951136780011 ], [ -115.742199330721604, 52.952951136780008 ], [ -115.792199330721601, 52.952951136780008 ], [ -115.792199330721601, 52.902951136780011 ] ] ] } },
{ "type": "Feature", "properties": { "value": 2, "label": "AQHI 2", "color": "#0099cb", "timestamp": "2026-09-16 17:00:00", "generated_at": "2026-09-16T23:31:17.755149", "nearest_km": 91.284916513979482, "n_points": 2, "weight_sum": 0.00021015958224755601, "confidence": "Low", "flagged": false }, "geometry": { "type": "Polygon", "coordinates": [ [ [ -115.742199330721604, 52.902951136780011 ], [ -115.692199330721607, 52.902951136780011 ], [ -115.692199330721607, 52.952951136780008 ], [ -115.742199330721604, 52.952951136780008 ], [ -115.742199330721604, 52.902951136780011 ] ] ] } },
{ "type": "Feature", "properties": { "value": 2, "label": "AQHI 2", "color": "#0099cb", "timestamp": "2026-09-16 17:00:00", "generated_at": "2026-09-16T23:31:17.755149", "nearest_km": 86.190670518230462, "n_points": 2, "weight_sum": 0.00021847142368590741, "confidence": "Low", "flagged": false }, "geometry": { "type": "Polygon", "coordinates": [ [ [ -115.692199330721607, 52.902951136780011 ], [ -115.64219933072161, 52.902951136780011 ], [ -115.64219933072161, 52.952951136780008 ], [ -115.692199330721607, 52.952951136780008 ], [ -115.692199330721607, 52.902951136780011 ] ] ] } },
{ "type": "Feature", "properties": { "value": 2, "label": "AQHI 2", "color": "#0099cb", "timestamp": "2026-09-16 17:00:00", "generated_at": "2026-09-16T23:31:17.755149", "nearest_km": 81.156222101574642, "n_points": 2, "weight_sum": 0.00022984172810966856, "confidence": "Low", "flagged": false }, "geometry": { "type": "Polygon", "coordinates": [ [ [ -115.64219933072161, 52.902951136780011 ], [ -115.592199330721613, 52.902951136780011 ], [ -115.592199330721613, 52.952951136780008 ], [ -115.64219933072161, 52.952951136780008 ], [ -115.64219933072161, 52.902951136780011 ] ] ] } },
{ "type": "Feature", "properties": { "value": 2, "label": "AQHI 2", "color": "#0099cb", "timestamp": "2026-09-16 17:00:00", "generated_at": "2026-09-16T23:31:17.755149", "nearest_km": 76.193425485523719, "n_points": 2, "weight_sum": 0.00024485228807169144, "confidence": "Low", "flagged": false }, "geometry": { "type": "Polygon", "coordinates": [ [ [ -115.592199330721613, 52.902951136780011 ], [ -115.542199330721616, 52.902951136780011 ], [ -115.542199330721616, 52.952951136780008 ], [ -115.592199330721613, 52.952951136780008 ], [ -115.592199330721613, 52.902951136780011 ] ] ] } },
{ "type": "Feature", "properties": { "value": 2, "label": "AQHI 2", "color": "#0099cb", "timestamp": "2026-09-16 17:00:00", "generated_at": "2026-09-16T23:31:17.755149", "nearest_km": 71.317240472665461, "n_points": 2, "weight_sum": 0.00026421972374593048, "confidence": "Medium", "flagged": false }, "geometry": { "type": "Polygon", "coordinates": [ [ [ -115.542199330721616, 52.902951136780011 ], [ -115.492199330721618, 52.902951136780011 ], [ -115.492199330721618, 52.952951136780008 ], [ -115.542199330721616, 52.952951136780008 ], [ -115.542199330721616, 52.902951136780011 ] ] ] } },
{ "type": "Feature", "properties": { "value": 2, "label": "AQHI 2", "color": "#0099cb", "timestamp": "2026-09-16 17:00:00", "generated_at": "2026-09-16T23:31:17.755149", "nearest_km": 49.232955812326431, "n_points": 3, "weight_sum": 0.0010441295563816499, "confidence": "Medium", "flagged": false }, "geometry": { "type": "Polygon", "coordinates": [ [ [ -117.642199330721496, 52.952951136780008 ], [ -117.592199330721499, 52.952951136780008 ], [ -117.592199330721499, 53.002951136780005 ], [ -117.642199330721496, 53.002951136780005 ], [ -117.642199330721496, 52.952951136780008 ] ] ] } },
{ "type": "Feature", "properties": { "value": 2, "label": "AQHI 2", "color": "#0099cb", "timestamp": "2026-09-16 17:00:00", "generated_at": "2026-09-16T23:31:17.755149", "nearest_km": 48.823446198486721, "n_points": 3, "weight_sum": 0.0010235710449637736, "confidence": "Medium", "flagged": false }, "geometry": { "type": "Polygon", "coordinates": [ [ [ -117.592199330721499, 52.952951136780008 ], [ -117.542199330721502, 52.952951136780008 ], [ -117.542199330721502, 53.002951136780005 ], [ -117.592199330721499, 53.002951136780005 ], [ -117.592199330721499, 52.952951136780008 ] ] ] } },
{ "type": "Feature", "properties": { "value": 2, "label": "AQHI 2", "color": "#0099cb", "timestamp": "2026-09-16 17:00:00", "generated_at": "2026-09-16T23:31:17.755149", "nearest_km": 49.042622884329504, "n_points": 4, "weight_sum": 0.0010704954753075957, "confidence": "Medium", "flagged": false }, "geometry": { "type": "Polygon", "coordinates": [ [ [ -117.542199330721502, 52.952951136780008 ], [ -117.492199330721505, 52.952951136780008 ], [ -117.492199330721505, 53.002951136780005 ], [ -117.542199330721502, 53.002951136780005 ], [ -117.542199330721502, 52.952951136780008 ] ] ] } },
{ "type": "Feature", "properties": { "value": 2, "label": "AQHI 2", "color": "#0099cb", "timestamp": "2026-09-16 17:00:00", "generated_at": "2026-09-16T23:31:17.755149", "nearest_km": 48.778108977305145, "n_points": 4, "weight_sum": 0.0010944287061509664, "confidence": "Medium", "flagged": false }, "geometry": { "type": "Polygon", "coordinates": [ [ [ -117.492199330721505, 52.952951136780008 ], [ -117.442199330721508, 52.952951136780008 ], [ -117.442199330721508, 53.002951136780005 ], [ -117.492199330721505, 53.002951136780005 ], [ -117.492199330721505, 52.952951136780008 ] ] ] } },
{ "type": "Feature", "properties": { "value": 2, "label": "AQHI 2", "color": "#0099cb", "timestamp": "2026-09-16 17:00:00", "generated_at": "2026-09-16T23:31:17.755149", "nearest_km": 43.771286057413398, "n_points": 4, "weight_sum": 0.0011451500508880762, "confidence": "Medium", "flagged": false }, "geometry": { "type": "Polygon", "coordinates": [ [ [ -117.442199330721508, 52.952951136780008 ], [ -117.39219933072151, 52.952951136780008 ], [ -117.39219933072151, 53.002951136780005 ], [ -117.442199330721508, 53.002951136780005 ], [ -117.442199330721508, 52.952951136780008 ] ] ] } },
{ "type": "Feature", "properties": { "value": 2, "label": "AQHI 2", "color": "#0099cb", "timestamp": "2026-09-16 17:00:00", "generated_at": "2026-09-16T23:31:17.755149", "nearest_km": 38.91210673862264, "n_points": 4, "weight_sum": 0.0012341264495125378, "confidence": "Medium", "flagged": false }, "geometry": { "type": "Polygon", "coordinates": [ [ [ -117.39219933072151, 52.952951136780008 ], [ -117.342199330721513, 52.952951136780008 ], [ -117.342199330721513, 53.002951136780005 ], [ -117.39219933072151, 53.002951136780005 ], [ -117.39219933072151, 52.952951136780008 ] ] ] } },
{ "type": "Feature", "properties": { "value": 2, "label": "AQHI 2", "color": "#0099cb", "timestamp": "2026-09-16 17:00:00", "generated_at": "2026-09-16T23:31:17.755149", "nearest_km": 34.263444347525883, "n_points": 4, "weight_sum": 0.0013784947151808718, "confidence": "Medium", "flagged": false }, "geometry": { "type": "Polygon", "coordinates": [ [ [ -117.342199330721513, 52.952951136780008 ], [ -117.292199330721516, 52.952951136780008 ], [ -117.292199330721516, 53.002951136780005 ], [ -117.342199330721513, 53.002951136780005 ], [ -117.342199330721513, 52.952951136780008 ] ] ] } },
{ "type": "Feature", "properties": { "value": 2, "label": "AQHI 2", "color": "#0099cb", "timestamp": "2026-09-16 17:00:00", "generated_at": "2026-09-16T23:31:17.755149", "nearest_km": 29.92357241831327, "n_points": 4, "weight_sum": 0.0016001611723333413, "confidence": "Medium", "flagged": false }, "geometry": { "type": "Polygon", "coordinates": [ [ [ -117.292199330721516, 52.952951136780008 ], [ -117.242199330721519, 52.952951136780008 ], [ -117.242199330721519, 53.002951136780005 ], [ -117.292199330721516, 53.002951136780005 ], [ -117.292199330721516, 52.952951136780008 ] ] ] } },
{ "type": "Feature", "properties": { "value": 2, "label": "AQHI 2", "color": "#0099cb", "timestamp": "2026-09-16 17:00:00", "generated_at": "2026-09-16T23:31:17.755149", "nearest_km": 26.047298401025525, "n_points": 4, "weight_sum": 0.0019184448945759915, "confidence": "Medium", "flagged": false }, "geometry": { "type": "Polygon", "coordinates": [ [ [ -117.242199330721519, 52.952951136780008 ], [ -117.192199330721522, 52.952951136780008 ], [ -117.192199330721522, 53.002951136780005 ], [ -117.242199330721519, 53.002951136780005 ], [ -117.242199330721519, 52.952951136780008 ] ] ] } },
{ "type": "Feature", "properties": { "value": 2, "label": "AQHI 2", "color": "#0099cb", "timestamp": "2026-09-16 17:00:00", "generated_at": "2026-09-16T23:31:17.755149", "nearest_km": 22.871561418278553, "n_points": 4, "weight_sum": 0.0023222056008491516, "confidence": "High", "flagged": false }, "geometry": { "type": "Polygon", "coordinates": [ [ [ -117.192199330721522, 52.952951136780008 ], [ -117.142199330721525, 52.952951136780008 ], [ -117.142199330721525, 53.002951136780005 ], [ -117.192199330721522, 53.002951136780005 ], [ -117.192199330721522, 52.952951136780008 ] ] ] } },
{ "type": "Feature", "properties": { "value": 2, "label": "AQHI 2", "color": "#0099cb", "timestamp": "2026-09-16 17:00:00", "generated_at": "2026-09-16T23:31:17.755149", "nearest_km": 20.721001168575381, "n_points": 4, "weight_sum": 0.0027105600613728828, "confidence": "High", "flagged": false }, "geometry": { "type": "Polygon", "coordinates": [ [ [ -117.142199330721525, 52.952951136780008 ], [ -117.092199330721527, 52.952951136780008 ], [ -117.092199330721527, 53.002951136780005 ], [ -117.142199330721525, 53.002951136780005 ], [ -117.142199330721525, 52.952951136780008 ] ] ] } },
{ "type": "Feature", "properties": { "value": 2, "label": "AQHI 2", "color": "#0099cb", "timestamp": "2026-09-16 17:00:00", "generated_at": "2026-09-16T23:31:17.755149", "nearest_km": 19.930289941345794, "n_points": 4, "weight_sum": 0.0028747152354398073, "confidence": "High", "flagged": false }, "geometry": { "type": "Polygon", "coordinates": [ [ [ -117.092199330721527, 52.952951136780008 ], [ -117.04219933072153, 52.952951136780008 ], [ -117.04219933072153, 53.002951136780005 ], [ -117.092199330721527, 53.002951136780005 ], [ -117.092199330721527, 52.952951136780008 ] ] ] } },
{ "type": "Feature", "properties": { "value": 2, "label": "AQHI 2", "color": "#0099cb", "timestamp": "2026-09-16 17:00:00", "generated_at": "2026-09-16T23:31:17.755149", "nearest_km": 20.656186116127767, "n_points": 4, "weight_sum": 0.0026809648948416896, "confidence": "High", "flagged": false }, "geometry": { "type": "Polygon", "coordinates": [ [ [ -117.04219933072153, 52.952951136780008 ], [ -116.992199330721533, 52.952951136780008 ], [ -116.992199330721533, 53.002951136780005 ], [ -117.04219933072153, 53.002951136780005 ], [ -117.04219933072153, 52.952951136780008 ] ] ] } },
{ "type": "Feature", "properties": { "value": 2, "label": "AQHI 2", "color": "#0099cb", "timestamp": "2026-09-16 17:00:00", "generated_at": "2026-09-16T23:31:17.755149", "nearest_km": 22.754001682827187, "n_points": 4, "weight_sum": 0.0022528106333966342, "confidence": "High", "flagged": false }, "geometry": { "type": "Polygon", "coordinates": [ [ [ -116.992199330721533, 52.952951136780008 ], [ -116.942199330721536, 52.952951136780008 ], [ -116.942199330721536, 53.002951136780005 ], [ -116.992199330721533, 53.002951136780005 ], [ -116.992199330721533, 52.952951136780008 ] ] ] } },
{ "type": "Feature", "properties": { "value": 2, "label": "AQHI 2", "color": "#0099cb", "timestamp": "2026-09-16 17:00:00", "generated_at": "2026-09-16T23:31:17.755149", "nearest_km": 25.892395800699646, "n_points": 4, "weight_sum": 0.0018006214611303718, "confidence": "Medium", "flagged": false }, "geometry": { "type": "Polygon", "coordinates": [ [ [ -116.942199330721536, 52.952951136780008 ], [ -116.892199330721539, 52.952951136780008 ], [ -116.892199330721539, 53.002951136780005 ], [ -116.942199330721536, 53.002951136780005 ], [ -116.942199330721536, 52.952951136780008 ] ] ] } },
{ "type": "Feature", "properties": { "value": 2, "label": "AQHI 2", "color": "#0099cb", "timestamp": "2026-09-16 17:00:00", "generated_at": "2026-09-16T23:31:17.755149", "nearest_km": 29.743784695597629, "n_points": 4, "weight_sum": 0.001430147557838373, "confidence": "Medium", "flagged": false }, "geometry": { "type": "Polygon", "coordinates": [ [ [ -116.892199330721539, 52.952951136780008 ], [ -116.842199330721542, 52.952951136780008 ], [ -116.842199330721542, 53.002951136780005 ], [ -116.892199330721539, 53.002951136780005 ], [ -116.892199330721539, 52.952951136780008 ] ] ] } },
{ "type": "Feature", "properties": { "value": 2, "label": "AQHI 2", "color": "#0099cb", "timestamp": "2026-09-16 17:00:00", "generated_at": "2026-09-16T23:31:17.755149", "nearest_km": 34.067202640311393, "n_points": 4, "weight_sum": 0.0011549697816971647, "confidence": "Medium", "flagged": false }, "geometry": { "type": "Polygon", "coordinates": [ [ [ -116.842199330721542, 52.952951136780008 ], [ -116.792199330721544, 52.952951136780008 ], [ -116.792199330721544, 53.002951136780005 ], [ -116.842199330721542, 53.002951136780005 ], [ -116.842199330721542, 52.952951136780008 ] ] ] } },
{ "type": "Feature", "properties": { "value": 2, "label": "AQHI 2", "color": "#0099cb", "timestamp": "2026-09-16 17:00:00", "generated_at": "2026-09-16T23:31:17.755149", "nearest_km": 38.704791220907069, "n_points": 4, "weight_sum": 0.00095664487984401143, "confidence": "Medium", "flagged": false }, "geometry": { "type": "Polygon", "coordinates": [ [ [ -116.792199330721544, 52.952951136780008 ], [ -116.742199330721547, 52.952951136780008 ], [ -116.742199330721547, 53.002951136780005 ], [ -116.792199330721544, 53.002951136780005 ], [ -116.792199330721544, 52.952951136780008 ] ] ] } },
{ "type": "Feature", "properties": { "value": 2, "label": "AQHI 2", "color": "#0099cb", "timestamp": "2026-09-16 17:00:00", "generated_at": "2026-09-16T23:31:17.755149", "nearest_km": 43.556313333108932, "n_points": 3, "weight_sum": 0.00076938583449224769, "confidence": "Medium", "flagged": false }, "geometry": { "type": "Polygon", "coordinates": [ [ [ -116.742199330721547, 52.952951136780008 ], [ -116.69219933072155, 52.952951136780008 ], [ -116.69219933072155, 53.002951136780005 ], [ -116.742199330721547, 53.002951136780005 ], [ -116.742199330721547, 52.952951136780008 ] ] ] } },
{ "type": "Feature", "properties": { "value": 2, "label": "AQHI 2", "color": "#0099cb", "timestamp": "2026-09-16 17:00:00", "generated_at": "2026-09-16T23:31:17.755149", "nearest_km": 48.557687330534129, "n_points": 3, "weight_sum": 0.00066840616043016912, "confidence": "Medium", "flagged": false }, "geometry": { "type": "Polygon", "coordinates": [ [ [ -116.69219933072155, 52.952951136780008 ], [ -116.642199330721553, 52.952951136780008 ], [ -116.642199330721553, 53.002951136780005 ], [ -116.69219933072155, 53.002951136780005 ], [ -116.69219933072155, 52.952951136780008 ] ] ] } },
{ "type": "Feature", "properties": { "value": 2, "label": "AQHI 2", "color": "#0099cb", "timestamp": "2026-09-16 17:00:00", "generated_at": "2026-09-16T23:31:17.755149", "nearest_km": 53.667034263203504, "n_points": 3, "weight_sum": 0.00059396207402669728, "confidence": "Medium", "flagged": false }, "geometry": { "type": "Polygon", "coordinates": [ [ [ -116.642199330721553, 52.952951136780008 ], [ -116.592199330721556, 52.952951136780008 ], [ -116.592199330721556, 53.002951136780005 ], [ -116.642199330721553, 53.002951136780005 ], [ -116.642199330721553, 52.952951136780008 ] ] ] } },
{ "type": "Feature", "properties": { "value": 2, "label": "AQHI 2", "color": "#0099cb", "timestamp": "2026-09-16 17:00:00", "generated_at": "2026-09-16T23:31:17.755149", "nearest_km": 58.856241252103374, "n_points": 3, "weight_sum": 0.00053783521868243107, "confidence": "Medium", "flagged": false }, "geometry": { "type": "Polygon", "coordinates": [ [ [ -116.592199330721556, 52.952951136780008 ], [ -116.542199330721559, 52.952951136780008 ], [ -116.542199330721559, 53.002951136780005 ], [ -116.592199330721556, 53.002951136780005 ], [ -116.592199330721556, 52.952951136780008 ] ] ] } },
{ "type": "Feature", "properties": { "value": 2, "label": "AQHI 2", "color": "#0099cb", "timestamp": "2026-09-16 17:00:00", "generated_at": "2026-09-16T23:31:17.755149", "nearest_km": 64.105917839492207, "n_points": 3, "weight_sum": 0.00049428165147302023, "confidence": "Medium", "flagged": false }, "geometry": { "type": "Polygon", "coordinates": [ [ [ -116.542199330721559, 52.952951136780008 ], [ -116.492199330721562, 52.952951136780008 ], [ -116.492199330721562, 53.002951136780005 ], [ -116.542199330721559, 53.002951136780005 ], [ -116.542199330721559, 52.952951136780008 ] ] ] } },
{ "type": "Feature", "properties": { "value": 2, "label": "AQHI 2", "color": "#0099cb", "timestamp": "2026-09-16 17:00:00", "generated_at": "2026-09-16T23:31:17.755149", "nearest_km": 69.402343402522433, "n_points": 3, "weight_sum": 0.00045922966937368573, "confidence": "Medium", "flagged": false }, "geometry": { "type": "Polygon", "coordinates": [ [ [ -116.492199330721562, 52.952951136780008 ], [ -116.442199330721564, 52.952951136780008 ], [ -116.442199330721564, 53.002951136780005 ], [ -116.492199330721562, 53.002951136780005 ], [ -116.492199330721562, 52.952951136780008 ] ] ] } },
{ "type": "Feature", "properties": { "value": 2, "label": "AQHI 2", "color": "#0099cb", "timestamp": "2026-09-16 17:00:00", "generated_at": "2026-09-16T23:31:17.755149", "nearest_km": 71.324520579049974, "n_points": 3, "weight_sum": 0.00042977222814417361, "confidence": "Medium", "flagged": false }, "geometry": { "type": "Polygon", "coordinates": [ [ [ -116.442199330721564, 52.952951136780008 ], [ -116.392199330721567, 52.952951136780008 ], [ -116.392199330721567, 53.002951136780005 ], [ -116.442199330721564, 53.002951136780005 ], [ -116.442199330721564, 52.952951136780008 ] ] ] } },
{ "type": "Feature", "properties": { "value": 2, "label": "AQHI 2", "color": "#0099cb", "timestamp": "2026-09-16 17:00:00", "generated_at": "2026-09-16T23:31:17.755149", "nearest_km": 71.113273825983384, "n_points": 3, "weight_sum": 0.00040385615248504799, "confidence": "Medium", "flagged": false }, "geometry": { "type": "Polygon", "coordinates": [ [ [ -116.392199330721567, 52.952951136780008 ], [ -116.34219933072157, 52.952951136780008 ], [ -116.34219933072157, 53.002951136780005 ], [ -116.392199330721567, 53.002951136780005 ], [ -116.392199330721567, 52.952951136780008 ] ] ] } },
{ "type": "Feature", "properties": { "value": 2, "label": "AQHI 2", "color": "#0099cb", "timestamp": "2026-09-16 17:00:00", "generated_at": "2026-09-16T23:31:17.755149", "nearest_km": 71.33451613817293, "n_points": 3, "weight_sum": 0.00038008555889944534, "confidence": "Medium", "flagged": false }, "geometry": { "type": "Polygon", "coordinates": [ [ [ -116.34219933072157, 52.952951136780008 ], [ -116.292199330721573, 52.952951136780008 ], [ -116.292199330721573, 53.002951136780005 ], [ -116.34219933072157, 53.002951136780005 ], [ -116.34219933072157, 52.952951136780008 ] ] ] } },
{ "type": "Feature", "properties": { "value": 2, "label": "AQHI 2", "color": "#0099cb", "timestamp": "2026-09-16 17:00:00", "generated_at": "2026-09-16T23:31:17.755149", "nearest_km": 71.984259884263651, "n_points": 3, "weight_sum": 0.00035952076862507358, "confidence": "Medium", "flagged": false }, "geometry": { "type": "Polygon", "coordinates": [ [ [ -116.292199330721573, 52.952951136780008 ], [ -116.242199330721576, 52.952951136780008 ], [ -116.242199330721576, 53.002951136780005 ], [ -116.292199330721573, 53.002951136780005 ], [ -116.292199330721573, 52.952951136780008 ] ] ] } },
{ "type": "Feature", "properties": { "value": 2, "label": "AQHI 2", "color": "#0099cb", "timestamp": "2026-09-16 17:00:00", "generated_at": "2026-09-16T23:31:17.755149", "nearest_km": 73.051072199545146, "n_points": 3, "weight_sum": 0.00034420523122110475, "confidence": "Medium", "flagged": false }, "geometry": { "type": "Polygon", "coordinates": [ [ [ -116.242199330721576, 52.952951136780008 ], [ -116.192199330721579, 52.952951136780008 ], [ -116.192199330721579, 53.002951136780005 ], [ -116.242199330721576, 53.002951136780005 ], [ -116.242199330721576, 52.952951136780008 ] ] ] } },
{ "type": "Feature", "properties": { "value": 2, "label": "AQHI 2", "color": "#0099cb", "timestamp": "2026-09-16 17:00:00", "generated_at": "2026-09-16T23:31:17.755149", "nearest_km": 74.517042533376866, "n_points": 3, "weight_sum": 0.00032963912251164954, "confidence": "Medium", "flagged": false }, "geometry": { "type": "Polygon", "coordinates": [ [ [ -116.192199330721579, 52.952951136780008 ], [ -116.142199330721581, 52.952951136780008 ], [ -116.142199330721581, 53.002951136780005 ], [ -116.192199330721579, 53.002951136780005 ], [ -116.192199330721579, 52.952951136780008 ] ] ] } },
{ "type": "Feature", "properties": { "value": 2, "label": "AQHI 2", "color": "#0099cb", "timestamp": "2026-09-16 17:00:00", "generated_at": "2026-09-16T23:31:17.755149", "nearest_km": 76.359184819765019, "n_points": 3, "weight_sum": 0.00031591980449130003, "confidence": "Low", "flagged": false }, "geometry": { "type": "Polygon", "coordinates": [ [ [ -116.142199330721581, 52.952951136780008 ], [ -116.092199330721584, 52.952951136780008 ], [ -116.092199330721584, 53.002951136780005 ], [ -116.142199330721581, 53.002951136780005 ], [ -116.142199330721581, 52.952951136780008 ] ] ] } },
{ "type": "Feature", "properties": { "value": 2, "label": "AQHI 2", "color": "#0099cb", "timestamp": "2026-09-16 17:00:00", "generated_at": "2026-09-16T23:31:17.755149", "nearest_km": 78.551038088347113, "n_points": 3, "weight_sum": 0.00030325696806521264, "confidence": "Low", "flagged": false }, "geometry": { "type": "Polygon", "coordinates": [ [ [ -116.092199330721584, 52.952951136780008 ], [ -116.042199330721587, 52.952951136780008 ], [ -116.042199330721587, 53.002951136780005 ], [ -116.092199330721584, 53.002951136780005 ], [ -116.092199330721584, 52.952951136780008 ] ] ] } },
{ "type": "Feature", "properties": { "value": 2, "label": "AQHI 2", "color": "#0099cb", "timestamp": "2026-09-16 17:00:00", "generated_at": "2026-09-16T23:31:17.755149", "nearest_km": 81.064240347855474, "n_points": 3, "weight_sum": 0.00029191089969778311, "confidence": "Low", "flagged": false }, "geometry": { "type": "Polygon", "coordinates": [ [ [ -116.042199330721587, 52.952951136780008 ], [ -115.99219933072159, 52.952951136780008 ], [ -115.99219933072159, 53.002951136780005 ], [ -116.042199330721587, 53.002951136780005 ], [ -116.042199330721587, 52.952951136780008 ] ] ] } },
{ "type": "Feature", "properties": { "value": 2, "label": "AQHI 2", "color": "#0099cb", "timestamp": "2026-09-16 17:00:00", "generated_at": "2026-09-16T23:31:17.755149", "nearest_km": 83.86990843915828, "n_points": 3, "weight_sum": 0.00028215378735307103, "confidence": "Low", "flagged": false }, "geometry": { "type": "Polygon", "coordinates": [ [ [ -115.99219933072159, 52.952951136780008 ], [ -115.942199330721593, 52.952951136780008 ], [ -115.942199330721593, 53.002951136780005 ], [ -115.99219933072159, 53.002951136780005 ], [ -115.99219933072159, 52.952951136780008 ] ] ] } },
{ "type": "Feature", "properties": { "value": 2, "label": "AQHI 2", "color": "#0099cb", "timestamp": "2026-09-16 17:00:00", "generated_at": "2026-09-16T23:31:17.755149", "nearest_km": 86.939732113750495, "n_points": 3, "weight_sum": 0.0002742521329061872, "confidence": "Low", "flagged": false }, "geometry": { "type": "Polygon", "coordinates": [ [ [ -115.942199330721593, 52.952951136780008 ], [ -115.892199330721596, 52.952951136780008 ], [ -115.892199330721596, 53.002951136780005 ], [ -115.942199330721593, 53.002951136780005 ], [ -115.942199330721593, 52.952951136780008 ] ] ] } },
{ "type": "Feature", "properties": { "value": 2, "label": "AQHI 2", "color": "#0099cb", "timestamp": "2026-09-16 17:00:00", "generated_at": "2026-09-16T23:31:17.755149", "nearest_km": 90.246758935867589, "n_points": 3, "weight_sum": 0.00026846600848612118, "confidence": "Low", "flagged": false }, "geometry": { "type": "Polygon", "coordinates": [ [ [ -115.892199330721596, 52.952951136780008 ], [ -115.842199330721598, 52.952951136780008 ], [ -115.842199330721598, 53.002951136780005 ], [ -115.892199330721596, 53.002951136780005 ], [ -115.892199330721596, 52.952951136780008 ] ] ] } },
{ "type": "Feature", "properties": { "value": 2, "label": "AQHI 2", "color": "#0099cb", "timestamp": "2026-09-16 17:00:00", "generated_at": "2026-09-16T23:31:17.755149", "nearest_km": 93.765894529122306, "n_points": 3, "weight_sum": 0.00026506051904142254, "confidence": "Low", "flagged": false }, "geometry": { "type": "Polygon", "coordinates": [ [ [ -115.842199330721598, 52.952951136780008 ], [ -115.792199330721601, 52.952951136780008 ], [ -115.792199330721601, 53.002951136780005 ], [ -115.842199330721598, 53.002951136780005 ], [ -115.842199330721598, 52.952951136780008 ] ] ] } },
{ "type": "Feature", "properties": { "value": 2, "label": "AQHI 2", "color": "#0099cb", "timestamp": "2026-09-16 17:00:00", "generated_at": "2026-09-16T23:31:17.755149", "nearest_km": 94.544925192063644, "n_points": 3, "weight_sum": 0.00026432583001127687, "confidence": "Low", "flagged": false }, "geometry": { "type": "Polygon", "coordinates": [ [ [ -115.792199330721601, 52.952951136780008 ], [ -115.742199330721604, 52.952951136780008 ], [ -115.742199330721604, 53.002951136780005 ], [ -115.792199330721601, 53.002951136780005 ], [ -115.792199330721601, 52.952951136780008 ] ] ] } },
{ "type": "Feature", "properties": { "value": 2, "label": "AQHI 2", "color": "#0099cb", "timestamp": "2026-09-16 17:00:00", "generated_at": "2026-09-16T23:31:17.755149", "nearest_km": 89.291844985927327, "n_points": 2, "weight_sum": 0.00022277490519164104, "confidence": "Low", "flagged": false }, "geometry": { "type": "Polygon", "coordinates": [ [ [ -115.742199330721604, 52.952951136780008 ], [ -115.692199330721607, 52.952951136780008 ], [ -115.692199330721607, 53.002951136780005 ], [ -115.742199330721604, 53.002951136780005 ], [ -115.742199330721604, 52.952951136780008 ] ] ] } },
{ "type": "Feature", "properties": { "value": 2, "label": "AQHI 2", "color": "#0099cb", "timestamp": "2026-09-16 17:00:00", "generated_at": "2026-09-16T23:31:17.755149", "nearest_km": 84.076924791579003, "n_points": 2, "weight_sum": 0.00023151878068114825, "confidence": "Low", "flagged": false }, "geometry": { "type": "Polygon", "coordinates": [ [ [ -115.692199330721607, 52.952951136780008 ], [ -115.64219933072161, 52.952951136780008 ], [ -115.64219933072161, 53.002951136780005 ], [ -115.692199330721607, 53.002951136780005 ], [ -115.692199330721607, 52.952951136780008 ] ] ] } },
{ "type": "Feature", "properties": { "value": 2, "label": "AQHI 2", "color": "#0099cb", "timestamp": "2026-09-16 17:00:00", "generated_at": "2026-09-16T23:31:17.755149", "nearest_km": 78.907730824215079, "n_points": 2, "weight_sum": 0.00024395043581412664, "confidence": "Low", "flagged": false }, "geometry": { "type": "Polygon", "coordinates": [ [ [ -115.64219933072161, 52.952951136780008 ], [ -115.592199330721613, 52.952951136780008 ], [ -115.592199330721613, 53.002951136780005 ], [ -115.64219933072161, 53.002951136780005 ], [ -115.64219933072161, 52.952951136780008 ] ] ] } },
{ "type": "Feature", "properties": { "value": 2, "label": "AQHI 2", "color": "#0099cb", "timestamp": "2026-09-16 17:00:00", "generated_at": "2026-09-16T23:31:17.755149", "nearest_km": 73.793872951924186, "n_points": 2, "weight_sum": 0.00026083322111299708, "confidence": "Medium", "flagged": false }, "geometry": { "type": "Polygon", "coordinates": [ [ [ -115.592199330721613, 52.952951136780008 ], [ -115.542199330721616, 52.952951136780008 ], [ -115.542199330721616, 53.002951136780005 ], [ -115.592199330721613, 53.002951136780005 ], [ -115.592199330721613, 52.952951136780008 ] ] ] } },
{ "type": "Feature", "properties": { "value": 2, "label": "AQHI 2", "color": "#0099cb", "timestamp": "2026-09-16 17:00:00", "generated_at": "2026-09-16T23:31:17.755149", "nearest_km": 68.747700955469512, "n_points": 2, "weight_sum": 0.00028316051488322104, "confidence": "Medium", "flagged": false }, "geometry": { "type": "Polygon", "coordinates": [ [ [ -115.542199330721616, 52.952951136780008 ], [ -115.492199330721618, 52.952951136780008 ], [ -115.492199330721618, 53.002951136780005 ], [ -115.542199330721616, 53.002951136780005 ], [ -115.542199330721616, 52.952951136780008 ] ] ] } },
{ "type": "Feature", "properties": { "value": 2, "label": "AQHI 2", "color": "#0099cb", "timestamp": "2026-09-16 17:00:00", "generated_at": "2026-09-16T23:31:17.755149", "nearest_km": 43.735876485960183, "n_points": 3, "weight_sum": 0.0011473747528265498, "confidence": "Medium", "flagged": false }, "geometry": { "type": "Polygon", "coordinates": [ [ [ -117.642199330721496, 53.002951136780005 ], [ -117.592199330721499, 53.002951136780005 ], [ -117.592199330721499, 53.052951136780003 ], [ -117.642199330721496, 53.052951136780003 ], [ -117.642199330721496, 53.002951136780005 ] ] ] } },
{ "type": "Feature", "properties": { "value": 2, "label": "AQHI 2", "color": "#0099cb", "timestamp": "2026-09-16 17:00:00", "generated_at": "2026-09-16T23:31:17.755149", "nearest_km": 43.274378709268667, "n_points": 4, "weight_sum": 0.0011875213566075432, "confidence": "Medium", "flagged": false }, "geometry": { "type": "Polygon", "coordinates": [ [ [ -117.592199330721499, 53.002951136780005 ], [ -117.542199330721502, 53.002951136780005 ], [ -117.542199330721502, 53.052951136780003 ], [ -117.592199330721499, 53.052951136780003 ], [ -117.592199330721499, 53.002951136780005 ] ] ] } },
{ "type": "Feature", "properties": { "value": 2, "label": "AQHI 2", "color": "#0099cb", "timestamp": "2026-09-16 17:00:00", "generated_at": "2026-09-16T23:31:17.755149", "nearest_km": 43.521509777938981, "n_points": 4, "weight_sum": 0.0011999196911809998, "confidence": "Medium", "flagged": false }, "geometry": { "type": "Polygon", "coordinates": [ [ [ -117.542199330721502, 53.002951136780005 ], [ -117.492199330721505, 53.002951136780005 ], [ -117.492199330721505, 53.052951136780003 ], [ -117.542199330721502, 53.052951136780003 ], [ -117.542199330721502, 53.002951136780005 ] ] ] } },
{ "type": "Feature", "properties": { "value": 2, "label": "AQHI 2", "color": "#0099cb", "timestamp": "2026-09-16 17:00:00", "generated_at": "2026-09-16T23:31:17.755149", "nearest_km": 44.465455963357257, "n_points": 4, "weight_sum": 0.0012306815399461262, "confidence": "Medium", "flagged": false }, "geometry": { "type": "Polygon", "coordinates": [ [ [ -117.492199330721505, 53.002951136780005 ], [ -117.442199330721508, 53.002951136780005 ], [ -117.442199330721508, 53.052951136780003 ], [ -117.492199330721505, 53.052951136780003 ], [ -117.492199330721505, 53.002951136780005 ] ] ] } },
{ "type": "Feature", "properties": { "value": 2, "label": "AQHI 2", "color": "#0099cb", "timestamp": "2026-09-16 17:00:00", "generated_at": "2026-09-16T23:31:17.755149", "nearest_km": 41.539208330763472, "n_points": 4, "weight_sum": 0.0012919880125424141, "confidence": "Medium", "flagged": false }, "geometry": { "type": "Polygon", "coordinates": [ [ [ -117.442199330721508, 53.002951136780005 ], [ -117.39219933072151, 53.002951136780005 ], [ -117.39219933072151, 53.052951136780003 ], [ -117.442199330721508, 53.052951136780003 ], [ -117.442199330721508, 53.002951136780005 ] ] ] } },
{ "type": "Feature", "properties": { "value": 2, "label": "AQHI 2", "color": "#0099cb", "timestamp": "2026-09-16 17:00:00", "generated_at": "2026-09-16T23:31:17.755149", "nearest_km": 36.383133406354908, "n_points": 4, "weight_sum": 0.0014056946912225851, "confidence": "Medium", "flagged": false }, "geometry": { "type": "Polygon", "coordinates": [ [ [ -117.39219933072151, 53.002951136780005 ], [ -117.342199330721513, 53.002951136780005 ], [ -117.342199330721513, 53.052951136780003 ], [ -117.39219933072151, 53.052951136780003 ], [ -117.39219933072151, 53.002951136780005 ] ] ] } },
{ "type": "Feature", "properties": { "value": 2, "label": "AQHI 2", "color": "#0099cb", "timestamp": "2026-09-16 17:00:00", "generated_at": "2026-09-16T23:31:17.755149", "nearest_km": 31.361823355517146, "n_points": 4, "weight_sum": 0.0016072300878791459, "confidence": "Medium", "flagged": false }, "geometry": { "type": "Polygon", "coordinates": [ [ [ -117.342199330721513, 53.002951136780005 ], [ -117.292199330721516, 53.002951136780005 ], [ -117.292199330721516, 53.052951136780003 ], [ -117.342199330721513, 53.052951136780003 ], [ -117.342199330721513, 53.002951136780005 ] ] ] } },
{ "type": "Feature", "properties": { "value": 2, "label": "AQHI 2", "color": "#0099cb", "timestamp": "2026-09-16 17:00:00", "generated_at": "2026-09-16T23:31:17.755149", "nearest_km": 26.551846110971187, "n_points": 4, "weight_sum": 0.0019541754117938272, "confidence": "Medium", "flagged": false }, "geometry": { "type": "Polygon", "coordinates": [ [ [ -117.292199330721516, 53.002951136780005 ], [ -117.242199330721519, 53.002951136780005 ], [ -117.242199330721519, 53.052951136780003 ], [ -117.292199330721516, 53.052951136780003 ], [ -117.292199330721516, 53.002951136780005 ] ] ] } },
{ "type": "Feature", "properties": { "value": 2, "label": "AQHI 2", "color": "#0099cb", "timestamp": "2026-09-16 17:00:00", "generated_at": "2026-09-16T23:31:17.755149", "nearest_km": 22.091674893921557, "n_points": 4, "weight_sum": 0.0025363302504160818, "confidence": "High", "flagged": false }, "geometry": { "type": "Polygon", "coordinates": [ [ [ -117.242199330721519, 53.002951136780005 ], [ -117.192199330721522, 53.002951136780005 ], [ -117.192199330721522, 53.052951136780003 ], [ -117.242199330721519, 53.052951136780003 ], [ -117.242199330721519, 53.002951136780005 ] ] ] } },
{ "type": "Feature", "properties": { "value": 2, "label": "AQHI 2", "color": "#0099cb", "timestamp": "2026-09-16 17:00:00", "generated_at": "2026-09-16T23:31:17.755149", "nearest_km": 18.239755133683815, "n_points": 4, "weight_sum": 0.0034516052876076351, "confidence": "High", "flagged": false }, "geometry": { "type": "Polygon", "coordinates": [ [ [ -117.192199330721522, 53.002951136780005 ], [ -117.142199330721525, 53.002951136780005 ], [ -117.142199330721525, 53.052951136780003 ], [ -117.192199330721522, 53.052951136780003 ], [ -117.192199330721522, 53.002951136780005 ] ] ] } },
{ "type": "Feature", "properties": { "value": 2, "label": "AQHI 2", "color": "#0099cb", "timestamp": "2026-09-16 17:00:00", "generated_at": "2026-09-16T23:31:17.755149", "nearest_km": 15.457691776418597, "n_points": 4, "weight_sum": 0.0045961705261145305, "confidence": "High", "flagged": false }, "geometry": { "type": "Polygon", "coordinates": [ [ [ -117.142199330721525, 53.002951136780005 ], [ -117.092199330721527, 53.002951136780005 ], [ -117.092199330721527, 53.052951136780003 ], [ -117.142199330721525, 53.052951136780003 ], [ -117.142199330721525, 53.002951136780005 ] ] ] } },
{ "type": "Feature", "properties": { "value": 2, "label": "AQHI 2", "color": "#0099cb", "timestamp": "2026-09-16 17:00:00", "generated_at": "2026-09-16T23:31:17.755149", "nearest_km": 14.380431244325266, "n_points": 4, "weight_sum": 0.0052182403972961091, "confidence": "High", "flagged": false }, "geometry": { "type": "Polygon", "coordinates": [ [ [ -117.092199330721527, 53.002951136780005 ], [ -117.04219933072153, 53.002951136780005 ], [ -117.04219933072153, 53.052951136780003 ], [ -117.092199330721527, 53.052951136780003 ], [ -117.092199330721527, 53.002951136780005 ] ] ] } },
{ "type": "Feature", "properties": { "value": 2, "label": "AQHI 2", "color": "#0099cb", "timestamp": "2026-09-16 17:00:00", "generated_at": "2026-09-16T23:31:17.755149", "nearest_km": 15.370698438612553, "n_points": 4, "weight_sum": 0.0045925130828925144, "confidence": "High", "flagged": false }, "geometry": { "type": "Polygon", "coordinates": [ [ [ -117.04219933072153, 53.002951136780005 ], [ -116.992199330721533, 53.002951136780005 ], [ -116.992199330721533, 53.052951136780003 ], [ -117.04219933072153, 53.052951136780003 ], [ -117.04219933072153, 53.002951136780005 ] ] ] } },
{ "type": "Feature", "properties": { "value": 2, "label": "AQHI 2", "color": "#0099cb", "timestamp": "2026-09-16 17:00:00", "generated_at": "2026-09-16T23:31:17.755149", "nearest_km": 18.092123651157138, "n_points": 4, "weight_sum": 0.0033973191161028363, "confidence": "High", "flagged": false }, "geometry": { "type": "Polygon", "coordinates": [ [ [ -116.992199330721533, 53.002951136780005 ], [ -116.942199330721536, 53.002951136780005 ], [ -116.942199330721536, 53.052951136780003 ], [ -116.992199330721533, 53.052951136780003 ], [ -116.992199330721533, 53.002951136780005 ] ] ] } },
{ "type": "Feature", "properties": { "value": 2, "label": "AQHI 2", "color": "#0099cb", "timestamp": "2026-09-16 17:00:00", "generated_at": "2026-09-16T23:31:17.755149", "nearest_km": 21.908822559114071, "n_points": 4, "weight_sum": 0.0024124988761972319, "confidence": "High", "flagged": false }, "geometry": { "type": "Polygon", "coordinates": [ [ [ -116.942199330721536, 53.002951136780005 ], [ -116.892199330721539, 53.002951136780005 ], [ -116.892199330721539, 53.052951136780003 ], [ -116.942199330721536, 53.052951136780003 ], [ -116.942199330721536, 53.002951136780005 ] ] ] } },
{ "type": "Feature", "properties": { "value": 2, "label": "AQHI 2", "color": "#0099cb", "timestamp": "2026-09-16 17:00:00", "generated_at": "2026-09-16T23:31:17.755149", "nearest_km": 26.349062101804019, "n_points": 4, "weight_sum": 0.0017603451788492676, "confidence": "Medium", "flagged": false }, "geometry": { "type": "Polygon", "coordinates": [ [ [ -116.892199330721539, 53.002951136780005 ], [ -116.842199330721542, 53.002951136780005 ], [ -116.842199330721542, 53.052951136780003 ], [ -116.892199330721539, 53.052951136780003 ], [ -116.892199330721539, 53.002951136780005 ] ] ] } },
{ "type": "Feature", "properties": { "value": 2, "label": "AQHI 2", "color": "#0099cb", "timestamp": "2026-09-16 17:00:00", "generated_at": "2026-09-16T23:31:17.755149", "nearest_km": 31.147305523314483, "n_points": 4, "weight_sum": 0.0013449901054841933, "confidence": "Medium", "flagged": false }, "geometry": { "type": "Polygon", "coordinates": [ [ [ -116.842199330721542, 53.002951136780005 ], [ -116.792199330721544, 53.002951136780005 ], [ -116.792199330721544, 53.052951136780003 ], [ -116.842199330721542, 53.052951136780003 ], [ -116.842199330721542, 53.002951136780005 ] ] ] } },
{ "type": "Feature", "properties": { "value": 2, "label": "AQHI 2", "color": "#0099cb", "timestamp": "2026-09-16 17:00:00", "generated_at": "2026-09-16T23:31:17.755149", "nearest_km": 36.161322004050987, "n_points": 4, "weight_sum": 0.0010760566388149173, "confidence": "Medium", "flagged": false }, "geometry": { "type": "Polygon", "coordinates": [ [ [ -116.792199330721544, 53.002951136780005 ], [ -116.742199330721547, 53.002951136780005 ], [ -116.742199330721547, 53.052951136780003 ], [ -116.792199330721544, 53.052951136780003 ], [ -116.792199330721544, 53.002951136780005 ] ] ] } },
{ "type": "Feature", "properties": { "value": 2, "label": "AQHI 2", "color": "#0099cb", "timestamp": "2026-09-16 17:00:00", "generated_at": "2026-09-16T23:31:17.755149", "nearest_km": 41.312622487547557, "n_points": 3, "weight_sum": 0.00085244415671528566, "confidence": "Medium", "flagged": false }, "geometry": { "type": "Polygon", "coordinates": [ [ [ -116.742199330721547, 53.002951136780005 ], [ -116.69219933072155, 53.002951136780005 ], [ -116.69219933072155, 53.052951136780003 ], [ -116.742199330721547, 53.052951136780003 ], [ -116.742199330721547, 53.002951136780005 ] ] ] } },
{ "type": "Feature", "properties": { "value": 2, "label": "AQHI 2", "color": "#0099cb", "timestamp": "2026-09-16 17:00:00", "generated_at": "2026-09-16T23:31:17.755149", "nearest_km": 46.555658566027944, "n_points": 3, "weight_sum": 0.00073203776126674696, "confidence": "Medium", "flagged": false }, "geometry": { "type": "Polygon", "coordinates": [ [ [ -116.69219933072155, 53.002951136780005 ], [ -116.642199330721553, 53.002951136780005 ], [ -116.642199330721553, 53.052951136780003 ], [ -116.69219933072155, 53.052951136780003 ], [ -116.69219933072155, 53.002951136780005 ] ] ] } },
{ "type": "Feature", "properties": { "value": 2, "label": "AQHI 2", "color": "#0099cb", "timestamp": "2026-09-16 17:00:00", "generated_at": "2026-09-16T23:31:17.755149", "nearest_km": 51.862615748094655, "n_points": 3, "weight_sum": 0.00064725170490178977, "confidence": "Medium", "flagged": false }, "geometry": { "type": "Polygon", "coordinates": [ [ [ -116.642199330721553, 53.002951136780005 ], [ -116.592199330721556, 53.002951136780005 ], [ -116.592199330721556, 53.052951136780003 ], [ -116.642199330721553, 53.052951136780003 ], [ -116.642199330721553, 53.002951136780005 ] ] ] } },
{ "type": "Feature", "properties": { "value": 2, "label": "AQHI 2", "color": "#0099cb", "timestamp": "2026-09-16 17:00:00", "generated_at": "2026-09-16T23:31:17.755149", "nearest_km": 57.215710079946149, "n_points": 3, "weight_sum": 0.000585697704556043, "confidence": "Medium", "flagged": false }, "geometry": { "type": "Polygon", "coordinates": [ [ [ -116.592199330721556, 53.002951136780005 ], [ -116.542199330721559, 53.002951136780005 ], [ -116.542199330721559, 53.052951136780003 ], [ -116.592199330721556, 53.052951136780003 ], [ -116.592199330721556, 53.002951136780005 ] ] ] } },
{ "type": "Feature", "properties": { "value": 2, "label": "AQHI 2", "color": "#0099cb", "timestamp": "2026-09-16 17:00:00", "generated_at": "2026-09-16T23:31:17.755149", "nearest_km": 62.603107332387125, "n_points": 3, "weight_sum": 0.00053933235907874201, "confidence": "Medium", "flagged": false }, "geometry": { "type": "Polygon", "coordinates": [ [ [ -116.542199330721559, 53.002951136780005 ], [ -116.492199330721562, 53.002951136780005 ], [ -116.492199330721562, 53.052951136780003 ], [ -116.542199330721559, 53.052951136780003 ], [ -116.542199330721559, 53.002951136780005 ] ] ] } },
{ "type": "Feature", "properties": { "value": 2, "label": "AQHI 2", "color": "#0099cb", "timestamp": "2026-09-16 17:00:00", "generated_at": "2026-09-16T23:31:17.755149", "nearest_km": 66.485541585671342, "n_points": 3, "weight_sum": 0.00050271529892909257, "confidence": "Medium", "flagged": false }, "geometry": { "type": "Polygon", "coordinates": [ [ [ -116.492199330721562, 53.002951136780005 ], [ -116.442199330721564, 53.002951136780005 ], [ -116.442199330721564, 53.052951136780003 ], [ -116.492199330721562, 53.052951136780003 ], [ -116.492199330721562, 53.002951136780005 ] ] ] } },
{ "type": "Feature", "properties": { "value": 2, "label": "AQHI 2", "color": "#0099cb", "timestamp": "2026-09-16 17:00:00", "generated_at": "2026-09-16T23:31:17.755149", "nearest_km": 65.792345438949127, "n_points": 3, "weight_sum": 0.00047208091656397722, "confidence": "Medium", "flagged": false }, "geometry": { "type": "Polygon", "coordinates": [ [ [ -116.442199330721564, 53.002951136780005 ], [ -116.392199330721567, 53.002951136780005 ], [ -116.392199330721567, 53.052951136780003 ], [ -116.442199330721564, 53.052951136780003 ], [ -116.442199330721564, 53.002951136780005 ] ] ] } },
{ "type": "Feature", "properties": { "value": 2, "label": "AQHI 2", "color": "#0099cb", "timestamp": "2026-09-16 17:00:00", "generated_at": "2026-09-16T23:31:17.755149", "nearest_km": 65.563276281589069, "n_points": 3, "weight_sum": 0.00044484320544358282, "confidence": "Medium", "flagged": false }, "geometry": { "type": "Polygon", "coordinates": [ [ [ -116.392199330721567, 53.002951136780005 ], [ -116.34219933072157, 53.002951136780005 ], [ -116.34219933072157, 53.052951136780003 ], [ -116.392199330721567, 53.052951136780003 ], [ -116.392199330721567, 53.002951136780005 ] ] ] } },
{ "type": "Feature", "properties": { "value": 2, "label": "AQHI 2", "color": "#0099cb", "timestamp": "2026-09-16 17:00:00", "generated_at": "2026-09-16T23:31:17.755149", "nearest_km": 65.803181345539372, "n_points": 3, "weight_sum": 0.00041931638068488843, "confidence": "Medium", "flagged": false }, "geometry": { "type": "Polygon", "coordinates": [ [ [ -116.34219933072157, 53.002951136780005 ], [ -116.292199330721573, 53.002951136780005 ], [ -116.292199330721573, 53.052951136780003 ], [ -116.34219933072157, 53.052951136780003 ], [ -116.34219933072157, 53.002951136780005 ] ] ] } },
{ "type": "Feature", "properties": { "value": 2, "label": "AQHI 2", "color": "#0099cb", "timestamp": "2026-09-16 17:00:00", "generated_at": "2026-09-16T23:31:17.755149", "nearest_km": 66.506985750460046, "n_points": 4, "weight_sum": 0.00044063802993278708, "confidence": "Medium", "flagged": false }, "geometry": { "type": "Polygon", "coordinates": [ [ [ -116.292199330721573, 53.002951136780005 ], [ -116.242199330721576, 53.002951136780005 ], [ -116.242199330721576, 53.052951136780003 ], [ -116.292199330721573, 53.052951136780003 ], [ -116.292199330721573, 53.002951136780005 ] ] ] } },
{ "type": "Feature", "properties": { "value": 2, "label": "AQHI 2", "color": "#0099cb", "timestamp": "2026-09-16 17:00:00", "generated_at": "2026-09-16T23:31:17.755149", "nearest_km": 67.660214543185148, "n_points": 3, "weight_sum": 0.00037824211906258438, "confidence": "Medium", "flagged": false }, "geometry": { "type": "Polygon", "coordinates": [ [ [ -116.242199330721576, 53.002951136780005 ], [ -116.192199330721579, 53.002951136780005 ], [ -116.192199330721579, 53.052951136780003 ], [ -116.242199330721576, 53.052951136780003 ], [ -116.242199330721576, 53.002951136780005 ] ] ] } },
{ "type": "Feature", "properties": { "value": 2, "label": "AQHI 2", "color": "#0099cb", "timestamp": "2026-09-16 17:00:00", "generated_at": "2026-09-16T23:31:17.755149", "nearest_km": 69.240415296615481, "n_points": 3, "weight_sum": 0.0003607932029200404, "confidence": "Medium", "flagged": false }, "geometry": { "type": "Polygon", "coordinates": [ [ [ -116.192199330721579, 53.002951136780005 ], [ -116.142199330721581, 53.002951136780005 ], [ -116.142199330721581, 53.052951136780003 ], [ -116.192199330721579, 53.052951136780003 ], [ -116.192199330721579, 53.002951136780005 ] ] ] } },
{ "type": "Feature", "properties": { "value": 2, "label": "AQHI 2", "color": "#0099cb", "timestamp": "2026-09-16 17:00:00", "generated_at": "2026-09-16T23:31:17.755149", "nearest_km": 71.219172902145658, "n_points": 3, "weight_sum": 0.00034403479291906505, "confidence": "Medium", "flagged": false }, "geometry": { "type": "Polygon", "coordinates": [ [ [ -116.142199330721581, 53.002951136780005 ], [ -116.092199330721584, 53.002951136780005 ], [ -116.092199330721584, 53.052951136780003 ], [ -116.142199330721581, 53.052951136780003 ], [ -116.142199330721581, 53.002951136780005 ] ] ] } },
{ "type": "Feature", "properties": { "value": 2, "label": "AQHI 2", "color": "#0099cb", "timestamp": "2026-09-16 17:00:00", "generated_at": "2026-09-16T23:31:17.755149", "nearest_km": 73.564332847404017, "n_points": 3, "weight_sum": 0.00032835741302839375, "confidence": "Medium", "flagged": false }, "geometry": { "type": "Polygon", "coordinates": [ [ [ -116.092199330721584, 53.002951136780005 ], [ -116.042199330721587, 53.002951136780005 ], [ -116.042199330721587, 53.052951136780003 ], [ -116.092199330721584, 53.052951136780003 ], [ -116.092199330721584, 53.002951136780005 ] ] ] } },
{ "type": "Feature", "properties": { "value": 2, "label": "AQHI 2", "color": "#0099cb", "timestamp": "2026-09-16 17:00:00", "generated_at": "2026-09-16T23:31:17.755149", "nearest_km": 76.242091692854046, "n_points": 3, "weight_sum": 0.00031417136071696218, "confidence": "Low", "flagged": false }, "geometry": { "type": "Polygon", "coordinates": [ [ [ -116.042199330721587, 53.002951136780005 ], [ -115.99219933072159, 53.002951136780005 ], [ -115.99219933072159, 53.052951136780003 ], [ -116.042199330721587, 53.052951136780003 ], [ -116.042199330721587, 53.002951136780005 ] ] ] } },
{ "type": "Feature", "properties": { "value": 2, "label": "AQHI 2", "color": "#0099cb", "timestamp": "2026-09-16 17:00:00", "generated_at": "2026-09-16T23:31:17.755149", "nearest_km": 79.218728998384449, "n_points": 3, "weight_sum": 0.00030185843813893947, "confidence": "Low", "flagged": false }, "geometry": { "type": "Polygon", "coordinates": [ [ [ -115.99219933072159, 53.002951136780005 ], [ -115.942199330721593, 53.002951136780005 ], [ -115.942199330721593, 53.052951136780003 ], [ -115.99219933072159, 53.052951136780003 ], [ -115.99219933072159, 53.002951136780005 ] ] ] } },
{ "type": "Feature", "properties": { "value": 2, "label": "AQHI 2", "color": "#0099cb", "timestamp": "2026-09-16 17:00:00", "generated_at": "2026-09-16T23:31:17.755149", "nearest_km": 82.461885150276444, "n_points": 3, "weight_sum": 0.00029175710357916279, "confidence": "Low", "flagged": false }, "geometry": { "type": "Polygon", "coordinates": [ [ [ -115.942199330721593, 53.002951136780005 ], [ -115.892199330721596, 53.002951136780005 ], [ -115.892199330721596, 53.052951136780003 ], [ -115.942199330721593, 53.052951136780003 ], [ -115.942199330721593, 53.002951136780005 ] ] ] } },
{ "type": "Feature", "properties": { "value": 2, "label": "AQHI 2", "color": "#0099cb", "timestamp": "2026-09-16 17:00:00", "generated_at": "2026-09-16T23:31:17.755149", "nearest_km": 85.941392710121264, "n_points": 3, "weight_sum": 0.00028417155670658995, "confidence": "Low", "flagged": false }, "geometry": { "type": "Polygon", "coordinates": [ [ [ -115.892199330721596, 53.002951136780005 ], [ -115.842199330721598, 53.002951136780005 ], [ -115.842199330721598, 53.052951136780003 ], [ -115.892199330721596, 53.052951136780003 ], [ -115.892199330721596, 53.002951136780005 ] ] ] } },
{ "type": "Feature", "properties": { "value": 2, "label": "AQHI 2", "color": "#0099cb", "timestamp": "2026-09-16 17:00:00", "generated_at": "2026-09-16T23:31:17.755149", "nearest_km": 89.629729774072032, "n_points": 3, "weight_sum": 0.000279395989426403, "confidence": "Low", "flagged": false }, "geometry": { "type": "Polygon", "coordinates": [ [ [ -115.842199330721598, 53.002951136780005 ], [ -115.792199330721601, 53.002951136780005 ], [ -115.792199330721601, 53.052951136780003 ], [ -115.842199330721598, 53.052951136780003 ], [ -115.842199330721598, 53.002951136780005 ] ] ] } },
{ "type": "Feature", "properties": { "value": 2, "label": "AQHI 2", "color": "#0099cb", "timestamp": "2026-09-16 17:00:00", "generated_at": "2026-09-16T23:31:17.755149", "nearest_km": 92.95399656604107, "n_points": 3, "weight_sum": 0.00027774814975269703, "confidence": "Low", "flagged": false }, "geometry": { "type": "Polygon", "coordinates": [ [ [ -115.792199330721601, 53.002951136780005 ], [ -115.742199330721604, 53.002951136780005 ], [ -115.742199330721604, 53.052951136780003 ], [ -115.792199330721601, 53.052951136780003 ], [ -115.792199330721601, 53.002951136780005 ] ] ] } },
{ "type": "Feature", "properties": { "value": 2, "label": "AQHI 2", "color": "#0099cb", "timestamp": "2026-09-16 17:00:00", "generated_at": "2026-09-16T23:31:17.755149", "nearest_km": 87.605571620859465, "n_points": 2, "weight_sum": 0.00023541214877644098, "confidence": "Low", "flagged": false }, "geometry": { "type": "Polygon", "coordinates": [ [ [ -115.742199330721604, 53.002951136780005 ], [ -115.692199330721607, 53.002951136780005 ], [ -115.692199330721607, 53.052951136780003 ], [ -115.742199330721604, 53.052951136780003 ], [ -115.742199330721604, 53.002951136780005 ] ] ] } },
{ "type": "Feature", "properties": { "value": 2, "label": "AQHI 2", "color": "#0099cb", "timestamp": "2026-09-16 17:00:00", "generated_at": "2026-09-16T23:31:17.755149", "nearest_km": 82.283849450760954, "n_points": 2, "weight_sum": 0.00024435414381710841, "confidence": "Low", "flagged": false }, "geometry": { "type": "Polygon", "coordinates": [ [ [ -115.692199330721607, 53.002951136780005 ], [ -115.64219933072161, 53.002951136780005 ], [ -115.64219933072161, 53.052951136780003 ], [ -115.692199330721607, 53.052951136780003 ], [ -115.692199330721607, 53.002951136780005 ] ] ] } },
{ "type": "Feature", "properties": { "value": 2, "label": "AQHI 2", "color": "#0099cb", "timestamp": "2026-09-16 17:00:00", "generated_at": "2026-09-16T23:31:17.755149", "nearest_km": 76.994367208604586, "n_points": 2, "weight_sum": 0.00025765673708057538, "confidence": "Low", "flagged": false }, "geometry": { "type": "Polygon", "coordinates": [ [ [ -115.64219933072161, 53.002951136780005 ], [ -115.592199330721613, 53.002951136780005 ], [ -115.592199330721613, 53.052951136780003 ], [ -115.64219933072161, 53.052951136780003 ], [ -115.64219933072161, 53.002951136780005 ] ] ] } },
{ "type": "Feature", "properties": { "value": 2, "label": "AQHI 2", "color": "#0099cb", "timestamp": "2026-09-16 17:00:00", "generated_at": "2026-09-16T23:31:17.755149", "nearest_km": 71.744256099505208, "n_points": 2, "weight_sum": 0.00027627713242063333, "confidence": "Medium", "flagged": false }, "geometry": { "type": "Polygon", "coordinates": [ [ [ -115.592199330721613, 53.002951136780005 ], [ -115.542199330721616, 53.002951136780005 ], [ -115.542199330721616, 53.052951136780003 ], [ -115.592199330721613, 53.052951136780003 ], [ -115.592199330721613, 53.002951136780005 ] ] ] } },
{ "type": "Feature", "properties": { "value": 2, "label": "AQHI 2", "color": "#0099cb", "timestamp": "2026-09-16 17:00:00", "generated_at": "2026-09-16T23:31:17.755149", "nearest_km": 66.542835712714606, "n_points": 2, "weight_sum": 0.0003015236025629526, "confidence": "Medium", "flagged": false }, "geometry": { "type": "Polygon", "coordinates": [ [ [ -115.542199330721616, 53.002951136780005 ], [ -115.492199330721618, 53.002951136780005 ], [ -115.492199330721618, 53.052951136780003 ], [ -115.542199330721616, 53.052951136780003 ], [ -115.542199330721616, 53.002951136780005 ] ] ] } },
{ "type": "Feature", "properties": { "value": 2, "label": "AQHI 2", "color": "#0099cb", "timestamp": "2026-09-16 17:00:00", "generated_at": "2026-09-16T23:31:17.755149", "nearest_km": 41.575232105374177, "n_points": 3, "weight_sum": 0.0012936534034386073, "confidence": "Medium", "flagged": false }, "geometry": { "type": "Polygon", "coordinates": [ [ [ -117.74219933072149, 53.052951136780003 ], [ -117.692199330721493, 53.052951136780003 ], [ -117.692199330721493, 53.10295113678 ], [ -117.74219933072149, 53.10295113678 ], [ -117.74219933072149, 53.052951136780003 ] ] ] } },
{ "type": "Feature", "properties": { "value": 2, "label": "AQHI 2", "color": "#0099cb", "timestamp": "2026-09-16 17:00:00", "generated_at": "2026-09-16T23:31:17.755149", "nearest_km": 39.56178566867009, "n_points": 3, "weight_sum": 0.0012833249657414978, "confidence": "Medium", "flagged": false }, "geometry": { "type": "Polygon", "coordinates": [ [ [ -117.692199330721493, 53.052951136780003 ], [ -117.642199330721496, 53.052951136780003 ], [ -117.642199330721496, 53.10295113678 ], [ -117.692199330721493, 53.10295113678 ], [ -117.692199330721493, 53.052951136780003 ] ] ] } },
{ "type": "Feature", "properties": { "value": 2, "label": "AQHI 2", "color": "#0099cb", "timestamp": "2026-09-16 17:00:00", "generated_at": "2026-09-16T23:31:17.755149", "nearest_km": 38.254082735988277, "n_points": 3, "weight_sum": 0.0012919759393117672, "confidence": "Medium", "flagged": false }, "geometry": { "type": "Polygon", "coordinates": [ [ [ -117.642199330721496, 53.052951136780003 ], [ -117.592199330721499, 53.052951136780003 ], [ -117.592199330721499, 53.10295113678 ], [ -117.642199330721496, 53.10295113678 ], [ -117.642199330721496, 53.052951136780003 ] ] ] } },
{ "type": "Feature", "properties": { "value": 2, "label": "AQHI 2", "color": "#0099cb", "timestamp": "2026-09-16 17:00:00", "generated_at": "2026-09-16T23:31:17.755149", "nearest_km": 37.725585570669097, "n_points": 4, "weight_sum": 0.0013532041251075298, "confidence": "Medium", "flagged": false }, "geometry": { "type": "Polygon", "coordinates": [ [ [ -117.592199330721499, 53.052951136780003 ], [ -117.542199330721502, 53.052951136780003 ], [ -117.542199330721502, 53.10295113678 ], [ -117.592199330721499, 53.10295113678 ], [ -117.592199330721499, 53.052951136780003 ] ] ] } },
{ "type": "Feature", "properties": { "value": 2, "label": "AQHI 2", "color": "#0099cb", "timestamp": "2026-09-16 17:00:00", "generated_at": "2026-09-16T23:31:17.755149", "nearest_km": 38.00881170633869, "n_points": 4, "weight_sum": 0.0013724456000900303, "confidence": "Medium", "flagged": false }, "geometry": { "type": "Polygon", "coordinates": [ [ [ -117.542199330721502, 53.052951136780003 ], [ -117.492199330721505, 53.052951136780003 ], [ -117.492199330721505, 53.10295113678 ], [ -117.542199330721502, 53.10295113678 ], [ -117.542199330721502, 53.052951136780003 ] ] ] } },
{ "type": "Feature", "properties": { "value": 2, "label": "AQHI 2", "color": "#0099cb", "timestamp": "2026-09-16 17:00:00", "generated_at": "2026-09-16T23:31:17.755149", "nearest_km": 39.086119377675942, "n_points": 4, "weight_sum": 0.0014014857811231363, "confidence": "Medium", "flagged": false }, "geometry": { "type": "Polygon", "coordinates": [ [ [ -117.492199330721505, 53.052951136780003 ], [ -117.442199330721508, 53.052951136780003 ], [ -117.442199330721508, 53.10295113678 ], [ -117.492199330721505, 53.10295113678 ], [ -117.492199330721505, 53.052951136780003 ] ] ] } },
{ "type": "Feature", "properties": { "value": 2, "label": "AQHI 2", "color": "#0099cb", "timestamp": "2026-09-16 17:00:00", "generated_at": "2026-09-16T23:31:17.755149", "nearest_km": 39.958618274074738, "n_points": 4, "weight_sum": 0.0014613703423493878, "confidence": "Medium", "flagged": false }, "geometry": { "type": "Polygon", "coordinates": [ [ [ -117.442199330721508, 53.052951136780003 ], [ -117.39219933072151, 53.052951136780003 ], [ -117.39219933072151, 53.10295113678 ], [ -117.442199330721508, 53.10295113678 ], [ -117.442199330721508, 53.052951136780003 ] ] ] } },
{ "type": "Feature", "properties": { "value": 2, "label": "AQHI 2", "color": "#0099cb", "timestamp": "2026-09-16 17:00:00", "generated_at": "2026-09-16T23:31:17.755149", "nearest_km": 34.567582242489401, "n_points": 4, "weight_sum": 0.0015877777945592496, "confidence": "Medium", "flagged": false }, "geometry": { "type": "Polygon", "coordinates": [ [ [ -117.39219933072151, 53.052951136780003 ], [ -117.342199330721513, 53.052951136780003 ], [ -117.342199330721513, 53.10295113678 ], [ -117.39219933072151, 53.10295113678 ], [ -117.39219933072151, 53.052951136780003 ] ] ] } },
{ "type": "Feature", "properties": { "value": 2, "label": "AQHI 2", "color": "#0099cb", "timestamp": "2026-09-16 17:00:00", "generated_at": "2026-09-16T23:31:17.755149", "nearest_km": 29.236096008347467, "n_points": 4, "weight_sum": 0.0018405348512470308, "confidence": "Medium", "flagged": false }, "geometry": { "type": "Polygon", "coordinates": [ [ [ -117.342199330721513, 53.052951136780003 ], [ -117.292199330721516, 53.052951136780003 ], [ -117.292199330721516, 53.10295113678 ], [ -117.342199330721513, 53.10295113678 ], [ -117.342199330721513, 53.052951136780003 ] ] ] } },
{ "type": "Feature", "properties": { "value": 2, "label": "AQHI 2", "color": "#0099cb", "timestamp": "2026-09-16 17:00:00", "generated_at": "2026-09-16T23:31:17.755149", "nearest_km": 24.003872136123075, "n_points": 4, "weight_sum": 0.0023340888497534588, "confidence": "High", "flagged": false }, "geometry": { "type": "Polygon", "coordinates": [ [ [ -117.292199330721516, 53.052951136780003 ], [ -117.242199330721519, 53.052951136780003 ], [ -117.242199330721519, 53.10295113678 ], [ -117.292199330721516, 53.10295113678 ], [ -117.292199330721516, 53.052951136780003 ] ] ] } },
{ "type": "Feature", "properties": { "value": 2, "label": "AQHI 2", "color": "#0099cb", "timestamp": "2026-09-16 17:00:00", "generated_at": "2026-09-16T23:31:17.755149", "nearest_km": 18.953296421608933, "n_points": 4, "weight_sum": 0.0033203219769969159, "confidence": "High", "flagged": false }, "geometry": { "type": "Polygon", "coordinates": [ [ [ -117.242199330721519, 53.052951136780003 ], [ -117.192199330721522, 53.052951136780003 ], [ -117.192199330721522, 53.10295113678 ], [ -117.242199330721519, 53.10295113678 ], [ -117.242199330721519, 53.052951136780003 ] ] ] } },
{ "type": "Feature", "properties": { "value": 2, "label": "AQHI 2", "color": "#0099cb", "timestamp": "2026-09-16 17:00:00", "generated_at": "2026-09-16T23:31:17.755149", "nearest_km": 14.278445747468282, "n_points": 4, "weight_sum": 0.0053898846308623113, "confidence": "High", "flagged": false }, "geometry": { "type": "Polygon", "coordinates": [ [ [ -117.192199330721522, 53.052951136780003 ], [ -117.142199330721525, 53.052951136780003 ], [ -117.142199330721525, 53.10295113678 ], [ -117.192199330721522, 53.10295113678 ], [ -117.192199330721522, 53.052951136780003 ] ] ] } },
{ "type": "Feature", "properties": { "value": 2, "label": "AQHI 2", "color": "#0099cb", "timestamp": "2026-09-16 17:00:00", "generated_at": "2026-09-16T23:31:17.755149", "nearest_km": 10.494073598055675, "n_points": 4, "weight_sum": 0.0095233742915557425, "confidence": "High", "flagged": false }, "geometry": { "type": "Polygon", "coordinates": [ [ [ -117.142199330721525, 53.052951136780003 ], [ -117.092199330721527, 53.052951136780003 ], [ -117.092199330721527, 53.10295113678 ], [ -117.142199330721525, 53.10295113678 ], [ -117.142199330721525, 53.052951136780003 ] ] ] } },
{ "type": "Feature", "properties": { "value": 2, "label": "AQHI 2", "color": "#0099cb", "timestamp": "2026-09-16 17:00:00", "generated_at": "2026-09-16T23:31:17.755149", "nearest_km": 8.8307501606271401, "n_points": 4, "weight_sum": 0.01323280863055692, "confidence": "High", "flagged": false }, "geometry": { "type": "Polygon", "coordinates": [ [ [ -117.092199330721527, 53.052951136780003 ], [ -117.04219933072153, 53.052951136780003 ], [ -117.04219933072153, 53.10295113678 ], [ -117.092199330721527, 53.10295113678 ], [ -117.092199330721527, 53.052951136780003 ] ] ] } },
{ "type": "Feature", "properties": { "value": 2, "label": "AQHI 2", "color": "#0099cb", "timestamp": "2026-09-16 17:00:00", "generated_at": "2026-09-16T23:31:17.755149", "nearest_km": 10.365506071457213, "n_points": 4, "weight_sum": 0.0096906100757726005, "confidence": "High", "flagged": false }, "geometry": { "type": "Polygon", "coordinates": [ [ [ -117.04219933072153, 53.052951136780003 ], [ -116.992199330721533, 53.052951136780003 ], [ -116.992199330721533, 53.10295113678 ], [ -117.04219933072153, 53.10295113678 ], [ -117.04219933072153, 53.052951136780003 ] ] ] } },
{ "type": "Feature", "properties": { "value": 2, "label": "AQHI 2", "color": "#0099cb", "timestamp": "2026-09-16 17:00:00", "generated_at": "2026-09-16T23:31:17.755149", "nearest_km": 14.089367758540817, "n_points": 4, "weight_sum": 0.0054015204580083343, "confidence": "High", "flagged": false }, "geometry": { "type": "Polygon", "coordinates": [ [ [ -116.992199330721533, 53.052951136780003 ], [ -116.942199330721536, 53.052951136780003 ], [ -116.942199330721536, 53.10295113678 ], [ -116.992199330721533, 53.10295113678 ], [ -116.992199330721533, 53.052951136780003 ] ] ] } },
{ "type": "Feature", "properties": { "value": 2, "label": "AQHI 2", "color": "#0099cb", "timestamp": "2026-09-16 17:00:00", "generated_at": "2026-09-16T23:31:17.755149", "nearest_km": 18.739846625663603, "n_points": 5, "weight_sum": 0.0032423813123233776, "confidence": "High", "flagged": false }, "geometry": { "type": "Polygon", "coordinates": [ [ [ -116.942199330721536, 53.052951136780003 ], [ -116.892199330721539, 53.052951136780003 ], [ -116.892199330721539, 53.10295113678 ], [ -116.942199330721536, 53.10295113678 ], [ -116.942199330721536, 53.052951136780003 ] ] ] } },
{ "type": "Feature", "properties": { "value": 2, "label": "AQHI 2", "color": "#0099cb", "timestamp": "2026-09-16 17:00:00", "generated_at": "2026-09-16T23:31:17.755149", "nearest_km": 23.779369614675968, "n_points": 5, "weight_sum": 0.0021547872407220456, "confidence": "High", "flagged": false }, "geometry": { "type": "Polygon", "coordinates": [ [ [ -116.892199330721539, 53.052951136780003 ], [ -116.842199330721542, 53.052951136780003 ], [ -116.842199330721542, 53.10295113678 ], [ -116.892199330721539, 53.10295113678 ], [ -116.892199330721539, 53.052951136780003 ] ] ] } },
{ "type": "Feature", "properties": { "value": 2, "label": "AQHI 2", "color": "#0099cb", "timestamp": "2026-09-16 17:00:00", "generated_at": "2026-09-16T23:31:17.755149", "nearest_km": 29.00586125232876, "n_points": 5, "weight_sum": 0.0015704886105105595, "confidence": "Medium", "flagged": false }, "geometry": { "type": "Polygon", "coordinates": [ [ [ -116.842199330721542, 53.052951136780003 ], [ -116.792199330721544, 53.052951136780003 ], [ -116.792199330721544, 53.10295113678 ], [ -116.842199330721542, 53.10295113678 ], [ -116.842199330721542, 53.052951136780003 ] ] ] } },
{ "type": "Feature", "properties": { "value": 2, "label": "AQHI 2", "color": "#0099cb", "timestamp": "2026-09-16 17:00:00", "generated_at": "2026-09-16T23:31:17.755149", "nearest_km": 34.334043669619106, "n_points": 5, "weight_sum": 0.0012293086942022236, "confidence": "Medium", "flagged": false }, "geometry": { "type": "Polygon", "coordinates": [ [ [ -116.792199330721544, 53.052951136780003 ], [ -116.742199330721547, 53.052951136780003 ], [ -116.742199330721547, 53.10295113678 ], [ -116.792199330721544, 53.10295113678 ], [ -116.792199330721544, 53.052951136780003 ] ] ] } },
{ "type": "Feature", "properties": { "value": 2, "label": "AQHI 2", "color": "#0099cb", "timestamp": "2026-09-16 17:00:00", "generated_at": "2026-09-16T23:31:17.755149", "nearest_km": 39.723017539271481, "n_points": 4, "weight_sum": 0.00097287988294656922, "confidence": "Medium", "flagged": false }, "geometry": { "type": "Polygon", "coordinates": [ [ [ -116.742199330721547, 53.052951136780003 ], [ -116.69219933072155, 53.052951136780003 ], [ -116.69219933072155, 53.10295113678 ], [ -116.742199330721547, 53.10295113678 ], [ -116.742199330721547, 53.052951136780003 ] ] ] } },
{ "type": "Feature", "properties": { "value": 2, "label": "AQHI 2", "color": "#0099cb", "timestamp": "2026-09-16 17:00:00", "generated_at": "2026-09-16T23:31:17.755149", "nearest_km": 45.151020920276224, "n_points": 4, "weight_sum": 0.00083671172661357472, "confidence": "Medium", "flagged": false }, "geometry": { "type": "Polygon", "coordinates": [ [ [ -116.69219933072155, 53.052951136780003 ], [ -116.642199330721553, 53.052951136780003 ], [ -116.642199330721553, 53.10295113678 ], [ -116.69219933072155, 53.10295113678 ], [ -116.69219933072155, 53.052951136780003 ] ] ] } },
{ "type": "Feature", "properties": { "value": 2, "label": "AQHI 2", "color": "#0099cb", "timestamp": "2026-09-16 17:00:00", "generated_at": "2026-09-16T23:31:17.755149", "nearest_km": 50.60549632066823, "n_points": 3, "weight_sum": 0.00070029015225545207, "confidence": "Medium", "flagged": false }, "geometry": { "type": "Polygon", "coordinates": [ [ [ -116.642199330721553, 53.052951136780003 ], [ -116.592199330721556, 53.052951136780003 ], [ -116.592199330721556, 53.10295113678 ], [ -116.642199330721553, 53.10295113678 ], [ -116.642199330721553, 53.052951136780003 ] ] ] } },
{ "type": "Feature", "properties": { "value": 2, "label": "AQHI 2", "color": "#0099cb", "timestamp": "2026-09-16 17:00:00", "generated_at": "2026-09-16T23:31:17.755149", "nearest_km": 56.078719899611677, "n_points": 3, "weight_sum": 0.00063614890639924115, "confidence": "Medium", "flagged": false }, "geometry": { "type": "Polygon", "coordinates": [ [ [ -116.592199330721556, 53.052951136780003 ], [ -116.542199330721559, 53.052951136780003 ], [ -116.542199330721559, 53.10295113678 ], [ -116.592199330721556, 53.10295113678 ], [ -116.592199330721556, 53.052951136780003 ] ] ] } },
{ "type": "Feature", "properties": { "value": 2, "label": "AQHI 2", "color": "#0099cb", "timestamp": "2026-09-16 17:00:00", "generated_at": "2026-09-16T23:31:17.755149", "nearest_km": 61.565691690234694, "n_points": 3, "weight_sum": 0.00058930049634758484, "confidence": "Medium", "flagged": false }, "geometry": { "type": "Polygon", "coordinates": [ [ [ -116.542199330721559, 53.052951136780003 ], [ -116.492199330721562, 53.052951136780003 ], [ -116.492199330721562, 53.10295113678 ], [ -116.542199330721559, 53.10295113678 ], [ -116.542199330721559, 53.052951136780003 ] ] ] } },
{ "type": "Feature", "properties": { "value": 2, "label": "AQHI 2", "color": "#0099cb", "timestamp": "2026-09-16 17:00:00", "generated_at": "2026-09-16T23:31:17.755149", "nearest_km": 61.019486415953317, "n_points": 3, "weight_sum": 0.00055293365739764286, "confidence": "Medium", "flagged": false }, "geometry": { "type": "Polygon", "coordinates": [ [ [ -116.492199330721562, 53.052951136780003 ], [ -116.442199330721564, 53.052951136780003 ], [ -116.442199330721564, 53.10295113678 ], [ -116.492199330721562, 53.10295113678 ], [ -116.492199330721562, 53.052951136780003 ] ] ] } },
{ "type": "Feature", "properties": { "value": 2, "label": "AQHI 2", "color": "#0099cb", "timestamp": "2026-09-16 17:00:00", "generated_at": "2026-09-16T23:31:17.755149", "nearest_km": 60.263448298987079, "n_points": 3, "weight_sum": 0.00052237990605826239, "confidence": "Medium", "flagged": false }, "geometry": { "type": "Polygon", "coordinates": [ [ [ -116.442199330721564, 53.052951136780003 ], [ -116.392199330721567, 53.052951136780003 ], [ -116.392199330721567, 53.10295113678 ], [ -116.442199330721564, 53.10295113678 ], [ -116.442199330721564, 53.052951136780003 ] ] ] } },
{ "type": "Feature", "properties": { "value": 2, "label": "AQHI 2", "color": "#0099cb", "timestamp": "2026-09-16 17:00:00", "generated_at": "2026-09-16T23:31:17.755149", "nearest_km": 60.013279191381109, "n_points": 3, "weight_sum": 0.00049447895449428029, "confidence": "Medium", "flagged": false }, "geometry": { "type": "Polygon", "coordinates": [ [ [ -116.392199330721567, 53.052951136780003 ], [ -116.34219933072157, 53.052951136780003 ], [ -116.34219933072157, 53.10295113678 ], [ -116.392199330721567, 53.10295113678 ], [ -116.392199330721567, 53.052951136780003 ] ] ] } },
{ "type": "Feature", "properties": { "value": 2, "label": "AQHI 2", "color": "#0099cb", "timestamp": "2026-09-16 17:00:00", "generated_at": "2026-09-16T23:31:17.755149", "nearest_km": 60.275278163776392, "n_points": 3, "weight_sum": 0.00046726134331282279, "confidence": "Medium", "flagged": false }, "geometry": { "type": "Polygon", "coordinates": [ [ [ -116.34219933072157, 53.052951136780003 ], [ -116.292199330721573, 53.052951136780003 ], [ -116.292199330721573, 53.10295113678 ], [ -116.34219933072157, 53.10295113678 ], [ -116.34219933072157, 53.052951136780003 ] ] ] } },
{ "type": "Feature", "properties": { "value": 2, "label": "AQHI 2", "color": "#0099cb", "timestamp": "2026-09-16 17:00:00", "generated_at": "2026-09-16T23:31:17.755149", "nearest_km": 61.042850819228406, "n_points": 4, "weight_sum": 0.00048635242177275546, "confidence": "Medium", "flagged": false }, "geometry": { "type": "Polygon", "coordinates": [ [ [ -116.292199330721573, 53.052951136780003 ], [ -116.242199330721576, 53.052951136780003 ], [ -116.242199330721576, 53.10295113678 ], [ -116.292199330721573, 53.10295113678 ], [ -116.292199330721573, 53.052951136780003 ] ] ] } },
{ "type": "Feature", "properties": { "value": 2, "label": "AQHI 2", "color": "#0099cb", "timestamp": "2026-09-16 17:00:00", "generated_at": "2026-09-16T23:31:17.755149", "nearest_km": 62.297312257885757, "n_points": 3, "weight_sum": 0.0004196455072711525, "confidence": "Medium", "flagged": false }, "geometry": { "type": "Polygon", "coordinates": [ [ [ -116.242199330721576, 53.052951136780003 ], [ -116.192199330721579, 53.052951136780003 ], [ -116.192199330721579, 53.10295113678 ], [ -116.242199330721576, 53.10295113678 ], [ -116.242199330721576, 53.052951136780003 ] ] ] } },
{ "type": "Feature", "properties": { "value": 2, "label": "AQHI 2", "color": "#0099cb", "timestamp": "2026-09-16 17:00:00", "generated_at": "2026-09-16T23:31:17.755149", "nearest_km": 64.010042907144367, "n_points": 3, "weight_sum": 0.00039823081772985915, "confidence": "Medium", "flagged": false }, "geometry": { "type": "Polygon", "coordinates": [ [ [ -116.192199330721579, 53.052951136780003 ], [ -116.142199330721581, 53.052951136780003 ], [ -116.142199330721581, 53.10295113678 ], [ -116.192199330721579, 53.10295113678 ], [ -116.192199330721579, 53.052951136780003 ] ] ] } },
{ "type": "Feature", "properties": { "value": 2, "label": "AQHI 2", "color": "#0099cb", "timestamp": "2026-09-16 17:00:00", "generated_at": "2026-09-16T23:31:17.755149", "nearest_km": 66.145453898150834, "n_points": 3, "weight_sum": 0.00037727904460238234, "confidence": "Medium", "flagged": false }, "geometry": { "type": "Polygon", "coordinates": [ [ [ -116.142199330721581, 53.052951136780003 ], [ -116.092199330721584, 53.052951136780003 ], [ -116.092199330721584, 53.10295113678 ], [ -116.142199330721581, 53.10295113678 ], [ -116.142199330721581, 53.052951136780003 ] ] ] } },
{ "type": "Feature", "properties": { "value": 2, "label": "AQHI 2", "color": "#0099cb", "timestamp": "2026-09-16 17:00:00", "generated_at": "2026-09-16T23:31:17.755149", "nearest_km": 68.664121270211595, "n_points": 3, "weight_sum": 0.00035747704820322009, "confidence": "Medium", "flagged": false }, "geometry": { "type": "Polygon", "coordinates": [ [ [ -116.092199330721584, 53.052951136780003 ], [ -116.042199330721587, 53.052951136780003 ], [ -116.042199330721587, 53.10295113678 ], [ -116.092199330721584, 53.10295113678 ], [ -116.092199330721584, 53.052951136780003 ] ] ] } },
{ "type": "Feature", "properties": { "value": 2, "label": "AQHI 2", "color": "#0099cb", "timestamp": "2026-09-16 17:00:00", "generated_at": "2026-09-16T23:31:17.755149", "nearest_km": 71.525569052110626, "n_points": 3, "weight_sum": 0.00033945584010244834, "confidence": "Medium", "flagged": false }, "geometry": { "type": "Polygon", "coordinates": [ [ [ -116.042199330721587, 53.052951136780003 ], [ -115.99219933072159, 53.052951136780003 ], [ -115.99219933072159, 53.10295113678 ], [ -116.042199330721587, 53.10295113678 ], [ -116.042199330721587, 53.052951136780003 ] ] ] } },
{ "type": "Feature", "properties": { "value": 2, "label": "AQHI 2", "color": "#0099cb", "timestamp": "2026-09-16 17:00:00", "generated_at": "2026-09-16T23:31:17.755149", "nearest_km": 74.690411075627097, "n_points": 3, "weight_sum": 0.00032373724747325499, "confidence": "Medium", "flagged": false }, "geometry": { "type": "Polygon", "coordinates": [ [ [ -115.99219933072159, 53.052951136780003 ], [ -115.942199330721593, 53.052951136780003 ], [ -115.942199330721593, 53.10295113678 ], [ -115.99219933072159, 53.10295113678 ], [ -115.99219933072159, 53.052951136780003 ] ] ] } },
{ "type": "Feature", "properties": { "value": 2, "label": "AQHI 2", "color": "#0099cb", "timestamp": "2026-09-16 17:00:00", "generated_at": "2026-09-16T23:31:17.755149", "nearest_km": 78.121783038177412, "n_points": 3, "weight_sum": 0.00031073282659552855, "confidence": "Low", "flagged": false }, "geometry": { "type": "Polygon", "coordinates": [ [ [ -115.942199330721593, 53.052951136780003 ], [ -115.892199330721596, 53.052951136780003 ], [ -115.892199330721596, 53.10295113678 ], [ -115.942199330721593, 53.10295113678 ], [ -115.942199330721593, 53.052951136780003 ] ] ] } },
{ "type": "Feature", "properties": { "value": 2, "label": "AQHI 2", "color": "#0099cb", "timestamp": "2026-09-16 17:00:00", "generated_at": "2026-09-16T23:31:17.755149", "nearest_km": 81.786144691396004, "n_points": 3, "weight_sum": 0.00030077447462697852, "confidence": "Low", "flagged": false }, "geometry": { "type": "Polygon", "coordinates": [ [ [ -115.892199330721596, 53.052951136780003 ], [ -115.842199330721598, 53.052951136780003 ], [ -115.842199330721598, 53.10295113678 ], [ -115.892199330721596, 53.10295113678 ], [ -115.892199330721596, 53.052951136780003 ] ] ] } },
{ "type": "Feature", "properties": { "value": 2, "label": "AQHI 2", "color": "#0099cb", "timestamp": "2026-09-16 17:00:00", "generated_at": "2026-09-16T23:31:17.755149", "nearest_km": 85.653598534444853, "n_points": 3, "weight_sum": 0.0002941607459072018, "confidence": "Low", "flagged": false }, "geometry": { "type": "Polygon", "coordinates": [ [ [ -115.842199330721598, 53.052951136780003 ], [ -115.792199330721601, 53.052951136780003 ], [ -115.792199330721601, 53.10295113678 ], [ -115.842199330721598, 53.10295113678 ], [ -115.842199330721598, 53.052951136780003 ] ] ] } },
{ "type": "Feature", "properties": { "value": 2, "label": "AQHI 2", "color": "#0099cb", "timestamp": "2026-09-16 17:00:00", "generated_at": "2026-09-16T23:31:17.755149", "nearest_km": 89.697878572002679, "n_points": 3, "weight_sum": 0.00029121005523963673, "confidence": "Low", "flagged": false }, "geometry": { "type": "Polygon", "coordinates": [ [ [ -115.792199330721601, 53.052951136780003 ], [ -115.742199330721604, 53.052951136780003 ], [ -115.742199330721604, 53.10295113678 ], [ -115.792199330721601, 53.10295113678 ], [ -115.792199330721601, 53.052951136780003 ] ] ] } },
{ "type": "Feature", "properties": { "value": 2, "label": "AQHI 2", "color": "#0099cb", "timestamp": "2026-09-16 17:00:00", "generated_at": "2026-09-16T23:31:17.755149", "nearest_km": 86.244094157479537, "n_points": 3, "weight_sum": 0.00029231860777994526, "confidence": "Low", "flagged": false }, "geometry": { "type": "Polygon", "coordinates": [ [ [ -115.742199330721604, 53.052951136780003 ], [ -115.692199330721607, 53.052951136780003 ], [ -115.692199330721607, 53.10295113678 ], [ -115.742199330721604, 53.10295113678 ], [ -115.742199330721604, 53.052951136780003 ] ] ] } },
{ "type": "Feature", "properties": { "value": 2, "label": "AQHI 2", "color": "#0099cb", "timestamp": "2026-09-16 17:00:00", "generated_at": "2026-09-16T23:31:17.755149", "nearest_km": 80.832787150154317, "n_points": 2, "weight_sum": 0.00025668615383215448, "confidence": "Low", "flagged": false }, "geometry": { "type": "Polygon", "coordinates": [ [ [ -115.692199330721607, 53.052951136780003 ], [ -115.64219933072161, 53.052951136780003 ], [ -115.64219933072161, 53.10295113678 ], [ -115.692199330721607, 53.10295113678 ], [ -115.692199330721607, 53.052951136780003 ] ] ] } },
{ "type": "Feature", "properties": { "value": 2, "label": "AQHI 2", "color": "#0099cb", "timestamp": "2026-09-16 17:00:00", "generated_at": "2026-09-16T23:31:17.755149", "nearest_km": 75.44163426040096, "n_points": 2, "weight_sum": 0.00027055345795001437, "confidence": "Low", "flagged": false }, "geometry": { "type": "Polygon", "coordinates": [ [ [ -115.64219933072161, 53.052951136780003 ], [ -115.592199330721613, 53.052951136780003 ], [ -115.592199330721613, 53.10295113678 ], [ -115.64219933072161, 53.10295113678 ], [ -115.64219933072161, 53.052951136780003 ] ] ] } },
{ "type": "Feature", "properties": { "value": 2, "label": "AQHI 2", "color": "#0099cb", "timestamp": "2026-09-16 17:00:00", "generated_at": "2026-09-16T23:31:17.755149", "nearest_km": 70.075287236643192, "n_points": 2, "weight_sum": 0.00029061165632229477, "confidence": "Medium", "flagged": false }, "geometry": { "type": "Polygon", "coordinates": [ [ [ -115.592199330721613, 53.052951136780003 ], [ -115.542199330721616, 53.052951136780003 ], [ -115.542199330721616, 53.10295113678 ], [ -115.592199330721613, 53.10295113678 ], [ -115.592199330721613, 53.052951136780003 ] ] ] } },
{ "type": "Feature", "properties": { "value": 2, "label": "AQHI 2", "color": "#0099cb", "timestamp": "2026-09-16 17:00:00", "generated_at": "2026-09-16T23:31:17.755149", "nearest_km": 64.739914911250736, "n_points": 2, "weight_sum": 0.00031849198010240799, "confidence": "Medium", "flagged": false }, "geometry": { "type": "Polygon", "coordinates": [ [ [ -115.542199330721616, 53.052951136780003 ], [ -115.492199330721618, 53.052951136780003 ], [ -115.492199330721618, 53.10295113678 ], [ -115.542199330721616, 53.10295113678 ], [ -115.542199330721616, 53.052951136780003 ] ] ] } },
{ "type": "Feature", "properties": { "value": 2, "label": "AQHI 2", "color": "#0099cb", "timestamp": "2026-09-16 17:00:00", "generated_at": "2026-09-16T23:31:17.755149", "nearest_km": 39.567953168117491, "n_points": 3, "weight_sum": 0.0013743956579885725, "confidence": "Medium", "flagged": false }, "geometry": { "type": "Polygon", "coordinates": [ [ [ -117.792199330721488, 53.10295113678 ], [ -117.74219933072149, 53.10295113678 ], [ -117.74219933072149, 53.152951136779997 ], [ -117.792199330721488, 53.152951136779997 ], [ -117.792199330721488, 53.10295113678 ] ] ] } },
{ "type": "Feature", "properties": { "value": 2, "label": "AQHI 2", "color": "#0099cb", "timestamp": "2026-09-16 17:00:00", "generated_at": "2026-09-16T23:31:17.755149", "nearest_km": 36.614926991493505, "n_points": 3, "weight_sum": 0.0014018060596621886, "confidence": "Medium", "flagged": false }, "geometry": { "type": "Polygon", "coordinates": [ [ [ -117.74219933072149, 53.10295113678 ], [ -117.692199330721493, 53.10295113678 ], [ -117.692199330721493, 53.152951136779997 ], [ -117.74219933072149, 53.152951136779997 ], [ -117.74219933072149, 53.10295113678 ] ] ] } },
{ "type": "Feature", "properties": { "value": 2, "label": "AQHI 2", "color": "#0099cb", "timestamp": "2026-09-16 17:00:00", "generated_at": "2026-09-16T23:31:17.755149", "nearest_km": 34.311628338953163, "n_points": 3, "weight_sum": 0.0014562934692389324, "confidence": "Medium", "flagged": false }, "geometry": { "type": "Polygon", "coordinates": [ [ [ -117.692199330721493, 53.10295113678 ], [ -117.642199330721496, 53.10295113678 ], [ -117.642199330721496, 53.152951136779997 ], [ -117.692199330721493, 53.152951136779997 ], [ -117.692199330721493, 53.10295113678 ] ] ] } },
{ "type": "Feature", "properties": { "value": 2, "label": "AQHI 2", "color": "#0099cb", "timestamp": "2026-09-16 17:00:00", "generated_at": "2026-09-16T23:31:17.755149", "nearest_km": 32.79524050755689, "n_points": 4, "weight_sum": 0.0015602698271423737, "confidence": "Medium", "flagged": false }, "geometry": { "type": "Polygon", "coordinates": [ [ [ -117.642199330721496, 53.10295113678 ], [ -117.592199330721499, 53.10295113678 ], [ -117.592199330721499, 53.152951136779997 ], [ -117.642199330721496, 53.152951136779997 ], [ -117.642199330721496, 53.10295113678 ] ] ] } },
{ "type": "Feature", "properties": { "value": 2, "label": "AQHI 2", "color": "#0099cb", "timestamp": "2026-09-16 17:00:00", "generated_at": "2026-09-16T23:31:17.755149", "nearest_km": 32.177208714034542, "n_points": 4, "weight_sum": 0.0016051445155537947, "confidence": "Medium", "flagged": false }, "geometry": { "type": "Polygon", "coordinates": [ [ [ -117.592199330721499, 53.10295113678 ], [ -117.542199330721502, 53.10295113678 ], [ -117.542199330721502, 53.152951136779997 ], [ -117.592199330721499, 53.152951136779997 ], [ -117.592199330721499, 53.10295113678 ] ] ] } },
{ "type": "Feature", "properties": { "value": 2, "label": "AQHI 2", "color": "#0099cb", "timestamp": "2026-09-16 17:00:00", "generated_at": "2026-09-16T23:31:17.755149", "nearest_km": 32.508809902925897, "n_points": 4, "weight_sum": 0.0016244385800416334, "confidence": "Medium", "flagged": false }, "geometry": { "type": "Polygon", "coordinates": [ [ [ -117.542199330721502, 53.10295113678 ], [ -117.492199330721505, 53.10295113678 ], [ -117.492199330721505, 53.152951136779997 ], [ -117.542199330721502, 53.152951136779997 ], [ -117.542199330721502, 53.10295113678 ] ] ] } },
{ "type": "Feature", "properties": { "value": 2, "label": "AQHI 2", "color": "#0099cb", "timestamp": "2026-09-16 17:00:00", "generated_at": "2026-09-16T23:31:17.755149", "nearest_km": 33.762074610168717, "n_points": 4, "weight_sum": 0.0016322004014016848, "confidence": "Medium", "flagged": false }, "geometry": { "type": "Polygon", "coordinates": [ [ [ -117.492199330721505, 53.10295113678 ], [ -117.442199330721508, 53.10295113678 ], [ -117.442199330721508, 53.152951136779997 ], [ -117.492199330721505, 53.152951136779997 ], [ -117.492199330721505, 53.10295113678 ] ] ] } },
{ "type": "Feature", "properties": { "value": 2, "label": "AQHI 2", "color": "#0099cb", "timestamp": "2026-09-16 17:00:00", "generated_at": "2026-09-16T23:31:17.755149", "nearest_km": 35.840447020937361, "n_points": 4, "weight_sum": 0.0016639584412436938, "confidence": "Medium", "flagged": false }, "geometry": { "type": "Polygon", "coordinates": [ [ [ -117.442199330721508, 53.10295113678 ], [ -117.39219933072151, 53.10295113678 ], [ -117.39219933072151, 53.152951136779997 ], [ -117.442199330721508, 53.152951136779997 ], [ -117.442199330721508, 53.10295113678 ] ] ] } },
{ "type": "Feature", "properties": { "value": 2, "label": "AQHI 2", "color": "#0099cb", "timestamp": "2026-09-16 17:00:00", "generated_at": "2026-09-16T23:31:17.755149", "nearest_km": 33.581365185440447, "n_points": 4, "weight_sum": 0.0017728730309125697, "confidence": "Medium", "flagged": false }, "geometry": { "type": "Polygon", "coordinates": [ [ [ -117.39219933072151, 53.10295113678 ], [ -117.342199330721513, 53.10295113678 ], [ -117.342199330721513, 53.152951136779997 ], [ -117.39219933072151, 53.152951136779997 ], [ -117.39219933072151, 53.10295113678 ] ] ] } },
{ "type": "Feature", "properties": { "value": 2, "label": "AQHI 2", "color": "#0099cb", "timestamp": "2026-09-16 17:00:00", "generated_at": "2026-09-16T23:31:17.755149", "nearest_km": 28.063136949314018, "n_points": 4, "weight_sum": 0.0020416358713144052, "confidence": "Medium", "flagged": false }, "geometry": { "type": "Polygon", "coordinates": [ [ [ -117.342199330721513, 53.10295113678 ], [ -117.292199330721516, 53.10295113678 ], [ -117.292199330721516, 53.152951136779997 ], [ -117.342199330721513, 53.152951136779997 ], [ -117.342199330721513, 53.10295113678 ] ] ] } },
{ "type": "Feature", "properties": { "value": 2, "label": "AQHI 2", "color": "#0099cb", "timestamp": "2026-09-16 17:00:00", "generated_at": "2026-09-16T23:31:17.755149", "nearest_km": 22.560501394117747, "n_points": 4, "weight_sum": 0.0026383254833418084, "confidence": "High", "flagged": false }, "geometry": { "type": "Polygon", "coordinates": [ [ [ -117.292199330721516, 53.10295113678 ], [ -117.242199330721519, 53.10295113678 ], [ -117.242199330721519, 53.152951136779997 ], [ -117.292199330721516, 53.152951136779997 ], [ -117.292199330721516, 53.10295113678 ] ] ] } },
{ "type": "Feature", "properties": { "value": 2, "label": "AQHI 2", "color": "#0099cb", "timestamp": "2026-09-16 17:00:00", "generated_at": "2026-09-16T23:31:17.755149", "nearest_km": 17.088528048723706, "n_points": 4, "weight_sum": 0.0040170272812115231, "confidence": "High", "flagged": false }, "geometry": { "type": "Polygon", "coordinates": [ [ [ -117.242199330721519, 53.10295113678 ], [ -117.192199330721522, 53.10295113678 ], [ -117.192199330721522, 53.152951136779997 ], [ -117.242199330721519, 53.152951136779997 ], [ -117.242199330721519, 53.10295113678 ] ] ] } },
{ "type": "Feature", "properties": { "value": 2, "label": "AQHI 2", "color": "#0099cb", "timestamp": "2026-09-16 17:00:00", "generated_at": "2026-09-16T23:31:17.755149", "nearest_km": 11.690353227770236, "n_points": 5, "weight_sum": 0.007889420179764392, "confidence": "High", "flagged": false }, "geometry": { "type": "Polygon", "coordinates": [ [ [ -117.192199330721522, 53.10295113678 ], [ -117.142199330721525, 53.10295113678 ], [ -117.142199330721525, 53.152951136779997 ], [ -117.192199330721522, 53.152951136779997 ], [ -117.192199330721522, 53.10295113678 ] ] ] } },
{ "type": "Feature", "properties": { "value": 2, "label": "AQHI 2", "color": "#0099cb", "timestamp": "2026-09-16 17:00:00", "generated_at": "2026-09-16T23:31:17.755149", "nearest_km": 6.5510248288380124, "n_points": 5, "weight_sum": 0.023823364259102454, "confidence": "High", "flagged": false }, "geometry": { "type": "Polygon", "coordinates": [ [ [ -117.142199330721525, 53.10295113678 ], [ -117.092199330721527, 53.10295113678 ], [ -117.092199330721527, 53.152951136779997 ], [ -117.142199330721525, 53.152951136779997 ], [ -117.142199330721525, 53.10295113678 ] ] ] } },
{ "type": "Feature", "properties": { "value": 2, "label": "AQHI 2", "color": "#0099cb", "timestamp": "2026-09-16 17:00:00", "generated_at": "2026-09-16T23:31:17.755149", "nearest_km": 3.2821477763896043, "n_points": 5, "weight_sum": 0.093312409301378255, "confidence": "High", "flagged": false }, "geometry": { "type": "Polygon", "coordinates": [ [ [ -117.092199330721527, 53.10295113678 ], [ -117.04219933072153, 53.10295113678 ], [ -117.04219933072153, 53.152951136779997 ], [ -117.092199330721527, 53.152951136779997 ], [ -117.092199330721527, 53.10295113678 ] ] ] } },
{ "type": "Feature", "properties": { "value": 2, "label": "AQHI 2", "color": "#0099cb", "timestamp": "2026-09-16 17:00:00", "generated_at": "2026-09-16T23:31:17.755149", "nearest_km": 6.3430325353145811, "n_points": 5, "weight_sum": 0.025309097906290174, "confidence": "High", "flagged": false }, "geometry": { "type": "Polygon", "coordinates": [ [ [ -117.04219933072153, 53.10295113678 ], [ -116.992199330721533, 53.10295113678 ], [ -116.992199330721533, 53.152951136779997 ], [ -117.04219933072153, 53.152951136779997 ], [ -117.04219933072153, 53.10295113678 ] ] ] } },
{ "type": "Feature", "properties": { "value": 2, "label": "AQHI 2", "color": "#0099cb", "timestamp": "2026-09-16 17:00:00", "generated_at": "2026-09-16T23:31:17.755149", "nearest_km": 11.458648675217006, "n_points": 5, "weight_sum": 0.0080499747712182469, "confidence": "High", "flagged": false }, "geometry": { "type": "Polygon", "coordinates": [ [ [ -116.992199330721533, 53.10295113678 ], [ -116.942199330721536, 53.10295113678 ], [ -116.942199330721536, 53.152951136779997 ], [ -116.992199330721533, 53.152951136779997 ], [ -116.992199330721533, 53.10295113678 ] ] ] } },
{ "type": "Feature", "properties": { "value": 2, "label": "AQHI 2", "color": "#0099cb", "timestamp": "2026-09-16 17:00:00", "generated_at": "2026-09-16T23:31:17.755149", "nearest_km": 16.851474629243537, "n_points": 5, "weight_sum": 0.0039416334844360338, "confidence": "High", "flagged": false }, "geometry": { "type": "Polygon", "coordinates": [ [ [ -116.942199330721536, 53.10295113678 ], [ -116.892199330721539, 53.10295113678 ], [ -116.892199330721539, 53.152951136779997 ], [ -116.942199330721536, 53.152951136779997 ], [ -116.942199330721536, 53.10295113678 ] ] ] } },
{ "type": "Feature", "properties": { "value": 2, "label": "AQHI 2", "color": "#0099cb", "timestamp": "2026-09-16 17:00:00", "generated_at": "2026-09-16T23:31:17.755149", "nearest_km": 22.321486619354403, "n_points": 5, "weight_sum": 0.0024194904540453823, "confidence": "High", "flagged": false }, "geometry": { "type": "Polygon", "coordinates": [ [ [ -116.892199330721539, 53.10295113678 ], [ -116.842199330721542, 53.10295113678 ], [ -116.842199330721542, 53.152951136779997 ], [ -116.892199330721539, 53.152951136779997 ], [ -116.892199330721539, 53.10295113678 ] ] ] } },
{ "type": "Feature", "properties": { "value": 2, "label": "AQHI 2", "color": "#0099cb", "timestamp": "2026-09-16 17:00:00", "generated_at": "2026-09-16T23:31:17.755149", "nearest_km": 27.823197742459254, "n_points": 5, "weight_sum": 0.0017017406634156098, "confidence": "Medium", "flagged": false }, "geometry": { "type": "Polygon", "coordinates": [ [ [ -116.842199330721542, 53.10295113678 ], [ -116.792199330721544, 53.10295113678 ], [ -116.792199330721544, 53.152951136779997 ], [ -116.842199330721542, 53.152951136779997 ], [ -116.842199330721542, 53.10295113678 ] ] ] } },
{ "type": "Feature", "properties": { "value": 2, "label": "AQHI 2", "color": "#0099cb", "timestamp": "2026-09-16 17:00:00", "generated_at": "2026-09-16T23:31:17.755149", "nearest_km": 33.34091930847071, "n_points": 5, "weight_sum": 0.0013115611947034623, "confidence": "Medium", "flagged": false }, "geometry": { "type": "Polygon", "coordinates": [ [ [ -116.792199330721544, 53.10295113678 ], [ -116.742199330721547, 53.10295113678 ], [ -116.742199330721547, 53.152951136779997 ], [ -116.792199330721544, 53.152951136779997 ], [ -116.792199330721544, 53.10295113678 ] ] ] } },
{ "type": "Feature", "properties": { "value": 2, "label": "AQHI 2", "color": "#0099cb", "timestamp": "2026-09-16 17:00:00", "generated_at": "2026-09-16T23:31:17.755149", "nearest_km": 38.867833333643809, "n_points": 4, "weight_sum": 0.0010363425248466943, "confidence": "Medium", "flagged": false }, "geometry": { "type": "Polygon", "coordinates": [ [ [ -116.742199330721547, 53.10295113678 ], [ -116.69219933072155, 53.10295113678 ], [ -116.69219933072155, 53.152951136779997 ], [ -116.742199330721547, 53.152951136779997 ], [ -116.742199330721547, 53.10295113678 ] ] ] } },
{ "type": "Feature", "properties": { "value": 2, "label": "AQHI 2", "color": "#0099cb", "timestamp": "2026-09-16 17:00:00", "generated_at": "2026-09-16T23:31:17.755149", "nearest_km": 44.40050715667406, "n_points": 4, "weight_sum": 0.00089327595396395537, "confidence": "Medium", "flagged": false }, "geometry": { "type": "Polygon", "coordinates": [ [ [ -116.69219933072155, 53.10295113678 ], [ -116.642199330721553, 53.10295113678 ], [ -116.642199330721553, 53.152951136779997 ], [ -116.69219933072155, 53.152951136779997 ], [ -116.69219933072155, 53.10295113678 ] ] ] } },
{ "type": "Feature", "properties": { "value": 2, "label": "AQHI 2", "color": "#0099cb", "timestamp": "2026-09-16 17:00:00", "generated_at": "2026-09-16T23:31:17.755149", "nearest_km": 49.937026378107547, "n_points": 4, "weight_sum": 0.00080018004102715428, "confidence": "Medium", "flagged": false }, "geometry": { "type": "Polygon", "coordinates": [ [ [ -116.642199330721553, 53.10295113678 ], [ -116.592199330721556, 53.10295113678 ], [ -116.592199330721556, 53.152951136779997 ], [ -116.642199330721553, 53.152951136779997 ], [ -116.642199330721553, 53.10295113678 ] ] ] } },
{ "type": "Feature", "properties": { "value": 2, "label": "AQHI 2", "color": "#0099cb", "timestamp": "2026-09-16 17:00:00", "generated_at": "2026-09-16T23:31:17.755149", "nearest_km": 55.476239699584411, "n_points": 4, "weight_sum": 0.0007374389508955075, "confidence": "Medium", "flagged": false }, "geometry": { "type": "Polygon", "coordinates": [ [ [ -116.592199330721556, 53.10295113678 ], [ -116.542199330721559, 53.10295113678 ], [ -116.542199330721559, 53.152951136779997 ], [ -116.592199330721556, 53.152951136779997 ], [ -116.592199330721556, 53.10295113678 ] ] ] } },
{ "type": "Feature", "properties": { "value": 2, "label": "AQHI 2", "color": "#0099cb", "timestamp": "2026-09-16 17:00:00", "generated_at": "2026-09-16T23:31:17.755149", "nearest_km": 56.93270348907911, "n_points": 4, "weight_sum": 0.00069302969986609841, "confidence": "Medium", "flagged": false }, "geometry": { "type": "Polygon", "coordinates": [ [ [ -116.542199330721559, 53.10295113678 ], [ -116.492199330721562, 53.10295113678 ], [ -116.492199330721562, 53.152951136779997 ], [ -116.542199330721559, 53.152951136779997 ], [ -116.542199330721559, 53.10295113678 ] ] ] } },
{ "type": "Feature", "properties": { "value": 2, "label": "AQHI 2", "color": "#0099cb", "timestamp": "2026-09-16 17:00:00", "generated_at": "2026-09-16T23:31:17.755149", "nearest_km": 55.570074725461588, "n_points": 4, "weight_sum": 0.00065891239387921581, "confidence": "Medium", "flagged": false }, "geometry": { "type": "Polygon", "coordinates": [ [ [ -116.492199330721562, 53.10295113678 ], [ -116.442199330721564, 53.10295113678 ], [ -116.442199330721564, 53.152951136779997 ], [ -116.492199330721562, 53.152951136779997 ], [ -116.492199330721562, 53.10295113678 ] ] ] } },
{ "type": "Feature", "properties": { "value": 2, "label": "AQHI 2", "color": "#0099cb", "timestamp": "2026-09-16 17:00:00", "generated_at": "2026-09-16T23:31:17.755149", "nearest_km": 54.738822451815309, "n_points": 4, "weight_sum": 0.00062946706653285776, "confidence": "Medium", "flagged": false }, "geometry": { "type": "Polygon", "coordinates": [ [ [ -116.442199330721564, 53.10295113678 ], [ -116.392199330721567, 53.10295113678 ], [ -116.392199330721567, 53.152951136779997 ], [ -116.442199330721564, 53.152951136779997 ], [ -116.442199330721564, 53.10295113678 ] ] ] } },
{ "type": "Feature", "properties": { "value": 2, "label": "AQHI 2", "color": "#0099cb", "timestamp": "2026-09-16 17:00:00", "generated_at": "2026-09-16T23:31:17.755149", "nearest_km": 54.463282694209035, "n_points": 3, "weight_sum": 0.00055688231731294174, "confidence": "Medium", "flagged": false }, "geometry": { "type": "Polygon", "coordinates": [ [ [ -116.392199330721567, 53.10295113678 ], [ -116.34219933072157, 53.10295113678 ], [ -116.34219933072157, 53.152951136779997 ], [ -116.392199330721567, 53.152951136779997 ], [ -116.392199330721567, 53.10295113678 ] ] ] } },
{ "type": "Feature", "properties": { "value": 2, "label": "AQHI 2", "color": "#0099cb", "timestamp": "2026-09-16 17:00:00", "generated_at": "2026-09-16T23:31:17.755149", "nearest_km": 54.751845998534982, "n_points": 3, "weight_sum": 0.00052793261617615442, "confidence": "Medium", "flagged": false }, "geometry": { "type": "Polygon", "coordinates": [ [ [ -116.34219933072157, 53.10295113678 ], [ -116.292199330721573, 53.10295113678 ], [ -116.292199330721573, 53.152951136779997 ], [ -116.34219933072157, 53.152951136779997 ], [ -116.34219933072157, 53.10295113678 ] ] ] } },
{ "type": "Feature", "properties": { "value": 2, "label": "AQHI 2", "color": "#0099cb", "timestamp": "2026-09-16 17:00:00", "generated_at": "2026-09-16T23:31:17.755149", "nearest_km": 55.595729320382567, "n_points": 4, "weight_sum": 0.00054379043498090085, "confidence": "Medium", "flagged": false }, "geometry": { "type": "Polygon", "coordinates": [ [ [ -116.292199330721573, 53.10295113678 ], [ -116.242199330721576, 53.10295113678 ], [ -116.242199330721576, 53.152951136779997 ], [ -116.292199330721573, 53.152951136779997 ], [ -116.292199330721573, 53.10295113678 ] ] ] } },
{ "type": "Feature", "properties": { "value": 2, "label": "AQHI 2", "color": "#0099cb", "timestamp": "2026-09-16 17:00:00", "generated_at": "2026-09-16T23:31:17.755149", "nearest_km": 56.970260637311419, "n_points": 3, "weight_sum": 0.0004713769858295441, "confidence": "Medium", "flagged": false }, "geometry": { "type": "Polygon", "coordinates": [ [ [ -116.242199330721576, 53.10295113678 ], [ -116.192199330721579, 53.10295113678 ], [ -116.192199330721579, 53.152951136779997 ], [ -116.242199330721576, 53.152951136779997 ], [ -116.242199330721576, 53.10295113678 ] ] ] } },
{ "type": "Feature", "properties": { "value": 2, "label": "AQHI 2", "color": "#0099cb", "timestamp": "2026-09-16 17:00:00", "generated_at": "2026-09-16T23:31:17.755149", "nearest_km": 58.838262002723489, "n_points": 3, "weight_sum": 0.00044421930349769842, "confidence": "Medium", "flagged": false }, "geometry": { "type": "Polygon", "coordinates": [ [ [ -116.192199330721579, 53.10295113678 ], [ -116.142199330721581, 53.10295113678 ], [ -116.142199330721581, 53.152951136779997 ], [ -116.192199330721579, 53.152951136779997 ], [ -116.192199330721579, 53.10295113678 ] ] ] } },
{ "type": "Feature", "properties": { "value": 2, "label": "AQHI 2", "color": "#0099cb", "timestamp": "2026-09-16 17:00:00", "generated_at": "2026-09-16T23:31:17.755149", "nearest_km": 61.154530117719567, "n_points": 3, "weight_sum": 0.00041726967323629934, "confidence": "Medium", "flagged": false }, "geometry": { "type": "Polygon", "coordinates": [ [ [ -116.142199330721581, 53.10295113678 ], [ -116.092199330721584, 53.10295113678 ], [ -116.092199330721584, 53.152951136779997 ], [ -116.142199330721581, 53.152951136779997 ], [ -116.142199330721581, 53.10295113678 ] ] ] } },
{ "type": "Feature", "properties": { "value": 2, "label": "AQHI 2", "color": "#0099cb", "timestamp": "2026-09-16 17:00:00", "generated_at": "2026-09-16T23:31:17.755149", "nearest_km": 63.870314171272064, "n_points": 3, "weight_sum": 0.00039168967527064422, "confidence": "Medium", "flagged": false }, "geometry": { "type": "Polygon", "coordinates": [ [ [ -116.092199330721584, 53.10295113678 ], [ -116.042199330721587, 53.10295113678 ], [ -116.042199330721587, 53.152951136779997 ], [ -116.092199330721584, 53.152951136779997 ], [ -116.092199330721584, 53.10295113678 ] ] ] } },
{ "type": "Feature", "properties": { "value": 2, "label": "AQHI 2", "color": "#0099cb", "timestamp": "2026-09-16 17:00:00", "generated_at": "2026-09-16T23:31:17.755149", "nearest_km": 66.937004046752179, "n_points": 3, "weight_sum": 0.00036842133069218735, "confidence": "Medium", "flagged": false }, "geometry": { "type": "Polygon", "coordinates": [ [ [ -116.042199330721587, 53.10295113678 ], [ -115.99219933072159, 53.10295113678 ], [ -115.99219933072159, 53.152951136779997 ], [ -116.042199330721587, 53.152951136779997 ], [ -116.042199330721587, 53.10295113678 ] ] ] } },
{ "type": "Feature", "properties": { "value": 2, "label": "AQHI 2", "color": "#0099cb", "timestamp": "2026-09-16 17:00:00", "generated_at": "2026-09-16T23:31:17.755149", "nearest_km": 70.3086978202045, "n_points": 3, "weight_sum": 0.00034814744162755781, "confidence": "Medium", "flagged": false }, "geometry": { "type": "Polygon", "coordinates": [ [ [ -115.99219933072159, 53.10295113678 ], [ -115.942199330721593, 53.10295113678 ], [ -115.942199330721593, 53.152951136779997 ], [ -115.99219933072159, 53.152951136779997 ], [ -115.99219933072159, 53.10295113678 ] ] ] } },
{ "type": "Feature", "properties": { "value": 2, "label": "AQHI 2", "color": "#0099cb", "timestamp": "2026-09-16 17:00:00", "generated_at": "2026-09-16T23:31:17.755149", "nearest_km": 73.943684433430391, "n_points": 3, "weight_sum": 0.00033133044834708289, "confidence": "Medium", "flagged": false }, "geometry": { "type": "Polygon", "coordinates": [ [ [ -115.942199330721593, 53.10295113678 ], [ -115.892199330721596, 53.10295113678 ], [ -115.892199330721596, 53.152951136779997 ], [ -115.942199330721593, 53.152951136779997 ], [ -115.942199330721593, 53.10295113678 ] ] ] } },
{ "type": "Feature", "properties": { "value": 2, "label": "AQHI 2", "color": "#0099cb", "timestamp": "2026-09-16 17:00:00", "generated_at": "2026-09-16T23:31:17.755149", "nearest_km": 77.805070181888752, "n_points": 3, "weight_sum": 0.0003182869326889753, "confidence": "Low", "flagged": false }, "geometry": { "type": "Polygon", "coordinates": [ [ [ -115.892199330721596, 53.10295113678 ], [ -115.842199330721598, 53.10295113678 ], [ -115.842199330721598, 53.152951136779997 ], [ -115.892199330721596, 53.152951136779997 ], [ -115.892199330721596, 53.10295113678 ] ] ] } },
{ "type": "Feature", "properties": { "value": 2, "label": "AQHI 2", "color": "#0099cb", "timestamp": "2026-09-16 17:00:00", "generated_at": "2026-09-16T23:31:17.755149", "nearest_km": 81.860823502005672, "n_points": 3, "weight_sum": 0.00030927068517206454, "confidence": "Low", "flagged": false }, "geometry": { "type": "Polygon", "coordinates": [ [ [ -115.842199330721598, 53.10295113678 ], [ -115.792199330721601, 53.10295113678 ], [ -115.792199330721601, 53.152951136779997 ], [ -115.842199330721598, 53.152951136779997 ], [ -115.842199330721598, 53.10295113678 ] ] ] } },
{ "type": "Feature", "properties": { "value": 2, "label": "AQHI 2", "color": "#0099cb", "timestamp": "2026-09-16 17:00:00", "generated_at": "2026-09-16T23:31:17.755149", "nearest_km": 86.083476363611211, "n_points": 3, "weight_sum": 0.00030455313266645361, "confidence": "Low", "flagged": false }, "geometry": { "type": "Polygon", "coordinates": [ [ [ -115.792199330721601, 53.10295113678 ], [ -115.742199330721604, 53.10295113678 ], [ -115.742199330721604, 53.152951136779997 ], [ -115.792199330721601, 53.152951136779997 ], [ -115.792199330721601, 53.10295113678 ] ] ] } },
{ "type": "Feature", "properties": { "value": 2, "label": "AQHI 2", "color": "#0099cb", "timestamp": "2026-09-16 17:00:00", "generated_at": "2026-09-16T23:31:17.755149", "nearest_km": 85.222980322626853, "n_points": 3, "weight_sum": 0.00030450129066094414, "confidence": "Low", "flagged": false }, "geometry": { "type": "Polygon", "coordinates": [ [ [ -115.742199330721604, 53.10295113678 ], [ -115.692199330721607, 53.10295113678 ], [ -115.692199330721607, 53.152951136779997 ], [ -115.742199330721604, 53.152951136779997 ], [ -115.742199330721604, 53.10295113678 ] ] ] } },
{ "type": "Feature", "properties": { "value": 2, "label": "AQHI 2", "color": "#0099cb", "timestamp": "2026-09-16 17:00:00", "generated_at": "2026-09-16T23:31:17.755149", "nearest_km": 79.742410776755449, "n_points": 2, "weight_sum": 0.00026820552594676919, "confidence": "Low", "flagged": false }, "geometry": { "type": "Polygon", "coordinates": [ [ [ -115.692199330721607, 53.10295113678 ], [ -115.64219933072161, 53.10295113678 ], [ -115.64219933072161, 53.152951136779997 ], [ -115.692199330721607, 53.152951136779997 ], [ -115.692199330721607, 53.10295113678 ] ] ] } },
{ "type": "Feature", "properties": { "value": 2, "label": "AQHI 2", "color": "#0099cb", "timestamp": "2026-09-16 17:00:00", "generated_at": "2026-09-16T23:31:17.755149", "nearest_km": 74.272153448696727, "n_points": 2, "weight_sum": 0.00028221276821121307, "confidence": "Medium", "flagged": false }, "geometry": { "type": "Polygon", "coordinates": [ [ [ -115.64219933072161, 53.10295113678 ], [ -115.592199330721613, 53.10295113678 ], [ -115.592199330721613, 53.152951136779997 ], [ -115.64219933072161, 53.152951136779997 ], [ -115.64219933072161, 53.10295113678 ] ] ] } },
{ "type": "Feature", "properties": { "value": 2, "label": "AQHI 2", "color": "#0099cb", "timestamp": "2026-09-16 17:00:00", "generated_at": "2026-09-16T23:31:17.755149", "nearest_km": 68.814667617628558, "n_points": 2, "weight_sum": 0.00030322757557778573, "confidence": "Medium", "flagged": false }, "geometry": { "type": "Polygon", "coordinates": [ [ [ -115.592199330721613, 53.10295113678 ], [ -115.542199330721616, 53.10295113678 ], [ -115.542199330721616, 53.152951136779997 ], [ -115.592199330721613, 53.152951136779997 ], [ -115.592199330721613, 53.10295113678 ] ] ] } },
{ "type": "Feature", "properties": { "value": 2, "label": "AQHI 2", "color": "#0099cb", "timestamp": "2026-09-16 17:00:00", "generated_at": "2026-09-16T23:31:17.755149", "nearest_km": 63.373252881185081, "n_points": 2, "weight_sum": 0.00033316650798115267, "confidence": "Medium", "flagged": false }, "geometry": { "type": "Polygon", "coordinates": [ [ [ -115.542199330721616, 53.10295113678 ], [ -115.492199330721618, 53.10295113678 ], [ -115.492199330721618, 53.152951136779997 ], [ -115.542199330721616, 53.152951136779997 ], [ -115.542199330721616, 53.10295113678 ] ] ] } },
{ "type": "Feature", "properties": { "value": 2, "label": "AQHI 2", "color": "#0099cb", "timestamp": "2026-09-16 17:00:00", "generated_at": "2026-09-16T23:31:17.755149", "nearest_km": 38.093242194068921, "n_points": 3, "weight_sum": 0.0013491032204083603, "confidence": "Medium", "flagged": false }, "geometry": { "type": "Polygon", "coordinates": [ [ [ -117.892199330721482, 53.152951136779997 ], [ -117.842199330721485, 53.152951136779997 ], [ -117.842199330721485, 53.202951136779994 ], [ -117.892199330721482, 53.202951136779994 ], [ -117.892199330721482, 53.152951136779997 ] ] ] } },
{ "type": "Feature", "properties": { "value": 2, "label": "AQHI 2", "color": "#0099cb", "timestamp": "2026-09-16 17:00:00", "generated_at": "2026-09-16T23:31:17.755149", "nearest_km": 39.063485651090176, "n_points": 3, "weight_sum": 0.0013780016626248836, "confidence": "Medium", "flagged": false }, "geometry": { "type": "Polygon", "coordinates": [ [ [ -117.842199330721485, 53.152951136779997 ], [ -117.792199330721488, 53.152951136779997 ], [ -117.792199330721488, 53.202951136779994 ], [ -117.842199330721485, 53.202951136779994 ], [ -117.842199330721485, 53.152951136779997 ] ] ] } },
{ "type": "Feature", "properties": { "value": 2, "label": "AQHI 2", "color": "#0099cb", "timestamp": "2026-09-16 17:00:00", "generated_at": "2026-09-16T23:31:17.755149", "nearest_km": 35.20484159730016, "n_points": 3, "weight_sum": 0.0014560347275788634, "confidence": "Medium", "flagged": false }, "geometry": { "type": "Polygon", "coordinates": [ [ [ -117.792199330721488, 53.152951136779997 ], [ -117.74219933072149, 53.152951136779997 ], [ -117.74219933072149, 53.202951136779994 ], [ -117.792199330721488, 53.202951136779994 ], [ -117.792199330721488, 53.152951136779997 ] ] ] } },
{ "type": "Feature", "properties": { "value": 2, "label": "AQHI 2", "color": "#0099cb", "timestamp": "2026-09-16 17:00:00", "generated_at": "2026-09-16T23:31:17.755149", "nearest_km": 31.849816837292117, "n_points": 3, "weight_sum": 0.0015827807089821215, "confidence": "Medium", "flagged": false }, "geometry": { "type": "Polygon", "coordinates": [ [ [ -117.74219933072149, 53.152951136779997 ], [ -117.692199330721493, 53.152951136779997 ], [ -117.692199330721493, 53.202951136779994 ], [ -117.74219933072149, 53.202951136779994 ], [ -117.74219933072149, 53.152951136779997 ] ] ] } },
{ "type": "Feature", "properties": { "value": 2, "label": "AQHI 2", "color": "#0099cb", "timestamp": "2026-09-16 17:00:00", "generated_at": "2026-09-16T23:31:17.755149", "nearest_km": 29.172689167217865, "n_points": 3, "weight_sum": 0.0017411785341538894, "confidence": "Medium", "flagged": false }, "geometry": { "type": "Polygon", "coordinates": [ [ [ -117.692199330721493, 53.152951136779997 ], [ -117.642199330721496, 53.152951136779997 ], [ -117.642199330721496, 53.202951136779994 ], [ -117.692199330721493, 53.202951136779994 ], [ -117.692199330721493, 53.152951136779997 ] ] ] } },
{ "type": "Feature", "properties": { "value": 2, "label": "AQHI 2", "color": "#0099cb", "timestamp": "2026-09-16 17:00:00", "generated_at": "2026-09-16T23:31:17.755149", "nearest_km": 27.373084479560529, "n_points": 4, "weight_sum": 0.0019376975709401176, "confidence": "Medium", "flagged": false }, "geometry": { "type": "Polygon", "coordinates": [ [ [ -117.642199330721496, 53.152951136779997 ], [ -117.592199330721499, 53.152951136779997 ], [ -117.592199330721499, 53.202951136779994 ], [ -117.642199330721496, 53.202951136779994 ], [ -117.642199330721496, 53.152951136779997 ] ] ] } },
{ "type": "Feature", "properties": { "value": 2, "label": "AQHI 2", "color": "#0099cb", "timestamp": "2026-09-16 17:00:00", "generated_at": "2026-09-16T23:31:17.755149", "nearest_km": 26.629508343249547, "n_points": 4, "weight_sum": 0.0020305486443896043, "confidence": "Medium", "flagged": false }, "geometry": { "type": "Polygon", "coordinates": [ [ [ -117.592199330721499, 53.152951136779997 ], [ -117.542199330721502, 53.152951136779997 ], [ -117.542199330721502, 53.202951136779994 ], [ -117.592199330721499, 53.202951136779994 ], [ -117.592199330721499, 53.152951136779997 ] ] ] } },
{ "type": "Feature", "properties": { "value": 2, "label": "AQHI 2", "color": "#0099cb", "timestamp": "2026-09-16 17:00:00", "generated_at": "2026-09-16T23:31:17.755149", "nearest_km": 27.029255914309406, "n_points": 4, "weight_sum": 0.0020341152405967487, "confidence": "Medium", "flagged": false }, "geometry": { "type": "Polygon", "coordinates": [ [ [ -117.542199330721502, 53.152951136779997 ], [ -117.492199330721505, 53.152951136779997 ], [ -117.492199330721505, 53.202951136779994 ], [ -117.542199330721502, 53.202951136779994 ], [ -117.542199330721502, 53.152951136779997 ] ] ] } },
{ "type": "Feature", "properties": { "value": 2, "label": "AQHI 2", "color": "#0099cb", "timestamp": "2026-09-16 17:00:00", "generated_at": "2026-09-16T23:31:17.755149", "nearest_km": 28.524299044135265, "n_points": 4, "weight_sum": 0.0019757659839584867, "confidence": "Medium", "flagged": false }, "geometry": { "type": "Polygon", "coordinates": [ [ [ -117.492199330721505, 53.152951136779997 ], [ -117.442199330721508, 53.152951136779997 ], [ -117.442199330721508, 53.202951136779994 ], [ -117.492199330721505, 53.202951136779994 ], [ -117.492199330721505, 53.152951136779997 ] ] ] } },
{ "type": "Feature", "properties": { "value": 2, "label": "AQHI 2", "color": "#0099cb", "timestamp": "2026-09-16 17:00:00", "generated_at": "2026-09-16T23:31:17.755149", "nearest_km": 30.956349859718195, "n_points": 4, "weight_sum": 0.0019248488046418486, "confidence": "Medium", "flagged": false }, "geometry": { "type": "Polygon", "coordinates": [ [ [ -117.442199330721508, 53.152951136779997 ], [ -117.39219933072151, 53.152951136779997 ], [ -117.39219933072151, 53.202951136779994 ], [ -117.442199330721508, 53.202951136779994 ], [ -117.442199330721508, 53.152951136779997 ] ] ] } },
{ "type": "Feature", "properties": { "value": 2, "label": "AQHI 2", "color": "#0099cb", "timestamp": "2026-09-16 17:00:00", "generated_at": "2026-09-16T23:31:17.755149", "nearest_km": 33.497812366549361, "n_points": 4, "weight_sum": 0.0019610466739176705, "confidence": "Medium", "flagged": false }, "geometry": { "type": "Polygon", "coordinates": [ [ [ -117.39219933072151, 53.152951136779997 ], [ -117.342199330721513, 53.152951136779997 ], [ -117.342199330721513, 53.202951136779994 ], [ -117.39219933072151, 53.202951136779994 ], [ -117.39219933072151, 53.152951136779997 ] ] ] } },
{ "type": "Feature", "properties": { "value": 2, "label": "AQHI 2", "color": "#0099cb", "timestamp": "2026-09-16 17:00:00", "generated_at": "2026-09-16T23:31:17.755149", "nearest_km": 27.963100705440187, "n_points": 4, "weight_sum": 0.0021780015055741101, "confidence": "Medium", "flagged": false }, "geometry": { "type": "Polygon", "coordinates": [ [ [ -117.342199330721513, 53.152951136779997 ], [ -117.292199330721516, 53.152951136779997 ], [ -117.292199330721516, 53.202951136779994 ], [ -117.342199330721513, 53.202951136779994 ], [ -117.342199330721513, 53.152951136779997 ] ] ] } },
{ "type": "Feature", "properties": { "value": 2, "label": "AQHI 2", "color": "#0099cb", "timestamp": "2026-09-16 17:00:00", "generated_at": "2026-09-16T23:31:17.755149", "nearest_km": 22.435943679297839, "n_points": 5, "weight_sum": 0.0027939738841924956, "confidence": "High", "flagged": false }, "geometry": { "type": "Polygon", "coordinates": [ [ [ -117.292199330721516, 53.152951136779997 ], [ -117.242199330721519, 53.152951136779997 ], [ -117.242199330721519, 53.202951136779994 ], [ -117.292199330721516, 53.202951136779994 ], [ -117.292199330721516, 53.152951136779997 ] ] ] } },
{ "type": "Feature", "properties": { "value": 2, "label": "AQHI 2", "color": "#0099cb", "timestamp": "2026-09-16 17:00:00", "generated_at": "2026-09-16T23:31:17.755149", "nearest_km": 16.923744754003256, "n_points": 5, "weight_sum": 0.0041929922380125112, "confidence": "High", "flagged": false }, "geometry": { "type": "Polygon", "coordinates": [ [ [ -117.242199330721519, 53.152951136779997 ], [ -117.192199330721522, 53.152951136779997 ], [ -117.192199330721522, 53.202951136779994 ], [ -117.242199330721519, 53.202951136779994 ], [ -117.242199330721519, 53.152951136779997 ] ] ] } },
{ "type": "Feature", "properties": { "value": 2, "label": "AQHI 2", "color": "#0099cb", "timestamp": "2026-09-16 17:00:00", "generated_at": "2026-09-16T23:31:17.755149", "nearest_km": 11.448131035967135, "n_points": 5, "weight_sum": 0.0082508384081451495, "confidence": "High", "flagged": false }, "geometry": { "type": "Polygon", "coordinates": [ [ [ -117.192199330721522, 53.152951136779997 ], [ -117.142199330721525, 53.152951136779997 ], [ -117.142199330721525, 53.202951136779994 ], [ -117.192199330721522, 53.202951136779994 ], [ -117.192199330721522, 53.152951136779997 ] ] ] } },
{ "type": "Feature", "properties": { "value": 2, "label": "AQHI 2", "color": "#0099cb", "timestamp": "2026-09-16 17:00:00", "generated_at": "2026-09-16T23:31:17.755149", "nearest_km": 6.1082953378735754, "n_points": 5, "weight_sum": 0.027361396951132128, "confidence": "High", "flagged": false }, "geometry": { "type": "Polygon", "coordinates": [ [ [ -117.142199330721525, 53.152951136779997 ], [ -117.092199330721527, 53.152951136779997 ], [ -117.092199330721527, 53.202951136779994 ], [ -117.142199330721525, 53.202951136779994 ], [ -117.142199330721525, 53.152951136779997 ] ] ] } },
{ "type": "Feature", "properties": { "value": 2, "label": "AQHI 2", "color": "#0099cb", "timestamp": "2026-09-16 17:00:00", "generated_at": "2026-09-16T23:31:17.755149", "nearest_km": 2.273288290713515, "n_points": 5, "weight_sum": 0.19401916879150491, "confidence": "High", "flagged": false }, "geometry": { "type": "Polygon", "coordinates": [ [ [ -117.092199330721527, 53.152951136779997 ], [ -117.04219933072153, 53.152951136779997 ], [ -117.04219933072153, 53.202951136779994 ], [ -117.092199330721527, 53.202951136779994 ], [ -117.092199330721527, 53.152951136779997 ] ] ] } },
{ "type": "Feature", "properties": { "value": 2, "label": "AQHI 2", "color": "#0099cb", "timestamp": "2026-09-16 17:00:00", "generated_at": "2026-09-16T23:31:17.755149", "nearest_km": 5.884675638528881, "n_points": 5, "weight_sum": 0.029359359453311203, "confidence": "High", "flagged": false }, "geometry": { "type": "Polygon", "coordinates": [ [ [ -117.04219933072153, 53.152951136779997 ], [ -116.992199330721533, 53.152951136779997 ], [ -116.992199330721533, 53.202951136779994 ], [ -117.04219933072153, 53.202951136779994 ], [ -117.04219933072153, 53.152951136779997 ] ] ] } },
{ "type": "Feature", "properties": { "value": 2, "label": "AQHI 2", "color": "#0099cb", "timestamp": "2026-09-16 17:00:00", "generated_at": "2026-09-16T23:31:17.755149", "nearest_km": 11.211421635488, "n_points": 5, "weight_sum": 0.0084156010184007809, "confidence": "High", "flagged": false }, "geometry": { "type": "Polygon", "coordinates": [ [ [ -116.992199330721533, 53.152951136779997 ], [ -116.942199330721536, 53.152951136779997 ], [ -116.942199330721536, 53.202951136779994 ], [ -116.992199330721533, 53.202951136779994 ], [ -116.992199330721533, 53.152951136779997 ] ] ] } },
{ "type": "Feature", "properties": { "value": 2, "label": "AQHI 2", "color": "#0099cb", "timestamp": "2026-09-16 17:00:00", "generated_at": "2026-09-16T23:31:17.755149", "nearest_km": 16.684350236274547, "n_points": 5, "weight_sum": 0.004038606460100856, "confidence": "High", "flagged": false }, "geometry": { "type": "Polygon", "coordinates": [ [ [ -116.942199330721536, 53.152951136779997 ], [ -116.892199330721539, 53.152951136779997 ], [ -116.892199330721539, 53.202951136779994 ], [ -116.942199330721536, 53.202951136779994 ], [ -116.942199330721536, 53.152951136779997 ] ] ] } },
{ "type": "Feature", "properties": { "value": 2, "label": "AQHI 2", "color": "#0099cb", "timestamp": "2026-09-16 17:00:00", "generated_at": "2026-09-16T23:31:17.755149", "nearest_km": 22.195587636389661, "n_points": 5, "weight_sum": 0.0024698503999617031, "confidence": "High", "flagged": false }, "geometry": { "type": "Polygon", "coordinates": [ [ [ -116.892199330721539, 53.152951136779997 ], [ -116.842199330721542, 53.152951136779997 ], [ -116.842199330721542, 53.202951136779994 ], [ -116.892199330721539, 53.202951136779994 ], [ -116.892199330721539, 53.152951136779997 ] ] ] } },
{ "type": "Feature", "properties": { "value": 2, "label": "AQHI 2", "color": "#0099cb", "timestamp": "2026-09-16 17:00:00", "generated_at": "2026-09-16T23:31:17.755149", "nearest_km": 27.722295688536072, "n_points": 5, "weight_sum": 0.0017414706390007845, "confidence": "Medium", "flagged": false }, "geometry": { "type": "Polygon", "coordinates": [ [ [ -116.842199330721542, 53.152951136779997 ], [ -116.792199330721544, 53.152951136779997 ], [ -116.792199330721544, 53.202951136779994 ], [ -116.842199330721542, 53.202951136779994 ], [ -116.842199330721542, 53.152951136779997 ] ] ] } },
{ "type": "Feature", "properties": { "value": 2, "label": "AQHI 2", "color": "#0099cb", "timestamp": "2026-09-16 17:00:00", "generated_at": "2026-09-16T23:31:17.755149", "nearest_km": 33.256762409479826, "n_points": 5, "weight_sum": 0.0013505324217816127, "confidence": "Medium", "flagged": false }, "geometry": { "type": "Polygon", "coordinates": [ [ [ -116.792199330721544, 53.152951136779997 ], [ -116.742199330721547, 53.152951136779997 ], [ -116.742199330721547, 53.202951136779994 ], [ -116.792199330721544, 53.202951136779994 ], [ -116.792199330721544, 53.152951136779997 ] ] ] } },
{ "type": "Feature", "properties": { "value": 2, "label": "AQHI 2", "color": "#0099cb", "timestamp": "2026-09-16 17:00:00", "generated_at": "2026-09-16T23:31:17.755149", "nearest_km": 38.795667460150092, "n_points": 4, "weight_sum": 0.0010792368153170365, "confidence": "Medium", "flagged": false }, "geometry": { "type": "Polygon", "coordinates": [ [ [ -116.742199330721547, 53.152951136779997 ], [ -116.69219933072155, 53.152951136779997 ], [ -116.69219933072155, 53.202951136779994 ], [ -116.742199330721547, 53.202951136779994 ], [ -116.742199330721547, 53.152951136779997 ] ] ] } },
{ "type": "Feature", "properties": { "value": 2, "label": "AQHI 2", "color": "#0099cb", "timestamp": "2026-09-16 17:00:00", "generated_at": "2026-09-16T23:31:17.755149", "nearest_km": 44.337347478130674, "n_points": 4, "weight_sum": 0.00094180308897950666, "confidence": "Medium", "flagged": false }, "geometry": { "type": "Polygon", "coordinates": [ [ [ -116.69219933072155, 53.152951136779997 ], [ -116.642199330721553, 53.152951136779997 ], [ -116.642199330721553, 53.202951136779994 ], [ -116.69219933072155, 53.202951136779994 ], [ -116.69219933072155, 53.152951136779997 ] ] ] } },
{ "type": "Feature", "properties": { "value": 2, "label": "AQHI 2", "color": "#0099cb", "timestamp": "2026-09-16 17:00:00", "generated_at": "2026-09-16T23:31:17.755149", "nearest_km": 49.880877589657992, "n_points": 4, "weight_sum": 0.000855930003669581, "confidence": "Medium", "flagged": false }, "geometry": { "type": "Polygon", "coordinates": [ [ [ -116.642199330721553, 53.152951136779997 ], [ -116.592199330721556, 53.152951136779997 ], [ -116.592199330721556, 53.202951136779994 ], [ -116.642199330721553, 53.202951136779994 ], [ -116.642199330721553, 53.152951136779997 ] ] ] } },
{ "type": "Feature", "properties": { "value": 2, "label": "AQHI 2", "color": "#0099cb", "timestamp": "2026-09-16 17:00:00", "generated_at": "2026-09-16T23:31:17.755149", "nearest_km": 53.688897648248243, "n_points": 4, "weight_sum": 0.00080131376936119422, "confidence": "Medium", "flagged": false }, "geometry": { "type": "Polygon", "coordinates": [ [ [ -116.592199330721556, 53.152951136779997 ], [ -116.542199330721559, 53.152951136779997 ], [ -116.542199330721559, 53.202951136779994 ], [ -116.592199330721556, 53.202951136779994 ], [ -116.592199330721556, 53.152951136779997 ] ] ] } },
{ "type": "Feature", "properties": { "value": 2, "label": "AQHI 2", "color": "#0099cb", "timestamp": "2026-09-16 17:00:00", "generated_at": "2026-09-16T23:31:17.755149", "nearest_km": 51.648748378852964, "n_points": 4, "weight_sum": 0.00076504969186670657, "confidence": "Medium", "flagged": false }, "geometry": { "type": "Polygon", "coordinates": [ [ [ -116.542199330721559, 53.152951136779997 ], [ -116.492199330721562, 53.152951136779997 ], [ -116.492199330721562, 53.202951136779994 ], [ -116.542199330721559, 53.202951136779994 ], [ -116.542199330721559, 53.152951136779997 ] ] ] } },
{ "type": "Feature", "properties": { "value": 2, "label": "AQHI 2", "color": "#0099cb", "timestamp": "2026-09-16 17:00:00", "generated_at": "2026-09-16T23:31:17.755149", "nearest_km": 50.142733147686009, "n_points": 4, "weight_sum": 0.00073797018696162631, "confidence": "Medium", "flagged": false }, "geometry": { "type": "Polygon", "coordinates": [ [ [ -116.492199330721562, 53.152951136779997 ], [ -116.442199330721564, 53.152951136779997 ], [ -116.442199330721564, 53.202951136779994 ], [ -116.492199330721562, 53.202951136779994 ], [ -116.492199330721562, 53.152951136779997 ] ] ] } },
{ "type": "Feature", "properties": { "value": 2, "label": "AQHI 2", "color": "#0099cb", "timestamp": "2026-09-16 17:00:00", "generated_at": "2026-09-16T23:31:17.755149", "nearest_km": 49.219906195949065, "n_points": 4, "weight_sum": 0.00071324316705906961, "confidence": "Medium", "flagged": false }, "geometry": { "type": "Polygon", "coordinates": [ [ [ -116.442199330721564, 53.152951136779997 ], [ -116.392199330721567, 53.152951136779997 ], [ -116.392199330721567, 53.202951136779994 ], [ -116.442199330721564, 53.202951136779994 ], [ -116.442199330721564, 53.152951136779997 ] ] ] } },
{ "type": "Feature", "properties": { "value": 2, "label": "AQHI 2", "color": "#0099cb", "timestamp": "2026-09-16 17:00:00", "generated_at": "2026-09-16T23:31:17.755149", "nearest_km": 48.913286991941099, "n_points": 4, "weight_sum": 0.0006860878575395855, "confidence": "Medium", "flagged": false }, "geometry": { "type": "Polygon", "coordinates": [ [ [ -116.392199330721567, 53.152951136779997 ], [ -116.34219933072157, 53.152951136779997 ], [ -116.34219933072157, 53.202951136779994 ], [ -116.392199330721567, 53.202951136779994 ], [ -116.392199330721567, 53.152951136779997 ] ] ] } },
{ "type": "Feature", "properties": { "value": 2, "label": "AQHI 2", "color": "#0099cb", "timestamp": "2026-09-16 17:00:00", "generated_at": "2026-09-16T23:31:17.755149", "nearest_km": 49.234389635436294, "n_points": 4, "weight_sum": 0.00065388530052388604, "confidence": "Medium", "flagged": false }, "geometry": { "type": "Polygon", "coordinates": [ [ [ -116.34219933072157, 53.152951136779997 ], [ -116.292199330721573, 53.152951136779997 ], [ -116.292199330721573, 53.202951136779994 ], [ -116.34219933072157, 53.202951136779994 ], [ -116.34219933072157, 53.152951136779997 ] ] ] } },
{ "type": "Feature", "properties": { "value": 2, "label": "AQHI 2", "color": "#0099cb", "timestamp": "2026-09-16 17:00:00", "generated_at": "2026-09-16T23:31:17.755149", "nearest_km": 50.171163044042657, "n_points": 5, "weight_sum": 0.00066338964452598132, "confidence": "Medium", "flagged": false }, "geometry": { "type": "Polygon", "coordinates": [ [ [ -116.292199330721573, 53.152951136779997 ], [ -116.242199330721576, 53.152951136779997 ], [ -116.242199330721576, 53.202951136779994 ], [ -116.292199330721573, 53.202951136779994 ], [ -116.292199330721573, 53.152951136779997 ] ] ] } },
{ "type": "Feature", "properties": { "value": 2, "label": "AQHI 2", "color": "#0099cb", "timestamp": "2026-09-16 17:00:00", "generated_at": "2026-09-16T23:31:17.755149", "nearest_km": 51.690144898325251, "n_points": 3, "weight_sum": 0.00053790340716143657, "confidence": "Medium", "flagged": false }, "geometry": { "type": "Polygon", "coordinates": [ [ [ -116.242199330721576, 53.152951136779997 ], [ -116.192199330721579, 53.152951136779997 ], [ -116.192199330721579, 53.202951136779994 ], [ -116.242199330721576, 53.202951136779994 ], [ -116.242199330721576, 53.152951136779997 ] ] ] } },
{ "type": "Feature", "properties": { "value": 2, "label": "AQHI 2", "color": "#0099cb", "timestamp": "2026-09-16 17:00:00", "generated_at": "2026-09-16T23:31:17.755149", "nearest_km": 53.741990640725255, "n_points": 3, "weight_sum": 0.00050200249937339559, "confidence": "Medium", "flagged": false }, "geometry": { "type": "Polygon", "coordinates": [ [ [ -116.192199330721579, 53.152951136779997 ], [ -116.142199330721581, 53.152951136779997 ], [ -116.142199330721581, 53.202951136779994 ], [ -116.192199330721579, 53.202951136779994 ], [ -116.192199330721579, 53.152951136779997 ] ] ] } },
{ "type": "Feature", "properties": { "value": 2, "label": "AQHI 2", "color": "#0099cb", "timestamp": "2026-09-16 17:00:00", "generated_at": "2026-09-16T23:31:17.755149", "nearest_km": 56.268437302325488, "n_points": 3, "weight_sum": 0.00046617796196516922, "confidence": "Medium", "flagged": false }, "geometry": { "type": "Polygon", "coordinates": [ [ [ -116.142199330721581, 53.152951136779997 ], [ -116.092199330721584, 53.152951136779997 ], [ -116.092199330721584, 53.202951136779994 ], [ -116.142199330721581, 53.202951136779994 ], [ -116.142199330721581, 53.152951136779997 ] ] ] } },
{ "type": "Feature", "properties": { "value": 2, "label": "AQHI 2", "color": "#0099cb", "timestamp": "2026-09-16 17:00:00", "generated_at": "2026-09-16T23:31:17.755149", "nearest_km": 59.208762146017385, "n_points": 3, "weight_sum": 0.00043233254885249146, "confidence": "Medium", "flagged": false }, "geometry": { "type": "Polygon", "coordinates": [ [ [ -116.092199330721584, 53.152951136779997 ], [ -116.042199330721587, 53.152951136779997 ], [ -116.042199330721587, 53.202951136779994 ], [ -116.092199330721584, 53.202951136779994 ], [ -116.092199330721584, 53.152951136779997 ] ] ] } },
{ "type": "Feature", "properties": { "value": 2, "label": "AQHI 2", "color": "#0099cb", "timestamp": "2026-09-16 17:00:00", "generated_at": "2026-09-16T23:31:17.755149", "nearest_km": 62.504583778164481, "n_points": 3, "weight_sum": 0.00040181327991860722, "confidence": "Medium", "flagged": false }, "geometry": { "type": "Polygon", "coordinates": [ [ [ -116.042199330721587, 53.152951136779997 ], [ -115.99219933072159, 53.152951136779997 ], [ -115.99219933072159, 53.202951136779994 ], [ -116.042199330721587, 53.202951136779994 ], [ -116.042199330721587, 53.152951136779997 ] ] ] } },
{ "type": "Feature", "properties": { "value": 2, "label": "AQHI 2", "color": "#0099cb", "timestamp": "2026-09-16 17:00:00", "generated_at": "2026-09-16T23:31:17.755149", "nearest_km": 66.102749350533784, "n_points": 3, "weight_sum": 0.00037544362626260421, "confidence": "Medium", "flagged": false }, "geometry": { "type": "Polygon", "coordinates": [ [ [ -115.99219933072159, 53.152951136779997 ], [ -115.942199330721593, 53.152951136779997 ], [ -115.942199330721593, 53.202951136779994 ], [ -115.99219933072159, 53.202951136779994 ], [ -115.99219933072159, 53.152951136779997 ] ] ] } },
{ "type": "Feature", "properties": { "value": 2, "label": "AQHI 2", "color": "#0099cb", "timestamp": "2026-09-16 17:00:00", "generated_at": "2026-09-16T23:31:17.755149", "nearest_km": 69.956621917566892, "n_points": 3, "weight_sum": 0.00035366044075228558, "confidence": "Medium", "flagged": false }, "geometry": { "type": "Polygon", "coordinates": [ [ [ -115.942199330721593, 53.152951136779997 ], [ -115.892199330721596, 53.152951136779997 ], [ -115.892199330721596, 53.202951136779994 ], [ -115.942199330721593, 53.202951136779994 ], [ -115.942199330721593, 53.152951136779997 ] ] ] } },
{ "type": "Feature", "properties": { "value": 2, "label": "AQHI 2", "color": "#0099cb", "timestamp": "2026-09-16 17:00:00", "generated_at": "2026-09-16T23:31:17.755149", "nearest_km": 74.026275257744118, "n_points": 3, "weight_sum": 0.00033667222594849054, "confidence": "Medium", "flagged": false }, "geometry": { "type": "Polygon", "coordinates": [ [ [ -115.892199330721596, 53.152951136779997 ], [ -115.842199330721598, 53.152951136779997 ], [ -115.842199330721598, 53.202951136779994 ], [ -115.892199330721596, 53.202951136779994 ], [ -115.892199330721596, 53.152951136779997 ] ] ] } },
{ "type": "Feature", "properties": { "value": 2, "label": "AQHI 2", "color": "#0099cb", "timestamp": "2026-09-16 17:00:00", "generated_at": "2026-09-16T23:31:17.755149", "nearest_km": 78.278061466500262, "n_points": 3, "weight_sum": 0.00032459965334384762, "confidence": "Low", "flagged": false }, "geometry": { "type": "Polygon", "coordinates": [ [ [ -115.842199330721598, 53.152951136779997 ], [ -115.792199330721601, 53.152951136779997 ], [ -115.792199330721601, 53.202951136779994 ], [ -115.842199330721598, 53.202951136779994 ], [ -115.842199330721598, 53.152951136779997 ] ] ] } },
{ "type": "Feature", "properties": { "value": 2, "label": "AQHI 2", "color": "#0099cb", "timestamp": "2026-09-16 17:00:00", "generated_at": "2026-09-16T23:31:17.755149", "nearest_km": 82.683888305830649, "n_points": 3, "weight_sum": 0.00031759038707348543, "confidence": "Low", "flagged": false }, "geometry": { "type": "Polygon", "coordinates": [ [ [ -115.792199330721601, 53.152951136779997 ], [ -115.742199330721604, 53.152951136779997 ], [ -115.742199330721604, 53.202951136779994 ], [ -115.792199330721601, 53.202951136779994 ], [ -115.792199330721601, 53.152951136779997 ] ] ] } },
{ "type": "Feature", "properties": { "value": 2, "label": "AQHI 2", "color": "#0099cb", "timestamp": "2026-09-16 17:00:00", "generated_at": "2026-09-16T23:31:17.755149", "nearest_km": 84.554562106946577, "n_points": 3, "weight_sum": 0.00031591647707804435, "confidence": "Low", "flagged": false }, "geometry": { "type": "Polygon", "coordinates": [ [ [ -115.742199330721604, 53.152951136779997 ], [ -115.692199330721607, 53.152951136779997 ], [ -115.692199330721607, 53.202951136779994 ], [ -115.742199330721604, 53.202951136779994 ], [ -115.742199330721604, 53.152951136779997 ] ] ] } },
{ "type": "Feature", "properties": { "value": 2, "label": "AQHI 2", "color": "#0099cb", "timestamp": "2026-09-16 17:00:00", "generated_at": "2026-09-16T23:31:17.755149", "nearest_km": 79.02765132860425, "n_points": 2, "weight_sum": 0.00027860510620505421, "confidence": "Low", "flagged": false }, "geometry": { "type": "Polygon", "coordinates": [ [ [ -115.692199330721607, 53.152951136779997 ], [ -115.64219933072161, 53.152951136779997 ], [ -115.64219933072161, 53.202951136779994 ], [ -115.692199330721607, 53.202951136779994 ], [ -115.692199330721607, 53.152951136779997 ] ] ] } },
{ "type": "Feature", "properties": { "value": 2, "label": "AQHI 2", "color": "#0099cb", "timestamp": "2026-09-16 17:00:00", "generated_at": "2026-09-16T23:31:17.755149", "nearest_km": 73.504220123292228, "n_points": 2, "weight_sum": 0.00029222468320896168, "confidence": "Medium", "flagged": false }, "geometry": { "type": "Polygon", "coordinates": [ [ [ -115.64219933072161, 53.152951136779997 ], [ -115.592199330721613, 53.152951136779997 ], [ -115.592199330721613, 53.202951136779994 ], [ -115.64219933072161, 53.202951136779994 ], [ -115.64219933072161, 53.152951136779997 ] ] ] } },
{ "type": "Feature", "properties": { "value": 2, "label": "AQHI 2", "color": "#0099cb", "timestamp": "2026-09-16 17:00:00", "generated_at": "2026-09-16T23:31:17.755149", "nearest_km": 67.985116587024692, "n_points": 2, "weight_sum": 0.00031354547549968686, "confidence": "Medium", "flagged": false }, "geometry": { "type": "Polygon", "coordinates": [ [ [ -115.592199330721613, 53.152951136779997 ], [ -115.542199330721616, 53.152951136779997 ], [ -115.542199330721616, 53.202951136779994 ], [ -115.592199330721613, 53.202951136779994 ], [ -115.592199330721613, 53.152951136779997 ] ] ] } },
{ "type": "Feature", "properties": { "value": 2, "label": "AQHI 2", "color": "#0099cb", "timestamp": "2026-09-16 17:00:00", "generated_at": "2026-09-16T23:31:17.755149", "nearest_km": 62.471487726556326, "n_points": 3, "weight_sum": 0.00038917127573396008, "confidence": "Medium", "flagged": false }, "geometry": { "type": "Polygon", "coordinates": [ [ [ -115.542199330721616, 53.152951136779997 ], [ -115.492199330721618, 53.152951136779997 ], [ -115.492199330721618, 53.202951136779994 ], [ -115.542199330721616, 53.202951136779994 ], [ -115.542199330721616, 53.152951136779997 ] ] ] } },
{ "type": "Feature", "properties": { "value": 2, "label": "AQHI 2", "color": "#0099cb", "timestamp": "2026-09-16 17:00:00", "generated_at": "2026-09-16T23:31:17.755149", "nearest_km": 40.143404427932424, "n_points": 3, "weight_sum": 0.0012270532753875572, "confidence": "Medium", "flagged": false }, "geometry": { "type": "Polygon", "coordinates": [ [ [ -117.942199330721479, 53.202951136779994 ], [ -117.892199330721482, 53.202951136779994 ], [ -117.892199330721482, 53.252951136779991 ], [ -117.942199330721479, 53.252951136779991 ], [ -117.942199330721479, 53.202951136779994 ] ] ] } },
{ "type": "Feature", "properties": { "value": 2, "label": "AQHI 2", "color": "#0099cb", "timestamp": "2026-09-16 17:00:00", "generated_at": "2026-09-16T23:31:17.755149", "nearest_km": 40.11856059869924, "n_points": 3, "weight_sum": 0.0012944050946708616, "confidence": "Medium", "flagged": false }, "geometry": { "type": "Polygon", "coordinates": [ [ [ -117.892199330721482, 53.202951136779994 ], [ -117.842199330721485, 53.202951136779994 ], [ -117.842199330721485, 53.252951136779991 ], [ -117.892199330721482, 53.252951136779991 ], [ -117.892199330721482, 53.202951136779994 ] ] ] } },
{ "type": "Feature", "properties": { "value": 2, "label": "AQHI 2", "color": "#0099cb", "timestamp": "2026-09-16 17:00:00", "generated_at": "2026-09-16T23:31:17.755149", "nearest_km": 35.51505124858442, "n_points": 3, "weight_sum": 0.0014110696605319566, "confidence": "Medium", "flagged": false }, "geometry": { "type": "Polygon", "coordinates": [ [ [ -117.842199330721485, 53.202951136779994 ], [ -117.792199330721488, 53.202951136779994 ], [ -117.792199330721488, 53.252951136779991 ], [ -117.842199330721485, 53.252951136779991 ], [ -117.842199330721485, 53.202951136779994 ] ] ] } },
{ "type": "Feature", "properties": { "value": 2, "label": "AQHI 2", "color": "#0099cb", "timestamp": "2026-09-16 17:00:00", "generated_at": "2026-09-16T23:31:17.755149", "nearest_km": 31.220887653422757, "n_points": 3, "weight_sum": 0.0015991598899157159, "confidence": "Medium", "flagged": false }, "geometry": { "type": "Polygon", "coordinates": [ [ [ -117.792199330721488, 53.202951136779994 ], [ -117.74219933072149, 53.202951136779994 ], [ -117.74219933072149, 53.252951136779991 ], [ -117.792199330721488, 53.252951136779991 ], [ -117.792199330721488, 53.202951136779994 ] ] ] } },
{ "type": "Feature", "properties": { "value": 2, "label": "AQHI 2", "color": "#0099cb", "timestamp": "2026-09-16 17:00:00", "generated_at": "2026-09-16T23:31:17.755149", "nearest_km": 27.381997490060996, "n_points": 3, "weight_sum": 0.001875109396058587, "confidence": "Medium", "flagged": false }, "geometry": { "type": "Polygon", "coordinates": [ [ [ -117.74219933072149, 53.202951136779994 ], [ -117.692199330721493, 53.202951136779994 ], [ -117.692199330721493, 53.252951136779991 ], [ -117.74219933072149, 53.252951136779991 ], [ -117.74219933072149, 53.202951136779994 ] ] ] } },
{ "type": "Feature", "properties": { "value": 2, "label": "AQHI 2", "color": "#0099cb", "timestamp": "2026-09-16 17:00:00", "generated_at": "2026-09-16T23:31:17.755149", "nearest_km": 24.215877998201105, "n_points": 3, "weight_sum": 0.0022298289847657339, "confidence": "High", "flagged": false }, "geometry": { "type": "Polygon", "coordinates": [ [ [ -117.692199330721493, 53.202951136779994 ], [ -117.642199330721496, 53.202951136779994 ], [ -117.642199330721496, 53.252951136779991 ], [ -117.692199330721493, 53.252951136779991 ], [ -117.692199330721493, 53.202951136779994 ] ] ] } },
{ "type": "Feature", "properties": { "value": 2, "label": "AQHI 2", "color": "#0099cb", "timestamp": "2026-09-16 17:00:00", "generated_at": "2026-09-16T23:31:17.755149", "nearest_km": 22.0147384245602, "n_points": 4, "weight_sum": 0.0026351902874601732, "confidence": "High", "flagged": false }, "geometry": { "type": "Polygon", "coordinates": [ [ [ -117.642199330721496, 53.202951136779994 ], [ -117.592199330721499, 53.202951136779994 ], [ -117.592199330721499, 53.252951136779991 ], [ -117.642199330721496, 53.252951136779991 ], [ -117.642199330721496, 53.202951136779994 ] ] ] } },
{ "type": "Feature", "properties": { "value": 2, "label": "AQHI 2", "color": "#0099cb", "timestamp": "2026-09-16 17:00:00", "generated_at": "2026-09-16T23:31:17.755149", "nearest_km": 21.083018488343818, "n_points": 4, "weight_sum": 0.002844593181751042, "confidence": "High", "flagged": false }, "geometry": { "type": "Polygon", "coordinates": [ [ [ -117.592199330721499, 53.202951136779994 ], [ -117.542199330721502, 53.202951136779994 ], [ -117.542199330721502, 53.252951136779991 ], [ -117.592199330721499, 53.252951136779991 ], [ -117.592199330721499, 53.202951136779994 ] ] ] } },
{ "type": "Feature", "properties": { "value": 2, "label": "AQHI 2", "color": "#0099cb", "timestamp": "2026-09-16 17:00:00", "generated_at": "2026-09-16T23:31:17.755149", "nearest_km": 21.585727443333475, "n_points": 4, "weight_sum": 0.0027884922952396314, "confidence": "High", "flagged": false }, "geometry": { "type": "Polygon", "coordinates": [ [ [ -117.542199330721502, 53.202951136779994 ], [ -117.492199330721505, 53.202951136779994 ], [ -117.492199330721505, 53.252951136779991 ], [ -117.542199330721502, 53.252951136779991 ], [ -117.542199330721502, 53.202951136779994 ] ] ] } },
{ "type": "Feature", "properties": { "value": 2, "label": "AQHI 2", "color": "#0099cb", "timestamp": "2026-09-16 17:00:00", "generated_at": "2026-09-16T23:31:17.755149", "nearest_km": 23.430718937666118, "n_points": 4, "weight_sum": 0.0025441012097185108, "confidence": "High", "flagged": false }, "geometry": { "type": "Polygon", "coordinates": [ [ [ -117.492199330721505, 53.202951136779994 ], [ -117.442199330721508, 53.202951136779994 ], [ -117.442199330721508, 53.252951136779991 ], [ -117.492199330721505, 53.252951136779991 ], [ -117.492199330721505, 53.202951136779994 ] ] ] } },
{ "type": "Feature", "properties": { "value": 2, "label": "AQHI 2", "color": "#0099cb", "timestamp": "2026-09-16 17:00:00", "generated_at": "2026-09-16T23:31:17.755149", "nearest_km": 26.337398326598709, "n_points": 5, "weight_sum": 0.0023369804214996028, "confidence": "Medium", "flagged": false }, "geometry": { "type": "Polygon", "coordinates": [ [ [ -117.442199330721508, 53.202951136779994 ], [ -117.39219933072151, 53.202951136779994 ], [ -117.39219933072151, 53.252951136779991 ], [ -117.442199330721508, 53.252951136779991 ], [ -117.442199330721508, 53.202951136779994 ] ] ] } },
{ "type": "Feature", "properties": { "value": 2, "label": "AQHI 2", "color": "#0099cb", "timestamp": "2026-09-16 17:00:00", "generated_at": "2026-09-16T23:31:17.755149", "nearest_km": 29.998725161112041, "n_points": 5, "weight_sum": 0.0022124298420302477, "confidence": "Medium", "flagged": false }, "geometry": { "type": "Polygon", "coordinates": [ [ [ -117.39219933072151, 53.202951136779994 ], [ -117.342199330721513, 53.202951136779994 ], [ -117.342199330721513, 53.252951136779991 ], [ -117.39219933072151, 53.252951136779991 ], [ -117.39219933072151, 53.202951136779994 ] ] ] } },
{ "type": "Feature", "properties": { "value": 2, "label": "AQHI 2", "color": "#0099cb", "timestamp": "2026-09-16 17:00:00", "generated_at": "2026-09-16T23:31:17.755149", "nearest_km": 28.94711292493983, "n_points": 5, "weight_sum": 0.0022954634743165155, "confidence": "Medium", "flagged": false }, "geometry": { "type": "Polygon", "coordinates": [ [ [ -117.342199330721513, 53.202951136779994 ], [ -117.292199330721516, 53.202951136779994 ], [ -117.292199330721516, 53.252951136779991 ], [ -117.342199330721513, 53.252951136779991 ], [ -117.342199330721513, 53.202951136779994 ] ] ] } },
{ "type": "Feature", "properties": { "value": 2, "label": "AQHI 2", "color": "#0099cb", "timestamp": "2026-09-16 17:00:00", "generated_at": "2026-09-16T23:31:17.755149", "nearest_km": 23.651044678983073, "n_points": 5, "weight_sum": 0.0026976499877226397, "confidence": "High", "flagged": false }, "geometry": { "type": "Polygon", "coordinates": [ [ [ -117.292199330721516, 53.202951136779994 ], [ -117.242199330721519, 53.202951136779994 ], [ -117.242199330721519, 53.252951136779991 ], [ -117.292199330721516, 53.252951136779991 ], [ -117.292199330721516, 53.202951136779994 ] ] ] } },
{ "type": "Feature", "properties": { "value": 2, "label": "AQHI 2", "color": "#0099cb", "timestamp": "2026-09-16 17:00:00", "generated_at": "2026-09-16T23:31:17.755149", "nearest_km": 18.504417908307243, "n_points": 5, "weight_sum": 0.0036911059048549055, "confidence": "High", "flagged": false }, "geometry": { "type": "Polygon", "coordinates": [ [ [ -117.242199330721519, 53.202951136779994 ], [ -117.192199330721522, 53.202951136779994 ], [ -117.192199330721522, 53.252951136779991 ], [ -117.242199330721519, 53.252951136779991 ], [ -117.242199330721519, 53.202951136779994 ] ] ] } },
{ "type": "Feature", "properties": { "value": 2, "label": "AQHI 2", "color": "#0099cb", "timestamp": "2026-09-16 17:00:00", "generated_at": "2026-09-16T23:31:17.755149", "nearest_km": 13.676989794662527, "n_points": 5, "weight_sum": 0.0060157910146156736, "confidence": "High", "flagged": false }, "geometry": { "type": "Polygon", "coordinates": [ [ [ -117.192199330721522, 53.202951136779994 ], [ -117.142199330721525, 53.202951136779994 ], [ -117.142199330721525, 53.252951136779991 ], [ -117.192199330721522, 53.252951136779991 ], [ -117.192199330721522, 53.202951136779994 ] ] ] } },
{ "type": "Feature", "properties": { "value": 2, "label": "AQHI 2", "color": "#0099cb", "timestamp": "2026-09-16 17:00:00", "generated_at": "2026-09-16T23:31:17.755149", "nearest_km": 9.6597938674340789, "n_points": 5, "weight_sum": 0.011313976114547432, "confidence": "High", "flagged": false }, "geometry": { "type": "Polygon", "coordinates": [ [ [ -117.142199330721525, 53.202951136779994 ], [ -117.092199330721527, 53.202951136779994 ], [ -117.092199330721527, 53.252951136779991 ], [ -117.142199330721525, 53.252951136779991 ], [ -117.142199330721525, 53.202951136779994 ] ] ] } },
{ "type": "Feature", "properties": { "value": 2, "label": "AQHI 2", "color": "#0099cb", "timestamp": "2026-09-16 17:00:00", "generated_at": "2026-09-16T23:31:17.755149", "nearest_km": 7.8210092238357651, "n_points": 5, "weight_sum": 0.01689361920129287, "confidence": "High", "flagged": false }, "geometry": { "type": "Polygon", "coordinates": [ [ [ -117.092199330721527, 53.202951136779994 ], [ -117.04219933072153, 53.202951136779994 ], [ -117.04219933072153, 53.252951136779991 ], [ -117.092199330721527, 53.252951136779991 ], [ -117.092199330721527, 53.202951136779994 ] ] ] } },
{ "type": "Feature", "properties": { "value": 2, "label": "AQHI 2", "color": "#0099cb", "timestamp": "2026-09-16 17:00:00", "generated_at": "2026-09-16T23:31:17.755149", "nearest_km": 9.5199660187063806, "n_points": 5, "weight_sum": 0.011543074378930767, "confidence": "High", "flagged": false }, "geometry": { "type": "Polygon", "coordinates": [ [ [ -117.04219933072153, 53.202951136779994 ], [ -116.992199330721533, 53.202951136779994 ], [ -116.992199330721533, 53.252951136779991 ], [ -117.04219933072153, 53.252951136779991 ], [ -117.04219933072153, 53.202951136779994 ] ] ] } },
{ "type": "Feature", "properties": { "value": 2, "label": "AQHI 2", "color": "#0099cb", "timestamp": "2026-09-16 17:00:00", "generated_at": "2026-09-16T23:31:17.755149", "nearest_km": 13.479477761223441, "n_points": 5, "weight_sum": 0.0059893671002152794, "confidence": "High", "flagged": false }, "geometry": { "type": "Polygon", "coordinates": [ [ [ -116.992199330721533, 53.202951136779994 ], [ -116.942199330721536, 53.202951136779994 ], [ -116.942199330721536, 53.252951136779991 ], [ -116.992199330721533, 53.252951136779991 ], [ -116.992199330721533, 53.202951136779994 ] ] ] } },
{ "type": "Feature", "properties": { "value": 2, "label": "AQHI 2", "color": "#0099cb", "timestamp": "2026-09-16 17:00:00", "generated_at": "2026-09-16T23:31:17.755149", "nearest_km": 18.28572909219929, "n_points": 5, "weight_sum": 0.0034633380909586983, "confidence": "High", "flagged": false }, "geometry": { "type": "Polygon", "coordinates": [ [ [ -116.942199330721536, 53.202951136779994 ], [ -116.892199330721539, 53.202951136779994 ], [ -116.892199330721539, 53.252951136779991 ], [ -116.942199330721536, 53.252951136779991 ], [ -116.942199330721536, 53.202951136779994 ] ] ] } },
{ "type": "Feature", "properties": { "value": 2, "label": "AQHI 2", "color": "#0099cb", "timestamp": "2026-09-16 17:00:00", "generated_at": "2026-09-16T23:31:17.755149", "nearest_km": 23.423160678082763, "n_points": 5, "weight_sum": 0.0022912821761030327, "confidence": "High", "flagged": false }, "geometry": { "type": "Polygon", "coordinates": [ [ [ -116.892199330721539, 53.202951136779994 ], [ -116.842199330721542, 53.202951136779994 ], [ -116.842199330721542, 53.252951136779991 ], [ -116.892199330721539, 53.252951136779991 ], [ -116.892199330721539, 53.202951136779994 ] ] ] } },
{ "type": "Feature", "properties": { "value": 2, "label": "AQHI 2", "color": "#0099cb", "timestamp": "2026-09-16 17:00:00", "generated_at": "2026-09-16T23:31:17.755149", "nearest_km": 28.714561181903072, "n_points": 5, "weight_sum": 0.0016855795467176668, "confidence": "Medium", "flagged": false }, "geometry": { "type": "Polygon", "coordinates": [ [ [ -116.842199330721542, 53.202951136779994 ], [ -116.792199330721544, 53.202951136779994 ], [ -116.792199330721544, 53.252951136779991 ], [ -116.842199330721542, 53.252951136779991 ], [ -116.842199330721542, 53.202951136779994 ] ] ] } },
{ "type": "Feature", "properties": { "value": 2, "label": "AQHI 2", "color": "#0099cb", "timestamp": "2026-09-16 17:00:00", "generated_at": "2026-09-16T23:31:17.755149", "nearest_km": 34.088305789335138, "n_points": 5, "weight_sum": 0.00134506396359092, "confidence": "Medium", "flagged": false }, "geometry": { "type": "Polygon", "coordinates": [ [ [ -116.792199330721544, 53.202951136779994 ], [ -116.742199330721547, 53.202951136779994 ], [ -116.742199330721547, 53.252951136779991 ], [ -116.792199330721544, 53.252951136779991 ], [ -116.792199330721544, 53.202951136779994 ] ] ] } },
{ "type": "Feature", "properties": { "value": 2, "label": "AQHI 2", "color": "#0099cb", "timestamp": "2026-09-16 17:00:00", "generated_at": "2026-09-16T23:31:17.755149", "nearest_km": 39.51081066373073, "n_points": 4, "weight_sum": 0.0011017521401410985, "confidence": "Medium", "flagged": false }, "geometry": { "type": "Polygon", "coordinates": [ [ [ -116.742199330721547, 53.202951136779994 ], [ -116.69219933072155, 53.202951136779994 ], [ -116.69219933072155, 53.252951136779991 ], [ -116.742199330721547, 53.252951136779991 ], [ -116.742199330721547, 53.202951136779994 ] ] ] } },
{ "type": "Feature", "properties": { "value": 2, "label": "AQHI 2", "color": "#0099cb", "timestamp": "2026-09-16 17:00:00", "generated_at": "2026-09-16T23:31:17.755149", "nearest_km": 44.964438471119919, "n_points": 4, "weight_sum": 0.00098364406147986752, "confidence": "Medium", "flagged": false }, "geometry": { "type": "Polygon", "coordinates": [ [ [ -116.69219933072155, 53.202951136779994 ], [ -116.642199330721553, 53.202951136779994 ], [ -116.642199330721553, 53.252951136779991 ], [ -116.69219933072155, 53.252951136779991 ], [ -116.69219933072155, 53.202951136779994 ] ] ] } },
{ "type": "Feature", "properties": { "value": 2, "label": "AQHI 2", "color": "#0099cb", "timestamp": "2026-09-16 17:00:00", "generated_at": "2026-09-16T23:31:17.755149", "nearest_km": 50.439094904062991, "n_points": 4, "weight_sum": 0.00091466229966601694, "confidence": "Medium", "flagged": false }, "geometry": { "type": "Polygon", "coordinates": [ [ [ -116.642199330721553, 53.202951136779994 ], [ -116.592199330721556, 53.202951136779994 ], [ -116.592199330721556, 53.252951136779991 ], [ -116.642199330721553, 53.252951136779991 ], [ -116.642199330721553, 53.202951136779994 ] ] ] } },
{ "type": "Feature", "properties": { "value": 2, "label": "AQHI 2", "color": "#0099cb", "timestamp": "2026-09-16 17:00:00", "generated_at": "2026-09-16T23:31:17.755149", "nearest_km": 48.686376053375902, "n_points": 4, "weight_sum": 0.00087630584510879541, "confidence": "Medium", "flagged": false }, "geometry": { "type": "Polygon", "coordinates": [ [ [ -116.592199330721556, 53.202951136779994 ], [ -116.542199330721559, 53.202951136779994 ], [ -116.542199330721559, 53.252951136779991 ], [ -116.592199330721556, 53.252951136779991 ], [ -116.592199330721556, 53.202951136779994 ] ] ] } },
{ "type": "Feature", "properties": { "value": 2, "label": "AQHI 2", "color": "#0099cb", "timestamp": "2026-09-16 17:00:00", "generated_at": "2026-09-16T23:31:17.755149", "nearest_km": 46.426917748529505, "n_points": 4, "weight_sum": 0.00085557934365947563, "confidence": "Medium", "flagged": false }, "geometry": { "type": "Polygon", "coordinates": [ [ [ -116.542199330721559, 53.202951136779994 ], [ -116.492199330721562, 53.202951136779994 ], [ -116.492199330721562, 53.252951136779991 ], [ -116.542199330721559, 53.252951136779991 ], [ -116.542199330721559, 53.202951136779994 ] ] ] } },
{ "type": "Feature", "properties": { "value": 2, "label": "AQHI 2", "color": "#0099cb", "timestamp": "2026-09-16 17:00:00", "generated_at": "2026-09-16T23:31:17.755149", "nearest_km": 44.745493293143028, "n_points": 4, "weight_sum": 0.00084195967777821309, "confidence": "Medium", "flagged": false }, "geometry": { "type": "Polygon", "coordinates": [ [ [ -116.492199330721562, 53.202951136779994 ], [ -116.442199330721564, 53.202951136779994 ], [ -116.442199330721564, 53.252951136779991 ], [ -116.492199330721562, 53.252951136779991 ], [ -116.492199330721562, 53.202951136779994 ] ] ] } },
{ "type": "Feature", "properties": { "value": 2, "label": "AQHI 2", "color": "#0099cb", "timestamp": "2026-09-16 17:00:00", "generated_at": "2026-09-16T23:31:17.755149", "nearest_km": 43.708862356102145, "n_points": 4, "weight_sum": 0.00082657640080231287, "confidence": "Medium", "flagged": false }, "geometry": { "type": "Polygon", "coordinates": [ [ [ -116.442199330721564, 53.202951136779994 ], [ -116.392199330721567, 53.202951136779994 ], [ -116.392199330721567, 53.252951136779991 ], [ -116.442199330721564, 53.252951136779991 ], [ -116.442199330721564, 53.202951136779994 ] ] ] } },
{ "type": "Feature", "properties": { "value": 2, "label": "AQHI 2", "color": "#0099cb", "timestamp": "2026-09-16 17:00:00", "generated_at": "2026-09-16T23:31:17.755149", "nearest_km": 43.363292389792683, "n_points": 4, "weight_sum": 0.00080280793906525112, "confidence": "Medium", "flagged": false }, "geometry": { "type": "Polygon", "coordinates": [ [ [ -116.392199330721567, 53.202951136779994 ], [ -116.34219933072157, 53.202951136779994 ], [ -116.34219933072157, 53.252951136779991 ], [ -116.392199330721567, 53.252951136779991 ], [ -116.392199330721567, 53.202951136779994 ] ] ] } },
{ "type": "Feature", "properties": { "value": 2, "label": "AQHI 2", "color": "#0099cb", "timestamp": "2026-09-16 17:00:00", "generated_at": "2026-09-16T23:31:17.755149", "nearest_km": 43.72517130098651, "n_points": 4, "weight_sum": 0.00076733671054597132, "confidence": "Medium", "flagged": false }, "geometry": { "type": "Polygon", "coordinates": [ [ [ -116.34219933072157, 53.202951136779994 ], [ -116.292199330721573, 53.202951136779994 ], [ -116.292199330721573, 53.252951136779991 ], [ -116.34219933072157, 53.252951136779991 ], [ -116.34219933072157, 53.202951136779994 ] ] ] } },
{ "type": "Feature", "properties": { "value": 2, "label": "AQHI 2", "color": "#0099cb", "timestamp": "2026-09-16 17:00:00", "generated_at": "2026-09-16T23:31:17.755149", "nearest_km": 44.777350119436157, "n_points": 5, "weight_sum": 0.00076790246052439422, "confidence": "Medium", "flagged": false }, "geometry": { "type": "Polygon", "coordinates": [ [ [ -116.292199330721573, 53.202951136779994 ], [ -116.242199330721576, 53.202951136779994 ], [ -116.242199330721576, 53.252951136779991 ], [ -116.292199330721573, 53.252951136779991 ], [ -116.292199330721573, 53.202951136779994 ] ] ] } },
{ "type": "Feature", "properties": { "value": 2, "label": "AQHI 2", "color": "#0099cb", "timestamp": "2026-09-16 17:00:00", "generated_at": "2026-09-16T23:31:17.755149", "nearest_km": 46.47296592790822, "n_points": 4, "weight_sum": 0.00067262295822459331, "confidence": "Medium", "flagged": false }, "geometry": { "type": "Polygon", "coordinates": [ [ [ -116.242199330721576, 53.202951136779994 ], [ -116.192199330721579, 53.202951136779994 ], [ -116.192199330721579, 53.252951136779991 ], [ -116.242199330721576, 53.252951136779991 ], [ -116.242199330721576, 53.202951136779994 ] ] ] } },
{ "type": "Feature", "properties": { "value": 2, "label": "AQHI 2", "color": "#0099cb", "timestamp": "2026-09-16 17:00:00", "generated_at": "2026-09-16T23:31:17.755149", "nearest_km": 48.744918099782041, "n_points": 4, "weight_sum": 0.00062123850857091116, "confidence": "Medium", "flagged": false }, "geometry": { "type": "Polygon", "coordinates": [ [ [ -116.192199330721579, 53.202951136779994 ], [ -116.142199330721581, 53.202951136779994 ], [ -116.142199330721581, 53.252951136779991 ], [ -116.192199330721579, 53.252951136779991 ], [ -116.192199330721579, 53.202951136779994 ] ] ] } },
{ "type": "Feature", "properties": { "value": 2, "label": "AQHI 2", "color": "#0099cb", "timestamp": "2026-09-16 17:00:00", "generated_at": "2026-09-16T23:31:17.755149", "nearest_km": 51.517011937537617, "n_points": 3, "weight_sum": 0.00052686162753549698, "confidence": "Medium", "flagged": false }, "geometry": { "type": "Polygon", "coordinates": [ [ [ -116.142199330721581, 53.202951136779994 ], [ -116.092199330721584, 53.202951136779994 ], [ -116.092199330721584, 53.252951136779991 ], [ -116.142199330721581, 53.252951136779991 ], [ -116.142199330721581, 53.202951136779994 ] ] ] } },
{ "type": "Feature", "properties": { "value": 2, "label": "AQHI 2", "color": "#0099cb", "timestamp": "2026-09-16 17:00:00", "generated_at": "2026-09-16T23:31:17.755149", "nearest_km": 54.713279899767663, "n_points": 3, "weight_sum": 0.00048099000935233617, "confidence": "Medium", "flagged": false }, "geometry": { "type": "Polygon", "coordinates": [ [ [ -116.092199330721584, 53.202951136779994 ], [ -116.042199330721587, 53.202951136779994 ], [ -116.042199330721587, 53.252951136779991 ], [ -116.092199330721584, 53.252951136779991 ], [ -116.092199330721584, 53.202951136779994 ] ] ] } },
{ "type": "Feature", "properties": { "value": 2, "label": "AQHI 2", "color": "#0099cb", "timestamp": "2026-09-16 17:00:00", "generated_at": "2026-09-16T23:31:17.755149", "nearest_km": 58.263955202236659, "n_points": 3, "weight_sum": 0.00044039616453244704, "confidence": "Medium", "flagged": false }, "geometry": { "type": "Polygon", "coordinates": [ [ [ -116.042199330721587, 53.202951136779994 ], [ -115.99219933072159, 53.202951136779994 ], [ -115.99219933072159, 53.252951136779991 ], [ -116.042199330721587, 53.252951136779991 ], [ -116.042199330721587, 53.202951136779994 ] ] ] } },
{ "type": "Feature", "properties": { "value": 2, "label": "AQHI 2", "color": "#0099cb", "timestamp": "2026-09-16 17:00:00", "generated_at": "2026-09-16T23:31:17.755149", "nearest_km": 62.10828410305789, "n_points": 3, "weight_sum": 0.00040590428761271859, "confidence": "Medium", "flagged": false }, "geometry": { "type": "Polygon", "coordinates": [ [ [ -115.99219933072159, 53.202951136779994 ], [ -115.942199330721593, 53.202951136779994 ], [ -115.942199330721593, 53.252951136779991 ], [ -115.99219933072159, 53.252951136779991 ], [ -115.99219933072159, 53.202951136779994 ] ] ] } },
{ "type": "Feature", "properties": { "value": 2, "label": "AQHI 2", "color": "#0099cb", "timestamp": "2026-09-16 17:00:00", "generated_at": "2026-09-16T23:31:17.755149", "nearest_km": 66.195123934048638, "n_points": 3, "weight_sum": 0.00037773406954527461, "confidence": "Medium", "flagged": false }, "geometry": { "type": "Polygon", "coordinates": [ [ [ -115.942199330721593, 53.202951136779994 ], [ -115.892199330721596, 53.202951136779994 ], [ -115.892199330721596, 53.252951136779991 ], [ -115.942199330721593, 53.252951136779991 ], [ -115.942199330721593, 53.202951136779994 ] ] ] } },
{ "type": "Feature", "properties": { "value": 2, "label": "AQHI 2", "color": "#0099cb", "timestamp": "2026-09-16 17:00:00", "generated_at": "2026-09-16T23:31:17.755149", "nearest_km": 70.482302112388169, "n_points": 3, "weight_sum": 0.00035580518521528652, "confidence": "Medium", "flagged": false }, "geometry": { "type": "Polygon", "coordinates": [ [ [ -115.892199330721596, 53.202951136779994 ], [ -115.842199330721598, 53.202951136779994 ], [ -115.842199330721598, 53.252951136779991 ], [ -115.892199330721596, 53.252951136779991 ], [ -115.892199330721596, 53.202951136779994 ] ] ] } },
{ "type": "Feature", "properties": { "value": 2, "label": "AQHI 2", "color": "#0099cb", "timestamp": "2026-09-16 17:00:00", "generated_at": "2026-09-16T23:31:17.755149", "nearest_km": 74.935441477847121, "n_points": 3, "weight_sum": 0.00033995707701471947, "confidence": "Medium", "flagged": false }, "geometry": { "type": "Polygon", "coordinates": [ [ [ -115.842199330721598, 53.202951136779994 ], [ -115.792199330721601, 53.202951136779994 ], [ -115.792199330721601, 53.252951136779991 ], [ -115.842199330721598, 53.252951136779991 ], [ -115.842199330721598, 53.202951136779994 ] ] ] } },
{ "type": "Feature", "properties": { "value": 2, "label": "AQHI 2", "color": "#0099cb", "timestamp": "2026-09-16 17:00:00", "generated_at": "2026-09-16T23:31:17.755149", "nearest_km": 79.526667652415412, "n_points": 3, "weight_sum": 0.00033009851124012274, "confidence": "Low", "flagged": false }, "geometry": { "type": "Polygon", "coordinates": [ [ [ -115.792199330721601, 53.202951136779994 ], [ -115.742199330721604, 53.202951136779994 ], [ -115.742199330721604, 53.252951136779991 ], [ -115.792199330721601, 53.252951136779991 ], [ -115.792199330721601, 53.202951136779994 ] ] ] } },
{ "type": "Feature", "properties": { "value": 2, "label": "AQHI 2", "color": "#0099cb", "timestamp": "2026-09-16 17:00:00", "generated_at": "2026-09-16T23:31:17.755149", "nearest_km": 84.233403981529875, "n_points": 3, "weight_sum": 0.00032631581475861066, "confidence": "Low", "flagged": false }, "geometry": { "type": "Polygon", "coordinates": [ [ [ -115.742199330721604, 53.202951136779994 ], [ -115.692199330721607, 53.202951136779994 ], [ -115.692199330721607, 53.252951136779991 ], [ -115.742199330721604, 53.252951136779991 ], [ -115.742199330721604, 53.202951136779994 ] ] ] } },
{ "type": "Feature", "properties": { "value": 2, "label": "AQHI 2", "color": "#0099cb", "timestamp": "2026-09-16 17:00:00", "generated_at": "2026-09-16T23:31:17.755149", "nearest_km": 78.698743779949126, "n_points": 2, "weight_sum": 0.00028760063243954106, "confidence": "Low", "flagged": false }, "geometry": { "type": "Polygon", "coordinates": [ [ [ -115.692199330721607, 53.202951136779994 ], [ -115.64219933072161, 53.202951136779994 ], [ -115.64219933072161, 53.252951136779991 ], [ -115.692199330721607, 53.252951136779991 ], [ -115.692199330721607, 53.202951136779994 ] ] ] } },
{ "type": "Feature", "properties": { "value": 2, "label": "AQHI 2", "color": "#0099cb", "timestamp": "2026-09-16 17:00:00", "generated_at": "2026-09-16T23:31:17.755149", "nearest_km": 73.150481706958246, "n_points": 2, "weight_sum": 0.00030023890809145564, "confidence": "Medium", "flagged": false }, "geometry": { "type": "Polygon", "coordinates": [ [ [ -115.64219933072161, 53.202951136779994 ], [ -115.592199330721613, 53.202951136779994 ], [ -115.592199330721613, 53.252951136779991 ], [ -115.64219933072161, 53.252951136779991 ], [ -115.64219933072161, 53.202951136779994 ] ] ] } },
{ "type": "Feature", "properties": { "value": 2, "label": "AQHI 2", "color": "#0099cb", "timestamp": "2026-09-16 17:00:00", "generated_at": "2026-09-16T23:31:17.755149", "nearest_km": 67.602504948988212, "n_points": 2, "weight_sum": 0.00032109218882454393, "confidence": "Medium", "flagged": false }, "geometry": { "type": "Polygon", "coordinates": [ [ [ -115.592199330721613, 53.202951136779994 ], [ -115.542199330721616, 53.202951136779994 ], [ -115.542199330721616, 53.252951136779991 ], [ -115.592199330721613, 53.252951136779991 ], [ -115.592199330721613, 53.202951136779994 ] ] ] } },
{ "type": "Feature", "properties": { "value": 2, "label": "AQHI 2", "color": "#0099cb", "timestamp": "2026-09-16 17:00:00", "generated_at": "2026-09-16T23:31:17.755149", "nearest_km": 62.054890031293368, "n_points": 3, "weight_sum": 0.00039713518406137911, "confidence": "Medium", "flagged": false }, "geometry": { "type": "Polygon", "coordinates": [ [ [ -115.542199330721616, 53.202951136779994 ], [ -115.492199330721618, 53.202951136779994 ], [ -115.492199330721618, 53.252951136779991 ], [ -115.542199330721616, 53.252951136779991 ], [ -115.542199330721616, 53.202951136779994 ] ] ] } },
{ "type": "Feature", "properties": { "value": 2, "label": "AQHI 2", "color": "#0099cb", "timestamp": "2026-09-16 17:00:00", "generated_at": "2026-09-16T23:31:17.755149", "nearest_km": 45.318771984495008, "n_points": 3, "weight_sum": 0.00072707149092931644, "confidence": "Medium", "flagged": false }, "geometry": { "type": "Polygon", "coordinates": [ [ [ -118.242199330721462, 53.252951136779991 ], [ -118.192199330721465, 53.252951136779991 ], [ -118.192199330721465, 53.302951136779988 ], [ -118.242199330721462, 53.302951136779988 ], [ -118.242199330721462, 53.252951136779991 ] ] ] } },
{ "type": "Feature", "properties": { "value": 2, "label": "AQHI 2", "color": "#0099cb", "timestamp": "2026-09-16 17:00:00", "generated_at": "2026-09-16T23:31:17.755149", "nearest_km": 43.575715975767395, "n_points": 3, "weight_sum": 0.00080158942013548707, "confidence": "Medium", "flagged": false }, "geometry": { "type": "Polygon", "coordinates": [ [ [ -118.192199330721465, 53.252951136779991 ], [ -118.142199330721468, 53.252951136779991 ], [ -118.142199330721468, 53.302951136779988 ], [ -118.192199330721465, 53.302951136779988 ], [ -118.192199330721465, 53.252951136779991 ] ] ] } },
{ "type": "Feature", "properties": { "value": 2, "label": "AQHI 2", "color": "#0099cb", "timestamp": "2026-09-16 17:00:00", "generated_at": "2026-09-16T23:31:17.755149", "nearest_km": 42.491174982799002, "n_points": 3, "weight_sum": 0.00087198835465612486, "confidence": "Medium", "flagged": false }, "geometry": { "type": "Polygon", "coordinates": [ [ [ -118.142199330721468, 53.252951136779991 ], [ -118.092199330721471, 53.252951136779991 ], [ -118.092199330721471, 53.302951136779988 ], [ -118.142199330721468, 53.302951136779988 ], [ -118.142199330721468, 53.252951136779991 ] ] ] } },
{ "type": "Feature", "properties": { "value": 2, "label": "AQHI 2", "color": "#0099cb", "timestamp": "2026-09-16 17:00:00", "generated_at": "2026-09-16T23:31:17.755149", "nearest_km": 43.532754763201957, "n_points": 3, "weight_sum": 0.0010630114365077004, "confidence": "Medium", "flagged": false }, "geometry": { "type": "Polygon", "coordinates": [ [ [ -117.992199330721476, 53.252951136779991 ], [ -117.942199330721479, 53.252951136779991 ], [ -117.942199330721479, 53.302951136779988 ], [ -117.992199330721476, 53.302951136779988 ], [ -117.992199330721476, 53.252951136779991 ] ] ] } },
{ "type": "Feature", "properties": { "value": 2, "label": "AQHI 2", "color": "#0099cb", "timestamp": "2026-09-16 17:00:00", "generated_at": "2026-09-16T23:31:17.755149", "nearest_km": 42.617506940341599, "n_points": 3, "weight_sum": 0.0011486712747720853, "confidence": "Medium", "flagged": false }, "geometry": { "type": "Polygon", "coordinates": [ [ [ -117.942199330721479, 53.252951136779991 ], [ -117.892199330721482, 53.252951136779991 ], [ -117.892199330721482, 53.302951136779988 ], [ -117.942199330721479, 53.302951136779988 ], [ -117.942199330721479, 53.252951136779991 ] ] ] } },
{ "type": "Feature", "properties": { "value": 2, "label": "AQHI 2", "color": "#0099cb", "timestamp": "2026-09-16 17:00:00", "generated_at": "2026-09-16T23:31:17.755149", "nearest_km": 37.502891335044367, "n_points": 3, "weight_sum": 0.0012765957931471993, "confidence": "Medium", "flagged": false }, "geometry": { "type": "Polygon", "coordinates": [ [ [ -117.892199330721482, 53.252951136779991 ], [ -117.842199330721485, 53.252951136779991 ], [ -117.842199330721485, 53.302951136779988 ], [ -117.892199330721482, 53.302951136779988 ], [ -117.892199330721482, 53.252951136779991 ] ] ] } },
{ "type": "Feature", "properties": { "value": 2, "label": "AQHI 2", "color": "#0099cb", "timestamp": "2026-09-16 17:00:00", "generated_at": "2026-09-16T23:31:17.755149", "nearest_km": 32.531320587492615, "n_points": 3, "weight_sum": 0.0014790198144357806, "confidence": "Medium", "flagged": false }, "geometry": { "type": "Polygon", "coordinates": [ [ [ -117.842199330721485, 53.252951136779991 ], [ -117.792199330721488, 53.252951136779991 ], [ -117.792199330721488, 53.302951136779988 ], [ -117.842199330721485, 53.302951136779988 ], [ -117.842199330721485, 53.252951136779991 ] ] ] } },
{ "type": "Feature", "properties": { "value": 2, "label": "AQHI 2", "color": "#0099cb", "timestamp": "2026-09-16 17:00:00", "generated_at": "2026-09-16T23:31:17.755149", "nearest_km": 27.779700859517707, "n_points": 3, "weight_sum": 0.0018037893433002026, "confidence": "Medium", "flagged": false }, "geometry": { "type": "Polygon", "coordinates": [ [ [ -117.792199330721488, 53.252951136779991 ], [ -117.74219933072149, 53.252951136779991 ], [ -117.74219933072149, 53.302951136779988 ], [ -117.792199330721488, 53.302951136779988 ], [ -117.792199330721488, 53.252951136779991 ] ] ] } },
{ "type": "Feature", "properties": { "value": 2, "label": "AQHI 2", "color": "#0099cb", "timestamp": "2026-09-16 17:00:00", "generated_at": "2026-09-16T23:31:17.755149", "nearest_km": 23.382509286266721, "n_points": 3, "weight_sum": 0.0023193400538424674, "confidence": "High", "flagged": false }, "geometry": { "type": "Polygon", "coordinates": [ [ [ -117.74219933072149, 53.252951136779991 ], [ -117.692199330721493, 53.252951136779991 ], [ -117.692199330721493, 53.302951136779988 ], [ -117.74219933072149, 53.302951136779988 ], [ -117.74219933072149, 53.252951136779991 ] ] ] } },
{ "type": "Feature", "properties": { "value": 2, "label": "AQHI 2", "color": "#0099cb", "timestamp": "2026-09-16 17:00:00", "generated_at": "2026-09-16T23:31:17.755149", "nearest_km": 19.580007691530753, "n_points": 4, "weight_sum": 0.003136888735312795, "confidence": "High", "flagged": false }, "geometry": { "type": "Polygon", "coordinates": [ [ [ -117.692199330721493, 53.252951136779991 ], [ -117.642199330721496, 53.252951136779991 ], [ -117.642199330721496, 53.302951136779988 ], [ -117.692199330721493, 53.302951136779988 ], [ -117.692199330721493, 53.252951136779991 ] ] ] } },
{ "type": "Feature", "properties": { "value": 2, "label": "AQHI 2", "color": "#0099cb", "timestamp": "2026-09-16 17:00:00", "generated_at": "2026-09-16T23:31:17.755149", "nearest_km": 16.781438015809321, "n_points": 4, "weight_sum": 0.0040891046837303333, "confidence": "High", "flagged": false }, "geometry": { "type": "Polygon", "coordinates": [ [ [ -117.642199330721496, 53.252951136779991 ], [ -117.592199330721499, 53.252951136779991 ], [ -117.592199330721499, 53.302951136779988 ], [ -117.642199330721496, 53.302951136779988 ], [ -117.642199330721496, 53.252951136779991 ] ] ] } },
{ "type": "Feature", "properties": { "value": 2, "label": "AQHI 2", "color": "#0099cb", "timestamp": "2026-09-16 17:00:00", "generated_at": "2026-09-16T23:31:17.755149", "nearest_km": 15.539035444855966, "n_points": 4, "weight_sum": 0.004705646682548234, "confidence": "High", "flagged": false }, "geometry": { "type": "Polygon", "coordinates": [ [ [ -117.592199330721499, 53.252951136779991 ], [ -117.542199330721502, 53.252951136779991 ], [ -117.542199330721502, 53.302951136779988 ], [ -117.592199330721499, 53.302951136779988 ], [ -117.592199330721499, 53.252951136779991 ] ] ] } },
{ "type": "Feature", "properties": { "value": 2, "label": "AQHI 2", "color": "#0099cb", "timestamp": "2026-09-16 17:00:00", "generated_at": "2026-09-16T23:31:17.755149", "nearest_km": 16.214548505417067, "n_points": 4, "weight_sum": 0.0044144845532467728, "confidence": "High", "flagged": false }, "geometry": { "type": "Polygon", "coordinates": [ [ [ -117.542199330721502, 53.252951136779991 ], [ -117.492199330721505, 53.252951136779991 ], [ -117.492199330721505, 53.302951136779988 ], [ -117.542199330721502, 53.302951136779988 ], [ -117.542199330721502, 53.252951136779991 ] ] ] } },
{ "type": "Feature", "properties": { "value": 2, "label": "AQHI 2", "color": "#0099cb", "timestamp": "2026-09-16 17:00:00", "generated_at": "2026-09-16T23:31:17.755149", "nearest_km": 18.600175910795809, "n_points": 5, "weight_sum": 0.0036216515636426473, "confidence": "High", "flagged": false }, "geometry": { "type": "Polygon", "coordinates": [ [ [ -117.492199330721505, 53.252951136779991 ], [ -117.442199330721508, 53.252951136779991 ], [ -117.442199330721508, 53.302951136779988 ], [ -117.492199330721505, 53.302951136779988 ], [ -117.492199330721505, 53.252951136779991 ] ] ] } },
{ "type": "Feature", "properties": { "value": 2, "label": "AQHI 2", "color": "#0099cb", "timestamp": "2026-09-16 17:00:00", "generated_at": "2026-09-16T23:31:17.755149", "nearest_km": 22.150090396893813, "n_points": 5, "weight_sum": 0.0028851013444853905, "confidence": "High", "flagged": false }, "geometry": { "type": "Polygon", "coordinates": [ [ [ -117.442199330721508, 53.252951136779991 ], [ -117.39219933072151, 53.252951136779991 ], [ -117.39219933072151, 53.302951136779988 ], [ -117.442199330721508, 53.302951136779988 ], [ -117.442199330721508, 53.252951136779991 ] ] ] } },
{ "type": "Feature", "properties": { "value": 2, "label": "AQHI 2", "color": "#0099cb", "timestamp": "2026-09-16 17:00:00", "generated_at": "2026-09-16T23:31:17.755149", "nearest_km": 26.398701961812048, "n_points": 5, "weight_sum": 0.0024570987977837601, "confidence": "Medium", "flagged": false }, "geometry": { "type": "Polygon", "coordinates": [ [ [ -117.39219933072151, 53.252951136779991 ], [ -117.342199330721513, 53.252951136779991 ], [ -117.342199330721513, 53.302951136779988 ], [ -117.39219933072151, 53.302951136779988 ], [ -117.39219933072151, 53.252951136779991 ] ] ] } },
{ "type": "Feature", "properties": { "value": 2, "label": "AQHI 2", "color": "#0099cb", "timestamp": "2026-09-16 17:00:00", "generated_at": "2026-09-16T23:31:17.755149", "nearest_km": 30.911821239063872, "n_points": 5, "weight_sum": 0.0023289662624857302, "confidence": "Medium", "flagged": false }, "geometry": { "type": "Polygon", "coordinates": [ [ [ -117.342199330721513, 53.252951136779991 ], [ -117.292199330721516, 53.252951136779991 ], [ -117.292199330721516, 53.302951136779988 ], [ -117.342199330721513, 53.302951136779988 ], [ -117.342199330721513, 53.252951136779991 ] ] ] } },
{ "type": "Feature", "properties": { "value": 2, "label": "AQHI 2", "color": "#0099cb", "timestamp": "2026-09-16 17:00:00", "generated_at": "2026-09-16T23:31:17.755149", "nearest_km": 26.018786674898497, "n_points": 5, "weight_sum": 0.002493998966743829, "confidence": "Medium", "flagged": false }, "geometry": { "type": "Polygon", "coordinates": [ [ [ -117.292199330721516, 53.252951136779991 ], [ -117.242199330721519, 53.252951136779991 ], [ -117.242199330721519, 53.302951136779988 ], [ -117.292199330721516, 53.302951136779988 ], [ -117.292199330721516, 53.252951136779991 ] ] ] } },
{ "type": "Feature", "properties": { "value": 2, "label": "AQHI 2", "color": "#0099cb", "timestamp": "2026-09-16 17:00:00", "generated_at": "2026-09-16T23:31:17.755149", "nearest_km": 21.448049509265491, "n_points": 5, "weight_sum": 0.0030122723405495858, "confidence": "High", "flagged": false }, "geometry": { "type": "Polygon", "coordinates": [ [ [ -117.242199330721519, 53.252951136779991 ], [ -117.192199330721522, 53.252951136779991 ], [ -117.192199330721522, 53.302951136779988 ], [ -117.242199330721519, 53.302951136779988 ], [ -117.242199330721519, 53.252951136779991 ] ] ] } },
{ "type": "Feature", "properties": { "value": 2, "label": "AQHI 2", "color": "#0099cb", "timestamp": "2026-09-16 17:00:00", "generated_at": "2026-09-16T23:31:17.755149", "nearest_km": 17.454666867916011, "n_points": 5, "weight_sum": 0.0039986008990135994, "confidence": "High", "flagged": false }, "geometry": { "type": "Polygon", "coordinates": [ [ [ -117.192199330721522, 53.252951136779991 ], [ -117.142199330721525, 53.252951136779991 ], [ -117.142199330721525, 53.302951136779988 ], [ -117.192199330721522, 53.302951136779988 ], [ -117.192199330721522, 53.252951136779991 ] ] ] } },
{ "type": "Feature", "properties": { "value": 2, "label": "AQHI 2", "color": "#0099cb", "timestamp": "2026-09-16 17:00:00", "generated_at": "2026-09-16T23:31:17.755149", "nearest_km": 14.522980520125301, "n_points": 5, "weight_sum": 0.0053729790276185437, "confidence": "High", "flagged": false }, "geometry": { "type": "Polygon", "coordinates": [ [ [ -117.142199330721525, 53.252951136779991 ], [ -117.092199330721527, 53.252951136779991 ], [ -117.092199330721527, 53.302951136779988 ], [ -117.142199330721525, 53.302951136779988 ], [ -117.142199330721525, 53.252951136779991 ] ] ] } },
{ "type": "Feature", "properties": { "value": 2, "label": "AQHI 2", "color": "#0099cb", "timestamp": "2026-09-16 17:00:00", "generated_at": "2026-09-16T23:31:17.755149", "nearest_km": 13.370621934148989, "n_points": 5, "weight_sum": 0.0061671697260396886, "confidence": "High", "flagged": false }, "geometry": { "type": "Polygon", "coordinates": [ [ [ -117.092199330721527, 53.252951136779991 ], [ -117.04219933072153, 53.252951136779991 ], [ -117.04219933072153, 53.302951136779988 ], [ -117.092199330721527, 53.302951136779988 ], [ -117.092199330721527, 53.252951136779991 ] ] ] } },
{ "type": "Feature", "properties": { "value": 2, "label": "AQHI 2", "color": "#0099cb", "timestamp": "2026-09-16 17:00:00", "generated_at": "2026-09-16T23:31:17.755149", "nearest_km": 14.430353378346153, "n_points": 5, "weight_sum": 0.0053367617553283691, "confidence": "High", "flagged": false }, "geometry": { "type": "Polygon", "coordinates": [ [ [ -117.04219933072153, 53.252951136779991 ], [ -116.992199330721533, 53.252951136779991 ], [ -116.992199330721533, 53.302951136779988 ], [ -117.04219933072153, 53.302951136779988 ], [ -117.04219933072153, 53.252951136779991 ] ] ] } },
{ "type": "Feature", "properties": { "value": 2, "label": "AQHI 2", "color": "#0099cb", "timestamp": "2026-09-16 17:00:00", "generated_at": "2026-09-16T23:31:17.755149", "nearest_km": 17.300337174226961, "n_points": 5, "weight_sum": 0.0038515610678053779, "confidence": "High", "flagged": false }, "geometry": { "type": "Polygon", "coordinates": [ [ [ -116.992199330721533, 53.252951136779991 ], [ -116.942199330721536, 53.252951136779991 ], [ -116.942199330721536, 53.302951136779988 ], [ -116.992199330721533, 53.302951136779988 ], [ -116.992199330721533, 53.252951136779991 ] ] ] } },
{ "type": "Feature", "properties": { "value": 2, "label": "AQHI 2", "color": "#0099cb", "timestamp": "2026-09-16 17:00:00", "generated_at": "2026-09-16T23:31:17.755149", "nearest_km": 21.259662134190314, "n_points": 5, "weight_sum": 0.0027112627109605815, "confidence": "High", "flagged": false }, "geometry": { "type": "Polygon", "coordinates": [ [ [ -116.942199330721536, 53.252951136779991 ], [ -116.892199330721539, 53.252951136779991 ], [ -116.892199330721539, 53.302951136779988 ], [ -116.942199330721536, 53.302951136779988 ], [ -116.942199330721536, 53.252951136779991 ] ] ] } },
{ "type": "Feature", "properties": { "value": 2, "label": "AQHI 2", "color": "#0099cb", "timestamp": "2026-09-16 17:00:00", "generated_at": "2026-09-16T23:31:17.755149", "nearest_km": 25.811815158525842, "n_points": 5, "weight_sum": 0.001998822855676916, "confidence": "Medium", "flagged": false }, "geometry": { "type": "Polygon", "coordinates": [ [ [ -116.892199330721539, 53.252951136779991 ], [ -116.842199330721542, 53.252951136779991 ], [ -116.842199330721542, 53.302951136779988 ], [ -116.892199330721539, 53.302951136779988 ], [ -116.892199330721539, 53.252951136779991 ] ] ] } },
{ "type": "Feature", "properties": { "value": 2, "label": "AQHI 2", "color": "#0099cb", "timestamp": "2026-09-16 17:00:00", "generated_at": "2026-09-16T23:31:17.755149", "nearest_km": 30.694158556570283, "n_points": 5, "weight_sum": 0.0015685776243862517, "confidence": "Medium", "flagged": false }, "geometry": { "type": "Polygon", "coordinates": [ [ [ -116.842199330721542, 53.252951136779991 ], [ -116.792199330721544, 53.252951136779991 ], [ -116.792199330721544, 53.302951136779988 ], [ -116.842199330721542, 53.302951136779988 ], [ -116.842199330721542, 53.252951136779991 ] ] ] } },
{ "type": "Feature", "properties": { "value": 2, "label": "AQHI 2", "color": "#0099cb", "timestamp": "2026-09-16 17:00:00", "generated_at": "2026-09-16T23:31:17.755149", "nearest_km": 35.771747751736164, "n_points": 4, "weight_sum": 0.0012635068846560881, "confidence": "Medium", "flagged": false }, "geometry": { "type": "Polygon", "coordinates": [ [ [ -116.792199330721544, 53.252951136779991 ], [ -116.742199330721547, 53.252951136779991 ], [ -116.742199330721547, 53.302951136779988 ], [ -116.792199330721544, 53.302951136779988 ], [ -116.792199330721544, 53.252951136779991 ] ] ] } },
{ "type": "Feature", "properties": { "value": 2, "label": "AQHI 2", "color": "#0099cb", "timestamp": "2026-09-16 17:00:00", "generated_at": "2026-09-16T23:31:17.755149", "nearest_km": 40.972057611643081, "n_points": 4, "weight_sum": 0.001109770265028493, "confidence": "Medium", "flagged": false }, "geometry": { "type": "Polygon", "coordinates": [ [ [ -116.742199330721547, 53.252951136779991 ], [ -116.69219933072155, 53.252951136779991 ], [ -116.69219933072155, 53.302951136779988 ], [ -116.742199330721547, 53.302951136779988 ], [ -116.742199330721547, 53.252951136779991 ] ] ] } },
{ "type": "Feature", "properties": { "value": 2, "label": "AQHI 2", "color": "#0099cb", "timestamp": "2026-09-16 17:00:00", "generated_at": "2026-09-16T23:31:17.755149", "nearest_km": 46.253714149782077, "n_points": 4, "weight_sum": 0.0010229786746845256, "confidence": "Medium", "flagged": false }, "geometry": { "type": "Polygon", "coordinates": [ [ [ -116.69219933072155, 53.252951136779991 ], [ -116.642199330721553, 53.252951136779991 ], [ -116.642199330721553, 53.302951136779988 ], [ -116.69219933072155, 53.302951136779988 ], [ -116.69219933072155, 53.252951136779991 ] ] ] } },
{ "type": "Feature", "properties": { "value": 2, "label": "AQHI 2", "color": "#0099cb", "timestamp": "2026-09-16 17:00:00", "generated_at": "2026-09-16T23:31:17.755149", "nearest_km": 46.865159951923651, "n_points": 4, "weight_sum": 0.00098128806697082697, "confidence": "Medium", "flagged": false }, "geometry": { "type": "Polygon", "coordinates": [ [ [ -116.642199330721553, 53.252951136779991 ], [ -116.592199330721556, 53.252951136779991 ], [ -116.592199330721556, 53.302951136779988 ], [ -116.642199330721553, 53.302951136779988 ], [ -116.642199330721553, 53.252951136779991 ] ] ] } },
{ "type": "Feature", "properties": { "value": 2, "label": "AQHI 2", "color": "#0099cb", "timestamp": "2026-09-16 17:00:00", "generated_at": "2026-09-16T23:31:17.755149", "nearest_km": 43.81590688023455, "n_points": 4, "weight_sum": 0.00096979608940462583, "confidence": "Medium", "flagged": false }, "geometry": { "type": "Polygon", "coordinates": [ [ [ -116.592199330721556, 53.252951136779991 ], [ -116.542199330721559, 53.252951136779991 ], [ -116.542199330721559, 53.302951136779988 ], [ -116.592199330721556, 53.302951136779988 ], [ -116.592199330721556, 53.252951136779991 ] ] ] } },
{ "type": "Feature", "properties": { "value": 2, "label": "AQHI 2", "color": "#0099cb", "timestamp": "2026-09-16 17:00:00", "generated_at": "2026-09-16T23:31:17.755149", "nearest_km": 41.290788005987189, "n_points": 4, "weight_sum": 0.00097585109156577972, "confidence": "Medium", "flagged": false }, "geometry": { "type": "Polygon", "coordinates": [ [ [ -116.542199330721559, 53.252951136779991 ], [ -116.492199330721562, 53.252951136779991 ], [ -116.492199330721562, 53.302951136779988 ], [ -116.542199330721559, 53.302951136779988 ], [ -116.542199330721559, 53.252951136779991 ] ] ] } },
{ "type": "Feature", "properties": { "value": 2, "label": "AQHI 2", "color": "#0099cb", "timestamp": "2026-09-16 17:00:00", "generated_at": "2026-09-16T23:31:17.755149", "nearest_km": 39.390730541249916, "n_points": 4, "weight_sum": 0.00098659695764003494, "confidence": "Medium", "flagged": false }, "geometry": { "type": "Polygon", "coordinates": [ [ [ -116.492199330721562, 53.252951136779991 ], [ -116.442199330721564, 53.252951136779991 ], [ -116.442199330721564, 53.302951136779988 ], [ -116.492199330721562, 53.302951136779988 ], [ -116.492199330721562, 53.252951136779991 ] ] ] } },
{ "type": "Feature", "properties": { "value": 2, "label": "AQHI 2", "color": "#0099cb", "timestamp": "2026-09-16 17:00:00", "generated_at": "2026-09-16T23:31:17.755149", "nearest_km": 38.209097489882367, "n_points": 4, "weight_sum": 0.00098890938202379655, "confidence": "Medium", "flagged": false }, "geometry": { "type": "Polygon", "coordinates": [ [ [ -116.442199330721564, 53.252951136779991 ], [ -116.392199330721567, 53.252951136779991 ], [ -116.392199330721567, 53.302951136779988 ], [ -116.442199330721564, 53.302951136779988 ], [ -116.442199330721564, 53.252951136779991 ] ] ] } },
{ "type": "Feature", "properties": { "value": 2, "label": "AQHI 2", "color": "#0099cb", "timestamp": "2026-09-16 17:00:00", "generated_at": "2026-09-16T23:31:17.755149", "nearest_km": 37.813299372169361, "n_points": 4, "weight_sum": 0.00097190280393395746, "confidence": "Medium", "flagged": false }, "geometry": { "type": "Polygon", "coordinates": [ [ [ -116.392199330721567, 53.252951136779991 ], [ -116.34219933072157, 53.252951136779991 ], [ -116.34219933072157, 53.302951136779988 ], [ -116.392199330721567, 53.302951136779988 ], [ -116.392199330721567, 53.252951136779991 ] ] ] } },
{ "type": "Feature", "properties": { "value": 2, "label": "AQHI 2", "color": "#0099cb", "timestamp": "2026-09-16 17:00:00", "generated_at": "2026-09-16T23:31:17.755149", "nearest_km": 38.227752848254966, "n_points": 4, "weight_sum": 0.00093054075537449613, "confidence": "Medium", "flagged": false }, "geometry": { "type": "Polygon", "coordinates": [ [ [ -116.34219933072157, 53.252951136779991 ], [ -116.292199330721573, 53.252951136779991 ], [ -116.292199330721573, 53.302951136779988 ], [ -116.34219933072157, 53.302951136779988 ], [ -116.34219933072157, 53.252951136779991 ] ] ] } },
{ "type": "Feature", "properties": { "value": 2, "label": "AQHI 2", "color": "#0099cb", "timestamp": "2026-09-16 17:00:00", "generated_at": "2026-09-16T23:31:17.755149", "nearest_km": 39.426914236917163, "n_points": 5, "weight_sum": 0.00091461553168804453, "confidence": "Medium", "flagged": false }, "geometry": { "type": "Polygon", "coordinates": [ [ [ -116.292199330721573, 53.252951136779991 ], [ -116.242199330721576, 53.252951136779991 ], [ -116.242199330721576, 53.302951136779988 ], [ -116.292199330721573, 53.302951136779988 ], [ -116.292199330721573, 53.252951136779991 ] ] ] } },
{ "type": "Feature", "properties": { "value": 2, "label": "AQHI 2", "color": "#0099cb", "timestamp": "2026-09-16 17:00:00", "generated_at": "2026-09-16T23:31:17.755149", "nearest_km": 41.342557306765258, "n_points": 5, "weight_sum": 0.00084108701894463408, "confidence": "Medium", "flagged": false }, "geometry": { "type": "Polygon", "coordinates": [ [ [ -116.242199330721576, 53.252951136779991 ], [ -116.192199330721579, 53.252951136779991 ], [ -116.192199330721579, 53.302951136779988 ], [ -116.242199330721576, 53.302951136779988 ], [ -116.242199330721576, 53.252951136779991 ] ] ] } },
{ "type": "Feature", "properties": { "value": 2, "label": "AQHI 2", "color": "#0099cb", "timestamp": "2026-09-16 17:00:00", "generated_at": "2026-09-16T23:31:17.755149", "nearest_km": 43.880947153418532, "n_points": 4, "weight_sum": 0.00072163815503084225, "confidence": "Medium", "flagged": false }, "geometry": { "type": "Polygon", "coordinates": [ [ [ -116.192199330721579, 53.252951136779991 ], [ -116.142199330721581, 53.252951136779991 ], [ -116.142199330721581, 53.302951136779988 ], [ -116.192199330721579, 53.302951136779988 ], [ -116.192199330721579, 53.252951136779991 ] ] ] } },
{ "type": "Feature", "properties": { "value": 2, "label": "AQHI 2", "color": "#0099cb", "timestamp": "2026-09-16 17:00:00", "generated_at": "2026-09-16T23:31:17.755149", "nearest_km": 46.941165318929229, "n_points": 4, "weight_sum": 0.00064929141676379836, "confidence": "Medium", "flagged": false }, "geometry": { "type": "Polygon", "coordinates": [ [ [ -116.142199330721581, 53.252951136779991 ], [ -116.092199330721584, 53.252951136779991 ], [ -116.092199330721584, 53.302951136779988 ], [ -116.142199330721581, 53.302951136779988 ], [ -116.142199330721581, 53.252951136779991 ] ] ] } },
{ "type": "Feature", "properties": { "value": 2, "label": "AQHI 2", "color": "#0099cb", "timestamp": "2026-09-16 17:00:00", "generated_at": "2026-09-16T23:31:17.755149", "nearest_km": 50.428300386955058, "n_points": 4, "weight_sum": 0.00058396375510098148, "confidence": "Medium", "flagged": false }, "geometry": { "type": "Polygon", "coordinates": [ [ [ -116.092199330721584, 53.252951136779991 ], [ -116.042199330721587, 53.252951136779991 ], [ -116.042199330721587, 53.302951136779988 ], [ -116.092199330721584, 53.302951136779988 ], [ -116.092199330721584, 53.252951136779991 ] ] ] } },
{ "type": "Feature", "properties": { "value": 2, "label": "AQHI 2", "color": "#0099cb", "timestamp": "2026-09-16 17:00:00", "generated_at": "2026-09-16T23:31:17.755149", "nearest_km": 54.260104665720021, "n_points": 3, "weight_sum": 0.00048479413913364024, "confidence": "Medium", "flagged": false }, "geometry": { "type": "Polygon", "coordinates": [ [ [ -116.042199330721587, 53.252951136779991 ], [ -115.99219933072159, 53.252951136779991 ], [ -115.99219933072159, 53.302951136779988 ], [ -116.042199330721587, 53.302951136779988 ], [ -116.042199330721587, 53.252951136779991 ] ] ] } },
{ "type": "Feature", "properties": { "value": 2, "label": "AQHI 2", "color": "#0099cb", "timestamp": "2026-09-16 17:00:00", "generated_at": "2026-09-16T23:31:17.755149", "nearest_km": 58.368736809638122, "n_points": 3, "weight_sum": 0.00043960151916196501, "confidence": "Medium", "flagged": false }, "geometry": { "type": "Polygon", "coordinates": [ [ [ -115.99219933072159, 53.252951136779991 ], [ -115.942199330721593, 53.252951136779991 ], [ -115.942199330721593, 53.302951136779988 ], [ -115.99219933072159, 53.302951136779988 ], [ -115.99219933072159, 53.252951136779991 ] ] ] } },
{ "type": "Feature", "properties": { "value": 2, "label": "AQHI 2", "color": "#0099cb", "timestamp": "2026-09-16 17:00:00", "generated_at": "2026-09-16T23:31:17.755149", "nearest_km": 62.699799961169816, "n_points": 3, "weight_sum": 0.00040337426806246585, "confidence": "Medium", "flagged": false }, "geometry": { "type": "Polygon", "coordinates": [ [ [ -115.942199330721593, 53.252951136779991 ], [ -115.892199330721596, 53.252951136779991 ], [ -115.892199330721596, 53.302951136779988 ], [ -115.942199330721593, 53.302951136779988 ], [ -115.942199330721593, 53.252951136779991 ] ] ] } },
{ "type": "Feature", "properties": { "value": 2, "label": "AQHI 2", "color": "#0099cb", "timestamp": "2026-09-16 17:00:00", "generated_at": "2026-09-16T23:31:17.755149", "nearest_km": 67.210307197546783, "n_points": 3, "weight_sum": 0.0003754181167083553, "confidence": "Medium", "flagged": false }, "geometry": { "type": "Polygon", "coordinates": [ [ [ -115.892199330721596, 53.252951136779991 ], [ -115.842199330721598, 53.252951136779991 ], [ -115.842199330721598, 53.302951136779988 ], [ -115.892199330721596, 53.302951136779988 ], [ -115.892199330721596, 53.252951136779991 ] ] ] } },
{ "type": "Feature", "properties": { "value": 2, "label": "AQHI 2", "color": "#0099cb", "timestamp": "2026-09-16 17:00:00", "generated_at": "2026-09-16T23:31:17.755149", "nearest_km": 71.866479474136625, "n_points": 3, "weight_sum": 0.00035505945403611878, "confidence": "Medium", "flagged": false }, "geometry": { "type": "Polygon", "coordinates": [ [ [ -115.842199330721598, 53.252951136779991 ], [ -115.792199330721601, 53.252951136779991 ], [ -115.792199330721601, 53.302951136779988 ], [ -115.842199330721598, 53.302951136779988 ], [ -115.842199330721598, 53.252951136779991 ] ] ] } },
{ "type": "Feature", "properties": { "value": 2, "label": "AQHI 2", "color": "#0099cb", "timestamp": "2026-09-16 17:00:00", "generated_at": "2026-09-16T23:31:17.755149", "nearest_km": 76.641772881532333, "n_points": 3, "weight_sum": 0.0003418074008118174, "confidence": "Low", "flagged": false }, "geometry": { "type": "Polygon", "coordinates": [ [ [ -115.792199330721601, 53.252951136779991 ], [ -115.742199330721604, 53.252951136779991 ], [ -115.742199330721604, 53.302951136779988 ], [ -115.792199330721601, 53.302951136779988 ], [ -115.792199330721601, 53.252951136779991 ] ] ] } },
{ "type": "Feature", "properties": { "value": 2, "label": "AQHI 2", "color": "#0099cb", "timestamp": "2026-09-16 17:00:00", "generated_at": "2026-09-16T23:31:17.755149", "nearest_km": 81.515255190928926, "n_points": 2, "weight_sum": 0.00029119497796402643, "confidence": "Low", "flagged": false }, "geometry": { "type": "Polygon", "coordinates": [ [ [ -115.742199330721604, 53.252951136779991 ], [ -115.692199330721607, 53.252951136779991 ], [ -115.692199330721607, 53.302951136779988 ], [ -115.742199330721604, 53.302951136779988 ], [ -115.742199330721604, 53.252951136779991 ] ] ] } },
{ "type": "Feature", "properties": { "value": 2, "label": "AQHI 2", "color": "#0099cb", "timestamp": "2026-09-16 17:00:00", "generated_at": "2026-09-16T23:31:17.755149", "nearest_km": 78.760522284763383, "n_points": 2, "weight_sum": 0.00029494798424289942, "confidence": "Low", "flagged": false }, "geometry": { "type": "Polygon", "coordinates": [ [ [ -115.692199330721607, 53.252951136779991 ], [ -115.64219933072161, 53.252951136779991 ], [ -115.64219933072161, 53.302951136779988 ], [ -115.692199330721607, 53.302951136779988 ], [ -115.692199330721607, 53.252951136779991 ] ] ] } },
{ "type": "Feature", "properties": { "value": 2, "label": "AQHI 2", "color": "#0099cb", "timestamp": "2026-09-16 17:00:00", "generated_at": "2026-09-16T23:31:17.755149", "nearest_km": 73.216941837164029, "n_points": 2, "weight_sum": 0.00030600066019098045, "confidence": "Medium", "flagged": false }, "geometry": { "type": "Polygon", "coordinates": [ [ [ -115.64219933072161, 53.252951136779991 ], [ -115.592199330721613, 53.252951136779991 ], [ -115.592199330721613, 53.302951136779988 ], [ -115.64219933072161, 53.302951136779988 ], [ -115.64219933072161, 53.252951136779991 ] ] ] } },
{ "type": "Feature", "properties": { "value": 2, "label": "AQHI 2", "color": "#0099cb", "timestamp": "2026-09-16 17:00:00", "generated_at": "2026-09-16T23:31:17.755149", "nearest_km": 67.67441372782335, "n_points": 2, "weight_sum": 0.00032556803036577509, "confidence": "Medium", "flagged": false }, "geometry": { "type": "Polygon", "coordinates": [ [ [ -115.592199330721613, 53.252951136779991 ], [ -115.542199330721616, 53.252951136779991 ], [ -115.542199330721616, 53.302951136779988 ], [ -115.592199330721613, 53.302951136779988 ], [ -115.592199330721613, 53.252951136779991 ] ] ] } },
{ "type": "Feature", "properties": { "value": 2, "label": "AQHI 2", "color": "#0099cb", "timestamp": "2026-09-16 17:00:00", "generated_at": "2026-09-16T23:31:17.755149", "nearest_km": 62.133219575542206, "n_points": 3, "weight_sum": 0.00040071099282354015, "confidence": "Medium", "flagged": false }, "geometry": { "type": "Polygon", "coordinates": [ [ [ -115.542199330721616, 53.252951136779991 ], [ -115.492199330721618, 53.252951136779991 ], [ -115.492199330721618, 53.302951136779988 ], [ -115.542199330721616, 53.302951136779988 ], [ -115.542199330721616, 53.252951136779991 ] ] ] } },
{ "type": "Feature", "properties": { "value": 2, "label": "AQHI 2", "color": "#0099cb", "timestamp": "2026-09-16 17:00:00", "generated_at": "2026-09-16T23:31:17.755149", "nearest_km": 52.617809840311089, "n_points": 3, "weight_sum": 0.00057587273967397859, "confidence": "Medium", "flagged": false }, "geometry": { "type": "Polygon", "coordinates": [ [ [ -118.292199330721459, 53.302951136779988 ], [ -118.242199330721462, 53.302951136779988 ], [ -118.242199330721462, 53.352951136779986 ], [ -118.292199330721459, 53.352951136779986 ], [ -118.292199330721459, 53.302951136779988 ] ] ] } },
{ "type": "Feature", "properties": { "value": 2, "label": "AQHI 2", "color": "#0099cb", "timestamp": "2026-09-16 17:00:00", "generated_at": "2026-09-16T23:31:17.755149", "nearest_km": 50.518123886475102, "n_points": 3, "weight_sum": 0.00063603283972844425, "confidence": "Medium", "flagged": false }, "geometry": { "type": "Polygon", "coordinates": [ [ [ -118.242199330721462, 53.302951136779988 ], [ -118.192199330721465, 53.302951136779988 ], [ -118.192199330721465, 53.352951136779986 ], [ -118.242199330721462, 53.352951136779986 ], [ -118.242199330721462, 53.302951136779988 ] ] ] } },
{ "type": "Feature", "properties": { "value": 2, "label": "AQHI 2", "color": "#0099cb", "timestamp": "2026-09-16 17:00:00", "generated_at": "2026-09-16T23:31:17.755149", "nearest_km": 48.960522562850031, "n_points": 3, "weight_sum": 0.00069769646349799046, "confidence": "Medium", "flagged": false }, "geometry": { "type": "Polygon", "coordinates": [ [ [ -118.192199330721465, 53.302951136779988 ], [ -118.142199330721468, 53.302951136779988 ], [ -118.142199330721468, 53.352951136779986 ], [ -118.192199330721465, 53.352951136779986 ], [ -118.192199330721465, 53.302951136779988 ] ] ] } },
{ "type": "Feature", "properties": { "value": 2, "label": "AQHI 2", "color": "#0099cb", "timestamp": "2026-09-16 17:00:00", "generated_at": "2026-09-16T23:31:17.755149", "nearest_km": 47.997809306732329, "n_points": 3, "weight_sum": 0.00076010107836965105, "confidence": "Medium", "flagged": false }, "geometry": { "type": "Polygon", "coordinates": [ [ [ -118.142199330721468, 53.302951136779988 ], [ -118.092199330721471, 53.302951136779988 ], [ -118.092199330721471, 53.352951136779986 ], [ -118.142199330721468, 53.352951136779986 ], [ -118.142199330721468, 53.302951136779988 ] ] ] } },
{ "type": "Feature", "properties": { "value": 2, "label": "AQHI 2", "color": "#0099cb", "timestamp": "2026-09-16 17:00:00", "generated_at": "2026-09-16T23:31:17.755149", "nearest_km": 47.666042701943773, "n_points": 3, "weight_sum": 0.00082428954598442019, "confidence": "Medium", "flagged": false }, "geometry": { "type": "Polygon", "coordinates": [ [ [ -118.092199330721471, 53.302951136779988 ], [ -118.042199330721473, 53.302951136779988 ], [ -118.042199330721473, 53.352951136779986 ], [ -118.092199330721471, 53.352951136779986 ], [ -118.092199330721471, 53.302951136779988 ] ] ] } },
{ "type": "Feature", "properties": { "value": 2, "label": "AQHI 2", "color": "#0099cb", "timestamp": "2026-09-16 17:00:00", "generated_at": "2026-09-16T23:31:17.755149", "nearest_km": 47.978313387212843, "n_points": 3, "weight_sum": 0.00089459719990317356, "confidence": "Medium", "flagged": false }, "geometry": { "type": "Polygon", "coordinates": [ [ [ -118.042199330721473, 53.302951136779988 ], [ -117.992199330721476, 53.302951136779988 ], [ -117.992199330721476, 53.352951136779986 ], [ -118.042199330721473, 53.352951136779986 ], [ -118.042199330721473, 53.302951136779988 ] ] ] } },
{ "type": "Feature", "properties": { "value": 2, "label": "AQHI 2", "color": "#0099cb", "timestamp": "2026-09-16 17:00:00", "generated_at": "2026-09-16T23:31:17.755149", "nearest_km": 46.327258618534849, "n_points": 3, "weight_sum": 0.00098025913773878114, "confidence": "Medium", "flagged": false }, "geometry": { "type": "Polygon", "coordinates": [ [ [ -117.992199330721476, 53.302951136779988 ], [ -117.942199330721479, 53.302951136779988 ], [ -117.942199330721479, 53.352951136779986 ], [ -117.992199330721476, 53.352951136779986 ], [ -117.992199330721476, 53.302951136779988 ] ] ] } },
{ "type": "Feature", "properties": { "value": 2, "label": "AQHI 2", "color": "#0099cb", "timestamp": "2026-09-16 17:00:00", "generated_at": "2026-09-16T23:31:17.755149", "nearest_km": 40.924624027432429, "n_points": 3, "weight_sum": 0.0010975054936302026, "confidence": "Medium", "flagged": false }, "geometry": { "type": "Polygon", "coordinates": [ [ [ -117.942199330721479, 53.302951136779988 ], [ -117.892199330721482, 53.302951136779988 ], [ -117.892199330721482, 53.352951136779986 ], [ -117.942199330721479, 53.352951136779986 ], [ -117.942199330721479, 53.302951136779988 ] ] ] } },
{ "type": "Feature", "properties": { "value": 2, "label": "AQHI 2", "color": "#0099cb", "timestamp": "2026-09-16 17:00:00", "generated_at": "2026-09-16T23:31:17.755149", "nearest_km": 35.567398168333625, "n_points": 3, "weight_sum": 0.0012736508890474562, "confidence": "Medium", "flagged": false }, "geometry": { "type": "Polygon", "coordinates": [ [ [ -117.892199330721482, 53.302951136779988 ], [ -117.842199330721485, 53.302951136779988 ], [ -117.842199330721485, 53.352951136779986 ], [ -117.892199330721482, 53.352951136779986 ], [ -117.892199330721482, 53.302951136779988 ] ] ] } },
{ "type": "Feature", "properties": { "value": 2, "label": "AQHI 2", "color": "#0099cb", "timestamp": "2026-09-16 17:00:00", "generated_at": "2026-09-16T23:31:17.755149", "nearest_km": 30.279692421536531, "n_points": 3, "weight_sum": 0.001556728321272709, "confidence": "Medium", "flagged": false }, "geometry": { "type": "Polygon", "coordinates": [ [ [ -117.842199330721485, 53.302951136779988 ], [ -117.792199330721488, 53.302951136779988 ], [ -117.792199330721488, 53.352951136779986 ], [ -117.842199330721485, 53.352951136779986 ], [ -117.842199330721485, 53.302951136779988 ] ] ] } },
{ "type": "Feature", "properties": { "value": 2, "label": "AQHI 2", "color": "#0099cb", "timestamp": "2026-09-16 17:00:00", "generated_at": "2026-09-16T23:31:17.755149", "nearest_km": 25.105472188766431, "n_points": 3, "weight_sum": 0.0020387598115468252, "confidence": "Medium", "flagged": false }, "geometry": { "type": "Polygon", "coordinates": [ [ [ -117.792199330721488, 53.302951136779988 ], [ -117.74219933072149, 53.302951136779988 ], [ -117.74219933072149, 53.352951136779986 ], [ -117.792199330721488, 53.352951136779986 ], [ -117.792199330721488, 53.302951136779988 ] ] ] } },
{ "type": "Feature", "properties": { "value": 2, "label": "AQHI 2", "color": "#0099cb", "timestamp": "2026-09-16 17:00:00", "generated_at": "2026-09-16T23:31:17.755149", "nearest_km": 20.13242892695726, "n_points": 3, "weight_sum": 0.0029113097723349338, "confidence": "High", "flagged": false }, "geometry": { "type": "Polygon", "coordinates": [ [ [ -117.74219933072149, 53.302951136779988 ], [ -117.692199330721493, 53.302951136779988 ], [ -117.692199330721493, 53.352951136779986 ], [ -117.74219933072149, 53.352951136779986 ], [ -117.74219933072149, 53.302951136779988 ] ] ] } },
{ "type": "Feature", "properties": { "value": 2, "label": "AQHI 2", "color": "#0099cb", "timestamp": "2026-09-16 17:00:00", "generated_at": "2026-09-16T23:31:17.755149", "nearest_km": 15.554730958041006, "n_points": 4, "weight_sum": 0.0046228603826827305, "confidence": "High", "flagged": false }, "geometry": { "type": "Polygon", "coordinates": [ [ [ -117.692199330721493, 53.302951136779988 ], [ -117.642199330721496, 53.302951136779988 ], [ -117.642199330721496, 53.352951136779986 ], [ -117.692199330721493, 53.352951136779986 ], [ -117.692199330721493, 53.302951136779988 ] ] ] } },
{ "type": "Feature", "properties": { "value": 2, "label": "AQHI 2", "color": "#0099cb", "timestamp": "2026-09-16 17:00:00", "generated_at": "2026-09-16T23:31:17.755149", "nearest_km": 11.840169587260402, "n_points": 4, "weight_sum": 0.0076365751021424374, "confidence": "High", "flagged": false }, "geometry": { "type": "Polygon", "coordinates": [ [ [ -117.642199330721496, 53.302951136779988 ], [ -117.592199330721499, 53.302951136779988 ], [ -117.592199330721499, 53.352951136779986 ], [ -117.642199330721496, 53.352951136779986 ], [ -117.642199330721496, 53.302951136779988 ] ] ] } },
{ "type": "Feature", "properties": { "value": 2, "label": "AQHI 2", "color": "#0099cb", "timestamp": "2026-09-16 17:00:00", "generated_at": "2026-09-16T23:31:17.755149", "nearest_km": 10.001728677240047, "n_points": 5, "weight_sum": 0.010571644003228865, "confidence": "High", "flagged": false }, "geometry": { "type": "Polygon", "coordinates": [ [ [ -117.592199330721499, 53.302951136779988 ], [ -117.542199330721502, 53.302951136779988 ], [ -117.542199330721502, 53.352951136779986 ], [ -117.592199330721499, 53.352951136779986 ], [ -117.592199330721499, 53.302951136779988 ] ] ] } },
{ "type": "Feature", "properties": { "value": 2, "label": "AQHI 2", "color": "#0099cb", "timestamp": "2026-09-16 17:00:00", "generated_at": "2026-09-16T23:31:17.755149", "nearest_km": 11.022002413861049, "n_points": 5, "weight_sum": 0.0088521506506737454, "confidence": "High", "flagged": false }, "geometry": { "type": "Polygon", "coordinates": [ [ [ -117.542199330721502, 53.302951136779988 ], [ -117.492199330721505, 53.302951136779988 ], [ -117.492199330721505, 53.352951136779986 ], [ -117.542199330721502, 53.352951136779986 ], [ -117.542199330721502, 53.302951136779988 ] ] ] } },
{ "type": "Feature", "properties": { "value": 2, "label": "AQHI 2", "color": "#0099cb", "timestamp": "2026-09-16 17:00:00", "generated_at": "2026-09-16T23:31:17.755149", "nearest_km": 14.301730590707708, "n_points": 5, "weight_sum": 0.0055773634971519421, "confidence": "High", "flagged": false }, "geometry": { "type": "Polygon", "coordinates": [ [ [ -117.492199330721505, 53.302951136779988 ], [ -117.442199330721508, 53.302951136779988 ], [ -117.442199330721508, 53.352951136779986 ], [ -117.492199330721505, 53.352951136779986 ], [ -117.492199330721505, 53.302951136779988 ] ] ] } },
{ "type": "Feature", "properties": { "value": 2, "label": "AQHI 2", "color": "#0099cb", "timestamp": "2026-09-16 17:00:00", "generated_at": "2026-09-16T23:31:17.755149", "nearest_km": 18.686879315905141, "n_points": 5, "weight_sum": 0.0036498593641771247, "confidence": "High", "flagged": false }, "geometry": { "type": "Polygon", "coordinates": [ [ [ -117.442199330721508, 53.302951136779988 ], [ -117.39219933072151, 53.302951136779988 ], [ -117.39219933072151, 53.352951136779986 ], [ -117.442199330721508, 53.352951136779986 ], [ -117.442199330721508, 53.302951136779988 ] ] ] } },
{ "type": "Feature", "properties": { "value": 2, "label": "AQHI 2", "color": "#0099cb", "timestamp": "2026-09-16 17:00:00", "generated_at": "2026-09-16T23:31:17.755149", "nearest_km": 23.568292667166521, "n_points": 5, "weight_sum": 0.0027266906653204762, "confidence": "High", "flagged": false }, "geometry": { "type": "Polygon", "coordinates": [ [ [ -117.39219933072151, 53.302951136779988 ], [ -117.342199330721513, 53.302951136779988 ], [ -117.342199330721513, 53.352951136779986 ], [ -117.39219933072151, 53.352951136779986 ], [ -117.39219933072151, 53.302951136779988 ] ] ] } },
{ "type": "Feature", "properties": { "value": 2, "label": "AQHI 2", "color": "#0099cb", "timestamp": "2026-09-16 17:00:00", "generated_at": "2026-09-16T23:31:17.755149", "nearest_km": 28.693803859426172, "n_points": 5, "weight_sum": 0.0023419135408176417, "confidence": "Medium", "flagged": false }, "geometry": { "type": "Polygon", "coordinates": [ [ [ -117.342199330721513, 53.302951136779988 ], [ -117.292199330721516, 53.302951136779988 ], [ -117.292199330721516, 53.352951136779986 ], [ -117.342199330721513, 53.352951136779986 ], [ -117.342199330721513, 53.302951136779988 ] ] ] } },
{ "type": "Feature", "properties": { "value": 2, "label": "AQHI 2", "color": "#0099cb", "timestamp": "2026-09-16 17:00:00", "generated_at": "2026-09-16T23:31:17.755149", "nearest_km": 29.260683615740941, "n_points": 5, "weight_sum": 0.0022817410204817078, "confidence": "Medium", "flagged": false }, "geometry": { "type": "Polygon", "coordinates": [ [ [ -117.292199330721516, 53.302951136779988 ], [ -117.242199330721519, 53.302951136779988 ], [ -117.242199330721519, 53.352951136779986 ], [ -117.292199330721516, 53.352951136779986 ], [ -117.292199330721516, 53.302951136779988 ] ] ] } },
{ "type": "Feature", "properties": { "value": 2, "label": "AQHI 2", "color": "#0099cb", "timestamp": "2026-09-16 17:00:00", "generated_at": "2026-09-16T23:31:17.755149", "nearest_km": 25.28298189254026, "n_points": 5, "weight_sum": 0.0024611930920460231, "confidence": "Medium", "flagged": false }, "geometry": { "type": "Polygon", "coordinates": [ [ [ -117.242199330721519, 53.302951136779988 ], [ -117.192199330721522, 53.302951136779988 ], [ -117.192199330721522, 53.352951136779986 ], [ -117.242199330721519, 53.352951136779986 ], [ -117.242199330721519, 53.302951136779988 ] ] ] } },
{ "type": "Feature", "properties": { "value": 2, "label": "AQHI 2", "color": "#0099cb", "timestamp": "2026-09-16 17:00:00", "generated_at": "2026-09-16T23:31:17.755149", "nearest_km": 21.997175752731074, "n_points": 5, "weight_sum": 0.0028219699554302494, "confidence": "High", "flagged": false }, "geometry": { "type": "Polygon", "coordinates": [ [ [ -117.192199330721522, 53.302951136779988 ], [ -117.142199330721525, 53.302951136779988 ], [ -117.142199330721525, 53.352951136779986 ], [ -117.192199330721522, 53.352951136779986 ], [ -117.192199330721522, 53.302951136779988 ] ] ] } },
{ "type": "Feature", "properties": { "value": 2, "label": "AQHI 2", "color": "#0099cb", "timestamp": "2026-09-16 17:00:00", "generated_at": "2026-09-16T23:31:17.755149", "nearest_km": 19.75164066133631, "n_points": 5, "weight_sum": 0.0032241472265946008, "confidence": "High", "flagged": false }, "geometry": { "type": "Polygon", "coordinates": [ [ [ -117.142199330721525, 53.302951136779988 ], [ -117.092199330721527, 53.302951136779988 ], [ -117.092199330721527, 53.352951136779986 ], [ -117.142199330721525, 53.352951136779986 ], [ -117.142199330721525, 53.302951136779988 ] ] ] } },
{ "type": "Feature", "properties": { "value": 2, "label": "AQHI 2", "color": "#0099cb", "timestamp": "2026-09-16 17:00:00", "generated_at": "2026-09-16T23:31:17.755149", "nearest_km": 18.920461847760507, "n_points": 5, "weight_sum": 0.0033912060072819562, "confidence": "High", "flagged": false }, "geometry": { "type": "Polygon", "coordinates": [ [ [ -117.092199330721527, 53.302951136779988 ], [ -117.04219933072153, 53.302951136779988 ], [ -117.04219933072153, 53.352951136779986 ], [ -117.092199330721527, 53.352951136779986 ], [ -117.092199330721527, 53.302951136779988 ] ] ] } },
{ "type": "Feature", "properties": { "value": 2, "label": "AQHI 2", "color": "#0099cb", "timestamp": "2026-09-16 17:00:00", "generated_at": "2026-09-16T23:31:17.755149", "nearest_km": 19.683633918831173, "n_points": 5, "weight_sum": 0.0031380348538878147, "confidence": "High", "flagged": false }, "geometry": { "type": "Polygon", "coordinates": [ [ [ -117.04219933072153, 53.302951136779988 ], [ -116.992199330721533, 53.302951136779988 ], [ -116.992199330721533, 53.352951136779986 ], [ -117.04219933072153, 53.352951136779986 ], [ -117.04219933072153, 53.302951136779988 ] ] ] } },
{ "type": "Feature", "properties": { "value": 2, "label": "AQHI 2", "color": "#0099cb", "timestamp": "2026-09-16 17:00:00", "generated_at": "2026-09-16T23:31:17.755149", "nearest_km": 21.874917416268211, "n_points": 5, "weight_sum": 0.0026231893435331205, "confidence": "High", "flagged": false }, "geometry": { "type": "Polygon", "coordinates": [ [ [ -116.992199330721533, 53.302951136779988 ], [ -116.942199330721536, 53.302951136779988 ], [ -116.942199330721536, 53.352951136779986 ], [ -116.992199330721533, 53.352951136779986 ], [ -116.992199330721533, 53.302951136779988 ] ] ] } },
{ "type": "Feature", "properties": { "value": 2, "label": "AQHI 2", "color": "#0099cb", "timestamp": "2026-09-16 17:00:00", "generated_at": "2026-09-16T23:31:17.755149", "nearest_km": 25.123367204388433, "n_points": 5, "weight_sum": 0.0021082288391383224, "confidence": "Medium", "flagged": false }, "geometry": { "type": "Polygon", "coordinates": [ [ [ -116.942199330721536, 53.302951136779988 ], [ -116.892199330721539, 53.302951136779988 ], [ -116.892199330721539, 53.352951136779986 ], [ -116.942199330721536, 53.352951136779986 ], [ -116.942199330721536, 53.302951136779988 ] ] ] } },
{ "type": "Feature", "properties": { "value": 2, "label": "AQHI 2", "color": "#0099cb", "timestamp": "2026-09-16 17:00:00", "generated_at": "2026-09-16T23:31:17.755149", "nearest_km": 29.076797406257096, "n_points": 5, "weight_sum": 0.0017099753603718485, "confidence": "Medium", "flagged": false }, "geometry": { "type": "Polygon", "coordinates": [ [ [ -116.892199330721539, 53.302951136779988 ], [ -116.842199330721542, 53.302951136779988 ], [ -116.842199330721542, 53.352951136779986 ], [ -116.892199330721539, 53.352951136779986 ], [ -116.892199330721539, 53.302951136779988 ] ] ] } },
{ "type": "Feature", "properties": { "value": 2, "label": "AQHI 2", "color": "#0099cb", "timestamp": "2026-09-16 17:00:00", "generated_at": "2026-09-16T23:31:17.755149", "nearest_km": 33.486440765218561, "n_points": 5, "weight_sum": 0.0014346913700528318, "confidence": "Medium", "flagged": false }, "geometry": { "type": "Polygon", "coordinates": [ [ [ -116.842199330721542, 53.302951136779988 ], [ -116.792199330721544, 53.302951136779988 ], [ -116.792199330721544, 53.352951136779986 ], [ -116.842199330721542, 53.352951136779986 ], [ -116.842199330721542, 53.302951136779988 ] ] ] } },
{ "type": "Feature", "properties": { "value": 2, "label": "AQHI 2", "color": "#0099cb", "timestamp": "2026-09-16 17:00:00", "generated_at": "2026-09-16T23:31:17.755149", "nearest_km": 38.194610651772024, "n_points": 4, "weight_sum": 0.0012136828546823264, "confidence": "Medium", "flagged": false }, "geometry": { "type": "Polygon", "coordinates": [ [ [ -116.792199330721544, 53.302951136779988 ], [ -116.742199330721547, 53.302951136779988 ], [ -116.742199330721547, 53.352951136779986 ], [ -116.792199330721544, 53.352951136779986 ], [ -116.792199330721544, 53.302951136779988 ] ] ] } },
{ "type": "Feature", "properties": { "value": 2, "label": "AQHI 2", "color": "#0099cb", "timestamp": "2026-09-16 17:00:00", "generated_at": "2026-09-16T23:31:17.755149", "nearest_km": 43.103594404160944, "n_points": 4, "weight_sum": 0.0011119472761813871, "confidence": "Medium", "flagged": false }, "geometry": { "type": "Polygon", "coordinates": [ [ [ -116.742199330721547, 53.302951136779988 ], [ -116.69219933072155, 53.302951136779988 ], [ -116.69219933072155, 53.352951136779986 ], [ -116.742199330721547, 53.352951136779986 ], [ -116.742199330721547, 53.302951136779988 ] ] ] } },
{ "type": "Feature", "properties": { "value": 2, "label": "AQHI 2", "color": "#0099cb", "timestamp": "2026-09-16 17:00:00", "generated_at": "2026-09-16T23:31:17.755149", "nearest_km": 46.319900922044603, "n_points": 4, "weight_sum": 0.0010654878327426098, "confidence": "Medium", "flagged": false }, "geometry": { "type": "Polygon", "coordinates": [ [ [ -116.69219933072155, 53.302951136779988 ], [ -116.642199330721553, 53.302951136779988 ], [ -116.642199330721553, 53.352951136779986 ], [ -116.69219933072155, 53.352951136779986 ], [ -116.69219933072155, 53.302951136779988 ] ] ] } },
{ "type": "Feature", "properties": { "value": 2, "label": "AQHI 2", "color": "#0099cb", "timestamp": "2026-09-16 17:00:00", "generated_at": "2026-09-16T23:31:17.755149", "nearest_km": 42.513747186598742, "n_points": 4, "weight_sum": 0.0010622748679478709, "confidence": "Medium", "flagged": false }, "geometry": { "type": "Polygon", "coordinates": [ [ [ -116.642199330721553, 53.302951136779988 ], [ -116.592199330721556, 53.302951136779988 ], [ -116.592199330721556, 53.352951136779986 ], [ -116.642199330721553, 53.352951136779986 ], [ -116.642199330721553, 53.302951136779988 ] ] ] } },
{ "type": "Feature", "properties": { "value": 2, "label": "AQHI 2", "color": "#0099cb", "timestamp": "2026-09-16 17:00:00", "generated_at": "2026-09-16T23:31:17.755149", "nearest_km": 39.126834503496823, "n_points": 4, "weight_sum": 0.0010923401432752951, "confidence": "Medium", "flagged": false }, "geometry": { "type": "Polygon", "coordinates": [ [ [ -116.592199330721556, 53.302951136779988 ], [ -116.542199330721559, 53.302951136779988 ], [ -116.542199330721559, 53.352951136779986 ], [ -116.592199330721556, 53.352951136779986 ], [ -116.592199330721556, 53.302951136779988 ] ] ] } },
{ "type": "Feature", "properties": { "value": 2, "label": "AQHI 2", "color": "#0099cb", "timestamp": "2026-09-16 17:00:00", "generated_at": "2026-09-16T23:31:17.755149", "nearest_km": 36.276778477174894, "n_points": 4, "weight_sum": 0.0011438538169874805, "confidence": "Medium", "flagged": false }, "geometry": { "type": "Polygon", "coordinates": [ [ [ -116.542199330721559, 53.302951136779988 ], [ -116.492199330721562, 53.302951136779988 ], [ -116.492199330721562, 53.352951136779986 ], [ -116.542199330721559, 53.352951136779986 ], [ -116.542199330721559, 53.302951136779988 ] ] ] } },
{ "type": "Feature", "properties": { "value": 2, "label": "AQHI 2", "color": "#0099cb", "timestamp": "2026-09-16 17:00:00", "generated_at": "2026-09-16T23:31:17.755149", "nearest_km": 34.098462356827802, "n_points": 4, "weight_sum": 0.0011996419837409715, "confidence": "Medium", "flagged": false }, "geometry": { "type": "Polygon", "coordinates": [ [ [ -116.492199330721562, 53.302951136779988 ], [ -116.442199330721564, 53.302951136779988 ], [ -116.442199330721564, 53.352951136779986 ], [ -116.492199330721562, 53.352951136779986 ], [ -116.492199330721562, 53.302951136779988 ] ] ] } },
{ "type": "Feature", "properties": { "value": 2, "label": "AQHI 2", "color": "#0099cb", "timestamp": "2026-09-16 17:00:00", "generated_at": "2026-09-16T23:31:17.755149", "nearest_km": 32.726298500105067, "n_points": 4, "weight_sum": 0.0012369001114796749, "confidence": "Medium", "flagged": false }, "geometry": { "type": "Polygon", "coordinates": [ [ [ -116.442199330721564, 53.302951136779988 ], [ -116.392199330721567, 53.302951136779988 ], [ -116.392199330721567, 53.352951136779986 ], [ -116.442199330721564, 53.352951136779986 ], [ -116.442199330721564, 53.302951136779988 ] ] ] } },
{ "type": "Feature", "properties": { "value": 2, "label": "AQHI 2", "color": "#0099cb", "timestamp": "2026-09-16 17:00:00", "generated_at": "2026-09-16T23:31:17.755149", "nearest_km": 32.263308756789776, "n_points": 4, "weight_sum": 0.0012336133290300874, "confidence": "Medium", "flagged": false }, "geometry": { "type": "Polygon", "coordinates": [ [ [ -116.392199330721567, 53.302951136779988 ], [ -116.34219933072157, 53.302951136779988 ], [ -116.34219933072157, 53.352951136779986 ], [ -116.392199330721567, 53.352951136779986 ], [ -116.392199330721567, 53.302951136779988 ] ] ] } },
{ "type": "Feature", "properties": { "value": 2, "label": "AQHI 2", "color": "#0099cb", "timestamp": "2026-09-16 17:00:00", "generated_at": "2026-09-16T23:31:17.755149", "nearest_km": 32.748077353547188, "n_points": 4, "weight_sum": 0.001179825120516077, "confidence": "Medium", "flagged": false }, "geometry": { "type": "Polygon", "coordinates": [ [ [ -116.34219933072157, 53.302951136779988 ], [ -116.292199330721573, 53.302951136779988 ], [ -116.292199330721573, 53.352951136779986 ], [ -116.34219933072157, 53.352951136779986 ], [ -116.34219933072157, 53.302951136779988 ] ] ] } },
{ "type": "Feature", "properties": { "value": 2, "label": "AQHI 2", "color": "#0099cb", "timestamp": "2026-09-16 17:00:00", "generated_at": "2026-09-16T23:31:17.755149", "nearest_km": 34.140255546376117, "n_points": 5, "weight_sum": 0.0011306782745088284, "confidence": "Medium", "flagged": false }, "geometry": { "type": "Polygon", "coordinates": [ [ [ -116.292199330721573, 53.302951136779988 ], [ -116.242199330721576, 53.302951136779988 ], [ -116.242199330721576, 53.352951136779986 ], [ -116.292199330721573, 53.352951136779986 ], [ -116.292199330721573, 53.302951136779988 ] ] ] } },
{ "type": "Feature", "properties": { "value": 2, "label": "AQHI 2", "color": "#0099cb", "timestamp": "2026-09-16 17:00:00", "generated_at": "2026-09-16T23:31:17.755149", "nearest_km": 36.335692193624347, "n_points": 5, "weight_sum": 0.0010150666367464431, "confidence": "Medium", "flagged": false }, "geometry": { "type": "Polygon", "coordinates": [ [ [ -116.242199330721576, 53.302951136779988 ], [ -116.192199330721579, 53.302951136779988 ], [ -116.192199330721579, 53.352951136779986 ], [ -116.242199330721576, 53.352951136779986 ], [ -116.242199330721576, 53.302951136779988 ] ] ] } },
{ "type": "Feature", "properties": { "value": 2, "label": "AQHI 2", "color": "#0099cb", "timestamp": "2026-09-16 17:00:00", "generated_at": "2026-09-16T23:31:17.755149", "nearest_km": 39.1996556822602, "n_points": 4, "weight_sum": 0.00085456672676745347, "confidence": "Medium", "flagged": false }, "geometry": { "type": "Polygon", "coordinates": [ [ [ -116.192199330721579, 53.302951136779988 ], [ -116.142199330721581, 53.302951136779988 ], [ -116.142199330721581, 53.352951136779986 ], [ -116.192199330721579, 53.352951136779986 ], [ -116.192199330721579, 53.302951136779988 ] ] ] } },
{ "type": "Feature", "properties": { "value": 2, "label": "AQHI 2", "color": "#0099cb", "timestamp": "2026-09-16 17:00:00", "generated_at": "2026-09-16T23:31:17.755149", "nearest_km": 42.597517345799488, "n_points": 4, "weight_sum": 0.00074807772799867522, "confidence": "Medium", "flagged": false }, "geometry": { "type": "Polygon", "coordinates": [ [ [ -116.142199330721581, 53.302951136779988 ], [ -116.092199330721584, 53.302951136779988 ], [ -116.092199330721584, 53.352951136779986 ], [ -116.142199330721581, 53.352951136779986 ], [ -116.142199330721581, 53.302951136779988 ] ] ] } },
{ "type": "Feature", "properties": { "value": 2, "label": "AQHI 2", "color": "#0099cb", "timestamp": "2026-09-16 17:00:00", "generated_at": "2026-09-16T23:31:17.755149", "nearest_km": 46.412163949159009, "n_points": 4, "weight_sum": 0.00065643615066720271, "confidence": "Medium", "flagged": false }, "geometry": { "type": "Polygon", "coordinates": [ [ [ -116.092199330721584, 53.302951136779988 ], [ -116.042199330721587, 53.302951136779988 ], [ -116.042199330721587, 53.352951136779986 ], [ -116.092199330721584, 53.352951136779986 ], [ -116.092199330721584, 53.302951136779988 ] ] ] } },
{ "type": "Feature", "properties": { "value": 2, "label": "AQHI 2", "color": "#0099cb", "timestamp": "2026-09-16 17:00:00", "generated_at": "2026-09-16T23:31:17.755149", "nearest_km": 50.549326809182489, "n_points": 4, "weight_sum": 0.00058071929379552116, "confidence": "Medium", "flagged": false }, "geometry": { "type": "Polygon", "coordinates": [ [ [ -116.042199330721587, 53.302951136779988 ], [ -115.99219933072159, 53.302951136779988 ], [ -115.99219933072159, 53.352951136779986 ], [ -116.042199330721587, 53.352951136779986 ], [ -116.042199330721587, 53.302951136779988 ] ] ] } },
{ "type": "Feature", "properties": { "value": 2, "label": "AQHI 2", "color": "#0099cb", "timestamp": "2026-09-16 17:00:00", "generated_at": "2026-09-16T23:31:17.755149", "nearest_km": 54.936189522749473, "n_points": 3, "weight_sum": 0.00047619597508743213, "confidence": "Medium", "flagged": false }, "geometry": { "type": "Polygon", "coordinates": [ [ [ -115.99219933072159, 53.302951136779988 ], [ -115.942199330721593, 53.302951136779988 ], [ -115.942199330721593, 53.352951136779986 ], [ -115.99219933072159, 53.352951136779986 ], [ -115.99219933072159, 53.302951136779988 ] ] ] } },
{ "type": "Feature", "properties": { "value": 2, "label": "AQHI 2", "color": "#0099cb", "timestamp": "2026-09-16 17:00:00", "generated_at": "2026-09-16T23:31:17.755149", "nearest_km": 59.517563774883754, "n_points": 3, "weight_sum": 0.0004300954706802795, "confidence": "Medium", "flagged": false }, "geometry": { "type": "Polygon", "coordinates": [ [ [ -115.942199330721593, 53.302951136779988 ], [ -115.892199330721596, 53.302951136779988 ], [ -115.892199330721596, 53.352951136779986 ], [ -115.942199330721593, 53.352951136779986 ], [ -115.942199330721593, 53.302951136779988 ] ] ] } },
{ "type": "Feature", "properties": { "value": 2, "label": "AQHI 2", "color": "#0099cb", "timestamp": "2026-09-16 17:00:00", "generated_at": "2026-09-16T23:31:17.755149", "nearest_km": 64.251855040265212, "n_points": 3, "weight_sum": 0.0003950369391324068, "confidence": "Medium", "flagged": false }, "geometry": { "type": "Polygon", "coordinates": [ [ [ -115.892199330721596, 53.302951136779988 ], [ -115.842199330721598, 53.302951136779988 ], [ -115.842199330721598, 53.352951136779986 ], [ -115.892199330721596, 53.352951136779986 ], [ -115.892199330721596, 53.302951136779988 ] ] ] } },
{ "type": "Feature", "properties": { "value": 2, "label": "AQHI 2", "color": "#0099cb", "timestamp": "2026-09-16 17:00:00", "generated_at": "2026-09-16T23:31:17.755149", "nearest_km": 69.107643242503542, "n_points": 3, "weight_sum": 0.00036950026678614248, "confidence": "Medium", "flagged": false }, "geometry": { "type": "Polygon", "coordinates": [ [ [ -115.842199330721598, 53.302951136779988 ], [ -115.792199330721601, 53.302951136779988 ], [ -115.792199330721601, 53.352951136779986 ], [ -115.842199330721598, 53.352951136779986 ], [ -115.842199330721598, 53.302951136779988 ] ] ] } },
{ "type": "Feature", "properties": { "value": 2, "label": "AQHI 2", "color": "#0099cb", "timestamp": "2026-09-16 17:00:00", "generated_at": "2026-09-16T23:31:17.755149", "nearest_km": 74.061034511752737, "n_points": 3, "weight_sum": 0.00035238958689084597, "confidence": "Medium", "flagged": false }, "geometry": { "type": "Polygon", "coordinates": [ [ [ -115.792199330721601, 53.302951136779988 ], [ -115.742199330721604, 53.302951136779988 ], [ -115.742199330721604, 53.352951136779986 ], [ -115.792199330721601, 53.352951136779986 ], [ -115.792199330721601, 53.302951136779988 ] ] ] } },
{ "type": "Feature", "properties": { "value": 2, "label": "AQHI 2", "color": "#0099cb", "timestamp": "2026-09-16 17:00:00", "generated_at": "2026-09-16T23:31:17.755149", "nearest_km": 79.093693246484008, "n_points": 2, "weight_sum": 0.00029915316964723411, "confidence": "Low", "flagged": false }, "geometry": { "type": "Polygon", "coordinates": [ [ [ -115.742199330721604, 53.302951136779988 ], [ -115.692199330721607, 53.302951136779988 ], [ -115.692199330721607, 53.352951136779986 ], [ -115.742199330721604, 53.352951136779986 ], [ -115.742199330721604, 53.302951136779988 ] ] ] } },
{ "type": "Feature", "properties": { "value": 2, "label": "AQHI 2", "color": "#0099cb", "timestamp": "2026-09-16 17:00:00", "generated_at": "2026-09-16T23:31:17.755149", "nearest_km": 79.212072745228255, "n_points": 2, "weight_sum": 0.00030045360046117395, "confidence": "Low", "flagged": false }, "geometry": { "type": "Polygon", "coordinates": [ [ [ -115.692199330721607, 53.302951136779988 ], [ -115.64219933072161, 53.302951136779988 ], [ -115.64219933072161, 53.352951136779986 ], [ -115.692199330721607, 53.352951136779986 ], [ -115.692199330721607, 53.302951136779988 ] ] ] } },
{ "type": "Feature", "properties": { "value": 2, "label": "AQHI 2", "color": "#0099cb", "timestamp": "2026-09-16 17:00:00", "generated_at": "2026-09-16T23:31:17.755149", "nearest_km": 73.702463798799045, "n_points": 2, "weight_sum": 0.00030937154059254546, "confidence": "Medium", "flagged": false }, "geometry": { "type": "Polygon", "coordinates": [ [ [ -115.64219933072161, 53.302951136779988 ], [ -115.592199330721613, 53.302951136779988 ], [ -115.592199330721613, 53.352951136779986 ], [ -115.64219933072161, 53.352951136779986 ], [ -115.64219933072161, 53.302951136779988 ] ] ] } },
{ "type": "Feature", "properties": { "value": 2, "label": "AQHI 2", "color": "#0099cb", "timestamp": "2026-09-16 17:00:00", "generated_at": "2026-09-16T23:31:17.755149", "nearest_km": 68.199405213177826, "n_points": 2, "weight_sum": 0.0003268849287321024, "confidence": "Medium", "flagged": false }, "geometry": { "type": "Polygon", "coordinates": [ [ [ -115.592199330721613, 53.302951136779988 ], [ -115.542199330721616, 53.302951136779988 ], [ -115.542199330721616, 53.352951136779986 ], [ -115.592199330721613, 53.352951136779986 ], [ -115.592199330721613, 53.302951136779988 ] ] ] } },
{ "type": "Feature", "properties": { "value": 2, "label": "AQHI 2", "color": "#0099cb", "timestamp": "2026-09-16 17:00:00", "generated_at": "2026-09-16T23:31:17.755149", "nearest_km": 62.704621622725412, "n_points": 3, "weight_sum": 0.00039985993376837373, "confidence": "Medium", "flagged": false }, "geometry": { "type": "Polygon", "coordinates": [ [ [ -115.542199330721616, 53.302951136779988 ], [ -115.492199330721618, 53.302951136779988 ], [ -115.492199330721618, 53.352951136779986 ], [ -115.542199330721616, 53.352951136779986 ], [ -115.542199330721616, 53.302951136779988 ] ] ] } },
{ "type": "Feature", "properties": { "value": 2, "label": "AQHI 2", "color": "#0099cb", "timestamp": "2026-09-16 17:00:00", "generated_at": "2026-09-16T23:31:17.755149", "nearest_km": 57.220496976757325, "n_points": 3, "weight_sum": 0.00044468271071707792, "confidence": "Medium", "flagged": false }, "geometry": { "type": "Polygon", "coordinates": [ [ [ -115.492199330721618, 53.302951136779988 ], [ -115.442199330721621, 53.302951136779988 ], [ -115.442199330721621, 53.352951136779986 ], [ -115.492199330721618, 53.352951136779986 ], [ -115.492199330721618, 53.302951136779988 ] ] ] } },
{ "type": "Feature", "properties": { "value": 2, "label": "AQHI 2", "color": "#0099cb", "timestamp": "2026-09-16 17:00:00", "generated_at": "2026-09-16T23:31:17.755149", "nearest_km": 51.750420053222911, "n_points": 3, "weight_sum": 0.00050816657739053154, "confidence": "Medium", "flagged": false }, "geometry": { "type": "Polygon", "coordinates": [ [ [ -115.442199330721621, 53.302951136779988 ], [ -115.392199330721624, 53.302951136779988 ], [ -115.392199330721624, 53.352951136779986 ], [ -115.442199330721621, 53.352951136779986 ], [ -115.442199330721621, 53.302951136779988 ] ] ] } },
{ "type": "Feature", "properties": { "value": 2, "label": "AQHI 2", "color": "#0099cb", "timestamp": "2026-09-16 17:00:00", "generated_at": "2026-09-16T23:31:17.755149", "nearest_km": 46.299370158814604, "n_points": 3, "weight_sum": 0.00059839320766058037, "confidence": "Medium", "flagged": false }, "geometry": { "type": "Polygon", "coordinates": [ [ [ -115.392199330721624, 53.302951136779988 ], [ -115.342199330721627, 53.302951136779988 ], [ -115.342199330721627, 53.352951136779986 ], [ -115.392199330721624, 53.352951136779986 ], [ -115.392199330721624, 53.302951136779988 ] ] ] } },
{ "type": "Feature", "properties": { "value": 2, "label": "AQHI 2", "color": "#0099cb", "timestamp": "2026-09-16 17:00:00", "generated_at": "2026-09-16T23:31:17.755149", "nearest_km": 40.874960287697412, "n_points": 3, "weight_sum": 0.00072908477148585032, "confidence": "Medium", "flagged": false }, "geometry": { "type": "Polygon", "coordinates": [ [ [ -115.342199330721627, 53.302951136779988 ], [ -115.29219933072163, 53.302951136779988 ], [ -115.29219933072163, 53.352951136779986 ], [ -115.342199330721627, 53.352951136779986 ], [ -115.342199330721627, 53.302951136779988 ] ] ] } },
{ "type": "Feature", "properties": { "value": 2, "label": "AQHI 2", "color": "#0099cb", "timestamp": "2026-09-16 17:00:00", "generated_at": "2026-09-16T23:31:17.755149", "nearest_km": 35.489407996453565, "n_points": 3, "weight_sum": 0.00092468434889208693, "confidence": "Medium", "flagged": false }, "geometry": { "type": "Polygon", "coordinates": [ [ [ -115.29219933072163, 53.302951136779988 ], [ -115.242199330721633, 53.302951136779988 ], [ -115.242199330721633, 53.352951136779986 ], [ -115.29219933072163, 53.352951136779986 ], [ -115.29219933072163, 53.302951136779988 ] ] ] } },
{ "type": "Feature", "properties": { "value": 2, "label": "AQHI 2", "color": "#0099cb", "timestamp": "2026-09-16 17:00:00", "generated_at": "2026-09-16T23:31:17.755149", "nearest_km": 30.163533966639864, "n_points": 3, "weight_sum": 0.0012314981827543808, "confidence": "Medium", "flagged": false }, "geometry": { "type": "Polygon", "coordinates": [ [ [ -115.242199330721633, 53.302951136779988 ], [ -115.192199330721635, 53.302951136779988 ], [ -115.192199330721635, 53.352951136779986 ], [ -115.242199330721633, 53.352951136779986 ], [ -115.242199330721633, 53.302951136779988 ] ] ] } },
{ "type": "Feature", "properties": { "value": 2, "label": "AQHI 2", "color": "#0099cb", "timestamp": "2026-09-16 17:00:00", "generated_at": "2026-09-16T23:31:17.755149", "nearest_km": 24.935606725614772, "n_points": 3, "weight_sum": 0.0017439651024371589, "confidence": "High", "flagged": false }, "geometry": { "type": "Polygon", "coordinates": [ [ [ -115.192199330721635, 53.302951136779988 ], [ -115.142199330721638, 53.302951136779988 ], [ -115.142199330721638, 53.352951136779986 ], [ -115.192199330721635, 53.352951136779986 ], [ -115.192199330721635, 53.302951136779988 ] ] ] } },
{ "type": "Feature", "properties": { "value": 2, "label": "AQHI 2", "color": "#0099cb", "timestamp": "2026-09-16 17:00:00", "generated_at": "2026-09-16T23:31:17.755149", "nearest_km": 19.883037599733228, "n_points": 3, "weight_sum": 0.0026702270108646827, "confidence": "High", "flagged": false }, "geometry": { "type": "Polygon", "coordinates": [ [ [ -115.142199330721638, 53.302951136779988 ], [ -115.092199330721641, 53.302951136779988 ], [ -115.092199330721641, 53.352951136779986 ], [ -115.142199330721638, 53.352951136779986 ], [ -115.142199330721638, 53.302951136779988 ] ] ] } },
{ "type": "Feature", "properties": { "value": 2, "label": "AQHI 2", "color": "#0099cb", "timestamp": "2026-09-16 17:00:00", "generated_at": "2026-09-16T23:31:17.755149", "nearest_km": 15.181926281281925, "n_points": 4, "weight_sum": 0.0045311222486050023, "confidence": "High", "flagged": false }, "geometry": { "type": "Polygon", "coordinates": [ [ [ -115.092199330721641, 53.302951136779988 ], [ -115.042199330721644, 53.302951136779988 ], [ -115.042199330721644, 53.352951136779986 ], [ -115.092199330721641, 53.352951136779986 ], [ -115.092199330721641, 53.302951136779988 ] ] ] } },
{ "type": "Feature", "properties": { "value": 2, "label": "AQHI 2", "color": "#0099cb", "timestamp": "2026-09-16 17:00:00", "generated_at": "2026-09-16T23:31:17.755149", "nearest_km": 11.280584516244957, "n_points": 3, "weight_sum": 0.0080212694657542417, "confidence": "High", "flagged": false }, "geometry": { "type": "Polygon", "coordinates": [ [ [ -115.042199330721644, 53.302951136779988 ], [ -114.992199330721647, 53.302951136779988 ], [ -114.992199330721647, 53.352951136779986 ], [ -115.042199330721644, 53.352951136779986 ], [ -115.042199330721644, 53.302951136779988 ] ] ] } },
{ "type": "Feature", "properties": { "value": 2, "label": "AQHI 2", "color": "#0099cb", "timestamp": "2026-09-16 17:00:00", "generated_at": "2026-09-16T23:31:17.755149", "nearest_km": 60.055696903787684, "n_points": 3, "weight_sum": 0.00046857734323086416, "confidence": "Medium", "flagged": false }, "geometry": { "type": "Polygon", "coordinates": [ [ [ -118.342199330721456, 53.352951136779986 ], [ -118.292199330721459, 53.352951136779986 ], [ -118.292199330721459, 53.402951136779983 ], [ -118.342199330721456, 53.402951136779983 ], [ -118.342199330721456, 53.352951136779986 ] ] ] } },
{ "type": "Feature", "properties": { "value": 2, "label": "AQHI 2", "color": "#0099cb", "timestamp": "2026-09-16 17:00:00", "generated_at": "2026-09-16T23:31:17.755149", "nearest_km": 57.69340221565831, "n_points": 3, "weight_sum": 0.00051645174408449705, "confidence": "Medium", "flagged": false }, "geometry": { "type": "Polygon", "coordinates": [ [ [ -118.292199330721459, 53.352951136779986 ], [ -118.242199330721462, 53.352951136779986 ], [ -118.242199330721462, 53.402951136779983 ], [ -118.292199330721459, 53.402951136779983 ], [ -118.292199330721459, 53.352951136779986 ] ] ] } },
{ "type": "Feature", "properties": { "value": 2, "label": "AQHI 2", "color": "#0099cb", "timestamp": "2026-09-16 17:00:00", "generated_at": "2026-09-16T23:31:17.755149", "nearest_km": 55.785083918874186, "n_points": 3, "weight_sum": 0.00056743253684727853, "confidence": "Medium", "flagged": false }, "geometry": { "type": "Polygon", "coordinates": [ [ [ -118.242199330721462, 53.352951136779986 ], [ -118.192199330721465, 53.352951136779986 ], [ -118.192199330721465, 53.402951136779983 ], [ -118.242199330721462, 53.402951136779983 ], [ -118.242199330721462, 53.352951136779986 ] ] ] } },
{ "type": "Feature", "properties": { "value": 2, "label": "AQHI 2", "color": "#0099cb", "timestamp": "2026-09-16 17:00:00", "generated_at": "2026-09-16T23:31:17.755149", "nearest_km": 54.378557506189296, "n_points": 3, "weight_sum": 0.0006214551752750264, "confidence": "Medium", "flagged": false }, "geometry": { "type": "Polygon", "coordinates": [ [ [ -118.192199330721465, 53.352951136779986 ], [ -118.142199330721468, 53.352951136779986 ], [ -118.142199330721468, 53.402951136779983 ], [ -118.192199330721465, 53.402951136779983 ], [ -118.192199330721465, 53.352951136779986 ] ] ] } },
{ "type": "Feature", "properties": { "value": 2, "label": "AQHI 2", "color": "#0099cb", "timestamp": "2026-09-16 17:00:00", "generated_at": "2026-09-16T23:31:17.755149", "nearest_km": 53.513404349490138, "n_points": 3, "weight_sum": 0.0006792964397214793, "confidence": "Medium", "flagged": false }, "geometry": { "type": "Polygon", "coordinates": [ [ [ -118.142199330721468, 53.352951136779986 ], [ -118.092199330721471, 53.352951136779986 ], [ -118.092199330721471, 53.402951136779983 ], [ -118.142199330721468, 53.402951136779983 ], [ -118.142199330721468, 53.352951136779986 ] ] ] } },
{ "type": "Feature", "properties": { "value": 2, "label": "AQHI 2", "color": "#0099cb", "timestamp": "2026-09-16 17:00:00", "generated_at": "2026-09-16T23:31:17.755149", "nearest_km": 53.216034930179809, "n_points": 3, "weight_sum": 0.00074344250304535101, "confidence": "Medium", "flagged": false }, "geometry": { "type": "Polygon", "coordinates": [ [ [ -118.092199330721471, 53.352951136779986 ], [ -118.042199330721473, 53.352951136779986 ], [ -118.042199330721473, 53.402951136779983 ], [ -118.092199330721471, 53.402951136779983 ], [ -118.092199330721471, 53.352951136779986 ] ] ] } },
{ "type": "Feature", "properties": { "value": 2, "label": "AQHI 2", "color": "#0099cb", "timestamp": "2026-09-16 17:00:00", "generated_at": "2026-09-16T23:31:17.755149", "nearest_km": 50.984192495391589, "n_points": 3, "weight_sum": 0.00081928477262141149, "confidence": "Medium", "flagged": false }, "geometry": { "type": "Polygon", "coordinates": [ [ [ -118.042199330721473, 53.352951136779986 ], [ -117.992199330721476, 53.352951136779986 ], [ -117.992199330721476, 53.402951136779983 ], [ -118.042199330721473, 53.402951136779983 ], [ -118.042199330721473, 53.352951136779986 ] ] ] } },
{ "type": "Feature", "properties": { "value": 2, "label": "AQHI 2", "color": "#0099cb", "timestamp": "2026-09-16 17:00:00", "generated_at": "2026-09-16T23:31:17.755149", "nearest_km": 45.457593920985751, "n_points": 3, "weight_sum": 0.00091685446350245835, "confidence": "Medium", "flagged": false }, "geometry": { "type": "Polygon", "coordinates": [ [ [ -117.992199330721476, 53.352951136779986 ], [ -117.942199330721479, 53.352951136779986 ], [ -117.942199330721479, 53.402951136779983 ], [ -117.992199330721476, 53.402951136779983 ], [ -117.992199330721476, 53.352951136779986 ] ] ] } },
{ "type": "Feature", "properties": { "value": 2, "label": "AQHI 2", "color": "#0099cb", "timestamp": "2026-09-16 17:00:00", "generated_at": "2026-09-16T23:31:17.755149", "nearest_km": 39.937486222386717, "n_points": 3, "weight_sum": 0.0010538813293937694, "confidence": "Medium", "flagged": false }, "geometry": { "type": "Polygon", "coordinates": [ [ [ -117.942199330721479, 53.352951136779986 ], [ -117.892199330721482, 53.352951136779986 ], [ -117.892199330721482, 53.402951136779983 ], [ -117.942199330721479, 53.402951136779983 ], [ -117.942199330721479, 53.352951136779986 ] ] ] } },
{ "type": "Feature", "properties": { "value": 2, "label": "AQHI 2", "color": "#0099cb", "timestamp": "2026-09-16 17:00:00", "generated_at": "2026-09-16T23:31:17.755149", "nearest_km": 34.426991829688092, "n_points": 3, "weight_sum": 0.0012624052304035269, "confidence": "Medium", "flagged": false }, "geometry": { "type": "Polygon", "coordinates": [ [ [ -117.892199330721482, 53.352951136779986 ], [ -117.842199330721485, 53.352951136779986 ], [ -117.842199330721485, 53.402951136779983 ], [ -117.892199330721482, 53.402951136779983 ], [ -117.892199330721482, 53.352951136779986 ] ] ] } },
{ "type": "Feature", "properties": { "value": 2, "label": "AQHI 2", "color": "#0099cb", "timestamp": "2026-09-16 17:00:00", "generated_at": "2026-09-16T23:31:17.755149", "nearest_km": 28.93160429563984, "n_points": 3, "weight_sum": 0.0016051326806730535, "confidence": "Medium", "flagged": false }, "geometry": { "type": "Polygon", "coordinates": [ [ [ -117.842199330721485, 53.352951136779986 ], [ -117.792199330721488, 53.352951136779986 ], [ -117.792199330721488, 53.402951136779983 ], [ -117.842199330721485, 53.402951136779983 ], [ -117.842199330721485, 53.352951136779986 ] ] ] } },
{ "type": "Feature", "properties": { "value": 2, "label": "AQHI 2", "color": "#0099cb", "timestamp": "2026-09-16 17:00:00", "generated_at": "2026-09-16T23:31:17.755149", "nearest_km": 23.461941262341306, "n_points": 3, "weight_sum": 0.0022210348360326175, "confidence": "High", "flagged": false }, "geometry": { "type": "Polygon", "coordinates": [ [ [ -117.792199330721488, 53.352951136779986 ], [ -117.74219933072149, 53.352951136779986 ], [ -117.74219933072149, 53.402951136779983 ], [ -117.792199330721488, 53.402951136779983 ], [ -117.792199330721488, 53.352951136779986 ] ] ] } },
{ "type": "Feature", "properties": { "value": 2, "label": "AQHI 2", "color": "#0099cb", "timestamp": "2026-09-16 17:00:00", "generated_at": "2026-09-16T23:31:17.755149", "nearest_km": 18.041414813578626, "n_points": 3, "weight_sum": 0.0034747280167747915, "confidence": "High", "flagged": false }, "geometry": { "type": "Polygon", "coordinates": [ [ [ -117.74219933072149, 53.352951136779986 ], [ -117.692199330721493, 53.352951136779986 ], [ -117.692199330721493, 53.402951136779983 ], [ -117.74219933072149, 53.402951136779983 ], [ -117.74219933072149, 53.352951136779986 ] ] ] } },
{ "type": "Feature", "properties": { "value": 2, "label": "AQHI 2", "color": "#0099cb", "timestamp": "2026-09-16 17:00:00", "generated_at": "2026-09-16T23:31:17.755149", "nearest_km": 12.732934035550024, "n_points": 4, "weight_sum": 0.0066209715831684951, "confidence": "High", "flagged": false }, "geometry": { "type": "Polygon", "coordinates": [ [ [ -117.692199330721493, 53.352951136779986 ], [ -117.642199330721496, 53.352951136779986 ], [ -117.642199330721496, 53.402951136779983 ], [ -117.692199330721493, 53.402951136779983 ], [ -117.692199330721493, 53.352951136779986 ] ] ] } },
{ "type": "Feature", "properties": { "value": 2, "label": "AQHI 2", "color": "#0099cb", "timestamp": "2026-09-16 17:00:00", "generated_at": "2026-09-16T23:31:17.755149", "nearest_km": 7.769656995756959, "n_points": 5, "weight_sum": 0.017079308435491974, "confidence": "High", "flagged": false }, "geometry": { "type": "Polygon", "coordinates": [ [ [ -117.642199330721496, 53.352951136779986 ], [ -117.592199330721499, 53.352951136779986 ], [ -117.592199330721499, 53.402951136779983 ], [ -117.642199330721496, 53.402951136779983 ], [ -117.642199330721496, 53.352951136779986 ] ] ] } },
{ "type": "Feature", "properties": { "value": 2, "label": "AQHI 2", "color": "#0099cb", "timestamp": "2026-09-16 17:00:00", "generated_at": "2026-09-16T23:31:17.755149", "nearest_km": 4.4958347956475082, "n_points": 5, "weight_sum": 0.050016481798132881, "confidence": "High", "flagged": false }, "geometry": { "type": "Polygon", "coordinates": [ [ [ -117.592199330721499, 53.352951136779986 ], [ -117.542199330721502, 53.352951136779986 ], [ -117.542199330721502, 53.402951136779983 ], [ -117.592199330721499, 53.402951136779983 ], [ -117.592199330721499, 53.352951136779986 ] ] ] } },
{ "type": "Feature", "properties": { "value": 2, "label": "AQHI 2", "color": "#0099cb", "timestamp": "2026-09-16 17:00:00", "generated_at": "2026-09-16T23:31:17.755149", "nearest_km": 6.4546488043725274, "n_points": 5, "weight_sum": 0.02458591303595975, "confidence": "High", "flagged": false }, "geometry": { "type": "Polygon", "coordinates": [ [ [ -117.542199330721502, 53.352951136779986 ], [ -117.492199330721505, 53.352951136779986 ], [ -117.492199330721505, 53.402951136779983 ], [ -117.542199330721502, 53.402951136779983 ], [ -117.542199330721502, 53.352951136779986 ] ] ] } },
{ "type": "Feature", "properties": { "value": 2, "label": "AQHI 2", "color": "#0099cb", "timestamp": "2026-09-16 17:00:00", "generated_at": "2026-09-16T23:31:17.755149", "nearest_km": 11.167696802197556, "n_points": 5, "weight_sum": 0.0086597377185214409, "confidence": "High", "flagged": false }, "geometry": { "type": "Polygon", "coordinates": [ [ [ -117.492199330721505, 53.352951136779986 ], [ -117.442199330721508, 53.352951136779986 ], [ -117.442199330721508, 53.402951136779983 ], [ -117.492199330721505, 53.402951136779983 ], [ -117.492199330721505, 53.352951136779986 ] ] ] } },
{ "type": "Feature", "properties": { "value": 2, "label": "AQHI 2", "color": "#0099cb", "timestamp": "2026-09-16 17:00:00", "generated_at": "2026-09-16T23:31:17.755149", "nearest_km": 16.412721058490952, "n_points": 5, "weight_sum": 0.0044337097289341995, "confidence": "High", "flagged": false }, "geometry": { "type": "Polygon", "coordinates": [ [ [ -117.442199330721508, 53.352951136779986 ], [ -117.39219933072151, 53.352951136779986 ], [ -117.39219933072151, 53.402951136779983 ], [ -117.442199330721508, 53.402951136779983 ], [ -117.442199330721508, 53.352951136779986 ] ] ] } },
{ "type": "Feature", "properties": { "value": 2, "label": "AQHI 2", "color": "#0099cb", "timestamp": "2026-09-16 17:00:00", "generated_at": "2026-09-16T23:31:17.755149", "nearest_km": 21.809226791013113, "n_points": 5, "weight_sum": 0.0029318774353376998, "confidence": "High", "flagged": false }, "geometry": { "type": "Polygon", "coordinates": [ [ [ -117.39219933072151, 53.352951136779986 ], [ -117.342199330721513, 53.352951136779986 ], [ -117.342199330721513, 53.402951136779983 ], [ -117.39219933072151, 53.402951136779983 ], [ -117.39219933072151, 53.352951136779986 ] ] ] } },
{ "type": "Feature", "properties": { "value": 2, "label": "AQHI 2", "color": "#0099cb", "timestamp": "2026-09-16 17:00:00", "generated_at": "2026-09-16T23:31:17.755149", "nearest_km": 27.267422575297594, "n_points": 5, "weight_sum": 0.0023183381906433298, "confidence": "Medium", "flagged": false }, "geometry": { "type": "Polygon", "coordinates": [ [ [ -117.342199330721513, 53.352951136779986 ], [ -117.292199330721516, 53.352951136779986 ], [ -117.292199330721516, 53.402951136779983 ], [ -117.342199330721513, 53.402951136779983 ], [ -117.342199330721513, 53.352951136779986 ] ] ] } },
{ "type": "Feature", "properties": { "value": 2, "label": "AQHI 2", "color": "#0099cb", "timestamp": "2026-09-16 17:00:00", "generated_at": "2026-09-16T23:31:17.755149", "nearest_km": 32.756484771383008, "n_points": 5, "weight_sum": 0.002092105803359179, "confidence": "Medium", "flagged": false }, "geometry": { "type": "Polygon", "coordinates": [ [ [ -117.292199330721516, 53.352951136779986 ], [ -117.242199330721519, 53.352951136779986 ], [ -117.242199330721519, 53.402951136779983 ], [ -117.292199330721516, 53.402951136779983 ], [ -117.292199330721516, 53.352951136779986 ] ] ] } },
{ "type": "Feature", "properties": { "value": 2, "label": "AQHI 2", "color": "#0099cb", "timestamp": "2026-09-16 17:00:00", "generated_at": "2026-09-16T23:31:17.755149", "nearest_km": 29.66554430657099, "n_points": 5, "weight_sum": 0.0020725034422454198, "confidence": "Medium", "flagged": false }, "geometry": { "type": "Polygon", "coordinates": [ [ [ -117.242199330721519, 53.352951136779986 ], [ -117.192199330721522, 53.352951136779986 ], [ -117.192199330721522, 53.402951136779983 ], [ -117.242199330721519, 53.402951136779983 ], [ -117.242199330721519, 53.352951136779986 ] ] ] } },
{ "type": "Feature", "properties": { "value": 2, "label": "AQHI 2", "color": "#0099cb", "timestamp": "2026-09-16 17:00:00", "generated_at": "2026-09-16T23:31:17.755149", "nearest_km": 26.920087048951899, "n_points": 5, "weight_sum": 0.0021620209824425502, "confidence": "Medium", "flagged": false }, "geometry": { "type": "Polygon", "coordinates": [ [ [ -117.192199330721522, 53.352951136779986 ], [ -117.142199330721525, 53.352951136779986 ], [ -117.142199330721525, 53.402951136779983 ], [ -117.192199330721522, 53.402951136779983 ], [ -117.192199330721522, 53.352951136779986 ] ] ] } },
{ "type": "Feature", "properties": { "value": 2, "label": "AQHI 2", "color": "#0099cb", "timestamp": "2026-09-16 17:00:00", "generated_at": "2026-09-16T23:31:17.755149", "nearest_km": 25.11857190290009, "n_points": 5, "weight_sum": 0.0022668170019083068, "confidence": "Medium", "flagged": false }, "geometry": { "type": "Polygon", "coordinates": [ [ [ -117.142199330721525, 53.352951136779986 ], [ -117.092199330721527, 53.352951136779986 ], [ -117.092199330721527, 53.402951136779983 ], [ -117.142199330721525, 53.402951136779983 ], [ -117.142199330721525, 53.352951136779986 ] ] ] } },
{ "type": "Feature", "properties": { "value": 2, "label": "AQHI 2", "color": "#0099cb", "timestamp": "2026-09-16 17:00:00", "generated_at": "2026-09-16T23:31:17.755149", "nearest_km": 24.470374377176352, "n_points": 5, "weight_sum": 0.0022865548480304723, "confidence": "High", "flagged": false }, "geometry": { "type": "Polygon", "coordinates": [ [ [ -117.092199330721527, 53.352951136779986 ], [ -117.04219933072153, 53.352951136779986 ], [ -117.04219933072153, 53.402951136779983 ], [ -117.092199330721527, 53.402951136779983 ], [ -117.092199330721527, 53.352951136779986 ] ] ] } },
{ "type": "Feature", "properties": { "value": 2, "label": "AQHI 2", "color": "#0099cb", "timestamp": "2026-09-16 17:00:00", "generated_at": "2026-09-16T23:31:17.755149", "nearest_km": 25.065130956712935, "n_points": 5, "weight_sum": 0.0021674117037690141, "confidence": "Medium", "flagged": false }, "geometry": { "type": "Polygon", "coordinates": [ [ [ -117.04219933072153, 53.352951136779986 ], [ -116.992199330721533, 53.352951136779986 ], [ -116.992199330721533, 53.402951136779983 ], [ -117.04219933072153, 53.402951136779983 ], [ -117.04219933072153, 53.352951136779986 ] ] ] } },
{ "type": "Feature", "properties": { "value": 2, "label": "AQHI 2", "color": "#0099cb", "timestamp": "2026-09-16 17:00:00", "generated_at": "2026-09-16T23:31:17.755149", "nearest_km": 26.820278850063474, "n_points": 5, "weight_sum": 0.0019438265345389449, "confidence": "Medium", "flagged": false }, "geometry": { "type": "Polygon", "coordinates": [ [ [ -116.992199330721533, 53.352951136779986 ], [ -116.942199330721536, 53.352951136779986 ], [ -116.942199330721536, 53.402951136779983 ], [ -116.992199330721533, 53.402951136779983 ], [ -116.992199330721533, 53.352951136779986 ] ] ] } },
{ "type": "Feature", "properties": { "value": 2, "label": "AQHI 2", "color": "#0099cb", "timestamp": "2026-09-16 17:00:00", "generated_at": "2026-09-16T23:31:17.755149", "nearest_km": 29.529627923716685, "n_points": 5, "weight_sum": 0.0016941187311075912, "confidence": "Medium", "flagged": false }, "geometry": { "type": "Polygon", "coordinates": [ [ [ -116.942199330721536, 53.352951136779986 ], [ -116.892199330721539, 53.352951136779986 ], [ -116.892199330721539, 53.402951136779983 ], [ -116.942199330721536, 53.402951136779983 ], [ -116.942199330721536, 53.352951136779986 ] ] ] } },
{ "type": "Feature", "properties": { "value": 2, "label": "AQHI 2", "color": "#0099cb", "timestamp": "2026-09-16 17:00:00", "generated_at": "2026-09-16T23:31:17.755149", "nearest_km": 32.958693739757457, "n_points": 5, "weight_sum": 0.0014762534609990474, "confidence": "Medium", "flagged": false }, "geometry": { "type": "Polygon", "coordinates": [ [ [ -116.892199330721539, 53.352951136779986 ], [ -116.842199330721542, 53.352951136779986 ], [ -116.842199330721542, 53.402951136779983 ], [ -116.892199330721539, 53.402951136779983 ], [ -116.892199330721539, 53.352951136779986 ] ] ] } },
{ "type": "Feature", "properties": { "value": 2, "label": "AQHI 2", "color": "#0099cb", "timestamp": "2026-09-16 17:00:00", "generated_at": "2026-09-16T23:31:17.755149", "nearest_km": 36.907412002863317, "n_points": 5, "weight_sum": 0.001313179583162295, "confidence": "Medium", "flagged": false }, "geometry": { "type": "Polygon", "coordinates": [ [ [ -116.842199330721542, 53.352951136779986 ], [ -116.792199330721544, 53.352951136779986 ], [ -116.792199330721544, 53.402951136779983 ], [ -116.842199330721542, 53.402951136779983 ], [ -116.842199330721542, 53.352951136779986 ] ] ] } },
{ "type": "Feature", "properties": { "value": 2, "label": "AQHI 2", "color": "#0099cb", "timestamp": "2026-09-16 17:00:00", "generated_at": "2026-09-16T23:31:17.755149", "nearest_km": 41.226734390041912, "n_points": 4, "weight_sum": 0.0011651817970954677, "confidence": "Medium", "flagged": false }, "geometry": { "type": "Polygon", "coordinates": [ [ [ -116.792199330721544, 53.352951136779986 ], [ -116.742199330721547, 53.352951136779986 ], [ -116.742199330721547, 53.402951136779983 ], [ -116.792199330721544, 53.402951136779983 ], [ -116.792199330721544, 53.352951136779986 ] ] ] } },
{ "type": "Feature", "properties": { "value": 2, "label": "AQHI 2", "color": "#0099cb", "timestamp": "2026-09-16 17:00:00", "generated_at": "2026-09-16T23:31:17.755149", "nearest_km": 45.811954730015863, "n_points": 4, "weight_sum": 0.001115825999562811, "confidence": "Medium", "flagged": false }, "geometry": { "type": "Polygon", "coordinates": [ [ [ -116.742199330721547, 53.352951136779986 ], [ -116.69219933072155, 53.352951136779986 ], [ -116.69219933072155, 53.402951136779983 ], [ -116.742199330721547, 53.402951136779983 ], [ -116.742199330721547, 53.352951136779986 ] ] ] } },
{ "type": "Feature", "properties": { "value": 2, "label": "AQHI 2", "color": "#0099cb", "timestamp": "2026-09-16 17:00:00", "generated_at": "2026-09-16T23:31:17.755149", "nearest_km": 42.640517163311536, "n_points": 4, "weight_sum": 0.0011161525983218578, "confidence": "Medium", "flagged": false }, "geometry": { "type": "Polygon", "coordinates": [ [ [ -116.69219933072155, 53.352951136779986 ], [ -116.642199330721553, 53.352951136779986 ], [ -116.642199330721553, 53.402951136779983 ], [ -116.69219933072155, 53.402951136779983 ], [ -116.69219933072155, 53.352951136779986 ] ] ] } },
{ "type": "Feature", "properties": { "value": 2, "label": "AQHI 2", "color": "#0099cb", "timestamp": "2026-09-16 17:00:00", "generated_at": "2026-09-16T23:31:17.755149", "nearest_km": 38.472057163253822, "n_points": 4, "weight_sum": 0.0011641449916934164, "confidence": "Medium", "flagged": false }, "geometry": { "type": "Polygon", "coordinates": [ [ [ -116.642199330721553, 53.352951136779986 ], [ -116.592199330721556, 53.352951136779986 ], [ -116.592199330721556, 53.402951136779983 ], [ -116.642199330721553, 53.402951136779983 ], [ -116.642199330721553, 53.352951136779986 ] ] ] } },
{ "type": "Feature", "properties": { "value": 2, "label": "AQHI 2", "color": "#0099cb", "timestamp": "2026-09-16 17:00:00", "generated_at": "2026-09-16T23:31:17.755149", "nearest_km": 34.692789752204519, "n_points": 4, "weight_sum": 0.0012574931424864124, "confidence": "Medium", "flagged": false }, "geometry": { "type": "Polygon", "coordinates": [ [ [ -116.592199330721556, 53.352951136779986 ], [ -116.542199330721559, 53.352951136779986 ], [ -116.542199330721559, 53.402951136779983 ], [ -116.592199330721556, 53.402951136779983 ], [ -116.592199330721556, 53.352951136779986 ] ] ] } },
{ "type": "Feature", "properties": { "value": 2, "label": "AQHI 2", "color": "#0099cb", "timestamp": "2026-09-16 17:00:00", "generated_at": "2026-09-16T23:31:17.755149", "nearest_km": 31.44336399319667, "n_points": 4, "weight_sum": 0.0013880531868978962, "confidence": "Medium", "flagged": false }, "geometry": { "type": "Polygon", "coordinates": [ [ [ -116.542199330721559, 53.352951136779986 ], [ -116.492199330721562, 53.352951136779986 ], [ -116.492199330721562, 53.402951136779983 ], [ -116.542199330721559, 53.402951136779983 ], [ -116.542199330721559, 53.352951136779986 ] ] ] } },
{ "type": "Feature", "properties": { "value": 2, "label": "AQHI 2", "color": "#0099cb", "timestamp": "2026-09-16 17:00:00", "generated_at": "2026-09-16T23:31:17.755149", "nearest_km": 28.903038207542124, "n_points": 4, "weight_sum": 0.0015325892515523209, "confidence": "Medium", "flagged": false }, "geometry": { "type": "Polygon", "coordinates": [ [ [ -116.492199330721562, 53.352951136779986 ], [ -116.442199330721564, 53.352951136779986 ], [ -116.442199330721564, 53.402951136779983 ], [ -116.492199330721562, 53.402951136779983 ], [ -116.492199330721562, 53.352951136779986 ] ] ] } },
{ "type": "Feature", "properties": { "value": 2, "label": "AQHI 2", "color": "#0099cb", "timestamp": "2026-09-16 17:00:00", "generated_at": "2026-09-16T23:31:17.755149", "nearest_km": 27.270700321858552, "n_points": 4, "weight_sum": 0.0016459881187193769, "confidence": "Medium", "flagged": false }, "geometry": { "type": "Polygon", "coordinates": [ [ [ -116.442199330721564, 53.352951136779986 ], [ -116.392199330721567, 53.352951136779986 ], [ -116.392199330721567, 53.402951136779983 ], [ -116.442199330721564, 53.402951136779983 ], [ -116.442199330721564, 53.352951136779986 ] ] ] } },
{ "type": "Feature", "properties": { "value": 2, "label": "AQHI 2", "color": "#0099cb", "timestamp": "2026-09-16 17:00:00", "generated_at": "2026-09-16T23:31:17.755149", "nearest_km": 26.713322040932781, "n_points": 4, "weight_sum": 0.0016738425896467987, "confidence": "Medium", "flagged": false }, "geometry": { "type": "Polygon", "coordinates": [ [ [ -116.392199330721567, 53.352951136779986 ], [ -116.34219933072157, 53.352951136779986 ], [ -116.34219933072157, 53.402951136779983 ], [ -116.392199330721567, 53.402951136779983 ], [ -116.392199330721567, 53.352951136779986 ] ] ] } },
{ "type": "Feature", "properties": { "value": 2, "label": "AQHI 2", "color": "#0099cb", "timestamp": "2026-09-16 17:00:00", "generated_at": "2026-09-16T23:31:17.755149", "nearest_km": 27.296832286559319, "n_points": 4, "weight_sum": 0.0015899485059969458, "confidence": "Medium", "flagged": false }, "geometry": { "type": "Polygon", "coordinates": [ [ [ -116.34219933072157, 53.352951136779986 ], [ -116.292199330721573, 53.352951136779986 ], [ -116.292199330721573, 53.402951136779983 ], [ -116.34219933072157, 53.402951136779983 ], [ -116.34219933072157, 53.352951136779986 ] ] ] } },
{ "type": "Feature", "properties": { "value": 2, "label": "AQHI 2", "color": "#0099cb", "timestamp": "2026-09-16 17:00:00", "generated_at": "2026-09-16T23:31:17.755149", "nearest_km": 28.952332052850288, "n_points": 5, "weight_sum": 0.0014665086518658079, "confidence": "Medium", "flagged": false }, "geometry": { "type": "Polygon", "coordinates": [ [ [ -116.292199330721573, 53.352951136779986 ], [ -116.242199330721576, 53.352951136779986 ], [ -116.242199330721576, 53.402951136779983 ], [ -116.292199330721573, 53.402951136779983 ], [ -116.292199330721573, 53.352951136779986 ] ] ] } },
{ "type": "Feature", "properties": { "value": 2, "label": "AQHI 2", "color": "#0099cb", "timestamp": "2026-09-16 17:00:00", "generated_at": "2026-09-16T23:31:17.755149", "nearest_km": 31.5113155821278, "n_points": 5, "weight_sum": 0.0012658654394844316, "confidence": "Medium", "flagged": false }, "geometry": { "type": "Polygon", "coordinates": [ [ [ -116.242199330721576, 53.352951136779986 ], [ -116.192199330721579, 53.352951136779986 ], [ -116.192199330721579, 53.402951136779983 ], [ -116.242199330721576, 53.402951136779983 ], [ -116.242199330721576, 53.352951136779986 ] ] ] } },
{ "type": "Feature", "properties": { "value": 2, "label": "AQHI 2", "color": "#0099cb", "timestamp": "2026-09-16 17:00:00", "generated_at": "2026-09-16T23:31:17.755149", "nearest_km": 34.774897384958471, "n_points": 4, "weight_sum": 0.0010318467332509453, "confidence": "Medium", "flagged": false }, "geometry": { "type": "Polygon", "coordinates": [ [ [ -116.192199330721579, 53.352951136779986 ], [ -116.142199330721581, 53.352951136779986 ], [ -116.142199330721581, 53.402951136779983 ], [ -116.192199330721579, 53.402951136779983 ], [ -116.192199330721579, 53.352951136779986 ] ] ] } },
{ "type": "Feature", "properties": { "value": 2, "label": "AQHI 2", "color": "#0099cb", "timestamp": "2026-09-16 17:00:00", "generated_at": "2026-09-16T23:31:17.755149", "nearest_km": 38.564607693484, "n_points": 4, "weight_sum": 0.0008705431157056536, "confidence": "Medium", "flagged": false }, "geometry": { "type": "Polygon", "coordinates": [ [ [ -116.142199330721581, 53.352951136779986 ], [ -116.092199330721584, 53.352951136779986 ], [ -116.092199330721584, 53.402951136779983 ], [ -116.142199330721581, 53.402951136779983 ], [ -116.142199330721581, 53.352951136779986 ] ] ] } },
{ "type": "Feature", "properties": { "value": 2, "label": "AQHI 2", "color": "#0099cb", "timestamp": "2026-09-16 17:00:00", "generated_at": "2026-09-16T23:31:17.755149", "nearest_km": 42.740723496102085, "n_points": 4, "weight_sum": 0.00074074049287607734, "confidence": "Medium", "flagged": false }, "geometry": { "type": "Polygon", "coordinates": [ [ [ -116.092199330721584, 53.352951136779986 ], [ -116.042199330721587, 53.352951136779986 ], [ -116.042199330721587, 53.402951136779983 ], [ -116.092199330721584, 53.402951136779983 ], [ -116.092199330721584, 53.352951136779986 ] ] ] } },
{ "type": "Feature", "properties": { "value": 2, "label": "AQHI 2", "color": "#0099cb", "timestamp": "2026-09-16 17:00:00", "generated_at": "2026-09-16T23:31:17.755149", "nearest_km": 47.200793673286597, "n_points": 4, "weight_sum": 0.00063921249075568056, "confidence": "Medium", "flagged": false }, "geometry": { "type": "Polygon", "coordinates": [ [ [ -116.042199330721587, 53.352951136779986 ], [ -115.99219933072159, 53.352951136779986 ], [ -115.99219933072159, 53.402951136779983 ], [ -116.042199330721587, 53.402951136779983 ], [ -116.042199330721587, 53.352951136779986 ] ] ] } },
{ "type": "Feature", "properties": { "value": 2, "label": "AQHI 2", "color": "#0099cb", "timestamp": "2026-09-16 17:00:00", "generated_at": "2026-09-16T23:31:17.755149", "nearest_km": 51.871624244919161, "n_points": 4, "weight_sum": 0.00056090816487181243, "confidence": "Medium", "flagged": false }, "geometry": { "type": "Polygon", "coordinates": [ [ [ -115.99219933072159, 53.352951136779986 ], [ -115.942199330721593, 53.352951136779986 ], [ -115.942199330721593, 53.402951136779983 ], [ -115.99219933072159, 53.402951136779983 ], [ -115.99219933072159, 53.352951136779986 ] ] ] } },
{ "type": "Feature", "properties": { "value": 2, "label": "AQHI 2", "color": "#0099cb", "timestamp": "2026-09-16 17:00:00", "generated_at": "2026-09-16T23:31:17.755149", "nearest_km": 56.701154134849773, "n_points": 3, "weight_sum": 0.00045696785217116048, "confidence": "Medium", "flagged": false }, "geometry": { "type": "Polygon", "coordinates": [ [ [ -115.942199330721593, 53.352951136779986 ], [ -115.892199330721596, 53.352951136779986 ], [ -115.892199330721596, 53.402951136779983 ], [ -115.942199330721593, 53.402951136779983 ], [ -115.942199330721593, 53.352951136779986 ] ] ] } },
{ "type": "Feature", "properties": { "value": 2, "label": "AQHI 2", "color": "#0099cb", "timestamp": "2026-09-16 17:00:00", "generated_at": "2026-09-16T23:31:17.755149", "nearest_km": 61.652099385518824, "n_points": 3, "weight_sum": 0.00041392196062401592, "confidence": "Medium", "flagged": false }, "geometry": { "type": "Polygon", "coordinates": [ [ [ -115.892199330721596, 53.352951136779986 ], [ -115.842199330721598, 53.352951136779986 ], [ -115.842199330721598, 53.402951136779983 ], [ -115.892199330721596, 53.402951136779983 ], [ -115.892199330721596, 53.352951136779986 ] ] ] } },
{ "type": "Feature", "properties": { "value": 2, "label": "AQHI 2", "color": "#0099cb", "timestamp": "2026-09-16 17:00:00", "generated_at": "2026-09-16T23:31:17.755149", "nearest_km": 66.697427514558484, "n_points": 3, "weight_sum": 0.00038272815933863694, "confidence": "Medium", "flagged": false }, "geometry": { "type": "Polygon", "coordinates": [ [ [ -115.842199330721598, 53.352951136779986 ], [ -115.792199330721601, 53.352951136779986 ], [ -115.792199330721601, 53.402951136779983 ], [ -115.842199330721598, 53.402951136779983 ], [ -115.842199330721598, 53.352951136779986 ] ] ] } },
{ "type": "Feature", "properties": { "value": 2, "label": "AQHI 2", "color": "#0099cb", "timestamp": "2026-09-16 17:00:00", "generated_at": "2026-09-16T23:31:17.755149", "nearest_km": 71.817249428515908, "n_points": 3, "weight_sum": 0.0003614551421097188, "confidence": "Medium", "flagged": false }, "geometry": { "type": "Polygon", "coordinates": [ [ [ -115.792199330721601, 53.352951136779986 ], [ -115.742199330721604, 53.352951136779986 ], [ -115.742199330721604, 53.402951136779983 ], [ -115.792199330721601, 53.402951136779983 ], [ -115.792199330721601, 53.352951136779986 ] ] ] } },
{ "type": "Feature", "properties": { "value": 2, "label": "AQHI 2", "color": "#0099cb", "timestamp": "2026-09-16 17:00:00", "generated_at": "2026-09-16T23:31:17.755149", "nearest_km": 76.996706383426201, "n_points": 2, "weight_sum": 0.0003054460113314216, "confidence": "Low", "flagged": false }, "geometry": { "type": "Polygon", "coordinates": [ [ [ -115.742199330721604, 53.352951136779986 ], [ -115.692199330721607, 53.352951136779986 ], [ -115.692199330721607, 53.402951136779983 ], [ -115.742199330721604, 53.402951136779983 ], [ -115.742199330721604, 53.352951136779986 ] ] ] } },
{ "type": "Feature", "properties": { "value": 2, "label": "AQHI 2", "color": "#0099cb", "timestamp": "2026-09-16 17:00:00", "generated_at": "2026-09-16T23:31:17.755149", "nearest_km": 80.046799227838875, "n_points": 2, "weight_sum": 0.00030397723754813582, "confidence": "Low", "flagged": false }, "geometry": { "type": "Polygon", "coordinates": [ [ [ -115.692199330721607, 53.352951136779986 ], [ -115.64219933072161, 53.352951136779986 ], [ -115.64219933072161, 53.402951136779983 ], [ -115.692199330721607, 53.402951136779983 ], [ -115.692199330721607, 53.352951136779986 ] ] ] } },
{ "type": "Feature", "properties": { "value": 2, "label": "AQHI 2", "color": "#0099cb", "timestamp": "2026-09-16 17:00:00", "generated_at": "2026-09-16T23:31:17.755149", "nearest_km": 74.598865728909701, "n_points": 2, "weight_sum": 0.0003103308007286347, "confidence": "Medium", "flagged": false }, "geometry": { "type": "Polygon", "coordinates": [ [ [ -115.64219933072161, 53.352951136779986 ], [ -115.592199330721613, 53.352951136779986 ], [ -115.592199330721613, 53.402951136779983 ], [ -115.64219933072161, 53.402951136779983 ], [ -115.64219933072161, 53.352951136779986 ] ] ] } },
{ "type": "Feature", "properties": { "value": 2, "label": "AQHI 2", "color": "#0099cb", "timestamp": "2026-09-16 17:00:00", "generated_at": "2026-09-16T23:31:17.755149", "nearest_km": 69.167163231246093, "n_points": 2, "weight_sum": 0.00032516384437586372, "confidence": "Medium", "flagged": false }, "geometry": { "type": "Polygon", "coordinates": [ [ [ -115.592199330721613, 53.352951136779986 ], [ -115.542199330721616, 53.352951136779986 ], [ -115.542199330721616, 53.402951136779983 ], [ -115.592199330721613, 53.402951136779983 ], [ -115.592199330721613, 53.352951136779986 ] ] ] } },
{ "type": "Feature", "properties": { "value": 2, "label": "AQHI 2", "color": "#0099cb", "timestamp": "2026-09-16 17:00:00", "generated_at": "2026-09-16T23:31:17.755149", "nearest_km": 63.755840288367146, "n_points": 3, "weight_sum": 0.00039490367728489635, "confidence": "Medium", "flagged": false }, "geometry": { "type": "Polygon", "coordinates": [ [ [ -115.542199330721616, 53.352951136779986 ], [ -115.492199330721618, 53.352951136779986 ], [ -115.492199330721618, 53.402951136779983 ], [ -115.542199330721616, 53.402951136779983 ], [ -115.542199330721616, 53.352951136779986 ] ] ] } },
{ "type": "Feature", "properties": { "value": 2, "label": "AQHI 2", "color": "#0099cb", "timestamp": "2026-09-16 17:00:00", "generated_at": "2026-09-16T23:31:17.755149", "nearest_km": 58.370565118848297, "n_points": 3, "weight_sum": 0.00043547436589270257, "confidence": "Medium", "flagged": false }, "geometry": { "type": "Polygon", "coordinates": [ [ [ -115.492199330721618, 53.352951136779986 ], [ -115.442199330721621, 53.352951136779986 ], [ -115.442199330721621, 53.402951136779983 ], [ -115.492199330721618, 53.402951136779983 ], [ -115.492199330721618, 53.352951136779986 ] ] ] } },
{ "type": "Feature", "properties": { "value": 2, "label": "AQHI 2", "color": "#0099cb", "timestamp": "2026-09-16 17:00:00", "generated_at": "2026-09-16T23:31:17.755149", "nearest_km": 53.01927549214183, "n_points": 3, "weight_sum": 0.00049270455246241593, "confidence": "Medium", "flagged": false }, "geometry": { "type": "Polygon", "coordinates": [ [ [ -115.442199330721621, 53.352951136779986 ], [ -115.392199330721624, 53.352951136779986 ], [ -115.392199330721624, 53.402951136779983 ], [ -115.442199330721621, 53.402951136779983 ], [ -115.442199330721621, 53.352951136779986 ] ] ] } },
{ "type": "Feature", "properties": { "value": 2, "label": "AQHI 2", "color": "#0099cb", "timestamp": "2026-09-16 17:00:00", "generated_at": "2026-09-16T23:31:17.755149", "nearest_km": 47.713407708206574, "n_points": 3, "weight_sum": 0.00057294176334058301, "confidence": "Medium", "flagged": false }, "geometry": { "type": "Polygon", "coordinates": [ [ [ -115.392199330721624, 53.352951136779986 ], [ -115.342199330721627, 53.352951136779986 ], [ -115.342199330721627, 53.402951136779983 ], [ -115.392199330721624, 53.402951136779983 ], [ -115.392199330721624, 53.352951136779986 ] ] ] } },
{ "type": "Feature", "properties": { "value": 2, "label": "AQHI 2", "color": "#0099cb", "timestamp": "2026-09-16 17:00:00", "generated_at": "2026-09-16T23:31:17.755149", "nearest_km": 42.469989128176799, "n_points": 3, "weight_sum": 0.00068643147923551796, "confidence": "Medium", "flagged": false }, "geometry": { "type": "Polygon", "coordinates": [ [ [ -115.342199330721627, 53.352951136779986 ], [ -115.29219933072163, 53.352951136779986 ], [ -115.29219933072163, 53.402951136779983 ], [ -115.342199330721627, 53.402951136779983 ], [ -115.342199330721627, 53.352951136779986 ] ] ] } },
{ "type": "Feature", "properties": { "value": 2, "label": "AQHI 2", "color": "#0099cb", "timestamp": "2026-09-16 17:00:00", "generated_at": "2026-09-16T23:31:17.755149", "nearest_km": 37.315354453165213, "n_points": 3, "weight_sum": 0.00085007214750190208, "confidence": "Medium", "flagged": false }, "geometry": { "type": "Polygon", "coordinates": [ [ [ -115.29219933072163, 53.352951136779986 ], [ -115.242199330721633, 53.352951136779986 ], [ -115.242199330721633, 53.402951136779983 ], [ -115.29219933072163, 53.402951136779983 ], [ -115.29219933072163, 53.352951136779986 ] ] ] } },
{ "type": "Feature", "properties": { "value": 2, "label": "AQHI 2", "color": "#0099cb", "timestamp": "2026-09-16 17:00:00", "generated_at": "2026-09-16T23:31:17.755149", "nearest_km": 32.292048237658321, "n_points": 3, "weight_sum": 0.0010923413462619156, "confidence": "Medium", "flagged": false }, "geometry": { "type": "Polygon", "coordinates": [ [ [ -115.242199330721633, 53.352951136779986 ], [ -115.192199330721635, 53.352951136779986 ], [ -115.192199330721635, 53.402951136779983 ], [ -115.242199330721633, 53.402951136779983 ], [ -115.242199330721633, 53.352951136779986 ] ] ] } },
{ "type": "Feature", "properties": { "value": 2, "label": "AQHI 2", "color": "#0099cb", "timestamp": "2026-09-16 17:00:00", "generated_at": "2026-09-16T23:31:17.755149", "nearest_km": 27.472205604958976, "n_points": 3, "weight_sum": 0.0014614448945563917, "confidence": "Medium", "flagged": false }, "geometry": { "type": "Polygon", "coordinates": [ [ [ -115.192199330721635, 53.352951136779986 ], [ -115.142199330721638, 53.352951136779986 ], [ -115.142199330721638, 53.402951136779983 ], [ -115.192199330721635, 53.402951136779983 ], [ -115.192199330721635, 53.352951136779986 ] ] ] } },
{ "type": "Feature", "properties": { "value": 2, "label": "AQHI 2", "color": "#0099cb", "timestamp": "2026-09-16 17:00:00", "generated_at": "2026-09-16T23:31:17.755149", "nearest_km": 22.98418548086967, "n_points": 3, "weight_sum": 0.002034275169341911, "confidence": "High", "flagged": false }, "geometry": { "type": "Polygon", "coordinates": [ [ [ -115.142199330721638, 53.352951136779986 ], [ -115.092199330721641, 53.352951136779986 ], [ -115.092199330721641, 53.402951136779983 ], [ -115.142199330721638, 53.402951136779983 ], [ -115.142199330721638, 53.352951136779986 ] ] ] } },
{ "type": "Feature", "properties": { "value": 2, "label": "AQHI 2", "color": "#0099cb", "timestamp": "2026-09-16 17:00:00", "generated_at": "2026-09-16T23:31:17.755149", "nearest_km": 19.063800346124424, "n_points": 4, "weight_sum": 0.0029449734967894295, "confidence": "High", "flagged": false }, "geometry": { "type": "Polygon", "coordinates": [ [ [ -115.092199330721641, 53.352951136779986 ], [ -115.042199330721644, 53.352951136779986 ], [ -115.042199330721644, 53.402951136779983 ], [ -115.092199330721641, 53.402951136779983 ], [ -115.092199330721641, 53.352951136779986 ] ] ] } },
{ "type": "Feature", "properties": { "value": 2, "label": "AQHI 2", "color": "#0099cb", "timestamp": "2026-09-16 17:00:00", "generated_at": "2026-09-16T23:31:17.755149", "nearest_km": 16.130380809353522, "n_points": 3, "weight_sum": 0.0040063271370868207, "confidence": "High", "flagged": false }, "geometry": { "type": "Polygon", "coordinates": [ [ [ -115.042199330721644, 53.352951136779986 ], [ -114.992199330721647, 53.352951136779986 ], [ -114.992199330721647, 53.402951136779983 ], [ -115.042199330721644, 53.402951136779983 ], [ -115.042199330721644, 53.352951136779986 ] ] ] } },
{ "type": "Feature", "properties": { "value": 2, "label": "AQHI 2", "color": "#0099cb", "timestamp": "2026-09-16 17:00:00", "generated_at": "2026-09-16T23:31:17.755149", "nearest_km": 67.586607762248832, "n_points": 3, "weight_sum": 0.00038929885622738408, "confidence": "Medium", "flagged": false }, "geometry": { "type": "Polygon", "coordinates": [ [ [ -118.392199330721454, 53.402951136779983 ], [ -118.342199330721456, 53.402951136779983 ], [ -118.342199330721456, 53.45295113677998 ], [ -118.392199330721454, 53.45295113677998 ], [ -118.392199330721454, 53.402951136779983 ] ] ] } },
{ "type": "Feature", "properties": { "value": 2, "label": "AQHI 2", "color": "#0099cb", "timestamp": "2026-09-16 17:00:00", "generated_at": "2026-09-16T23:31:17.755149", "nearest_km": 65.024506744966516, "n_points": 3, "weight_sum": 0.00042743235233116809, "confidence": "Medium", "flagged": false }, "geometry": { "type": "Polygon", "coordinates": [ [ [ -118.342199330721456, 53.402951136779983 ], [ -118.292199330721459, 53.402951136779983 ], [ -118.292199330721459, 53.45295113677998 ], [ -118.342199330721456, 53.45295113677998 ], [ -118.342199330721456, 53.402951136779983 ] ] ] } },
{ "type": "Feature", "properties": { "value": 2, "label": "AQHI 2", "color": "#0099cb", "timestamp": "2026-09-16 17:00:00", "generated_at": "2026-09-16T23:31:17.755149", "nearest_km": 62.849251435831043, "n_points": 3, "weight_sum": 0.00046877716751126568, "confidence": "Medium", "flagged": false }, "geometry": { "type": "Polygon", "coordinates": [ [ [ -118.292199330721459, 53.402951136779983 ], [ -118.242199330721462, 53.402951136779983 ], [ -118.242199330721462, 53.45295113677998 ], [ -118.292199330721459, 53.45295113677998 ], [ -118.292199330721459, 53.402951136779983 ] ] ] } },
{ "type": "Feature", "properties": { "value": 2, "label": "AQHI 2", "color": "#0099cb", "timestamp": "2026-09-16 17:00:00", "generated_at": "2026-09-16T23:31:17.755149", "nearest_km": 61.102171276170033, "n_points": 3, "weight_sum": 0.00051354216097890411, "confidence": "Medium", "flagged": false }, "geometry": { "type": "Polygon", "coordinates": [ [ [ -118.242199330721462, 53.402951136779983 ], [ -118.192199330721465, 53.402951136779983 ], [ -118.192199330721465, 53.45295113677998 ], [ -118.242199330721462, 53.45295113677998 ], [ -118.242199330721462, 53.402951136779983 ] ] ] } },
{ "type": "Feature", "properties": { "value": 2, "label": "AQHI 2", "color": "#0099cb", "timestamp": "2026-09-16 17:00:00", "generated_at": "2026-09-16T23:31:17.755149", "nearest_km": 59.820792900800967, "n_points": 3, "weight_sum": 0.00056236990629842027, "confidence": "Medium", "flagged": false }, "geometry": { "type": "Polygon", "coordinates": [ [ [ -118.192199330721465, 53.402951136779983 ], [ -118.142199330721468, 53.402951136779983 ], [ -118.142199330721468, 53.45295113677998 ], [ -118.192199330721465, 53.45295113677998 ], [ -118.192199330721465, 53.402951136779983 ] ] ] } },
{ "type": "Feature", "properties": { "value": 2, "label": "AQHI 2", "color": "#0099cb", "timestamp": "2026-09-16 17:00:00", "generated_at": "2026-09-16T23:31:17.755149", "nearest_km": 59.035448604195544, "n_points": 3, "weight_sum": 0.00061679325934496632, "confidence": "Medium", "flagged": false }, "geometry": { "type": "Polygon", "coordinates": [ [ [ -118.142199330721468, 53.402951136779983 ], [ -118.092199330721471, 53.402951136779983 ], [ -118.092199330721471, 53.45295113677998 ], [ -118.142199330721468, 53.45295113677998 ], [ -118.142199330721468, 53.402951136779983 ] ] ] } },
{ "type": "Feature", "properties": { "value": 2, "label": "AQHI 2", "color": "#0099cb", "timestamp": "2026-09-16 17:00:00", "generated_at": "2026-09-16T23:31:17.755149", "nearest_km": 56.353978366266766, "n_points": 3, "weight_sum": 0.00067992718633244327, "confidence": "Medium", "flagged": false }, "geometry": { "type": "Polygon", "coordinates": [ [ [ -118.092199330721471, 53.402951136779983 ], [ -118.042199330721473, 53.402951136779983 ], [ -118.042199330721473, 53.45295113677998 ], [ -118.092199330721471, 53.45295113677998 ], [ -118.092199330721471, 53.402951136779983 ] ] ] } },
{ "type": "Feature", "properties": { "value": 2, "label": "AQHI 2", "color": "#0099cb", "timestamp": "2026-09-16 17:00:00", "generated_at": "2026-09-16T23:31:17.755149", "nearest_km": 50.805224518584367, "n_points": 3, "weight_sum": 0.00075751644757960691, "confidence": "Medium", "flagged": false }, "geometry": { "type": "Polygon", "coordinates": [ [ [ -118.042199330721473, 53.402951136779983 ], [ -117.992199330721476, 53.402951136779983 ], [ -117.992199330721476, 53.45295113677998 ], [ -118.042199330721473, 53.45295113677998 ], [ -118.042199330721473, 53.402951136779983 ] ] ] } },
{ "type": "Feature", "properties": { "value": 2, "label": "AQHI 2", "color": "#0099cb", "timestamp": "2026-09-16 17:00:00", "generated_at": "2026-09-16T23:31:17.755149", "nearest_km": 45.256776277833382, "n_points": 3, "weight_sum": 0.0008596744186539359, "confidence": "Medium", "flagged": false }, "geometry": { "type": "Polygon", "coordinates": [ [ [ -117.992199330721476, 53.402951136779983 ], [ -117.942199330721479, 53.402951136779983 ], [ -117.942199330721479, 53.45295113677998 ], [ -117.992199330721476, 53.45295113677998 ], [ -117.992199330721476, 53.402951136779983 ] ] ] } },
{ "type": "Feature", "properties": { "value": 2, "label": "AQHI 2", "color": "#0099cb", "timestamp": "2026-09-16 17:00:00", "generated_at": "2026-09-16T23:31:17.755149", "nearest_km": 39.708761750273091, "n_points": 3, "weight_sum": 0.0010042233023236766, "confidence": "Medium", "flagged": false }, "geometry": { "type": "Polygon", "coordinates": [ [ [ -117.942199330721479, 53.402951136779983 ], [ -117.892199330721482, 53.402951136779983 ], [ -117.892199330721482, 53.45295113677998 ], [ -117.942199330721479, 53.45295113677998 ], [ -117.942199330721479, 53.402951136779983 ] ] ] } },
{ "type": "Feature", "properties": { "value": 2, "label": "AQHI 2", "color": "#0099cb", "timestamp": "2026-09-16 17:00:00", "generated_at": "2026-09-16T23:31:17.755149", "nearest_km": 34.161392249409758, "n_points": 3, "weight_sum": 0.0012240725196217151, "confidence": "Medium", "flagged": false }, "geometry": { "type": "Polygon", "coordinates": [ [ [ -117.892199330721482, 53.402951136779983 ], [ -117.842199330721485, 53.402951136779983 ], [ -117.842199330721485, 53.45295113677998 ], [ -117.892199330721482, 53.45295113677998 ], [ -117.892199330721482, 53.402951136779983 ] ] ] } },
{ "type": "Feature", "properties": { "value": 2, "label": "AQHI 2", "color": "#0099cb", "timestamp": "2026-09-16 17:00:00", "generated_at": "2026-09-16T23:31:17.755149", "nearest_km": 28.615042916202448, "n_points": 3, "weight_sum": 0.0015856588889858138, "confidence": "Medium", "flagged": false }, "geometry": { "type": "Polygon", "coordinates": [ [ [ -117.842199330721485, 53.402951136779983 ], [ -117.792199330721488, 53.402951136779983 ], [ -117.792199330721488, 53.45295113677998 ], [ -117.842199330721485, 53.45295113677998 ], [ -117.842199330721485, 53.402951136779983 ] ] ] } },
{ "type": "Feature", "properties": { "value": 2, "label": "AQHI 2", "color": "#0099cb", "timestamp": "2026-09-16 17:00:00", "generated_at": "2026-09-16T23:31:17.755149", "nearest_km": 23.070449535589365, "n_points": 3, "weight_sum": 0.0022420219793280165, "confidence": "High", "flagged": false }, "geometry": { "type": "Polygon", "coordinates": [ [ [ -117.792199330721488, 53.402951136779983 ], [ -117.74219933072149, 53.402951136779983 ], [ -117.74219933072149, 53.45295113677998 ], [ -117.792199330721488, 53.45295113677998 ], [ -117.792199330721488, 53.402951136779983 ] ] ] } },
{ "type": "Feature", "properties": { "value": 2, "label": "AQHI 2", "color": "#0099cb", "timestamp": "2026-09-16 17:00:00", "generated_at": "2026-09-16T23:31:17.755149", "nearest_km": 17.529278435013698, "n_points": 3, "weight_sum": 0.0036194587577735304, "confidence": "High", "flagged": false }, "geometry": { "type": "Polygon", "coordinates": [ [ [ -117.74219933072149, 53.402951136779983 ], [ -117.692199330721493, 53.402951136779983 ], [ -117.692199330721493, 53.45295113677998 ], [ -117.74219933072149, 53.45295113677998 ], [ -117.74219933072149, 53.402951136779983 ] ] ] } },
{ "type": "Feature", "properties": { "value": 2, "label": "AQHI 2", "color": "#0099cb", "timestamp": "2026-09-16 17:00:00", "generated_at": "2026-09-16T23:31:17.755149", "nearest_km": 11.996272884954315, "n_points": 5, "weight_sum": 0.0074132254229785262, "confidence": "High", "flagged": false }, "geometry": { "type": "Polygon", "coordinates": [ [ [ -117.692199330721493, 53.402951136779983 ], [ -117.642199330721496, 53.402951136779983 ], [ -117.642199330721496, 53.45295113677998 ], [ -117.692199330721493, 53.45295113677998 ], [ -117.692199330721493, 53.402951136779983 ] ] ] } },
{ "type": "Feature", "properties": { "value": 2, "label": "AQHI 2", "color": "#0099cb", "timestamp": "2026-09-16 17:00:00", "generated_at": "2026-09-16T23:31:17.755149", "nearest_km": 6.4923434758442164, "n_points": 5, "weight_sum": 0.024207382722361431, "confidence": "High", "flagged": false }, "geometry": { "type": "Polygon", "coordinates": [ [ [ -117.642199330721496, 53.402951136779983 ], [ -117.592199330721499, 53.402951136779983 ], [ -117.592199330721499, 53.45295113677998 ], [ -117.642199330721496, 53.45295113677998 ], [ -117.642199330721496, 53.402951136779983 ] ] ] } },
{ "type": "Feature", "properties": { "value": 2, "label": "AQHI 2", "color": "#0099cb", "timestamp": "2026-09-16 17:00:00", "generated_at": "2026-09-16T23:31:17.755149", "nearest_km": 1.4126161850894943, "n_points": 5, "weight_sum": 0.50164084888828142, "confidence": "High", "flagged": false }, "geometry": { "type": "Polygon", "coordinates": [ [ [ -117.592199330721499, 53.402951136779983 ], [ -117.542199330721502, 53.402951136779983 ], [ -117.542199330721502, 53.45295113677998 ], [ -117.592199330721499, 53.45295113677998 ], [ -117.592199330721499, 53.402951136779983 ] ] ] } },
{ "type": "Feature", "properties": { "value": 2, "label": "AQHI 2", "color": "#0099cb", "timestamp": "2026-09-16 17:00:00", "generated_at": "2026-09-16T23:31:17.755149", "nearest_km": 4.8420496862805544, "n_points": 5, "weight_sum": 0.043198187710155558, "confidence": "High", "flagged": false }, "geometry": { "type": "Polygon", "coordinates": [ [ [ -117.542199330721502, 53.402951136779983 ], [ -117.492199330721505, 53.402951136779983 ], [ -117.492199330721505, 53.45295113677998 ], [ -117.542199330721502, 53.45295113677998 ], [ -117.542199330721502, 53.402951136779983 ] ] ] } },
{ "type": "Feature", "properties": { "value": 2, "label": "AQHI 2", "color": "#0099cb", "timestamp": "2026-09-16 17:00:00", "generated_at": "2026-09-16T23:31:17.755149", "nearest_km": 10.319903383386661, "n_points": 5, "weight_sum": 0.0099845113475278031, "confidence": "High", "flagged": false }, "geometry": { "type": "Polygon", "coordinates": [ [ [ -117.492199330721505, 53.402951136779983 ], [ -117.442199330721508, 53.402951136779983 ], [ -117.442199330721508, 53.45295113677998 ], [ -117.492199330721505, 53.45295113677998 ], [ -117.492199330721505, 53.402951136779983 ] ] ] } },
{ "type": "Feature", "properties": { "value": 2, "label": "AQHI 2", "color": "#0099cb", "timestamp": "2026-09-16 17:00:00", "generated_at": "2026-09-16T23:31:17.755149", "nearest_km": 15.848039832119749, "n_points": 5, "weight_sum": 0.0046403273882403466, "confidence": "High", "flagged": false }, "geometry": { "type": "Polygon", "coordinates": [ [ [ -117.442199330721508, 53.402951136779983 ], [ -117.39219933072151, 53.402951136779983 ], [ -117.39219933072151, 53.45295113677998 ], [ -117.442199330721508, 53.45295113677998 ], [ -117.442199330721508, 53.402951136779983 ] ] ] } },
{ "type": "Feature", "properties": { "value": 2, "label": "AQHI 2", "color": "#0099cb", "timestamp": "2026-09-16 17:00:00", "generated_at": "2026-09-16T23:31:17.755149", "nearest_km": 21.387503996457045, "n_points": 5, "weight_sum": 0.0029268340811988815, "confidence": "High", "flagged": false }, "geometry": { "type": "Polygon", "coordinates": [ [ [ -117.39219933072151, 53.402951136779983 ], [ -117.342199330721513, 53.402951136779983 ], [ -117.342199330721513, 53.45295113677998 ], [ -117.39219933072151, 53.45295113677998 ], [ -117.39219933072151, 53.402951136779983 ] ] ] } },
{ "type": "Feature", "properties": { "value": 2, "label": "AQHI 2", "color": "#0099cb", "timestamp": "2026-09-16 17:00:00", "generated_at": "2026-09-16T23:31:17.755149", "nearest_km": 26.93130683566007, "n_points": 5, "weight_sum": 0.0022216444025032044, "confidence": "Medium", "flagged": false }, "geometry": { "type": "Polygon", "coordinates": [ [ [ -117.342199330721513, 53.402951136779983 ], [ -117.292199330721516, 53.402951136779983 ], [ -117.292199330721516, 53.45295113677998 ], [ -117.342199330721513, 53.45295113677998 ], [ -117.342199330721513, 53.402951136779983 ] ] ] } },
{ "type": "Feature", "properties": { "value": 2, "label": "AQHI 2", "color": "#0099cb", "timestamp": "2026-09-16 17:00:00", "generated_at": "2026-09-16T23:31:17.755149", "nearest_km": 32.477226614267252, "n_points": 5, "weight_sum": 0.0019136044510166439, "confidence": "Medium", "flagged": false }, "geometry": { "type": "Polygon", "coordinates": [ [ [ -117.292199330721516, 53.402951136779983 ], [ -117.242199330721519, 53.402951136779983 ], [ -117.242199330721519, 53.45295113677998 ], [ -117.292199330721516, 53.45295113677998 ], [ -117.292199330721516, 53.402951136779983 ] ] ] } },
{ "type": "Feature", "properties": { "value": 2, "label": "AQHI 2", "color": "#0099cb", "timestamp": "2026-09-16 17:00:00", "generated_at": "2026-09-16T23:31:17.755149", "nearest_km": 34.386986850140381, "n_points": 5, "weight_sum": 0.0017946877610413665, "confidence": "Medium", "flagged": false }, "geometry": { "type": "Polygon", "coordinates": [ [ [ -117.242199330721519, 53.402951136779983 ], [ -117.192199330721522, 53.402951136779983 ], [ -117.192199330721522, 53.45295113677998 ], [ -117.242199330721519, 53.45295113677998 ], [ -117.242199330721519, 53.402951136779983 ] ] ] } },
{ "type": "Feature", "properties": { "value": 2, "label": "AQHI 2", "color": "#0099cb", "timestamp": "2026-09-16 17:00:00", "generated_at": "2026-09-16T23:31:17.755149", "nearest_km": 32.048579256337533, "n_points": 5, "weight_sum": 0.0017667478112605582, "confidence": "Medium", "flagged": false }, "geometry": { "type": "Polygon", "coordinates": [ [ [ -117.192199330721522, 53.402951136779983 ], [ -117.142199330721525, 53.402951136779983 ], [ -117.142199330721525, 53.45295113677998 ], [ -117.192199330721522, 53.45295113677998 ], [ -117.192199330721522, 53.402951136779983 ] ] ] } },
{ "type": "Feature", "properties": { "value": 2, "label": "AQHI 2", "color": "#0099cb", "timestamp": "2026-09-16 17:00:00", "generated_at": "2026-09-16T23:31:17.755149", "nearest_km": 30.550990165095513, "n_points": 5, "weight_sum": 0.0017643401290209785, "confidence": "Medium", "flagged": false }, "geometry": { "type": "Polygon", "coordinates": [ [ [ -117.142199330721525, 53.402951136779983 ], [ -117.092199330721527, 53.402951136779983 ], [ -117.092199330721527, 53.45295113677998 ], [ -117.142199330721525, 53.45295113677998 ], [ -117.142199330721525, 53.402951136779983 ] ] ] } },
{ "type": "Feature", "properties": { "value": 2, "label": "AQHI 2", "color": "#0099cb", "timestamp": "2026-09-16 17:00:00", "generated_at": "2026-09-16T23:31:17.755149", "nearest_km": 30.020319248565126, "n_points": 5, "weight_sum": 0.0017383071882896162, "confidence": "Medium", "flagged": false }, "geometry": { "type": "Polygon", "coordinates": [ [ [ -117.092199330721527, 53.402951136779983 ], [ -117.04219933072153, 53.402951136779983 ], [ -117.04219933072153, 53.45295113677998 ], [ -117.092199330721527, 53.45295113677998 ], [ -117.092199330721527, 53.402951136779983 ] ] ] } },
{ "type": "Feature", "properties": { "value": 2, "label": "AQHI 2", "color": "#0099cb", "timestamp": "2026-09-16 17:00:00", "generated_at": "2026-09-16T23:31:17.755149", "nearest_km": 30.507066976419903, "n_points": 5, "weight_sum": 0.0016642787121665288, "confidence": "Medium", "flagged": false }, "geometry": { "type": "Polygon", "coordinates": [ [ [ -117.04219933072153, 53.402951136779983 ], [ -116.992199330721533, 53.402951136779983 ], [ -116.992199330721533, 53.45295113677998 ], [ -117.04219933072153, 53.45295113677998 ], [ -117.04219933072153, 53.402951136779983 ] ] ] } },
{ "type": "Feature", "properties": { "value": 2, "label": "AQHI 2", "color": "#0099cb", "timestamp": "2026-09-16 17:00:00", "generated_at": "2026-09-16T23:31:17.755149", "nearest_km": 31.964788490177174, "n_points": 5, "weight_sum": 0.0015492524701471132, "confidence": "Medium", "flagged": false }, "geometry": { "type": "Polygon", "coordinates": [ [ [ -116.992199330721533, 53.402951136779983 ], [ -116.942199330721536, 53.402951136779983 ], [ -116.942199330721536, 53.45295113677998 ], [ -116.992199330721533, 53.45295113677998 ], [ -116.992199330721533, 53.402951136779983 ] ] ] } },
{ "type": "Feature", "properties": { "value": 2, "label": "AQHI 2", "color": "#0099cb", "timestamp": "2026-09-16 17:00:00", "generated_at": "2026-09-16T23:31:17.755149", "nearest_km": 34.269801151155647, "n_points": 5, "weight_sum": 0.0014197067010595786, "confidence": "Medium", "flagged": false }, "geometry": { "type": "Polygon", "coordinates": [ [ [ -116.942199330721536, 53.402951136779983 ], [ -116.892199330721539, 53.402951136779983 ], [ -116.892199330721539, 53.45295113677998 ], [ -116.942199330721536, 53.45295113677998 ], [ -116.942199330721536, 53.402951136779983 ] ] ] } },
{ "type": "Feature", "properties": { "value": 2, "label": "AQHI 2", "color": "#0099cb", "timestamp": "2026-09-16 17:00:00", "generated_at": "2026-09-16T23:31:17.755149", "nearest_km": 37.265209494349129, "n_points": 5, "weight_sum": 0.0013024096051192121, "confidence": "Medium", "flagged": false }, "geometry": { "type": "Polygon", "coordinates": [ [ [ -116.892199330721539, 53.402951136779983 ], [ -116.842199330721542, 53.402951136779983 ], [ -116.842199330721542, 53.45295113677998 ], [ -116.892199330721539, 53.45295113677998 ], [ -116.892199330721539, 53.402951136779983 ] ] ] } },
{ "type": "Feature", "properties": { "value": 2, "label": "AQHI 2", "color": "#0099cb", "timestamp": "2026-09-16 17:00:00", "generated_at": "2026-09-16T23:31:17.755149", "nearest_km": 40.7992329140598, "n_points": 4, "weight_sum": 0.0011708211802341851, "confidence": "Medium", "flagged": false }, "geometry": { "type": "Polygon", "coordinates": [ [ [ -116.842199330721542, 53.402951136779983 ], [ -116.792199330721544, 53.402951136779983 ], [ -116.792199330721544, 53.45295113677998 ], [ -116.842199330721542, 53.45295113677998 ], [ -116.842199330721542, 53.402951136779983 ] ] ] } },
{ "type": "Feature", "properties": { "value": 2, "label": "AQHI 2", "color": "#0099cb", "timestamp": "2026-09-16 17:00:00", "generated_at": "2026-09-16T23:31:17.755149", "nearest_km": 44.744429531436261, "n_points": 4, "weight_sum": 0.0011254106907603576, "confidence": "Medium", "flagged": false }, "geometry": { "type": "Polygon", "coordinates": [ [ [ -116.792199330721544, 53.402951136779983 ], [ -116.742199330721547, 53.402951136779983 ], [ -116.742199330721547, 53.45295113677998 ], [ -116.792199330721544, 53.45295113677998 ], [ -116.792199330721544, 53.402951136779983 ] ] ] } },
{ "type": "Feature", "properties": { "value": 2, "label": "AQHI 2", "color": "#0099cb", "timestamp": "2026-09-16 17:00:00", "generated_at": "2026-09-16T23:31:17.755149", "nearest_km": 44.183919111632513, "n_points": 4, "weight_sum": 0.0011250657716568233, "confidence": "Medium", "flagged": false }, "geometry": { "type": "Polygon", "coordinates": [ [ [ -116.742199330721547, 53.402951136779983 ], [ -116.69219933072155, 53.402951136779983 ], [ -116.69219933072155, 53.45295113677998 ], [ -116.742199330721547, 53.45295113677998 ], [ -116.742199330721547, 53.402951136779983 ] ] ] } },
{ "type": "Feature", "properties": { "value": 2, "label": "AQHI 2", "color": "#0099cb", "timestamp": "2026-09-16 17:00:00", "generated_at": "2026-09-16T23:31:17.755149", "nearest_km": 39.401766286313816, "n_points": 4, "weight_sum": 0.0011766978318916022, "confidence": "Medium", "flagged": false }, "geometry": { "type": "Polygon", "coordinates": [ [ [ -116.69219933072155, 53.402951136779983 ], [ -116.642199330721553, 53.402951136779983 ], [ -116.642199330721553, 53.45295113677998 ], [ -116.69219933072155, 53.45295113677998 ], [ -116.69219933072155, 53.402951136779983 ] ] ] } },
{ "type": "Feature", "properties": { "value": 2, "label": "AQHI 2", "color": "#0099cb", "timestamp": "2026-09-16 17:00:00", "generated_at": "2026-09-16T23:31:17.755149", "nearest_km": 34.848022395816095, "n_points": 4, "weight_sum": 0.0012904426047690414, "confidence": "Medium", "flagged": false }, "geometry": { "type": "Polygon", "coordinates": [ [ [ -116.642199330721553, 53.402951136779983 ], [ -116.592199330721556, 53.402951136779983 ], [ -116.592199330721556, 53.45295113677998 ], [ -116.642199330721553, 53.45295113677998 ], [ -116.642199330721553, 53.402951136779983 ] ] ] } },
{ "type": "Feature", "properties": { "value": 2, "label": "AQHI 2", "color": "#0099cb", "timestamp": "2026-09-16 17:00:00", "generated_at": "2026-09-16T23:31:17.755149", "nearest_km": 30.624747236790331, "n_points": 4, "weight_sum": 0.0014792712127566642, "confidence": "Medium", "flagged": false }, "geometry": { "type": "Polygon", "coordinates": [ [ [ -116.592199330721556, 53.402951136779983 ], [ -116.542199330721559, 53.402951136779983 ], [ -116.542199330721559, 53.45295113677998 ], [ -116.592199330721556, 53.45295113677998 ], [ -116.592199330721556, 53.402951136779983 ] ] ] } },
{ "type": "Feature", "properties": { "value": 2, "label": "AQHI 2", "color": "#0099cb", "timestamp": "2026-09-16 17:00:00", "generated_at": "2026-09-16T23:31:17.755149", "nearest_km": 26.888113019237462, "n_points": 4, "weight_sum": 0.001751435548980053, "confidence": "Medium", "flagged": false }, "geometry": { "type": "Polygon", "coordinates": [ [ [ -116.542199330721559, 53.402951136779983 ], [ -116.492199330721562, 53.402951136779983 ], [ -116.492199330721562, 53.45295113677998 ], [ -116.542199330721559, 53.45295113677998 ], [ -116.542199330721559, 53.402951136779983 ] ] ] } },
{ "type": "Feature", "properties": { "value": 2, "label": "AQHI 2", "color": "#0099cb", "timestamp": "2026-09-16 17:00:00", "generated_at": "2026-09-16T23:31:17.755149", "nearest_km": 23.867783729397043, "n_points": 4, "weight_sum": 0.0020860986611246609, "confidence": "High", "flagged": false }, "geometry": { "type": "Polygon", "coordinates": [ [ [ -116.492199330721562, 53.402951136779983 ], [ -116.442199330721564, 53.402951136779983 ], [ -116.442199330721564, 53.45295113677998 ], [ -116.492199330721562, 53.45295113677998 ], [ -116.492199330721562, 53.402951136779983 ] ] ] } },
{ "type": "Feature", "properties": { "value": 2, "label": "AQHI 2", "color": "#0099cb", "timestamp": "2026-09-16 17:00:00", "generated_at": "2026-09-16T23:31:17.755149", "nearest_km": 21.862675466905834, "n_points": 4, "weight_sum": 0.0023910200381855409, "confidence": "High", "flagged": false }, "geometry": { "type": "Polygon", "coordinates": [ [ [ -116.442199330721564, 53.402951136779983 ], [ -116.392199330721567, 53.402951136779983 ], [ -116.392199330721567, 53.45295113677998 ], [ -116.442199330721564, 53.45295113677998 ], [ -116.442199330721564, 53.402951136779983 ] ] ] } },
{ "type": "Feature", "properties": { "value": 2, "label": "AQHI 2", "color": "#0099cb", "timestamp": "2026-09-16 17:00:00", "generated_at": "2026-09-16T23:31:17.755149", "nearest_km": 21.163342292492821, "n_points": 4, "weight_sum": 0.0025043103488847315, "confidence": "High", "flagged": false }, "geometry": { "type": "Polygon", "coordinates": [ [ [ -116.392199330721567, 53.402951136779983 ], [ -116.34219933072157, 53.402951136779983 ], [ -116.34219933072157, 53.45295113677998 ], [ -116.392199330721567, 53.45295113677998 ], [ -116.392199330721567, 53.402951136779983 ] ] ] } },
{ "type": "Feature", "properties": { "value": 2, "label": "AQHI 2", "color": "#0099cb", "timestamp": "2026-09-16 17:00:00", "generated_at": "2026-09-16T23:31:17.755149", "nearest_km": 21.895262853119107, "n_points": 4, "weight_sum": 0.002333959447340227, "confidence": "High", "flagged": false }, "geometry": { "type": "Polygon", "coordinates": [ [ [ -116.34219933072157, 53.402951136779983 ], [ -116.292199330721573, 53.402951136779983 ], [ -116.292199330721573, 53.45295113677998 ], [ -116.34219933072157, 53.45295113677998 ], [ -116.34219933072157, 53.402951136779983 ] ] ] } },
{ "type": "Feature", "properties": { "value": 2, "label": "AQHI 2", "color": "#0099cb", "timestamp": "2026-09-16 17:00:00", "generated_at": "2026-09-16T23:31:17.755149", "nearest_km": 23.92745314121694, "n_points": 5, "weight_sum": 0.0020205932992769073, "confidence": "High", "flagged": false }, "geometry": { "type": "Polygon", "coordinates": [ [ [ -116.292199330721573, 53.402951136779983 ], [ -116.242199330721576, 53.402951136779983 ], [ -116.242199330721576, 53.45295113677998 ], [ -116.292199330721573, 53.45295113677998 ], [ -116.292199330721573, 53.402951136779983 ] ] ] } },
{ "type": "Feature", "properties": { "value": 2, "label": "AQHI 2", "color": "#0099cb", "timestamp": "2026-09-16 17:00:00", "generated_at": "2026-09-16T23:31:17.755149", "nearest_km": 26.967545165310849, "n_points": 5, "weight_sum": 0.001634590239245405, "confidence": "Medium", "flagged": false }, "geometry": { "type": "Polygon", "coordinates": [ [ [ -116.242199330721576, 53.402951136779983 ], [ -116.192199330721579, 53.402951136779983 ], [ -116.192199330721579, 53.45295113677998 ], [ -116.242199330721576, 53.45295113677998 ], [ -116.242199330721576, 53.402951136779983 ] ] ] } },
{ "type": "Feature", "properties": { "value": 2, "label": "AQHI 2", "color": "#0099cb", "timestamp": "2026-09-16 17:00:00", "generated_at": "2026-09-16T23:31:17.755149", "nearest_km": 30.717730558441676, "n_points": 4, "weight_sum": 0.0012656115425222706, "confidence": "Medium", "flagged": false }, "geometry": { "type": "Polygon", "coordinates": [ [ [ -116.192199330721579, 53.402951136779983 ], [ -116.142199330721581, 53.402951136779983 ], [ -116.142199330721581, 53.45295113677998 ], [ -116.192199330721579, 53.45295113677998 ], [ -116.192199330721579, 53.402951136779983 ] ] ] } },
{ "type": "Feature", "properties": { "value": 2, "label": "AQHI 2", "color": "#0099cb", "timestamp": "2026-09-16 17:00:00", "generated_at": "2026-09-16T23:31:17.755149", "nearest_km": 34.950170944917502, "n_points": 4, "weight_sum": 0.0010177353413712952, "confidence": "Medium", "flagged": false }, "geometry": { "type": "Polygon", "coordinates": [ [ [ -116.142199330721581, 53.402951136779983 ], [ -116.092199330721584, 53.402951136779983 ], [ -116.092199330721584, 53.45295113677998 ], [ -116.142199330721581, 53.45295113677998 ], [ -116.142199330721581, 53.402951136779983 ] ] ] } },
{ "type": "Feature", "properties": { "value": 2, "label": "AQHI 2", "color": "#0099cb", "timestamp": "2026-09-16 17:00:00", "generated_at": "2026-09-16T23:31:17.755149", "nearest_km": 39.510187641883995, "n_points": 4, "weight_sum": 0.00083476612980912376, "confidence": "Medium", "flagged": false }, "geometry": { "type": "Polygon", "coordinates": [ [ [ -116.092199330721584, 53.402951136779983 ], [ -116.042199330721587, 53.402951136779983 ], [ -116.042199330721587, 53.45295113677998 ], [ -116.092199330721584, 53.45295113677998 ], [ -116.092199330721584, 53.402951136779983 ] ] ] } },
{ "type": "Feature", "properties": { "value": 2, "label": "AQHI 2", "color": "#0099cb", "timestamp": "2026-09-16 17:00:00", "generated_at": "2026-09-16T23:31:17.755149", "nearest_km": 44.296731323143959, "n_points": 4, "weight_sum": 0.00070067317160437629, "confidence": "Medium", "flagged": false }, "geometry": { "type": "Polygon", "coordinates": [ [ [ -116.042199330721587, 53.402951136779983 ], [ -115.99219933072159, 53.402951136779983 ], [ -115.99219933072159, 53.45295113677998 ], [ -116.042199330721587, 53.45295113677998 ], [ -116.042199330721587, 53.402951136779983 ] ] ] } },
{ "type": "Feature", "properties": { "value": 2, "label": "AQHI 2", "color": "#0099cb", "timestamp": "2026-09-16 17:00:00", "generated_at": "2026-09-16T23:31:17.755149", "nearest_km": 49.243790312411129, "n_points": 4, "weight_sum": 0.00060206346741723362, "confidence": "Medium", "flagged": false }, "geometry": { "type": "Polygon", "coordinates": [ [ [ -115.99219933072159, 53.402951136779983 ], [ -115.942199330721593, 53.402951136779983 ], [ -115.942199330721593, 53.45295113677998 ], [ -115.99219933072159, 53.45295113677998 ], [ -115.99219933072159, 53.402951136779983 ] ] ] } },
{ "type": "Feature", "properties": { "value": 2, "label": "AQHI 2", "color": "#0099cb", "timestamp": "2026-09-16 17:00:00", "generated_at": "2026-09-16T23:31:17.755149", "nearest_km": 54.307516632144228, "n_points": 4, "weight_sum": 0.00052922730710622051, "confidence": "Medium", "flagged": false }, "geometry": { "type": "Polygon", "coordinates": [ [ [ -115.942199330721593, 53.402951136779983 ], [ -115.892199330721596, 53.402951136779983 ], [ -115.892199330721596, 53.45295113677998 ], [ -115.942199330721593, 53.45295113677998 ], [ -115.942199330721593, 53.402951136779983 ] ] ] } },
{ "type": "Feature", "properties": { "value": 2, "label": "AQHI 2", "color": "#0099cb", "timestamp": "2026-09-16 17:00:00", "generated_at": "2026-09-16T23:31:17.755149", "nearest_km": 59.458109969696487, "n_points": 3, "weight_sum": 0.00043104077397751646, "confidence": "Medium", "flagged": false }, "geometry": { "type": "Polygon", "coordinates": [ [ [ -115.892199330721596, 53.402951136779983 ], [ -115.842199330721598, 53.402951136779983 ], [ -115.842199330721598, 53.45295113677998 ], [ -115.892199330721596, 53.45295113677998 ], [ -115.892199330721596, 53.402951136779983 ] ] ] } },
{ "type": "Feature", "properties": { "value": 2, "label": "AQHI 2", "color": "#0099cb", "timestamp": "2026-09-16 17:00:00", "generated_at": "2026-09-16T23:31:17.755149", "nearest_km": 64.674819826470426, "n_points": 3, "weight_sum": 0.00039404853741082594, "confidence": "Medium", "flagged": false }, "geometry": { "type": "Polygon", "coordinates": [ [ [ -115.842199330721598, 53.402951136779983 ], [ -115.792199330721601, 53.402951136779983 ], [ -115.792199330721601, 53.45295113677998 ], [ -115.842199330721598, 53.45295113677998 ], [ -115.842199330721598, 53.402951136779983 ] ] ] } },
{ "type": "Feature", "properties": { "value": 2, "label": "AQHI 2", "color": "#0099cb", "timestamp": "2026-09-16 17:00:00", "generated_at": "2026-09-16T23:31:17.755149", "nearest_km": 69.942853802259862, "n_points": 3, "weight_sum": 0.00036855992999818628, "confidence": "Medium", "flagged": false }, "geometry": { "type": "Polygon", "coordinates": [ [ [ -115.792199330721601, 53.402951136779983 ], [ -115.742199330721604, 53.402951136779983 ], [ -115.742199330721604, 53.45295113677998 ], [ -115.792199330721601, 53.45295113677998 ], [ -115.792199330721601, 53.402951136779983 ] ] ] } },
{ "type": "Feature", "properties": { "value": 2, "label": "AQHI 2", "color": "#0099cb", "timestamp": "2026-09-16 17:00:00", "generated_at": "2026-09-16T23:31:17.755149", "nearest_km": 75.251433716721806, "n_points": 2, "weight_sum": 0.00030981608408702643, "confidence": "Low", "flagged": false }, "geometry": { "type": "Polygon", "coordinates": [ [ [ -115.742199330721604, 53.402951136779983 ], [ -115.692199330721607, 53.402951136779983 ], [ -115.692199330721607, 53.45295113677998 ], [ -115.742199330721604, 53.45295113677998 ], [ -115.742199330721604, 53.402951136779983 ] ] ] } },
{ "type": "Feature", "properties": { "value": 2, "label": "AQHI 2", "color": "#0099cb", "timestamp": "2026-09-16 17:00:00", "generated_at": "2026-09-16T23:31:17.755149", "nearest_km": 80.592547762433014, "n_points": 2, "weight_sum": 0.00030542932726096027, "confidence": "Low", "flagged": false }, "geometry": { "type": "Polygon", "coordinates": [ [ [ -115.692199330721607, 53.402951136779983 ], [ -115.64219933072161, 53.402951136779983 ], [ -115.64219933072161, 53.45295113677998 ], [ -115.692199330721607, 53.45295113677998 ], [ -115.692199330721607, 53.402951136779983 ] ] ] } },
{ "type": "Feature", "properties": { "value": 2, "label": "AQHI 2", "color": "#0099cb", "timestamp": "2026-09-16 17:00:00", "generated_at": "2026-09-16T23:31:17.755149", "nearest_km": 75.891589560810402, "n_points": 2, "weight_sum": 0.00030895884599839766, "confidence": "Low", "flagged": false }, "geometry": { "type": "Polygon", "coordinates": [ [ [ -115.64219933072161, 53.402951136779983 ], [ -115.592199330721613, 53.402951136779983 ], [ -115.592199330721613, 53.45295113677998 ], [ -115.64219933072161, 53.45295113677998 ], [ -115.64219933072161, 53.402951136779983 ] ] ] } },
{ "type": "Feature", "properties": { "value": 2, "label": "AQHI 2", "color": "#0099cb", "timestamp": "2026-09-16 17:00:00", "generated_at": "2026-09-16T23:31:17.755149", "nearest_km": 70.559471848111571, "n_points": 2, "weight_sum": 0.00032069414774801619, "confidence": "Medium", "flagged": false }, "geometry": { "type": "Polygon", "coordinates": [ [ [ -115.592199330721613, 53.402951136779983 ], [ -115.542199330721616, 53.402951136779983 ], [ -115.542199330721616, 53.45295113677998 ], [ -115.592199330721613, 53.45295113677998 ], [ -115.592199330721613, 53.402951136779983 ] ] ] } },
{ "type": "Feature", "properties": { "value": 2, "label": "AQHI 2", "color": "#0099cb", "timestamp": "2026-09-16 17:00:00", "generated_at": "2026-09-16T23:31:17.755149", "nearest_km": 65.263694110143561, "n_points": 3, "weight_sum": 0.00038643745966543029, "confidence": "Medium", "flagged": false }, "geometry": { "type": "Polygon", "coordinates": [ [ [ -115.542199330721616, 53.402951136779983 ], [ -115.492199330721618, 53.402951136779983 ], [ -115.492199330721618, 53.45295113677998 ], [ -115.542199330721616, 53.45295113677998 ], [ -115.542199330721616, 53.402951136779983 ] ] ] } },
{ "type": "Feature", "properties": { "value": 2, "label": "AQHI 2", "color": "#0099cb", "timestamp": "2026-09-16 17:00:00", "generated_at": "2026-09-16T23:31:17.755149", "nearest_km": 60.013877314503823, "n_points": 3, "weight_sum": 0.00042179120579113476, "confidence": "Medium", "flagged": false }, "geometry": { "type": "Polygon", "coordinates": [ [ [ -115.492199330721618, 53.402951136779983 ], [ -115.442199330721621, 53.402951136779983 ], [ -115.442199330721621, 53.45295113677998 ], [ -115.492199330721618, 53.45295113677998 ], [ -115.492199330721618, 53.402951136779983 ] ] ] } },
{ "type": "Feature", "properties": { "value": 2, "label": "AQHI 2", "color": "#0099cb", "timestamp": "2026-09-16 17:00:00", "generated_at": "2026-09-16T23:31:17.755149", "nearest_km": 54.823226571757331, "n_points": 3, "weight_sum": 0.00047137327265870695, "confidence": "Medium", "flagged": false }, "geometry": { "type": "Polygon", "coordinates": [ [ [ -115.442199330721621, 53.402951136779983 ], [ -115.392199330721624, 53.402951136779983 ], [ -115.392199330721624, 53.45295113677998 ], [ -115.442199330721621, 53.45295113677998 ], [ -115.442199330721621, 53.402951136779983 ] ] ] } },
{ "type": "Feature", "properties": { "value": 2, "label": "AQHI 2", "color": "#0099cb", "timestamp": "2026-09-16 17:00:00", "generated_at": "2026-09-16T23:31:17.755149", "nearest_km": 49.710279351017078, "n_points": 3, "weight_sum": 0.00053966835332449215, "confidence": "Medium", "flagged": false }, "geometry": { "type": "Polygon", "coordinates": [ [ [ -115.392199330721624, 53.402951136779983 ], [ -115.342199330721627, 53.402951136779983 ], [ -115.342199330721627, 53.45295113677998 ], [ -115.392199330721624, 53.45295113677998 ], [ -115.392199330721624, 53.402951136779983 ] ] ] } },
{ "type": "Feature", "properties": { "value": 2, "label": "AQHI 2", "color": "#0099cb", "timestamp": "2026-09-16 17:00:00", "generated_at": "2026-09-16T23:31:17.755149", "nearest_km": 44.701706618137784, "n_points": 3, "weight_sum": 0.00063343884194168418, "confidence": "Medium", "flagged": false }, "geometry": { "type": "Polygon", "coordinates": [ [ [ -115.342199330721627, 53.402951136779983 ], [ -115.29219933072163, 53.402951136779983 ], [ -115.29219933072163, 53.45295113677998 ], [ -115.342199330721627, 53.45295113677998 ], [ -115.342199330721627, 53.402951136779983 ] ] ] } },
{ "type": "Feature", "properties": { "value": 2, "label": "AQHI 2", "color": "#0099cb", "timestamp": "2026-09-16 17:00:00", "generated_at": "2026-09-16T23:31:17.755149", "nearest_km": 39.836895913110062, "n_points": 3, "weight_sum": 0.0007627357358980317, "confidence": "Medium", "flagged": false }, "geometry": { "type": "Polygon", "coordinates": [ [ [ -115.29219933072163, 53.402951136779983 ], [ -115.242199330721633, 53.402951136779983 ], [ -115.242199330721633, 53.45295113677998 ], [ -115.29219933072163, 53.45295113677998 ], [ -115.29219933072163, 53.402951136779983 ] ] ] } },
{ "type": "Feature", "properties": { "value": 2, "label": "AQHI 2", "color": "#0099cb", "timestamp": "2026-09-16 17:00:00", "generated_at": "2026-09-16T23:31:17.755149", "nearest_km": 35.175545161516119, "n_points": 3, "weight_sum": 0.00094200631859609851, "confidence": "Medium", "flagged": false }, "geometry": { "type": "Polygon", "coordinates": [ [ [ -115.242199330721633, 53.402951136779983 ], [ -115.192199330721635, 53.402951136779983 ], [ -115.192199330721635, 53.45295113677998 ], [ -115.242199330721633, 53.45295113677998 ], [ -115.242199330721633, 53.402951136779983 ] ] ] } },
{ "type": "Feature", "properties": { "value": 2, "label": "AQHI 2", "color": "#0099cb", "timestamp": "2026-09-16 17:00:00", "generated_at": "2026-09-16T23:31:17.755149", "nearest_km": 30.81013922116788, "n_points": 3, "weight_sum": 0.001190098596654521, "confidence": "Medium", "flagged": false }, "geometry": { "type": "Polygon", "coordinates": [ [ [ -115.192199330721635, 53.402951136779983 ], [ -115.142199330721638, 53.402951136779983 ], [ -115.142199330721638, 53.45295113677998 ], [ -115.192199330721635, 53.45295113677998 ], [ -115.192199330721635, 53.402951136779983 ] ] ] } },
{ "type": "Feature", "properties": { "value": 2, "label": "AQHI 2", "color": "#0099cb", "timestamp": "2026-09-16 17:00:00", "generated_at": "2026-09-16T23:31:17.755149", "nearest_km": 26.885226059038967, "n_points": 3, "weight_sum": 0.0015247398135888497, "confidence": "Medium", "flagged": false }, "geometry": { "type": "Polygon", "coordinates": [ [ [ -115.142199330721638, 53.402951136779983 ], [ -115.092199330721641, 53.402951136779983 ], [ -115.092199330721641, 53.45295113677998 ], [ -115.142199330721638, 53.45295113677998 ], [ -115.142199330721638, 53.402951136779983 ] ] ] } },
{ "type": "Feature", "properties": { "value": 2, "label": "AQHI 2", "color": "#0099cb", "timestamp": "2026-09-16 17:00:00", "generated_at": "2026-09-16T23:31:17.755149", "nearest_km": 23.621411508703321, "n_points": 4, "weight_sum": 0.0019855885964900344, "confidence": "High", "flagged": false }, "geometry": { "type": "Polygon", "coordinates": [ [ [ -115.092199330721641, 53.402951136779983 ], [ -115.042199330721644, 53.402951136779983 ], [ -115.042199330721644, 53.45295113677998 ], [ -115.092199330721641, 53.45295113677998 ], [ -115.092199330721641, 53.402951136779983 ] ] ] } },
{ "type": "Feature", "properties": { "value": 2, "label": "AQHI 2", "color": "#0099cb", "timestamp": "2026-09-16 17:00:00", "generated_at": "2026-09-16T23:31:17.755149", "nearest_km": 21.324440979340309, "n_points": 3, "weight_sum": 0.0023612872740047721, "confidence": "High", "flagged": false }, "geometry": { "type": "Polygon", "coordinates": [ [ [ -115.042199330721644, 53.402951136779983 ], [ -114.992199330721647, 53.402951136779983 ], [ -114.992199330721647, 53.45295113677998 ], [ -115.042199330721644, 53.45295113677998 ], [ -115.042199330721644, 53.402951136779983 ] ] ] } },
{ "type": "Feature", "properties": { "value": 2, "label": "AQHI 2", "color": "#0099cb", "timestamp": "2026-09-16 17:00:00", "generated_at": "2026-09-16T23:31:17.755149", "nearest_km": 20.324799740691862, "n_points": 3, "weight_sum": 0.0026014834192864865, "confidence": "High", "flagged": false }, "geometry": { "type": "Polygon", "coordinates": [ [ [ -114.992199330721647, 53.402951136779983 ], [ -114.94219933072165, 53.402951136779983 ], [ -114.94219933072165, 53.45295113677998 ], [ -114.992199330721647, 53.45295113677998 ], [ -114.992199330721647, 53.402951136779983 ] ] ] } },
{ "type": "Feature", "properties": { "value": 2, "label": "AQHI 2", "color": "#0099cb", "timestamp": "2026-09-16 17:00:00", "generated_at": "2026-09-16T23:31:17.755149", "nearest_km": 20.810290385217613, "n_points": 4, "weight_sum": 0.0025564966963039617, "confidence": "High", "flagged": false }, "geometry": { "type": "Polygon", "coordinates": [ [ [ -114.94219933072165, 53.402951136779983 ], [ -114.892199330721652, 53.402951136779983 ], [ -114.892199330721652, 53.45295113677998 ], [ -114.94219933072165, 53.45295113677998 ], [ -114.94219933072165, 53.402951136779983 ] ] ] } },
{ "type": "Feature", "properties": { "value": 2, "label": "AQHI 2", "color": "#0099cb", "timestamp": "2026-09-16 17:00:00", "generated_at": "2026-09-16T23:31:17.755149", "nearest_km": 72.464158696797483, "n_points": 3, "weight_sum": 0.0003593958607130014, "confidence": "Medium", "flagged": false }, "geometry": { "type": "Polygon", "coordinates": [ [ [ -118.392199330721454, 53.45295113677998 ], [ -118.342199330721456, 53.45295113677998 ], [ -118.342199330721456, 53.502951136779977 ], [ -118.392199330721454, 53.502951136779977 ], [ -118.392199330721454, 53.45295113677998 ] ] ] } },
{ "type": "Feature", "properties": { "value": 2, "label": "AQHI 2", "color": "#0099cb", "timestamp": "2026-09-16 17:00:00", "generated_at": "2026-09-16T23:31:17.755149", "nearest_km": 70.080605193254229, "n_points": 3, "weight_sum": 0.00039279722469798468, "confidence": "Medium", "flagged": false }, "geometry": { "type": "Polygon", "coordinates": [ [ [ -118.342199330721456, 53.45295113677998 ], [ -118.292199330721459, 53.45295113677998 ], [ -118.292199330721459, 53.502951136779977 ], [ -118.342199330721456, 53.502951136779977 ], [ -118.342199330721456, 53.45295113677998 ] ] ] } },
{ "type": "Feature", "properties": { "value": 2, "label": "AQHI 2", "color": "#0099cb", "timestamp": "2026-09-16 17:00:00", "generated_at": "2026-09-16T23:31:17.755149", "nearest_km": 68.067122407744591, "n_points": 3, "weight_sum": 0.00042929565542406415, "confidence": "Medium", "flagged": false }, "geometry": { "type": "Polygon", "coordinates": [ [ [ -118.292199330721459, 53.45295113677998 ], [ -118.242199330721462, 53.45295113677998 ], [ -118.242199330721462, 53.502951136779977 ], [ -118.292199330721459, 53.502951136779977 ], [ -118.292199330721459, 53.45295113677998 ] ] ] } },
{ "type": "Feature", "properties": { "value": 2, "label": "AQHI 2", "color": "#0099cb", "timestamp": "2026-09-16 17:00:00", "generated_at": "2026-09-16T23:31:17.755149", "nearest_km": 66.457355360328577, "n_points": 3, "weight_sum": 0.00046939805209975148, "confidence": "Medium", "flagged": false }, "geometry": { "type": "Polygon", "coordinates": [ [ [ -118.242199330721462, 53.45295113677998 ], [ -118.192199330721465, 53.45295113677998 ], [ -118.192199330721465, 53.502951136779977 ], [ -118.242199330721462, 53.502951136779977 ], [ -118.242199330721462, 53.45295113677998 ] ] ] } },
{ "type": "Feature", "properties": { "value": 2, "label": "AQHI 2", "color": "#0099cb", "timestamp": "2026-09-16 17:00:00", "generated_at": "2026-09-16T23:31:17.755149", "nearest_km": 65.281176537399318, "n_points": 3, "weight_sum": 0.00051408264046335381, "confidence": "Medium", "flagged": false }, "geometry": { "type": "Polygon", "coordinates": [ [ [ -118.192199330721465, 53.45295113677998 ], [ -118.142199330721468, 53.45295113677998 ], [ -118.142199330721468, 53.502951136779977 ], [ -118.192199330721465, 53.502951136779977 ], [ -118.192199330721465, 53.45295113677998 ] ] ] } },
{ "type": "Feature", "properties": { "value": 2, "label": "AQHI 2", "color": "#0099cb", "timestamp": "2026-09-16 17:00:00", "generated_at": "2026-09-16T23:31:17.755149", "nearest_km": 62.252420603573064, "n_points": 3, "weight_sum": 0.00056516334510667266, "confidence": "Medium", "flagged": false }, "geometry": { "type": "Polygon", "coordinates": [ [ [ -118.142199330721468, 53.45295113677998 ], [ -118.092199330721471, 53.45295113677998 ], [ -118.092199330721471, 53.502951136779977 ], [ -118.142199330721468, 53.502951136779977 ], [ -118.142199330721468, 53.45295113677998 ] ] ] } },
{ "type": "Feature", "properties": { "value": 2, "label": "AQHI 2", "color": "#0099cb", "timestamp": "2026-09-16 17:00:00", "generated_at": "2026-09-16T23:31:17.755149", "nearest_km": 56.737631530425006, "n_points": 3, "weight_sum": 0.00062584630507807641, "confidence": "Medium", "flagged": false }, "geometry": { "type": "Polygon", "coordinates": [ [ [ -118.092199330721471, 53.45295113677998 ], [ -118.042199330721473, 53.45295113677998 ], [ -118.042199330721473, 53.502951136779977 ], [ -118.092199330721471, 53.502951136779977 ], [ -118.092199330721471, 53.45295113677998 ] ] ] } },
{ "type": "Feature", "properties": { "value": 2, "label": "AQHI 2", "color": "#0099cb", "timestamp": "2026-09-16 17:00:00", "generated_at": "2026-09-16T23:31:17.755149", "nearest_km": 51.230447903179424, "n_points": 3, "weight_sum": 0.0007016081746115527, "confidence": "Medium", "flagged": false }, "geometry": { "type": "Polygon", "coordinates": [ [ [ -118.042199330721473, 53.45295113677998 ], [ -117.992199330721476, 53.45295113677998 ], [ -117.992199330721476, 53.502951136779977 ], [ -118.042199330721473, 53.502951136779977 ], [ -118.042199330721473, 53.45295113677998 ] ] ] } },
{ "type": "Feature", "properties": { "value": 2, "label": "AQHI 2", "color": "#0099cb", "timestamp": "2026-09-16 17:00:00", "generated_at": "2026-09-16T23:31:17.755149", "nearest_km": 45.733617318537981, "n_points": 3, "weight_sum": 0.0008017052331767431, "confidence": "Medium", "flagged": false }, "geometry": { "type": "Polygon", "coordinates": [ [ [ -117.992199330721476, 53.45295113677998 ], [ -117.942199330721479, 53.45295113677998 ], [ -117.942199330721479, 53.502951136779977 ], [ -117.992199330721476, 53.502951136779977 ], [ -117.992199330721476, 53.45295113677998 ] ] ] } },
{ "type": "Feature", "properties": { "value": 2, "label": "AQHI 2", "color": "#0099cb", "timestamp": "2026-09-16 17:00:00", "generated_at": "2026-09-16T23:31:17.755149", "nearest_km": 40.251381513142704, "n_points": 3, "weight_sum": 0.00094206122288529454, "confidence": "Medium", "flagged": false }, "geometry": { "type": "Polygon", "coordinates": [ [ [ -117.942199330721479, 53.45295113677998 ], [ -117.892199330721482, 53.45295113677998 ], [ -117.892199330721482, 53.502951136779977 ], [ -117.942199330721479, 53.502951136779977 ], [ -117.942199330721479, 53.45295113677998 ] ] ] } },
{ "type": "Feature", "properties": { "value": 2, "label": "AQHI 2", "color": "#0099cb", "timestamp": "2026-09-16 17:00:00", "generated_at": "2026-09-16T23:31:17.755149", "nearest_km": 34.790640614893078, "n_points": 3, "weight_sum": 0.0011513926088120336, "confidence": "Medium", "flagged": false }, "geometry": { "type": "Polygon", "coordinates": [ [ [ -117.892199330721482, 53.45295113677998 ], [ -117.842199330721485, 53.45295113677998 ], [ -117.842199330721485, 53.502951136779977 ], [ -117.892199330721482, 53.502951136779977 ], [ -117.892199330721482, 53.45295113677998 ] ] ] } },
{ "type": "Feature", "properties": { "value": 2, "label": "AQHI 2", "color": "#0099cb", "timestamp": "2026-09-16 17:00:00", "generated_at": "2026-09-16T23:31:17.755149", "nearest_km": 29.363389366228187, "n_points": 3, "weight_sum": 0.0014855280366471138, "confidence": "Medium", "flagged": false }, "geometry": { "type": "Polygon", "coordinates": [ [ [ -117.842199330721485, 53.45295113677998 ], [ -117.792199330721488, 53.45295113677998 ], [ -117.792199330721488, 53.502951136779977 ], [ -117.842199330721485, 53.502951136779977 ], [ -117.842199330721485, 53.45295113677998 ] ] ] } },
{ "type": "Feature", "properties": { "value": 2, "label": "AQHI 2", "color": "#0099cb", "timestamp": "2026-09-16 17:00:00", "generated_at": "2026-09-16T23:31:17.755149", "nearest_km": 23.992365363815011, "n_points": 3, "weight_sum": 0.0020646497818068649, "confidence": "High", "flagged": false }, "geometry": { "type": "Polygon", "coordinates": [ [ [ -117.792199330721488, 53.45295113677998 ], [ -117.74219933072149, 53.45295113677998 ], [ -117.74219933072149, 53.502951136779977 ], [ -117.792199330721488, 53.502951136779977 ], [ -117.792199330721488, 53.45295113677998 ] ] ] } },
{ "type": "Feature", "properties": { "value": 2, "label": "AQHI 2", "color": "#0099cb", "timestamp": "2026-09-16 17:00:00", "generated_at": "2026-09-16T23:31:17.755149", "nearest_km": 18.726012827851292, "n_points": 4, "weight_sum": 0.0032293443347101653, "confidence": "High", "flagged": false }, "geometry": { "type": "Polygon", "coordinates": [ [ [ -117.74219933072149, 53.45295113677998 ], [ -117.692199330721493, 53.45295113677998 ], [ -117.692199330721493, 53.502951136779977 ], [ -117.74219933072149, 53.502951136779977 ], [ -117.74219933072149, 53.45295113677998 ] ] ] } },
{ "type": "Feature", "properties": { "value": 2, "label": "AQHI 2", "color": "#0099cb", "timestamp": "2026-09-16 17:00:00", "generated_at": "2026-09-16T23:31:17.755149", "nearest_km": 13.685704845089457, "n_points": 5, "weight_sum": 0.0057740954637738083, "confidence": "High", "flagged": false }, "geometry": { "type": "Polygon", "coordinates": [ [ [ -117.692199330721493, 53.45295113677998 ], [ -117.642199330721496, 53.45295113677998 ], [ -117.642199330721496, 53.502951136779977 ], [ -117.692199330721493, 53.502951136779977 ], [ -117.692199330721493, 53.45295113677998 ] ] ] } },
{ "type": "Feature", "properties": { "value": 2, "label": "AQHI 2", "color": "#0099cb", "timestamp": "2026-09-16 17:00:00", "generated_at": "2026-09-16T23:31:17.755149", "nearest_km": 9.2487014107360981, "n_points": 5, "weight_sum": 0.012143998847560313, "confidence": "High", "flagged": false }, "geometry": { "type": "Polygon", "coordinates": [ [ [ -117.642199330721496, 53.45295113677998 ], [ -117.592199330721499, 53.45295113677998 ], [ -117.592199330721499, 53.502951136779977 ], [ -117.642199330721496, 53.502951136779977 ], [ -117.642199330721496, 53.45295113677998 ] ] ] } },
{ "type": "Feature", "properties": { "value": 2, "label": "AQHI 2", "color": "#0099cb", "timestamp": "2026-09-16 17:00:00", "generated_at": "2026-09-16T23:31:17.755149", "nearest_km": 6.7367231250060815, "n_points": 5, "weight_sum": 0.022512353203445083, "confidence": "High", "flagged": false }, "geometry": { "type": "Polygon", "coordinates": [ [ [ -117.592199330721499, 53.45295113677998 ], [ -117.542199330721502, 53.45295113677998 ], [ -117.542199330721502, 53.502951136779977 ], [ -117.592199330721499, 53.502951136779977 ], [ -117.592199330721499, 53.45295113677998 ] ] ] } },
{ "type": "Feature", "properties": { "value": 2, "label": "AQHI 2", "color": "#0099cb", "timestamp": "2026-09-16 17:00:00", "generated_at": "2026-09-16T23:31:17.755149", "nearest_km": 8.1751696704731778, "n_points": 5, "weight_sum": 0.015472473190137878, "confidence": "High", "flagged": false }, "geometry": { "type": "Polygon", "coordinates": [ [ [ -117.542199330721502, 53.45295113677998 ], [ -117.492199330721505, 53.45295113677998 ], [ -117.492199330721505, 53.502951136779977 ], [ -117.542199330721502, 53.502951136779977 ], [ -117.542199330721502, 53.45295113677998 ] ] ] } },
{ "type": "Feature", "properties": { "value": 2, "label": "AQHI 2", "color": "#0099cb", "timestamp": "2026-09-16 17:00:00", "generated_at": "2026-09-16T23:31:17.755149", "nearest_km": 12.24289017426238, "n_points": 5, "weight_sum": 0.0072223739822143583, "confidence": "High", "flagged": false }, "geometry": { "type": "Polygon", "coordinates": [ [ [ -117.492199330721505, 53.45295113677998 ], [ -117.442199330721508, 53.45295113677998 ], [ -117.442199330721508, 53.502951136779977 ], [ -117.492199330721505, 53.502951136779977 ], [ -117.492199330721505, 53.45295113677998 ] ] ] } },
{ "type": "Feature", "properties": { "value": 2, "label": "AQHI 2", "color": "#0099cb", "timestamp": "2026-09-16 17:00:00", "generated_at": "2026-09-16T23:31:17.755149", "nearest_km": 17.162410101645666, "n_points": 5, "weight_sum": 0.0039967872561942905, "confidence": "High", "flagged": false }, "geometry": { "type": "Polygon", "coordinates": [ [ [ -117.442199330721508, 53.45295113677998 ], [ -117.39219933072151, 53.45295113677998 ], [ -117.39219933072151, 53.502951136779977 ], [ -117.442199330721508, 53.502951136779977 ], [ -117.442199330721508, 53.45295113677998 ] ] ] } },
{ "type": "Feature", "properties": { "value": 2, "label": "AQHI 2", "color": "#0099cb", "timestamp": "2026-09-16 17:00:00", "generated_at": "2026-09-16T23:31:17.755149", "nearest_km": 22.378857905958494, "n_points": 5, "weight_sum": 0.0026607276026783472, "confidence": "High", "flagged": false }, "geometry": { "type": "Polygon", "coordinates": [ [ [ -117.39219933072151, 53.45295113677998 ], [ -117.342199330721513, 53.45295113677998 ], [ -117.342199330721513, 53.502951136779977 ], [ -117.39219933072151, 53.502951136779977 ], [ -117.39219933072151, 53.45295113677998 ] ] ] } },
{ "type": "Feature", "properties": { "value": 2, "label": "AQHI 2", "color": "#0099cb", "timestamp": "2026-09-16 17:00:00", "generated_at": "2026-09-16T23:31:17.755149", "nearest_km": 27.725137364007519, "n_points": 5, "weight_sum": 0.0020384586447986393, "confidence": "Medium", "flagged": false }, "geometry": { "type": "Polygon", "coordinates": [ [ [ -117.342199330721513, 53.45295113677998 ], [ -117.292199330721516, 53.45295113677998 ], [ -117.292199330721516, 53.502951136779977 ], [ -117.342199330721513, 53.502951136779977 ], [ -117.342199330721513, 53.45295113677998 ] ] ] } },
{ "type": "Feature", "properties": { "value": 2, "label": "AQHI 2", "color": "#0099cb", "timestamp": "2026-09-16 17:00:00", "generated_at": "2026-09-16T23:31:17.755149", "nearest_km": 33.138470129610447, "n_points": 5, "weight_sum": 0.0017312806590413384, "confidence": "Medium", "flagged": false }, "geometry": { "type": "Polygon", "coordinates": [ [ [ -117.292199330721516, 53.45295113677998 ], [ -117.242199330721519, 53.45295113677998 ], [ -117.242199330721519, 53.502951136779977 ], [ -117.292199330721516, 53.502951136779977 ], [ -117.292199330721516, 53.45295113677998 ] ] ] } },
{ "type": "Feature", "properties": { "value": 2, "label": "AQHI 2", "color": "#0099cb", "timestamp": "2026-09-16 17:00:00", "generated_at": "2026-09-16T23:31:17.755149", "nearest_km": 38.590648649758066, "n_points": 5, "weight_sum": 0.001579841223217008, "confidence": "Medium", "flagged": false }, "geometry": { "type": "Polygon", "coordinates": [ [ [ -117.242199330721519, 53.45295113677998 ], [ -117.192199330721522, 53.45295113677998 ], [ -117.192199330721522, 53.502951136779977 ], [ -117.242199330721519, 53.502951136779977 ], [ -117.242199330721519, 53.45295113677998 ] ] ] } },
{ "type": "Feature", "properties": { "value": 2, "label": "AQHI 2", "color": "#0099cb", "timestamp": "2026-09-16 17:00:00", "generated_at": "2026-09-16T23:31:17.755149", "nearest_km": 37.297946028921523, "n_points": 5, "weight_sum": 0.0015063277818949802, "confidence": "Medium", "flagged": false }, "geometry": { "type": "Polygon", "coordinates": [ [ [ -117.192199330721522, 53.45295113677998 ], [ -117.142199330721525, 53.45295113677998 ], [ -117.142199330721525, 53.502951136779977 ], [ -117.192199330721522, 53.502951136779977 ], [ -117.192199330721522, 53.45295113677998 ] ] ] } },
{ "type": "Feature", "properties": { "value": 2, "label": "AQHI 2", "color": "#0099cb", "timestamp": "2026-09-16 17:00:00", "generated_at": "2026-09-16T23:31:17.755149", "nearest_km": 36.019277417715593, "n_points": 5, "weight_sum": 0.0014643636650667076, "confidence": "Medium", "flagged": false }, "geometry": { "type": "Polygon", "coordinates": [ [ [ -117.142199330721525, 53.45295113677998 ], [ -117.092199330721527, 53.45295113677998 ], [ -117.092199330721527, 53.502951136779977 ], [ -117.142199330721525, 53.502951136779977 ], [ -117.142199330721525, 53.45295113677998 ] ] ] } },
{ "type": "Feature", "properties": { "value": 2, "label": "AQHI 2", "color": "#0099cb", "timestamp": "2026-09-16 17:00:00", "generated_at": "2026-09-16T23:31:17.755149", "nearest_km": 35.570281323210864, "n_points": 5, "weight_sum": 0.0014242760746861808, "confidence": "Medium", "flagged": false }, "geometry": { "type": "Polygon", "coordinates": [ [ [ -117.092199330721527, 53.45295113677998 ], [ -117.04219933072153, 53.45295113677998 ], [ -117.04219933072153, 53.502951136779977 ], [ -117.092199330721527, 53.502951136779977 ], [ -117.092199330721527, 53.45295113677998 ] ] ] } },
{ "type": "Feature", "properties": { "value": 2, "label": "AQHI 2", "color": "#0099cb", "timestamp": "2026-09-16 17:00:00", "generated_at": "2026-09-16T23:31:17.755149", "nearest_km": 35.982029975119019, "n_points": 5, "weight_sum": 0.0013713081881080442, "confidence": "Medium", "flagged": false }, "geometry": { "type": "Polygon", "coordinates": [ [ [ -117.04219933072153, 53.45295113677998 ], [ -116.992199330721533, 53.45295113677998 ], [ -116.992199330721533, 53.502951136779977 ], [ -117.04219933072153, 53.502951136779977 ], [ -117.04219933072153, 53.45295113677998 ] ] ] } },
{ "type": "Feature", "properties": { "value": 2, "label": "AQHI 2", "color": "#0099cb", "timestamp": "2026-09-16 17:00:00", "generated_at": "2026-09-16T23:31:17.755149", "nearest_km": 37.22597277235824, "n_points": 5, "weight_sum": 0.0013052307696008202, "confidence": "Medium", "flagged": false }, "geometry": { "type": "Polygon", "coordinates": [ [ [ -116.992199330721533, 53.45295113677998 ], [ -116.942199330721536, 53.45295113677998 ], [ -116.942199330721536, 53.502951136779977 ], [ -116.992199330721533, 53.502951136779977 ], [ -116.992199330721533, 53.45295113677998 ] ] ] } },
{ "type": "Feature", "properties": { "value": 2, "label": "AQHI 2", "color": "#0099cb", "timestamp": "2026-09-16 17:00:00", "generated_at": "2026-09-16T23:31:17.755149", "nearest_km": 39.22301131435912, "n_points": 5, "weight_sum": 0.0012358725062252909, "confidence": "Medium", "flagged": false }, "geometry": { "type": "Polygon", "coordinates": [ [ [ -116.942199330721536, 53.45295113677998 ], [ -116.892199330721539, 53.45295113677998 ], [ -116.892199330721539, 53.502951136779977 ], [ -116.942199330721536, 53.502951136779977 ], [ -116.942199330721536, 53.45295113677998 ] ] ] } },
{ "type": "Feature", "properties": { "value": 2, "label": "AQHI 2", "color": "#0099cb", "timestamp": "2026-09-16 17:00:00", "generated_at": "2026-09-16T23:31:17.755149", "nearest_km": 41.86551306605859, "n_points": 5, "weight_sum": 0.0011764606061497246, "confidence": "Medium", "flagged": false }, "geometry": { "type": "Polygon", "coordinates": [ [ [ -116.892199330721539, 53.45295113677998 ], [ -116.842199330721542, 53.45295113677998 ], [ -116.842199330721542, 53.502951136779977 ], [ -116.892199330721539, 53.502951136779977 ], [ -116.892199330721539, 53.45295113677998 ] ] ] } },
{ "type": "Feature", "properties": { "value": 2, "label": "AQHI 2", "color": "#0099cb", "timestamp": "2026-09-16 17:00:00", "generated_at": "2026-09-16T23:31:17.755149", "nearest_km": 45.040012788655979, "n_points": 4, "weight_sum": 0.0010964749140541675, "confidence": "Medium", "flagged": false }, "geometry": { "type": "Polygon", "coordinates": [ [ [ -116.842199330721542, 53.45295113677998 ], [ -116.792199330721544, 53.45295113677998 ], [ -116.792199330721544, 53.502951136779977 ], [ -116.842199330721542, 53.502951136779977 ], [ -116.842199330721542, 53.45295113677998 ] ] ] } },
{ "type": "Feature", "properties": { "value": 2, "label": "AQHI 2", "color": "#0099cb", "timestamp": "2026-09-16 17:00:00", "generated_at": "2026-09-16T23:31:17.755149", "nearest_km": 47.004613732822975, "n_points": 4, "weight_sum": 0.0010950869330105205, "confidence": "Medium", "flagged": false }, "geometry": { "type": "Polygon", "coordinates": [ [ [ -116.792199330721544, 53.45295113677998 ], [ -116.742199330721547, 53.45295113677998 ], [ -116.742199330721547, 53.502951136779977 ], [ -116.792199330721544, 53.502951136779977 ], [ -116.792199330721544, 53.45295113677998 ] ] ] } },
{ "type": "Feature", "properties": { "value": 2, "label": "AQHI 2", "color": "#0099cb", "timestamp": "2026-09-16 17:00:00", "generated_at": "2026-09-16T23:31:17.755149", "nearest_km": 41.810395723909473, "n_points": 4, "weight_sum": 0.0011383704594925066, "confidence": "Medium", "flagged": false }, "geometry": { "type": "Polygon", "coordinates": [ [ [ -116.742199330721547, 53.45295113677998 ], [ -116.69219933072155, 53.45295113677998 ], [ -116.69219933072155, 53.502951136779977 ], [ -116.742199330721547, 53.502951136779977 ], [ -116.742199330721547, 53.45295113677998 ] ] ] } },
{ "type": "Feature", "properties": { "value": 2, "label": "AQHI 2", "color": "#0099cb", "timestamp": "2026-09-16 17:00:00", "generated_at": "2026-09-16T23:31:17.755149", "nearest_km": 36.720425773783163, "n_points": 4, "weight_sum": 0.0012430353570349211, "confidence": "Medium", "flagged": false }, "geometry": { "type": "Polygon", "coordinates": [ [ [ -116.69219933072155, 53.45295113677998 ], [ -116.642199330721553, 53.45295113677998 ], [ -116.642199330721553, 53.502951136779977 ], [ -116.69219933072155, 53.502951136779977 ], [ -116.69219933072155, 53.45295113677998 ] ] ] } },
{ "type": "Feature", "properties": { "value": 2, "label": "AQHI 2", "color": "#0099cb", "timestamp": "2026-09-16 17:00:00", "generated_at": "2026-09-16T23:31:17.755149", "nearest_km": 31.784825741632172, "n_points": 4, "weight_sum": 0.0014362086933836281, "confidence": "Medium", "flagged": false }, "geometry": { "type": "Polygon", "coordinates": [ [ [ -116.642199330721553, 53.45295113677998 ], [ -116.592199330721556, 53.45295113677998 ], [ -116.592199330721556, 53.502951136779977 ], [ -116.642199330721553, 53.502951136779977 ], [ -116.642199330721553, 53.45295113677998 ] ] ] } },
{ "type": "Feature", "properties": { "value": 2, "label": "AQHI 2", "color": "#0099cb", "timestamp": "2026-09-16 17:00:00", "generated_at": "2026-09-16T23:31:17.755149", "nearest_km": 27.08810856896288, "n_points": 4, "weight_sum": 0.0017625244014673265, "confidence": "Medium", "flagged": false }, "geometry": { "type": "Polygon", "coordinates": [ [ [ -116.592199330721556, 53.45295113677998 ], [ -116.542199330721559, 53.45295113677998 ], [ -116.542199330721559, 53.502951136779977 ], [ -116.592199330721556, 53.502951136779977 ], [ -116.592199330721556, 53.45295113677998 ] ] ] } },
{ "type": "Feature", "properties": { "value": 2, "label": "AQHI 2", "color": "#0099cb", "timestamp": "2026-09-16 17:00:00", "generated_at": "2026-09-16T23:31:17.755149", "nearest_km": 22.778522872695461, "n_points": 4, "weight_sum": 0.0022872020541644333, "confidence": "High", "flagged": false }, "geometry": { "type": "Polygon", "coordinates": [ [ [ -116.542199330721559, 53.45295113677998 ], [ -116.492199330721562, 53.45295113677998 ], [ -116.492199330721562, 53.502951136779977 ], [ -116.542199330721559, 53.502951136779977 ], [ -116.542199330721559, 53.45295113677998 ] ] ] } },
{ "type": "Feature", "properties": { "value": 2, "label": "AQHI 2", "color": "#0099cb", "timestamp": "2026-09-16 17:00:00", "generated_at": "2026-09-16T23:31:17.755149", "nearest_km": 19.11966481609689, "n_points": 4, "weight_sum": 0.0030612939768577987, "confidence": "High", "flagged": false }, "geometry": { "type": "Polygon", "coordinates": [ [ [ -116.492199330721562, 53.45295113677998 ], [ -116.442199330721564, 53.45295113677998 ], [ -116.442199330721564, 53.502951136779977 ], [ -116.492199330721562, 53.502951136779977 ], [ -116.492199330721562, 53.45295113677998 ] ] ] } },
{ "type": "Feature", "properties": { "value": 2, "label": "AQHI 2", "color": "#0099cb", "timestamp": "2026-09-16 17:00:00", "generated_at": "2026-09-16T23:31:17.755149", "nearest_km": 16.548929303670054, "n_points": 4, "weight_sum": 0.0039476950309579326, "confidence": "High", "flagged": false }, "geometry": { "type": "Polygon", "coordinates": [ [ [ -116.442199330721564, 53.45295113677998 ], [ -116.392199330721567, 53.45295113677998 ], [ -116.392199330721567, 53.502951136779977 ], [ -116.442199330721564, 53.502951136779977 ], [ -116.442199330721564, 53.45295113677998 ] ] ] } },
{ "type": "Feature", "properties": { "value": 2, "label": "AQHI 2", "color": "#0099cb", "timestamp": "2026-09-16 17:00:00", "generated_at": "2026-09-16T23:31:17.755149", "nearest_km": 15.613376941451151, "n_points": 4, "weight_sum": 0.004372717214813528, "confidence": "High", "flagged": false }, "geometry": { "type": "Polygon", "coordinates": [ [ [ -116.392199330721567, 53.45295113677998 ], [ -116.34219933072157, 53.45295113677998 ], [ -116.34219933072157, 53.502951136779977 ], [ -116.392199330721567, 53.502951136779977 ], [ -116.392199330721567, 53.45295113677998 ] ] ] } },
{ "type": "Feature", "properties": { "value": 2, "label": "AQHI 2", "color": "#0099cb", "timestamp": "2026-09-16 17:00:00", "generated_at": "2026-09-16T23:31:17.755149", "nearest_km": 16.591956422730881, "n_points": 4, "weight_sum": 0.0038805990843355747, "confidence": "High", "flagged": false }, "geometry": { "type": "Polygon", "coordinates": [ [ [ -116.34219933072157, 53.45295113677998 ], [ -116.292199330721573, 53.45295113677998 ], [ -116.292199330721573, 53.502951136779977 ], [ -116.34219933072157, 53.502951136779977 ], [ -116.34219933072157, 53.45295113677998 ] ] ] } },
{ "type": "Feature", "properties": { "value": 2, "label": "AQHI 2", "color": "#0099cb", "timestamp": "2026-09-16 17:00:00", "generated_at": "2026-09-16T23:31:17.755149", "nearest_km": 19.194100561155651, "n_points": 5, "weight_sum": 0.0029885046915172756, "confidence": "High", "flagged": false }, "geometry": { "type": "Polygon", "coordinates": [ [ [ -116.292199330721573, 53.45295113677998 ], [ -116.242199330721576, 53.45295113677998 ], [ -116.242199330721576, 53.502951136779977 ], [ -116.292199330721573, 53.502951136779977 ], [ -116.292199330721573, 53.45295113677998 ] ] ] } },
{ "type": "Feature", "properties": { "value": 2, "label": "AQHI 2", "color": "#0099cb", "timestamp": "2026-09-16 17:00:00", "generated_at": "2026-09-16T23:31:17.755149", "nearest_km": 22.872231521425796, "n_points": 5, "weight_sum": 0.0021716540693193735, "confidence": "High", "flagged": false }, "geometry": { "type": "Polygon", "coordinates": [ [ [ -116.242199330721576, 53.45295113677998 ], [ -116.192199330721579, 53.45295113677998 ], [ -116.192199330721579, 53.502951136779977 ], [ -116.242199330721576, 53.502951136779977 ], [ -116.242199330721576, 53.45295113677998 ] ] ] } },
{ "type": "Feature", "properties": { "value": 2, "label": "AQHI 2", "color": "#0099cb", "timestamp": "2026-09-16 17:00:00", "generated_at": "2026-09-16T23:31:17.755149", "nearest_km": 27.193187624617394, "n_points": 4, "weight_sum": 0.00155893283573619, "confidence": "Medium", "flagged": false }, "geometry": { "type": "Polygon", "coordinates": [ [ [ -116.192199330721579, 53.45295113677998 ], [ -116.142199330721581, 53.45295113677998 ], [ -116.142199330721581, 53.502951136779977 ], [ -116.192199330721579, 53.502951136779977 ], [ -116.192199330721579, 53.45295113677998 ] ] ] } },
{ "type": "Feature", "properties": { "value": 2, "label": "AQHI 2", "color": "#0099cb", "timestamp": "2026-09-16 17:00:00", "generated_at": "2026-09-16T23:31:17.755149", "nearest_km": 31.896785599893583, "n_points": 4, "weight_sum": 0.0011827557807174551, "confidence": "Medium", "flagged": false }, "geometry": { "type": "Polygon", "coordinates": [ [ [ -116.142199330721581, 53.45295113677998 ], [ -116.092199330721584, 53.45295113677998 ], [ -116.092199330721584, 53.502951136779977 ], [ -116.142199330721581, 53.502951136779977 ], [ -116.142199330721581, 53.45295113677998 ] ] ] } },
{ "type": "Feature", "properties": { "value": 2, "label": "AQHI 2", "color": "#0099cb", "timestamp": "2026-09-16 17:00:00", "generated_at": "2026-09-16T23:31:17.755149", "nearest_km": 36.836739948365491, "n_points": 4, "weight_sum": 0.00093178027808621226, "confidence": "Medium", "flagged": false }, "geometry": { "type": "Polygon", "coordinates": [ [ [ -116.092199330721584, 53.45295113677998 ], [ -116.042199330721587, 53.45295113677998 ], [ -116.042199330721587, 53.502951136779977 ], [ -116.092199330721584, 53.502951136779977 ], [ -116.092199330721584, 53.45295113677998 ] ] ] } },
{ "type": "Feature", "properties": { "value": 2, "label": "AQHI 2", "color": "#0099cb", "timestamp": "2026-09-16 17:00:00", "generated_at": "2026-09-16T23:31:17.755149", "nearest_km": 41.929594422572535, "n_points": 4, "weight_sum": 0.00076027544368802093, "confidence": "Medium", "flagged": false }, "geometry": { "type": "Polygon", "coordinates": [ [ [ -116.042199330721587, 53.45295113677998 ], [ -115.99219933072159, 53.45295113677998 ], [ -115.99219933072159, 53.502951136779977 ], [ -116.042199330721587, 53.502951136779977 ], [ -116.042199330721587, 53.45295113677998 ] ] ] } },
{ "type": "Feature", "properties": { "value": 2, "label": "AQHI 2", "color": "#0099cb", "timestamp": "2026-09-16 17:00:00", "generated_at": "2026-09-16T23:31:17.755149", "nearest_km": 47.12580362030274, "n_points": 4, "weight_sum": 0.00064008955868803446, "confidence": "Medium", "flagged": false }, "geometry": { "type": "Polygon", "coordinates": [ [ [ -115.99219933072159, 53.45295113677998 ], [ -115.942199330721593, 53.45295113677998 ], [ -115.942199330721593, 53.502951136779977 ], [ -115.99219933072159, 53.502951136779977 ], [ -115.99219933072159, 53.45295113677998 ] ] ] } },
{ "type": "Feature", "properties": { "value": 2, "label": "AQHI 2", "color": "#0099cb", "timestamp": "2026-09-16 17:00:00", "generated_at": "2026-09-16T23:31:17.755149", "nearest_km": 52.394626110673265, "n_points": 4, "weight_sum": 0.00055416326785903594, "confidence": "Medium", "flagged": false }, "geometry": { "type": "Polygon", "coordinates": [ [ [ -115.942199330721593, 53.45295113677998 ], [ -115.892199330721596, 53.45295113677998 ], [ -115.892199330721596, 53.502951136779977 ], [ -115.942199330721593, 53.502951136779977 ], [ -115.942199330721593, 53.45295113677998 ] ] ] } },
{ "type": "Feature", "properties": { "value": 2, "label": "AQHI 2", "color": "#0099cb", "timestamp": "2026-09-16 17:00:00", "generated_at": "2026-09-16T23:31:17.755149", "nearest_km": 57.716179046218436, "n_points": 4, "weight_sum": 0.00049203137626813837, "confidence": "Medium", "flagged": false }, "geometry": { "type": "Polygon", "coordinates": [ [ [ -115.892199330721596, 53.45295113677998 ], [ -115.842199330721598, 53.45295113677998 ], [ -115.842199330721598, 53.502951136779977 ], [ -115.892199330721596, 53.502951136779977 ], [ -115.892199330721596, 53.45295113677998 ] ] ] } },
{ "type": "Feature", "properties": { "value": 2, "label": "AQHI 2", "color": "#0099cb", "timestamp": "2026-09-16 17:00:00", "generated_at": "2026-09-16T23:31:17.755149", "nearest_km": 63.077117896373771, "n_points": 4, "weight_sum": 0.00044716200090755417, "confidence": "Medium", "flagged": false }, "geometry": { "type": "Polygon", "coordinates": [ [ [ -115.842199330721598, 53.45295113677998 ], [ -115.792199330721601, 53.45295113677998 ], [ -115.792199330721601, 53.502951136779977 ], [ -115.842199330721598, 53.502951136779977 ], [ -115.842199330721598, 53.45295113677998 ] ] ] } },
{ "type": "Feature", "properties": { "value": 2, "label": "AQHI 2", "color": "#0099cb", "timestamp": "2026-09-16 17:00:00", "generated_at": "2026-09-16T23:31:17.755149", "nearest_km": 68.468191742815293, "n_points": 3, "weight_sum": 0.00037323487273652049, "confidence": "Medium", "flagged": false }, "geometry": { "type": "Polygon", "coordinates": [ [ [ -115.792199330721601, 53.45295113677998 ], [ -115.742199330721604, 53.45295113677998 ], [ -115.742199330721604, 53.502951136779977 ], [ -115.792199330721601, 53.502951136779977 ], [ -115.792199330721601, 53.45295113677998 ] ] ] } },
{ "type": "Feature", "properties": { "value": 2, "label": "AQHI 2", "color": "#0099cb", "timestamp": "2026-09-16 17:00:00", "generated_at": "2026-09-16T23:31:17.755149", "nearest_km": 73.882804216873083, "n_points": 2, "weight_sum": 0.00031202290129288599, "confidence": "Medium", "flagged": false }, "geometry": { "type": "Polygon", "coordinates": [ [ [ -115.742199330721604, 53.45295113677998 ], [ -115.692199330721607, 53.45295113677998 ], [ -115.692199330721607, 53.502951136779977 ], [ -115.742199330721604, 53.502951136779977 ], [ -115.742199330721604, 53.45295113677998 ] ] ] } },
{ "type": "Feature", "properties": { "value": 2, "label": "AQHI 2", "color": "#0099cb", "timestamp": "2026-09-16 17:00:00", "generated_at": "2026-09-16T23:31:17.755149", "nearest_km": 79.31613478584714, "n_points": 2, "weight_sum": 0.00030476727020420098, "confidence": "Low", "flagged": false }, "geometry": { "type": "Polygon", "coordinates": [ [ [ -115.692199330721607, 53.45295113677998 ], [ -115.64219933072161, 53.45295113677998 ], [ -115.64219933072161, 53.502951136779977 ], [ -115.692199330721607, 53.502951136779977 ], [ -115.692199330721607, 53.45295113677998 ] ] ] } },
{ "type": "Feature", "properties": { "value": 2, "label": "AQHI 2", "color": "#0099cb", "timestamp": "2026-09-16 17:00:00", "generated_at": "2026-09-16T23:31:17.755149", "nearest_km": 77.560821063814871, "n_points": 2, "weight_sum": 0.0003054103921031749, "confidence": "Low", "flagged": false }, "geometry": { "type": "Polygon", "coordinates": [ [ [ -115.64219933072161, 53.45295113677998 ], [ -115.592199330721613, 53.45295113677998 ], [ -115.592199330721613, 53.502951136779977 ], [ -115.64219933072161, 53.502951136779977 ], [ -115.64219933072161, 53.45295113677998 ] ] ] } },
{ "type": "Feature", "properties": { "value": 2, "label": "AQHI 2", "color": "#0099cb", "timestamp": "2026-09-16 17:00:00", "generated_at": "2026-09-16T23:31:17.755149", "nearest_km": 72.351825585198952, "n_points": 2, "weight_sum": 0.00031387044033772256, "confidence": "Medium", "flagged": false }, "geometry": { "type": "Polygon", "coordinates": [ [ [ -115.592199330721613, 53.45295113677998 ], [ -115.542199330721616, 53.45295113677998 ], [ -115.542199330721616, 53.502951136779977 ], [ -115.592199330721613, 53.502951136779977 ], [ -115.592199330721613, 53.45295113677998 ] ] ] } },
{ "type": "Feature", "properties": { "value": 2, "label": "AQHI 2", "color": "#0099cb", "timestamp": "2026-09-16 17:00:00", "generated_at": "2026-09-16T23:31:17.755149", "nearest_km": 67.197450598434074, "n_points": 3, "weight_sum": 0.00037520118841542657, "confidence": "Medium", "flagged": false }, "geometry": { "type": "Polygon", "coordinates": [ [ [ -115.542199330721616, 53.45295113677998 ], [ -115.492199330721618, 53.45295113677998 ], [ -115.492199330721618, 53.502951136779977 ], [ -115.542199330721616, 53.502951136779977 ], [ -115.542199330721616, 53.45295113677998 ] ] ] } },
{ "type": "Feature", "properties": { "value": 2, "label": "AQHI 2", "color": "#0099cb", "timestamp": "2026-09-16 17:00:00", "generated_at": "2026-09-16T23:31:17.755149", "nearest_km": 62.111295819254309, "n_points": 3, "weight_sum": 0.00040491837011519944, "confidence": "Medium", "flagged": false }, "geometry": { "type": "Polygon", "coordinates": [ [ [ -115.492199330721618, 53.45295113677998 ], [ -115.442199330721621, 53.45295113677998 ], [ -115.442199330721621, 53.502951136779977 ], [ -115.492199330721618, 53.502951136779977 ], [ -115.492199330721618, 53.45295113677998 ] ] ] } },
{ "type": "Feature", "properties": { "value": 2, "label": "AQHI 2", "color": "#0099cb", "timestamp": "2026-09-16 17:00:00", "generated_at": "2026-09-16T23:31:17.755149", "nearest_km": 57.111590502846617, "n_points": 3, "weight_sum": 0.00044638770473381104, "confidence": "Medium", "flagged": false }, "geometry": { "type": "Polygon", "coordinates": [ [ [ -115.442199330721621, 53.45295113677998 ], [ -115.392199330721624, 53.45295113677998 ], [ -115.392199330721624, 53.502951136779977 ], [ -115.442199330721621, 53.502951136779977 ], [ -115.442199330721621, 53.45295113677998 ] ] ] } },
{ "type": "Feature", "properties": { "value": 2, "label": "AQHI 2", "color": "#0099cb", "timestamp": "2026-09-16 17:00:00", "generated_at": "2026-09-16T23:31:17.755149", "nearest_km": 52.223169869156315, "n_points": 3, "weight_sum": 0.00050245193048738279, "confidence": "Medium", "flagged": false }, "geometry": { "type": "Polygon", "coordinates": [ [ [ -115.392199330721624, 53.45295113677998 ], [ -115.342199330721627, 53.45295113677998 ], [ -115.342199330721627, 53.502951136779977 ], [ -115.392199330721624, 53.502951136779977 ], [ -115.392199330721624, 53.45295113677998 ] ] ] } },
{ "type": "Feature", "properties": { "value": 2, "label": "AQHI 2", "color": "#0099cb", "timestamp": "2026-09-16 17:00:00", "generated_at": "2026-09-16T23:31:17.755149", "nearest_km": 47.480418833458749, "n_points": 3, "weight_sum": 0.00057706135040794563, "confidence": "Medium", "flagged": false }, "geometry": { "type": "Polygon", "coordinates": [ [ [ -115.342199330721627, 53.45295113677998 ], [ -115.29219933072163, 53.45295113677998 ], [ -115.29219933072163, 53.502951136779977 ], [ -115.342199330721627, 53.502951136779977 ], [ -115.342199330721627, 53.45295113677998 ] ] ] } },
{ "type": "Feature", "properties": { "value": 2, "label": "AQHI 2", "color": "#0099cb", "timestamp": "2026-09-16 17:00:00", "generated_at": "2026-09-16T23:31:17.755149", "nearest_km": 42.931641874246623, "n_points": 3, "weight_sum": 0.00067536331839063352, "confidence": "Medium", "flagged": false }, "geometry": { "type": "Polygon", "coordinates": [ [ [ -115.29219933072163, 53.45295113677998 ], [ -115.242199330721633, 53.45295113677998 ], [ -115.242199330721633, 53.502951136779977 ], [ -115.29219933072163, 53.502951136779977 ], [ -115.29219933072163, 53.45295113677998 ] ] ] } },
{ "type": "Feature", "properties": { "value": 2, "label": "AQHI 2", "color": "#0099cb", "timestamp": "2026-09-16 17:00:00", "generated_at": "2026-09-16T23:31:17.755149", "nearest_km": 38.645395268213534, "n_points": 3, "weight_sum": 0.00080331269863650827, "confidence": "Medium", "flagged": false }, "geometry": { "type": "Polygon", "coordinates": [ [ [ -115.242199330721633, 53.45295113677998 ], [ -115.192199330721635, 53.45295113677998 ], [ -115.192199330721635, 53.502951136779977 ], [ -115.242199330721633, 53.502951136779977 ], [ -115.242199330721633, 53.45295113677998 ] ] ] } },
{ "type": "Feature", "properties": { "value": 2, "label": "AQHI 2", "color": "#0099cb", "timestamp": "2026-09-16 17:00:00", "generated_at": "2026-09-16T23:31:17.755149", "nearest_km": 34.719047752701229, "n_points": 3, "weight_sum": 0.00096587860617063255, "confidence": "Medium", "flagged": false }, "geometry": { "type": "Polygon", "coordinates": [ [ [ -115.192199330721635, 53.45295113677998 ], [ -115.142199330721638, 53.45295113677998 ], [ -115.142199330721638, 53.502951136779977 ], [ -115.192199330721635, 53.502951136779977 ], [ -115.192199330721635, 53.45295113677998 ] ] ] } },
{ "type": "Feature", "properties": { "value": 2, "label": "AQHI 2", "color": "#0099cb", "timestamp": "2026-09-16 17:00:00", "generated_at": "2026-09-16T23:31:17.755149", "nearest_km": 31.288384078955385, "n_points": 3, "weight_sum": 0.0011620699616480413, "confidence": "Medium", "flagged": false }, "geometry": { "type": "Polygon", "coordinates": [ [ [ -115.142199330721638, 53.45295113677998 ], [ -115.092199330721641, 53.45295113677998 ], [ -115.092199330721641, 53.502951136779977 ], [ -115.142199330721638, 53.502951136779977 ], [ -115.142199330721638, 53.45295113677998 ] ] ] } },
{ "type": "Feature", "properties": { "value": 2, "label": "AQHI 2", "color": "#0099cb", "timestamp": "2026-09-16 17:00:00", "generated_at": "2026-09-16T23:31:17.755149", "nearest_km": 28.532765020062509, "n_points": 4, "weight_sum": 0.001420838250988171, "confidence": "Medium", "flagged": false }, "geometry": { "type": "Polygon", "coordinates": [ [ [ -115.092199330721641, 53.45295113677998 ], [ -115.042199330721644, 53.45295113677998 ], [ -115.042199330721644, 53.502951136779977 ], [ -115.092199330721641, 53.502951136779977 ], [ -115.092199330721641, 53.45295113677998 ] ] ] } },
{ "type": "Feature", "properties": { "value": 2, "label": "AQHI 2", "color": "#0099cb", "timestamp": "2026-09-16 17:00:00", "generated_at": "2026-09-16T23:31:17.755149", "nearest_km": 26.662321375078527, "n_points": 3, "weight_sum": 0.0015672266185428291, "confidence": "Medium", "flagged": false }, "geometry": { "type": "Polygon", "coordinates": [ [ [ -115.042199330721644, 53.45295113677998 ], [ -114.992199330721647, 53.45295113677998 ], [ -114.992199330721647, 53.502951136779977 ], [ -115.042199330721644, 53.502951136779977 ], [ -115.042199330721644, 53.45295113677998 ] ] ] } },
{ "type": "Feature", "properties": { "value": 2, "label": "AQHI 2", "color": "#0099cb", "timestamp": "2026-09-16 17:00:00", "generated_at": "2026-09-16T23:31:17.755149", "nearest_km": 25.869771597867441, "n_points": 3, "weight_sum": 0.0016728251557834675, "confidence": "Medium", "flagged": false }, "geometry": { "type": "Polygon", "coordinates": [ [ [ -114.992199330721647, 53.45295113677998 ], [ -114.94219933072165, 53.45295113677998 ], [ -114.94219933072165, 53.502951136779977 ], [ -114.992199330721647, 53.502951136779977 ], [ -114.992199330721647, 53.45295113677998 ] ] ] } },
{ "type": "Feature", "properties": { "value": 2, "label": "AQHI 2", "color": "#0099cb", "timestamp": "2026-09-16 17:00:00", "generated_at": "2026-09-16T23:31:17.755149", "nearest_km": 26.25291953180982, "n_points": 4, "weight_sum": 0.0016960185215908062, "confidence": "Medium", "flagged": false }, "geometry": { "type": "Polygon", "coordinates": [ [ [ -114.94219933072165, 53.45295113677998 ], [ -114.892199330721652, 53.45295113677998 ], [ -114.892199330721652, 53.502951136779977 ], [ -114.94219933072165, 53.502951136779977 ], [ -114.94219933072165, 53.45295113677998 ] ] ] } },
{ "type": "Feature", "properties": { "value": 2, "label": "AQHI 2", "color": "#0099cb", "timestamp": "2026-09-16 17:00:00", "generated_at": "2026-09-16T23:31:17.755149", "nearest_km": 77.432319108116729, "n_points": 2, "weight_sum": 0.00028895230369373182, "confidence": "Low", "flagged": false }, "geometry": { "type": "Polygon", "coordinates": [ [ [ -118.392199330721454, 53.502951136779977 ], [ -118.342199330721456, 53.502951136779977 ], [ -118.342199330721456, 53.552951136779974 ], [ -118.392199330721454, 53.552951136779974 ], [ -118.392199330721454, 53.502951136779977 ] ] ] } },
{ "type": "Feature", "properties": { "value": 2, "label": "AQHI 2", "color": "#0099cb", "timestamp": "2026-09-16 17:00:00", "generated_at": "2026-09-16T23:31:17.755149", "nearest_km": 75.20638916394897, "n_points": 3, "weight_sum": 0.00036295760584399836, "confidence": "Low", "flagged": false }, "geometry": { "type": "Polygon", "coordinates": [ [ [ -118.342199330721456, 53.502951136779977 ], [ -118.292199330721459, 53.502951136779977 ], [ -118.292199330721459, 53.552951136779974 ], [ -118.342199330721456, 53.552951136779974 ], [ -118.342199330721456, 53.502951136779977 ] ] ] } },
{ "type": "Feature", "properties": { "value": 2, "label": "AQHI 2", "color": "#0099cb", "timestamp": "2026-09-16 17:00:00", "generated_at": "2026-09-16T23:31:17.755149", "nearest_km": 73.333777345077863, "n_points": 3, "weight_sum": 0.00039558449512604632, "confidence": "Medium", "flagged": false }, "geometry": { "type": "Polygon", "coordinates": [ [ [ -118.292199330721459, 53.502951136779977 ], [ -118.242199330721462, 53.502951136779977 ], [ -118.242199330721462, 53.552951136779974 ], [ -118.292199330721459, 53.552951136779974 ], [ -118.292199330721459, 53.502951136779977 ] ] ] } },
{ "type": "Feature", "properties": { "value": 2, "label": "AQHI 2", "color": "#0099cb", "timestamp": "2026-09-16 17:00:00", "generated_at": "2026-09-16T23:31:17.755149", "nearest_km": 71.842117370770495, "n_points": 3, "weight_sum": 0.00043181780728336638, "confidence": "Medium", "flagged": false }, "geometry": { "type": "Polygon", "coordinates": [ [ [ -118.242199330721462, 53.502951136779977 ], [ -118.192199330721465, 53.502951136779977 ], [ -118.192199330721465, 53.552951136779974 ], [ -118.242199330721462, 53.552951136779974 ], [ -118.242199330721462, 53.502951136779977 ] ] ] } },
{ "type": "Feature", "properties": { "value": 2, "label": "AQHI 2", "color": "#0099cb", "timestamp": "2026-09-16 17:00:00", "generated_at": "2026-09-16T23:31:17.755149", "nearest_km": 68.543175183986463, "n_points": 3, "weight_sum": 0.00047273230763908946, "confidence": "Medium", "flagged": false }, "geometry": { "type": "Polygon", "coordinates": [ [ [ -118.192199330721465, 53.502951136779977 ], [ -118.142199330721468, 53.502951136779977 ], [ -118.142199330721468, 53.552951136779974 ], [ -118.192199330721465, 53.552951136779974 ], [ -118.192199330721465, 53.502951136779977 ] ] ] } },
{ "type": "Feature", "properties": { "value": 2, "label": "AQHI 2", "color": "#0099cb", "timestamp": "2026-09-16 17:00:00", "generated_at": "2026-09-16T23:31:17.755149", "nearest_km": 63.090069147059715, "n_points": 3, "weight_sum": 0.00052012236752115785, "confidence": "Medium", "flagged": false }, "geometry": { "type": "Polygon", "coordinates": [ [ [ -118.142199330721468, 53.502951136779977 ], [ -118.092199330721471, 53.502951136779977 ], [ -118.092199330721471, 53.552951136779974 ], [ -118.142199330721468, 53.552951136779974 ], [ -118.142199330721468, 53.502951136779977 ] ] ] } },
{ "type": "Feature", "properties": { "value": 2, "label": "AQHI 2", "color": "#0099cb", "timestamp": "2026-09-16 17:00:00", "generated_at": "2026-09-16T23:31:17.755149", "nearest_km": 57.655457553113614, "n_points": 3, "weight_sum": 0.00057692543088033212, "confidence": "Medium", "flagged": false }, "geometry": { "type": "Polygon", "coordinates": [ [ [ -118.092199330721471, 53.502951136779977 ], [ -118.042199330721473, 53.502951136779977 ], [ -118.042199330721473, 53.552951136779974 ], [ -118.092199330721471, 53.552951136779974 ], [ -118.092199330721471, 53.502951136779977 ] ] ] } },
{ "type": "Feature", "properties": { "value": 2, "label": "AQHI 2", "color": "#0099cb", "timestamp": "2026-09-16 17:00:00", "generated_at": "2026-09-16T23:31:17.755149", "nearest_km": 52.245112176518383, "n_points": 3, "weight_sum": 0.00064788530227857257, "confidence": "Medium", "flagged": false }, "geometry": { "type": "Polygon", "coordinates": [ [ [ -118.042199330721473, 53.502951136779977 ], [ -117.992199330721476, 53.502951136779977 ], [ -117.992199330721476, 53.552951136779974 ], [ -118.042199330721473, 53.552951136779974 ], [ -118.042199330721473, 53.502951136779977 ] ] ] } },
{ "type": "Feature", "properties": { "value": 2, "label": "AQHI 2", "color": "#0099cb", "timestamp": "2026-09-16 17:00:00", "generated_at": "2026-09-16T23:31:17.755149", "nearest_km": 46.867437598135076, "n_points": 3, "weight_sum": 0.00074066053472877133, "confidence": "Medium", "flagged": false }, "geometry": { "type": "Polygon", "coordinates": [ [ [ -117.992199330721476, 53.502951136779977 ], [ -117.942199330721479, 53.502951136779977 ], [ -117.942199330721479, 53.552951136779974 ], [ -117.992199330721476, 53.552951136779974 ], [ -117.992199330721476, 53.502951136779977 ] ] ] } },
{ "type": "Feature", "properties": { "value": 2, "label": "AQHI 2", "color": "#0099cb", "timestamp": "2026-09-16 17:00:00", "generated_at": "2026-09-16T23:31:17.755149", "nearest_km": 41.535125709370057, "n_points": 3, "weight_sum": 0.00086781615416331058, "confidence": "Medium", "flagged": false }, "geometry": { "type": "Polygon", "coordinates": [ [ [ -117.942199330721479, 53.502951136779977 ], [ -117.892199330721482, 53.502951136779977 ], [ -117.892199330721482, 53.552951136779974 ], [ -117.942199330721479, 53.552951136779974 ], [ -117.942199330721479, 53.502951136779977 ] ] ] } },
{ "type": "Feature", "properties": { "value": 2, "label": "AQHI 2", "color": "#0099cb", "timestamp": "2026-09-16 17:00:00", "generated_at": "2026-09-16T23:31:17.755149", "nearest_km": 36.268190310122392, "n_points": 3, "weight_sum": 0.0010506338260009404, "confidence": "Medium", "flagged": false }, "geometry": { "type": "Polygon", "coordinates": [ [ [ -117.892199330721482, 53.502951136779977 ], [ -117.842199330721485, 53.502951136779977 ], [ -117.842199330721485, 53.552951136779974 ], [ -117.892199330721482, 53.552951136779974 ], [ -117.892199330721482, 53.502951136779977 ] ] ] } },
{ "type": "Feature", "properties": { "value": 2, "label": "AQHI 2", "color": "#0099cb", "timestamp": "2026-09-16 17:00:00", "generated_at": "2026-09-16T23:31:17.755149", "nearest_km": 31.099864775418727, "n_points": 3, "weight_sum": 0.0013267268861342689, "confidence": "Medium", "flagged": false }, "geometry": { "type": "Polygon", "coordinates": [ [ [ -117.842199330721485, 53.502951136779977 ], [ -117.792199330721488, 53.502951136779977 ], [ -117.792199330721488, 53.552951136779974 ], [ -117.842199330721485, 53.552951136779974 ], [ -117.842199330721485, 53.502951136779977 ] ] ] } },
{ "type": "Feature", "properties": { "value": 2, "label": "AQHI 2", "color": "#0099cb", "timestamp": "2026-09-16 17:00:00", "generated_at": "2026-09-16T23:31:17.755149", "nearest_km": 26.088820397392411, "n_points": 4, "weight_sum": 0.0018114680285564629, "confidence": "Medium", "flagged": false }, "geometry": { "type": "Polygon", "coordinates": [ [ [ -117.792199330721488, 53.502951136779977 ], [ -117.74219933072149, 53.502951136779977 ], [ -117.74219933072149, 53.552951136779974 ], [ -117.792199330721488, 53.552951136779974 ], [ -117.792199330721488, 53.502951136779977 ] ] ] } },
{ "type": "Feature", "properties": { "value": 2, "label": "AQHI 2", "color": "#0099cb", "timestamp": "2026-09-16 17:00:00", "generated_at": "2026-09-16T23:31:17.755149", "nearest_km": 21.346112301903108, "n_points": 4, "weight_sum": 0.0025446113650326664, "confidence": "High", "flagged": false }, "geometry": { "type": "Polygon", "coordinates": [ [ [ -117.74219933072149, 53.502951136779977 ], [ -117.692199330721493, 53.502951136779977 ], [ -117.692199330721493, 53.552951136779974 ], [ -117.74219933072149, 53.552951136779974 ], [ -117.74219933072149, 53.502951136779977 ] ] ] } },
{ "type": "Feature", "properties": { "value": 2, "label": "AQHI 2", "color": "#0099cb", "timestamp": "2026-09-16 17:00:00", "generated_at": "2026-09-16T23:31:17.755149", "nearest_km": 17.096533890924, "n_points": 5, "weight_sum": 0.0038294706976938816, "confidence": "High", "flagged": false }, "geometry": { "type": "Polygon", "coordinates": [ [ [ -117.692199330721493, 53.502951136779977 ], [ -117.642199330721496, 53.502951136779977 ], [ -117.642199330721496, 53.552951136779974 ], [ -117.692199330721493, 53.552951136779974 ], [ -117.692199330721493, 53.502951136779977 ] ] ] } },
{ "type": "Feature", "properties": { "value": 2, "label": "AQHI 2", "color": "#0099cb", "timestamp": "2026-09-16 17:00:00", "generated_at": "2026-09-16T23:31:17.755149", "nearest_km": 13.803312347460656, "n_points": 5, "weight_sum": 0.005674461475473523, "confidence": "High", "flagged": false }, "geometry": { "type": "Polygon", "coordinates": [ [ [ -117.642199330721496, 53.502951136779977 ], [ -117.592199330721499, 53.502951136779977 ], [ -117.592199330721499, 53.552951136779974 ], [ -117.642199330721496, 53.552951136779974 ], [ -117.642199330721496, 53.502951136779977 ] ] ] } },
{ "type": "Feature", "properties": { "value": 2, "label": "AQHI 2", "color": "#0099cb", "timestamp": "2026-09-16 17:00:00", "generated_at": "2026-09-16T23:31:17.755149", "nearest_km": 12.262805243483223, "n_points": 5, "weight_sum": 0.0070984267135247338, "confidence": "High", "flagged": false }, "geometry": { "type": "Polygon", "coordinates": [ [ [ -117.592199330721499, 53.502951136779977 ], [ -117.542199330721502, 53.502951136779977 ], [ -117.542199330721502, 53.552951136779974 ], [ -117.592199330721499, 53.552951136779974 ], [ -117.592199330721499, 53.502951136779977 ] ] ] } },
{ "type": "Feature", "properties": { "value": 2, "label": "AQHI 2", "color": "#0099cb", "timestamp": "2026-09-16 17:00:00", "generated_at": "2026-09-16T23:31:17.755149", "nearest_km": 13.10825515153075, "n_points": 5, "weight_sum": 0.0062962619864075572, "confidence": "High", "flagged": false }, "geometry": { "type": "Polygon", "coordinates": [ [ [ -117.542199330721502, 53.502951136779977 ], [ -117.492199330721505, 53.502951136779977 ], [ -117.492199330721505, 53.552951136779974 ], [ -117.542199330721502, 53.552951136779974 ], [ -117.542199330721502, 53.502951136779977 ] ] ] } },
{ "type": "Feature", "properties": { "value": 2, "label": "AQHI 2", "color": "#0099cb", "timestamp": "2026-09-16 17:00:00", "generated_at": "2026-09-16T23:31:17.755149", "nearest_km": 15.965002780947401, "n_points": 5, "weight_sum": 0.0044340850593064677, "confidence": "High", "flagged": false }, "geometry": { "type": "Polygon", "coordinates": [ [ [ -117.492199330721505, 53.502951136779977 ], [ -117.442199330721508, 53.502951136779977 ], [ -117.442199330721508, 53.552951136779974 ], [ -117.492199330721505, 53.552951136779974 ], [ -117.492199330721505, 53.502951136779977 ] ] ] } },
{ "type": "Feature", "properties": { "value": 2, "label": "AQHI 2", "color": "#0099cb", "timestamp": "2026-09-16 17:00:00", "generated_at": "2026-09-16T23:31:17.755149", "nearest_km": 19.988528572000419, "n_points": 5, "weight_sum": 0.0030546541078192132, "confidence": "High", "flagged": false }, "geometry": { "type": "Polygon", "coordinates": [ [ [ -117.442199330721508, 53.502951136779977 ], [ -117.39219933072151, 53.502951136779977 ], [ -117.39219933072151, 53.552951136779974 ], [ -117.442199330721508, 53.552951136779974 ], [ -117.442199330721508, 53.502951136779977 ] ] ] } },
{ "type": "Feature", "properties": { "value": 2, "label": "AQHI 2", "color": "#0099cb", "timestamp": "2026-09-16 17:00:00", "generated_at": "2026-09-16T23:31:17.755149", "nearest_km": 24.613131356080821, "n_points": 5, "weight_sum": 0.0022505661145718458, "confidence": "High", "flagged": false }, "geometry": { "type": "Polygon", "coordinates": [ [ [ -117.39219933072151, 53.502951136779977 ], [ -117.342199330721513, 53.502951136779977 ], [ -117.342199330721513, 53.552951136779974 ], [ -117.39219933072151, 53.552951136779974 ], [ -117.39219933072151, 53.502951136779977 ] ] ] } },
{ "type": "Feature", "properties": { "value": 2, "label": "AQHI 2", "color": "#0099cb", "timestamp": "2026-09-16 17:00:00", "generated_at": "2026-09-16T23:31:17.755149", "nearest_km": 29.558014071139723, "n_points": 5, "weight_sum": 0.0017989431603884585, "confidence": "Medium", "flagged": false }, "geometry": { "type": "Polygon", "coordinates": [ [ [ -117.342199330721513, 53.502951136779977 ], [ -117.292199330721516, 53.502951136779977 ], [ -117.292199330721516, 53.552951136779974 ], [ -117.342199330721513, 53.552951136779974 ], [ -117.342199330721513, 53.502951136779977 ] ] ] } },
{ "type": "Feature", "properties": { "value": 2, "label": "AQHI 2", "color": "#0099cb", "timestamp": "2026-09-16 17:00:00", "generated_at": "2026-09-16T23:31:17.755149", "nearest_km": 34.686469357772516, "n_points": 5, "weight_sum": 0.0015445300609477654, "confidence": "Medium", "flagged": false }, "geometry": { "type": "Polygon", "coordinates": [ [ [ -117.292199330721516, 53.502951136779977 ], [ -117.242199330721519, 53.502951136779977 ], [ -117.242199330721519, 53.552951136779974 ], [ -117.292199330721516, 53.552951136779974 ], [ -117.292199330721516, 53.502951136779977 ] ] ] } },
{ "type": "Feature", "properties": { "value": 2, "label": "AQHI 2", "color": "#0099cb", "timestamp": "2026-09-16 17:00:00", "generated_at": "2026-09-16T23:31:17.755149", "nearest_km": 39.927823847358397, "n_points": 5, "weight_sum": 0.0014006798373601438, "confidence": "Medium", "flagged": false }, "geometry": { "type": "Polygon", "coordinates": [ [ [ -117.242199330721519, 53.502951136779977 ], [ -117.192199330721522, 53.502951136779977 ], [ -117.192199330721522, 53.552951136779974 ], [ -117.242199330721519, 53.552951136779974 ], [ -117.242199330721519, 53.502951136779977 ] ] ] } },
{ "type": "Feature", "properties": { "value": 2, "label": "AQHI 2", "color": "#0099cb", "timestamp": "2026-09-16 17:00:00", "generated_at": "2026-09-16T23:31:17.755149", "nearest_km": 42.623551278640889, "n_points": 5, "weight_sum": 0.001317779175545381, "confidence": "Medium", "flagged": false }, "geometry": { "type": "Polygon", "coordinates": [ [ [ -117.192199330721522, 53.502951136779977 ], [ -117.142199330721525, 53.502951136779977 ], [ -117.142199330721525, 53.552951136779974 ], [ -117.192199330721522, 53.552951136779974 ], [ -117.192199330721522, 53.502951136779977 ] ] ] } },
{ "type": "Feature", "properties": { "value": 2, "label": "AQHI 2", "color": "#0099cb", "timestamp": "2026-09-16 17:00:00", "generated_at": "2026-09-16T23:31:17.755149", "nearest_km": 41.509260308043842, "n_points": 5, "weight_sum": 0.0012652621595846555, "confidence": "Medium", "flagged": false }, "geometry": { "type": "Polygon", "coordinates": [ [ [ -117.142199330721525, 53.502951136779977 ], [ -117.092199330721527, 53.502951136779977 ], [ -117.092199330721527, 53.552951136779974 ], [ -117.142199330721525, 53.552951136779974 ], [ -117.142199330721525, 53.502951136779977 ] ] ] } },
{ "type": "Feature", "properties": { "value": 2, "label": "AQHI 2", "color": "#0099cb", "timestamp": "2026-09-16 17:00:00", "generated_at": "2026-09-16T23:31:17.755149", "nearest_km": 41.120253635391776, "n_points": 5, "weight_sum": 0.0012241322485968618, "confidence": "Medium", "flagged": false }, "geometry": { "type": "Polygon", "coordinates": [ [ [ -117.092199330721527, 53.502951136779977 ], [ -117.04219933072153, 53.502951136779977 ], [ -117.04219933072153, 53.552951136779974 ], [ -117.092199330721527, 53.552951136779974 ], [ -117.092199330721527, 53.502951136779977 ] ] ] } },
{ "type": "Feature", "properties": { "value": 2, "label": "AQHI 2", "color": "#0099cb", "timestamp": "2026-09-16 17:00:00", "generated_at": "2026-09-16T23:31:17.755149", "nearest_km": 41.4769433150148, "n_points": 5, "weight_sum": 0.0011845842819923481, "confidence": "Medium", "flagged": false }, "geometry": { "type": "Polygon", "coordinates": [ [ [ -117.04219933072153, 53.502951136779977 ], [ -116.992199330721533, 53.502951136779977 ], [ -116.992199330721533, 53.552951136779974 ], [ -117.04219933072153, 53.552951136779974 ], [ -117.04219933072153, 53.502951136779977 ] ] ] } },
{ "type": "Feature", "properties": { "value": 2, "label": "AQHI 2", "color": "#0099cb", "timestamp": "2026-09-16 17:00:00", "generated_at": "2026-09-16T23:31:17.755149", "nearest_km": 42.560584987461624, "n_points": 5, "weight_sum": 0.0011447890330985831, "confidence": "Medium", "flagged": false }, "geometry": { "type": "Polygon", "coordinates": [ [ [ -116.992199330721533, 53.502951136779977 ], [ -116.942199330721536, 53.502951136779977 ], [ -116.942199330721536, 53.552951136779974 ], [ -116.992199330721533, 53.552951136779974 ], [ -116.992199330721533, 53.502951136779977 ] ] ] } },
{ "type": "Feature", "properties": { "value": 2, "label": "AQHI 2", "color": "#0099cb", "timestamp": "2026-09-16 17:00:00", "generated_at": "2026-09-16T23:31:17.755149", "nearest_km": 44.317885353352885, "n_points": 5, "weight_sum": 0.0011088822961970487, "confidence": "Medium", "flagged": false }, "geometry": { "type": "Polygon", "coordinates": [ [ [ -116.942199330721536, 53.502951136779977 ], [ -116.892199330721539, 53.502951136779977 ], [ -116.892199330721539, 53.552951136779974 ], [ -116.942199330721536, 53.552951136779974 ], [ -116.942199330721536, 53.502951136779977 ] ] ] } },
{ "type": "Feature", "properties": { "value": 2, "label": "AQHI 2", "color": "#0099cb", "timestamp": "2026-09-16 17:00:00", "generated_at": "2026-09-16T23:31:17.755149", "nearest_km": 46.672813606112385, "n_points": 4, "weight_sum": 0.0010402035744400406, "confidence": "Medium", "flagged": false }, "geometry": { "type": "Polygon", "coordinates": [ [ [ -116.892199330721539, 53.502951136779977 ], [ -116.842199330721542, 53.502951136779977 ], [ -116.842199330721542, 53.552951136779974 ], [ -116.892199330721539, 53.552951136779974 ], [ -116.892199330721539, 53.502951136779977 ] ] ] } },
{ "type": "Feature", "properties": { "value": 2, "label": "AQHI 2", "color": "#0099cb", "timestamp": "2026-09-16 17:00:00", "generated_at": "2026-09-16T23:31:17.755149", "nearest_km": 49.540216971960078, "n_points": 4, "weight_sum": 0.0010394047703290278, "confidence": "Medium", "flagged": false }, "geometry": { "type": "Polygon", "coordinates": [ [ [ -116.842199330721542, 53.502951136779977 ], [ -116.792199330721544, 53.502951136779977 ], [ -116.792199330721544, 53.552951136779974 ], [ -116.842199330721542, 53.552951136779974 ], [ -116.842199330721542, 53.502951136779977 ] ] ] } },
{ "type": "Feature", "properties": { "value": 2, "label": "AQHI 2", "color": "#0099cb", "timestamp": "2026-09-16 17:00:00", "generated_at": "2026-09-16T23:31:17.755149", "nearest_km": 45.463492988314329, "n_points": 4, "weight_sum": 0.0010706597464366524, "confidence": "Medium", "flagged": false }, "geometry": { "type": "Polygon", "coordinates": [ [ [ -116.792199330721544, 53.502951136779977 ], [ -116.742199330721547, 53.502951136779977 ], [ -116.742199330721547, 53.552951136779974 ], [ -116.792199330721544, 53.552951136779974 ], [ -116.792199330721544, 53.502951136779977 ] ] ] } },
{ "type": "Feature", "properties": { "value": 2, "label": "AQHI 2", "color": "#0099cb", "timestamp": "2026-09-16 17:00:00", "generated_at": "2026-09-16T23:31:17.755149", "nearest_km": 40.069997168910852, "n_points": 4, "weight_sum": 0.0011499688001007035, "confidence": "Medium", "flagged": false }, "geometry": { "type": "Polygon", "coordinates": [ [ [ -116.742199330721547, 53.502951136779977 ], [ -116.69219933072155, 53.502951136779977 ], [ -116.69219933072155, 53.552951136779974 ], [ -116.742199330721547, 53.552951136779974 ], [ -116.742199330721547, 53.502951136779977 ] ] ] } },
{ "type": "Feature", "properties": { "value": 2, "label": "AQHI 2", "color": "#0099cb", "timestamp": "2026-09-16 17:00:00", "generated_at": "2026-09-16T23:31:17.755149", "nearest_km": 34.725857102950464, "n_points": 4, "weight_sum": 0.0013036597071294214, "confidence": "Medium", "flagged": false }, "geometry": { "type": "Polygon", "coordinates": [ [ [ -116.69219933072155, 53.502951136779977 ], [ -116.642199330721553, 53.502951136779977 ], [ -116.642199330721553, 53.552951136779974 ], [ -116.69219933072155, 53.552951136779974 ], [ -116.69219933072155, 53.502951136779977 ] ] ] } },
{ "type": "Feature", "properties": { "value": 2, "label": "AQHI 2", "color": "#0099cb", "timestamp": "2026-09-16 17:00:00", "generated_at": "2026-09-16T23:31:17.755149", "nearest_km": 29.457946804767964, "n_points": 4, "weight_sum": 0.0015805442719174219, "confidence": "Medium", "flagged": false }, "geometry": { "type": "Polygon", "coordinates": [ [ [ -116.642199330721553, 53.502951136779977 ], [ -116.592199330721556, 53.502951136779977 ], [ -116.592199330721556, 53.552951136779974 ], [ -116.642199330721553, 53.552951136779974 ], [ -116.642199330721553, 53.502951136779977 ] ] ] } },
{ "type": "Feature", "properties": { "value": 2, "label": "AQHI 2", "color": "#0099cb", "timestamp": "2026-09-16 17:00:00", "generated_at": "2026-09-16T23:31:17.755149", "nearest_km": 24.315861250848929, "n_points": 4, "weight_sum": 0.0020790716075042089, "confidence": "High", "flagged": false }, "geometry": { "type": "Polygon", "coordinates": [ [ [ -116.592199330721556, 53.502951136779977 ], [ -116.542199330721559, 53.502951136779977 ], [ -116.542199330721559, 53.552951136779974 ], [ -116.592199330721556, 53.552951136779974 ], [ -116.592199330721556, 53.502951136779977 ] ] ] } },
{ "type": "Feature", "properties": { "value": 2, "label": "AQHI 2", "color": "#0099cb", "timestamp": "2026-09-16 17:00:00", "generated_at": "2026-09-16T23:31:17.755149", "nearest_km": 19.399912030432674, "n_points": 4, "weight_sum": 0.0030094935496616051, "confidence": "High", "flagged": false }, "geometry": { "type": "Polygon", "coordinates": [ [ [ -116.542199330721559, 53.502951136779977 ], [ -116.492199330721562, 53.502951136779977 ], [ -116.492199330721562, 53.552951136779974 ], [ -116.542199330721559, 53.552951136779974 ], [ -116.542199330721559, 53.502951136779977 ] ] ] } },
{ "type": "Feature", "properties": { "value": 2, "label": "AQHI 2", "color": "#0099cb", "timestamp": "2026-09-16 17:00:00", "generated_at": "2026-09-16T23:31:17.755149", "nearest_km": 14.935095085285178, "n_points": 4, "weight_sum": 0.0048045929421005711, "confidence": "High", "flagged": false }, "geometry": { "type": "Polygon", "coordinates": [ [ [ -116.492199330721562, 53.502951136779977 ], [ -116.442199330721564, 53.502951136779977 ], [ -116.442199330721564, 53.552951136779974 ], [ -116.492199330721562, 53.552951136779974 ], [ -116.492199330721562, 53.502951136779977 ] ] ] } },
{ "type": "Feature", "properties": { "value": 2, "label": "AQHI 2", "color": "#0099cb", "timestamp": "2026-09-16 17:00:00", "generated_at": "2026-09-16T23:31:17.755149", "nearest_km": 11.461349991361644, "n_points": 4, "weight_sum": 0.0079066321656946128, "confidence": "High", "flagged": false }, "geometry": { "type": "Polygon", "coordinates": [ [ [ -116.442199330721564, 53.502951136779977 ], [ -116.392199330721567, 53.502951136779977 ], [ -116.392199330721567, 53.552951136779974 ], [ -116.442199330721564, 53.552951136779974 ], [ -116.442199330721564, 53.502951136779977 ] ] ] } },
{ "type": "Feature", "properties": { "value": 2, "label": "AQHI 2", "color": "#0099cb", "timestamp": "2026-09-16 17:00:00", "generated_at": "2026-09-16T23:31:17.755149", "nearest_km": 10.063449808214608, "n_points": 4, "weight_sum": 0.010144216493549275, "confidence": "High", "flagged": false }, "geometry": { "type": "Polygon", "coordinates": [ [ [ -116.392199330721567, 53.502951136779977 ], [ -116.34219933072157, 53.502951136779977 ], [ -116.34219933072157, 53.552951136779974 ], [ -116.392199330721567, 53.552951136779974 ], [ -116.392199330721567, 53.502951136779977 ] ] ] } },
{ "type": "Feature", "properties": { "value": 2, "label": "AQHI 2", "color": "#0099cb", "timestamp": "2026-09-16 17:00:00", "generated_at": "2026-09-16T23:31:17.755149", "nearest_km": 11.523389278351084, "n_points": 4, "weight_sum": 0.0077791680541329268, "confidence": "High", "flagged": false }, "geometry": { "type": "Polygon", "coordinates": [ [ [ -116.34219933072157, 53.502951136779977 ], [ -116.292199330721573, 53.502951136779977 ], [ -116.292199330721573, 53.552951136779974 ], [ -116.34219933072157, 53.552951136779974 ], [ -116.34219933072157, 53.502951136779977 ] ] ] } },
{ "type": "Feature", "properties": { "value": 2, "label": "AQHI 2", "color": "#0099cb", "timestamp": "2026-09-16 17:00:00", "generated_at": "2026-09-16T23:31:17.755149", "nearest_km": 15.030268756026013, "n_points": 5, "weight_sum": 0.0047009927216931655, "confidence": "High", "flagged": false }, "geometry": { "type": "Polygon", "coordinates": [ [ [ -116.292199330721573, 53.502951136779977 ], [ -116.242199330721576, 53.502951136779977 ], [ -116.242199330721576, 53.552951136779974 ], [ -116.292199330721573, 53.552951136779974 ], [ -116.292199330721573, 53.502951136779977 ] ] ] } },
{ "type": "Feature", "properties": { "value": 2, "label": "AQHI 2", "color": "#0099cb", "timestamp": "2026-09-16 17:00:00", "generated_at": "2026-09-16T23:31:17.755149", "nearest_km": 19.509855388913572, "n_points": 5, "weight_sum": 0.0028878626741590213, "confidence": "High", "flagged": false }, "geometry": { "type": "Polygon", "coordinates": [ [ [ -116.242199330721576, 53.502951136779977 ], [ -116.192199330721579, 53.502951136779977 ], [ -116.192199330721579, 53.552951136779974 ], [ -116.242199330721576, 53.552951136779974 ], [ -116.242199330721576, 53.502951136779977 ] ] ] } },
{ "type": "Feature", "properties": { "value": 2, "label": "AQHI 2", "color": "#0099cb", "timestamp": "2026-09-16 17:00:00", "generated_at": "2026-09-16T23:31:17.755149", "nearest_km": 24.432865892364344, "n_points": 4, "weight_sum": 0.001882580608478775, "confidence": "High", "flagged": false }, "geometry": { "type": "Polygon", "coordinates": [ [ [ -116.192199330721579, 53.502951136779977 ], [ -116.142199330721581, 53.502951136779977 ], [ -116.142199330721581, 53.552951136779974 ], [ -116.192199330721579, 53.552951136779974 ], [ -116.192199330721579, 53.502951136779977 ] ] ] } },
{ "type": "Feature", "properties": { "value": 2, "label": "AQHI 2", "color": "#0099cb", "timestamp": "2026-09-16 17:00:00", "generated_at": "2026-09-16T23:31:17.755149", "nearest_km": 29.578715559202276, "n_points": 4, "weight_sum": 0.001343599891472569, "confidence": "Medium", "flagged": false }, "geometry": { "type": "Polygon", "coordinates": [ [ [ -116.142199330721581, 53.502951136779977 ], [ -116.092199330721584, 53.502951136779977 ], [ -116.092199330721584, 53.552951136779974 ], [ -116.142199330721581, 53.552951136779974 ], [ -116.142199330721581, 53.502951136779977 ] ] ] } },
{ "type": "Feature", "properties": { "value": 2, "label": "AQHI 2", "color": "#0099cb", "timestamp": "2026-09-16 17:00:00", "generated_at": "2026-09-16T23:31:17.755149", "nearest_km": 34.848829141739067, "n_points": 4, "weight_sum": 0.0010188140631946904, "confidence": "Medium", "flagged": false }, "geometry": { "type": "Polygon", "coordinates": [ [ [ -116.092199330721584, 53.502951136779977 ], [ -116.042199330721587, 53.502951136779977 ], [ -116.042199330721587, 53.552951136779974 ], [ -116.092199330721584, 53.552951136779974 ], [ -116.092199330721584, 53.502951136779977 ] ] ] } },
{ "type": "Feature", "properties": { "value": 2, "label": "AQHI 2", "color": "#0099cb", "timestamp": "2026-09-16 17:00:00", "generated_at": "2026-09-16T23:31:17.755149", "nearest_km": 40.194357451861848, "n_points": 4, "weight_sum": 0.00081071978905657279, "confidence": "Medium", "flagged": false }, "geometry": { "type": "Polygon", "coordinates": [ [ [ -116.042199330721587, 53.502951136779977 ], [ -115.99219933072159, 53.502951136779977 ], [ -115.99219933072159, 53.552951136779974 ], [ -116.042199330721587, 53.552951136779974 ], [ -116.042199330721587, 53.502951136779977 ] ] ] } },
{ "type": "Feature", "properties": { "value": 2, "label": "AQHI 2", "color": "#0099cb", "timestamp": "2026-09-16 17:00:00", "generated_at": "2026-09-16T23:31:17.755149", "nearest_km": 45.588779862878049, "n_points": 4, "weight_sum": 0.00067086078174435502, "confidence": "Medium", "flagged": false }, "geometry": { "type": "Polygon", "coordinates": [ [ [ -115.99219933072159, 53.502951136779977 ], [ -115.942199330721593, 53.502951136779977 ], [ -115.942199330721593, 53.552951136779974 ], [ -115.99219933072159, 53.552951136779974 ], [ -115.99219933072159, 53.502951136779977 ] ] ] } },
{ "type": "Feature", "properties": { "value": 2, "label": "AQHI 2", "color": "#0099cb", "timestamp": "2026-09-16 17:00:00", "generated_at": "2026-09-16T23:31:17.755149", "nearest_km": 51.016588751148987, "n_points": 4, "weight_sum": 0.00057353507788009128, "confidence": "Medium", "flagged": false }, "geometry": { "type": "Polygon", "coordinates": [ [ [ -115.942199330721593, 53.502951136779977 ], [ -115.892199330721596, 53.502951136779977 ], [ -115.892199330721596, 53.552951136779974 ], [ -115.942199330721593, 53.552951136779974 ], [ -115.942199330721593, 53.502951136779977 ] ] ] } },
{ "type": "Feature", "properties": { "value": 2, "label": "AQHI 2", "color": "#0099cb", "timestamp": "2026-09-16 17:00:00", "generated_at": "2026-09-16T23:31:17.755149", "nearest_km": 56.468157453752291, "n_points": 4, "weight_sum": 0.00050429442060628393, "confidence": "Medium", "flagged": false }, "geometry": { "type": "Polygon", "coordinates": [ [ [ -115.892199330721596, 53.502951136779977 ], [ -115.842199330721598, 53.502951136779977 ], [ -115.842199330721598, 53.552951136779974 ], [ -115.892199330721596, 53.552951136779974 ], [ -115.892199330721596, 53.502951136779977 ] ] ] } },
{ "type": "Feature", "properties": { "value": 2, "label": "AQHI 2", "color": "#0099cb", "timestamp": "2026-09-16 17:00:00", "generated_at": "2026-09-16T23:31:17.755149", "nearest_km": 61.937212438401296, "n_points": 4, "weight_sum": 0.00045462792048444185, "confidence": "Medium", "flagged": false }, "geometry": { "type": "Polygon", "coordinates": [ [ [ -115.842199330721598, 53.502951136779977 ], [ -115.792199330721601, 53.502951136779977 ], [ -115.792199330721601, 53.552951136779974 ], [ -115.842199330721598, 53.552951136779974 ], [ -115.842199330721598, 53.502951136779977 ] ] ] } },
{ "type": "Feature", "properties": { "value": 2, "label": "AQHI 2", "color": "#0099cb", "timestamp": "2026-09-16 17:00:00", "generated_at": "2026-09-16T23:31:17.755149", "nearest_km": 67.419498389245959, "n_points": 3, "weight_sum": 0.00037503933230265005, "confidence": "Medium", "flagged": false }, "geometry": { "type": "Polygon", "coordinates": [ [ [ -115.792199330721601, 53.502951136779977 ], [ -115.742199330721604, 53.502951136779977 ], [ -115.742199330721604, 53.552951136779974 ], [ -115.792199330721601, 53.552951136779974 ], [ -115.792199330721601, 53.502951136779977 ] ] ] } },
{ "type": "Feature", "properties": { "value": 2, "label": "AQHI 2", "color": "#0099cb", "timestamp": "2026-09-16 17:00:00", "generated_at": "2026-09-16T23:31:17.755149", "nearest_km": 72.912030841798767, "n_points": 2, "weight_sum": 0.00031186735734275637, "confidence": "Medium", "flagged": false }, "geometry": { "type": "Polygon", "coordinates": [ [ [ -115.742199330721604, 53.502951136779977 ], [ -115.692199330721607, 53.502951136779977 ], [ -115.692199330721607, 53.552951136779974 ], [ -115.742199330721604, 53.552951136779974 ], [ -115.742199330721604, 53.502951136779977 ] ] ] } },
{ "type": "Feature", "properties": { "value": 2, "label": "AQHI 2", "color": "#0099cb", "timestamp": "2026-09-16 17:00:00", "generated_at": "2026-09-16T23:31:17.755149", "nearest_km": 78.412656630758832, "n_points": 2, "weight_sum": 0.00030199481573221152, "confidence": "Low", "flagged": false }, "geometry": { "type": "Polygon", "coordinates": [ [ [ -115.692199330721607, 53.502951136779977 ], [ -115.64219933072161, 53.502951136779977 ], [ -115.64219933072161, 53.552951136779974 ], [ -115.692199330721607, 53.552951136779974 ], [ -115.692199330721607, 53.502951136779977 ] ] ] } },
{ "type": "Feature", "properties": { "value": 2, "label": "AQHI 2", "color": "#0099cb", "timestamp": "2026-09-16 17:00:00", "generated_at": "2026-09-16T23:31:17.755149", "nearest_km": 79.582872291214159, "n_points": 2, "weight_sum": 0.00029988665940347255, "confidence": "Low", "flagged": false }, "geometry": { "type": "Polygon", "coordinates": [ [ [ -115.64219933072161, 53.502951136779977 ], [ -115.592199330721613, 53.502951136779977 ], [ -115.592199330721613, 53.552951136779974 ], [ -115.64219933072161, 53.552951136779974 ], [ -115.64219933072161, 53.502951136779977 ] ] ] } },
{ "type": "Feature", "properties": { "value": 2, "label": "AQHI 2", "color": "#0099cb", "timestamp": "2026-09-16 17:00:00", "generated_at": "2026-09-16T23:31:17.755149", "nearest_km": 74.515362600860001, "n_points": 2, "weight_sum": 0.0003051271522757283, "confidence": "Medium", "flagged": false }, "geometry": { "type": "Polygon", "coordinates": [ [ [ -115.592199330721613, 53.502951136779977 ], [ -115.542199330721616, 53.502951136779977 ], [ -115.542199330721616, 53.552951136779974 ], [ -115.592199330721613, 53.552951136779974 ], [ -115.592199330721613, 53.502951136779977 ] ] ] } },
{ "type": "Feature", "properties": { "value": 2, "label": "AQHI 2", "color": "#0099cb", "timestamp": "2026-09-16 17:00:00", "generated_at": "2026-09-16T23:31:17.755149", "nearest_km": 69.521579131630645, "n_points": 2, "weight_sum": 0.00031782246448659951, "confidence": "Medium", "flagged": false }, "geometry": { "type": "Polygon", "coordinates": [ [ [ -115.542199330721616, 53.502951136779977 ], [ -115.492199330721618, 53.502951136779977 ], [ -115.492199330721618, 53.552951136779974 ], [ -115.542199330721616, 53.552951136779974 ], [ -115.542199330721616, 53.502951136779977 ] ] ] } },
{ "type": "Feature", "properties": { "value": 2, "label": "AQHI 2", "color": "#0099cb", "timestamp": "2026-09-16 17:00:00", "generated_at": "2026-09-16T23:31:17.755149", "nearest_km": 64.618617026159825, "n_points": 3, "weight_sum": 0.00038608967040321135, "confidence": "Medium", "flagged": false }, "geometry": { "type": "Polygon", "coordinates": [ [ [ -115.492199330721618, 53.502951136779977 ], [ -115.442199330721621, 53.502951136779977 ], [ -115.442199330721621, 53.552951136779974 ], [ -115.492199330721618, 53.552951136779974 ], [ -115.492199330721618, 53.502951136779977 ] ] ] } },
{ "type": "Feature", "properties": { "value": 2, "label": "AQHI 2", "color": "#0099cb", "timestamp": "2026-09-16 17:00:00", "generated_at": "2026-09-16T23:31:17.755149", "nearest_km": 59.828808844831883, "n_points": 3, "weight_sum": 0.00041972396053837843, "confidence": "Medium", "flagged": false }, "geometry": { "type": "Polygon", "coordinates": [ [ [ -115.442199330721621, 53.502951136779977 ], [ -115.392199330721624, 53.502951136779977 ], [ -115.392199330721624, 53.552951136779974 ], [ -115.442199330721621, 53.552951136779974 ], [ -115.442199330721621, 53.502951136779977 ] ] ] } },
{ "type": "Feature", "properties": { "value": 2, "label": "AQHI 2", "color": "#0099cb", "timestamp": "2026-09-16 17:00:00", "generated_at": "2026-09-16T23:31:17.755149", "nearest_km": 55.181628004339906, "n_points": 3, "weight_sum": 0.00046443896773500006, "confidence": "Medium", "flagged": false }, "geometry": { "type": "Polygon", "coordinates": [ [ [ -115.392199330721624, 53.502951136779977 ], [ -115.342199330721627, 53.502951136779977 ], [ -115.342199330721627, 53.552951136779974 ], [ -115.392199330721624, 53.552951136779974 ], [ -115.392199330721624, 53.502951136779977 ] ] ] } },
{ "type": "Feature", "properties": { "value": 2, "label": "AQHI 2", "color": "#0099cb", "timestamp": "2026-09-16 17:00:00", "generated_at": "2026-09-16T23:31:17.755149", "nearest_km": 50.71629689387089, "n_points": 3, "weight_sum": 0.00052223260221895685, "confidence": "Medium", "flagged": false }, "geometry": { "type": "Polygon", "coordinates": [ [ [ -115.342199330721627, 53.502951136779977 ], [ -115.29219933072163, 53.502951136779977 ], [ -115.29219933072163, 53.552951136779974 ], [ -115.342199330721627, 53.552951136779974 ], [ -115.342199330721627, 53.502951136779977 ] ] ] } },
{ "type": "Feature", "properties": { "value": 2, "label": "AQHI 2", "color": "#0099cb", "timestamp": "2026-09-16 17:00:00", "generated_at": "2026-09-16T23:31:17.755149", "nearest_km": 46.485250048215939, "n_points": 3, "weight_sum": 0.00059527518809832233, "confidence": "Medium", "flagged": false }, "geometry": { "type": "Polygon", "coordinates": [ [ [ -115.29219933072163, 53.502951136779977 ], [ -115.242199330721633, 53.502951136779977 ], [ -115.242199330721633, 53.552951136779974 ], [ -115.29219933072163, 53.552951136779974 ], [ -115.29219933072163, 53.502951136779977 ] ] ] } },
{ "type": "Feature", "properties": { "value": 2, "label": "AQHI 2", "color": "#0099cb", "timestamp": "2026-09-16 17:00:00", "generated_at": "2026-09-16T23:31:17.755149", "nearest_km": 42.558420711570754, "n_points": 3, "weight_sum": 0.00068525001176373667, "confidence": "Medium", "flagged": false }, "geometry": { "type": "Polygon", "coordinates": [ [ [ -115.242199330721633, 53.502951136779977 ], [ -115.192199330721635, 53.502951136779977 ], [ -115.192199330721635, 53.552951136779974 ], [ -115.242199330721633, 53.552951136779974 ], [ -115.242199330721633, 53.502951136779977 ] ] ] } },
{ "type": "Feature", "properties": { "value": 2, "label": "AQHI 2", "color": "#0099cb", "timestamp": "2026-09-16 17:00:00", "generated_at": "2026-09-16T23:31:17.755149", "nearest_km": 39.027744937171839, "n_points": 3, "weight_sum": 0.00079190387060651304, "confidence": "Medium", "flagged": false }, "geometry": { "type": "Polygon", "coordinates": [ [ [ -115.192199330721635, 53.502951136779977 ], [ -115.142199330721638, 53.502951136779977 ], [ -115.142199330721638, 53.552951136779974 ], [ -115.192199330721635, 53.552951136779974 ], [ -115.192199330721635, 53.502951136779977 ] ] ] } },
{ "type": "Feature", "properties": { "value": 2, "label": "AQHI 2", "color": "#0099cb", "timestamp": "2026-09-16 17:00:00", "generated_at": "2026-09-16T23:31:17.755149", "nearest_km": 36.009937188209911, "n_points": 3, "weight_sum": 0.00091048248336471111, "confidence": "Medium", "flagged": false }, "geometry": { "type": "Polygon", "coordinates": [ [ [ -115.142199330721638, 53.502951136779977 ], [ -115.092199330721641, 53.502951136779977 ], [ -115.092199330721641, 53.552951136779974 ], [ -115.142199330721638, 53.552951136779974 ], [ -115.142199330721638, 53.502951136779977 ] ] ] } },
{ "type": "Feature", "properties": { "value": 2, "label": "AQHI 2", "color": "#0099cb", "timestamp": "2026-09-16 17:00:00", "generated_at": "2026-09-16T23:31:17.755149", "nearest_km": 33.643294691761334, "n_points": 4, "weight_sum": 0.0010743408183436689, "confidence": "Medium", "flagged": false }, "geometry": { "type": "Polygon", "coordinates": [ [ [ -115.092199330721641, 53.502951136779977 ], [ -115.042199330721644, 53.502951136779977 ], [ -115.042199330721644, 53.552951136779974 ], [ -115.092199330721641, 53.552951136779974 ], [ -115.092199330721641, 53.502951136779977 ] ] ] } },
{ "type": "Feature", "properties": { "value": 2, "label": "AQHI 2", "color": "#0099cb", "timestamp": "2026-09-16 17:00:00", "generated_at": "2026-09-16T23:31:17.755149", "nearest_km": 32.072293013355988, "n_points": 3, "weight_sum": 0.0011301935177651147, "confidence": "Medium", "flagged": false }, "geometry": { "type": "Polygon", "coordinates": [ [ [ -115.042199330721644, 53.502951136779977 ], [ -114.992199330721647, 53.502951136779977 ], [ -114.992199330721647, 53.552951136779974 ], [ -115.042199330721644, 53.552951136779974 ], [ -115.042199330721644, 53.502951136779977 ] ] ] } },
{ "type": "Feature", "properties": { "value": 2, "label": "AQHI 2", "color": "#0099cb", "timestamp": "2026-09-16 17:00:00", "generated_at": "2026-09-16T23:31:17.755149", "nearest_km": 31.416519230373417, "n_points": 3, "weight_sum": 0.0011886249816875983, "confidence": "Medium", "flagged": false }, "geometry": { "type": "Polygon", "coordinates": [ [ [ -114.992199330721647, 53.502951136779977 ], [ -114.94219933072165, 53.502951136779977 ], [ -114.94219933072165, 53.552951136779974 ], [ -114.992199330721647, 53.552951136779974 ], [ -114.992199330721647, 53.502951136779977 ] ] ] } },
{ "type": "Feature", "properties": { "value": 2, "label": "AQHI 2", "color": "#0099cb", "timestamp": "2026-09-16 17:00:00", "generated_at": "2026-09-16T23:31:17.755149", "nearest_km": 31.732765116993434, "n_points": 4, "weight_sum": 0.0012345019012519338, "confidence": "Medium", "flagged": false }, "geometry": { "type": "Polygon", "coordinates": [ [ [ -114.94219933072165, 53.502951136779977 ], [ -114.892199330721652, 53.502951136779977 ], [ -114.892199330721652, 53.552951136779974 ], [ -114.94219933072165, 53.552951136779974 ], [ -114.94219933072165, 53.502951136779977 ] ] ] } },
{ "type": "Feature", "properties": { "value": 2, "label": "AQHI 2", "color": "#0099cb", "timestamp": "2026-09-16 17:00:00", "generated_at": "2026-09-16T23:31:17.755149", "nearest_km": 32.99309144939469, "n_points": 4, "weight_sum": 0.0011880186373884687, "confidence": "Medium", "flagged": false }, "geometry": { "type": "Polygon", "coordinates": [ [ [ -114.892199330721652, 53.502951136779977 ], [ -114.842199330721655, 53.502951136779977 ], [ -114.842199330721655, 53.552951136779974 ], [ -114.892199330721652, 53.552951136779974 ], [ -114.892199330721652, 53.502951136779977 ] ] ] } },
{ "type": "Feature", "properties": { "value": 2, "label": "AQHI 2", "color": "#0099cb", "timestamp": "2026-09-16 17:00:00", "generated_at": "2026-09-16T23:31:17.755149", "nearest_km": 84.873122133391874, "n_points": 2, "weight_sum": 0.00024545622518960537, "confidence": "Low", "flagged": false }, "geometry": { "type": "Polygon", "coordinates": [ [ [ -118.442199330721451, 53.552951136779974 ], [ -118.392199330721454, 53.552951136779974 ], [ -118.392199330721454, 53.602951136779971 ], [ -118.442199330721451, 53.602951136779971 ], [ -118.442199330721451, 53.552951136779974 ] ] ] } },
{ "type": "Feature", "properties": { "value": 2, "label": "AQHI 2", "color": "#0099cb", "timestamp": "2026-09-16 17:00:00", "generated_at": "2026-09-16T23:31:17.755149", "nearest_km": 82.474716060667845, "n_points": 2, "weight_sum": 0.00026674489341088587, "confidence": "Low", "flagged": false }, "geometry": { "type": "Polygon", "coordinates": [ [ [ -118.392199330721454, 53.552951136779974 ], [ -118.342199330721456, 53.552951136779974 ], [ -118.342199330721456, 53.602951136779971 ], [ -118.392199330721454, 53.602951136779971 ], [ -118.392199330721454, 53.552951136779974 ] ] ] } },
{ "type": "Feature", "properties": { "value": 2, "label": "AQHI 2", "color": "#0099cb", "timestamp": "2026-09-16 17:00:00", "generated_at": "2026-09-16T23:31:17.755149", "nearest_km": 80.38852976579372, "n_points": 3, "weight_sum": 0.00033669251006117004, "confidence": "Low", "flagged": false }, "geometry": { "type": "Polygon", "coordinates": [ [ [ -118.342199330721456, 53.552951136779974 ], [ -118.292199330721459, 53.552951136779974 ], [ -118.292199330721459, 53.602951136779971 ], [ -118.342199330721456, 53.602951136779971 ], [ -118.342199330721456, 53.552951136779974 ] ] ] } },
{ "type": "Feature", "properties": { "value": 2, "label": "AQHI 2", "color": "#0099cb", "timestamp": "2026-09-16 17:00:00", "generated_at": "2026-09-16T23:31:17.755149", "nearest_km": 78.639415349581654, "n_points": 3, "weight_sum": 0.00036601971178299505, "confidence": "Low", "flagged": false }, "geometry": { "type": "Polygon", "coordinates": [ [ [ -118.292199330721459, 53.552951136779974 ], [ -118.242199330721462, 53.552951136779974 ], [ -118.242199330721462, 53.602951136779971 ], [ -118.292199330721459, 53.602951136779971 ], [ -118.292199330721459, 53.552951136779974 ] ] ] } },
{ "type": "Feature", "properties": { "value": 2, "label": "AQHI 2", "color": "#0099cb", "timestamp": "2026-09-16 17:00:00", "generated_at": "2026-09-16T23:31:17.755149", "nearest_km": 75.12775690516213, "n_points": 3, "weight_sum": 0.00039878898792530842, "confidence": "Low", "flagged": false }, "geometry": { "type": "Polygon", "coordinates": [ [ [ -118.242199330721462, 53.552951136779974 ], [ -118.192199330721465, 53.552951136779974 ], [ -118.192199330721465, 53.602951136779971 ], [ -118.242199330721462, 53.602951136779971 ], [ -118.242199330721462, 53.552951136779974 ] ] ] } },
{ "type": "Feature", "properties": { "value": 2, "label": "AQHI 2", "color": "#0099cb", "timestamp": "2026-09-16 17:00:00", "generated_at": "2026-09-16T23:31:17.755149", "nearest_km": 69.747866048211549, "n_points": 3, "weight_sum": 0.00043602295502185424, "confidence": "Medium", "flagged": false }, "geometry": { "type": "Polygon", "coordinates": [ [ [ -118.192199330721465, 53.552951136779974 ], [ -118.142199330721468, 53.552951136779974 ], [ -118.142199330721468, 53.602951136779971 ], [ -118.192199330721465, 53.602951136779971 ], [ -118.192199330721465, 53.552951136779974 ] ] ] } },
{ "type": "Feature", "properties": { "value": 2, "label": "AQHI 2", "color": "#0099cb", "timestamp": "2026-09-16 17:00:00", "generated_at": "2026-09-16T23:31:17.755149", "nearest_km": 64.396853797040251, "n_points": 3, "weight_sum": 0.00047931749288287497, "confidence": "Medium", "flagged": false }, "geometry": { "type": "Polygon", "coordinates": [ [ [ -118.142199330721468, 53.552951136779974 ], [ -118.092199330721471, 53.552951136779974 ], [ -118.092199330721471, 53.602951136779971 ], [ -118.142199330721468, 53.602951136779971 ], [ -118.142199330721468, 53.552951136779974 ] ] ] } },
{ "type": "Feature", "properties": { "value": 2, "label": "AQHI 2", "color": "#0099cb", "timestamp": "2026-09-16 17:00:00", "generated_at": "2026-09-16T23:31:17.755149", "nearest_km": 59.08256713816256, "n_points": 3, "weight_sum": 0.00053113566774952458, "confidence": "Medium", "flagged": false }, "geometry": { "type": "Polygon", "coordinates": [ [ [ -118.092199330721471, 53.552951136779974 ], [ -118.042199330721473, 53.552951136779974 ], [ -118.042199330721473, 53.602951136779971 ], [ -118.092199330721471, 53.602951136779971 ], [ -118.092199330721471, 53.552951136779974 ] ] ] } },
{ "type": "Feature", "properties": { "value": 2, "label": "AQHI 2", "color": "#0099cb", "timestamp": "2026-09-16 17:00:00", "generated_at": "2026-09-16T23:31:17.755149", "nearest_km": 53.815887062405558, "n_points": 3, "weight_sum": 0.00059524593382425002, "confidence": "Medium", "flagged": false }, "geometry": { "type": "Polygon", "coordinates": [ [ [ -118.042199330721473, 53.552951136779974 ], [ -117.992199330721476, 53.552951136779974 ], [ -117.992199330721476, 53.602951136779971 ], [ -118.042199330721473, 53.602951136779971 ], [ -118.042199330721473, 53.552951136779974 ] ] ] } },
{ "type": "Feature", "properties": { "value": 2, "label": "AQHI 2", "color": "#0099cb", "timestamp": "2026-09-16 17:00:00", "generated_at": "2026-09-16T23:31:17.755149", "nearest_km": 48.612289197194627, "n_points": 3, "weight_sum": 0.0006773989663569933, "confidence": "Medium", "flagged": false }, "geometry": { "type": "Polygon", "coordinates": [ [ [ -117.992199330721476, 53.552951136779974 ], [ -117.942199330721479, 53.552951136779974 ], [ -117.942199330721479, 53.602951136779971 ], [ -117.992199330721476, 53.602951136779971 ], [ -117.992199330721476, 53.552951136779974 ] ] ] } },
{ "type": "Feature", "properties": { "value": 2, "label": "AQHI 2", "color": "#0099cb", "timestamp": "2026-09-16 17:00:00", "generated_at": "2026-09-16T23:31:17.755149", "nearest_km": 43.494420580917897, "n_points": 3, "weight_sum": 0.00078640332330747007, "confidence": "Medium", "flagged": false }, "geometry": { "type": "Polygon", "coordinates": [ [ [ -117.942199330721479, 53.552951136779974 ], [ -117.892199330721482, 53.552951136779974 ], [ -117.892199330721482, 53.602951136779971 ], [ -117.942199330721479, 53.602951136779971 ], [ -117.942199330721479, 53.552951136779974 ] ] ] } },
{ "type": "Feature", "properties": { "value": 2, "label": "AQHI 2", "color": "#0099cb", "timestamp": "2026-09-16 17:00:00", "generated_at": "2026-09-16T23:31:17.755149", "nearest_km": 38.49648792224891, "n_points": 3, "weight_sum": 0.00093582969314115884, "confidence": "Medium", "flagged": false }, "geometry": { "type": "Polygon", "coordinates": [ [ [ -117.892199330721482, 53.552951136779974 ], [ -117.842199330721485, 53.552951136779974 ], [ -117.842199330721485, 53.602951136779971 ], [ -117.892199330721482, 53.602951136779971 ], [ -117.892199330721482, 53.552951136779974 ] ] ] } },
{ "type": "Feature", "properties": { "value": 2, "label": "AQHI 2", "color": "#0099cb", "timestamp": "2026-09-16 17:00:00", "generated_at": "2026-09-16T23:31:17.755149", "nearest_km": 33.671939994985898, "n_points": 4, "weight_sum": 0.0011921909192174425, "confidence": "Medium", "flagged": false }, "geometry": { "type": "Polygon", "coordinates": [ [ [ -117.842199330721485, 53.552951136779974 ], [ -117.792199330721488, 53.552951136779974 ], [ -117.792199330721488, 53.602951136779971 ], [ -117.842199330721485, 53.602951136779971 ], [ -117.842199330721485, 53.552951136779974 ] ] ] } },
{ "type": "Feature", "properties": { "value": 2, "label": "AQHI 2", "color": "#0099cb", "timestamp": "2026-09-16 17:00:00", "generated_at": "2026-09-16T23:31:17.755149", "nearest_km": 29.107121185441873, "n_points": 4, "weight_sum": 0.0014974640756642496, "confidence": "Medium", "flagged": false }, "geometry": { "type": "Polygon", "coordinates": [ [ [ -117.792199330721488, 53.552951136779974 ], [ -117.74219933072149, 53.552951136779974 ], [ -117.74219933072149, 53.602951136779971 ], [ -117.792199330721488, 53.602951136779971 ], [ -117.792199330721488, 53.552951136779974 ] ] ] } },
{ "type": "Feature", "properties": { "value": 2, "label": "AQHI 2", "color": "#0099cb", "timestamp": "2026-09-16 17:00:00", "generated_at": "2026-09-16T23:31:17.755149", "nearest_km": 24.945028851096968, "n_points": 5, "weight_sum": 0.0019771536887060763, "confidence": "High", "flagged": false }, "geometry": { "type": "Polygon", "coordinates": [ [ [ -117.74219933072149, 53.552951136779974 ], [ -117.692199330721493, 53.552951136779974 ], [ -117.692199330721493, 53.602951136779971 ], [ -117.74219933072149, 53.602951136779971 ], [ -117.74219933072149, 53.552951136779974 ] ] ] } },
{ "type": "Feature", "properties": { "value": 2, "label": "AQHI 2", "color": "#0099cb", "timestamp": "2026-09-16 17:00:00", "generated_at": "2026-09-16T23:31:17.755149", "nearest_km": 21.421704532088803, "n_points": 5, "weight_sum": 0.0025632294999747159, "confidence": "High", "flagged": false }, "geometry": { "type": "Polygon", "coordinates": [ [ [ -117.692199330721493, 53.552951136779974 ], [ -117.642199330721496, 53.552951136779974 ], [ -117.642199330721496, 53.602951136779971 ], [ -117.692199330721493, 53.602951136779971 ], [ -117.692199330721493, 53.552951136779974 ] ] ] } },
{ "type": "Feature", "properties": { "value": 2, "label": "AQHI 2", "color": "#0099cb", "timestamp": "2026-09-16 17:00:00", "generated_at": "2026-09-16T23:31:17.755149", "nearest_km": 18.897867227233892, "n_points": 5, "weight_sum": 0.0032011361487722942, "confidence": "High", "flagged": false }, "geometry": { "type": "Polygon", "coordinates": [ [ [ -117.642199330721496, 53.552951136779974 ], [ -117.592199330721499, 53.552951136779974 ], [ -117.592199330721499, 53.602951136779971 ], [ -117.642199330721496, 53.602951136779971 ], [ -117.642199330721496, 53.552951136779974 ] ] ] } },
{ "type": "Feature", "properties": { "value": 2, "label": "AQHI 2", "color": "#0099cb", "timestamp": "2026-09-16 17:00:00", "generated_at": "2026-09-16T23:31:17.755149", "nearest_km": 17.803773375781905, "n_points": 5, "weight_sum": 0.003576415731819188, "confidence": "High", "flagged": false }, "geometry": { "type": "Polygon", "coordinates": [ [ [ -117.592199330721499, 53.552951136779974 ], [ -117.542199330721502, 53.552951136779974 ], [ -117.542199330721502, 53.602951136779971 ], [ -117.592199330721499, 53.602951136779971 ], [ -117.592199330721499, 53.552951136779974 ] ] ] } },
{ "type": "Feature", "properties": { "value": 2, "label": "AQHI 2", "color": "#0099cb", "timestamp": "2026-09-16 17:00:00", "generated_at": "2026-09-16T23:31:17.755149", "nearest_km": 18.39631232324113, "n_points": 5, "weight_sum": 0.0034010970151462324, "confidence": "High", "flagged": false }, "geometry": { "type": "Polygon", "coordinates": [ [ [ -117.542199330721502, 53.552951136779974 ], [ -117.492199330721505, 53.552951136779974 ], [ -117.492199330721505, 53.602951136779971 ], [ -117.542199330721502, 53.602951136779971 ], [ -117.542199330721502, 53.552951136779974 ] ] ] } },
{ "type": "Feature", "properties": { "value": 2, "label": "AQHI 2", "color": "#0099cb", "timestamp": "2026-09-16 17:00:00", "generated_at": "2026-09-16T23:31:17.755149", "nearest_km": 20.529960247702849, "n_points": 5, "weight_sum": 0.0028479342008466395, "confidence": "High", "flagged": false }, "geometry": { "type": "Polygon", "coordinates": [ [ [ -117.492199330721505, 53.552951136779974 ], [ -117.442199330721508, 53.552951136779974 ], [ -117.442199330721508, 53.602951136779971 ], [ -117.492199330721505, 53.602951136779971 ], [ -117.492199330721505, 53.552951136779974 ] ] ] } },
{ "type": "Feature", "properties": { "value": 2, "label": "AQHI 2", "color": "#0099cb", "timestamp": "2026-09-16 17:00:00", "generated_at": "2026-09-16T23:31:17.755149", "nearest_km": 23.793680430952207, "n_points": 5, "weight_sum": 0.0022754484272084902, "confidence": "High", "flagged": false }, "geometry": { "type": "Polygon", "coordinates": [ [ [ -117.442199330721508, 53.552951136779974 ], [ -117.39219933072151, 53.552951136779974 ], [ -117.39219933072151, 53.602951136779971 ], [ -117.442199330721508, 53.602951136779971 ], [ -117.442199330721508, 53.552951136779974 ] ] ] } },
{ "type": "Feature", "properties": { "value": 2, "label": "AQHI 2", "color": "#0099cb", "timestamp": "2026-09-16 17:00:00", "generated_at": "2026-09-16T23:31:17.755149", "nearest_km": 27.792160569633477, "n_points": 5, "weight_sum": 0.0018419898831188951, "confidence": "Medium", "flagged": false }, "geometry": { "type": "Polygon", "coordinates": [ [ [ -117.39219933072151, 53.552951136779974 ], [ -117.342199330721513, 53.552951136779974 ], [ -117.342199330721513, 53.602951136779971 ], [ -117.39219933072151, 53.602951136779971 ], [ -117.39219933072151, 53.552951136779974 ] ] ] } },
{ "type": "Feature", "properties": { "value": 2, "label": "AQHI 2", "color": "#0099cb", "timestamp": "2026-09-16 17:00:00", "generated_at": "2026-09-16T23:31:17.755149", "nearest_km": 32.253281225424104, "n_points": 5, "weight_sum": 0.0015506027410593115, "confidence": "Medium", "flagged": false }, "geometry": { "type": "Polygon", "coordinates": [ [ [ -117.342199330721513, 53.552951136779974 ], [ -117.292199330721516, 53.552951136779974 ], [ -117.292199330721516, 53.602951136779971 ], [ -117.342199330721513, 53.602951136779971 ], [ -117.342199330721513, 53.552951136779974 ] ] ] } },
{ "type": "Feature", "properties": { "value": 2, "label": "AQHI 2", "color": "#0099cb", "timestamp": "2026-09-16 17:00:00", "generated_at": "2026-09-16T23:31:17.755149", "nearest_km": 37.01012173020095, "n_points": 5, "weight_sum": 0.001363668375986225, "confidence": "Medium", "flagged": false }, "geometry": { "type": "Polygon", "coordinates": [ [ [ -117.292199330721516, 53.552951136779974 ], [ -117.242199330721519, 53.552951136779974 ], [ -117.242199330721519, 53.602951136779971 ], [ -117.292199330721516, 53.602951136779971 ], [ -117.292199330721516, 53.552951136779974 ] ] ] } },
{ "type": "Feature", "properties": { "value": 2, "label": "AQHI 2", "color": "#0099cb", "timestamp": "2026-09-16 17:00:00", "generated_at": "2026-09-16T23:31:17.755149", "nearest_km": 41.962233867637259, "n_points": 5, "weight_sum": 0.0012458429766578, "confidence": "Medium", "flagged": false }, "geometry": { "type": "Polygon", "coordinates": [ [ [ -117.242199330721519, 53.552951136779974 ], [ -117.192199330721522, 53.552951136779974 ], [ -117.192199330721522, 53.602951136779971 ], [ -117.242199330721519, 53.602951136779971 ], [ -117.242199330721519, 53.552951136779974 ] ] ] } },
{ "type": "Feature", "properties": { "value": 2, "label": "AQHI 2", "color": "#0099cb", "timestamp": "2026-09-16 17:00:00", "generated_at": "2026-09-16T23:31:17.755149", "nearest_km": 47.047997107637507, "n_points": 5, "weight_sum": 0.0011711413996676693, "confidence": "Medium", "flagged": false }, "geometry": { "type": "Polygon", "coordinates": [ [ [ -117.192199330721522, 53.552951136779974 ], [ -117.142199330721525, 53.552951136779974 ], [ -117.142199330721525, 53.602951136779971 ], [ -117.192199330721522, 53.602951136779971 ], [ -117.192199330721522, 53.552951136779974 ] ] ] } },
{ "type": "Feature", "properties": { "value": 2, "label": "AQHI 2", "color": "#0099cb", "timestamp": "2026-09-16 17:00:00", "generated_at": "2026-09-16T23:31:17.755149", "nearest_km": 47.013338925750887, "n_points": 5, "weight_sum": 0.0011215888885702657, "confidence": "Medium", "flagged": false }, "geometry": { "type": "Polygon", "coordinates": [ [ [ -117.142199330721525, 53.552951136779974 ], [ -117.092199330721527, 53.552951136779974 ], [ -117.092199330721527, 53.602951136779971 ], [ -117.142199330721525, 53.602951136779971 ], [ -117.142199330721525, 53.552951136779974 ] ] ] } },
{ "type": "Feature", "properties": { "value": 2, "label": "AQHI 2", "color": "#0099cb", "timestamp": "2026-09-16 17:00:00", "generated_at": "2026-09-16T23:31:17.755149", "nearest_km": 46.670232532799012, "n_points": 5, "weight_sum": 0.0010855063379003049, "confidence": "Medium", "flagged": false }, "geometry": { "type": "Polygon", "coordinates": [ [ [ -117.092199330721527, 53.552951136779974 ], [ -117.04219933072153, 53.552951136779974 ], [ -117.04219933072153, 53.602951136779971 ], [ -117.092199330721527, 53.602951136779971 ], [ -117.092199330721527, 53.552951136779974 ] ] ] } },
{ "type": "Feature", "properties": { "value": 2, "label": "AQHI 2", "color": "#0099cb", "timestamp": "2026-09-16 17:00:00", "generated_at": "2026-09-16T23:31:17.755149", "nearest_km": 46.98480788918404, "n_points": 5, "weight_sum": 0.001056579055515356, "confidence": "Medium", "flagged": false }, "geometry": { "type": "Polygon", "coordinates": [ [ [ -117.04219933072153, 53.552951136779974 ], [ -116.992199330721533, 53.552951136779974 ], [ -116.992199330721533, 53.602951136779971 ], [ -117.04219933072153, 53.602951136779971 ], [ -117.04219933072153, 53.552951136779974 ] ] ] } },
{ "type": "Feature", "properties": { "value": 2, "label": "AQHI 2", "color": "#0099cb", "timestamp": "2026-09-16 17:00:00", "generated_at": "2026-09-16T23:31:17.755149", "nearest_km": 47.944121017091597, "n_points": 5, "weight_sum": 0.0010331939692725233, "confidence": "Medium", "flagged": false }, "geometry": { "type": "Polygon", "coordinates": [ [ [ -116.992199330721533, 53.552951136779974 ], [ -116.942199330721536, 53.552951136779974 ], [ -116.942199330721536, 53.602951136779971 ], [ -116.992199330721533, 53.602951136779971 ], [ -116.992199330721533, 53.552951136779974 ] ] ] } },
{ "type": "Feature", "properties": { "value": 2, "label": "AQHI 2", "color": "#0099cb", "timestamp": "2026-09-16 17:00:00", "generated_at": "2026-09-16T23:31:17.755149", "nearest_km": 49.510709021579459, "n_points": 5, "weight_sum": 0.0010176023796150575, "confidence": "Medium", "flagged": false }, "geometry": { "type": "Polygon", "coordinates": [ [ [ -116.942199330721536, 53.552951136779974 ], [ -116.892199330721539, 53.552951136779974 ], [ -116.892199330721539, 53.602951136779971 ], [ -116.942199330721536, 53.602951136779971 ], [ -116.942199330721536, 53.552951136779974 ] ] ] } },
{ "type": "Feature", "properties": { "value": 2, "label": "AQHI 2", "color": "#0099cb", "timestamp": "2026-09-16 17:00:00", "generated_at": "2026-09-16T23:31:17.755149", "nearest_km": 51.629321858198843, "n_points": 4, "weight_sum": 0.00097233831223770032, "confidence": "Medium", "flagged": false }, "geometry": { "type": "Polygon", "coordinates": [ [ [ -116.892199330721539, 53.552951136779974 ], [ -116.842199330721542, 53.552951136779974 ], [ -116.842199330721542, 53.602951136779971 ], [ -116.892199330721539, 53.602951136779971 ], [ -116.892199330721539, 53.552951136779974 ] ] ] } },
{ "type": "Feature", "properties": { "value": 2, "label": "AQHI 2", "color": "#0099cb", "timestamp": "2026-09-16 17:00:00", "generated_at": "2026-09-16T23:31:17.755149", "nearest_km": 50.089511864332337, "n_points": 4, "weight_sum": 0.00099340028521669875, "confidence": "Medium", "flagged": false }, "geometry": { "type": "Polygon", "coordinates": [ [ [ -116.842199330721542, 53.552951136779974 ], [ -116.792199330721544, 53.552951136779974 ], [ -116.792199330721544, 53.602951136779971 ], [ -116.842199330721542, 53.602951136779971 ], [ -116.842199330721542, 53.552951136779974 ] ] ] } },
{ "type": "Feature", "properties": { "value": 2, "label": "AQHI 2", "color": "#0099cb", "timestamp": "2026-09-16 17:00:00", "generated_at": "2026-09-16T23:31:17.755149", "nearest_km": 44.56489287797195, "n_points": 4, "weight_sum": 0.0010469582299695553, "confidence": "Medium", "flagged": false }, "geometry": { "type": "Polygon", "coordinates": [ [ [ -116.792199330721544, 53.552951136779974 ], [ -116.742199330721547, 53.552951136779974 ], [ -116.742199330721547, 53.602951136779971 ], [ -116.792199330721544, 53.602951136779971 ], [ -116.792199330721544, 53.552951136779974 ] ] ] } },
{ "type": "Feature", "properties": { "value": 2, "label": "AQHI 2", "color": "#0099cb", "timestamp": "2026-09-16 17:00:00", "generated_at": "2026-09-16T23:31:17.755149", "nearest_km": 39.047473101893971, "n_points": 4, "weight_sum": 0.0011517330892493248, "confidence": "Medium", "flagged": false }, "geometry": { "type": "Polygon", "coordinates": [ [ [ -116.742199330721547, 53.552951136779974 ], [ -116.69219933072155, 53.552951136779974 ], [ -116.69219933072155, 53.602951136779971 ], [ -116.742199330721547, 53.602951136779971 ], [ -116.742199330721547, 53.552951136779974 ] ] ] } },
{ "type": "Feature", "properties": { "value": 2, "label": "AQHI 2", "color": "#0099cb", "timestamp": "2026-09-16 17:00:00", "generated_at": "2026-09-16T23:31:17.755149", "nearest_km": 33.540805507040886, "n_points": 4, "weight_sum": 0.0013414093243775255, "confidence": "Medium", "flagged": false }, "geometry": { "type": "Polygon", "coordinates": [ [ [ -116.69219933072155, 53.552951136779974 ], [ -116.642199330721553, 53.552951136779974 ], [ -116.642199330721553, 53.602951136779971 ], [ -116.69219933072155, 53.602951136779971 ], [ -116.69219933072155, 53.552951136779974 ] ] ] } },
{ "type": "Feature", "properties": { "value": 2, "label": "AQHI 2", "color": "#0099cb", "timestamp": "2026-09-16 17:00:00", "generated_at": "2026-09-16T23:31:17.755149", "nearest_km": 28.051223012181627, "n_points": 4, "weight_sum": 0.0016842154543233662, "confidence": "Medium", "flagged": false }, "geometry": { "type": "Polygon", "coordinates": [ [ [ -116.642199330721553, 53.552951136779974 ], [ -116.592199330721556, 53.552951136779974 ], [ -116.592199330721556, 53.602951136779971 ], [ -116.642199330721553, 53.602951136779971 ], [ -116.642199330721553, 53.552951136779974 ] ] ] } },
{ "type": "Feature", "properties": { "value": 2, "label": "AQHI 2", "color": "#0099cb", "timestamp": "2026-09-16 17:00:00", "generated_at": "2026-09-16T23:31:17.755149", "nearest_km": 22.591183919775993, "n_points": 4, "weight_sum": 0.0023375734333558121, "confidence": "High", "flagged": false }, "geometry": { "type": "Polygon", "coordinates": [ [ [ -116.592199330721556, 53.552951136779974 ], [ -116.542199330721559, 53.552951136779974 ], [ -116.542199330721559, 53.602951136779971 ], [ -116.592199330721556, 53.602951136779971 ], [ -116.592199330721556, 53.552951136779974 ] ] ] } },
{ "type": "Feature", "properties": { "value": 2, "label": "AQHI 2", "color": "#0099cb", "timestamp": "2026-09-16 17:00:00", "generated_at": "2026-09-16T23:31:17.755149", "nearest_km": 17.188864689534778, "n_points": 4, "weight_sum": 0.0037312004460733528, "confidence": "High", "flagged": false }, "geometry": { "type": "Polygon", "coordinates": [ [ [ -116.542199330721559, 53.552951136779974 ], [ -116.492199330721562, 53.552951136779974 ], [ -116.492199330721562, 53.602951136779971 ], [ -116.542199330721559, 53.602951136779971 ], [ -116.542199330721559, 53.552951136779974 ] ] ] } },
{ "type": "Feature", "properties": { "value": 2, "label": "AQHI 2", "color": "#0099cb", "timestamp": "2026-09-16 17:00:00", "generated_at": "2026-09-16T23:31:17.755149", "nearest_km": 11.922984011274973, "n_points": 4, "weight_sum": 0.0073527324283406172, "confidence": "High", "flagged": false }, "geometry": { "type": "Polygon", "coordinates": [ [ [ -116.492199330721562, 53.552951136779974 ], [ -116.442199330721564, 53.552951136779974 ], [ -116.442199330721564, 53.602951136779971 ], [ -116.492199330721562, 53.602951136779971 ], [ -116.492199330721562, 53.552951136779974 ] ] ] } },
{ "type": "Feature", "properties": { "value": 2, "label": "AQHI 2", "color": "#0099cb", "timestamp": "2026-09-16 17:00:00", "generated_at": "2026-09-16T23:31:17.755149", "nearest_km": 7.1037332545003915, "n_points": 4, "weight_sum": 0.020109307454285071, "confidence": "High", "flagged": false }, "geometry": { "type": "Polygon", "coordinates": [ [ [ -116.442199330721564, 53.552951136779974 ], [ -116.392199330721567, 53.552951136779974 ], [ -116.392199330721567, 53.602951136779971 ], [ -116.442199330721564, 53.602951136779971 ], [ -116.442199330721564, 53.552951136779974 ] ] ] } },
{ "type": "Feature", "properties": { "value": 2, "label": "AQHI 2", "color": "#0099cb", "timestamp": "2026-09-16 17:00:00", "generated_at": "2026-09-16T23:31:17.755149", "nearest_km": 4.5137018697587674, "n_points": 4, "weight_sum": 0.049353241462871789, "confidence": "High", "flagged": false }, "geometry": { "type": "Polygon", "coordinates": [ [ [ -116.392199330721567, 53.552951136779974 ], [ -116.34219933072157, 53.552951136779974 ], [ -116.34219933072157, 53.602951136779971 ], [ -116.392199330721567, 53.602951136779971 ], [ -116.392199330721567, 53.552951136779974 ] ] ] } },
{ "type": "Feature", "properties": { "value": 2, "label": "AQHI 2", "color": "#0099cb", "timestamp": "2026-09-16 17:00:00", "generated_at": "2026-09-16T23:31:17.755149", "nearest_km": 7.2034007931688659, "n_points": 4, "weight_sum": 0.019521100509386397, "confidence": "High", "flagged": false }, "geometry": { "type": "Polygon", "coordinates": [ [ [ -116.34219933072157, 53.552951136779974 ], [ -116.292199330721573, 53.552951136779974 ], [ -116.292199330721573, 53.602951136779971 ], [ -116.34219933072157, 53.602951136779971 ], [ -116.34219933072157, 53.552951136779974 ] ] ] } },
{ "type": "Feature", "properties": { "value": 2, "label": "AQHI 2", "color": "#0099cb", "timestamp": "2026-09-16 17:00:00", "generated_at": "2026-09-16T23:31:17.755149", "nearest_km": 12.041987435842181, "n_points": 5, "weight_sum": 0.0071710750693053235, "confidence": "High", "flagged": false }, "geometry": { "type": "Polygon", "coordinates": [ [ [ -116.292199330721573, 53.552951136779974 ], [ -116.242199330721576, 53.552951136779974 ], [ -116.242199330721576, 53.602951136779971 ], [ -116.292199330721573, 53.602951136779971 ], [ -116.292199330721573, 53.552951136779974 ] ] ] } },
{ "type": "Feature", "properties": { "value": 2, "label": "AQHI 2", "color": "#0099cb", "timestamp": "2026-09-16 17:00:00", "generated_at": "2026-09-16T23:31:17.755149", "nearest_km": 17.312854756594273, "n_points": 4, "weight_sum": 0.0035532620898371579, "confidence": "High", "flagged": false }, "geometry": { "type": "Polygon", "coordinates": [ [ [ -116.242199330721576, 53.552951136779974 ], [ -116.192199330721579, 53.552951136779974 ], [ -116.192199330721579, 53.602951136779971 ], [ -116.242199330721576, 53.602951136779971 ], [ -116.242199330721576, 53.552951136779974 ] ] ] } },
{ "type": "Feature", "properties": { "value": 2, "label": "AQHI 2", "color": "#0099cb", "timestamp": "2026-09-16 17:00:00", "generated_at": "2026-09-16T23:31:17.755149", "nearest_km": 22.717073276301903, "n_points": 4, "weight_sum": 0.0021461806879736378, "confidence": "High", "flagged": false }, "geometry": { "type": "Polygon", "coordinates": [ [ [ -116.192199330721579, 53.552951136779974 ], [ -116.142199330721581, 53.552951136779974 ], [ -116.142199330721581, 53.602951136779971 ], [ -116.192199330721579, 53.602951136779971 ], [ -116.192199330721579, 53.552951136779974 ] ] ] } },
{ "type": "Feature", "properties": { "value": 2, "label": "AQHI 2", "color": "#0099cb", "timestamp": "2026-09-16 17:00:00", "generated_at": "2026-09-16T23:31:17.755149", "nearest_km": 28.178021517821371, "n_points": 4, "weight_sum": 0.0014608857218105678, "confidence": "Medium", "flagged": false }, "geometry": { "type": "Polygon", "coordinates": [ [ [ -116.142199330721581, 53.552951136779974 ], [ -116.092199330721584, 53.552951136779974 ], [ -116.092199330721584, 53.602951136779971 ], [ -116.142199330721581, 53.602951136779971 ], [ -116.142199330721581, 53.552951136779974 ] ] ] } },
{ "type": "Feature", "properties": { "value": 2, "label": "AQHI 2", "color": "#0099cb", "timestamp": "2026-09-16 17:00:00", "generated_at": "2026-09-16T23:31:17.755149", "nearest_km": 33.668106199736435, "n_points": 4, "weight_sum": 0.0010781358311232401, "confidence": "Medium", "flagged": false }, "geometry": { "type": "Polygon", "coordinates": [ [ [ -116.092199330721584, 53.552951136779974 ], [ -116.042199330721587, 53.552951136779974 ], [ -116.042199330721587, 53.602951136779971 ], [ -116.092199330721584, 53.602951136779971 ], [ -116.092199330721584, 53.552951136779974 ] ] ] } },
{ "type": "Feature", "properties": { "value": 2, "label": "AQHI 2", "color": "#0099cb", "timestamp": "2026-09-16 17:00:00", "generated_at": "2026-09-16T23:31:17.755149", "nearest_km": 39.175079495703024, "n_points": 4, "weight_sum": 0.00084354202815775463, "confidence": "Medium", "flagged": false }, "geometry": { "type": "Polygon", "coordinates": [ [ [ -116.042199330721587, 53.552951136779974 ], [ -115.99219933072159, 53.552951136779974 ], [ -115.99219933072159, 53.602951136779971 ], [ -116.042199330721587, 53.602951136779971 ], [ -116.042199330721587, 53.552951136779974 ] ] ] } },
{ "type": "Feature", "properties": { "value": 2, "label": "AQHI 2", "color": "#0099cb", "timestamp": "2026-09-16 17:00:00", "generated_at": "2026-09-16T23:31:17.755149", "nearest_km": 44.692698865838977, "n_points": 4, "weight_sum": 0.00069009632598067286, "confidence": "Medium", "flagged": false }, "geometry": { "type": "Polygon", "coordinates": [ [ [ -115.99219933072159, 53.552951136779974 ], [ -115.942199330721593, 53.552951136779974 ], [ -115.942199330721593, 53.602951136779971 ], [ -115.99219933072159, 53.602951136779971 ], [ -115.99219933072159, 53.552951136779974 ] ] ] } },
{ "type": "Feature", "properties": { "value": 2, "label": "AQHI 2", "color": "#0099cb", "timestamp": "2026-09-16 17:00:00", "generated_at": "2026-09-16T23:31:17.755149", "nearest_km": 50.217455235510194, "n_points": 4, "weight_sum": 0.00058507119411276747, "confidence": "Medium", "flagged": false }, "geometry": { "type": "Polygon", "coordinates": [ [ [ -115.942199330721593, 53.552951136779974 ], [ -115.892199330721596, 53.552951136779974 ], [ -115.892199330721596, 53.602951136779971 ], [ -115.942199330721593, 53.602951136779971 ], [ -115.942199330721593, 53.552951136779974 ] ] ] } },
{ "type": "Feature", "properties": { "value": 2, "label": "AQHI 2", "color": "#0099cb", "timestamp": "2026-09-16 17:00:00", "generated_at": "2026-09-16T23:31:17.755149", "nearest_km": 55.747226735940586, "n_points": 4, "weight_sum": 0.00051102165270332808, "confidence": "Medium", "flagged": false }, "geometry": { "type": "Polygon", "coordinates": [ [ [ -115.892199330721596, 53.552951136779974 ], [ -115.842199330721598, 53.552951136779974 ], [ -115.842199330721598, 53.602951136779971 ], [ -115.892199330721596, 53.602951136779971 ], [ -115.892199330721596, 53.552951136779974 ] ] ] } },
{ "type": "Feature", "properties": { "value": 2, "label": "AQHI 2", "color": "#0099cb", "timestamp": "2026-09-16 17:00:00", "generated_at": "2026-09-16T23:31:17.755149", "nearest_km": 61.28065573381425, "n_points": 4, "weight_sum": 0.00045802154702293896, "confidence": "Medium", "flagged": false }, "geometry": { "type": "Polygon", "coordinates": [ [ [ -115.842199330721598, 53.552951136779974 ], [ -115.792199330721601, 53.552951136779974 ], [ -115.792199330721601, 53.602951136779971 ], [ -115.842199330721598, 53.602951136779971 ], [ -115.842199330721598, 53.552951136779974 ] ] ] } },
{ "type": "Feature", "properties": { "value": 2, "label": "AQHI 2", "color": "#0099cb", "timestamp": "2026-09-16 17:00:00", "generated_at": "2026-09-16T23:31:17.755149", "nearest_km": 66.816833549519146, "n_points": 3, "weight_sum": 0.00037660778930581856, "confidence": "Medium", "flagged": false }, "geometry": { "type": "Polygon", "coordinates": [ [ [ -115.792199330721601, 53.552951136779974 ], [ -115.742199330721604, 53.552951136779974 ], [ -115.742199330721604, 53.602951136779971 ], [ -115.792199330721601, 53.602951136779971 ], [ -115.792199330721601, 53.552951136779974 ] ] ] } },
{ "type": "Feature", "properties": { "value": 2, "label": "AQHI 2", "color": "#0099cb", "timestamp": "2026-09-16 17:00:00", "generated_at": "2026-09-16T23:31:17.755149", "nearest_km": 72.355129216953401, "n_points": 2, "weight_sum": 0.00030922407515894187, "confidence": "Medium", "flagged": false }, "geometry": { "type": "Polygon", "coordinates": [ [ [ -115.742199330721604, 53.552951136779974 ], [ -115.692199330721607, 53.552951136779974 ], [ -115.692199330721607, 53.602951136779971 ], [ -115.742199330721604, 53.602951136779971 ], [ -115.742199330721604, 53.552951136779974 ] ] ] } },
{ "type": "Feature", "properties": { "value": 2, "label": "AQHI 2", "color": "#0099cb", "timestamp": "2026-09-16 17:00:00", "generated_at": "2026-09-16T23:31:17.755149", "nearest_km": 77.895091003348185, "n_points": 2, "weight_sum": 0.0002971661668088602, "confidence": "Low", "flagged": false }, "geometry": { "type": "Polygon", "coordinates": [ [ [ -115.692199330721607, 53.552951136779974 ], [ -115.64219933072161, 53.552951136779974 ], [ -115.64219933072161, 53.602951136779971 ], [ -115.692199330721607, 53.602951136779971 ], [ -115.692199330721607, 53.552951136779974 ] ] ] } },
{ "type": "Feature", "properties": { "value": 2, "label": "AQHI 2", "color": "#0099cb", "timestamp": "2026-09-16 17:00:00", "generated_at": "2026-09-16T23:31:17.755149", "nearest_km": 81.931624908494825, "n_points": 2, "weight_sum": 0.0002926138357532169, "confidence": "Low", "flagged": false }, "geometry": { "type": "Polygon", "coordinates": [ [ [ -115.64219933072161, 53.552951136779974 ], [ -115.592199330721613, 53.552951136779974 ], [ -115.592199330721613, 53.602951136779971 ], [ -115.64219933072161, 53.602951136779971 ], [ -115.64219933072161, 53.552951136779974 ] ] ] } },
{ "type": "Feature", "properties": { "value": 2, "label": "AQHI 2", "color": "#0099cb", "timestamp": "2026-09-16 17:00:00", "generated_at": "2026-09-16T23:31:17.755149", "nearest_km": 77.018808492239287, "n_points": 2, "weight_sum": 0.00029488708221658269, "confidence": "Low", "flagged": false }, "geometry": { "type": "Polygon", "coordinates": [ [ [ -115.592199330721613, 53.552951136779974 ], [ -115.542199330721616, 53.552951136779974 ], [ -115.542199330721616, 53.602951136779971 ], [ -115.592199330721613, 53.602951136779971 ], [ -115.592199330721613, 53.552951136779974 ] ] ] } },
{ "type": "Feature", "properties": { "value": 2, "label": "AQHI 2", "color": "#0099cb", "timestamp": "2026-09-16 17:00:00", "generated_at": "2026-09-16T23:31:17.755149", "nearest_km": 72.198390307417299, "n_points": 2, "weight_sum": 0.00030376928966545895, "confidence": "Medium", "flagged": false }, "geometry": { "type": "Polygon", "coordinates": [ [ [ -115.542199330721616, 53.552951136779974 ], [ -115.492199330721618, 53.552951136779974 ], [ -115.492199330721618, 53.602951136779971 ], [ -115.542199330721616, 53.602951136779971 ], [ -115.542199330721616, 53.552951136779974 ] ] ] } },
{ "type": "Feature", "properties": { "value": 2, "label": "AQHI 2", "color": "#0099cb", "timestamp": "2026-09-16 17:00:00", "generated_at": "2026-09-16T23:31:17.755149", "nearest_km": 67.490171613354917, "n_points": 3, "weight_sum": 0.00036633564583595868, "confidence": "Medium", "flagged": false }, "geometry": { "type": "Polygon", "coordinates": [ [ [ -115.492199330721618, 53.552951136779974 ], [ -115.442199330721621, 53.552951136779974 ], [ -115.442199330721621, 53.602951136779971 ], [ -115.492199330721618, 53.602951136779971 ], [ -115.492199330721618, 53.552951136779974 ] ] ] } },
{ "type": "Feature", "properties": { "value": 2, "label": "AQHI 2", "color": "#0099cb", "timestamp": "2026-09-16 17:00:00", "generated_at": "2026-09-16T23:31:17.755149", "nearest_km": 62.919344925213743, "n_points": 3, "weight_sum": 0.00039288958101175954, "confidence": "Medium", "flagged": false }, "geometry": { "type": "Polygon", "coordinates": [ [ [ -115.442199330721621, 53.552951136779974 ], [ -115.392199330721624, 53.552951136779974 ], [ -115.392199330721624, 53.602951136779971 ], [ -115.442199330721621, 53.602951136779971 ], [ -115.442199330721621, 53.552951136779974 ] ] ] } },
{ "type": "Feature", "properties": { "value": 2, "label": "AQHI 2", "color": "#0099cb", "timestamp": "2026-09-16 17:00:00", "generated_at": "2026-09-16T23:31:17.755149", "nearest_km": 58.518114009560634, "n_points": 3, "weight_sum": 0.00042775248885246404, "confidence": "Medium", "flagged": false }, "geometry": { "type": "Polygon", "coordinates": [ [ [ -115.392199330721624, 53.552951136779974 ], [ -115.342199330721627, 53.552951136779974 ], [ -115.342199330721627, 53.602951136779971 ], [ -115.392199330721624, 53.602951136779971 ], [ -115.392199330721624, 53.552951136779974 ] ] ] } },
{ "type": "Feature", "properties": { "value": 2, "label": "AQHI 2", "color": "#0099cb", "timestamp": "2026-09-16 17:00:00", "generated_at": "2026-09-16T23:31:17.755149", "nearest_km": 54.32771271325386, "n_points": 3, "weight_sum": 0.00047171484998547738, "confidence": "Medium", "flagged": false }, "geometry": { "type": "Polygon", "coordinates": [ [ [ -115.342199330721627, 53.552951136779974 ], [ -115.29219933072163, 53.552951136779974 ], [ -115.29219933072163, 53.602951136779971 ], [ -115.342199330721627, 53.602951136779971 ], [ -115.342199330721627, 53.552951136779974 ] ] ] } },
{ "type": "Feature", "properties": { "value": 2, "label": "AQHI 2", "color": "#0099cb", "timestamp": "2026-09-16 17:00:00", "generated_at": "2026-09-16T23:31:17.755149", "nearest_km": 50.400754657760302, "n_points": 3, "weight_sum": 0.00052535932342781142, "confidence": "Medium", "flagged": false }, "geometry": { "type": "Polygon", "coordinates": [ [ [ -115.29219933072163, 53.552951136779974 ], [ -115.242199330721633, 53.552951136779974 ], [ -115.242199330721633, 53.602951136779971 ], [ -115.29219933072163, 53.602951136779971 ], [ -115.29219933072163, 53.552951136779974 ] ] ] } },
{ "type": "Feature", "properties": { "value": 2, "label": "AQHI 2", "color": "#0099cb", "timestamp": "2026-09-16 17:00:00", "generated_at": "2026-09-16T23:31:17.755149", "nearest_km": 46.803597847704417, "n_points": 3, "weight_sum": 0.00058854331159323371, "confidence": "Medium", "flagged": false }, "geometry": { "type": "Polygon", "coordinates": [ [ [ -115.242199330721633, 53.552951136779974 ], [ -115.192199330721635, 53.552951136779974 ], [ -115.192199330721635, 53.602951136779971 ], [ -115.242199330721633, 53.602951136779971 ], [ -115.242199330721633, 53.552951136779974 ] ] ] } },
{ "type": "Feature", "properties": { "value": 2, "label": "AQHI 2", "color": "#0099cb", "timestamp": "2026-09-16 17:00:00", "generated_at": "2026-09-16T23:31:17.755149", "nearest_km": 43.617914586870491, "n_points": 3, "weight_sum": 0.00065956577877184972, "confidence": "Medium", "flagged": false }, "geometry": { "type": "Polygon", "coordinates": [ [ [ -115.192199330721635, 53.552951136779974 ], [ -115.142199330721638, 53.552951136779974 ], [ -115.142199330721638, 53.602951136779971 ], [ -115.192199330721635, 53.602951136779971 ], [ -115.192199330721635, 53.552951136779974 ] ] ] } },
{ "type": "Feature", "properties": { "value": 2, "label": "AQHI 2", "color": "#0099cb", "timestamp": "2026-09-16 17:00:00", "generated_at": "2026-09-16T23:31:17.755149", "nearest_km": 40.93987267109425, "n_points": 3, "weight_sum": 0.00073410402988911686, "confidence": "Medium", "flagged": false }, "geometry": { "type": "Polygon", "coordinates": [ [ [ -115.142199330721638, 53.552951136779974 ], [ -115.092199330721641, 53.552951136779974 ], [ -115.092199330721641, 53.602951136779971 ], [ -115.142199330721638, 53.602951136779971 ], [ -115.142199330721638, 53.552951136779974 ] ] ] } },
{ "type": "Feature", "properties": { "value": 2, "label": "AQHI 2", "color": "#0099cb", "timestamp": "2026-09-16 17:00:00", "generated_at": "2026-09-16T23:31:17.755149", "nearest_km": 38.874527337876195, "n_points": 4, "weight_sum": 0.00085015218620087087, "confidence": "Medium", "flagged": false }, "geometry": { "type": "Polygon", "coordinates": [ [ [ -115.092199330721641, 53.552951136779974 ], [ -115.042199330721644, 53.552951136779974 ], [ -115.042199330721644, 53.602951136779971 ], [ -115.092199330721641, 53.602951136779971 ], [ -115.092199330721641, 53.552951136779974 ] ] ] } },
{ "type": "Feature", "properties": { "value": 2, "label": "AQHI 2", "color": "#0099cb", "timestamp": "2026-09-16 17:00:00", "generated_at": "2026-09-16T23:31:17.755149", "nearest_km": 37.523187193536081, "n_points": 4, "weight_sum": 0.00090950062438524982, "confidence": "Medium", "flagged": false }, "geometry": { "type": "Polygon", "coordinates": [ [ [ -115.042199330721644, 53.552951136779974 ], [ -114.992199330721647, 53.552951136779974 ], [ -114.992199330721647, 53.602951136779971 ], [ -115.042199330721644, 53.602951136779971 ], [ -115.042199330721644, 53.552951136779974 ] ] ] } },
{ "type": "Feature", "properties": { "value": 2, "label": "AQHI 2", "color": "#0099cb", "timestamp": "2026-09-16 17:00:00", "generated_at": "2026-09-16T23:31:17.755149", "nearest_km": 36.964243243694433, "n_points": 3, "weight_sum": 0.00090329414231848481, "confidence": "Medium", "flagged": false }, "geometry": { "type": "Polygon", "coordinates": [ [ [ -114.992199330721647, 53.552951136779974 ], [ -114.94219933072165, 53.552951136779974 ], [ -114.94219933072165, 53.602951136779971 ], [ -114.992199330721647, 53.602951136779971 ], [ -114.992199330721647, 53.552951136779974 ] ] ] } },
{ "type": "Feature", "properties": { "value": 2, "label": "AQHI 2", "color": "#0099cb", "timestamp": "2026-09-16 17:00:00", "generated_at": "2026-09-16T23:31:17.755149", "nearest_km": 37.233398716701409, "n_points": 4, "weight_sum": 0.00095788845379716071, "confidence": "Medium", "flagged": false }, "geometry": { "type": "Polygon", "coordinates": [ [ [ -114.94219933072165, 53.552951136779974 ], [ -114.892199330721652, 53.552951136779974 ], [ -114.892199330721652, 53.602951136779971 ], [ -114.94219933072165, 53.602951136779971 ], [ -114.94219933072165, 53.552951136779974 ] ] ] } },
{ "type": "Feature", "properties": { "value": 2, "label": "AQHI 2", "color": "#0099cb", "timestamp": "2026-09-16 17:00:00", "generated_at": "2026-09-16T23:31:17.755149", "nearest_km": 38.313205052758349, "n_points": 4, "weight_sum": 0.00094431073437387949, "confidence": "Medium", "flagged": false }, "geometry": { "type": "Polygon", "coordinates": [ [ [ -114.892199330721652, 53.552951136779974 ], [ -114.842199330721655, 53.552951136779974 ], [ -114.842199330721655, 53.602951136779971 ], [ -114.892199330721652, 53.602951136779971 ], [ -114.892199330721652, 53.552951136779974 ] ] ] } },
{ "type": "Feature", "properties": { "value": 2, "label": "AQHI 2", "color": "#0099cb", "timestamp": "2026-09-16 17:00:00", "generated_at": "2026-09-16T23:31:17.755149", "nearest_km": 92.381489914798792, "n_points": 2, "weight_sum": 0.00021068814487279464, "confidence": "Low", "flagged": false }, "geometry": { "type": "Polygon", "coordinates": [ [ [ -118.492199330721448, 53.602951136779971 ], [ -118.442199330721451, 53.602951136779971 ], [ -118.442199330721451, 53.652951136779969 ], [ -118.492199330721448, 53.652951136779969 ], [ -118.492199330721448, 53.602951136779971 ] ] ] } },
{ "type": "Feature", "properties": { "value": 2, "label": "AQHI 2", "color": "#0099cb", "timestamp": "2026-09-16 17:00:00", "generated_at": "2026-09-16T23:31:17.755149", "nearest_km": 89.840784766698292, "n_points": 2, "weight_sum": 0.00022799535210074005, "confidence": "Low", "flagged": false }, "geometry": { "type": "Polygon", "coordinates": [ [ [ -118.442199330721451, 53.602951136779971 ], [ -118.392199330721454, 53.602951136779971 ], [ -118.392199330721454, 53.652951136779969 ], [ -118.442199330721451, 53.652951136779969 ], [ -118.442199330721451, 53.602951136779971 ] ] ] } },
{ "type": "Feature", "properties": { "value": 2, "label": "AQHI 2", "color": "#0099cb", "timestamp": "2026-09-16 17:00:00", "generated_at": "2026-09-16T23:31:17.755149", "nearest_km": 87.578527825685313, "n_points": 2, "weight_sum": 0.00024692473432224541, "confidence": "Low", "flagged": false }, "geometry": { "type": "Polygon", "coordinates": [ [ [ -118.392199330721454, 53.602951136779971 ], [ -118.342199330721456, 53.602951136779971 ], [ -118.342199330721456, 53.652951136779969 ], [ -118.392199330721454, 53.652951136779969 ], [ -118.392199330721454, 53.602951136779971 ] ] ] } },
{ "type": "Feature", "properties": { "value": 2, "label": "AQHI 2", "color": "#0099cb", "timestamp": "2026-09-16 17:00:00", "generated_at": "2026-09-16T23:31:17.755149", "nearest_km": 85.616794291379875, "n_points": 3, "weight_sum": 0.00031315299559635322, "confidence": "Low", "flagged": false }, "geometry": { "type": "Polygon", "coordinates": [ [ [ -118.342199330721456, 53.602951136779971 ], [ -118.292199330721459, 53.602951136779971 ], [ -118.292199330721459, 53.652951136779969 ], [ -118.342199330721456, 53.652951136779969 ], [ -118.342199330721456, 53.602951136779971 ] ] ] } },
{ "type": "Feature", "properties": { "value": 2, "label": "AQHI 2", "color": "#0099cb", "timestamp": "2026-09-16 17:00:00", "generated_at": "2026-09-16T23:31:17.755149", "nearest_km": 81.935357757805619, "n_points": 3, "weight_sum": 0.00033953516398305784, "confidence": "Low", "flagged": false }, "geometry": { "type": "Polygon", "coordinates": [ [ [ -118.292199330721459, 53.602951136779971 ], [ -118.242199330721462, 53.602951136779971 ], [ -118.242199330721462, 53.652951136779969 ], [ -118.292199330721459, 53.652951136779969 ], [ -118.292199330721459, 53.602951136779971 ] ] ] } },
{ "type": "Feature", "properties": { "value": 2, "label": "AQHI 2", "color": "#0099cb", "timestamp": "2026-09-16 17:00:00", "generated_at": "2026-09-16T23:31:17.755149", "nearest_km": 76.631474027175869, "n_points": 3, "weight_sum": 0.00036907024283837798, "confidence": "Low", "flagged": false }, "geometry": { "type": "Polygon", "coordinates": [ [ [ -118.242199330721462, 53.602951136779971 ], [ -118.192199330721465, 53.602951136779971 ], [ -118.192199330721465, 53.652951136779969 ], [ -118.242199330721462, 53.652951136779969 ], [ -118.242199330721462, 53.602951136779971 ] ] ] } },
{ "type": "Feature", "properties": { "value": 2, "label": "AQHI 2", "color": "#0099cb", "timestamp": "2026-09-16 17:00:00", "generated_at": "2026-09-16T23:31:17.755149", "nearest_km": 71.365031859138512, "n_points": 3, "weight_sum": 0.00040264641501652006, "confidence": "Medium", "flagged": false }, "geometry": { "type": "Polygon", "coordinates": [ [ [ -118.192199330721465, 53.602951136779971 ], [ -118.142199330721468, 53.602951136779971 ], [ -118.142199330721468, 53.652951136779969 ], [ -118.192199330721465, 53.652951136779969 ], [ -118.192199330721465, 53.602951136779971 ] ] ] } },
{ "type": "Feature", "properties": { "value": 2, "label": "AQHI 2", "color": "#0099cb", "timestamp": "2026-09-16 17:00:00", "generated_at": "2026-09-16T23:31:17.755149", "nearest_km": 66.144975114773246, "n_points": 3, "weight_sum": 0.00044157520076552512, "confidence": "Medium", "flagged": false }, "geometry": { "type": "Polygon", "coordinates": [ [ [ -118.142199330721468, 53.602951136779971 ], [ -118.092199330721471, 53.602951136779971 ], [ -118.092199330721471, 53.652951136779969 ], [ -118.142199330721468, 53.652951136779969 ], [ -118.142199330721468, 53.602951136779971 ] ] ] } },
{ "type": "Feature", "properties": { "value": 2, "label": "AQHI 2", "color": "#0099cb", "timestamp": "2026-09-16 17:00:00", "generated_at": "2026-09-16T23:31:17.755149", "nearest_km": 60.983216491196011, "n_points": 3, "weight_sum": 0.0004877726918310848, "confidence": "Medium", "flagged": false }, "geometry": { "type": "Polygon", "coordinates": [ [ [ -118.092199330721471, 53.602951136779971 ], [ -118.042199330721473, 53.602951136779971 ], [ -118.042199330721473, 53.652951136779969 ], [ -118.092199330721471, 53.652951136779969 ], [ -118.092199330721471, 53.602951136779971 ] ] ] } },
{ "type": "Feature", "properties": { "value": 2, "label": "AQHI 2", "color": "#0099cb", "timestamp": "2026-09-16 17:00:00", "generated_at": "2026-09-16T23:31:17.755149", "nearest_km": 55.895909101562921, "n_points": 3, "weight_sum": 0.00054400521879850922, "confidence": "Medium", "flagged": false }, "geometry": { "type": "Polygon", "coordinates": [ [ [ -118.042199330721473, 53.602951136779971 ], [ -117.992199330721476, 53.602951136779971 ], [ -117.992199330721476, 53.652951136779969 ], [ -118.042199330721473, 53.652951136779969 ], [ -118.042199330721473, 53.602951136779971 ] ] ] } },
{ "type": "Feature", "properties": { "value": 2, "label": "AQHI 2", "color": "#0099cb", "timestamp": "2026-09-16 17:00:00", "generated_at": "2026-09-16T23:31:17.755149", "nearest_km": 50.905379037664382, "n_points": 3, "weight_sum": 0.0006142175139660967, "confidence": "Medium", "flagged": false }, "geometry": { "type": "Polygon", "coordinates": [ [ [ -117.992199330721476, 53.602951136779971 ], [ -117.942199330721479, 53.602951136779971 ], [ -117.942199330721479, 53.652951136779969 ], [ -117.992199330721476, 53.652951136779969 ], [ -117.992199330721476, 53.602951136779971 ] ] ] } },
{ "type": "Feature", "properties": { "value": 2, "label": "AQHI 2", "color": "#0099cb", "timestamp": "2026-09-16 17:00:00", "generated_at": "2026-09-16T23:31:17.755149", "nearest_km": 46.043105625558844, "n_points": 3, "weight_sum": 0.00070394473449412987, "confidence": "Medium", "flagged": false }, "geometry": { "type": "Polygon", "coordinates": [ [ [ -117.942199330721479, 53.602951136779971 ], [ -117.892199330721482, 53.602951136779971 ], [ -117.892199330721482, 53.652951136779969 ], [ -117.942199330721479, 53.652951136779969 ], [ -117.942199330721479, 53.602951136779971 ] ] ] } },
{ "type": "Feature", "properties": { "value": 2, "label": "AQHI 2", "color": "#0099cb", "timestamp": "2026-09-16 17:00:00", "generated_at": "2026-09-16T23:31:17.755149", "nearest_km": 41.354353293510115, "n_points": 4, "weight_sum": 0.00086580516696404923, "confidence": "Medium", "flagged": false }, "geometry": { "type": "Polygon", "coordinates": [ [ [ -117.892199330721482, 53.602951136779971 ], [ -117.842199330721485, 53.602951136779971 ], [ -117.842199330721485, 53.652951136779969 ], [ -117.892199330721482, 53.652951136779969 ], [ -117.892199330721482, 53.602951136779971 ] ] ] } },
{ "type": "Feature", "properties": { "value": 2, "label": "AQHI 2", "color": "#0099cb", "timestamp": "2026-09-16 17:00:00", "generated_at": "2026-09-16T23:31:17.755149", "nearest_km": 36.905318004354406, "n_points": 4, "weight_sum": 0.0010220335386900751, "confidence": "Medium", "flagged": false }, "geometry": { "type": "Polygon", "coordinates": [ [ [ -117.842199330721485, 53.602951136779971 ], [ -117.792199330721488, 53.602951136779971 ], [ -117.792199330721488, 53.652951136779969 ], [ -117.842199330721485, 53.652951136779969 ], [ -117.842199330721485, 53.602951136779971 ] ] ] } },
{ "type": "Feature", "properties": { "value": 2, "label": "AQHI 2", "color": "#0099cb", "timestamp": "2026-09-16 17:00:00", "generated_at": "2026-09-16T23:31:17.755149", "nearest_km": 32.793710642142848, "n_points": 4, "weight_sum": 0.0012252100529958694, "confidence": "Medium", "flagged": false }, "geometry": { "type": "Polygon", "coordinates": [ [ [ -117.792199330721488, 53.602951136779971 ], [ -117.74219933072149, 53.602951136779971 ], [ -117.74219933072149, 53.652951136779969 ], [ -117.792199330721488, 53.652951136779969 ], [ -117.792199330721488, 53.602951136779971 ] ] ] } },
{ "type": "Feature", "properties": { "value": 2, "label": "AQHI 2", "color": "#0099cb", "timestamp": "2026-09-16 17:00:00", "generated_at": "2026-09-16T23:31:17.755149", "nearest_km": 29.162603079263242, "n_points": 5, "weight_sum": 0.0015244668487264606, "confidence": "Medium", "flagged": false }, "geometry": { "type": "Polygon", "coordinates": [ [ [ -117.74219933072149, 53.602951136779971 ], [ -117.692199330721493, 53.602951136779971 ], [ -117.692199330721493, 53.652951136779969 ], [ -117.74219933072149, 53.652951136779969 ], [ -117.74219933072149, 53.602951136779971 ] ] ] } },
{ "type": "Feature", "properties": { "value": 2, "label": "AQHI 2", "color": "#0099cb", "timestamp": "2026-09-16 17:00:00", "generated_at": "2026-09-16T23:31:17.755149", "nearest_km": 26.212447024967123, "n_points": 5, "weight_sum": 0.0018178278370510185, "confidence": "Medium", "flagged": false }, "geometry": { "type": "Polygon", "coordinates": [ [ [ -117.692199330721493, 53.602951136779971 ], [ -117.642199330721496, 53.602951136779971 ], [ -117.642199330721496, 53.652951136779969 ], [ -117.692199330721493, 53.652951136779969 ], [ -117.692199330721493, 53.602951136779971 ] ] ] } },
{ "type": "Feature", "properties": { "value": 2, "label": "AQHI 2", "color": "#0099cb", "timestamp": "2026-09-16 17:00:00", "generated_at": "2026-09-16T23:31:17.755149", "nearest_km": 24.19364254747008, "n_points": 5, "weight_sum": 0.0020870171262556679, "confidence": "High", "flagged": false }, "geometry": { "type": "Polygon", "coordinates": [ [ [ -117.642199330721496, 53.602951136779971 ], [ -117.592199330721499, 53.602951136779971 ], [ -117.592199330721499, 53.652951136779969 ], [ -117.642199330721496, 53.652951136779969 ], [ -117.642199330721496, 53.602951136779971 ] ] ] } },
{ "type": "Feature", "properties": { "value": 2, "label": "AQHI 2", "color": "#0099cb", "timestamp": "2026-09-16 17:00:00", "generated_at": "2026-09-16T23:31:17.755149", "nearest_km": 23.349032108265096, "n_points": 5, "weight_sum": 0.002231776476958363, "confidence": "High", "flagged": false }, "geometry": { "type": "Polygon", "coordinates": [ [ [ -117.592199330721499, 53.602951136779971 ], [ -117.542199330721502, 53.602951136779971 ], [ -117.542199330721502, 53.652951136779969 ], [ -117.592199330721499, 53.652951136779969 ], [ -117.592199330721499, 53.602951136779971 ] ] ] } },
{ "type": "Feature", "properties": { "value": 2, "label": "AQHI 2", "color": "#0099cb", "timestamp": "2026-09-16 17:00:00", "generated_at": "2026-09-16T23:31:17.755149", "nearest_km": 23.803933731020745, "n_points": 5, "weight_sum": 0.0021843307076437144, "confidence": "High", "flagged": false }, "geometry": { "type": "Polygon", "coordinates": [ [ [ -117.542199330721502, 53.602951136779971 ], [ -117.492199330721505, 53.602951136779971 ], [ -117.492199330721505, 53.652951136779969 ], [ -117.542199330721502, 53.652951136779969 ], [ -117.542199330721502, 53.602951136779971 ] ] ] } },
{ "type": "Feature", "properties": { "value": 2, "label": "AQHI 2", "color": "#0099cb", "timestamp": "2026-09-16 17:00:00", "generated_at": "2026-09-16T23:31:17.755149", "nearest_km": 25.488864661825428, "n_points": 5, "weight_sum": 0.0019839628982875352, "confidence": "Medium", "flagged": false }, "geometry": { "type": "Polygon", "coordinates": [ [ [ -117.492199330721505, 53.602951136779971 ], [ -117.442199330721508, 53.602951136779971 ], [ -117.442199330721508, 53.652951136779969 ], [ -117.492199330721505, 53.652951136779969 ], [ -117.492199330721505, 53.602951136779971 ] ] ] } },
{ "type": "Feature", "properties": { "value": 2, "label": "AQHI 2", "color": "#0099cb", "timestamp": "2026-09-16 17:00:00", "generated_at": "2026-09-16T23:31:17.755149", "nearest_km": 28.184076753139738, "n_points": 5, "weight_sum": 0.0017321605054091116, "confidence": "Medium", "flagged": false }, "geometry": { "type": "Polygon", "coordinates": [ [ [ -117.442199330721508, 53.602951136779971 ], [ -117.39219933072151, 53.602951136779971 ], [ -117.39219933072151, 53.652951136779969 ], [ -117.442199330721508, 53.652951136779969 ], [ -117.442199330721508, 53.602951136779971 ] ] ] } },
{ "type": "Feature", "properties": { "value": 2, "label": "AQHI 2", "color": "#0099cb", "timestamp": "2026-09-16 17:00:00", "generated_at": "2026-09-16T23:31:17.755149", "nearest_km": 31.6323749204021, "n_points": 5, "weight_sum": 0.0015041617526362694, "confidence": "Medium", "flagged": false }, "geometry": { "type": "Polygon", "coordinates": [ [ [ -117.39219933072151, 53.602951136779971 ], [ -117.342199330721513, 53.602951136779971 ], [ -117.342199330721513, 53.652951136779969 ], [ -117.39219933072151, 53.652951136779969 ], [ -117.39219933072151, 53.602951136779971 ] ] ] } },
{ "type": "Feature", "properties": { "value": 2, "label": "AQHI 2", "color": "#0099cb", "timestamp": "2026-09-16 17:00:00", "generated_at": "2026-09-16T23:31:17.755149", "nearest_km": 35.61568620401534, "n_points": 5, "weight_sum": 0.0013270196814066846, "confidence": "Medium", "flagged": false }, "geometry": { "type": "Polygon", "coordinates": [ [ [ -117.342199330721513, 53.602951136779971 ], [ -117.292199330721516, 53.602951136779971 ], [ -117.292199330721516, 53.652951136779969 ], [ -117.342199330721513, 53.652951136779969 ], [ -117.342199330721513, 53.602951136779971 ] ] ] } },
{ "type": "Feature", "properties": { "value": 2, "label": "AQHI 2", "color": "#0099cb", "timestamp": "2026-09-16 17:00:00", "generated_at": "2026-09-16T23:31:17.755149", "nearest_km": 39.974392609030176, "n_points": 5, "weight_sum": 0.0011997514316763218, "confidence": "Medium", "flagged": false }, "geometry": { "type": "Polygon", "coordinates": [ [ [ -117.292199330721516, 53.602951136779971 ], [ -117.242199330721519, 53.602951136779971 ], [ -117.242199330721519, 53.652951136779969 ], [ -117.292199330721516, 53.652951136779969 ], [ -117.292199330721516, 53.602951136779971 ] ] ] } },
{ "type": "Feature", "properties": { "value": 2, "label": "AQHI 2", "color": "#0099cb", "timestamp": "2026-09-16 17:00:00", "generated_at": "2026-09-16T23:31:17.755149", "nearest_km": 44.598565281171062, "n_points": 5, "weight_sum": 0.0011119582688393368, "confidence": "Medium", "flagged": false }, "geometry": { "type": "Polygon", "coordinates": [ [ [ -117.242199330721519, 53.602951136779971 ], [ -117.192199330721522, 53.602951136779971 ], [ -117.192199330721522, 53.652951136779969 ], [ -117.242199330721519, 53.652951136779969 ], [ -117.242199330721519, 53.602951136779971 ] ] ] } },
{ "type": "Feature", "properties": { "value": 2, "label": "AQHI 2", "color": "#0099cb", "timestamp": "2026-09-16 17:00:00", "generated_at": "2026-09-16T23:31:17.755149", "nearest_km": 49.413732765465724, "n_points": 5, "weight_sum": 0.0010523755521955544, "confidence": "Medium", "flagged": false }, "geometry": { "type": "Polygon", "coordinates": [ [ [ -117.192199330721522, 53.602951136779971 ], [ -117.142199330721525, 53.602951136779971 ], [ -117.142199330721525, 53.652951136779969 ], [ -117.192199330721522, 53.652951136779969 ], [ -117.192199330721522, 53.602951136779971 ] ] ] } },
{ "type": "Feature", "properties": { "value": 2, "label": "AQHI 2", "color": "#0099cb", "timestamp": "2026-09-16 17:00:00", "generated_at": "2026-09-16T23:31:17.755149", "nearest_km": 52.52708237256374, "n_points": 5, "weight_sum": 0.0010117076814453525, "confidence": "Medium", "flagged": false }, "geometry": { "type": "Polygon", "coordinates": [ [ [ -117.142199330721525, 53.602951136779971 ], [ -117.092199330721527, 53.602951136779971 ], [ -117.092199330721527, 53.652951136779969 ], [ -117.142199330721525, 53.652951136779969 ], [ -117.142199330721525, 53.602951136779971 ] ] ] } },
{ "type": "Feature", "properties": { "value": 2, "label": "AQHI 2", "color": "#0099cb", "timestamp": "2026-09-16 17:00:00", "generated_at": "2026-09-16T23:31:17.755149", "nearest_km": 52.220215915793609, "n_points": 5, "weight_sum": 0.000983381490040975, "confidence": "Medium", "flagged": false }, "geometry": { "type": "Polygon", "coordinates": [ [ [ -117.092199330721527, 53.602951136779971 ], [ -117.04219933072153, 53.602951136779971 ], [ -117.04219933072153, 53.652951136779969 ], [ -117.092199330721527, 53.652951136779969 ], [ -117.092199330721527, 53.602951136779971 ] ] ] } },
{ "type": "Feature", "properties": { "value": 2, "label": "AQHI 2", "color": "#0099cb", "timestamp": "2026-09-16 17:00:00", "generated_at": "2026-09-16T23:31:17.755149", "nearest_km": 52.501547767757316, "n_points": 5, "weight_sum": 0.00096369554628083858, "confidence": "Medium", "flagged": false }, "geometry": { "type": "Polygon", "coordinates": [ [ [ -117.04219933072153, 53.602951136779971 ], [ -116.992199330721533, 53.602951136779971 ], [ -116.992199330721533, 53.652951136779969 ], [ -117.04219933072153, 53.652951136779969 ], [ -117.04219933072153, 53.602951136779971 ] ] ] } },
{ "type": "Feature", "properties": { "value": 2, "label": "AQHI 2", "color": "#0099cb", "timestamp": "2026-09-16 17:00:00", "generated_at": "2026-09-16T23:31:17.755149", "nearest_km": 53.36177551139108, "n_points": 5, "weight_sum": 0.00095174840402833193, "confidence": "Medium", "flagged": false }, "geometry": { "type": "Polygon", "coordinates": [ [ [ -116.992199330721533, 53.602951136779971 ], [ -116.942199330721536, 53.602951136779971 ], [ -116.942199330721536, 53.652951136779969 ], [ -116.992199330721533, 53.652951136779969 ], [ -116.992199330721533, 53.602951136779971 ] ] ] } },
{ "type": "Feature", "properties": { "value": 2, "label": "AQHI 2", "color": "#0099cb", "timestamp": "2026-09-16 17:00:00", "generated_at": "2026-09-16T23:31:17.755149", "nearest_km": 54.773631004764354, "n_points": 4, "weight_sum": 0.00090544355235141441, "confidence": "Medium", "flagged": false }, "geometry": { "type": "Polygon", "coordinates": [ [ [ -116.942199330721536, 53.602951136779971 ], [ -116.892199330721539, 53.602951136779971 ], [ -116.892199330721539, 53.652951136779969 ], [ -116.942199330721536, 53.652951136779969 ], [ -116.942199330721536, 53.602951136779971 ] ] ] } },
{ "type": "Feature", "properties": { "value": 2, "label": "AQHI 2", "color": "#0099cb", "timestamp": "2026-09-16 17:00:00", "generated_at": "2026-09-16T23:31:17.755149", "nearest_km": 55.445461517744263, "n_points": 4, "weight_sum": 0.00091920923123435506, "confidence": "Medium", "flagged": false }, "geometry": { "type": "Polygon", "coordinates": [ [ [ -116.892199330721539, 53.602951136779971 ], [ -116.842199330721542, 53.602951136779971 ], [ -116.842199330721542, 53.652951136779969 ], [ -116.892199330721539, 53.652951136779969 ], [ -116.892199330721539, 53.602951136779971 ] ] ] } },
{ "type": "Feature", "properties": { "value": 2, "label": "AQHI 2", "color": "#0099cb", "timestamp": "2026-09-16 17:00:00", "generated_at": "2026-09-16T23:31:17.755149", "nearest_km": 49.896539773151524, "n_points": 4, "weight_sum": 0.00095348685914447705, "confidence": "Medium", "flagged": false }, "geometry": { "type": "Polygon", "coordinates": [ [ [ -116.842199330721542, 53.602951136779971 ], [ -116.792199330721544, 53.602951136779971 ], [ -116.792199330721544, 53.652951136779969 ], [ -116.842199330721542, 53.652951136779969 ], [ -116.842199330721542, 53.602951136779971 ] ] ] } },
{ "type": "Feature", "properties": { "value": 2, "label": "AQHI 2", "color": "#0099cb", "timestamp": "2026-09-16 17:00:00", "generated_at": "2026-09-16T23:31:17.755149", "nearest_km": 44.347887883773197, "n_points": 4, "weight_sum": 0.0010196154955166542, "confidence": "Medium", "flagged": false }, "geometry": { "type": "Polygon", "coordinates": [ [ [ -116.792199330721544, 53.602951136779971 ], [ -116.742199330721547, 53.602951136779971 ], [ -116.742199330721547, 53.652951136779969 ], [ -116.792199330721544, 53.652951136779969 ], [ -116.792199330721544, 53.602951136779971 ] ] ] } },
{ "type": "Feature", "properties": { "value": 2, "label": "AQHI 2", "color": "#0099cb", "timestamp": "2026-09-16 17:00:00", "generated_at": "2026-09-16T23:31:17.755149", "nearest_km": 38.799621624053692, "n_points": 4, "weight_sum": 0.0011368056748057333, "confidence": "Medium", "flagged": false }, "geometry": { "type": "Polygon", "coordinates": [ [ [ -116.742199330721547, 53.602951136779971 ], [ -116.69219933072155, 53.602951136779971 ], [ -116.69219933072155, 53.652951136779969 ], [ -116.742199330721547, 53.652951136779969 ], [ -116.742199330721547, 53.602951136779971 ] ] ] } },
{ "type": "Feature", "properties": { "value": 2, "label": "AQHI 2", "color": "#0099cb", "timestamp": "2026-09-16 17:00:00", "generated_at": "2026-09-16T23:31:17.755149", "nearest_km": 33.251934027778688, "n_points": 4, "weight_sum": 0.0013407411886553386, "confidence": "Medium", "flagged": false }, "geometry": { "type": "Polygon", "coordinates": [ [ [ -116.69219933072155, 53.602951136779971 ], [ -116.642199330721553, 53.602951136779971 ], [ -116.642199330721553, 53.652951136779969 ], [ -116.69219933072155, 53.652951136779969 ], [ -116.69219933072155, 53.602951136779971 ] ] ] } },
{ "type": "Feature", "properties": { "value": 2, "label": "AQHI 2", "color": "#0099cb", "timestamp": "2026-09-16 17:00:00", "generated_at": "2026-09-16T23:31:17.755149", "nearest_km": 27.705172712072208, "n_points": 4, "weight_sum": 0.001705501299144994, "confidence": "Medium", "flagged": false }, "geometry": { "type": "Polygon", "coordinates": [ [ [ -116.642199330721553, 53.602951136779971 ], [ -116.592199330721556, 53.602951136779971 ], [ -116.592199330721556, 53.652951136779969 ], [ -116.642199330721553, 53.652951136779969 ], [ -116.642199330721553, 53.602951136779971 ] ] ] } },
{ "type": "Feature", "properties": { "value": 2, "label": "AQHI 2", "color": "#0099cb", "timestamp": "2026-09-16 17:00:00", "generated_at": "2026-09-16T23:31:17.755149", "nearest_km": 22.160033245095725, "n_points": 4, "weight_sum": 0.0024080312921903871, "confidence": "High", "flagged": false }, "geometry": { "type": "Polygon", "coordinates": [ [ [ -116.592199330721556, 53.602951136779971 ], [ -116.542199330721559, 53.602951136779971 ], [ -116.542199330721559, 53.652951136779969 ], [ -116.592199330721556, 53.652951136779969 ], [ -116.592199330721556, 53.602951136779971 ] ] ] } },
{ "type": "Feature", "properties": { "value": 2, "label": "AQHI 2", "color": "#0099cb", "timestamp": "2026-09-16 17:00:00", "generated_at": "2026-09-16T23:31:17.755149", "nearest_km": 16.618139241254951, "n_points": 4, "weight_sum": 0.0039641447801956045, "confidence": "High", "flagged": false }, "geometry": { "type": "Polygon", "coordinates": [ [ [ -116.542199330721559, 53.602951136779971 ], [ -116.492199330721562, 53.602951136779971 ], [ -116.492199330721562, 53.652951136779969 ], [ -116.542199330721559, 53.652951136779969 ], [ -116.542199330721559, 53.602951136779971 ] ] ] } },
{ "type": "Feature", "properties": { "value": 2, "label": "AQHI 2", "color": "#0099cb", "timestamp": "2026-09-16 17:00:00", "generated_at": "2026-09-16T23:31:17.755149", "nearest_km": 11.084359713565814, "n_points": 4, "weight_sum": 0.0084560242008113341, "confidence": "High", "flagged": false }, "geometry": { "type": "Polygon", "coordinates": [ [ [ -116.492199330721562, 53.602951136779971 ], [ -116.442199330721564, 53.602951136779971 ], [ -116.442199330721564, 53.652951136779969 ], [ -116.492199330721562, 53.652951136779969 ], [ -116.492199330721562, 53.602951136779971 ] ] ] } },
{ "type": "Feature", "properties": { "value": 2, "label": "AQHI 2", "color": "#0099cb", "timestamp": "2026-09-16 17:00:00", "generated_at": "2026-09-16T23:31:17.755149", "nearest_km": 5.5828763802986776, "n_points": 4, "weight_sum": 0.032376527564105653, "confidence": "High", "flagged": false }, "geometry": { "type": "Polygon", "coordinates": [ [ [ -116.442199330721564, 53.602951136779971 ], [ -116.392199330721567, 53.602951136779971 ], [ -116.392199330721567, 53.652951136779969 ], [ -116.442199330721564, 53.652951136779969 ], [ -116.442199330721564, 53.602951136779971 ] ] ] } },
{ "type": "Feature", "properties": { "value": 2, "label": "AQHI 2", "color": "#0099cb", "timestamp": "2026-09-16 17:00:00", "generated_at": "2026-09-16T23:31:17.755149", "nearest_km": 1.0387430363982866, "n_points": 4, "weight_sum": 0.92706601921508636, "confidence": "High", "flagged": false }, "geometry": { "type": "Polygon", "coordinates": [ [ [ -116.392199330721567, 53.602951136779971 ], [ -116.34219933072157, 53.602951136779971 ], [ -116.34219933072157, 53.652951136779969 ], [ -116.392199330721567, 53.652951136779969 ], [ -116.392199330721567, 53.602951136779971 ] ] ] } },
{ "type": "Feature", "properties": { "value": 2, "label": "AQHI 2", "color": "#0099cb", "timestamp": "2026-09-16 17:00:00", "generated_at": "2026-09-16T23:31:17.755149", "nearest_km": 5.709156287371016, "n_points": 4, "weight_sum": 0.030930817627445772, "confidence": "High", "flagged": false }, "geometry": { "type": "Polygon", "coordinates": [ [ [ -116.34219933072157, 53.602951136779971 ], [ -116.292199330721573, 53.602951136779971 ], [ -116.292199330721573, 53.652951136779969 ], [ -116.34219933072157, 53.652951136779969 ], [ -116.34219933072157, 53.602951136779971 ] ] ] } },
{ "type": "Feature", "properties": { "value": 2, "label": "AQHI 2", "color": "#0099cb", "timestamp": "2026-09-16 17:00:00", "generated_at": "2026-09-16T23:31:17.755149", "nearest_km": 11.212267564216575, "n_points": 4, "weight_sum": 0.0081868757311987471, "confidence": "High", "flagged": false }, "geometry": { "type": "Polygon", "coordinates": [ [ [ -116.292199330721573, 53.602951136779971 ], [ -116.242199330721576, 53.602951136779971 ], [ -116.242199330721576, 53.652951136779969 ], [ -116.292199330721573, 53.652951136779969 ], [ -116.292199330721573, 53.602951136779971 ] ] ] } },
{ "type": "Feature", "properties": { "value": 2, "label": "AQHI 2", "color": "#0099cb", "timestamp": "2026-09-16 17:00:00", "generated_at": "2026-09-16T23:31:17.755149", "nearest_km": 16.74635549454063, "n_points": 4, "weight_sum": 0.0037843049362678858, "confidence": "High", "flagged": false }, "geometry": { "type": "Polygon", "coordinates": [ [ [ -116.242199330721576, 53.602951136779971 ], [ -116.192199330721579, 53.602951136779971 ], [ -116.192199330721579, 53.652951136779969 ], [ -116.242199330721576, 53.652951136779969 ], [ -116.242199330721576, 53.602951136779971 ] ] ] } },
{ "type": "Feature", "properties": { "value": 2, "label": "AQHI 2", "color": "#0099cb", "timestamp": "2026-09-16 17:00:00", "generated_at": "2026-09-16T23:31:17.755149", "nearest_km": 22.288357964809165, "n_points": 4, "weight_sum": 0.0022227537528341614, "confidence": "High", "flagged": false }, "geometry": { "type": "Polygon", "coordinates": [ [ [ -116.192199330721579, 53.602951136779971 ], [ -116.142199330721581, 53.602951136779971 ], [ -116.142199330721581, 53.652951136779969 ], [ -116.192199330721579, 53.652951136779969 ], [ -116.192199330721579, 53.602951136779971 ] ] ] } },
{ "type": "Feature", "properties": { "value": 2, "label": "AQHI 2", "color": "#0099cb", "timestamp": "2026-09-16 17:00:00", "generated_at": "2026-09-16T23:31:17.755149", "nearest_km": 27.83354772905183, "n_points": 4, "weight_sum": 0.0014932707880527898, "confidence": "Medium", "flagged": false }, "geometry": { "type": "Polygon", "coordinates": [ [ [ -116.142199330721581, 53.602951136779971 ], [ -116.092199330721584, 53.602951136779971 ], [ -116.092199330721584, 53.652951136779969 ], [ -116.142199330721581, 53.652951136779969 ], [ -116.142199330721581, 53.602951136779971 ] ] ] } },
{ "type": "Feature", "properties": { "value": 2, "label": "AQHI 2", "color": "#0099cb", "timestamp": "2026-09-16 17:00:00", "generated_at": "2026-09-16T23:31:17.755149", "nearest_km": 33.38033639140464, "n_points": 4, "weight_sum": 0.0010940552695024915, "confidence": "Medium", "flagged": false }, "geometry": { "type": "Polygon", "coordinates": [ [ [ -116.092199330721584, 53.602951136779971 ], [ -116.042199330721587, 53.602951136779971 ], [ -116.042199330721587, 53.652951136779969 ], [ -116.092199330721584, 53.652951136779969 ], [ -116.092199330721584, 53.602951136779971 ] ] ] } },
{ "type": "Feature", "properties": { "value": 2, "label": "AQHI 2", "color": "#0099cb", "timestamp": "2026-09-16 17:00:00", "generated_at": "2026-09-16T23:31:17.755149", "nearest_km": 38.928040485249873, "n_points": 4, "weight_sum": 0.00085203503334218135, "confidence": "Medium", "flagged": false }, "geometry": { "type": "Polygon", "coordinates": [ [ [ -116.042199330721587, 53.602951136779971 ], [ -115.99219933072159, 53.602951136779971 ], [ -115.99219933072159, 53.652951136779969 ], [ -116.042199330721587, 53.652951136779969 ], [ -116.042199330721587, 53.602951136779971 ] ] ] } },
{ "type": "Feature", "properties": { "value": 2, "label": "AQHI 2", "color": "#0099cb", "timestamp": "2026-09-16 17:00:00", "generated_at": "2026-09-16T23:31:17.755149", "nearest_km": 44.476317455913176, "n_points": 4, "weight_sum": 0.00069465673460916038, "confidence": "Medium", "flagged": false }, "geometry": { "type": "Polygon", "coordinates": [ [ [ -115.99219933072159, 53.602951136779971 ], [ -115.942199330721593, 53.602951136779971 ], [ -115.942199330721593, 53.652951136779969 ], [ -115.99219933072159, 53.652951136779969 ], [ -115.99219933072159, 53.602951136779971 ] ] ] } },
{ "type": "Feature", "properties": { "value": 2, "label": "AQHI 2", "color": "#0099cb", "timestamp": "2026-09-16 17:00:00", "generated_at": "2026-09-16T23:31:17.755149", "nearest_km": 50.024976690220186, "n_points": 4, "weight_sum": 0.00058720387019696083, "confidence": "Medium", "flagged": false }, "geometry": { "type": "Polygon", "coordinates": [ [ [ -115.942199330721593, 53.602951136779971 ], [ -115.892199330721596, 53.602951136779971 ], [ -115.892199330721596, 53.652951136779969 ], [ -115.942199330721593, 53.652951136779969 ], [ -115.942199330721593, 53.602951136779971 ] ] ] } },
{ "type": "Feature", "properties": { "value": 2, "label": "AQHI 2", "color": "#0099cb", "timestamp": "2026-09-16 17:00:00", "generated_at": "2026-09-16T23:31:17.755149", "nearest_km": 55.573903689366382, "n_points": 4, "weight_sum": 0.00051140362604583118, "confidence": "Medium", "flagged": false }, "geometry": { "type": "Polygon", "coordinates": [ [ [ -115.892199330721596, 53.602951136779971 ], [ -115.842199330721598, 53.602951136779971 ], [ -115.842199330721598, 53.652951136779969 ], [ -115.892199330721596, 53.652951136779969 ], [ -115.892199330721596, 53.602951136779971 ] ] ] } },
{ "type": "Feature", "properties": { "value": 2, "label": "AQHI 2", "color": "#0099cb", "timestamp": "2026-09-16 17:00:00", "generated_at": "2026-09-16T23:31:17.755149", "nearest_km": 61.123025527969929, "n_points": 4, "weight_sum": 0.00045693378412615352, "confidence": "Medium", "flagged": false }, "geometry": { "type": "Polygon", "coordinates": [ [ [ -115.842199330721598, 53.602951136779971 ], [ -115.792199330721601, 53.602951136779971 ], [ -115.792199330721601, 53.652951136779969 ], [ -115.842199330721598, 53.652951136779969 ], [ -115.842199330721598, 53.602951136779971 ] ] ] } },
{ "type": "Feature", "properties": { "value": 2, "label": "AQHI 2", "color": "#0099cb", "timestamp": "2026-09-16 17:00:00", "generated_at": "2026-09-16T23:31:17.755149", "nearest_km": 66.672293556699756, "n_points": 3, "weight_sum": 0.00037512481298098777, "confidence": "Medium", "flagged": false }, "geometry": { "type": "Polygon", "coordinates": [ [ [ -115.792199330721601, 53.602951136779971 ], [ -115.742199330721604, 53.602951136779971 ], [ -115.742199330721604, 53.652951136779969 ], [ -115.792199330721601, 53.652951136779969 ], [ -115.792199330721601, 53.602951136779971 ] ] ] } },
{ "type": "Feature", "properties": { "value": 2, "label": "AQHI 2", "color": "#0099cb", "timestamp": "2026-09-16 17:00:00", "generated_at": "2026-09-16T23:31:17.755149", "nearest_km": 72.221674077306091, "n_points": 3, "weight_sum": 0.00035000071831783636, "confidence": "Medium", "flagged": false }, "geometry": { "type": "Polygon", "coordinates": [ [ [ -115.742199330721604, 53.602951136779971 ], [ -115.692199330721607, 53.602951136779971 ], [ -115.692199330721607, 53.652951136779969 ], [ -115.742199330721604, 53.652951136779969 ], [ -115.742199330721604, 53.602951136779971 ] ] ] } },
{ "type": "Feature", "properties": { "value": 2, "label": "AQHI 2", "color": "#0099cb", "timestamp": "2026-09-16 17:00:00", "generated_at": "2026-09-16T23:31:17.755149", "nearest_km": 77.771143009129673, "n_points": 2, "weight_sum": 0.00029039290208279658, "confidence": "Low", "flagged": false }, "geometry": { "type": "Polygon", "coordinates": [ [ [ -115.692199330721607, 53.602951136779971 ], [ -115.64219933072161, 53.602951136779971 ], [ -115.64219933072161, 53.652951136779969 ], [ -115.692199330721607, 53.652951136779969 ], [ -115.692199330721607, 53.602951136779971 ] ] ] } },
{ "type": "Feature", "properties": { "value": 2, "label": "AQHI 2", "color": "#0099cb", "timestamp": "2026-09-16 17:00:00", "generated_at": "2026-09-16T23:31:17.755149", "nearest_km": 83.320682686619662, "n_points": 2, "weight_sum": 0.00028383048224849168, "confidence": "Low", "flagged": false }, "geometry": { "type": "Polygon", "coordinates": [ [ [ -115.64219933072161, 53.602951136779971 ], [ -115.592199330721613, 53.602951136779971 ], [ -115.592199330721613, 53.652951136779969 ], [ -115.64219933072161, 53.652951136779969 ], [ -115.64219933072161, 53.602951136779971 ] ] ] } },
{ "type": "Feature", "properties": { "value": 2, "label": "AQHI 2", "color": "#0099cb", "timestamp": "2026-09-16 17:00:00", "generated_at": "2026-09-16T23:31:17.755149", "nearest_km": 79.830191403946984, "n_points": 2, "weight_sum": 0.00028353094152966884, "confidence": "Low", "flagged": false }, "geometry": { "type": "Polygon", "coordinates": [ [ [ -115.592199330721613, 53.602951136779971 ], [ -115.542199330721616, 53.602951136779971 ], [ -115.542199330721616, 53.652951136779969 ], [ -115.592199330721613, 53.652951136779969 ], [ -115.592199330721613, 53.602951136779971 ] ] ] } },
{ "type": "Feature", "properties": { "value": 2, "label": "AQHI 2", "color": "#0099cb", "timestamp": "2026-09-16 17:00:00", "generated_at": "2026-09-16T23:31:17.755149", "nearest_km": 75.190226499251537, "n_points": 2, "weight_sum": 0.0002890483453133784, "confidence": "Low", "flagged": false }, "geometry": { "type": "Polygon", "coordinates": [ [ [ -115.542199330721616, 53.602951136779971 ], [ -115.492199330721618, 53.602951136779971 ], [ -115.492199330721618, 53.652951136779969 ], [ -115.542199330721616, 53.652951136779969 ], [ -115.542199330721616, 53.602951136779971 ] ] ] } },
{ "type": "Feature", "properties": { "value": 2, "label": "AQHI 2", "color": "#0099cb", "timestamp": "2026-09-16 17:00:00", "generated_at": "2026-09-16T23:31:17.755149", "nearest_km": 70.681580786133239, "n_points": 3, "weight_sum": 0.00034642543159756902, "confidence": "Medium", "flagged": false }, "geometry": { "type": "Polygon", "coordinates": [ [ [ -115.492199330721618, 53.602951136779971 ], [ -115.442199330721621, 53.602951136779971 ], [ -115.442199330721621, 53.652951136779969 ], [ -115.492199330721618, 53.652951136779969 ], [ -115.492199330721618, 53.602951136779971 ] ] ] } },
{ "type": "Feature", "properties": { "value": 2, "label": "AQHI 2", "color": "#0099cb", "timestamp": "2026-09-16 17:00:00", "generated_at": "2026-09-16T23:31:17.755149", "nearest_km": 66.331037711199741, "n_points": 3, "weight_sum": 0.00036688550944316442, "confidence": "Medium", "flagged": false }, "geometry": { "type": "Polygon", "coordinates": [ [ [ -115.442199330721621, 53.602951136779971 ], [ -115.392199330721624, 53.602951136779971 ], [ -115.392199330721624, 53.652951136779969 ], [ -115.442199330721621, 53.652951136779969 ], [ -115.442199330721621, 53.602951136779971 ] ] ] } },
{ "type": "Feature", "properties": { "value": 2, "label": "AQHI 2", "color": "#0099cb", "timestamp": "2026-09-16 17:00:00", "generated_at": "2026-09-16T23:31:17.755149", "nearest_km": 62.171796381176868, "n_points": 3, "weight_sum": 0.00039357846179895672, "confidence": "Medium", "flagged": false }, "geometry": { "type": "Polygon", "coordinates": [ [ [ -115.392199330721624, 53.602951136779971 ], [ -115.342199330721627, 53.602951136779971 ], [ -115.342199330721627, 53.652951136779969 ], [ -115.392199330721624, 53.652951136779969 ], [ -115.392199330721624, 53.602951136779971 ] ] ] } },
{ "type": "Feature", "properties": { "value": 2, "label": "AQHI 2", "color": "#0099cb", "timestamp": "2026-09-16 17:00:00", "generated_at": "2026-09-16T23:31:17.755149", "nearest_km": 58.244853563902332, "n_points": 3, "weight_sum": 0.00042661928032522244, "confidence": "Medium", "flagged": false }, "geometry": { "type": "Polygon", "coordinates": [ [ [ -115.342199330721627, 53.602951136779971 ], [ -115.29219933072163, 53.602951136779971 ], [ -115.29219933072163, 53.652951136779969 ], [ -115.342199330721627, 53.652951136779969 ], [ -115.342199330721627, 53.602951136779971 ] ] ] } },
{ "type": "Feature", "properties": { "value": 2, "label": "AQHI 2", "color": "#0099cb", "timestamp": "2026-09-16 17:00:00", "generated_at": "2026-09-16T23:31:17.755149", "nearest_km": 54.600354102316288, "n_points": 3, "weight_sum": 0.00046584341687280349, "confidence": "Medium", "flagged": false }, "geometry": { "type": "Polygon", "coordinates": [ [ [ -115.29219933072163, 53.602951136779971 ], [ -115.242199330721633, 53.602951136779971 ], [ -115.242199330721633, 53.652951136779969 ], [ -115.29219933072163, 53.652951136779969 ], [ -115.29219933072163, 53.602951136779971 ] ] ] } },
{ "type": "Feature", "properties": { "value": 2, "label": "AQHI 2", "color": "#0099cb", "timestamp": "2026-09-16 17:00:00", "generated_at": "2026-09-16T23:31:17.755149", "nearest_km": 51.298531845621291, "n_points": 3, "weight_sum": 0.00051048252054409235, "confidence": "Medium", "flagged": false }, "geometry": { "type": "Polygon", "coordinates": [ [ [ -115.242199330721633, 53.602951136779971 ], [ -115.192199330721635, 53.602951136779971 ], [ -115.192199330721635, 53.652951136779969 ], [ -115.242199330721633, 53.652951136779969 ], [ -115.242199330721633, 53.602951136779971 ] ] ] } },
{ "type": "Feature", "properties": { "value": 2, "label": "AQHI 2", "color": "#0099cb", "timestamp": "2026-09-16 17:00:00", "generated_at": "2026-09-16T23:31:17.755149", "nearest_km": 48.409555574639491, "n_points": 3, "weight_sum": 0.00055875560543716435, "confidence": "Medium", "flagged": false }, "geometry": { "type": "Polygon", "coordinates": [ [ [ -115.192199330721635, 53.602951136779971 ], [ -115.142199330721638, 53.602951136779971 ], [ -115.142199330721638, 53.652951136779969 ], [ -115.192199330721635, 53.652951136779969 ], [ -115.192199330721635, 53.602951136779971 ] ] ] } },
{ "type": "Feature", "properties": { "value": 2, "label": "AQHI 2", "color": "#0099cb", "timestamp": "2026-09-16 17:00:00", "generated_at": "2026-09-16T23:31:17.755149", "nearest_km": 46.011257017734145, "n_points": 3, "weight_sum": 0.00060749777590178599, "confidence": "Medium", "flagged": false }, "geometry": { "type": "Polygon", "coordinates": [ [ [ -115.142199330721638, 53.602951136779971 ], [ -115.092199330721641, 53.602951136779971 ], [ -115.092199330721641, 53.652951136779969 ], [ -115.142199330721638, 53.652951136779969 ], [ -115.142199330721638, 53.602951136779971 ] ] ] } },
{ "type": "Feature", "properties": { "value": 2, "label": "AQHI 2", "color": "#0099cb", "timestamp": "2026-09-16 17:00:00", "generated_at": "2026-09-16T23:31:17.755149", "nearest_km": 44.183610918188471, "n_points": 4, "weight_sum": 0.00069761020486288467, "confidence": "Medium", "flagged": false }, "geometry": { "type": "Polygon", "coordinates": [ [ [ -115.092199330721641, 53.602951136779971 ], [ -115.042199330721644, 53.602951136779971 ], [ -115.042199330721644, 53.652951136779969 ], [ -115.092199330721641, 53.652951136779969 ], [ -115.092199330721641, 53.602951136779971 ] ] ] } },
{ "type": "Feature", "properties": { "value": 2, "label": "AQHI 2", "color": "#0099cb", "timestamp": "2026-09-16 17:00:00", "generated_at": "2026-09-16T23:31:17.755149", "nearest_km": 42.999443893935776, "n_points": 4, "weight_sum": 0.0007363203946377584, "confidence": "Medium", "flagged": false }, "geometry": { "type": "Polygon", "coordinates": [ [ [ -115.042199330721644, 53.602951136779971 ], [ -114.992199330721647, 53.602951136779971 ], [ -114.992199330721647, 53.652951136779969 ], [ -115.042199330721644, 53.652951136779969 ], [ -115.042199330721644, 53.602951136779971 ] ] ] } },
{ "type": "Feature", "properties": { "value": 2, "label": "AQHI 2", "color": "#0099cb", "timestamp": "2026-09-16 17:00:00", "generated_at": "2026-09-16T23:31:17.755149", "nearest_km": 42.512561397845573, "n_points": 3, "weight_sum": 0.00071996613093426045, "confidence": "Medium", "flagged": false }, "geometry": { "type": "Polygon", "coordinates": [ [ [ -114.992199330721647, 53.602951136779971 ], [ -114.94219933072165, 53.602951136779971 ], [ -114.94219933072165, 53.652951136779969 ], [ -114.992199330721647, 53.652951136779969 ], [ -114.992199330721647, 53.602951136779971 ] ] ] } },
{ "type": "Feature", "properties": { "value": 2, "label": "AQHI 2", "color": "#0099cb", "timestamp": "2026-09-16 17:00:00", "generated_at": "2026-09-16T23:31:17.755149", "nearest_km": 42.746796114135179, "n_points": 4, "weight_sum": 0.0007779645604953613, "confidence": "Medium", "flagged": false }, "geometry": { "type": "Polygon", "coordinates": [ [ [ -114.94219933072165, 53.602951136779971 ], [ -114.892199330721652, 53.602951136779971 ], [ -114.892199330721652, 53.652951136779969 ], [ -114.94219933072165, 53.652951136779969 ], [ -114.94219933072165, 53.602951136779971 ] ] ] } },
{ "type": "Feature", "properties": { "value": 2, "label": "AQHI 2", "color": "#0099cb", "timestamp": "2026-09-16 17:00:00", "generated_at": "2026-09-16T23:31:17.755149", "nearest_km": 43.690551374882965, "n_points": 4, "weight_sum": 0.00077948472632733887, "confidence": "Medium", "flagged": false }, "geometry": { "type": "Polygon", "coordinates": [ [ [ -114.892199330721652, 53.602951136779971 ], [ -114.842199330721655, 53.602951136779971 ], [ -114.842199330721655, 53.652951136779969 ], [ -114.892199330721652, 53.652951136779969 ], [ -114.892199330721652, 53.602951136779971 ] ] ] } },
{ "type": "Feature", "properties": { "value": 2, "label": "AQHI 2", "color": "#0099cb", "timestamp": "2026-09-16 17:00:00", "generated_at": "2026-09-16T23:31:17.755149", "nearest_km": 45.29950309726506, "n_points": 5, "weight_sum": 0.00081866171966303992, "confidence": "Medium", "flagged": false }, "geometry": { "type": "Polygon", "coordinates": [ [ [ -114.842199330721655, 53.602951136779971 ], [ -114.792199330721658, 53.602951136779971 ], [ -114.792199330721658, 53.652951136779969 ], [ -114.842199330721655, 53.652951136779969 ], [ -114.842199330721655, 53.602951136779971 ] ] ] } },
{ "type": "Feature", "properties": { "value": 2, "label": "AQHI 2", "color": "#0099cb", "timestamp": "2026-09-16 17:00:00", "generated_at": "2026-09-16T23:31:17.755149", "nearest_km": 99.942195778792424, "n_points": 2, "weight_sum": 0.00018253972658075859, "confidence": "Low", "flagged": false }, "geometry": { "type": "Polygon", "coordinates": [ [ [ -118.542199330721445, 53.652951136779969 ], [ -118.492199330721448, 53.652951136779969 ], [ -118.492199330721448, 53.702951136779966 ], [ -118.542199330721445, 53.702951136779966 ], [ -118.542199330721445, 53.652951136779969 ] ] ] } },
{ "type": "Feature", "properties": { "value": 2, "label": "AQHI 2", "color": "#0099cb", "timestamp": "2026-09-16 17:00:00", "generated_at": "2026-09-16T23:31:17.755149", "nearest_km": 97.282395250654773, "n_points": 2, "weight_sum": 0.00019671205861371139, "confidence": "Low", "flagged": false }, "geometry": { "type": "Polygon", "coordinates": [ [ [ -118.492199330721448, 53.652951136779969 ], [ -118.442199330721451, 53.652951136779969 ], [ -118.442199330721451, 53.702951136779966 ], [ -118.492199330721448, 53.702951136779966 ], [ -118.492199330721448, 53.652951136779969 ] ] ] } },
{ "type": "Feature", "properties": { "value": 2, "label": "AQHI 2", "color": "#0099cb", "timestamp": "2026-09-16 17:00:00", "generated_at": "2026-09-16T23:31:17.755149", "nearest_km": 94.873027538509362, "n_points": 2, "weight_sum": 0.00021215204921083014, "confidence": "Low", "flagged": false }, "geometry": { "type": "Polygon", "coordinates": [ [ [ -118.442199330721451, 53.652951136779969 ], [ -118.392199330721454, 53.652951136779969 ], [ -118.392199330721454, 53.702951136779966 ], [ -118.442199330721451, 53.702951136779966 ], [ -118.442199330721451, 53.652951136779969 ] ] ] } },
{ "type": "Feature", "properties": { "value": 2, "label": "AQHI 2", "color": "#0099cb", "timestamp": "2026-09-16 17:00:00", "generated_at": "2026-09-16T23:31:17.755149", "nearest_km": 92.733614633210991, "n_points": 2, "weight_sum": 0.00022902424993369631, "confidence": "Low", "flagged": false }, "geometry": { "type": "Polygon", "coordinates": [ [ [ -118.392199330721454, 53.652951136779969 ], [ -118.342199330721456, 53.652951136779969 ], [ -118.342199330721456, 53.702951136779966 ], [ -118.392199330721454, 53.702951136779966 ], [ -118.392199330721454, 53.652951136779969 ] ] ] } },
{ "type": "Feature", "properties": { "value": 2, "label": "AQHI 2", "color": "#0099cb", "timestamp": "2026-09-16 17:00:00", "generated_at": "2026-09-16T23:31:17.755149", "nearest_km": 88.91476730103976, "n_points": 2, "weight_sum": 0.00024755772928886771, "confidence": "Low", "flagged": false }, "geometry": { "type": "Polygon", "coordinates": [ [ [ -118.342199330721456, 53.652951136779969 ], [ -118.292199330721459, 53.652951136779969 ], [ -118.292199330721459, 53.702951136779966 ], [ -118.342199330721456, 53.702951136779966 ], [ -118.342199330721456, 53.652951136779969 ] ] ] } },
{ "type": "Feature", "properties": { "value": 2, "label": "AQHI 2", "color": "#0099cb", "timestamp": "2026-09-16 17:00:00", "generated_at": "2026-09-16T23:31:17.755149", "nearest_km": 83.685188682802092, "n_points": 3, "weight_sum": 0.0003154466089559732, "confidence": "Low", "flagged": false }, "geometry": { "type": "Polygon", "coordinates": [ [ [ -118.292199330721459, 53.652951136779969 ], [ -118.242199330721462, 53.652951136779969 ], [ -118.242199330721462, 53.702951136779966 ], [ -118.292199330721459, 53.702951136779966 ], [ -118.292199330721459, 53.652951136779969 ] ] ] } },
{ "type": "Feature", "properties": { "value": 2, "label": "AQHI 2", "color": "#0099cb", "timestamp": "2026-09-16 17:00:00", "generated_at": "2026-09-16T23:31:17.755149", "nearest_km": 78.499622709630373, "n_points": 3, "weight_sum": 0.00034191969489000919, "confidence": "Low", "flagged": false }, "geometry": { "type": "Polygon", "coordinates": [ [ [ -118.242199330721462, 53.652951136779969 ], [ -118.192199330721465, 53.652951136779969 ], [ -118.192199330721465, 53.702951136779966 ], [ -118.242199330721462, 53.702951136779966 ], [ -118.242199330721462, 53.652951136779969 ] ] ] } },
{ "type": "Feature", "properties": { "value": 2, "label": "AQHI 2", "color": "#0099cb", "timestamp": "2026-09-16 17:00:00", "generated_at": "2026-09-16T23:31:17.755149", "nearest_km": 73.367402340770127, "n_points": 3, "weight_sum": 0.00037190070117557841, "confidence": "Medium", "flagged": false }, "geometry": { "type": "Polygon", "coordinates": [ [ [ -118.192199330721465, 53.652951136779969 ], [ -118.142199330721468, 53.652951136779969 ], [ -118.142199330721468, 53.702951136779966 ], [ -118.192199330721465, 53.702951136779966 ], [ -118.192199330721465, 53.652951136779969 ] ] ] } },
{ "type": "Feature", "properties": { "value": 2, "label": "AQHI 2", "color": "#0099cb", "timestamp": "2026-09-16 17:00:00", "generated_at": "2026-09-16T23:31:17.755149", "nearest_km": 68.30055407469662, "n_points": 3, "weight_sum": 0.00040639886322949622, "confidence": "Medium", "flagged": false }, "geometry": { "type": "Polygon", "coordinates": [ [ [ -118.142199330721468, 53.652951136779969 ], [ -118.092199330721471, 53.652951136779969 ], [ -118.092199330721471, 53.702951136779966 ], [ -118.142199330721468, 53.702951136779966 ], [ -118.142199330721468, 53.652951136779969 ] ] ] } },
{ "type": "Feature", "properties": { "value": 2, "label": "AQHI 2", "color": "#0099cb", "timestamp": "2026-09-16 17:00:00", "generated_at": "2026-09-16T23:31:17.755149", "nearest_km": 63.314774323128312, "n_points": 3, "weight_sum": 0.0004468081425651495, "confidence": "Medium", "flagged": false }, "geometry": { "type": "Polygon", "coordinates": [ [ [ -118.092199330721471, 53.652951136779969 ], [ -118.042199330721473, 53.652951136779969 ], [ -118.042199330721473, 53.702951136779966 ], [ -118.092199330721471, 53.702951136779966 ], [ -118.092199330721471, 53.652951136779969 ] ] ] } },
{ "type": "Feature", "properties": { "value": 2, "label": "AQHI 2", "color": "#0099cb", "timestamp": "2026-09-16 17:00:00", "generated_at": "2026-09-16T23:31:17.755149", "nearest_km": 58.430818993633579, "n_points": 3, "weight_sum": 0.00049501545259687091, "confidence": "Medium", "flagged": false }, "geometry": { "type": "Polygon", "coordinates": [ [ [ -118.042199330721473, 53.652951136779969 ], [ -117.992199330721476, 53.652951136779969 ], [ -117.992199330721476, 53.702951136779966 ], [ -118.042199330721473, 53.702951136779966 ], [ -118.042199330721473, 53.652951136779969 ] ] ] } },
{ "type": "Feature", "properties": { "value": 2, "label": "AQHI 2", "color": "#0099cb", "timestamp": "2026-09-16 17:00:00", "generated_at": "2026-09-16T23:31:17.755149", "nearest_km": 53.676489908943068, "n_points": 3, "weight_sum": 0.00055350455377196103, "confidence": "Medium", "flagged": false }, "geometry": { "type": "Polygon", "coordinates": [ [ [ -117.992199330721476, 53.652951136779969 ], [ -117.942199330721479, 53.652951136779969 ], [ -117.942199330721479, 53.702951136779966 ], [ -117.992199330721476, 53.702951136779966 ], [ -117.992199330721476, 53.652951136779969 ] ] ] } },
{ "type": "Feature", "properties": { "value": 2, "label": "AQHI 2", "color": "#0099cb", "timestamp": "2026-09-16 17:00:00", "generated_at": "2026-09-16T23:31:17.755149", "nearest_km": 49.089464548138587, "n_points": 3, "weight_sum": 0.00062540376497785403, "confidence": "Medium", "flagged": false }, "geometry": { "type": "Polygon", "coordinates": [ [ [ -117.942199330721479, 53.652951136779969 ], [ -117.892199330721482, 53.652951136779969 ], [ -117.892199330721482, 53.702951136779966 ], [ -117.942199330721479, 53.702951136779966 ], [ -117.942199330721479, 53.652951136779969 ] ] ] } },
{ "type": "Feature", "properties": { "value": 2, "label": "AQHI 2", "color": "#0099cb", "timestamp": "2026-09-16 17:00:00", "generated_at": "2026-09-16T23:31:17.755149", "nearest_km": 44.721253228202777, "n_points": 4, "weight_sum": 0.00076142960057207947, "confidence": "Medium", "flagged": false }, "geometry": { "type": "Polygon", "coordinates": [ [ [ -117.892199330721482, 53.652951136779969 ], [ -117.842199330721485, 53.652951136779969 ], [ -117.842199330721485, 53.702951136779966 ], [ -117.892199330721482, 53.702951136779966 ], [ -117.892199330721482, 53.652951136779969 ] ] ] } },
{ "type": "Feature", "properties": { "value": 2, "label": "AQHI 2", "color": "#0099cb", "timestamp": "2026-09-16 17:00:00", "generated_at": "2026-09-16T23:31:17.755149", "nearest_km": 40.642471024522024, "n_points": 4, "weight_sum": 0.00087396837075016205, "confidence": "Medium", "flagged": false }, "geometry": { "type": "Polygon", "coordinates": [ [ [ -117.842199330721485, 53.652951136779969 ], [ -117.792199330721488, 53.652951136779969 ], [ -117.792199330721488, 53.702951136779966 ], [ -117.842199330721485, 53.702951136779966 ], [ -117.842199330721485, 53.652951136779969 ] ] ] } },
{ "type": "Feature", "properties": { "value": 2, "label": "AQHI 2", "color": "#0099cb", "timestamp": "2026-09-16 17:00:00", "generated_at": "2026-09-16T23:31:17.755149", "nearest_km": 36.9490921628283, "n_points": 4, "weight_sum": 0.0010088671215461881, "confidence": "Medium", "flagged": false }, "geometry": { "type": "Polygon", "coordinates": [ [ [ -117.792199330721488, 53.652951136779969 ], [ -117.74219933072149, 53.652951136779969 ], [ -117.74219933072149, 53.702951136779966 ], [ -117.792199330721488, 53.702951136779966 ], [ -117.792199330721488, 53.652951136779969 ] ] ] } },
{ "type": "Feature", "properties": { "value": 2, "label": "AQHI 2", "color": "#0099cb", "timestamp": "2026-09-16 17:00:00", "generated_at": "2026-09-16T23:31:17.755149", "nearest_km": 33.767815628720214, "n_points": 5, "weight_sum": 0.0012066557048476289, "confidence": "Medium", "flagged": false }, "geometry": { "type": "Polygon", "coordinates": [ [ [ -117.74219933072149, 53.652951136779969 ], [ -117.692199330721493, 53.652951136779969 ], [ -117.692199330721493, 53.702951136779966 ], [ -117.74219933072149, 53.702951136779966 ], [ -117.74219933072149, 53.652951136779969 ] ] ] } },
{ "type": "Feature", "properties": { "value": 2, "label": "AQHI 2", "color": "#0099cb", "timestamp": "2026-09-16 17:00:00", "generated_at": "2026-09-16T23:31:17.755149", "nearest_km": 31.255404860812391, "n_points": 5, "weight_sum": 0.0013668300487467116, "confidence": "Medium", "flagged": false }, "geometry": { "type": "Polygon", "coordinates": [ [ [ -117.692199330721493, 53.652951136779969 ], [ -117.642199330721496, 53.652951136779969 ], [ -117.642199330721496, 53.702951136779966 ], [ -117.692199330721493, 53.702951136779966 ], [ -117.692199330721493, 53.652951136779969 ] ] ] } },
{ "type": "Feature", "properties": { "value": 2, "label": "AQHI 2", "color": "#0099cb", "timestamp": "2026-09-16 17:00:00", "generated_at": "2026-09-16T23:31:17.755149", "nearest_km": 29.582770216653845, "n_points": 5, "weight_sum": 0.0015012932249594247, "confidence": "Medium", "flagged": false }, "geometry": { "type": "Polygon", "coordinates": [ [ [ -117.642199330721496, 53.652951136779969 ], [ -117.592199330721499, 53.652951136779969 ], [ -117.592199330721499, 53.702951136779966 ], [ -117.642199330721496, 53.702951136779966 ], [ -117.642199330721496, 53.652951136779969 ] ] ] } },
{ "type": "Feature", "properties": { "value": 2, "label": "AQHI 2", "color": "#0099cb", "timestamp": "2026-09-16 17:00:00", "generated_at": "2026-09-16T23:31:17.755149", "nearest_km": 28.896111405678468, "n_points": 5, "weight_sum": 0.0015738603707626264, "confidence": "Medium", "flagged": false }, "geometry": { "type": "Polygon", "coordinates": [ [ [ -117.592199330721499, 53.652951136779969 ], [ -117.542199330721502, 53.652951136779969 ], [ -117.542199330721502, 53.702951136779966 ], [ -117.592199330721499, 53.702951136779966 ], [ -117.592199330721499, 53.652951136779969 ] ] ] } },
{ "type": "Feature", "properties": { "value": 2, "label": "AQHI 2", "color": "#0099cb", "timestamp": "2026-09-16 17:00:00", "generated_at": "2026-09-16T23:31:17.755149", "nearest_km": 29.264914403555231, "n_points": 5, "weight_sum": 0.0015638534717222379, "confidence": "Medium", "flagged": false }, "geometry": { "type": "Polygon", "coordinates": [ [ [ -117.542199330721502, 53.652951136779969 ], [ -117.492199330721505, 53.652951136779969 ], [ -117.492199330721505, 53.702951136779966 ], [ -117.542199330721502, 53.702951136779966 ], [ -117.542199330721502, 53.652951136779969 ] ] ] } },
{ "type": "Feature", "properties": { "value": 2, "label": "AQHI 2", "color": "#0099cb", "timestamp": "2026-09-16 17:00:00", "generated_at": "2026-09-16T23:31:17.755149", "nearest_km": 30.651103988689218, "n_points": 5, "weight_sum": 0.0014830831687127372, "confidence": "Medium", "flagged": false }, "geometry": { "type": "Polygon", "coordinates": [ [ [ -117.492199330721505, 53.652951136779969 ], [ -117.442199330721508, 53.652951136779969 ], [ -117.442199330721508, 53.702951136779966 ], [ -117.492199330721505, 53.702951136779966 ], [ -117.492199330721505, 53.652951136779969 ] ] ] } },
{ "type": "Feature", "properties": { "value": 2, "label": "AQHI 2", "color": "#0099cb", "timestamp": "2026-09-16 17:00:00", "generated_at": "2026-09-16T23:31:17.755149", "nearest_km": 32.926435221618796, "n_points": 5, "weight_sum": 0.001365925759220473, "confidence": "Medium", "flagged": false }, "geometry": { "type": "Polygon", "coordinates": [ [ [ -117.442199330721508, 53.652951136779969 ], [ -117.39219933072151, 53.652951136779969 ], [ -117.39219933072151, 53.702951136779966 ], [ -117.442199330721508, 53.702951136779966 ], [ -117.442199330721508, 53.652951136779969 ] ] ] } },
{ "type": "Feature", "properties": { "value": 2, "label": "AQHI 2", "color": "#0099cb", "timestamp": "2026-09-16 17:00:00", "generated_at": "2026-09-16T23:31:17.755149", "nearest_km": 35.922348156565029, "n_points": 5, "weight_sum": 0.001245537833897793, "confidence": "Medium", "flagged": false }, "geometry": { "type": "Polygon", "coordinates": [ [ [ -117.39219933072151, 53.652951136779969 ], [ -117.342199330721513, 53.652951136779969 ], [ -117.342199330721513, 53.702951136779966 ], [ -117.39219933072151, 53.702951136779966 ], [ -117.39219933072151, 53.652951136779969 ] ] ] } },
{ "type": "Feature", "properties": { "value": 2, "label": "AQHI 2", "color": "#0099cb", "timestamp": "2026-09-16 17:00:00", "generated_at": "2026-09-16T23:31:17.755149", "nearest_km": 39.475119477456623, "n_points": 5, "weight_sum": 0.0011411026600540123, "confidence": "Medium", "flagged": false }, "geometry": { "type": "Polygon", "coordinates": [ [ [ -117.342199330721513, 53.652951136779969 ], [ -117.292199330721516, 53.652951136779969 ], [ -117.292199330721516, 53.702951136779966 ], [ -117.342199330721513, 53.702951136779966 ], [ -117.342199330721513, 53.652951136779969 ] ] ] } },
{ "type": "Feature", "properties": { "value": 2, "label": "AQHI 2", "color": "#0099cb", "timestamp": "2026-09-16 17:00:00", "generated_at": "2026-09-16T23:31:17.755149", "nearest_km": 43.448360365351803, "n_points": 5, "weight_sum": 0.0010589339618020822, "confidence": "Medium", "flagged": false }, "geometry": { "type": "Polygon", "coordinates": [ [ [ -117.292199330721516, 53.652951136779969 ], [ -117.242199330721519, 53.652951136779969 ], [ -117.242199330721519, 53.702951136779966 ], [ -117.292199330721516, 53.702951136779966 ], [ -117.292199330721516, 53.652951136779969 ] ] ] } },
{ "type": "Feature", "properties": { "value": 2, "label": "AQHI 2", "color": "#0099cb", "timestamp": "2026-09-16 17:00:00", "generated_at": "2026-09-16T23:31:17.755149", "nearest_km": 47.737197017791736, "n_points": 5, "weight_sum": 0.00099807678225859999, "confidence": "Medium", "flagged": false }, "geometry": { "type": "Polygon", "coordinates": [ [ [ -117.242199330721519, 53.652951136779969 ], [ -117.192199330721522, 53.652951136779969 ], [ -117.192199330721522, 53.702951136779966 ], [ -117.242199330721519, 53.702951136779966 ], [ -117.242199330721519, 53.652951136779969 ] ] ] } },
{ "type": "Feature", "properties": { "value": 2, "label": "AQHI 2", "color": "#0099cb", "timestamp": "2026-09-16 17:00:00", "generated_at": "2026-09-16T23:31:17.755149", "nearest_km": 52.263992765511588, "n_points": 5, "weight_sum": 0.00095475986258895297, "confidence": "Medium", "flagged": false }, "geometry": { "type": "Polygon", "coordinates": [ [ [ -117.192199330721522, 53.652951136779969 ], [ -117.142199330721525, 53.652951136779969 ], [ -117.142199330721525, 53.702951136779966 ], [ -117.192199330721522, 53.702951136779966 ], [ -117.192199330721522, 53.652951136779969 ] ] ] } },
{ "type": "Feature", "properties": { "value": 2, "label": "AQHI 2", "color": "#0099cb", "timestamp": "2026-09-16 17:00:00", "generated_at": "2026-09-16T23:31:17.755149", "nearest_km": 56.972053679601757, "n_points": 5, "weight_sum": 0.00092486641146620951, "confidence": "Medium", "flagged": false }, "geometry": { "type": "Polygon", "coordinates": [ [ [ -117.142199330721525, 53.652951136779969 ], [ -117.092199330721527, 53.652951136779969 ], [ -117.092199330721527, 53.702951136779966 ], [ -117.142199330721525, 53.702951136779966 ], [ -117.142199330721525, 53.652951136779969 ] ] ] } },
{ "type": "Feature", "properties": { "value": 2, "label": "AQHI 2", "color": "#0099cb", "timestamp": "2026-09-16 17:00:00", "generated_at": "2026-09-16T23:31:17.755149", "nearest_km": 57.770202491584442, "n_points": 5, "weight_sum": 0.0009051251624533096, "confidence": "Medium", "flagged": false }, "geometry": { "type": "Polygon", "coordinates": [ [ [ -117.092199330721527, 53.652951136779969 ], [ -117.04219933072153, 53.652951136779969 ], [ -117.04219933072153, 53.702951136779966 ], [ -117.092199330721527, 53.702951136779966 ], [ -117.092199330721527, 53.652951136779969 ] ] ] } },
{ "type": "Feature", "properties": { "value": 2, "label": "AQHI 2", "color": "#0099cb", "timestamp": "2026-09-16 17:00:00", "generated_at": "2026-09-16T23:31:17.755149", "nearest_km": 58.024631525212371, "n_points": 5, "weight_sum": 0.0008936605398677769, "confidence": "Medium", "flagged": false }, "geometry": { "type": "Polygon", "coordinates": [ [ [ -117.04219933072153, 53.652951136779969 ], [ -116.992199330721533, 53.652951136779969 ], [ -116.992199330721533, 53.702951136779966 ], [ -117.04219933072153, 53.702951136779966 ], [ -117.04219933072153, 53.652951136779969 ] ] ] } },
{ "type": "Feature", "properties": { "value": 2, "label": "AQHI 2", "color": "#0099cb", "timestamp": "2026-09-16 17:00:00", "generated_at": "2026-09-16T23:31:17.755149", "nearest_km": 58.804119169958341, "n_points": 5, "weight_sum": 0.00089024097632985945, "confidence": "Medium", "flagged": false }, "geometry": { "type": "Polygon", "coordinates": [ [ [ -116.992199330721533, 53.652951136779969 ], [ -116.942199330721536, 53.652951136779969 ], [ -116.942199330721536, 53.702951136779966 ], [ -116.992199330721533, 53.702951136779966 ], [ -116.992199330721533, 53.652951136779969 ] ] ] } },
{ "type": "Feature", "properties": { "value": 2, "label": "AQHI 2", "color": "#0099cb", "timestamp": "2026-09-16 17:00:00", "generated_at": "2026-09-16T23:31:17.755149", "nearest_km": 60.088235113644743, "n_points": 4, "weight_sum": 0.00085432434795882045, "confidence": "Medium", "flagged": false }, "geometry": { "type": "Polygon", "coordinates": [ [ [ -116.942199330721536, 53.652951136779969 ], [ -116.892199330721539, 53.652951136779969 ], [ -116.892199330721539, 53.702951136779966 ], [ -116.942199330721536, 53.702951136779966 ], [ -116.942199330721536, 53.652951136779969 ] ] ] } },
{ "type": "Feature", "properties": { "value": 2, "label": "AQHI 2", "color": "#0099cb", "timestamp": "2026-09-16 17:00:00", "generated_at": "2026-09-16T23:31:17.755149", "nearest_km": 55.825708105157574, "n_points": 4, "weight_sum": 0.0008760543432730862, "confidence": "Medium", "flagged": false }, "geometry": { "type": "Polygon", "coordinates": [ [ [ -116.892199330721539, 53.652951136779969 ], [ -116.842199330721542, 53.652951136779969 ], [ -116.842199330721542, 53.702951136779966 ], [ -116.892199330721539, 53.702951136779966 ], [ -116.892199330721539, 53.652951136779969 ] ] ] } },
{ "type": "Feature", "properties": { "value": 2, "label": "AQHI 2", "color": "#0099cb", "timestamp": "2026-09-16 17:00:00", "generated_at": "2026-09-16T23:31:17.755149", "nearest_km": 50.318735714048771, "n_points": 4, "weight_sum": 0.00091686585235513742, "confidence": "Medium", "flagged": false }, "geometry": { "type": "Polygon", "coordinates": [ [ [ -116.842199330721542, 53.652951136779969 ], [ -116.792199330721544, 53.652951136779969 ], [ -116.792199330721544, 53.702951136779966 ], [ -116.842199330721542, 53.702951136779966 ], [ -116.842199330721542, 53.652951136779969 ] ] ] } },
{ "type": "Feature", "properties": { "value": 2, "label": "AQHI 2", "color": "#0099cb", "timestamp": "2026-09-16 17:00:00", "generated_at": "2026-09-16T23:31:17.755149", "nearest_km": 44.822378811017074, "n_points": 4, "weight_sum": 0.00098686089459785846, "confidence": "Medium", "flagged": false }, "geometry": { "type": "Polygon", "coordinates": [ [ [ -116.792199330721544, 53.652951136779969 ], [ -116.742199330721547, 53.652951136779969 ], [ -116.742199330721547, 53.702951136779966 ], [ -116.792199330721544, 53.702951136779966 ], [ -116.792199330721544, 53.652951136779969 ] ] ] } },
{ "type": "Feature", "properties": { "value": 2, "label": "AQHI 2", "color": "#0099cb", "timestamp": "2026-09-16 17:00:00", "generated_at": "2026-09-16T23:31:17.755149", "nearest_km": 39.341086928252636, "n_points": 4, "weight_sum": 0.0011032467994740059, "confidence": "Medium", "flagged": false }, "geometry": { "type": "Polygon", "coordinates": [ [ [ -116.742199330721547, 53.652951136779969 ], [ -116.69219933072155, 53.652951136779969 ], [ -116.69219933072155, 53.702951136779966 ], [ -116.742199330721547, 53.702951136779966 ], [ -116.742199330721547, 53.652951136779969 ] ] ] } },
{ "type": "Feature", "properties": { "value": 2, "label": "AQHI 2", "color": "#0099cb", "timestamp": "2026-09-16 17:00:00", "generated_at": "2026-09-16T23:31:17.755149", "nearest_km": 33.88217229037037, "n_points": 4, "weight_sum": 0.0012973736886883424, "confidence": "Medium", "flagged": false }, "geometry": { "type": "Polygon", "coordinates": [ [ [ -116.69219933072155, 53.652951136779969 ], [ -116.642199330721553, 53.652951136779969 ], [ -116.642199330721553, 53.702951136779966 ], [ -116.69219933072155, 53.702951136779966 ], [ -116.69219933072155, 53.652951136779969 ] ] ] } },
{ "type": "Feature", "properties": { "value": 2, "label": "AQHI 2", "color": "#0099cb", "timestamp": "2026-09-16 17:00:00", "generated_at": "2026-09-16T23:31:17.755149", "nearest_km": 28.458515026830643, "n_points": 4, "weight_sum": 0.0016315548931258046, "confidence": "Medium", "flagged": false }, "geometry": { "type": "Polygon", "coordinates": [ [ [ -116.642199330721553, 53.652951136779969 ], [ -116.592199330721556, 53.652951136779969 ], [ -116.592199330721556, 53.702951136779966 ], [ -116.642199330721553, 53.702951136779966 ], [ -116.642199330721553, 53.652951136779969 ] ] ] } },
{ "type": "Feature", "properties": { "value": 2, "label": "AQHI 2", "color": "#0099cb", "timestamp": "2026-09-16 17:00:00", "generated_at": "2026-09-16T23:31:17.755149", "nearest_km": 23.094968195482384, "n_points": 4, "weight_sum": 0.0022436903045682023, "confidence": "High", "flagged": false }, "geometry": { "type": "Polygon", "coordinates": [ [ [ -116.592199330721556, 53.652951136779969 ], [ -116.542199330721559, 53.652951136779969 ], [ -116.542199330721559, 53.702951136779966 ], [ -116.592199330721556, 53.702951136779966 ], [ -116.592199330721556, 53.652951136779969 ] ] ] } },
{ "type": "Feature", "properties": { "value": 2, "label": "AQHI 2", "color": "#0099cb", "timestamp": "2026-09-16 17:00:00", "generated_at": "2026-09-16T23:31:17.755149", "nearest_km": 17.84581279651708, "n_points": 4, "weight_sum": 0.0034824605826260639, "confidence": "High", "flagged": false }, "geometry": { "type": "Polygon", "coordinates": [ [ [ -116.542199330721559, 53.652951136779969 ], [ -116.492199330721562, 53.652951136779969 ], [ -116.492199330721562, 53.702951136779966 ], [ -116.542199330721559, 53.702951136779966 ], [ -116.542199330721559, 53.652951136779969 ] ] ] } },
{ "type": "Feature", "properties": { "value": 2, "label": "AQHI 2", "color": "#0099cb", "timestamp": "2026-09-16 17:00:00", "generated_at": "2026-09-16T23:31:17.755149", "nearest_km": 12.851984780037515, "n_points": 4, "weight_sum": 0.006371992853198595, "confidence": "High", "flagged": false }, "geometry": { "type": "Polygon", "coordinates": [ [ [ -116.492199330721562, 53.652951136779969 ], [ -116.442199330721564, 53.652951136779969 ], [ -116.442199330721564, 53.702951136779966 ], [ -116.492199330721562, 53.702951136779966 ], [ -116.492199330721562, 53.652951136779969 ] ] ] } },
{ "type": "Feature", "properties": { "value": 2, "label": "AQHI 2", "color": "#0099cb", "timestamp": "2026-09-16 17:00:00", "generated_at": "2026-09-16T23:31:17.755149", "nearest_km": 8.5719887543260338, "n_points": 4, "weight_sum": 0.013904014526261143, "confidence": "High", "flagged": false }, "geometry": { "type": "Polygon", "coordinates": [ [ [ -116.442199330721564, 53.652951136779969 ], [ -116.392199330721567, 53.652951136779969 ], [ -116.392199330721567, 53.702951136779966 ], [ -116.442199330721564, 53.702951136779966 ], [ -116.442199330721564, 53.652951136779969 ] ] ] } },
{ "type": "Feature", "properties": { "value": 2, "label": "AQHI 2", "color": "#0099cb", "timestamp": "2026-09-16 17:00:00", "generated_at": "2026-09-16T23:31:17.755149", "nearest_km": 6.5870683632600224, "n_points": 4, "weight_sum": 0.023320310966122398, "confidence": "High", "flagged": false }, "geometry": { "type": "Polygon", "coordinates": [ [ [ -116.392199330721567, 53.652951136779969 ], [ -116.34219933072157, 53.652951136779969 ], [ -116.34219933072157, 53.702951136779966 ], [ -116.392199330721567, 53.702951136779966 ], [ -116.392199330721567, 53.652951136779969 ] ] ] } },
{ "type": "Feature", "properties": { "value": 2, "label": "AQHI 2", "color": "#0099cb", "timestamp": "2026-09-16 17:00:00", "generated_at": "2026-09-16T23:31:17.755149", "nearest_km": 8.6547644705227622, "n_points": 4, "weight_sum": 0.013603649397783198, "confidence": "High", "flagged": false }, "geometry": { "type": "Polygon", "coordinates": [ [ [ -116.34219933072157, 53.652951136779969 ], [ -116.292199330721573, 53.652951136779969 ], [ -116.292199330721573, 53.702951136779966 ], [ -116.34219933072157, 53.702951136779966 ], [ -116.34219933072157, 53.652951136779969 ] ] ] } },
{ "type": "Feature", "properties": { "value": 2, "label": "AQHI 2", "color": "#0099cb", "timestamp": "2026-09-16 17:00:00", "generated_at": "2026-09-16T23:31:17.755149", "nearest_km": 12.962462206624876, "n_points": 4, "weight_sum": 0.0061865583640710459, "confidence": "High", "flagged": false }, "geometry": { "type": "Polygon", "coordinates": [ [ [ -116.292199330721573, 53.652951136779969 ], [ -116.242199330721576, 53.652951136779969 ], [ -116.242199330721576, 53.702951136779966 ], [ -116.292199330721573, 53.702951136779966 ], [ -116.292199330721573, 53.652951136779969 ] ] ] } },
{ "type": "Feature", "properties": { "value": 2, "label": "AQHI 2", "color": "#0099cb", "timestamp": "2026-09-16 17:00:00", "generated_at": "2026-09-16T23:31:17.755149", "nearest_km": 17.965269407279319, "n_points": 4, "weight_sum": 0.0033189756269029645, "confidence": "High", "flagged": false }, "geometry": { "type": "Polygon", "coordinates": [ [ [ -116.242199330721576, 53.652951136779969 ], [ -116.192199330721579, 53.652951136779969 ], [ -116.192199330721579, 53.702951136779966 ], [ -116.242199330721576, 53.702951136779966 ], [ -116.242199330721576, 53.652951136779969 ] ] ] } },
{ "type": "Feature", "properties": { "value": 2, "label": "AQHI 2", "color": "#0099cb", "timestamp": "2026-09-16 17:00:00", "generated_at": "2026-09-16T23:31:17.755149", "nearest_km": 23.218126179648248, "n_points": 4, "weight_sum": 0.0020665116603612406, "confidence": "High", "flagged": false }, "geometry": { "type": "Polygon", "coordinates": [ [ [ -116.192199330721579, 53.652951136779969 ], [ -116.142199330721581, 53.652951136779969 ], [ -116.142199330721581, 53.702951136779966 ], [ -116.192199330721579, 53.702951136779966 ], [ -116.192199330721579, 53.652951136779969 ] ] ] } },
{ "type": "Feature", "properties": { "value": 2, "label": "AQHI 2", "color": "#0099cb", "timestamp": "2026-09-16 17:00:00", "generated_at": "2026-09-16T23:31:17.755149", "nearest_km": 28.583506812705846, "n_points": 4, "weight_sum": 0.0014277343211505813, "confidence": "Medium", "flagged": false }, "geometry": { "type": "Polygon", "coordinates": [ [ [ -116.142199330721581, 53.652951136779969 ], [ -116.092199330721584, 53.652951136779969 ], [ -116.092199330721584, 53.702951136779966 ], [ -116.142199330721581, 53.702951136779966 ], [ -116.142199330721581, 53.652951136779969 ] ] ] } },
{ "type": "Feature", "properties": { "value": 2, "label": "AQHI 2", "color": "#0099cb", "timestamp": "2026-09-16 17:00:00", "generated_at": "2026-09-16T23:31:17.755149", "nearest_km": 34.008195190717316, "n_points": 4, "weight_sum": 0.0010620403446900833, "confidence": "Medium", "flagged": false }, "geometry": { "type": "Polygon", "coordinates": [ [ [ -116.092199330721584, 53.652951136779969 ], [ -116.042199330721587, 53.652951136779969 ], [ -116.042199330721587, 53.702951136779966 ], [ -116.092199330721584, 53.702951136779966 ], [ -116.092199330721584, 53.652951136779969 ] ] ] } },
{ "type": "Feature", "properties": { "value": 2, "label": "AQHI 2", "color": "#0099cb", "timestamp": "2026-09-16 17:00:00", "generated_at": "2026-09-16T23:31:17.755149", "nearest_km": 39.467744026582622, "n_points": 4, "weight_sum": 0.00083438605797576037, "confidence": "Medium", "flagged": false }, "geometry": { "type": "Polygon", "coordinates": [ [ [ -116.042199330721587, 53.652951136779969 ], [ -115.99219933072159, 53.652951136779969 ], [ -115.99219933072159, 53.702951136779966 ], [ -116.042199330721587, 53.702951136779966 ], [ -116.042199330721587, 53.652951136779969 ] ] ] } },
{ "type": "Feature", "properties": { "value": 2, "label": "AQHI 2", "color": "#0099cb", "timestamp": "2026-09-16 17:00:00", "generated_at": "2026-09-16T23:31:17.755149", "nearest_km": 44.949452688166978, "n_points": 4, "weight_sum": 0.00068374944306711803, "confidence": "Medium", "flagged": false }, "geometry": { "type": "Polygon", "coordinates": [ [ [ -115.99219933072159, 53.652951136779969 ], [ -115.942199330721593, 53.652951136779969 ], [ -115.942199330721593, 53.702951136779966 ], [ -115.99219933072159, 53.702951136779966 ], [ -115.99219933072159, 53.652951136779969 ] ] ] } },
{ "type": "Feature", "properties": { "value": 2, "label": "AQHI 2", "color": "#0099cb", "timestamp": "2026-09-16 17:00:00", "generated_at": "2026-09-16T23:31:17.755149", "nearest_km": 50.446097722060401, "n_points": 4, "weight_sum": 0.00057957581567148731, "confidence": "Medium", "flagged": false }, "geometry": { "type": "Polygon", "coordinates": [ [ [ -115.942199330721593, 53.652951136779969 ], [ -115.892199330721596, 53.652951136779969 ], [ -115.892199330721596, 53.702951136779966 ], [ -115.942199330721593, 53.702951136779966 ], [ -115.942199330721593, 53.652951136779969 ] ] ] } },
{ "type": "Feature", "properties": { "value": 2, "label": "AQHI 2", "color": "#0099cb", "timestamp": "2026-09-16 17:00:00", "generated_at": "2026-09-16T23:31:17.755149", "nearest_km": 55.953277417873984, "n_points": 4, "weight_sum": 0.0005052929077811923, "confidence": "Medium", "flagged": false }, "geometry": { "type": "Polygon", "coordinates": [ [ [ -115.892199330721596, 53.652951136779969 ], [ -115.842199330721598, 53.652951136779969 ], [ -115.842199330721598, 53.702951136779966 ], [ -115.892199330721596, 53.702951136779966 ], [ -115.892199330721596, 53.652951136779969 ] ] ] } },
{ "type": "Feature", "properties": { "value": 2, "label": "AQHI 2", "color": "#0099cb", "timestamp": "2026-09-16 17:00:00", "generated_at": "2026-09-16T23:31:17.755149", "nearest_km": 61.46816031263225, "n_points": 3, "weight_sum": 0.00040699858901085994, "confidence": "Medium", "flagged": false }, "geometry": { "type": "Polygon", "coordinates": [ [ [ -115.842199330721598, 53.652951136779969 ], [ -115.792199330721601, 53.652951136779969 ], [ -115.792199330721601, 53.702951136779966 ], [ -115.842199330721598, 53.702951136779966 ], [ -115.842199330721598, 53.652951136779969 ] ] ] } },
{ "type": "Feature", "properties": { "value": 2, "label": "AQHI 2", "color": "#0099cb", "timestamp": "2026-09-16 17:00:00", "generated_at": "2026-09-16T23:31:17.755149", "nearest_km": 66.988843926711738, "n_points": 3, "weight_sum": 0.00037045254042461647, "confidence": "Medium", "flagged": false }, "geometry": { "type": "Polygon", "coordinates": [ [ [ -115.792199330721601, 53.652951136779969 ], [ -115.742199330721604, 53.652951136779969 ], [ -115.742199330721604, 53.702951136779966 ], [ -115.792199330721601, 53.702951136779966 ], [ -115.792199330721601, 53.652951136779969 ] ] ] } },
{ "type": "Feature", "properties": { "value": 2, "label": "AQHI 2", "color": "#0099cb", "timestamp": "2026-09-16 17:00:00", "generated_at": "2026-09-16T23:31:17.755149", "nearest_km": 72.51400339972426, "n_points": 3, "weight_sum": 0.0003445381876101359, "confidence": "Medium", "flagged": false }, "geometry": { "type": "Polygon", "coordinates": [ [ [ -115.742199330721604, 53.652951136779969 ], [ -115.692199330721607, 53.652951136779969 ], [ -115.692199330721607, 53.702951136779966 ], [ -115.742199330721604, 53.702951136779966 ], [ -115.742199330721604, 53.652951136779969 ] ] ] } },
{ "type": "Feature", "properties": { "value": 2, "label": "AQHI 2", "color": "#0099cb", "timestamp": "2026-09-16 17:00:00", "generated_at": "2026-09-16T23:31:17.755149", "nearest_km": 78.042688110245749, "n_points": 3, "weight_sum": 0.00032694724844049746, "confidence": "Low", "flagged": false }, "geometry": { "type": "Polygon", "coordinates": [ [ [ -115.692199330721607, 53.652951136779969 ], [ -115.64219933072161, 53.652951136779969 ], [ -115.64219933072161, 53.702951136779966 ], [ -115.692199330721607, 53.702951136779966 ], [ -115.692199330721607, 53.652951136779969 ] ] ] } },
{ "type": "Feature", "properties": { "value": 2, "label": "AQHI 2", "color": "#0099cb", "timestamp": "2026-09-16 17:00:00", "generated_at": "2026-09-16T23:31:17.755149", "nearest_km": 83.574198445997411, "n_points": 2, "weight_sum": 0.00027378219297549472, "confidence": "Low", "flagged": false }, "geometry": { "type": "Polygon", "coordinates": [ [ [ -115.64219933072161, 53.652951136779969 ], [ -115.592199330721613, 53.652951136779969 ], [ -115.592199330721613, 53.702951136779966 ], [ -115.64219933072161, 53.702951136779966 ], [ -115.64219933072161, 53.652951136779969 ] ] ] } },
{ "type": "Feature", "properties": { "value": 2, "label": "AQHI 2", "color": "#0099cb", "timestamp": "2026-09-16 17:00:00", "generated_at": "2026-09-16T23:31:17.755149", "nearest_km": 82.918194973222768, "n_points": 2, "weight_sum": 0.00027138633396747957, "confidence": "Low", "flagged": false }, "geometry": { "type": "Polygon", "coordinates": [ [ [ -115.592199330721613, 53.652951136779969 ], [ -115.542199330721616, 53.652951136779969 ], [ -115.542199330721616, 53.702951136779966 ], [ -115.592199330721613, 53.702951136779966 ], [ -115.592199330721613, 53.652951136779969 ] ] ] } },
{ "type": "Feature", "properties": { "value": 2, "label": "AQHI 2", "color": "#0099cb", "timestamp": "2026-09-16 17:00:00", "generated_at": "2026-09-16T23:31:17.755149", "nearest_km": 78.461058870214856, "n_points": 2, "weight_sum": 0.00027407864174612323, "confidence": "Low", "flagged": false }, "geometry": { "type": "Polygon", "coordinates": [ [ [ -115.542199330721616, 53.652951136779969 ], [ -115.492199330721618, 53.652951136779969 ], [ -115.492199330721618, 53.702951136779966 ], [ -115.542199330721616, 53.702951136779966 ], [ -115.542199330721616, 53.652951136779969 ] ] ] } },
{ "type": "Feature", "properties": { "value": 2, "label": "AQHI 2", "color": "#0099cb", "timestamp": "2026-09-16 17:00:00", "generated_at": "2026-09-16T23:31:17.755149", "nearest_km": 74.15155737038333, "n_points": 3, "weight_sum": 0.00032687806331562516, "confidence": "Medium", "flagged": false }, "geometry": { "type": "Polygon", "coordinates": [ [ [ -115.492199330721618, 53.652951136779969 ], [ -115.442199330721621, 53.652951136779969 ], [ -115.442199330721621, 53.702951136779966 ], [ -115.492199330721618, 53.702951136779966 ], [ -115.492199330721618, 53.652951136779969 ] ] ] } },
{ "type": "Feature", "properties": { "value": 2, "label": "AQHI 2", "color": "#0099cb", "timestamp": "2026-09-16 17:00:00", "generated_at": "2026-09-16T23:31:17.755149", "nearest_km": 70.016956245406533, "n_points": 3, "weight_sum": 0.00034228273387211072, "confidence": "Medium", "flagged": false }, "geometry": { "type": "Polygon", "coordinates": [ [ [ -115.442199330721621, 53.652951136779969 ], [ -115.392199330721624, 53.652951136779969 ], [ -115.392199330721624, 53.702951136779966 ], [ -115.442199330721621, 53.702951136779966 ], [ -115.442199330721621, 53.652951136779969 ] ] ] } },
{ "type": "Feature", "properties": { "value": 2, "label": "AQHI 2", "color": "#0099cb", "timestamp": "2026-09-16 17:00:00", "generated_at": "2026-09-16T23:31:17.755149", "nearest_km": 66.090088994410422, "n_points": 3, "weight_sum": 0.00036241167225276754, "confidence": "Medium", "flagged": false }, "geometry": { "type": "Polygon", "coordinates": [ [ [ -115.392199330721624, 53.652951136779969 ], [ -115.342199330721627, 53.652951136779969 ], [ -115.342199330721627, 53.702951136779966 ], [ -115.392199330721624, 53.702951136779966 ], [ -115.392199330721624, 53.652951136779969 ] ] ] } },
{ "type": "Feature", "properties": { "value": 2, "label": "AQHI 2", "color": "#0099cb", "timestamp": "2026-09-16 17:00:00", "generated_at": "2026-09-16T23:31:17.755149", "nearest_km": 62.4101799765631, "n_points": 3, "weight_sum": 0.00038704095867462998, "confidence": "Medium", "flagged": false }, "geometry": { "type": "Polygon", "coordinates": [ [ [ -115.342199330721627, 53.652951136779969 ], [ -115.29219933072163, 53.652951136779969 ], [ -115.29219933072163, 53.702951136779966 ], [ -115.342199330721627, 53.702951136779966 ], [ -115.342199330721627, 53.652951136779969 ] ] ] } },
{ "type": "Feature", "properties": { "value": 2, "label": "AQHI 2", "color": "#0099cb", "timestamp": "2026-09-16 17:00:00", "generated_at": "2026-09-16T23:31:17.755149", "nearest_km": 59.023438277729127, "n_points": 3, "weight_sum": 0.00041571084006441366, "confidence": "Medium", "flagged": false }, "geometry": { "type": "Polygon", "coordinates": [ [ [ -115.29219933072163, 53.652951136779969 ], [ -115.242199330721633, 53.652951136779969 ], [ -115.242199330721633, 53.702951136779966 ], [ -115.29219933072163, 53.702951136779966 ], [ -115.29219933072163, 53.652951136779969 ] ] ] } },
{ "type": "Feature", "properties": { "value": 2, "label": "AQHI 2", "color": "#0099cb", "timestamp": "2026-09-16 17:00:00", "generated_at": "2026-09-16T23:31:17.755149", "nearest_km": 55.983095373003394, "n_points": 3, "weight_sum": 0.00044754386498360092, "confidence": "Medium", "flagged": false }, "geometry": { "type": "Polygon", "coordinates": [ [ [ -115.242199330721633, 53.652951136779969 ], [ -115.192199330721635, 53.652951136779969 ], [ -115.192199330721635, 53.702951136779966 ], [ -115.242199330721633, 53.702951136779966 ], [ -115.242199330721633, 53.652951136779969 ] ] ] } },
{ "type": "Feature", "properties": { "value": 2, "label": "AQHI 2", "color": "#0099cb", "timestamp": "2026-09-16 17:00:00", "generated_at": "2026-09-16T23:31:17.755149", "nearest_km": 53.348408307658836, "n_points": 3, "weight_sum": 0.00048106517364548485, "confidence": "Medium", "flagged": false }, "geometry": { "type": "Polygon", "coordinates": [ [ [ -115.192199330721635, 53.652951136779969 ], [ -115.142199330721638, 53.652951136779969 ], [ -115.142199330721638, 53.702951136779966 ], [ -115.192199330721635, 53.702951136779966 ], [ -115.192199330721635, 53.652951136779969 ] ] ] } },
{ "type": "Feature", "properties": { "value": 2, "label": "AQHI 2", "color": "#0099cb", "timestamp": "2026-09-16 17:00:00", "generated_at": "2026-09-16T23:31:17.755149", "nearest_km": 51.182061021207055, "n_points": 3, "weight_sum": 0.00051410567838196882, "confidence": "Medium", "flagged": false }, "geometry": { "type": "Polygon", "coordinates": [ [ [ -115.142199330721638, 53.652951136779969 ], [ -115.092199330721641, 53.652951136779969 ], [ -115.092199330721641, 53.702951136779966 ], [ -115.142199330721638, 53.702951136779966 ], [ -115.142199330721638, 53.652951136779969 ] ] ] } },
{ "type": "Feature", "properties": { "value": 2, "label": "AQHI 2", "color": "#0099cb", "timestamp": "2026-09-16 17:00:00", "generated_at": "2026-09-16T23:31:17.755149", "nearest_km": 49.545525244934446, "n_points": 4, "weight_sum": 0.00058908465201229856, "confidence": "Medium", "flagged": false }, "geometry": { "type": "Polygon", "coordinates": [ [ [ -115.092199330721641, 53.652951136779969 ], [ -115.042199330721644, 53.652951136779969 ], [ -115.042199330721644, 53.702951136779966 ], [ -115.092199330721641, 53.702951136779966 ], [ -115.092199330721641, 53.652951136779969 ] ] ] } },
{ "type": "Feature", "properties": { "value": 2, "label": "AQHI 2", "color": "#0099cb", "timestamp": "2026-09-16 17:00:00", "generated_at": "2026-09-16T23:31:17.755149", "nearest_km": 48.492471304464402, "n_points": 3, "weight_sum": 0.00057190261090737829, "confidence": "Medium", "flagged": false }, "geometry": { "type": "Polygon", "coordinates": [ [ [ -115.042199330721644, 53.652951136779969 ], [ -114.992199330721647, 53.652951136779969 ], [ -114.992199330721647, 53.702951136779966 ], [ -115.042199330721644, 53.702951136779966 ], [ -115.042199330721644, 53.652951136779969 ] ] ] } },
{ "type": "Feature", "properties": { "value": 2, "label": "AQHI 2", "color": "#0099cb", "timestamp": "2026-09-16 17:00:00", "generated_at": "2026-09-16T23:31:17.755149", "nearest_km": 48.061267925764952, "n_points": 3, "weight_sum": 0.00059424901626117777, "confidence": "Medium", "flagged": false }, "geometry": { "type": "Polygon", "coordinates": [ [ [ -114.992199330721647, 53.652951136779969 ], [ -114.94219933072165, 53.652951136779969 ], [ -114.94219933072165, 53.702951136779966 ], [ -114.992199330721647, 53.702951136779966 ], [ -114.992199330721647, 53.652951136779969 ] ] ] } },
{ "type": "Feature", "properties": { "value": 2, "label": "AQHI 2", "color": "#0099cb", "timestamp": "2026-09-16 17:00:00", "generated_at": "2026-09-16T23:31:17.755149", "nearest_km": 48.268583737768971, "n_points": 4, "weight_sum": 0.00065328858852414979, "confidence": "Medium", "flagged": false }, "geometry": { "type": "Polygon", "coordinates": [ [ [ -114.94219933072165, 53.652951136779969 ], [ -114.892199330721652, 53.652951136779969 ], [ -114.892199330721652, 53.702951136779966 ], [ -114.94219933072165, 53.702951136779966 ], [ -114.94219933072165, 53.652951136779969 ] ] ] } },
{ "type": "Feature", "properties": { "value": 2, "label": "AQHI 2", "color": "#0099cb", "timestamp": "2026-09-16 17:00:00", "generated_at": "2026-09-16T23:31:17.755149", "nearest_km": 49.106332356101092, "n_points": 4, "weight_sum": 0.00066198354329090304, "confidence": "Medium", "flagged": false }, "geometry": { "type": "Polygon", "coordinates": [ [ [ -114.892199330721652, 53.652951136779969 ], [ -114.842199330721655, 53.652951136779969 ], [ -114.842199330721655, 53.702951136779966 ], [ -114.892199330721652, 53.702951136779966 ], [ -114.892199330721652, 53.652951136779969 ] ] ] } },
{ "type": "Feature", "properties": { "value": 2, "label": "AQHI 2", "color": "#0099cb", "timestamp": "2026-09-16 17:00:00", "generated_at": "2026-09-16T23:31:17.755149", "nearest_km": 50.543175393772991, "n_points": 5, "weight_sum": 0.0007118833012932285, "confidence": "Medium", "flagged": false }, "geometry": { "type": "Polygon", "coordinates": [ [ [ -114.842199330721655, 53.652951136779969 ], [ -114.792199330721658, 53.652951136779969 ], [ -114.792199330721658, 53.702951136779966 ], [ -114.842199330721655, 53.702951136779966 ], [ -114.842199330721655, 53.652951136779969 ] ] ] } },
{ "type": "Feature", "properties": { "value": 2, "label": "AQHI 2", "color": "#0099cb", "timestamp": "2026-09-16 17:00:00", "generated_at": "2026-09-16T23:31:17.755149", "nearest_km": 52.529975064752612, "n_points": 6, "weight_sum": 0.00076502356107047468, "confidence": "Medium", "flagged": false }, "geometry": { "type": "Polygon", "coordinates": [ [ [ -114.792199330721658, 53.652951136779969 ], [ -114.742199330721661, 53.652951136779969 ], [ -114.742199330721661, 53.702951136779966 ], [ -114.792199330721658, 53.702951136779966 ], [ -114.792199330721658, 53.652951136779969 ] ] ] } },
{ "type": "Feature", "properties": { "value": 2, "label": "AQHI 2", "color": "#0099cb", "timestamp": "2026-09-16 17:00:00", "generated_at": "2026-09-16T23:31:17.755149", "nearest_km": 131.88622678266151, "n_points": 1, "weight_sum": 5.7491165513081162e-05, "confidence": "Low", "flagged": false }, "geometry": { "type": "Polygon", "coordinates": [ [ [ -118.942199330721422, 53.702951136779966 ], [ -118.892199330721425, 53.702951136779966 ], [ -118.892199330721425, 53.752951136779963 ], [ -118.942199330721422, 53.752951136779963 ], [ -118.942199330721422, 53.702951136779966 ] ] ] } },
{ "type": "Feature", "properties": { "value": 2, "label": "AQHI 2", "color": "#0099cb", "timestamp": "2026-09-16 17:00:00", "generated_at": "2026-09-16T23:31:17.755149", "nearest_km": 127.97092929093631, "n_points": 2, "weight_sum": 0.00010600256085691116, "confidence": "Low", "flagged": false }, "geometry": { "type": "Polygon", "coordinates": [ [ [ -118.892199330721425, 53.702951136779966 ], [ -118.842199330721428, 53.702951136779966 ], [ -118.842199330721428, 53.752951136779963 ], [ -118.892199330721425, 53.752951136779963 ], [ -118.892199330721425, 53.702951136779966 ] ] ] } },
{ "type": "Feature", "properties": { "value": 2, "label": "AQHI 2", "color": "#0099cb", "timestamp": "2026-09-16 17:00:00", "generated_at": "2026-09-16T23:31:17.755149", "nearest_km": 124.18029502382419, "n_points": 2, "weight_sum": 0.00011322284861414343, "confidence": "Low", "flagged": false }, "geometry": { "type": "Polygon", "coordinates": [ [ [ -118.842199330721428, 53.702951136779966 ], [ -118.792199330721431, 53.702951136779966 ], [ -118.792199330721431, 53.752951136779963 ], [ -118.842199330721428, 53.752951136779963 ], [ -118.842199330721428, 53.702951136779966 ] ] ] } },
{ "type": "Feature", "properties": { "value": 2, "label": "AQHI 2", "color": "#0099cb", "timestamp": "2026-09-16 17:00:00", "generated_at": "2026-09-16T23:31:17.755149", "nearest_km": 120.52608680622714, "n_points": 2, "weight_sum": 0.00012105040012677305, "confidence": "Low", "flagged": false }, "geometry": { "type": "Polygon", "coordinates": [ [ [ -118.792199330721431, 53.702951136779966 ], [ -118.742199330721434, 53.702951136779966 ], [ -118.742199330721434, 53.752951136779963 ], [ -118.792199330721431, 53.752951136779963 ], [ -118.792199330721431, 53.702951136779966 ] ] ] } },
{ "type": "Feature", "properties": { "value": 2, "label": "AQHI 2", "color": "#0099cb", "timestamp": "2026-09-16 17:00:00", "generated_at": "2026-09-16T23:31:17.755149", "nearest_km": 117.02108583259846, "n_points": 2, "weight_sum": 0.00012953488425559358, "confidence": "Low", "flagged": false }, "geometry": { "type": "Polygon", "coordinates": [ [ [ -118.742199330721434, 53.702951136779966 ], [ -118.692199330721436, 53.702951136779966 ], [ -118.692199330721436, 53.752951136779963 ], [ -118.742199330721434, 53.752951136779963 ], [ -118.742199330721434, 53.702951136779966 ] ] ] } },
{ "type": "Feature", "properties": { "value": 2, "label": "AQHI 2", "color": "#0099cb", "timestamp": "2026-09-16 17:00:00", "generated_at": "2026-09-16T23:31:17.755149", "nearest_km": 113.67909419967486, "n_points": 2, "weight_sum": 0.00013872936374216123, "confidence": "Low", "flagged": false }, "geometry": { "type": "Polygon", "coordinates": [ [ [ -118.692199330721436, 53.702951136779966 ], [ -118.642199330721439, 53.702951136779966 ], [ -118.642199330721439, 53.752951136779963 ], [ -118.692199330721436, 53.752951136779963 ], [ -118.692199330721436, 53.702951136779966 ] ] ] } },
{ "type": "Feature", "properties": { "value": 2, "label": "AQHI 2", "color": "#0099cb", "timestamp": "2026-09-16 17:00:00", "generated_at": "2026-09-16T23:31:17.755149", "nearest_km": 110.51490119742546, "n_points": 2, "weight_sum": 0.00014869129904058028, "confidence": "Low", "flagged": false }, "geometry": { "type": "Polygon", "coordinates": [ [ [ -118.642199330721439, 53.702951136779966 ], [ -118.592199330721442, 53.702951136779966 ], [ -118.592199330721442, 53.752951136779963 ], [ -118.642199330721439, 53.752951136779963 ], [ -118.642199330721439, 53.702951136779966 ] ] ] } },
{ "type": "Feature", "properties": { "value": 2, "label": "AQHI 2", "color": "#0099cb", "timestamp": "2026-09-16 17:00:00", "generated_at": "2026-09-16T23:31:17.755149", "nearest_km": 107.5442016814243, "n_points": 2, "weight_sum": 0.00015948443197651556, "confidence": "Low", "flagged": false }, "geometry": { "type": "Polygon", "coordinates": [ [ [ -118.592199330721442, 53.702951136779966 ], [ -118.542199330721445, 53.702951136779966 ], [ -118.542199330721445, 53.752951136779963 ], [ -118.592199330721442, 53.752951136779963 ], [ -118.592199330721442, 53.702951136779966 ] ] ] } },
{ "type": "Feature", "properties": { "value": 2, "label": "AQHI 2", "color": "#0099cb", "timestamp": "2026-09-16 17:00:00", "generated_at": "2026-09-16T23:31:17.755149", "nearest_km": 104.78345405603413, "n_points": 2, "weight_sum": 0.00017118205068749584, "confidence": "Low", "flagged": false }, "geometry": { "type": "Polygon", "coordinates": [ [ [ -118.542199330721445, 53.702951136779966 ], [ -118.492199330721448, 53.702951136779966 ], [ -118.492199330721448, 53.752951136779963 ], [ -118.542199330721445, 53.752951136779963 ], [ -118.542199330721445, 53.702951136779966 ] ] ] } },
{ "type": "Feature", "properties": { "value": 2, "label": "AQHI 2", "color": "#0099cb", "timestamp": "2026-09-16 17:00:00", "generated_at": "2026-09-16T23:31:17.755149", "nearest_km": 102.24966587980207, "n_points": 2, "weight_sum": 0.00018387230421959772, "confidence": "Low", "flagged": false }, "geometry": { "type": "Polygon", "coordinates": [ [ [ -118.492199330721448, 53.702951136779966 ], [ -118.442199330721451, 53.702951136779966 ], [ -118.442199330721451, 53.752951136779963 ], [ -118.492199330721448, 53.752951136779963 ], [ -118.492199330721448, 53.702951136779966 ] ] ] } },
{ "type": "Feature", "properties": { "value": 2, "label": "AQHI 2", "color": "#0099cb", "timestamp": "2026-09-16 17:00:00", "generated_at": "2026-09-16T23:31:17.755149", "nearest_km": 99.960097544716788, "n_points": 2, "weight_sum": 0.00019766640192090946, "confidence": "Low", "flagged": false }, "geometry": { "type": "Polygon", "coordinates": [ [ [ -118.442199330721451, 53.702951136779966 ], [ -118.392199330721454, 53.702951136779966 ], [ -118.392199330721454, 53.752951136779963 ], [ -118.442199330721451, 53.752951136779963 ], [ -118.442199330721451, 53.702951136779966 ] ] ] } },
{ "type": "Feature", "properties": { "value": 2, "label": "AQHI 2", "color": "#0099cb", "timestamp": "2026-09-16 17:00:00", "generated_at": "2026-09-16T23:31:17.755149", "nearest_km": 96.028531372173362, "n_points": 2, "weight_sum": 0.00021271066289778269, "confidence": "Low", "flagged": false }, "geometry": { "type": "Polygon", "coordinates": [ [ [ -118.392199330721454, 53.702951136779966 ], [ -118.342199330721456, 53.702951136779966 ], [ -118.342199330721456, 53.752951136779963 ], [ -118.392199330721454, 53.752951136779963 ], [ -118.392199330721454, 53.702951136779966 ] ] ] } },
{ "type": "Feature", "properties": { "value": 2, "label": "AQHI 2", "color": "#0099cb", "timestamp": "2026-09-16 17:00:00", "generated_at": "2026-09-16T23:31:17.755149", "nearest_km": 90.869405182242872, "n_points": 2, "weight_sum": 0.0002292034204639833, "confidence": "Low", "flagged": false }, "geometry": { "type": "Polygon", "coordinates": [ [ [ -118.342199330721456, 53.702951136779966 ], [ -118.292199330721459, 53.702951136779966 ], [ -118.292199330721459, 53.752951136779963 ], [ -118.342199330721456, 53.752951136779963 ], [ -118.342199330721456, 53.702951136779966 ] ] ] } },
{ "type": "Feature", "properties": { "value": 2, "label": "AQHI 2", "color": "#0099cb", "timestamp": "2026-09-16 17:00:00", "generated_at": "2026-09-16T23:31:17.755149", "nearest_km": 85.759103066979222, "n_points": 3, "weight_sum": 0.00029332319119934771, "confidence": "Low", "flagged": false }, "geometry": { "type": "Polygon", "coordinates": [ [ [ -118.292199330721459, 53.702951136779966 ], [ -118.242199330721462, 53.702951136779966 ], [ -118.242199330721462, 53.752951136779963 ], [ -118.292199330721459, 53.752951136779963 ], [ -118.292199330721459, 53.702951136779966 ] ] ] } },
{ "type": "Feature", "properties": { "value": 2, "label": "AQHI 2", "color": "#0099cb", "timestamp": "2026-09-16 17:00:00", "generated_at": "2026-09-16T23:31:17.755149", "nearest_km": 80.706900073853021, "n_points": 3, "weight_sum": 0.00031690666821134784, "confidence": "Low", "flagged": false }, "geometry": { "type": "Polygon", "coordinates": [ [ [ -118.242199330721462, 53.702951136779966 ], [ -118.192199330721465, 53.702951136779966 ], [ -118.192199330721465, 53.752951136779963 ], [ -118.242199330721462, 53.752951136779963 ], [ -118.242199330721462, 53.702951136779966 ] ] ] } },
{ "type": "Feature", "properties": { "value": 2, "label": "AQHI 2", "color": "#0099cb", "timestamp": "2026-09-16 17:00:00", "generated_at": "2026-09-16T23:31:17.755149", "nearest_km": 75.724425915347965, "n_points": 3, "weight_sum": 0.00034343282794164565, "confidence": "Low", "flagged": false }, "geometry": { "type": "Polygon", "coordinates": [ [ [ -118.192199330721465, 53.702951136779966 ], [ -118.142199330721468, 53.702951136779966 ], [ -118.142199330721468, 53.752951136779963 ], [ -118.192199330721465, 53.752951136779963 ], [ -118.192199330721465, 53.702951136779966 ] ] ] } },
{ "type": "Feature", "properties": { "value": 2, "label": "AQHI 2", "color": "#0099cb", "timestamp": "2026-09-16 17:00:00", "generated_at": "2026-09-16T23:31:17.755149", "nearest_km": 70.8263979098693, "n_points": 3, "weight_sum": 0.00037363381137960647, "confidence": "Medium", "flagged": false }, "geometry": { "type": "Polygon", "coordinates": [ [ [ -118.142199330721468, 53.702951136779966 ], [ -118.092199330721471, 53.702951136779966 ], [ -118.092199330721471, 53.752951136779963 ], [ -118.142199330721468, 53.752951136779963 ], [ -118.142199330721468, 53.702951136779966 ] ] ] } },
{ "type": "Feature", "properties": { "value": 2, "label": "AQHI 2", "color": "#0099cb", "timestamp": "2026-09-16 17:00:00", "generated_at": "2026-09-16T23:31:17.755149", "nearest_km": 66.031610623740249, "n_points": 3, "weight_sum": 0.00040846167682994982, "confidence": "Medium", "flagged": false }, "geometry": { "type": "Polygon", "coordinates": [ [ [ -118.092199330721471, 53.702951136779966 ], [ -118.042199330721473, 53.702951136779966 ], [ -118.042199330721473, 53.752951136779963 ], [ -118.092199330721471, 53.752951136779963 ], [ -118.092199330721471, 53.702951136779966 ] ] ] } },
{ "type": "Feature", "properties": { "value": 2, "label": "AQHI 2", "color": "#0099cb", "timestamp": "2026-09-16 17:00:00", "generated_at": "2026-09-16T23:31:17.755149", "nearest_km": 61.364269426461441, "n_points": 3, "weight_sum": 0.00044911408568405905, "confidence": "Medium", "flagged": false }, "geometry": { "type": "Polygon", "coordinates": [ [ [ -118.042199330721473, 53.702951136779966 ], [ -117.992199330721476, 53.702951136779966 ], [ -117.992199330721476, 53.752951136779963 ], [ -118.042199330721473, 53.752951136779963 ], [ -118.042199330721473, 53.702951136779966 ] ] ] } },
{ "type": "Feature", "properties": { "value": 2, "label": "AQHI 2", "color": "#0099cb", "timestamp": "2026-09-16 17:00:00", "generated_at": "2026-09-16T23:31:17.755149", "nearest_km": 56.85576947787662, "n_points": 3, "weight_sum": 0.00049702288962519161, "confidence": "Medium", "flagged": false }, "geometry": { "type": "Polygon", "coordinates": [ [ [ -117.992199330721476, 53.702951136779966 ], [ -117.942199330721479, 53.702951136779966 ], [ -117.942199330721479, 53.752951136779963 ], [ -117.992199330721476, 53.752951136779963 ], [ -117.992199330721476, 53.702951136779966 ] ] ] } },
{ "type": "Feature", "properties": { "value": 2, "label": "AQHI 2", "color": "#0099cb", "timestamp": "2026-09-16 17:00:00", "generated_at": "2026-09-16T23:31:17.755149", "nearest_km": 52.547012128184186, "n_points": 4, "weight_sum": 0.00059980100063420337, "confidence": "Medium", "flagged": false }, "geometry": { "type": "Polygon", "coordinates": [ [ [ -117.942199330721479, 53.702951136779966 ], [ -117.892199330721482, 53.702951136779966 ], [ -117.892199330721482, 53.752951136779963 ], [ -117.942199330721479, 53.752951136779963 ], [ -117.942199330721479, 53.702951136779966 ] ] ] } },
{ "type": "Feature", "properties": { "value": 2, "label": "AQHI 2", "color": "#0099cb", "timestamp": "2026-09-16 17:00:00", "generated_at": "2026-09-16T23:31:17.755149", "nearest_km": 48.491271836049187, "n_points": 4, "weight_sum": 0.00066987096755942411, "confidence": "Medium", "flagged": false }, "geometry": { "type": "Polygon", "coordinates": [ [ [ -117.892199330721482, 53.702951136779966 ], [ -117.842199330721485, 53.702951136779966 ], [ -117.842199330721485, 53.752951136779963 ], [ -117.892199330721482, 53.752951136779963 ], [ -117.892199330721482, 53.702951136779966 ] ] ] } },
{ "type": "Feature", "properties": { "value": 2, "label": "AQHI 2", "color": "#0099cb", "timestamp": "2026-09-16 17:00:00", "generated_at": "2026-09-16T23:31:17.755149", "nearest_km": 44.757383803744517, "n_points": 4, "weight_sum": 0.00075113650974780637, "confidence": "Medium", "flagged": false }, "geometry": { "type": "Polygon", "coordinates": [ [ [ -117.842199330721485, 53.702951136779966 ], [ -117.792199330721488, 53.702951136779966 ], [ -117.792199330721488, 53.752951136779963 ], [ -117.842199330721485, 53.752951136779963 ], [ -117.842199330721485, 53.702951136779966 ] ] ] } },
{ "type": "Feature", "properties": { "value": 2, "label": "AQHI 2", "color": "#0099cb", "timestamp": "2026-09-16 17:00:00", "generated_at": "2026-09-16T23:31:17.755149", "nearest_km": 41.432455462279329, "n_points": 4, "weight_sum": 0.00084242407122357265, "confidence": "Medium", "flagged": false }, "geometry": { "type": "Polygon", "coordinates": [ [ [ -117.792199330721488, 53.702951136779966 ], [ -117.74219933072149, 53.702951136779966 ], [ -117.74219933072149, 53.752951136779963 ], [ -117.792199330721488, 53.752951136779963 ], [ -117.792199330721488, 53.702951136779966 ] ] ] } },
{ "type": "Feature", "properties": { "value": 2, "label": "AQHI 2", "color": "#0099cb", "timestamp": "2026-09-16 17:00:00", "generated_at": "2026-09-16T23:31:17.755149", "nearest_km": 38.622251699141273, "n_points": 4, "weight_sum": 0.00093904901582333945, "confidence": "Medium", "flagged": false }, "geometry": { "type": "Polygon", "coordinates": [ [ [ -117.74219933072149, 53.702951136779966 ], [ -117.692199330721493, 53.702951136779966 ], [ -117.692199330721493, 53.752951136779963 ], [ -117.74219933072149, 53.752951136779963 ], [ -117.74219933072149, 53.702951136779966 ] ] ] } },
{ "type": "Feature", "properties": { "value": 2, "label": "AQHI 2", "color": "#0099cb", "timestamp": "2026-09-16 17:00:00", "generated_at": "2026-09-16T23:31:17.755149", "nearest_km": 36.446032527421615, "n_points": 5, "weight_sum": 0.0010790130271455549, "confidence": "Medium", "flagged": false }, "geometry": { "type": "Polygon", "coordinates": [ [ [ -117.692199330721493, 53.702951136779966 ], [ -117.642199330721496, 53.702951136779966 ], [ -117.642199330721496, 53.752951136779963 ], [ -117.692199330721493, 53.752951136779963 ], [ -117.692199330721493, 53.702951136779966 ] ] ] } },
{ "type": "Feature", "properties": { "value": 2, "label": "AQHI 2", "color": "#0099cb", "timestamp": "2026-09-16 17:00:00", "generated_at": "2026-09-16T23:31:17.755149", "nearest_km": 35.022182223098568, "n_points": 5, "weight_sum": 0.0011563083487541727, "confidence": "Medium", "flagged": false }, "geometry": { "type": "Polygon", "coordinates": [ [ [ -117.642199330721496, 53.702951136779966 ], [ -117.592199330721499, 53.702951136779966 ], [ -117.592199330721499, 53.752951136779963 ], [ -117.642199330721496, 53.752951136779963 ], [ -117.642199330721496, 53.702951136779966 ] ] ] } },
{ "type": "Feature", "properties": { "value": 2, "label": "AQHI 2", "color": "#0099cb", "timestamp": "2026-09-16 17:00:00", "generated_at": "2026-09-16T23:31:17.755149", "nearest_km": 34.444131696792141, "n_points": 5, "weight_sum": 0.0012005316827222762, "confidence": "Medium", "flagged": false }, "geometry": { "type": "Polygon", "coordinates": [ [ [ -117.592199330721499, 53.702951136779966 ], [ -117.542199330721502, 53.702951136779966 ], [ -117.542199330721502, 53.752951136779963 ], [ -117.592199330721499, 53.752951136779963 ], [ -117.592199330721499, 53.702951136779966 ] ] ] } },
{ "type": "Feature", "properties": { "value": 2, "label": "AQHI 2", "color": "#0099cb", "timestamp": "2026-09-16 17:00:00", "generated_at": "2026-09-16T23:31:17.755149", "nearest_km": 34.754110102605047, "n_points": 5, "weight_sum": 0.0012041161239144914, "confidence": "Medium", "flagged": false }, "geometry": { "type": "Polygon", "coordinates": [ [ [ -117.542199330721502, 53.702951136779966 ], [ -117.492199330721505, 53.702951136779966 ], [ -117.492199330721505, 53.752951136779963 ], [ -117.542199330721502, 53.752951136779963 ], [ -117.542199330721502, 53.702951136779966 ] ] ] } },
{ "type": "Feature", "properties": { "value": 2, "label": "AQHI 2", "color": "#0099cb", "timestamp": "2026-09-16 17:00:00", "generated_at": "2026-09-16T23:31:17.755149", "nearest_km": 35.929140397482655, "n_points": 5, "weight_sum": 0.0011713800559037279, "confidence": "Medium", "flagged": false }, "geometry": { "type": "Polygon", "coordinates": [ [ [ -117.492199330721505, 53.702951136779966 ], [ -117.442199330721508, 53.702951136779966 ], [ -117.442199330721508, 53.752951136779963 ], [ -117.492199330721505, 53.752951136779963 ], [ -117.492199330721505, 53.702951136779966 ] ] ] } },
{ "type": "Feature", "properties": { "value": 2, "label": "AQHI 2", "color": "#0099cb", "timestamp": "2026-09-16 17:00:00", "generated_at": "2026-09-16T23:31:17.755149", "nearest_km": 37.888825402485608, "n_points": 5, "weight_sum": 0.0011157796295883085, "confidence": "Medium", "flagged": false }, "geometry": { "type": "Polygon", "coordinates": [ [ [ -117.442199330721508, 53.702951136779966 ], [ -117.39219933072151, 53.702951136779966 ], [ -117.39219933072151, 53.752951136779963 ], [ -117.442199330721508, 53.752951136779963 ], [ -117.442199330721508, 53.702951136779966 ] ] ] } },
{ "type": "Feature", "properties": { "value": 2, "label": "AQHI 2", "color": "#0099cb", "timestamp": "2026-09-16 17:00:00", "generated_at": "2026-09-16T23:31:17.755149", "nearest_km": 40.519477428244933, "n_points": 5, "weight_sum": 0.0010524836759761486, "confidence": "Medium", "flagged": false }, "geometry": { "type": "Polygon", "coordinates": [ [ [ -117.39219933072151, 53.702951136779966 ], [ -117.342199330721513, 53.702951136779966 ], [ -117.342199330721513, 53.752951136779963 ], [ -117.39219933072151, 53.752951136779963 ], [ -117.39219933072151, 53.702951136779966 ] ] ] } },
{ "type": "Feature", "properties": { "value": 2, "label": "AQHI 2", "color": "#0099cb", "timestamp": "2026-09-16 17:00:00", "generated_at": "2026-09-16T23:31:17.755149", "nearest_km": 43.700091667364447, "n_points": 5, "weight_sum": 0.00099272033856875755, "confidence": "Medium", "flagged": false }, "geometry": { "type": "Polygon", "coordinates": [ [ [ -117.342199330721513, 53.702951136779966 ], [ -117.292199330721516, 53.702951136779966 ], [ -117.292199330721516, 53.752951136779963 ], [ -117.342199330721513, 53.752951136779963 ], [ -117.342199330721513, 53.702951136779966 ] ] ] } },
{ "type": "Feature", "properties": { "value": 2, "label": "AQHI 2", "color": "#0099cb", "timestamp": "2026-09-16 17:00:00", "generated_at": "2026-09-16T23:31:17.755149", "nearest_km": 47.319900384659029, "n_points": 5, "weight_sum": 0.00094237240605817517, "confidence": "Medium", "flagged": false }, "geometry": { "type": "Polygon", "coordinates": [ [ [ -117.292199330721516, 53.702951136779966 ], [ -117.242199330721519, 53.702951136779966 ], [ -117.242199330721519, 53.752951136779963 ], [ -117.292199330721516, 53.752951136779963 ], [ -117.292199330721516, 53.702951136779966 ] ] ] } },
{ "type": "Feature", "properties": { "value": 2, "label": "AQHI 2", "color": "#0099cb", "timestamp": "2026-09-16 17:00:00", "generated_at": "2026-09-16T23:31:17.755149", "nearest_km": 51.285991587294518, "n_points": 5, "weight_sum": 0.00090321387071568622, "confidence": "Medium", "flagged": false }, "geometry": { "type": "Polygon", "coordinates": [ [ [ -117.242199330721519, 53.702951136779966 ], [ -117.192199330721522, 53.702951136779966 ], [ -117.192199330721522, 53.752951136779963 ], [ -117.242199330721519, 53.752951136779963 ], [ -117.242199330721519, 53.702951136779966 ] ] ] } },
{ "type": "Feature", "properties": { "value": 2, "label": "AQHI 2", "color": "#0099cb", "timestamp": "2026-09-16 17:00:00", "generated_at": "2026-09-16T23:31:17.755149", "nearest_km": 55.524209978801387, "n_points": 5, "weight_sum": 0.00087471766875367441, "confidence": "Medium", "flagged": false }, "geometry": { "type": "Polygon", "coordinates": [ [ [ -117.192199330721522, 53.702951136779966 ], [ -117.142199330721525, 53.702951136779966 ], [ -117.142199330721525, 53.752951136779963 ], [ -117.192199330721522, 53.752951136779963 ], [ -117.192199330721522, 53.702951136779966 ] ] ] } },
{ "type": "Feature", "properties": { "value": 2, "label": "AQHI 2", "color": "#0099cb", "timestamp": "2026-09-16 17:00:00", "generated_at": "2026-09-16T23:31:17.755149", "nearest_km": 59.976894338136617, "n_points": 5, "weight_sum": 0.00085548577207991911, "confidence": "Medium", "flagged": false }, "geometry": { "type": "Polygon", "coordinates": [ [ [ -117.142199330721525, 53.702951136779966 ], [ -117.092199330721527, 53.702951136779966 ], [ -117.092199330721527, 53.752951136779963 ], [ -117.142199330721525, 53.752951136779963 ], [ -117.142199330721525, 53.702951136779966 ] ] ] } },
{ "type": "Feature", "properties": { "value": 2, "label": "AQHI 2", "color": "#0099cb", "timestamp": "2026-09-16 17:00:00", "generated_at": "2026-09-16T23:31:17.755149", "nearest_km": 63.320191420630024, "n_points": 5, "weight_sum": 0.00084417088474826563, "confidence": "Medium", "flagged": false }, "geometry": { "type": "Polygon", "coordinates": [ [ [ -117.092199330721527, 53.702951136779966 ], [ -117.04219933072153, 53.702951136779966 ], [ -117.04219933072153, 53.752951136779963 ], [ -117.092199330721527, 53.752951136779963 ], [ -117.092199330721527, 53.702951136779966 ] ] ] } },
{ "type": "Feature", "properties": { "value": 2, "label": "AQHI 2", "color": "#0099cb", "timestamp": "2026-09-16 17:00:00", "generated_at": "2026-09-16T23:31:17.755149", "nearest_km": 63.552405220127021, "n_points": 5, "weight_sum": 0.00084002826074006955, "confidence": "Medium", "flagged": false }, "geometry": { "type": "Polygon", "coordinates": [ [ [ -117.04219933072153, 53.702951136779966 ], [ -116.992199330721533, 53.702951136779966 ], [ -116.992199330721533, 53.752951136779963 ], [ -117.04219933072153, 53.752951136779963 ], [ -117.04219933072153, 53.702951136779966 ] ] ] } },
{ "type": "Feature", "properties": { "value": 2, "label": "AQHI 2", "color": "#0099cb", "timestamp": "2026-09-16 17:00:00", "generated_at": "2026-09-16T23:31:17.755149", "nearest_km": 64.264879809902553, "n_points": 4, "weight_sum": 0.00080045289161580473, "confidence": "Medium", "flagged": false }, "geometry": { "type": "Polygon", "coordinates": [ [ [ -116.992199330721533, 53.702951136779966 ], [ -116.942199330721536, 53.702951136779966 ], [ -116.942199330721536, 53.752951136779963 ], [ -116.992199330721533, 53.752951136779963 ], [ -116.992199330721533, 53.702951136779966 ] ] ] } },
{ "type": "Feature", "properties": { "value": 2, "label": "AQHI 2", "color": "#0099cb", "timestamp": "2026-09-16 17:00:00", "generated_at": "2026-09-16T23:31:17.755149", "nearest_km": 62.181707033104225, "n_points": 4, "weight_sum": 0.00081483616706712727, "confidence": "Medium", "flagged": false }, "geometry": { "type": "Polygon", "coordinates": [ [ [ -116.942199330721536, 53.702951136779966 ], [ -116.892199330721539, 53.702951136779966 ], [ -116.892199330721539, 53.752951136779963 ], [ -116.942199330721536, 53.752951136779963 ], [ -116.942199330721536, 53.702951136779966 ] ] ] } },
{ "type": "Feature", "properties": { "value": 2, "label": "AQHI 2", "color": "#0099cb", "timestamp": "2026-09-16 17:00:00", "generated_at": "2026-09-16T23:31:17.755149", "nearest_km": 56.748790013257931, "n_points": 4, "weight_sum": 0.00084072545574113674, "confidence": "Medium", "flagged": false }, "geometry": { "type": "Polygon", "coordinates": [ [ [ -116.892199330721539, 53.702951136779966 ], [ -116.842199330721542, 53.702951136779966 ], [ -116.842199330721542, 53.752951136779963 ], [ -116.892199330721539, 53.752951136779963 ], [ -116.892199330721539, 53.702951136779966 ] ] ] } },
{ "type": "Feature", "properties": { "value": 2, "label": "AQHI 2", "color": "#0099cb", "timestamp": "2026-09-16 17:00:00", "generated_at": "2026-09-16T23:31:17.755149", "nearest_km": 51.340925647935826, "n_points": 4, "weight_sum": 0.00088311199502729863, "confidence": "Medium", "flagged": false }, "geometry": { "type": "Polygon", "coordinates": [ [ [ -116.842199330721542, 53.702951136779966 ], [ -116.792199330721544, 53.702951136779966 ], [ -116.792199330721544, 53.752951136779963 ], [ -116.842199330721542, 53.752951136779963 ], [ -116.842199330721542, 53.702951136779966 ] ] ] } },
{ "type": "Feature", "properties": { "value": 2, "label": "AQHI 2", "color": "#0099cb", "timestamp": "2026-09-16 17:00:00", "generated_at": "2026-09-16T23:31:17.755149", "nearest_km": 45.966956879968684, "n_points": 4, "weight_sum": 0.00095015225469869378, "confidence": "Medium", "flagged": false }, "geometry": { "type": "Polygon", "coordinates": [ [ [ -116.792199330721544, 53.702951136779966 ], [ -116.742199330721547, 53.702951136779966 ], [ -116.742199330721547, 53.752951136779963 ], [ -116.792199330721544, 53.752951136779963 ], [ -116.792199330721544, 53.702951136779966 ] ] ] } },
{ "type": "Feature", "properties": { "value": 2, "label": "AQHI 2", "color": "#0099cb", "timestamp": "2026-09-16 17:00:00", "generated_at": "2026-09-16T23:31:17.755149", "nearest_km": 40.640332223333488, "n_points": 4, "weight_sum": 0.0010553226122096246, "confidence": "Medium", "flagged": false }, "geometry": { "type": "Polygon", "coordinates": [ [ [ -116.742199330721547, 53.702951136779966 ], [ -116.69219933072155, 53.702951136779966 ], [ -116.69219933072155, 53.752951136779963 ], [ -116.742199330721547, 53.752951136779963 ], [ -116.742199330721547, 53.702951136779966 ] ] ] } },
{ "type": "Feature", "properties": { "value": 2, "label": "AQHI 2", "color": "#0099cb", "timestamp": "2026-09-16 17:00:00", "generated_at": "2026-09-16T23:31:17.755149", "nearest_km": 35.38244030081772, "n_points": 4, "weight_sum": 0.0012217086520093495, "confidence": "Medium", "flagged": false }, "geometry": { "type": "Polygon", "coordinates": [ [ [ -116.69219933072155, 53.702951136779966 ], [ -116.642199330721553, 53.702951136779966 ], [ -116.642199330721553, 53.752951136779963 ], [ -116.69219933072155, 53.752951136779963 ], [ -116.69219933072155, 53.702951136779966 ] ] ] } },
{ "type": "Feature", "properties": { "value": 2, "label": "AQHI 2", "color": "#0099cb", "timestamp": "2026-09-16 17:00:00", "generated_at": "2026-09-16T23:31:17.755149", "nearest_km": 30.229167372902179, "n_points": 4, "weight_sum": 0.0014907015507087289, "confidence": "Medium", "flagged": false }, "geometry": { "type": "Polygon", "coordinates": [ [ [ -116.642199330721553, 53.702951136779966 ], [ -116.592199330721556, 53.702951136779966 ], [ -116.592199330721556, 53.752951136779963 ], [ -116.642199330721553, 53.752951136779963 ], [ -116.642199330721553, 53.702951136779966 ] ] ] } },
{ "type": "Feature", "properties": { "value": 2, "label": "AQHI 2", "color": "#0099cb", "timestamp": "2026-09-16 17:00:00", "generated_at": "2026-09-16T23:31:17.755149", "nearest_km": 25.244663564344265, "n_points": 4, "weight_sum": 0.0019395866038306655, "confidence": "Medium", "flagged": false }, "geometry": { "type": "Polygon", "coordinates": [ [ [ -116.592199330721556, 53.702951136779966 ], [ -116.542199330721559, 53.702951136779966 ], [ -116.542199330721559, 53.752951136779963 ], [ -116.592199330721556, 53.752951136779963 ], [ -116.592199330721556, 53.702951136779966 ] ] ] } },
{ "type": "Feature", "properties": { "value": 2, "label": "AQHI 2", "color": "#0099cb", "timestamp": "2026-09-16 17:00:00", "generated_at": "2026-09-16T23:31:17.755149", "nearest_km": 20.552092761928673, "n_points": 4, "weight_sum": 0.0027128939810868156, "confidence": "High", "flagged": false }, "geometry": { "type": "Polygon", "coordinates": [ [ [ -116.542199330721559, 53.702951136779966 ], [ -116.492199330721562, 53.702951136779966 ], [ -116.492199330721562, 53.752951136779963 ], [ -116.542199330721559, 53.752951136779963 ], [ -116.542199330721559, 53.702951136779966 ] ] ] } },
{ "type": "Feature", "properties": { "value": 2, "label": "AQHI 2", "color": "#0099cb", "timestamp": "2026-09-16 17:00:00", "generated_at": "2026-09-16T23:31:17.755149", "nearest_km": 16.403932312494586, "n_points": 4, "weight_sum": 0.0040376856983734607, "confidence": "High", "flagged": false }, "geometry": { "type": "Polygon", "coordinates": [ [ [ -116.492199330721562, 53.702951136779966 ], [ -116.442199330721564, 53.702951136779966 ], [ -116.442199330721564, 53.752951136779963 ], [ -116.492199330721562, 53.752951136779963 ], [ -116.492199330721562, 53.702951136779966 ] ] ] } },
{ "type": "Feature", "properties": { "value": 2, "label": "AQHI 2", "color": "#0099cb", "timestamp": "2026-09-16 17:00:00", "generated_at": "2026-09-16T23:31:17.755149", "nearest_km": 13.318951675371457, "n_points": 4, "weight_sum": 0.0059358724883925868, "confidence": "High", "flagged": false }, "geometry": { "type": "Polygon", "coordinates": [ [ [ -116.442199330721564, 53.702951136779966 ], [ -116.392199330721567, 53.702951136779966 ], [ -116.392199330721567, 53.752951136779963 ], [ -116.442199330721564, 53.752951136779963 ], [ -116.442199330721564, 53.702951136779966 ] ] ] } },
{ "type": "Feature", "properties": { "value": 2, "label": "AQHI 2", "color": "#0099cb", "timestamp": "2026-09-16 17:00:00", "generated_at": "2026-09-16T23:31:17.755149", "nearest_km": 12.136925152148265, "n_points": 4, "weight_sum": 0.007065974570496421, "confidence": "High", "flagged": false }, "geometry": { "type": "Polygon", "coordinates": [ [ [ -116.392199330721567, 53.702951136779966 ], [ -116.34219933072157, 53.702951136779966 ], [ -116.34219933072157, 53.752951136779963 ], [ -116.392199330721567, 53.752951136779963 ], [ -116.392199330721567, 53.702951136779966 ] ] ] } },
{ "type": "Feature", "properties": { "value": 2, "label": "AQHI 2", "color": "#0099cb", "timestamp": "2026-09-16 17:00:00", "generated_at": "2026-09-16T23:31:17.755149", "nearest_km": 13.37237565157408, "n_points": 4, "weight_sum": 0.0058495572015966951, "confidence": "High", "flagged": false }, "geometry": { "type": "Polygon", "coordinates": [ [ [ -116.34219933072157, 53.702951136779966 ], [ -116.292199330721573, 53.702951136779966 ], [ -116.292199330721573, 53.752951136779963 ], [ -116.34219933072157, 53.752951136779963 ], [ -116.34219933072157, 53.702951136779966 ] ] ] } },
{ "type": "Feature", "properties": { "value": 2, "label": "AQHI 2", "color": "#0099cb", "timestamp": "2026-09-16 17:00:00", "generated_at": "2026-09-16T23:31:17.755149", "nearest_km": 16.490630945623831, "n_points": 4, "weight_sum": 0.0039160579002917714, "confidence": "High", "flagged": false }, "geometry": { "type": "Polygon", "coordinates": [ [ [ -116.292199330721573, 53.702951136779966 ], [ -116.242199330721576, 53.702951136779966 ], [ -116.242199330721576, 53.752951136779963 ], [ -116.292199330721573, 53.752951136779963 ], [ -116.292199330721573, 53.702951136779966 ] ] ] } },
{ "type": "Feature", "properties": { "value": 2, "label": "AQHI 2", "color": "#0099cb", "timestamp": "2026-09-16 17:00:00", "generated_at": "2026-09-16T23:31:17.755149", "nearest_km": 20.655904419867806, "n_points": 4, "weight_sum": 0.0025672626614216387, "confidence": "High", "flagged": false }, "geometry": { "type": "Polygon", "coordinates": [ [ [ -116.242199330721576, 53.702951136779966 ], [ -116.192199330721579, 53.702951136779966 ], [ -116.192199330721579, 53.752951136779963 ], [ -116.242199330721576, 53.752951136779963 ], [ -116.242199330721576, 53.702951136779966 ] ] ] } },
{ "type": "Feature", "properties": { "value": 2, "label": "AQHI 2", "color": "#0099cb", "timestamp": "2026-09-16 17:00:00", "generated_at": "2026-09-16T23:31:17.755149", "nearest_km": 25.357382866152719, "n_points": 4, "weight_sum": 0.0017690283967964245, "confidence": "Medium", "flagged": false }, "geometry": { "type": "Polygon", "coordinates": [ [ [ -116.192199330721579, 53.702951136779966 ], [ -116.142199330721581, 53.702951136779966 ], [ -116.142199330721581, 53.752951136779963 ], [ -116.192199330721579, 53.752951136779963 ], [ -116.192199330721579, 53.702951136779966 ] ] ] } },
{ "type": "Feature", "properties": { "value": 2, "label": "AQHI 2", "color": "#0099cb", "timestamp": "2026-09-16 17:00:00", "generated_at": "2026-09-16T23:31:17.755149", "nearest_km": 30.346867123948549, "n_points": 4, "weight_sum": 0.0012913192344331066, "confidence": "Medium", "flagged": false }, "geometry": { "type": "Polygon", "coordinates": [ [ [ -116.142199330721581, 53.702951136779966 ], [ -116.092199330721584, 53.702951136779966 ], [ -116.092199330721584, 53.752951136779963 ], [ -116.142199330721581, 53.752951136779963 ], [ -116.142199330721581, 53.702951136779966 ] ] ] } },
{ "type": "Feature", "properties": { "value": 2, "label": "AQHI 2", "color": "#0099cb", "timestamp": "2026-09-16 17:00:00", "generated_at": "2026-09-16T23:31:17.755149", "nearest_km": 35.503138208565687, "n_points": 4, "weight_sum": 0.0009918242368938384, "confidence": "Medium", "flagged": false }, "geometry": { "type": "Polygon", "coordinates": [ [ [ -116.092199330721584, 53.702951136779966 ], [ -116.042199330721587, 53.702951136779966 ], [ -116.042199330721587, 53.752951136779963 ], [ -116.092199330721584, 53.752951136779963 ], [ -116.092199330721584, 53.702951136779966 ] ] ] } },
{ "type": "Feature", "properties": { "value": 2, "label": "AQHI 2", "color": "#0099cb", "timestamp": "2026-09-16 17:00:00", "generated_at": "2026-09-16T23:31:17.755149", "nearest_km": 40.762952555898558, "n_points": 4, "weight_sum": 0.00079465721027781712, "confidence": "Medium", "flagged": false }, "geometry": { "type": "Polygon", "coordinates": [ [ [ -116.042199330721587, 53.702951136779966 ], [ -115.99219933072159, 53.702951136779966 ], [ -115.99219933072159, 53.752951136779963 ], [ -116.042199330721587, 53.752951136779963 ], [ -116.042199330721587, 53.702951136779966 ] ] ] } },
{ "type": "Feature", "properties": { "value": 2, "label": "AQHI 2", "color": "#0099cb", "timestamp": "2026-09-16 17:00:00", "generated_at": "2026-09-16T23:31:17.755149", "nearest_km": 46.090875230270356, "n_points": 4, "weight_sum": 0.00065928241854072234, "confidence": "Medium", "flagged": false }, "geometry": { "type": "Polygon", "coordinates": [ [ [ -115.99219933072159, 53.702951136779966 ], [ -115.942199330721593, 53.702951136779966 ], [ -115.942199330721593, 53.752951136779963 ], [ -115.99219933072159, 53.752951136779963 ], [ -115.99219933072159, 53.702951136779966 ] ] ] } },
{ "type": "Feature", "properties": { "value": 2, "label": "AQHI 2", "color": "#0099cb", "timestamp": "2026-09-16 17:00:00", "generated_at": "2026-09-16T23:31:17.755149", "nearest_km": 51.465758110711391, "n_points": 4, "weight_sum": 0.0005631810668156826, "confidence": "Medium", "flagged": false }, "geometry": { "type": "Polygon", "coordinates": [ [ [ -115.942199330721593, 53.702951136779966 ], [ -115.892199330721596, 53.702951136779966 ], [ -115.892199330721596, 53.752951136779963 ], [ -115.942199330721593, 53.752951136779963 ], [ -115.942199330721593, 53.702951136779966 ] ] ] } },
{ "type": "Feature", "properties": { "value": 2, "label": "AQHI 2", "color": "#0099cb", "timestamp": "2026-09-16 17:00:00", "generated_at": "2026-09-16T23:31:17.755149", "nearest_km": 56.874288886351408, "n_points": 4, "weight_sum": 0.00049326391948290179, "confidence": "Medium", "flagged": false }, "geometry": { "type": "Polygon", "coordinates": [ [ [ -115.892199330721596, 53.702951136779966 ], [ -115.842199330721598, 53.702951136779966 ], [ -115.842199330721598, 53.752951136779963 ], [ -115.892199330721596, 53.752951136779963 ], [ -115.892199330721596, 53.702951136779966 ] ] ] } },
{ "type": "Feature", "properties": { "value": 2, "label": "AQHI 2", "color": "#0099cb", "timestamp": "2026-09-16 17:00:00", "generated_at": "2026-09-16T23:31:17.755149", "nearest_km": 62.30770590180677, "n_points": 3, "weight_sum": 0.00039854232312564592, "confidence": "Medium", "flagged": false }, "geometry": { "type": "Polygon", "coordinates": [ [ [ -115.842199330721598, 53.702951136779966 ], [ -115.792199330721601, 53.702951136779966 ], [ -115.792199330721601, 53.752951136779963 ], [ -115.842199330721598, 53.752951136779963 ], [ -115.842199330721598, 53.702951136779966 ] ] ] } },
{ "type": "Feature", "properties": { "value": 2, "label": "AQHI 2", "color": "#0099cb", "timestamp": "2026-09-16 17:00:00", "generated_at": "2026-09-16T23:31:17.755149", "nearest_km": 67.760022824405326, "n_points": 3, "weight_sum": 0.00036285641697624417, "confidence": "Medium", "flagged": false }, "geometry": { "type": "Polygon", "coordinates": [ [ [ -115.792199330721601, 53.702951136779966 ], [ -115.742199330721604, 53.702951136779966 ], [ -115.742199330721604, 53.752951136779963 ], [ -115.792199330721601, 53.752951136779963 ], [ -115.792199330721601, 53.702951136779966 ] ] ] } },
{ "type": "Feature", "properties": { "value": 2, "label": "AQHI 2", "color": "#0099cb", "timestamp": "2026-09-16 17:00:00", "generated_at": "2026-09-16T23:31:17.755149", "nearest_km": 73.227018043764488, "n_points": 3, "weight_sum": 0.00033696122253282267, "confidence": "Medium", "flagged": false }, "geometry": { "type": "Polygon", "coordinates": [ [ [ -115.742199330721604, 53.702951136779966 ], [ -115.692199330721607, 53.702951136779966 ], [ -115.692199330721607, 53.752951136779963 ], [ -115.742199330721604, 53.752951136779963 ], [ -115.742199330721604, 53.702951136779966 ] ] ] } },
{ "type": "Feature", "properties": { "value": 2, "label": "AQHI 2", "color": "#0099cb", "timestamp": "2026-09-16 17:00:00", "generated_at": "2026-09-16T23:31:17.755149", "nearest_km": 78.705632898793723, "n_points": 3, "weight_sum": 0.00031874117663318517, "confidence": "Low", "flagged": false }, "geometry": { "type": "Polygon", "coordinates": [ [ [ -115.692199330721607, 53.702951136779966 ], [ -115.64219933072161, 53.702951136779966 ], [ -115.64219933072161, 53.752951136779963 ], [ -115.692199330721607, 53.752951136779963 ], [ -115.692199330721607, 53.702951136779966 ] ] ] } },
{ "type": "Feature", "properties": { "value": 2, "label": "AQHI 2", "color": "#0099cb", "timestamp": "2026-09-16 17:00:00", "generated_at": "2026-09-16T23:31:17.755149", "nearest_km": 84.193599094097081, "n_points": 2, "weight_sum": 0.00026271952463649231, "confidence": "Low", "flagged": false }, "geometry": { "type": "Polygon", "coordinates": [ [ [ -115.64219933072161, 53.702951136779966 ], [ -115.592199330721613, 53.702951136779966 ], [ -115.592199330721613, 53.752951136779963 ], [ -115.64219933072161, 53.752951136779963 ], [ -115.64219933072161, 53.702951136779966 ] ] ] } },
{ "type": "Feature", "properties": { "value": 2, "label": "AQHI 2", "color": "#0099cb", "timestamp": "2026-09-16 17:00:00", "generated_at": "2026-09-16T23:31:17.755149", "nearest_km": 86.253113889551543, "n_points": 2, "weight_sum": 0.00025872973717399928, "confidence": "Low", "flagged": false }, "geometry": { "type": "Polygon", "coordinates": [ [ [ -115.592199330721613, 53.702951136779966 ], [ -115.542199330721616, 53.702951136779966 ], [ -115.542199330721616, 53.752951136779963 ], [ -115.592199330721613, 53.752951136779963 ], [ -115.592199330721613, 53.702951136779966 ] ] ] } },
{ "type": "Feature", "properties": { "value": 2, "label": "AQHI 2", "color": "#0099cb", "timestamp": "2026-09-16 17:00:00", "generated_at": "2026-09-16T23:31:17.755149", "nearest_km": 81.977499090066701, "n_points": 2, "weight_sum": 0.00025916150655623245, "confidence": "Low", "flagged": false }, "geometry": { "type": "Polygon", "coordinates": [ [ [ -115.542199330721616, 53.702951136779966 ], [ -115.492199330721618, 53.702951136779966 ], [ -115.492199330721618, 53.752951136779963 ], [ -115.542199330721616, 53.752951136779963 ], [ -115.542199330721616, 53.702951136779966 ] ] ] } },
{ "type": "Feature", "properties": { "value": 2, "label": "AQHI 2", "color": "#0099cb", "timestamp": "2026-09-16 17:00:00", "generated_at": "2026-09-16T23:31:17.755149", "nearest_km": 77.8628670065508, "n_points": 3, "weight_sum": 0.00030800978862008659, "confidence": "Low", "flagged": false }, "geometry": { "type": "Polygon", "coordinates": [ [ [ -115.492199330721618, 53.702951136779966 ], [ -115.442199330721621, 53.702951136779966 ], [ -115.442199330721621, 53.752951136779963 ], [ -115.492199330721618, 53.752951136779963 ], [ -115.492199330721618, 53.702951136779966 ] ] ] } },
{ "type": "Feature", "properties": { "value": 2, "label": "AQHI 2", "color": "#0099cb", "timestamp": "2026-09-16 17:00:00", "generated_at": "2026-09-16T23:31:17.755149", "nearest_km": 73.936099166088951, "n_points": 3, "weight_sum": 0.00031933930115338616, "confidence": "Medium", "flagged": false }, "geometry": { "type": "Polygon", "coordinates": [ [ [ -115.442199330721621, 53.702951136779966 ], [ -115.392199330721624, 53.702951136779966 ], [ -115.392199330721624, 53.752951136779963 ], [ -115.442199330721621, 53.752951136779963 ], [ -115.442199330721621, 53.702951136779966 ] ] ] } },
{ "type": "Feature", "properties": { "value": 2, "label": "AQHI 2", "color": "#0099cb", "timestamp": "2026-09-16 17:00:00", "generated_at": "2026-09-16T23:31:17.755149", "nearest_km": 70.228715361422175, "n_points": 3, "weight_sum": 0.00033431031482445241, "confidence": "Medium", "flagged": false }, "geometry": { "type": "Polygon", "coordinates": [ [ [ -115.392199330721624, 53.702951136779966 ], [ -115.342199330721627, 53.702951136779966 ], [ -115.342199330721627, 53.752951136779963 ], [ -115.392199330721624, 53.752951136779963 ], [ -115.392199330721624, 53.702951136779966 ] ] ] } },
{ "type": "Feature", "properties": { "value": 2, "label": "AQHI 2", "color": "#0099cb", "timestamp": "2026-09-16 17:00:00", "generated_at": "2026-09-16T23:31:17.755149", "nearest_km": 66.777265313380155, "n_points": 3, "weight_sum": 0.00035255552560048366, "confidence": "Medium", "flagged": false }, "geometry": { "type": "Polygon", "coordinates": [ [ [ -115.342199330721627, 53.702951136779966 ], [ -115.29219933072163, 53.702951136779966 ], [ -115.29219933072163, 53.752951136779963 ], [ -115.342199330721627, 53.752951136779963 ], [ -115.342199330721627, 53.702951136779966 ] ] ] } },
{ "type": "Feature", "properties": { "value": 2, "label": "AQHI 2", "color": "#0099cb", "timestamp": "2026-09-16 17:00:00", "generated_at": "2026-09-16T23:31:17.755149", "nearest_km": 63.623414433300148, "n_points": 3, "weight_sum": 0.00037354108653784353, "confidence": "Medium", "flagged": false }, "geometry": { "type": "Polygon", "coordinates": [ [ [ -115.29219933072163, 53.702951136779966 ], [ -115.242199330721633, 53.702951136779966 ], [ -115.242199330721633, 53.752951136779963 ], [ -115.29219933072163, 53.752951136779963 ], [ -115.29219933072163, 53.702951136779966 ] ] ] } },
{ "type": "Feature", "properties": { "value": 2, "label": "AQHI 2", "color": "#0099cb", "timestamp": "2026-09-16 17:00:00", "generated_at": "2026-09-16T23:31:17.755149", "nearest_km": 60.813481774762408, "n_points": 3, "weight_sum": 0.00039647108410317524, "confidence": "Medium", "flagged": false }, "geometry": { "type": "Polygon", "coordinates": [ [ [ -115.242199330721633, 53.702951136779966 ], [ -115.192199330721635, 53.702951136779966 ], [ -115.192199330721635, 53.752951136779963 ], [ -115.242199330721633, 53.752951136779963 ], [ -115.242199330721633, 53.702951136779966 ] ] ] } },
{ "type": "Feature", "properties": { "value": 2, "label": "AQHI 2", "color": "#0099cb", "timestamp": "2026-09-16 17:00:00", "generated_at": "2026-09-16T23:31:17.755149", "nearest_km": 58.397134064843002, "n_points": 3, "weight_sum": 0.00042021727179567198, "confidence": "Medium", "flagged": false }, "geometry": { "type": "Polygon", "coordinates": [ [ [ -115.192199330721635, 53.702951136779966 ], [ -115.142199330721638, 53.702951136779966 ], [ -115.142199330721638, 53.752951136779963 ], [ -115.192199330721635, 53.752951136779963 ], [ -115.192199330721635, 53.702951136779966 ] ] ] } },
{ "type": "Feature", "properties": { "value": 2, "label": "AQHI 2", "color": "#0099cb", "timestamp": "2026-09-16 17:00:00", "generated_at": "2026-09-16T23:31:17.755149", "nearest_km": 56.424958736406076, "n_points": 3, "weight_sum": 0.00044331725100507679, "confidence": "Medium", "flagged": false }, "geometry": { "type": "Polygon", "coordinates": [ [ [ -115.142199330721638, 53.702951136779966 ], [ -115.092199330721641, 53.702951136779966 ], [ -115.092199330721641, 53.752951136779963 ], [ -115.142199330721638, 53.752951136779963 ], [ -115.142199330721638, 53.702951136779966 ] ] ] } },
{ "type": "Feature", "properties": { "value": 2, "label": "AQHI 2", "color": "#0099cb", "timestamp": "2026-09-16 17:00:00", "generated_at": "2026-09-16T23:31:17.755149", "nearest_km": 54.944805667351318, "n_points": 4, "weight_sum": 0.00050881365243214802, "confidence": "Medium", "flagged": false }, "geometry": { "type": "Polygon", "coordinates": [ [ [ -115.092199330721641, 53.702951136779966 ], [ -115.042199330721644, 53.702951136779966 ], [ -115.042199330721644, 53.752951136779963 ], [ -115.092199330721641, 53.752951136779963 ], [ -115.092199330721641, 53.702951136779966 ] ] ] } },
{ "type": "Feature", "properties": { "value": 2, "label": "AQHI 2", "color": "#0099cb", "timestamp": "2026-09-16 17:00:00", "generated_at": "2026-09-16T23:31:17.755149", "nearest_km": 53.997151510434961, "n_points": 3, "weight_sum": 0.00048489594487217329, "confidence": "Medium", "flagged": false }, "geometry": { "type": "Polygon", "coordinates": [ [ [ -115.042199330721644, 53.702951136779966 ], [ -114.992199330721647, 53.702951136779966 ], [ -114.992199330721647, 53.752951136779963 ], [ -115.042199330721644, 53.752951136779963 ], [ -115.042199330721644, 53.702951136779966 ] ] ] } },
{ "type": "Feature", "properties": { "value": 2, "label": "AQHI 2", "color": "#0099cb", "timestamp": "2026-09-16 17:00:00", "generated_at": "2026-09-16T23:31:17.755149", "nearest_km": 53.610242236523504, "n_points": 3, "weight_sum": 0.00050351308556298652, "confidence": "Medium", "flagged": false }, "geometry": { "type": "Polygon", "coordinates": [ [ [ -114.992199330721647, 53.702951136779966 ], [ -114.94219933072165, 53.702951136779966 ], [ -114.94219933072165, 53.752951136779963 ], [ -114.992199330721647, 53.752951136779963 ], [ -114.992199330721647, 53.702951136779966 ] ] ] } },
{ "type": "Feature", "properties": { "value": 2, "label": "AQHI 2", "color": "#0099cb", "timestamp": "2026-09-16 17:00:00", "generated_at": "2026-09-16T23:31:17.755149", "nearest_km": 53.796178061982999, "n_points": 4, "weight_sum": 0.00056241359498797848, "confidence": "Medium", "flagged": false }, "geometry": { "type": "Polygon", "coordinates": [ [ [ -114.94219933072165, 53.702951136779966 ], [ -114.892199330721652, 53.702951136779966 ], [ -114.892199330721652, 53.752951136779963 ], [ -114.94219933072165, 53.752951136779963 ], [ -114.94219933072165, 53.702951136779966 ] ] ] } },
{ "type": "Feature", "properties": { "value": 2, "label": "AQHI 2", "color": "#0099cb", "timestamp": "2026-09-16 17:00:00", "generated_at": "2026-09-16T23:31:17.755149", "nearest_km": 54.549101509506336, "n_points": 4, "weight_sum": 0.00057443854601028953, "confidence": "Medium", "flagged": false }, "geometry": { "type": "Polygon", "coordinates": [ [ [ -114.892199330721652, 53.702951136779966 ], [ -114.842199330721655, 53.702951136779966 ], [ -114.842199330721655, 53.752951136779963 ], [ -114.892199330721652, 53.752951136779963 ], [ -114.892199330721652, 53.702951136779966 ] ] ] } },
{ "type": "Feature", "properties": { "value": 2, "label": "AQHI 2", "color": "#0099cb", "timestamp": "2026-09-16 17:00:00", "generated_at": "2026-09-16T23:31:17.755149", "nearest_km": 55.846084705306467, "n_points": 5, "weight_sum": 0.00062945546192784657, "confidence": "Medium", "flagged": false }, "geometry": { "type": "Polygon", "coordinates": [ [ [ -114.842199330721655, 53.702951136779966 ], [ -114.792199330721658, 53.702951136779966 ], [ -114.792199330721658, 53.752951136779963 ], [ -114.842199330721655, 53.752951136779963 ], [ -114.842199330721655, 53.702951136779966 ] ] ] } },
{ "type": "Feature", "properties": { "value": 2, "label": "AQHI 2", "color": "#0099cb", "timestamp": "2026-09-16 17:00:00", "generated_at": "2026-09-16T23:31:17.755149", "nearest_km": 57.65041958503074, "n_points": 6, "weight_sum": 0.00068855077812388749, "confidence": "Medium", "flagged": false }, "geometry": { "type": "Polygon", "coordinates": [ [ [ -114.792199330721658, 53.702951136779966 ], [ -114.742199330721661, 53.702951136779966 ], [ -114.742199330721661, 53.752951136779963 ], [ -114.792199330721658, 53.752951136779963 ], [ -114.792199330721658, 53.702951136779966 ] ] ] } },
{ "type": "Feature", "properties": { "value": 2, "label": "AQHI 2", "color": "#0099cb", "timestamp": "2026-09-16 17:00:00", "generated_at": "2026-09-16T23:31:17.755149", "nearest_km": 135.81867162431737, "n_points": 1, "weight_sum": 5.4210204168375827e-05, "confidence": "Low", "flagged": false }, "geometry": { "type": "Polygon", "coordinates": [ [ [ -118.942199330721422, 53.752951136779963 ], [ -118.892199330721425, 53.752951136779963 ], [ -118.892199330721425, 53.80295113677996 ], [ -118.942199330721422, 53.80295113677996 ], [ -118.942199330721422, 53.752951136779963 ] ] ] } },
{ "type": "Feature", "properties": { "value": 2, "label": "AQHI 2", "color": "#0099cb", "timestamp": "2026-09-16 17:00:00", "generated_at": "2026-09-16T23:31:17.755149", "nearest_km": 132.02004957737427, "n_points": 1, "weight_sum": 5.7374672160411311e-05, "confidence": "Low", "flagged": false }, "geometry": { "type": "Polygon", "coordinates": [ [ [ -118.892199330721425, 53.752951136779963 ], [ -118.842199330721428, 53.752951136779963 ], [ -118.842199330721428, 53.80295113677996 ], [ -118.892199330721425, 53.80295113677996 ], [ -118.892199330721425, 53.752951136779963 ] ] ] } },
{ "type": "Feature", "properties": { "value": 2, "label": "AQHI 2", "color": "#0099cb", "timestamp": "2026-09-16 17:00:00", "generated_at": "2026-09-16T23:31:17.755149", "nearest_km": 128.34905694640125, "n_points": 2, "weight_sum": 0.00010813117474854103, "confidence": "Low", "flagged": false }, "geometry": { "type": "Polygon", "coordinates": [ [ [ -118.842199330721428, 53.752951136779963 ], [ -118.792199330721431, 53.752951136779963 ], [ -118.792199330721431, 53.80295113677996 ], [ -118.842199330721428, 53.80295113677996 ], [ -118.842199330721428, 53.752951136779963 ] ] ] } },
{ "type": "Feature", "properties": { "value": 2, "label": "AQHI 2", "color": "#0099cb", "timestamp": "2026-09-16 17:00:00", "generated_at": "2026-09-16T23:31:17.755149", "nearest_km": 124.81695536924755, "n_points": 2, "weight_sum": 0.00011529661107407134, "confidence": "Low", "flagged": false }, "geometry": { "type": "Polygon", "coordinates": [ [ [ -118.792199330721431, 53.752951136779963 ], [ -118.742199330721434, 53.752951136779963 ], [ -118.742199330721434, 53.80295113677996 ], [ -118.792199330721431, 53.80295113677996 ], [ -118.792199330721431, 53.752951136779963 ] ] ] } },
{ "type": "Feature", "properties": { "value": 2, "label": "AQHI 2", "color": "#0099cb", "timestamp": "2026-09-16 17:00:00", "generated_at": "2026-09-16T23:31:17.755149", "nearest_km": 121.43586486811428, "n_points": 2, "weight_sum": 0.00012303294012540593, "confidence": "Low", "flagged": false }, "geometry": { "type": "Polygon", "coordinates": [ [ [ -118.742199330721434, 53.752951136779963 ], [ -118.692199330721436, 53.752951136779963 ], [ -118.692199330721436, 53.80295113677996 ], [ -118.742199330721434, 53.80295113677996 ], [ -118.742199330721434, 53.752951136779963 ] ] ] } },
{ "type": "Feature", "properties": { "value": 2, "label": "AQHI 2", "color": "#0099cb", "timestamp": "2026-09-16 17:00:00", "generated_at": "2026-09-16T23:31:17.755149", "nearest_km": 118.21874303546406, "n_points": 2, "weight_sum": 0.00013138449280705137, "confidence": "Low", "flagged": false }, "geometry": { "type": "Polygon", "coordinates": [ [ [ -118.692199330721436, 53.752951136779963 ], [ -118.642199330721439, 53.752951136779963 ], [ -118.642199330721439, 53.80295113677996 ], [ -118.692199330721436, 53.80295113677996 ], [ -118.692199330721436, 53.752951136779963 ] ] ] } },
{ "type": "Feature", "properties": { "value": 2, "label": "AQHI 2", "color": "#0099cb", "timestamp": "2026-09-16 17:00:00", "generated_at": "2026-09-16T23:31:17.755149", "nearest_km": 115.17933032234231, "n_points": 2, "weight_sum": 0.00014039977318424052, "confidence": "Low", "flagged": false }, "geometry": { "type": "Polygon", "coordinates": [ [ [ -118.642199330721439, 53.752951136779963 ], [ -118.592199330721442, 53.752951136779963 ], [ -118.592199330721442, 53.80295113677996 ], [ -118.642199330721439, 53.80295113677996 ], [ -118.642199330721439, 53.752951136779963 ] ] ] } },
{ "type": "Feature", "properties": { "value": 2, "label": "AQHI 2", "color": "#0099cb", "timestamp": "2026-09-16 17:00:00", "generated_at": "2026-09-16T23:31:17.755149", "nearest_km": 112.3320526925481, "n_points": 2, "weight_sum": 0.00015013323200748819, "confidence": "Low", "flagged": false }, "geometry": { "type": "Polygon", "coordinates": [ [ [ -118.592199330721442, 53.752951136779963 ], [ -118.542199330721445, 53.752951136779963 ], [ -118.542199330721445, 53.80295113677996 ], [ -118.592199330721442, 53.80295113677996 ], [ -118.592199330721442, 53.752951136779963 ] ] ] } },
{ "type": "Feature", "properties": { "value": 2, "label": "AQHI 2", "color": "#0099cb", "timestamp": "2026-09-16 17:00:00", "generated_at": "2026-09-16T23:31:17.755149", "nearest_km": 109.69187294754134, "n_points": 2, "weight_sum": 0.00016064809419280844, "confidence": "Low", "flagged": false }, "geometry": { "type": "Polygon", "coordinates": [ [ [ -118.542199330721445, 53.752951136779963 ], [ -118.492199330721448, 53.752951136779963 ], [ -118.492199330721448, 53.80295113677996 ], [ -118.542199330721445, 53.80295113677996 ], [ -118.542199330721445, 53.752951136779963 ] ] ] } },
{ "type": "Feature", "properties": { "value": 2, "label": "AQHI 2", "color": "#0099cb", "timestamp": "2026-09-16 17:00:00", "generated_at": "2026-09-16T23:31:17.755149", "nearest_km": 107.27408316717369, "n_points": 2, "weight_sum": 0.00017202064385521117, "confidence": "Low", "flagged": false }, "geometry": { "type": "Polygon", "coordinates": [ [ [ -118.492199330721448, 53.752951136779963 ], [ -118.442199330721451, 53.752951136779963 ], [ -118.442199330721451, 53.80295113677996 ], [ -118.492199330721448, 53.80295113677996 ], [ -118.492199330721448, 53.752951136779963 ] ] ] } },
{ "type": "Feature", "properties": { "value": 2, "label": "AQHI 2", "color": "#0099cb", "timestamp": "2026-09-16 17:00:00", "generated_at": "2026-09-16T23:31:17.755149", "nearest_km": 103.24888295180197, "n_points": 2, "weight_sum": 0.00018434641707195808, "confidence": "Low", "flagged": false }, "geometry": { "type": "Polygon", "coordinates": [ [ [ -118.442199330721451, 53.752951136779963 ], [ -118.392199330721454, 53.752951136779963 ], [ -118.392199330721454, 53.80295113677996 ], [ -118.442199330721451, 53.80295113677996 ], [ -118.442199330721451, 53.752951136779963 ] ] ] } },
{ "type": "Feature", "properties": { "value": 2, "label": "AQHI 2", "color": "#0099cb", "timestamp": "2026-09-16 17:00:00", "generated_at": "2026-09-16T23:31:17.755149", "nearest_km": 98.155472549792435, "n_points": 2, "weight_sum": 0.00019774873988712111, "confidence": "Low", "flagged": false }, "geometry": { "type": "Polygon", "coordinates": [ [ [ -118.392199330721454, 53.752951136779963 ], [ -118.342199330721456, 53.752951136779963 ], [ -118.342199330721456, 53.80295113677996 ], [ -118.392199330721454, 53.80295113677996 ], [ -118.392199330721454, 53.752951136779963 ] ] ] } },
{ "type": "Feature", "properties": { "value": 2, "label": "AQHI 2", "color": "#0099cb", "timestamp": "2026-09-16 17:00:00", "generated_at": "2026-09-16T23:31:17.755149", "nearest_km": 93.114267178296586, "n_points": 2, "weight_sum": 0.00021238992949114736, "confidence": "Low", "flagged": false }, "geometry": { "type": "Polygon", "coordinates": [ [ [ -118.342199330721456, 53.752951136779963 ], [ -118.292199330721459, 53.752951136779963 ], [ -118.292199330721459, 53.80295113677996 ], [ -118.342199330721456, 53.80295113677996 ], [ -118.342199330721456, 53.752951136779963 ] ] ] } },
{ "type": "Feature", "properties": { "value": 2, "label": "AQHI 2", "color": "#0099cb", "timestamp": "2026-09-16 17:00:00", "generated_at": "2026-09-16T23:31:17.755149", "nearest_km": 88.134225547339668, "n_points": 2, "weight_sum": 0.00022848518313895816, "confidence": "Low", "flagged": false }, "geometry": { "type": "Polygon", "coordinates": [ [ [ -118.292199330721459, 53.752951136779963 ], [ -118.242199330721462, 53.752951136779963 ], [ -118.242199330721462, 53.80295113677996 ], [ -118.292199330721459, 53.80295113677996 ], [ -118.292199330721459, 53.752951136779963 ] ] ] } },
{ "type": "Feature", "properties": { "value": 2, "label": "AQHI 2", "color": "#0099cb", "timestamp": "2026-09-16 17:00:00", "generated_at": "2026-09-16T23:31:17.755149", "nearest_km": 83.226328006872137, "n_points": 3, "weight_sum": 0.00029378291424501468, "confidence": "Low", "flagged": false }, "geometry": { "type": "Polygon", "coordinates": [ [ [ -118.242199330721462, 53.752951136779963 ], [ -118.192199330721465, 53.752951136779963 ], [ -118.192199330721465, 53.80295113677996 ], [ -118.242199330721462, 53.80295113677996 ], [ -118.242199330721462, 53.752951136779963 ] ] ] } },
{ "type": "Feature", "properties": { "value": 2, "label": "AQHI 2", "color": "#0099cb", "timestamp": "2026-09-16 17:00:00", "generated_at": "2026-09-16T23:31:17.755149", "nearest_km": 78.404123834053493, "n_points": 3, "weight_sum": 0.00031707028511652942, "confidence": "Low", "flagged": false }, "geometry": { "type": "Polygon", "coordinates": [ [ [ -118.192199330721465, 53.752951136779963 ], [ -118.142199330721468, 53.752951136779963 ], [ -118.142199330721468, 53.80295113677996 ], [ -118.192199330721465, 53.80295113677996 ], [ -118.192199330721465, 53.752951136779963 ] ] ] } },
{ "type": "Feature", "properties": { "value": 2, "label": "AQHI 2", "color": "#0099cb", "timestamp": "2026-09-16 17:00:00", "generated_at": "2026-09-16T23:31:17.755149", "nearest_km": 73.684439299377928, "n_points": 3, "weight_sum": 0.00034325881121696961, "confidence": "Medium", "flagged": false }, "geometry": { "type": "Polygon", "coordinates": [ [ [ -118.142199330721468, 53.752951136779963 ], [ -118.092199330721471, 53.752951136779963 ], [ -118.092199330721471, 53.80295113677996 ], [ -118.142199330721468, 53.80295113677996 ], [ -118.142199330721468, 53.752951136779963 ] ] ] } },
{ "type": "Feature", "properties": { "value": 2, "label": "AQHI 2", "color": "#0099cb", "timestamp": "2026-09-16 17:00:00", "generated_at": "2026-09-16T23:31:17.755149", "nearest_km": 69.088288121372784, "n_points": 3, "weight_sum": 0.0003729581080271564, "confidence": "Medium", "flagged": false }, "geometry": { "type": "Polygon", "coordinates": [ [ [ -118.092199330721471, 53.752951136779963 ], [ -118.042199330721473, 53.752951136779963 ], [ -118.042199330721473, 53.80295113677996 ], [ -118.092199330721471, 53.80295113677996 ], [ -118.092199330721471, 53.752951136779963 ] ] ] } },
{ "type": "Feature", "properties": { "value": 2, "label": "AQHI 2", "color": "#0099cb", "timestamp": "2026-09-16 17:00:00", "generated_at": "2026-09-16T23:31:17.755149", "nearest_km": 64.642025929111512, "n_points": 3, "weight_sum": 0.00040687073040293099, "confidence": "Medium", "flagged": false }, "geometry": { "type": "Polygon", "coordinates": [ [ [ -118.042199330721473, 53.752951136779963 ], [ -117.992199330721476, 53.752951136779963 ], [ -117.992199330721476, 53.80295113677996 ], [ -118.042199330721473, 53.80295113677996 ], [ -118.042199330721473, 53.752951136779963 ] ] ] } },
{ "type": "Feature", "properties": { "value": 2, "label": "AQHI 2", "color": "#0099cb", "timestamp": "2026-09-16 17:00:00", "generated_at": "2026-09-16T23:31:17.755149", "nearest_km": 60.378775052977183, "n_points": 4, "weight_sum": 0.00049053668241235316, "confidence": "Medium", "flagged": false }, "geometry": { "type": "Polygon", "coordinates": [ [ [ -117.992199330721476, 53.752951136779963 ], [ -117.942199330721479, 53.752951136779963 ], [ -117.942199330721479, 53.80295113677996 ], [ -117.992199330721476, 53.80295113677996 ], [ -117.992199330721476, 53.752951136779963 ] ] ] } },
{ "type": "Feature", "properties": { "value": 2, "label": "AQHI 2", "color": "#0099cb", "timestamp": "2026-09-16 17:00:00", "generated_at": "2026-09-16T23:31:17.755149", "nearest_km": 56.340096180039559, "n_points": 4, "weight_sum": 0.00053806797640367475, "confidence": "Medium", "flagged": false }, "geometry": { "type": "Polygon", "coordinates": [ [ [ -117.942199330721479, 53.752951136779963 ], [ -117.892199330721482, 53.752951136779963 ], [ -117.892199330721482, 53.80295113677996 ], [ -117.942199330721479, 53.80295113677996 ], [ -117.942199330721479, 53.752951136779963 ] ] ] } },
{ "type": "Feature", "properties": { "value": 2, "label": "AQHI 2", "color": "#0099cb", "timestamp": "2026-09-16 17:00:00", "generated_at": "2026-09-16T23:31:17.755149", "nearest_km": 52.577765245911607, "n_points": 4, "weight_sum": 0.00059181319799504338, "confidence": "Medium", "flagged": false }, "geometry": { "type": "Polygon", "coordinates": [ [ [ -117.892199330721482, 53.752951136779963 ], [ -117.842199330721485, 53.752951136779963 ], [ -117.842199330721485, 53.80295113677996 ], [ -117.892199330721482, 53.80295113677996 ], [ -117.892199330721482, 53.752951136779963 ] ] ] } },
{ "type": "Feature", "properties": { "value": 2, "label": "AQHI 2", "color": "#0099cb", "timestamp": "2026-09-16 17:00:00", "generated_at": "2026-09-16T23:31:17.755149", "nearest_km": 49.155278037381343, "n_points": 4, "weight_sum": 0.00065138570954015437, "confidence": "Medium", "flagged": false }, "geometry": { "type": "Polygon", "coordinates": [ [ [ -117.842199330721485, 53.752951136779963 ], [ -117.792199330721488, 53.752951136779963 ], [ -117.792199330721488, 53.80295113677996 ], [ -117.842199330721485, 53.80295113677996 ], [ -117.842199330721485, 53.752951136779963 ] ] ] } },
{ "type": "Feature", "properties": { "value": 2, "label": "AQHI 2", "color": "#0099cb", "timestamp": "2026-09-16 17:00:00", "generated_at": "2026-09-16T23:31:17.755149", "nearest_km": 46.148307873749097, "n_points": 4, "weight_sum": 0.00071508425162574438, "confidence": "Medium", "flagged": false }, "geometry": { "type": "Polygon", "coordinates": [ [ [ -117.792199330721488, 53.752951136779963 ], [ -117.74219933072149, 53.752951136779963 ], [ -117.74219933072149, 53.80295113677996 ], [ -117.792199330721488, 53.80295113677996 ], [ -117.792199330721488, 53.752951136779963 ] ] ] } },
{ "type": "Feature", "properties": { "value": 2, "label": "AQHI 2", "color": "#0099cb", "timestamp": "2026-09-16 17:00:00", "generated_at": "2026-09-16T23:31:17.755149", "nearest_km": 43.642826217929489, "n_points": 4, "weight_sum": 0.00077927428937083995, "confidence": "Medium", "flagged": false }, "geometry": { "type": "Polygon", "coordinates": [ [ [ -117.74219933072149, 53.752951136779963 ], [ -117.692199330721493, 53.752951136779963 ], [ -117.692199330721493, 53.80295113677996 ], [ -117.74219933072149, 53.80295113677996 ], [ -117.74219933072149, 53.752951136779963 ] ] ] } },
{ "type": "Feature", "properties": { "value": 2, "label": "AQHI 2", "color": "#0099cb", "timestamp": "2026-09-16 17:00:00", "generated_at": "2026-09-16T23:31:17.755149", "nearest_km": 41.72926120801143, "n_points": 5, "weight_sum": 0.00088548411750736015, "confidence": "Medium", "flagged": false }, "geometry": { "type": "Polygon", "coordinates": [ [ [ -117.692199330721493, 53.752951136779963 ], [ -117.642199330721496, 53.752951136779963 ], [ -117.642199330721496, 53.80295113677996 ], [ -117.692199330721493, 53.80295113677996 ], [ -117.692199330721493, 53.752951136779963 ] ] ] } },
{ "type": "Feature", "properties": { "value": 2, "label": "AQHI 2", "color": "#0099cb", "timestamp": "2026-09-16 17:00:00", "generated_at": "2026-09-16T23:31:17.755149", "nearest_km": 40.491618906194581, "n_points": 5, "weight_sum": 0.00093552218032237123, "confidence": "Medium", "flagged": false }, "geometry": { "type": "Polygon", "coordinates": [ [ [ -117.642199330721496, 53.752951136779963 ], [ -117.592199330721499, 53.752951136779963 ], [ -117.592199330721499, 53.80295113677996 ], [ -117.642199330721496, 53.80295113677996 ], [ -117.642199330721496, 53.752951136779963 ] ] ] } },
{ "type": "Feature", "properties": { "value": 2, "label": "AQHI 2", "color": "#0099cb", "timestamp": "2026-09-16 17:00:00", "generated_at": "2026-09-16T23:31:17.755149", "nearest_km": 39.992701363155433, "n_points": 5, "weight_sum": 0.00096678044016170145, "confidence": "Medium", "flagged": false }, "geometry": { "type": "Polygon", "coordinates": [ [ [ -117.592199330721499, 53.752951136779963 ], [ -117.542199330721502, 53.752951136779963 ], [ -117.542199330721502, 53.80295113677996 ], [ -117.592199330721499, 53.80295113677996 ], [ -117.592199330721499, 53.752951136779963 ] ] ] } },
{ "type": "Feature", "properties": { "value": 2, "label": "AQHI 2", "color": "#0099cb", "timestamp": "2026-09-16 17:00:00", "generated_at": "2026-09-16T23:31:17.755149", "nearest_km": 40.259981656734105, "n_points": 5, "weight_sum": 0.00097610955011228555, "confidence": "Medium", "flagged": false }, "geometry": { "type": "Polygon", "coordinates": [ [ [ -117.542199330721502, 53.752951136779963 ], [ -117.492199330721505, 53.752951136779963 ], [ -117.492199330721505, 53.80295113677996 ], [ -117.542199330721502, 53.80295113677996 ], [ -117.542199330721502, 53.752951136779963 ] ] ] } },
{ "type": "Feature", "properties": { "value": 2, "label": "AQHI 2", "color": "#0099cb", "timestamp": "2026-09-16 17:00:00", "generated_at": "2026-09-16T23:31:17.755149", "nearest_km": 41.278578992966715, "n_points": 5, "weight_sum": 0.00096534833775967221, "confidence": "Medium", "flagged": false }, "geometry": { "type": "Polygon", "coordinates": [ [ [ -117.492199330721505, 53.752951136779963 ], [ -117.442199330721508, 53.752951136779963 ], [ -117.442199330721508, 53.80295113677996 ], [ -117.492199330721505, 53.80295113677996 ], [ -117.492199330721505, 53.752951136779963 ] ] ] } },
{ "type": "Feature", "properties": { "value": 2, "label": "AQHI 2", "color": "#0099cb", "timestamp": "2026-09-16 17:00:00", "generated_at": "2026-09-16T23:31:17.755149", "nearest_km": 42.995128146763463, "n_points": 5, "weight_sum": 0.00094042155104540287, "confidence": "Medium", "flagged": false }, "geometry": { "type": "Polygon", "coordinates": [ [ [ -117.442199330721508, 53.752951136779963 ], [ -117.39219933072151, 53.752951136779963 ], [ -117.39219933072151, 53.80295113677996 ], [ -117.442199330721508, 53.80295113677996 ], [ -117.442199330721508, 53.752951136779963 ] ] ] } },
{ "type": "Feature", "properties": { "value": 2, "label": "AQHI 2", "color": "#0099cb", "timestamp": "2026-09-16 17:00:00", "generated_at": "2026-09-16T23:31:17.755149", "nearest_km": 45.330409274951656, "n_points": 5, "weight_sum": 0.00090870801964815847, "confidence": "Medium", "flagged": false }, "geometry": { "type": "Polygon", "coordinates": [ [ [ -117.39219933072151, 53.752951136779963 ], [ -117.342199330721513, 53.752951136779963 ], [ -117.342199330721513, 53.80295113677996 ], [ -117.39219933072151, 53.80295113677996 ], [ -117.39219933072151, 53.752951136779963 ] ] ] } },
{ "type": "Feature", "properties": { "value": 2, "label": "AQHI 2", "color": "#0099cb", "timestamp": "2026-09-16 17:00:00", "generated_at": "2026-09-16T23:31:17.755149", "nearest_km": 48.194563653099181, "n_points": 5, "weight_sum": 0.00087657874168919762, "confidence": "Medium", "flagged": false }, "geometry": { "type": "Polygon", "coordinates": [ [ [ -117.342199330721513, 53.752951136779963 ], [ -117.292199330721516, 53.752951136779963 ], [ -117.292199330721516, 53.80295113677996 ], [ -117.342199330721513, 53.80295113677996 ], [ -117.342199330721513, 53.752951136779963 ] ] ] } },
{ "type": "Feature", "properties": { "value": 2, "label": "AQHI 2", "color": "#0099cb", "timestamp": "2026-09-16 17:00:00", "generated_at": "2026-09-16T23:31:17.755149", "nearest_km": 51.49942646661831, "n_points": 5, "weight_sum": 0.00084825068545783756, "confidence": "Medium", "flagged": false }, "geometry": { "type": "Polygon", "coordinates": [ [ [ -117.292199330721516, 53.752951136779963 ], [ -117.242199330721519, 53.752951136779963 ], [ -117.242199330721519, 53.80295113677996 ], [ -117.292199330721516, 53.80295113677996 ], [ -117.292199330721516, 53.752951136779963 ] ] ] } },
{ "type": "Feature", "properties": { "value": 2, "label": "AQHI 2", "color": "#0099cb", "timestamp": "2026-09-16 17:00:00", "generated_at": "2026-09-16T23:31:17.755149", "nearest_km": 55.165848920039444, "n_points": 5, "weight_sum": 0.00082583989852274132, "confidence": "Medium", "flagged": false }, "geometry": { "type": "Polygon", "coordinates": [ [ [ -117.242199330721519, 53.752951136779963 ], [ -117.192199330721522, 53.752951136779963 ], [ -117.192199330721522, 53.80295113677996 ], [ -117.242199330721519, 53.80295113677996 ], [ -117.242199330721519, 53.752951136779963 ] ] ] } },
{ "type": "Feature", "properties": { "value": 2, "label": "AQHI 2", "color": "#0099cb", "timestamp": "2026-09-16 17:00:00", "generated_at": "2026-09-16T23:31:17.755149", "nearest_km": 59.12660862713674, "n_points": 5, "weight_sum": 0.00080998143360778833, "confidence": "Medium", "flagged": false }, "geometry": { "type": "Polygon", "coordinates": [ [ [ -117.192199330721522, 53.752951136779963 ], [ -117.142199330721525, 53.752951136779963 ], [ -117.142199330721525, 53.80295113677996 ], [ -117.192199330721522, 53.80295113677996 ], [ -117.192199330721522, 53.752951136779963 ] ] ] } },
{ "type": "Feature", "properties": { "value": 2, "label": "AQHI 2", "color": "#0099cb", "timestamp": "2026-09-16 17:00:00", "generated_at": "2026-09-16T23:31:17.755149", "nearest_km": 63.326501627869654, "n_points": 5, "weight_sum": 0.0008005265443615957, "confidence": "Medium", "flagged": false }, "geometry": { "type": "Polygon", "coordinates": [ [ [ -117.142199330721525, 53.752951136779963 ], [ -117.092199330721527, 53.752951136779963 ], [ -117.092199330721527, 53.80295113677996 ], [ -117.142199330721525, 53.80295113677996 ], [ -117.142199330721525, 53.752951136779963 ] ] ] } },
{ "type": "Feature", "properties": { "value": 2, "label": "AQHI 2", "color": "#0099cb", "timestamp": "2026-09-16 17:00:00", "generated_at": "2026-09-16T23:31:17.755149", "nearest_km": 67.72105115178401, "n_points": 5, "weight_sum": 0.00079711197843843127, "confidence": "Medium", "flagged": false }, "geometry": { "type": "Polygon", "coordinates": [ [ [ -117.092199330721527, 53.752951136779963 ], [ -117.04219933072153, 53.752951136779963 ], [ -117.04219933072153, 53.80295113677996 ], [ -117.092199330721527, 53.80295113677996 ], [ -117.092199330721527, 53.752951136779963 ] ] ] } },
{ "type": "Feature", "properties": { "value": 2, "label": "AQHI 2", "color": "#0099cb", "timestamp": "2026-09-16 17:00:00", "generated_at": "2026-09-16T23:31:17.755149", "nearest_km": 69.083743057898801, "n_points": 4, "weight_sum": 0.00075627221048537847, "confidence": "Medium", "flagged": false }, "geometry": { "type": "Polygon", "coordinates": [ [ [ -117.04219933072153, 53.752951136779963 ], [ -116.992199330721533, 53.752951136779963 ], [ -116.992199330721533, 53.80295113677996 ], [ -117.04219933072153, 53.80295113677996 ], [ -117.04219933072153, 53.752951136779963 ] ] ] } },
{ "type": "Feature", "properties": { "value": 2, "label": "AQHI 2", "color": "#0099cb", "timestamp": "2026-09-16 17:00:00", "generated_at": "2026-09-16T23:31:17.755149", "nearest_km": 68.846421066452976, "n_points": 4, "weight_sum": 0.00076730456237511773, "confidence": "Medium", "flagged": false }, "geometry": { "type": "Polygon", "coordinates": [ [ [ -116.992199330721533, 53.752951136779963 ], [ -116.942199330721536, 53.752951136779963 ], [ -116.942199330721536, 53.80295113677996 ], [ -116.992199330721533, 53.80295113677996 ], [ -116.992199330721533, 53.752951136779963 ] ] ] } },
{ "type": "Feature", "properties": { "value": 2, "label": "AQHI 2", "color": "#0099cb", "timestamp": "2026-09-16 17:00:00", "generated_at": "2026-09-16T23:31:17.755149", "nearest_km": 63.498702129078083, "n_points": 4, "weight_sum": 0.00078552580955237872, "confidence": "Medium", "flagged": false }, "geometry": { "type": "Polygon", "coordinates": [ [ [ -116.942199330721536, 53.752951136779963 ], [ -116.892199330721539, 53.752951136779963 ], [ -116.892199330721539, 53.80295113677996 ], [ -116.942199330721536, 53.80295113677996 ], [ -116.942199330721536, 53.752951136779963 ] ] ] } },
{ "type": "Feature", "properties": { "value": 2, "label": "AQHI 2", "color": "#0099cb", "timestamp": "2026-09-16 17:00:00", "generated_at": "2026-09-16T23:31:17.755149", "nearest_km": 58.188879096399717, "n_points": 4, "weight_sum": 0.00081313373269086226, "confidence": "Medium", "flagged": false }, "geometry": { "type": "Polygon", "coordinates": [ [ [ -116.892199330721539, 53.752951136779963 ], [ -116.842199330721542, 53.752951136779963 ], [ -116.842199330721542, 53.80295113677996 ], [ -116.892199330721539, 53.80295113677996 ], [ -116.892199330721539, 53.752951136779963 ] ] ] } },
{ "type": "Feature", "properties": { "value": 2, "label": "AQHI 2", "color": "#0099cb", "timestamp": "2026-09-16 17:00:00", "generated_at": "2026-09-16T23:31:17.755149", "nearest_km": 52.928358456629432, "n_points": 4, "weight_sum": 0.00085383929190546238, "confidence": "Medium", "flagged": false }, "geometry": { "type": "Polygon", "coordinates": [ [ [ -116.842199330721542, 53.752951136779963 ], [ -116.792199330721544, 53.752951136779963 ], [ -116.792199330721544, 53.80295113677996 ], [ -116.842199330721542, 53.80295113677996 ], [ -116.842199330721542, 53.752951136779963 ] ] ] } },
{ "type": "Feature", "properties": { "value": 2, "label": "AQHI 2", "color": "#0099cb", "timestamp": "2026-09-16 17:00:00", "generated_at": "2026-09-16T23:31:17.755149", "nearest_km": 47.733443279649144, "n_points": 4, "weight_sum": 0.00091357116263930595, "confidence": "Medium", "flagged": false }, "geometry": { "type": "Polygon", "coordinates": [ [ [ -116.792199330721544, 53.752951136779963 ], [ -116.742199330721547, 53.752951136779963 ], [ -116.742199330721547, 53.80295113677996 ], [ -116.792199330721544, 53.80295113677996 ], [ -116.792199330721544, 53.752951136779963 ] ] ] } },
{ "type": "Feature", "properties": { "value": 2, "label": "AQHI 2", "color": "#0099cb", "timestamp": "2026-09-16 17:00:00", "generated_at": "2026-09-16T23:31:17.755149", "nearest_km": 42.628125524699065, "n_points": 4, "weight_sum": 0.00100163238499979, "confidence": "Medium", "flagged": false }, "geometry": { "type": "Polygon", "coordinates": [ [ [ -116.742199330721547, 53.752951136779963 ], [ -116.69219933072155, 53.752951136779963 ], [ -116.69219933072155, 53.80295113677996 ], [ -116.742199330721547, 53.80295113677996 ], [ -116.742199330721547, 53.752951136779963 ] ] ] } },
{ "type": "Feature", "properties": { "value": 2, "label": "AQHI 2", "color": "#0099cb", "timestamp": "2026-09-16 17:00:00", "generated_at": "2026-09-16T23:31:17.755149", "nearest_km": 37.648872017200077, "n_points": 4, "weight_sum": 0.0011325508593378931, "confidence": "Medium", "flagged": false }, "geometry": { "type": "Polygon", "coordinates": [ [ [ -116.69219933072155, 53.752951136779963 ], [ -116.642199330721553, 53.752951136779963 ], [ -116.642199330721553, 53.80295113677996 ], [ -116.69219933072155, 53.80295113677996 ], [ -116.69219933072155, 53.752951136779963 ] ] ] } },
{ "type": "Feature", "properties": { "value": 2, "label": "AQHI 2", "color": "#0099cb", "timestamp": "2026-09-16 17:00:00", "generated_at": "2026-09-16T23:31:17.755149", "nearest_km": 32.8530522567617, "n_points": 4, "weight_sum": 0.001328738419154401, "confidence": "Medium", "flagged": false }, "geometry": { "type": "Polygon", "coordinates": [ [ [ -116.642199330721553, 53.752951136779963 ], [ -116.592199330721556, 53.752951136779963 ], [ -116.592199330721556, 53.80295113677996 ], [ -116.642199330721553, 53.80295113677996 ], [ -116.642199330721553, 53.752951136779963 ] ] ] } },
{ "type": "Feature", "properties": { "value": 2, "label": "AQHI 2", "color": "#0099cb", "timestamp": "2026-09-16 17:00:00", "generated_at": "2026-09-16T23:31:17.755149", "nearest_km": 28.33396408911948, "n_points": 4, "weight_sum": 0.0016228895053089941, "confidence": "Medium", "flagged": false }, "geometry": { "type": "Polygon", "coordinates": [ [ [ -116.592199330721556, 53.752951136779963 ], [ -116.542199330721559, 53.752951136779963 ], [ -116.542199330721559, 53.80295113677996 ], [ -116.592199330721556, 53.80295113677996 ], [ -116.592199330721556, 53.752951136779963 ] ] ] } },
{ "type": "Feature", "properties": { "value": 2, "label": "AQHI 2", "color": "#0099cb", "timestamp": "2026-09-16 17:00:00", "generated_at": "2026-09-16T23:31:17.755149", "nearest_km": 24.246834833056091, "n_points": 4, "weight_sum": 0.0020535227432551392, "confidence": "High", "flagged": false }, "geometry": { "type": "Polygon", "coordinates": [ [ [ -116.542199330721559, 53.752951136779963 ], [ -116.492199330721562, 53.752951136779963 ], [ -116.492199330721562, 53.80295113677996 ], [ -116.542199330721559, 53.80295113677996 ], [ -116.542199330721559, 53.752951136779963 ] ] ] } },
{ "type": "Feature", "properties": { "value": 2, "label": "AQHI 2", "color": "#0099cb", "timestamp": "2026-09-16 17:00:00", "generated_at": "2026-09-16T23:31:17.755149", "nearest_km": 20.847289460250828, "n_points": 4, "weight_sum": 0.0026294468172648102, "confidence": "High", "flagged": false }, "geometry": { "type": "Polygon", "coordinates": [ [ [ -116.492199330721562, 53.752951136779963 ], [ -116.442199330721564, 53.752951136779963 ], [ -116.442199330721564, 53.80295113677996 ], [ -116.492199330721562, 53.80295113677996 ], [ -116.492199330721562, 53.752951136779963 ] ] ] } },
{ "type": "Feature", "properties": { "value": 2, "label": "AQHI 2", "color": "#0099cb", "timestamp": "2026-09-16 17:00:00", "generated_at": "2026-09-16T23:31:17.755149", "nearest_km": 18.51796306988059, "n_points": 4, "weight_sum": 0.0032216044316199866, "confidence": "High", "flagged": false }, "geometry": { "type": "Polygon", "coordinates": [ [ [ -116.442199330721564, 53.752951136779963 ], [ -116.392199330721567, 53.752951136779963 ], [ -116.392199330721567, 53.80295113677996 ], [ -116.442199330721564, 53.80295113677996 ], [ -116.442199330721564, 53.752951136779963 ] ] ] } },
{ "type": "Feature", "properties": { "value": 2, "label": "AQHI 2", "color": "#0099cb", "timestamp": "2026-09-16 17:00:00", "generated_at": "2026-09-16T23:31:17.755149", "nearest_km": 17.68687181712556, "n_points": 4, "weight_sum": 0.0034801731981840183, "confidence": "High", "flagged": false }, "geometry": { "type": "Polygon", "coordinates": [ [ [ -116.392199330721567, 53.752951136779963 ], [ -116.34219933072157, 53.752951136779963 ], [ -116.34219933072157, 53.80295113677996 ], [ -116.392199330721567, 53.80295113677996 ], [ -116.392199330721567, 53.752951136779963 ] ] ] } },
{ "type": "Feature", "properties": { "value": 2, "label": "AQHI 2", "color": "#0099cb", "timestamp": "2026-09-16 17:00:00", "generated_at": "2026-09-16T23:31:17.755149", "nearest_km": 18.556425116206853, "n_points": 4, "weight_sum": 0.0031669947385329876, "confidence": "High", "flagged": false }, "geometry": { "type": "Polygon", "coordinates": [ [ [ -116.34219933072157, 53.752951136779963 ], [ -116.292199330721573, 53.752951136779963 ], [ -116.292199330721573, 53.80295113677996 ], [ -116.34219933072157, 53.80295113677996 ], [ -116.34219933072157, 53.752951136779963 ] ] ] } },
{ "type": "Feature", "properties": { "value": 2, "label": "AQHI 2", "color": "#0099cb", "timestamp": "2026-09-16 17:00:00", "generated_at": "2026-09-16T23:31:17.755149", "nearest_km": 20.915577723585539, "n_points": 4, "weight_sum": 0.002529604102465768, "confidence": "High", "flagged": false }, "geometry": { "type": "Polygon", "coordinates": [ [ [ -116.292199330721573, 53.752951136779963 ], [ -116.242199330721576, 53.752951136779963 ], [ -116.242199330721576, 53.80295113677996 ], [ -116.292199330721573, 53.80295113677996 ], [ -116.292199330721573, 53.752951136779963 ] ] ] } },
{ "type": "Feature", "properties": { "value": 2, "label": "AQHI 2", "color": "#0099cb", "timestamp": "2026-09-16 17:00:00", "generated_at": "2026-09-16T23:31:17.755149", "nearest_km": 24.334889971588026, "n_points": 3, "weight_sum": 0.0018725405825957128, "confidence": "High", "flagged": false }, "geometry": { "type": "Polygon", "coordinates": [ [ [ -116.242199330721576, 53.752951136779963 ], [ -116.192199330721579, 53.752951136779963 ], [ -116.192199330721579, 53.80295113677996 ], [ -116.242199330721576, 53.80295113677996 ], [ -116.242199330721576, 53.752951136779963 ] ] ] } },
{ "type": "Feature", "properties": { "value": 2, "label": "AQHI 2", "color": "#0099cb", "timestamp": "2026-09-16 17:00:00", "generated_at": "2026-09-16T23:31:17.755149", "nearest_km": 28.434439476579044, "n_points": 4, "weight_sum": 0.0014536040861417745, "confidence": "Medium", "flagged": false }, "geometry": { "type": "Polygon", "coordinates": [ [ [ -116.192199330721579, 53.752951136779963 ], [ -116.142199330721581, 53.752951136779963 ], [ -116.142199330721581, 53.80295113677996 ], [ -116.192199330721579, 53.80295113677996 ], [ -116.192199330721579, 53.752951136779963 ] ] ] } },
{ "type": "Feature", "properties": { "value": 2, "label": "AQHI 2", "color": "#0099cb", "timestamp": "2026-09-16 17:00:00", "generated_at": "2026-09-16T23:31:17.755149", "nearest_km": 32.961383872118759, "n_points": 4, "weight_sum": 0.0011280412191213905, "confidence": "Medium", "flagged": false }, "geometry": { "type": "Polygon", "coordinates": [ [ [ -116.142199330721581, 53.752951136779963 ], [ -116.092199330721584, 53.752951136779963 ], [ -116.092199330721584, 53.80295113677996 ], [ -116.142199330721581, 53.80295113677996 ], [ -116.142199330721581, 53.752951136779963 ] ] ] } },
{ "type": "Feature", "properties": { "value": 2, "label": "AQHI 2", "color": "#0099cb", "timestamp": "2026-09-16 17:00:00", "generated_at": "2026-09-16T23:31:17.755149", "nearest_km": 37.762326532975926, "n_points": 4, "weight_sum": 0.00090111019129444415, "confidence": "Medium", "flagged": false }, "geometry": { "type": "Polygon", "coordinates": [ [ [ -116.092199330721584, 53.752951136779963 ], [ -116.042199330721587, 53.752951136779963 ], [ -116.042199330721587, 53.80295113677996 ], [ -116.092199330721584, 53.80295113677996 ], [ -116.092199330721584, 53.752951136779963 ] ] ] } },
{ "type": "Feature", "properties": { "value": 2, "label": "AQHI 2", "color": "#0099cb", "timestamp": "2026-09-16 17:00:00", "generated_at": "2026-09-16T23:31:17.755149", "nearest_km": 42.745043965365362, "n_points": 4, "weight_sum": 0.00074075244898275192, "confidence": "Medium", "flagged": false }, "geometry": { "type": "Polygon", "coordinates": [ [ [ -116.042199330721587, 53.752951136779963 ], [ -115.99219933072159, 53.752951136779963 ], [ -115.99219933072159, 53.80295113677996 ], [ -116.042199330721587, 53.80295113677996 ], [ -116.042199330721587, 53.752951136779963 ] ] ] } },
{ "type": "Feature", "properties": { "value": 2, "label": "AQHI 2", "color": "#0099cb", "timestamp": "2026-09-16 17:00:00", "generated_at": "2026-09-16T23:31:17.755149", "nearest_km": 47.852787400724431, "n_points": 4, "weight_sum": 0.00062511363486205112, "confidence": "Medium", "flagged": false }, "geometry": { "type": "Polygon", "coordinates": [ [ [ -115.99219933072159, 53.752951136779963 ], [ -115.942199330721593, 53.752951136779963 ], [ -115.942199330721593, 53.80295113677996 ], [ -115.99219933072159, 53.80295113677996 ], [ -115.99219933072159, 53.752951136779963 ] ] ] } },
{ "type": "Feature", "properties": { "value": 2, "label": "AQHI 2", "color": "#0099cb", "timestamp": "2026-09-16 17:00:00", "generated_at": "2026-09-16T23:31:17.755149", "nearest_km": 53.049455609241051, "n_points": 4, "weight_sum": 0.000540055959584969, "confidence": "Medium", "flagged": false }, "geometry": { "type": "Polygon", "coordinates": [ [ [ -115.942199330721593, 53.752951136779963 ], [ -115.892199330721596, 53.752951136779963 ], [ -115.892199330721596, 53.80295113677996 ], [ -115.942199330721593, 53.80295113677996 ], [ -115.942199330721593, 53.752951136779963 ] ] ] } },
{ "type": "Feature", "properties": { "value": 2, "label": "AQHI 2", "color": "#0099cb", "timestamp": "2026-09-16 17:00:00", "generated_at": "2026-09-16T23:31:17.755149", "nearest_km": 58.311278659061621, "n_points": 4, "weight_sum": 0.00047647330492791933, "confidence": "Medium", "flagged": false }, "geometry": { "type": "Polygon", "coordinates": [ [ [ -115.892199330721596, 53.752951136779963 ], [ -115.842199330721598, 53.752951136779963 ], [ -115.842199330721598, 53.80295113677996 ], [ -115.892199330721596, 53.80295113677996 ], [ -115.892199330721596, 53.752951136779963 ] ] ] } },
{ "type": "Feature", "properties": { "value": 2, "label": "AQHI 2", "color": "#0099cb", "timestamp": "2026-09-16 17:00:00", "generated_at": "2026-09-16T23:31:17.755149", "nearest_km": 63.622092839458112, "n_points": 3, "weight_sum": 0.0003866910394354962, "confidence": "Medium", "flagged": false }, "geometry": { "type": "Polygon", "coordinates": [ [ [ -115.842199330721598, 53.752951136779963 ], [ -115.792199330721601, 53.752951136779963 ], [ -115.792199330721601, 53.80295113677996 ], [ -115.842199330721598, 53.80295113677996 ], [ -115.842199330721598, 53.752951136779963 ] ] ] } },
{ "type": "Feature", "properties": { "value": 2, "label": "AQHI 2", "color": "#0099cb", "timestamp": "2026-09-16 17:00:00", "generated_at": "2026-09-16T23:31:17.755149", "nearest_km": 68.970581958473517, "n_points": 3, "weight_sum": 0.00035279707023196024, "confidence": "Medium", "flagged": false }, "geometry": { "type": "Polygon", "coordinates": [ [ [ -115.792199330721601, 53.752951136779963 ], [ -115.742199330721604, 53.752951136779963 ], [ -115.742199330721604, 53.80295113677996 ], [ -115.792199330721601, 53.80295113677996 ], [ -115.792199330721601, 53.752951136779963 ] ] ] } },
{ "type": "Feature", "properties": { "value": 2, "label": "AQHI 2", "color": "#0099cb", "timestamp": "2026-09-16 17:00:00", "generated_at": "2026-09-16T23:31:17.755149", "nearest_km": 74.348615683873973, "n_points": 3, "weight_sum": 0.00032760665214204569, "confidence": "Medium", "flagged": false }, "geometry": { "type": "Polygon", "coordinates": [ [ [ -115.742199330721604, 53.752951136779963 ], [ -115.692199330721607, 53.752951136779963 ], [ -115.692199330721607, 53.80295113677996 ], [ -115.742199330721604, 53.80295113677996 ], [ -115.742199330721604, 53.752951136779963 ] ] ] } },
{ "type": "Feature", "properties": { "value": 2, "label": "AQHI 2", "color": "#0099cb", "timestamp": "2026-09-16 17:00:00", "generated_at": "2026-09-16T23:31:17.755149", "nearest_km": 79.750217131530505, "n_points": 3, "weight_sum": 0.00030930090818333483, "confidence": "Low", "flagged": false }, "geometry": { "type": "Polygon", "coordinates": [ [ [ -115.692199330721607, 53.752951136779963 ], [ -115.64219933072161, 53.752951136779963 ], [ -115.64219933072161, 53.80295113677996 ], [ -115.692199330721607, 53.80295113677996 ], [ -115.692199330721607, 53.752951136779963 ] ] ] } },
{ "type": "Feature", "properties": { "value": 2, "label": "AQHI 2", "color": "#0099cb", "timestamp": "2026-09-16 17:00:00", "generated_at": "2026-09-16T23:31:17.755149", "nearest_km": 85.170902372489437, "n_points": 3, "weight_sum": 0.00029661021110268773, "confidence": "Low", "flagged": false }, "geometry": { "type": "Polygon", "coordinates": [ [ [ -115.64219933072161, 53.752951136779963 ], [ -115.592199330721613, 53.752951136779963 ], [ -115.592199330721613, 53.80295113677996 ], [ -115.64219933072161, 53.80295113677996 ], [ -115.64219933072161, 53.752951136779963 ] ] ] } },
{ "type": "Feature", "properties": { "value": 2, "label": "AQHI 2", "color": "#0099cb", "timestamp": "2026-09-16 17:00:00", "generated_at": "2026-09-16T23:31:17.755149", "nearest_km": 89.807445424477535, "n_points": 2, "weight_sum": 0.00024579429062449335, "confidence": "Low", "flagged": false }, "geometry": { "type": "Polygon", "coordinates": [ [ [ -115.592199330721613, 53.752951136779963 ], [ -115.542199330721616, 53.752951136779963 ], [ -115.542199330721616, 53.80295113677996 ], [ -115.592199330721613, 53.80295113677996 ], [ -115.592199330721613, 53.752951136779963 ] ] ] } },
{ "type": "Feature", "properties": { "value": 2, "label": "AQHI 2", "color": "#0099cb", "timestamp": "2026-09-16 17:00:00", "generated_at": "2026-09-16T23:31:17.755149", "nearest_km": 85.709322451460594, "n_points": 2, "weight_sum": 0.0002445060067359393, "confidence": "Low", "flagged": false }, "geometry": { "type": "Polygon", "coordinates": [ [ [ -115.542199330721616, 53.752951136779963 ], [ -115.492199330721618, 53.752951136779963 ], [ -115.492199330721618, 53.80295113677996 ], [ -115.542199330721616, 53.80295113677996 ], [ -115.542199330721616, 53.752951136779963 ] ] ] } },
{ "type": "Feature", "properties": { "value": 2, "label": "AQHI 2", "color": "#0099cb", "timestamp": "2026-09-16 17:00:00", "generated_at": "2026-09-16T23:31:17.755149", "nearest_km": 81.782661099443175, "n_points": 2, "weight_sum": 0.00024654647906039156, "confidence": "Low", "flagged": false }, "geometry": { "type": "Polygon", "coordinates": [ [ [ -115.492199330721618, 53.752951136779963 ], [ -115.442199330721621, 53.752951136779963 ], [ -115.442199330721621, 53.80295113677996 ], [ -115.492199330721618, 53.80295113677996 ], [ -115.492199330721618, 53.752951136779963 ] ] ] } },
{ "type": "Feature", "properties": { "value": 2, "label": "AQHI 2", "color": "#0099cb", "timestamp": "2026-09-16 17:00:00", "generated_at": "2026-09-16T23:31:17.755149", "nearest_km": 78.053343028497494, "n_points": 3, "weight_sum": 0.0002981116965241908, "confidence": "Low", "flagged": false }, "geometry": { "type": "Polygon", "coordinates": [ [ [ -115.442199330721621, 53.752951136779963 ], [ -115.392199330721624, 53.752951136779963 ], [ -115.392199330721624, 53.80295113677996 ], [ -115.442199330721621, 53.80295113677996 ], [ -115.442199330721621, 53.752951136779963 ] ] ] } },
{ "type": "Feature", "properties": { "value": 2, "label": "AQHI 2", "color": "#0099cb", "timestamp": "2026-09-16 17:00:00", "generated_at": "2026-09-16T23:31:17.755149", "nearest_km": 74.55098966038085, "n_points": 3, "weight_sum": 0.00030909462411122125, "confidence": "Medium", "flagged": false }, "geometry": { "type": "Polygon", "coordinates": [ [ [ -115.392199330721624, 53.752951136779963 ], [ -115.342199330721627, 53.752951136779963 ], [ -115.342199330721627, 53.80295113677996 ], [ -115.392199330721624, 53.80295113677996 ], [ -115.392199330721624, 53.752951136779963 ] ] ] } },
{ "type": "Feature", "properties": { "value": 2, "label": "AQHI 2", "color": "#0099cb", "timestamp": "2026-09-16 17:00:00", "generated_at": "2026-09-16T23:31:17.755149", "nearest_km": 71.309051043749861, "n_points": 3, "weight_sum": 0.00032253468078503926, "confidence": "Medium", "flagged": false }, "geometry": { "type": "Polygon", "coordinates": [ [ [ -115.342199330721627, 53.752951136779963 ], [ -115.29219933072163, 53.752951136779963 ], [ -115.29219933072163, 53.80295113677996 ], [ -115.342199330721627, 53.80295113677996 ], [ -115.342199330721627, 53.752951136779963 ] ] ] } },
{ "type": "Feature", "properties": { "value": 2, "label": "AQHI 2", "color": "#0099cb", "timestamp": "2026-09-16 17:00:00", "generated_at": "2026-09-16T23:31:17.755149", "nearest_km": 68.364584853402164, "n_points": 3, "weight_sum": 0.00033792163848266944, "confidence": "Medium", "flagged": false }, "geometry": { "type": "Polygon", "coordinates": [ [ [ -115.29219933072163, 53.752951136779963 ], [ -115.242199330721633, 53.752951136779963 ], [ -115.242199330721633, 53.80295113677996 ], [ -115.29219933072163, 53.80295113677996 ], [ -115.29219933072163, 53.752951136779963 ] ] ] } },
{ "type": "Feature", "properties": { "value": 2, "label": "AQHI 2", "color": "#0099cb", "timestamp": "2026-09-16 17:00:00", "generated_at": "2026-09-16T23:31:17.755149", "nearest_km": 65.757563546681979, "n_points": 3, "weight_sum": 0.00035459185204248336, "confidence": "Medium", "flagged": false }, "geometry": { "type": "Polygon", "coordinates": [ [ [ -115.242199330721633, 53.752951136779963 ], [ -115.192199330721635, 53.752951136779963 ], [ -115.192199330721635, 53.80295113677996 ], [ -115.242199330721633, 53.80295113677996 ], [ -115.242199330721633, 53.752951136779963 ] ] ] } },
{ "type": "Feature", "properties": { "value": 2, "label": "AQHI 2", "color": "#0099cb", "timestamp": "2026-09-16 17:00:00", "generated_at": "2026-09-16T23:31:17.755149", "nearest_km": 63.529543245751462, "n_points": 3, "weight_sum": 0.00037170587055391591, "confidence": "Medium", "flagged": false }, "geometry": { "type": "Polygon", "coordinates": [ [ [ -115.192199330721635, 53.752951136779963 ], [ -115.142199330721638, 53.752951136779963 ], [ -115.142199330721638, 53.80295113677996 ], [ -115.192199330721635, 53.80295113677996 ], [ -115.192199330721635, 53.752951136779963 ] ] ] } },
{ "type": "Feature", "properties": { "value": 2, "label": "AQHI 2", "color": "#0099cb", "timestamp": "2026-09-16 17:00:00", "generated_at": "2026-09-16T23:31:17.755149", "nearest_km": 61.721581042870959, "n_points": 3, "weight_sum": 0.00038827234164634809, "confidence": "Medium", "flagged": false }, "geometry": { "type": "Polygon", "coordinates": [ [ [ -115.142199330721638, 53.752951136779963 ], [ -115.092199330721641, 53.752951136779963 ], [ -115.092199330721641, 53.80295113677996 ], [ -115.142199330721638, 53.80295113677996 ], [ -115.142199330721638, 53.752951136779963 ] ] ] } },
{ "type": "Feature", "properties": { "value": 2, "label": "AQHI 2", "color": "#0099cb", "timestamp": "2026-09-16 17:00:00", "generated_at": "2026-09-16T23:31:17.755149", "nearest_km": 60.371427578363274, "n_points": 3, "weight_sum": 0.0004032366522326447, "confidence": "Medium", "flagged": false }, "geometry": { "type": "Polygon", "coordinates": [ [ [ -115.092199330721641, 53.752951136779963 ], [ -115.042199330721644, 53.752951136779963 ], [ -115.042199330721644, 53.80295113677996 ], [ -115.092199330721641, 53.80295113677996 ], [ -115.092199330721641, 53.752951136779963 ] ] ] } },
{ "type": "Feature", "properties": { "value": 2, "label": "AQHI 2", "color": "#0099cb", "timestamp": "2026-09-16 17:00:00", "generated_at": "2026-09-16T23:31:17.755149", "nearest_km": 59.510250959539967, "n_points": 3, "weight_sum": 0.00041929343304479821, "confidence": "Medium", "flagged": false }, "geometry": { "type": "Polygon", "coordinates": [ [ [ -115.042199330721644, 53.752951136779963 ], [ -114.992199330721647, 53.752951136779963 ], [ -114.992199330721647, 53.80295113677996 ], [ -115.042199330721644, 53.80295113677996 ], [ -115.042199330721644, 53.752951136779963 ] ] ] } },
{ "type": "Feature", "properties": { "value": 2, "label": "AQHI 2", "color": "#0099cb", "timestamp": "2026-09-16 17:00:00", "generated_at": "2026-09-16T23:31:17.755149", "nearest_km": 59.159408978498824, "n_points": 3, "weight_sum": 0.00043526523885628214, "confidence": "Medium", "flagged": false }, "geometry": { "type": "Polygon", "coordinates": [ [ [ -114.992199330721647, 53.752951136779963 ], [ -114.94219933072165, 53.752951136779963 ], [ -114.94219933072165, 53.80295113677996 ], [ -114.992199330721647, 53.80295113677996 ], [ -114.992199330721647, 53.752951136779963 ] ] ] } },
{ "type": "Feature", "properties": { "value": 2, "label": "AQHI 2", "color": "#0099cb", "timestamp": "2026-09-16 17:00:00", "generated_at": "2026-09-16T23:31:17.755149", "nearest_km": 59.327956075556308, "n_points": 4, "weight_sum": 0.00049338518972020758, "confidence": "Medium", "flagged": false }, "geometry": { "type": "Polygon", "coordinates": [ [ [ -114.94219933072165, 53.752951136779963 ], [ -114.892199330721652, 53.752951136779963 ], [ -114.892199330721652, 53.80295113677996 ], [ -114.94219933072165, 53.80295113677996 ], [ -114.94219933072165, 53.752951136779963 ] ] ] } },
{ "type": "Feature", "properties": { "value": 2, "label": "AQHI 2", "color": "#0099cb", "timestamp": "2026-09-16 17:00:00", "generated_at": "2026-09-16T23:31:17.755149", "nearest_km": 60.011516174155979, "n_points": 4, "weight_sum": 0.00050675855928843474, "confidence": "Medium", "flagged": false }, "geometry": { "type": "Polygon", "coordinates": [ [ [ -114.892199330721652, 53.752951136779963 ], [ -114.842199330721655, 53.752951136779963 ], [ -114.842199330721655, 53.80295113677996 ], [ -114.892199330721652, 53.80295113677996 ], [ -114.892199330721652, 53.752951136779963 ] ] ] } },
{ "type": "Feature", "properties": { "value": 2, "label": "AQHI 2", "color": "#0099cb", "timestamp": "2026-09-16 17:00:00", "generated_at": "2026-09-16T23:31:17.755149", "nearest_km": 61.192832708895111, "n_points": 5, "weight_sum": 0.00056385251374497191, "confidence": "Medium", "flagged": false }, "geometry": { "type": "Polygon", "coordinates": [ [ [ -114.842199330721655, 53.752951136779963 ], [ -114.792199330721658, 53.752951136779963 ], [ -114.792199330721658, 53.80295113677996 ], [ -114.842199330721655, 53.80295113677996 ], [ -114.842199330721655, 53.752951136779963 ] ] ] } },
{ "type": "Feature", "properties": { "value": 2, "label": "AQHI 2", "color": "#0099cb", "timestamp": "2026-09-16 17:00:00", "generated_at": "2026-09-16T23:31:17.755149", "nearest_km": 62.843841992327739, "n_points": 6, "weight_sum": 0.00062553958598059102, "confidence": "Medium", "flagged": false }, "geometry": { "type": "Polygon", "coordinates": [ [ [ -114.792199330721658, 53.752951136779963 ], [ -114.742199330721661, 53.752951136779963 ], [ -114.742199330721661, 53.80295113677996 ], [ -114.792199330721658, 53.80295113677996 ], [ -114.792199330721658, 53.752951136779963 ] ] ] } },
{ "type": "Feature", "properties": { "value": 2, "label": "AQHI 2", "color": "#0099cb", "timestamp": "2026-09-16 17:00:00", "generated_at": "2026-09-16T23:31:17.755149", "nearest_km": 139.86082835669421, "n_points": 1, "weight_sum": 5.1121996677105668e-05, "confidence": "Low", "flagged": false }, "geometry": { "type": "Polygon", "coordinates": [ [ [ -118.942199330721422, 53.80295113677996 ], [ -118.892199330721425, 53.80295113677996 ], [ -118.892199330721425, 53.852951136779957 ], [ -118.942199330721422, 53.852951136779957 ], [ -118.942199330721422, 53.80295113677996 ] ] ] } },
{ "type": "Feature", "properties": { "value": 2, "label": "AQHI 2", "color": "#0099cb", "timestamp": "2026-09-16 17:00:00", "generated_at": "2026-09-16T23:31:17.755149", "nearest_km": 136.17500959147711, "n_points": 1, "weight_sum": 5.3926864665971918e-05, "confidence": "Low", "flagged": false }, "geometry": { "type": "Polygon", "coordinates": [ [ [ -118.892199330721425, 53.80295113677996 ], [ -118.842199330721428, 53.80295113677996 ], [ -118.842199330721428, 53.852951136779957 ], [ -118.892199330721425, 53.852951136779957 ], [ -118.892199330721425, 53.80295113677996 ] ] ] } },
{ "type": "Feature", "properties": { "value": 2, "label": "AQHI 2", "color": "#0099cb", "timestamp": "2026-09-16 17:00:00", "generated_at": "2026-09-16T23:31:17.755149", "nearest_km": 132.61907919246414, "n_points": 2, "weight_sum": 0.00010324097685168718, "confidence": "Low", "flagged": false }, "geometry": { "type": "Polygon", "coordinates": [ [ [ -118.842199330721428, 53.80295113677996 ], [ -118.792199330721431, 53.80295113677996 ], [ -118.792199330721431, 53.852951136779957 ], [ -118.842199330721428, 53.852951136779957 ], [ -118.842199330721428, 53.80295113677996 ] ] ] } },
{ "type": "Feature", "properties": { "value": 2, "label": "AQHI 2", "color": "#0099cb", "timestamp": "2026-09-16 17:00:00", "generated_at": "2026-09-16T23:31:17.755149", "nearest_km": 129.20376192075545, "n_points": 2, "weight_sum": 0.00010980150993210834, "confidence": "Low", "flagged": false }, "geometry": { "type": "Polygon", "coordinates": [ [ [ -118.792199330721431, 53.80295113677996 ], [ -118.742199330721434, 53.80295113677996 ], [ -118.742199330721434, 53.852951136779957 ], [ -118.792199330721431, 53.852951136779957 ], [ -118.792199330721431, 53.80295113677996 ] ] ] } },
{ "type": "Feature", "properties": { "value": 2, "label": "AQHI 2", "color": "#0099cb", "timestamp": "2026-09-16 17:00:00", "generated_at": "2026-09-16T23:31:17.755149", "nearest_km": 125.94049794682184, "n_points": 2, "weight_sum": 0.00011685837552918767, "confidence": "Low", "flagged": false }, "geometry": { "type": "Polygon", "coordinates": [ [ [ -118.742199330721434, 53.80295113677996 ], [ -118.692199330721436, 53.80295113677996 ], [ -118.692199330721436, 53.852951136779957 ], [ -118.742199330721434, 53.852951136779957 ], [ -118.742199330721434, 53.80295113677996 ] ] ] } },
{ "type": "Feature", "properties": { "value": 2, "label": "AQHI 2", "color": "#0099cb", "timestamp": "2026-09-16 17:00:00", "generated_at": "2026-09-16T23:31:17.755149", "nearest_km": 122.84140568925287, "n_points": 2, "weight_sum": 0.0001244484360875203, "confidence": "Low", "flagged": false }, "geometry": { "type": "Polygon", "coordinates": [ [ [ -118.692199330721436, 53.80295113677996 ], [ -118.642199330721439, 53.80295113677996 ], [ -118.642199330721439, 53.852951136779957 ], [ -118.692199330721436, 53.852951136779957 ], [ -118.692199330721436, 53.80295113677996 ] ] ] } },
{ "type": "Feature", "properties": { "value": 2, "label": "AQHI 2", "color": "#0099cb", "timestamp": "2026-09-16 17:00:00", "generated_at": "2026-09-16T23:31:17.755149", "nearest_km": 119.91921397478292, "n_points": 2, "weight_sum": 0.00013261223348922716, "confidence": "Low", "flagged": false }, "geometry": { "type": "Polygon", "coordinates": [ [ [ -118.642199330721439, 53.80295113677996 ], [ -118.592199330721442, 53.80295113677996 ], [ -118.592199330721442, 53.852951136779957 ], [ -118.642199330721439, 53.852951136779957 ], [ -118.642199330721439, 53.80295113677996 ] ] ] } },
{ "type": "Feature", "properties": { "value": 2, "label": "AQHI 2", "color": "#0099cb", "timestamp": "2026-09-16 17:00:00", "generated_at": "2026-09-16T23:31:17.755149", "nearest_km": 117.18715718434305, "n_points": 2, "weight_sum": 0.00014139547954751183, "confidence": "Low", "flagged": false }, "geometry": { "type": "Polygon", "coordinates": [ [ [ -118.592199330721442, 53.80295113677996 ], [ -118.542199330721445, 53.80295113677996 ], [ -118.542199330721445, 53.852951136779957 ], [ -118.592199330721442, 53.852951136779957 ], [ -118.592199330721442, 53.80295113677996 ] ] ] } },
{ "type": "Feature", "properties": { "value": 2, "label": "AQHI 2", "color": "#0099cb", "timestamp": "2026-09-16 17:00:00", "generated_at": "2026-09-16T23:31:17.755149", "nearest_km": 114.65882756057677, "n_points": 2, "weight_sum": 0.00015085128565983706, "confidence": "Low", "flagged": false }, "geometry": { "type": "Polygon", "coordinates": [ [ [ -118.542199330721445, 53.80295113677996 ], [ -118.492199330721448, 53.80295113677996 ], [ -118.492199330721448, 53.852951136779957 ], [ -118.542199330721445, 53.852951136779957 ], [ -118.542199330721445, 53.80295113677996 ] ] ] } },
{ "type": "Feature", "properties": { "value": 2, "label": "AQHI 2", "color": "#0099cb", "timestamp": "2026-09-16 17:00:00", "generated_at": "2026-09-16T23:31:17.755149", "nearest_km": 110.55494029709079, "n_points": 2, "weight_sum": 0.00016104334234337843, "confidence": "Low", "flagged": false }, "geometry": { "type": "Polygon", "coordinates": [ [ [ -118.492199330721448, 53.80295113677996 ], [ -118.442199330721451, 53.80295113677996 ], [ -118.442199330721451, 53.852951136779957 ], [ -118.492199330721448, 53.852951136779957 ], [ -118.492199330721448, 53.80295113677996 ] ] ] } },
{ "type": "Feature", "properties": { "value": 2, "label": "AQHI 2", "color": "#0099cb", "timestamp": "2026-09-16 17:00:00", "generated_at": "2026-09-16T23:31:17.755149", "nearest_km": 105.52229520234798, "n_points": 2, "weight_sum": 0.00017205023876800464, "confidence": "Low", "flagged": false }, "geometry": { "type": "Polygon", "coordinates": [ [ [ -118.442199330721451, 53.80295113677996 ], [ -118.392199330721454, 53.80295113677996 ], [ -118.392199330721454, 53.852951136779957 ], [ -118.442199330721451, 53.852951136779957 ], [ -118.442199330721451, 53.80295113677996 ] ] ] } },
{ "type": "Feature", "properties": { "value": 2, "label": "AQHI 2", "color": "#0099cb", "timestamp": "2026-09-16 17:00:00", "generated_at": "2026-09-16T23:31:17.755149", "nearest_km": 100.54411840306534, "n_points": 2, "weight_sum": 0.00018397102970404874, "confidence": "Low", "flagged": false }, "geometry": { "type": "Polygon", "coordinates": [ [ [ -118.392199330721454, 53.80295113677996 ], [ -118.342199330721456, 53.80295113677996 ], [ -118.342199330721456, 53.852951136779957 ], [ -118.392199330721454, 53.852951136779957 ], [ -118.392199330721454, 53.80295113677996 ] ] ] } },
{ "type": "Feature", "properties": { "value": 2, "label": "AQHI 2", "color": "#0099cb", "timestamp": "2026-09-16 17:00:00", "generated_at": "2026-09-16T23:31:17.755149", "nearest_km": 95.628916683855437, "n_points": 2, "weight_sum": 0.00019693197517791939, "confidence": "Low", "flagged": false }, "geometry": { "type": "Polygon", "coordinates": [ [ [ -118.342199330721456, 53.80295113677996 ], [ -118.292199330721459, 53.80295113677996 ], [ -118.292199330721459, 53.852951136779957 ], [ -118.342199330721456, 53.852951136779957 ], [ -118.342199330721456, 53.80295113677996 ] ] ] } },
{ "type": "Feature", "properties": { "value": 2, "label": "AQHI 2", "color": "#0099cb", "timestamp": "2026-09-16 17:00:00", "generated_at": "2026-09-16T23:31:17.755149", "nearest_km": 90.786919029152571, "n_points": 2, "weight_sum": 0.00021109404535691239, "confidence": "Low", "flagged": false }, "geometry": { "type": "Polygon", "coordinates": [ [ [ -118.292199330721459, 53.80295113677996 ], [ -118.242199330721462, 53.80295113677996 ], [ -118.242199330721462, 53.852951136779957 ], [ -118.292199330721459, 53.852951136779957 ], [ -118.292199330721459, 53.80295113677996 ] ] ] } },
{ "type": "Feature", "properties": { "value": 2, "label": "AQHI 2", "color": "#0099cb", "timestamp": "2026-09-16 17:00:00", "generated_at": "2026-09-16T23:31:17.755149", "nearest_km": 86.030486616571196, "n_points": 3, "weight_sum": 0.00027239808529060295, "confidence": "Low", "flagged": false }, "geometry": { "type": "Polygon", "coordinates": [ [ [ -118.242199330721462, 53.80295113677996 ], [ -118.192199330721465, 53.80295113677996 ], [ -118.192199330721465, 53.852951136779957 ], [ -118.242199330721462, 53.852951136779957 ], [ -118.242199330721462, 53.80295113677996 ] ] ] } },
{ "type": "Feature", "properties": { "value": 2, "label": "AQHI 2", "color": "#0099cb", "timestamp": "2026-09-16 17:00:00", "generated_at": "2026-09-16T23:31:17.755149", "nearest_km": 81.374624964801896, "n_points": 3, "weight_sum": 0.00029271780192734837, "confidence": "Low", "flagged": false }, "geometry": { "type": "Polygon", "coordinates": [ [ [ -118.192199330721465, 53.80295113677996 ], [ -118.142199330721468, 53.80295113677996 ], [ -118.142199330721468, 53.852951136779957 ], [ -118.192199330721465, 53.852951136779957 ], [ -118.192199330721465, 53.80295113677996 ] ] ] } },
{ "type": "Feature", "properties": { "value": 2, "label": "AQHI 2", "color": "#0099cb", "timestamp": "2026-09-16 17:00:00", "generated_at": "2026-09-16T23:31:17.755149", "nearest_km": 76.837618058085823, "n_points": 3, "weight_sum": 0.00031527144380091838, "confidence": "Low", "flagged": false }, "geometry": { "type": "Polygon", "coordinates": [ [ [ -118.142199330721468, 53.80295113677996 ], [ -118.092199330721471, 53.80295113677996 ], [ -118.092199330721471, 53.852951136779957 ], [ -118.142199330721468, 53.852951136779957 ], [ -118.142199330721468, 53.80295113677996 ] ] ] } },
{ "type": "Feature", "properties": { "value": 2, "label": "AQHI 2", "color": "#0099cb", "timestamp": "2026-09-16 17:00:00", "generated_at": "2026-09-16T23:31:17.755149", "nearest_km": 72.441800843976722, "n_points": 3, "weight_sum": 0.00034042109200492574, "confidence": "Medium", "flagged": false }, "geometry": { "type": "Polygon", "coordinates": [ [ [ -118.092199330721471, 53.80295113677996 ], [ -118.042199330721473, 53.80295113677996 ], [ -118.042199330721473, 53.852951136779957 ], [ -118.092199330721471, 53.852951136779957 ], [ -118.092199330721471, 53.80295113677996 ] ] ] } },
{ "type": "Feature", "properties": { "value": 2, "label": "AQHI 2", "color": "#0099cb", "timestamp": "2026-09-16 17:00:00", "generated_at": "2026-09-16T23:31:17.755149", "nearest_km": 68.214474052040373, "n_points": 3, "weight_sum": 0.00036853808112961666, "confidence": "Medium", "flagged": false }, "geometry": { "type": "Polygon", "coordinates": [ [ [ -118.042199330721473, 53.80295113677996 ], [ -117.992199330721476, 53.80295113677996 ], [ -117.992199330721476, 53.852951136779957 ], [ -118.042199330721473, 53.852951136779957 ], [ -118.042199330721473, 53.80295113677996 ] ] ] } },
{ "type": "Feature", "properties": { "value": 2, "label": "AQHI 2", "color": "#0099cb", "timestamp": "2026-09-16 17:00:00", "generated_at": "2026-09-16T23:31:17.755149", "nearest_km": 64.18893542406343, "n_points": 4, "weight_sum": 0.00044632289259650948, "confidence": "Medium", "flagged": false }, "geometry": { "type": "Polygon", "coordinates": [ [ [ -117.992199330721476, 53.80295113677996 ], [ -117.942199330721479, 53.80295113677996 ], [ -117.942199330721479, 53.852951136779957 ], [ -117.992199330721476, 53.852951136779957 ], [ -117.992199330721476, 53.80295113677996 ] ] ] } },
{ "type": "Feature", "properties": { "value": 2, "label": "AQHI 2", "color": "#0099cb", "timestamp": "2026-09-16 17:00:00", "generated_at": "2026-09-16T23:31:17.755149", "nearest_km": 60.4055410666329, "n_points": 4, "weight_sum": 0.00048446304894061846, "confidence": "Medium", "flagged": false }, "geometry": { "type": "Polygon", "coordinates": [ [ [ -117.942199330721479, 53.80295113677996 ], [ -117.892199330721482, 53.80295113677996 ], [ -117.892199330721482, 53.852951136779957 ], [ -117.942199330721479, 53.852951136779957 ], [ -117.942199330721479, 53.80295113677996 ] ] ] } },
{ "type": "Feature", "properties": { "value": 2, "label": "AQHI 2", "color": "#0099cb", "timestamp": "2026-09-16 17:00:00", "generated_at": "2026-09-16T23:31:17.755149", "nearest_km": 56.912602753966148, "n_points": 4, "weight_sum": 0.00052621476270160456, "confidence": "Medium", "flagged": false }, "geometry": { "type": "Polygon", "coordinates": [ [ [ -117.892199330721482, 53.80295113677996 ], [ -117.842199330721485, 53.80295113677996 ], [ -117.842199330721485, 53.852951136779957 ], [ -117.892199330721482, 53.852951136779957 ], [ -117.892199330721482, 53.80295113677996 ] ] ] } },
{ "type": "Feature", "properties": { "value": 2, "label": "AQHI 2", "color": "#0099cb", "timestamp": "2026-09-16 17:00:00", "generated_at": "2026-09-16T23:31:17.755149", "nearest_km": 53.766758437800867, "n_points": 4, "weight_sum": 0.00057089334209004189, "confidence": "Medium", "flagged": false }, "geometry": { "type": "Polygon", "coordinates": [ [ [ -117.842199330721485, 53.80295113677996 ], [ -117.792199330721488, 53.80295113677996 ], [ -117.792199330721488, 53.852951136779957 ], [ -117.842199330721485, 53.852951136779957 ], [ -117.842199330721485, 53.80295113677996 ] ] ] } },
{ "type": "Feature", "properties": { "value": 2, "label": "AQHI 2", "color": "#0099cb", "timestamp": "2026-09-16 17:00:00", "generated_at": "2026-09-16T23:31:17.755149", "nearest_km": 51.032237591417626, "n_points": 4, "weight_sum": 0.00061699600784664659, "confidence": "Medium", "flagged": false }, "geometry": { "type": "Polygon", "coordinates": [ [ [ -117.792199330721488, 53.80295113677996 ], [ -117.74219933072149, 53.80295113677996 ], [ -117.74219933072149, 53.852951136779957 ], [ -117.792199330721488, 53.852951136779957 ], [ -117.792199330721488, 53.80295113677996 ] ] ] } },
{ "type": "Feature", "properties": { "value": 2, "label": "AQHI 2", "color": "#0099cb", "timestamp": "2026-09-16 17:00:00", "generated_at": "2026-09-16T23:31:17.755149", "nearest_km": 48.778266003056721, "n_points": 4, "weight_sum": 0.00066201263074208553, "confidence": "Medium", "flagged": false }, "geometry": { "type": "Polygon", "coordinates": [ [ [ -117.74219933072149, 53.80295113677996 ], [ -117.692199330721493, 53.80295113677996 ], [ -117.692199330721493, 53.852951136779957 ], [ -117.74219933072149, 53.852951136779957 ], [ -117.74219933072149, 53.80295113677996 ] ] ] } },
{ "type": "Feature", "properties": { "value": 2, "label": "AQHI 2", "color": "#0099cb", "timestamp": "2026-09-16 17:00:00", "generated_at": "2026-09-16T23:31:17.755149", "nearest_km": 47.07392266364694, "n_points": 5, "weight_sum": 0.00074935105427162028, "confidence": "Medium", "flagged": false }, "geometry": { "type": "Polygon", "coordinates": [ [ [ -117.692199330721493, 53.80295113677996 ], [ -117.642199330721496, 53.80295113677996 ], [ -117.642199330721496, 53.852951136779957 ], [ -117.692199330721493, 53.852951136779957 ], [ -117.692199330721493, 53.80295113677996 ] ] ] } },
{ "type": "Feature", "properties": { "value": 2, "label": "AQHI 2", "color": "#0099cb", "timestamp": "2026-09-16 17:00:00", "generated_at": "2026-09-16T23:31:17.755149", "nearest_km": 45.980367067054388, "n_points": 5, "weight_sum": 0.00078518686863725793, "confidence": "Medium", "flagged": false }, "geometry": { "type": "Polygon", "coordinates": [ [ [ -117.642199330721496, 53.80295113677996 ], [ -117.592199330721499, 53.80295113677996 ], [ -117.592199330721499, 53.852951136779957 ], [ -117.642199330721496, 53.852951136779957 ], [ -117.642199330721496, 53.80295113677996 ] ] ] } },
{ "type": "Feature", "properties": { "value": 2, "label": "AQHI 2", "color": "#0099cb", "timestamp": "2026-09-16 17:00:00", "generated_at": "2026-09-16T23:31:17.755149", "nearest_km": 45.541619605577267, "n_points": 5, "weight_sum": 0.00080988020885534309, "confidence": "Medium", "flagged": false }, "geometry": { "type": "Polygon", "coordinates": [ [ [ -117.592199330721499, 53.80295113677996 ], [ -117.542199330721502, 53.80295113677996 ], [ -117.542199330721502, 53.852951136779957 ], [ -117.592199330721499, 53.852951136779957 ], [ -117.592199330721499, 53.80295113677996 ] ] ] } },
{ "type": "Feature", "properties": { "value": 2, "label": "AQHI 2", "color": "#0099cb", "timestamp": "2026-09-16 17:00:00", "generated_at": "2026-09-16T23:31:17.755149", "nearest_km": 45.776512284982267, "n_points": 5, "weight_sum": 0.00082200797238808892, "confidence": "Medium", "flagged": false }, "geometry": { "type": "Polygon", "coordinates": [ [ [ -117.542199330721502, 53.80295113677996 ], [ -117.492199330721505, 53.80295113677996 ], [ -117.492199330721505, 53.852951136779957 ], [ -117.542199330721502, 53.852951136779957 ], [ -117.542199330721502, 53.80295113677996 ] ] ] } },
{ "type": "Feature", "properties": { "value": 2, "label": "AQHI 2", "color": "#0099cb", "timestamp": "2026-09-16 17:00:00", "generated_at": "2026-09-16T23:31:17.755149", "nearest_km": 46.674875871877347, "n_points": 5, "weight_sum": 0.00082247449145915539, "confidence": "Medium", "flagged": false }, "geometry": { "type": "Polygon", "coordinates": [ [ [ -117.492199330721505, 53.80295113677996 ], [ -117.442199330721508, 53.80295113677996 ], [ -117.442199330721508, 53.852951136779957 ], [ -117.492199330721505, 53.852951136779957 ], [ -117.492199330721505, 53.80295113677996 ] ] ] } },
{ "type": "Feature", "properties": { "value": 2, "label": "AQHI 2", "color": "#0099cb", "timestamp": "2026-09-16 17:00:00", "generated_at": "2026-09-16T23:31:17.755149", "nearest_km": 48.199626537279073, "n_points": 5, "weight_sum": 0.00081417291967066747, "confidence": "Medium", "flagged": false }, "geometry": { "type": "Polygon", "coordinates": [ [ [ -117.442199330721508, 53.80295113677996 ], [ -117.39219933072151, 53.80295113677996 ], [ -117.39219933072151, 53.852951136779957 ], [ -117.442199330721508, 53.852951136779957 ], [ -117.442199330721508, 53.80295113677996 ] ] ] } },
{ "type": "Feature", "properties": { "value": 2, "label": "AQHI 2", "color": "#0099cb", "timestamp": "2026-09-16 17:00:00", "generated_at": "2026-09-16T23:31:17.755149", "nearest_km": 50.29382625145147, "n_points": 5, "weight_sum": 0.00080094741819612453, "confidence": "Medium", "flagged": false }, "geometry": { "type": "Polygon", "coordinates": [ [ [ -117.39219933072151, 53.80295113677996 ], [ -117.342199330721513, 53.80295113677996 ], [ -117.342199330721513, 53.852951136779957 ], [ -117.39219933072151, 53.852951136779957 ], [ -117.39219933072151, 53.80295113677996 ] ] ] } },
{ "type": "Feature", "properties": { "value": 2, "label": "AQHI 2", "color": "#0099cb", "timestamp": "2026-09-16 17:00:00", "generated_at": "2026-09-16T23:31:17.755149", "nearest_km": 52.889875398692276, "n_points": 5, "weight_sum": 0.00078648228055841853, "confidence": "Medium", "flagged": false }, "geometry": { "type": "Polygon", "coordinates": [ [ [ -117.342199330721513, 53.80295113677996 ], [ -117.292199330721516, 53.80295113677996 ], [ -117.292199330721516, 53.852951136779957 ], [ -117.342199330721513, 53.852951136779957 ], [ -117.342199330721513, 53.80295113677996 ] ] ] } },
{ "type": "Feature", "properties": { "value": 2, "label": "AQHI 2", "color": "#0099cb", "timestamp": "2026-09-16 17:00:00", "generated_at": "2026-09-16T23:31:17.755149", "nearest_km": 55.91792092314585, "n_points": 5, "weight_sum": 0.00077360629156040649, "confidence": "Medium", "flagged": false }, "geometry": { "type": "Polygon", "coordinates": [ [ [ -117.292199330721516, 53.80295113677996 ], [ -117.242199330721519, 53.80295113677996 ], [ -117.242199330721519, 53.852951136779957 ], [ -117.292199330721516, 53.852951136779957 ], [ -117.292199330721516, 53.80295113677996 ] ] ] } },
{ "type": "Feature", "properties": { "value": 2, "label": "AQHI 2", "color": "#0099cb", "timestamp": "2026-09-16 17:00:00", "generated_at": "2026-09-16T23:31:17.755149", "nearest_km": 59.311835589915638, "n_points": 5, "weight_sum": 0.00076410738318638581, "confidence": "Medium", "flagged": false }, "geometry": { "type": "Polygon", "coordinates": [ [ [ -117.242199330721519, 53.80295113677996 ], [ -117.192199330721522, 53.80295113677996 ], [ -117.192199330721522, 53.852951136779957 ], [ -117.242199330721519, 53.852951136779957 ], [ -117.242199330721519, 53.80295113677996 ] ] ] } },
{ "type": "Feature", "properties": { "value": 2, "label": "AQHI 2", "color": "#0099cb", "timestamp": "2026-09-16 17:00:00", "generated_at": "2026-09-16T23:31:17.755149", "nearest_km": 63.012528926580679, "n_points": 5, "weight_sum": 0.00075889096367895079, "confidence": "Medium", "flagged": false }, "geometry": { "type": "Polygon", "coordinates": [ [ [ -117.192199330721522, 53.80295113677996 ], [ -117.142199330721525, 53.80295113677996 ], [ -117.142199330721525, 53.852951136779957 ], [ -117.192199330721522, 53.852951136779957 ], [ -117.192199330721522, 53.80295113677996 ] ] ] } },
{ "type": "Feature", "properties": { "value": 2, "label": "AQHI 2", "color": "#0099cb", "timestamp": "2026-09-16 17:00:00", "generated_at": "2026-09-16T23:31:17.755149", "nearest_km": 66.969162772138219, "n_points": 5, "weight_sum": 0.00075827699312435055, "confidence": "Medium", "flagged": false }, "geometry": { "type": "Polygon", "coordinates": [ [ [ -117.142199330721525, 53.80295113677996 ], [ -117.092199330721527, 53.80295113677996 ], [ -117.092199330721527, 53.852951136779957 ], [ -117.142199330721525, 53.852951136779957 ], [ -117.142199330721525, 53.80295113677996 ] ] ] } },
{ "type": "Feature", "properties": { "value": 2, "label": "AQHI 2", "color": "#0099cb", "timestamp": "2026-09-16 17:00:00", "generated_at": "2026-09-16T23:31:17.755149", "nearest_km": 71.139044996957281, "n_points": 4, "weight_sum": 0.00071872417224118552, "confidence": "Medium", "flagged": false }, "geometry": { "type": "Polygon", "coordinates": [ [ [ -117.092199330721527, 53.80295113677996 ], [ -117.04219933072153, 53.80295113677996 ], [ -117.04219933072153, 53.852951136779957 ], [ -117.092199330721527, 53.852951136779957 ], [ -117.092199330721527, 53.80295113677996 ] ] ] } },
{ "type": "Feature", "properties": { "value": 2, "label": "AQHI 2", "color": "#0099cb", "timestamp": "2026-09-16 17:00:00", "generated_at": "2026-09-16T23:31:17.755149", "nearest_km": 70.6628965466209, "n_points": 4, "weight_sum": 0.0007296942604889231, "confidence": "Medium", "flagged": false }, "geometry": { "type": "Polygon", "coordinates": [ [ [ -117.04219933072153, 53.80295113677996 ], [ -116.992199330721533, 53.80295113677996 ], [ -116.992199330721533, 53.852951136779957 ], [ -117.04219933072153, 53.852951136779957 ], [ -117.04219933072153, 53.80295113677996 ] ] ] } },
{ "type": "Feature", "properties": { "value": 2, "label": "AQHI 2", "color": "#0099cb", "timestamp": "2026-09-16 17:00:00", "generated_at": "2026-09-16T23:31:17.755149", "nearest_km": 68.828148028088449, "n_points": 4, "weight_sum": 0.00074544802520099614, "confidence": "Medium", "flagged": false }, "geometry": { "type": "Polygon", "coordinates": [ [ [ -116.992199330721533, 53.80295113677996 ], [ -116.942199330721536, 53.80295113677996 ], [ -116.942199330721536, 53.852951136779957 ], [ -116.992199330721533, 53.852951136779957 ], [ -116.992199330721533, 53.80295113677996 ] ] ] } },
{ "type": "Feature", "properties": { "value": 2, "label": "AQHI 2", "color": "#0099cb", "timestamp": "2026-09-16 17:00:00", "generated_at": "2026-09-16T23:31:17.755149", "nearest_km": 65.262628315169465, "n_points": 4, "weight_sum": 0.00076667780644449528, "confidence": "Medium", "flagged": false }, "geometry": { "type": "Polygon", "coordinates": [ [ [ -116.942199330721536, 53.80295113677996 ], [ -116.892199330721539, 53.80295113677996 ], [ -116.892199330721539, 53.852951136779957 ], [ -116.942199330721536, 53.852951136779957 ], [ -116.942199330721536, 53.80295113677996 ] ] ] } },
{ "type": "Feature", "properties": { "value": 2, "label": "AQHI 2", "color": "#0099cb", "timestamp": "2026-09-16 17:00:00", "generated_at": "2026-09-16T23:31:17.755149", "nearest_km": 60.108827413467296, "n_points": 4, "weight_sum": 0.00079477560226504226, "confidence": "Medium", "flagged": false }, "geometry": { "type": "Polygon", "coordinates": [ [ [ -116.892199330721539, 53.80295113677996 ], [ -116.842199330721542, 53.80295113677996 ], [ -116.842199330721542, 53.852951136779957 ], [ -116.892199330721539, 53.852951136779957 ], [ -116.892199330721539, 53.80295113677996 ] ] ] } },
{ "type": "Feature", "properties": { "value": 2, "label": "AQHI 2", "color": "#0099cb", "timestamp": "2026-09-16 17:00:00", "generated_at": "2026-09-16T23:31:17.755149", "nearest_km": 55.032141621420031, "n_points": 4, "weight_sum": 0.00083215102948084522, "confidence": "Medium", "flagged": false }, "geometry": { "type": "Polygon", "coordinates": [ [ [ -116.842199330721542, 53.80295113677996 ], [ -116.792199330721544, 53.80295113677996 ], [ -116.792199330721544, 53.852951136779957 ], [ -116.842199330721542, 53.852951136779957 ], [ -116.842199330721542, 53.80295113677996 ] ] ] } },
{ "type": "Feature", "properties": { "value": 2, "label": "AQHI 2", "color": "#0099cb", "timestamp": "2026-09-16 17:00:00", "generated_at": "2026-09-16T23:31:17.755149", "nearest_km": 50.056039494331309, "n_points": 4, "weight_sum": 0.0008826298388913146, "confidence": "Medium", "flagged": false }, "geometry": { "type": "Polygon", "coordinates": [ [ [ -116.792199330721544, 53.80295113677996 ], [ -116.742199330721547, 53.80295113677996 ], [ -116.742199330721547, 53.852951136779957 ], [ -116.792199330721544, 53.852951136779957 ], [ -116.792199330721544, 53.80295113677996 ] ] ] } },
{ "type": "Feature", "properties": { "value": 2, "label": "AQHI 2", "color": "#0099cb", "timestamp": "2026-09-16 17:00:00", "generated_at": "2026-09-16T23:31:17.755149", "nearest_km": 45.213743134981357, "n_points": 4, "weight_sum": 0.0009519164588221101, "confidence": "Medium", "flagged": false }, "geometry": { "type": "Polygon", "coordinates": [ [ [ -116.742199330721547, 53.80295113677996 ], [ -116.69219933072155, 53.80295113677996 ], [ -116.69219933072155, 53.852951136779957 ], [ -116.742199330721547, 53.852951136779957 ], [ -116.742199330721547, 53.80295113677996 ] ] ] } },
{ "type": "Feature", "properties": { "value": 2, "label": "AQHI 2", "color": "#0099cb", "timestamp": "2026-09-16 17:00:00", "generated_at": "2026-09-16T23:31:17.755149", "nearest_km": 40.553212532351672, "n_points": 4, "weight_sum": 0.0010479981300946669, "confidence": "Medium", "flagged": false }, "geometry": { "type": "Polygon", "coordinates": [ [ [ -116.69219933072155, 53.80295113677996 ], [ -116.642199330721553, 53.80295113677996 ], [ -116.642199330721553, 53.852951136779957 ], [ -116.69219933072155, 53.852951136779957 ], [ -116.69219933072155, 53.80295113677996 ] ] ] } },
{ "type": "Feature", "properties": { "value": 2, "label": "AQHI 2", "color": "#0099cb", "timestamp": "2026-09-16 17:00:00", "generated_at": "2026-09-16T23:31:17.755149", "nearest_km": 36.144827086487624, "n_points": 4, "weight_sum": 0.0011810292690165401, "confidence": "Medium", "flagged": false }, "geometry": { "type": "Polygon", "coordinates": [ [ [ -116.642199330721553, 53.80295113677996 ], [ -116.592199330721556, 53.80295113677996 ], [ -116.592199330721556, 53.852951136779957 ], [ -116.642199330721553, 53.852951136779957 ], [ -116.642199330721553, 53.80295113677996 ] ] ] } },
{ "type": "Feature", "properties": { "value": 2, "label": "AQHI 2", "color": "#0099cb", "timestamp": "2026-09-16 17:00:00", "generated_at": "2026-09-16T23:31:17.755149", "nearest_km": 32.092662767836607, "n_points": 4, "weight_sum": 0.001361286664435921, "confidence": "Medium", "flagged": false }, "geometry": { "type": "Polygon", "coordinates": [ [ [ -116.592199330721556, 53.80295113677996 ], [ -116.542199330721559, 53.80295113677996 ], [ -116.542199330721559, 53.852951136779957 ], [ -116.592199330721556, 53.852951136779957 ], [ -116.592199330721556, 53.80295113677996 ] ] ] } },
{ "type": "Feature", "properties": { "value": 2, "label": "AQHI 2", "color": "#0099cb", "timestamp": "2026-09-16 17:00:00", "generated_at": "2026-09-16T23:31:17.755149", "nearest_km": 28.548808765832529, "n_points": 4, "weight_sum": 0.0015917984774837407, "confidence": "Medium", "flagged": false }, "geometry": { "type": "Polygon", "coordinates": [ [ [ -116.542199330721559, 53.80295113677996 ], [ -116.492199330721562, 53.80295113677996 ], [ -116.492199330721562, 53.852951136779957 ], [ -116.542199330721559, 53.852951136779957 ], [ -116.542199330721559, 53.80295113677996 ] ] ] } },
{ "type": "Feature", "properties": { "value": 2, "label": "AQHI 2", "color": "#0099cb", "timestamp": "2026-09-16 17:00:00", "generated_at": "2026-09-16T23:31:17.755149", "nearest_km": 25.724209615964089, "n_points": 4, "weight_sum": 0.0018508622399937902, "confidence": "Medium", "flagged": false }, "geometry": { "type": "Polygon", "coordinates": [ [ [ -116.492199330721562, 53.80295113677996 ], [ -116.442199330721564, 53.80295113677996 ], [ -116.442199330721564, 53.852951136779957 ], [ -116.492199330721562, 53.852951136779957 ], [ -116.492199330721562, 53.80295113677996 ] ] ] } },
{ "type": "Feature", "properties": { "value": 2, "label": "AQHI 2", "color": "#0099cb", "timestamp": "2026-09-16 17:00:00", "generated_at": "2026-09-16T23:31:17.755149", "nearest_km": 23.875519654743339, "n_points": 4, "weight_sum": 0.0020695746244219315, "confidence": "High", "flagged": false }, "geometry": { "type": "Polygon", "coordinates": [ [ [ -116.442199330721564, 53.80295113677996 ], [ -116.392199330721567, 53.80295113677996 ], [ -116.392199330721567, 53.852951136779957 ], [ -116.442199330721564, 53.852951136779957 ], [ -116.442199330721564, 53.80295113677996 ] ] ] } },
{ "type": "Feature", "properties": { "value": 2, "label": "AQHI 2", "color": "#0099cb", "timestamp": "2026-09-16 17:00:00", "generated_at": "2026-09-16T23:31:17.755149", "nearest_km": 23.236843959582902, "n_points": 4, "weight_sum": 0.0021441181435573457, "confidence": "High", "flagged": false }, "geometry": { "type": "Polygon", "coordinates": [ [ [ -116.392199330721567, 53.80295113677996 ], [ -116.34219933072157, 53.80295113677996 ], [ -116.34219933072157, 53.852951136779957 ], [ -116.392199330721567, 53.852951136779957 ], [ -116.392199330721567, 53.80295113677996 ] ] ] } },
{ "type": "Feature", "properties": { "value": 2, "label": "AQHI 2", "color": "#0099cb", "timestamp": "2026-09-16 17:00:00", "generated_at": "2026-09-16T23:31:17.755149", "nearest_km": 23.905363323320699, "n_points": 4, "weight_sum": 0.0020201508965383298, "confidence": "High", "flagged": false }, "geometry": { "type": "Polygon", "coordinates": [ [ [ -116.34219933072157, 53.80295113677996 ], [ -116.292199330721573, 53.80295113677996 ], [ -116.292199330721573, 53.852951136779957 ], [ -116.34219933072157, 53.852951136779957 ], [ -116.34219933072157, 53.80295113677996 ] ] ] } },
{ "type": "Feature", "properties": { "value": 2, "label": "AQHI 2", "color": "#0099cb", "timestamp": "2026-09-16 17:00:00", "generated_at": "2026-09-16T23:31:17.755149", "nearest_km": 25.779582503173351, "n_points": 3, "weight_sum": 0.0017104932753707694, "confidence": "Medium", "flagged": false }, "geometry": { "type": "Polygon", "coordinates": [ [ [ -116.292199330721573, 53.80295113677996 ], [ -116.242199330721576, 53.80295113677996 ], [ -116.242199330721576, 53.852951136779957 ], [ -116.292199330721573, 53.852951136779957 ], [ -116.292199330721573, 53.80295113677996 ] ] ] } },
{ "type": "Feature", "properties": { "value": 2, "label": "AQHI 2", "color": "#0099cb", "timestamp": "2026-09-16 17:00:00", "generated_at": "2026-09-16T23:31:17.755149", "nearest_km": 28.623632761336737, "n_points": 3, "weight_sum": 0.00141050938765852, "confidence": "Medium", "flagged": false }, "geometry": { "type": "Polygon", "coordinates": [ [ [ -116.242199330721576, 53.80295113677996 ], [ -116.192199330721579, 53.80295113677996 ], [ -116.192199330721579, 53.852951136779957 ], [ -116.242199330721576, 53.852951136779957 ], [ -116.242199330721576, 53.80295113677996 ] ] ] } },
{ "type": "Feature", "properties": { "value": 2, "label": "AQHI 2", "color": "#0099cb", "timestamp": "2026-09-16 17:00:00", "generated_at": "2026-09-16T23:31:17.755149", "nearest_km": 32.181405048161132, "n_points": 4, "weight_sum": 0.001186046673701415, "confidence": "Medium", "flagged": false }, "geometry": { "type": "Polygon", "coordinates": [ [ [ -116.192199330721579, 53.80295113677996 ], [ -116.142199330721581, 53.80295113677996 ], [ -116.142199330721581, 53.852951136779957 ], [ -116.192199330721579, 53.852951136779957 ], [ -116.192199330721579, 53.80295113677996 ] ] ] } },
{ "type": "Feature", "properties": { "value": 2, "label": "AQHI 2", "color": "#0099cb", "timestamp": "2026-09-16 17:00:00", "generated_at": "2026-09-16T23:31:17.755149", "nearest_km": 36.243320892155353, "n_points": 4, "weight_sum": 0.00097155497280381625, "confidence": "Medium", "flagged": false }, "geometry": { "type": "Polygon", "coordinates": [ [ [ -116.142199330721581, 53.80295113677996 ], [ -116.092199330721584, 53.80295113677996 ], [ -116.092199330721584, 53.852951136779957 ], [ -116.142199330721581, 53.852951136779957 ], [ -116.142199330721581, 53.80295113677996 ] ] ] } },
{ "type": "Feature", "properties": { "value": 2, "label": "AQHI 2", "color": "#0099cb", "timestamp": "2026-09-16 17:00:00", "generated_at": "2026-09-16T23:31:17.755149", "nearest_km": 40.658563522457015, "n_points": 4, "weight_sum": 0.000806481556287073, "confidence": "Medium", "flagged": false }, "geometry": { "type": "Polygon", "coordinates": [ [ [ -116.092199330721584, 53.80295113677996 ], [ -116.042199330721587, 53.80295113677996 ], [ -116.042199330721587, 53.852951136779957 ], [ -116.092199330721584, 53.852951136779957 ], [ -116.092199330721584, 53.80295113677996 ] ] ] } },
{ "type": "Feature", "properties": { "value": 2, "label": "AQHI 2", "color": "#0099cb", "timestamp": "2026-09-16 17:00:00", "generated_at": "2026-09-16T23:31:17.755149", "nearest_km": 45.323992168911957, "n_points": 4, "weight_sum": 0.00068108333730346269, "confidence": "Medium", "flagged": false }, "geometry": { "type": "Polygon", "coordinates": [ [ [ -116.042199330721587, 53.80295113677996 ], [ -115.99219933072159, 53.80295113677996 ], [ -115.99219933072159, 53.852951136779957 ], [ -116.042199330721587, 53.852951136779957 ], [ -116.042199330721587, 53.80295113677996 ] ] ] } },
{ "type": "Feature", "properties": { "value": 2, "label": "AQHI 2", "color": "#0099cb", "timestamp": "2026-09-16 17:00:00", "generated_at": "2026-09-16T23:31:17.755149", "nearest_km": 50.169858924911324, "n_points": 4, "weight_sum": 0.00058571025832379565, "confidence": "Medium", "flagged": false }, "geometry": { "type": "Polygon", "coordinates": [ [ [ -115.99219933072159, 53.80295113677996 ], [ -115.942199330721593, 53.80295113677996 ], [ -115.942199330721593, 53.852951136779957 ], [ -115.99219933072159, 53.852951136779957 ], [ -115.99219933072159, 53.80295113677996 ] ] ] } },
{ "type": "Feature", "properties": { "value": 2, "label": "AQHI 2", "color": "#0099cb", "timestamp": "2026-09-16 17:00:00", "generated_at": "2026-09-16T23:31:17.755149", "nearest_km": 55.148619411218363, "n_points": 4, "weight_sum": 0.00051269410842826242, "confidence": "Medium", "flagged": false }, "geometry": { "type": "Polygon", "coordinates": [ [ [ -115.942199330721593, 53.80295113677996 ], [ -115.892199330721596, 53.80295113677996 ], [ -115.892199330721596, 53.852951136779957 ], [ -115.942199330721593, 53.852951136779957 ], [ -115.942199330721593, 53.80295113677996 ] ] ] } },
{ "type": "Feature", "properties": { "value": 2, "label": "AQHI 2", "color": "#0099cb", "timestamp": "2026-09-16 17:00:00", "generated_at": "2026-09-16T23:31:17.755149", "nearest_km": 60.227325205269658, "n_points": 3, "weight_sum": 0.00041337212583325079, "confidence": "Medium", "flagged": false }, "geometry": { "type": "Polygon", "coordinates": [ [ [ -115.892199330721596, 53.80295113677996 ], [ -115.842199330721598, 53.80295113677996 ], [ -115.842199330721598, 53.852951136779957 ], [ -115.892199330721596, 53.852951136779957 ], [ -115.892199330721596, 53.80295113677996 ] ] ] } },
{ "type": "Feature", "properties": { "value": 2, "label": "AQHI 2", "color": "#0099cb", "timestamp": "2026-09-16 17:00:00", "generated_at": "2026-09-16T23:31:17.755149", "nearest_km": 65.382690215371227, "n_points": 3, "weight_sum": 0.00037233916727257753, "confidence": "Medium", "flagged": false }, "geometry": { "type": "Polygon", "coordinates": [ [ [ -115.842199330721598, 53.80295113677996 ], [ -115.792199330721601, 53.80295113677996 ], [ -115.792199330721601, 53.852951136779957 ], [ -115.842199330721598, 53.852951136779957 ], [ -115.842199330721598, 53.80295113677996 ] ] ] } },
{ "type": "Feature", "properties": { "value": 2, "label": "AQHI 2", "color": "#0099cb", "timestamp": "2026-09-16 17:00:00", "generated_at": "2026-09-16T23:31:17.755149", "nearest_km": 70.597922478052325, "n_points": 3, "weight_sum": 0.0003408590195522821, "confidence": "Medium", "flagged": false }, "geometry": { "type": "Polygon", "coordinates": [ [ [ -115.792199330721601, 53.80295113677996 ], [ -115.742199330721604, 53.80295113677996 ], [ -115.742199330721604, 53.852951136779957 ], [ -115.792199330721601, 53.852951136779957 ], [ -115.792199330721601, 53.80295113677996 ] ] ] } },
{ "type": "Feature", "properties": { "value": 2, "label": "AQHI 2", "color": "#0099cb", "timestamp": "2026-09-16 17:00:00", "generated_at": "2026-09-16T23:31:17.755149", "nearest_km": 75.860675825060795, "n_points": 3, "weight_sum": 0.00031688142966323818, "confidence": "Low", "flagged": false }, "geometry": { "type": "Polygon", "coordinates": [ [ [ -115.742199330721604, 53.80295113677996 ], [ -115.692199330721607, 53.80295113677996 ], [ -115.692199330721607, 53.852951136779957 ], [ -115.742199330721604, 53.852951136779957 ], [ -115.742199330721604, 53.80295113677996 ] ] ] } },
{ "type": "Feature", "properties": { "value": 2, "label": "AQHI 2", "color": "#0099cb", "timestamp": "2026-09-16 17:00:00", "generated_at": "2026-09-16T23:31:17.755149", "nearest_km": 81.161706580460944, "n_points": 3, "weight_sum": 0.0002989286491915864, "confidence": "Low", "flagged": false }, "geometry": { "type": "Polygon", "coordinates": [ [ [ -115.692199330721607, 53.80295113677996 ], [ -115.64219933072161, 53.80295113677996 ], [ -115.64219933072161, 53.852951136779957 ], [ -115.692199330721607, 53.852951136779957 ], [ -115.692199330721607, 53.80295113677996 ] ] ] } },
{ "type": "Feature", "properties": { "value": 2, "label": "AQHI 2", "color": "#0099cb", "timestamp": "2026-09-16 17:00:00", "generated_at": "2026-09-16T23:31:17.755149", "nearest_km": 86.493977209229442, "n_points": 3, "weight_sum": 0.00028592206351689257, "confidence": "Low", "flagged": false }, "geometry": { "type": "Polygon", "coordinates": [ [ [ -115.64219933072161, 53.80295113677996 ], [ -115.592199330721613, 53.80295113677996 ], [ -115.592199330721613, 53.852951136779957 ], [ -115.64219933072161, 53.852951136779957 ], [ -115.64219933072161, 53.80295113677996 ] ] ] } },
{ "type": "Feature", "properties": { "value": 2, "label": "AQHI 2", "color": "#0099cb", "timestamp": "2026-09-16 17:00:00", "generated_at": "2026-09-16T23:31:17.755149", "nearest_km": 91.852047183982549, "n_points": 2, "weight_sum": 0.00023277805065450419, "confidence": "Low", "flagged": false }, "geometry": { "type": "Polygon", "coordinates": [ [ [ -115.592199330721613, 53.80295113677996 ], [ -115.542199330721616, 53.80295113677996 ], [ -115.542199330721616, 53.852951136779957 ], [ -115.592199330721613, 53.852951136779957 ], [ -115.592199330721613, 53.80295113677996 ] ] ] } },
{ "type": "Feature", "properties": { "value": 2, "label": "AQHI 2", "color": "#0099cb", "timestamp": "2026-09-16 17:00:00", "generated_at": "2026-09-16T23:31:17.755149", "nearest_km": 89.629629883844771, "n_points": 2, "weight_sum": 0.00023025460129418609, "confidence": "Low", "flagged": false }, "geometry": { "type": "Polygon", "coordinates": [ [ [ -115.542199330721616, 53.80295113677996 ], [ -115.492199330721618, 53.80295113677996 ], [ -115.492199330721618, 53.852951136779957 ], [ -115.542199330721616, 53.852951136779957 ], [ -115.542199330721616, 53.80295113677996 ] ] ] } },
{ "type": "Feature", "properties": { "value": 2, "label": "AQHI 2", "color": "#0099cb", "timestamp": "2026-09-16 17:00:00", "generated_at": "2026-09-16T23:31:17.755149", "nearest_km": 85.88239781546001, "n_points": 2, "weight_sum": 0.00023052033152404903, "confidence": "Low", "flagged": false }, "geometry": { "type": "Polygon", "coordinates": [ [ [ -115.492199330721618, 53.80295113677996 ], [ -115.442199330721621, 53.80295113677996 ], [ -115.442199330721621, 53.852951136779957 ], [ -115.492199330721618, 53.852951136779957 ], [ -115.492199330721618, 53.80295113677996 ] ] ] } },
{ "type": "Feature", "properties": { "value": 2, "label": "AQHI 2", "color": "#0099cb", "timestamp": "2026-09-16 17:00:00", "generated_at": "2026-09-16T23:31:17.755149", "nearest_km": 82.338975922407784, "n_points": 3, "weight_sum": 0.00027854146948775465, "confidence": "Low", "flagged": false }, "geometry": { "type": "Polygon", "coordinates": [ [ [ -115.442199330721621, 53.80295113677996 ], [ -115.392199330721624, 53.80295113677996 ], [ -115.392199330721624, 53.852951136779957 ], [ -115.442199330721621, 53.852951136779957 ], [ -115.442199330721621, 53.80295113677996 ] ] ] } },
{ "type": "Feature", "properties": { "value": 2, "label": "AQHI 2", "color": "#0099cb", "timestamp": "2026-09-16 17:00:00", "generated_at": "2026-09-16T23:31:17.755149", "nearest_km": 79.026784430145995, "n_points": 3, "weight_sum": 0.0002864792912215354, "confidence": "Low", "flagged": false }, "geometry": { "type": "Polygon", "coordinates": [ [ [ -115.392199330721624, 53.80295113677996 ], [ -115.342199330721627, 53.80295113677996 ], [ -115.342199330721627, 53.852951136779957 ], [ -115.392199330721624, 53.852951136779957 ], [ -115.392199330721624, 53.80295113677996 ] ] ] } },
{ "type": "Feature", "properties": { "value": 2, "label": "AQHI 2", "color": "#0099cb", "timestamp": "2026-09-16 17:00:00", "generated_at": "2026-09-16T23:31:17.755149", "nearest_km": 75.976070961761877, "n_points": 3, "weight_sum": 0.00029631965897205706, "confidence": "Low", "flagged": false }, "geometry": { "type": "Polygon", "coordinates": [ [ [ -115.342199330721627, 53.80295113677996 ], [ -115.29219933072163, 53.80295113677996 ], [ -115.29219933072163, 53.852951136779957 ], [ -115.342199330721627, 53.852951136779957 ], [ -115.342199330721627, 53.80295113677996 ] ] ] } },
{ "type": "Feature", "properties": { "value": 2, "label": "AQHI 2", "color": "#0099cb", "timestamp": "2026-09-16 17:00:00", "generated_at": "2026-09-16T23:31:17.755149", "nearest_km": 73.219526495358991, "n_points": 3, "weight_sum": 0.00030761263054946813, "confidence": "Medium", "flagged": false }, "geometry": { "type": "Polygon", "coordinates": [ [ [ -115.29219933072163, 53.80295113677996 ], [ -115.242199330721633, 53.80295113677996 ], [ -115.242199330721633, 53.852951136779957 ], [ -115.29219933072163, 53.852951136779957 ], [ -115.29219933072163, 53.80295113677996 ] ] ] } },
{ "type": "Feature", "properties": { "value": 2, "label": "AQHI 2", "color": "#0099cb", "timestamp": "2026-09-16 17:00:00", "generated_at": "2026-09-16T23:31:17.755149", "nearest_km": 70.791523232817013, "n_points": 3, "weight_sum": 0.00031982415673393304, "confidence": "Medium", "flagged": false }, "geometry": { "type": "Polygon", "coordinates": [ [ [ -115.242199330721633, 53.80295113677996 ], [ -115.192199330721635, 53.80295113677996 ], [ -115.192199330721635, 53.852951136779957 ], [ -115.242199330721633, 53.852951136779957 ], [ -115.242199330721633, 53.80295113677996 ] ] ] } },
{ "type": "Feature", "properties": { "value": 2, "label": "AQHI 2", "color": "#0099cb", "timestamp": "2026-09-16 17:00:00", "generated_at": "2026-09-16T23:31:17.755149", "nearest_km": 68.726890392628405, "n_points": 3, "weight_sum": 0.00033233278967434568, "confidence": "Medium", "flagged": false }, "geometry": { "type": "Polygon", "coordinates": [ [ [ -115.192199330721635, 53.80295113677996 ], [ -115.142199330721638, 53.80295113677996 ], [ -115.142199330721638, 53.852951136779957 ], [ -115.192199330721635, 53.852951136779957 ], [ -115.192199330721635, 53.80295113677996 ] ] ] } },
{ "type": "Feature", "properties": { "value": 2, "label": "AQHI 2", "color": "#0099cb", "timestamp": "2026-09-16 17:00:00", "generated_at": "2026-09-16T23:31:17.755149", "nearest_km": 67.059198954790986, "n_points": 3, "weight_sum": 0.0003444553925467421, "confidence": "Medium", "flagged": false }, "geometry": { "type": "Polygon", "coordinates": [ [ [ -115.142199330721638, 53.80295113677996 ], [ -115.092199330721641, 53.80295113677996 ], [ -115.092199330721641, 53.852951136779957 ], [ -115.142199330721638, 53.852951136779957 ], [ -115.142199330721638, 53.80295113677996 ] ] ] } },
{ "type": "Feature", "properties": { "value": 2, "label": "AQHI 2", "color": "#0099cb", "timestamp": "2026-09-16 17:00:00", "generated_at": "2026-09-16T23:31:17.755149", "nearest_km": 65.81862856271097, "n_points": 3, "weight_sum": 0.00035550740033475539, "confidence": "Medium", "flagged": false }, "geometry": { "type": "Polygon", "coordinates": [ [ [ -115.092199330721641, 53.80295113677996 ], [ -115.042199330721644, 53.80295113677996 ], [ -115.042199330721644, 53.852951136779957 ], [ -115.092199330721641, 53.852951136779957 ], [ -115.092199330721641, 53.80295113677996 ] ] ] } },
{ "type": "Feature", "properties": { "value": 2, "label": "AQHI 2", "color": "#0099cb", "timestamp": "2026-09-16 17:00:00", "generated_at": "2026-09-16T23:31:17.755149", "nearest_km": 65.029628380408113, "n_points": 3, "weight_sum": 0.0003682170099914739, "confidence": "Medium", "flagged": false }, "geometry": { "type": "Polygon", "coordinates": [ [ [ -115.042199330721644, 53.80295113677996 ], [ -114.992199330721647, 53.80295113677996 ], [ -114.992199330721647, 53.852951136779957 ], [ -115.042199330721644, 53.852951136779957 ], [ -115.042199330721644, 53.80295113677996 ] ] ] } },
{ "type": "Feature", "properties": { "value": 2, "label": "AQHI 2", "color": "#0099cb", "timestamp": "2026-09-16 17:00:00", "generated_at": "2026-09-16T23:31:17.755149", "nearest_km": 64.708718645263247, "n_points": 3, "weight_sum": 0.00038216601290168685, "confidence": "Medium", "flagged": false }, "geometry": { "type": "Polygon", "coordinates": [ [ [ -114.992199330721647, 53.80295113677996 ], [ -114.94219933072165, 53.80295113677996 ], [ -114.94219933072165, 53.852951136779957 ], [ -114.992199330721647, 53.852951136779957 ], [ -114.992199330721647, 53.80295113677996 ] ] ] } },
{ "type": "Feature", "properties": { "value": 2, "label": "AQHI 2", "color": "#0099cb", "timestamp": "2026-09-16 17:00:00", "generated_at": "2026-09-16T23:31:17.755149", "nearest_km": 64.862847379140632, "n_points": 4, "weight_sum": 0.00043913570682337674, "confidence": "Medium", "flagged": false }, "geometry": { "type": "Polygon", "coordinates": [ [ [ -114.94219933072165, 53.80295113677996 ], [ -114.892199330721652, 53.80295113677996 ], [ -114.892199330721652, 53.852951136779957 ], [ -114.94219933072165, 53.852951136779957 ], [ -114.94219933072165, 53.80295113677996 ] ] ] } },
{ "type": "Feature", "properties": { "value": 2, "label": "AQHI 2", "color": "#0099cb", "timestamp": "2026-09-16 17:00:00", "generated_at": "2026-09-16T23:31:17.755149", "nearest_km": 65.488660633330539, "n_points": 4, "weight_sum": 0.00045279835831941832, "confidence": "Medium", "flagged": false }, "geometry": { "type": "Polygon", "coordinates": [ [ [ -114.892199330721652, 53.80295113677996 ], [ -114.842199330721655, 53.80295113677996 ], [ -114.842199330721655, 53.852951136779957 ], [ -114.892199330721652, 53.852951136779957 ], [ -114.892199330721652, 53.80295113677996 ] ] ] } },
{ "type": "Feature", "properties": { "value": 2, "label": "AQHI 2", "color": "#0099cb", "timestamp": "2026-09-16 17:00:00", "generated_at": "2026-09-16T23:31:17.755149", "nearest_km": 66.572857629557831, "n_points": 5, "weight_sum": 0.00051025544354058342, "confidence": "Medium", "flagged": false }, "geometry": { "type": "Polygon", "coordinates": [ [ [ -114.842199330721655, 53.80295113677996 ], [ -114.792199330721658, 53.80295113677996 ], [ -114.792199330721658, 53.852951136779957 ], [ -114.842199330721655, 53.852951136779957 ], [ -114.842199330721655, 53.80295113677996 ] ] ] } },
{ "type": "Feature", "properties": { "value": 2, "label": "AQHI 2", "color": "#0099cb", "timestamp": "2026-09-16 17:00:00", "generated_at": "2026-09-16T23:31:17.755149", "nearest_km": 144.0034584843267, "n_points": 2, "weight_sum": 9.4071724770873879e-05, "confidence": "Low", "flagged": false }, "geometry": { "type": "Polygon", "coordinates": [ [ [ -118.942199330721422, 53.852951136779957 ], [ -118.892199330721425, 53.852951136779957 ], [ -118.892199330721425, 53.902951136779954 ], [ -118.942199330721422, 53.902951136779954 ], [ -118.942199330721422, 53.852951136779957 ] ] ] } },
{ "type": "Feature", "properties": { "value": 2, "label": "AQHI 2", "color": "#0099cb", "timestamp": "2026-09-16 17:00:00", "generated_at": "2026-09-16T23:31:17.755149", "nearest_km": 140.42641483732822, "n_points": 2, "weight_sum": 9.684498038879907e-05, "confidence": "Low", "flagged": false }, "geometry": { "type": "Polygon", "coordinates": [ [ [ -118.892199330721425, 53.852951136779957 ], [ -118.842199330721428, 53.852951136779957 ], [ -118.842199330721428, 53.902951136779954 ], [ -118.892199330721425, 53.902951136779954 ], [ -118.892199330721425, 53.852951136779957 ] ] ] } },
{ "type": "Feature", "properties": { "value": 2, "label": "AQHI 2", "color": "#0099cb", "timestamp": "2026-09-16 17:00:00", "generated_at": "2026-09-16T23:31:17.755149", "nearest_km": 136.98089250944307, "n_points": 3, "weight_sum": 0.00014484236557738752, "confidence": "Low", "flagged": false }, "geometry": { "type": "Polygon", "coordinates": [ [ [ -118.842199330721428, 53.852951136779957 ], [ -118.792199330721431, 53.852951136779957 ], [ -118.792199330721431, 53.902951136779954 ], [ -118.842199330721428, 53.902951136779954 ], [ -118.842199330721428, 53.852951136779957 ] ] ] } },
{ "type": "Feature", "properties": { "value": 2, "label": "AQHI 2", "color": "#0099cb", "timestamp": "2026-09-16 17:00:00", "generated_at": "2026-09-16T23:31:17.755149", "nearest_km": 133.67706176192598, "n_points": 3, "weight_sum": 0.00015087443382439243, "confidence": "Low", "flagged": false }, "geometry": { "type": "Polygon", "coordinates": [ [ [ -118.792199330721431, 53.852951136779957 ], [ -118.742199330721434, 53.852951136779957 ], [ -118.742199330721434, 53.902951136779954 ], [ -118.792199330721431, 53.902951136779954 ], [ -118.792199330721431, 53.852951136779957 ] ] ] } },
{ "type": "Feature", "properties": { "value": 2, "label": "AQHI 2", "color": "#0099cb", "timestamp": "2026-09-16 17:00:00", "generated_at": "2026-09-16T23:31:17.755149", "nearest_km": 130.52568241507092, "n_points": 3, "weight_sum": 0.0001572058437245575, "confidence": "Low", "flagged": false }, "geometry": { "type": "Polygon", "coordinates": [ [ [ -118.742199330721434, 53.852951136779957 ], [ -118.692199330721436, 53.852951136779957 ], [ -118.692199330721436, 53.902951136779954 ], [ -118.742199330721434, 53.902951136779954 ], [ -118.742199330721434, 53.852951136779957 ] ] ] } },
{ "type": "Feature", "properties": { "value": 2, "label": "AQHI 2", "color": "#0099cb", "timestamp": "2026-09-16 17:00:00", "generated_at": "2026-09-16T23:31:17.755149", "nearest_km": 127.5380558834818, "n_points": 3, "weight_sum": 0.00016386874873815788, "confidence": "Low", "flagged": false }, "geometry": { "type": "Polygon", "coordinates": [ [ [ -118.692199330721436, 53.852951136779957 ], [ -118.642199330721439, 53.852951136779957 ], [ -118.642199330721439, 53.902951136779954 ], [ -118.692199330721436, 53.902951136779954 ], [ -118.692199330721436, 53.852951136779957 ] ] ] } },
{ "type": "Feature", "properties": { "value": 2, "label": "AQHI 2", "color": "#0099cb", "timestamp": "2026-09-16 17:00:00", "generated_at": "2026-09-16T23:31:17.755149", "nearest_km": 124.72595009522392, "n_points": 3, "weight_sum": 0.00017090048991253616, "confidence": "Low", "flagged": false }, "geometry": { "type": "Polygon", "coordinates": [ [ [ -118.642199330721439, 53.852951136779957 ], [ -118.592199330721442, 53.852951136779957 ], [ -118.592199330721442, 53.902951136779954 ], [ -118.642199330721439, 53.902951136779954 ], [ -118.642199330721439, 53.852951136779957 ] ] ] } },
{ "type": "Feature", "properties": { "value": 2, "label": "AQHI 2", "color": "#0099cb", "timestamp": "2026-09-16 17:00:00", "generated_at": "2026-09-16T23:31:17.755149", "nearest_km": 122.10149284826311, "n_points": 3, "weight_sum": 0.00017834457241891011, "confidence": "Low", "flagged": false }, "geometry": { "type": "Polygon", "coordinates": [ [ [ -118.592199330721442, 53.852951136779957 ], [ -118.542199330721445, 53.852951136779957 ], [ -118.542199330721445, 53.902951136779954 ], [ -118.592199330721442, 53.902951136779954 ], [ -118.592199330721442, 53.852951136779957 ] ] ] } },
{ "type": "Feature", "properties": { "value": 2, "label": "AQHI 2", "color": "#0099cb", "timestamp": "2026-09-16 17:00:00", "generated_at": "2026-09-16T23:31:17.755149", "nearest_km": 117.93077553120604, "n_points": 3, "weight_sum": 0.00018625203868089429, "confidence": "Low", "flagged": false }, "geometry": { "type": "Polygon", "coordinates": [ [ [ -118.542199330721445, 53.852951136779957 ], [ -118.492199330721448, 53.852951136779957 ], [ -118.492199330721448, 53.902951136779954 ], [ -118.542199330721445, 53.902951136779954 ], [ -118.542199330721445, 53.852951136779957 ] ] ] } },
{ "type": "Feature", "properties": { "value": 2, "label": "AQHI 2", "color": "#0099cb", "timestamp": "2026-09-16 17:00:00", "generated_at": "2026-09-16T23:31:17.755149", "nearest_km": 112.95407375597335, "n_points": 2, "weight_sum": 0.00015085256673042432, "confidence": "Low", "flagged": false }, "geometry": { "type": "Polygon", "coordinates": [ [ [ -118.492199330721448, 53.852951136779957 ], [ -118.442199330721451, 53.852951136779957 ], [ -118.442199330721451, 53.902951136779954 ], [ -118.492199330721448, 53.902951136779954 ], [ -118.492199330721448, 53.852951136779957 ] ] ] } },
{ "type": "Feature", "properties": { "value": 2, "label": "AQHI 2", "color": "#0099cb", "timestamp": "2026-09-16 17:00:00", "generated_at": "2026-09-16T23:31:17.755149", "nearest_km": 108.03324830230751, "n_points": 2, "weight_sum": 0.0001606715185551407, "confidence": "Low", "flagged": false }, "geometry": { "type": "Polygon", "coordinates": [ [ [ -118.442199330721451, 53.852951136779957 ], [ -118.392199330721454, 53.852951136779957 ], [ -118.392199330721454, 53.902951136779954 ], [ -118.442199330721451, 53.902951136779954 ], [ -118.442199330721451, 53.852951136779957 ] ] ] } },
{ "type": "Feature", "properties": { "value": 2, "label": "AQHI 2", "color": "#0099cb", "timestamp": "2026-09-16 17:00:00", "generated_at": "2026-09-16T23:31:17.755149", "nearest_km": 103.17629427066173, "n_points": 2, "weight_sum": 0.00017125531038970925, "confidence": "Low", "flagged": false }, "geometry": { "type": "Polygon", "coordinates": [ [ [ -118.392199330721454, 53.852951136779957 ], [ -118.342199330721456, 53.852951136779957 ], [ -118.342199330721456, 53.902951136779954 ], [ -118.392199330721454, 53.902951136779954 ], [ -118.392199330721454, 53.852951136779957 ] ] ] } },
{ "type": "Feature", "properties": { "value": 2, "label": "AQHI 2", "color": "#0099cb", "timestamp": "2026-09-16 17:00:00", "generated_at": "2026-09-16T23:31:17.755149", "nearest_km": 98.392670764159703, "n_points": 2, "weight_sum": 0.00018269732149114575, "confidence": "Low", "flagged": false }, "geometry": { "type": "Polygon", "coordinates": [ [ [ -118.342199330721456, 53.852951136779957 ], [ -118.292199330721459, 53.852951136779957 ], [ -118.292199330721459, 53.902951136779954 ], [ -118.342199330721456, 53.902951136779954 ], [ -118.342199330721456, 53.852951136779957 ] ] ] } },
{ "type": "Feature", "properties": { "value": 2, "label": "AQHI 2", "color": "#0099cb", "timestamp": "2026-09-16 17:00:00", "generated_at": "2026-09-16T23:31:17.755149", "nearest_km": 93.693610351946973, "n_points": 2, "weight_sum": 0.00019511160767259614, "confidence": "Low", "flagged": false }, "geometry": { "type": "Polygon", "coordinates": [ [ [ -118.292199330721459, 53.852951136779957 ], [ -118.242199330721462, 53.852951136779957 ], [ -118.242199330721462, 53.902951136779954 ], [ -118.292199330721459, 53.902951136779954 ], [ -118.292199330721459, 53.852951136779957 ] ] ] } },
{ "type": "Feature", "properties": { "value": 2, "label": "AQHI 2", "color": "#0099cb", "timestamp": "2026-09-16 17:00:00", "generated_at": "2026-09-16T23:31:17.755149", "nearest_km": 89.092494529340655, "n_points": 2, "weight_sum": 0.00020863479300488601, "confidence": "Low", "flagged": false }, "geometry": { "type": "Polygon", "coordinates": [ [ [ -118.242199330721462, 53.852951136779957 ], [ -118.192199330721465, 53.852951136779957 ], [ -118.192199330721465, 53.902951136779954 ], [ -118.242199330721462, 53.902951136779954 ], [ -118.242199330721462, 53.852951136779957 ] ] ] } },
{ "type": "Feature", "properties": { "value": 2, "label": "AQHI 2", "color": "#0099cb", "timestamp": "2026-09-16 17:00:00", "generated_at": "2026-09-16T23:31:17.755149", "nearest_km": 84.605304456273416, "n_points": 3, "weight_sum": 0.00027030042688420584, "confidence": "Low", "flagged": false }, "geometry": { "type": "Polygon", "coordinates": [ [ [ -118.192199330721465, 53.852951136779957 ], [ -118.142199330721468, 53.852951136779957 ], [ -118.142199330721468, 53.902951136779954 ], [ -118.192199330721465, 53.902951136779954 ], [ -118.192199330721465, 53.852951136779957 ] ] ] } },
{ "type": "Feature", "properties": { "value": 2, "label": "AQHI 2", "color": "#0099cb", "timestamp": "2026-09-16 17:00:00", "generated_at": "2026-09-16T23:31:17.755149", "nearest_km": 80.251152657247459, "n_points": 3, "weight_sum": 0.00028963704555114698, "confidence": "Low", "flagged": false }, "geometry": { "type": "Polygon", "coordinates": [ [ [ -118.142199330721468, 53.852951136779957 ], [ -118.092199330721471, 53.852951136779957 ], [ -118.092199330721471, 53.902951136779954 ], [ -118.142199330721468, 53.902951136779954 ], [ -118.142199330721468, 53.852951136779957 ] ] ] } },
{ "type": "Feature", "properties": { "value": 2, "label": "AQHI 2", "color": "#0099cb", "timestamp": "2026-09-16 17:00:00", "generated_at": "2026-09-16T23:31:17.755149", "nearest_km": 76.052892538646717, "n_points": 3, "weight_sum": 0.00031085090214626784, "confidence": "Low", "flagged": false }, "geometry": { "type": "Polygon", "coordinates": [ [ [ -118.092199330721471, 53.852951136779957 ], [ -118.042199330721473, 53.852951136779957 ], [ -118.042199330721473, 53.902951136779954 ], [ -118.092199330721471, 53.902951136779954 ], [ -118.092199330721471, 53.852951136779957 ] ] ] } },
{ "type": "Feature", "properties": { "value": 2, "label": "AQHI 2", "color": "#0099cb", "timestamp": "2026-09-16 17:00:00", "generated_at": "2026-09-16T23:31:17.755149", "nearest_km": 72.037784697844842, "n_points": 4, "weight_sum": 0.00037884863413518619, "confidence": "Medium", "flagged": false }, "geometry": { "type": "Polygon", "coordinates": [ [ [ -118.042199330721473, 53.852951136779957 ], [ -117.992199330721476, 53.852951136779957 ], [ -117.992199330721476, 53.902951136779954 ], [ -118.042199330721473, 53.902951136779954 ], [ -118.042199330721473, 53.852951136779957 ] ] ] } },
{ "type": "Feature", "properties": { "value": 2, "label": "AQHI 2", "color": "#0099cb", "timestamp": "2026-09-16 17:00:00", "generated_at": "2026-09-16T23:31:17.755149", "nearest_km": 68.238166628736025, "n_points": 4, "weight_sum": 0.00040741738890609296, "confidence": "Medium", "flagged": false }, "geometry": { "type": "Polygon", "coordinates": [ [ [ -117.992199330721476, 53.852951136779957 ], [ -117.942199330721479, 53.852951136779957 ], [ -117.942199330721479, 53.902951136779954 ], [ -117.992199330721476, 53.902951136779954 ], [ -117.992199330721476, 53.852951136779957 ] ] ] } },
{ "type": "Feature", "properties": { "value": 2, "label": "AQHI 2", "color": "#0099cb", "timestamp": "2026-09-16 17:00:00", "generated_at": "2026-09-16T23:31:17.755149", "nearest_km": 64.692019179565207, "n_points": 4, "weight_sum": 0.00043836126095659413, "confidence": "Medium", "flagged": false }, "geometry": { "type": "Polygon", "coordinates": [ [ [ -117.942199330721479, 53.852951136779957 ], [ -117.892199330721482, 53.852951136779957 ], [ -117.892199330721482, 53.902951136779954 ], [ -117.942199330721479, 53.902951136779954 ], [ -117.942199330721479, 53.852951136779957 ] ] ] } },
{ "type": "Feature", "properties": { "value": 2, "label": "AQHI 2", "color": "#0099cb", "timestamp": "2026-09-16 17:00:00", "generated_at": "2026-09-16T23:31:17.755149", "nearest_km": 61.443244593749398, "n_points": 4, "weight_sum": 0.00047138666712645891, "confidence": "Medium", "flagged": false }, "geometry": { "type": "Polygon", "coordinates": [ [ [ -117.892199330721482, 53.852951136779957 ], [ -117.842199330721485, 53.852951136779957 ], [ -117.842199330721485, 53.902951136779954 ], [ -117.892199330721482, 53.902951136779954 ], [ -117.892199330721482, 53.852951136779957 ] ] ] } },
{ "type": "Feature", "properties": { "value": 2, "label": "AQHI 2", "color": "#0099cb", "timestamp": "2026-09-16 17:00:00", "generated_at": "2026-09-16T23:31:17.755149", "nearest_km": 58.541372266845521, "n_points": 4, "weight_sum": 0.00050582481654948708, "confidence": "Medium", "flagged": false }, "geometry": { "type": "Polygon", "coordinates": [ [ [ -117.842199330721485, 53.852951136779957 ], [ -117.792199330721488, 53.852951136779957 ], [ -117.792199330721488, 53.902951136779954 ], [ -117.842199330721485, 53.902951136779954 ], [ -117.842199330721485, 53.852951136779957 ] ] ] } },
{ "type": "Feature", "properties": { "value": 2, "label": "AQHI 2", "color": "#0099cb", "timestamp": "2026-09-16 17:00:00", "generated_at": "2026-09-16T23:31:17.755149", "nearest_km": 56.040317875289198, "n_points": 4, "weight_sum": 0.00054052656664115538, "confidence": "Medium", "flagged": false }, "geometry": { "type": "Polygon", "coordinates": [ [ [ -117.792199330721488, 53.852951136779957 ], [ -117.74219933072149, 53.852951136779957 ], [ -117.74219933072149, 53.902951136779954 ], [ -117.792199330721488, 53.902951136779954 ], [ -117.792199330721488, 53.852951136779957 ] ] ] } },
{ "type": "Feature", "properties": { "value": 2, "label": "AQHI 2", "color": "#0099cb", "timestamp": "2026-09-16 17:00:00", "generated_at": "2026-09-16T23:31:17.755149", "nearest_km": 53.995807135753772, "n_points": 4, "weight_sum": 0.00057383225409982899, "confidence": "Medium", "flagged": false }, "geometry": { "type": "Polygon", "coordinates": [ [ [ -117.74219933072149, 53.852951136779957 ], [ -117.692199330721493, 53.852951136779957 ], [ -117.692199330721493, 53.902951136779954 ], [ -117.74219933072149, 53.902951136779954 ], [ -117.74219933072149, 53.852951136779957 ] ] ] } },
{ "type": "Feature", "properties": { "value": 2, "label": "AQHI 2", "color": "#0099cb", "timestamp": "2026-09-16 17:00:00", "generated_at": "2026-09-16T23:31:17.755149", "nearest_km": 52.461244256303836, "n_points": 5, "weight_sum": 0.00064992198858093361, "confidence": "Medium", "flagged": false }, "geometry": { "type": "Polygon", "coordinates": [ [ [ -117.692199330721493, 53.852951136779957 ], [ -117.642199330721496, 53.852951136779957 ], [ -117.642199330721496, 53.902951136779954 ], [ -117.692199330721493, 53.902951136779954 ], [ -117.692199330721493, 53.852951136779957 ] ] ] } },
{ "type": "Feature", "properties": { "value": 2, "label": "AQHI 2", "color": "#0099cb", "timestamp": "2026-09-16 17:00:00", "generated_at": "2026-09-16T23:31:17.755149", "nearest_km": 51.482250432528872, "n_points": 5, "weight_sum": 0.00067785949330291095, "confidence": "Medium", "flagged": false }, "geometry": { "type": "Polygon", "coordinates": [ [ [ -117.642199330721496, 53.852951136779957 ], [ -117.592199330721499, 53.852951136779957 ], [ -117.592199330721499, 53.902951136779954 ], [ -117.642199330721496, 53.902951136779954 ], [ -117.642199330721496, 53.852951136779957 ] ] ] } },
{ "type": "Feature", "properties": { "value": 2, "label": "AQHI 2", "color": "#0099cb", "timestamp": "2026-09-16 17:00:00", "generated_at": "2026-09-16T23:31:17.755149", "nearest_km": 51.090772848682363, "n_points": 5, "weight_sum": 0.00069902943533043868, "confidence": "Medium", "flagged": false }, "geometry": { "type": "Polygon", "coordinates": [ [ [ -117.592199330721499, 53.852951136779957 ], [ -117.542199330721502, 53.852951136779957 ], [ -117.542199330721502, 53.902951136779954 ], [ -117.592199330721499, 53.902951136779954 ], [ -117.592199330721499, 53.852951136779957 ] ] ] } },
{ "type": "Feature", "properties": { "value": 2, "label": "AQHI 2", "color": "#0099cb", "timestamp": "2026-09-16 17:00:00", "generated_at": "2026-09-16T23:31:17.755149", "nearest_km": 51.300263458911118, "n_points": 5, "weight_sum": 0.00071277493304414173, "confidence": "Medium", "flagged": false }, "geometry": { "type": "Polygon", "coordinates": [ [ [ -117.542199330721502, 53.852951136779957 ], [ -117.492199330721505, 53.852951136779957 ], [ -117.492199330721505, 53.902951136779954 ], [ -117.542199330721502, 53.902951136779954 ], [ -117.542199330721502, 53.852951136779957 ] ] ] } },
{ "type": "Feature", "properties": { "value": 2, "label": "AQHI 2", "color": "#0099cb", "timestamp": "2026-09-16 17:00:00", "generated_at": "2026-09-16T23:31:17.755149", "nearest_km": 52.103473892166896, "n_points": 5, "weight_sum": 0.00071962401951739668, "confidence": "Medium", "flagged": false }, "geometry": { "type": "Polygon", "coordinates": [ [ [ -117.492199330721505, 53.852951136779957 ], [ -117.442199330721508, 53.852951136779957 ], [ -117.442199330721508, 53.902951136779954 ], [ -117.492199330721505, 53.902951136779954 ], [ -117.492199330721505, 53.852951136779957 ] ] ] } },
{ "type": "Feature", "properties": { "value": 2, "label": "AQHI 2", "color": "#0099cb", "timestamp": "2026-09-16 17:00:00", "generated_at": "2026-09-16T23:31:17.755149", "nearest_km": 53.473656619963222, "n_points": 5, "weight_sum": 0.00072114827251694284, "confidence": "Medium", "flagged": false }, "geometry": { "type": "Polygon", "coordinates": [ [ [ -117.442199330721508, 53.852951136779957 ], [ -117.39219933072151, 53.852951136779957 ], [ -117.39219933072151, 53.902951136779954 ], [ -117.442199330721508, 53.902951136779954 ], [ -117.442199330721508, 53.852951136779957 ] ] ] } },
{ "type": "Feature", "properties": { "value": 2, "label": "AQHI 2", "color": "#0099cb", "timestamp": "2026-09-16 17:00:00", "generated_at": "2026-09-16T23:31:17.755149", "nearest_km": 55.368735880348105, "n_points": 5, "weight_sum": 0.00071951467832935708, "confidence": "Medium", "flagged": false }, "geometry": { "type": "Polygon", "coordinates": [ [ [ -117.39219933072151, 53.852951136779957 ], [ -117.342199330721513, 53.852951136779957 ], [ -117.342199330721513, 53.902951136779954 ], [ -117.39219933072151, 53.902951136779954 ], [ -117.39219933072151, 53.852951136779957 ] ] ] } },
{ "type": "Feature", "properties": { "value": 2, "label": "AQHI 2", "color": "#0099cb", "timestamp": "2026-09-16 17:00:00", "generated_at": "2026-09-16T23:31:17.755149", "nearest_km": 57.737049402145182, "n_points": 5, "weight_sum": 0.00071695756096931879, "confidence": "Medium", "flagged": false }, "geometry": { "type": "Polygon", "coordinates": [ [ [ -117.342199330721513, 53.852951136779957 ], [ -117.292199330721516, 53.852951136779957 ], [ -117.292199330721516, 53.902951136779954 ], [ -117.342199330721513, 53.902951136779954 ], [ -117.342199330721513, 53.852951136779957 ] ] ] } },
{ "type": "Feature", "properties": { "value": 2, "label": "AQHI 2", "color": "#0099cb", "timestamp": "2026-09-16 17:00:00", "generated_at": "2026-09-16T23:31:17.755149", "nearest_km": 60.523068613081328, "n_points": 5, "weight_sum": 0.00071537946602784808, "confidence": "Medium", "flagged": false }, "geometry": { "type": "Polygon", "coordinates": [ [ [ -117.292199330721516, 53.852951136779957 ], [ -117.242199330721519, 53.852951136779957 ], [ -117.242199330721519, 53.902951136779954 ], [ -117.292199330721516, 53.902951136779954 ], [ -117.292199330721516, 53.852951136779957 ] ] ] } },
{ "type": "Feature", "properties": { "value": 2, "label": "AQHI 2", "color": "#0099cb", "timestamp": "2026-09-16 17:00:00", "generated_at": "2026-09-16T23:31:17.755149", "nearest_km": 63.671985951607802, "n_points": 5, "weight_sum": 0.00071616345916447242, "confidence": "Medium", "flagged": false }, "geometry": { "type": "Polygon", "coordinates": [ [ [ -117.242199330721519, 53.852951136779957 ], [ -117.192199330721522, 53.852951136779957 ], [ -117.192199330721522, 53.902951136779954 ], [ -117.242199330721519, 53.902951136779954 ], [ -117.242199330721519, 53.852951136779957 ] ] ] } },
{ "type": "Feature", "properties": { "value": 2, "label": "AQHI 2", "color": "#0099cb", "timestamp": "2026-09-16 17:00:00", "generated_at": "2026-09-16T23:31:17.755149", "nearest_km": 67.132754715561347, "n_points": 5, "weight_sum": 0.00072016450055974223, "confidence": "Medium", "flagged": false }, "geometry": { "type": "Polygon", "coordinates": [ [ [ -117.192199330721522, 53.852951136779957 ], [ -117.142199330721525, 53.852951136779957 ], [ -117.142199330721525, 53.902951136779954 ], [ -117.192199330721522, 53.902951136779954 ], [ -117.192199330721522, 53.852951136779957 ] ] ] } },
{ "type": "Feature", "properties": { "value": 2, "label": "AQHI 2", "color": "#0099cb", "timestamp": "2026-09-16 17:00:00", "generated_at": "2026-09-16T23:31:17.755149", "nearest_km": 70.644566850884175, "n_points": 4, "weight_sum": 0.00068417520664426916, "confidence": "Medium", "flagged": false }, "geometry": { "type": "Polygon", "coordinates": [ [ [ -117.142199330721525, 53.852951136779957 ], [ -117.092199330721527, 53.852951136779957 ], [ -117.092199330721527, 53.902951136779954 ], [ -117.142199330721525, 53.902951136779954 ], [ -117.142199330721525, 53.852951136779957 ] ] ] } },
{ "type": "Feature", "properties": { "value": 2, "label": "AQHI 2", "color": "#0099cb", "timestamp": "2026-09-16 17:00:00", "generated_at": "2026-09-16T23:31:17.755149", "nearest_km": 67.908127924181983, "n_points": 4, "weight_sum": 0.00069774040020341064, "confidence": "Medium", "flagged": false }, "geometry": { "type": "Polygon", "coordinates": [ [ [ -117.092199330721527, 53.852951136779957 ], [ -117.04219933072153, 53.852951136779957 ], [ -117.04219933072153, 53.902951136779954 ], [ -117.092199330721527, 53.902951136779954 ], [ -117.092199330721527, 53.852951136779957 ] ] ] } },
{ "type": "Feature", "properties": { "value": 2, "label": "AQHI 2", "color": "#0099cb", "timestamp": "2026-09-16 17:00:00", "generated_at": "2026-09-16T23:31:17.755149", "nearest_km": 65.528450697274081, "n_points": 4, "weight_sum": 0.00071490598174773351, "confidence": "Medium", "flagged": false }, "geometry": { "type": "Polygon", "coordinates": [ [ [ -117.04219933072153, 53.852951136779957 ], [ -116.992199330721533, 53.852951136779957 ], [ -116.992199330721533, 53.902951136779954 ], [ -117.04219933072153, 53.902951136779954 ], [ -117.04219933072153, 53.852951136779957 ] ] ] } },
{ "type": "Feature", "properties": { "value": 2, "label": "AQHI 2", "color": "#0099cb", "timestamp": "2026-09-16 17:00:00", "generated_at": "2026-09-16T23:31:17.755149", "nearest_km": 63.54562820055434, "n_points": 4, "weight_sum": 0.00073561403713998, "confidence": "Medium", "flagged": false }, "geometry": { "type": "Polygon", "coordinates": [ [ [ -116.992199330721533, 53.852951136779957 ], [ -116.942199330721536, 53.852951136779957 ], [ -116.942199330721536, 53.902951136779954 ], [ -116.992199330721533, 53.902951136779954 ], [ -116.992199330721533, 53.852951136779957 ] ] ] } },
{ "type": "Feature", "properties": { "value": 2, "label": "AQHI 2", "color": "#0099cb", "timestamp": "2026-09-16 17:00:00", "generated_at": "2026-09-16T23:31:17.755149", "nearest_km": 61.997748959305675, "n_points": 4, "weight_sum": 0.00075997090995191168, "confidence": "Medium", "flagged": false }, "geometry": { "type": "Polygon", "coordinates": [ [ [ -116.942199330721536, 53.852951136779957 ], [ -116.892199330721539, 53.852951136779957 ], [ -116.892199330721539, 53.902951136779954 ], [ -116.942199330721536, 53.902951136779954 ], [ -116.942199330721536, 53.852951136779957 ] ] ] } },
{ "type": "Feature", "properties": { "value": 2, "label": "AQHI 2", "color": "#0099cb", "timestamp": "2026-09-16 17:00:00", "generated_at": "2026-09-16T23:31:17.755149", "nearest_km": 60.917976728048679, "n_points": 4, "weight_sum": 0.00078847020298607727, "confidence": "Medium", "flagged": false }, "geometry": { "type": "Polygon", "coordinates": [ [ [ -116.892199330721539, 53.852951136779957 ], [ -116.842199330721542, 53.852951136779957 ], [ -116.842199330721542, 53.902951136779954 ], [ -116.892199330721539, 53.902951136779954 ], [ -116.892199330721539, 53.852951136779957 ] ] ] } },
{ "type": "Feature", "properties": { "value": 2, "label": "AQHI 2", "color": "#0099cb", "timestamp": "2026-09-16 17:00:00", "generated_at": "2026-09-16T23:31:17.755149", "nearest_km": 57.595721142864399, "n_points": 4, "weight_sum": 0.00082225625423458818, "confidence": "Medium", "flagged": false }, "geometry": { "type": "Polygon", "coordinates": [ [ [ -116.842199330721542, 53.852951136779957 ], [ -116.792199330721544, 53.852951136779957 ], [ -116.792199330721544, 53.902951136779954 ], [ -116.842199330721542, 53.902951136779954 ], [ -116.842199330721542, 53.852951136779957 ] ] ] } },
{ "type": "Feature", "properties": { "value": 2, "label": "AQHI 2", "color": "#0099cb", "timestamp": "2026-09-16 17:00:00", "generated_at": "2026-09-16T23:31:17.755149", "nearest_km": 52.861494231478389, "n_points": 4, "weight_sum": 0.00086337865628698823, "confidence": "Medium", "flagged": false }, "geometry": { "type": "Polygon", "coordinates": [ [ [ -116.792199330721544, 53.852951136779957 ], [ -116.742199330721547, 53.852951136779957 ], [ -116.742199330721547, 53.902951136779954 ], [ -116.792199330721544, 53.902951136779954 ], [ -116.792199330721544, 53.852951136779957 ] ] ] } },
{ "type": "Feature", "properties": { "value": 2, "label": "AQHI 2", "color": "#0099cb", "timestamp": "2026-09-16 17:00:00", "generated_at": "2026-09-16T23:31:17.755149", "nearest_km": 48.30127380103594, "n_points": 4, "weight_sum": 0.00091492809386076602, "confidence": "Medium", "flagged": false }, "geometry": { "type": "Polygon", "coordinates": [ [ [ -116.742199330721547, 53.852951136779957 ], [ -116.69219933072155, 53.852951136779957 ], [ -116.69219933072155, 53.902951136779954 ], [ -116.742199330721547, 53.902951136779954 ], [ -116.742199330721547, 53.852951136779957 ] ] ] } },
{ "type": "Feature", "properties": { "value": 2, "label": "AQHI 2", "color": "#0099cb", "timestamp": "2026-09-16 17:00:00", "generated_at": "2026-09-16T23:31:17.755149", "nearest_km": 43.969233893947397, "n_points": 4, "weight_sum": 0.00098085497499578547, "confidence": "Medium", "flagged": false }, "geometry": { "type": "Polygon", "coordinates": [ [ [ -116.69219933072155, 53.852951136779957 ], [ -116.642199330721553, 53.852951136779957 ], [ -116.642199330721553, 53.902951136779954 ], [ -116.69219933072155, 53.902951136779954 ], [ -116.69219933072155, 53.852951136779957 ] ] ] } },
{ "type": "Feature", "properties": { "value": 2, "label": "AQHI 2", "color": "#0099cb", "timestamp": "2026-09-16 17:00:00", "generated_at": "2026-09-16T23:31:17.755149", "nearest_km": 39.939692132497171, "n_points": 4, "weight_sum": 0.0010651091272808216, "confidence": "Medium", "flagged": false }, "geometry": { "type": "Polygon", "coordinates": [ [ [ -116.642199330721553, 53.852951136779957 ], [ -116.592199330721556, 53.852951136779957 ], [ -116.592199330721556, 53.902951136779954 ], [ -116.642199330721553, 53.902951136779954 ], [ -116.642199330721553, 53.852951136779957 ] ] ] } },
{ "type": "Feature", "properties": { "value": 2, "label": "AQHI 2", "color": "#0099cb", "timestamp": "2026-09-16 17:00:00", "generated_at": "2026-09-16T23:31:17.755149", "nearest_km": 36.313489037224905, "n_points": 4, "weight_sum": 0.0011694696665865455, "confidence": "Medium", "flagged": false }, "geometry": { "type": "Polygon", "coordinates": [ [ [ -116.592199330721556, 53.852951136779957 ], [ -116.542199330721559, 53.852951136779957 ], [ -116.542199330721559, 53.902951136779954 ], [ -116.592199330721556, 53.902951136779954 ], [ -116.592199330721556, 53.852951136779957 ] ] ] } },
{ "type": "Feature", "properties": { "value": 2, "label": "AQHI 2", "color": "#0099cb", "timestamp": "2026-09-16 17:00:00", "generated_at": "2026-09-16T23:31:17.755149", "nearest_km": 33.222958394379084, "n_points": 4, "weight_sum": 0.001289316708488566, "confidence": "Medium", "flagged": false }, "geometry": { "type": "Polygon", "coordinates": [ [ [ -116.542199330721559, 53.852951136779957 ], [ -116.492199330721562, 53.852951136779957 ], [ -116.492199330721562, 53.902951136779954 ], [ -116.542199330721559, 53.902951136779954 ], [ -116.542199330721559, 53.852951136779957 ] ] ] } },
{ "type": "Feature", "properties": { "value": 2, "label": "AQHI 2", "color": "#0099cb", "timestamp": "2026-09-16 17:00:00", "generated_at": "2026-09-16T23:31:17.755149", "nearest_km": 30.829619571000652, "n_points": 4, "weight_sum": 0.0014078080708977258, "confidence": "Medium", "flagged": false }, "geometry": { "type": "Polygon", "coordinates": [ [ [ -116.492199330721562, 53.852951136779957 ], [ -116.442199330721564, 53.852951136779957 ], [ -116.442199330721564, 53.902951136779954 ], [ -116.492199330721562, 53.902951136779954 ], [ -116.492199330721562, 53.852951136779957 ] ] ] } },
{ "type": "Feature", "properties": { "value": 2, "label": "AQHI 2", "color": "#0099cb", "timestamp": "2026-09-16 17:00:00", "generated_at": "2026-09-16T23:31:17.755149", "nearest_km": 29.304793486912729, "n_points": 4, "weight_sum": 0.0014933717519848891, "confidence": "Medium", "flagged": false }, "geometry": { "type": "Polygon", "coordinates": [ [ [ -116.442199330721564, 53.852951136779957 ], [ -116.392199330721567, 53.852951136779957 ], [ -116.392199330721567, 53.902951136779954 ], [ -116.442199330721564, 53.902951136779954 ], [ -116.442199330721564, 53.852951136779957 ] ] ] } },
{ "type": "Feature", "properties": { "value": 2, "label": "AQHI 2", "color": "#0099cb", "timestamp": "2026-09-16 17:00:00", "generated_at": "2026-09-16T23:31:17.755149", "nearest_km": 28.786826843689656, "n_points": 4, "weight_sum": 0.0015102224021398755, "confidence": "Medium", "flagged": false }, "geometry": { "type": "Polygon", "coordinates": [ [ [ -116.392199330721567, 53.852951136779957 ], [ -116.34219933072157, 53.852951136779957 ], [ -116.34219933072157, 53.902951136779954 ], [ -116.392199330721567, 53.902951136779954 ], [ -116.392199330721567, 53.852951136779957 ] ] ] } },
{ "type": "Feature", "properties": { "value": 2, "label": "AQHI 2", "color": "#0099cb", "timestamp": "2026-09-16 17:00:00", "generated_at": "2026-09-16T23:31:17.755149", "nearest_km": 29.329113149676612, "n_points": 4, "weight_sum": 0.0014422198001205039, "confidence": "Medium", "flagged": false }, "geometry": { "type": "Polygon", "coordinates": [ [ [ -116.34219933072157, 53.852951136779957 ], [ -116.292199330721573, 53.852951136779957 ], [ -116.292199330721573, 53.902951136779954 ], [ -116.34219933072157, 53.902951136779954 ], [ -116.34219933072157, 53.852951136779957 ] ] ] } },
{ "type": "Feature", "properties": { "value": 2, "label": "AQHI 2", "color": "#0099cb", "timestamp": "2026-09-16 17:00:00", "generated_at": "2026-09-16T23:31:17.755149", "nearest_km": 30.875837746763871, "n_points": 3, "weight_sum": 0.0012635335515206189, "confidence": "Medium", "flagged": false }, "geometry": { "type": "Polygon", "coordinates": [ [ [ -116.292199330721573, 53.852951136779957 ], [ -116.242199330721576, 53.852951136779957 ], [ -116.242199330721576, 53.902951136779954 ], [ -116.292199330721573, 53.902951136779954 ], [ -116.292199330721573, 53.852951136779957 ] ] ] } },
{ "type": "Feature", "properties": { "value": 2, "label": "AQHI 2", "color": "#0099cb", "timestamp": "2026-09-16 17:00:00", "generated_at": "2026-09-16T23:31:17.755149", "nearest_km": 33.28727737413255, "n_points": 3, "weight_sum": 0.001099684515456353, "confidence": "Medium", "flagged": false }, "geometry": { "type": "Polygon", "coordinates": [ [ [ -116.242199330721576, 53.852951136779957 ], [ -116.192199330721579, 53.852951136779957 ], [ -116.192199330721579, 53.902951136779954 ], [ -116.242199330721576, 53.902951136779954 ], [ -116.242199330721576, 53.852951136779957 ] ] ] } },
{ "type": "Feature", "properties": { "value": 2, "label": "AQHI 2", "color": "#0099cb", "timestamp": "2026-09-16 17:00:00", "generated_at": "2026-09-16T23:31:17.755149", "nearest_km": 36.39194022582992, "n_points": 3, "weight_sum": 0.00093640370865919105, "confidence": "Medium", "flagged": false }, "geometry": { "type": "Polygon", "coordinates": [ [ [ -116.192199330721579, 53.852951136779957 ], [ -116.142199330721581, 53.852951136779957 ], [ -116.142199330721581, 53.902951136779954 ], [ -116.192199330721579, 53.902951136779954 ], [ -116.192199330721579, 53.852951136779957 ] ] ] } },
{ "type": "Feature", "properties": { "value": 2, "label": "AQHI 2", "color": "#0099cb", "timestamp": "2026-09-16 17:00:00", "generated_at": "2026-09-16T23:31:17.755149", "nearest_km": 40.028849494062555, "n_points": 4, "weight_sum": 0.00083756792138305503, "confidence": "Medium", "flagged": false }, "geometry": { "type": "Polygon", "coordinates": [ [ [ -116.142199330721581, 53.852951136779957 ], [ -116.092199330721584, 53.852951136779957 ], [ -116.092199330721584, 53.902951136779954 ], [ -116.142199330721581, 53.902951136779954 ], [ -116.142199330721581, 53.852951136779957 ] ] ] } },
{ "type": "Feature", "properties": { "value": 2, "label": "AQHI 2", "color": "#0099cb", "timestamp": "2026-09-16 17:00:00", "generated_at": "2026-09-16T23:31:17.755149", "nearest_km": 44.06641884968915, "n_points": 4, "weight_sum": 0.00071861657226774843, "confidence": "Medium", "flagged": false }, "geometry": { "type": "Polygon", "coordinates": [ [ [ -116.092199330721584, 53.852951136779957 ], [ -116.042199330721587, 53.852951136779957 ], [ -116.042199330721587, 53.902951136779954 ], [ -116.092199330721584, 53.902951136779954 ], [ -116.092199330721584, 53.852951136779957 ] ] ] } },
{ "type": "Feature", "properties": { "value": 2, "label": "AQHI 2", "color": "#0099cb", "timestamp": "2026-09-16 17:00:00", "generated_at": "2026-09-16T23:31:17.755149", "nearest_km": 48.404490996746979, "n_points": 4, "weight_sum": 0.00062217646578249233, "confidence": "Medium", "flagged": false }, "geometry": { "type": "Polygon", "coordinates": [ [ [ -116.042199330721587, 53.852951136779957 ], [ -115.99219933072159, 53.852951136779957 ], [ -115.99219933072159, 53.902951136779954 ], [ -116.042199330721587, 53.902951136779954 ], [ -116.042199330721587, 53.852951136779957 ] ] ] } },
{ "type": "Feature", "properties": { "value": 2, "label": "AQHI 2", "color": "#0099cb", "timestamp": "2026-09-16 17:00:00", "generated_at": "2026-09-16T23:31:17.755149", "nearest_km": 52.969285695316607, "n_points": 4, "weight_sum": 0.00054498746409285532, "confidence": "Medium", "flagged": false }, "geometry": { "type": "Polygon", "coordinates": [ [ [ -115.99219933072159, 53.852951136779957 ], [ -115.942199330721593, 53.852951136779957 ], [ -115.942199330721593, 53.902951136779954 ], [ -115.99219933072159, 53.902951136779954 ], [ -115.99219933072159, 53.852951136779957 ] ] ] } },
{ "type": "Feature", "properties": { "value": 2, "label": "AQHI 2", "color": "#0099cb", "timestamp": "2026-09-16 17:00:00", "generated_at": "2026-09-16T23:31:17.755149", "nearest_km": 57.707024749938185, "n_points": 3, "weight_sum": 0.0004393392989103514, "confidence": "Medium", "flagged": false }, "geometry": { "type": "Polygon", "coordinates": [ [ [ -115.942199330721593, 53.852951136779957 ], [ -115.892199330721596, 53.852951136779957 ], [ -115.892199330721596, 53.902951136779954 ], [ -115.942199330721593, 53.902951136779954 ], [ -115.942199330721593, 53.852951136779957 ] ] ] } },
{ "type": "Feature", "properties": { "value": 2, "label": "AQHI 2", "color": "#0099cb", "timestamp": "2026-09-16 17:00:00", "generated_at": "2026-09-16T23:31:17.755149", "nearest_km": 62.578440248282611, "n_points": 3, "weight_sum": 0.00039299584348381365, "confidence": "Medium", "flagged": false }, "geometry": { "type": "Polygon", "coordinates": [ [ [ -115.892199330721596, 53.852951136779957 ], [ -115.842199330721598, 53.852951136779957 ], [ -115.842199330721598, 53.902951136779954 ], [ -115.892199330721596, 53.902951136779954 ], [ -115.892199330721596, 53.852951136779957 ] ] ] } },
{ "type": "Feature", "properties": { "value": 2, "label": "AQHI 2", "color": "#0099cb", "timestamp": "2026-09-16 17:00:00", "generated_at": "2026-09-16T23:31:17.755149", "nearest_km": 67.554619844432324, "n_points": 3, "weight_sum": 0.00035642561010493267, "confidence": "Medium", "flagged": false }, "geometry": { "type": "Polygon", "coordinates": [ [ [ -115.842199330721598, 53.852951136779957 ], [ -115.792199330721601, 53.852951136779957 ], [ -115.792199330721601, 53.902951136779954 ], [ -115.842199330721598, 53.902951136779954 ], [ -115.842199330721598, 53.852951136779957 ] ] ] } },
{ "type": "Feature", "properties": { "value": 2, "label": "AQHI 2", "color": "#0099cb", "timestamp": "2026-09-16 17:00:00", "generated_at": "2026-09-16T23:31:17.755149", "nearest_km": 72.614028539557381, "n_points": 3, "weight_sum": 0.0003276660889870533, "confidence": "Medium", "flagged": false }, "geometry": { "type": "Polygon", "coordinates": [ [ [ -115.792199330721601, 53.852951136779957 ], [ -115.742199330721604, 53.852951136779957 ], [ -115.742199330721604, 53.902951136779954 ], [ -115.792199330721601, 53.902951136779954 ], [ -115.792199330721601, 53.852951136779957 ] ] ] } },
{ "type": "Feature", "properties": { "value": 2, "label": "AQHI 2", "color": "#0099cb", "timestamp": "2026-09-16 17:00:00", "generated_at": "2026-09-16T23:31:17.755149", "nearest_km": 77.740418182317057, "n_points": 3, "weight_sum": 0.00030521643885987181, "confidence": "Low", "flagged": false }, "geometry": { "type": "Polygon", "coordinates": [ [ [ -115.742199330721604, 53.852951136779957 ], [ -115.692199330721607, 53.852951136779957 ], [ -115.692199330721607, 53.902951136779954 ], [ -115.742199330721604, 53.902951136779954 ], [ -115.742199330721604, 53.852951136779957 ] ] ] } },
{ "type": "Feature", "properties": { "value": 2, "label": "AQHI 2", "color": "#0099cb", "timestamp": "2026-09-16 17:00:00", "generated_at": "2026-09-16T23:31:17.755149", "nearest_km": 82.92136695435866, "n_points": 3, "weight_sum": 0.00028793253682155002, "confidence": "Low", "flagged": false }, "geometry": { "type": "Polygon", "coordinates": [ [ [ -115.692199330721607, 53.852951136779957 ], [ -115.64219933072161, 53.852951136779957 ], [ -115.64219933072161, 53.902951136779954 ], [ -115.692199330721607, 53.902951136779954 ], [ -115.692199330721607, 53.852951136779957 ] ] ] } },
{ "type": "Feature", "properties": { "value": 2, "label": "AQHI 2", "color": "#0099cb", "timestamp": "2026-09-16 17:00:00", "generated_at": "2026-09-16T23:31:17.755149", "nearest_km": 88.147255067853735, "n_points": 3, "weight_sum": 0.00027493696891844096, "confidence": "Low", "flagged": false }, "geometry": { "type": "Polygon", "coordinates": [ [ [ -115.64219933072161, 53.852951136779957 ], [ -115.592199330721613, 53.852951136779957 ], [ -115.592199330721613, 53.902951136779954 ], [ -115.64219933072161, 53.902951136779954 ], [ -115.64219933072161, 53.852951136779957 ] ] ] } },
{ "type": "Feature", "properties": { "value": 2, "label": "AQHI 2", "color": "#0099cb", "timestamp": "2026-09-16 17:00:00", "generated_at": "2026-09-16T23:31:17.755149", "nearest_km": 93.410540381774496, "n_points": 3, "weight_sum": 0.000265546331600713, "confidence": "Low", "flagged": false }, "geometry": { "type": "Polygon", "coordinates": [ [ [ -115.592199330721613, 53.852951136779957 ], [ -115.542199330721616, 53.852951136779957 ], [ -115.542199330721616, 53.902951136779954 ], [ -115.592199330721613, 53.902951136779954 ], [ -115.592199330721613, 53.852951136779957 ] ] ] } },
{ "type": "Feature", "properties": { "value": 2, "label": "AQHI 2", "color": "#0099cb", "timestamp": "2026-09-16 17:00:00", "generated_at": "2026-09-16T23:31:17.755149", "nearest_km": 93.714770186676247, "n_points": 2, "weight_sum": 0.0002165040311237317, "confidence": "Low", "flagged": false }, "geometry": { "type": "Polygon", "coordinates": [ [ [ -115.542199330721616, 53.852951136779957 ], [ -115.492199330721618, 53.852951136779957 ], [ -115.492199330721618, 53.902951136779954 ], [ -115.542199330721616, 53.902951136779954 ], [ -115.542199330721616, 53.852951136779957 ] ] ] } },
{ "type": "Feature", "properties": { "value": 2, "label": "AQHI 2", "color": "#0099cb", "timestamp": "2026-09-16 17:00:00", "generated_at": "2026-09-16T23:31:17.755149", "nearest_km": 90.137527437574377, "n_points": 2, "weight_sum": 0.00021548876622431957, "confidence": "Low", "flagged": false }, "geometry": { "type": "Polygon", "coordinates": [ [ [ -115.492199330721618, 53.852951136779957 ], [ -115.442199330721621, 53.852951136779957 ], [ -115.442199330721621, 53.902951136779954 ], [ -115.492199330721618, 53.902951136779954 ], [ -115.492199330721618, 53.852951136779957 ] ] ] } },
{ "type": "Feature", "properties": { "value": 2, "label": "AQHI 2", "color": "#0099cb", "timestamp": "2026-09-16 17:00:00", "generated_at": "2026-09-16T23:31:17.755149", "nearest_km": 86.768050306419781, "n_points": 2, "weight_sum": 0.00021642369851028871, "confidence": "Low", "flagged": false }, "geometry": { "type": "Polygon", "coordinates": [ [ [ -115.442199330721621, 53.852951136779957 ], [ -115.392199330721624, 53.852951136779957 ], [ -115.392199330721624, 53.902951136779954 ], [ -115.442199330721621, 53.902951136779954 ], [ -115.442199330721621, 53.852951136779957 ] ] ] } },
{ "type": "Feature", "properties": { "value": 2, "label": "AQHI 2", "color": "#0099cb", "timestamp": "2026-09-16 17:00:00", "generated_at": "2026-09-16T23:31:17.755149", "nearest_km": 83.631454940084055, "n_points": 3, "weight_sum": 0.00026615198029498528, "confidence": "Low", "flagged": false }, "geometry": { "type": "Polygon", "coordinates": [ [ [ -115.392199330721624, 53.852951136779957 ], [ -115.342199330721627, 53.852951136779957 ], [ -115.342199330721627, 53.902951136779954 ], [ -115.392199330721624, 53.902951136779954 ], [ -115.392199330721624, 53.852951136779957 ] ] ] } },
{ "type": "Feature", "properties": { "value": 2, "label": "AQHI 2", "color": "#0099cb", "timestamp": "2026-09-16 17:00:00", "generated_at": "2026-09-16T23:31:17.755149", "nearest_km": 80.754881937956043, "n_points": 3, "weight_sum": 0.00027330381002365429, "confidence": "Low", "flagged": false }, "geometry": { "type": "Polygon", "coordinates": [ [ [ -115.342199330721627, 53.852951136779957 ], [ -115.29219933072163, 53.852951136779957 ], [ -115.29219933072163, 53.902951136779954 ], [ -115.342199330721627, 53.902951136779954 ], [ -115.342199330721627, 53.852951136779957 ] ] ] } },
{ "type": "Feature", "properties": { "value": 2, "label": "AQHI 2", "color": "#0099cb", "timestamp": "2026-09-16 17:00:00", "generated_at": "2026-09-16T23:31:17.755149", "nearest_km": 78.167043299789214, "n_points": 3, "weight_sum": 0.00028158883683250535, "confidence": "Low", "flagged": false }, "geometry": { "type": "Polygon", "coordinates": [ [ [ -115.29219933072163, 53.852951136779957 ], [ -115.242199330721633, 53.852951136779957 ], [ -115.242199330721633, 53.902951136779954 ], [ -115.29219933072163, 53.902951136779954 ], [ -115.29219933072163, 53.852951136779957 ] ] ] } },
{ "type": "Feature", "properties": { "value": 2, "label": "AQHI 2", "color": "#0099cb", "timestamp": "2026-09-16 17:00:00", "generated_at": "2026-09-16T23:31:17.755149", "nearest_km": 75.897479270717653, "n_points": 3, "weight_sum": 0.0002905834458967044, "confidence": "Low", "flagged": false }, "geometry": { "type": "Polygon", "coordinates": [ [ [ -115.242199330721633, 53.852951136779957 ], [ -115.192199330721635, 53.852951136779957 ], [ -115.192199330721635, 53.902951136779954 ], [ -115.242199330721633, 53.902951136779954 ], [ -115.242199330721633, 53.852951136779957 ] ] ] } },
{ "type": "Feature", "properties": { "value": 2, "label": "AQHI 2", "color": "#0099cb", "timestamp": "2026-09-16 17:00:00", "generated_at": "2026-09-16T23:31:17.755149", "nearest_km": 73.975489596669121, "n_points": 3, "weight_sum": 0.00029982483901984342, "confidence": "Medium", "flagged": false }, "geometry": { "type": "Polygon", "coordinates": [ [ [ -115.192199330721635, 53.852951136779957 ], [ -115.142199330721638, 53.852951136779957 ], [ -115.142199330721638, 53.902951136779954 ], [ -115.192199330721635, 53.902951136779954 ], [ -115.192199330721635, 53.852951136779957 ] ] ] } },
{ "type": "Feature", "properties": { "value": 2, "label": "AQHI 2", "color": "#0099cb", "timestamp": "2026-09-16 17:00:00", "generated_at": "2026-09-16T23:31:17.755149", "nearest_km": 72.428749557649994, "n_points": 3, "weight_sum": 0.00030883188101502761, "confidence": "Medium", "flagged": false }, "geometry": { "type": "Polygon", "coordinates": [ [ [ -115.142199330721638, 53.852951136779957 ], [ -115.092199330721641, 53.852951136779957 ], [ -115.092199330721641, 53.902951136779954 ], [ -115.142199330721638, 53.902951136779954 ], [ -115.142199330721638, 53.852951136779957 ] ] ] } },
{ "type": "Feature", "properties": { "value": 2, "label": "AQHI 2", "color": "#0099cb", "timestamp": "2026-09-16 17:00:00", "generated_at": "2026-09-16T23:31:17.755149", "nearest_km": 71.281690944468053, "n_points": 3, "weight_sum": 0.00031714434187785876, "confidence": "Medium", "flagged": false }, "geometry": { "type": "Polygon", "coordinates": [ [ [ -115.092199330721641, 53.852951136779957 ], [ -115.042199330721644, 53.852951136779957 ], [ -115.042199330721644, 53.902951136779954 ], [ -115.092199330721641, 53.902951136779954 ], [ -115.092199330721641, 53.852951136779957 ] ] ] } },
{ "type": "Feature", "properties": { "value": 2, "label": "AQHI 2", "color": "#0099cb", "timestamp": "2026-09-16 17:00:00", "generated_at": "2026-09-16T23:31:17.755149", "nearest_km": 70.553810423821375, "n_points": 3, "weight_sum": 0.00032736527594967894, "confidence": "Medium", "flagged": false }, "geometry": { "type": "Polygon", "coordinates": [ [ [ -115.042199330721644, 53.852951136779957 ], [ -114.992199330721647, 53.852951136779957 ], [ -114.992199330721647, 53.902951136779954 ], [ -115.042199330721644, 53.902951136779954 ], [ -115.042199330721644, 53.852951136779957 ] ] ] } },
{ "type": "Feature", "properties": { "value": 2, "label": "AQHI 2", "color": "#0099cb", "timestamp": "2026-09-16 17:00:00", "generated_at": "2026-09-16T23:31:17.755149", "nearest_km": 70.258137370260428, "n_points": 3, "weight_sum": 0.0003396814999860835, "confidence": "Medium", "flagged": false }, "geometry": { "type": "Polygon", "coordinates": [ [ [ -114.992199330721647, 53.852951136779957 ], [ -114.94219933072165, 53.852951136779957 ], [ -114.94219933072165, 53.902951136779954 ], [ -114.992199330721647, 53.902951136779954 ], [ -114.992199330721647, 53.852951136779957 ] ] ] } },
{ "type": "Feature", "properties": { "value": 2, "label": "AQHI 2", "color": "#0099cb", "timestamp": "2026-09-16 17:00:00", "generated_at": "2026-09-16T23:31:17.755149", "nearest_km": 70.400117671465836, "n_points": 4, "weight_sum": 0.00039528000969182115, "confidence": "Medium", "flagged": false }, "geometry": { "type": "Polygon", "coordinates": [ [ [ -114.94219933072165, 53.852951136779957 ], [ -114.892199330721652, 53.852951136779957 ], [ -114.892199330721652, 53.902951136779954 ], [ -114.94219933072165, 53.902951136779954 ], [ -114.94219933072165, 53.852951136779957 ] ] ] } },
{ "type": "Feature", "properties": { "value": 2, "label": "AQHI 2", "color": "#0099cb", "timestamp": "2026-09-16 17:00:00", "generated_at": "2026-09-16T23:31:17.755149", "nearest_km": 141.68944173682544, "n_points": 2, "weight_sum": 9.7527435114806425e-05, "confidence": "Low", "flagged": false }, "geometry": { "type": "Polygon", "coordinates": [ [ [ -118.892199330721425, 53.902951136779954 ], [ -118.842199330721428, 53.902951136779954 ], [ -118.842199330721428, 53.952951136779951 ], [ -118.892199330721425, 53.952951136779951 ], [ -118.892199330721425, 53.902951136779954 ] ] ] } },
{ "type": "Feature", "properties": { "value": 2, "label": "AQHI 2", "color": "#0099cb", "timestamp": "2026-09-16 17:00:00", "generated_at": "2026-09-16T23:31:17.755149", "nearest_km": 141.42600418420264, "n_points": 2, "weight_sum": 9.9990071560040686e-05, "confidence": "Low", "flagged": false }, "geometry": { "type": "Polygon", "coordinates": [ [ [ -118.842199330721428, 53.902951136779954 ], [ -118.792199330721431, 53.902951136779954 ], [ -118.792199330721431, 53.952951136779951 ], [ -118.842199330721428, 53.952951136779951 ], [ -118.842199330721428, 53.902951136779954 ] ] ] } },
{ "type": "Feature", "properties": { "value": 2, "label": "AQHI 2", "color": "#0099cb", "timestamp": "2026-09-16 17:00:00", "generated_at": "2026-09-16T23:31:17.755149", "nearest_km": 138.2284579532315, "n_points": 3, "weight_sum": 0.00014958495016015189, "confidence": "Low", "flagged": false }, "geometry": { "type": "Polygon", "coordinates": [ [ [ -118.792199330721431, 53.902951136779954 ], [ -118.742199330721434, 53.902951136779954 ], [ -118.742199330721434, 53.952951136779951 ], [ -118.792199330721431, 53.952951136779951 ], [ -118.792199330721431, 53.902951136779954 ] ] ] } },
{ "type": "Feature", "properties": { "value": 2, "label": "AQHI 2", "color": "#0099cb", "timestamp": "2026-09-16 17:00:00", "generated_at": "2026-09-16T23:31:17.755149", "nearest_km": 135.18322202383868, "n_points": 3, "weight_sum": 0.00015533455653027347, "confidence": "Low", "flagged": false }, "geometry": { "type": "Polygon", "coordinates": [ [ [ -118.742199330721434, 53.902951136779954 ], [ -118.692199330721436, 53.902951136779954 ], [ -118.692199330721436, 53.952951136779951 ], [ -118.742199330721434, 53.952951136779951 ], [ -118.742199330721434, 53.902951136779954 ] ] ] } },
{ "type": "Feature", "properties": { "value": 2, "label": "AQHI 2", "color": "#0099cb", "timestamp": "2026-09-16 17:00:00", "generated_at": "2026-09-16T23:31:17.755149", "nearest_km": 132.30081422789749, "n_points": 3, "weight_sum": 0.00016133129062062611, "confidence": "Low", "flagged": false }, "geometry": { "type": "Polygon", "coordinates": [ [ [ -118.692199330721436, 53.902951136779954 ], [ -118.642199330721439, 53.902951136779954 ], [ -118.642199330721439, 53.952951136779951 ], [ -118.692199330721436, 53.952951136779951 ], [ -118.692199330721436, 53.902951136779954 ] ] ] } },
{ "type": "Feature", "properties": { "value": 2, "label": "AQHI 2", "color": "#0099cb", "timestamp": "2026-09-16 17:00:00", "generated_at": "2026-09-16T23:31:17.755149", "nearest_km": 129.59209996748567, "n_points": 3, "weight_sum": 0.00016760704278902643, "confidence": "Low", "flagged": false }, "geometry": { "type": "Polygon", "coordinates": [ [ [ -118.642199330721439, 53.902951136779954 ], [ -118.592199330721442, 53.902951136779954 ], [ -118.592199330721442, 53.952951136779951 ], [ -118.642199330721439, 53.952951136779951 ], [ -118.642199330721439, 53.902951136779954 ] ] ] } },
{ "type": "Feature", "properties": { "value": 2, "label": "AQHI 2", "color": "#0099cb", "timestamp": "2026-09-16 17:00:00", "generated_at": "2026-09-16T23:31:17.755149", "nearest_km": 125.36407304602895, "n_points": 3, "weight_sum": 0.00017419929445313651, "confidence": "Low", "flagged": false }, "geometry": { "type": "Polygon", "coordinates": [ [ [ -118.592199330721442, 53.902951136779954 ], [ -118.542199330721445, 53.902951136779954 ], [ -118.542199330721445, 53.952951136779951 ], [ -118.592199330721442, 53.952951136779951 ], [ -118.592199330721442, 53.902951136779954 ] ] ] } },
{ "type": "Feature", "properties": { "value": 2, "label": "AQHI 2", "color": "#0099cb", "timestamp": "2026-09-16 17:00:00", "generated_at": "2026-09-16T23:31:17.755149", "nearest_km": 120.43878433199274, "n_points": 3, "weight_sum": 0.00018115185610387044, "confidence": "Low", "flagged": false }, "geometry": { "type": "Polygon", "coordinates": [ [ [ -118.542199330721445, 53.902951136779954 ], [ -118.492199330721448, 53.902951136779954 ], [ -118.492199330721448, 53.952951136779951 ], [ -118.542199330721445, 53.952951136779951 ], [ -118.542199330721445, 53.902951136779954 ] ] ] } },
{ "type": "Feature", "properties": { "value": 2, "label": "AQHI 2", "color": "#0099cb", "timestamp": "2026-09-16 17:00:00", "generated_at": "2026-09-16T23:31:17.755149", "nearest_km": 115.57013339114228, "n_points": 3, "weight_sum": 0.00018851579938802043, "confidence": "Low", "flagged": false }, "geometry": { "type": "Polygon", "coordinates": [ [ [ -118.492199330721448, 53.902951136779954 ], [ -118.442199330721451, 53.902951136779954 ], [ -118.442199330721451, 53.952951136779951 ], [ -118.492199330721448, 53.952951136779951 ], [ -118.492199330721448, 53.902951136779954 ] ] ] } },
{ "type": "Feature", "properties": { "value": 2, "label": "AQHI 2", "color": "#0099cb", "timestamp": "2026-09-16 17:00:00", "generated_at": "2026-09-16T23:31:17.755149", "nearest_km": 110.76558893774087, "n_points": 3, "weight_sum": 0.0001963505567664184, "confidence": "Low", "flagged": false }, "geometry": { "type": "Polygon", "coordinates": [ [ [ -118.442199330721451, 53.902951136779954 ], [ -118.392199330721454, 53.902951136779954 ], [ -118.392199330721454, 53.952951136779951 ], [ -118.442199330721451, 53.952951136779951 ], [ -118.442199330721451, 53.902951136779954 ] ] ] } },
{ "type": "Feature", "properties": { "value": 2, "label": "AQHI 2", "color": "#0099cb", "timestamp": "2026-09-16 17:00:00", "generated_at": "2026-09-16T23:31:17.755149", "nearest_km": 106.03386559681172, "n_points": 3, "weight_sum": 0.0002047250623399234, "confidence": "Low", "flagged": false }, "geometry": { "type": "Polygon", "coordinates": [ [ [ -118.392199330721454, 53.902951136779954 ], [ -118.342199330721456, 53.902951136779954 ], [ -118.342199330721456, 53.952951136779951 ], [ -118.392199330721454, 53.952951136779951 ], [ -118.392199330721454, 53.902951136779954 ] ] ] } },
{ "type": "Feature", "properties": { "value": 2, "label": "AQHI 2", "color": "#0099cb", "timestamp": "2026-09-16 17:00:00", "generated_at": "2026-09-16T23:31:17.755149", "nearest_km": 101.38515973297511, "n_points": 2, "weight_sum": 0.00016958514858252843, "confidence": "Low", "flagged": false }, "geometry": { "type": "Polygon", "coordinates": [ [ [ -118.342199330721456, 53.902951136779954 ], [ -118.292199330721459, 53.902951136779954 ], [ -118.292199330721459, 53.952951136779951 ], [ -118.342199330721456, 53.952951136779951 ], [ -118.342199330721456, 53.902951136779954 ] ] ] } },
{ "type": "Feature", "properties": { "value": 2, "label": "AQHI 2", "color": "#0099cb", "timestamp": "2026-09-16 17:00:00", "generated_at": "2026-09-16T23:31:17.755149", "nearest_km": 96.831428651853599, "n_points": 2, "weight_sum": 0.00018043435071638572, "confidence": "Low", "flagged": false }, "geometry": { "type": "Polygon", "coordinates": [ [ [ -118.292199330721459, 53.902951136779954 ], [ -118.242199330721462, 53.902951136779954 ], [ -118.242199330721462, 53.952951136779951 ], [ -118.292199330721459, 53.952951136779951 ], [ -118.292199330721459, 53.902951136779954 ] ] ] } },
{ "type": "Feature", "properties": { "value": 2, "label": "AQHI 2", "color": "#0099cb", "timestamp": "2026-09-16 17:00:00", "generated_at": "2026-09-16T23:31:17.755149", "nearest_km": 92.386717310645608, "n_points": 2, "weight_sum": 0.00019214122070959828, "confidence": "Low", "flagged": false }, "geometry": { "type": "Polygon", "coordinates": [ [ [ -118.242199330721462, 53.902951136779954 ], [ -118.192199330721465, 53.902951136779954 ], [ -118.192199330721465, 53.952951136779951 ], [ -118.242199330721462, 53.952951136779951 ], [ -118.242199330721462, 53.902951136779954 ] ] ] } },
{ "type": "Feature", "properties": { "value": 2, "label": "AQHI 2", "color": "#0099cb", "timestamp": "2026-09-16 17:00:00", "generated_at": "2026-09-16T23:31:17.755149", "nearest_km": 88.067533723360668, "n_points": 3, "weight_sum": 0.00024973700622704117, "confidence": "Low", "flagged": false }, "geometry": { "type": "Polygon", "coordinates": [ [ [ -118.192199330721465, 53.902951136779954 ], [ -118.142199330721468, 53.902951136779954 ], [ -118.142199330721468, 53.952951136779951 ], [ -118.192199330721465, 53.952951136779951 ], [ -118.192199330721465, 53.902951136779954 ] ] ] } },
{ "type": "Feature", "properties": { "value": 2, "label": "AQHI 2", "color": "#0099cb", "timestamp": "2026-09-16 17:00:00", "generated_at": "2026-09-16T23:31:17.755149", "nearest_km": 83.893268244796531, "n_points": 3, "weight_sum": 0.00026627538701580163, "confidence": "Low", "flagged": false }, "geometry": { "type": "Polygon", "coordinates": [ [ [ -118.142199330721468, 53.902951136779954 ], [ -118.092199330721471, 53.902951136779954 ], [ -118.092199330721471, 53.952951136779951 ], [ -118.142199330721468, 53.952951136779951 ], [ -118.142199330721468, 53.902951136779954 ] ] ] } },
{ "type": "Feature", "properties": { "value": 2, "label": "AQHI 2", "color": "#0099cb", "timestamp": "2026-09-16 17:00:00", "generated_at": "2026-09-16T23:31:17.755149", "nearest_km": 79.886641045117784, "n_points": 3, "weight_sum": 0.00028414344950535345, "confidence": "Low", "flagged": false }, "geometry": { "type": "Polygon", "coordinates": [ [ [ -118.092199330721471, 53.902951136779954 ], [ -118.042199330721473, 53.902951136779954 ], [ -118.042199330721473, 53.952951136779951 ], [ -118.092199330721471, 53.952951136779951 ], [ -118.092199330721471, 53.902951136779954 ] ] ] } },
{ "type": "Feature", "properties": { "value": 2, "label": "AQHI 2", "color": "#0099cb", "timestamp": "2026-09-16 17:00:00", "generated_at": "2026-09-16T23:31:17.755149", "nearest_km": 76.074143952788575, "n_points": 4, "weight_sum": 0.00034943899333012989, "confidence": "Low", "flagged": false }, "geometry": { "type": "Polygon", "coordinates": [ [ [ -118.042199330721473, 53.902951136779954 ], [ -117.992199330721476, 53.902951136779954 ], [ -117.992199330721476, 53.952951136779951 ], [ -118.042199330721473, 53.952951136779951 ], [ -118.042199330721473, 53.902951136779954 ] ] ] } },
{ "type": "Feature", "properties": { "value": 2, "label": "AQHI 2", "color": "#0099cb", "timestamp": "2026-09-16 17:00:00", "generated_at": "2026-09-16T23:31:17.755149", "nearest_km": 72.486414857045432, "n_points": 4, "weight_sum": 0.00037339495921999031, "confidence": "Medium", "flagged": false }, "geometry": { "type": "Polygon", "coordinates": [ [ [ -117.992199330721476, 53.902951136779954 ], [ -117.942199330721479, 53.902951136779954 ], [ -117.942199330721479, 53.952951136779951 ], [ -117.992199330721476, 53.952951136779951 ], [ -117.992199330721476, 53.902951136779954 ] ] ] } },
{ "type": "Feature", "properties": { "value": 2, "label": "AQHI 2", "color": "#0099cb", "timestamp": "2026-09-16 17:00:00", "generated_at": "2026-09-16T23:31:17.755149", "nearest_km": 69.158443443340914, "n_points": 4, "weight_sum": 0.00039887181228637713, "confidence": "Medium", "flagged": false }, "geometry": { "type": "Polygon", "coordinates": [ [ [ -117.942199330721479, 53.902951136779954 ], [ -117.892199330721482, 53.902951136779954 ], [ -117.892199330721482, 53.952951136779951 ], [ -117.942199330721479, 53.952951136779951 ], [ -117.942199330721479, 53.902951136779954 ] ] ] } },
{ "type": "Feature", "properties": { "value": 2, "label": "AQHI 2", "color": "#0099cb", "timestamp": "2026-09-16 17:00:00", "generated_at": "2026-09-16T23:31:17.755149", "nearest_km": 66.129458338805918, "n_points": 4, "weight_sum": 0.00042555789230120771, "confidence": "Medium", "flagged": false }, "geometry": { "type": "Polygon", "coordinates": [ [ [ -117.892199330721482, 53.902951136779954 ], [ -117.842199330721485, 53.902951136779954 ], [ -117.842199330721485, 53.952951136779951 ], [ -117.892199330721482, 53.952951136779951 ], [ -117.892199330721482, 53.902951136779954 ] ] ] } },
{ "type": "Feature", "properties": { "value": 2, "label": "AQHI 2", "color": "#0099cb", "timestamp": "2026-09-16 17:00:00", "generated_at": "2026-09-16T23:31:17.755149", "nearest_km": 63.442298357341549, "n_points": 4, "weight_sum": 0.00045290266643731628, "confidence": "Medium", "flagged": false }, "geometry": { "type": "Polygon", "coordinates": [ [ [ -117.842199330721485, 53.902951136779954 ], [ -117.792199330721488, 53.902951136779954 ], [ -117.792199330721488, 53.952951136779951 ], [ -117.842199330721485, 53.952951136779951 ], [ -117.842199330721485, 53.902951136779954 ] ] ] } },
{ "type": "Feature", "properties": { "value": 2, "label": "AQHI 2", "color": "#0099cb", "timestamp": "2026-09-16 17:00:00", "generated_at": "2026-09-16T23:31:17.755149", "nearest_km": 61.142049209525261, "n_points": 4, "weight_sum": 0.00048008355314103077, "confidence": "Medium", "flagged": false }, "geometry": { "type": "Polygon", "coordinates": [ [ [ -117.792199330721488, 53.902951136779954 ], [ -117.74219933072149, 53.902951136779954 ], [ -117.74219933072149, 53.952951136779951 ], [ -117.792199330721488, 53.952951136779951 ], [ -117.792199330721488, 53.902951136779954 ] ] ] } },
{ "type": "Feature", "properties": { "value": 2, "label": "AQHI 2", "color": "#0099cb", "timestamp": "2026-09-16 17:00:00", "generated_at": "2026-09-16T23:31:17.755149", "nearest_km": 59.273772802294864, "n_points": 4, "weight_sum": 0.00050602614577755108, "confidence": "Medium", "flagged": false }, "geometry": { "type": "Polygon", "coordinates": [ [ [ -117.74219933072149, 53.902951136779954 ], [ -117.692199330721493, 53.902951136779954 ], [ -117.692199330721493, 53.952951136779951 ], [ -117.74219933072149, 53.952951136779951 ], [ -117.74219933072149, 53.902951136779954 ] ] ] } },
{ "type": "Feature", "properties": { "value": 2, "label": "AQHI 2", "color": "#0099cb", "timestamp": "2026-09-16 17:00:00", "generated_at": "2026-09-16T23:31:17.755149", "nearest_km": 57.879314982955044, "n_points": 5, "weight_sum": 0.00057499793085652613, "confidence": "Medium", "flagged": false }, "geometry": { "type": "Polygon", "coordinates": [ [ [ -117.692199330721493, 53.902951136779954 ], [ -117.642199330721496, 53.902951136779954 ], [ -117.642199330721496, 53.952951136779951 ], [ -117.692199330721493, 53.952951136779951 ], [ -117.692199330721493, 53.902951136779954 ] ] ] } },
{ "type": "Feature", "properties": { "value": 2, "label": "AQHI 2", "color": "#0099cb", "timestamp": "2026-09-16 17:00:00", "generated_at": "2026-09-16T23:31:17.755149", "nearest_km": 56.993465095343787, "n_points": 5, "weight_sum": 0.0005983454063250228, "confidence": "Medium", "flagged": false }, "geometry": { "type": "Polygon", "coordinates": [ [ [ -117.642199330721496, 53.902951136779954 ], [ -117.592199330721499, 53.902951136779954 ], [ -117.592199330721499, 53.952951136779951 ], [ -117.642199330721496, 53.952951136779951 ], [ -117.642199330721496, 53.902951136779954 ] ] ] } },
{ "type": "Feature", "properties": { "value": 2, "label": "AQHI 2", "color": "#0099cb", "timestamp": "2026-09-16 17:00:00", "generated_at": "2026-09-16T23:31:17.755149", "nearest_km": 56.640092021925689, "n_points": 5, "weight_sum": 0.00061760004794135113, "confidence": "Medium", "flagged": false }, "geometry": { "type": "Polygon", "coordinates": [ [ [ -117.592199330721499, 53.902951136779954 ], [ -117.542199330721502, 53.902951136779954 ], [ -117.542199330721502, 53.952951136779951 ], [ -117.592199330721499, 53.952951136779951 ], [ -117.592199330721499, 53.902951136779954 ] ] ] } },
{ "type": "Feature", "properties": { "value": 2, "label": "AQHI 2", "color": "#0099cb", "timestamp": "2026-09-16 17:00:00", "generated_at": "2026-09-16T23:31:17.755149", "nearest_km": 56.829129721739037, "n_points": 5, "weight_sum": 0.00063249093623867565, "confidence": "Medium", "flagged": false }, "geometry": { "type": "Polygon", "coordinates": [ [ [ -117.542199330721502, 53.902951136779954 ], [ -117.492199330721505, 53.902951136779954 ], [ -117.492199330721505, 53.952951136779951 ], [ -117.542199330721502, 53.952951136779951 ], [ -117.542199330721502, 53.902951136779954 ] ] ] } },
{ "type": "Feature", "properties": { "value": 2, "label": "AQHI 2", "color": "#0099cb", "timestamp": "2026-09-16 17:00:00", "generated_at": "2026-09-16T23:31:17.755149", "nearest_km": 57.555233868070324, "n_points": 5, "weight_sum": 0.0006434010229392714, "confidence": "Medium", "flagged": false }, "geometry": { "type": "Polygon", "coordinates": [ [ [ -117.492199330721505, 53.902951136779954 ], [ -117.442199330721508, 53.902951136779954 ], [ -117.442199330721508, 53.952951136779951 ], [ -117.492199330721505, 53.952951136779951 ], [ -117.492199330721505, 53.902951136779954 ] ] ] } },
{ "type": "Feature", "properties": { "value": 2, "label": "AQHI 2", "color": "#0099cb", "timestamp": "2026-09-16 17:00:00", "generated_at": "2026-09-16T23:31:17.755149", "nearest_km": 58.79851108902578, "n_points": 5, "weight_sum": 0.00065130346108377923, "confidence": "Medium", "flagged": false }, "geometry": { "type": "Polygon", "coordinates": [ [ [ -117.442199330721508, 53.902951136779954 ], [ -117.39219933072151, 53.902951136779954 ], [ -117.39219933072151, 53.952951136779951 ], [ -117.442199330721508, 53.952951136779951 ], [ -117.442199330721508, 53.902951136779954 ] ] ] } },
{ "type": "Feature", "properties": { "value": 2, "label": "AQHI 2", "color": "#0099cb", "timestamp": "2026-09-16 17:00:00", "generated_at": "2026-09-16T23:31:17.755149", "nearest_km": 60.527100268923341, "n_points": 5, "weight_sum": 0.00065755264214744865, "confidence": "Medium", "flagged": false }, "geometry": { "type": "Polygon", "coordinates": [ [ [ -117.39219933072151, 53.902951136779954 ], [ -117.342199330721513, 53.902951136779954 ], [ -117.342199330721513, 53.952951136779951 ], [ -117.39219933072151, 53.952951136779951 ], [ -117.39219933072151, 53.902951136779954 ] ] ] } },
{ "type": "Feature", "properties": { "value": 2, "label": "AQHI 2", "color": "#0099cb", "timestamp": "2026-09-16 17:00:00", "generated_at": "2026-09-16T23:31:17.755149", "nearest_km": 62.700875812402366, "n_points": 5, "weight_sum": 0.00066361809938049639, "confidence": "Medium", "flagged": false }, "geometry": { "type": "Polygon", "coordinates": [ [ [ -117.342199330721513, 53.902951136779954 ], [ -117.292199330721516, 53.902951136779954 ], [ -117.292199330721516, 53.952951136779951 ], [ -117.342199330721513, 53.952951136779951 ], [ -117.342199330721513, 53.902951136779954 ] ] ] } },
{ "type": "Feature", "properties": { "value": 2, "label": "AQHI 2", "color": "#0099cb", "timestamp": "2026-09-16 17:00:00", "generated_at": "2026-09-16T23:31:17.755149", "nearest_km": 65.275376585051589, "n_points": 5, "weight_sum": 0.00067085198017279761, "confidence": "Medium", "flagged": false }, "geometry": { "type": "Polygon", "coordinates": [ [ [ -117.292199330721516, 53.902951136779954 ], [ -117.242199330721519, 53.902951136779954 ], [ -117.242199330721519, 53.952951136779951 ], [ -117.292199330721516, 53.952951136779951 ], [ -117.292199330721516, 53.902951136779954 ] ] ] } },
{ "type": "Feature", "properties": { "value": 2, "label": "AQHI 2", "color": "#0099cb", "timestamp": "2026-09-16 17:00:00", "generated_at": "2026-09-16T23:31:17.755149", "nearest_km": 68.205239894001508, "n_points": 5, "weight_sum": 0.00068033818773707106, "confidence": "Medium", "flagged": false }, "geometry": { "type": "Polygon", "coordinates": [ [ [ -117.242199330721519, 53.902951136779954 ], [ -117.192199330721522, 53.902951136779954 ], [ -117.192199330721522, 53.952951136779951 ], [ -117.242199330721519, 53.952951136779951 ], [ -117.242199330721519, 53.902951136779954 ] ] ] } },
{ "type": "Feature", "properties": { "value": 2, "label": "AQHI 2", "color": "#0099cb", "timestamp": "2026-09-16 17:00:00", "generated_at": "2026-09-16T23:31:17.755149", "nearest_km": 69.23683062761927, "n_points": 4, "weight_sum": 0.00064938168881140384, "confidence": "Medium", "flagged": false }, "geometry": { "type": "Polygon", "coordinates": [ [ [ -117.192199330721522, 53.902951136779954 ], [ -117.142199330721525, 53.902951136779954 ], [ -117.142199330721525, 53.952951136779951 ], [ -117.192199330721522, 53.952951136779951 ], [ -117.192199330721522, 53.902951136779954 ] ] ] } },
{ "type": "Feature", "properties": { "value": 2, "label": "AQHI 2", "color": "#0099cb", "timestamp": "2026-09-16 17:00:00", "generated_at": "2026-09-16T23:31:17.755149", "nearest_km": 65.977213702729713, "n_points": 4, "weight_sum": 0.00066730208117573393, "confidence": "Medium", "flagged": false }, "geometry": { "type": "Polygon", "coordinates": [ [ [ -117.142199330721525, 53.902951136779954 ], [ -117.092199330721527, 53.902951136779954 ], [ -117.092199330721527, 53.952951136779951 ], [ -117.142199330721525, 53.952951136779951 ], [ -117.142199330721525, 53.902951136779954 ] ] ] } },
{ "type": "Feature", "properties": { "value": 2, "label": "AQHI 2", "color": "#0099cb", "timestamp": "2026-09-16 17:00:00", "generated_at": "2026-09-16T23:31:17.755149", "nearest_km": 63.038494117433416, "n_points": 4, "weight_sum": 0.00068856680825597218, "confidence": "Medium", "flagged": false }, "geometry": { "type": "Polygon", "coordinates": [ [ [ -117.092199330721527, 53.902951136779954 ], [ -117.04219933072153, 53.902951136779954 ], [ -117.04219933072153, 53.952951136779951 ], [ -117.092199330721527, 53.952951136779951 ], [ -117.092199330721527, 53.902951136779954 ] ] ] } },
{ "type": "Feature", "properties": { "value": 2, "label": "AQHI 2", "color": "#0099cb", "timestamp": "2026-09-16 17:00:00", "generated_at": "2026-09-16T23:31:17.755149", "nearest_km": 60.467476821938767, "n_points": 4, "weight_sum": 0.00071289721090481541, "confidence": "Medium", "flagged": false }, "geometry": { "type": "Polygon", "coordinates": [ [ [ -117.04219933072153, 53.902951136779954 ], [ -116.992199330721533, 53.902951136779954 ], [ -116.992199330721533, 53.952951136779951 ], [ -117.04219933072153, 53.952951136779951 ], [ -117.04219933072153, 53.902951136779954 ] ] ] } },
{ "type": "Feature", "properties": { "value": 2, "label": "AQHI 2", "color": "#0099cb", "timestamp": "2026-09-16 17:00:00", "generated_at": "2026-09-16T23:31:17.755149", "nearest_km": 58.312818194884983, "n_points": 4, "weight_sum": 0.00073975390962468038, "confidence": "Medium", "flagged": false }, "geometry": { "type": "Polygon", "coordinates": [ [ [ -116.992199330721533, 53.902951136779954 ], [ -116.942199330721536, 53.902951136779954 ], [ -116.942199330721536, 53.952951136779951 ], [ -116.992199330721533, 53.952951136779951 ], [ -116.992199330721533, 53.902951136779954 ] ] ] } },
{ "type": "Feature", "properties": { "value": 2, "label": "AQHI 2", "color": "#0099cb", "timestamp": "2026-09-16 17:00:00", "generated_at": "2026-09-16T23:31:17.755149", "nearest_km": 56.622069711797977, "n_points": 4, "weight_sum": 0.0007684651929678861, "confidence": "Medium", "flagged": false }, "geometry": { "type": "Polygon", "coordinates": [ [ [ -116.942199330721536, 53.902951136779954 ], [ -116.892199330721539, 53.902951136779954 ], [ -116.892199330721539, 53.952951136779951 ], [ -116.942199330721536, 53.952951136779951 ], [ -116.942199330721536, 53.902951136779954 ] ] ] } },
{ "type": "Feature", "properties": { "value": 2, "label": "AQHI 2", "color": "#0099cb", "timestamp": "2026-09-16 17:00:00", "generated_at": "2026-09-16T23:31:17.755149", "nearest_km": 55.437692872861362, "n_points": 4, "weight_sum": 0.00079845666445610159, "confidence": "Medium", "flagged": false }, "geometry": { "type": "Polygon", "coordinates": [ [ [ -116.892199330721539, 53.902951136779954 ], [ -116.842199330721542, 53.902951136779954 ], [ -116.842199330721542, 53.952951136779951 ], [ -116.892199330721539, 53.952951136779951 ], [ -116.892199330721539, 53.902951136779954 ] ] ] } },
{ "type": "Feature", "properties": { "value": 2, "label": "AQHI 2", "color": "#0099cb", "timestamp": "2026-09-16 17:00:00", "generated_at": "2026-09-16T23:31:17.755149", "nearest_km": 54.792534196582743, "n_points": 4, "weight_sum": 0.00082956807301207526, "confidence": "Medium", "flagged": false }, "geometry": { "type": "Polygon", "coordinates": [ [ [ -116.842199330721542, 53.902951136779954 ], [ -116.792199330721544, 53.902951136779954 ], [ -116.792199330721544, 53.952951136779951 ], [ -116.842199330721542, 53.952951136779951 ], [ -116.842199330721542, 53.902951136779954 ] ] ] } },
{ "type": "Feature", "properties": { "value": 2, "label": "AQHI 2", "color": "#0099cb", "timestamp": "2026-09-16 17:00:00", "generated_at": "2026-09-16T23:31:17.755149", "nearest_km": 54.705674443348826, "n_points": 4, "weight_sum": 0.00086236028131857494, "confidence": "Medium", "flagged": false }, "geometry": { "type": "Polygon", "coordinates": [ [ [ -116.792199330721544, 53.902951136779954 ], [ -116.742199330721547, 53.902951136779954 ], [ -116.742199330721547, 53.952951136779951 ], [ -116.792199330721544, 53.952951136779951 ], [ -116.792199330721544, 53.902951136779954 ] ] ] } },
{ "type": "Feature", "properties": { "value": 2, "label": "AQHI 2", "color": "#0099cb", "timestamp": "2026-09-16 17:00:00", "generated_at": "2026-09-16T23:31:17.755149", "nearest_km": 51.801047608414265, "n_points": 4, "weight_sum": 0.00089823235006783702, "confidence": "Medium", "flagged": false }, "geometry": { "type": "Polygon", "coordinates": [ [ [ -116.742199330721547, 53.902951136779954 ], [ -116.69219933072155, 53.902951136779954 ], [ -116.69219933072155, 53.952951136779951 ], [ -116.742199330721547, 53.952951136779951 ], [ -116.742199330721547, 53.902951136779954 ] ] ] } },
{ "type": "Feature", "properties": { "value": 2, "label": "AQHI 2", "color": "#0099cb", "timestamp": "2026-09-16 17:00:00", "generated_at": "2026-09-16T23:31:17.755149", "nearest_km": 47.787331079975715, "n_points": 4, "weight_sum": 0.00093913589750418784, "confidence": "Medium", "flagged": false }, "geometry": { "type": "Polygon", "coordinates": [ [ [ -116.69219933072155, 53.902951136779954 ], [ -116.642199330721553, 53.902951136779954 ], [ -116.642199330721553, 53.952951136779951 ], [ -116.69219933072155, 53.952951136779951 ], [ -116.69219933072155, 53.902951136779954 ] ] ] } },
{ "type": "Feature", "properties": { "value": 2, "label": "AQHI 2", "color": "#0099cb", "timestamp": "2026-09-16 17:00:00", "generated_at": "2026-09-16T23:31:17.755149", "nearest_km": 44.107986693627453, "n_points": 4, "weight_sum": 0.00098670690597940907, "confidence": "Medium", "flagged": false }, "geometry": { "type": "Polygon", "coordinates": [ [ [ -116.642199330721553, 53.902951136779954 ], [ -116.592199330721556, 53.902951136779954 ], [ -116.592199330721556, 53.952951136779951 ], [ -116.642199330721553, 53.952951136779951 ], [ -116.642199330721553, 53.902951136779954 ] ] ] } },
{ "type": "Feature", "properties": { "value": 2, "label": "AQHI 2", "color": "#0099cb", "timestamp": "2026-09-16 17:00:00", "generated_at": "2026-09-16T23:31:17.755149", "nearest_km": 40.853457241501772, "n_points": 4, "weight_sum": 0.0010407296545053169, "confidence": "Medium", "flagged": false }, "geometry": { "type": "Polygon", "coordinates": [ [ [ -116.592199330721556, 53.902951136779954 ], [ -116.542199330721559, 53.902951136779954 ], [ -116.542199330721559, 53.952951136779951 ], [ -116.592199330721556, 53.952951136779951 ], [ -116.592199330721556, 53.902951136779954 ] ] ] } },
{ "type": "Feature", "properties": { "value": 2, "label": "AQHI 2", "color": "#0099cb", "timestamp": "2026-09-16 17:00:00", "generated_at": "2026-09-16T23:31:17.755149", "nearest_km": 38.132669025406592, "n_points": 4, "weight_sum": 0.0010971109433477741, "confidence": "Medium", "flagged": false }, "geometry": { "type": "Polygon", "coordinates": [ [ [ -116.542199330721559, 53.902951136779954 ], [ -116.492199330721562, 53.902951136779954 ], [ -116.492199330721562, 53.952951136779951 ], [ -116.542199330721559, 53.952951136779951 ], [ -116.542199330721559, 53.902951136779954 ] ] ] } },
{ "type": "Feature", "properties": { "value": 2, "label": "AQHI 2", "color": "#0099cb", "timestamp": "2026-09-16 17:00:00", "generated_at": "2026-09-16T23:31:17.755149", "nearest_km": 36.066617881625476, "n_points": 4, "weight_sum": 0.0011462609592500436, "confidence": "Medium", "flagged": false }, "geometry": { "type": "Polygon", "coordinates": [ [ [ -116.492199330721562, 53.902951136779954 ], [ -116.442199330721564, 53.902951136779954 ], [ -116.442199330721564, 53.952951136779951 ], [ -116.492199330721562, 53.952951136779951 ], [ -116.492199330721562, 53.902951136779954 ] ] ] } },
{ "type": "Feature", "properties": { "value": 2, "label": "AQHI 2", "color": "#0099cb", "timestamp": "2026-09-16 17:00:00", "generated_at": "2026-09-16T23:31:17.755149", "nearest_km": 34.772207347782263, "n_points": 4, "weight_sum": 0.0011738961083859435, "confidence": "Medium", "flagged": false }, "geometry": { "type": "Polygon", "coordinates": [ [ [ -116.442199330721564, 53.902951136779954 ], [ -116.392199330721567, 53.902951136779954 ], [ -116.392199330721567, 53.952951136779951 ], [ -116.442199330721564, 53.952951136779951 ], [ -116.442199330721564, 53.902951136779954 ] ] ] } },
{ "type": "Feature", "properties": { "value": 2, "label": "AQHI 2", "color": "#0099cb", "timestamp": "2026-09-16 17:00:00", "generated_at": "2026-09-16T23:31:17.755149", "nearest_km": 34.336815260812003, "n_points": 4, "weight_sum": 0.0011661840387425806, "confidence": "Medium", "flagged": false }, "geometry": { "type": "Polygon", "coordinates": [ [ [ -116.392199330721567, 53.902951136779954 ], [ -116.34219933072157, 53.902951136779954 ], [ -116.34219933072157, 53.952951136779951 ], [ -116.392199330721567, 53.952951136779951 ], [ -116.392199330721567, 53.902951136779954 ] ] ] } },
{ "type": "Feature", "properties": { "value": 2, "label": "AQHI 2", "color": "#0099cb", "timestamp": "2026-09-16 17:00:00", "generated_at": "2026-09-16T23:31:17.755149", "nearest_km": 34.792705567016398, "n_points": 4, "weight_sum": 0.0011174553688786094, "confidence": "Medium", "flagged": false }, "geometry": { "type": "Polygon", "coordinates": [ [ [ -116.34219933072157, 53.902951136779954 ], [ -116.292199330721573, 53.902951136779954 ], [ -116.292199330721573, 53.952951136779951 ], [ -116.34219933072157, 53.952951136779951 ], [ -116.34219933072157, 53.902951136779954 ] ] ] } },
{ "type": "Feature", "properties": { "value": 2, "label": "AQHI 2", "color": "#0099cb", "timestamp": "2026-09-16 17:00:00", "generated_at": "2026-09-16T23:31:17.755149", "nearest_km": 36.106132984453609, "n_points": 3, "weight_sum": 0.00099204840893915417, "confidence": "Medium", "flagged": false }, "geometry": { "type": "Polygon", "coordinates": [ [ [ -116.292199330721573, 53.902951136779954 ], [ -116.242199330721576, 53.902951136779954 ], [ -116.242199330721576, 53.952951136779951 ], [ -116.292199330721573, 53.952951136779951 ], [ -116.292199330721573, 53.902951136779954 ] ] ] } },
{ "type": "Feature", "properties": { "value": 2, "label": "AQHI 2", "color": "#0099cb", "timestamp": "2026-09-16 17:00:00", "generated_at": "2026-09-16T23:31:17.755149", "nearest_km": 38.188719767871206, "n_points": 3, "weight_sum": 0.00089125059824057091, "confidence": "Medium", "flagged": false }, "geometry": { "type": "Polygon", "coordinates": [ [ [ -116.242199330721576, 53.902951136779954 ], [ -116.192199330721579, 53.902951136779954 ], [ -116.192199330721579, 53.952951136779951 ], [ -116.242199330721576, 53.952951136779951 ], [ -116.242199330721576, 53.902951136779954 ] ] ] } },
{ "type": "Feature", "properties": { "value": 2, "label": "AQHI 2", "color": "#0099cb", "timestamp": "2026-09-16 17:00:00", "generated_at": "2026-09-16T23:31:17.755149", "nearest_km": 40.923206080742716, "n_points": 3, "weight_sum": 0.00078516851832711185, "confidence": "Medium", "flagged": false }, "geometry": { "type": "Polygon", "coordinates": [ [ [ -116.192199330721579, 53.902951136779954 ], [ -116.142199330721581, 53.902951136779954 ], [ -116.142199330721581, 53.952951136779951 ], [ -116.192199330721579, 53.952951136779951 ], [ -116.192199330721579, 53.902951136779954 ] ] ] } },
{ "type": "Feature", "properties": { "value": 2, "label": "AQHI 2", "color": "#0099cb", "timestamp": "2026-09-16 17:00:00", "generated_at": "2026-09-16T23:31:17.755149", "nearest_km": 44.188734699523501, "n_points": 4, "weight_sum": 0.0007293051300938404, "confidence": "Medium", "flagged": false }, "geometry": { "type": "Polygon", "coordinates": [ [ [ -116.142199330721581, 53.902951136779954 ], [ -116.092199330721584, 53.902951136779954 ], [ -116.092199330721584, 53.952951136779951 ], [ -116.142199330721581, 53.952951136779951 ], [ -116.142199330721581, 53.902951136779954 ] ] ] } },
{ "type": "Feature", "properties": { "value": 2, "label": "AQHI 2", "color": "#0099cb", "timestamp": "2026-09-16 17:00:00", "generated_at": "2026-09-16T23:31:17.755149", "nearest_km": 47.876766314808677, "n_points": 4, "weight_sum": 0.00064232984506884159, "confidence": "Medium", "flagged": false }, "geometry": { "type": "Polygon", "coordinates": [ [ [ -116.092199330721584, 53.902951136779954 ], [ -116.042199330721587, 53.902951136779954 ], [ -116.042199330721587, 53.952951136779951 ], [ -116.092199330721584, 53.952951136779951 ], [ -116.092199330721584, 53.902951136779954 ] ] ] } },
{ "type": "Feature", "properties": { "value": 2, "label": "AQHI 2", "color": "#0099cb", "timestamp": "2026-09-16 17:00:00", "generated_at": "2026-09-16T23:31:17.755149", "nearest_km": 51.897304662002625, "n_points": 4, "weight_sum": 0.00056796506187137361, "confidence": "Medium", "flagged": false }, "geometry": { "type": "Polygon", "coordinates": [ [ [ -116.042199330721587, 53.902951136779954 ], [ -115.99219933072159, 53.902951136779954 ], [ -115.99219933072159, 53.952951136779951 ], [ -116.042199330721587, 53.952951136779951 ], [ -116.042199330721587, 53.902951136779954 ] ] ] } },
{ "type": "Feature", "properties": { "value": 2, "label": "AQHI 2", "color": "#0099cb", "timestamp": "2026-09-16 17:00:00", "generated_at": "2026-09-16T23:31:17.755149", "nearest_km": 56.179005950609628, "n_points": 4, "weight_sum": 0.00050573602925890336, "confidence": "Medium", "flagged": false }, "geometry": { "type": "Polygon", "coordinates": [ [ [ -115.99219933072159, 53.902951136779954 ], [ -115.942199330721593, 53.902951136779954 ], [ -115.942199330721593, 53.952951136779951 ], [ -115.99219933072159, 53.952951136779951 ], [ -115.99219933072159, 53.902951136779954 ] ] ] } },
{ "type": "Feature", "properties": { "value": 2, "label": "AQHI 2", "color": "#0099cb", "timestamp": "2026-09-16 17:00:00", "generated_at": "2026-09-16T23:31:17.755149", "nearest_km": 60.666598619145766, "n_points": 3, "weight_sum": 0.00041187009151715556, "confidence": "Medium", "flagged": false }, "geometry": { "type": "Polygon", "coordinates": [ [ [ -115.942199330721593, 53.902951136779954 ], [ -115.892199330721596, 53.902951136779954 ], [ -115.892199330721596, 53.952951136779951 ], [ -115.942199330721593, 53.952951136779951 ], [ -115.942199330721593, 53.902951136779954 ] ] ] } },
{ "type": "Feature", "properties": { "value": 2, "label": "AQHI 2", "color": "#0099cb", "timestamp": "2026-09-16 17:00:00", "generated_at": "2026-09-16T23:31:17.755149", "nearest_km": 65.317659682772145, "n_points": 3, "weight_sum": 0.00037206977266816187, "confidence": "Medium", "flagged": false }, "geometry": { "type": "Polygon", "coordinates": [ [ [ -115.892199330721596, 53.902951136779954 ], [ -115.842199330721598, 53.902951136779954 ], [ -115.842199330721598, 53.952951136779951 ], [ -115.892199330721596, 53.952951136779951 ], [ -115.892199330721596, 53.902951136779954 ] ] ] } },
{ "type": "Feature", "properties": { "value": 2, "label": "AQHI 2", "color": "#0099cb", "timestamp": "2026-09-16 17:00:00", "generated_at": "2026-09-16T23:31:17.755149", "nearest_km": 70.09965866430683, "n_points": 3, "weight_sum": 0.0003398046291325749, "confidence": "Medium", "flagged": false }, "geometry": { "type": "Polygon", "coordinates": [ [ [ -115.842199330721598, 53.902951136779954 ], [ -115.792199330721601, 53.902951136779954 ], [ -115.792199330721601, 53.952951136779951 ], [ -115.842199330721598, 53.952951136779951 ], [ -115.842199330721598, 53.902951136779954 ] ] ] } },
{ "type": "Feature", "properties": { "value": 2, "label": "AQHI 2", "color": "#0099cb", "timestamp": "2026-09-16 17:00:00", "generated_at": "2026-09-16T23:31:17.755149", "nearest_km": 74.987549788416302, "n_points": 3, "weight_sum": 0.00031380572096184226, "confidence": "Medium", "flagged": false }, "geometry": { "type": "Polygon", "coordinates": [ [ [ -115.792199330721601, 53.902951136779954 ], [ -115.742199330721604, 53.902951136779954 ], [ -115.742199330721604, 53.952951136779951 ], [ -115.792199330721601, 53.952951136779951 ], [ -115.792199330721601, 53.902951136779954 ] ] ] } },
{ "type": "Feature", "properties": { "value": 2, "label": "AQHI 2", "color": "#0099cb", "timestamp": "2026-09-16 17:00:00", "generated_at": "2026-09-16T23:31:17.755149", "nearest_km": 79.961916570878245, "n_points": 3, "weight_sum": 0.00029302298820947615, "confidence": "Low", "flagged": false }, "geometry": { "type": "Polygon", "coordinates": [ [ [ -115.742199330721604, 53.902951136779954 ], [ -115.692199330721607, 53.902951136779954 ], [ -115.692199330721607, 53.952951136779951 ], [ -115.742199330721604, 53.952951136779951 ], [ -115.742199330721604, 53.902951136779954 ] ] ] } },
{ "type": "Feature", "properties": { "value": 2, "label": "AQHI 2", "color": "#0099cb", "timestamp": "2026-09-16 17:00:00", "generated_at": "2026-09-16T23:31:17.755149", "nearest_km": 85.007579545038013, "n_points": 3, "weight_sum": 0.00027660361628625488, "confidence": "Low", "flagged": false }, "geometry": { "type": "Polygon", "coordinates": [ [ [ -115.692199330721607, 53.902951136779954 ], [ -115.64219933072161, 53.902951136779954 ], [ -115.64219933072161, 53.952951136779951 ], [ -115.692199330721607, 53.952951136779951 ], [ -115.692199330721607, 53.902951136779954 ] ] ] } },
{ "type": "Feature", "properties": { "value": 2, "label": "AQHI 2", "color": "#0099cb", "timestamp": "2026-09-16 17:00:00", "generated_at": "2026-09-16T23:31:17.755149", "nearest_km": 90.112563266859894, "n_points": 3, "weight_sum": 0.00026385753256936832, "confidence": "Low", "flagged": false }, "geometry": { "type": "Polygon", "coordinates": [ [ [ -115.64219933072161, 53.902951136779954 ], [ -115.592199330721613, 53.902951136779954 ], [ -115.592199330721613, 53.952951136779951 ], [ -115.64219933072161, 53.952951136779951 ], [ -115.64219933072161, 53.902951136779954 ] ] ] } },
{ "type": "Feature", "properties": { "value": 2, "label": "AQHI 2", "color": "#0099cb", "timestamp": "2026-09-16 17:00:00", "generated_at": "2026-09-16T23:31:17.755149", "nearest_km": 95.267331950368401, "n_points": 3, "weight_sum": 0.00025422134238207067, "confidence": "Low", "flagged": false }, "geometry": { "type": "Polygon", "coordinates": [ [ [ -115.592199330721613, 53.902951136779954 ], [ -115.542199330721616, 53.902951136779954 ], [ -115.542199330721616, 53.952951136779951 ], [ -115.592199330721613, 53.952951136779951 ], [ -115.592199330721613, 53.902951136779954 ] ] ] } },
{ "type": "Feature", "properties": { "value": 2, "label": "AQHI 2", "color": "#0099cb", "timestamp": "2026-09-16 17:00:00", "generated_at": "2026-09-16T23:31:17.755149", "nearest_km": 97.944120544155595, "n_points": 2, "weight_sum": 0.00020332010565162571, "confidence": "Low", "flagged": false }, "geometry": { "type": "Polygon", "coordinates": [ [ [ -115.542199330721616, 53.902951136779954 ], [ -115.492199330721618, 53.902951136779954 ], [ -115.492199330721618, 53.952951136779951 ], [ -115.542199330721616, 53.952951136779951 ], [ -115.542199330721616, 53.902951136779954 ] ] ] } },
{ "type": "Feature", "properties": { "value": 2, "label": "AQHI 2", "color": "#0099cb", "timestamp": "2026-09-16 17:00:00", "generated_at": "2026-09-16T23:31:17.755149", "nearest_km": 94.527067290729008, "n_points": 2, "weight_sum": 0.00020142543379965877, "confidence": "Low", "flagged": false }, "geometry": { "type": "Polygon", "coordinates": [ [ [ -115.492199330721618, 53.902951136779954 ], [ -115.442199330721621, 53.902951136779954 ], [ -115.442199330721621, 53.952951136779951 ], [ -115.492199330721618, 53.952951136779951 ], [ -115.492199330721618, 53.902951136779954 ] ] ] } },
{ "type": "Feature", "properties": { "value": 2, "label": "AQHI 2", "color": "#0099cb", "timestamp": "2026-09-16 17:00:00", "generated_at": "2026-09-16T23:31:17.755149", "nearest_km": 91.319697502805667, "n_points": 2, "weight_sum": 0.00020113414410539391, "confidence": "Low", "flagged": false }, "geometry": { "type": "Polygon", "coordinates": [ [ [ -115.442199330721621, 53.902951136779954 ], [ -115.392199330721624, 53.902951136779954 ], [ -115.392199330721624, 53.952951136779951 ], [ -115.442199330721621, 53.952951136779951 ], [ -115.442199330721621, 53.902951136779954 ] ] ] } },
{ "type": "Feature", "properties": { "value": 2, "label": "AQHI 2", "color": "#0099cb", "timestamp": "2026-09-16 17:00:00", "generated_at": "2026-09-16T23:31:17.755149", "nearest_km": 87.735502567489362, "n_points": 3, "weight_sum": 0.00024506617535925462, "confidence": "Low", "flagged": false }, "geometry": { "type": "Polygon", "coordinates": [ [ [ -118.142199330721468, 53.952951136779951 ], [ -118.092199330721471, 53.952951136779951 ], [ -118.092199330721471, 54.002951136779949 ], [ -118.142199330721468, 54.002951136779949 ], [ -118.142199330721468, 53.952951136779951 ] ] ] } },
{ "type": "Feature", "properties": { "value": 2, "label": "AQHI 2", "color": "#0099cb", "timestamp": "2026-09-16 17:00:00", "generated_at": "2026-09-16T23:31:17.755149", "nearest_km": 83.912534054502501, "n_points": 3, "weight_sum": 0.00026012273611025077, "confidence": "Low", "flagged": false }, "geometry": { "type": "Polygon", "coordinates": [ [ [ -118.092199330721471, 53.952951136779951 ], [ -118.042199330721473, 53.952951136779951 ], [ -118.042199330721473, 54.002951136779949 ], [ -118.092199330721471, 54.002951136779949 ], [ -118.092199330721471, 53.952951136779951 ] ] ] } },
{ "type": "Feature", "properties": { "value": 2, "label": "AQHI 2", "color": "#0099cb", "timestamp": "2026-09-16 17:00:00", "generated_at": "2026-09-16T23:31:17.755149", "nearest_km": 80.291427513316421, "n_points": 4, "weight_sum": 0.00032338698278984944, "confidence": "Low", "flagged": false }, "geometry": { "type": "Polygon", "coordinates": [ [ [ -118.042199330721473, 53.952951136779951 ], [ -117.992199330721476, 53.952951136779951 ], [ -117.992199330721476, 54.002951136779949 ], [ -118.042199330721473, 54.002951136779949 ], [ -118.042199330721473, 53.952951136779951 ] ] ] } },
{ "type": "Feature", "properties": { "value": 2, "label": "AQHI 2", "color": "#0099cb", "timestamp": "2026-09-16 17:00:00", "generated_at": "2026-09-16T23:31:17.755149", "nearest_km": 76.900704111238426, "n_points": 4, "weight_sum": 0.00034371947242067271, "confidence": "Low", "flagged": false }, "geometry": { "type": "Polygon", "coordinates": [ [ [ -117.992199330721476, 53.952951136779951 ], [ -117.942199330721479, 53.952951136779951 ], [ -117.942199330721479, 54.002951136779949 ], [ -117.992199330721476, 54.002951136779949 ], [ -117.992199330721476, 53.952951136779951 ] ] ] } },
{ "type": "Feature", "properties": { "value": 2, "label": "AQHI 2", "color": "#0099cb", "timestamp": "2026-09-16 17:00:00", "generated_at": "2026-09-16T23:31:17.755149", "nearest_km": 73.772137379110347, "n_points": 4, "weight_sum": 0.00036505364416939204, "confidence": "Medium", "flagged": false }, "geometry": { "type": "Polygon", "coordinates": [ [ [ -117.942199330721479, 53.952951136779951 ], [ -117.892199330721482, 53.952951136779951 ], [ -117.892199330721482, 54.002951136779949 ], [ -117.942199330721479, 54.002951136779949 ], [ -117.942199330721479, 53.952951136779951 ] ] ] } },
{ "type": "Feature", "properties": { "value": 2, "label": "AQHI 2", "color": "#0099cb", "timestamp": "2026-09-16 17:00:00", "generated_at": "2026-09-16T23:31:17.755149", "nearest_km": 70.940420171862613, "n_points": 4, "weight_sum": 0.00038711918444420335, "confidence": "Medium", "flagged": false }, "geometry": { "type": "Polygon", "coordinates": [ [ [ -117.892199330721482, 53.952951136779951 ], [ -117.842199330721485, 53.952951136779951 ], [ -117.842199330721485, 54.002951136779949 ], [ -117.892199330721482, 54.002951136779949 ], [ -117.892199330721482, 53.952951136779951 ] ] ] } },
{ "type": "Feature", "properties": { "value": 2, "label": "AQHI 2", "color": "#0099cb", "timestamp": "2026-09-16 17:00:00", "generated_at": "2026-09-16T23:31:17.755149", "nearest_km": 68.442407722394492, "n_points": 4, "weight_sum": 0.00040950037892284208, "confidence": "Medium", "flagged": false }, "geometry": { "type": "Polygon", "coordinates": [ [ [ -117.842199330721485, 53.952951136779951 ], [ -117.792199330721488, 53.952951136779951 ], [ -117.792199330721488, 54.002951136779949 ], [ -117.842199330721485, 54.002951136779949 ], [ -117.842199330721485, 53.952951136779951 ] ] ] } },
{ "type": "Feature", "properties": { "value": 2, "label": "AQHI 2", "color": "#0099cb", "timestamp": "2026-09-16 17:00:00", "generated_at": "2026-09-16T23:31:17.755149", "nearest_km": 66.31582115541174, "n_points": 4, "weight_sum": 0.00043163314780420633, "confidence": "Medium", "flagged": false }, "geometry": { "type": "Polygon", "coordinates": [ [ [ -117.792199330721488, 53.952951136779951 ], [ -117.74219933072149, 53.952951136779951 ], [ -117.74219933072149, 54.002951136779949 ], [ -117.792199330721488, 54.002951136779949 ], [ -117.792199330721488, 53.952951136779951 ] ] ] } },
{ "type": "Feature", "properties": { "value": 2, "label": "AQHI 2", "color": "#0099cb", "timestamp": "2026-09-16 17:00:00", "generated_at": "2026-09-16T23:31:17.755149", "nearest_km": 64.597353631511993, "n_points": 4, "weight_sum": 0.0004528360581004193, "confidence": "Medium", "flagged": false }, "geometry": { "type": "Polygon", "coordinates": [ [ [ -117.74219933072149, 53.952951136779951 ], [ -117.692199330721493, 53.952951136779951 ], [ -117.692199330721493, 54.002951136779949 ], [ -117.74219933072149, 54.002951136779949 ], [ -117.74219933072149, 53.952951136779951 ] ] ] } },
{ "type": "Feature", "properties": { "value": 2, "label": "AQHI 2", "color": "#0099cb", "timestamp": "2026-09-16 17:00:00", "generated_at": "2026-09-16T23:31:17.755149", "nearest_km": 63.320242078443364, "n_points": 5, "weight_sum": 0.00051703882959867149, "confidence": "Medium", "flagged": false }, "geometry": { "type": "Polygon", "coordinates": [ [ [ -117.692199330721493, 53.952951136779951 ], [ -117.642199330721496, 53.952951136779951 ], [ -117.642199330721496, 54.002951136779949 ], [ -117.692199330721493, 54.002951136779949 ], [ -117.692199330721493, 53.952951136779951 ] ] ] } },
{ "type": "Feature", "properties": { "value": 2, "label": "AQHI 2", "color": "#0099cb", "timestamp": "2026-09-16 17:00:00", "generated_at": "2026-09-16T23:31:17.755149", "nearest_km": 62.511543074465187, "n_points": 5, "weight_sum": 0.00053765482055414746, "confidence": "Medium", "flagged": false }, "geometry": { "type": "Polygon", "coordinates": [ [ [ -117.642199330721496, 53.952951136779951 ], [ -117.592199330721499, 53.952951136779951 ], [ -117.592199330721499, 54.002951136779949 ], [ -117.642199330721496, 54.002951136779949 ], [ -117.642199330721496, 53.952951136779951 ] ] ] } },
{ "type": "Feature", "properties": { "value": 2, "label": "AQHI 2", "color": "#0099cb", "timestamp": "2026-09-16 17:00:00", "generated_at": "2026-09-16T23:31:17.755149", "nearest_km": 62.189532706306423, "n_points": 5, "weight_sum": 0.00055591904087893022, "confidence": "Medium", "flagged": false }, "geometry": { "type": "Polygon", "coordinates": [ [ [ -117.592199330721499, 53.952951136779951 ], [ -117.542199330721502, 53.952951136779951 ], [ -117.542199330721502, 54.002951136779949 ], [ -117.592199330721499, 54.002951136779949 ], [ -117.592199330721499, 53.952951136779951 ] ] ] } },
{ "type": "Feature", "properties": { "value": 2, "label": "AQHI 2", "color": "#0099cb", "timestamp": "2026-09-16 17:00:00", "generated_at": "2026-09-16T23:31:17.755149", "nearest_km": 62.36175060809942, "n_points": 5, "weight_sum": 0.00057178479549813794, "confidence": "Medium", "flagged": false }, "geometry": { "type": "Polygon", "coordinates": [ [ [ -117.542199330721502, 53.952951136779951 ], [ -117.492199330721505, 53.952951136779951 ], [ -117.492199330721505, 54.002951136779949 ], [ -117.542199330721502, 54.002951136779949 ], [ -117.542199330721502, 53.952951136779951 ] ] ] } },
{ "type": "Feature", "properties": { "value": 2, "label": "AQHI 2", "color": "#0099cb", "timestamp": "2026-09-16 17:00:00", "generated_at": "2026-09-16T23:31:17.755149", "nearest_km": 63.024145369729645, "n_points": 5, "weight_sum": 0.00058559986274482384, "confidence": "Medium", "flagged": false }, "geometry": { "type": "Polygon", "coordinates": [ [ [ -117.492199330721505, 53.952951136779951 ], [ -117.442199330721508, 53.952951136779951 ], [ -117.442199330721508, 54.002951136779949 ], [ -117.492199330721505, 54.002951136779949 ], [ -117.492199330721505, 53.952951136779951 ] ] ] } },
{ "type": "Feature", "properties": { "value": 2, "label": "AQHI 2", "color": "#0099cb", "timestamp": "2026-09-16 17:00:00", "generated_at": "2026-09-16T23:31:17.755149", "nearest_km": 64.161537234256116, "n_points": 5, "weight_sum": 0.00059807806581533218, "confidence": "Medium", "flagged": false }, "geometry": { "type": "Polygon", "coordinates": [ [ [ -117.442199330721508, 53.952951136779951 ], [ -117.39219933072151, 53.952951136779951 ], [ -117.39219933072151, 54.002951136779949 ], [ -117.442199330721508, 54.002951136779949 ], [ -117.442199330721508, 53.952951136779951 ] ] ] } },
{ "type": "Feature", "properties": { "value": 2, "label": "AQHI 2", "color": "#0099cb", "timestamp": "2026-09-16 17:00:00", "generated_at": "2026-09-16T23:31:17.755149", "nearest_km": 65.749280003212547, "n_points": 5, "weight_sum": 0.00061019699254314091, "confidence": "Medium", "flagged": false }, "geometry": { "type": "Polygon", "coordinates": [ [ [ -117.39219933072151, 53.952951136779951 ], [ -117.342199330721513, 53.952951136779951 ], [ -117.342199330721513, 54.002951136779949 ], [ -117.39219933072151, 54.002951136779949 ], [ -117.39219933072151, 53.952951136779951 ] ] ] } },
{ "type": "Feature", "properties": { "value": 2, "label": "AQHI 2", "color": "#0099cb", "timestamp": "2026-09-16 17:00:00", "generated_at": "2026-09-16T23:31:17.755149", "nearest_km": 67.75572139398156, "n_points": 5, "weight_sum": 0.00062305713746750515, "confidence": "Medium", "flagged": false }, "geometry": { "type": "Polygon", "coordinates": [ [ [ -117.342199330721513, 53.952951136779951 ], [ -117.292199330721516, 53.952951136779951 ], [ -117.292199330721516, 54.002951136779949 ], [ -117.342199330721513, 54.002951136779949 ], [ -117.342199330721513, 53.952951136779951 ] ] ] } },
{ "type": "Feature", "properties": { "value": 2, "label": "AQHI 2", "color": "#0099cb", "timestamp": "2026-09-16 17:00:00", "generated_at": "2026-09-16T23:31:17.755149", "nearest_km": 70.144940960106652, "n_points": 5, "weight_sum": 0.00063774096205398945, "confidence": "Medium", "flagged": false }, "geometry": { "type": "Polygon", "coordinates": [ [ [ -117.292199330721516, 53.952951136779951 ], [ -117.242199330721519, 53.952951136779951 ], [ -117.242199330721519, 54.002951136779949 ], [ -117.292199330721516, 54.002951136779949 ], [ -117.292199330721516, 53.952951136779951 ] ] ] } },
{ "type": "Feature", "properties": { "value": 2, "label": "AQHI 2", "color": "#0099cb", "timestamp": "2026-09-16 17:00:00", "generated_at": "2026-09-16T23:31:17.755149", "nearest_km": 68.702493442132209, "n_points": 4, "weight_sum": 0.00061216823689114836, "confidence": "Medium", "flagged": false }, "geometry": { "type": "Polygon", "coordinates": [ [ [ -117.242199330721519, 53.952951136779951 ], [ -117.192199330721522, 53.952951136779951 ], [ -117.192199330721522, 54.002951136779949 ], [ -117.242199330721519, 54.002951136779949 ], [ -117.242199330721519, 53.952951136779951 ] ] ] } },
{ "type": "Feature", "properties": { "value": 2, "label": "AQHI 2", "color": "#0099cb", "timestamp": "2026-09-16 17:00:00", "generated_at": "2026-09-16T23:31:17.755149", "nearest_km": 64.943680352935445, "n_points": 4, "weight_sum": 0.00063500746104706309, "confidence": "Medium", "flagged": false }, "geometry": { "type": "Polygon", "coordinates": [ [ [ -117.192199330721522, 53.952951136779951 ], [ -117.142199330721525, 53.952951136779951 ], [ -117.142199330721525, 54.002951136779949 ], [ -117.192199330721522, 54.002951136779949 ], [ -117.192199330721522, 53.952951136779951 ] ] ] } },
{ "type": "Feature", "properties": { "value": 2, "label": "AQHI 2", "color": "#0099cb", "timestamp": "2026-09-16 17:00:00", "generated_at": "2026-09-16T23:31:17.755149", "nearest_km": 61.456778555357765, "n_points": 4, "weight_sum": 0.00066164628715517952, "confidence": "Medium", "flagged": false }, "geometry": { "type": "Polygon", "coordinates": [ [ [ -117.142199330721525, 53.952951136779951 ], [ -117.092199330721527, 53.952951136779951 ], [ -117.092199330721527, 54.002951136779949 ], [ -117.142199330721525, 54.002951136779949 ], [ -117.142199330721525, 53.952951136779951 ] ] ] } },
{ "type": "Feature", "properties": { "value": 2, "label": "AQHI 2", "color": "#0099cb", "timestamp": "2026-09-16 17:00:00", "generated_at": "2026-09-16T23:31:17.755149", "nearest_km": 58.290605100824806, "n_points": 4, "weight_sum": 0.00069203901297842897, "confidence": "Medium", "flagged": false }, "geometry": { "type": "Polygon", "coordinates": [ [ [ -117.092199330721527, 53.952951136779951 ], [ -117.04219933072153, 53.952951136779951 ], [ -117.04219933072153, 54.002951136779949 ], [ -117.092199330721527, 54.002951136779949 ], [ -117.092199330721527, 53.952951136779951 ] ] ] } },
{ "type": "Feature", "properties": { "value": 2, "label": "AQHI 2", "color": "#0099cb", "timestamp": "2026-09-16 17:00:00", "generated_at": "2026-09-16T23:31:17.755149", "nearest_km": 55.500077978668799, "n_points": 4, "weight_sum": 0.00072560734183040141, "confidence": "Medium", "flagged": false }, "geometry": { "type": "Polygon", "coordinates": [ [ [ -117.04219933072153, 53.952951136779951 ], [ -116.992199330721533, 53.952951136779951 ], [ -116.992199330721533, 54.002951136779949 ], [ -117.04219933072153, 54.002951136779949 ], [ -117.04219933072153, 53.952951136779951 ] ] ] } },
{ "type": "Feature", "properties": { "value": 2, "label": "AQHI 2", "color": "#0099cb", "timestamp": "2026-09-16 17:00:00", "generated_at": "2026-09-16T23:31:17.755149", "nearest_km": 53.144403922297649, "n_points": 4, "weight_sum": 0.00076116825638479079, "confidence": "Medium", "flagged": false }, "geometry": { "type": "Polygon", "coordinates": [ [ [ -116.992199330721533, 53.952951136779951 ], [ -116.942199330721536, 53.952951136779951 ], [ -116.942199330721536, 54.002951136779949 ], [ -116.992199330721533, 54.002951136779949 ], [ -116.992199330721533, 53.952951136779951 ] ] ] } },
{ "type": "Feature", "properties": { "value": 2, "label": "AQHI 2", "color": "#0099cb", "timestamp": "2026-09-16 17:00:00", "generated_at": "2026-09-16T23:31:17.755149", "nearest_km": 51.283542007883248, "n_points": 4, "weight_sum": 0.00079698360803338213, "confidence": "Medium", "flagged": false }, "geometry": { "type": "Polygon", "coordinates": [ [ [ -116.942199330721536, 53.952951136779951 ], [ -116.892199330721539, 53.952951136779951 ], [ -116.892199330721539, 54.002951136779949 ], [ -116.942199330721536, 54.002951136779949 ], [ -116.942199330721536, 53.952951136779951 ] ] ] } },
{ "type": "Feature", "properties": { "value": 2, "label": "AQHI 2", "color": "#0099cb", "timestamp": "2026-09-16 17:00:00", "generated_at": "2026-09-16T23:31:17.755149", "nearest_km": 49.972799536270919, "n_points": 4, "weight_sum": 0.00083103262098477098, "confidence": "Medium", "flagged": false }, "geometry": { "type": "Polygon", "coordinates": [ [ [ -116.892199330721539, 53.952951136779951 ], [ -116.842199330721542, 53.952951136779951 ], [ -116.842199330721542, 54.002951136779949 ], [ -116.892199330721539, 54.002951136779949 ], [ -116.892199330721539, 53.952951136779951 ] ] ] } },
{ "type": "Feature", "properties": { "value": 2, "label": "AQHI 2", "color": "#0099cb", "timestamp": "2026-09-16 17:00:00", "generated_at": "2026-09-16T23:31:17.755149", "nearest_km": 49.256113388190762, "n_points": 4, "weight_sum": 0.00086153678510896329, "confidence": "Medium", "flagged": false }, "geometry": { "type": "Polygon", "coordinates": [ [ [ -116.842199330721542, 53.952951136779951 ], [ -116.792199330721544, 53.952951136779951 ], [ -116.792199330721544, 54.002951136779949 ], [ -116.842199330721542, 54.002951136779949 ], [ -116.842199330721542, 53.952951136779951 ] ] ] } },
{ "type": "Feature", "properties": { "value": 2, "label": "AQHI 2", "color": "#0099cb", "timestamp": "2026-09-16 17:00:00", "generated_at": "2026-09-16T23:31:17.755149", "nearest_km": 49.159472319465401, "n_points": 4, "weight_sum": 0.00088758768515676044, "confidence": "Medium", "flagged": false }, "geometry": { "type": "Polygon", "coordinates": [ [ [ -116.792199330721544, 53.952951136779951 ], [ -116.742199330721547, 53.952951136779951 ], [ -116.742199330721547, 54.002951136779949 ], [ -116.792199330721544, 54.002951136779949 ], [ -116.792199330721544, 53.952951136779951 ] ] ] } },
{ "type": "Feature", "properties": { "value": 2, "label": "AQHI 2", "color": "#0099cb", "timestamp": "2026-09-16 17:00:00", "generated_at": "2026-09-16T23:31:17.755149", "nearest_km": 49.686494456202652, "n_points": 4, "weight_sum": 0.00090954083272010741, "confidence": "Medium", "flagged": false }, "geometry": { "type": "Polygon", "coordinates": [ [ [ -116.742199330721547, 53.952951136779951 ], [ -116.69219933072155, 53.952951136779951 ], [ -116.69219933072155, 54.002951136779949 ], [ -116.742199330721547, 54.002951136779949 ], [ -116.742199330721547, 53.952951136779951 ] ] ] } },
{ "type": "Feature", "properties": { "value": 2, "label": "AQHI 2", "color": "#0099cb", "timestamp": "2026-09-16 17:00:00", "generated_at": "2026-09-16T23:31:17.755149", "nearest_km": 50.817779801603123, "n_points": 4, "weight_sum": 0.00092883152590612428, "confidence": "Medium", "flagged": false }, "geometry": { "type": "Polygon", "coordinates": [ [ [ -116.69219933072155, 53.952951136779951 ], [ -116.642199330721553, 53.952951136779951 ], [ -116.642199330721553, 54.002951136779949 ], [ -116.69219933072155, 54.002951136779949 ], [ -116.69219933072155, 53.952951136779951 ] ] ] } },
{ "type": "Feature", "properties": { "value": 2, "label": "AQHI 2", "color": "#0099cb", "timestamp": "2026-09-16 17:00:00", "generated_at": "2026-09-16T23:31:17.755149", "nearest_km": 48.55362986113159, "n_points": 4, "weight_sum": 0.00094711735911290915, "confidence": "Medium", "flagged": false }, "geometry": { "type": "Polygon", "coordinates": [ [ [ -116.642199330721553, 53.952951136779951 ], [ -116.592199330721556, 53.952951136779951 ], [ -116.592199330721556, 54.002951136779949 ], [ -116.642199330721553, 54.002951136779949 ], [ -116.642199330721553, 53.952951136779951 ] ] ] } },
{ "type": "Feature", "properties": { "value": 2, "label": "AQHI 2", "color": "#0099cb", "timestamp": "2026-09-16 17:00:00", "generated_at": "2026-09-16T23:31:17.755149", "nearest_km": 45.617381019845567, "n_points": 4, "weight_sum": 0.0009649961520453252, "confidence": "Medium", "flagged": false }, "geometry": { "type": "Polygon", "coordinates": [ [ [ -116.592199330721556, 53.952951136779951 ], [ -116.542199330721559, 53.952951136779951 ], [ -116.542199330721559, 54.002951136779949 ], [ -116.592199330721556, 54.002951136779949 ], [ -116.592199330721556, 53.952951136779951 ] ] ] } },
{ "type": "Feature", "properties": { "value": 2, "label": "AQHI 2", "color": "#0099cb", "timestamp": "2026-09-16 17:00:00", "generated_at": "2026-09-16T23:31:17.755149", "nearest_km": 43.197695882162009, "n_points": 4, "weight_sum": 0.00098079726952008664, "confidence": "Medium", "flagged": false }, "geometry": { "type": "Polygon", "coordinates": [ [ [ -116.542199330721559, 53.952951136779951 ], [ -116.492199330721562, 53.952951136779951 ], [ -116.492199330721562, 54.002951136779949 ], [ -116.542199330721559, 54.002951136779949 ], [ -116.542199330721559, 53.952951136779951 ] ] ] } },
{ "type": "Feature", "properties": { "value": 2, "label": "AQHI 2", "color": "#0099cb", "timestamp": "2026-09-16 17:00:00", "generated_at": "2026-09-16T23:31:17.755149", "nearest_km": 41.385280087801021, "n_points": 4, "weight_sum": 0.00099009284577389507, "confidence": "Medium", "flagged": false }, "geometry": { "type": "Polygon", "coordinates": [ [ [ -116.492199330721562, 53.952951136779951 ], [ -116.442199330721564, 53.952951136779951 ], [ -116.442199330721564, 54.002951136779949 ], [ -116.492199330721562, 54.002951136779949 ], [ -116.492199330721562, 53.952951136779951 ] ] ] } },
{ "type": "Feature", "properties": { "value": 2, "label": "AQHI 2", "color": "#0099cb", "timestamp": "2026-09-16 17:00:00", "generated_at": "2026-09-16T23:31:17.755149", "nearest_km": 40.262226545034935, "n_points": 4, "weight_sum": 0.00098658920739770357, "confidence": "Medium", "flagged": false }, "geometry": { "type": "Polygon", "coordinates": [ [ [ -116.442199330721564, 53.952951136779951 ], [ -116.392199330721567, 53.952951136779951 ], [ -116.392199330721567, 54.002951136779949 ], [ -116.442199330721564, 54.002951136779949 ], [ -116.442199330721564, 53.952951136779951 ] ] ] } },
{ "type": "Feature", "properties": { "value": 2, "label": "AQHI 2", "color": "#0099cb", "timestamp": "2026-09-16 17:00:00", "generated_at": "2026-09-16T23:31:17.755149", "nearest_km": 39.886806901301149, "n_points": 4, "weight_sum": 0.00096456125780732655, "confidence": "Medium", "flagged": false }, "geometry": { "type": "Polygon", "coordinates": [ [ [ -116.392199330721567, 53.952951136779951 ], [ -116.34219933072157, 53.952951136779951 ], [ -116.34219933072157, 54.002951136779949 ], [ -116.392199330721567, 54.002951136779949 ], [ -116.392199330721567, 53.952951136779951 ] ] ] } },
{ "type": "Feature", "properties": { "value": 2, "label": "AQHI 2", "color": "#0099cb", "timestamp": "2026-09-16 17:00:00", "generated_at": "2026-09-16T23:31:17.755149", "nearest_km": 40.279931022776672, "n_points": 3, "weight_sum": 0.00087806675472555196, "confidence": "Medium", "flagged": false }, "geometry": { "type": "Polygon", "coordinates": [ [ [ -116.34219933072157, 53.952951136779951 ], [ -116.292199330721573, 53.952951136779951 ], [ -116.292199330721573, 54.002951136779949 ], [ -116.34219933072157, 54.002951136779949 ], [ -116.34219933072157, 53.952951136779951 ] ] ] } },
{ "type": "Feature", "properties": { "value": 2, "label": "AQHI 2", "color": "#0099cb", "timestamp": "2026-09-16 17:00:00", "generated_at": "2026-09-16T23:31:17.755149", "nearest_km": 41.419721409222468, "n_points": 3, "weight_sum": 0.0008199154004691065, "confidence": "Medium", "flagged": false }, "geometry": { "type": "Polygon", "coordinates": [ [ [ -116.292199330721573, 53.952951136779951 ], [ -116.242199330721576, 53.952951136779951 ], [ -116.242199330721576, 54.002951136779949 ], [ -116.292199330721573, 54.002951136779949 ], [ -116.292199330721573, 53.952951136779951 ] ] ] } },
{ "type": "Feature", "properties": { "value": 2, "label": "AQHI 2", "color": "#0099cb", "timestamp": "2026-09-16 17:00:00", "generated_at": "2026-09-16T23:31:17.755149", "nearest_km": 43.2471825676026, "n_points": 3, "weight_sum": 0.00074968936542307147, "confidence": "Medium", "flagged": false }, "geometry": { "type": "Polygon", "coordinates": [ [ [ -116.242199330721576, 53.952951136779951 ], [ -116.192199330721579, 53.952951136779951 ], [ -116.192199330721579, 54.002951136779949 ], [ -116.242199330721576, 54.002951136779949 ], [ -116.242199330721576, 53.952951136779951 ] ] ] } },
{ "type": "Feature", "properties": { "value": 2, "label": "AQHI 2", "color": "#0099cb", "timestamp": "2026-09-16 17:00:00", "generated_at": "2026-09-16T23:31:17.755149", "nearest_km": 45.679856375140794, "n_points": 3, "weight_sum": 0.00067472505545655486, "confidence": "Medium", "flagged": false }, "geometry": { "type": "Polygon", "coordinates": [ [ [ -116.192199330721579, 53.952951136779951 ], [ -116.142199330721581, 53.952951136779951 ], [ -116.142199330721581, 54.002951136779949 ], [ -116.192199330721579, 54.002951136779949 ], [ -116.192199330721579, 53.952951136779951 ] ] ] } },
{ "type": "Feature", "properties": { "value": 2, "label": "AQHI 2", "color": "#0099cb", "timestamp": "2026-09-16 17:00:00", "generated_at": "2026-09-16T23:31:17.755149", "nearest_km": 48.626996173642326, "n_points": 3, "weight_sum": 0.00060108278282390549, "confidence": "Medium", "flagged": false }, "geometry": { "type": "Polygon", "coordinates": [ [ [ -116.142199330721581, 53.952951136779951 ], [ -116.092199330721584, 53.952951136779951 ], [ -116.092199330721584, 54.002951136779949 ], [ -116.142199330721581, 54.002951136779949 ], [ -116.142199330721581, 53.952951136779951 ] ] ] } },
{ "type": "Feature", "properties": { "value": 2, "label": "AQHI 2", "color": "#0099cb", "timestamp": "2026-09-16 17:00:00", "generated_at": "2026-09-16T23:31:17.755149", "nearest_km": 52.001204171531953, "n_points": 4, "weight_sum": 0.00057858055656701674, "confidence": "Medium", "flagged": false }, "geometry": { "type": "Polygon", "coordinates": [ [ [ -116.092199330721584, 53.952951136779951 ], [ -116.042199330721587, 53.952951136779951 ], [ -116.042199330721587, 54.002951136779949 ], [ -116.092199330721584, 54.002951136779949 ], [ -116.092199330721584, 53.952951136779951 ] ] ] } },
{ "type": "Feature", "properties": { "value": 2, "label": "AQHI 2", "color": "#0099cb", "timestamp": "2026-09-16 17:00:00", "generated_at": "2026-09-16T23:31:17.755149", "nearest_km": 55.724955932753069, "n_points": 4, "weight_sum": 0.00052019657467890007, "confidence": "Medium", "flagged": false }, "geometry": { "type": "Polygon", "coordinates": [ [ [ -116.042199330721587, 53.952951136779951 ], [ -115.99219933072159, 53.952951136779951 ], [ -115.99219933072159, 54.002951136779949 ], [ -116.042199330721587, 54.002951136779949 ], [ -116.042199330721587, 53.952951136779951 ] ] ] } },
{ "type": "Feature", "properties": { "value": 2, "label": "AQHI 2", "color": "#0099cb", "timestamp": "2026-09-16 17:00:00", "generated_at": "2026-09-16T23:31:17.755149", "nearest_km": 59.732915483217333, "n_points": 3, "weight_sum": 0.00042642924397403746, "confidence": "Medium", "flagged": false }, "geometry": { "type": "Polygon", "coordinates": [ [ [ -115.99219933072159, 53.952951136779951 ], [ -115.942199330721593, 53.952951136779951 ], [ -115.942199330721593, 54.002951136779949 ], [ -115.99219933072159, 54.002951136779949 ], [ -115.99219933072159, 53.952951136779951 ] ] ] } },
{ "type": "Feature", "properties": { "value": 2, "label": "AQHI 2", "color": "#0099cb", "timestamp": "2026-09-16 17:00:00", "generated_at": "2026-09-16T23:31:17.755149", "nearest_km": 63.971686475683065, "n_points": 3, "weight_sum": 0.00038569669600237058, "confidence": "Medium", "flagged": false }, "geometry": { "type": "Polygon", "coordinates": [ [ [ -115.942199330721593, 53.952951136779951 ], [ -115.892199330721596, 53.952951136779951 ], [ -115.892199330721596, 54.002951136779949 ], [ -115.942199330721593, 54.002951136779949 ], [ -115.942199330721593, 53.952951136779951 ] ] ] } },
{ "type": "Feature", "properties": { "value": 2, "label": "AQHI 2", "color": "#0099cb", "timestamp": "2026-09-16 17:00:00", "generated_at": "2026-09-16T23:31:17.755149", "nearest_km": 68.398370952537974, "n_points": 3, "weight_sum": 0.00035154412028247774, "confidence": "Medium", "flagged": false }, "geometry": { "type": "Polygon", "coordinates": [ [ [ -115.892199330721596, 53.952951136779951 ], [ -115.842199330721598, 53.952951136779951 ], [ -115.842199330721598, 54.002951136779949 ], [ -115.892199330721596, 54.002951136779949 ], [ -115.892199330721596, 53.952951136779951 ] ] ] } },
{ "type": "Feature", "properties": { "value": 2, "label": "AQHI 2", "color": "#0099cb", "timestamp": "2026-09-16 17:00:00", "generated_at": "2026-09-16T23:31:17.755149", "nearest_km": 72.978782035457968, "n_points": 3, "weight_sum": 0.00032316675590607238, "confidence": "Medium", "flagged": false }, "geometry": { "type": "Polygon", "coordinates": [ [ [ -115.842199330721598, 53.952951136779951 ], [ -115.792199330721601, 53.952951136779951 ], [ -115.792199330721601, 54.002951136779949 ], [ -115.842199330721598, 54.002951136779949 ], [ -115.842199330721598, 53.952951136779951 ] ] ] } },
{ "type": "Feature", "properties": { "value": 2, "label": "AQHI 2", "color": "#0099cb", "timestamp": "2026-09-16 17:00:00", "generated_at": "2026-09-16T23:31:17.755149", "nearest_km": 77.685732961701319, "n_points": 3, "weight_sum": 0.00029977633789634022, "confidence": "Low", "flagged": false }, "geometry": { "type": "Polygon", "coordinates": [ [ [ -115.792199330721601, 53.952951136779951 ], [ -115.742199330721604, 53.952951136779951 ], [ -115.742199330721604, 54.002951136779949 ], [ -115.792199330721601, 54.002951136779949 ], [ -115.792199330721601, 53.952951136779951 ] ] ] } },
{ "type": "Feature", "properties": { "value": 2, "label": "AQHI 2", "color": "#0099cb", "timestamp": "2026-09-16 17:00:00", "generated_at": "2026-09-16T23:31:17.755149", "nearest_km": 82.497567141186934, "n_points": 3, "weight_sum": 0.00028065993711871645, "confidence": "Low", "flagged": false }, "geometry": { "type": "Polygon", "coordinates": [ [ [ -115.742199330721604, 53.952951136779951 ], [ -115.692199330721607, 53.952951136779951 ], [ -115.692199330721607, 54.002951136779949 ], [ -115.742199330721604, 54.002951136779949 ], [ -115.742199330721604, 53.952951136779951 ] ] ] } },
{ "type": "Feature", "properties": { "value": 2, "label": "AQHI 2", "color": "#0099cb", "timestamp": "2026-09-16 17:00:00", "generated_at": "2026-09-16T23:31:17.755149", "nearest_km": 88.104235570286747, "n_points": 4, "weight_sum": 0.00028367595662779287, "confidence": "Low", "flagged": false }, "geometry": { "type": "Polygon", "coordinates": [ [ [ -118.092199330721471, 54.002951136779949 ], [ -118.042199330721473, 54.002951136779949 ], [ -118.042199330721473, 54.052951136779946 ], [ -118.092199330721471, 54.052951136779946 ], [ -118.092199330721471, 54.002951136779949 ] ] ] } },
{ "type": "Feature", "properties": { "value": 2, "label": "AQHI 2", "color": "#0099cb", "timestamp": "2026-09-16 17:00:00", "generated_at": "2026-09-16T23:31:17.755149", "nearest_km": 84.662602641914361, "n_points": 4, "weight_sum": 0.00030033959497955363, "confidence": "Low", "flagged": false }, "geometry": { "type": "Polygon", "coordinates": [ [ [ -118.042199330721473, 54.002951136779949 ], [ -117.992199330721476, 54.002951136779949 ], [ -117.992199330721476, 54.052951136779946 ], [ -118.042199330721473, 54.052951136779946 ], [ -118.042199330721473, 54.002951136779949 ] ] ] } },
{ "type": "Feature", "properties": { "value": 2, "label": "AQHI 2", "color": "#0099cb", "timestamp": "2026-09-16 17:00:00", "generated_at": "2026-09-16T23:31:17.755149", "nearest_km": 81.454043771815151, "n_points": 4, "weight_sum": 0.00031783259994378062, "confidence": "Low", "flagged": false }, "geometry": { "type": "Polygon", "coordinates": [ [ [ -117.992199330721476, 54.002951136779949 ], [ -117.942199330721479, 54.002951136779949 ], [ -117.942199330721479, 54.052951136779946 ], [ -117.992199330721476, 54.052951136779946 ], [ -117.992199330721476, 54.002951136779949 ] ] ] } },
{ "type": "Feature", "properties": { "value": 2, "label": "AQHI 2", "color": "#0099cb", "timestamp": "2026-09-16 17:00:00", "generated_at": "2026-09-16T23:31:17.755149", "nearest_km": 78.507141123969532, "n_points": 4, "weight_sum": 0.00033602262805000431, "confidence": "Low", "flagged": false }, "geometry": { "type": "Polygon", "coordinates": [ [ [ -117.942199330721479, 54.002951136779949 ], [ -117.892199330721482, 54.002951136779949 ], [ -117.892199330721482, 54.052951136779946 ], [ -117.942199330721479, 54.052951136779946 ], [ -117.942199330721479, 54.002951136779949 ] ] ] } },
{ "type": "Feature", "properties": { "value": 2, "label": "AQHI 2", "color": "#0099cb", "timestamp": "2026-09-16 17:00:00", "generated_at": "2026-09-16T23:31:17.755149", "nearest_km": 75.852397247133524, "n_points": 4, "weight_sum": 0.0003546992282019661, "confidence": "Low", "flagged": false }, "geometry": { "type": "Polygon", "coordinates": [ [ [ -117.892199330721482, 54.002951136779949 ], [ -117.842199330721485, 54.002951136779949 ], [ -117.842199330721485, 54.052951136779946 ], [ -117.892199330721482, 54.052951136779946 ], [ -117.892199330721482, 54.002951136779949 ] ] ] } },
{ "type": "Feature", "properties": { "value": 2, "label": "AQHI 2", "color": "#0099cb", "timestamp": "2026-09-16 17:00:00", "generated_at": "2026-09-16T23:31:17.755149", "nearest_km": 73.5214671290979, "n_points": 4, "weight_sum": 0.0003735679600016036, "confidence": "Medium", "flagged": false }, "geometry": { "type": "Polygon", "coordinates": [ [ [ -117.842199330721485, 54.002951136779949 ], [ -117.792199330721488, 54.002951136779949 ], [ -117.792199330721488, 54.052951136779946 ], [ -117.842199330721485, 54.052951136779946 ], [ -117.842199330721485, 54.002951136779949 ] ] ] } },
{ "type": "Feature", "properties": { "value": 2, "label": "AQHI 2", "color": "#0099cb", "timestamp": "2026-09-16 17:00:00", "generated_at": "2026-09-16T23:31:17.755149", "nearest_km": 71.546006803266749, "n_points": 4, "weight_sum": 0.00039225888044275075, "confidence": "Medium", "flagged": false }, "geometry": { "type": "Polygon", "coordinates": [ [ [ -117.792199330721488, 54.002951136779949 ], [ -117.74219933072149, 54.002951136779949 ], [ -117.74219933072149, 54.052951136779946 ], [ -117.792199330721488, 54.052951136779946 ], [ -117.792199330721488, 54.002951136779949 ] ] ] } },
{ "type": "Feature", "properties": { "value": 2, "label": "AQHI 2", "color": "#0099cb", "timestamp": "2026-09-16 17:00:00", "generated_at": "2026-09-16T23:31:17.755149", "nearest_km": 69.956136615533268, "n_points": 4, "weight_sum": 0.00041035585134299279, "confidence": "Medium", "flagged": false }, "geometry": { "type": "Polygon", "coordinates": [ [ [ -117.74219933072149, 54.002951136779949 ], [ -117.692199330721493, 54.002951136779949 ], [ -117.692199330721493, 54.052951136779946 ], [ -117.74219933072149, 54.052951136779946 ], [ -117.74219933072149, 54.002951136779949 ] ] ] } },
{ "type": "Feature", "properties": { "value": 2, "label": "AQHI 2", "color": "#0099cb", "timestamp": "2026-09-16 17:00:00", "generated_at": "2026-09-16T23:31:17.755149", "nearest_km": 68.778601402247247, "n_points": 4, "weight_sum": 0.00042744967854634644, "confidence": "Medium", "flagged": false }, "geometry": { "type": "Polygon", "coordinates": [ [ [ -117.692199330721493, 54.002951136779949 ], [ -117.642199330721496, 54.002951136779949 ], [ -117.642199330721496, 54.052951136779946 ], [ -117.692199330721493, 54.052951136779946 ], [ -117.692199330721493, 54.002951136779949 ] ] ] } },
{ "type": "Feature", "properties": { "value": 2, "label": "AQHI 2", "color": "#0099cb", "timestamp": "2026-09-16 17:00:00", "generated_at": "2026-09-16T23:31:17.755149", "nearest_km": 68.034814407972448, "n_points": 5, "weight_sum": 0.00049016318266285213, "confidence": "Medium", "flagged": false }, "geometry": { "type": "Polygon", "coordinates": [ [ [ -117.642199330721496, 54.002951136779949 ], [ -117.592199330721499, 54.002951136779949 ], [ -117.592199330721499, 54.052951136779946 ], [ -117.642199330721496, 54.052951136779946 ], [ -117.642199330721496, 54.002951136779949 ] ] ] } },
{ "type": "Feature", "properties": { "value": 2, "label": "AQHI 2", "color": "#0099cb", "timestamp": "2026-09-16 17:00:00", "generated_at": "2026-09-16T23:31:17.755149", "nearest_km": 67.739065037873786, "n_points": 5, "weight_sum": 0.00050800084230669248, "confidence": "Medium", "flagged": false }, "geometry": { "type": "Polygon", "coordinates": [ [ [ -117.592199330721499, 54.002951136779949 ], [ -117.542199330721502, 54.002951136779949 ], [ -117.542199330721502, 54.052951136779946 ], [ -117.592199330721499, 54.052951136779946 ], [ -117.592199330721499, 54.002951136779949 ] ] ] } },
{ "type": "Feature", "properties": { "value": 2, "label": "AQHI 2", "color": "#0099cb", "timestamp": "2026-09-16 17:00:00", "generated_at": "2026-09-16T23:31:17.755149", "nearest_km": 67.897208284901723, "n_points": 5, "weight_sum": 0.00052479724278255949, "confidence": "Medium", "flagged": false }, "geometry": { "type": "Polygon", "coordinates": [ [ [ -117.542199330721502, 54.002951136779949 ], [ -117.492199330721505, 54.002951136779949 ], [ -117.492199330721505, 54.052951136779946 ], [ -117.542199330721502, 54.052951136779946 ], [ -117.542199330721502, 54.002951136779949 ] ] ] } },
{ "type": "Feature", "properties": { "value": 2, "label": "AQHI 2", "color": "#0099cb", "timestamp": "2026-09-16 17:00:00", "generated_at": "2026-09-16T23:31:17.755149", "nearest_km": 68.506100849204316, "n_points": 5, "weight_sum": 0.0005409256813801713, "confidence": "Medium", "flagged": false }, "geometry": { "type": "Polygon", "coordinates": [ [ [ -117.492199330721505, 54.002951136779949 ], [ -117.442199330721508, 54.002951136779949 ], [ -117.442199330721508, 54.052951136779946 ], [ -117.492199330721505, 54.052951136779946 ], [ -117.492199330721505, 54.002951136779949 ] ] ] } },
{ "type": "Feature", "properties": { "value": 2, "label": "AQHI 2", "color": "#0099cb", "timestamp": "2026-09-16 17:00:00", "generated_at": "2026-09-16T23:31:17.755149", "nearest_km": 69.55390581584453, "n_points": 5, "weight_sum": 0.00055701837887684564, "confidence": "Medium", "flagged": false }, "geometry": { "type": "Polygon", "coordinates": [ [ [ -117.442199330721508, 54.002951136779949 ], [ -117.39219933072151, 54.002951136779949 ], [ -117.39219933072151, 54.052951136779946 ], [ -117.442199330721508, 54.052951136779946 ], [ -117.442199330721508, 54.002951136779949 ] ] ] } },
{ "type": "Feature", "properties": { "value": 2, "label": "AQHI 2", "color": "#0099cb", "timestamp": "2026-09-16 17:00:00", "generated_at": "2026-09-16T23:31:17.755149", "nearest_km": 71.021199475349491, "n_points": 5, "weight_sum": 0.00057391912772896173, "confidence": "Medium", "flagged": false }, "geometry": { "type": "Polygon", "coordinates": [ [ [ -117.39219933072151, 54.002951136779949 ], [ -117.342199330721513, 54.002951136779949 ], [ -117.342199330721513, 54.052951136779946 ], [ -117.39219933072151, 54.052951136779946 ], [ -117.39219933072151, 54.002951136779949 ] ] ] } },
{ "type": "Feature", "properties": { "value": 2, "label": "AQHI 2", "color": "#0099cb", "timestamp": "2026-09-16 17:00:00", "generated_at": "2026-09-16T23:31:17.755149", "nearest_km": 72.882650442992173, "n_points": 4, "weight_sum": 0.00054842729295235453, "confidence": "Medium", "flagged": false }, "geometry": { "type": "Polygon", "coordinates": [ [ [ -117.342199330721513, 54.002951136779949 ], [ -117.292199330721516, 54.002951136779949 ], [ -117.292199330721516, 54.052951136779946 ], [ -117.342199330721513, 54.052951136779946 ], [ -117.342199330721513, 54.002951136779949 ] ] ] } },
{ "type": "Feature", "properties": { "value": 2, "label": "AQHI 2", "color": "#0099cb", "timestamp": "2026-09-16 17:00:00", "generated_at": "2026-09-16T23:31:17.755149", "nearest_km": 69.061830955852784, "n_points": 4, "weight_sum": 0.00057173181612669348, "confidence": "Medium", "flagged": false }, "geometry": { "type": "Polygon", "coordinates": [ [ [ -117.292199330721516, 54.002951136779949 ], [ -117.242199330721519, 54.002951136779949 ], [ -117.242199330721519, 54.052951136779946 ], [ -117.292199330721516, 54.052951136779946 ], [ -117.292199330721516, 54.002951136779949 ] ] ] } },
{ "type": "Feature", "properties": { "value": 2, "label": "AQHI 2", "color": "#0099cb", "timestamp": "2026-09-16 17:00:00", "generated_at": "2026-09-16T23:31:17.755149", "nearest_km": 64.850447242812649, "n_points": 4, "weight_sum": 0.00059882392194091246, "confidence": "Medium", "flagged": false }, "geometry": { "type": "Polygon", "coordinates": [ [ [ -117.242199330721519, 54.002951136779949 ], [ -117.192199330721522, 54.002951136779949 ], [ -117.192199330721522, 54.052951136779946 ], [ -117.242199330721519, 54.052951136779946 ], [ -117.242199330721519, 54.002951136779949 ] ] ] } },
{ "type": "Feature", "properties": { "value": 2, "label": "AQHI 2", "color": "#0099cb", "timestamp": "2026-09-16 17:00:00", "generated_at": "2026-09-16T23:31:17.755149", "nearest_km": 60.854166005384243, "n_points": 4, "weight_sum": 0.0006305453699244506, "confidence": "Medium", "flagged": false }, "geometry": { "type": "Polygon", "coordinates": [ [ [ -117.192199330721522, 54.002951136779949 ], [ -117.142199330721525, 54.002951136779949 ], [ -117.142199330721525, 54.052951136779946 ], [ -117.192199330721522, 54.052951136779946 ], [ -117.192199330721522, 54.002951136779949 ] ] ] } },
{ "type": "Feature", "properties": { "value": 2, "label": "AQHI 2", "color": "#0099cb", "timestamp": "2026-09-16 17:00:00", "generated_at": "2026-09-16T23:31:17.755149", "nearest_km": 57.118154144097574, "n_points": 4, "weight_sum": 0.00066743949264686734, "confidence": "Medium", "flagged": false }, "geometry": { "type": "Polygon", "coordinates": [ [ [ -117.142199330721525, 54.002951136779949 ], [ -117.092199330721527, 54.002951136779949 ], [ -117.092199330721527, 54.052951136779946 ], [ -117.142199330721525, 54.052951136779946 ], [ -117.142199330721525, 54.002951136779949 ] ] ] } },
{ "type": "Feature", "properties": { "value": 2, "label": "AQHI 2", "color": "#0099cb", "timestamp": "2026-09-16 17:00:00", "generated_at": "2026-09-16T23:31:17.755149", "nearest_km": 53.696764757729234, "n_points": 4, "weight_sum": 0.00070952782693062982, "confidence": "Medium", "flagged": false }, "geometry": { "type": "Polygon", "coordinates": [ [ [ -117.092199330721527, 54.002951136779949 ], [ -117.04219933072153, 54.002951136779949 ], [ -117.04219933072153, 54.052951136779946 ], [ -117.092199330721527, 54.052951136779946 ], [ -117.092199330721527, 54.002951136779949 ] ] ] } },
{ "type": "Feature", "properties": { "value": 2, "label": "AQHI 2", "color": "#0099cb", "timestamp": "2026-09-16 17:00:00", "generated_at": "2026-09-16T23:31:17.755149", "nearest_km": 50.653791151945647, "n_points": 4, "weight_sum": 0.00075600839461834296, "confidence": "Medium", "flagged": false }, "geometry": { "type": "Polygon", "coordinates": [ [ [ -117.04219933072153, 54.002951136779949 ], [ -116.992199330721533, 54.002951136779949 ], [ -116.992199330721533, 54.052951136779946 ], [ -117.04219933072153, 54.052951136779946 ], [ -117.04219933072153, 54.002951136779949 ] ] ] } },
{ "type": "Feature", "properties": { "value": 2, "label": "AQHI 2", "color": "#0099cb", "timestamp": "2026-09-16 17:00:00", "generated_at": "2026-09-16T23:31:17.755149", "nearest_km": 48.061164891031666, "n_points": 4, "weight_sum": 0.00080493373459337015, "confidence": "Medium", "flagged": false }, "geometry": { "type": "Polygon", "coordinates": [ [ [ -116.992199330721533, 54.002951136779949 ], [ -116.942199330721536, 54.002951136779949 ], [ -116.942199330721536, 54.052951136779946 ], [ -116.992199330721533, 54.052951136779946 ], [ -116.992199330721533, 54.002951136779949 ] ] ] } },
{ "type": "Feature", "properties": { "value": 2, "label": "AQHI 2", "color": "#0099cb", "timestamp": "2026-09-16 17:00:00", "generated_at": "2026-09-16T23:31:17.755149", "nearest_km": 45.995103905752131, "n_points": 4, "weight_sum": 0.00085304569635508533, "confidence": "Medium", "flagged": false }, "geometry": { "type": "Polygon", "coordinates": [ [ [ -116.942199330721536, 54.002951136779949 ], [ -116.892199330721539, 54.002951136779949 ], [ -116.892199330721539, 54.052951136779946 ], [ -116.942199330721536, 54.052951136779946 ], [ -116.942199330721536, 54.002951136779949 ] ] ] } },
{ "type": "Feature", "properties": { "value": 2, "label": "AQHI 2", "color": "#0099cb", "timestamp": "2026-09-16 17:00:00", "generated_at": "2026-09-16T23:31:17.755149", "nearest_km": 44.528963562146025, "n_points": 4, "weight_sum": 0.00089605924094962597, "confidence": "Medium", "flagged": false }, "geometry": { "type": "Polygon", "coordinates": [ [ [ -116.892199330721539, 54.002951136779949 ], [ -116.842199330721542, 54.002951136779949 ], [ -116.842199330721542, 54.052951136779946 ], [ -116.892199330721539, 54.052951136779946 ], [ -116.892199330721539, 54.002951136779949 ] ] ] } },
{ "type": "Feature", "properties": { "value": 2, "label": "AQHI 2", "color": "#0099cb", "timestamp": "2026-09-16 17:00:00", "generated_at": "2026-09-16T23:31:17.755149", "nearest_km": 43.723135849763963, "n_points": 4, "weight_sum": 0.00092962616639367989, "confidence": "Medium", "flagged": false }, "geometry": { "type": "Polygon", "coordinates": [ [ [ -116.842199330721542, 54.002951136779949 ], [ -116.792199330721544, 54.002951136779949 ], [ -116.792199330721544, 54.052951136779946 ], [ -116.842199330721542, 54.052951136779946 ], [ -116.842199330721542, 54.002951136779949 ] ] ] } },
{ "type": "Feature", "properties": { "value": 2, "label": "AQHI 2", "color": "#0099cb", "timestamp": "2026-09-16 17:00:00", "generated_at": "2026-09-16T23:31:17.755149", "nearest_km": 43.61423645044006, "n_points": 4, "weight_sum": 0.000950795194028362, "confidence": "Medium", "flagged": false }, "geometry": { "type": "Polygon", "coordinates": [ [ [ -116.792199330721544, 54.002951136779949 ], [ -116.742199330721547, 54.002951136779949 ], [ -116.742199330721547, 54.052951136779946 ], [ -116.792199330721544, 54.052951136779946 ], [ -116.792199330721544, 54.002951136779949 ] ] ] } },
{ "type": "Feature", "properties": { "value": 2, "label": "AQHI 2", "color": "#0099cb", "timestamp": "2026-09-16 17:00:00", "generated_at": "2026-09-16T23:31:17.755149", "nearest_km": 44.207416049491812, "n_points": 4, "weight_sum": 0.00095919726254233158, "confidence": "Medium", "flagged": false }, "geometry": { "type": "Polygon", "coordinates": [ [ [ -116.742199330721547, 54.002951136779949 ], [ -116.69219933072155, 54.002951136779949 ], [ -116.69219933072155, 54.052951136779946 ], [ -116.742199330721547, 54.052951136779946 ], [ -116.742199330721547, 54.002951136779949 ] ] ] } },
{ "type": "Feature", "properties": { "value": 2, "label": "AQHI 2", "color": "#0099cb", "timestamp": "2026-09-16 17:00:00", "generated_at": "2026-09-16T23:31:17.755149", "nearest_km": 45.475209140704699, "n_points": 4, "weight_sum": 0.00095707525357643084, "confidence": "Medium", "flagged": false }, "geometry": { "type": "Polygon", "coordinates": [ [ [ -116.69219933072155, 54.002951136779949 ], [ -116.642199330721553, 54.002951136779949 ], [ -116.642199330721553, 54.052951136779946 ], [ -116.69219933072155, 54.052951136779946 ], [ -116.69219933072155, 54.002951136779949 ] ] ] } },
{ "type": "Feature", "properties": { "value": 2, "label": "AQHI 2", "color": "#0099cb", "timestamp": "2026-09-16 17:00:00", "generated_at": "2026-09-16T23:31:17.755149", "nearest_km": 47.363473890845363, "n_points": 4, "weight_sum": 0.00094800712087391207, "confidence": "Medium", "flagged": false }, "geometry": { "type": "Polygon", "coordinates": [ [ [ -116.642199330721553, 54.002951136779949 ], [ -116.592199330721556, 54.002951136779949 ], [ -116.592199330721556, 54.052951136779946 ], [ -116.642199330721553, 54.052951136779946 ], [ -116.642199330721553, 54.002951136779949 ] ] ] } },
{ "type": "Feature", "properties": { "value": 2, "label": "AQHI 2", "color": "#0099cb", "timestamp": "2026-09-16 17:00:00", "generated_at": "2026-09-16T23:31:17.755149", "nearest_km": 49.801683421614797, "n_points": 4, "weight_sum": 0.00093508927888177992, "confidence": "Medium", "flagged": false }, "geometry": { "type": "Polygon", "coordinates": [ [ [ -116.592199330721556, 54.002951136779949 ], [ -116.542199330721559, 54.002951136779949 ], [ -116.542199330721559, 54.052951136779946 ], [ -116.592199330721556, 54.052951136779946 ], [ -116.592199330721556, 54.002951136779949 ] ] ] } },
{ "type": "Feature", "properties": { "value": 2, "label": "AQHI 2", "color": "#0099cb", "timestamp": "2026-09-16 17:00:00", "generated_at": "2026-09-16T23:31:17.755149", "nearest_km": 48.369271361622793, "n_points": 4, "weight_sum": 0.00091957440335311441, "confidence": "Medium", "flagged": false }, "geometry": { "type": "Polygon", "coordinates": [ [ [ -116.542199330721559, 54.002951136779949 ], [ -116.492199330721562, 54.002951136779949 ], [ -116.492199330721562, 54.052951136779946 ], [ -116.542199330721559, 54.052951136779946 ], [ -116.542199330721559, 54.002951136779949 ] ] ] } },
{ "type": "Feature", "properties": { "value": 2, "label": "AQHI 2", "color": "#0099cb", "timestamp": "2026-09-16 17:00:00", "generated_at": "2026-09-16T23:31:17.755149", "nearest_km": 46.757746849824635, "n_points": 4, "weight_sum": 0.00090052373348587802, "confidence": "Medium", "flagged": false }, "geometry": { "type": "Polygon", "coordinates": [ [ [ -116.492199330721562, 54.002951136779949 ], [ -116.442199330721564, 54.002951136779949 ], [ -116.442199330721564, 54.052951136779946 ], [ -116.492199330721562, 54.052951136779946 ], [ -116.492199330721562, 54.002951136779949 ] ] ] } },
{ "type": "Feature", "properties": { "value": 2, "label": "AQHI 2", "color": "#0099cb", "timestamp": "2026-09-16 17:00:00", "generated_at": "2026-09-16T23:31:17.755149", "nearest_km": 45.766716824459472, "n_points": 4, "weight_sum": 0.00087551141780757796, "confidence": "Medium", "flagged": false }, "geometry": { "type": "Polygon", "coordinates": [ [ [ -116.442199330721564, 54.002951136779949 ], [ -116.392199330721567, 54.002951136779949 ], [ -116.392199330721567, 54.052951136779946 ], [ -116.442199330721564, 54.052951136779946 ], [ -116.442199330721564, 54.002951136779949 ] ] ] } },
{ "type": "Feature", "properties": { "value": 2, "label": "AQHI 2", "color": "#0099cb", "timestamp": "2026-09-16 17:00:00", "generated_at": "2026-09-16T23:31:17.755149", "nearest_km": 45.436800583978517, "n_points": 4, "weight_sum": 0.00084203011888492091, "confidence": "Medium", "flagged": false }, "geometry": { "type": "Polygon", "coordinates": [ [ [ -116.392199330721567, 54.002951136779949 ], [ -116.34219933072157, 54.002951136779949 ], [ -116.34219933072157, 54.052951136779946 ], [ -116.392199330721567, 54.052951136779946 ], [ -116.392199330721567, 54.002951136779949 ] ] ] } },
{ "type": "Feature", "properties": { "value": 2, "label": "AQHI 2", "color": "#0099cb", "timestamp": "2026-09-16 17:00:00", "generated_at": "2026-09-16T23:31:17.755149", "nearest_km": 45.782292709367368, "n_points": 3, "weight_sum": 0.00075656962861905374, "confidence": "Medium", "flagged": false }, "geometry": { "type": "Polygon", "coordinates": [ [ [ -116.34219933072157, 54.002951136779949 ], [ -116.292199330721573, 54.002951136779949 ], [ -116.292199330721573, 54.052951136779946 ], [ -116.34219933072157, 54.052951136779946 ], [ -116.34219933072157, 54.002951136779949 ] ] ] } },
{ "type": "Feature", "properties": { "value": 2, "label": "AQHI 2", "color": "#0099cb", "timestamp": "2026-09-16 17:00:00", "generated_at": "2026-09-16T23:31:17.755149", "nearest_km": 46.788233607865003, "n_points": 3, "weight_sum": 0.00070742126204135277, "confidence": "Medium", "flagged": false }, "geometry": { "type": "Polygon", "coordinates": [ [ [ -116.292199330721573, 54.002951136779949 ], [ -116.242199330721576, 54.002951136779949 ], [ -116.242199330721576, 54.052951136779946 ], [ -116.292199330721573, 54.052951136779946 ], [ -116.292199330721573, 54.002951136779949 ] ] ] } },
{ "type": "Feature", "properties": { "value": 2, "label": "AQHI 2", "color": "#0099cb", "timestamp": "2026-09-16 17:00:00", "generated_at": "2026-09-16T23:31:17.755149", "nearest_km": 48.41347211843101, "n_points": 3, "weight_sum": 0.00065209322472004343, "confidence": "Medium", "flagged": false }, "geometry": { "type": "Polygon", "coordinates": [ [ [ -116.242199330721576, 54.002951136779949 ], [ -116.192199330721579, 54.002951136779949 ], [ -116.192199330721579, 54.052951136779946 ], [ -116.242199330721576, 54.052951136779946 ], [ -116.242199330721576, 54.002951136779949 ] ] ] } },
{ "type": "Feature", "properties": { "value": 2, "label": "AQHI 2", "color": "#0099cb", "timestamp": "2026-09-16 17:00:00", "generated_at": "2026-09-16T23:31:17.755149", "nearest_km": 50.598367177015085, "n_points": 3, "weight_sum": 0.00059410209411639935, "confidence": "Medium", "flagged": false }, "geometry": { "type": "Polygon", "coordinates": [ [ [ -116.192199330721579, 54.002951136779949 ], [ -116.142199330721581, 54.002951136779949 ], [ -116.142199330721581, 54.052951136779946 ], [ -116.192199330721579, 54.052951136779946 ], [ -116.192199330721579, 54.002951136779949 ] ] ] } },
{ "type": "Feature", "properties": { "value": 2, "label": "AQHI 2", "color": "#0099cb", "timestamp": "2026-09-16 17:00:00", "generated_at": "2026-09-16T23:31:17.755149", "nearest_km": 53.274104773313383, "n_points": 3, "weight_sum": 0.00053670974025327297, "confidence": "Medium", "flagged": false }, "geometry": { "type": "Polygon", "coordinates": [ [ [ -116.142199330721581, 54.002951136779949 ], [ -116.092199330721584, 54.002951136779949 ], [ -116.092199330721584, 54.052951136779946 ], [ -116.142199330721581, 54.052951136779946 ], [ -116.142199330721581, 54.002951136779949 ] ] ] } },
{ "type": "Feature", "properties": { "value": 2, "label": "AQHI 2", "color": "#0099cb", "timestamp": "2026-09-16 17:00:00", "generated_at": "2026-09-16T23:31:17.755149", "nearest_km": 56.370832154722521, "n_points": 3, "weight_sum": 0.00048232376375366236, "confidence": "Medium", "flagged": false }, "geometry": { "type": "Polygon", "coordinates": [ [ [ -116.092199330721584, 54.002951136779949 ], [ -116.042199330721587, 54.002951136779949 ], [ -116.042199330721587, 54.052951136779946 ], [ -116.092199330721584, 54.052951136779946 ], [ -116.092199330721584, 54.002951136779949 ] ] ] } },
{ "type": "Feature", "properties": { "value": 2, "label": "AQHI 2", "color": "#0099cb", "timestamp": "2026-09-16 17:00:00", "generated_at": "2026-09-16T23:31:17.755149", "nearest_km": 59.823207839715671, "n_points": 3, "weight_sum": 0.00043549345051951662, "confidence": "Medium", "flagged": false }, "geometry": { "type": "Polygon", "coordinates": [ [ [ -116.042199330721587, 54.002951136779949 ], [ -115.99219933072159, 54.002951136779949 ], [ -115.99219933072159, 54.052951136779946 ], [ -116.042199330721587, 54.052951136779946 ], [ -116.042199330721587, 54.002951136779949 ] ] ] } },
{ "type": "Feature", "properties": { "value": 2, "label": "AQHI 2", "color": "#0099cb", "timestamp": "2026-09-16 17:00:00", "generated_at": "2026-09-16T23:31:17.755149", "nearest_km": 63.573317316714977, "n_points": 3, "weight_sum": 0.00039593692860079408, "confidence": "Medium", "flagged": false }, "geometry": { "type": "Polygon", "coordinates": [ [ [ -115.99219933072159, 54.002951136779949 ], [ -115.942199330721593, 54.002951136779949 ], [ -115.942199330721593, 54.052951136779946 ], [ -115.99219933072159, 54.052951136779946 ], [ -115.99219933072159, 54.002951136779949 ] ] ] } },
{ "type": "Feature", "properties": { "value": 2, "label": "AQHI 2", "color": "#0099cb", "timestamp": "2026-09-16 17:00:00", "generated_at": "2026-09-16T23:31:17.755149", "nearest_km": 67.57160759571758, "n_points": 3, "weight_sum": 0.00036154161004398619, "confidence": "Medium", "flagged": false }, "geometry": { "type": "Polygon", "coordinates": [ [ [ -115.942199330721593, 54.002951136779949 ], [ -115.892199330721596, 54.002951136779949 ], [ -115.892199330721596, 54.052951136779946 ], [ -115.942199330721593, 54.052951136779946 ], [ -115.942199330721593, 54.002951136779949 ] ] ] } },
{ "type": "Feature", "properties": { "value": 2, "label": "AQHI 2", "color": "#0099cb", "timestamp": "2026-09-16 17:00:00", "generated_at": "2026-09-16T23:31:17.755149", "nearest_km": 71.776616188613517, "n_points": 3, "weight_sum": 0.00033204220658486705, "confidence": "Medium", "flagged": false }, "geometry": { "type": "Polygon", "coordinates": [ [ [ -115.892199330721596, 54.002951136779949 ], [ -115.842199330721598, 54.002951136779949 ], [ -115.842199330721598, 54.052951136779946 ], [ -115.892199330721596, 54.052951136779946 ], [ -115.892199330721596, 54.002951136779949 ] ] ] } },
{ "type": "Feature", "properties": { "value": 2, "label": "AQHI 2", "color": "#0099cb", "timestamp": "2026-09-16 17:00:00", "generated_at": "2026-09-16T23:31:17.755149", "nearest_km": 76.154107636459301, "n_points": 3, "weight_sum": 0.00030701035639458504, "confidence": "Low", "flagged": false }, "geometry": { "type": "Polygon", "coordinates": [ [ [ -115.842199330721598, 54.002951136779949 ], [ -115.792199330721601, 54.002951136779949 ], [ -115.792199330721601, 54.052951136779946 ], [ -115.842199330721598, 54.052951136779946 ], [ -115.842199330721598, 54.002951136779949 ] ] ] } },
{ "type": "Feature", "properties": { "value": 2, "label": "AQHI 2", "color": "#0099cb", "timestamp": "2026-09-16 17:00:00", "generated_at": "2026-09-16T23:31:17.755149", "nearest_km": 80.676009992582763, "n_points": 3, "weight_sum": 0.00028596147968256434, "confidence": "Low", "flagged": false }, "geometry": { "type": "Polygon", "coordinates": [ [ [ -115.792199330721601, 54.002951136779949 ], [ -115.742199330721604, 54.002951136779949 ], [ -115.742199330721604, 54.052951136779946 ], [ -115.792199330721601, 54.052951136779946 ], [ -115.792199330721601, 54.002951136779949 ] ] ] } },
{ "type": "Feature", "properties": { "value": 2, "label": "AQHI 2", "color": "#0099cb", "timestamp": "2026-09-16 17:00:00", "generated_at": "2026-09-16T23:31:17.755149", "nearest_km": 80.846979672177483, "n_points": 4, "weight_sum": 0.00032716503478527864, "confidence": "Low", "flagged": false }, "geometry": { "type": "Polygon", "coordinates": [ [ [ -117.892199330721482, 54.052951136779946 ], [ -117.842199330721485, 54.052951136779946 ], [ -117.842199330721485, 54.102951136779943 ], [ -117.892199330721482, 54.102951136779943 ], [ -117.892199330721482, 54.052951136779946 ] ] ] } },
{ "type": "Feature", "properties": { "value": 2, "label": "AQHI 2", "color": "#0099cb", "timestamp": "2026-09-16 17:00:00", "generated_at": "2026-09-16T23:31:17.755149", "nearest_km": 78.664185515338275, "n_points": 4, "weight_sum": 0.00034351843969082001, "confidence": "Low", "flagged": false }, "geometry": { "type": "Polygon", "coordinates": [ [ [ -117.842199330721485, 54.052951136779946 ], [ -117.792199330721488, 54.052951136779946 ], [ -117.792199330721488, 54.102951136779943 ], [ -117.842199330721485, 54.102951136779943 ], [ -117.842199330721485, 54.052951136779946 ] ] ] } },
{ "type": "Feature", "properties": { "value": 2, "label": "AQHI 2", "color": "#0099cb", "timestamp": "2026-09-16 17:00:00", "generated_at": "2026-09-16T23:31:17.755149", "nearest_km": 76.821084628307759, "n_points": 4, "weight_sum": 0.00035982903576563892, "confidence": "Low", "flagged": false }, "geometry": { "type": "Polygon", "coordinates": [ [ [ -117.792199330721488, 54.052951136779946 ], [ -117.74219933072149, 54.052951136779946 ], [ -117.74219933072149, 54.102951136779943 ], [ -117.792199330721488, 54.102951136779943 ], [ -117.792199330721488, 54.052951136779946 ] ] ] } },
{ "type": "Feature", "properties": { "value": 2, "label": "AQHI 2", "color": "#0099cb", "timestamp": "2026-09-16 17:00:00", "generated_at": "2026-09-16T23:31:17.755149", "nearest_km": 75.34261081318914, "n_points": 4, "weight_sum": 0.00037586352586154657, "confidence": "Low", "flagged": false }, "geometry": { "type": "Polygon", "coordinates": [ [ [ -117.74219933072149, 54.052951136779946 ], [ -117.692199330721493, 54.052951136779946 ], [ -117.692199330721493, 54.102951136779943 ], [ -117.74219933072149, 54.102951136779943 ], [ -117.74219933072149, 54.052951136779946 ] ] ] } },
{ "type": "Feature", "properties": { "value": 2, "label": "AQHI 2", "color": "#0099cb", "timestamp": "2026-09-16 17:00:00", "generated_at": "2026-09-16T23:31:17.755149", "nearest_km": 74.250548582658553, "n_points": 4, "weight_sum": 0.00039141980716661426, "confidence": "Medium", "flagged": false }, "geometry": { "type": "Polygon", "coordinates": [ [ [ -117.692199330721493, 54.052951136779946 ], [ -117.642199330721496, 54.052951136779946 ], [ -117.642199330721496, 54.102951136779943 ], [ -117.692199330721493, 54.102951136779943 ], [ -117.692199330721493, 54.052951136779946 ] ] ] } },
{ "type": "Feature", "properties": { "value": 2, "label": "AQHI 2", "color": "#0099cb", "timestamp": "2026-09-16 17:00:00", "generated_at": "2026-09-16T23:31:17.755149", "nearest_km": 73.562109305700204, "n_points": 5, "weight_sum": 0.00045217674347615042, "confidence": "Medium", "flagged": false }, "geometry": { "type": "Polygon", "coordinates": [ [ [ -117.642199330721496, 54.052951136779946 ], [ -117.592199330721499, 54.052951136779946 ], [ -117.592199330721499, 54.102951136779943 ], [ -117.642199330721496, 54.102951136779943 ], [ -117.642199330721496, 54.052951136779946 ] ] ] } },
{ "type": "Feature", "properties": { "value": 2, "label": "AQHI 2", "color": "#0099cb", "timestamp": "2026-09-16 17:00:00", "generated_at": "2026-09-16T23:31:17.755149", "nearest_km": 73.288668197626734, "n_points": 5, "weight_sum": 0.0004699392277642023, "confidence": "Medium", "flagged": false }, "geometry": { "type": "Polygon", "coordinates": [ [ [ -117.592199330721499, 54.052951136779946 ], [ -117.542199330721502, 54.052951136779946 ], [ -117.542199330721502, 54.102951136779943 ], [ -117.592199330721499, 54.102951136779943 ], [ -117.592199330721499, 54.052951136779946 ] ] ] } },
{ "type": "Feature", "properties": { "value": 2, "label": "AQHI 2", "color": "#0099cb", "timestamp": "2026-09-16 17:00:00", "generated_at": "2026-09-16T23:31:17.755149", "nearest_km": 73.434861250361578, "n_points": 5, "weight_sum": 0.00048766337481810537, "confidence": "Medium", "flagged": false }, "geometry": { "type": "Polygon", "coordinates": [ [ [ -117.542199330721502, 54.052951136779946 ], [ -117.492199330721505, 54.052951136779946 ], [ -117.492199330721505, 54.102951136779943 ], [ -117.542199330721502, 54.102951136779943 ], [ -117.542199330721502, 54.052951136779946 ] ] ] } },
{ "type": "Feature", "properties": { "value": 2, "label": "AQHI 2", "color": "#0099cb", "timestamp": "2026-09-16 17:00:00", "generated_at": "2026-09-16T23:31:17.755149", "nearest_km": 73.998201380424661, "n_points": 5, "weight_sum": 0.00050578650065641654, "confidence": "Medium", "flagged": false }, "geometry": { "type": "Polygon", "coordinates": [ [ [ -117.492199330721505, 54.052951136779946 ], [ -117.442199330721508, 54.052951136779946 ], [ -117.442199330721508, 54.102951136779943 ], [ -117.492199330721505, 54.102951136779943 ], [ -117.492199330721505, 54.052951136779946 ] ] ] } },
{ "type": "Feature", "properties": { "value": 2, "label": "AQHI 2", "color": "#0099cb", "timestamp": "2026-09-16 17:00:00", "generated_at": "2026-09-16T23:31:17.755149", "nearest_km": 74.969285498902167, "n_points": 5, "weight_sum": 0.00052496392981806611, "confidence": "Medium", "flagged": false }, "geometry": { "type": "Polygon", "coordinates": [ [ [ -117.442199330721508, 54.052951136779946 ], [ -117.39219933072151, 54.052951136779946 ], [ -117.39219933072151, 54.102951136779943 ], [ -117.442199330721508, 54.102951136779943 ], [ -117.442199330721508, 54.052951136779946 ] ] ] } },
{ "type": "Feature", "properties": { "value": 2, "label": "AQHI 2", "color": "#0099cb", "timestamp": "2026-09-16 17:00:00", "generated_at": "2026-09-16T23:31:17.755149", "nearest_km": 75.0294367043048, "n_points": 4, "weight_sum": 0.00050288613238541006, "confidence": "Low", "flagged": false }, "geometry": { "type": "Polygon", "coordinates": [ [ [ -117.39219933072151, 54.052951136779946 ], [ -117.342199330721513, 54.052951136779946 ], [ -117.342199330721513, 54.102951136779943 ], [ -117.39219933072151, 54.102951136779943 ], [ -117.39219933072151, 54.052951136779946 ] ] ] } },
{ "type": "Feature", "properties": { "value": 2, "label": "AQHI 2", "color": "#0099cb", "timestamp": "2026-09-16 17:00:00", "generated_at": "2026-09-16T23:31:17.755149", "nearest_km": 70.301140707554225, "n_points": 4, "weight_sum": 0.00052854260658684803, "confidence": "Medium", "flagged": false }, "geometry": { "type": "Polygon", "coordinates": [ [ [ -117.342199330721513, 54.052951136779946 ], [ -117.292199330721516, 54.052951136779946 ], [ -117.292199330721516, 54.102951136779943 ], [ -117.342199330721513, 54.102951136779943 ], [ -117.342199330721513, 54.052951136779946 ] ] ] } },
{ "type": "Feature", "properties": { "value": 2, "label": "AQHI 2", "color": "#0099cb", "timestamp": "2026-09-16 17:00:00", "generated_at": "2026-09-16T23:31:17.755149", "nearest_km": 65.701517466504441, "n_points": 4, "weight_sum": 0.00055833296872099094, "confidence": "Medium", "flagged": false }, "geometry": { "type": "Polygon", "coordinates": [ [ [ -117.292199330721516, 54.052951136779946 ], [ -117.242199330721519, 54.052951136779946 ], [ -117.242199330721519, 54.102951136779943 ], [ -117.292199330721516, 54.102951136779943 ], [ -117.292199330721516, 54.052951136779946 ] ] ] } },
{ "type": "Feature", "properties": { "value": 2, "label": "AQHI 2", "color": "#0099cb", "timestamp": "2026-09-16 17:00:00", "generated_at": "2026-09-16T23:31:17.755149", "nearest_km": 61.259557703426402, "n_points": 4, "weight_sum": 0.00059352582225245657, "confidence": "Medium", "flagged": false }, "geometry": { "type": "Polygon", "coordinates": [ [ [ -117.242199330721519, 54.052951136779946 ], [ -117.192199330721522, 54.052951136779946 ], [ -117.192199330721522, 54.102951136779943 ], [ -117.242199330721519, 54.102951136779943 ], [ -117.242199330721519, 54.052951136779946 ] ] ] } },
{ "type": "Feature", "properties": { "value": 2, "label": "AQHI 2", "color": "#0099cb", "timestamp": "2026-09-16 17:00:00", "generated_at": "2026-09-16T23:31:17.755149", "nearest_km": 57.01212522470518, "n_points": 4, "weight_sum": 0.00063538275425124879, "confidence": "Medium", "flagged": false }, "geometry": { "type": "Polygon", "coordinates": [ [ [ -117.192199330721522, 54.052951136779946 ], [ -117.142199330721525, 54.052951136779946 ], [ -117.142199330721525, 54.102951136779943 ], [ -117.192199330721522, 54.102951136779943 ], [ -117.192199330721522, 54.052951136779946 ] ] ] } },
{ "type": "Feature", "properties": { "value": 2, "label": "AQHI 2", "color": "#0099cb", "timestamp": "2026-09-16 17:00:00", "generated_at": "2026-09-16T23:31:17.755149", "nearest_km": 53.006003766134768, "n_points": 4, "weight_sum": 0.00068496887427908196, "confidence": "Medium", "flagged": false }, "geometry": { "type": "Polygon", "coordinates": [ [ [ -117.142199330721525, 54.052951136779946 ], [ -117.092199330721527, 54.052951136779946 ], [ -117.092199330721527, 54.102951136779943 ], [ -117.142199330721525, 54.102951136779943 ], [ -117.142199330721525, 54.052951136779946 ] ] ] } },
{ "type": "Feature", "properties": { "value": 2, "label": "AQHI 2", "color": "#0099cb", "timestamp": "2026-09-16 17:00:00", "generated_at": "2026-09-16T23:31:17.755149", "nearest_km": 49.300055252235914, "n_points": 4, "weight_sum": 0.00074279793693864528, "confidence": "Medium", "flagged": false }, "geometry": { "type": "Polygon", "coordinates": [ [ [ -117.092199330721527, 54.052951136779946 ], [ -117.04219933072153, 54.052951136779946 ], [ -117.04219933072153, 54.102951136779943 ], [ -117.092199330721527, 54.102951136779943 ], [ -117.092199330721527, 54.052951136779946 ] ] ] } },
{ "type": "Feature", "properties": { "value": 2, "label": "AQHI 2", "color": "#0099cb", "timestamp": "2026-09-16 17:00:00", "generated_at": "2026-09-16T23:31:17.755149", "nearest_km": 45.966938776598219, "n_points": 4, "weight_sum": 0.00080823530865038848, "confidence": "Medium", "flagged": false }, "geometry": { "type": "Polygon", "coordinates": [ [ [ -117.04219933072153, 54.052951136779946 ], [ -116.992199330721533, 54.052951136779946 ], [ -116.992199330721533, 54.102951136779943 ], [ -117.04219933072153, 54.102951136779943 ], [ -117.04219933072153, 54.052951136779946 ] ] ] } },
{ "type": "Feature", "properties": { "value": 2, "label": "AQHI 2", "color": "#0099cb", "timestamp": "2026-09-16 17:00:00", "generated_at": "2026-09-16T23:31:17.755149", "nearest_km": 43.093253220307425, "n_points": 4, "weight_sum": 0.00087866407086238055, "confidence": "Medium", "flagged": false }, "geometry": { "type": "Polygon", "coordinates": [ [ [ -116.992199330721533, 54.052951136779946 ], [ -116.942199330721536, 54.052951136779946 ], [ -116.942199330721536, 54.102951136779943 ], [ -116.992199330721533, 54.102951136779943 ], [ -116.992199330721533, 54.052951136779946 ] ] ] } },
{ "type": "Feature", "properties": { "value": 2, "label": "AQHI 2", "color": "#0099cb", "timestamp": "2026-09-16 17:00:00", "generated_at": "2026-09-16T23:31:17.755149", "nearest_km": 40.776249039453553, "n_points": 4, "weight_sum": 0.00094868491538314178, "confidence": "Medium", "flagged": false }, "geometry": { "type": "Polygon", "coordinates": [ [ [ -116.942199330721536, 54.052951136779946 ], [ -116.892199330721539, 54.052951136779946 ], [ -116.892199330721539, 54.102951136779943 ], [ -116.942199330721536, 54.102951136779943 ], [ -116.942199330721536, 54.052951136779946 ] ] ] } },
{ "type": "Feature", "properties": { "value": 2, "label": "AQHI 2", "color": "#0099cb", "timestamp": "2026-09-16 17:00:00", "generated_at": "2026-09-16T23:31:17.755149", "nearest_km": 39.114977928480677, "n_points": 4, "weight_sum": 0.001010077767340454, "confidence": "Medium", "flagged": false }, "geometry": { "type": "Polygon", "coordinates": [ [ [ -116.892199330721539, 54.052951136779946 ], [ -116.842199330721542, 54.052951136779946 ], [ -116.842199330721542, 54.102951136779943 ], [ -116.892199330721539, 54.102951136779943 ], [ -116.892199330721539, 54.052951136779946 ] ] ] } },
{ "type": "Feature", "properties": { "value": 2, "label": "AQHI 2", "color": "#0099cb", "timestamp": "2026-09-16 17:00:00", "generated_at": "2026-09-16T23:31:17.755149", "nearest_km": 38.195097996516736, "n_points": 4, "weight_sum": 0.0010534914705233106, "confidence": "Medium", "flagged": false }, "geometry": { "type": "Polygon", "coordinates": [ [ [ -116.842199330721542, 54.052951136779946 ], [ -116.792199330721544, 54.052951136779946 ], [ -116.792199330721544, 54.102951136779943 ], [ -116.842199330721542, 54.102951136779943 ], [ -116.842199330721542, 54.052951136779946 ] ] ] } },
{ "type": "Feature", "properties": { "value": 2, "label": "AQHI 2", "color": "#0099cb", "timestamp": "2026-09-16 17:00:00", "generated_at": "2026-09-16T23:31:17.755149", "nearest_km": 38.070389065276125, "n_points": 4, "weight_sum": 0.0010719586984076557, "confidence": "Medium", "flagged": false }, "geometry": { "type": "Polygon", "coordinates": [ [ [ -116.792199330721544, 54.052951136779946 ], [ -116.742199330721547, 54.052951136779946 ], [ -116.742199330721547, 54.102951136779943 ], [ -116.792199330721544, 54.102951136779943 ], [ -116.792199330721544, 54.052951136779946 ] ] ] } },
{ "type": "Feature", "properties": { "value": 2, "label": "AQHI 2", "color": "#0099cb", "timestamp": "2026-09-16 17:00:00", "generated_at": "2026-09-16T23:31:17.755149", "nearest_km": 38.748529471445345, "n_points": 4, "weight_sum": 0.001064301334101478, "confidence": "Medium", "flagged": false }, "geometry": { "type": "Polygon", "coordinates": [ [ [ -116.742199330721547, 54.052951136779946 ], [ -116.69219933072155, 54.052951136779946 ], [ -116.69219933072155, 54.102951136779943 ], [ -116.742199330721547, 54.102951136779943 ], [ -116.742199330721547, 54.052951136779946 ] ] ] } },
{ "type": "Feature", "properties": { "value": 2, "label": "AQHI 2", "color": "#0099cb", "timestamp": "2026-09-16 17:00:00", "generated_at": "2026-09-16T23:31:17.755149", "nearest_km": 40.188898327988959, "n_points": 4, "weight_sum": 0.0010356103834083573, "confidence": "Medium", "flagged": false }, "geometry": { "type": "Polygon", "coordinates": [ [ [ -116.69219933072155, 54.052951136779946 ], [ -116.642199330721553, 54.052951136779946 ], [ -116.642199330721553, 54.102951136779943 ], [ -116.69219933072155, 54.102951136779943 ], [ -116.69219933072155, 54.052951136779946 ] ] ] } },
{ "type": "Feature", "properties": { "value": 2, "label": "AQHI 2", "color": "#0099cb", "timestamp": "2026-09-16 17:00:00", "generated_at": "2026-09-16T23:31:17.755149", "nearest_km": 42.313727813032408, "n_points": 4, "weight_sum": 0.00099428281768249504, "confidence": "Medium", "flagged": false }, "geometry": { "type": "Polygon", "coordinates": [ [ [ -116.642199330721553, 54.052951136779946 ], [ -116.592199330721556, 54.052951136779946 ], [ -116.592199330721556, 54.102951136779943 ], [ -116.642199330721553, 54.102951136779943 ], [ -116.642199330721553, 54.052951136779946 ] ] ] } },
{ "type": "Feature", "properties": { "value": 2, "label": "AQHI 2", "color": "#0099cb", "timestamp": "2026-09-16 17:00:00", "generated_at": "2026-09-16T23:31:17.755149", "nearest_km": 45.026220961272593, "n_points": 4, "weight_sum": 0.00094808374903978328, "confidence": "Medium", "flagged": false }, "geometry": { "type": "Polygon", "coordinates": [ [ [ -116.592199330721556, 54.052951136779946 ], [ -116.542199330721559, 54.052951136779946 ], [ -116.542199330721559, 54.102951136779943 ], [ -116.592199330721556, 54.102951136779943 ], [ -116.592199330721556, 54.052951136779946 ] ] ] } },
{ "type": "Feature", "properties": { "value": 2, "label": "AQHI 2", "color": "#0099cb", "timestamp": "2026-09-16 17:00:00", "generated_at": "2026-09-16T23:31:17.755149", "nearest_km": 48.227321993567998, "n_points": 4, "weight_sum": 0.00090177816335573215, "confidence": "Medium", "flagged": false }, "geometry": { "type": "Polygon", "coordinates": [ [ [ -116.542199330721559, 54.052951136779946 ], [ -116.492199330721562, 54.052951136779946 ], [ -116.492199330721562, 54.102951136779943 ], [ -116.542199330721559, 54.102951136779943 ], [ -116.542199330721559, 54.052951136779946 ] ] ] } },
{ "type": "Feature", "properties": { "value": 2, "label": "AQHI 2", "color": "#0099cb", "timestamp": "2026-09-16 17:00:00", "generated_at": "2026-09-16T23:31:17.755149", "nearest_km": 51.826572328191119, "n_points": 4, "weight_sum": 0.00085687342614445498, "confidence": "Medium", "flagged": false }, "geometry": { "type": "Polygon", "coordinates": [ [ [ -116.492199330721562, 54.052951136779946 ], [ -116.442199330721564, 54.052951136779946 ], [ -116.442199330721564, 54.102951136779943 ], [ -116.492199330721562, 54.102951136779943 ], [ -116.492199330721562, 54.052951136779946 ] ] ] } },
{ "type": "Feature", "properties": { "value": 2, "label": "AQHI 2", "color": "#0099cb", "timestamp": "2026-09-16 17:00:00", "generated_at": "2026-09-16T23:31:17.755149", "nearest_km": 51.281018431938357, "n_points": 4, "weight_sum": 0.00081265562268827769, "confidence": "Medium", "flagged": false }, "geometry": { "type": "Polygon", "coordinates": [ [ [ -116.442199330721564, 54.052951136779946 ], [ -116.392199330721567, 54.052951136779946 ], [ -116.392199330721567, 54.102951136779943 ], [ -116.442199330721564, 54.102951136779943 ], [ -116.442199330721564, 54.052951136779946 ] ] ] } },
{ "type": "Feature", "properties": { "value": 2, "label": "AQHI 2", "color": "#0099cb", "timestamp": "2026-09-16 17:00:00", "generated_at": "2026-09-16T23:31:17.755149", "nearest_km": 50.986795641957826, "n_points": 3, "weight_sum": 0.00072390049223423892, "confidence": "Medium", "flagged": false }, "geometry": { "type": "Polygon", "coordinates": [ [ [ -116.392199330721567, 54.052951136779946 ], [ -116.34219933072157, 54.052951136779946 ], [ -116.34219933072157, 54.102951136779943 ], [ -116.392199330721567, 54.102951136779943 ], [ -116.392199330721567, 54.052951136779946 ] ] ] } },
{ "type": "Feature", "properties": { "value": 2, "label": "AQHI 2", "color": "#0099cb", "timestamp": "2026-09-16 17:00:00", "generated_at": "2026-09-16T23:31:17.755149", "nearest_km": 51.294919906875108, "n_points": 3, "weight_sum": 0.00067947944893820061, "confidence": "Medium", "flagged": false }, "geometry": { "type": "Polygon", "coordinates": [ [ [ -116.34219933072157, 54.052951136779946 ], [ -116.292199330721573, 54.052951136779946 ], [ -116.292199330721573, 54.102951136779943 ], [ -116.34219933072157, 54.102951136779943 ], [ -116.34219933072157, 54.052951136779946 ] ] ] } },
{ "type": "Feature", "properties": { "value": 2, "label": "AQHI 2", "color": "#0099cb", "timestamp": "2026-09-16 17:00:00", "generated_at": "2026-09-16T23:31:17.755149", "nearest_km": 52.194724701550896, "n_points": 3, "weight_sum": 0.00063256326624523424, "confidence": "Medium", "flagged": false }, "geometry": { "type": "Polygon", "coordinates": [ [ [ -116.292199330721573, 54.052951136779946 ], [ -116.242199330721576, 54.052951136779946 ], [ -116.242199330721576, 54.102951136779943 ], [ -116.292199330721573, 54.102951136779943 ], [ -116.292199330721573, 54.052951136779946 ] ] ] } },
{ "type": "Feature", "properties": { "value": 2, "label": "AQHI 2", "color": "#0099cb", "timestamp": "2026-09-16 17:00:00", "generated_at": "2026-09-16T23:31:17.755149", "nearest_km": 53.656451290489159, "n_points": 3, "weight_sum": 0.00058392680999441444, "confidence": "Medium", "flagged": false }, "geometry": { "type": "Polygon", "coordinates": [ [ [ -116.242199330721576, 54.052951136779946 ], [ -116.192199330721579, 54.052951136779946 ], [ -116.192199330721579, 54.102951136779943 ], [ -116.242199330721576, 54.102951136779943 ], [ -116.242199330721576, 54.052951136779946 ] ] ] } },
{ "type": "Feature", "properties": { "value": 2, "label": "AQHI 2", "color": "#0099cb", "timestamp": "2026-09-16 17:00:00", "generated_at": "2026-09-16T23:31:17.755149", "nearest_km": 55.635826977825872, "n_points": 3, "weight_sum": 0.00053495380084604628, "confidence": "Medium", "flagged": false }, "geometry": { "type": "Polygon", "coordinates": [ [ [ -116.192199330721579, 54.052951136779946 ], [ -116.142199330721581, 54.052951136779946 ], [ -116.142199330721581, 54.102951136779943 ], [ -116.192199330721579, 54.102951136779943 ], [ -116.192199330721579, 54.052951136779946 ] ] ] } },
{ "type": "Feature", "properties": { "value": 2, "label": "AQHI 2", "color": "#0099cb", "timestamp": "2026-09-16 17:00:00", "generated_at": "2026-09-16T23:31:17.755149", "nearest_km": 58.079951118475556, "n_points": 3, "weight_sum": 0.0004871511033298654, "confidence": "Medium", "flagged": false }, "geometry": { "type": "Polygon", "coordinates": [ [ [ -116.142199330721581, 54.052951136779946 ], [ -116.092199330721584, 54.052951136779946 ], [ -116.092199330721584, 54.102951136779943 ], [ -116.142199330721581, 54.102951136779943 ], [ -116.142199330721581, 54.052951136779946 ] ] ] } },
{ "type": "Feature", "properties": { "value": 2, "label": "AQHI 2", "color": "#0099cb", "timestamp": "2026-09-16 17:00:00", "generated_at": "2026-09-16T23:31:17.755149", "nearest_km": 60.93292377969761, "n_points": 2, "weight_sum": 0.00039779364436698535, "confidence": "Medium", "flagged": false }, "geometry": { "type": "Polygon", "coordinates": [ [ [ -116.092199330721584, 54.052951136779946 ], [ -116.042199330721587, 54.052951136779946 ], [ -116.042199330721587, 54.102951136779943 ], [ -116.092199330721584, 54.102951136779943 ], [ -116.092199330721584, 54.052951136779946 ] ] ] } },
{ "type": "Feature", "properties": { "value": 2, "label": "AQHI 2", "color": "#0099cb", "timestamp": "2026-09-16 17:00:00", "generated_at": "2026-09-16T23:31:17.755149", "nearest_km": 64.140211090706245, "n_points": 3, "weight_sum": 0.00040274988417444768, "confidence": "Medium", "flagged": false }, "geometry": { "type": "Polygon", "coordinates": [ [ [ -116.042199330721587, 54.052951136779946 ], [ -115.99219933072159, 54.052951136779946 ], [ -115.99219933072159, 54.102951136779943 ], [ -116.042199330721587, 54.102951136779943 ], [ -116.042199330721587, 54.052951136779946 ] ] ] } },
{ "type": "Feature", "properties": { "value": 2, "label": "AQHI 2", "color": "#0099cb", "timestamp": "2026-09-16 17:00:00", "generated_at": "2026-09-16T23:31:17.755149", "nearest_km": 67.651438692597452, "n_points": 3, "weight_sum": 0.0003692766845645154, "confidence": "Medium", "flagged": false }, "geometry": { "type": "Polygon", "coordinates": [ [ [ -115.99219933072159, 54.052951136779946 ], [ -115.942199330721593, 54.052951136779946 ], [ -115.942199330721593, 54.102951136779943 ], [ -115.99219933072159, 54.102951136779943 ], [ -115.99219933072159, 54.052951136779946 ] ] ] } },
{ "type": "Feature", "properties": { "value": 2, "label": "AQHI 2", "color": "#0099cb", "timestamp": "2026-09-16 17:00:00", "generated_at": "2026-09-16T23:31:17.755149", "nearest_km": 71.421793841909192, "n_points": 3, "weight_sum": 0.00033969743140899807, "confidence": "Medium", "flagged": false }, "geometry": { "type": "Polygon", "coordinates": [ [ [ -115.942199330721593, 54.052951136779946 ], [ -115.892199330721596, 54.052951136779946 ], [ -115.892199330721596, 54.102951136779943 ], [ -115.942199330721593, 54.102951136779943 ], [ -115.942199330721593, 54.052951136779946 ] ] ] } },
{ "type": "Feature", "properties": { "value": 2, "label": "AQHI 2", "color": "#0099cb", "timestamp": "2026-09-16 17:00:00", "generated_at": "2026-09-16T23:31:17.755149", "nearest_km": 75.412420157518326, "n_points": 3, "weight_sum": 0.00031390360015799961, "confidence": "Low", "flagged": false }, "geometry": { "type": "Polygon", "coordinates": [ [ [ -115.892199330721596, 54.052951136779946 ], [ -115.842199330721598, 54.052951136779946 ], [ -115.842199330721598, 54.102951136779943 ], [ -115.892199330721596, 54.102951136779943 ], [ -115.892199330721596, 54.052951136779946 ] ] ] } },
{ "type": "Feature", "properties": { "value": 2, "label": "AQHI 2", "color": "#0099cb", "timestamp": "2026-09-16 17:00:00", "generated_at": "2026-09-16T23:31:17.755149", "nearest_km": 79.590191559211419, "n_points": 3, "weight_sum": 0.00029165059719883695, "confidence": "Low", "flagged": false }, "geometry": { "type": "Polygon", "coordinates": [ [ [ -115.842199330721598, 54.052951136779946 ], [ -115.792199330721601, 54.052951136779946 ], [ -115.792199330721601, 54.102951136779943 ], [ -115.842199330721598, 54.102951136779943 ], [ -115.842199330721598, 54.052951136779946 ] ] ] } },
{ "type": "Feature", "properties": { "value": 2, "label": "AQHI 2", "color": "#0099cb", "timestamp": "2026-09-16 17:00:00", "generated_at": "2026-09-16T23:31:17.755149", "nearest_km": 80.751235025380311, "n_points": 4, "weight_sum": 0.00034741146283443484, "confidence": "Low", "flagged": false }, "geometry": { "type": "Polygon", "coordinates": [ [ [ -117.74219933072149, 54.102951136779943 ], [ -117.692199330721493, 54.102951136779943 ], [ -117.692199330721493, 54.15295113677994 ], [ -117.74219933072149, 54.15295113677994 ], [ -117.74219933072149, 54.102951136779943 ] ] ] } },
{ "type": "Feature", "properties": { "value": 2, "label": "AQHI 2", "color": "#0099cb", "timestamp": "2026-09-16 17:00:00", "generated_at": "2026-09-16T23:31:17.755149", "nearest_km": 79.733286140747154, "n_points": 4, "weight_sum": 0.00036201035223588072, "confidence": "Low", "flagged": false }, "geometry": { "type": "Polygon", "coordinates": [ [ [ -117.692199330721493, 54.102951136779943 ], [ -117.642199330721496, 54.102951136779943 ], [ -117.642199330721496, 54.15295113677994 ], [ -117.692199330721493, 54.15295113677994 ], [ -117.692199330721493, 54.102951136779943 ] ] ] } },
{ "type": "Feature", "properties": { "value": 2, "label": "AQHI 2", "color": "#0099cb", "timestamp": "2026-09-16 17:00:00", "generated_at": "2026-09-16T23:31:17.755149", "nearest_km": 79.092584225579003, "n_points": 5, "weight_sum": 0.00042116387805696259, "confidence": "Low", "flagged": false }, "geometry": { "type": "Polygon", "coordinates": [ [ [ -117.642199330721496, 54.102951136779943 ], [ -117.592199330721499, 54.102951136779943 ], [ -117.592199330721499, 54.15295113677994 ], [ -117.642199330721496, 54.15295113677994 ], [ -117.642199330721496, 54.102951136779943 ] ] ] } },
{ "type": "Feature", "properties": { "value": 2, "label": "AQHI 2", "color": "#0099cb", "timestamp": "2026-09-16 17:00:00", "generated_at": "2026-09-16T23:31:17.755149", "nearest_km": 78.83832722831167, "n_points": 5, "weight_sum": 0.00043906198720086172, "confidence": "Low", "flagged": false }, "geometry": { "type": "Polygon", "coordinates": [ [ [ -117.592199330721499, 54.102951136779943 ], [ -117.542199330721502, 54.102951136779943 ], [ -117.542199330721502, 54.15295113677994 ], [ -117.592199330721499, 54.15295113677994 ], [ -117.592199330721499, 54.102951136779943 ] ] ] } },
{ "type": "Feature", "properties": { "value": 2, "label": "AQHI 2", "color": "#0099cb", "timestamp": "2026-09-16 17:00:00", "generated_at": "2026-09-16T23:31:17.755149", "nearest_km": 78.974247706682092, "n_points": 5, "weight_sum": 0.00045770572458231676, "confidence": "Low", "flagged": false }, "geometry": { "type": "Polygon", "coordinates": [ [ [ -117.542199330721502, 54.102951136779943 ], [ -117.492199330721505, 54.102951136779943 ], [ -117.492199330721505, 54.15295113677994 ], [ -117.542199330721502, 54.15295113677994 ], [ -117.542199330721502, 54.102951136779943 ] ] ] } },
{ "type": "Feature", "properties": { "value": 2, "label": "AQHI 2", "color": "#0099cb", "timestamp": "2026-09-16 17:00:00", "generated_at": "2026-09-16T23:31:17.755149", "nearest_km": 79.498344394801123, "n_points": 4, "weight_sum": 0.00043423348151642402, "confidence": "Low", "flagged": false }, "geometry": { "type": "Polygon", "coordinates": [ [ [ -117.492199330721505, 54.102951136779943 ], [ -117.442199330721508, 54.102951136779943 ], [ -117.442199330721508, 54.15295113677994 ], [ -117.492199330721505, 54.15295113677994 ], [ -117.492199330721505, 54.102951136779943 ] ] ] } },
{ "type": "Feature", "properties": { "value": 2, "label": "AQHI 2", "color": "#0099cb", "timestamp": "2026-09-16 17:00:00", "generated_at": "2026-09-16T23:31:17.755149", "nearest_km": 77.375353065261109, "n_points": 4, "weight_sum": 0.00045757038362187203, "confidence": "Low", "flagged": false }, "geometry": { "type": "Polygon", "coordinates": [ [ [ -117.442199330721508, 54.102951136779943 ], [ -117.39219933072151, 54.102951136779943 ], [ -117.39219933072151, 54.15295113677994 ], [ -117.442199330721508, 54.15295113677994 ], [ -117.442199330721508, 54.102951136779943 ] ] ] } },
{ "type": "Feature", "properties": { "value": 2, "label": "AQHI 2", "color": "#0099cb", "timestamp": "2026-09-16 17:00:00", "generated_at": "2026-09-16T23:31:17.755149", "nearest_km": 72.375232466582631, "n_points": 4, "weight_sum": 0.00048392664213521932, "confidence": "Medium", "flagged": false }, "geometry": { "type": "Polygon", "coordinates": [ [ [ -117.39219933072151, 54.102951136779943 ], [ -117.342199330721513, 54.102951136779943 ], [ -117.342199330721513, 54.15295113677994 ], [ -117.39219933072151, 54.15295113677994 ], [ -117.39219933072151, 54.102951136779943 ] ] ] } },
{ "type": "Feature", "properties": { "value": 2, "label": "AQHI 2", "color": "#0099cb", "timestamp": "2026-09-16 17:00:00", "generated_at": "2026-09-16T23:31:17.755149", "nearest_km": 67.461161324201441, "n_points": 4, "weight_sum": 0.00051453943360330653, "confidence": "Medium", "flagged": false }, "geometry": { "type": "Polygon", "coordinates": [ [ [ -117.342199330721513, 54.102951136779943 ], [ -117.292199330721516, 54.102951136779943 ], [ -117.292199330721516, 54.15295113677994 ], [ -117.342199330721513, 54.15295113677994 ], [ -117.342199330721513, 54.102951136779943 ] ] ] } },
{ "type": "Feature", "properties": { "value": 2, "label": "AQHI 2", "color": "#0099cb", "timestamp": "2026-09-16 17:00:00", "generated_at": "2026-09-16T23:31:17.755149", "nearest_km": 62.653390170269169, "n_points": 4, "weight_sum": 0.00055093186962125668, "confidence": "Medium", "flagged": false }, "geometry": { "type": "Polygon", "coordinates": [ [ [ -117.292199330721516, 54.102951136779943 ], [ -117.242199330721519, 54.102951136779943 ], [ -117.242199330721519, 54.15295113677994 ], [ -117.292199330721516, 54.15295113677994 ], [ -117.292199330721516, 54.102951136779943 ] ] ] } },
{ "type": "Feature", "properties": { "value": 2, "label": "AQHI 2", "color": "#0099cb", "timestamp": "2026-09-16 17:00:00", "generated_at": "2026-09-16T23:31:17.755149", "nearest_km": 57.978369349663708, "n_points": 4, "weight_sum": 0.00059492609814726838, "confidence": "Medium", "flagged": false }, "geometry": { "type": "Polygon", "coordinates": [ [ [ -117.242199330721519, 54.102951136779943 ], [ -117.192199330721522, 54.102951136779943 ], [ -117.192199330721522, 54.15295113677994 ], [ -117.242199330721519, 54.15295113677994 ], [ -117.242199330721519, 54.102951136779943 ] ] ] } },
{ "type": "Feature", "properties": { "value": 2, "label": "AQHI 2", "color": "#0099cb", "timestamp": "2026-09-16 17:00:00", "generated_at": "2026-09-16T23:31:17.755149", "nearest_km": 53.470929719465879, "n_points": 4, "weight_sum": 0.00064861492395727684, "confidence": "Medium", "flagged": false }, "geometry": { "type": "Polygon", "coordinates": [ [ [ -117.192199330721522, 54.102951136779943 ], [ -117.142199330721525, 54.102951136779943 ], [ -117.142199330721525, 54.15295113677994 ], [ -117.192199330721522, 54.15295113677994 ], [ -117.192199330721522, 54.102951136779943 ] ] ] } },
{ "type": "Feature", "properties": { "value": 2, "label": "AQHI 2", "color": "#0099cb", "timestamp": "2026-09-16 17:00:00", "generated_at": "2026-09-16T23:31:17.755149", "nearest_km": 41.493582189516054, "n_points": 4, "weight_sum": 0.00088755642714032773, "confidence": "Medium", "flagged": false }, "geometry": { "type": "Polygon", "coordinates": [ [ [ -117.04219933072153, 54.102951136779943 ], [ -116.992199330721533, 54.102951136779943 ], [ -116.992199330721533, 54.15295113677994 ], [ -117.04219933072153, 54.15295113677994 ], [ -117.04219933072153, 54.102951136779943 ] ] ] } },
{ "type": "Feature", "properties": { "value": 2, "label": "AQHI 2", "color": "#0099cb", "timestamp": "2026-09-16 17:00:00", "generated_at": "2026-09-16T23:31:17.755149", "nearest_km": 38.285589658984378, "n_points": 4, "weight_sum": 0.00099358383124624645, "confidence": "Medium", "flagged": false }, "geometry": { "type": "Polygon", "coordinates": [ [ [ -116.992199330721533, 54.102951136779943 ], [ -116.942199330721536, 54.102951136779943 ], [ -116.942199330721536, 54.15295113677994 ], [ -116.992199330721533, 54.15295113677994 ], [ -116.992199330721533, 54.102951136779943 ] ] ] } },
{ "type": "Feature", "properties": { "value": 2, "label": "AQHI 2", "color": "#0099cb", "timestamp": "2026-09-16 17:00:00", "generated_at": "2026-09-16T23:31:17.755149", "nearest_km": 35.657543215344099, "n_points": 4, "weight_sum": 0.0011037932335284037, "confidence": "Medium", "flagged": false }, "geometry": { "type": "Polygon", "coordinates": [ [ [ -116.942199330721536, 54.102951136779943 ], [ -116.892199330721539, 54.102951136779943 ], [ -116.892199330721539, 54.15295113677994 ], [ -116.942199330721536, 54.15295113677994 ], [ -116.942199330721536, 54.102951136779943 ] ] ] } },
{ "type": "Feature", "properties": { "value": 2, "label": "AQHI 2", "color": "#0099cb", "timestamp": "2026-09-16 17:00:00", "generated_at": "2026-09-16T23:31:17.755149", "nearest_km": 33.745213005286026, "n_points": 4, "weight_sum": 0.0012028668347564152, "confidence": "Medium", "flagged": false }, "geometry": { "type": "Polygon", "coordinates": [ [ [ -116.892199330721539, 54.102951136779943 ], [ -116.842199330721542, 54.102951136779943 ], [ -116.842199330721542, 54.15295113677994 ], [ -116.892199330721539, 54.15295113677994 ], [ -116.892199330721539, 54.102951136779943 ] ] ] } },
{ "type": "Feature", "properties": { "value": 2, "label": "AQHI 2", "color": "#0099cb", "timestamp": "2026-09-16 17:00:00", "generated_at": "2026-09-16T23:31:17.755149", "nearest_km": 32.674507087179009, "n_points": 4, "weight_sum": 0.0012703109969321193, "confidence": "Medium", "flagged": false }, "geometry": { "type": "Polygon", "coordinates": [ [ [ -116.842199330721542, 54.102951136779943 ], [ -116.792199330721544, 54.102951136779943 ], [ -116.792199330721544, 54.15295113677994 ], [ -116.842199330721542, 54.15295113677994 ], [ -116.842199330721542, 54.102951136779943 ] ] ] } },
{ "type": "Feature", "properties": { "value": 2, "label": "AQHI 2", "color": "#0099cb", "timestamp": "2026-09-16 17:00:00", "generated_at": "2026-09-16T23:31:17.755149", "nearest_km": 32.528640088514166, "n_points": 4, "weight_sum": 0.0012891905158939703, "confidence": "Medium", "flagged": false }, "geometry": { "type": "Polygon", "coordinates": [ [ [ -116.792199330721544, 54.102951136779943 ], [ -116.742199330721547, 54.102951136779943 ], [ -116.742199330721547, 54.15295113677994 ], [ -116.792199330721544, 54.15295113677994 ], [ -116.792199330721544, 54.102951136779943 ] ] ] } },
{ "type": "Feature", "properties": { "value": 2, "label": "AQHI 2", "color": "#0099cb", "timestamp": "2026-09-16 17:00:00", "generated_at": "2026-09-16T23:31:17.755149", "nearest_km": 33.319760482723517, "n_points": 4, "weight_sum": 0.001256632951524627, "confidence": "Medium", "flagged": false }, "geometry": { "type": "Polygon", "coordinates": [ [ [ -116.742199330721547, 54.102951136779943 ], [ -116.69219933072155, 54.102951136779943 ], [ -116.69219933072155, 54.15295113677994 ], [ -116.742199330721547, 54.15295113677994 ], [ -116.742199330721547, 54.102951136779943 ] ] ] } },
{ "type": "Feature", "properties": { "value": 2, "label": "AQHI 2", "color": "#0099cb", "timestamp": "2026-09-16 17:00:00", "generated_at": "2026-09-16T23:31:17.755149", "nearest_km": 34.984360094819927, "n_points": 4, "weight_sum": 0.0011856767962294037, "confidence": "Medium", "flagged": false }, "geometry": { "type": "Polygon", "coordinates": [ [ [ -116.69219933072155, 54.102951136779943 ], [ -116.642199330721553, 54.102951136779943 ], [ -116.642199330721553, 54.15295113677994 ], [ -116.69219933072155, 54.15295113677994 ], [ -116.69219933072155, 54.102951136779943 ] ] ] } },
{ "type": "Feature", "properties": { "value": 2, "label": "AQHI 2", "color": "#0099cb", "timestamp": "2026-09-16 17:00:00", "generated_at": "2026-09-16T23:31:17.755149", "nearest_km": 37.4060083925295, "n_points": 4, "weight_sum": 0.0010963025573990422, "confidence": "Medium", "flagged": false }, "geometry": { "type": "Polygon", "coordinates": [ [ [ -116.642199330721553, 54.102951136779943 ], [ -116.592199330721556, 54.102951136779943 ], [ -116.592199330721556, 54.15295113677994 ], [ -116.642199330721553, 54.15295113677994 ], [ -116.642199330721553, 54.102951136779943 ] ] ] } },
{ "type": "Feature", "properties": { "value": 2, "label": "AQHI 2", "color": "#0099cb", "timestamp": "2026-09-16 17:00:00", "generated_at": "2026-09-16T23:31:17.755149", "nearest_km": 40.448961377023501, "n_points": 4, "weight_sum": 0.0010051320148872424, "confidence": "Medium", "flagged": false }, "geometry": { "type": "Polygon", "coordinates": [ [ [ -116.592199330721556, 54.102951136779943 ], [ -116.542199330721559, 54.102951136779943 ], [ -116.542199330721559, 54.15295113677994 ], [ -116.592199330721556, 54.15295113677994 ], [ -116.592199330721556, 54.102951136779943 ] ] ] } },
{ "type": "Feature", "properties": { "value": 2, "label": "AQHI 2", "color": "#0099cb", "timestamp": "2026-09-16 17:00:00", "generated_at": "2026-09-16T23:31:17.755149", "nearest_km": 43.9844573582292, "n_points": 4, "weight_sum": 0.00092125851382714695, "confidence": "Medium", "flagged": false }, "geometry": { "type": "Polygon", "coordinates": [ [ [ -116.542199330721559, 54.102951136779943 ], [ -116.492199330721562, 54.102951136779943 ], [ -116.492199330721562, 54.15295113677994 ], [ -116.542199330721559, 54.15295113677994 ], [ -116.542199330721559, 54.102951136779943 ] ] ] } },
{ "type": "Feature", "properties": { "value": 2, "label": "AQHI 2", "color": "#0099cb", "timestamp": "2026-09-16 17:00:00", "generated_at": "2026-09-16T23:31:17.755149", "nearest_km": 47.903564603438653, "n_points": 4, "weight_sum": 0.00084736120263536859, "confidence": "Medium", "flagged": false }, "geometry": { "type": "Polygon", "coordinates": [ [ [ -116.492199330721562, 54.102951136779943 ], [ -116.442199330721564, 54.102951136779943 ], [ -116.442199330721564, 54.15295113677994 ], [ -116.492199330721562, 54.15295113677994 ], [ -116.492199330721562, 54.102951136779943 ] ] ] } },
{ "type": "Feature", "properties": { "value": 2, "label": "AQHI 2", "color": "#0099cb", "timestamp": "2026-09-16 17:00:00", "generated_at": "2026-09-16T23:31:17.755149", "nearest_km": 52.119818824836209, "n_points": 4, "weight_sum": 0.00078246370838259657, "confidence": "Medium", "flagged": false }, "geometry": { "type": "Polygon", "coordinates": [ [ [ -116.442199330721564, 54.102951136779943 ], [ -116.392199330721567, 54.102951136779943 ], [ -116.392199330721567, 54.15295113677994 ], [ -116.442199330721564, 54.15295113677994 ], [ -116.442199330721564, 54.102951136779943 ] ] ] } },
{ "type": "Feature", "properties": { "value": 2, "label": "AQHI 2", "color": "#0099cb", "timestamp": "2026-09-16 17:00:00", "generated_at": "2026-09-16T23:31:17.755149", "nearest_km": 59.965074854072938, "n_points": 4, "weight_sum": 0.0005478157280436964, "confidence": "Medium", "flagged": false }, "geometry": { "type": "Polygon", "coordinates": [ [ [ -117.292199330721516, 54.15295113677994 ], [ -117.242199330721519, 54.15295113677994 ], [ -117.242199330721519, 54.202951136779937 ], [ -117.292199330721516, 54.202951136779937 ], [ -117.292199330721516, 54.15295113677994 ] ] ] } },
{ "type": "Feature", "properties": { "value": 2, "label": "AQHI 2", "color": "#0099cb", "timestamp": "2026-09-16 17:00:00", "generated_at": "2026-09-16T23:31:17.755149", "nearest_km": 26.990282111061365, "n_points": 4, "weight_sum": 0.0016836290553728594, "confidence": "Medium", "flagged": false }, "geometry": { "type": "Polygon", "coordinates": [ [ [ -116.792199330721544, 54.15295113677994 ], [ -116.742199330721547, 54.15295113677994 ], [ -116.742199330721547, 54.202951136779937 ], [ -116.792199330721544, 54.202951136779937 ], [ -116.792199330721544, 54.15295113677994 ] ] ] } },
{ "type": "Feature", "properties": { "value": 2, "label": "AQHI 2", "color": "#0099cb", "timestamp": "2026-09-16 17:00:00", "generated_at": "2026-09-16T23:31:17.755149", "nearest_km": 27.938671068120822, "n_points": 4, "weight_sum": 0.0016005327370296686, "confidence": "Medium", "flagged": false }, "geometry": { "type": "Polygon", "coordinates": [ [ [ -116.742199330721547, 54.15295113677994 ], [ -116.69219933072155, 54.15295113677994 ], [ -116.69219933072155, 54.202951136779937 ], [ -116.742199330721547, 54.202951136779937 ], [ -116.742199330721547, 54.15295113677994 ] ] ] } },
{ "type": "Feature", "properties": { "value": 2, "label": "AQHI 2", "color": "#0099cb", "timestamp": "2026-09-16 17:00:00", "generated_at": "2026-09-16T23:31:17.755149", "nearest_km": 29.904319983417395, "n_points": 4, "weight_sum": 0.0014465366775037519, "confidence": "Medium", "flagged": false }, "geometry": { "type": "Polygon", "coordinates": [ [ [ -116.69219933072155, 54.15295113677994 ], [ -116.642199330721553, 54.15295113677994 ], [ -116.642199330721553, 54.202951136779937 ], [ -116.69219933072155, 54.202951136779937 ], [ -116.69219933072155, 54.15295113677994 ] ] ] } },
{ "type": "Feature", "properties": { "value": 2, "label": "AQHI 2", "color": "#0099cb", "timestamp": "2026-09-16 17:00:00", "generated_at": "2026-09-16T23:31:17.755149", "nearest_km": 32.704317242354648, "n_points": 4, "weight_sum": 0.0012720084517647166, "confidence": "Medium", "flagged": false }, "geometry": { "type": "Polygon", "coordinates": [ [ [ -116.642199330721553, 54.15295113677994 ], [ -116.592199330721556, 54.15295113677994 ], [ -116.592199330721556, 54.202951136779937 ], [ -116.642199330721553, 54.202951136779937 ], [ -116.642199330721553, 54.15295113677994 ] ] ] } },
{ "type": "Feature", "properties": { "value": 2, "label": "AQHI 2", "color": "#0099cb", "timestamp": "2026-09-16 17:00:00", "generated_at": "2026-09-16T23:31:17.755149", "nearest_km": 36.145281557992135, "n_points": 4, "weight_sum": 0.0011104159792288469, "confidence": "Medium", "flagged": false }, "geometry": { "type": "Polygon", "coordinates": [ [ [ -116.592199330721556, 54.15295113677994 ], [ -116.542199330721559, 54.15295113677994 ], [ -116.542199330721559, 54.202951136779937 ], [ -116.592199330721556, 54.202951136779937 ], [ -116.592199330721556, 54.15295113677994 ] ] ] } },
{ "type": "Feature", "properties": { "value": 2, "label": "AQHI 2", "color": "#0099cb", "timestamp": "2026-09-16 17:00:00", "generated_at": "2026-09-16T23:31:17.755149", "nearest_km": 40.06239373183373, "n_points": 4, "weight_sum": 0.00097440402927942513, "confidence": "Medium", "flagged": false }, "geometry": { "type": "Polygon", "coordinates": [ [ [ -116.542199330721559, 54.15295113677994 ], [ -116.492199330721562, 54.15295113677994 ], [ -116.492199330721562, 54.202951136779937 ], [ -116.542199330721559, 54.202951136779937 ], [ -116.542199330721559, 54.15295113677994 ] ] ] } },
{ "type": "Feature", "properties": { "value": 2, "label": "AQHI 2", "color": "#0099cb", "timestamp": "2026-09-16 17:00:00", "generated_at": "2026-09-16T23:31:17.755149", "nearest_km": 44.329610918012897, "n_points": 4, "weight_sum": 0.00086414378948861548, "confidence": "Medium", "flagged": false }, "geometry": { "type": "Polygon", "coordinates": [ [ [ -116.492199330721562, 54.15295113677994 ], [ -116.442199330721564, 54.15295113677994 ], [ -116.442199330721564, 54.202951136779937 ], [ -116.492199330721562, 54.202951136779937 ], [ -116.492199330721562, 54.15295113677994 ] ] ] } },
{ "type": "Feature", "properties": { "value": 2, "label": "AQHI 2", "color": "#0099cb", "timestamp": "2026-09-16 17:00:00", "generated_at": "2026-09-16T23:31:17.755149", "nearest_km": 22.639285401249584, "n_points": 4, "weight_sum": 0.0022390162862423028, "confidence": "High", "flagged": false }, "geometry": { "type": "Polygon", "coordinates": [ [ [ -116.742199330721547, 54.202951136779937 ], [ -116.69219933072155, 54.202951136779937 ], [ -116.69219933072155, 54.252951136779934 ], [ -116.742199330721547, 54.252951136779934 ], [ -116.742199330721547, 54.202951136779937 ] ] ] } },
{ "type": "Feature", "properties": { "value": 2, "label": "AQHI 2", "color": "#0099cb", "timestamp": "2026-09-16 17:00:00", "generated_at": "2026-09-16T23:31:17.755149", "nearest_km": 25.024712907388128, "n_points": 4, "weight_sum": 0.0018909759528776961, "confidence": "Medium", "flagged": false }, "geometry": { "type": "Polygon", "coordinates": [ [ [ -116.69219933072155, 54.202951136779937 ], [ -116.642199330721553, 54.202951136779937 ], [ -116.642199330721553, 54.252951136779934 ], [ -116.69219933072155, 54.252951136779934 ], [ -116.69219933072155, 54.202951136779937 ] ] ] } }
]
}
