{
"type": "FeatureCollection",
"name": "AQHI_forecast_3h_grid",
"crs": { "type": "name", "properties": { "name": "urn:ogc:def:crs:OGC:1.3:CRS84" } },
"features": [
{ "type": "Feature", "properties": { "AQHI_forecast_3h": 1.24, "value": 1, "color": "#01cbff", "station_count": 3, "forecast_valid_time": "2026-09-02 14:00:00+00:00", "model": "Cubist weighted IDW" }, "geometry": { "type": "Polygon", "coordinates": [ [ [ -113.4627, 58.1167 ], [ -113.4027, 58.1167 ], [ -113.4027, 58.0567 ], [ -113.4627, 58.0567 ], [ -113.4627, 58.1167 ] ] ] } },
{ "type": "Feature", "properties": { "AQHI_forecast_3h": 1.23, "value": 1, "color": "#01cbff", "station_count": 3, "forecast_valid_time": "2026-09-02 14:00:00+00:00", "model": "Cubist weighted IDW" }, "geometry": { "type": "Polygon", "coordinates": [ [ [ -113.4027, 58.0567 ], [ -113.3427, 58.0567 ], [ -113.3427, 57.9967 ], [ -113.4027, 57.9967 ], [ -113.4027, 58.0567 ] ] ] } },
{ "type": "Feature", "properties": { "AQHI_forecast_3h": 1.24, "value": 1, "color": "#01cbff", "station_count": 3, "forecast_valid_time": "2026-09-02 14:00:00+00:00", "model": "Cubist weighted IDW" }, "geometry": { "type": "Polygon", "coordinates": [ [ [ -113.4027, 58.1167 ], [ -113.3427, 58.1167 ], [ -113.3427, 58.0567 ], [ -113.4027, 58.0567 ], [ -113.4027, 58.1167 ] ] ] } },
{ "type": "Feature", "properties": { "AQHI_forecast_3h": 1.23, "value": 1, "color": "#01cbff", "station_count": 3, "forecast_valid_time": "2026-09-02 14:00:00+00:00", "model": "Cubist weighted IDW" }, "geometry": { "type": "Polygon", "coordinates": [ [ [ -113.3427, 57.9967 ], [ -113.2827, 57.9967 ], [ -113.2827, 57.9367 ], [ -113.3427, 57.9367 ], [ -113.3427, 57.9967 ] ] ] } },
{ "type": "Feature", "properties": { "AQHI_forecast_3h": 1.23, "value": 1, "color": "#01cbff", "station_count": 3, "forecast_valid_time": "2026-09-02 14:00:00+00:00", "model": "Cubist weighted IDW" }, "geometry": { "type": "Polygon", "coordinates": [ [ [ -113.3427, 58.0567 ], [ -113.2827, 58.0567 ], [ -113.2827, 57.9967 ], [ -113.3427, 57.9967 ], [ -113.3427, 58.0567 ] ] ] } },
{ "type": "Feature", "properties": { "AQHI_forecast_3h": 1.24, "value": 1, "color": "#01cbff", "station_count": 3, "forecast_valid_time": "2026-09-02 14:00:00+00:00", "model": "Cubist weighted IDW" }, "geometry": { "type": "Polygon", "coordinates": [ [ [ -113.3427, 58.1167 ], [ -113.2827, 58.1167 ], [ -113.2827, 58.0567 ], [ -113.3427, 58.0567 ], [ -113.3427, 58.1167 ] ] ] } },
{ "type": "Feature", "properties": { "AQHI_forecast_3h": 1.25, "value": 1, "color": "#01cbff", "station_count": 3, "forecast_valid_time": "2026-09-02 14:00:00+00:00", "model": "Cubist weighted IDW" }, "geometry": { "type": "Polygon", "coordinates": [ [ [ -113.3427, 58.1767 ], [ -113.2827, 58.1767 ], [ -113.2827, 58.1167 ], [ -113.3427, 58.1167 ], [ -113.3427, 58.1767 ] ] ] } },
{ "type": "Feature", "properties": { "AQHI_forecast_3h": 1.23, "value": 1, "color": "#01cbff", "station_count": 3, "forecast_valid_time": "2026-09-02 14:00:00+00:00", "model": "Cubist weighted IDW" }, "geometry": { "type": "Polygon", "coordinates": [ [ [ -113.2827, 57.9967 ], [ -113.2227, 57.9967 ], [ -113.2227, 57.9367 ], [ -113.2827, 57.9367 ], [ -113.2827, 57.9967 ] ] ] } },
{ "type": "Feature", "properties": { "AQHI_forecast_3h": 1.23, "value": 1, "color": "#01cbff", "station_count": 3, "forecast_valid_time": "2026-09-02 14:00:00+00:00", "model": "Cubist weighted IDW" }, "geometry": { "type": "Polygon", "coordinates": [ [ [ -113.2827, 58.0567 ], [ -113.2227, 58.0567 ], [ -113.2227, 57.9967 ], [ -113.2827, 57.9967 ], [ -113.2827, 58.0567 ] ] ] } },
{ "type": "Feature", "properties": { "AQHI_forecast_3h": 1.24, "value": 1, "color": "#01cbff", "station_count": 3, "forecast_valid_time": "2026-09-02 14:00:00+00:00", "model": "Cubist weighted IDW" }, "geometry": { "type": "Polygon", "coordinates": [ [ [ -113.2827, 58.1167 ], [ -113.2227, 58.1167 ], [ -113.2227, 58.0567 ], [ -113.2827, 58.0567 ], [ -113.2827, 58.1167 ] ] ] } },
{ "type": "Feature", "properties": { "AQHI_forecast_3h": 1.25, "value": 1, "color": "#01cbff", "station_count": 3, "forecast_valid_time": "2026-09-02 14:00:00+00:00", "model": "Cubist weighted IDW" }, "geometry": { "type": "Polygon", "coordinates": [ [ [ -113.2827, 58.1767 ], [ -113.2227, 58.1767 ], [ -113.2227, 58.1167 ], [ -113.2827, 58.1167 ], [ -113.2827, 58.1767 ] ] ] } },
{ "type": "Feature", "properties": { "AQHI_forecast_3h": 1.22, "value": 1, "color": "#01cbff", "station_count": 3, "forecast_valid_time": "2026-09-02 14:00:00+00:00", "model": "Cubist weighted IDW" }, "geometry": { "type": "Polygon", "coordinates": [ [ [ -113.2227, 57.9367 ], [ -113.1627, 57.9367 ], [ -113.1627, 57.8767 ], [ -113.2227, 57.8767 ], [ -113.2227, 57.9367 ] ] ] } },
{ "type": "Feature", "properties": { "AQHI_forecast_3h": 1.23, "value": 1, "color": "#01cbff", "station_count": 3, "forecast_valid_time": "2026-09-02 14:00:00+00:00", "model": "Cubist weighted IDW" }, "geometry": { "type": "Polygon", "coordinates": [ [ [ -113.2227, 57.9967 ], [ -113.1627, 57.9967 ], [ -113.1627, 57.9367 ], [ -113.2227, 57.9367 ], [ -113.2227, 57.9967 ] ] ] } },
{ "type": "Feature", "properties": { "AQHI_forecast_3h": 1.23, "value": 1, "color": "#01cbff", "station_count": 3, "forecast_valid_time": "2026-09-02 14:00:00+00:00", "model": "Cubist weighted IDW" }, "geometry": { "type": "Polygon", "coordinates": [ [ [ -113.2227, 58.0567 ], [ -113.1627, 58.0567 ], [ -113.1627, 57.9967 ], [ -113.2227, 57.9967 ], [ -113.2227, 58.0567 ] ] ] } },
{ "type": "Feature", "properties": { "AQHI_forecast_3h": 1.24, "value": 1, "color": "#01cbff", "station_count": 3, "forecast_valid_time": "2026-09-02 14:00:00+00:00", "model": "Cubist weighted IDW" }, "geometry": { "type": "Polygon", "coordinates": [ [ [ -113.2227, 58.1167 ], [ -113.1627, 58.1167 ], [ -113.1627, 58.0567 ], [ -113.2227, 58.0567 ], [ -113.2227, 58.1167 ] ] ] } },
{ "type": "Feature", "properties": { "AQHI_forecast_3h": 1.25, "value": 1, "color": "#01cbff", "station_count": 3, "forecast_valid_time": "2026-09-02 14:00:00+00:00", "model": "Cubist weighted IDW" }, "geometry": { "type": "Polygon", "coordinates": [ [ [ -113.2227, 58.1767 ], [ -113.1627, 58.1767 ], [ -113.1627, 58.1167 ], [ -113.2227, 58.1167 ], [ -113.2227, 58.1767 ] ] ] } },
{ "type": "Feature", "properties": { "AQHI_forecast_3h": 1.26, "value": 1, "color": "#01cbff", "station_count": 3, "forecast_valid_time": "2026-09-02 14:00:00+00:00", "model": "Cubist weighted IDW" }, "geometry": { "type": "Polygon", "coordinates": [ [ [ -113.2227, 58.2367 ], [ -113.1627, 58.2367 ], [ -113.1627, 58.1767 ], [ -113.2227, 58.1767 ], [ -113.2227, 58.2367 ] ] ] } },
{ "type": "Feature", "properties": { "AQHI_forecast_3h": 1.21, "value": 1, "color": "#01cbff", "station_count": 3, "forecast_valid_time": "2026-09-02 14:00:00+00:00", "model": "Cubist weighted IDW" }, "geometry": { "type": "Polygon", "coordinates": [ [ [ -113.1627, 57.8767 ], [ -113.1027, 57.8767 ], [ -113.1027, 57.8167 ], [ -113.1627, 57.8167 ], [ -113.1627, 57.8767 ] ] ] } },
{ "type": "Feature", "properties": { "AQHI_forecast_3h": 1.22, "value": 1, "color": "#01cbff", "station_count": 3, "forecast_valid_time": "2026-09-02 14:00:00+00:00", "model": "Cubist weighted IDW" }, "geometry": { "type": "Polygon", "coordinates": [ [ [ -113.1627, 57.9367 ], [ -113.1027, 57.9367 ], [ -113.1027, 57.8767 ], [ -113.1627, 57.8767 ], [ -113.1627, 57.9367 ] ] ] } },
{ "type": "Feature", "properties": { "AQHI_forecast_3h": 1.23, "value": 1, "color": "#01cbff", "station_count": 3, "forecast_valid_time": "2026-09-02 14:00:00+00:00", "model": "Cubist weighted IDW" }, "geometry": { "type": "Polygon", "coordinates": [ [ [ -113.1627, 57.9967 ], [ -113.1027, 57.9967 ], [ -113.1027, 57.9367 ], [ -113.1627, 57.9367 ], [ -113.1627, 57.9967 ] ] ] } },
{ "type": "Feature", "properties": { "AQHI_forecast_3h": 1.23, "value": 1, "color": "#01cbff", "station_count": 3, "forecast_valid_time": "2026-09-02 14:00:00+00:00", "model": "Cubist weighted IDW" }, "geometry": { "type": "Polygon", "coordinates": [ [ [ -113.1627, 58.0567 ], [ -113.1027, 58.0567 ], [ -113.1027, 57.9967 ], [ -113.1627, 57.9967 ], [ -113.1627, 58.0567 ] ] ] } },
{ "type": "Feature", "properties": { "AQHI_forecast_3h": 1.24, "value": 1, "color": "#01cbff", "station_count": 3, "forecast_valid_time": "2026-09-02 14:00:00+00:00", "model": "Cubist weighted IDW" }, "geometry": { "type": "Polygon", "coordinates": [ [ [ -113.1627, 58.1167 ], [ -113.1027, 58.1167 ], [ -113.1027, 58.0567 ], [ -113.1627, 58.0567 ], [ -113.1627, 58.1167 ] ] ] } },
{ "type": "Feature", "properties": { "AQHI_forecast_3h": 1.25, "value": 1, "color": "#01cbff", "station_count": 3, "forecast_valid_time": "2026-09-02 14:00:00+00:00", "model": "Cubist weighted IDW" }, "geometry": { "type": "Polygon", "coordinates": [ [ [ -113.1627, 58.1767 ], [ -113.1027, 58.1767 ], [ -113.1027, 58.1167 ], [ -113.1627, 58.1167 ], [ -113.1627, 58.1767 ] ] ] } },
{ "type": "Feature", "properties": { "AQHI_forecast_3h": 1.26, "value": 1, "color": "#01cbff", "station_count": 3, "forecast_valid_time": "2026-09-02 14:00:00+00:00", "model": "Cubist weighted IDW" }, "geometry": { "type": "Polygon", "coordinates": [ [ [ -113.1627, 58.2367 ], [ -113.1027, 58.2367 ], [ -113.1027, 58.1767 ], [ -113.1627, 58.1767 ], [ -113.1627, 58.2367 ] ] ] } },
{ "type": "Feature", "properties": { "AQHI_forecast_3h": 1.21, "value": 1, "color": "#01cbff", "station_count": 3, "forecast_valid_time": "2026-09-02 14:00:00+00:00", "model": "Cubist weighted IDW" }, "geometry": { "type": "Polygon", "coordinates": [ [ [ -113.1027, 57.8767 ], [ -113.0427, 57.8767 ], [ -113.0427, 57.8167 ], [ -113.1027, 57.8167 ], [ -113.1027, 57.8767 ] ] ] } },
{ "type": "Feature", "properties": { "AQHI_forecast_3h": 1.22, "value": 1, "color": "#01cbff", "station_count": 3, "forecast_valid_time": "2026-09-02 14:00:00+00:00", "model": "Cubist weighted IDW" }, "geometry": { "type": "Polygon", "coordinates": [ [ [ -113.1027, 57.9367 ], [ -113.0427, 57.9367 ], [ -113.0427, 57.8767 ], [ -113.1027, 57.8767 ], [ -113.1027, 57.9367 ] ] ] } },
{ "type": "Feature", "properties": { "AQHI_forecast_3h": 1.23, "value": 1, "color": "#01cbff", "station_count": 3, "forecast_valid_time": "2026-09-02 14:00:00+00:00", "model": "Cubist weighted IDW" }, "geometry": { "type": "Polygon", "coordinates": [ [ [ -113.1027, 57.9967 ], [ -113.0427, 57.9967 ], [ -113.0427, 57.9367 ], [ -113.1027, 57.9367 ], [ -113.1027, 57.9967 ] ] ] } },
{ "type": "Feature", "properties": { "AQHI_forecast_3h": 1.23, "value": 1, "color": "#01cbff", "station_count": 3, "forecast_valid_time": "2026-09-02 14:00:00+00:00", "model": "Cubist weighted IDW" }, "geometry": { "type": "Polygon", "coordinates": [ [ [ -113.1027, 58.0567 ], [ -113.0427, 58.0567 ], [ -113.0427, 57.9967 ], [ -113.1027, 57.9967 ], [ -113.1027, 58.0567 ] ] ] } },
{ "type": "Feature", "properties": { "AQHI_forecast_3h": 1.24, "value": 1, "color": "#01cbff", "station_count": 3, "forecast_valid_time": "2026-09-02 14:00:00+00:00", "model": "Cubist weighted IDW" }, "geometry": { "type": "Polygon", "coordinates": [ [ [ -113.1027, 58.1167 ], [ -113.0427, 58.1167 ], [ -113.0427, 58.0567 ], [ -113.1027, 58.0567 ], [ -113.1027, 58.1167 ] ] ] } },
{ "type": "Feature", "properties": { "AQHI_forecast_3h": 1.25, "value": 1, "color": "#01cbff", "station_count": 3, "forecast_valid_time": "2026-09-02 14:00:00+00:00", "model": "Cubist weighted IDW" }, "geometry": { "type": "Polygon", "coordinates": [ [ [ -113.1027, 58.1767 ], [ -113.0427, 58.1767 ], [ -113.0427, 58.1167 ], [ -113.1027, 58.1167 ], [ -113.1027, 58.1767 ] ] ] } },
{ "type": "Feature", "properties": { "AQHI_forecast_3h": 1.26, "value": 1, "color": "#01cbff", "station_count": 3, "forecast_valid_time": "2026-09-02 14:00:00+00:00", "model": "Cubist weighted IDW" }, "geometry": { "type": "Polygon", "coordinates": [ [ [ -113.1027, 58.2367 ], [ -113.0427, 58.2367 ], [ -113.0427, 58.1767 ], [ -113.1027, 58.1767 ], [ -113.1027, 58.2367 ] ] ] } },
{ "type": "Feature", "properties": { "AQHI_forecast_3h": 1.2, "value": 1, "color": "#01cbff", "station_count": 3, "forecast_valid_time": "2026-09-02 14:00:00+00:00", "model": "Cubist weighted IDW" }, "geometry": { "type": "Polygon", "coordinates": [ [ [ -113.0427, 57.8167 ], [ -112.9827, 57.8167 ], [ -112.9827, 57.7567 ], [ -113.0427, 57.7567 ], [ -113.0427, 57.8167 ] ] ] } },
{ "type": "Feature", "properties": { "AQHI_forecast_3h": 1.21, "value": 1, "color": "#01cbff", "station_count": 3, "forecast_valid_time": "2026-09-02 14:00:00+00:00", "model": "Cubist weighted IDW" }, "geometry": { "type": "Polygon", "coordinates": [ [ [ -113.0427, 57.8767 ], [ -112.9827, 57.8767 ], [ -112.9827, 57.8167 ], [ -113.0427, 57.8167 ], [ -113.0427, 57.8767 ] ] ] } },
{ "type": "Feature", "properties": { "AQHI_forecast_3h": 1.22, "value": 1, "color": "#01cbff", "station_count": 3, "forecast_valid_time": "2026-09-02 14:00:00+00:00", "model": "Cubist weighted IDW" }, "geometry": { "type": "Polygon", "coordinates": [ [ [ -113.0427, 57.9367 ], [ -112.9827, 57.9367 ], [ -112.9827, 57.8767 ], [ -113.0427, 57.8767 ], [ -113.0427, 57.9367 ] ] ] } },
{ "type": "Feature", "properties": { "AQHI_forecast_3h": 1.23, "value": 1, "color": "#01cbff", "station_count": 3, "forecast_valid_time": "2026-09-02 14:00:00+00:00", "model": "Cubist weighted IDW" }, "geometry": { "type": "Polygon", "coordinates": [ [ [ -113.0427, 57.9967 ], [ -112.9827, 57.9967 ], [ -112.9827, 57.9367 ], [ -113.0427, 57.9367 ], [ -113.0427, 57.9967 ] ] ] } },
{ "type": "Feature", "properties": { "AQHI_forecast_3h": 1.24, "value": 1, "color": "#01cbff", "station_count": 3, "forecast_valid_time": "2026-09-02 14:00:00+00:00", "model": "Cubist weighted IDW" }, "geometry": { "type": "Polygon", "coordinates": [ [ [ -113.0427, 58.0567 ], [ -112.9827, 58.0567 ], [ -112.9827, 57.9967 ], [ -113.0427, 57.9967 ], [ -113.0427, 58.0567 ] ] ] } },
{ "type": "Feature", "properties": { "AQHI_forecast_3h": 1.25, "value": 1, "color": "#01cbff", "station_count": 3, "forecast_valid_time": "2026-09-02 14:00:00+00:00", "model": "Cubist weighted IDW" }, "geometry": { "type": "Polygon", "coordinates": [ [ [ -113.0427, 58.1167 ], [ -112.9827, 58.1167 ], [ -112.9827, 58.0567 ], [ -113.0427, 58.0567 ], [ -113.0427, 58.1167 ] ] ] } },
{ "type": "Feature", "properties": { "AQHI_forecast_3h": 1.26, "value": 1, "color": "#01cbff", "station_count": 3, "forecast_valid_time": "2026-09-02 14:00:00+00:00", "model": "Cubist weighted IDW" }, "geometry": { "type": "Polygon", "coordinates": [ [ [ -113.0427, 58.1767 ], [ -112.9827, 58.1767 ], [ -112.9827, 58.1167 ], [ -113.0427, 58.1167 ], [ -113.0427, 58.1767 ] ] ] } },
{ "type": "Feature", "properties": { "AQHI_forecast_3h": 1.27, "value": 1, "color": "#01cbff", "station_count": 3, "forecast_valid_time": "2026-09-02 14:00:00+00:00", "model": "Cubist weighted IDW" }, "geometry": { "type": "Polygon", "coordinates": [ [ [ -113.0427, 58.2367 ], [ -112.9827, 58.2367 ], [ -112.9827, 58.1767 ], [ -113.0427, 58.1767 ], [ -113.0427, 58.2367 ] ] ] } },
{ "type": "Feature", "properties": { "AQHI_forecast_3h": 1.28, "value": 1, "color": "#01cbff", "station_count": 3, "forecast_valid_time": "2026-09-02 14:00:00+00:00", "model": "Cubist weighted IDW" }, "geometry": { "type": "Polygon", "coordinates": [ [ [ -113.0427, 58.2967 ], [ -112.9827, 58.2967 ], [ -112.9827, 58.2367 ], [ -113.0427, 58.2367 ], [ -113.0427, 58.2967 ] ] ] } },
{ "type": "Feature", "properties": { "AQHI_forecast_3h": 1.2, "value": 1, "color": "#01cbff", "station_count": 3, "forecast_valid_time": "2026-09-02 14:00:00+00:00", "model": "Cubist weighted IDW" }, "geometry": { "type": "Polygon", "coordinates": [ [ [ -112.9827, 57.8167 ], [ -112.9227, 57.8167 ], [ -112.9227, 57.7567 ], [ -112.9827, 57.7567 ], [ -112.9827, 57.8167 ] ] ] } },
{ "type": "Feature", "properties": { "AQHI_forecast_3h": 1.21, "value": 1, "color": "#01cbff", "station_count": 3, "forecast_valid_time": "2026-09-02 14:00:00+00:00", "model": "Cubist weighted IDW" }, "geometry": { "type": "Polygon", "coordinates": [ [ [ -112.9827, 57.8767 ], [ -112.9227, 57.8767 ], [ -112.9227, 57.8167 ], [ -112.9827, 57.8167 ], [ -112.9827, 57.8767 ] ] ] } },
{ "type": "Feature", "properties": { "AQHI_forecast_3h": 1.22, "value": 1, "color": "#01cbff", "station_count": 3, "forecast_valid_time": "2026-09-02 14:00:00+00:00", "model": "Cubist weighted IDW" }, "geometry": { "type": "Polygon", "coordinates": [ [ [ -112.9827, 57.9367 ], [ -112.9227, 57.9367 ], [ -112.9227, 57.8767 ], [ -112.9827, 57.8767 ], [ -112.9827, 57.9367 ] ] ] } },
{ "type": "Feature", "properties": { "AQHI_forecast_3h": 1.23, "value": 1, "color": "#01cbff", "station_count": 3, "forecast_valid_time": "2026-09-02 14:00:00+00:00", "model": "Cubist weighted IDW" }, "geometry": { "type": "Polygon", "coordinates": [ [ [ -112.9827, 57.9967 ], [ -112.9227, 57.9967 ], [ -112.9227, 57.9367 ], [ -112.9827, 57.9367 ], [ -112.9827, 57.9967 ] ] ] } },
{ "type": "Feature", "properties": { "AQHI_forecast_3h": 1.24, "value": 1, "color": "#01cbff", "station_count": 3, "forecast_valid_time": "2026-09-02 14:00:00+00:00", "model": "Cubist weighted IDW" }, "geometry": { "type": "Polygon", "coordinates": [ [ [ -112.9827, 58.0567 ], [ -112.9227, 58.0567 ], [ -112.9227, 57.9967 ], [ -112.9827, 57.9967 ], [ -112.9827, 58.0567 ] ] ] } },
{ "type": "Feature", "properties": { "AQHI_forecast_3h": 1.25, "value": 1, "color": "#01cbff", "station_count": 3, "forecast_valid_time": "2026-09-02 14:00:00+00:00", "model": "Cubist weighted IDW" }, "geometry": { "type": "Polygon", "coordinates": [ [ [ -112.9827, 58.1167 ], [ -112.9227, 58.1167 ], [ -112.9227, 58.0567 ], [ -112.9827, 58.0567 ], [ -112.9827, 58.1167 ] ] ] } },
{ "type": "Feature", "properties": { "AQHI_forecast_3h": 1.26, "value": 1, "color": "#01cbff", "station_count": 3, "forecast_valid_time": "2026-09-02 14:00:00+00:00", "model": "Cubist weighted IDW" }, "geometry": { "type": "Polygon", "coordinates": [ [ [ -112.9827, 58.1767 ], [ -112.9227, 58.1767 ], [ -112.9227, 58.1167 ], [ -112.9827, 58.1167 ], [ -112.9827, 58.1767 ] ] ] } },
{ "type": "Feature", "properties": { "AQHI_forecast_3h": 1.27, "value": 1, "color": "#01cbff", "station_count": 3, "forecast_valid_time": "2026-09-02 14:00:00+00:00", "model": "Cubist weighted IDW" }, "geometry": { "type": "Polygon", "coordinates": [ [ [ -112.9827, 58.2367 ], [ -112.9227, 58.2367 ], [ -112.9227, 58.1767 ], [ -112.9827, 58.1767 ], [ -112.9827, 58.2367 ] ] ] } },
{ "type": "Feature", "properties": { "AQHI_forecast_3h": 1.28, "value": 1, "color": "#01cbff", "station_count": 3, "forecast_valid_time": "2026-09-02 14:00:00+00:00", "model": "Cubist weighted IDW" }, "geometry": { "type": "Polygon", "coordinates": [ [ [ -112.9827, 58.2967 ], [ -112.9227, 58.2967 ], [ -112.9227, 58.2367 ], [ -112.9827, 58.2367 ], [ -112.9827, 58.2967 ] ] ] } },
{ "type": "Feature", "properties": { "AQHI_forecast_3h": 1.19, "value": 1, "color": "#01cbff", "station_count": 3, "forecast_valid_time": "2026-09-02 14:00:00+00:00", "model": "Cubist weighted IDW" }, "geometry": { "type": "Polygon", "coordinates": [ [ [ -112.9227, 57.7567 ], [ -112.8627, 57.7567 ], [ -112.8627, 57.6967 ], [ -112.9227, 57.6967 ], [ -112.9227, 57.7567 ] ] ] } },
{ "type": "Feature", "properties": { "AQHI_forecast_3h": 1.2, "value": 1, "color": "#01cbff", "station_count": 3, "forecast_valid_time": "2026-09-02 14:00:00+00:00", "model": "Cubist weighted IDW" }, "geometry": { "type": "Polygon", "coordinates": [ [ [ -112.9227, 57.8167 ], [ -112.8627, 57.8167 ], [ -112.8627, 57.7567 ], [ -112.9227, 57.7567 ], [ -112.9227, 57.8167 ] ] ] } },
{ "type": "Feature", "properties": { "AQHI_forecast_3h": 1.21, "value": 1, "color": "#01cbff", "station_count": 3, "forecast_valid_time": "2026-09-02 14:00:00+00:00", "model": "Cubist weighted IDW" }, "geometry": { "type": "Polygon", "coordinates": [ [ [ -112.9227, 57.8767 ], [ -112.8627, 57.8767 ], [ -112.8627, 57.8167 ], [ -112.9227, 57.8167 ], [ -112.9227, 57.8767 ] ] ] } },
{ "type": "Feature", "properties": { "AQHI_forecast_3h": 1.22, "value": 1, "color": "#01cbff", "station_count": 3, "forecast_valid_time": "2026-09-02 14:00:00+00:00", "model": "Cubist weighted IDW" }, "geometry": { "type": "Polygon", "coordinates": [ [ [ -112.9227, 57.9367 ], [ -112.8627, 57.9367 ], [ -112.8627, 57.8767 ], [ -112.9227, 57.8767 ], [ -112.9227, 57.9367 ] ] ] } },
{ "type": "Feature", "properties": { "AQHI_forecast_3h": 1.23, "value": 1, "color": "#01cbff", "station_count": 3, "forecast_valid_time": "2026-09-02 14:00:00+00:00", "model": "Cubist weighted IDW" }, "geometry": { "type": "Polygon", "coordinates": [ [ [ -112.9227, 57.9967 ], [ -112.8627, 57.9967 ], [ -112.8627, 57.9367 ], [ -112.9227, 57.9367 ], [ -112.9227, 57.9967 ] ] ] } },
{ "type": "Feature", "properties": { "AQHI_forecast_3h": 1.24, "value": 1, "color": "#01cbff", "station_count": 3, "forecast_valid_time": "2026-09-02 14:00:00+00:00", "model": "Cubist weighted IDW" }, "geometry": { "type": "Polygon", "coordinates": [ [ [ -112.9227, 58.0567 ], [ -112.8627, 58.0567 ], [ -112.8627, 57.9967 ], [ -112.9227, 57.9967 ], [ -112.9227, 58.0567 ] ] ] } },
{ "type": "Feature", "properties": { "AQHI_forecast_3h": 1.25, "value": 1, "color": "#01cbff", "station_count": 3, "forecast_valid_time": "2026-09-02 14:00:00+00:00", "model": "Cubist weighted IDW" }, "geometry": { "type": "Polygon", "coordinates": [ [ [ -112.9227, 58.1167 ], [ -112.8627, 58.1167 ], [ -112.8627, 58.0567 ], [ -112.9227, 58.0567 ], [ -112.9227, 58.1167 ] ] ] } },
{ "type": "Feature", "properties": { "AQHI_forecast_3h": 1.26, "value": 1, "color": "#01cbff", "station_count": 3, "forecast_valid_time": "2026-09-02 14:00:00+00:00", "model": "Cubist weighted IDW" }, "geometry": { "type": "Polygon", "coordinates": [ [ [ -112.9227, 58.1767 ], [ -112.8627, 58.1767 ], [ -112.8627, 58.1167 ], [ -112.9227, 58.1167 ], [ -112.9227, 58.1767 ] ] ] } },
{ "type": "Feature", "properties": { "AQHI_forecast_3h": 1.27, "value": 1, "color": "#01cbff", "station_count": 3, "forecast_valid_time": "2026-09-02 14:00:00+00:00", "model": "Cubist weighted IDW" }, "geometry": { "type": "Polygon", "coordinates": [ [ [ -112.9227, 58.2367 ], [ -112.8627, 58.2367 ], [ -112.8627, 58.1767 ], [ -112.9227, 58.1767 ], [ -112.9227, 58.2367 ] ] ] } },
{ "type": "Feature", "properties": { "AQHI_forecast_3h": 1.28, "value": 1, "color": "#01cbff", "station_count": 3, "forecast_valid_time": "2026-09-02 14:00:00+00:00", "model": "Cubist weighted IDW" }, "geometry": { "type": "Polygon", "coordinates": [ [ [ -112.9227, 58.2967 ], [ -112.8627, 58.2967 ], [ -112.8627, 58.2367 ], [ -112.9227, 58.2367 ], [ -112.9227, 58.2967 ] ] ] } },
{ "type": "Feature", "properties": { "AQHI_forecast_3h": 1.19, "value": 1, "color": "#01cbff", "station_count": 3, "forecast_valid_time": "2026-09-02 14:00:00+00:00", "model": "Cubist weighted IDW" }, "geometry": { "type": "Polygon", "coordinates": [ [ [ -112.8627, 57.7567 ], [ -112.8027, 57.7567 ], [ -112.8027, 57.6967 ], [ -112.8627, 57.6967 ], [ -112.8627, 57.7567 ] ] ] } },
{ "type": "Feature", "properties": { "AQHI_forecast_3h": 1.2, "value": 1, "color": "#01cbff", "station_count": 3, "forecast_valid_time": "2026-09-02 14:00:00+00:00", "model": "Cubist weighted IDW" }, "geometry": { "type": "Polygon", "coordinates": [ [ [ -112.8627, 57.8167 ], [ -112.8027, 57.8167 ], [ -112.8027, 57.7567 ], [ -112.8627, 57.7567 ], [ -112.8627, 57.8167 ] ] ] } },
{ "type": "Feature", "properties": { "AQHI_forecast_3h": 1.21, "value": 1, "color": "#01cbff", "station_count": 3, "forecast_valid_time": "2026-09-02 14:00:00+00:00", "model": "Cubist weighted IDW" }, "geometry": { "type": "Polygon", "coordinates": [ [ [ -112.8627, 57.8767 ], [ -112.8027, 57.8767 ], [ -112.8027, 57.8167 ], [ -112.8627, 57.8167 ], [ -112.8627, 57.8767 ] ] ] } },
{ "type": "Feature", "properties": { "AQHI_forecast_3h": 1.22, "value": 1, "color": "#01cbff", "station_count": 3, "forecast_valid_time": "2026-09-02 14:00:00+00:00", "model": "Cubist weighted IDW" }, "geometry": { "type": "Polygon", "coordinates": [ [ [ -112.8627, 57.9367 ], [ -112.8027, 57.9367 ], [ -112.8027, 57.8767 ], [ -112.8627, 57.8767 ], [ -112.8627, 57.9367 ] ] ] } },
{ "type": "Feature", "properties": { "AQHI_forecast_3h": 1.23, "value": 1, "color": "#01cbff", "station_count": 3, "forecast_valid_time": "2026-09-02 14:00:00+00:00", "model": "Cubist weighted IDW" }, "geometry": { "type": "Polygon", "coordinates": [ [ [ -112.8627, 57.9967 ], [ -112.8027, 57.9967 ], [ -112.8027, 57.9367 ], [ -112.8627, 57.9367 ], [ -112.8627, 57.9967 ] ] ] } },
{ "type": "Feature", "properties": { "AQHI_forecast_3h": 1.24, "value": 1, "color": "#01cbff", "station_count": 3, "forecast_valid_time": "2026-09-02 14:00:00+00:00", "model": "Cubist weighted IDW" }, "geometry": { "type": "Polygon", "coordinates": [ [ [ -112.8627, 58.0567 ], [ -112.8027, 58.0567 ], [ -112.8027, 57.9967 ], [ -112.8627, 57.9967 ], [ -112.8627, 58.0567 ] ] ] } },
{ "type": "Feature", "properties": { "AQHI_forecast_3h": 1.25, "value": 1, "color": "#01cbff", "station_count": 3, "forecast_valid_time": "2026-09-02 14:00:00+00:00", "model": "Cubist weighted IDW" }, "geometry": { "type": "Polygon", "coordinates": [ [ [ -112.8627, 58.1167 ], [ -112.8027, 58.1167 ], [ -112.8027, 58.0567 ], [ -112.8627, 58.0567 ], [ -112.8627, 58.1167 ] ] ] } },
{ "type": "Feature", "properties": { "AQHI_forecast_3h": 1.26, "value": 1, "color": "#01cbff", "station_count": 3, "forecast_valid_time": "2026-09-02 14:00:00+00:00", "model": "Cubist weighted IDW" }, "geometry": { "type": "Polygon", "coordinates": [ [ [ -112.8627, 58.1767 ], [ -112.8027, 58.1767 ], [ -112.8027, 58.1167 ], [ -112.8627, 58.1167 ], [ -112.8627, 58.1767 ] ] ] } },
{ "type": "Feature", "properties": { "AQHI_forecast_3h": 1.27, "value": 1, "color": "#01cbff", "station_count": 3, "forecast_valid_time": "2026-09-02 14:00:00+00:00", "model": "Cubist weighted IDW" }, "geometry": { "type": "Polygon", "coordinates": [ [ [ -112.8627, 58.2367 ], [ -112.8027, 58.2367 ], [ -112.8027, 58.1767 ], [ -112.8627, 58.1767 ], [ -112.8627, 58.2367 ] ] ] } },
{ "type": "Feature", "properties": { "AQHI_forecast_3h": 1.28, "value": 1, "color": "#01cbff", "station_count": 3, "forecast_valid_time": "2026-09-02 14:00:00+00:00", "model": "Cubist weighted IDW" }, "geometry": { "type": "Polygon", "coordinates": [ [ [ -112.8627, 58.2967 ], [ -112.8027, 58.2967 ], [ -112.8027, 58.2367 ], [ -112.8627, 58.2367 ], [ -112.8627, 58.2967 ] ] ] } },
{ "type": "Feature", "properties": { "AQHI_forecast_3h": 1.29, "value": 1, "color": "#01cbff", "station_count": 3, "forecast_valid_time": "2026-09-02 14:00:00+00:00", "model": "Cubist weighted IDW" }, "geometry": { "type": "Polygon", "coordinates": [ [ [ -112.8627, 58.3567 ], [ -112.8027, 58.3567 ], [ -112.8027, 58.2967 ], [ -112.8627, 58.2967 ], [ -112.8627, 58.3567 ] ] ] } },
{ "type": "Feature", "properties": { "AQHI_forecast_3h": 1.18, "value": 1, "color": "#01cbff", "station_count": 3, "forecast_valid_time": "2026-09-02 14:00:00+00:00", "model": "Cubist weighted IDW" }, "geometry": { "type": "Polygon", "coordinates": [ [ [ -112.8027, 57.6967 ], [ -112.7427, 57.6967 ], [ -112.7427, 57.6367 ], [ -112.8027, 57.6367 ], [ -112.8027, 57.6967 ] ] ] } },
{ "type": "Feature", "properties": { "AQHI_forecast_3h": 1.19, "value": 1, "color": "#01cbff", "station_count": 3, "forecast_valid_time": "2026-09-02 14:00:00+00:00", "model": "Cubist weighted IDW" }, "geometry": { "type": "Polygon", "coordinates": [ [ [ -112.8027, 57.7567 ], [ -112.7427, 57.7567 ], [ -112.7427, 57.6967 ], [ -112.8027, 57.6967 ], [ -112.8027, 57.7567 ] ] ] } },
{ "type": "Feature", "properties": { "AQHI_forecast_3h": 1.2, "value": 1, "color": "#01cbff", "station_count": 3, "forecast_valid_time": "2026-09-02 14:00:00+00:00", "model": "Cubist weighted IDW" }, "geometry": { "type": "Polygon", "coordinates": [ [ [ -112.8027, 57.8167 ], [ -112.7427, 57.8167 ], [ -112.7427, 57.7567 ], [ -112.8027, 57.7567 ], [ -112.8027, 57.8167 ] ] ] } },
{ "type": "Feature", "properties": { "AQHI_forecast_3h": 1.21, "value": 1, "color": "#01cbff", "station_count": 3, "forecast_valid_time": "2026-09-02 14:00:00+00:00", "model": "Cubist weighted IDW" }, "geometry": { "type": "Polygon", "coordinates": [ [ [ -112.8027, 57.8767 ], [ -112.7427, 57.8767 ], [ -112.7427, 57.8167 ], [ -112.8027, 57.8167 ], [ -112.8027, 57.8767 ] ] ] } },
{ "type": "Feature", "properties": { "AQHI_forecast_3h": 1.22, "value": 1, "color": "#01cbff", "station_count": 3, "forecast_valid_time": "2026-09-02 14:00:00+00:00", "model": "Cubist weighted IDW" }, "geometry": { "type": "Polygon", "coordinates": [ [ [ -112.8027, 57.9367 ], [ -112.7427, 57.9367 ], [ -112.7427, 57.8767 ], [ -112.8027, 57.8767 ], [ -112.8027, 57.9367 ] ] ] } },
{ "type": "Feature", "properties": { "AQHI_forecast_3h": 1.23, "value": 1, "color": "#01cbff", "station_count": 3, "forecast_valid_time": "2026-09-02 14:00:00+00:00", "model": "Cubist weighted IDW" }, "geometry": { "type": "Polygon", "coordinates": [ [ [ -112.8027, 57.9967 ], [ -112.7427, 57.9967 ], [ -112.7427, 57.9367 ], [ -112.8027, 57.9367 ], [ -112.8027, 57.9967 ] ] ] } },
{ "type": "Feature", "properties": { "AQHI_forecast_3h": 1.24, "value": 1, "color": "#01cbff", "station_count": 3, "forecast_valid_time": "2026-09-02 14:00:00+00:00", "model": "Cubist weighted IDW" }, "geometry": { "type": "Polygon", "coordinates": [ [ [ -112.8027, 58.0567 ], [ -112.7427, 58.0567 ], [ -112.7427, 57.9967 ], [ -112.8027, 57.9967 ], [ -112.8027, 58.0567 ] ] ] } },
{ "type": "Feature", "properties": { "AQHI_forecast_3h": 1.25, "value": 1, "color": "#01cbff", "station_count": 3, "forecast_valid_time": "2026-09-02 14:00:00+00:00", "model": "Cubist weighted IDW" }, "geometry": { "type": "Polygon", "coordinates": [ [ [ -112.8027, 58.1167 ], [ -112.7427, 58.1167 ], [ -112.7427, 58.0567 ], [ -112.8027, 58.0567 ], [ -112.8027, 58.1167 ] ] ] } },
{ "type": "Feature", "properties": { "AQHI_forecast_3h": 1.26, "value": 1, "color": "#01cbff", "station_count": 3, "forecast_valid_time": "2026-09-02 14:00:00+00:00", "model": "Cubist weighted IDW" }, "geometry": { "type": "Polygon", "coordinates": [ [ [ -112.8027, 58.1767 ], [ -112.7427, 58.1767 ], [ -112.7427, 58.1167 ], [ -112.8027, 58.1167 ], [ -112.8027, 58.1767 ] ] ] } },
{ "type": "Feature", "properties": { "AQHI_forecast_3h": 1.27, "value": 1, "color": "#01cbff", "station_count": 3, "forecast_valid_time": "2026-09-02 14:00:00+00:00", "model": "Cubist weighted IDW" }, "geometry": { "type": "Polygon", "coordinates": [ [ [ -112.8027, 58.2367 ], [ -112.7427, 58.2367 ], [ -112.7427, 58.1767 ], [ -112.8027, 58.1767 ], [ -112.8027, 58.2367 ] ] ] } },
{ "type": "Feature", "properties": { "AQHI_forecast_3h": 1.29, "value": 1, "color": "#01cbff", "station_count": 3, "forecast_valid_time": "2026-09-02 14:00:00+00:00", "model": "Cubist weighted IDW" }, "geometry": { "type": "Polygon", "coordinates": [ [ [ -112.8027, 58.2967 ], [ -112.7427, 58.2967 ], [ -112.7427, 58.2367 ], [ -112.8027, 58.2367 ], [ -112.8027, 58.2967 ] ] ] } },
{ "type": "Feature", "properties": { "AQHI_forecast_3h": 1.3, "value": 1, "color": "#01cbff", "station_count": 3, "forecast_valid_time": "2026-09-02 14:00:00+00:00", "model": "Cubist weighted IDW" }, "geometry": { "type": "Polygon", "coordinates": [ [ [ -112.8027, 58.3567 ], [ -112.7427, 58.3567 ], [ -112.7427, 58.2967 ], [ -112.8027, 58.2967 ], [ -112.8027, 58.3567 ] ] ] } },
{ "type": "Feature", "properties": { "AQHI_forecast_3h": 1.18, "value": 1, "color": "#01cbff", "station_count": 3, "forecast_valid_time": "2026-09-02 14:00:00+00:00", "model": "Cubist weighted IDW" }, "geometry": { "type": "Polygon", "coordinates": [ [ [ -112.7427, 57.6967 ], [ -112.6827, 57.6967 ], [ -112.6827, 57.6367 ], [ -112.7427, 57.6367 ], [ -112.7427, 57.6967 ] ] ] } },
{ "type": "Feature", "properties": { "AQHI_forecast_3h": 1.19, "value": 1, "color": "#01cbff", "station_count": 3, "forecast_valid_time": "2026-09-02 14:00:00+00:00", "model": "Cubist weighted IDW" }, "geometry": { "type": "Polygon", "coordinates": [ [ [ -112.7427, 57.7567 ], [ -112.6827, 57.7567 ], [ -112.6827, 57.6967 ], [ -112.7427, 57.6967 ], [ -112.7427, 57.7567 ] ] ] } },
{ "type": "Feature", "properties": { "AQHI_forecast_3h": 1.2, "value": 1, "color": "#01cbff", "station_count": 3, "forecast_valid_time": "2026-09-02 14:00:00+00:00", "model": "Cubist weighted IDW" }, "geometry": { "type": "Polygon", "coordinates": [ [ [ -112.7427, 57.8167 ], [ -112.6827, 57.8167 ], [ -112.6827, 57.7567 ], [ -112.7427, 57.7567 ], [ -112.7427, 57.8167 ] ] ] } },
{ "type": "Feature", "properties": { "AQHI_forecast_3h": 1.2, "value": 1, "color": "#01cbff", "station_count": 3, "forecast_valid_time": "2026-09-02 14:00:00+00:00", "model": "Cubist weighted IDW" }, "geometry": { "type": "Polygon", "coordinates": [ [ [ -112.7427, 57.8767 ], [ -112.6827, 57.8767 ], [ -112.6827, 57.8167 ], [ -112.7427, 57.8167 ], [ -112.7427, 57.8767 ] ] ] } },
{ "type": "Feature", "properties": { "AQHI_forecast_3h": 1.22, "value": 1, "color": "#01cbff", "station_count": 3, "forecast_valid_time": "2026-09-02 14:00:00+00:00", "model": "Cubist weighted IDW" }, "geometry": { "type": "Polygon", "coordinates": [ [ [ -112.7427, 57.9367 ], [ -112.6827, 57.9367 ], [ -112.6827, 57.8767 ], [ -112.7427, 57.8767 ], [ -112.7427, 57.9367 ] ] ] } },
{ "type": "Feature", "properties": { "AQHI_forecast_3h": 1.23, "value": 1, "color": "#01cbff", "station_count": 3, "forecast_valid_time": "2026-09-02 14:00:00+00:00", "model": "Cubist weighted IDW" }, "geometry": { "type": "Polygon", "coordinates": [ [ [ -112.7427, 57.9967 ], [ -112.6827, 57.9967 ], [ -112.6827, 57.9367 ], [ -112.7427, 57.9367 ], [ -112.7427, 57.9967 ] ] ] } },
{ "type": "Feature", "properties": { "AQHI_forecast_3h": 1.24, "value": 1, "color": "#01cbff", "station_count": 3, "forecast_valid_time": "2026-09-02 14:00:00+00:00", "model": "Cubist weighted IDW" }, "geometry": { "type": "Polygon", "coordinates": [ [ [ -112.7427, 58.0567 ], [ -112.6827, 58.0567 ], [ -112.6827, 57.9967 ], [ -112.7427, 57.9967 ], [ -112.7427, 58.0567 ] ] ] } },
{ "type": "Feature", "properties": { "AQHI_forecast_3h": 1.25, "value": 1, "color": "#01cbff", "station_count": 3, "forecast_valid_time": "2026-09-02 14:00:00+00:00", "model": "Cubist weighted IDW" }, "geometry": { "type": "Polygon", "coordinates": [ [ [ -112.7427, 58.1167 ], [ -112.6827, 58.1167 ], [ -112.6827, 58.0567 ], [ -112.7427, 58.0567 ], [ -112.7427, 58.1167 ] ] ] } },
{ "type": "Feature", "properties": { "AQHI_forecast_3h": 1.26, "value": 1, "color": "#01cbff", "station_count": 3, "forecast_valid_time": "2026-09-02 14:00:00+00:00", "model": "Cubist weighted IDW" }, "geometry": { "type": "Polygon", "coordinates": [ [ [ -112.7427, 58.1767 ], [ -112.6827, 58.1767 ], [ -112.6827, 58.1167 ], [ -112.7427, 58.1167 ], [ -112.7427, 58.1767 ] ] ] } },
{ "type": "Feature", "properties": { "AQHI_forecast_3h": 1.28, "value": 1, "color": "#01cbff", "station_count": 3, "forecast_valid_time": "2026-09-02 14:00:00+00:00", "model": "Cubist weighted IDW" }, "geometry": { "type": "Polygon", "coordinates": [ [ [ -112.7427, 58.2367 ], [ -112.6827, 58.2367 ], [ -112.6827, 58.1767 ], [ -112.7427, 58.1767 ], [ -112.7427, 58.2367 ] ] ] } },
{ "type": "Feature", "properties": { "AQHI_forecast_3h": 1.29, "value": 1, "color": "#01cbff", "station_count": 3, "forecast_valid_time": "2026-09-02 14:00:00+00:00", "model": "Cubist weighted IDW" }, "geometry": { "type": "Polygon", "coordinates": [ [ [ -112.7427, 58.2967 ], [ -112.6827, 58.2967 ], [ -112.6827, 58.2367 ], [ -112.7427, 58.2367 ], [ -112.7427, 58.2967 ] ] ] } },
{ "type": "Feature", "properties": { "AQHI_forecast_3h": 1.3, "value": 1, "color": "#01cbff", "station_count": 3, "forecast_valid_time": "2026-09-02 14:00:00+00:00", "model": "Cubist weighted IDW" }, "geometry": { "type": "Polygon", "coordinates": [ [ [ -112.7427, 58.3567 ], [ -112.6827, 58.3567 ], [ -112.6827, 58.2967 ], [ -112.7427, 58.2967 ], [ -112.7427, 58.3567 ] ] ] } },
{ "type": "Feature", "properties": { "AQHI_forecast_3h": 1.18, "value": 1, "color": "#01cbff", "station_count": 3, "forecast_valid_time": "2026-09-02 14:00:00+00:00", "model": "Cubist weighted IDW" }, "geometry": { "type": "Polygon", "coordinates": [ [ [ -112.6827, 57.6967 ], [ -112.6227, 57.6967 ], [ -112.6227, 57.6367 ], [ -112.6827, 57.6367 ], [ -112.6827, 57.6967 ] ] ] } },
{ "type": "Feature", "properties": { "AQHI_forecast_3h": 1.19, "value": 1, "color": "#01cbff", "station_count": 3, "forecast_valid_time": "2026-09-02 14:00:00+00:00", "model": "Cubist weighted IDW" }, "geometry": { "type": "Polygon", "coordinates": [ [ [ -112.6827, 57.7567 ], [ -112.6227, 57.7567 ], [ -112.6227, 57.6967 ], [ -112.6827, 57.6967 ], [ -112.6827, 57.7567 ] ] ] } },
{ "type": "Feature", "properties": { "AQHI_forecast_3h": 1.19, "value": 1, "color": "#01cbff", "station_count": 3, "forecast_valid_time": "2026-09-02 14:00:00+00:00", "model": "Cubist weighted IDW" }, "geometry": { "type": "Polygon", "coordinates": [ [ [ -112.6827, 57.8167 ], [ -112.6227, 57.8167 ], [ -112.6227, 57.7567 ], [ -112.6827, 57.7567 ], [ -112.6827, 57.8167 ] ] ] } },
{ "type": "Feature", "properties": { "AQHI_forecast_3h": 1.2, "value": 1, "color": "#01cbff", "station_count": 3, "forecast_valid_time": "2026-09-02 14:00:00+00:00", "model": "Cubist weighted IDW" }, "geometry": { "type": "Polygon", "coordinates": [ [ [ -112.6827, 57.8767 ], [ -112.6227, 57.8767 ], [ -112.6227, 57.8167 ], [ -112.6827, 57.8167 ], [ -112.6827, 57.8767 ] ] ] } },
{ "type": "Feature", "properties": { "AQHI_forecast_3h": 1.21, "value": 1, "color": "#01cbff", "station_count": 3, "forecast_valid_time": "2026-09-02 14:00:00+00:00", "model": "Cubist weighted IDW" }, "geometry": { "type": "Polygon", "coordinates": [ [ [ -112.6827, 57.9367 ], [ -112.6227, 57.9367 ], [ -112.6227, 57.8767 ], [ -112.6827, 57.8767 ], [ -112.6827, 57.9367 ] ] ] } },
{ "type": "Feature", "properties": { "AQHI_forecast_3h": 1.23, "value": 1, "color": "#01cbff", "station_count": 3, "forecast_valid_time": "2026-09-02 14:00:00+00:00", "model": "Cubist weighted IDW" }, "geometry": { "type": "Polygon", "coordinates": [ [ [ -112.6827, 57.9967 ], [ -112.6227, 57.9967 ], [ -112.6227, 57.9367 ], [ -112.6827, 57.9367 ], [ -112.6827, 57.9967 ] ] ] } },
{ "type": "Feature", "properties": { "AQHI_forecast_3h": 1.24, "value": 1, "color": "#01cbff", "station_count": 3, "forecast_valid_time": "2026-09-02 14:00:00+00:00", "model": "Cubist weighted IDW" }, "geometry": { "type": "Polygon", "coordinates": [ [ [ -112.6827, 58.0567 ], [ -112.6227, 58.0567 ], [ -112.6227, 57.9967 ], [ -112.6827, 57.9967 ], [ -112.6827, 58.0567 ] ] ] } },
{ "type": "Feature", "properties": { "AQHI_forecast_3h": 1.25, "value": 1, "color": "#01cbff", "station_count": 3, "forecast_valid_time": "2026-09-02 14:00:00+00:00", "model": "Cubist weighted IDW" }, "geometry": { "type": "Polygon", "coordinates": [ [ [ -112.6827, 58.1167 ], [ -112.6227, 58.1167 ], [ -112.6227, 58.0567 ], [ -112.6827, 58.0567 ], [ -112.6827, 58.1167 ] ] ] } },
{ "type": "Feature", "properties": { "AQHI_forecast_3h": 1.27, "value": 1, "color": "#01cbff", "station_count": 3, "forecast_valid_time": "2026-09-02 14:00:00+00:00", "model": "Cubist weighted IDW" }, "geometry": { "type": "Polygon", "coordinates": [ [ [ -112.6827, 58.1767 ], [ -112.6227, 58.1767 ], [ -112.6227, 58.1167 ], [ -112.6827, 58.1167 ], [ -112.6827, 58.1767 ] ] ] } },
{ "type": "Feature", "properties": { "AQHI_forecast_3h": 1.28, "value": 1, "color": "#01cbff", "station_count": 3, "forecast_valid_time": "2026-09-02 14:00:00+00:00", "model": "Cubist weighted IDW" }, "geometry": { "type": "Polygon", "coordinates": [ [ [ -112.6827, 58.2367 ], [ -112.6227, 58.2367 ], [ -112.6227, 58.1767 ], [ -112.6827, 58.1767 ], [ -112.6827, 58.2367 ] ] ] } },
{ "type": "Feature", "properties": { "AQHI_forecast_3h": 1.29, "value": 1, "color": "#01cbff", "station_count": 3, "forecast_valid_time": "2026-09-02 14:00:00+00:00", "model": "Cubist weighted IDW" }, "geometry": { "type": "Polygon", "coordinates": [ [ [ -112.6827, 58.2967 ], [ -112.6227, 58.2967 ], [ -112.6227, 58.2367 ], [ -112.6827, 58.2367 ], [ -112.6827, 58.2967 ] ] ] } },
{ "type": "Feature", "properties": { "AQHI_forecast_3h": 1.3, "value": 1, "color": "#01cbff", "station_count": 3, "forecast_valid_time": "2026-09-02 14:00:00+00:00", "model": "Cubist weighted IDW" }, "geometry": { "type": "Polygon", "coordinates": [ [ [ -112.6827, 58.3567 ], [ -112.6227, 58.3567 ], [ -112.6227, 58.2967 ], [ -112.6827, 58.2967 ], [ -112.6827, 58.3567 ] ] ] } },
{ "type": "Feature", "properties": { "AQHI_forecast_3h": 1.17, "value": 1, "color": "#01cbff", "station_count": 3, "forecast_valid_time": "2026-09-02 14:00:00+00:00", "model": "Cubist weighted IDW" }, "geometry": { "type": "Polygon", "coordinates": [ [ [ -112.6227, 57.6367 ], [ -112.5627, 57.6367 ], [ -112.5627, 57.5767 ], [ -112.6227, 57.5767 ], [ -112.6227, 57.6367 ] ] ] } },
{ "type": "Feature", "properties": { "AQHI_forecast_3h": 1.18, "value": 1, "color": "#01cbff", "station_count": 3, "forecast_valid_time": "2026-09-02 14:00:00+00:00", "model": "Cubist weighted IDW" }, "geometry": { "type": "Polygon", "coordinates": [ [ [ -112.6227, 57.6967 ], [ -112.5627, 57.6967 ], [ -112.5627, 57.6367 ], [ -112.6227, 57.6367 ], [ -112.6227, 57.6967 ] ] ] } },
{ "type": "Feature", "properties": { "AQHI_forecast_3h": 1.18, "value": 1, "color": "#01cbff", "station_count": 3, "forecast_valid_time": "2026-09-02 14:00:00+00:00", "model": "Cubist weighted IDW" }, "geometry": { "type": "Polygon", "coordinates": [ [ [ -112.6227, 57.7567 ], [ -112.5627, 57.7567 ], [ -112.5627, 57.6967 ], [ -112.6227, 57.6967 ], [ -112.6227, 57.7567 ] ] ] } },
{ "type": "Feature", "properties": { "AQHI_forecast_3h": 1.19, "value": 1, "color": "#01cbff", "station_count": 3, "forecast_valid_time": "2026-09-02 14:00:00+00:00", "model": "Cubist weighted IDW" }, "geometry": { "type": "Polygon", "coordinates": [ [ [ -112.6227, 57.8167 ], [ -112.5627, 57.8167 ], [ -112.5627, 57.7567 ], [ -112.6227, 57.7567 ], [ -112.6227, 57.8167 ] ] ] } },
{ "type": "Feature", "properties": { "AQHI_forecast_3h": 1.2, "value": 1, "color": "#01cbff", "station_count": 3, "forecast_valid_time": "2026-09-02 14:00:00+00:00", "model": "Cubist weighted IDW" }, "geometry": { "type": "Polygon", "coordinates": [ [ [ -112.6227, 57.8767 ], [ -112.5627, 57.8767 ], [ -112.5627, 57.8167 ], [ -112.6227, 57.8167 ], [ -112.6227, 57.8767 ] ] ] } },
{ "type": "Feature", "properties": { "AQHI_forecast_3h": 1.21, "value": 1, "color": "#01cbff", "station_count": 3, "forecast_valid_time": "2026-09-02 14:00:00+00:00", "model": "Cubist weighted IDW" }, "geometry": { "type": "Polygon", "coordinates": [ [ [ -112.6227, 57.9367 ], [ -112.5627, 57.9367 ], [ -112.5627, 57.8767 ], [ -112.6227, 57.8767 ], [ -112.6227, 57.9367 ] ] ] } },
{ "type": "Feature", "properties": { "AQHI_forecast_3h": 1.23, "value": 1, "color": "#01cbff", "station_count": 3, "forecast_valid_time": "2026-09-02 14:00:00+00:00", "model": "Cubist weighted IDW" }, "geometry": { "type": "Polygon", "coordinates": [ [ [ -112.6227, 57.9967 ], [ -112.5627, 57.9967 ], [ -112.5627, 57.9367 ], [ -112.6227, 57.9367 ], [ -112.6227, 57.9967 ] ] ] } },
{ "type": "Feature", "properties": { "AQHI_forecast_3h": 1.24, "value": 1, "color": "#01cbff", "station_count": 3, "forecast_valid_time": "2026-09-02 14:00:00+00:00", "model": "Cubist weighted IDW" }, "geometry": { "type": "Polygon", "coordinates": [ [ [ -112.6227, 58.0567 ], [ -112.5627, 58.0567 ], [ -112.5627, 57.9967 ], [ -112.6227, 57.9967 ], [ -112.6227, 58.0567 ] ] ] } },
{ "type": "Feature", "properties": { "AQHI_forecast_3h": 1.25, "value": 1, "color": "#01cbff", "station_count": 3, "forecast_valid_time": "2026-09-02 14:00:00+00:00", "model": "Cubist weighted IDW" }, "geometry": { "type": "Polygon", "coordinates": [ [ [ -112.6227, 58.1167 ], [ -112.5627, 58.1167 ], [ -112.5627, 58.0567 ], [ -112.6227, 58.0567 ], [ -112.6227, 58.1167 ] ] ] } },
{ "type": "Feature", "properties": { "AQHI_forecast_3h": 1.27, "value": 1, "color": "#01cbff", "station_count": 3, "forecast_valid_time": "2026-09-02 14:00:00+00:00", "model": "Cubist weighted IDW" }, "geometry": { "type": "Polygon", "coordinates": [ [ [ -112.6227, 58.1767 ], [ -112.5627, 58.1767 ], [ -112.5627, 58.1167 ], [ -112.6227, 58.1167 ], [ -112.6227, 58.1767 ] ] ] } },
{ "type": "Feature", "properties": { "AQHI_forecast_3h": 1.28, "value": 1, "color": "#01cbff", "station_count": 3, "forecast_valid_time": "2026-09-02 14:00:00+00:00", "model": "Cubist weighted IDW" }, "geometry": { "type": "Polygon", "coordinates": [ [ [ -112.6227, 58.2367 ], [ -112.5627, 58.2367 ], [ -112.5627, 58.1767 ], [ -112.6227, 58.1767 ], [ -112.6227, 58.2367 ] ] ] } },
{ "type": "Feature", "properties": { "AQHI_forecast_3h": 1.29, "value": 1, "color": "#01cbff", "station_count": 3, "forecast_valid_time": "2026-09-02 14:00:00+00:00", "model": "Cubist weighted IDW" }, "geometry": { "type": "Polygon", "coordinates": [ [ [ -112.6227, 58.2967 ], [ -112.5627, 58.2967 ], [ -112.5627, 58.2367 ], [ -112.6227, 58.2367 ], [ -112.6227, 58.2967 ] ] ] } },
{ "type": "Feature", "properties": { "AQHI_forecast_3h": 1.31, "value": 1, "color": "#01cbff", "station_count": 3, "forecast_valid_time": "2026-09-02 14:00:00+00:00", "model": "Cubist weighted IDW" }, "geometry": { "type": "Polygon", "coordinates": [ [ [ -112.6227, 58.3567 ], [ -112.5627, 58.3567 ], [ -112.5627, 58.2967 ], [ -112.6227, 58.2967 ], [ -112.6227, 58.3567 ] ] ] } },
{ "type": "Feature", "properties": { "AQHI_forecast_3h": 1.32, "value": 1, "color": "#01cbff", "station_count": 3, "forecast_valid_time": "2026-09-02 14:00:00+00:00", "model": "Cubist weighted IDW" }, "geometry": { "type": "Polygon", "coordinates": [ [ [ -112.6227, 58.4167 ], [ -112.5627, 58.4167 ], [ -112.5627, 58.3567 ], [ -112.6227, 58.3567 ], [ -112.6227, 58.4167 ] ] ] } },
{ "type": "Feature", "properties": { "AQHI_forecast_3h": 1.17, "value": 1, "color": "#01cbff", "station_count": 3, "forecast_valid_time": "2026-09-02 14:00:00+00:00", "model": "Cubist weighted IDW" }, "geometry": { "type": "Polygon", "coordinates": [ [ [ -112.5627, 57.6367 ], [ -112.5027, 57.6367 ], [ -112.5027, 57.5767 ], [ -112.5627, 57.5767 ], [ -112.5627, 57.6367 ] ] ] } },
{ "type": "Feature", "properties": { "AQHI_forecast_3h": 1.18, "value": 1, "color": "#01cbff", "station_count": 3, "forecast_valid_time": "2026-09-02 14:00:00+00:00", "model": "Cubist weighted IDW" }, "geometry": { "type": "Polygon", "coordinates": [ [ [ -112.5627, 57.6967 ], [ -112.5027, 57.6967 ], [ -112.5027, 57.6367 ], [ -112.5627, 57.6367 ], [ -112.5627, 57.6967 ] ] ] } },
{ "type": "Feature", "properties": { "AQHI_forecast_3h": 1.18, "value": 1, "color": "#01cbff", "station_count": 3, "forecast_valid_time": "2026-09-02 14:00:00+00:00", "model": "Cubist weighted IDW" }, "geometry": { "type": "Polygon", "coordinates": [ [ [ -112.5627, 57.7567 ], [ -112.5027, 57.7567 ], [ -112.5027, 57.6967 ], [ -112.5627, 57.6967 ], [ -112.5627, 57.7567 ] ] ] } },
{ "type": "Feature", "properties": { "AQHI_forecast_3h": 1.19, "value": 1, "color": "#01cbff", "station_count": 3, "forecast_valid_time": "2026-09-02 14:00:00+00:00", "model": "Cubist weighted IDW" }, "geometry": { "type": "Polygon", "coordinates": [ [ [ -112.5627, 57.8167 ], [ -112.5027, 57.8167 ], [ -112.5027, 57.7567 ], [ -112.5627, 57.7567 ], [ -112.5627, 57.8167 ] ] ] } },
{ "type": "Feature", "properties": { "AQHI_forecast_3h": 1.2, "value": 1, "color": "#01cbff", "station_count": 3, "forecast_valid_time": "2026-09-02 14:00:00+00:00", "model": "Cubist weighted IDW" }, "geometry": { "type": "Polygon", "coordinates": [ [ [ -112.5627, 57.8767 ], [ -112.5027, 57.8767 ], [ -112.5027, 57.8167 ], [ -112.5627, 57.8167 ], [ -112.5627, 57.8767 ] ] ] } },
{ "type": "Feature", "properties": { "AQHI_forecast_3h": 1.21, "value": 1, "color": "#01cbff", "station_count": 3, "forecast_valid_time": "2026-09-02 14:00:00+00:00", "model": "Cubist weighted IDW" }, "geometry": { "type": "Polygon", "coordinates": [ [ [ -112.5627, 57.9367 ], [ -112.5027, 57.9367 ], [ -112.5027, 57.8767 ], [ -112.5627, 57.8767 ], [ -112.5627, 57.9367 ] ] ] } },
{ "type": "Feature", "properties": { "AQHI_forecast_3h": 1.23, "value": 1, "color": "#01cbff", "station_count": 3, "forecast_valid_time": "2026-09-02 14:00:00+00:00", "model": "Cubist weighted IDW" }, "geometry": { "type": "Polygon", "coordinates": [ [ [ -112.5627, 57.9967 ], [ -112.5027, 57.9967 ], [ -112.5027, 57.9367 ], [ -112.5627, 57.9367 ], [ -112.5627, 57.9967 ] ] ] } },
{ "type": "Feature", "properties": { "AQHI_forecast_3h": 1.24, "value": 1, "color": "#01cbff", "station_count": 3, "forecast_valid_time": "2026-09-02 14:00:00+00:00", "model": "Cubist weighted IDW" }, "geometry": { "type": "Polygon", "coordinates": [ [ [ -112.5627, 58.0567 ], [ -112.5027, 58.0567 ], [ -112.5027, 57.9967 ], [ -112.5627, 57.9967 ], [ -112.5627, 58.0567 ] ] ] } },
{ "type": "Feature", "properties": { "AQHI_forecast_3h": 1.26, "value": 1, "color": "#01cbff", "station_count": 3, "forecast_valid_time": "2026-09-02 14:00:00+00:00", "model": "Cubist weighted IDW" }, "geometry": { "type": "Polygon", "coordinates": [ [ [ -112.5627, 58.1167 ], [ -112.5027, 58.1167 ], [ -112.5027, 58.0567 ], [ -112.5627, 58.0567 ], [ -112.5627, 58.1167 ] ] ] } },
{ "type": "Feature", "properties": { "AQHI_forecast_3h": 1.27, "value": 1, "color": "#01cbff", "station_count": 3, "forecast_valid_time": "2026-09-02 14:00:00+00:00", "model": "Cubist weighted IDW" }, "geometry": { "type": "Polygon", "coordinates": [ [ [ -112.5627, 58.1767 ], [ -112.5027, 58.1767 ], [ -112.5027, 58.1167 ], [ -112.5627, 58.1167 ], [ -112.5627, 58.1767 ] ] ] } },
{ "type": "Feature", "properties": { "AQHI_forecast_3h": 1.28, "value": 1, "color": "#01cbff", "station_count": 3, "forecast_valid_time": "2026-09-02 14:00:00+00:00", "model": "Cubist weighted IDW" }, "geometry": { "type": "Polygon", "coordinates": [ [ [ -112.5627, 58.2367 ], [ -112.5027, 58.2367 ], [ -112.5027, 58.1767 ], [ -112.5627, 58.1767 ], [ -112.5627, 58.2367 ] ] ] } },
{ "type": "Feature", "properties": { "AQHI_forecast_3h": 1.3, "value": 1, "color": "#01cbff", "station_count": 3, "forecast_valid_time": "2026-09-02 14:00:00+00:00", "model": "Cubist weighted IDW" }, "geometry": { "type": "Polygon", "coordinates": [ [ [ -112.5627, 58.2967 ], [ -112.5027, 58.2967 ], [ -112.5027, 58.2367 ], [ -112.5627, 58.2367 ], [ -112.5627, 58.2967 ] ] ] } },
{ "type": "Feature", "properties": { "AQHI_forecast_3h": 1.31, "value": 1, "color": "#01cbff", "station_count": 3, "forecast_valid_time": "2026-09-02 14:00:00+00:00", "model": "Cubist weighted IDW" }, "geometry": { "type": "Polygon", "coordinates": [ [ [ -112.5627, 58.3567 ], [ -112.5027, 58.3567 ], [ -112.5027, 58.2967 ], [ -112.5627, 58.2967 ], [ -112.5627, 58.3567 ] ] ] } },
{ "type": "Feature", "properties": { "AQHI_forecast_3h": 1.32, "value": 1, "color": "#01cbff", "station_count": 3, "forecast_valid_time": "2026-09-02 14:00:00+00:00", "model": "Cubist weighted IDW" }, "geometry": { "type": "Polygon", "coordinates": [ [ [ -112.5627, 58.4167 ], [ -112.5027, 58.4167 ], [ -112.5027, 58.3567 ], [ -112.5627, 58.3567 ], [ -112.5627, 58.4167 ] ] ] } },
{ "type": "Feature", "properties": { "AQHI_forecast_3h": 1.16, "value": 1, "color": "#01cbff", "station_count": 3, "forecast_valid_time": "2026-09-02 14:00:00+00:00", "model": "Cubist weighted IDW" }, "geometry": { "type": "Polygon", "coordinates": [ [ [ -112.5027, 57.5767 ], [ -112.4427, 57.5767 ], [ -112.4427, 57.5167 ], [ -112.5027, 57.5167 ], [ -112.5027, 57.5767 ] ] ] } },
{ "type": "Feature", "properties": { "AQHI_forecast_3h": 1.17, "value": 1, "color": "#01cbff", "station_count": 3, "forecast_valid_time": "2026-09-02 14:00:00+00:00", "model": "Cubist weighted IDW" }, "geometry": { "type": "Polygon", "coordinates": [ [ [ -112.5027, 57.6367 ], [ -112.4427, 57.6367 ], [ -112.4427, 57.5767 ], [ -112.5027, 57.5767 ], [ -112.5027, 57.6367 ] ] ] } },
{ "type": "Feature", "properties": { "AQHI_forecast_3h": 1.17, "value": 1, "color": "#01cbff", "station_count": 3, "forecast_valid_time": "2026-09-02 14:00:00+00:00", "model": "Cubist weighted IDW" }, "geometry": { "type": "Polygon", "coordinates": [ [ [ -112.5027, 57.6967 ], [ -112.4427, 57.6967 ], [ -112.4427, 57.6367 ], [ -112.5027, 57.6367 ], [ -112.5027, 57.6967 ] ] ] } },
{ "type": "Feature", "properties": { "AQHI_forecast_3h": 1.18, "value": 1, "color": "#01cbff", "station_count": 3, "forecast_valid_time": "2026-09-02 14:00:00+00:00", "model": "Cubist weighted IDW" }, "geometry": { "type": "Polygon", "coordinates": [ [ [ -112.5027, 57.7567 ], [ -112.4427, 57.7567 ], [ -112.4427, 57.6967 ], [ -112.5027, 57.6967 ], [ -112.5027, 57.7567 ] ] ] } },
{ "type": "Feature", "properties": { "AQHI_forecast_3h": 1.19, "value": 1, "color": "#01cbff", "station_count": 3, "forecast_valid_time": "2026-09-02 14:00:00+00:00", "model": "Cubist weighted IDW" }, "geometry": { "type": "Polygon", "coordinates": [ [ [ -112.5027, 57.8167 ], [ -112.4427, 57.8167 ], [ -112.4427, 57.7567 ], [ -112.5027, 57.7567 ], [ -112.5027, 57.8167 ] ] ] } },
{ "type": "Feature", "properties": { "AQHI_forecast_3h": 1.2, "value": 1, "color": "#01cbff", "station_count": 3, "forecast_valid_time": "2026-09-02 14:00:00+00:00", "model": "Cubist weighted IDW" }, "geometry": { "type": "Polygon", "coordinates": [ [ [ -112.5027, 57.8767 ], [ -112.4427, 57.8767 ], [ -112.4427, 57.8167 ], [ -112.5027, 57.8167 ], [ -112.5027, 57.8767 ] ] ] } },
{ "type": "Feature", "properties": { "AQHI_forecast_3h": 1.21, "value": 1, "color": "#01cbff", "station_count": 3, "forecast_valid_time": "2026-09-02 14:00:00+00:00", "model": "Cubist weighted IDW" }, "geometry": { "type": "Polygon", "coordinates": [ [ [ -112.5027, 57.9367 ], [ -112.4427, 57.9367 ], [ -112.4427, 57.8767 ], [ -112.5027, 57.8767 ], [ -112.5027, 57.9367 ] ] ] } },
{ "type": "Feature", "properties": { "AQHI_forecast_3h": 1.23, "value": 1, "color": "#01cbff", "station_count": 3, "forecast_valid_time": "2026-09-02 14:00:00+00:00", "model": "Cubist weighted IDW" }, "geometry": { "type": "Polygon", "coordinates": [ [ [ -112.5027, 57.9967 ], [ -112.4427, 57.9967 ], [ -112.4427, 57.9367 ], [ -112.5027, 57.9367 ], [ -112.5027, 57.9967 ] ] ] } },
{ "type": "Feature", "properties": { "AQHI_forecast_3h": 1.24, "value": 1, "color": "#01cbff", "station_count": 3, "forecast_valid_time": "2026-09-02 14:00:00+00:00", "model": "Cubist weighted IDW" }, "geometry": { "type": "Polygon", "coordinates": [ [ [ -112.5027, 58.0567 ], [ -112.4427, 58.0567 ], [ -112.4427, 57.9967 ], [ -112.5027, 57.9967 ], [ -112.5027, 58.0567 ] ] ] } },
{ "type": "Feature", "properties": { "AQHI_forecast_3h": 1.26, "value": 1, "color": "#01cbff", "station_count": 3, "forecast_valid_time": "2026-09-02 14:00:00+00:00", "model": "Cubist weighted IDW" }, "geometry": { "type": "Polygon", "coordinates": [ [ [ -112.5027, 58.1167 ], [ -112.4427, 58.1167 ], [ -112.4427, 58.0567 ], [ -112.5027, 58.0567 ], [ -112.5027, 58.1167 ] ] ] } },
{ "type": "Feature", "properties": { "AQHI_forecast_3h": 1.27, "value": 1, "color": "#01cbff", "station_count": 3, "forecast_valid_time": "2026-09-02 14:00:00+00:00", "model": "Cubist weighted IDW" }, "geometry": { "type": "Polygon", "coordinates": [ [ [ -112.5027, 58.1767 ], [ -112.4427, 58.1767 ], [ -112.4427, 58.1167 ], [ -112.5027, 58.1167 ], [ -112.5027, 58.1767 ] ] ] } },
{ "type": "Feature", "properties": { "AQHI_forecast_3h": 1.29, "value": 1, "color": "#01cbff", "station_count": 3, "forecast_valid_time": "2026-09-02 14:00:00+00:00", "model": "Cubist weighted IDW" }, "geometry": { "type": "Polygon", "coordinates": [ [ [ -112.5027, 58.2367 ], [ -112.4427, 58.2367 ], [ -112.4427, 58.1767 ], [ -112.5027, 58.1767 ], [ -112.5027, 58.2367 ] ] ] } },
{ "type": "Feature", "properties": { "AQHI_forecast_3h": 1.3, "value": 1, "color": "#01cbff", "station_count": 3, "forecast_valid_time": "2026-09-02 14:00:00+00:00", "model": "Cubist weighted IDW" }, "geometry": { "type": "Polygon", "coordinates": [ [ [ -112.5027, 58.2967 ], [ -112.4427, 58.2967 ], [ -112.4427, 58.2367 ], [ -112.5027, 58.2367 ], [ -112.5027, 58.2967 ] ] ] } },
{ "type": "Feature", "properties": { "AQHI_forecast_3h": 1.32, "value": 1, "color": "#01cbff", "station_count": 3, "forecast_valid_time": "2026-09-02 14:00:00+00:00", "model": "Cubist weighted IDW" }, "geometry": { "type": "Polygon", "coordinates": [ [ [ -112.5027, 58.3567 ], [ -112.4427, 58.3567 ], [ -112.4427, 58.2967 ], [ -112.5027, 58.2967 ], [ -112.5027, 58.3567 ] ] ] } },
{ "type": "Feature", "properties": { "AQHI_forecast_3h": 1.33, "value": 1, "color": "#01cbff", "station_count": 3, "forecast_valid_time": "2026-09-02 14:00:00+00:00", "model": "Cubist weighted IDW" }, "geometry": { "type": "Polygon", "coordinates": [ [ [ -112.5027, 58.4167 ], [ -112.4427, 58.4167 ], [ -112.4427, 58.3567 ], [ -112.5027, 58.3567 ], [ -112.5027, 58.4167 ] ] ] } },
{ "type": "Feature", "properties": { "AQHI_forecast_3h": 1.16, "value": 1, "color": "#01cbff", "station_count": 3, "forecast_valid_time": "2026-09-02 14:00:00+00:00", "model": "Cubist weighted IDW" }, "geometry": { "type": "Polygon", "coordinates": [ [ [ -112.4427, 57.5767 ], [ -112.3827, 57.5767 ], [ -112.3827, 57.5167 ], [ -112.4427, 57.5167 ], [ -112.4427, 57.5767 ] ] ] } },
{ "type": "Feature", "properties": { "AQHI_forecast_3h": 1.17, "value": 1, "color": "#01cbff", "station_count": 3, "forecast_valid_time": "2026-09-02 14:00:00+00:00", "model": "Cubist weighted IDW" }, "geometry": { "type": "Polygon", "coordinates": [ [ [ -112.4427, 57.6367 ], [ -112.3827, 57.6367 ], [ -112.3827, 57.5767 ], [ -112.4427, 57.5767 ], [ -112.4427, 57.6367 ] ] ] } },
{ "type": "Feature", "properties": { "AQHI_forecast_3h": 1.17, "value": 1, "color": "#01cbff", "station_count": 3, "forecast_valid_time": "2026-09-02 14:00:00+00:00", "model": "Cubist weighted IDW" }, "geometry": { "type": "Polygon", "coordinates": [ [ [ -112.4427, 57.6967 ], [ -112.3827, 57.6967 ], [ -112.3827, 57.6367 ], [ -112.4427, 57.6367 ], [ -112.4427, 57.6967 ] ] ] } },
{ "type": "Feature", "properties": { "AQHI_forecast_3h": 1.18, "value": 1, "color": "#01cbff", "station_count": 3, "forecast_valid_time": "2026-09-02 14:00:00+00:00", "model": "Cubist weighted IDW" }, "geometry": { "type": "Polygon", "coordinates": [ [ [ -112.4427, 57.7567 ], [ -112.3827, 57.7567 ], [ -112.3827, 57.6967 ], [ -112.4427, 57.6967 ], [ -112.4427, 57.7567 ] ] ] } },
{ "type": "Feature", "properties": { "AQHI_forecast_3h": 1.19, "value": 1, "color": "#01cbff", "station_count": 3, "forecast_valid_time": "2026-09-02 14:00:00+00:00", "model": "Cubist weighted IDW" }, "geometry": { "type": "Polygon", "coordinates": [ [ [ -112.4427, 57.8167 ], [ -112.3827, 57.8167 ], [ -112.3827, 57.7567 ], [ -112.4427, 57.7567 ], [ -112.4427, 57.8167 ] ] ] } },
{ "type": "Feature", "properties": { "AQHI_forecast_3h": 1.2, "value": 1, "color": "#01cbff", "station_count": 3, "forecast_valid_time": "2026-09-02 14:00:00+00:00", "model": "Cubist weighted IDW" }, "geometry": { "type": "Polygon", "coordinates": [ [ [ -112.4427, 57.8767 ], [ -112.3827, 57.8767 ], [ -112.3827, 57.8167 ], [ -112.4427, 57.8167 ], [ -112.4427, 57.8767 ] ] ] } },
{ "type": "Feature", "properties": { "AQHI_forecast_3h": 1.21, "value": 1, "color": "#01cbff", "station_count": 3, "forecast_valid_time": "2026-09-02 14:00:00+00:00", "model": "Cubist weighted IDW" }, "geometry": { "type": "Polygon", "coordinates": [ [ [ -112.4427, 57.9367 ], [ -112.3827, 57.9367 ], [ -112.3827, 57.8767 ], [ -112.4427, 57.8767 ], [ -112.4427, 57.9367 ] ] ] } },
{ "type": "Feature", "properties": { "AQHI_forecast_3h": 1.23, "value": 1, "color": "#01cbff", "station_count": 3, "forecast_valid_time": "2026-09-02 14:00:00+00:00", "model": "Cubist weighted IDW" }, "geometry": { "type": "Polygon", "coordinates": [ [ [ -112.4427, 57.9967 ], [ -112.3827, 57.9967 ], [ -112.3827, 57.9367 ], [ -112.4427, 57.9367 ], [ -112.4427, 57.9967 ] ] ] } },
{ "type": "Feature", "properties": { "AQHI_forecast_3h": 1.24, "value": 1, "color": "#01cbff", "station_count": 3, "forecast_valid_time": "2026-09-02 14:00:00+00:00", "model": "Cubist weighted IDW" }, "geometry": { "type": "Polygon", "coordinates": [ [ [ -112.4427, 58.0567 ], [ -112.3827, 58.0567 ], [ -112.3827, 57.9967 ], [ -112.4427, 57.9967 ], [ -112.4427, 58.0567 ] ] ] } },
{ "type": "Feature", "properties": { "AQHI_forecast_3h": 1.26, "value": 1, "color": "#01cbff", "station_count": 3, "forecast_valid_time": "2026-09-02 14:00:00+00:00", "model": "Cubist weighted IDW" }, "geometry": { "type": "Polygon", "coordinates": [ [ [ -112.4427, 58.1167 ], [ -112.3827, 58.1167 ], [ -112.3827, 58.0567 ], [ -112.4427, 58.0567 ], [ -112.4427, 58.1167 ] ] ] } },
{ "type": "Feature", "properties": { "AQHI_forecast_3h": 1.27, "value": 1, "color": "#01cbff", "station_count": 3, "forecast_valid_time": "2026-09-02 14:00:00+00:00", "model": "Cubist weighted IDW" }, "geometry": { "type": "Polygon", "coordinates": [ [ [ -112.4427, 58.1767 ], [ -112.3827, 58.1767 ], [ -112.3827, 58.1167 ], [ -112.4427, 58.1167 ], [ -112.4427, 58.1767 ] ] ] } },
{ "type": "Feature", "properties": { "AQHI_forecast_3h": 1.29, "value": 1, "color": "#01cbff", "station_count": 3, "forecast_valid_time": "2026-09-02 14:00:00+00:00", "model": "Cubist weighted IDW" }, "geometry": { "type": "Polygon", "coordinates": [ [ [ -112.4427, 58.2367 ], [ -112.3827, 58.2367 ], [ -112.3827, 58.1767 ], [ -112.4427, 58.1767 ], [ -112.4427, 58.2367 ] ] ] } },
{ "type": "Feature", "properties": { "AQHI_forecast_3h": 1.31, "value": 1, "color": "#01cbff", "station_count": 3, "forecast_valid_time": "2026-09-02 14:00:00+00:00", "model": "Cubist weighted IDW" }, "geometry": { "type": "Polygon", "coordinates": [ [ [ -112.4427, 58.2967 ], [ -112.3827, 58.2967 ], [ -112.3827, 58.2367 ], [ -112.4427, 58.2367 ], [ -112.4427, 58.2967 ] ] ] } },
{ "type": "Feature", "properties": { "AQHI_forecast_3h": 1.32, "value": 1, "color": "#01cbff", "station_count": 3, "forecast_valid_time": "2026-09-02 14:00:00+00:00", "model": "Cubist weighted IDW" }, "geometry": { "type": "Polygon", "coordinates": [ [ [ -112.4427, 58.3567 ], [ -112.3827, 58.3567 ], [ -112.3827, 58.2967 ], [ -112.4427, 58.2967 ], [ -112.4427, 58.3567 ] ] ] } },
{ "type": "Feature", "properties": { "AQHI_forecast_3h": 1.33, "value": 1, "color": "#01cbff", "station_count": 3, "forecast_valid_time": "2026-09-02 14:00:00+00:00", "model": "Cubist weighted IDW" }, "geometry": { "type": "Polygon", "coordinates": [ [ [ -112.4427, 58.4167 ], [ -112.3827, 58.4167 ], [ -112.3827, 58.3567 ], [ -112.4427, 58.3567 ], [ -112.4427, 58.4167 ] ] ] } },
{ "type": "Feature", "properties": { "AQHI_forecast_3h": 1.16, "value": 1, "color": "#01cbff", "station_count": 3, "forecast_valid_time": "2026-09-02 14:00:00+00:00", "model": "Cubist weighted IDW" }, "geometry": { "type": "Polygon", "coordinates": [ [ [ -112.3827, 57.5767 ], [ -112.3227, 57.5767 ], [ -112.3227, 57.5167 ], [ -112.3827, 57.5167 ], [ -112.3827, 57.5767 ] ] ] } },
{ "type": "Feature", "properties": { "AQHI_forecast_3h": 1.17, "value": 1, "color": "#01cbff", "station_count": 3, "forecast_valid_time": "2026-09-02 14:00:00+00:00", "model": "Cubist weighted IDW" }, "geometry": { "type": "Polygon", "coordinates": [ [ [ -112.3827, 57.6367 ], [ -112.3227, 57.6367 ], [ -112.3227, 57.5767 ], [ -112.3827, 57.5767 ], [ -112.3827, 57.6367 ] ] ] } },
{ "type": "Feature", "properties": { "AQHI_forecast_3h": 1.17, "value": 1, "color": "#01cbff", "station_count": 3, "forecast_valid_time": "2026-09-02 14:00:00+00:00", "model": "Cubist weighted IDW" }, "geometry": { "type": "Polygon", "coordinates": [ [ [ -112.3827, 57.6967 ], [ -112.3227, 57.6967 ], [ -112.3227, 57.6367 ], [ -112.3827, 57.6367 ], [ -112.3827, 57.6967 ] ] ] } },
{ "type": "Feature", "properties": { "AQHI_forecast_3h": 1.18, "value": 1, "color": "#01cbff", "station_count": 3, "forecast_valid_time": "2026-09-02 14:00:00+00:00", "model": "Cubist weighted IDW" }, "geometry": { "type": "Polygon", "coordinates": [ [ [ -112.3827, 57.7567 ], [ -112.3227, 57.7567 ], [ -112.3227, 57.6967 ], [ -112.3827, 57.6967 ], [ -112.3827, 57.7567 ] ] ] } },
{ "type": "Feature", "properties": { "AQHI_forecast_3h": 1.19, "value": 1, "color": "#01cbff", "station_count": 3, "forecast_valid_time": "2026-09-02 14:00:00+00:00", "model": "Cubist weighted IDW" }, "geometry": { "type": "Polygon", "coordinates": [ [ [ -112.3827, 57.8167 ], [ -112.3227, 57.8167 ], [ -112.3227, 57.7567 ], [ -112.3827, 57.7567 ], [ -112.3827, 57.8167 ] ] ] } },
{ "type": "Feature", "properties": { "AQHI_forecast_3h": 1.2, "value": 1, "color": "#01cbff", "station_count": 3, "forecast_valid_time": "2026-09-02 14:00:00+00:00", "model": "Cubist weighted IDW" }, "geometry": { "type": "Polygon", "coordinates": [ [ [ -112.3827, 57.8767 ], [ -112.3227, 57.8767 ], [ -112.3227, 57.8167 ], [ -112.3827, 57.8167 ], [ -112.3827, 57.8767 ] ] ] } },
{ "type": "Feature", "properties": { "AQHI_forecast_3h": 1.22, "value": 1, "color": "#01cbff", "station_count": 3, "forecast_valid_time": "2026-09-02 14:00:00+00:00", "model": "Cubist weighted IDW" }, "geometry": { "type": "Polygon", "coordinates": [ [ [ -112.3827, 57.9367 ], [ -112.3227, 57.9367 ], [ -112.3227, 57.8767 ], [ -112.3827, 57.8767 ], [ -112.3827, 57.9367 ] ] ] } },
{ "type": "Feature", "properties": { "AQHI_forecast_3h": 1.23, "value": 1, "color": "#01cbff", "station_count": 3, "forecast_valid_time": "2026-09-02 14:00:00+00:00", "model": "Cubist weighted IDW" }, "geometry": { "type": "Polygon", "coordinates": [ [ [ -112.3827, 57.9967 ], [ -112.3227, 57.9967 ], [ -112.3227, 57.9367 ], [ -112.3827, 57.9367 ], [ -112.3827, 57.9967 ] ] ] } },
{ "type": "Feature", "properties": { "AQHI_forecast_3h": 1.24, "value": 1, "color": "#01cbff", "station_count": 3, "forecast_valid_time": "2026-09-02 14:00:00+00:00", "model": "Cubist weighted IDW" }, "geometry": { "type": "Polygon", "coordinates": [ [ [ -112.3827, 58.0567 ], [ -112.3227, 58.0567 ], [ -112.3227, 57.9967 ], [ -112.3827, 57.9967 ], [ -112.3827, 58.0567 ] ] ] } },
{ "type": "Feature", "properties": { "AQHI_forecast_3h": 1.26, "value": 1, "color": "#01cbff", "station_count": 3, "forecast_valid_time": "2026-09-02 14:00:00+00:00", "model": "Cubist weighted IDW" }, "geometry": { "type": "Polygon", "coordinates": [ [ [ -112.3827, 58.1167 ], [ -112.3227, 58.1167 ], [ -112.3227, 58.0567 ], [ -112.3827, 58.0567 ], [ -112.3827, 58.1167 ] ] ] } },
{ "type": "Feature", "properties": { "AQHI_forecast_3h": 1.28, "value": 1, "color": "#01cbff", "station_count": 3, "forecast_valid_time": "2026-09-02 14:00:00+00:00", "model": "Cubist weighted IDW" }, "geometry": { "type": "Polygon", "coordinates": [ [ [ -112.3827, 58.1767 ], [ -112.3227, 58.1767 ], [ -112.3227, 58.1167 ], [ -112.3827, 58.1167 ], [ -112.3827, 58.1767 ] ] ] } },
{ "type": "Feature", "properties": { "AQHI_forecast_3h": 1.29, "value": 1, "color": "#01cbff", "station_count": 3, "forecast_valid_time": "2026-09-02 14:00:00+00:00", "model": "Cubist weighted IDW" }, "geometry": { "type": "Polygon", "coordinates": [ [ [ -112.3827, 58.2367 ], [ -112.3227, 58.2367 ], [ -112.3227, 58.1767 ], [ -112.3827, 58.1767 ], [ -112.3827, 58.2367 ] ] ] } },
{ "type": "Feature", "properties": { "AQHI_forecast_3h": 1.31, "value": 1, "color": "#01cbff", "station_count": 3, "forecast_valid_time": "2026-09-02 14:00:00+00:00", "model": "Cubist weighted IDW" }, "geometry": { "type": "Polygon", "coordinates": [ [ [ -112.3827, 58.2967 ], [ -112.3227, 58.2967 ], [ -112.3227, 58.2367 ], [ -112.3827, 58.2367 ], [ -112.3827, 58.2967 ] ] ] } },
{ "type": "Feature", "properties": { "AQHI_forecast_3h": 1.33, "value": 1, "color": "#01cbff", "station_count": 3, "forecast_valid_time": "2026-09-02 14:00:00+00:00", "model": "Cubist weighted IDW" }, "geometry": { "type": "Polygon", "coordinates": [ [ [ -112.3827, 58.3567 ], [ -112.3227, 58.3567 ], [ -112.3227, 58.2967 ], [ -112.3827, 58.2967 ], [ -112.3827, 58.3567 ] ] ] } },
{ "type": "Feature", "properties": { "AQHI_forecast_3h": 1.34, "value": 1, "color": "#01cbff", "station_count": 3, "forecast_valid_time": "2026-09-02 14:00:00+00:00", "model": "Cubist weighted IDW" }, "geometry": { "type": "Polygon", "coordinates": [ [ [ -112.3827, 58.4167 ], [ -112.3227, 58.4167 ], [ -112.3227, 58.3567 ], [ -112.3827, 58.3567 ], [ -112.3827, 58.4167 ] ] ] } },
{ "type": "Feature", "properties": { "AQHI_forecast_3h": 1.16, "value": 1, "color": "#01cbff", "station_count": 3, "forecast_valid_time": "2026-09-02 14:00:00+00:00", "model": "Cubist weighted IDW" }, "geometry": { "type": "Polygon", "coordinates": [ [ [ -112.3227, 57.5767 ], [ -112.2627, 57.5767 ], [ -112.2627, 57.5167 ], [ -112.3227, 57.5167 ], [ -112.3227, 57.5767 ] ] ] } },
{ "type": "Feature", "properties": { "AQHI_forecast_3h": 1.16, "value": 1, "color": "#01cbff", "station_count": 3, "forecast_valid_time": "2026-09-02 14:00:00+00:00", "model": "Cubist weighted IDW" }, "geometry": { "type": "Polygon", "coordinates": [ [ [ -112.3227, 57.6367 ], [ -112.2627, 57.6367 ], [ -112.2627, 57.5767 ], [ -112.3227, 57.5767 ], [ -112.3227, 57.6367 ] ] ] } },
{ "type": "Feature", "properties": { "AQHI_forecast_3h": 1.17, "value": 1, "color": "#01cbff", "station_count": 3, "forecast_valid_time": "2026-09-02 14:00:00+00:00", "model": "Cubist weighted IDW" }, "geometry": { "type": "Polygon", "coordinates": [ [ [ -112.3227, 57.6967 ], [ -112.2627, 57.6967 ], [ -112.2627, 57.6367 ], [ -112.3227, 57.6367 ], [ -112.3227, 57.6967 ] ] ] } },
{ "type": "Feature", "properties": { "AQHI_forecast_3h": 1.18, "value": 1, "color": "#01cbff", "station_count": 3, "forecast_valid_time": "2026-09-02 14:00:00+00:00", "model": "Cubist weighted IDW" }, "geometry": { "type": "Polygon", "coordinates": [ [ [ -112.3227, 57.7567 ], [ -112.2627, 57.7567 ], [ -112.2627, 57.6967 ], [ -112.3227, 57.6967 ], [ -112.3227, 57.7567 ] ] ] } },
{ "type": "Feature", "properties": { "AQHI_forecast_3h": 1.19, "value": 1, "color": "#01cbff", "station_count": 3, "forecast_valid_time": "2026-09-02 14:00:00+00:00", "model": "Cubist weighted IDW" }, "geometry": { "type": "Polygon", "coordinates": [ [ [ -112.3227, 57.8167 ], [ -112.2627, 57.8167 ], [ -112.2627, 57.7567 ], [ -112.3227, 57.7567 ], [ -112.3227, 57.8167 ] ] ] } },
{ "type": "Feature", "properties": { "AQHI_forecast_3h": 1.2, "value": 1, "color": "#01cbff", "station_count": 3, "forecast_valid_time": "2026-09-02 14:00:00+00:00", "model": "Cubist weighted IDW" }, "geometry": { "type": "Polygon", "coordinates": [ [ [ -112.3227, 57.8767 ], [ -112.2627, 57.8767 ], [ -112.2627, 57.8167 ], [ -112.3227, 57.8167 ], [ -112.3227, 57.8767 ] ] ] } },
{ "type": "Feature", "properties": { "AQHI_forecast_3h": 1.22, "value": 1, "color": "#01cbff", "station_count": 3, "forecast_valid_time": "2026-09-02 14:00:00+00:00", "model": "Cubist weighted IDW" }, "geometry": { "type": "Polygon", "coordinates": [ [ [ -112.3227, 57.9367 ], [ -112.2627, 57.9367 ], [ -112.2627, 57.8767 ], [ -112.3227, 57.8767 ], [ -112.3227, 57.9367 ] ] ] } },
{ "type": "Feature", "properties": { "AQHI_forecast_3h": 1.23, "value": 1, "color": "#01cbff", "station_count": 3, "forecast_valid_time": "2026-09-02 14:00:00+00:00", "model": "Cubist weighted IDW" }, "geometry": { "type": "Polygon", "coordinates": [ [ [ -112.3227, 57.9967 ], [ -112.2627, 57.9967 ], [ -112.2627, 57.9367 ], [ -112.3227, 57.9367 ], [ -112.3227, 57.9967 ] ] ] } },
{ "type": "Feature", "properties": { "AQHI_forecast_3h": 1.25, "value": 1, "color": "#01cbff", "station_count": 3, "forecast_valid_time": "2026-09-02 14:00:00+00:00", "model": "Cubist weighted IDW" }, "geometry": { "type": "Polygon", "coordinates": [ [ [ -112.3227, 58.0567 ], [ -112.2627, 58.0567 ], [ -112.2627, 57.9967 ], [ -112.3227, 57.9967 ], [ -112.3227, 58.0567 ] ] ] } },
{ "type": "Feature", "properties": { "AQHI_forecast_3h": 1.26, "value": 1, "color": "#01cbff", "station_count": 3, "forecast_valid_time": "2026-09-02 14:00:00+00:00", "model": "Cubist weighted IDW" }, "geometry": { "type": "Polygon", "coordinates": [ [ [ -112.3227, 58.1167 ], [ -112.2627, 58.1167 ], [ -112.2627, 58.0567 ], [ -112.3227, 58.0567 ], [ -112.3227, 58.1167 ] ] ] } },
{ "type": "Feature", "properties": { "AQHI_forecast_3h": 1.28, "value": 1, "color": "#01cbff", "station_count": 3, "forecast_valid_time": "2026-09-02 14:00:00+00:00", "model": "Cubist weighted IDW" }, "geometry": { "type": "Polygon", "coordinates": [ [ [ -112.3227, 58.1767 ], [ -112.2627, 58.1767 ], [ -112.2627, 58.1167 ], [ -112.3227, 58.1167 ], [ -112.3227, 58.1767 ] ] ] } },
{ "type": "Feature", "properties": { "AQHI_forecast_3h": 1.3, "value": 1, "color": "#01cbff", "station_count": 3, "forecast_valid_time": "2026-09-02 14:00:00+00:00", "model": "Cubist weighted IDW" }, "geometry": { "type": "Polygon", "coordinates": [ [ [ -112.3227, 58.2367 ], [ -112.2627, 58.2367 ], [ -112.2627, 58.1767 ], [ -112.3227, 58.1767 ], [ -112.3227, 58.2367 ] ] ] } },
{ "type": "Feature", "properties": { "AQHI_forecast_3h": 1.31, "value": 1, "color": "#01cbff", "station_count": 3, "forecast_valid_time": "2026-09-02 14:00:00+00:00", "model": "Cubist weighted IDW" }, "geometry": { "type": "Polygon", "coordinates": [ [ [ -112.3227, 58.2967 ], [ -112.2627, 58.2967 ], [ -112.2627, 58.2367 ], [ -112.3227, 58.2367 ], [ -112.3227, 58.2967 ] ] ] } },
{ "type": "Feature", "properties": { "AQHI_forecast_3h": 1.33, "value": 1, "color": "#01cbff", "station_count": 3, "forecast_valid_time": "2026-09-02 14:00:00+00:00", "model": "Cubist weighted IDW" }, "geometry": { "type": "Polygon", "coordinates": [ [ [ -112.3227, 58.3567 ], [ -112.2627, 58.3567 ], [ -112.2627, 58.2967 ], [ -112.3227, 58.2967 ], [ -112.3227, 58.3567 ] ] ] } },
{ "type": "Feature", "properties": { "AQHI_forecast_3h": 1.34, "value": 1, "color": "#01cbff", "station_count": 3, "forecast_valid_time": "2026-09-02 14:00:00+00:00", "model": "Cubist weighted IDW" }, "geometry": { "type": "Polygon", "coordinates": [ [ [ -112.3227, 58.4167 ], [ -112.2627, 58.4167 ], [ -112.2627, 58.3567 ], [ -112.3227, 58.3567 ], [ -112.3227, 58.4167 ] ] ] } },
{ "type": "Feature", "properties": { "AQHI_forecast_3h": 1.36, "value": 1, "color": "#01cbff", "station_count": 3, "forecast_valid_time": "2026-09-02 14:00:00+00:00", "model": "Cubist weighted IDW" }, "geometry": { "type": "Polygon", "coordinates": [ [ [ -112.3227, 58.4767 ], [ -112.2627, 58.4767 ], [ -112.2627, 58.4167 ], [ -112.3227, 58.4167 ], [ -112.3227, 58.4767 ] ] ] } },
{ "type": "Feature", "properties": { "AQHI_forecast_3h": 1.15, "value": 1, "color": "#01cbff", "station_count": 3, "forecast_valid_time": "2026-09-02 14:00:00+00:00", "model": "Cubist weighted IDW" }, "geometry": { "type": "Polygon", "coordinates": [ [ [ -112.2627, 57.5167 ], [ -112.2027, 57.5167 ], [ -112.2027, 57.4567 ], [ -112.2627, 57.4567 ], [ -112.2627, 57.5167 ] ] ] } },
{ "type": "Feature", "properties": { "AQHI_forecast_3h": 1.16, "value": 1, "color": "#01cbff", "station_count": 3, "forecast_valid_time": "2026-09-02 14:00:00+00:00", "model": "Cubist weighted IDW" }, "geometry": { "type": "Polygon", "coordinates": [ [ [ -112.2627, 57.5767 ], [ -112.2027, 57.5767 ], [ -112.2027, 57.5167 ], [ -112.2627, 57.5167 ], [ -112.2627, 57.5767 ] ] ] } },
{ "type": "Feature", "properties": { "AQHI_forecast_3h": 1.16, "value": 1, "color": "#01cbff", "station_count": 3, "forecast_valid_time": "2026-09-02 14:00:00+00:00", "model": "Cubist weighted IDW" }, "geometry": { "type": "Polygon", "coordinates": [ [ [ -112.2627, 57.6367 ], [ -112.2027, 57.6367 ], [ -112.2027, 57.5767 ], [ -112.2627, 57.5767 ], [ -112.2627, 57.6367 ] ] ] } },
{ "type": "Feature", "properties": { "AQHI_forecast_3h": 1.17, "value": 1, "color": "#01cbff", "station_count": 3, "forecast_valid_time": "2026-09-02 14:00:00+00:00", "model": "Cubist weighted IDW" }, "geometry": { "type": "Polygon", "coordinates": [ [ [ -112.2627, 57.6967 ], [ -112.2027, 57.6967 ], [ -112.2027, 57.6367 ], [ -112.2627, 57.6367 ], [ -112.2627, 57.6967 ] ] ] } },
{ "type": "Feature", "properties": { "AQHI_forecast_3h": 1.18, "value": 1, "color": "#01cbff", "station_count": 3, "forecast_valid_time": "2026-09-02 14:00:00+00:00", "model": "Cubist weighted IDW" }, "geometry": { "type": "Polygon", "coordinates": [ [ [ -112.2627, 57.7567 ], [ -112.2027, 57.7567 ], [ -112.2027, 57.6967 ], [ -112.2627, 57.6967 ], [ -112.2627, 57.7567 ] ] ] } },
{ "type": "Feature", "properties": { "AQHI_forecast_3h": 1.19, "value": 1, "color": "#01cbff", "station_count": 3, "forecast_valid_time": "2026-09-02 14:00:00+00:00", "model": "Cubist weighted IDW" }, "geometry": { "type": "Polygon", "coordinates": [ [ [ -112.2627, 57.8167 ], [ -112.2027, 57.8167 ], [ -112.2027, 57.7567 ], [ -112.2627, 57.7567 ], [ -112.2627, 57.8167 ] ] ] } },
{ "type": "Feature", "properties": { "AQHI_forecast_3h": 1.2, "value": 1, "color": "#01cbff", "station_count": 3, "forecast_valid_time": "2026-09-02 14:00:00+00:00", "model": "Cubist weighted IDW" }, "geometry": { "type": "Polygon", "coordinates": [ [ [ -112.2627, 57.8767 ], [ -112.2027, 57.8767 ], [ -112.2027, 57.8167 ], [ -112.2627, 57.8167 ], [ -112.2627, 57.8767 ] ] ] } },
{ "type": "Feature", "properties": { "AQHI_forecast_3h": 1.22, "value": 1, "color": "#01cbff", "station_count": 3, "forecast_valid_time": "2026-09-02 14:00:00+00:00", "model": "Cubist weighted IDW" }, "geometry": { "type": "Polygon", "coordinates": [ [ [ -112.2627, 57.9367 ], [ -112.2027, 57.9367 ], [ -112.2027, 57.8767 ], [ -112.2627, 57.8767 ], [ -112.2627, 57.9367 ] ] ] } },
{ "type": "Feature", "properties": { "AQHI_forecast_3h": 1.23, "value": 1, "color": "#01cbff", "station_count": 3, "forecast_valid_time": "2026-09-02 14:00:00+00:00", "model": "Cubist weighted IDW" }, "geometry": { "type": "Polygon", "coordinates": [ [ [ -112.2627, 57.9967 ], [ -112.2027, 57.9967 ], [ -112.2027, 57.9367 ], [ -112.2627, 57.9367 ], [ -112.2627, 57.9967 ] ] ] } },
{ "type": "Feature", "properties": { "AQHI_forecast_3h": 1.25, "value": 1, "color": "#01cbff", "station_count": 3, "forecast_valid_time": "2026-09-02 14:00:00+00:00", "model": "Cubist weighted IDW" }, "geometry": { "type": "Polygon", "coordinates": [ [ [ -112.2627, 58.0567 ], [ -112.2027, 58.0567 ], [ -112.2027, 57.9967 ], [ -112.2627, 57.9967 ], [ -112.2627, 58.0567 ] ] ] } },
{ "type": "Feature", "properties": { "AQHI_forecast_3h": 1.26, "value": 1, "color": "#01cbff", "station_count": 3, "forecast_valid_time": "2026-09-02 14:00:00+00:00", "model": "Cubist weighted IDW" }, "geometry": { "type": "Polygon", "coordinates": [ [ [ -112.2627, 58.1167 ], [ -112.2027, 58.1167 ], [ -112.2027, 58.0567 ], [ -112.2627, 58.0567 ], [ -112.2627, 58.1167 ] ] ] } },
{ "type": "Feature", "properties": { "AQHI_forecast_3h": 1.28, "value": 1, "color": "#01cbff", "station_count": 3, "forecast_valid_time": "2026-09-02 14:00:00+00:00", "model": "Cubist weighted IDW" }, "geometry": { "type": "Polygon", "coordinates": [ [ [ -112.2627, 58.1767 ], [ -112.2027, 58.1767 ], [ -112.2027, 58.1167 ], [ -112.2627, 58.1167 ], [ -112.2627, 58.1767 ] ] ] } },
{ "type": "Feature", "properties": { "AQHI_forecast_3h": 1.3, "value": 1, "color": "#01cbff", "station_count": 3, "forecast_valid_time": "2026-09-02 14:00:00+00:00", "model": "Cubist weighted IDW" }, "geometry": { "type": "Polygon", "coordinates": [ [ [ -112.2627, 58.2367 ], [ -112.2027, 58.2367 ], [ -112.2027, 58.1767 ], [ -112.2627, 58.1767 ], [ -112.2627, 58.2367 ] ] ] } },
{ "type": "Feature", "properties": { "AQHI_forecast_3h": 1.32, "value": 1, "color": "#01cbff", "station_count": 3, "forecast_valid_time": "2026-09-02 14:00:00+00:00", "model": "Cubist weighted IDW" }, "geometry": { "type": "Polygon", "coordinates": [ [ [ -112.2627, 58.2967 ], [ -112.2027, 58.2967 ], [ -112.2027, 58.2367 ], [ -112.2627, 58.2367 ], [ -112.2627, 58.2967 ] ] ] } },
{ "type": "Feature", "properties": { "AQHI_forecast_3h": 1.33, "value": 1, "color": "#01cbff", "station_count": 3, "forecast_valid_time": "2026-09-02 14:00:00+00:00", "model": "Cubist weighted IDW" }, "geometry": { "type": "Polygon", "coordinates": [ [ [ -112.2627, 58.3567 ], [ -112.2027, 58.3567 ], [ -112.2027, 58.2967 ], [ -112.2627, 58.2967 ], [ -112.2627, 58.3567 ] ] ] } },
{ "type": "Feature", "properties": { "AQHI_forecast_3h": 1.35, "value": 1, "color": "#01cbff", "station_count": 3, "forecast_valid_time": "2026-09-02 14:00:00+00:00", "model": "Cubist weighted IDW" }, "geometry": { "type": "Polygon", "coordinates": [ [ [ -112.2627, 58.4167 ], [ -112.2027, 58.4167 ], [ -112.2027, 58.3567 ], [ -112.2627, 58.3567 ], [ -112.2627, 58.4167 ] ] ] } },
{ "type": "Feature", "properties": { "AQHI_forecast_3h": 1.36, "value": 1, "color": "#01cbff", "station_count": 3, "forecast_valid_time": "2026-09-02 14:00:00+00:00", "model": "Cubist weighted IDW" }, "geometry": { "type": "Polygon", "coordinates": [ [ [ -112.2627, 58.4767 ], [ -112.2027, 58.4767 ], [ -112.2027, 58.4167 ], [ -112.2627, 58.4167 ], [ -112.2627, 58.4767 ] ] ] } },
{ "type": "Feature", "properties": { "AQHI_forecast_3h": 1.15, "value": 1, "color": "#01cbff", "station_count": 3, "forecast_valid_time": "2026-09-02 14:00:00+00:00", "model": "Cubist weighted IDW" }, "geometry": { "type": "Polygon", "coordinates": [ [ [ -112.2027, 57.5167 ], [ -112.1427, 57.5167 ], [ -112.1427, 57.4567 ], [ -112.2027, 57.4567 ], [ -112.2027, 57.5167 ] ] ] } },
{ "type": "Feature", "properties": { "AQHI_forecast_3h": 1.16, "value": 1, "color": "#01cbff", "station_count": 3, "forecast_valid_time": "2026-09-02 14:00:00+00:00", "model": "Cubist weighted IDW" }, "geometry": { "type": "Polygon", "coordinates": [ [ [ -112.2027, 57.5767 ], [ -112.1427, 57.5767 ], [ -112.1427, 57.5167 ], [ -112.2027, 57.5167 ], [ -112.2027, 57.5767 ] ] ] } },
{ "type": "Feature", "properties": { "AQHI_forecast_3h": 1.16, "value": 1, "color": "#01cbff", "station_count": 3, "forecast_valid_time": "2026-09-02 14:00:00+00:00", "model": "Cubist weighted IDW" }, "geometry": { "type": "Polygon", "coordinates": [ [ [ -112.2027, 57.6367 ], [ -112.1427, 57.6367 ], [ -112.1427, 57.5767 ], [ -112.2027, 57.5767 ], [ -112.2027, 57.6367 ] ] ] } },
{ "type": "Feature", "properties": { "AQHI_forecast_3h": 1.17, "value": 1, "color": "#01cbff", "station_count": 3, "forecast_valid_time": "2026-09-02 14:00:00+00:00", "model": "Cubist weighted IDW" }, "geometry": { "type": "Polygon", "coordinates": [ [ [ -112.2027, 57.6967 ], [ -112.1427, 57.6967 ], [ -112.1427, 57.6367 ], [ -112.2027, 57.6367 ], [ -112.2027, 57.6967 ] ] ] } },
{ "type": "Feature", "properties": { "AQHI_forecast_3h": 1.18, "value": 1, "color": "#01cbff", "station_count": 3, "forecast_valid_time": "2026-09-02 14:00:00+00:00", "model": "Cubist weighted IDW" }, "geometry": { "type": "Polygon", "coordinates": [ [ [ -112.2027, 57.7567 ], [ -112.1427, 57.7567 ], [ -112.1427, 57.6967 ], [ -112.2027, 57.6967 ], [ -112.2027, 57.7567 ] ] ] } },
{ "type": "Feature", "properties": { "AQHI_forecast_3h": 1.19, "value": 1, "color": "#01cbff", "station_count": 3, "forecast_valid_time": "2026-09-02 14:00:00+00:00", "model": "Cubist weighted IDW" }, "geometry": { "type": "Polygon", "coordinates": [ [ [ -112.2027, 57.8167 ], [ -112.1427, 57.8167 ], [ -112.1427, 57.7567 ], [ -112.2027, 57.7567 ], [ -112.2027, 57.8167 ] ] ] } },
{ "type": "Feature", "properties": { "AQHI_forecast_3h": 1.2, "value": 1, "color": "#01cbff", "station_count": 3, "forecast_valid_time": "2026-09-02 14:00:00+00:00", "model": "Cubist weighted IDW" }, "geometry": { "type": "Polygon", "coordinates": [ [ [ -112.2027, 57.8767 ], [ -112.1427, 57.8767 ], [ -112.1427, 57.8167 ], [ -112.2027, 57.8167 ], [ -112.2027, 57.8767 ] ] ] } },
{ "type": "Feature", "properties": { "AQHI_forecast_3h": 1.22, "value": 1, "color": "#01cbff", "station_count": 3, "forecast_valid_time": "2026-09-02 14:00:00+00:00", "model": "Cubist weighted IDW" }, "geometry": { "type": "Polygon", "coordinates": [ [ [ -112.2027, 57.9367 ], [ -112.1427, 57.9367 ], [ -112.1427, 57.8767 ], [ -112.2027, 57.8767 ], [ -112.2027, 57.9367 ] ] ] } },
{ "type": "Feature", "properties": { "AQHI_forecast_3h": 1.23, "value": 1, "color": "#01cbff", "station_count": 3, "forecast_valid_time": "2026-09-02 14:00:00+00:00", "model": "Cubist weighted IDW" }, "geometry": { "type": "Polygon", "coordinates": [ [ [ -112.2027, 57.9967 ], [ -112.1427, 57.9967 ], [ -112.1427, 57.9367 ], [ -112.2027, 57.9367 ], [ -112.2027, 57.9967 ] ] ] } },
{ "type": "Feature", "properties": { "AQHI_forecast_3h": 1.25, "value": 1, "color": "#01cbff", "station_count": 3, "forecast_valid_time": "2026-09-02 14:00:00+00:00", "model": "Cubist weighted IDW" }, "geometry": { "type": "Polygon", "coordinates": [ [ [ -112.2027, 58.0567 ], [ -112.1427, 58.0567 ], [ -112.1427, 57.9967 ], [ -112.2027, 57.9967 ], [ -112.2027, 58.0567 ] ] ] } },
{ "type": "Feature", "properties": { "AQHI_forecast_3h": 1.27, "value": 1, "color": "#01cbff", "station_count": 3, "forecast_valid_time": "2026-09-02 14:00:00+00:00", "model": "Cubist weighted IDW" }, "geometry": { "type": "Polygon", "coordinates": [ [ [ -112.2027, 58.1167 ], [ -112.1427, 58.1167 ], [ -112.1427, 58.0567 ], [ -112.2027, 58.0567 ], [ -112.2027, 58.1167 ] ] ] } },
{ "type": "Feature", "properties": { "AQHI_forecast_3h": 1.29, "value": 1, "color": "#01cbff", "station_count": 3, "forecast_valid_time": "2026-09-02 14:00:00+00:00", "model": "Cubist weighted IDW" }, "geometry": { "type": "Polygon", "coordinates": [ [ [ -112.2027, 58.1767 ], [ -112.1427, 58.1767 ], [ -112.1427, 58.1167 ], [ -112.2027, 58.1167 ], [ -112.2027, 58.1767 ] ] ] } },
{ "type": "Feature", "properties": { "AQHI_forecast_3h": 1.3, "value": 1, "color": "#01cbff", "station_count": 3, "forecast_valid_time": "2026-09-02 14:00:00+00:00", "model": "Cubist weighted IDW" }, "geometry": { "type": "Polygon", "coordinates": [ [ [ -112.2027, 58.2367 ], [ -112.1427, 58.2367 ], [ -112.1427, 58.1767 ], [ -112.2027, 58.1767 ], [ -112.2027, 58.2367 ] ] ] } },
{ "type": "Feature", "properties": { "AQHI_forecast_3h": 1.32, "value": 1, "color": "#01cbff", "station_count": 3, "forecast_valid_time": "2026-09-02 14:00:00+00:00", "model": "Cubist weighted IDW" }, "geometry": { "type": "Polygon", "coordinates": [ [ [ -112.2027, 58.2967 ], [ -112.1427, 58.2967 ], [ -112.1427, 58.2367 ], [ -112.2027, 58.2367 ], [ -112.2027, 58.2967 ] ] ] } },
{ "type": "Feature", "properties": { "AQHI_forecast_3h": 1.34, "value": 1, "color": "#01cbff", "station_count": 3, "forecast_valid_time": "2026-09-02 14:00:00+00:00", "model": "Cubist weighted IDW" }, "geometry": { "type": "Polygon", "coordinates": [ [ [ -112.2027, 58.3567 ], [ -112.1427, 58.3567 ], [ -112.1427, 58.2967 ], [ -112.2027, 58.2967 ], [ -112.2027, 58.3567 ] ] ] } },
{ "type": "Feature", "properties": { "AQHI_forecast_3h": 1.36, "value": 1, "color": "#01cbff", "station_count": 3, "forecast_valid_time": "2026-09-02 14:00:00+00:00", "model": "Cubist weighted IDW" }, "geometry": { "type": "Polygon", "coordinates": [ [ [ -112.2027, 58.4167 ], [ -112.1427, 58.4167 ], [ -112.1427, 58.3567 ], [ -112.2027, 58.3567 ], [ -112.2027, 58.4167 ] ] ] } },
{ "type": "Feature", "properties": { "AQHI_forecast_3h": 1.37, "value": 1, "color": "#01cbff", "station_count": 3, "forecast_valid_time": "2026-09-02 14:00:00+00:00", "model": "Cubist weighted IDW" }, "geometry": { "type": "Polygon", "coordinates": [ [ [ -112.2027, 58.4767 ], [ -112.1427, 58.4767 ], [ -112.1427, 58.4167 ], [ -112.2027, 58.4167 ], [ -112.2027, 58.4767 ] ] ] } },
{ "type": "Feature", "properties": { "AQHI_forecast_3h": 1.15, "value": 1, "color": "#01cbff", "station_count": 3, "forecast_valid_time": "2026-09-02 14:00:00+00:00", "model": "Cubist weighted IDW" }, "geometry": { "type": "Polygon", "coordinates": [ [ [ -112.1427, 57.5167 ], [ -112.0827, 57.5167 ], [ -112.0827, 57.4567 ], [ -112.1427, 57.4567 ], [ -112.1427, 57.5167 ] ] ] } },
{ "type": "Feature", "properties": { "AQHI_forecast_3h": 1.15, "value": 1, "color": "#01cbff", "station_count": 3, "forecast_valid_time": "2026-09-02 14:00:00+00:00", "model": "Cubist weighted IDW" }, "geometry": { "type": "Polygon", "coordinates": [ [ [ -112.1427, 57.5767 ], [ -112.0827, 57.5767 ], [ -112.0827, 57.5167 ], [ -112.1427, 57.5167 ], [ -112.1427, 57.5767 ] ] ] } },
{ "type": "Feature", "properties": { "AQHI_forecast_3h": 1.16, "value": 1, "color": "#01cbff", "station_count": 3, "forecast_valid_time": "2026-09-02 14:00:00+00:00", "model": "Cubist weighted IDW" }, "geometry": { "type": "Polygon", "coordinates": [ [ [ -112.1427, 57.6367 ], [ -112.0827, 57.6367 ], [ -112.0827, 57.5767 ], [ -112.1427, 57.5767 ], [ -112.1427, 57.6367 ] ] ] } },
{ "type": "Feature", "properties": { "AQHI_forecast_3h": 1.17, "value": 1, "color": "#01cbff", "station_count": 3, "forecast_valid_time": "2026-09-02 14:00:00+00:00", "model": "Cubist weighted IDW" }, "geometry": { "type": "Polygon", "coordinates": [ [ [ -112.1427, 57.6967 ], [ -112.0827, 57.6967 ], [ -112.0827, 57.6367 ], [ -112.1427, 57.6367 ], [ -112.1427, 57.6967 ] ] ] } },
{ "type": "Feature", "properties": { "AQHI_forecast_3h": 1.18, "value": 1, "color": "#01cbff", "station_count": 3, "forecast_valid_time": "2026-09-02 14:00:00+00:00", "model": "Cubist weighted IDW" }, "geometry": { "type": "Polygon", "coordinates": [ [ [ -112.1427, 57.7567 ], [ -112.0827, 57.7567 ], [ -112.0827, 57.6967 ], [ -112.1427, 57.6967 ], [ -112.1427, 57.7567 ] ] ] } },
{ "type": "Feature", "properties": { "AQHI_forecast_3h": 1.19, "value": 1, "color": "#01cbff", "station_count": 3, "forecast_valid_time": "2026-09-02 14:00:00+00:00", "model": "Cubist weighted IDW" }, "geometry": { "type": "Polygon", "coordinates": [ [ [ -112.1427, 57.8167 ], [ -112.0827, 57.8167 ], [ -112.0827, 57.7567 ], [ -112.1427, 57.7567 ], [ -112.1427, 57.8167 ] ] ] } },
{ "type": "Feature", "properties": { "AQHI_forecast_3h": 1.2, "value": 1, "color": "#01cbff", "station_count": 3, "forecast_valid_time": "2026-09-02 14:00:00+00:00", "model": "Cubist weighted IDW" }, "geometry": { "type": "Polygon", "coordinates": [ [ [ -112.1427, 57.8767 ], [ -112.0827, 57.8767 ], [ -112.0827, 57.8167 ], [ -112.1427, 57.8167 ], [ -112.1427, 57.8767 ] ] ] } },
{ "type": "Feature", "properties": { "AQHI_forecast_3h": 1.22, "value": 1, "color": "#01cbff", "station_count": 3, "forecast_valid_time": "2026-09-02 14:00:00+00:00", "model": "Cubist weighted IDW" }, "geometry": { "type": "Polygon", "coordinates": [ [ [ -112.1427, 57.9367 ], [ -112.0827, 57.9367 ], [ -112.0827, 57.8767 ], [ -112.1427, 57.8767 ], [ -112.1427, 57.9367 ] ] ] } },
{ "type": "Feature", "properties": { "AQHI_forecast_3h": 1.23, "value": 1, "color": "#01cbff", "station_count": 3, "forecast_valid_time": "2026-09-02 14:00:00+00:00", "model": "Cubist weighted IDW" }, "geometry": { "type": "Polygon", "coordinates": [ [ [ -112.1427, 57.9967 ], [ -112.0827, 57.9967 ], [ -112.0827, 57.9367 ], [ -112.1427, 57.9367 ], [ -112.1427, 57.9967 ] ] ] } },
{ "type": "Feature", "properties": { "AQHI_forecast_3h": 1.25, "value": 1, "color": "#01cbff", "station_count": 3, "forecast_valid_time": "2026-09-02 14:00:00+00:00", "model": "Cubist weighted IDW" }, "geometry": { "type": "Polygon", "coordinates": [ [ [ -112.1427, 58.0567 ], [ -112.0827, 58.0567 ], [ -112.0827, 57.9967 ], [ -112.1427, 57.9967 ], [ -112.1427, 58.0567 ] ] ] } },
{ "type": "Feature", "properties": { "AQHI_forecast_3h": 1.27, "value": 1, "color": "#01cbff", "station_count": 3, "forecast_valid_time": "2026-09-02 14:00:00+00:00", "model": "Cubist weighted IDW" }, "geometry": { "type": "Polygon", "coordinates": [ [ [ -112.1427, 58.1167 ], [ -112.0827, 58.1167 ], [ -112.0827, 58.0567 ], [ -112.1427, 58.0567 ], [ -112.1427, 58.1167 ] ] ] } },
{ "type": "Feature", "properties": { "AQHI_forecast_3h": 1.29, "value": 1, "color": "#01cbff", "station_count": 3, "forecast_valid_time": "2026-09-02 14:00:00+00:00", "model": "Cubist weighted IDW" }, "geometry": { "type": "Polygon", "coordinates": [ [ [ -112.1427, 58.1767 ], [ -112.0827, 58.1767 ], [ -112.0827, 58.1167 ], [ -112.1427, 58.1167 ], [ -112.1427, 58.1767 ] ] ] } },
{ "type": "Feature", "properties": { "AQHI_forecast_3h": 1.31, "value": 1, "color": "#01cbff", "station_count": 3, "forecast_valid_time": "2026-09-02 14:00:00+00:00", "model": "Cubist weighted IDW" }, "geometry": { "type": "Polygon", "coordinates": [ [ [ -112.1427, 58.2367 ], [ -112.0827, 58.2367 ], [ -112.0827, 58.1767 ], [ -112.1427, 58.1767 ], [ -112.1427, 58.2367 ] ] ] } },
{ "type": "Feature", "properties": { "AQHI_forecast_3h": 1.33, "value": 1, "color": "#01cbff", "station_count": 3, "forecast_valid_time": "2026-09-02 14:00:00+00:00", "model": "Cubist weighted IDW" }, "geometry": { "type": "Polygon", "coordinates": [ [ [ -112.1427, 58.2967 ], [ -112.0827, 58.2967 ], [ -112.0827, 58.2367 ], [ -112.1427, 58.2367 ], [ -112.1427, 58.2967 ] ] ] } },
{ "type": "Feature", "properties": { "AQHI_forecast_3h": 1.34, "value": 1, "color": "#01cbff", "station_count": 3, "forecast_valid_time": "2026-09-02 14:00:00+00:00", "model": "Cubist weighted IDW" }, "geometry": { "type": "Polygon", "coordinates": [ [ [ -112.1427, 58.3567 ], [ -112.0827, 58.3567 ], [ -112.0827, 58.2967 ], [ -112.1427, 58.2967 ], [ -112.1427, 58.3567 ] ] ] } },
{ "type": "Feature", "properties": { "AQHI_forecast_3h": 1.36, "value": 1, "color": "#01cbff", "station_count": 3, "forecast_valid_time": "2026-09-02 14:00:00+00:00", "model": "Cubist weighted IDW" }, "geometry": { "type": "Polygon", "coordinates": [ [ [ -112.1427, 58.4167 ], [ -112.0827, 58.4167 ], [ -112.0827, 58.3567 ], [ -112.1427, 58.3567 ], [ -112.1427, 58.4167 ] ] ] } },
{ "type": "Feature", "properties": { "AQHI_forecast_3h": 1.37, "value": 1, "color": "#01cbff", "station_count": 3, "forecast_valid_time": "2026-09-02 14:00:00+00:00", "model": "Cubist weighted IDW" }, "geometry": { "type": "Polygon", "coordinates": [ [ [ -112.1427, 58.4767 ], [ -112.0827, 58.4767 ], [ -112.0827, 58.4167 ], [ -112.1427, 58.4167 ], [ -112.1427, 58.4767 ] ] ] } },
{ "type": "Feature", "properties": { "AQHI_forecast_3h": 1.15, "value": 1, "color": "#01cbff", "station_count": 3, "forecast_valid_time": "2026-09-02 14:00:00+00:00", "model": "Cubist weighted IDW" }, "geometry": { "type": "Polygon", "coordinates": [ [ [ -112.0827, 57.5167 ], [ -112.0227, 57.5167 ], [ -112.0227, 57.4567 ], [ -112.0827, 57.4567 ], [ -112.0827, 57.5167 ] ] ] } },
{ "type": "Feature", "properties": { "AQHI_forecast_3h": 1.15, "value": 1, "color": "#01cbff", "station_count": 3, "forecast_valid_time": "2026-09-02 14:00:00+00:00", "model": "Cubist weighted IDW" }, "geometry": { "type": "Polygon", "coordinates": [ [ [ -112.0827, 57.5767 ], [ -112.0227, 57.5767 ], [ -112.0227, 57.5167 ], [ -112.0827, 57.5167 ], [ -112.0827, 57.5767 ] ] ] } },
{ "type": "Feature", "properties": { "AQHI_forecast_3h": 1.16, "value": 1, "color": "#01cbff", "station_count": 3, "forecast_valid_time": "2026-09-02 14:00:00+00:00", "model": "Cubist weighted IDW" }, "geometry": { "type": "Polygon", "coordinates": [ [ [ -112.0827, 57.6367 ], [ -112.0227, 57.6367 ], [ -112.0227, 57.5767 ], [ -112.0827, 57.5767 ], [ -112.0827, 57.6367 ] ] ] } },
{ "type": "Feature", "properties": { "AQHI_forecast_3h": 1.17, "value": 1, "color": "#01cbff", "station_count": 3, "forecast_valid_time": "2026-09-02 14:00:00+00:00", "model": "Cubist weighted IDW" }, "geometry": { "type": "Polygon", "coordinates": [ [ [ -112.0827, 57.6967 ], [ -112.0227, 57.6967 ], [ -112.0227, 57.6367 ], [ -112.0827, 57.6367 ], [ -112.0827, 57.6967 ] ] ] } },
{ "type": "Feature", "properties": { "AQHI_forecast_3h": 1.18, "value": 1, "color": "#01cbff", "station_count": 3, "forecast_valid_time": "2026-09-02 14:00:00+00:00", "model": "Cubist weighted IDW" }, "geometry": { "type": "Polygon", "coordinates": [ [ [ -112.0827, 57.7567 ], [ -112.0227, 57.7567 ], [ -112.0227, 57.6967 ], [ -112.0827, 57.6967 ], [ -112.0827, 57.7567 ] ] ] } },
{ "type": "Feature", "properties": { "AQHI_forecast_3h": 1.19, "value": 1, "color": "#01cbff", "station_count": 3, "forecast_valid_time": "2026-09-02 14:00:00+00:00", "model": "Cubist weighted IDW" }, "geometry": { "type": "Polygon", "coordinates": [ [ [ -112.0827, 57.8167 ], [ -112.0227, 57.8167 ], [ -112.0227, 57.7567 ], [ -112.0827, 57.7567 ], [ -112.0827, 57.8167 ] ] ] } },
{ "type": "Feature", "properties": { "AQHI_forecast_3h": 1.2, "value": 1, "color": "#01cbff", "station_count": 3, "forecast_valid_time": "2026-09-02 14:00:00+00:00", "model": "Cubist weighted IDW" }, "geometry": { "type": "Polygon", "coordinates": [ [ [ -112.0827, 57.8767 ], [ -112.0227, 57.8767 ], [ -112.0227, 57.8167 ], [ -112.0827, 57.8167 ], [ -112.0827, 57.8767 ] ] ] } },
{ "type": "Feature", "properties": { "AQHI_forecast_3h": 1.22, "value": 1, "color": "#01cbff", "station_count": 3, "forecast_valid_time": "2026-09-02 14:00:00+00:00", "model": "Cubist weighted IDW" }, "geometry": { "type": "Polygon", "coordinates": [ [ [ -112.0827, 57.9367 ], [ -112.0227, 57.9367 ], [ -112.0227, 57.8767 ], [ -112.0827, 57.8767 ], [ -112.0827, 57.9367 ] ] ] } },
{ "type": "Feature", "properties": { "AQHI_forecast_3h": 1.23, "value": 1, "color": "#01cbff", "station_count": 3, "forecast_valid_time": "2026-09-02 14:00:00+00:00", "model": "Cubist weighted IDW" }, "geometry": { "type": "Polygon", "coordinates": [ [ [ -112.0827, 57.9967 ], [ -112.0227, 57.9967 ], [ -112.0227, 57.9367 ], [ -112.0827, 57.9367 ], [ -112.0827, 57.9967 ] ] ] } },
{ "type": "Feature", "properties": { "AQHI_forecast_3h": 1.25, "value": 1, "color": "#01cbff", "station_count": 3, "forecast_valid_time": "2026-09-02 14:00:00+00:00", "model": "Cubist weighted IDW" }, "geometry": { "type": "Polygon", "coordinates": [ [ [ -112.0827, 58.0567 ], [ -112.0227, 58.0567 ], [ -112.0227, 57.9967 ], [ -112.0827, 57.9967 ], [ -112.0827, 58.0567 ] ] ] } },
{ "type": "Feature", "properties": { "AQHI_forecast_3h": 1.27, "value": 1, "color": "#01cbff", "station_count": 3, "forecast_valid_time": "2026-09-02 14:00:00+00:00", "model": "Cubist weighted IDW" }, "geometry": { "type": "Polygon", "coordinates": [ [ [ -112.0827, 58.1167 ], [ -112.0227, 58.1167 ], [ -112.0227, 58.0567 ], [ -112.0827, 58.0567 ], [ -112.0827, 58.1167 ] ] ] } },
{ "type": "Feature", "properties": { "AQHI_forecast_3h": 1.29, "value": 1, "color": "#01cbff", "station_count": 3, "forecast_valid_time": "2026-09-02 14:00:00+00:00", "model": "Cubist weighted IDW" }, "geometry": { "type": "Polygon", "coordinates": [ [ [ -112.0827, 58.1767 ], [ -112.0227, 58.1767 ], [ -112.0227, 58.1167 ], [ -112.0827, 58.1167 ], [ -112.0827, 58.1767 ] ] ] } },
{ "type": "Feature", "properties": { "AQHI_forecast_3h": 1.31, "value": 1, "color": "#01cbff", "station_count": 3, "forecast_valid_time": "2026-09-02 14:00:00+00:00", "model": "Cubist weighted IDW" }, "geometry": { "type": "Polygon", "coordinates": [ [ [ -112.0827, 58.2367 ], [ -112.0227, 58.2367 ], [ -112.0227, 58.1767 ], [ -112.0827, 58.1767 ], [ -112.0827, 58.2367 ] ] ] } },
{ "type": "Feature", "properties": { "AQHI_forecast_3h": 1.33, "value": 1, "color": "#01cbff", "station_count": 3, "forecast_valid_time": "2026-09-02 14:00:00+00:00", "model": "Cubist weighted IDW" }, "geometry": { "type": "Polygon", "coordinates": [ [ [ -112.0827, 58.2967 ], [ -112.0227, 58.2967 ], [ -112.0227, 58.2367 ], [ -112.0827, 58.2367 ], [ -112.0827, 58.2967 ] ] ] } },
{ "type": "Feature", "properties": { "AQHI_forecast_3h": 1.35, "value": 1, "color": "#01cbff", "station_count": 3, "forecast_valid_time": "2026-09-02 14:00:00+00:00", "model": "Cubist weighted IDW" }, "geometry": { "type": "Polygon", "coordinates": [ [ [ -112.0827, 58.3567 ], [ -112.0227, 58.3567 ], [ -112.0227, 58.2967 ], [ -112.0827, 58.2967 ], [ -112.0827, 58.3567 ] ] ] } },
{ "type": "Feature", "properties": { "AQHI_forecast_3h": 1.37, "value": 1, "color": "#01cbff", "station_count": 3, "forecast_valid_time": "2026-09-02 14:00:00+00:00", "model": "Cubist weighted IDW" }, "geometry": { "type": "Polygon", "coordinates": [ [ [ -112.0827, 58.4167 ], [ -112.0227, 58.4167 ], [ -112.0227, 58.3567 ], [ -112.0827, 58.3567 ], [ -112.0827, 58.4167 ] ] ] } },
{ "type": "Feature", "properties": { "AQHI_forecast_3h": 1.38, "value": 1, "color": "#01cbff", "station_count": 3, "forecast_valid_time": "2026-09-02 14:00:00+00:00", "model": "Cubist weighted IDW" }, "geometry": { "type": "Polygon", "coordinates": [ [ [ -112.0827, 58.4767 ], [ -112.0227, 58.4767 ], [ -112.0227, 58.4167 ], [ -112.0827, 58.4167 ], [ -112.0827, 58.4767 ] ] ] } },
{ "type": "Feature", "properties": { "AQHI_forecast_3h": 1.15, "value": 1, "color": "#01cbff", "station_count": 3, "forecast_valid_time": "2026-09-02 14:00:00+00:00", "model": "Cubist weighted IDW" }, "geometry": { "type": "Polygon", "coordinates": [ [ [ -112.0227, 57.5167 ], [ -111.9627, 57.5167 ], [ -111.9627, 57.4567 ], [ -112.0227, 57.4567 ], [ -112.0227, 57.5167 ] ] ] } },
{ "type": "Feature", "properties": { "AQHI_forecast_3h": 1.15, "value": 1, "color": "#01cbff", "station_count": 3, "forecast_valid_time": "2026-09-02 14:00:00+00:00", "model": "Cubist weighted IDW" }, "geometry": { "type": "Polygon", "coordinates": [ [ [ -112.0227, 57.5767 ], [ -111.9627, 57.5767 ], [ -111.9627, 57.5167 ], [ -112.0227, 57.5167 ], [ -112.0227, 57.5767 ] ] ] } },
{ "type": "Feature", "properties": { "AQHI_forecast_3h": 1.16, "value": 1, "color": "#01cbff", "station_count": 3, "forecast_valid_time": "2026-09-02 14:00:00+00:00", "model": "Cubist weighted IDW" }, "geometry": { "type": "Polygon", "coordinates": [ [ [ -112.0227, 57.6367 ], [ -111.9627, 57.6367 ], [ -111.9627, 57.5767 ], [ -112.0227, 57.5767 ], [ -112.0227, 57.6367 ] ] ] } },
{ "type": "Feature", "properties": { "AQHI_forecast_3h": 1.17, "value": 1, "color": "#01cbff", "station_count": 3, "forecast_valid_time": "2026-09-02 14:00:00+00:00", "model": "Cubist weighted IDW" }, "geometry": { "type": "Polygon", "coordinates": [ [ [ -112.0227, 57.6967 ], [ -111.9627, 57.6967 ], [ -111.9627, 57.6367 ], [ -112.0227, 57.6367 ], [ -112.0227, 57.6967 ] ] ] } },
{ "type": "Feature", "properties": { "AQHI_forecast_3h": 1.18, "value": 1, "color": "#01cbff", "station_count": 3, "forecast_valid_time": "2026-09-02 14:00:00+00:00", "model": "Cubist weighted IDW" }, "geometry": { "type": "Polygon", "coordinates": [ [ [ -112.0227, 57.7567 ], [ -111.9627, 57.7567 ], [ -111.9627, 57.6967 ], [ -112.0227, 57.6967 ], [ -112.0227, 57.7567 ] ] ] } },
{ "type": "Feature", "properties": { "AQHI_forecast_3h": 1.19, "value": 1, "color": "#01cbff", "station_count": 3, "forecast_valid_time": "2026-09-02 14:00:00+00:00", "model": "Cubist weighted IDW" }, "geometry": { "type": "Polygon", "coordinates": [ [ [ -112.0227, 57.8167 ], [ -111.9627, 57.8167 ], [ -111.9627, 57.7567 ], [ -112.0227, 57.7567 ], [ -112.0227, 57.8167 ] ] ] } },
{ "type": "Feature", "properties": { "AQHI_forecast_3h": 1.2, "value": 1, "color": "#01cbff", "station_count": 3, "forecast_valid_time": "2026-09-02 14:00:00+00:00", "model": "Cubist weighted IDW" }, "geometry": { "type": "Polygon", "coordinates": [ [ [ -112.0227, 57.8767 ], [ -111.9627, 57.8767 ], [ -111.9627, 57.8167 ], [ -112.0227, 57.8167 ], [ -112.0227, 57.8767 ] ] ] } },
{ "type": "Feature", "properties": { "AQHI_forecast_3h": 1.22, "value": 1, "color": "#01cbff", "station_count": 3, "forecast_valid_time": "2026-09-02 14:00:00+00:00", "model": "Cubist weighted IDW" }, "geometry": { "type": "Polygon", "coordinates": [ [ [ -112.0227, 57.9367 ], [ -111.9627, 57.9367 ], [ -111.9627, 57.8767 ], [ -112.0227, 57.8767 ], [ -112.0227, 57.9367 ] ] ] } },
{ "type": "Feature", "properties": { "AQHI_forecast_3h": 1.24, "value": 1, "color": "#01cbff", "station_count": 3, "forecast_valid_time": "2026-09-02 14:00:00+00:00", "model": "Cubist weighted IDW" }, "geometry": { "type": "Polygon", "coordinates": [ [ [ -112.0227, 57.9967 ], [ -111.9627, 57.9967 ], [ -111.9627, 57.9367 ], [ -112.0227, 57.9367 ], [ -112.0227, 57.9967 ] ] ] } },
{ "type": "Feature", "properties": { "AQHI_forecast_3h": 1.25, "value": 1, "color": "#01cbff", "station_count": 3, "forecast_valid_time": "2026-09-02 14:00:00+00:00", "model": "Cubist weighted IDW" }, "geometry": { "type": "Polygon", "coordinates": [ [ [ -112.0227, 58.0567 ], [ -111.9627, 58.0567 ], [ -111.9627, 57.9967 ], [ -112.0227, 57.9967 ], [ -112.0227, 58.0567 ] ] ] } },
{ "type": "Feature", "properties": { "AQHI_forecast_3h": 1.27, "value": 1, "color": "#01cbff", "station_count": 3, "forecast_valid_time": "2026-09-02 14:00:00+00:00", "model": "Cubist weighted IDW" }, "geometry": { "type": "Polygon", "coordinates": [ [ [ -112.0227, 58.1167 ], [ -111.9627, 58.1167 ], [ -111.9627, 58.0567 ], [ -112.0227, 58.0567 ], [ -112.0227, 58.1167 ] ] ] } },
{ "type": "Feature", "properties": { "AQHI_forecast_3h": 1.3, "value": 1, "color": "#01cbff", "station_count": 3, "forecast_valid_time": "2026-09-02 14:00:00+00:00", "model": "Cubist weighted IDW" }, "geometry": { "type": "Polygon", "coordinates": [ [ [ -112.0227, 58.1767 ], [ -111.9627, 58.1767 ], [ -111.9627, 58.1167 ], [ -112.0227, 58.1167 ], [ -112.0227, 58.1767 ] ] ] } },
{ "type": "Feature", "properties": { "AQHI_forecast_3h": 1.32, "value": 1, "color": "#01cbff", "station_count": 3, "forecast_valid_time": "2026-09-02 14:00:00+00:00", "model": "Cubist weighted IDW" }, "geometry": { "type": "Polygon", "coordinates": [ [ [ -112.0227, 58.2367 ], [ -111.9627, 58.2367 ], [ -111.9627, 58.1767 ], [ -112.0227, 58.1767 ], [ -112.0227, 58.2367 ] ] ] } },
{ "type": "Feature", "properties": { "AQHI_forecast_3h": 1.34, "value": 1, "color": "#01cbff", "station_count": 3, "forecast_valid_time": "2026-09-02 14:00:00+00:00", "model": "Cubist weighted IDW" }, "geometry": { "type": "Polygon", "coordinates": [ [ [ -112.0227, 58.2967 ], [ -111.9627, 58.2967 ], [ -111.9627, 58.2367 ], [ -112.0227, 58.2367 ], [ -112.0227, 58.2967 ] ] ] } },
{ "type": "Feature", "properties": { "AQHI_forecast_3h": 1.36, "value": 1, "color": "#01cbff", "station_count": 3, "forecast_valid_time": "2026-09-02 14:00:00+00:00", "model": "Cubist weighted IDW" }, "geometry": { "type": "Polygon", "coordinates": [ [ [ -112.0227, 58.3567 ], [ -111.9627, 58.3567 ], [ -111.9627, 58.2967 ], [ -112.0227, 58.2967 ], [ -112.0227, 58.3567 ] ] ] } },
{ "type": "Feature", "properties": { "AQHI_forecast_3h": 1.37, "value": 1, "color": "#01cbff", "station_count": 3, "forecast_valid_time": "2026-09-02 14:00:00+00:00", "model": "Cubist weighted IDW" }, "geometry": { "type": "Polygon", "coordinates": [ [ [ -112.0227, 58.4167 ], [ -111.9627, 58.4167 ], [ -111.9627, 58.3567 ], [ -112.0227, 58.3567 ], [ -112.0227, 58.4167 ] ] ] } },
{ "type": "Feature", "properties": { "AQHI_forecast_3h": 1.39, "value": 1, "color": "#01cbff", "station_count": 3, "forecast_valid_time": "2026-09-02 14:00:00+00:00", "model": "Cubist weighted IDW" }, "geometry": { "type": "Polygon", "coordinates": [ [ [ -112.0227, 58.4767 ], [ -111.9627, 58.4767 ], [ -111.9627, 58.4167 ], [ -112.0227, 58.4167 ], [ -112.0227, 58.4767 ] ] ] } },
{ "type": "Feature", "properties": { "AQHI_forecast_3h": 1.14, "value": 1, "color": "#01cbff", "station_count": 3, "forecast_valid_time": "2026-09-02 14:00:00+00:00", "model": "Cubist weighted IDW" }, "geometry": { "type": "Polygon", "coordinates": [ [ [ -111.9627, 57.4567 ], [ -111.9027, 57.4567 ], [ -111.9027, 57.3967 ], [ -111.9627, 57.3967 ], [ -111.9627, 57.4567 ] ] ] } },
{ "type": "Feature", "properties": { "AQHI_forecast_3h": 1.15, "value": 1, "color": "#01cbff", "station_count": 3, "forecast_valid_time": "2026-09-02 14:00:00+00:00", "model": "Cubist weighted IDW" }, "geometry": { "type": "Polygon", "coordinates": [ [ [ -111.9627, 57.5167 ], [ -111.9027, 57.5167 ], [ -111.9027, 57.4567 ], [ -111.9627, 57.4567 ], [ -111.9627, 57.5167 ] ] ] } },
{ "type": "Feature", "properties": { "AQHI_forecast_3h": 1.15, "value": 1, "color": "#01cbff", "station_count": 3, "forecast_valid_time": "2026-09-02 14:00:00+00:00", "model": "Cubist weighted IDW" }, "geometry": { "type": "Polygon", "coordinates": [ [ [ -111.9627, 57.5767 ], [ -111.9027, 57.5767 ], [ -111.9027, 57.5167 ], [ -111.9627, 57.5167 ], [ -111.9627, 57.5767 ] ] ] } },
{ "type": "Feature", "properties": { "AQHI_forecast_3h": 1.16, "value": 1, "color": "#01cbff", "station_count": 3, "forecast_valid_time": "2026-09-02 14:00:00+00:00", "model": "Cubist weighted IDW" }, "geometry": { "type": "Polygon", "coordinates": [ [ [ -111.9627, 57.6367 ], [ -111.9027, 57.6367 ], [ -111.9027, 57.5767 ], [ -111.9627, 57.5767 ], [ -111.9627, 57.6367 ] ] ] } },
{ "type": "Feature", "properties": { "AQHI_forecast_3h": 1.17, "value": 1, "color": "#01cbff", "station_count": 3, "forecast_valid_time": "2026-09-02 14:00:00+00:00", "model": "Cubist weighted IDW" }, "geometry": { "type": "Polygon", "coordinates": [ [ [ -111.9627, 57.6967 ], [ -111.9027, 57.6967 ], [ -111.9027, 57.6367 ], [ -111.9627, 57.6367 ], [ -111.9627, 57.6967 ] ] ] } },
{ "type": "Feature", "properties": { "AQHI_forecast_3h": 1.18, "value": 1, "color": "#01cbff", "station_count": 3, "forecast_valid_time": "2026-09-02 14:00:00+00:00", "model": "Cubist weighted IDW" }, "geometry": { "type": "Polygon", "coordinates": [ [ [ -111.9627, 57.7567 ], [ -111.9027, 57.7567 ], [ -111.9027, 57.6967 ], [ -111.9627, 57.6967 ], [ -111.9627, 57.7567 ] ] ] } },
{ "type": "Feature", "properties": { "AQHI_forecast_3h": 1.19, "value": 1, "color": "#01cbff", "station_count": 3, "forecast_valid_time": "2026-09-02 14:00:00+00:00", "model": "Cubist weighted IDW" }, "geometry": { "type": "Polygon", "coordinates": [ [ [ -111.9627, 57.8167 ], [ -111.9027, 57.8167 ], [ -111.9027, 57.7567 ], [ -111.9627, 57.7567 ], [ -111.9627, 57.8167 ] ] ] } },
{ "type": "Feature", "properties": { "AQHI_forecast_3h": 1.2, "value": 1, "color": "#01cbff", "station_count": 3, "forecast_valid_time": "2026-09-02 14:00:00+00:00", "model": "Cubist weighted IDW" }, "geometry": { "type": "Polygon", "coordinates": [ [ [ -111.9627, 57.8767 ], [ -111.9027, 57.8767 ], [ -111.9027, 57.8167 ], [ -111.9627, 57.8167 ], [ -111.9627, 57.8767 ] ] ] } },
{ "type": "Feature", "properties": { "AQHI_forecast_3h": 1.22, "value": 1, "color": "#01cbff", "station_count": 3, "forecast_valid_time": "2026-09-02 14:00:00+00:00", "model": "Cubist weighted IDW" }, "geometry": { "type": "Polygon", "coordinates": [ [ [ -111.9627, 57.9367 ], [ -111.9027, 57.9367 ], [ -111.9027, 57.8767 ], [ -111.9627, 57.8767 ], [ -111.9627, 57.9367 ] ] ] } },
{ "type": "Feature", "properties": { "AQHI_forecast_3h": 1.24, "value": 1, "color": "#01cbff", "station_count": 3, "forecast_valid_time": "2026-09-02 14:00:00+00:00", "model": "Cubist weighted IDW" }, "geometry": { "type": "Polygon", "coordinates": [ [ [ -111.9627, 57.9967 ], [ -111.9027, 57.9967 ], [ -111.9027, 57.9367 ], [ -111.9627, 57.9367 ], [ -111.9627, 57.9967 ] ] ] } },
{ "type": "Feature", "properties": { "AQHI_forecast_3h": 1.26, "value": 1, "color": "#01cbff", "station_count": 3, "forecast_valid_time": "2026-09-02 14:00:00+00:00", "model": "Cubist weighted IDW" }, "geometry": { "type": "Polygon", "coordinates": [ [ [ -111.9627, 58.0567 ], [ -111.9027, 58.0567 ], [ -111.9027, 57.9967 ], [ -111.9627, 57.9967 ], [ -111.9627, 58.0567 ] ] ] } },
{ "type": "Feature", "properties": { "AQHI_forecast_3h": 1.28, "value": 1, "color": "#01cbff", "station_count": 3, "forecast_valid_time": "2026-09-02 14:00:00+00:00", "model": "Cubist weighted IDW" }, "geometry": { "type": "Polygon", "coordinates": [ [ [ -111.9627, 58.1167 ], [ -111.9027, 58.1167 ], [ -111.9027, 58.0567 ], [ -111.9627, 58.0567 ], [ -111.9627, 58.1167 ] ] ] } },
{ "type": "Feature", "properties": { "AQHI_forecast_3h": 1.3, "value": 1, "color": "#01cbff", "station_count": 3, "forecast_valid_time": "2026-09-02 14:00:00+00:00", "model": "Cubist weighted IDW" }, "geometry": { "type": "Polygon", "coordinates": [ [ [ -111.9627, 58.1767 ], [ -111.9027, 58.1767 ], [ -111.9027, 58.1167 ], [ -111.9627, 58.1167 ], [ -111.9627, 58.1767 ] ] ] } },
{ "type": "Feature", "properties": { "AQHI_forecast_3h": 1.32, "value": 1, "color": "#01cbff", "station_count": 3, "forecast_valid_time": "2026-09-02 14:00:00+00:00", "model": "Cubist weighted IDW" }, "geometry": { "type": "Polygon", "coordinates": [ [ [ -111.9627, 58.2367 ], [ -111.9027, 58.2367 ], [ -111.9027, 58.1767 ], [ -111.9627, 58.1767 ], [ -111.9627, 58.2367 ] ] ] } },
{ "type": "Feature", "properties": { "AQHI_forecast_3h": 1.34, "value": 1, "color": "#01cbff", "station_count": 3, "forecast_valid_time": "2026-09-02 14:00:00+00:00", "model": "Cubist weighted IDW" }, "geometry": { "type": "Polygon", "coordinates": [ [ [ -111.9627, 58.2967 ], [ -111.9027, 58.2967 ], [ -111.9027, 58.2367 ], [ -111.9627, 58.2367 ], [ -111.9627, 58.2967 ] ] ] } },
{ "type": "Feature", "properties": { "AQHI_forecast_3h": 1.36, "value": 1, "color": "#01cbff", "station_count": 3, "forecast_valid_time": "2026-09-02 14:00:00+00:00", "model": "Cubist weighted IDW" }, "geometry": { "type": "Polygon", "coordinates": [ [ [ -111.9627, 58.3567 ], [ -111.9027, 58.3567 ], [ -111.9027, 58.2967 ], [ -111.9627, 58.2967 ], [ -111.9627, 58.3567 ] ] ] } },
{ "type": "Feature", "properties": { "AQHI_forecast_3h": 1.38, "value": 1, "color": "#01cbff", "station_count": 3, "forecast_valid_time": "2026-09-02 14:00:00+00:00", "model": "Cubist weighted IDW" }, "geometry": { "type": "Polygon", "coordinates": [ [ [ -111.9627, 58.4167 ], [ -111.9027, 58.4167 ], [ -111.9027, 58.3567 ], [ -111.9627, 58.3567 ], [ -111.9627, 58.4167 ] ] ] } },
{ "type": "Feature", "properties": { "AQHI_forecast_3h": 1.39, "value": 1, "color": "#01cbff", "station_count": 3, "forecast_valid_time": "2026-09-02 14:00:00+00:00", "model": "Cubist weighted IDW" }, "geometry": { "type": "Polygon", "coordinates": [ [ [ -111.9627, 58.4767 ], [ -111.9027, 58.4767 ], [ -111.9027, 58.4167 ], [ -111.9627, 58.4167 ], [ -111.9627, 58.4767 ] ] ] } },
{ "type": "Feature", "properties": { "AQHI_forecast_3h": 1.14, "value": 1, "color": "#01cbff", "station_count": 3, "forecast_valid_time": "2026-09-02 14:00:00+00:00", "model": "Cubist weighted IDW" }, "geometry": { "type": "Polygon", "coordinates": [ [ [ -111.9027, 57.4567 ], [ -111.8427, 57.4567 ], [ -111.8427, 57.3967 ], [ -111.9027, 57.3967 ], [ -111.9027, 57.4567 ] ] ] } },
{ "type": "Feature", "properties": { "AQHI_forecast_3h": 1.15, "value": 1, "color": "#01cbff", "station_count": 3, "forecast_valid_time": "2026-09-02 14:00:00+00:00", "model": "Cubist weighted IDW" }, "geometry": { "type": "Polygon", "coordinates": [ [ [ -111.9027, 57.5167 ], [ -111.8427, 57.5167 ], [ -111.8427, 57.4567 ], [ -111.9027, 57.4567 ], [ -111.9027, 57.5167 ] ] ] } },
{ "type": "Feature", "properties": { "AQHI_forecast_3h": 1.15, "value": 1, "color": "#01cbff", "station_count": 3, "forecast_valid_time": "2026-09-02 14:00:00+00:00", "model": "Cubist weighted IDW" }, "geometry": { "type": "Polygon", "coordinates": [ [ [ -111.9027, 57.5767 ], [ -111.8427, 57.5767 ], [ -111.8427, 57.5167 ], [ -111.9027, 57.5167 ], [ -111.9027, 57.5767 ] ] ] } },
{ "type": "Feature", "properties": { "AQHI_forecast_3h": 1.16, "value": 1, "color": "#01cbff", "station_count": 3, "forecast_valid_time": "2026-09-02 14:00:00+00:00", "model": "Cubist weighted IDW" }, "geometry": { "type": "Polygon", "coordinates": [ [ [ -111.9027, 57.6367 ], [ -111.8427, 57.6367 ], [ -111.8427, 57.5767 ], [ -111.9027, 57.5767 ], [ -111.9027, 57.6367 ] ] ] } },
{ "type": "Feature", "properties": { "AQHI_forecast_3h": 1.17, "value": 1, "color": "#01cbff", "station_count": 3, "forecast_valid_time": "2026-09-02 14:00:00+00:00", "model": "Cubist weighted IDW" }, "geometry": { "type": "Polygon", "coordinates": [ [ [ -111.9027, 57.6967 ], [ -111.8427, 57.6967 ], [ -111.8427, 57.6367 ], [ -111.9027, 57.6367 ], [ -111.9027, 57.6967 ] ] ] } },
{ "type": "Feature", "properties": { "AQHI_forecast_3h": 1.18, "value": 1, "color": "#01cbff", "station_count": 3, "forecast_valid_time": "2026-09-02 14:00:00+00:00", "model": "Cubist weighted IDW" }, "geometry": { "type": "Polygon", "coordinates": [ [ [ -111.9027, 57.7567 ], [ -111.8427, 57.7567 ], [ -111.8427, 57.6967 ], [ -111.9027, 57.6967 ], [ -111.9027, 57.7567 ] ] ] } },
{ "type": "Feature", "properties": { "AQHI_forecast_3h": 1.19, "value": 1, "color": "#01cbff", "station_count": 3, "forecast_valid_time": "2026-09-02 14:00:00+00:00", "model": "Cubist weighted IDW" }, "geometry": { "type": "Polygon", "coordinates": [ [ [ -111.9027, 57.8167 ], [ -111.8427, 57.8167 ], [ -111.8427, 57.7567 ], [ -111.9027, 57.7567 ], [ -111.9027, 57.8167 ] ] ] } },
{ "type": "Feature", "properties": { "AQHI_forecast_3h": 1.2, "value": 1, "color": "#01cbff", "station_count": 3, "forecast_valid_time": "2026-09-02 14:00:00+00:00", "model": "Cubist weighted IDW" }, "geometry": { "type": "Polygon", "coordinates": [ [ [ -111.9027, 57.8767 ], [ -111.8427, 57.8767 ], [ -111.8427, 57.8167 ], [ -111.9027, 57.8167 ], [ -111.9027, 57.8767 ] ] ] } },
{ "type": "Feature", "properties": { "AQHI_forecast_3h": 1.22, "value": 1, "color": "#01cbff", "station_count": 3, "forecast_valid_time": "2026-09-02 14:00:00+00:00", "model": "Cubist weighted IDW" }, "geometry": { "type": "Polygon", "coordinates": [ [ [ -111.9027, 57.9367 ], [ -111.8427, 57.9367 ], [ -111.8427, 57.8767 ], [ -111.9027, 57.8767 ], [ -111.9027, 57.9367 ] ] ] } },
{ "type": "Feature", "properties": { "AQHI_forecast_3h": 1.24, "value": 1, "color": "#01cbff", "station_count": 3, "forecast_valid_time": "2026-09-02 14:00:00+00:00", "model": "Cubist weighted IDW" }, "geometry": { "type": "Polygon", "coordinates": [ [ [ -111.9027, 57.9967 ], [ -111.8427, 57.9967 ], [ -111.8427, 57.9367 ], [ -111.9027, 57.9367 ], [ -111.9027, 57.9967 ] ] ] } },
{ "type": "Feature", "properties": { "AQHI_forecast_3h": 1.26, "value": 1, "color": "#01cbff", "station_count": 3, "forecast_valid_time": "2026-09-02 14:00:00+00:00", "model": "Cubist weighted IDW" }, "geometry": { "type": "Polygon", "coordinates": [ [ [ -111.9027, 58.0567 ], [ -111.8427, 58.0567 ], [ -111.8427, 57.9967 ], [ -111.9027, 57.9967 ], [ -111.9027, 58.0567 ] ] ] } },
{ "type": "Feature", "properties": { "AQHI_forecast_3h": 1.28, "value": 1, "color": "#01cbff", "station_count": 3, "forecast_valid_time": "2026-09-02 14:00:00+00:00", "model": "Cubist weighted IDW" }, "geometry": { "type": "Polygon", "coordinates": [ [ [ -111.9027, 58.1167 ], [ -111.8427, 58.1167 ], [ -111.8427, 58.0567 ], [ -111.9027, 58.0567 ], [ -111.9027, 58.1167 ] ] ] } },
{ "type": "Feature", "properties": { "AQHI_forecast_3h": 1.3, "value": 1, "color": "#01cbff", "station_count": 3, "forecast_valid_time": "2026-09-02 14:00:00+00:00", "model": "Cubist weighted IDW" }, "geometry": { "type": "Polygon", "coordinates": [ [ [ -111.9027, 58.1767 ], [ -111.8427, 58.1767 ], [ -111.8427, 58.1167 ], [ -111.9027, 58.1167 ], [ -111.9027, 58.1767 ] ] ] } },
{ "type": "Feature", "properties": { "AQHI_forecast_3h": 1.33, "value": 1, "color": "#01cbff", "station_count": 3, "forecast_valid_time": "2026-09-02 14:00:00+00:00", "model": "Cubist weighted IDW" }, "geometry": { "type": "Polygon", "coordinates": [ [ [ -111.9027, 58.2367 ], [ -111.8427, 58.2367 ], [ -111.8427, 58.1767 ], [ -111.9027, 58.1767 ], [ -111.9027, 58.2367 ] ] ] } },
{ "type": "Feature", "properties": { "AQHI_forecast_3h": 1.35, "value": 1, "color": "#01cbff", "station_count": 3, "forecast_valid_time": "2026-09-02 14:00:00+00:00", "model": "Cubist weighted IDW" }, "geometry": { "type": "Polygon", "coordinates": [ [ [ -111.9027, 58.2967 ], [ -111.8427, 58.2967 ], [ -111.8427, 58.2367 ], [ -111.9027, 58.2367 ], [ -111.9027, 58.2967 ] ] ] } },
{ "type": "Feature", "properties": { "AQHI_forecast_3h": 1.37, "value": 1, "color": "#01cbff", "station_count": 3, "forecast_valid_time": "2026-09-02 14:00:00+00:00", "model": "Cubist weighted IDW" }, "geometry": { "type": "Polygon", "coordinates": [ [ [ -111.9027, 58.3567 ], [ -111.8427, 58.3567 ], [ -111.8427, 58.2967 ], [ -111.9027, 58.2967 ], [ -111.9027, 58.3567 ] ] ] } },
{ "type": "Feature", "properties": { "AQHI_forecast_3h": 1.38, "value": 1, "color": "#01cbff", "station_count": 3, "forecast_valid_time": "2026-09-02 14:00:00+00:00", "model": "Cubist weighted IDW" }, "geometry": { "type": "Polygon", "coordinates": [ [ [ -111.9027, 58.4167 ], [ -111.8427, 58.4167 ], [ -111.8427, 58.3567 ], [ -111.9027, 58.3567 ], [ -111.9027, 58.4167 ] ] ] } },
{ "type": "Feature", "properties": { "AQHI_forecast_3h": 1.4, "value": 1, "color": "#01cbff", "station_count": 3, "forecast_valid_time": "2026-09-02 14:00:00+00:00", "model": "Cubist weighted IDW" }, "geometry": { "type": "Polygon", "coordinates": [ [ [ -111.9027, 58.4767 ], [ -111.8427, 58.4767 ], [ -111.8427, 58.4167 ], [ -111.9027, 58.4167 ], [ -111.9027, 58.4767 ] ] ] } },
{ "type": "Feature", "properties": { "AQHI_forecast_3h": 1.14, "value": 1, "color": "#01cbff", "station_count": 3, "forecast_valid_time": "2026-09-02 14:00:00+00:00", "model": "Cubist weighted IDW" }, "geometry": { "type": "Polygon", "coordinates": [ [ [ -111.8427, 57.4567 ], [ -111.7827, 57.4567 ], [ -111.7827, 57.3967 ], [ -111.8427, 57.3967 ], [ -111.8427, 57.4567 ] ] ] } },
{ "type": "Feature", "properties": { "AQHI_forecast_3h": 1.15, "value": 1, "color": "#01cbff", "station_count": 3, "forecast_valid_time": "2026-09-02 14:00:00+00:00", "model": "Cubist weighted IDW" }, "geometry": { "type": "Polygon", "coordinates": [ [ [ -111.8427, 57.5167 ], [ -111.7827, 57.5167 ], [ -111.7827, 57.4567 ], [ -111.8427, 57.4567 ], [ -111.8427, 57.5167 ] ] ] } },
{ "type": "Feature", "properties": { "AQHI_forecast_3h": 1.15, "value": 1, "color": "#01cbff", "station_count": 3, "forecast_valid_time": "2026-09-02 14:00:00+00:00", "model": "Cubist weighted IDW" }, "geometry": { "type": "Polygon", "coordinates": [ [ [ -111.8427, 57.5767 ], [ -111.7827, 57.5767 ], [ -111.7827, 57.5167 ], [ -111.8427, 57.5167 ], [ -111.8427, 57.5767 ] ] ] } },
{ "type": "Feature", "properties": { "AQHI_forecast_3h": 1.16, "value": 1, "color": "#01cbff", "station_count": 3, "forecast_valid_time": "2026-09-02 14:00:00+00:00", "model": "Cubist weighted IDW" }, "geometry": { "type": "Polygon", "coordinates": [ [ [ -111.8427, 57.6367 ], [ -111.7827, 57.6367 ], [ -111.7827, 57.5767 ], [ -111.8427, 57.5767 ], [ -111.8427, 57.6367 ] ] ] } },
{ "type": "Feature", "properties": { "AQHI_forecast_3h": 1.17, "value": 1, "color": "#01cbff", "station_count": 3, "forecast_valid_time": "2026-09-02 14:00:00+00:00", "model": "Cubist weighted IDW" }, "geometry": { "type": "Polygon", "coordinates": [ [ [ -111.8427, 57.6967 ], [ -111.7827, 57.6967 ], [ -111.7827, 57.6367 ], [ -111.8427, 57.6367 ], [ -111.8427, 57.6967 ] ] ] } },
{ "type": "Feature", "properties": { "AQHI_forecast_3h": 1.18, "value": 1, "color": "#01cbff", "station_count": 3, "forecast_valid_time": "2026-09-02 14:00:00+00:00", "model": "Cubist weighted IDW" }, "geometry": { "type": "Polygon", "coordinates": [ [ [ -111.8427, 57.7567 ], [ -111.7827, 57.7567 ], [ -111.7827, 57.6967 ], [ -111.8427, 57.6967 ], [ -111.8427, 57.7567 ] ] ] } },
{ "type": "Feature", "properties": { "AQHI_forecast_3h": 1.19, "value": 1, "color": "#01cbff", "station_count": 3, "forecast_valid_time": "2026-09-02 14:00:00+00:00", "model": "Cubist weighted IDW" }, "geometry": { "type": "Polygon", "coordinates": [ [ [ -111.8427, 57.8167 ], [ -111.7827, 57.8167 ], [ -111.7827, 57.7567 ], [ -111.8427, 57.7567 ], [ -111.8427, 57.8167 ] ] ] } },
{ "type": "Feature", "properties": { "AQHI_forecast_3h": 1.2, "value": 1, "color": "#01cbff", "station_count": 3, "forecast_valid_time": "2026-09-02 14:00:00+00:00", "model": "Cubist weighted IDW" }, "geometry": { "type": "Polygon", "coordinates": [ [ [ -111.8427, 57.8767 ], [ -111.7827, 57.8767 ], [ -111.7827, 57.8167 ], [ -111.8427, 57.8167 ], [ -111.8427, 57.8767 ] ] ] } },
{ "type": "Feature", "properties": { "AQHI_forecast_3h": 1.22, "value": 1, "color": "#01cbff", "station_count": 3, "forecast_valid_time": "2026-09-02 14:00:00+00:00", "model": "Cubist weighted IDW" }, "geometry": { "type": "Polygon", "coordinates": [ [ [ -111.8427, 57.9367 ], [ -111.7827, 57.9367 ], [ -111.7827, 57.8767 ], [ -111.8427, 57.8767 ], [ -111.8427, 57.9367 ] ] ] } },
{ "type": "Feature", "properties": { "AQHI_forecast_3h": 1.24, "value": 1, "color": "#01cbff", "station_count": 3, "forecast_valid_time": "2026-09-02 14:00:00+00:00", "model": "Cubist weighted IDW" }, "geometry": { "type": "Polygon", "coordinates": [ [ [ -111.8427, 57.9967 ], [ -111.7827, 57.9967 ], [ -111.7827, 57.9367 ], [ -111.8427, 57.9367 ], [ -111.8427, 57.9967 ] ] ] } },
{ "type": "Feature", "properties": { "AQHI_forecast_3h": 1.26, "value": 1, "color": "#01cbff", "station_count": 3, "forecast_valid_time": "2026-09-02 14:00:00+00:00", "model": "Cubist weighted IDW" }, "geometry": { "type": "Polygon", "coordinates": [ [ [ -111.8427, 58.0567 ], [ -111.7827, 58.0567 ], [ -111.7827, 57.9967 ], [ -111.8427, 57.9967 ], [ -111.8427, 58.0567 ] ] ] } },
{ "type": "Feature", "properties": { "AQHI_forecast_3h": 1.28, "value": 1, "color": "#01cbff", "station_count": 3, "forecast_valid_time": "2026-09-02 14:00:00+00:00", "model": "Cubist weighted IDW" }, "geometry": { "type": "Polygon", "coordinates": [ [ [ -111.8427, 58.1167 ], [ -111.7827, 58.1167 ], [ -111.7827, 58.0567 ], [ -111.8427, 58.0567 ], [ -111.8427, 58.1167 ] ] ] } },
{ "type": "Feature", "properties": { "AQHI_forecast_3h": 1.31, "value": 1, "color": "#01cbff", "station_count": 3, "forecast_valid_time": "2026-09-02 14:00:00+00:00", "model": "Cubist weighted IDW" }, "geometry": { "type": "Polygon", "coordinates": [ [ [ -111.8427, 58.1767 ], [ -111.7827, 58.1767 ], [ -111.7827, 58.1167 ], [ -111.8427, 58.1167 ], [ -111.8427, 58.1767 ] ] ] } },
{ "type": "Feature", "properties": { "AQHI_forecast_3h": 1.33, "value": 1, "color": "#01cbff", "station_count": 3, "forecast_valid_time": "2026-09-02 14:00:00+00:00", "model": "Cubist weighted IDW" }, "geometry": { "type": "Polygon", "coordinates": [ [ [ -111.8427, 58.2367 ], [ -111.7827, 58.2367 ], [ -111.7827, 58.1767 ], [ -111.8427, 58.1767 ], [ -111.8427, 58.2367 ] ] ] } },
{ "type": "Feature", "properties": { "AQHI_forecast_3h": 1.35, "value": 1, "color": "#01cbff", "station_count": 3, "forecast_valid_time": "2026-09-02 14:00:00+00:00", "model": "Cubist weighted IDW" }, "geometry": { "type": "Polygon", "coordinates": [ [ [ -111.8427, 58.2967 ], [ -111.7827, 58.2967 ], [ -111.7827, 58.2367 ], [ -111.8427, 58.2367 ], [ -111.8427, 58.2967 ] ] ] } },
{ "type": "Feature", "properties": { "AQHI_forecast_3h": 1.37, "value": 1, "color": "#01cbff", "station_count": 3, "forecast_valid_time": "2026-09-02 14:00:00+00:00", "model": "Cubist weighted IDW" }, "geometry": { "type": "Polygon", "coordinates": [ [ [ -111.8427, 58.3567 ], [ -111.7827, 58.3567 ], [ -111.7827, 58.2967 ], [ -111.8427, 58.2967 ], [ -111.8427, 58.3567 ] ] ] } },
{ "type": "Feature", "properties": { "AQHI_forecast_3h": 1.39, "value": 1, "color": "#01cbff", "station_count": 3, "forecast_valid_time": "2026-09-02 14:00:00+00:00", "model": "Cubist weighted IDW" }, "geometry": { "type": "Polygon", "coordinates": [ [ [ -111.8427, 58.4167 ], [ -111.7827, 58.4167 ], [ -111.7827, 58.3567 ], [ -111.8427, 58.3567 ], [ -111.8427, 58.4167 ] ] ] } },
{ "type": "Feature", "properties": { "AQHI_forecast_3h": 1.4, "value": 1, "color": "#01cbff", "station_count": 3, "forecast_valid_time": "2026-09-02 14:00:00+00:00", "model": "Cubist weighted IDW" }, "geometry": { "type": "Polygon", "coordinates": [ [ [ -111.8427, 58.4767 ], [ -111.7827, 58.4767 ], [ -111.7827, 58.4167 ], [ -111.8427, 58.4167 ], [ -111.8427, 58.4767 ] ] ] } },
{ "type": "Feature", "properties": { "AQHI_forecast_3h": 1.14, "value": 1, "color": "#01cbff", "station_count": 3, "forecast_valid_time": "2026-09-02 14:00:00+00:00", "model": "Cubist weighted IDW" }, "geometry": { "type": "Polygon", "coordinates": [ [ [ -111.7827, 57.4567 ], [ -111.7227, 57.4567 ], [ -111.7227, 57.3967 ], [ -111.7827, 57.3967 ], [ -111.7827, 57.4567 ] ] ] } },
{ "type": "Feature", "properties": { "AQHI_forecast_3h": 1.15, "value": 1, "color": "#01cbff", "station_count": 3, "forecast_valid_time": "2026-09-02 14:00:00+00:00", "model": "Cubist weighted IDW" }, "geometry": { "type": "Polygon", "coordinates": [ [ [ -111.7827, 57.5167 ], [ -111.7227, 57.5167 ], [ -111.7227, 57.4567 ], [ -111.7827, 57.4567 ], [ -111.7827, 57.5167 ] ] ] } },
{ "type": "Feature", "properties": { "AQHI_forecast_3h": 1.15, "value": 1, "color": "#01cbff", "station_count": 3, "forecast_valid_time": "2026-09-02 14:00:00+00:00", "model": "Cubist weighted IDW" }, "geometry": { "type": "Polygon", "coordinates": [ [ [ -111.7827, 57.5767 ], [ -111.7227, 57.5767 ], [ -111.7227, 57.5167 ], [ -111.7827, 57.5167 ], [ -111.7827, 57.5767 ] ] ] } },
{ "type": "Feature", "properties": { "AQHI_forecast_3h": 1.16, "value": 1, "color": "#01cbff", "station_count": 3, "forecast_valid_time": "2026-09-02 14:00:00+00:00", "model": "Cubist weighted IDW" }, "geometry": { "type": "Polygon", "coordinates": [ [ [ -111.7827, 57.6367 ], [ -111.7227, 57.6367 ], [ -111.7227, 57.5767 ], [ -111.7827, 57.5767 ], [ -111.7827, 57.6367 ] ] ] } },
{ "type": "Feature", "properties": { "AQHI_forecast_3h": 1.17, "value": 1, "color": "#01cbff", "station_count": 3, "forecast_valid_time": "2026-09-02 14:00:00+00:00", "model": "Cubist weighted IDW" }, "geometry": { "type": "Polygon", "coordinates": [ [ [ -111.7827, 57.6967 ], [ -111.7227, 57.6967 ], [ -111.7227, 57.6367 ], [ -111.7827, 57.6367 ], [ -111.7827, 57.6967 ] ] ] } },
{ "type": "Feature", "properties": { "AQHI_forecast_3h": 1.18, "value": 1, "color": "#01cbff", "station_count": 3, "forecast_valid_time": "2026-09-02 14:00:00+00:00", "model": "Cubist weighted IDW" }, "geometry": { "type": "Polygon", "coordinates": [ [ [ -111.7827, 57.7567 ], [ -111.7227, 57.7567 ], [ -111.7227, 57.6967 ], [ -111.7827, 57.6967 ], [ -111.7827, 57.7567 ] ] ] } },
{ "type": "Feature", "properties": { "AQHI_forecast_3h": 1.19, "value": 1, "color": "#01cbff", "station_count": 3, "forecast_valid_time": "2026-09-02 14:00:00+00:00", "model": "Cubist weighted IDW" }, "geometry": { "type": "Polygon", "coordinates": [ [ [ -111.7827, 57.8167 ], [ -111.7227, 57.8167 ], [ -111.7227, 57.7567 ], [ -111.7827, 57.7567 ], [ -111.7827, 57.8167 ] ] ] } },
{ "type": "Feature", "properties": { "AQHI_forecast_3h": 1.2, "value": 1, "color": "#01cbff", "station_count": 3, "forecast_valid_time": "2026-09-02 14:00:00+00:00", "model": "Cubist weighted IDW" }, "geometry": { "type": "Polygon", "coordinates": [ [ [ -111.7827, 57.8767 ], [ -111.7227, 57.8767 ], [ -111.7227, 57.8167 ], [ -111.7827, 57.8167 ], [ -111.7827, 57.8767 ] ] ] } },
{ "type": "Feature", "properties": { "AQHI_forecast_3h": 1.22, "value": 1, "color": "#01cbff", "station_count": 3, "forecast_valid_time": "2026-09-02 14:00:00+00:00", "model": "Cubist weighted IDW" }, "geometry": { "type": "Polygon", "coordinates": [ [ [ -111.7827, 57.9367 ], [ -111.7227, 57.9367 ], [ -111.7227, 57.8767 ], [ -111.7827, 57.8767 ], [ -111.7827, 57.9367 ] ] ] } },
{ "type": "Feature", "properties": { "AQHI_forecast_3h": 1.24, "value": 1, "color": "#01cbff", "station_count": 3, "forecast_valid_time": "2026-09-02 14:00:00+00:00", "model": "Cubist weighted IDW" }, "geometry": { "type": "Polygon", "coordinates": [ [ [ -111.7827, 57.9967 ], [ -111.7227, 57.9967 ], [ -111.7227, 57.9367 ], [ -111.7827, 57.9367 ], [ -111.7827, 57.9967 ] ] ] } },
{ "type": "Feature", "properties": { "AQHI_forecast_3h": 1.26, "value": 1, "color": "#01cbff", "station_count": 3, "forecast_valid_time": "2026-09-02 14:00:00+00:00", "model": "Cubist weighted IDW" }, "geometry": { "type": "Polygon", "coordinates": [ [ [ -111.7827, 58.0567 ], [ -111.7227, 58.0567 ], [ -111.7227, 57.9967 ], [ -111.7827, 57.9967 ], [ -111.7827, 58.0567 ] ] ] } },
{ "type": "Feature", "properties": { "AQHI_forecast_3h": 1.29, "value": 1, "color": "#01cbff", "station_count": 3, "forecast_valid_time": "2026-09-02 14:00:00+00:00", "model": "Cubist weighted IDW" }, "geometry": { "type": "Polygon", "coordinates": [ [ [ -111.7827, 58.1167 ], [ -111.7227, 58.1167 ], [ -111.7227, 58.0567 ], [ -111.7827, 58.0567 ], [ -111.7827, 58.1167 ] ] ] } },
{ "type": "Feature", "properties": { "AQHI_forecast_3h": 1.31, "value": 1, "color": "#01cbff", "station_count": 3, "forecast_valid_time": "2026-09-02 14:00:00+00:00", "model": "Cubist weighted IDW" }, "geometry": { "type": "Polygon", "coordinates": [ [ [ -111.7827, 58.1767 ], [ -111.7227, 58.1767 ], [ -111.7227, 58.1167 ], [ -111.7827, 58.1167 ], [ -111.7827, 58.1767 ] ] ] } },
{ "type": "Feature", "properties": { "AQHI_forecast_3h": 1.33, "value": 1, "color": "#01cbff", "station_count": 3, "forecast_valid_time": "2026-09-02 14:00:00+00:00", "model": "Cubist weighted IDW" }, "geometry": { "type": "Polygon", "coordinates": [ [ [ -111.7827, 58.2367 ], [ -111.7227, 58.2367 ], [ -111.7227, 58.1767 ], [ -111.7827, 58.1767 ], [ -111.7827, 58.2367 ] ] ] } },
{ "type": "Feature", "properties": { "AQHI_forecast_3h": 1.36, "value": 1, "color": "#01cbff", "station_count": 3, "forecast_valid_time": "2026-09-02 14:00:00+00:00", "model": "Cubist weighted IDW" }, "geometry": { "type": "Polygon", "coordinates": [ [ [ -111.7827, 58.2967 ], [ -111.7227, 58.2967 ], [ -111.7227, 58.2367 ], [ -111.7827, 58.2367 ], [ -111.7827, 58.2967 ] ] ] } },
{ "type": "Feature", "properties": { "AQHI_forecast_3h": 1.38, "value": 1, "color": "#01cbff", "station_count": 3, "forecast_valid_time": "2026-09-02 14:00:00+00:00", "model": "Cubist weighted IDW" }, "geometry": { "type": "Polygon", "coordinates": [ [ [ -111.7827, 58.3567 ], [ -111.7227, 58.3567 ], [ -111.7227, 58.2967 ], [ -111.7827, 58.2967 ], [ -111.7827, 58.3567 ] ] ] } },
{ "type": "Feature", "properties": { "AQHI_forecast_3h": 1.39, "value": 1, "color": "#01cbff", "station_count": 3, "forecast_valid_time": "2026-09-02 14:00:00+00:00", "model": "Cubist weighted IDW" }, "geometry": { "type": "Polygon", "coordinates": [ [ [ -111.7827, 58.4167 ], [ -111.7227, 58.4167 ], [ -111.7227, 58.3567 ], [ -111.7827, 58.3567 ], [ -111.7827, 58.4167 ] ] ] } },
{ "type": "Feature", "properties": { "AQHI_forecast_3h": 1.41, "value": 1, "color": "#01cbff", "station_count": 3, "forecast_valid_time": "2026-09-02 14:00:00+00:00", "model": "Cubist weighted IDW" }, "geometry": { "type": "Polygon", "coordinates": [ [ [ -111.7827, 58.4767 ], [ -111.7227, 58.4767 ], [ -111.7227, 58.4167 ], [ -111.7827, 58.4167 ], [ -111.7827, 58.4767 ] ] ] } },
{ "type": "Feature", "properties": { "AQHI_forecast_3h": 1.14, "value": 1, "color": "#01cbff", "station_count": 3, "forecast_valid_time": "2026-09-02 14:00:00+00:00", "model": "Cubist weighted IDW" }, "geometry": { "type": "Polygon", "coordinates": [ [ [ -111.7227, 57.4567 ], [ -111.6627, 57.4567 ], [ -111.6627, 57.3967 ], [ -111.7227, 57.3967 ], [ -111.7227, 57.4567 ] ] ] } },
{ "type": "Feature", "properties": { "AQHI_forecast_3h": 1.15, "value": 1, "color": "#01cbff", "station_count": 3, "forecast_valid_time": "2026-09-02 14:00:00+00:00", "model": "Cubist weighted IDW" }, "geometry": { "type": "Polygon", "coordinates": [ [ [ -111.7227, 57.5167 ], [ -111.6627, 57.5167 ], [ -111.6627, 57.4567 ], [ -111.7227, 57.4567 ], [ -111.7227, 57.5167 ] ] ] } },
{ "type": "Feature", "properties": { "AQHI_forecast_3h": 1.15, "value": 1, "color": "#01cbff", "station_count": 3, "forecast_valid_time": "2026-09-02 14:00:00+00:00", "model": "Cubist weighted IDW" }, "geometry": { "type": "Polygon", "coordinates": [ [ [ -111.7227, 57.5767 ], [ -111.6627, 57.5767 ], [ -111.6627, 57.5167 ], [ -111.7227, 57.5167 ], [ -111.7227, 57.5767 ] ] ] } },
{ "type": "Feature", "properties": { "AQHI_forecast_3h": 1.16, "value": 1, "color": "#01cbff", "station_count": 3, "forecast_valid_time": "2026-09-02 14:00:00+00:00", "model": "Cubist weighted IDW" }, "geometry": { "type": "Polygon", "coordinates": [ [ [ -111.7227, 57.6367 ], [ -111.6627, 57.6367 ], [ -111.6627, 57.5767 ], [ -111.7227, 57.5767 ], [ -111.7227, 57.6367 ] ] ] } },
{ "type": "Feature", "properties": { "AQHI_forecast_3h": 1.17, "value": 1, "color": "#01cbff", "station_count": 3, "forecast_valid_time": "2026-09-02 14:00:00+00:00", "model": "Cubist weighted IDW" }, "geometry": { "type": "Polygon", "coordinates": [ [ [ -111.7227, 57.6967 ], [ -111.6627, 57.6967 ], [ -111.6627, 57.6367 ], [ -111.7227, 57.6367 ], [ -111.7227, 57.6967 ] ] ] } },
{ "type": "Feature", "properties": { "AQHI_forecast_3h": 1.18, "value": 1, "color": "#01cbff", "station_count": 3, "forecast_valid_time": "2026-09-02 14:00:00+00:00", "model": "Cubist weighted IDW" }, "geometry": { "type": "Polygon", "coordinates": [ [ [ -111.7227, 57.7567 ], [ -111.6627, 57.7567 ], [ -111.6627, 57.6967 ], [ -111.7227, 57.6967 ], [ -111.7227, 57.7567 ] ] ] } },
{ "type": "Feature", "properties": { "AQHI_forecast_3h": 1.19, "value": 1, "color": "#01cbff", "station_count": 3, "forecast_valid_time": "2026-09-02 14:00:00+00:00", "model": "Cubist weighted IDW" }, "geometry": { "type": "Polygon", "coordinates": [ [ [ -111.7227, 57.8167 ], [ -111.6627, 57.8167 ], [ -111.6627, 57.7567 ], [ -111.7227, 57.7567 ], [ -111.7227, 57.8167 ] ] ] } },
{ "type": "Feature", "properties": { "AQHI_forecast_3h": 1.2, "value": 1, "color": "#01cbff", "station_count": 3, "forecast_valid_time": "2026-09-02 14:00:00+00:00", "model": "Cubist weighted IDW" }, "geometry": { "type": "Polygon", "coordinates": [ [ [ -111.7227, 57.8767 ], [ -111.6627, 57.8767 ], [ -111.6627, 57.8167 ], [ -111.7227, 57.8167 ], [ -111.7227, 57.8767 ] ] ] } },
{ "type": "Feature", "properties": { "AQHI_forecast_3h": 1.22, "value": 1, "color": "#01cbff", "station_count": 3, "forecast_valid_time": "2026-09-02 14:00:00+00:00", "model": "Cubist weighted IDW" }, "geometry": { "type": "Polygon", "coordinates": [ [ [ -111.7227, 57.9367 ], [ -111.6627, 57.9367 ], [ -111.6627, 57.8767 ], [ -111.7227, 57.8767 ], [ -111.7227, 57.9367 ] ] ] } },
{ "type": "Feature", "properties": { "AQHI_forecast_3h": 1.24, "value": 1, "color": "#01cbff", "station_count": 3, "forecast_valid_time": "2026-09-02 14:00:00+00:00", "model": "Cubist weighted IDW" }, "geometry": { "type": "Polygon", "coordinates": [ [ [ -111.7227, 57.9967 ], [ -111.6627, 57.9967 ], [ -111.6627, 57.9367 ], [ -111.7227, 57.9367 ], [ -111.7227, 57.9967 ] ] ] } },
{ "type": "Feature", "properties": { "AQHI_forecast_3h": 1.27, "value": 1, "color": "#01cbff", "station_count": 3, "forecast_valid_time": "2026-09-02 14:00:00+00:00", "model": "Cubist weighted IDW" }, "geometry": { "type": "Polygon", "coordinates": [ [ [ -111.7227, 58.0567 ], [ -111.6627, 58.0567 ], [ -111.6627, 57.9967 ], [ -111.7227, 57.9967 ], [ -111.7227, 58.0567 ] ] ] } },
{ "type": "Feature", "properties": { "AQHI_forecast_3h": 1.29, "value": 1, "color": "#01cbff", "station_count": 3, "forecast_valid_time": "2026-09-02 14:00:00+00:00", "model": "Cubist weighted IDW" }, "geometry": { "type": "Polygon", "coordinates": [ [ [ -111.7227, 58.1167 ], [ -111.6627, 58.1167 ], [ -111.6627, 58.0567 ], [ -111.7227, 58.0567 ], [ -111.7227, 58.1167 ] ] ] } },
{ "type": "Feature", "properties": { "AQHI_forecast_3h": 1.31, "value": 1, "color": "#01cbff", "station_count": 3, "forecast_valid_time": "2026-09-02 14:00:00+00:00", "model": "Cubist weighted IDW" }, "geometry": { "type": "Polygon", "coordinates": [ [ [ -111.7227, 58.1767 ], [ -111.6627, 58.1767 ], [ -111.6627, 58.1167 ], [ -111.7227, 58.1167 ], [ -111.7227, 58.1767 ] ] ] } },
{ "type": "Feature", "properties": { "AQHI_forecast_3h": 1.34, "value": 1, "color": "#01cbff", "station_count": 3, "forecast_valid_time": "2026-09-02 14:00:00+00:00", "model": "Cubist weighted IDW" }, "geometry": { "type": "Polygon", "coordinates": [ [ [ -111.7227, 58.2367 ], [ -111.6627, 58.2367 ], [ -111.6627, 58.1767 ], [ -111.7227, 58.1767 ], [ -111.7227, 58.2367 ] ] ] } },
{ "type": "Feature", "properties": { "AQHI_forecast_3h": 1.36, "value": 1, "color": "#01cbff", "station_count": 3, "forecast_valid_time": "2026-09-02 14:00:00+00:00", "model": "Cubist weighted IDW" }, "geometry": { "type": "Polygon", "coordinates": [ [ [ -111.7227, 58.2967 ], [ -111.6627, 58.2967 ], [ -111.6627, 58.2367 ], [ -111.7227, 58.2367 ], [ -111.7227, 58.2967 ] ] ] } },
{ "type": "Feature", "properties": { "AQHI_forecast_3h": 1.38, "value": 1, "color": "#01cbff", "station_count": 3, "forecast_valid_time": "2026-09-02 14:00:00+00:00", "model": "Cubist weighted IDW" }, "geometry": { "type": "Polygon", "coordinates": [ [ [ -111.7227, 58.3567 ], [ -111.6627, 58.3567 ], [ -111.6627, 58.2967 ], [ -111.7227, 58.2967 ], [ -111.7227, 58.3567 ] ] ] } },
{ "type": "Feature", "properties": { "AQHI_forecast_3h": 1.4, "value": 1, "color": "#01cbff", "station_count": 3, "forecast_valid_time": "2026-09-02 14:00:00+00:00", "model": "Cubist weighted IDW" }, "geometry": { "type": "Polygon", "coordinates": [ [ [ -111.7227, 58.4167 ], [ -111.6627, 58.4167 ], [ -111.6627, 58.3567 ], [ -111.7227, 58.3567 ], [ -111.7227, 58.4167 ] ] ] } },
{ "type": "Feature", "properties": { "AQHI_forecast_3h": 1.42, "value": 1, "color": "#01cbff", "station_count": 3, "forecast_valid_time": "2026-09-02 14:00:00+00:00", "model": "Cubist weighted IDW" }, "geometry": { "type": "Polygon", "coordinates": [ [ [ -111.7227, 58.4767 ], [ -111.6627, 58.4767 ], [ -111.6627, 58.4167 ], [ -111.7227, 58.4167 ], [ -111.7227, 58.4767 ] ] ] } },
{ "type": "Feature", "properties": { "AQHI_forecast_3h": 1.14, "value": 1, "color": "#01cbff", "station_count": 3, "forecast_valid_time": "2026-09-02 14:00:00+00:00", "model": "Cubist weighted IDW" }, "geometry": { "type": "Polygon", "coordinates": [ [ [ -111.6627, 57.4567 ], [ -111.6027, 57.4567 ], [ -111.6027, 57.3967 ], [ -111.6627, 57.3967 ], [ -111.6627, 57.4567 ] ] ] } },
{ "type": "Feature", "properties": { "AQHI_forecast_3h": 1.15, "value": 1, "color": "#01cbff", "station_count": 3, "forecast_valid_time": "2026-09-02 14:00:00+00:00", "model": "Cubist weighted IDW" }, "geometry": { "type": "Polygon", "coordinates": [ [ [ -111.6627, 57.5167 ], [ -111.6027, 57.5167 ], [ -111.6027, 57.4567 ], [ -111.6627, 57.4567 ], [ -111.6627, 57.5167 ] ] ] } },
{ "type": "Feature", "properties": { "AQHI_forecast_3h": 1.15, "value": 1, "color": "#01cbff", "station_count": 3, "forecast_valid_time": "2026-09-02 14:00:00+00:00", "model": "Cubist weighted IDW" }, "geometry": { "type": "Polygon", "coordinates": [ [ [ -111.6627, 57.5767 ], [ -111.6027, 57.5767 ], [ -111.6027, 57.5167 ], [ -111.6627, 57.5167 ], [ -111.6627, 57.5767 ] ] ] } },
{ "type": "Feature", "properties": { "AQHI_forecast_3h": 1.16, "value": 1, "color": "#01cbff", "station_count": 3, "forecast_valid_time": "2026-09-02 14:00:00+00:00", "model": "Cubist weighted IDW" }, "geometry": { "type": "Polygon", "coordinates": [ [ [ -111.6627, 57.6367 ], [ -111.6027, 57.6367 ], [ -111.6027, 57.5767 ], [ -111.6627, 57.5767 ], [ -111.6627, 57.6367 ] ] ] } },
{ "type": "Feature", "properties": { "AQHI_forecast_3h": 1.17, "value": 1, "color": "#01cbff", "station_count": 3, "forecast_valid_time": "2026-09-02 14:00:00+00:00", "model": "Cubist weighted IDW" }, "geometry": { "type": "Polygon", "coordinates": [ [ [ -111.6627, 57.6967 ], [ -111.6027, 57.6967 ], [ -111.6027, 57.6367 ], [ -111.6627, 57.6367 ], [ -111.6627, 57.6967 ] ] ] } },
{ "type": "Feature", "properties": { "AQHI_forecast_3h": 1.18, "value": 1, "color": "#01cbff", "station_count": 3, "forecast_valid_time": "2026-09-02 14:00:00+00:00", "model": "Cubist weighted IDW" }, "geometry": { "type": "Polygon", "coordinates": [ [ [ -111.6627, 57.7567 ], [ -111.6027, 57.7567 ], [ -111.6027, 57.6967 ], [ -111.6627, 57.6967 ], [ -111.6627, 57.7567 ] ] ] } },
{ "type": "Feature", "properties": { "AQHI_forecast_3h": 1.19, "value": 1, "color": "#01cbff", "station_count": 3, "forecast_valid_time": "2026-09-02 14:00:00+00:00", "model": "Cubist weighted IDW" }, "geometry": { "type": "Polygon", "coordinates": [ [ [ -111.6627, 57.8167 ], [ -111.6027, 57.8167 ], [ -111.6027, 57.7567 ], [ -111.6627, 57.7567 ], [ -111.6627, 57.8167 ] ] ] } },
{ "type": "Feature", "properties": { "AQHI_forecast_3h": 1.21, "value": 1, "color": "#01cbff", "station_count": 3, "forecast_valid_time": "2026-09-02 14:00:00+00:00", "model": "Cubist weighted IDW" }, "geometry": { "type": "Polygon", "coordinates": [ [ [ -111.6627, 57.8767 ], [ -111.6027, 57.8767 ], [ -111.6027, 57.8167 ], [ -111.6627, 57.8167 ], [ -111.6627, 57.8767 ] ] ] } },
{ "type": "Feature", "properties": { "AQHI_forecast_3h": 1.22, "value": 1, "color": "#01cbff", "station_count": 3, "forecast_valid_time": "2026-09-02 14:00:00+00:00", "model": "Cubist weighted IDW" }, "geometry": { "type": "Polygon", "coordinates": [ [ [ -111.6627, 57.9367 ], [ -111.6027, 57.9367 ], [ -111.6027, 57.8767 ], [ -111.6627, 57.8767 ], [ -111.6627, 57.9367 ] ] ] } },
{ "type": "Feature", "properties": { "AQHI_forecast_3h": 1.24, "value": 1, "color": "#01cbff", "station_count": 3, "forecast_valid_time": "2026-09-02 14:00:00+00:00", "model": "Cubist weighted IDW" }, "geometry": { "type": "Polygon", "coordinates": [ [ [ -111.6627, 57.9967 ], [ -111.6027, 57.9967 ], [ -111.6027, 57.9367 ], [ -111.6627, 57.9367 ], [ -111.6627, 57.9967 ] ] ] } },
{ "type": "Feature", "properties": { "AQHI_forecast_3h": 1.27, "value": 1, "color": "#01cbff", "station_count": 3, "forecast_valid_time": "2026-09-02 14:00:00+00:00", "model": "Cubist weighted IDW" }, "geometry": { "type": "Polygon", "coordinates": [ [ [ -111.6627, 58.0567 ], [ -111.6027, 58.0567 ], [ -111.6027, 57.9967 ], [ -111.6627, 57.9967 ], [ -111.6627, 58.0567 ] ] ] } },
{ "type": "Feature", "properties": { "AQHI_forecast_3h": 1.29, "value": 1, "color": "#01cbff", "station_count": 3, "forecast_valid_time": "2026-09-02 14:00:00+00:00", "model": "Cubist weighted IDW" }, "geometry": { "type": "Polygon", "coordinates": [ [ [ -111.6627, 58.1167 ], [ -111.6027, 58.1167 ], [ -111.6027, 58.0567 ], [ -111.6627, 58.0567 ], [ -111.6627, 58.1167 ] ] ] } },
{ "type": "Feature", "properties": { "AQHI_forecast_3h": 1.32, "value": 1, "color": "#01cbff", "station_count": 3, "forecast_valid_time": "2026-09-02 14:00:00+00:00", "model": "Cubist weighted IDW" }, "geometry": { "type": "Polygon", "coordinates": [ [ [ -111.6627, 58.1767 ], [ -111.6027, 58.1767 ], [ -111.6027, 58.1167 ], [ -111.6627, 58.1167 ], [ -111.6627, 58.1767 ] ] ] } },
{ "type": "Feature", "properties": { "AQHI_forecast_3h": 1.34, "value": 1, "color": "#01cbff", "station_count": 3, "forecast_valid_time": "2026-09-02 14:00:00+00:00", "model": "Cubist weighted IDW" }, "geometry": { "type": "Polygon", "coordinates": [ [ [ -111.6627, 58.2367 ], [ -111.6027, 58.2367 ], [ -111.6027, 58.1767 ], [ -111.6627, 58.1767 ], [ -111.6627, 58.2367 ] ] ] } },
{ "type": "Feature", "properties": { "AQHI_forecast_3h": 1.36, "value": 1, "color": "#01cbff", "station_count": 3, "forecast_valid_time": "2026-09-02 14:00:00+00:00", "model": "Cubist weighted IDW" }, "geometry": { "type": "Polygon", "coordinates": [ [ [ -111.6627, 58.2967 ], [ -111.6027, 58.2967 ], [ -111.6027, 58.2367 ], [ -111.6627, 58.2367 ], [ -111.6627, 58.2967 ] ] ] } },
{ "type": "Feature", "properties": { "AQHI_forecast_3h": 1.39, "value": 1, "color": "#01cbff", "station_count": 3, "forecast_valid_time": "2026-09-02 14:00:00+00:00", "model": "Cubist weighted IDW" }, "geometry": { "type": "Polygon", "coordinates": [ [ [ -111.6627, 58.3567 ], [ -111.6027, 58.3567 ], [ -111.6027, 58.2967 ], [ -111.6627, 58.2967 ], [ -111.6627, 58.3567 ] ] ] } },
{ "type": "Feature", "properties": { "AQHI_forecast_3h": 1.4, "value": 1, "color": "#01cbff", "station_count": 3, "forecast_valid_time": "2026-09-02 14:00:00+00:00", "model": "Cubist weighted IDW" }, "geometry": { "type": "Polygon", "coordinates": [ [ [ -111.6627, 58.4167 ], [ -111.6027, 58.4167 ], [ -111.6027, 58.3567 ], [ -111.6627, 58.3567 ], [ -111.6627, 58.4167 ] ] ] } },
{ "type": "Feature", "properties": { "AQHI_forecast_3h": 1.42, "value": 1, "color": "#01cbff", "station_count": 3, "forecast_valid_time": "2026-09-02 14:00:00+00:00", "model": "Cubist weighted IDW" }, "geometry": { "type": "Polygon", "coordinates": [ [ [ -111.6627, 58.4767 ], [ -111.6027, 58.4767 ], [ -111.6027, 58.4167 ], [ -111.6627, 58.4167 ], [ -111.6627, 58.4767 ] ] ] } },
{ "type": "Feature", "properties": { "AQHI_forecast_3h": 1.14, "value": 1, "color": "#01cbff", "station_count": 3, "forecast_valid_time": "2026-09-02 14:00:00+00:00", "model": "Cubist weighted IDW" }, "geometry": { "type": "Polygon", "coordinates": [ [ [ -111.6027, 57.4567 ], [ -111.5427, 57.4567 ], [ -111.5427, 57.3967 ], [ -111.6027, 57.3967 ], [ -111.6027, 57.4567 ] ] ] } },
{ "type": "Feature", "properties": { "AQHI_forecast_3h": 1.15, "value": 1, "color": "#01cbff", "station_count": 3, "forecast_valid_time": "2026-09-02 14:00:00+00:00", "model": "Cubist weighted IDW" }, "geometry": { "type": "Polygon", "coordinates": [ [ [ -111.6027, 57.5167 ], [ -111.5427, 57.5167 ], [ -111.5427, 57.4567 ], [ -111.6027, 57.4567 ], [ -111.6027, 57.5167 ] ] ] } },
{ "type": "Feature", "properties": { "AQHI_forecast_3h": 1.15, "value": 1, "color": "#01cbff", "station_count": 3, "forecast_valid_time": "2026-09-02 14:00:00+00:00", "model": "Cubist weighted IDW" }, "geometry": { "type": "Polygon", "coordinates": [ [ [ -111.6027, 57.5767 ], [ -111.5427, 57.5767 ], [ -111.5427, 57.5167 ], [ -111.6027, 57.5167 ], [ -111.6027, 57.5767 ] ] ] } },
{ "type": "Feature", "properties": { "AQHI_forecast_3h": 1.16, "value": 1, "color": "#01cbff", "station_count": 3, "forecast_valid_time": "2026-09-02 14:00:00+00:00", "model": "Cubist weighted IDW" }, "geometry": { "type": "Polygon", "coordinates": [ [ [ -111.6027, 57.6367 ], [ -111.5427, 57.6367 ], [ -111.5427, 57.5767 ], [ -111.6027, 57.5767 ], [ -111.6027, 57.6367 ] ] ] } },
{ "type": "Feature", "properties": { "AQHI_forecast_3h": 1.17, "value": 1, "color": "#01cbff", "station_count": 3, "forecast_valid_time": "2026-09-02 14:00:00+00:00", "model": "Cubist weighted IDW" }, "geometry": { "type": "Polygon", "coordinates": [ [ [ -111.6027, 57.6967 ], [ -111.5427, 57.6967 ], [ -111.5427, 57.6367 ], [ -111.6027, 57.6367 ], [ -111.6027, 57.6967 ] ] ] } },
{ "type": "Feature", "properties": { "AQHI_forecast_3h": 1.18, "value": 1, "color": "#01cbff", "station_count": 3, "forecast_valid_time": "2026-09-02 14:00:00+00:00", "model": "Cubist weighted IDW" }, "geometry": { "type": "Polygon", "coordinates": [ [ [ -111.6027, 57.7567 ], [ -111.5427, 57.7567 ], [ -111.5427, 57.6967 ], [ -111.6027, 57.6967 ], [ -111.6027, 57.7567 ] ] ] } },
{ "type": "Feature", "properties": { "AQHI_forecast_3h": 1.19, "value": 1, "color": "#01cbff", "station_count": 3, "forecast_valid_time": "2026-09-02 14:00:00+00:00", "model": "Cubist weighted IDW" }, "geometry": { "type": "Polygon", "coordinates": [ [ [ -111.6027, 57.8167 ], [ -111.5427, 57.8167 ], [ -111.5427, 57.7567 ], [ -111.6027, 57.7567 ], [ -111.6027, 57.8167 ] ] ] } },
{ "type": "Feature", "properties": { "AQHI_forecast_3h": 1.21, "value": 1, "color": "#01cbff", "station_count": 3, "forecast_valid_time": "2026-09-02 14:00:00+00:00", "model": "Cubist weighted IDW" }, "geometry": { "type": "Polygon", "coordinates": [ [ [ -111.6027, 57.8767 ], [ -111.5427, 57.8767 ], [ -111.5427, 57.8167 ], [ -111.6027, 57.8167 ], [ -111.6027, 57.8767 ] ] ] } },
{ "type": "Feature", "properties": { "AQHI_forecast_3h": 1.23, "value": 1, "color": "#01cbff", "station_count": 3, "forecast_valid_time": "2026-09-02 14:00:00+00:00", "model": "Cubist weighted IDW" }, "geometry": { "type": "Polygon", "coordinates": [ [ [ -111.6027, 57.9367 ], [ -111.5427, 57.9367 ], [ -111.5427, 57.8767 ], [ -111.6027, 57.8767 ], [ -111.6027, 57.9367 ] ] ] } },
{ "type": "Feature", "properties": { "AQHI_forecast_3h": 1.25, "value": 1, "color": "#01cbff", "station_count": 3, "forecast_valid_time": "2026-09-02 14:00:00+00:00", "model": "Cubist weighted IDW" }, "geometry": { "type": "Polygon", "coordinates": [ [ [ -111.6027, 57.9967 ], [ -111.5427, 57.9967 ], [ -111.5427, 57.9367 ], [ -111.6027, 57.9367 ], [ -111.6027, 57.9967 ] ] ] } },
{ "type": "Feature", "properties": { "AQHI_forecast_3h": 1.27, "value": 1, "color": "#01cbff", "station_count": 3, "forecast_valid_time": "2026-09-02 14:00:00+00:00", "model": "Cubist weighted IDW" }, "geometry": { "type": "Polygon", "coordinates": [ [ [ -111.6027, 58.0567 ], [ -111.5427, 58.0567 ], [ -111.5427, 57.9967 ], [ -111.6027, 57.9967 ], [ -111.6027, 58.0567 ] ] ] } },
{ "type": "Feature", "properties": { "AQHI_forecast_3h": 1.29, "value": 1, "color": "#01cbff", "station_count": 3, "forecast_valid_time": "2026-09-02 14:00:00+00:00", "model": "Cubist weighted IDW" }, "geometry": { "type": "Polygon", "coordinates": [ [ [ -111.6027, 58.1167 ], [ -111.5427, 58.1167 ], [ -111.5427, 58.0567 ], [ -111.6027, 58.0567 ], [ -111.6027, 58.1167 ] ] ] } },
{ "type": "Feature", "properties": { "AQHI_forecast_3h": 1.32, "value": 1, "color": "#01cbff", "station_count": 3, "forecast_valid_time": "2026-09-02 14:00:00+00:00", "model": "Cubist weighted IDW" }, "geometry": { "type": "Polygon", "coordinates": [ [ [ -111.6027, 58.1767 ], [ -111.5427, 58.1767 ], [ -111.5427, 58.1167 ], [ -111.6027, 58.1167 ], [ -111.6027, 58.1767 ] ] ] } },
{ "type": "Feature", "properties": { "AQHI_forecast_3h": 1.35, "value": 1, "color": "#01cbff", "station_count": 3, "forecast_valid_time": "2026-09-02 14:00:00+00:00", "model": "Cubist weighted IDW" }, "geometry": { "type": "Polygon", "coordinates": [ [ [ -111.6027, 58.2367 ], [ -111.5427, 58.2367 ], [ -111.5427, 58.1767 ], [ -111.6027, 58.1767 ], [ -111.6027, 58.2367 ] ] ] } },
{ "type": "Feature", "properties": { "AQHI_forecast_3h": 1.37, "value": 1, "color": "#01cbff", "station_count": 3, "forecast_valid_time": "2026-09-02 14:00:00+00:00", "model": "Cubist weighted IDW" }, "geometry": { "type": "Polygon", "coordinates": [ [ [ -111.6027, 58.2967 ], [ -111.5427, 58.2967 ], [ -111.5427, 58.2367 ], [ -111.6027, 58.2367 ], [ -111.6027, 58.2967 ] ] ] } },
{ "type": "Feature", "properties": { "AQHI_forecast_3h": 1.39, "value": 1, "color": "#01cbff", "station_count": 3, "forecast_valid_time": "2026-09-02 14:00:00+00:00", "model": "Cubist weighted IDW" }, "geometry": { "type": "Polygon", "coordinates": [ [ [ -111.6027, 58.3567 ], [ -111.5427, 58.3567 ], [ -111.5427, 58.2967 ], [ -111.6027, 58.2967 ], [ -111.6027, 58.3567 ] ] ] } },
{ "type": "Feature", "properties": { "AQHI_forecast_3h": 1.41, "value": 1, "color": "#01cbff", "station_count": 3, "forecast_valid_time": "2026-09-02 14:00:00+00:00", "model": "Cubist weighted IDW" }, "geometry": { "type": "Polygon", "coordinates": [ [ [ -111.6027, 58.4167 ], [ -111.5427, 58.4167 ], [ -111.5427, 58.3567 ], [ -111.6027, 58.3567 ], [ -111.6027, 58.4167 ] ] ] } },
{ "type": "Feature", "properties": { "AQHI_forecast_3h": 1.42, "value": 1, "color": "#01cbff", "station_count": 3, "forecast_valid_time": "2026-09-02 14:00:00+00:00", "model": "Cubist weighted IDW" }, "geometry": { "type": "Polygon", "coordinates": [ [ [ -111.6027, 58.4767 ], [ -111.5427, 58.4767 ], [ -111.5427, 58.4167 ], [ -111.6027, 58.4167 ], [ -111.6027, 58.4767 ] ] ] } },
{ "type": "Feature", "properties": { "AQHI_forecast_3h": 1.14, "value": 1, "color": "#01cbff", "station_count": 3, "forecast_valid_time": "2026-09-02 14:00:00+00:00", "model": "Cubist weighted IDW" }, "geometry": { "type": "Polygon", "coordinates": [ [ [ -111.5427, 57.4567 ], [ -111.4827, 57.4567 ], [ -111.4827, 57.3967 ], [ -111.5427, 57.3967 ], [ -111.5427, 57.4567 ] ] ] } },
{ "type": "Feature", "properties": { "AQHI_forecast_3h": 1.15, "value": 1, "color": "#01cbff", "station_count": 3, "forecast_valid_time": "2026-09-02 14:00:00+00:00", "model": "Cubist weighted IDW" }, "geometry": { "type": "Polygon", "coordinates": [ [ [ -111.5427, 57.5167 ], [ -111.4827, 57.5167 ], [ -111.4827, 57.4567 ], [ -111.5427, 57.4567 ], [ -111.5427, 57.5167 ] ] ] } },
{ "type": "Feature", "properties": { "AQHI_forecast_3h": 1.15, "value": 1, "color": "#01cbff", "station_count": 3, "forecast_valid_time": "2026-09-02 14:00:00+00:00", "model": "Cubist weighted IDW" }, "geometry": { "type": "Polygon", "coordinates": [ [ [ -111.5427, 57.5767 ], [ -111.4827, 57.5767 ], [ -111.4827, 57.5167 ], [ -111.5427, 57.5167 ], [ -111.5427, 57.5767 ] ] ] } },
{ "type": "Feature", "properties": { "AQHI_forecast_3h": 1.16, "value": 1, "color": "#01cbff", "station_count": 3, "forecast_valid_time": "2026-09-02 14:00:00+00:00", "model": "Cubist weighted IDW" }, "geometry": { "type": "Polygon", "coordinates": [ [ [ -111.5427, 57.6367 ], [ -111.4827, 57.6367 ], [ -111.4827, 57.5767 ], [ -111.5427, 57.5767 ], [ -111.5427, 57.6367 ] ] ] } },
{ "type": "Feature", "properties": { "AQHI_forecast_3h": 1.17, "value": 1, "color": "#01cbff", "station_count": 3, "forecast_valid_time": "2026-09-02 14:00:00+00:00", "model": "Cubist weighted IDW" }, "geometry": { "type": "Polygon", "coordinates": [ [ [ -111.5427, 57.6967 ], [ -111.4827, 57.6967 ], [ -111.4827, 57.6367 ], [ -111.5427, 57.6367 ], [ -111.5427, 57.6967 ] ] ] } },
{ "type": "Feature", "properties": { "AQHI_forecast_3h": 1.18, "value": 1, "color": "#01cbff", "station_count": 3, "forecast_valid_time": "2026-09-02 14:00:00+00:00", "model": "Cubist weighted IDW" }, "geometry": { "type": "Polygon", "coordinates": [ [ [ -111.5427, 57.7567 ], [ -111.4827, 57.7567 ], [ -111.4827, 57.6967 ], [ -111.5427, 57.6967 ], [ -111.5427, 57.7567 ] ] ] } },
{ "type": "Feature", "properties": { "AQHI_forecast_3h": 1.19, "value": 1, "color": "#01cbff", "station_count": 3, "forecast_valid_time": "2026-09-02 14:00:00+00:00", "model": "Cubist weighted IDW" }, "geometry": { "type": "Polygon", "coordinates": [ [ [ -111.5427, 57.8167 ], [ -111.4827, 57.8167 ], [ -111.4827, 57.7567 ], [ -111.5427, 57.7567 ], [ -111.5427, 57.8167 ] ] ] } },
{ "type": "Feature", "properties": { "AQHI_forecast_3h": 1.21, "value": 1, "color": "#01cbff", "station_count": 3, "forecast_valid_time": "2026-09-02 14:00:00+00:00", "model": "Cubist weighted IDW" }, "geometry": { "type": "Polygon", "coordinates": [ [ [ -111.5427, 57.8767 ], [ -111.4827, 57.8767 ], [ -111.4827, 57.8167 ], [ -111.5427, 57.8167 ], [ -111.5427, 57.8767 ] ] ] } },
{ "type": "Feature", "properties": { "AQHI_forecast_3h": 1.23, "value": 1, "color": "#01cbff", "station_count": 3, "forecast_valid_time": "2026-09-02 14:00:00+00:00", "model": "Cubist weighted IDW" }, "geometry": { "type": "Polygon", "coordinates": [ [ [ -111.5427, 57.9367 ], [ -111.4827, 57.9367 ], [ -111.4827, 57.8767 ], [ -111.5427, 57.8767 ], [ -111.5427, 57.9367 ] ] ] } },
{ "type": "Feature", "properties": { "AQHI_forecast_3h": 1.25, "value": 1, "color": "#01cbff", "station_count": 3, "forecast_valid_time": "2026-09-02 14:00:00+00:00", "model": "Cubist weighted IDW" }, "geometry": { "type": "Polygon", "coordinates": [ [ [ -111.5427, 57.9967 ], [ -111.4827, 57.9967 ], [ -111.4827, 57.9367 ], [ -111.5427, 57.9367 ], [ -111.5427, 57.9967 ] ] ] } },
{ "type": "Feature", "properties": { "AQHI_forecast_3h": 1.27, "value": 1, "color": "#01cbff", "station_count": 3, "forecast_valid_time": "2026-09-02 14:00:00+00:00", "model": "Cubist weighted IDW" }, "geometry": { "type": "Polygon", "coordinates": [ [ [ -111.5427, 58.0567 ], [ -111.4827, 58.0567 ], [ -111.4827, 57.9967 ], [ -111.5427, 57.9967 ], [ -111.5427, 58.0567 ] ] ] } },
{ "type": "Feature", "properties": { "AQHI_forecast_3h": 1.3, "value": 1, "color": "#01cbff", "station_count": 3, "forecast_valid_time": "2026-09-02 14:00:00+00:00", "model": "Cubist weighted IDW" }, "geometry": { "type": "Polygon", "coordinates": [ [ [ -111.5427, 58.1167 ], [ -111.4827, 58.1167 ], [ -111.4827, 58.0567 ], [ -111.5427, 58.0567 ], [ -111.5427, 58.1167 ] ] ] } },
{ "type": "Feature", "properties": { "AQHI_forecast_3h": 1.32, "value": 1, "color": "#01cbff", "station_count": 3, "forecast_valid_time": "2026-09-02 14:00:00+00:00", "model": "Cubist weighted IDW" }, "geometry": { "type": "Polygon", "coordinates": [ [ [ -111.5427, 58.1767 ], [ -111.4827, 58.1767 ], [ -111.4827, 58.1167 ], [ -111.5427, 58.1167 ], [ -111.5427, 58.1767 ] ] ] } },
{ "type": "Feature", "properties": { "AQHI_forecast_3h": 1.35, "value": 1, "color": "#01cbff", "station_count": 3, "forecast_valid_time": "2026-09-02 14:00:00+00:00", "model": "Cubist weighted IDW" }, "geometry": { "type": "Polygon", "coordinates": [ [ [ -111.5427, 58.2367 ], [ -111.4827, 58.2367 ], [ -111.4827, 58.1767 ], [ -111.5427, 58.1767 ], [ -111.5427, 58.2367 ] ] ] } },
{ "type": "Feature", "properties": { "AQHI_forecast_3h": 1.37, "value": 1, "color": "#01cbff", "station_count": 3, "forecast_valid_time": "2026-09-02 14:00:00+00:00", "model": "Cubist weighted IDW" }, "geometry": { "type": "Polygon", "coordinates": [ [ [ -111.5427, 58.2967 ], [ -111.4827, 58.2967 ], [ -111.4827, 58.2367 ], [ -111.5427, 58.2367 ], [ -111.5427, 58.2967 ] ] ] } },
{ "type": "Feature", "properties": { "AQHI_forecast_3h": 1.39, "value": 1, "color": "#01cbff", "station_count": 3, "forecast_valid_time": "2026-09-02 14:00:00+00:00", "model": "Cubist weighted IDW" }, "geometry": { "type": "Polygon", "coordinates": [ [ [ -111.5427, 58.3567 ], [ -111.4827, 58.3567 ], [ -111.4827, 58.2967 ], [ -111.5427, 58.2967 ], [ -111.5427, 58.3567 ] ] ] } },
{ "type": "Feature", "properties": { "AQHI_forecast_3h": 1.41, "value": 1, "color": "#01cbff", "station_count": 3, "forecast_valid_time": "2026-09-02 14:00:00+00:00", "model": "Cubist weighted IDW" }, "geometry": { "type": "Polygon", "coordinates": [ [ [ -111.5427, 58.4167 ], [ -111.4827, 58.4167 ], [ -111.4827, 58.3567 ], [ -111.5427, 58.3567 ], [ -111.5427, 58.4167 ] ] ] } },
{ "type": "Feature", "properties": { "AQHI_forecast_3h": 1.43, "value": 1, "color": "#01cbff", "station_count": 3, "forecast_valid_time": "2026-09-02 14:00:00+00:00", "model": "Cubist weighted IDW" }, "geometry": { "type": "Polygon", "coordinates": [ [ [ -111.5427, 58.4767 ], [ -111.4827, 58.4767 ], [ -111.4827, 58.4167 ], [ -111.5427, 58.4167 ], [ -111.5427, 58.4767 ] ] ] } },
{ "type": "Feature", "properties": { "AQHI_forecast_3h": 1.14, "value": 1, "color": "#01cbff", "station_count": 3, "forecast_valid_time": "2026-09-02 14:00:00+00:00", "model": "Cubist weighted IDW" }, "geometry": { "type": "Polygon", "coordinates": [ [ [ -111.4827, 57.4567 ], [ -111.4227, 57.4567 ], [ -111.4227, 57.3967 ], [ -111.4827, 57.3967 ], [ -111.4827, 57.4567 ] ] ] } },
{ "type": "Feature", "properties": { "AQHI_forecast_3h": 1.15, "value": 1, "color": "#01cbff", "station_count": 3, "forecast_valid_time": "2026-09-02 14:00:00+00:00", "model": "Cubist weighted IDW" }, "geometry": { "type": "Polygon", "coordinates": [ [ [ -111.4827, 57.5167 ], [ -111.4227, 57.5167 ], [ -111.4227, 57.4567 ], [ -111.4827, 57.4567 ], [ -111.4827, 57.5167 ] ] ] } },
{ "type": "Feature", "properties": { "AQHI_forecast_3h": 1.15, "value": 1, "color": "#01cbff", "station_count": 3, "forecast_valid_time": "2026-09-02 14:00:00+00:00", "model": "Cubist weighted IDW" }, "geometry": { "type": "Polygon", "coordinates": [ [ [ -111.4827, 57.5767 ], [ -111.4227, 57.5767 ], [ -111.4227, 57.5167 ], [ -111.4827, 57.5167 ], [ -111.4827, 57.5767 ] ] ] } },
{ "type": "Feature", "properties": { "AQHI_forecast_3h": 1.16, "value": 1, "color": "#01cbff", "station_count": 3, "forecast_valid_time": "2026-09-02 14:00:00+00:00", "model": "Cubist weighted IDW" }, "geometry": { "type": "Polygon", "coordinates": [ [ [ -111.4827, 57.6367 ], [ -111.4227, 57.6367 ], [ -111.4227, 57.5767 ], [ -111.4827, 57.5767 ], [ -111.4827, 57.6367 ] ] ] } },
{ "type": "Feature", "properties": { "AQHI_forecast_3h": 1.17, "value": 1, "color": "#01cbff", "station_count": 3, "forecast_valid_time": "2026-09-02 14:00:00+00:00", "model": "Cubist weighted IDW" }, "geometry": { "type": "Polygon", "coordinates": [ [ [ -111.4827, 57.6967 ], [ -111.4227, 57.6967 ], [ -111.4227, 57.6367 ], [ -111.4827, 57.6367 ], [ -111.4827, 57.6967 ] ] ] } },
{ "type": "Feature", "properties": { "AQHI_forecast_3h": 1.18, "value": 1, "color": "#01cbff", "station_count": 3, "forecast_valid_time": "2026-09-02 14:00:00+00:00", "model": "Cubist weighted IDW" }, "geometry": { "type": "Polygon", "coordinates": [ [ [ -111.4827, 57.7567 ], [ -111.4227, 57.7567 ], [ -111.4227, 57.6967 ], [ -111.4827, 57.6967 ], [ -111.4827, 57.7567 ] ] ] } },
{ "type": "Feature", "properties": { "AQHI_forecast_3h": 1.19, "value": 1, "color": "#01cbff", "station_count": 3, "forecast_valid_time": "2026-09-02 14:00:00+00:00", "model": "Cubist weighted IDW" }, "geometry": { "type": "Polygon", "coordinates": [ [ [ -111.4827, 57.8167 ], [ -111.4227, 57.8167 ], [ -111.4227, 57.7567 ], [ -111.4827, 57.7567 ], [ -111.4827, 57.8167 ] ] ] } },
{ "type": "Feature", "properties": { "AQHI_forecast_3h": 1.21, "value": 1, "color": "#01cbff", "station_count": 3, "forecast_valid_time": "2026-09-02 14:00:00+00:00", "model": "Cubist weighted IDW" }, "geometry": { "type": "Polygon", "coordinates": [ [ [ -111.4827, 57.8767 ], [ -111.4227, 57.8767 ], [ -111.4227, 57.8167 ], [ -111.4827, 57.8167 ], [ -111.4827, 57.8767 ] ] ] } },
{ "type": "Feature", "properties": { "AQHI_forecast_3h": 1.23, "value": 1, "color": "#01cbff", "station_count": 3, "forecast_valid_time": "2026-09-02 14:00:00+00:00", "model": "Cubist weighted IDW" }, "geometry": { "type": "Polygon", "coordinates": [ [ [ -111.4827, 57.9367 ], [ -111.4227, 57.9367 ], [ -111.4227, 57.8767 ], [ -111.4827, 57.8767 ], [ -111.4827, 57.9367 ] ] ] } },
{ "type": "Feature", "properties": { "AQHI_forecast_3h": 1.25, "value": 1, "color": "#01cbff", "station_count": 3, "forecast_valid_time": "2026-09-02 14:00:00+00:00", "model": "Cubist weighted IDW" }, "geometry": { "type": "Polygon", "coordinates": [ [ [ -111.4827, 57.9967 ], [ -111.4227, 57.9967 ], [ -111.4227, 57.9367 ], [ -111.4827, 57.9367 ], [ -111.4827, 57.9967 ] ] ] } },
{ "type": "Feature", "properties": { "AQHI_forecast_3h": 1.27, "value": 1, "color": "#01cbff", "station_count": 3, "forecast_valid_time": "2026-09-02 14:00:00+00:00", "model": "Cubist weighted IDW" }, "geometry": { "type": "Polygon", "coordinates": [ [ [ -111.4827, 58.0567 ], [ -111.4227, 58.0567 ], [ -111.4227, 57.9967 ], [ -111.4827, 57.9967 ], [ -111.4827, 58.0567 ] ] ] } },
{ "type": "Feature", "properties": { "AQHI_forecast_3h": 1.3, "value": 1, "color": "#01cbff", "station_count": 3, "forecast_valid_time": "2026-09-02 14:00:00+00:00", "model": "Cubist weighted IDW" }, "geometry": { "type": "Polygon", "coordinates": [ [ [ -111.4827, 58.1167 ], [ -111.4227, 58.1167 ], [ -111.4227, 58.0567 ], [ -111.4827, 58.0567 ], [ -111.4827, 58.1167 ] ] ] } },
{ "type": "Feature", "properties": { "AQHI_forecast_3h": 1.33, "value": 1, "color": "#01cbff", "station_count": 3, "forecast_valid_time": "2026-09-02 14:00:00+00:00", "model": "Cubist weighted IDW" }, "geometry": { "type": "Polygon", "coordinates": [ [ [ -111.4827, 58.1767 ], [ -111.4227, 58.1767 ], [ -111.4227, 58.1167 ], [ -111.4827, 58.1167 ], [ -111.4827, 58.1767 ] ] ] } },
{ "type": "Feature", "properties": { "AQHI_forecast_3h": 1.35, "value": 1, "color": "#01cbff", "station_count": 3, "forecast_valid_time": "2026-09-02 14:00:00+00:00", "model": "Cubist weighted IDW" }, "geometry": { "type": "Polygon", "coordinates": [ [ [ -111.4827, 58.2367 ], [ -111.4227, 58.2367 ], [ -111.4227, 58.1767 ], [ -111.4827, 58.1767 ], [ -111.4827, 58.2367 ] ] ] } },
{ "type": "Feature", "properties": { "AQHI_forecast_3h": 1.38, "value": 1, "color": "#01cbff", "station_count": 3, "forecast_valid_time": "2026-09-02 14:00:00+00:00", "model": "Cubist weighted IDW" }, "geometry": { "type": "Polygon", "coordinates": [ [ [ -111.4827, 58.2967 ], [ -111.4227, 58.2967 ], [ -111.4227, 58.2367 ], [ -111.4827, 58.2367 ], [ -111.4827, 58.2967 ] ] ] } },
{ "type": "Feature", "properties": { "AQHI_forecast_3h": 1.4, "value": 1, "color": "#01cbff", "station_count": 3, "forecast_valid_time": "2026-09-02 14:00:00+00:00", "model": "Cubist weighted IDW" }, "geometry": { "type": "Polygon", "coordinates": [ [ [ -111.4827, 58.3567 ], [ -111.4227, 58.3567 ], [ -111.4227, 58.2967 ], [ -111.4827, 58.2967 ], [ -111.4827, 58.3567 ] ] ] } },
{ "type": "Feature", "properties": { "AQHI_forecast_3h": 1.42, "value": 1, "color": "#01cbff", "station_count": 3, "forecast_valid_time": "2026-09-02 14:00:00+00:00", "model": "Cubist weighted IDW" }, "geometry": { "type": "Polygon", "coordinates": [ [ [ -111.4827, 58.4167 ], [ -111.4227, 58.4167 ], [ -111.4227, 58.3567 ], [ -111.4827, 58.3567 ], [ -111.4827, 58.4167 ] ] ] } },
{ "type": "Feature", "properties": { "AQHI_forecast_3h": 1.43, "value": 1, "color": "#01cbff", "station_count": 3, "forecast_valid_time": "2026-09-02 14:00:00+00:00", "model": "Cubist weighted IDW" }, "geometry": { "type": "Polygon", "coordinates": [ [ [ -111.4827, 58.4767 ], [ -111.4227, 58.4767 ], [ -111.4227, 58.4167 ], [ -111.4827, 58.4167 ], [ -111.4827, 58.4767 ] ] ] } },
{ "type": "Feature", "properties": { "AQHI_forecast_3h": 1.14, "value": 1, "color": "#01cbff", "station_count": 3, "forecast_valid_time": "2026-09-02 14:00:00+00:00", "model": "Cubist weighted IDW" }, "geometry": { "type": "Polygon", "coordinates": [ [ [ -111.4227, 57.3967 ], [ -111.3627, 57.3967 ], [ -111.3627, 57.3367 ], [ -111.4227, 57.3367 ], [ -111.4227, 57.3967 ] ] ] } },
{ "type": "Feature", "properties": { "AQHI_forecast_3h": 1.14, "value": 1, "color": "#01cbff", "station_count": 3, "forecast_valid_time": "2026-09-02 14:00:00+00:00", "model": "Cubist weighted IDW" }, "geometry": { "type": "Polygon", "coordinates": [ [ [ -111.4227, 57.4567 ], [ -111.3627, 57.4567 ], [ -111.3627, 57.3967 ], [ -111.4227, 57.3967 ], [ -111.4227, 57.4567 ] ] ] } },
{ "type": "Feature", "properties": { "AQHI_forecast_3h": 1.15, "value": 1, "color": "#01cbff", "station_count": 3, "forecast_valid_time": "2026-09-02 14:00:00+00:00", "model": "Cubist weighted IDW" }, "geometry": { "type": "Polygon", "coordinates": [ [ [ -111.4227, 57.5167 ], [ -111.3627, 57.5167 ], [ -111.3627, 57.4567 ], [ -111.4227, 57.4567 ], [ -111.4227, 57.5167 ] ] ] } },
{ "type": "Feature", "properties": { "AQHI_forecast_3h": 1.15, "value": 1, "color": "#01cbff", "station_count": 3, "forecast_valid_time": "2026-09-02 14:00:00+00:00", "model": "Cubist weighted IDW" }, "geometry": { "type": "Polygon", "coordinates": [ [ [ -111.4227, 57.5767 ], [ -111.3627, 57.5767 ], [ -111.3627, 57.5167 ], [ -111.4227, 57.5167 ], [ -111.4227, 57.5767 ] ] ] } },
{ "type": "Feature", "properties": { "AQHI_forecast_3h": 1.16, "value": 1, "color": "#01cbff", "station_count": 3, "forecast_valid_time": "2026-09-02 14:00:00+00:00", "model": "Cubist weighted IDW" }, "geometry": { "type": "Polygon", "coordinates": [ [ [ -111.4227, 57.6367 ], [ -111.3627, 57.6367 ], [ -111.3627, 57.5767 ], [ -111.4227, 57.5767 ], [ -111.4227, 57.6367 ] ] ] } },
{ "type": "Feature", "properties": { "AQHI_forecast_3h": 1.17, "value": 1, "color": "#01cbff", "station_count": 3, "forecast_valid_time": "2026-09-02 14:00:00+00:00", "model": "Cubist weighted IDW" }, "geometry": { "type": "Polygon", "coordinates": [ [ [ -111.4227, 57.6967 ], [ -111.3627, 57.6967 ], [ -111.3627, 57.6367 ], [ -111.4227, 57.6367 ], [ -111.4227, 57.6967 ] ] ] } },
{ "type": "Feature", "properties": { "AQHI_forecast_3h": 1.18, "value": 1, "color": "#01cbff", "station_count": 3, "forecast_valid_time": "2026-09-02 14:00:00+00:00", "model": "Cubist weighted IDW" }, "geometry": { "type": "Polygon", "coordinates": [ [ [ -111.4227, 57.7567 ], [ -111.3627, 57.7567 ], [ -111.3627, 57.6967 ], [ -111.4227, 57.6967 ], [ -111.4227, 57.7567 ] ] ] } },
{ "type": "Feature", "properties": { "AQHI_forecast_3h": 1.19, "value": 1, "color": "#01cbff", "station_count": 3, "forecast_valid_time": "2026-09-02 14:00:00+00:00", "model": "Cubist weighted IDW" }, "geometry": { "type": "Polygon", "coordinates": [ [ [ -111.4227, 57.8167 ], [ -111.3627, 57.8167 ], [ -111.3627, 57.7567 ], [ -111.4227, 57.7567 ], [ -111.4227, 57.8167 ] ] ] } },
{ "type": "Feature", "properties": { "AQHI_forecast_3h": 1.21, "value": 1, "color": "#01cbff", "station_count": 3, "forecast_valid_time": "2026-09-02 14:00:00+00:00", "model": "Cubist weighted IDW" }, "geometry": { "type": "Polygon", "coordinates": [ [ [ -111.4227, 57.8767 ], [ -111.3627, 57.8767 ], [ -111.3627, 57.8167 ], [ -111.4227, 57.8167 ], [ -111.4227, 57.8767 ] ] ] } },
{ "type": "Feature", "properties": { "AQHI_forecast_3h": 1.23, "value": 1, "color": "#01cbff", "station_count": 3, "forecast_valid_time": "2026-09-02 14:00:00+00:00", "model": "Cubist weighted IDW" }, "geometry": { "type": "Polygon", "coordinates": [ [ [ -111.4227, 57.9367 ], [ -111.3627, 57.9367 ], [ -111.3627, 57.8767 ], [ -111.4227, 57.8767 ], [ -111.4227, 57.9367 ] ] ] } },
{ "type": "Feature", "properties": { "AQHI_forecast_3h": 1.25, "value": 1, "color": "#01cbff", "station_count": 3, "forecast_valid_time": "2026-09-02 14:00:00+00:00", "model": "Cubist weighted IDW" }, "geometry": { "type": "Polygon", "coordinates": [ [ [ -111.4227, 57.9967 ], [ -111.3627, 57.9967 ], [ -111.3627, 57.9367 ], [ -111.4227, 57.9367 ], [ -111.4227, 57.9967 ] ] ] } },
{ "type": "Feature", "properties": { "AQHI_forecast_3h": 1.28, "value": 1, "color": "#01cbff", "station_count": 3, "forecast_valid_time": "2026-09-02 14:00:00+00:00", "model": "Cubist weighted IDW" }, "geometry": { "type": "Polygon", "coordinates": [ [ [ -111.4227, 58.0567 ], [ -111.3627, 58.0567 ], [ -111.3627, 57.9967 ], [ -111.4227, 57.9967 ], [ -111.4227, 58.0567 ] ] ] } },
{ "type": "Feature", "properties": { "AQHI_forecast_3h": 1.3, "value": 1, "color": "#01cbff", "station_count": 3, "forecast_valid_time": "2026-09-02 14:00:00+00:00", "model": "Cubist weighted IDW" }, "geometry": { "type": "Polygon", "coordinates": [ [ [ -111.4227, 58.1167 ], [ -111.3627, 58.1167 ], [ -111.3627, 58.0567 ], [ -111.4227, 58.0567 ], [ -111.4227, 58.1167 ] ] ] } },
{ "type": "Feature", "properties": { "AQHI_forecast_3h": 1.33, "value": 1, "color": "#01cbff", "station_count": 3, "forecast_valid_time": "2026-09-02 14:00:00+00:00", "model": "Cubist weighted IDW" }, "geometry": { "type": "Polygon", "coordinates": [ [ [ -111.4227, 58.1767 ], [ -111.3627, 58.1767 ], [ -111.3627, 58.1167 ], [ -111.4227, 58.1167 ], [ -111.4227, 58.1767 ] ] ] } },
{ "type": "Feature", "properties": { "AQHI_forecast_3h": 1.35, "value": 1, "color": "#01cbff", "station_count": 3, "forecast_valid_time": "2026-09-02 14:00:00+00:00", "model": "Cubist weighted IDW" }, "geometry": { "type": "Polygon", "coordinates": [ [ [ -111.4227, 58.2367 ], [ -111.3627, 58.2367 ], [ -111.3627, 58.1767 ], [ -111.4227, 58.1767 ], [ -111.4227, 58.2367 ] ] ] } },
{ "type": "Feature", "properties": { "AQHI_forecast_3h": 1.38, "value": 1, "color": "#01cbff", "station_count": 3, "forecast_valid_time": "2026-09-02 14:00:00+00:00", "model": "Cubist weighted IDW" }, "geometry": { "type": "Polygon", "coordinates": [ [ [ -111.4227, 58.2967 ], [ -111.3627, 58.2967 ], [ -111.3627, 58.2367 ], [ -111.4227, 58.2367 ], [ -111.4227, 58.2967 ] ] ] } },
{ "type": "Feature", "properties": { "AQHI_forecast_3h": 1.4, "value": 1, "color": "#01cbff", "station_count": 3, "forecast_valid_time": "2026-09-02 14:00:00+00:00", "model": "Cubist weighted IDW" }, "geometry": { "type": "Polygon", "coordinates": [ [ [ -111.4227, 58.3567 ], [ -111.3627, 58.3567 ], [ -111.3627, 58.2967 ], [ -111.4227, 58.2967 ], [ -111.4227, 58.3567 ] ] ] } },
{ "type": "Feature", "properties": { "AQHI_forecast_3h": 1.42, "value": 1, "color": "#01cbff", "station_count": 3, "forecast_valid_time": "2026-09-02 14:00:00+00:00", "model": "Cubist weighted IDW" }, "geometry": { "type": "Polygon", "coordinates": [ [ [ -111.4227, 58.4167 ], [ -111.3627, 58.4167 ], [ -111.3627, 58.3567 ], [ -111.4227, 58.3567 ], [ -111.4227, 58.4167 ] ] ] } },
{ "type": "Feature", "properties": { "AQHI_forecast_3h": 1.43, "value": 1, "color": "#01cbff", "station_count": 3, "forecast_valid_time": "2026-09-02 14:00:00+00:00", "model": "Cubist weighted IDW" }, "geometry": { "type": "Polygon", "coordinates": [ [ [ -111.4227, 58.4767 ], [ -111.3627, 58.4767 ], [ -111.3627, 58.4167 ], [ -111.4227, 58.4167 ], [ -111.4227, 58.4767 ] ] ] } },
{ "type": "Feature", "properties": { "AQHI_forecast_3h": 1.14, "value": 1, "color": "#01cbff", "station_count": 3, "forecast_valid_time": "2026-09-02 14:00:00+00:00", "model": "Cubist weighted IDW" }, "geometry": { "type": "Polygon", "coordinates": [ [ [ -111.3627, 57.3967 ], [ -111.3027, 57.3967 ], [ -111.3027, 57.3367 ], [ -111.3627, 57.3367 ], [ -111.3627, 57.3967 ] ] ] } },
{ "type": "Feature", "properties": { "AQHI_forecast_3h": 1.15, "value": 1, "color": "#01cbff", "station_count": 3, "forecast_valid_time": "2026-09-02 14:00:00+00:00", "model": "Cubist weighted IDW" }, "geometry": { "type": "Polygon", "coordinates": [ [ [ -111.3627, 57.4567 ], [ -111.3027, 57.4567 ], [ -111.3027, 57.3967 ], [ -111.3627, 57.3967 ], [ -111.3627, 57.4567 ] ] ] } },
{ "type": "Feature", "properties": { "AQHI_forecast_3h": 1.15, "value": 1, "color": "#01cbff", "station_count": 3, "forecast_valid_time": "2026-09-02 14:00:00+00:00", "model": "Cubist weighted IDW" }, "geometry": { "type": "Polygon", "coordinates": [ [ [ -111.3627, 57.5167 ], [ -111.3027, 57.5167 ], [ -111.3027, 57.4567 ], [ -111.3627, 57.4567 ], [ -111.3627, 57.5167 ] ] ] } },
{ "type": "Feature", "properties": { "AQHI_forecast_3h": 1.15, "value": 1, "color": "#01cbff", "station_count": 3, "forecast_valid_time": "2026-09-02 14:00:00+00:00", "model": "Cubist weighted IDW" }, "geometry": { "type": "Polygon", "coordinates": [ [ [ -111.3627, 57.5767 ], [ -111.3027, 57.5767 ], [ -111.3027, 57.5167 ], [ -111.3627, 57.5167 ], [ -111.3627, 57.5767 ] ] ] } },
{ "type": "Feature", "properties": { "AQHI_forecast_3h": 1.16, "value": 1, "color": "#01cbff", "station_count": 3, "forecast_valid_time": "2026-09-02 14:00:00+00:00", "model": "Cubist weighted IDW" }, "geometry": { "type": "Polygon", "coordinates": [ [ [ -111.3627, 57.6367 ], [ -111.3027, 57.6367 ], [ -111.3027, 57.5767 ], [ -111.3627, 57.5767 ], [ -111.3627, 57.6367 ] ] ] } },
{ "type": "Feature", "properties": { "AQHI_forecast_3h": 1.17, "value": 1, "color": "#01cbff", "station_count": 3, "forecast_valid_time": "2026-09-02 14:00:00+00:00", "model": "Cubist weighted IDW" }, "geometry": { "type": "Polygon", "coordinates": [ [ [ -111.3627, 57.6967 ], [ -111.3027, 57.6967 ], [ -111.3027, 57.6367 ], [ -111.3627, 57.6367 ], [ -111.3627, 57.6967 ] ] ] } },
{ "type": "Feature", "properties": { "AQHI_forecast_3h": 1.18, "value": 1, "color": "#01cbff", "station_count": 3, "forecast_valid_time": "2026-09-02 14:00:00+00:00", "model": "Cubist weighted IDW" }, "geometry": { "type": "Polygon", "coordinates": [ [ [ -111.3627, 57.7567 ], [ -111.3027, 57.7567 ], [ -111.3027, 57.6967 ], [ -111.3627, 57.6967 ], [ -111.3627, 57.7567 ] ] ] } },
{ "type": "Feature", "properties": { "AQHI_forecast_3h": 1.2, "value": 1, "color": "#01cbff", "station_count": 3, "forecast_valid_time": "2026-09-02 14:00:00+00:00", "model": "Cubist weighted IDW" }, "geometry": { "type": "Polygon", "coordinates": [ [ [ -111.3627, 57.8167 ], [ -111.3027, 57.8167 ], [ -111.3027, 57.7567 ], [ -111.3627, 57.7567 ], [ -111.3627, 57.8167 ] ] ] } },
{ "type": "Feature", "properties": { "AQHI_forecast_3h": 1.21, "value": 1, "color": "#01cbff", "station_count": 3, "forecast_valid_time": "2026-09-02 14:00:00+00:00", "model": "Cubist weighted IDW" }, "geometry": { "type": "Polygon", "coordinates": [ [ [ -111.3627, 57.8767 ], [ -111.3027, 57.8767 ], [ -111.3027, 57.8167 ], [ -111.3627, 57.8167 ], [ -111.3627, 57.8767 ] ] ] } },
{ "type": "Feature", "properties": { "AQHI_forecast_3h": 1.23, "value": 1, "color": "#01cbff", "station_count": 3, "forecast_valid_time": "2026-09-02 14:00:00+00:00", "model": "Cubist weighted IDW" }, "geometry": { "type": "Polygon", "coordinates": [ [ [ -111.3627, 57.9367 ], [ -111.3027, 57.9367 ], [ -111.3027, 57.8767 ], [ -111.3627, 57.8767 ], [ -111.3627, 57.9367 ] ] ] } },
{ "type": "Feature", "properties": { "AQHI_forecast_3h": 1.25, "value": 1, "color": "#01cbff", "station_count": 3, "forecast_valid_time": "2026-09-02 14:00:00+00:00", "model": "Cubist weighted IDW" }, "geometry": { "type": "Polygon", "coordinates": [ [ [ -111.3627, 57.9967 ], [ -111.3027, 57.9967 ], [ -111.3027, 57.9367 ], [ -111.3627, 57.9367 ], [ -111.3627, 57.9967 ] ] ] } },
{ "type": "Feature", "properties": { "AQHI_forecast_3h": 1.28, "value": 1, "color": "#01cbff", "station_count": 3, "forecast_valid_time": "2026-09-02 14:00:00+00:00", "model": "Cubist weighted IDW" }, "geometry": { "type": "Polygon", "coordinates": [ [ [ -111.3627, 58.0567 ], [ -111.3027, 58.0567 ], [ -111.3027, 57.9967 ], [ -111.3627, 57.9967 ], [ -111.3627, 58.0567 ] ] ] } },
{ "type": "Feature", "properties": { "AQHI_forecast_3h": 1.3, "value": 1, "color": "#01cbff", "station_count": 3, "forecast_valid_time": "2026-09-02 14:00:00+00:00", "model": "Cubist weighted IDW" }, "geometry": { "type": "Polygon", "coordinates": [ [ [ -111.3627, 58.1167 ], [ -111.3027, 58.1167 ], [ -111.3027, 58.0567 ], [ -111.3627, 58.0567 ], [ -111.3627, 58.1167 ] ] ] } },
{ "type": "Feature", "properties": { "AQHI_forecast_3h": 1.33, "value": 1, "color": "#01cbff", "station_count": 3, "forecast_valid_time": "2026-09-02 14:00:00+00:00", "model": "Cubist weighted IDW" }, "geometry": { "type": "Polygon", "coordinates": [ [ [ -111.3627, 58.1767 ], [ -111.3027, 58.1767 ], [ -111.3027, 58.1167 ], [ -111.3627, 58.1167 ], [ -111.3627, 58.1767 ] ] ] } },
{ "type": "Feature", "properties": { "AQHI_forecast_3h": 1.36, "value": 1, "color": "#01cbff", "station_count": 3, "forecast_valid_time": "2026-09-02 14:00:00+00:00", "model": "Cubist weighted IDW" }, "geometry": { "type": "Polygon", "coordinates": [ [ [ -111.3627, 58.2367 ], [ -111.3027, 58.2367 ], [ -111.3027, 58.1767 ], [ -111.3627, 58.1767 ], [ -111.3627, 58.2367 ] ] ] } },
{ "type": "Feature", "properties": { "AQHI_forecast_3h": 1.38, "value": 1, "color": "#01cbff", "station_count": 3, "forecast_valid_time": "2026-09-02 14:00:00+00:00", "model": "Cubist weighted IDW" }, "geometry": { "type": "Polygon", "coordinates": [ [ [ -111.3627, 58.2967 ], [ -111.3027, 58.2967 ], [ -111.3027, 58.2367 ], [ -111.3627, 58.2367 ], [ -111.3627, 58.2967 ] ] ] } },
{ "type": "Feature", "properties": { "AQHI_forecast_3h": 1.4, "value": 1, "color": "#01cbff", "station_count": 3, "forecast_valid_time": "2026-09-02 14:00:00+00:00", "model": "Cubist weighted IDW" }, "geometry": { "type": "Polygon", "coordinates": [ [ [ -111.3627, 58.3567 ], [ -111.3027, 58.3567 ], [ -111.3027, 58.2967 ], [ -111.3627, 58.2967 ], [ -111.3627, 58.3567 ] ] ] } },
{ "type": "Feature", "properties": { "AQHI_forecast_3h": 1.42, "value": 1, "color": "#01cbff", "station_count": 3, "forecast_valid_time": "2026-09-02 14:00:00+00:00", "model": "Cubist weighted IDW" }, "geometry": { "type": "Polygon", "coordinates": [ [ [ -111.3627, 58.4167 ], [ -111.3027, 58.4167 ], [ -111.3027, 58.3567 ], [ -111.3627, 58.3567 ], [ -111.3627, 58.4167 ] ] ] } },
{ "type": "Feature", "properties": { "AQHI_forecast_3h": 1.44, "value": 1, "color": "#01cbff", "station_count": 3, "forecast_valid_time": "2026-09-02 14:00:00+00:00", "model": "Cubist weighted IDW" }, "geometry": { "type": "Polygon", "coordinates": [ [ [ -111.3627, 58.4767 ], [ -111.3027, 58.4767 ], [ -111.3027, 58.4167 ], [ -111.3627, 58.4167 ], [ -111.3627, 58.4767 ] ] ] } },
{ "type": "Feature", "properties": { "AQHI_forecast_3h": 1.14, "value": 1, "color": "#01cbff", "station_count": 3, "forecast_valid_time": "2026-09-02 14:00:00+00:00", "model": "Cubist weighted IDW" }, "geometry": { "type": "Polygon", "coordinates": [ [ [ -111.3027, 57.3967 ], [ -111.2427, 57.3967 ], [ -111.2427, 57.3367 ], [ -111.3027, 57.3367 ], [ -111.3027, 57.3967 ] ] ] } },
{ "type": "Feature", "properties": { "AQHI_forecast_3h": 1.15, "value": 1, "color": "#01cbff", "station_count": 3, "forecast_valid_time": "2026-09-02 14:00:00+00:00", "model": "Cubist weighted IDW" }, "geometry": { "type": "Polygon", "coordinates": [ [ [ -111.3027, 57.4567 ], [ -111.2427, 57.4567 ], [ -111.2427, 57.3967 ], [ -111.3027, 57.3967 ], [ -111.3027, 57.4567 ] ] ] } },
{ "type": "Feature", "properties": { "AQHI_forecast_3h": 1.15, "value": 1, "color": "#01cbff", "station_count": 3, "forecast_valid_time": "2026-09-02 14:00:00+00:00", "model": "Cubist weighted IDW" }, "geometry": { "type": "Polygon", "coordinates": [ [ [ -111.3027, 57.5167 ], [ -111.2427, 57.5167 ], [ -111.2427, 57.4567 ], [ -111.3027, 57.4567 ], [ -111.3027, 57.5167 ] ] ] } },
{ "type": "Feature", "properties": { "AQHI_forecast_3h": 1.16, "value": 1, "color": "#01cbff", "station_count": 3, "forecast_valid_time": "2026-09-02 14:00:00+00:00", "model": "Cubist weighted IDW" }, "geometry": { "type": "Polygon", "coordinates": [ [ [ -111.3027, 57.5767 ], [ -111.2427, 57.5767 ], [ -111.2427, 57.5167 ], [ -111.3027, 57.5167 ], [ -111.3027, 57.5767 ] ] ] } },
{ "type": "Feature", "properties": { "AQHI_forecast_3h": 1.16, "value": 1, "color": "#01cbff", "station_count": 3, "forecast_valid_time": "2026-09-02 14:00:00+00:00", "model": "Cubist weighted IDW" }, "geometry": { "type": "Polygon", "coordinates": [ [ [ -111.3027, 57.6367 ], [ -111.2427, 57.6367 ], [ -111.2427, 57.5767 ], [ -111.3027, 57.5767 ], [ -111.3027, 57.6367 ] ] ] } },
{ "type": "Feature", "properties": { "AQHI_forecast_3h": 1.17, "value": 1, "color": "#01cbff", "station_count": 3, "forecast_valid_time": "2026-09-02 14:00:00+00:00", "model": "Cubist weighted IDW" }, "geometry": { "type": "Polygon", "coordinates": [ [ [ -111.3027, 57.6967 ], [ -111.2427, 57.6967 ], [ -111.2427, 57.6367 ], [ -111.3027, 57.6367 ], [ -111.3027, 57.6967 ] ] ] } },
{ "type": "Feature", "properties": { "AQHI_forecast_3h": 1.18, "value": 1, "color": "#01cbff", "station_count": 3, "forecast_valid_time": "2026-09-02 14:00:00+00:00", "model": "Cubist weighted IDW" }, "geometry": { "type": "Polygon", "coordinates": [ [ [ -111.3027, 57.7567 ], [ -111.2427, 57.7567 ], [ -111.2427, 57.6967 ], [ -111.3027, 57.6967 ], [ -111.3027, 57.7567 ] ] ] } },
{ "type": "Feature", "properties": { "AQHI_forecast_3h": 1.2, "value": 1, "color": "#01cbff", "station_count": 3, "forecast_valid_time": "2026-09-02 14:00:00+00:00", "model": "Cubist weighted IDW" }, "geometry": { "type": "Polygon", "coordinates": [ [ [ -111.3027, 57.8167 ], [ -111.2427, 57.8167 ], [ -111.2427, 57.7567 ], [ -111.3027, 57.7567 ], [ -111.3027, 57.8167 ] ] ] } },
{ "type": "Feature", "properties": { "AQHI_forecast_3h": 1.21, "value": 1, "color": "#01cbff", "station_count": 3, "forecast_valid_time": "2026-09-02 14:00:00+00:00", "model": "Cubist weighted IDW" }, "geometry": { "type": "Polygon", "coordinates": [ [ [ -111.3027, 57.8767 ], [ -111.2427, 57.8767 ], [ -111.2427, 57.8167 ], [ -111.3027, 57.8167 ], [ -111.3027, 57.8767 ] ] ] } },
{ "type": "Feature", "properties": { "AQHI_forecast_3h": 1.23, "value": 1, "color": "#01cbff", "station_count": 3, "forecast_valid_time": "2026-09-02 14:00:00+00:00", "model": "Cubist weighted IDW" }, "geometry": { "type": "Polygon", "coordinates": [ [ [ -111.3027, 57.9367 ], [ -111.2427, 57.9367 ], [ -111.2427, 57.8767 ], [ -111.3027, 57.8767 ], [ -111.3027, 57.9367 ] ] ] } },
{ "type": "Feature", "properties": { "AQHI_forecast_3h": 1.26, "value": 1, "color": "#01cbff", "station_count": 3, "forecast_valid_time": "2026-09-02 14:00:00+00:00", "model": "Cubist weighted IDW" }, "geometry": { "type": "Polygon", "coordinates": [ [ [ -111.3027, 57.9967 ], [ -111.2427, 57.9967 ], [ -111.2427, 57.9367 ], [ -111.3027, 57.9367 ], [ -111.3027, 57.9967 ] ] ] } },
{ "type": "Feature", "properties": { "AQHI_forecast_3h": 1.28, "value": 1, "color": "#01cbff", "station_count": 3, "forecast_valid_time": "2026-09-02 14:00:00+00:00", "model": "Cubist weighted IDW" }, "geometry": { "type": "Polygon", "coordinates": [ [ [ -111.3027, 58.0567 ], [ -111.2427, 58.0567 ], [ -111.2427, 57.9967 ], [ -111.3027, 57.9967 ], [ -111.3027, 58.0567 ] ] ] } },
{ "type": "Feature", "properties": { "AQHI_forecast_3h": 1.31, "value": 1, "color": "#01cbff", "station_count": 3, "forecast_valid_time": "2026-09-02 14:00:00+00:00", "model": "Cubist weighted IDW" }, "geometry": { "type": "Polygon", "coordinates": [ [ [ -111.3027, 58.1167 ], [ -111.2427, 58.1167 ], [ -111.2427, 58.0567 ], [ -111.3027, 58.0567 ], [ -111.3027, 58.1167 ] ] ] } },
{ "type": "Feature", "properties": { "AQHI_forecast_3h": 1.33, "value": 1, "color": "#01cbff", "station_count": 3, "forecast_valid_time": "2026-09-02 14:00:00+00:00", "model": "Cubist weighted IDW" }, "geometry": { "type": "Polygon", "coordinates": [ [ [ -111.3027, 58.1767 ], [ -111.2427, 58.1767 ], [ -111.2427, 58.1167 ], [ -111.3027, 58.1167 ], [ -111.3027, 58.1767 ] ] ] } },
{ "type": "Feature", "properties": { "AQHI_forecast_3h": 1.36, "value": 1, "color": "#01cbff", "station_count": 3, "forecast_valid_time": "2026-09-02 14:00:00+00:00", "model": "Cubist weighted IDW" }, "geometry": { "type": "Polygon", "coordinates": [ [ [ -111.3027, 58.2367 ], [ -111.2427, 58.2367 ], [ -111.2427, 58.1767 ], [ -111.3027, 58.1767 ], [ -111.3027, 58.2367 ] ] ] } },
{ "type": "Feature", "properties": { "AQHI_forecast_3h": 1.38, "value": 1, "color": "#01cbff", "station_count": 3, "forecast_valid_time": "2026-09-02 14:00:00+00:00", "model": "Cubist weighted IDW" }, "geometry": { "type": "Polygon", "coordinates": [ [ [ -111.3027, 58.2967 ], [ -111.2427, 58.2967 ], [ -111.2427, 58.2367 ], [ -111.3027, 58.2367 ], [ -111.3027, 58.2967 ] ] ] } },
{ "type": "Feature", "properties": { "AQHI_forecast_3h": 1.4, "value": 1, "color": "#01cbff", "station_count": 3, "forecast_valid_time": "2026-09-02 14:00:00+00:00", "model": "Cubist weighted IDW" }, "geometry": { "type": "Polygon", "coordinates": [ [ [ -111.3027, 58.3567 ], [ -111.2427, 58.3567 ], [ -111.2427, 58.2967 ], [ -111.3027, 58.2967 ], [ -111.3027, 58.3567 ] ] ] } },
{ "type": "Feature", "properties": { "AQHI_forecast_3h": 1.42, "value": 1, "color": "#01cbff", "station_count": 3, "forecast_valid_time": "2026-09-02 14:00:00+00:00", "model": "Cubist weighted IDW" }, "geometry": { "type": "Polygon", "coordinates": [ [ [ -111.3027, 58.4167 ], [ -111.2427, 58.4167 ], [ -111.2427, 58.3567 ], [ -111.3027, 58.3567 ], [ -111.3027, 58.4167 ] ] ] } },
{ "type": "Feature", "properties": { "AQHI_forecast_3h": 1.44, "value": 1, "color": "#01cbff", "station_count": 3, "forecast_valid_time": "2026-09-02 14:00:00+00:00", "model": "Cubist weighted IDW" }, "geometry": { "type": "Polygon", "coordinates": [ [ [ -111.3027, 58.4767 ], [ -111.2427, 58.4767 ], [ -111.2427, 58.4167 ], [ -111.3027, 58.4167 ], [ -111.3027, 58.4767 ] ] ] } },
{ "type": "Feature", "properties": { "AQHI_forecast_3h": 1.14, "value": 1, "color": "#01cbff", "station_count": 3, "forecast_valid_time": "2026-09-02 14:00:00+00:00", "model": "Cubist weighted IDW" }, "geometry": { "type": "Polygon", "coordinates": [ [ [ -111.2427, 57.3967 ], [ -111.1827, 57.3967 ], [ -111.1827, 57.3367 ], [ -111.2427, 57.3367 ], [ -111.2427, 57.3967 ] ] ] } },
{ "type": "Feature", "properties": { "AQHI_forecast_3h": 1.15, "value": 1, "color": "#01cbff", "station_count": 3, "forecast_valid_time": "2026-09-02 14:00:00+00:00", "model": "Cubist weighted IDW" }, "geometry": { "type": "Polygon", "coordinates": [ [ [ -111.2427, 57.4567 ], [ -111.1827, 57.4567 ], [ -111.1827, 57.3967 ], [ -111.2427, 57.3967 ], [ -111.2427, 57.4567 ] ] ] } },
{ "type": "Feature", "properties": { "AQHI_forecast_3h": 1.15, "value": 1, "color": "#01cbff", "station_count": 3, "forecast_valid_time": "2026-09-02 14:00:00+00:00", "model": "Cubist weighted IDW" }, "geometry": { "type": "Polygon", "coordinates": [ [ [ -111.2427, 57.5167 ], [ -111.1827, 57.5167 ], [ -111.1827, 57.4567 ], [ -111.2427, 57.4567 ], [ -111.2427, 57.5167 ] ] ] } },
{ "type": "Feature", "properties": { "AQHI_forecast_3h": 1.16, "value": 1, "color": "#01cbff", "station_count": 3, "forecast_valid_time": "2026-09-02 14:00:00+00:00", "model": "Cubist weighted IDW" }, "geometry": { "type": "Polygon", "coordinates": [ [ [ -111.2427, 57.5767 ], [ -111.1827, 57.5767 ], [ -111.1827, 57.5167 ], [ -111.2427, 57.5167 ], [ -111.2427, 57.5767 ] ] ] } },
{ "type": "Feature", "properties": { "AQHI_forecast_3h": 1.16, "value": 1, "color": "#01cbff", "station_count": 3, "forecast_valid_time": "2026-09-02 14:00:00+00:00", "model": "Cubist weighted IDW" }, "geometry": { "type": "Polygon", "coordinates": [ [ [ -111.2427, 57.6367 ], [ -111.1827, 57.6367 ], [ -111.1827, 57.5767 ], [ -111.2427, 57.5767 ], [ -111.2427, 57.6367 ] ] ] } },
{ "type": "Feature", "properties": { "AQHI_forecast_3h": 1.17, "value": 1, "color": "#01cbff", "station_count": 3, "forecast_valid_time": "2026-09-02 14:00:00+00:00", "model": "Cubist weighted IDW" }, "geometry": { "type": "Polygon", "coordinates": [ [ [ -111.2427, 57.6967 ], [ -111.1827, 57.6967 ], [ -111.1827, 57.6367 ], [ -111.2427, 57.6367 ], [ -111.2427, 57.6967 ] ] ] } },
{ "type": "Feature", "properties": { "AQHI_forecast_3h": 1.19, "value": 1, "color": "#01cbff", "station_count": 3, "forecast_valid_time": "2026-09-02 14:00:00+00:00", "model": "Cubist weighted IDW" }, "geometry": { "type": "Polygon", "coordinates": [ [ [ -111.2427, 57.7567 ], [ -111.1827, 57.7567 ], [ -111.1827, 57.6967 ], [ -111.2427, 57.6967 ], [ -111.2427, 57.7567 ] ] ] } },
{ "type": "Feature", "properties": { "AQHI_forecast_3h": 1.2, "value": 1, "color": "#01cbff", "station_count": 3, "forecast_valid_time": "2026-09-02 14:00:00+00:00", "model": "Cubist weighted IDW" }, "geometry": { "type": "Polygon", "coordinates": [ [ [ -111.2427, 57.8167 ], [ -111.1827, 57.8167 ], [ -111.1827, 57.7567 ], [ -111.2427, 57.7567 ], [ -111.2427, 57.8167 ] ] ] } },
{ "type": "Feature", "properties": { "AQHI_forecast_3h": 1.22, "value": 1, "color": "#01cbff", "station_count": 3, "forecast_valid_time": "2026-09-02 14:00:00+00:00", "model": "Cubist weighted IDW" }, "geometry": { "type": "Polygon", "coordinates": [ [ [ -111.2427, 57.8767 ], [ -111.1827, 57.8767 ], [ -111.1827, 57.8167 ], [ -111.2427, 57.8167 ], [ -111.2427, 57.8767 ] ] ] } },
{ "type": "Feature", "properties": { "AQHI_forecast_3h": 1.24, "value": 1, "color": "#01cbff", "station_count": 3, "forecast_valid_time": "2026-09-02 14:00:00+00:00", "model": "Cubist weighted IDW" }, "geometry": { "type": "Polygon", "coordinates": [ [ [ -111.2427, 57.9367 ], [ -111.1827, 57.9367 ], [ -111.1827, 57.8767 ], [ -111.2427, 57.8767 ], [ -111.2427, 57.9367 ] ] ] } },
{ "type": "Feature", "properties": { "AQHI_forecast_3h": 1.26, "value": 1, "color": "#01cbff", "station_count": 3, "forecast_valid_time": "2026-09-02 14:00:00+00:00", "model": "Cubist weighted IDW" }, "geometry": { "type": "Polygon", "coordinates": [ [ [ -111.2427, 57.9967 ], [ -111.1827, 57.9967 ], [ -111.1827, 57.9367 ], [ -111.2427, 57.9367 ], [ -111.2427, 57.9967 ] ] ] } },
{ "type": "Feature", "properties": { "AQHI_forecast_3h": 1.28, "value": 1, "color": "#01cbff", "station_count": 3, "forecast_valid_time": "2026-09-02 14:00:00+00:00", "model": "Cubist weighted IDW" }, "geometry": { "type": "Polygon", "coordinates": [ [ [ -111.2427, 58.0567 ], [ -111.1827, 58.0567 ], [ -111.1827, 57.9967 ], [ -111.2427, 57.9967 ], [ -111.2427, 58.0567 ] ] ] } },
{ "type": "Feature", "properties": { "AQHI_forecast_3h": 1.31, "value": 1, "color": "#01cbff", "station_count": 3, "forecast_valid_time": "2026-09-02 14:00:00+00:00", "model": "Cubist weighted IDW" }, "geometry": { "type": "Polygon", "coordinates": [ [ [ -111.2427, 58.1167 ], [ -111.1827, 58.1167 ], [ -111.1827, 58.0567 ], [ -111.2427, 58.0567 ], [ -111.2427, 58.1167 ] ] ] } },
{ "type": "Feature", "properties": { "AQHI_forecast_3h": 1.33, "value": 1, "color": "#01cbff", "station_count": 3, "forecast_valid_time": "2026-09-02 14:00:00+00:00", "model": "Cubist weighted IDW" }, "geometry": { "type": "Polygon", "coordinates": [ [ [ -111.2427, 58.1767 ], [ -111.1827, 58.1767 ], [ -111.1827, 58.1167 ], [ -111.2427, 58.1167 ], [ -111.2427, 58.1767 ] ] ] } },
{ "type": "Feature", "properties": { "AQHI_forecast_3h": 1.36, "value": 1, "color": "#01cbff", "station_count": 3, "forecast_valid_time": "2026-09-02 14:00:00+00:00", "model": "Cubist weighted IDW" }, "geometry": { "type": "Polygon", "coordinates": [ [ [ -111.2427, 58.2367 ], [ -111.1827, 58.2367 ], [ -111.1827, 58.1767 ], [ -111.2427, 58.1767 ], [ -111.2427, 58.2367 ] ] ] } },
{ "type": "Feature", "properties": { "AQHI_forecast_3h": 1.38, "value": 1, "color": "#01cbff", "station_count": 3, "forecast_valid_time": "2026-09-02 14:00:00+00:00", "model": "Cubist weighted IDW" }, "geometry": { "type": "Polygon", "coordinates": [ [ [ -111.2427, 58.2967 ], [ -111.1827, 58.2967 ], [ -111.1827, 58.2367 ], [ -111.2427, 58.2367 ], [ -111.2427, 58.2967 ] ] ] } },
{ "type": "Feature", "properties": { "AQHI_forecast_3h": 1.41, "value": 1, "color": "#01cbff", "station_count": 3, "forecast_valid_time": "2026-09-02 14:00:00+00:00", "model": "Cubist weighted IDW" }, "geometry": { "type": "Polygon", "coordinates": [ [ [ -111.2427, 58.3567 ], [ -111.1827, 58.3567 ], [ -111.1827, 58.2967 ], [ -111.2427, 58.2967 ], [ -111.2427, 58.3567 ] ] ] } },
{ "type": "Feature", "properties": { "AQHI_forecast_3h": 1.42, "value": 1, "color": "#01cbff", "station_count": 3, "forecast_valid_time": "2026-09-02 14:00:00+00:00", "model": "Cubist weighted IDW" }, "geometry": { "type": "Polygon", "coordinates": [ [ [ -111.2427, 58.4167 ], [ -111.1827, 58.4167 ], [ -111.1827, 58.3567 ], [ -111.2427, 58.3567 ], [ -111.2427, 58.4167 ] ] ] } },
{ "type": "Feature", "properties": { "AQHI_forecast_3h": 1.44, "value": 1, "color": "#01cbff", "station_count": 3, "forecast_valid_time": "2026-09-02 14:00:00+00:00", "model": "Cubist weighted IDW" }, "geometry": { "type": "Polygon", "coordinates": [ [ [ -111.2427, 58.4767 ], [ -111.1827, 58.4767 ], [ -111.1827, 58.4167 ], [ -111.2427, 58.4167 ], [ -111.2427, 58.4767 ] ] ] } },
{ "type": "Feature", "properties": { "AQHI_forecast_3h": 1.14, "value": 1, "color": "#01cbff", "station_count": 3, "forecast_valid_time": "2026-09-02 14:00:00+00:00", "model": "Cubist weighted IDW" }, "geometry": { "type": "Polygon", "coordinates": [ [ [ -111.1827, 57.3967 ], [ -111.1227, 57.3967 ], [ -111.1227, 57.3367 ], [ -111.1827, 57.3367 ], [ -111.1827, 57.3967 ] ] ] } },
{ "type": "Feature", "properties": { "AQHI_forecast_3h": 1.15, "value": 1, "color": "#01cbff", "station_count": 3, "forecast_valid_time": "2026-09-02 14:00:00+00:00", "model": "Cubist weighted IDW" }, "geometry": { "type": "Polygon", "coordinates": [ [ [ -111.1827, 57.4567 ], [ -111.1227, 57.4567 ], [ -111.1227, 57.3967 ], [ -111.1827, 57.3967 ], [ -111.1827, 57.4567 ] ] ] } },
{ "type": "Feature", "properties": { "AQHI_forecast_3h": 1.15, "value": 1, "color": "#01cbff", "station_count": 3, "forecast_valid_time": "2026-09-02 14:00:00+00:00", "model": "Cubist weighted IDW" }, "geometry": { "type": "Polygon", "coordinates": [ [ [ -111.1827, 57.5167 ], [ -111.1227, 57.5167 ], [ -111.1227, 57.4567 ], [ -111.1827, 57.4567 ], [ -111.1827, 57.5167 ] ] ] } },
{ "type": "Feature", "properties": { "AQHI_forecast_3h": 1.16, "value": 1, "color": "#01cbff", "station_count": 3, "forecast_valid_time": "2026-09-02 14:00:00+00:00", "model": "Cubist weighted IDW" }, "geometry": { "type": "Polygon", "coordinates": [ [ [ -111.1827, 57.5767 ], [ -111.1227, 57.5767 ], [ -111.1227, 57.5167 ], [ -111.1827, 57.5167 ], [ -111.1827, 57.5767 ] ] ] } },
{ "type": "Feature", "properties": { "AQHI_forecast_3h": 1.17, "value": 1, "color": "#01cbff", "station_count": 3, "forecast_valid_time": "2026-09-02 14:00:00+00:00", "model": "Cubist weighted IDW" }, "geometry": { "type": "Polygon", "coordinates": [ [ [ -111.1827, 57.6367 ], [ -111.1227, 57.6367 ], [ -111.1227, 57.5767 ], [ -111.1827, 57.5767 ], [ -111.1827, 57.6367 ] ] ] } },
{ "type": "Feature", "properties": { "AQHI_forecast_3h": 1.18, "value": 1, "color": "#01cbff", "station_count": 3, "forecast_valid_time": "2026-09-02 14:00:00+00:00", "model": "Cubist weighted IDW" }, "geometry": { "type": "Polygon", "coordinates": [ [ [ -111.1827, 57.6967 ], [ -111.1227, 57.6967 ], [ -111.1227, 57.6367 ], [ -111.1827, 57.6367 ], [ -111.1827, 57.6967 ] ] ] } },
{ "type": "Feature", "properties": { "AQHI_forecast_3h": 1.19, "value": 1, "color": "#01cbff", "station_count": 3, "forecast_valid_time": "2026-09-02 14:00:00+00:00", "model": "Cubist weighted IDW" }, "geometry": { "type": "Polygon", "coordinates": [ [ [ -111.1827, 57.7567 ], [ -111.1227, 57.7567 ], [ -111.1227, 57.6967 ], [ -111.1827, 57.6967 ], [ -111.1827, 57.7567 ] ] ] } },
{ "type": "Feature", "properties": { "AQHI_forecast_3h": 1.2, "value": 1, "color": "#01cbff", "station_count": 3, "forecast_valid_time": "2026-09-02 14:00:00+00:00", "model": "Cubist weighted IDW" }, "geometry": { "type": "Polygon", "coordinates": [ [ [ -111.1827, 57.8167 ], [ -111.1227, 57.8167 ], [ -111.1227, 57.7567 ], [ -111.1827, 57.7567 ], [ -111.1827, 57.8167 ] ] ] } },
{ "type": "Feature", "properties": { "AQHI_forecast_3h": 1.22, "value": 1, "color": "#01cbff", "station_count": 3, "forecast_valid_time": "2026-09-02 14:00:00+00:00", "model": "Cubist weighted IDW" }, "geometry": { "type": "Polygon", "coordinates": [ [ [ -111.1827, 57.8767 ], [ -111.1227, 57.8767 ], [ -111.1227, 57.8167 ], [ -111.1827, 57.8167 ], [ -111.1827, 57.8767 ] ] ] } },
{ "type": "Feature", "properties": { "AQHI_forecast_3h": 1.24, "value": 1, "color": "#01cbff", "station_count": 3, "forecast_valid_time": "2026-09-02 14:00:00+00:00", "model": "Cubist weighted IDW" }, "geometry": { "type": "Polygon", "coordinates": [ [ [ -111.1827, 57.9367 ], [ -111.1227, 57.9367 ], [ -111.1227, 57.8767 ], [ -111.1827, 57.8767 ], [ -111.1827, 57.9367 ] ] ] } },
{ "type": "Feature", "properties": { "AQHI_forecast_3h": 1.26, "value": 1, "color": "#01cbff", "station_count": 3, "forecast_valid_time": "2026-09-02 14:00:00+00:00", "model": "Cubist weighted IDW" }, "geometry": { "type": "Polygon", "coordinates": [ [ [ -111.1827, 57.9967 ], [ -111.1227, 57.9967 ], [ -111.1227, 57.9367 ], [ -111.1827, 57.9367 ], [ -111.1827, 57.9967 ] ] ] } },
{ "type": "Feature", "properties": { "AQHI_forecast_3h": 1.28, "value": 1, "color": "#01cbff", "station_count": 3, "forecast_valid_time": "2026-09-02 14:00:00+00:00", "model": "Cubist weighted IDW" }, "geometry": { "type": "Polygon", "coordinates": [ [ [ -111.1827, 58.0567 ], [ -111.1227, 58.0567 ], [ -111.1227, 57.9967 ], [ -111.1827, 57.9967 ], [ -111.1827, 58.0567 ] ] ] } },
{ "type": "Feature", "properties": { "AQHI_forecast_3h": 1.31, "value": 1, "color": "#01cbff", "station_count": 3, "forecast_valid_time": "2026-09-02 14:00:00+00:00", "model": "Cubist weighted IDW" }, "geometry": { "type": "Polygon", "coordinates": [ [ [ -111.1827, 58.1167 ], [ -111.1227, 58.1167 ], [ -111.1227, 58.0567 ], [ -111.1827, 58.0567 ], [ -111.1827, 58.1167 ] ] ] } },
{ "type": "Feature", "properties": { "AQHI_forecast_3h": 1.34, "value": 1, "color": "#01cbff", "station_count": 3, "forecast_valid_time": "2026-09-02 14:00:00+00:00", "model": "Cubist weighted IDW" }, "geometry": { "type": "Polygon", "coordinates": [ [ [ -111.1827, 58.1767 ], [ -111.1227, 58.1767 ], [ -111.1227, 58.1167 ], [ -111.1827, 58.1167 ], [ -111.1827, 58.1767 ] ] ] } },
{ "type": "Feature", "properties": { "AQHI_forecast_3h": 1.36, "value": 1, "color": "#01cbff", "station_count": 3, "forecast_valid_time": "2026-09-02 14:00:00+00:00", "model": "Cubist weighted IDW" }, "geometry": { "type": "Polygon", "coordinates": [ [ [ -111.1827, 58.2367 ], [ -111.1227, 58.2367 ], [ -111.1227, 58.1767 ], [ -111.1827, 58.1767 ], [ -111.1827, 58.2367 ] ] ] } },
{ "type": "Feature", "properties": { "AQHI_forecast_3h": 1.39, "value": 1, "color": "#01cbff", "station_count": 3, "forecast_valid_time": "2026-09-02 14:00:00+00:00", "model": "Cubist weighted IDW" }, "geometry": { "type": "Polygon", "coordinates": [ [ [ -111.1827, 58.2967 ], [ -111.1227, 58.2967 ], [ -111.1227, 58.2367 ], [ -111.1827, 58.2367 ], [ -111.1827, 58.2967 ] ] ] } },
{ "type": "Feature", "properties": { "AQHI_forecast_3h": 1.41, "value": 1, "color": "#01cbff", "station_count": 3, "forecast_valid_time": "2026-09-02 14:00:00+00:00", "model": "Cubist weighted IDW" }, "geometry": { "type": "Polygon", "coordinates": [ [ [ -111.1827, 58.3567 ], [ -111.1227, 58.3567 ], [ -111.1227, 58.2967 ], [ -111.1827, 58.2967 ], [ -111.1827, 58.3567 ] ] ] } },
{ "type": "Feature", "properties": { "AQHI_forecast_3h": 1.43, "value": 1, "color": "#01cbff", "station_count": 3, "forecast_valid_time": "2026-09-02 14:00:00+00:00", "model": "Cubist weighted IDW" }, "geometry": { "type": "Polygon", "coordinates": [ [ [ -111.1827, 58.4167 ], [ -111.1227, 58.4167 ], [ -111.1227, 58.3567 ], [ -111.1827, 58.3567 ], [ -111.1827, 58.4167 ] ] ] } },
{ "type": "Feature", "properties": { "AQHI_forecast_3h": 1.44, "value": 1, "color": "#01cbff", "station_count": 3, "forecast_valid_time": "2026-09-02 14:00:00+00:00", "model": "Cubist weighted IDW" }, "geometry": { "type": "Polygon", "coordinates": [ [ [ -111.1827, 58.4767 ], [ -111.1227, 58.4767 ], [ -111.1227, 58.4167 ], [ -111.1827, 58.4167 ], [ -111.1827, 58.4767 ] ] ] } },
{ "type": "Feature", "properties": { "AQHI_forecast_3h": 1.15, "value": 1, "color": "#01cbff", "station_count": 3, "forecast_valid_time": "2026-09-02 14:00:00+00:00", "model": "Cubist weighted IDW" }, "geometry": { "type": "Polygon", "coordinates": [ [ [ -111.1227, 57.3967 ], [ -111.0627, 57.3967 ], [ -111.0627, 57.3367 ], [ -111.1227, 57.3367 ], [ -111.1227, 57.3967 ] ] ] } },
{ "type": "Feature", "properties": { "AQHI_forecast_3h": 1.15, "value": 1, "color": "#01cbff", "station_count": 3, "forecast_valid_time": "2026-09-02 14:00:00+00:00", "model": "Cubist weighted IDW" }, "geometry": { "type": "Polygon", "coordinates": [ [ [ -111.1227, 57.4567 ], [ -111.0627, 57.4567 ], [ -111.0627, 57.3967 ], [ -111.1227, 57.3967 ], [ -111.1227, 57.4567 ] ] ] } },
{ "type": "Feature", "properties": { "AQHI_forecast_3h": 1.15, "value": 1, "color": "#01cbff", "station_count": 3, "forecast_valid_time": "2026-09-02 14:00:00+00:00", "model": "Cubist weighted IDW" }, "geometry": { "type": "Polygon", "coordinates": [ [ [ -111.1227, 57.5167 ], [ -111.0627, 57.5167 ], [ -111.0627, 57.4567 ], [ -111.1227, 57.4567 ], [ -111.1227, 57.5167 ] ] ] } },
{ "type": "Feature", "properties": { "AQHI_forecast_3h": 1.16, "value": 1, "color": "#01cbff", "station_count": 3, "forecast_valid_time": "2026-09-02 14:00:00+00:00", "model": "Cubist weighted IDW" }, "geometry": { "type": "Polygon", "coordinates": [ [ [ -111.1227, 57.5767 ], [ -111.0627, 57.5767 ], [ -111.0627, 57.5167 ], [ -111.1227, 57.5167 ], [ -111.1227, 57.5767 ] ] ] } },
{ "type": "Feature", "properties": { "AQHI_forecast_3h": 1.17, "value": 1, "color": "#01cbff", "station_count": 3, "forecast_valid_time": "2026-09-02 14:00:00+00:00", "model": "Cubist weighted IDW" }, "geometry": { "type": "Polygon", "coordinates": [ [ [ -111.1227, 57.6367 ], [ -111.0627, 57.6367 ], [ -111.0627, 57.5767 ], [ -111.1227, 57.5767 ], [ -111.1227, 57.6367 ] ] ] } },
{ "type": "Feature", "properties": { "AQHI_forecast_3h": 1.18, "value": 1, "color": "#01cbff", "station_count": 3, "forecast_valid_time": "2026-09-02 14:00:00+00:00", "model": "Cubist weighted IDW" }, "geometry": { "type": "Polygon", "coordinates": [ [ [ -111.1227, 57.6967 ], [ -111.0627, 57.6967 ], [ -111.0627, 57.6367 ], [ -111.1227, 57.6367 ], [ -111.1227, 57.6967 ] ] ] } },
{ "type": "Feature", "properties": { "AQHI_forecast_3h": 1.19, "value": 1, "color": "#01cbff", "station_count": 3, "forecast_valid_time": "2026-09-02 14:00:00+00:00", "model": "Cubist weighted IDW" }, "geometry": { "type": "Polygon", "coordinates": [ [ [ -111.1227, 57.7567 ], [ -111.0627, 57.7567 ], [ -111.0627, 57.6967 ], [ -111.1227, 57.6967 ], [ -111.1227, 57.7567 ] ] ] } },
{ "type": "Feature", "properties": { "AQHI_forecast_3h": 1.2, "value": 1, "color": "#01cbff", "station_count": 3, "forecast_valid_time": "2026-09-02 14:00:00+00:00", "model": "Cubist weighted IDW" }, "geometry": { "type": "Polygon", "coordinates": [ [ [ -111.1227, 57.8167 ], [ -111.0627, 57.8167 ], [ -111.0627, 57.7567 ], [ -111.1227, 57.7567 ], [ -111.1227, 57.8167 ] ] ] } },
{ "type": "Feature", "properties": { "AQHI_forecast_3h": 1.22, "value": 1, "color": "#01cbff", "station_count": 3, "forecast_valid_time": "2026-09-02 14:00:00+00:00", "model": "Cubist weighted IDW" }, "geometry": { "type": "Polygon", "coordinates": [ [ [ -111.1227, 57.8767 ], [ -111.0627, 57.8767 ], [ -111.0627, 57.8167 ], [ -111.1227, 57.8167 ], [ -111.1227, 57.8767 ] ] ] } },
{ "type": "Feature", "properties": { "AQHI_forecast_3h": 1.24, "value": 1, "color": "#01cbff", "station_count": 3, "forecast_valid_time": "2026-09-02 14:00:00+00:00", "model": "Cubist weighted IDW" }, "geometry": { "type": "Polygon", "coordinates": [ [ [ -111.1227, 57.9367 ], [ -111.0627, 57.9367 ], [ -111.0627, 57.8767 ], [ -111.1227, 57.8767 ], [ -111.1227, 57.9367 ] ] ] } },
{ "type": "Feature", "properties": { "AQHI_forecast_3h": 1.26, "value": 1, "color": "#01cbff", "station_count": 3, "forecast_valid_time": "2026-09-02 14:00:00+00:00", "model": "Cubist weighted IDW" }, "geometry": { "type": "Polygon", "coordinates": [ [ [ -111.1227, 57.9967 ], [ -111.0627, 57.9967 ], [ -111.0627, 57.9367 ], [ -111.1227, 57.9367 ], [ -111.1227, 57.9967 ] ] ] } },
{ "type": "Feature", "properties": { "AQHI_forecast_3h": 1.29, "value": 1, "color": "#01cbff", "station_count": 3, "forecast_valid_time": "2026-09-02 14:00:00+00:00", "model": "Cubist weighted IDW" }, "geometry": { "type": "Polygon", "coordinates": [ [ [ -111.1227, 58.0567 ], [ -111.0627, 58.0567 ], [ -111.0627, 57.9967 ], [ -111.1227, 57.9967 ], [ -111.1227, 58.0567 ] ] ] } },
{ "type": "Feature", "properties": { "AQHI_forecast_3h": 1.31, "value": 1, "color": "#01cbff", "station_count": 3, "forecast_valid_time": "2026-09-02 14:00:00+00:00", "model": "Cubist weighted IDW" }, "geometry": { "type": "Polygon", "coordinates": [ [ [ -111.1227, 58.1167 ], [ -111.0627, 58.1167 ], [ -111.0627, 58.0567 ], [ -111.1227, 58.0567 ], [ -111.1227, 58.1167 ] ] ] } },
{ "type": "Feature", "properties": { "AQHI_forecast_3h": 1.34, "value": 1, "color": "#01cbff", "station_count": 3, "forecast_valid_time": "2026-09-02 14:00:00+00:00", "model": "Cubist weighted IDW" }, "geometry": { "type": "Polygon", "coordinates": [ [ [ -111.1227, 58.1767 ], [ -111.0627, 58.1767 ], [ -111.0627, 58.1167 ], [ -111.1227, 58.1167 ], [ -111.1227, 58.1767 ] ] ] } },
{ "type": "Feature", "properties": { "AQHI_forecast_3h": 1.36, "value": 1, "color": "#01cbff", "station_count": 3, "forecast_valid_time": "2026-09-02 14:00:00+00:00", "model": "Cubist weighted IDW" }, "geometry": { "type": "Polygon", "coordinates": [ [ [ -111.1227, 58.2367 ], [ -111.0627, 58.2367 ], [ -111.0627, 58.1767 ], [ -111.1227, 58.1767 ], [ -111.1227, 58.2367 ] ] ] } },
{ "type": "Feature", "properties": { "AQHI_forecast_3h": 1.39, "value": 1, "color": "#01cbff", "station_count": 3, "forecast_valid_time": "2026-09-02 14:00:00+00:00", "model": "Cubist weighted IDW" }, "geometry": { "type": "Polygon", "coordinates": [ [ [ -111.1227, 58.2967 ], [ -111.0627, 58.2967 ], [ -111.0627, 58.2367 ], [ -111.1227, 58.2367 ], [ -111.1227, 58.2967 ] ] ] } },
{ "type": "Feature", "properties": { "AQHI_forecast_3h": 1.41, "value": 1, "color": "#01cbff", "station_count": 3, "forecast_valid_time": "2026-09-02 14:00:00+00:00", "model": "Cubist weighted IDW" }, "geometry": { "type": "Polygon", "coordinates": [ [ [ -111.1227, 58.3567 ], [ -111.0627, 58.3567 ], [ -111.0627, 58.2967 ], [ -111.1227, 58.2967 ], [ -111.1227, 58.3567 ] ] ] } },
{ "type": "Feature", "properties": { "AQHI_forecast_3h": 1.42, "value": 1, "color": "#01cbff", "station_count": 3, "forecast_valid_time": "2026-09-02 14:00:00+00:00", "model": "Cubist weighted IDW" }, "geometry": { "type": "Polygon", "coordinates": [ [ [ -111.1227, 58.4167 ], [ -111.0627, 58.4167 ], [ -111.0627, 58.3567 ], [ -111.1227, 58.3567 ], [ -111.1227, 58.4167 ] ] ] } },
{ "type": "Feature", "properties": { "AQHI_forecast_3h": 1.44, "value": 1, "color": "#01cbff", "station_count": 3, "forecast_valid_time": "2026-09-02 14:00:00+00:00", "model": "Cubist weighted IDW" }, "geometry": { "type": "Polygon", "coordinates": [ [ [ -111.1227, 58.4767 ], [ -111.0627, 58.4767 ], [ -111.0627, 58.4167 ], [ -111.1227, 58.4167 ], [ -111.1227, 58.4767 ] ] ] } },
{ "type": "Feature", "properties": { "AQHI_forecast_3h": 1.15, "value": 1, "color": "#01cbff", "station_count": 3, "forecast_valid_time": "2026-09-02 14:00:00+00:00", "model": "Cubist weighted IDW" }, "geometry": { "type": "Polygon", "coordinates": [ [ [ -111.0627, 57.3967 ], [ -111.0027, 57.3967 ], [ -111.0027, 57.3367 ], [ -111.0627, 57.3367 ], [ -111.0627, 57.3967 ] ] ] } },
{ "type": "Feature", "properties": { "AQHI_forecast_3h": 1.15, "value": 1, "color": "#01cbff", "station_count": 3, "forecast_valid_time": "2026-09-02 14:00:00+00:00", "model": "Cubist weighted IDW" }, "geometry": { "type": "Polygon", "coordinates": [ [ [ -111.0627, 57.4567 ], [ -111.0027, 57.4567 ], [ -111.0027, 57.3967 ], [ -111.0627, 57.3967 ], [ -111.0627, 57.4567 ] ] ] } },
{ "type": "Feature", "properties": { "AQHI_forecast_3h": 1.16, "value": 1, "color": "#01cbff", "station_count": 3, "forecast_valid_time": "2026-09-02 14:00:00+00:00", "model": "Cubist weighted IDW" }, "geometry": { "type": "Polygon", "coordinates": [ [ [ -111.0627, 57.5167 ], [ -111.0027, 57.5167 ], [ -111.0027, 57.4567 ], [ -111.0627, 57.4567 ], [ -111.0627, 57.5167 ] ] ] } },
{ "type": "Feature", "properties": { "AQHI_forecast_3h": 1.16, "value": 1, "color": "#01cbff", "station_count": 3, "forecast_valid_time": "2026-09-02 14:00:00+00:00", "model": "Cubist weighted IDW" }, "geometry": { "type": "Polygon", "coordinates": [ [ [ -111.0627, 57.5767 ], [ -111.0027, 57.5767 ], [ -111.0027, 57.5167 ], [ -111.0627, 57.5167 ], [ -111.0627, 57.5767 ] ] ] } },
{ "type": "Feature", "properties": { "AQHI_forecast_3h": 1.17, "value": 1, "color": "#01cbff", "station_count": 3, "forecast_valid_time": "2026-09-02 14:00:00+00:00", "model": "Cubist weighted IDW" }, "geometry": { "type": "Polygon", "coordinates": [ [ [ -111.0627, 57.6367 ], [ -111.0027, 57.6367 ], [ -111.0027, 57.5767 ], [ -111.0627, 57.5767 ], [ -111.0627, 57.6367 ] ] ] } },
{ "type": "Feature", "properties": { "AQHI_forecast_3h": 1.18, "value": 1, "color": "#01cbff", "station_count": 3, "forecast_valid_time": "2026-09-02 14:00:00+00:00", "model": "Cubist weighted IDW" }, "geometry": { "type": "Polygon", "coordinates": [ [ [ -111.0627, 57.6967 ], [ -111.0027, 57.6967 ], [ -111.0027, 57.6367 ], [ -111.0627, 57.6367 ], [ -111.0627, 57.6967 ] ] ] } },
{ "type": "Feature", "properties": { "AQHI_forecast_3h": 1.19, "value": 1, "color": "#01cbff", "station_count": 3, "forecast_valid_time": "2026-09-02 14:00:00+00:00", "model": "Cubist weighted IDW" }, "geometry": { "type": "Polygon", "coordinates": [ [ [ -111.0627, 57.7567 ], [ -111.0027, 57.7567 ], [ -111.0027, 57.6967 ], [ -111.0627, 57.6967 ], [ -111.0627, 57.7567 ] ] ] } },
{ "type": "Feature", "properties": { "AQHI_forecast_3h": 1.21, "value": 1, "color": "#01cbff", "station_count": 3, "forecast_valid_time": "2026-09-02 14:00:00+00:00", "model": "Cubist weighted IDW" }, "geometry": { "type": "Polygon", "coordinates": [ [ [ -111.0627, 57.8167 ], [ -111.0027, 57.8167 ], [ -111.0027, 57.7567 ], [ -111.0627, 57.7567 ], [ -111.0627, 57.8167 ] ] ] } },
{ "type": "Feature", "properties": { "AQHI_forecast_3h": 1.22, "value": 1, "color": "#01cbff", "station_count": 3, "forecast_valid_time": "2026-09-02 14:00:00+00:00", "model": "Cubist weighted IDW" }, "geometry": { "type": "Polygon", "coordinates": [ [ [ -111.0627, 57.8767 ], [ -111.0027, 57.8767 ], [ -111.0027, 57.8167 ], [ -111.0627, 57.8167 ], [ -111.0627, 57.8767 ] ] ] } },
{ "type": "Feature", "properties": { "AQHI_forecast_3h": 1.24, "value": 1, "color": "#01cbff", "station_count": 3, "forecast_valid_time": "2026-09-02 14:00:00+00:00", "model": "Cubist weighted IDW" }, "geometry": { "type": "Polygon", "coordinates": [ [ [ -111.0627, 57.9367 ], [ -111.0027, 57.9367 ], [ -111.0027, 57.8767 ], [ -111.0627, 57.8767 ], [ -111.0627, 57.9367 ] ] ] } },
{ "type": "Feature", "properties": { "AQHI_forecast_3h": 1.26, "value": 1, "color": "#01cbff", "station_count": 3, "forecast_valid_time": "2026-09-02 14:00:00+00:00", "model": "Cubist weighted IDW" }, "geometry": { "type": "Polygon", "coordinates": [ [ [ -111.0627, 57.9967 ], [ -111.0027, 57.9967 ], [ -111.0027, 57.9367 ], [ -111.0627, 57.9367 ], [ -111.0627, 57.9967 ] ] ] } },
{ "type": "Feature", "properties": { "AQHI_forecast_3h": 1.29, "value": 1, "color": "#01cbff", "station_count": 3, "forecast_valid_time": "2026-09-02 14:00:00+00:00", "model": "Cubist weighted IDW" }, "geometry": { "type": "Polygon", "coordinates": [ [ [ -111.0627, 58.0567 ], [ -111.0027, 58.0567 ], [ -111.0027, 57.9967 ], [ -111.0627, 57.9967 ], [ -111.0627, 58.0567 ] ] ] } },
{ "type": "Feature", "properties": { "AQHI_forecast_3h": 1.31, "value": 1, "color": "#01cbff", "station_count": 3, "forecast_valid_time": "2026-09-02 14:00:00+00:00", "model": "Cubist weighted IDW" }, "geometry": { "type": "Polygon", "coordinates": [ [ [ -111.0627, 58.1167 ], [ -111.0027, 58.1167 ], [ -111.0027, 58.0567 ], [ -111.0627, 58.0567 ], [ -111.0627, 58.1167 ] ] ] } },
{ "type": "Feature", "properties": { "AQHI_forecast_3h": 1.34, "value": 1, "color": "#01cbff", "station_count": 3, "forecast_valid_time": "2026-09-02 14:00:00+00:00", "model": "Cubist weighted IDW" }, "geometry": { "type": "Polygon", "coordinates": [ [ [ -111.0627, 58.1767 ], [ -111.0027, 58.1767 ], [ -111.0027, 58.1167 ], [ -111.0627, 58.1167 ], [ -111.0627, 58.1767 ] ] ] } },
{ "type": "Feature", "properties": { "AQHI_forecast_3h": 1.36, "value": 1, "color": "#01cbff", "station_count": 3, "forecast_valid_time": "2026-09-02 14:00:00+00:00", "model": "Cubist weighted IDW" }, "geometry": { "type": "Polygon", "coordinates": [ [ [ -111.0627, 58.2367 ], [ -111.0027, 58.2367 ], [ -111.0027, 58.1767 ], [ -111.0627, 58.1767 ], [ -111.0627, 58.2367 ] ] ] } },
{ "type": "Feature", "properties": { "AQHI_forecast_3h": 1.39, "value": 1, "color": "#01cbff", "station_count": 3, "forecast_valid_time": "2026-09-02 14:00:00+00:00", "model": "Cubist weighted IDW" }, "geometry": { "type": "Polygon", "coordinates": [ [ [ -111.0627, 58.2967 ], [ -111.0027, 58.2967 ], [ -111.0027, 58.2367 ], [ -111.0627, 58.2367 ], [ -111.0627, 58.2967 ] ] ] } },
{ "type": "Feature", "properties": { "AQHI_forecast_3h": 1.41, "value": 1, "color": "#01cbff", "station_count": 3, "forecast_valid_time": "2026-09-02 14:00:00+00:00", "model": "Cubist weighted IDW" }, "geometry": { "type": "Polygon", "coordinates": [ [ [ -111.0627, 58.3567 ], [ -111.0027, 58.3567 ], [ -111.0027, 58.2967 ], [ -111.0627, 58.2967 ], [ -111.0627, 58.3567 ] ] ] } },
{ "type": "Feature", "properties": { "AQHI_forecast_3h": 1.42, "value": 1, "color": "#01cbff", "station_count": 3, "forecast_valid_time": "2026-09-02 14:00:00+00:00", "model": "Cubist weighted IDW" }, "geometry": { "type": "Polygon", "coordinates": [ [ [ -111.0627, 58.4167 ], [ -111.0027, 58.4167 ], [ -111.0027, 58.3567 ], [ -111.0627, 58.3567 ], [ -111.0627, 58.4167 ] ] ] } },
{ "type": "Feature", "properties": { "AQHI_forecast_3h": 1.44, "value": 1, "color": "#01cbff", "station_count": 3, "forecast_valid_time": "2026-09-02 14:00:00+00:00", "model": "Cubist weighted IDW" }, "geometry": { "type": "Polygon", "coordinates": [ [ [ -111.0627, 58.4767 ], [ -111.0027, 58.4767 ], [ -111.0027, 58.4167 ], [ -111.0627, 58.4167 ], [ -111.0627, 58.4767 ] ] ] } },
{ "type": "Feature", "properties": { "AQHI_forecast_3h": 1.15, "value": 1, "color": "#01cbff", "station_count": 3, "forecast_valid_time": "2026-09-02 14:00:00+00:00", "model": "Cubist weighted IDW" }, "geometry": { "type": "Polygon", "coordinates": [ [ [ -111.0027, 57.3967 ], [ -110.9427, 57.3967 ], [ -110.9427, 57.3367 ], [ -111.0027, 57.3367 ], [ -111.0027, 57.3967 ] ] ] } },
{ "type": "Feature", "properties": { "AQHI_forecast_3h": 1.15, "value": 1, "color": "#01cbff", "station_count": 3, "forecast_valid_time": "2026-09-02 14:00:00+00:00", "model": "Cubist weighted IDW" }, "geometry": { "type": "Polygon", "coordinates": [ [ [ -111.0027, 57.4567 ], [ -110.9427, 57.4567 ], [ -110.9427, 57.3967 ], [ -111.0027, 57.3967 ], [ -111.0027, 57.4567 ] ] ] } },
{ "type": "Feature", "properties": { "AQHI_forecast_3h": 1.16, "value": 1, "color": "#01cbff", "station_count": 3, "forecast_valid_time": "2026-09-02 14:00:00+00:00", "model": "Cubist weighted IDW" }, "geometry": { "type": "Polygon", "coordinates": [ [ [ -111.0027, 57.5167 ], [ -110.9427, 57.5167 ], [ -110.9427, 57.4567 ], [ -111.0027, 57.4567 ], [ -111.0027, 57.5167 ] ] ] } },
{ "type": "Feature", "properties": { "AQHI_forecast_3h": 1.16, "value": 1, "color": "#01cbff", "station_count": 3, "forecast_valid_time": "2026-09-02 14:00:00+00:00", "model": "Cubist weighted IDW" }, "geometry": { "type": "Polygon", "coordinates": [ [ [ -111.0027, 57.5767 ], [ -110.9427, 57.5767 ], [ -110.9427, 57.5167 ], [ -111.0027, 57.5167 ], [ -111.0027, 57.5767 ] ] ] } },
{ "type": "Feature", "properties": { "AQHI_forecast_3h": 1.17, "value": 1, "color": "#01cbff", "station_count": 3, "forecast_valid_time": "2026-09-02 14:00:00+00:00", "model": "Cubist weighted IDW" }, "geometry": { "type": "Polygon", "coordinates": [ [ [ -111.0027, 57.6367 ], [ -110.9427, 57.6367 ], [ -110.9427, 57.5767 ], [ -111.0027, 57.5767 ], [ -111.0027, 57.6367 ] ] ] } },
{ "type": "Feature", "properties": { "AQHI_forecast_3h": 1.18, "value": 1, "color": "#01cbff", "station_count": 3, "forecast_valid_time": "2026-09-02 14:00:00+00:00", "model": "Cubist weighted IDW" }, "geometry": { "type": "Polygon", "coordinates": [ [ [ -111.0027, 57.6967 ], [ -110.9427, 57.6967 ], [ -110.9427, 57.6367 ], [ -111.0027, 57.6367 ], [ -111.0027, 57.6967 ] ] ] } },
{ "type": "Feature", "properties": { "AQHI_forecast_3h": 1.19, "value": 1, "color": "#01cbff", "station_count": 3, "forecast_valid_time": "2026-09-02 14:00:00+00:00", "model": "Cubist weighted IDW" }, "geometry": { "type": "Polygon", "coordinates": [ [ [ -111.0027, 57.7567 ], [ -110.9427, 57.7567 ], [ -110.9427, 57.6967 ], [ -111.0027, 57.6967 ], [ -111.0027, 57.7567 ] ] ] } },
{ "type": "Feature", "properties": { "AQHI_forecast_3h": 1.21, "value": 1, "color": "#01cbff", "station_count": 3, "forecast_valid_time": "2026-09-02 14:00:00+00:00", "model": "Cubist weighted IDW" }, "geometry": { "type": "Polygon", "coordinates": [ [ [ -111.0027, 57.8167 ], [ -110.9427, 57.8167 ], [ -110.9427, 57.7567 ], [ -111.0027, 57.7567 ], [ -111.0027, 57.8167 ] ] ] } },
{ "type": "Feature", "properties": { "AQHI_forecast_3h": 1.22, "value": 1, "color": "#01cbff", "station_count": 3, "forecast_valid_time": "2026-09-02 14:00:00+00:00", "model": "Cubist weighted IDW" }, "geometry": { "type": "Polygon", "coordinates": [ [ [ -111.0027, 57.8767 ], [ -110.9427, 57.8767 ], [ -110.9427, 57.8167 ], [ -111.0027, 57.8167 ], [ -111.0027, 57.8767 ] ] ] } },
{ "type": "Feature", "properties": { "AQHI_forecast_3h": 1.24, "value": 1, "color": "#01cbff", "station_count": 3, "forecast_valid_time": "2026-09-02 14:00:00+00:00", "model": "Cubist weighted IDW" }, "geometry": { "type": "Polygon", "coordinates": [ [ [ -111.0027, 57.9367 ], [ -110.9427, 57.9367 ], [ -110.9427, 57.8767 ], [ -111.0027, 57.8767 ], [ -111.0027, 57.9367 ] ] ] } },
{ "type": "Feature", "properties": { "AQHI_forecast_3h": 1.27, "value": 1, "color": "#01cbff", "station_count": 3, "forecast_valid_time": "2026-09-02 14:00:00+00:00", "model": "Cubist weighted IDW" }, "geometry": { "type": "Polygon", "coordinates": [ [ [ -111.0027, 57.9967 ], [ -110.9427, 57.9967 ], [ -110.9427, 57.9367 ], [ -111.0027, 57.9367 ], [ -111.0027, 57.9967 ] ] ] } },
{ "type": "Feature", "properties": { "AQHI_forecast_3h": 1.29, "value": 1, "color": "#01cbff", "station_count": 3, "forecast_valid_time": "2026-09-02 14:00:00+00:00", "model": "Cubist weighted IDW" }, "geometry": { "type": "Polygon", "coordinates": [ [ [ -111.0027, 58.0567 ], [ -110.9427, 58.0567 ], [ -110.9427, 57.9967 ], [ -111.0027, 57.9967 ], [ -111.0027, 58.0567 ] ] ] } },
{ "type": "Feature", "properties": { "AQHI_forecast_3h": 1.31, "value": 1, "color": "#01cbff", "station_count": 3, "forecast_valid_time": "2026-09-02 14:00:00+00:00", "model": "Cubist weighted IDW" }, "geometry": { "type": "Polygon", "coordinates": [ [ [ -111.0027, 58.1167 ], [ -110.9427, 58.1167 ], [ -110.9427, 58.0567 ], [ -111.0027, 58.0567 ], [ -111.0027, 58.1167 ] ] ] } },
{ "type": "Feature", "properties": { "AQHI_forecast_3h": 1.34, "value": 1, "color": "#01cbff", "station_count": 3, "forecast_valid_time": "2026-09-02 14:00:00+00:00", "model": "Cubist weighted IDW" }, "geometry": { "type": "Polygon", "coordinates": [ [ [ -111.0027, 58.1767 ], [ -110.9427, 58.1767 ], [ -110.9427, 58.1167 ], [ -111.0027, 58.1167 ], [ -111.0027, 58.1767 ] ] ] } },
{ "type": "Feature", "properties": { "AQHI_forecast_3h": 1.36, "value": 1, "color": "#01cbff", "station_count": 3, "forecast_valid_time": "2026-09-02 14:00:00+00:00", "model": "Cubist weighted IDW" }, "geometry": { "type": "Polygon", "coordinates": [ [ [ -111.0027, 58.2367 ], [ -110.9427, 58.2367 ], [ -110.9427, 58.1767 ], [ -111.0027, 58.1767 ], [ -111.0027, 58.2367 ] ] ] } },
{ "type": "Feature", "properties": { "AQHI_forecast_3h": 1.38, "value": 1, "color": "#01cbff", "station_count": 3, "forecast_valid_time": "2026-09-02 14:00:00+00:00", "model": "Cubist weighted IDW" }, "geometry": { "type": "Polygon", "coordinates": [ [ [ -111.0027, 58.2967 ], [ -110.9427, 58.2967 ], [ -110.9427, 58.2367 ], [ -111.0027, 58.2367 ], [ -111.0027, 58.2967 ] ] ] } },
{ "type": "Feature", "properties": { "AQHI_forecast_3h": 1.41, "value": 1, "color": "#01cbff", "station_count": 3, "forecast_valid_time": "2026-09-02 14:00:00+00:00", "model": "Cubist weighted IDW" }, "geometry": { "type": "Polygon", "coordinates": [ [ [ -111.0027, 58.3567 ], [ -110.9427, 58.3567 ], [ -110.9427, 58.2967 ], [ -111.0027, 58.2967 ], [ -111.0027, 58.3567 ] ] ] } },
{ "type": "Feature", "properties": { "AQHI_forecast_3h": 1.42, "value": 1, "color": "#01cbff", "station_count": 3, "forecast_valid_time": "2026-09-02 14:00:00+00:00", "model": "Cubist weighted IDW" }, "geometry": { "type": "Polygon", "coordinates": [ [ [ -111.0027, 58.4167 ], [ -110.9427, 58.4167 ], [ -110.9427, 58.3567 ], [ -111.0027, 58.3567 ], [ -111.0027, 58.4167 ] ] ] } },
{ "type": "Feature", "properties": { "AQHI_forecast_3h": 1.44, "value": 1, "color": "#01cbff", "station_count": 3, "forecast_valid_time": "2026-09-02 14:00:00+00:00", "model": "Cubist weighted IDW" }, "geometry": { "type": "Polygon", "coordinates": [ [ [ -111.0027, 58.4767 ], [ -110.9427, 58.4767 ], [ -110.9427, 58.4167 ], [ -111.0027, 58.4167 ], [ -111.0027, 58.4767 ] ] ] } },
{ "type": "Feature", "properties": { "AQHI_forecast_3h": 1.15, "value": 1, "color": "#01cbff", "station_count": 3, "forecast_valid_time": "2026-09-02 14:00:00+00:00", "model": "Cubist weighted IDW" }, "geometry": { "type": "Polygon", "coordinates": [ [ [ -110.9427, 57.3967 ], [ -110.8827, 57.3967 ], [ -110.8827, 57.3367 ], [ -110.9427, 57.3367 ], [ -110.9427, 57.3967 ] ] ] } },
{ "type": "Feature", "properties": { "AQHI_forecast_3h": 1.15, "value": 1, "color": "#01cbff", "station_count": 3, "forecast_valid_time": "2026-09-02 14:00:00+00:00", "model": "Cubist weighted IDW" }, "geometry": { "type": "Polygon", "coordinates": [ [ [ -110.9427, 57.4567 ], [ -110.8827, 57.4567 ], [ -110.8827, 57.3967 ], [ -110.9427, 57.3967 ], [ -110.9427, 57.4567 ] ] ] } },
{ "type": "Feature", "properties": { "AQHI_forecast_3h": 1.16, "value": 1, "color": "#01cbff", "station_count": 3, "forecast_valid_time": "2026-09-02 14:00:00+00:00", "model": "Cubist weighted IDW" }, "geometry": { "type": "Polygon", "coordinates": [ [ [ -110.9427, 57.5167 ], [ -110.8827, 57.5167 ], [ -110.8827, 57.4567 ], [ -110.9427, 57.4567 ], [ -110.9427, 57.5167 ] ] ] } },
{ "type": "Feature", "properties": { "AQHI_forecast_3h": 1.17, "value": 1, "color": "#01cbff", "station_count": 3, "forecast_valid_time": "2026-09-02 14:00:00+00:00", "model": "Cubist weighted IDW" }, "geometry": { "type": "Polygon", "coordinates": [ [ [ -110.9427, 57.5767 ], [ -110.8827, 57.5767 ], [ -110.8827, 57.5167 ], [ -110.9427, 57.5167 ], [ -110.9427, 57.5767 ] ] ] } },
{ "type": "Feature", "properties": { "AQHI_forecast_3h": 1.17, "value": 1, "color": "#01cbff", "station_count": 3, "forecast_valid_time": "2026-09-02 14:00:00+00:00", "model": "Cubist weighted IDW" }, "geometry": { "type": "Polygon", "coordinates": [ [ [ -110.9427, 57.6367 ], [ -110.8827, 57.6367 ], [ -110.8827, 57.5767 ], [ -110.9427, 57.5767 ], [ -110.9427, 57.6367 ] ] ] } },
{ "type": "Feature", "properties": { "AQHI_forecast_3h": 1.18, "value": 1, "color": "#01cbff", "station_count": 3, "forecast_valid_time": "2026-09-02 14:00:00+00:00", "model": "Cubist weighted IDW" }, "geometry": { "type": "Polygon", "coordinates": [ [ [ -110.9427, 57.6967 ], [ -110.8827, 57.6967 ], [ -110.8827, 57.6367 ], [ -110.9427, 57.6367 ], [ -110.9427, 57.6967 ] ] ] } },
{ "type": "Feature", "properties": { "AQHI_forecast_3h": 1.2, "value": 1, "color": "#01cbff", "station_count": 3, "forecast_valid_time": "2026-09-02 14:00:00+00:00", "model": "Cubist weighted IDW" }, "geometry": { "type": "Polygon", "coordinates": [ [ [ -110.9427, 57.7567 ], [ -110.8827, 57.7567 ], [ -110.8827, 57.6967 ], [ -110.9427, 57.6967 ], [ -110.9427, 57.7567 ] ] ] } },
{ "type": "Feature", "properties": { "AQHI_forecast_3h": 1.21, "value": 1, "color": "#01cbff", "station_count": 3, "forecast_valid_time": "2026-09-02 14:00:00+00:00", "model": "Cubist weighted IDW" }, "geometry": { "type": "Polygon", "coordinates": [ [ [ -110.9427, 57.8167 ], [ -110.8827, 57.8167 ], [ -110.8827, 57.7567 ], [ -110.9427, 57.7567 ], [ -110.9427, 57.8167 ] ] ] } },
{ "type": "Feature", "properties": { "AQHI_forecast_3h": 1.23, "value": 1, "color": "#01cbff", "station_count": 3, "forecast_valid_time": "2026-09-02 14:00:00+00:00", "model": "Cubist weighted IDW" }, "geometry": { "type": "Polygon", "coordinates": [ [ [ -110.9427, 57.8767 ], [ -110.8827, 57.8767 ], [ -110.8827, 57.8167 ], [ -110.9427, 57.8167 ], [ -110.9427, 57.8767 ] ] ] } },
{ "type": "Feature", "properties": { "AQHI_forecast_3h": 1.25, "value": 1, "color": "#01cbff", "station_count": 3, "forecast_valid_time": "2026-09-02 14:00:00+00:00", "model": "Cubist weighted IDW" }, "geometry": { "type": "Polygon", "coordinates": [ [ [ -110.9427, 57.9367 ], [ -110.8827, 57.9367 ], [ -110.8827, 57.8767 ], [ -110.9427, 57.8767 ], [ -110.9427, 57.9367 ] ] ] } },
{ "type": "Feature", "properties": { "AQHI_forecast_3h": 1.27, "value": 1, "color": "#01cbff", "station_count": 3, "forecast_valid_time": "2026-09-02 14:00:00+00:00", "model": "Cubist weighted IDW" }, "geometry": { "type": "Polygon", "coordinates": [ [ [ -110.9427, 57.9967 ], [ -110.8827, 57.9967 ], [ -110.8827, 57.9367 ], [ -110.9427, 57.9367 ], [ -110.9427, 57.9967 ] ] ] } },
{ "type": "Feature", "properties": { "AQHI_forecast_3h": 1.29, "value": 1, "color": "#01cbff", "station_count": 3, "forecast_valid_time": "2026-09-02 14:00:00+00:00", "model": "Cubist weighted IDW" }, "geometry": { "type": "Polygon", "coordinates": [ [ [ -110.9427, 58.0567 ], [ -110.8827, 58.0567 ], [ -110.8827, 57.9967 ], [ -110.9427, 57.9967 ], [ -110.9427, 58.0567 ] ] ] } },
{ "type": "Feature", "properties": { "AQHI_forecast_3h": 1.31, "value": 1, "color": "#01cbff", "station_count": 3, "forecast_valid_time": "2026-09-02 14:00:00+00:00", "model": "Cubist weighted IDW" }, "geometry": { "type": "Polygon", "coordinates": [ [ [ -110.9427, 58.1167 ], [ -110.8827, 58.1167 ], [ -110.8827, 58.0567 ], [ -110.9427, 58.0567 ], [ -110.9427, 58.1167 ] ] ] } },
{ "type": "Feature", "properties": { "AQHI_forecast_3h": 1.34, "value": 1, "color": "#01cbff", "station_count": 3, "forecast_valid_time": "2026-09-02 14:00:00+00:00", "model": "Cubist weighted IDW" }, "geometry": { "type": "Polygon", "coordinates": [ [ [ -110.9427, 58.1767 ], [ -110.8827, 58.1767 ], [ -110.8827, 58.1167 ], [ -110.9427, 58.1167 ], [ -110.9427, 58.1767 ] ] ] } },
{ "type": "Feature", "properties": { "AQHI_forecast_3h": 1.36, "value": 1, "color": "#01cbff", "station_count": 3, "forecast_valid_time": "2026-09-02 14:00:00+00:00", "model": "Cubist weighted IDW" }, "geometry": { "type": "Polygon", "coordinates": [ [ [ -110.9427, 58.2367 ], [ -110.8827, 58.2367 ], [ -110.8827, 58.1767 ], [ -110.9427, 58.1767 ], [ -110.9427, 58.2367 ] ] ] } },
{ "type": "Feature", "properties": { "AQHI_forecast_3h": 1.38, "value": 1, "color": "#01cbff", "station_count": 3, "forecast_valid_time": "2026-09-02 14:00:00+00:00", "model": "Cubist weighted IDW" }, "geometry": { "type": "Polygon", "coordinates": [ [ [ -110.9427, 58.2967 ], [ -110.8827, 58.2967 ], [ -110.8827, 58.2367 ], [ -110.9427, 58.2367 ], [ -110.9427, 58.2967 ] ] ] } },
{ "type": "Feature", "properties": { "AQHI_forecast_3h": 1.4, "value": 1, "color": "#01cbff", "station_count": 3, "forecast_valid_time": "2026-09-02 14:00:00+00:00", "model": "Cubist weighted IDW" }, "geometry": { "type": "Polygon", "coordinates": [ [ [ -110.9427, 58.3567 ], [ -110.8827, 58.3567 ], [ -110.8827, 58.2967 ], [ -110.9427, 58.2967 ], [ -110.9427, 58.3567 ] ] ] } },
{ "type": "Feature", "properties": { "AQHI_forecast_3h": 1.42, "value": 1, "color": "#01cbff", "station_count": 3, "forecast_valid_time": "2026-09-02 14:00:00+00:00", "model": "Cubist weighted IDW" }, "geometry": { "type": "Polygon", "coordinates": [ [ [ -110.9427, 58.4167 ], [ -110.8827, 58.4167 ], [ -110.8827, 58.3567 ], [ -110.9427, 58.3567 ], [ -110.9427, 58.4167 ] ] ] } },
{ "type": "Feature", "properties": { "AQHI_forecast_3h": 1.16, "value": 1, "color": "#01cbff", "station_count": 3, "forecast_valid_time": "2026-09-02 14:00:00+00:00", "model": "Cubist weighted IDW" }, "geometry": { "type": "Polygon", "coordinates": [ [ [ -110.8827, 57.4567 ], [ -110.8227, 57.4567 ], [ -110.8227, 57.3967 ], [ -110.8827, 57.3967 ], [ -110.8827, 57.4567 ] ] ] } },
{ "type": "Feature", "properties": { "AQHI_forecast_3h": 1.16, "value": 1, "color": "#01cbff", "station_count": 3, "forecast_valid_time": "2026-09-02 14:00:00+00:00", "model": "Cubist weighted IDW" }, "geometry": { "type": "Polygon", "coordinates": [ [ [ -110.8827, 57.5167 ], [ -110.8227, 57.5167 ], [ -110.8227, 57.4567 ], [ -110.8827, 57.4567 ], [ -110.8827, 57.5167 ] ] ] } },
{ "type": "Feature", "properties": { "AQHI_forecast_3h": 1.17, "value": 1, "color": "#01cbff", "station_count": 3, "forecast_valid_time": "2026-09-02 14:00:00+00:00", "model": "Cubist weighted IDW" }, "geometry": { "type": "Polygon", "coordinates": [ [ [ -110.8827, 57.5767 ], [ -110.8227, 57.5767 ], [ -110.8227, 57.5167 ], [ -110.8827, 57.5167 ], [ -110.8827, 57.5767 ] ] ] } },
{ "type": "Feature", "properties": { "AQHI_forecast_3h": 1.18, "value": 1, "color": "#01cbff", "station_count": 3, "forecast_valid_time": "2026-09-02 14:00:00+00:00", "model": "Cubist weighted IDW" }, "geometry": { "type": "Polygon", "coordinates": [ [ [ -110.8827, 57.6367 ], [ -110.8227, 57.6367 ], [ -110.8227, 57.5767 ], [ -110.8827, 57.5767 ], [ -110.8827, 57.6367 ] ] ] } },
{ "type": "Feature", "properties": { "AQHI_forecast_3h": 1.19, "value": 1, "color": "#01cbff", "station_count": 3, "forecast_valid_time": "2026-09-02 14:00:00+00:00", "model": "Cubist weighted IDW" }, "geometry": { "type": "Polygon", "coordinates": [ [ [ -110.8827, 57.6967 ], [ -110.8227, 57.6967 ], [ -110.8227, 57.6367 ], [ -110.8827, 57.6367 ], [ -110.8827, 57.6967 ] ] ] } },
{ "type": "Feature", "properties": { "AQHI_forecast_3h": 1.2, "value": 1, "color": "#01cbff", "station_count": 3, "forecast_valid_time": "2026-09-02 14:00:00+00:00", "model": "Cubist weighted IDW" }, "geometry": { "type": "Polygon", "coordinates": [ [ [ -110.8827, 57.7567 ], [ -110.8227, 57.7567 ], [ -110.8227, 57.6967 ], [ -110.8827, 57.6967 ], [ -110.8827, 57.7567 ] ] ] } },
{ "type": "Feature", "properties": { "AQHI_forecast_3h": 1.21, "value": 1, "color": "#01cbff", "station_count": 3, "forecast_valid_time": "2026-09-02 14:00:00+00:00", "model": "Cubist weighted IDW" }, "geometry": { "type": "Polygon", "coordinates": [ [ [ -110.8827, 57.8167 ], [ -110.8227, 57.8167 ], [ -110.8227, 57.7567 ], [ -110.8827, 57.7567 ], [ -110.8827, 57.8167 ] ] ] } },
{ "type": "Feature", "properties": { "AQHI_forecast_3h": 1.23, "value": 1, "color": "#01cbff", "station_count": 3, "forecast_valid_time": "2026-09-02 14:00:00+00:00", "model": "Cubist weighted IDW" }, "geometry": { "type": "Polygon", "coordinates": [ [ [ -110.8827, 57.8767 ], [ -110.8227, 57.8767 ], [ -110.8227, 57.8167 ], [ -110.8827, 57.8167 ], [ -110.8827, 57.8767 ] ] ] } },
{ "type": "Feature", "properties": { "AQHI_forecast_3h": 1.25, "value": 1, "color": "#01cbff", "station_count": 3, "forecast_valid_time": "2026-09-02 14:00:00+00:00", "model": "Cubist weighted IDW" }, "geometry": { "type": "Polygon", "coordinates": [ [ [ -110.8827, 57.9367 ], [ -110.8227, 57.9367 ], [ -110.8227, 57.8767 ], [ -110.8827, 57.8767 ], [ -110.8827, 57.9367 ] ] ] } },
{ "type": "Feature", "properties": { "AQHI_forecast_3h": 1.27, "value": 1, "color": "#01cbff", "station_count": 3, "forecast_valid_time": "2026-09-02 14:00:00+00:00", "model": "Cubist weighted IDW" }, "geometry": { "type": "Polygon", "coordinates": [ [ [ -110.8827, 57.9967 ], [ -110.8227, 57.9967 ], [ -110.8227, 57.9367 ], [ -110.8827, 57.9367 ], [ -110.8827, 57.9967 ] ] ] } },
{ "type": "Feature", "properties": { "AQHI_forecast_3h": 1.29, "value": 1, "color": "#01cbff", "station_count": 3, "forecast_valid_time": "2026-09-02 14:00:00+00:00", "model": "Cubist weighted IDW" }, "geometry": { "type": "Polygon", "coordinates": [ [ [ -110.8827, 58.0567 ], [ -110.8227, 58.0567 ], [ -110.8227, 57.9967 ], [ -110.8827, 57.9967 ], [ -110.8827, 58.0567 ] ] ] } },
{ "type": "Feature", "properties": { "AQHI_forecast_3h": 1.31, "value": 1, "color": "#01cbff", "station_count": 3, "forecast_valid_time": "2026-09-02 14:00:00+00:00", "model": "Cubist weighted IDW" }, "geometry": { "type": "Polygon", "coordinates": [ [ [ -110.8827, 58.1167 ], [ -110.8227, 58.1167 ], [ -110.8227, 58.0567 ], [ -110.8827, 58.0567 ], [ -110.8827, 58.1167 ] ] ] } },
{ "type": "Feature", "properties": { "AQHI_forecast_3h": 1.34, "value": 1, "color": "#01cbff", "station_count": 3, "forecast_valid_time": "2026-09-02 14:00:00+00:00", "model": "Cubist weighted IDW" }, "geometry": { "type": "Polygon", "coordinates": [ [ [ -110.8827, 58.1767 ], [ -110.8227, 58.1767 ], [ -110.8227, 58.1167 ], [ -110.8827, 58.1167 ], [ -110.8827, 58.1767 ] ] ] } },
{ "type": "Feature", "properties": { "AQHI_forecast_3h": 1.36, "value": 1, "color": "#01cbff", "station_count": 3, "forecast_valid_time": "2026-09-02 14:00:00+00:00", "model": "Cubist weighted IDW" }, "geometry": { "type": "Polygon", "coordinates": [ [ [ -110.8827, 58.2367 ], [ -110.8227, 58.2367 ], [ -110.8227, 58.1767 ], [ -110.8827, 58.1767 ], [ -110.8827, 58.2367 ] ] ] } },
{ "type": "Feature", "properties": { "AQHI_forecast_3h": 1.38, "value": 1, "color": "#01cbff", "station_count": 3, "forecast_valid_time": "2026-09-02 14:00:00+00:00", "model": "Cubist weighted IDW" }, "geometry": { "type": "Polygon", "coordinates": [ [ [ -110.8827, 58.2967 ], [ -110.8227, 58.2967 ], [ -110.8227, 58.2367 ], [ -110.8827, 58.2367 ], [ -110.8827, 58.2967 ] ] ] } },
{ "type": "Feature", "properties": { "AQHI_forecast_3h": 1.4, "value": 1, "color": "#01cbff", "station_count": 3, "forecast_valid_time": "2026-09-02 14:00:00+00:00", "model": "Cubist weighted IDW" }, "geometry": { "type": "Polygon", "coordinates": [ [ [ -110.8827, 58.3567 ], [ -110.8227, 58.3567 ], [ -110.8227, 58.2967 ], [ -110.8827, 58.2967 ], [ -110.8827, 58.3567 ] ] ] } },
{ "type": "Feature", "properties": { "AQHI_forecast_3h": 1.42, "value": 1, "color": "#01cbff", "station_count": 3, "forecast_valid_time": "2026-09-02 14:00:00+00:00", "model": "Cubist weighted IDW" }, "geometry": { "type": "Polygon", "coordinates": [ [ [ -110.8827, 58.4167 ], [ -110.8227, 58.4167 ], [ -110.8227, 58.3567 ], [ -110.8827, 58.3567 ], [ -110.8827, 58.4167 ] ] ] } },
{ "type": "Feature", "properties": { "AQHI_forecast_3h": 1.16, "value": 1, "color": "#01cbff", "station_count": 3, "forecast_valid_time": "2026-09-02 14:00:00+00:00", "model": "Cubist weighted IDW" }, "geometry": { "type": "Polygon", "coordinates": [ [ [ -110.8227, 57.4567 ], [ -110.7627, 57.4567 ], [ -110.7627, 57.3967 ], [ -110.8227, 57.3967 ], [ -110.8227, 57.4567 ] ] ] } },
{ "type": "Feature", "properties": { "AQHI_forecast_3h": 1.16, "value": 1, "color": "#01cbff", "station_count": 3, "forecast_valid_time": "2026-09-02 14:00:00+00:00", "model": "Cubist weighted IDW" }, "geometry": { "type": "Polygon", "coordinates": [ [ [ -110.8227, 57.5167 ], [ -110.7627, 57.5167 ], [ -110.7627, 57.4567 ], [ -110.8227, 57.4567 ], [ -110.8227, 57.5167 ] ] ] } },
{ "type": "Feature", "properties": { "AQHI_forecast_3h": 1.17, "value": 1, "color": "#01cbff", "station_count": 3, "forecast_valid_time": "2026-09-02 14:00:00+00:00", "model": "Cubist weighted IDW" }, "geometry": { "type": "Polygon", "coordinates": [ [ [ -110.8227, 57.5767 ], [ -110.7627, 57.5767 ], [ -110.7627, 57.5167 ], [ -110.8227, 57.5167 ], [ -110.8227, 57.5767 ] ] ] } },
{ "type": "Feature", "properties": { "AQHI_forecast_3h": 1.18, "value": 1, "color": "#01cbff", "station_count": 3, "forecast_valid_time": "2026-09-02 14:00:00+00:00", "model": "Cubist weighted IDW" }, "geometry": { "type": "Polygon", "coordinates": [ [ [ -110.8227, 57.6367 ], [ -110.7627, 57.6367 ], [ -110.7627, 57.5767 ], [ -110.8227, 57.5767 ], [ -110.8227, 57.6367 ] ] ] } },
{ "type": "Feature", "properties": { "AQHI_forecast_3h": 1.19, "value": 1, "color": "#01cbff", "station_count": 3, "forecast_valid_time": "2026-09-02 14:00:00+00:00", "model": "Cubist weighted IDW" }, "geometry": { "type": "Polygon", "coordinates": [ [ [ -110.8227, 57.6967 ], [ -110.7627, 57.6967 ], [ -110.7627, 57.6367 ], [ -110.8227, 57.6367 ], [ -110.8227, 57.6967 ] ] ] } },
{ "type": "Feature", "properties": { "AQHI_forecast_3h": 1.2, "value": 1, "color": "#01cbff", "station_count": 3, "forecast_valid_time": "2026-09-02 14:00:00+00:00", "model": "Cubist weighted IDW" }, "geometry": { "type": "Polygon", "coordinates": [ [ [ -110.8227, 57.7567 ], [ -110.7627, 57.7567 ], [ -110.7627, 57.6967 ], [ -110.8227, 57.6967 ], [ -110.8227, 57.7567 ] ] ] } },
{ "type": "Feature", "properties": { "AQHI_forecast_3h": 1.21, "value": 1, "color": "#01cbff", "station_count": 3, "forecast_valid_time": "2026-09-02 14:00:00+00:00", "model": "Cubist weighted IDW" }, "geometry": { "type": "Polygon", "coordinates": [ [ [ -110.8227, 57.8167 ], [ -110.7627, 57.8167 ], [ -110.7627, 57.7567 ], [ -110.8227, 57.7567 ], [ -110.8227, 57.8167 ] ] ] } },
{ "type": "Feature", "properties": { "AQHI_forecast_3h": 1.23, "value": 1, "color": "#01cbff", "station_count": 3, "forecast_valid_time": "2026-09-02 14:00:00+00:00", "model": "Cubist weighted IDW" }, "geometry": { "type": "Polygon", "coordinates": [ [ [ -110.8227, 57.8767 ], [ -110.7627, 57.8767 ], [ -110.7627, 57.8167 ], [ -110.8227, 57.8167 ], [ -110.8227, 57.8767 ] ] ] } },
{ "type": "Feature", "properties": { "AQHI_forecast_3h": 1.25, "value": 1, "color": "#01cbff", "station_count": 3, "forecast_valid_time": "2026-09-02 14:00:00+00:00", "model": "Cubist weighted IDW" }, "geometry": { "type": "Polygon", "coordinates": [ [ [ -110.8227, 57.9367 ], [ -110.7627, 57.9367 ], [ -110.7627, 57.8767 ], [ -110.8227, 57.8767 ], [ -110.8227, 57.9367 ] ] ] } },
{ "type": "Feature", "properties": { "AQHI_forecast_3h": 1.27, "value": 1, "color": "#01cbff", "station_count": 3, "forecast_valid_time": "2026-09-02 14:00:00+00:00", "model": "Cubist weighted IDW" }, "geometry": { "type": "Polygon", "coordinates": [ [ [ -110.8227, 57.9967 ], [ -110.7627, 57.9967 ], [ -110.7627, 57.9367 ], [ -110.8227, 57.9367 ], [ -110.8227, 57.9967 ] ] ] } },
{ "type": "Feature", "properties": { "AQHI_forecast_3h": 1.29, "value": 1, "color": "#01cbff", "station_count": 3, "forecast_valid_time": "2026-09-02 14:00:00+00:00", "model": "Cubist weighted IDW" }, "geometry": { "type": "Polygon", "coordinates": [ [ [ -110.8227, 58.0567 ], [ -110.7627, 58.0567 ], [ -110.7627, 57.9967 ], [ -110.8227, 57.9967 ], [ -110.8227, 58.0567 ] ] ] } },
{ "type": "Feature", "properties": { "AQHI_forecast_3h": 1.31, "value": 1, "color": "#01cbff", "station_count": 3, "forecast_valid_time": "2026-09-02 14:00:00+00:00", "model": "Cubist weighted IDW" }, "geometry": { "type": "Polygon", "coordinates": [ [ [ -110.8227, 58.1167 ], [ -110.7627, 58.1167 ], [ -110.7627, 58.0567 ], [ -110.8227, 58.0567 ], [ -110.8227, 58.1167 ] ] ] } },
{ "type": "Feature", "properties": { "AQHI_forecast_3h": 1.34, "value": 1, "color": "#01cbff", "station_count": 3, "forecast_valid_time": "2026-09-02 14:00:00+00:00", "model": "Cubist weighted IDW" }, "geometry": { "type": "Polygon", "coordinates": [ [ [ -110.8227, 58.1767 ], [ -110.7627, 58.1767 ], [ -110.7627, 58.1167 ], [ -110.8227, 58.1167 ], [ -110.8227, 58.1767 ] ] ] } },
{ "type": "Feature", "properties": { "AQHI_forecast_3h": 1.36, "value": 1, "color": "#01cbff", "station_count": 3, "forecast_valid_time": "2026-09-02 14:00:00+00:00", "model": "Cubist weighted IDW" }, "geometry": { "type": "Polygon", "coordinates": [ [ [ -110.8227, 58.2367 ], [ -110.7627, 58.2367 ], [ -110.7627, 58.1767 ], [ -110.8227, 58.1767 ], [ -110.8227, 58.2367 ] ] ] } },
{ "type": "Feature", "properties": { "AQHI_forecast_3h": 1.38, "value": 1, "color": "#01cbff", "station_count": 3, "forecast_valid_time": "2026-09-02 14:00:00+00:00", "model": "Cubist weighted IDW" }, "geometry": { "type": "Polygon", "coordinates": [ [ [ -110.8227, 58.2967 ], [ -110.7627, 58.2967 ], [ -110.7627, 58.2367 ], [ -110.8227, 58.2367 ], [ -110.8227, 58.2967 ] ] ] } },
{ "type": "Feature", "properties": { "AQHI_forecast_3h": 1.4, "value": 1, "color": "#01cbff", "station_count": 3, "forecast_valid_time": "2026-09-02 14:00:00+00:00", "model": "Cubist weighted IDW" }, "geometry": { "type": "Polygon", "coordinates": [ [ [ -110.8227, 58.3567 ], [ -110.7627, 58.3567 ], [ -110.7627, 58.2967 ], [ -110.8227, 58.2967 ], [ -110.8227, 58.3567 ] ] ] } },
{ "type": "Feature", "properties": { "AQHI_forecast_3h": 1.42, "value": 1, "color": "#01cbff", "station_count": 3, "forecast_valid_time": "2026-09-02 14:00:00+00:00", "model": "Cubist weighted IDW" }, "geometry": { "type": "Polygon", "coordinates": [ [ [ -110.8227, 58.4167 ], [ -110.7627, 58.4167 ], [ -110.7627, 58.3567 ], [ -110.8227, 58.3567 ], [ -110.8227, 58.4167 ] ] ] } },
{ "type": "Feature", "properties": { "AQHI_forecast_3h": 1.16, "value": 1, "color": "#01cbff", "station_count": 3, "forecast_valid_time": "2026-09-02 14:00:00+00:00", "model": "Cubist weighted IDW" }, "geometry": { "type": "Polygon", "coordinates": [ [ [ -110.7627, 57.4567 ], [ -110.7027, 57.4567 ], [ -110.7027, 57.3967 ], [ -110.7627, 57.3967 ], [ -110.7627, 57.4567 ] ] ] } },
{ "type": "Feature", "properties": { "AQHI_forecast_3h": 1.17, "value": 1, "color": "#01cbff", "station_count": 3, "forecast_valid_time": "2026-09-02 14:00:00+00:00", "model": "Cubist weighted IDW" }, "geometry": { "type": "Polygon", "coordinates": [ [ [ -110.7627, 57.5167 ], [ -110.7027, 57.5167 ], [ -110.7027, 57.4567 ], [ -110.7627, 57.4567 ], [ -110.7627, 57.5167 ] ] ] } },
{ "type": "Feature", "properties": { "AQHI_forecast_3h": 1.17, "value": 1, "color": "#01cbff", "station_count": 3, "forecast_valid_time": "2026-09-02 14:00:00+00:00", "model": "Cubist weighted IDW" }, "geometry": { "type": "Polygon", "coordinates": [ [ [ -110.7627, 57.5767 ], [ -110.7027, 57.5767 ], [ -110.7027, 57.5167 ], [ -110.7627, 57.5167 ], [ -110.7627, 57.5767 ] ] ] } },
{ "type": "Feature", "properties": { "AQHI_forecast_3h": 1.18, "value": 1, "color": "#01cbff", "station_count": 3, "forecast_valid_time": "2026-09-02 14:00:00+00:00", "model": "Cubist weighted IDW" }, "geometry": { "type": "Polygon", "coordinates": [ [ [ -110.7627, 57.6367 ], [ -110.7027, 57.6367 ], [ -110.7027, 57.5767 ], [ -110.7627, 57.5767 ], [ -110.7627, 57.6367 ] ] ] } },
{ "type": "Feature", "properties": { "AQHI_forecast_3h": 1.19, "value": 1, "color": "#01cbff", "station_count": 3, "forecast_valid_time": "2026-09-02 14:00:00+00:00", "model": "Cubist weighted IDW" }, "geometry": { "type": "Polygon", "coordinates": [ [ [ -110.7627, 57.6967 ], [ -110.7027, 57.6967 ], [ -110.7027, 57.6367 ], [ -110.7627, 57.6367 ], [ -110.7627, 57.6967 ] ] ] } },
{ "type": "Feature", "properties": { "AQHI_forecast_3h": 1.2, "value": 1, "color": "#01cbff", "station_count": 3, "forecast_valid_time": "2026-09-02 14:00:00+00:00", "model": "Cubist weighted IDW" }, "geometry": { "type": "Polygon", "coordinates": [ [ [ -110.7627, 57.7567 ], [ -110.7027, 57.7567 ], [ -110.7027, 57.6967 ], [ -110.7627, 57.6967 ], [ -110.7627, 57.7567 ] ] ] } },
{ "type": "Feature", "properties": { "AQHI_forecast_3h": 1.22, "value": 1, "color": "#01cbff", "station_count": 3, "forecast_valid_time": "2026-09-02 14:00:00+00:00", "model": "Cubist weighted IDW" }, "geometry": { "type": "Polygon", "coordinates": [ [ [ -110.7627, 57.8167 ], [ -110.7027, 57.8167 ], [ -110.7027, 57.7567 ], [ -110.7627, 57.7567 ], [ -110.7627, 57.8167 ] ] ] } },
{ "type": "Feature", "properties": { "AQHI_forecast_3h": 1.23, "value": 1, "color": "#01cbff", "station_count": 3, "forecast_valid_time": "2026-09-02 14:00:00+00:00", "model": "Cubist weighted IDW" }, "geometry": { "type": "Polygon", "coordinates": [ [ [ -110.7627, 57.8767 ], [ -110.7027, 57.8767 ], [ -110.7027, 57.8167 ], [ -110.7627, 57.8167 ], [ -110.7627, 57.8767 ] ] ] } },
{ "type": "Feature", "properties": { "AQHI_forecast_3h": 1.25, "value": 1, "color": "#01cbff", "station_count": 3, "forecast_valid_time": "2026-09-02 14:00:00+00:00", "model": "Cubist weighted IDW" }, "geometry": { "type": "Polygon", "coordinates": [ [ [ -110.7627, 57.9367 ], [ -110.7027, 57.9367 ], [ -110.7027, 57.8767 ], [ -110.7627, 57.8767 ], [ -110.7627, 57.9367 ] ] ] } },
{ "type": "Feature", "properties": { "AQHI_forecast_3h": 1.27, "value": 1, "color": "#01cbff", "station_count": 3, "forecast_valid_time": "2026-09-02 14:00:00+00:00", "model": "Cubist weighted IDW" }, "geometry": { "type": "Polygon", "coordinates": [ [ [ -110.7627, 57.9967 ], [ -110.7027, 57.9967 ], [ -110.7027, 57.9367 ], [ -110.7627, 57.9367 ], [ -110.7627, 57.9967 ] ] ] } },
{ "type": "Feature", "properties": { "AQHI_forecast_3h": 1.29, "value": 1, "color": "#01cbff", "station_count": 3, "forecast_valid_time": "2026-09-02 14:00:00+00:00", "model": "Cubist weighted IDW" }, "geometry": { "type": "Polygon", "coordinates": [ [ [ -110.7627, 58.0567 ], [ -110.7027, 58.0567 ], [ -110.7027, 57.9967 ], [ -110.7627, 57.9967 ], [ -110.7627, 58.0567 ] ] ] } },
{ "type": "Feature", "properties": { "AQHI_forecast_3h": 1.31, "value": 1, "color": "#01cbff", "station_count": 3, "forecast_valid_time": "2026-09-02 14:00:00+00:00", "model": "Cubist weighted IDW" }, "geometry": { "type": "Polygon", "coordinates": [ [ [ -110.7627, 58.1167 ], [ -110.7027, 58.1167 ], [ -110.7027, 58.0567 ], [ -110.7627, 58.0567 ], [ -110.7627, 58.1167 ] ] ] } },
{ "type": "Feature", "properties": { "AQHI_forecast_3h": 1.34, "value": 1, "color": "#01cbff", "station_count": 3, "forecast_valid_time": "2026-09-02 14:00:00+00:00", "model": "Cubist weighted IDW" }, "geometry": { "type": "Polygon", "coordinates": [ [ [ -110.7627, 58.1767 ], [ -110.7027, 58.1767 ], [ -110.7027, 58.1167 ], [ -110.7627, 58.1167 ], [ -110.7627, 58.1767 ] ] ] } },
{ "type": "Feature", "properties": { "AQHI_forecast_3h": 1.36, "value": 1, "color": "#01cbff", "station_count": 3, "forecast_valid_time": "2026-09-02 14:00:00+00:00", "model": "Cubist weighted IDW" }, "geometry": { "type": "Polygon", "coordinates": [ [ [ -110.7627, 58.2367 ], [ -110.7027, 58.2367 ], [ -110.7027, 58.1767 ], [ -110.7627, 58.1767 ], [ -110.7627, 58.2367 ] ] ] } },
{ "type": "Feature", "properties": { "AQHI_forecast_3h": 1.38, "value": 1, "color": "#01cbff", "station_count": 3, "forecast_valid_time": "2026-09-02 14:00:00+00:00", "model": "Cubist weighted IDW" }, "geometry": { "type": "Polygon", "coordinates": [ [ [ -110.7627, 58.2967 ], [ -110.7027, 58.2967 ], [ -110.7027, 58.2367 ], [ -110.7627, 58.2367 ], [ -110.7627, 58.2967 ] ] ] } },
{ "type": "Feature", "properties": { "AQHI_forecast_3h": 1.4, "value": 1, "color": "#01cbff", "station_count": 3, "forecast_valid_time": "2026-09-02 14:00:00+00:00", "model": "Cubist weighted IDW" }, "geometry": { "type": "Polygon", "coordinates": [ [ [ -110.7627, 58.3567 ], [ -110.7027, 58.3567 ], [ -110.7027, 58.2967 ], [ -110.7627, 58.2967 ], [ -110.7627, 58.3567 ] ] ] } },
{ "type": "Feature", "properties": { "AQHI_forecast_3h": 1.41, "value": 1, "color": "#01cbff", "station_count": 3, "forecast_valid_time": "2026-09-02 14:00:00+00:00", "model": "Cubist weighted IDW" }, "geometry": { "type": "Polygon", "coordinates": [ [ [ -110.7627, 58.4167 ], [ -110.7027, 58.4167 ], [ -110.7027, 58.3567 ], [ -110.7627, 58.3567 ], [ -110.7627, 58.4167 ] ] ] } },
{ "type": "Feature", "properties": { "AQHI_forecast_3h": 1.16, "value": 1, "color": "#01cbff", "station_count": 3, "forecast_valid_time": "2026-09-02 14:00:00+00:00", "model": "Cubist weighted IDW" }, "geometry": { "type": "Polygon", "coordinates": [ [ [ -110.7027, 57.4567 ], [ -110.6427, 57.4567 ], [ -110.6427, 57.3967 ], [ -110.7027, 57.3967 ], [ -110.7027, 57.4567 ] ] ] } },
{ "type": "Feature", "properties": { "AQHI_forecast_3h": 1.17, "value": 1, "color": "#01cbff", "station_count": 3, "forecast_valid_time": "2026-09-02 14:00:00+00:00", "model": "Cubist weighted IDW" }, "geometry": { "type": "Polygon", "coordinates": [ [ [ -110.7027, 57.5167 ], [ -110.6427, 57.5167 ], [ -110.6427, 57.4567 ], [ -110.7027, 57.4567 ], [ -110.7027, 57.5167 ] ] ] } },
{ "type": "Feature", "properties": { "AQHI_forecast_3h": 1.17, "value": 1, "color": "#01cbff", "station_count": 3, "forecast_valid_time": "2026-09-02 14:00:00+00:00", "model": "Cubist weighted IDW" }, "geometry": { "type": "Polygon", "coordinates": [ [ [ -110.7027, 57.5767 ], [ -110.6427, 57.5767 ], [ -110.6427, 57.5167 ], [ -110.7027, 57.5167 ], [ -110.7027, 57.5767 ] ] ] } },
{ "type": "Feature", "properties": { "AQHI_forecast_3h": 1.18, "value": 1, "color": "#01cbff", "station_count": 3, "forecast_valid_time": "2026-09-02 14:00:00+00:00", "model": "Cubist weighted IDW" }, "geometry": { "type": "Polygon", "coordinates": [ [ [ -110.7027, 57.6367 ], [ -110.6427, 57.6367 ], [ -110.6427, 57.5767 ], [ -110.7027, 57.5767 ], [ -110.7027, 57.6367 ] ] ] } },
{ "type": "Feature", "properties": { "AQHI_forecast_3h": 1.19, "value": 1, "color": "#01cbff", "station_count": 3, "forecast_valid_time": "2026-09-02 14:00:00+00:00", "model": "Cubist weighted IDW" }, "geometry": { "type": "Polygon", "coordinates": [ [ [ -110.7027, 57.6967 ], [ -110.6427, 57.6967 ], [ -110.6427, 57.6367 ], [ -110.7027, 57.6367 ], [ -110.7027, 57.6967 ] ] ] } },
{ "type": "Feature", "properties": { "AQHI_forecast_3h": 1.2, "value": 1, "color": "#01cbff", "station_count": 3, "forecast_valid_time": "2026-09-02 14:00:00+00:00", "model": "Cubist weighted IDW" }, "geometry": { "type": "Polygon", "coordinates": [ [ [ -110.7027, 57.7567 ], [ -110.6427, 57.7567 ], [ -110.6427, 57.6967 ], [ -110.7027, 57.6967 ], [ -110.7027, 57.7567 ] ] ] } },
{ "type": "Feature", "properties": { "AQHI_forecast_3h": 1.22, "value": 1, "color": "#01cbff", "station_count": 3, "forecast_valid_time": "2026-09-02 14:00:00+00:00", "model": "Cubist weighted IDW" }, "geometry": { "type": "Polygon", "coordinates": [ [ [ -110.7027, 57.8167 ], [ -110.6427, 57.8167 ], [ -110.6427, 57.7567 ], [ -110.7027, 57.7567 ], [ -110.7027, 57.8167 ] ] ] } },
{ "type": "Feature", "properties": { "AQHI_forecast_3h": 1.23, "value": 1, "color": "#01cbff", "station_count": 3, "forecast_valid_time": "2026-09-02 14:00:00+00:00", "model": "Cubist weighted IDW" }, "geometry": { "type": "Polygon", "coordinates": [ [ [ -110.7027, 57.8767 ], [ -110.6427, 57.8767 ], [ -110.6427, 57.8167 ], [ -110.7027, 57.8167 ], [ -110.7027, 57.8767 ] ] ] } },
{ "type": "Feature", "properties": { "AQHI_forecast_3h": 1.25, "value": 1, "color": "#01cbff", "station_count": 3, "forecast_valid_time": "2026-09-02 14:00:00+00:00", "model": "Cubist weighted IDW" }, "geometry": { "type": "Polygon", "coordinates": [ [ [ -110.7027, 57.9367 ], [ -110.6427, 57.9367 ], [ -110.6427, 57.8767 ], [ -110.7027, 57.8767 ], [ -110.7027, 57.9367 ] ] ] } },
{ "type": "Feature", "properties": { "AQHI_forecast_3h": 1.27, "value": 1, "color": "#01cbff", "station_count": 3, "forecast_valid_time": "2026-09-02 14:00:00+00:00", "model": "Cubist weighted IDW" }, "geometry": { "type": "Polygon", "coordinates": [ [ [ -110.7027, 57.9967 ], [ -110.6427, 57.9967 ], [ -110.6427, 57.9367 ], [ -110.7027, 57.9367 ], [ -110.7027, 57.9967 ] ] ] } },
{ "type": "Feature", "properties": { "AQHI_forecast_3h": 1.29, "value": 1, "color": "#01cbff", "station_count": 3, "forecast_valid_time": "2026-09-02 14:00:00+00:00", "model": "Cubist weighted IDW" }, "geometry": { "type": "Polygon", "coordinates": [ [ [ -110.7027, 58.0567 ], [ -110.6427, 58.0567 ], [ -110.6427, 57.9967 ], [ -110.7027, 57.9967 ], [ -110.7027, 58.0567 ] ] ] } },
{ "type": "Feature", "properties": { "AQHI_forecast_3h": 1.31, "value": 1, "color": "#01cbff", "station_count": 3, "forecast_valid_time": "2026-09-02 14:00:00+00:00", "model": "Cubist weighted IDW" }, "geometry": { "type": "Polygon", "coordinates": [ [ [ -110.7027, 58.1167 ], [ -110.6427, 58.1167 ], [ -110.6427, 58.0567 ], [ -110.7027, 58.0567 ], [ -110.7027, 58.1167 ] ] ] } },
{ "type": "Feature", "properties": { "AQHI_forecast_3h": 1.33, "value": 1, "color": "#01cbff", "station_count": 3, "forecast_valid_time": "2026-09-02 14:00:00+00:00", "model": "Cubist weighted IDW" }, "geometry": { "type": "Polygon", "coordinates": [ [ [ -110.7027, 58.1767 ], [ -110.6427, 58.1767 ], [ -110.6427, 58.1167 ], [ -110.7027, 58.1167 ], [ -110.7027, 58.1767 ] ] ] } },
{ "type": "Feature", "properties": { "AQHI_forecast_3h": 1.36, "value": 1, "color": "#01cbff", "station_count": 3, "forecast_valid_time": "2026-09-02 14:00:00+00:00", "model": "Cubist weighted IDW" }, "geometry": { "type": "Polygon", "coordinates": [ [ [ -110.7027, 58.2367 ], [ -110.6427, 58.2367 ], [ -110.6427, 58.1767 ], [ -110.7027, 58.1767 ], [ -110.7027, 58.2367 ] ] ] } },
{ "type": "Feature", "properties": { "AQHI_forecast_3h": 1.38, "value": 1, "color": "#01cbff", "station_count": 3, "forecast_valid_time": "2026-09-02 14:00:00+00:00", "model": "Cubist weighted IDW" }, "geometry": { "type": "Polygon", "coordinates": [ [ [ -110.7027, 58.2967 ], [ -110.6427, 58.2967 ], [ -110.6427, 58.2367 ], [ -110.7027, 58.2367 ], [ -110.7027, 58.2967 ] ] ] } },
{ "type": "Feature", "properties": { "AQHI_forecast_3h": 1.39, "value": 1, "color": "#01cbff", "station_count": 3, "forecast_valid_time": "2026-09-02 14:00:00+00:00", "model": "Cubist weighted IDW" }, "geometry": { "type": "Polygon", "coordinates": [ [ [ -110.7027, 58.3567 ], [ -110.6427, 58.3567 ], [ -110.6427, 58.2967 ], [ -110.7027, 58.2967 ], [ -110.7027, 58.3567 ] ] ] } },
{ "type": "Feature", "properties": { "AQHI_forecast_3h": 1.41, "value": 1, "color": "#01cbff", "station_count": 3, "forecast_valid_time": "2026-09-02 14:00:00+00:00", "model": "Cubist weighted IDW" }, "geometry": { "type": "Polygon", "coordinates": [ [ [ -110.7027, 58.4167 ], [ -110.6427, 58.4167 ], [ -110.6427, 58.3567 ], [ -110.7027, 58.3567 ], [ -110.7027, 58.4167 ] ] ] } },
{ "type": "Feature", "properties": { "AQHI_forecast_3h": 1.17, "value": 1, "color": "#01cbff", "station_count": 3, "forecast_valid_time": "2026-09-02 14:00:00+00:00", "model": "Cubist weighted IDW" }, "geometry": { "type": "Polygon", "coordinates": [ [ [ -110.6427, 57.4567 ], [ -110.5827, 57.4567 ], [ -110.5827, 57.3967 ], [ -110.6427, 57.3967 ], [ -110.6427, 57.4567 ] ] ] } },
{ "type": "Feature", "properties": { "AQHI_forecast_3h": 1.17, "value": 1, "color": "#01cbff", "station_count": 3, "forecast_valid_time": "2026-09-02 14:00:00+00:00", "model": "Cubist weighted IDW" }, "geometry": { "type": "Polygon", "coordinates": [ [ [ -110.6427, 57.5167 ], [ -110.5827, 57.5167 ], [ -110.5827, 57.4567 ], [ -110.6427, 57.4567 ], [ -110.6427, 57.5167 ] ] ] } },
{ "type": "Feature", "properties": { "AQHI_forecast_3h": 1.18, "value": 1, "color": "#01cbff", "station_count": 3, "forecast_valid_time": "2026-09-02 14:00:00+00:00", "model": "Cubist weighted IDW" }, "geometry": { "type": "Polygon", "coordinates": [ [ [ -110.6427, 57.5767 ], [ -110.5827, 57.5767 ], [ -110.5827, 57.5167 ], [ -110.6427, 57.5167 ], [ -110.6427, 57.5767 ] ] ] } },
{ "type": "Feature", "properties": { "AQHI_forecast_3h": 1.19, "value": 1, "color": "#01cbff", "station_count": 3, "forecast_valid_time": "2026-09-02 14:00:00+00:00", "model": "Cubist weighted IDW" }, "geometry": { "type": "Polygon", "coordinates": [ [ [ -110.6427, 57.6367 ], [ -110.5827, 57.6367 ], [ -110.5827, 57.5767 ], [ -110.6427, 57.5767 ], [ -110.6427, 57.6367 ] ] ] } },
{ "type": "Feature", "properties": { "AQHI_forecast_3h": 1.2, "value": 1, "color": "#01cbff", "station_count": 3, "forecast_valid_time": "2026-09-02 14:00:00+00:00", "model": "Cubist weighted IDW" }, "geometry": { "type": "Polygon", "coordinates": [ [ [ -110.6427, 57.6967 ], [ -110.5827, 57.6967 ], [ -110.5827, 57.6367 ], [ -110.6427, 57.6367 ], [ -110.6427, 57.6967 ] ] ] } },
{ "type": "Feature", "properties": { "AQHI_forecast_3h": 1.21, "value": 1, "color": "#01cbff", "station_count": 3, "forecast_valid_time": "2026-09-02 14:00:00+00:00", "model": "Cubist weighted IDW" }, "geometry": { "type": "Polygon", "coordinates": [ [ [ -110.6427, 57.7567 ], [ -110.5827, 57.7567 ], [ -110.5827, 57.6967 ], [ -110.6427, 57.6967 ], [ -110.6427, 57.7567 ] ] ] } },
{ "type": "Feature", "properties": { "AQHI_forecast_3h": 1.22, "value": 1, "color": "#01cbff", "station_count": 3, "forecast_valid_time": "2026-09-02 14:00:00+00:00", "model": "Cubist weighted IDW" }, "geometry": { "type": "Polygon", "coordinates": [ [ [ -110.6427, 57.8167 ], [ -110.5827, 57.8167 ], [ -110.5827, 57.7567 ], [ -110.6427, 57.7567 ], [ -110.6427, 57.8167 ] ] ] } },
{ "type": "Feature", "properties": { "AQHI_forecast_3h": 1.24, "value": 1, "color": "#01cbff", "station_count": 3, "forecast_valid_time": "2026-09-02 14:00:00+00:00", "model": "Cubist weighted IDW" }, "geometry": { "type": "Polygon", "coordinates": [ [ [ -110.6427, 57.8767 ], [ -110.5827, 57.8767 ], [ -110.5827, 57.8167 ], [ -110.6427, 57.8167 ], [ -110.6427, 57.8767 ] ] ] } },
{ "type": "Feature", "properties": { "AQHI_forecast_3h": 1.25, "value": 1, "color": "#01cbff", "station_count": 3, "forecast_valid_time": "2026-09-02 14:00:00+00:00", "model": "Cubist weighted IDW" }, "geometry": { "type": "Polygon", "coordinates": [ [ [ -110.6427, 57.9367 ], [ -110.5827, 57.9367 ], [ -110.5827, 57.8767 ], [ -110.6427, 57.8767 ], [ -110.6427, 57.9367 ] ] ] } },
{ "type": "Feature", "properties": { "AQHI_forecast_3h": 1.27, "value": 1, "color": "#01cbff", "station_count": 3, "forecast_valid_time": "2026-09-02 14:00:00+00:00", "model": "Cubist weighted IDW" }, "geometry": { "type": "Polygon", "coordinates": [ [ [ -110.6427, 57.9967 ], [ -110.5827, 57.9967 ], [ -110.5827, 57.9367 ], [ -110.6427, 57.9367 ], [ -110.6427, 57.9967 ] ] ] } },
{ "type": "Feature", "properties": { "AQHI_forecast_3h": 1.29, "value": 1, "color": "#01cbff", "station_count": 3, "forecast_valid_time": "2026-09-02 14:00:00+00:00", "model": "Cubist weighted IDW" }, "geometry": { "type": "Polygon", "coordinates": [ [ [ -110.6427, 58.0567 ], [ -110.5827, 58.0567 ], [ -110.5827, 57.9967 ], [ -110.6427, 57.9967 ], [ -110.6427, 58.0567 ] ] ] } },
{ "type": "Feature", "properties": { "AQHI_forecast_3h": 1.31, "value": 1, "color": "#01cbff", "station_count": 3, "forecast_valid_time": "2026-09-02 14:00:00+00:00", "model": "Cubist weighted IDW" }, "geometry": { "type": "Polygon", "coordinates": [ [ [ -110.6427, 58.1167 ], [ -110.5827, 58.1167 ], [ -110.5827, 58.0567 ], [ -110.6427, 58.0567 ], [ -110.6427, 58.1167 ] ] ] } },
{ "type": "Feature", "properties": { "AQHI_forecast_3h": 1.33, "value": 1, "color": "#01cbff", "station_count": 3, "forecast_valid_time": "2026-09-02 14:00:00+00:00", "model": "Cubist weighted IDW" }, "geometry": { "type": "Polygon", "coordinates": [ [ [ -110.6427, 58.1767 ], [ -110.5827, 58.1767 ], [ -110.5827, 58.1167 ], [ -110.6427, 58.1167 ], [ -110.6427, 58.1767 ] ] ] } },
{ "type": "Feature", "properties": { "AQHI_forecast_3h": 1.35, "value": 1, "color": "#01cbff", "station_count": 3, "forecast_valid_time": "2026-09-02 14:00:00+00:00", "model": "Cubist weighted IDW" }, "geometry": { "type": "Polygon", "coordinates": [ [ [ -110.6427, 58.2367 ], [ -110.5827, 58.2367 ], [ -110.5827, 58.1767 ], [ -110.6427, 58.1767 ], [ -110.6427, 58.2367 ] ] ] } },
{ "type": "Feature", "properties": { "AQHI_forecast_3h": 1.37, "value": 1, "color": "#01cbff", "station_count": 3, "forecast_valid_time": "2026-09-02 14:00:00+00:00", "model": "Cubist weighted IDW" }, "geometry": { "type": "Polygon", "coordinates": [ [ [ -110.6427, 58.2967 ], [ -110.5827, 58.2967 ], [ -110.5827, 58.2367 ], [ -110.6427, 58.2367 ], [ -110.6427, 58.2967 ] ] ] } },
{ "type": "Feature", "properties": { "AQHI_forecast_3h": 1.39, "value": 1, "color": "#01cbff", "station_count": 3, "forecast_valid_time": "2026-09-02 14:00:00+00:00", "model": "Cubist weighted IDW" }, "geometry": { "type": "Polygon", "coordinates": [ [ [ -110.6427, 58.3567 ], [ -110.5827, 58.3567 ], [ -110.5827, 58.2967 ], [ -110.6427, 58.2967 ], [ -110.6427, 58.3567 ] ] ] } },
{ "type": "Feature", "properties": { "AQHI_forecast_3h": 1.17, "value": 1, "color": "#01cbff", "station_count": 3, "forecast_valid_time": "2026-09-02 14:00:00+00:00", "model": "Cubist weighted IDW" }, "geometry": { "type": "Polygon", "coordinates": [ [ [ -110.5827, 57.4567 ], [ -110.5227, 57.4567 ], [ -110.5227, 57.3967 ], [ -110.5827, 57.3967 ], [ -110.5827, 57.4567 ] ] ] } },
{ "type": "Feature", "properties": { "AQHI_forecast_3h": 1.17, "value": 1, "color": "#01cbff", "station_count": 3, "forecast_valid_time": "2026-09-02 14:00:00+00:00", "model": "Cubist weighted IDW" }, "geometry": { "type": "Polygon", "coordinates": [ [ [ -110.5827, 57.5167 ], [ -110.5227, 57.5167 ], [ -110.5227, 57.4567 ], [ -110.5827, 57.4567 ], [ -110.5827, 57.5167 ] ] ] } },
{ "type": "Feature", "properties": { "AQHI_forecast_3h": 1.18, "value": 1, "color": "#01cbff", "station_count": 3, "forecast_valid_time": "2026-09-02 14:00:00+00:00", "model": "Cubist weighted IDW" }, "geometry": { "type": "Polygon", "coordinates": [ [ [ -110.5827, 57.5767 ], [ -110.5227, 57.5767 ], [ -110.5227, 57.5167 ], [ -110.5827, 57.5167 ], [ -110.5827, 57.5767 ] ] ] } },
{ "type": "Feature", "properties": { "AQHI_forecast_3h": 1.19, "value": 1, "color": "#01cbff", "station_count": 3, "forecast_valid_time": "2026-09-02 14:00:00+00:00", "model": "Cubist weighted IDW" }, "geometry": { "type": "Polygon", "coordinates": [ [ [ -110.5827, 57.6367 ], [ -110.5227, 57.6367 ], [ -110.5227, 57.5767 ], [ -110.5827, 57.5767 ], [ -110.5827, 57.6367 ] ] ] } },
{ "type": "Feature", "properties": { "AQHI_forecast_3h": 1.2, "value": 1, "color": "#01cbff", "station_count": 3, "forecast_valid_time": "2026-09-02 14:00:00+00:00", "model": "Cubist weighted IDW" }, "geometry": { "type": "Polygon", "coordinates": [ [ [ -110.5827, 57.6967 ], [ -110.5227, 57.6967 ], [ -110.5227, 57.6367 ], [ -110.5827, 57.6367 ], [ -110.5827, 57.6967 ] ] ] } },
{ "type": "Feature", "properties": { "AQHI_forecast_3h": 1.21, "value": 1, "color": "#01cbff", "station_count": 3, "forecast_valid_time": "2026-09-02 14:00:00+00:00", "model": "Cubist weighted IDW" }, "geometry": { "type": "Polygon", "coordinates": [ [ [ -110.5827, 57.7567 ], [ -110.5227, 57.7567 ], [ -110.5227, 57.6967 ], [ -110.5827, 57.6967 ], [ -110.5827, 57.7567 ] ] ] } },
{ "type": "Feature", "properties": { "AQHI_forecast_3h": 1.22, "value": 1, "color": "#01cbff", "station_count": 3, "forecast_valid_time": "2026-09-02 14:00:00+00:00", "model": "Cubist weighted IDW" }, "geometry": { "type": "Polygon", "coordinates": [ [ [ -110.5827, 57.8167 ], [ -110.5227, 57.8167 ], [ -110.5227, 57.7567 ], [ -110.5827, 57.7567 ], [ -110.5827, 57.8167 ] ] ] } },
{ "type": "Feature", "properties": { "AQHI_forecast_3h": 1.24, "value": 1, "color": "#01cbff", "station_count": 3, "forecast_valid_time": "2026-09-02 14:00:00+00:00", "model": "Cubist weighted IDW" }, "geometry": { "type": "Polygon", "coordinates": [ [ [ -110.5827, 57.8767 ], [ -110.5227, 57.8767 ], [ -110.5227, 57.8167 ], [ -110.5827, 57.8167 ], [ -110.5827, 57.8767 ] ] ] } },
{ "type": "Feature", "properties": { "AQHI_forecast_3h": 1.25, "value": 1, "color": "#01cbff", "station_count": 3, "forecast_valid_time": "2026-09-02 14:00:00+00:00", "model": "Cubist weighted IDW" }, "geometry": { "type": "Polygon", "coordinates": [ [ [ -110.5827, 57.9367 ], [ -110.5227, 57.9367 ], [ -110.5227, 57.8767 ], [ -110.5827, 57.8767 ], [ -110.5827, 57.9367 ] ] ] } },
{ "type": "Feature", "properties": { "AQHI_forecast_3h": 1.27, "value": 1, "color": "#01cbff", "station_count": 3, "forecast_valid_time": "2026-09-02 14:00:00+00:00", "model": "Cubist weighted IDW" }, "geometry": { "type": "Polygon", "coordinates": [ [ [ -110.5827, 57.9967 ], [ -110.5227, 57.9967 ], [ -110.5227, 57.9367 ], [ -110.5827, 57.9367 ], [ -110.5827, 57.9967 ] ] ] } },
{ "type": "Feature", "properties": { "AQHI_forecast_3h": 1.29, "value": 1, "color": "#01cbff", "station_count": 3, "forecast_valid_time": "2026-09-02 14:00:00+00:00", "model": "Cubist weighted IDW" }, "geometry": { "type": "Polygon", "coordinates": [ [ [ -110.5827, 58.0567 ], [ -110.5227, 58.0567 ], [ -110.5227, 57.9967 ], [ -110.5827, 57.9967 ], [ -110.5827, 58.0567 ] ] ] } },
{ "type": "Feature", "properties": { "AQHI_forecast_3h": 1.31, "value": 1, "color": "#01cbff", "station_count": 3, "forecast_valid_time": "2026-09-02 14:00:00+00:00", "model": "Cubist weighted IDW" }, "geometry": { "type": "Polygon", "coordinates": [ [ [ -110.5827, 58.1167 ], [ -110.5227, 58.1167 ], [ -110.5227, 58.0567 ], [ -110.5827, 58.0567 ], [ -110.5827, 58.1167 ] ] ] } },
{ "type": "Feature", "properties": { "AQHI_forecast_3h": 1.33, "value": 1, "color": "#01cbff", "station_count": 3, "forecast_valid_time": "2026-09-02 14:00:00+00:00", "model": "Cubist weighted IDW" }, "geometry": { "type": "Polygon", "coordinates": [ [ [ -110.5827, 58.1767 ], [ -110.5227, 58.1767 ], [ -110.5227, 58.1167 ], [ -110.5827, 58.1167 ], [ -110.5827, 58.1767 ] ] ] } },
{ "type": "Feature", "properties": { "AQHI_forecast_3h": 1.35, "value": 1, "color": "#01cbff", "station_count": 3, "forecast_valid_time": "2026-09-02 14:00:00+00:00", "model": "Cubist weighted IDW" }, "geometry": { "type": "Polygon", "coordinates": [ [ [ -110.5827, 58.2367 ], [ -110.5227, 58.2367 ], [ -110.5227, 58.1767 ], [ -110.5827, 58.1767 ], [ -110.5827, 58.2367 ] ] ] } },
{ "type": "Feature", "properties": { "AQHI_forecast_3h": 1.37, "value": 1, "color": "#01cbff", "station_count": 3, "forecast_valid_time": "2026-09-02 14:00:00+00:00", "model": "Cubist weighted IDW" }, "geometry": { "type": "Polygon", "coordinates": [ [ [ -110.5827, 58.2967 ], [ -110.5227, 58.2967 ], [ -110.5227, 58.2367 ], [ -110.5827, 58.2367 ], [ -110.5827, 58.2967 ] ] ] } },
{ "type": "Feature", "properties": { "AQHI_forecast_3h": 1.39, "value": 1, "color": "#01cbff", "station_count": 3, "forecast_valid_time": "2026-09-02 14:00:00+00:00", "model": "Cubist weighted IDW" }, "geometry": { "type": "Polygon", "coordinates": [ [ [ -110.5827, 58.3567 ], [ -110.5227, 58.3567 ], [ -110.5227, 58.2967 ], [ -110.5827, 58.2967 ], [ -110.5827, 58.3567 ] ] ] } },
{ "type": "Feature", "properties": { "AQHI_forecast_3h": 1.17, "value": 1, "color": "#01cbff", "station_count": 3, "forecast_valid_time": "2026-09-02 14:00:00+00:00", "model": "Cubist weighted IDW" }, "geometry": { "type": "Polygon", "coordinates": [ [ [ -110.5227, 57.4567 ], [ -110.4627, 57.4567 ], [ -110.4627, 57.3967 ], [ -110.5227, 57.3967 ], [ -110.5227, 57.4567 ] ] ] } },
{ "type": "Feature", "properties": { "AQHI_forecast_3h": 1.18, "value": 1, "color": "#01cbff", "station_count": 3, "forecast_valid_time": "2026-09-02 14:00:00+00:00", "model": "Cubist weighted IDW" }, "geometry": { "type": "Polygon", "coordinates": [ [ [ -110.5227, 57.5167 ], [ -110.4627, 57.5167 ], [ -110.4627, 57.4567 ], [ -110.5227, 57.4567 ], [ -110.5227, 57.5167 ] ] ] } },
{ "type": "Feature", "properties": { "AQHI_forecast_3h": 1.18, "value": 1, "color": "#01cbff", "station_count": 3, "forecast_valid_time": "2026-09-02 14:00:00+00:00", "model": "Cubist weighted IDW" }, "geometry": { "type": "Polygon", "coordinates": [ [ [ -110.5227, 57.5767 ], [ -110.4627, 57.5767 ], [ -110.4627, 57.5167 ], [ -110.5227, 57.5167 ], [ -110.5227, 57.5767 ] ] ] } },
{ "type": "Feature", "properties": { "AQHI_forecast_3h": 1.19, "value": 1, "color": "#01cbff", "station_count": 3, "forecast_valid_time": "2026-09-02 14:00:00+00:00", "model": "Cubist weighted IDW" }, "geometry": { "type": "Polygon", "coordinates": [ [ [ -110.5227, 57.6367 ], [ -110.4627, 57.6367 ], [ -110.4627, 57.5767 ], [ -110.5227, 57.5767 ], [ -110.5227, 57.6367 ] ] ] } },
{ "type": "Feature", "properties": { "AQHI_forecast_3h": 1.2, "value": 1, "color": "#01cbff", "station_count": 3, "forecast_valid_time": "2026-09-02 14:00:00+00:00", "model": "Cubist weighted IDW" }, "geometry": { "type": "Polygon", "coordinates": [ [ [ -110.5227, 57.6967 ], [ -110.4627, 57.6967 ], [ -110.4627, 57.6367 ], [ -110.5227, 57.6367 ], [ -110.5227, 57.6967 ] ] ] } },
{ "type": "Feature", "properties": { "AQHI_forecast_3h": 1.21, "value": 1, "color": "#01cbff", "station_count": 3, "forecast_valid_time": "2026-09-02 14:00:00+00:00", "model": "Cubist weighted IDW" }, "geometry": { "type": "Polygon", "coordinates": [ [ [ -110.5227, 57.7567 ], [ -110.4627, 57.7567 ], [ -110.4627, 57.6967 ], [ -110.5227, 57.6967 ], [ -110.5227, 57.7567 ] ] ] } },
{ "type": "Feature", "properties": { "AQHI_forecast_3h": 1.22, "value": 1, "color": "#01cbff", "station_count": 3, "forecast_valid_time": "2026-09-02 14:00:00+00:00", "model": "Cubist weighted IDW" }, "geometry": { "type": "Polygon", "coordinates": [ [ [ -110.5227, 57.8167 ], [ -110.4627, 57.8167 ], [ -110.4627, 57.7567 ], [ -110.5227, 57.7567 ], [ -110.5227, 57.8167 ] ] ] } },
{ "type": "Feature", "properties": { "AQHI_forecast_3h": 1.24, "value": 1, "color": "#01cbff", "station_count": 3, "forecast_valid_time": "2026-09-02 14:00:00+00:00", "model": "Cubist weighted IDW" }, "geometry": { "type": "Polygon", "coordinates": [ [ [ -110.5227, 57.8767 ], [ -110.4627, 57.8767 ], [ -110.4627, 57.8167 ], [ -110.5227, 57.8167 ], [ -110.5227, 57.8767 ] ] ] } },
{ "type": "Feature", "properties": { "AQHI_forecast_3h": 1.25, "value": 1, "color": "#01cbff", "station_count": 3, "forecast_valid_time": "2026-09-02 14:00:00+00:00", "model": "Cubist weighted IDW" }, "geometry": { "type": "Polygon", "coordinates": [ [ [ -110.5227, 57.9367 ], [ -110.4627, 57.9367 ], [ -110.4627, 57.8767 ], [ -110.5227, 57.8767 ], [ -110.5227, 57.9367 ] ] ] } },
{ "type": "Feature", "properties": { "AQHI_forecast_3h": 1.27, "value": 1, "color": "#01cbff", "station_count": 3, "forecast_valid_time": "2026-09-02 14:00:00+00:00", "model": "Cubist weighted IDW" }, "geometry": { "type": "Polygon", "coordinates": [ [ [ -110.5227, 57.9967 ], [ -110.4627, 57.9967 ], [ -110.4627, 57.9367 ], [ -110.5227, 57.9367 ], [ -110.5227, 57.9967 ] ] ] } },
{ "type": "Feature", "properties": { "AQHI_forecast_3h": 1.29, "value": 1, "color": "#01cbff", "station_count": 3, "forecast_valid_time": "2026-09-02 14:00:00+00:00", "model": "Cubist weighted IDW" }, "geometry": { "type": "Polygon", "coordinates": [ [ [ -110.5227, 58.0567 ], [ -110.4627, 58.0567 ], [ -110.4627, 57.9967 ], [ -110.5227, 57.9967 ], [ -110.5227, 58.0567 ] ] ] } },
{ "type": "Feature", "properties": { "AQHI_forecast_3h": 1.31, "value": 1, "color": "#01cbff", "station_count": 3, "forecast_valid_time": "2026-09-02 14:00:00+00:00", "model": "Cubist weighted IDW" }, "geometry": { "type": "Polygon", "coordinates": [ [ [ -110.5227, 58.1167 ], [ -110.4627, 58.1167 ], [ -110.4627, 58.0567 ], [ -110.5227, 58.0567 ], [ -110.5227, 58.1167 ] ] ] } },
{ "type": "Feature", "properties": { "AQHI_forecast_3h": 1.33, "value": 1, "color": "#01cbff", "station_count": 3, "forecast_valid_time": "2026-09-02 14:00:00+00:00", "model": "Cubist weighted IDW" }, "geometry": { "type": "Polygon", "coordinates": [ [ [ -110.5227, 58.1767 ], [ -110.4627, 58.1767 ], [ -110.4627, 58.1167 ], [ -110.5227, 58.1167 ], [ -110.5227, 58.1767 ] ] ] } },
{ "type": "Feature", "properties": { "AQHI_forecast_3h": 1.35, "value": 1, "color": "#01cbff", "station_count": 3, "forecast_valid_time": "2026-09-02 14:00:00+00:00", "model": "Cubist weighted IDW" }, "geometry": { "type": "Polygon", "coordinates": [ [ [ -110.5227, 58.2367 ], [ -110.4627, 58.2367 ], [ -110.4627, 58.1767 ], [ -110.5227, 58.1767 ], [ -110.5227, 58.2367 ] ] ] } },
{ "type": "Feature", "properties": { "AQHI_forecast_3h": 1.37, "value": 1, "color": "#01cbff", "station_count": 3, "forecast_valid_time": "2026-09-02 14:00:00+00:00", "model": "Cubist weighted IDW" }, "geometry": { "type": "Polygon", "coordinates": [ [ [ -110.5227, 58.2967 ], [ -110.4627, 58.2967 ], [ -110.4627, 58.2367 ], [ -110.5227, 58.2367 ], [ -110.5227, 58.2967 ] ] ] } },
{ "type": "Feature", "properties": { "AQHI_forecast_3h": 1.38, "value": 1, "color": "#01cbff", "station_count": 3, "forecast_valid_time": "2026-09-02 14:00:00+00:00", "model": "Cubist weighted IDW" }, "geometry": { "type": "Polygon", "coordinates": [ [ [ -110.5227, 58.3567 ], [ -110.4627, 58.3567 ], [ -110.4627, 58.2967 ], [ -110.5227, 58.2967 ], [ -110.5227, 58.3567 ] ] ] } },
{ "type": "Feature", "properties": { "AQHI_forecast_3h": 1.17, "value": 1, "color": "#01cbff", "station_count": 3, "forecast_valid_time": "2026-09-02 14:00:00+00:00", "model": "Cubist weighted IDW" }, "geometry": { "type": "Polygon", "coordinates": [ [ [ -110.4627, 57.4567 ], [ -110.4027, 57.4567 ], [ -110.4027, 57.3967 ], [ -110.4627, 57.3967 ], [ -110.4627, 57.4567 ] ] ] } },
{ "type": "Feature", "properties": { "AQHI_forecast_3h": 1.18, "value": 1, "color": "#01cbff", "station_count": 3, "forecast_valid_time": "2026-09-02 14:00:00+00:00", "model": "Cubist weighted IDW" }, "geometry": { "type": "Polygon", "coordinates": [ [ [ -110.4627, 57.5167 ], [ -110.4027, 57.5167 ], [ -110.4027, 57.4567 ], [ -110.4627, 57.4567 ], [ -110.4627, 57.5167 ] ] ] } },
{ "type": "Feature", "properties": { "AQHI_forecast_3h": 1.18, "value": 1, "color": "#01cbff", "station_count": 3, "forecast_valid_time": "2026-09-02 14:00:00+00:00", "model": "Cubist weighted IDW" }, "geometry": { "type": "Polygon", "coordinates": [ [ [ -110.4627, 57.5767 ], [ -110.4027, 57.5767 ], [ -110.4027, 57.5167 ], [ -110.4627, 57.5167 ], [ -110.4627, 57.5767 ] ] ] } },
{ "type": "Feature", "properties": { "AQHI_forecast_3h": 1.19, "value": 1, "color": "#01cbff", "station_count": 3, "forecast_valid_time": "2026-09-02 14:00:00+00:00", "model": "Cubist weighted IDW" }, "geometry": { "type": "Polygon", "coordinates": [ [ [ -110.4627, 57.6367 ], [ -110.4027, 57.6367 ], [ -110.4027, 57.5767 ], [ -110.4627, 57.5767 ], [ -110.4627, 57.6367 ] ] ] } },
{ "type": "Feature", "properties": { "AQHI_forecast_3h": 1.2, "value": 1, "color": "#01cbff", "station_count": 3, "forecast_valid_time": "2026-09-02 14:00:00+00:00", "model": "Cubist weighted IDW" }, "geometry": { "type": "Polygon", "coordinates": [ [ [ -110.4627, 57.6967 ], [ -110.4027, 57.6967 ], [ -110.4027, 57.6367 ], [ -110.4627, 57.6367 ], [ -110.4627, 57.6967 ] ] ] } },
{ "type": "Feature", "properties": { "AQHI_forecast_3h": 1.21, "value": 1, "color": "#01cbff", "station_count": 3, "forecast_valid_time": "2026-09-02 14:00:00+00:00", "model": "Cubist weighted IDW" }, "geometry": { "type": "Polygon", "coordinates": [ [ [ -110.4627, 57.7567 ], [ -110.4027, 57.7567 ], [ -110.4027, 57.6967 ], [ -110.4627, 57.6967 ], [ -110.4627, 57.7567 ] ] ] } },
{ "type": "Feature", "properties": { "AQHI_forecast_3h": 1.23, "value": 1, "color": "#01cbff", "station_count": 3, "forecast_valid_time": "2026-09-02 14:00:00+00:00", "model": "Cubist weighted IDW" }, "geometry": { "type": "Polygon", "coordinates": [ [ [ -110.4627, 57.8167 ], [ -110.4027, 57.8167 ], [ -110.4027, 57.7567 ], [ -110.4627, 57.7567 ], [ -110.4627, 57.8167 ] ] ] } },
{ "type": "Feature", "properties": { "AQHI_forecast_3h": 1.24, "value": 1, "color": "#01cbff", "station_count": 3, "forecast_valid_time": "2026-09-02 14:00:00+00:00", "model": "Cubist weighted IDW" }, "geometry": { "type": "Polygon", "coordinates": [ [ [ -110.4627, 57.8767 ], [ -110.4027, 57.8767 ], [ -110.4027, 57.8167 ], [ -110.4627, 57.8167 ], [ -110.4627, 57.8767 ] ] ] } },
{ "type": "Feature", "properties": { "AQHI_forecast_3h": 1.26, "value": 1, "color": "#01cbff", "station_count": 3, "forecast_valid_time": "2026-09-02 14:00:00+00:00", "model": "Cubist weighted IDW" }, "geometry": { "type": "Polygon", "coordinates": [ [ [ -110.4627, 57.9367 ], [ -110.4027, 57.9367 ], [ -110.4027, 57.8767 ], [ -110.4627, 57.8767 ], [ -110.4627, 57.9367 ] ] ] } },
{ "type": "Feature", "properties": { "AQHI_forecast_3h": 1.27, "value": 1, "color": "#01cbff", "station_count": 3, "forecast_valid_time": "2026-09-02 14:00:00+00:00", "model": "Cubist weighted IDW" }, "geometry": { "type": "Polygon", "coordinates": [ [ [ -110.4627, 57.9967 ], [ -110.4027, 57.9967 ], [ -110.4027, 57.9367 ], [ -110.4627, 57.9367 ], [ -110.4627, 57.9967 ] ] ] } },
{ "type": "Feature", "properties": { "AQHI_forecast_3h": 1.29, "value": 1, "color": "#01cbff", "station_count": 3, "forecast_valid_time": "2026-09-02 14:00:00+00:00", "model": "Cubist weighted IDW" }, "geometry": { "type": "Polygon", "coordinates": [ [ [ -110.4627, 58.0567 ], [ -110.4027, 58.0567 ], [ -110.4027, 57.9967 ], [ -110.4627, 57.9967 ], [ -110.4627, 58.0567 ] ] ] } },
{ "type": "Feature", "properties": { "AQHI_forecast_3h": 1.31, "value": 1, "color": "#01cbff", "station_count": 3, "forecast_valid_time": "2026-09-02 14:00:00+00:00", "model": "Cubist weighted IDW" }, "geometry": { "type": "Polygon", "coordinates": [ [ [ -110.4627, 58.1167 ], [ -110.4027, 58.1167 ], [ -110.4027, 58.0567 ], [ -110.4627, 58.0567 ], [ -110.4627, 58.1167 ] ] ] } },
{ "type": "Feature", "properties": { "AQHI_forecast_3h": 1.33, "value": 1, "color": "#01cbff", "station_count": 3, "forecast_valid_time": "2026-09-02 14:00:00+00:00", "model": "Cubist weighted IDW" }, "geometry": { "type": "Polygon", "coordinates": [ [ [ -110.4627, 58.1767 ], [ -110.4027, 58.1767 ], [ -110.4027, 58.1167 ], [ -110.4627, 58.1167 ], [ -110.4627, 58.1767 ] ] ] } },
{ "type": "Feature", "properties": { "AQHI_forecast_3h": 1.35, "value": 1, "color": "#01cbff", "station_count": 3, "forecast_valid_time": "2026-09-02 14:00:00+00:00", "model": "Cubist weighted IDW" }, "geometry": { "type": "Polygon", "coordinates": [ [ [ -110.4627, 58.2367 ], [ -110.4027, 58.2367 ], [ -110.4027, 58.1767 ], [ -110.4627, 58.1767 ], [ -110.4627, 58.2367 ] ] ] } },
{ "type": "Feature", "properties": { "AQHI_forecast_3h": 1.36, "value": 1, "color": "#01cbff", "station_count": 3, "forecast_valid_time": "2026-09-02 14:00:00+00:00", "model": "Cubist weighted IDW" }, "geometry": { "type": "Polygon", "coordinates": [ [ [ -110.4627, 58.2967 ], [ -110.4027, 58.2967 ], [ -110.4027, 58.2367 ], [ -110.4627, 58.2367 ], [ -110.4627, 58.2967 ] ] ] } },
{ "type": "Feature", "properties": { "AQHI_forecast_3h": 1.38, "value": 1, "color": "#01cbff", "station_count": 3, "forecast_valid_time": "2026-09-02 14:00:00+00:00", "model": "Cubist weighted IDW" }, "geometry": { "type": "Polygon", "coordinates": [ [ [ -110.4627, 58.3567 ], [ -110.4027, 58.3567 ], [ -110.4027, 58.2967 ], [ -110.4627, 58.2967 ], [ -110.4627, 58.3567 ] ] ] } },
{ "type": "Feature", "properties": { "AQHI_forecast_3h": 1.18, "value": 1, "color": "#01cbff", "station_count": 3, "forecast_valid_time": "2026-09-02 14:00:00+00:00", "model": "Cubist weighted IDW" }, "geometry": { "type": "Polygon", "coordinates": [ [ [ -110.4027, 57.5167 ], [ -110.3427, 57.5167 ], [ -110.3427, 57.4567 ], [ -110.4027, 57.4567 ], [ -110.4027, 57.5167 ] ] ] } },
{ "type": "Feature", "properties": { "AQHI_forecast_3h": 1.19, "value": 1, "color": "#01cbff", "station_count": 3, "forecast_valid_time": "2026-09-02 14:00:00+00:00", "model": "Cubist weighted IDW" }, "geometry": { "type": "Polygon", "coordinates": [ [ [ -110.4027, 57.5767 ], [ -110.3427, 57.5767 ], [ -110.3427, 57.5167 ], [ -110.4027, 57.5167 ], [ -110.4027, 57.5767 ] ] ] } },
{ "type": "Feature", "properties": { "AQHI_forecast_3h": 1.2, "value": 1, "color": "#01cbff", "station_count": 3, "forecast_valid_time": "2026-09-02 14:00:00+00:00", "model": "Cubist weighted IDW" }, "geometry": { "type": "Polygon", "coordinates": [ [ [ -110.4027, 57.6367 ], [ -110.3427, 57.6367 ], [ -110.3427, 57.5767 ], [ -110.4027, 57.5767 ], [ -110.4027, 57.6367 ] ] ] } },
{ "type": "Feature", "properties": { "AQHI_forecast_3h": 1.2, "value": 1, "color": "#01cbff", "station_count": 3, "forecast_valid_time": "2026-09-02 14:00:00+00:00", "model": "Cubist weighted IDW" }, "geometry": { "type": "Polygon", "coordinates": [ [ [ -110.4027, 57.6967 ], [ -110.3427, 57.6967 ], [ -110.3427, 57.6367 ], [ -110.4027, 57.6367 ], [ -110.4027, 57.6967 ] ] ] } },
{ "type": "Feature", "properties": { "AQHI_forecast_3h": 1.22, "value": 1, "color": "#01cbff", "station_count": 3, "forecast_valid_time": "2026-09-02 14:00:00+00:00", "model": "Cubist weighted IDW" }, "geometry": { "type": "Polygon", "coordinates": [ [ [ -110.4027, 57.7567 ], [ -110.3427, 57.7567 ], [ -110.3427, 57.6967 ], [ -110.4027, 57.6967 ], [ -110.4027, 57.7567 ] ] ] } },
{ "type": "Feature", "properties": { "AQHI_forecast_3h": 1.23, "value": 1, "color": "#01cbff", "station_count": 3, "forecast_valid_time": "2026-09-02 14:00:00+00:00", "model": "Cubist weighted IDW" }, "geometry": { "type": "Polygon", "coordinates": [ [ [ -110.4027, 57.8167 ], [ -110.3427, 57.8167 ], [ -110.3427, 57.7567 ], [ -110.4027, 57.7567 ], [ -110.4027, 57.8167 ] ] ] } },
{ "type": "Feature", "properties": { "AQHI_forecast_3h": 1.24, "value": 1, "color": "#01cbff", "station_count": 3, "forecast_valid_time": "2026-09-02 14:00:00+00:00", "model": "Cubist weighted IDW" }, "geometry": { "type": "Polygon", "coordinates": [ [ [ -110.4027, 57.8767 ], [ -110.3427, 57.8767 ], [ -110.3427, 57.8167 ], [ -110.4027, 57.8167 ], [ -110.4027, 57.8767 ] ] ] } },
{ "type": "Feature", "properties": { "AQHI_forecast_3h": 1.26, "value": 1, "color": "#01cbff", "station_count": 3, "forecast_valid_time": "2026-09-02 14:00:00+00:00", "model": "Cubist weighted IDW" }, "geometry": { "type": "Polygon", "coordinates": [ [ [ -110.4027, 57.9367 ], [ -110.3427, 57.9367 ], [ -110.3427, 57.8767 ], [ -110.4027, 57.8767 ], [ -110.4027, 57.9367 ] ] ] } },
{ "type": "Feature", "properties": { "AQHI_forecast_3h": 1.27, "value": 1, "color": "#01cbff", "station_count": 3, "forecast_valid_time": "2026-09-02 14:00:00+00:00", "model": "Cubist weighted IDW" }, "geometry": { "type": "Polygon", "coordinates": [ [ [ -110.4027, 57.9967 ], [ -110.3427, 57.9967 ], [ -110.3427, 57.9367 ], [ -110.4027, 57.9367 ], [ -110.4027, 57.9967 ] ] ] } },
{ "type": "Feature", "properties": { "AQHI_forecast_3h": 1.29, "value": 1, "color": "#01cbff", "station_count": 3, "forecast_valid_time": "2026-09-02 14:00:00+00:00", "model": "Cubist weighted IDW" }, "geometry": { "type": "Polygon", "coordinates": [ [ [ -110.4027, 58.0567 ], [ -110.3427, 58.0567 ], [ -110.3427, 57.9967 ], [ -110.4027, 57.9967 ], [ -110.4027, 58.0567 ] ] ] } },
{ "type": "Feature", "properties": { "AQHI_forecast_3h": 1.31, "value": 1, "color": "#01cbff", "station_count": 3, "forecast_valid_time": "2026-09-02 14:00:00+00:00", "model": "Cubist weighted IDW" }, "geometry": { "type": "Polygon", "coordinates": [ [ [ -110.4027, 58.1167 ], [ -110.3427, 58.1167 ], [ -110.3427, 58.0567 ], [ -110.4027, 58.0567 ], [ -110.4027, 58.1167 ] ] ] } },
{ "type": "Feature", "properties": { "AQHI_forecast_3h": 1.33, "value": 1, "color": "#01cbff", "station_count": 3, "forecast_valid_time": "2026-09-02 14:00:00+00:00", "model": "Cubist weighted IDW" }, "geometry": { "type": "Polygon", "coordinates": [ [ [ -110.4027, 58.1767 ], [ -110.3427, 58.1767 ], [ -110.3427, 58.1167 ], [ -110.4027, 58.1167 ], [ -110.4027, 58.1767 ] ] ] } },
{ "type": "Feature", "properties": { "AQHI_forecast_3h": 1.34, "value": 1, "color": "#01cbff", "station_count": 3, "forecast_valid_time": "2026-09-02 14:00:00+00:00", "model": "Cubist weighted IDW" }, "geometry": { "type": "Polygon", "coordinates": [ [ [ -110.4027, 58.2367 ], [ -110.3427, 58.2367 ], [ -110.3427, 58.1767 ], [ -110.4027, 58.1767 ], [ -110.4027, 58.2367 ] ] ] } },
{ "type": "Feature", "properties": { "AQHI_forecast_3h": 1.36, "value": 1, "color": "#01cbff", "station_count": 3, "forecast_valid_time": "2026-09-02 14:00:00+00:00", "model": "Cubist weighted IDW" }, "geometry": { "type": "Polygon", "coordinates": [ [ [ -110.4027, 58.2967 ], [ -110.3427, 58.2967 ], [ -110.3427, 58.2367 ], [ -110.4027, 58.2367 ], [ -110.4027, 58.2967 ] ] ] } },
{ "type": "Feature", "properties": { "AQHI_forecast_3h": 1.18, "value": 1, "color": "#01cbff", "station_count": 3, "forecast_valid_time": "2026-09-02 14:00:00+00:00", "model": "Cubist weighted IDW" }, "geometry": { "type": "Polygon", "coordinates": [ [ [ -110.3427, 57.5167 ], [ -110.2827, 57.5167 ], [ -110.2827, 57.4567 ], [ -110.3427, 57.4567 ], [ -110.3427, 57.5167 ] ] ] } },
{ "type": "Feature", "properties": { "AQHI_forecast_3h": 1.19, "value": 1, "color": "#01cbff", "station_count": 3, "forecast_valid_time": "2026-09-02 14:00:00+00:00", "model": "Cubist weighted IDW" }, "geometry": { "type": "Polygon", "coordinates": [ [ [ -110.3427, 57.5767 ], [ -110.2827, 57.5767 ], [ -110.2827, 57.5167 ], [ -110.3427, 57.5167 ], [ -110.3427, 57.5767 ] ] ] } },
{ "type": "Feature", "properties": { "AQHI_forecast_3h": 1.2, "value": 1, "color": "#01cbff", "station_count": 3, "forecast_valid_time": "2026-09-02 14:00:00+00:00", "model": "Cubist weighted IDW" }, "geometry": { "type": "Polygon", "coordinates": [ [ [ -110.3427, 57.6367 ], [ -110.2827, 57.6367 ], [ -110.2827, 57.5767 ], [ -110.3427, 57.5767 ], [ -110.3427, 57.6367 ] ] ] } },
{ "type": "Feature", "properties": { "AQHI_forecast_3h": 1.21, "value": 1, "color": "#01cbff", "station_count": 3, "forecast_valid_time": "2026-09-02 14:00:00+00:00", "model": "Cubist weighted IDW" }, "geometry": { "type": "Polygon", "coordinates": [ [ [ -110.3427, 57.6967 ], [ -110.2827, 57.6967 ], [ -110.2827, 57.6367 ], [ -110.3427, 57.6367 ], [ -110.3427, 57.6967 ] ] ] } },
{ "type": "Feature", "properties": { "AQHI_forecast_3h": 1.22, "value": 1, "color": "#01cbff", "station_count": 3, "forecast_valid_time": "2026-09-02 14:00:00+00:00", "model": "Cubist weighted IDW" }, "geometry": { "type": "Polygon", "coordinates": [ [ [ -110.3427, 57.7567 ], [ -110.2827, 57.7567 ], [ -110.2827, 57.6967 ], [ -110.3427, 57.6967 ], [ -110.3427, 57.7567 ] ] ] } },
{ "type": "Feature", "properties": { "AQHI_forecast_3h": 1.23, "value": 1, "color": "#01cbff", "station_count": 3, "forecast_valid_time": "2026-09-02 14:00:00+00:00", "model": "Cubist weighted IDW" }, "geometry": { "type": "Polygon", "coordinates": [ [ [ -110.3427, 57.8167 ], [ -110.2827, 57.8167 ], [ -110.2827, 57.7567 ], [ -110.3427, 57.7567 ], [ -110.3427, 57.8167 ] ] ] } },
{ "type": "Feature", "properties": { "AQHI_forecast_3h": 1.24, "value": 1, "color": "#01cbff", "station_count": 3, "forecast_valid_time": "2026-09-02 14:00:00+00:00", "model": "Cubist weighted IDW" }, "geometry": { "type": "Polygon", "coordinates": [ [ [ -110.3427, 57.8767 ], [ -110.2827, 57.8767 ], [ -110.2827, 57.8167 ], [ -110.3427, 57.8167 ], [ -110.3427, 57.8767 ] ] ] } },
{ "type": "Feature", "properties": { "AQHI_forecast_3h": 1.26, "value": 1, "color": "#01cbff", "station_count": 3, "forecast_valid_time": "2026-09-02 14:00:00+00:00", "model": "Cubist weighted IDW" }, "geometry": { "type": "Polygon", "coordinates": [ [ [ -110.3427, 57.9367 ], [ -110.2827, 57.9367 ], [ -110.2827, 57.8767 ], [ -110.3427, 57.8767 ], [ -110.3427, 57.9367 ] ] ] } },
{ "type": "Feature", "properties": { "AQHI_forecast_3h": 1.27, "value": 1, "color": "#01cbff", "station_count": 3, "forecast_valid_time": "2026-09-02 14:00:00+00:00", "model": "Cubist weighted IDW" }, "geometry": { "type": "Polygon", "coordinates": [ [ [ -110.3427, 57.9967 ], [ -110.2827, 57.9967 ], [ -110.2827, 57.9367 ], [ -110.3427, 57.9367 ], [ -110.3427, 57.9967 ] ] ] } },
{ "type": "Feature", "properties": { "AQHI_forecast_3h": 1.29, "value": 1, "color": "#01cbff", "station_count": 3, "forecast_valid_time": "2026-09-02 14:00:00+00:00", "model": "Cubist weighted IDW" }, "geometry": { "type": "Polygon", "coordinates": [ [ [ -110.3427, 58.0567 ], [ -110.2827, 58.0567 ], [ -110.2827, 57.9967 ], [ -110.3427, 57.9967 ], [ -110.3427, 58.0567 ] ] ] } },
{ "type": "Feature", "properties": { "AQHI_forecast_3h": 1.31, "value": 1, "color": "#01cbff", "station_count": 3, "forecast_valid_time": "2026-09-02 14:00:00+00:00", "model": "Cubist weighted IDW" }, "geometry": { "type": "Polygon", "coordinates": [ [ [ -110.3427, 58.1167 ], [ -110.2827, 58.1167 ], [ -110.2827, 58.0567 ], [ -110.3427, 58.0567 ], [ -110.3427, 58.1167 ] ] ] } },
{ "type": "Feature", "properties": { "AQHI_forecast_3h": 1.32, "value": 1, "color": "#01cbff", "station_count": 3, "forecast_valid_time": "2026-09-02 14:00:00+00:00", "model": "Cubist weighted IDW" }, "geometry": { "type": "Polygon", "coordinates": [ [ [ -110.3427, 58.1767 ], [ -110.2827, 58.1767 ], [ -110.2827, 58.1167 ], [ -110.3427, 58.1167 ], [ -110.3427, 58.1767 ] ] ] } },
{ "type": "Feature", "properties": { "AQHI_forecast_3h": 1.34, "value": 1, "color": "#01cbff", "station_count": 3, "forecast_valid_time": "2026-09-02 14:00:00+00:00", "model": "Cubist weighted IDW" }, "geometry": { "type": "Polygon", "coordinates": [ [ [ -110.3427, 58.2367 ], [ -110.2827, 58.2367 ], [ -110.2827, 58.1767 ], [ -110.3427, 58.1767 ], [ -110.3427, 58.2367 ] ] ] } },
{ "type": "Feature", "properties": { "AQHI_forecast_3h": 1.36, "value": 1, "color": "#01cbff", "station_count": 3, "forecast_valid_time": "2026-09-02 14:00:00+00:00", "model": "Cubist weighted IDW" }, "geometry": { "type": "Polygon", "coordinates": [ [ [ -110.3427, 58.2967 ], [ -110.2827, 58.2967 ], [ -110.2827, 58.2367 ], [ -110.3427, 58.2367 ], [ -110.3427, 58.2967 ] ] ] } },
{ "type": "Feature", "properties": { "AQHI_forecast_3h": 1.19, "value": 1, "color": "#01cbff", "station_count": 3, "forecast_valid_time": "2026-09-02 14:00:00+00:00", "model": "Cubist weighted IDW" }, "geometry": { "type": "Polygon", "coordinates": [ [ [ -110.2827, 57.5167 ], [ -110.2227, 57.5167 ], [ -110.2227, 57.4567 ], [ -110.2827, 57.4567 ], [ -110.2827, 57.5167 ] ] ] } },
{ "type": "Feature", "properties": { "AQHI_forecast_3h": 1.19, "value": 1, "color": "#01cbff", "station_count": 3, "forecast_valid_time": "2026-09-02 14:00:00+00:00", "model": "Cubist weighted IDW" }, "geometry": { "type": "Polygon", "coordinates": [ [ [ -110.2827, 57.5767 ], [ -110.2227, 57.5767 ], [ -110.2227, 57.5167 ], [ -110.2827, 57.5167 ], [ -110.2827, 57.5767 ] ] ] } },
{ "type": "Feature", "properties": { "AQHI_forecast_3h": 1.2, "value": 1, "color": "#01cbff", "station_count": 3, "forecast_valid_time": "2026-09-02 14:00:00+00:00", "model": "Cubist weighted IDW" }, "geometry": { "type": "Polygon", "coordinates": [ [ [ -110.2827, 57.6367 ], [ -110.2227, 57.6367 ], [ -110.2227, 57.5767 ], [ -110.2827, 57.5767 ], [ -110.2827, 57.6367 ] ] ] } },
{ "type": "Feature", "properties": { "AQHI_forecast_3h": 1.21, "value": 1, "color": "#01cbff", "station_count": 3, "forecast_valid_time": "2026-09-02 14:00:00+00:00", "model": "Cubist weighted IDW" }, "geometry": { "type": "Polygon", "coordinates": [ [ [ -110.2827, 57.6967 ], [ -110.2227, 57.6967 ], [ -110.2227, 57.6367 ], [ -110.2827, 57.6367 ], [ -110.2827, 57.6967 ] ] ] } },
{ "type": "Feature", "properties": { "AQHI_forecast_3h": 1.22, "value": 1, "color": "#01cbff", "station_count": 3, "forecast_valid_time": "2026-09-02 14:00:00+00:00", "model": "Cubist weighted IDW" }, "geometry": { "type": "Polygon", "coordinates": [ [ [ -110.2827, 57.7567 ], [ -110.2227, 57.7567 ], [ -110.2227, 57.6967 ], [ -110.2827, 57.6967 ], [ -110.2827, 57.7567 ] ] ] } },
{ "type": "Feature", "properties": { "AQHI_forecast_3h": 1.23, "value": 1, "color": "#01cbff", "station_count": 3, "forecast_valid_time": "2026-09-02 14:00:00+00:00", "model": "Cubist weighted IDW" }, "geometry": { "type": "Polygon", "coordinates": [ [ [ -110.2827, 57.8167 ], [ -110.2227, 57.8167 ], [ -110.2227, 57.7567 ], [ -110.2827, 57.7567 ], [ -110.2827, 57.8167 ] ] ] } },
{ "type": "Feature", "properties": { "AQHI_forecast_3h": 1.24, "value": 1, "color": "#01cbff", "station_count": 3, "forecast_valid_time": "2026-09-02 14:00:00+00:00", "model": "Cubist weighted IDW" }, "geometry": { "type": "Polygon", "coordinates": [ [ [ -110.2827, 57.8767 ], [ -110.2227, 57.8767 ], [ -110.2227, 57.8167 ], [ -110.2827, 57.8167 ], [ -110.2827, 57.8767 ] ] ] } },
{ "type": "Feature", "properties": { "AQHI_forecast_3h": 1.26, "value": 1, "color": "#01cbff", "station_count": 3, "forecast_valid_time": "2026-09-02 14:00:00+00:00", "model": "Cubist weighted IDW" }, "geometry": { "type": "Polygon", "coordinates": [ [ [ -110.2827, 57.9367 ], [ -110.2227, 57.9367 ], [ -110.2227, 57.8767 ], [ -110.2827, 57.8767 ], [ -110.2827, 57.9367 ] ] ] } },
{ "type": "Feature", "properties": { "AQHI_forecast_3h": 1.27, "value": 1, "color": "#01cbff", "station_count": 3, "forecast_valid_time": "2026-09-02 14:00:00+00:00", "model": "Cubist weighted IDW" }, "geometry": { "type": "Polygon", "coordinates": [ [ [ -110.2827, 57.9967 ], [ -110.2227, 57.9967 ], [ -110.2227, 57.9367 ], [ -110.2827, 57.9367 ], [ -110.2827, 57.9967 ] ] ] } },
{ "type": "Feature", "properties": { "AQHI_forecast_3h": 1.29, "value": 1, "color": "#01cbff", "station_count": 3, "forecast_valid_time": "2026-09-02 14:00:00+00:00", "model": "Cubist weighted IDW" }, "geometry": { "type": "Polygon", "coordinates": [ [ [ -110.2827, 58.0567 ], [ -110.2227, 58.0567 ], [ -110.2227, 57.9967 ], [ -110.2827, 57.9967 ], [ -110.2827, 58.0567 ] ] ] } },
{ "type": "Feature", "properties": { "AQHI_forecast_3h": 1.31, "value": 1, "color": "#01cbff", "station_count": 3, "forecast_valid_time": "2026-09-02 14:00:00+00:00", "model": "Cubist weighted IDW" }, "geometry": { "type": "Polygon", "coordinates": [ [ [ -110.2827, 58.1167 ], [ -110.2227, 58.1167 ], [ -110.2227, 58.0567 ], [ -110.2827, 58.0567 ], [ -110.2827, 58.1167 ] ] ] } },
{ "type": "Feature", "properties": { "AQHI_forecast_3h": 1.32, "value": 1, "color": "#01cbff", "station_count": 3, "forecast_valid_time": "2026-09-02 14:00:00+00:00", "model": "Cubist weighted IDW" }, "geometry": { "type": "Polygon", "coordinates": [ [ [ -110.2827, 58.1767 ], [ -110.2227, 58.1767 ], [ -110.2227, 58.1167 ], [ -110.2827, 58.1167 ], [ -110.2827, 58.1767 ] ] ] } },
{ "type": "Feature", "properties": { "AQHI_forecast_3h": 1.34, "value": 1, "color": "#01cbff", "station_count": 3, "forecast_valid_time": "2026-09-02 14:00:00+00:00", "model": "Cubist weighted IDW" }, "geometry": { "type": "Polygon", "coordinates": [ [ [ -110.2827, 58.2367 ], [ -110.2227, 58.2367 ], [ -110.2227, 58.1767 ], [ -110.2827, 58.1767 ], [ -110.2827, 58.2367 ] ] ] } },
{ "type": "Feature", "properties": { "AQHI_forecast_3h": 1.35, "value": 1, "color": "#01cbff", "station_count": 3, "forecast_valid_time": "2026-09-02 14:00:00+00:00", "model": "Cubist weighted IDW" }, "geometry": { "type": "Polygon", "coordinates": [ [ [ -110.2827, 58.2967 ], [ -110.2227, 58.2967 ], [ -110.2227, 58.2367 ], [ -110.2827, 58.2367 ], [ -110.2827, 58.2967 ] ] ] } },
{ "type": "Feature", "properties": { "AQHI_forecast_3h": 1.19, "value": 1, "color": "#01cbff", "station_count": 3, "forecast_valid_time": "2026-09-02 14:00:00+00:00", "model": "Cubist weighted IDW" }, "geometry": { "type": "Polygon", "coordinates": [ [ [ -110.2227, 57.5167 ], [ -110.1627, 57.5167 ], [ -110.1627, 57.4567 ], [ -110.2227, 57.4567 ], [ -110.2227, 57.5167 ] ] ] } },
{ "type": "Feature", "properties": { "AQHI_forecast_3h": 1.19, "value": 1, "color": "#01cbff", "station_count": 3, "forecast_valid_time": "2026-09-02 14:00:00+00:00", "model": "Cubist weighted IDW" }, "geometry": { "type": "Polygon", "coordinates": [ [ [ -110.2227, 57.5767 ], [ -110.1627, 57.5767 ], [ -110.1627, 57.5167 ], [ -110.2227, 57.5167 ], [ -110.2227, 57.5767 ] ] ] } },
{ "type": "Feature", "properties": { "AQHI_forecast_3h": 1.2, "value": 1, "color": "#01cbff", "station_count": 3, "forecast_valid_time": "2026-09-02 14:00:00+00:00", "model": "Cubist weighted IDW" }, "geometry": { "type": "Polygon", "coordinates": [ [ [ -110.2227, 57.6367 ], [ -110.1627, 57.6367 ], [ -110.1627, 57.5767 ], [ -110.2227, 57.5767 ], [ -110.2227, 57.6367 ] ] ] } },
{ "type": "Feature", "properties": { "AQHI_forecast_3h": 1.21, "value": 1, "color": "#01cbff", "station_count": 3, "forecast_valid_time": "2026-09-02 14:00:00+00:00", "model": "Cubist weighted IDW" }, "geometry": { "type": "Polygon", "coordinates": [ [ [ -110.2227, 57.6967 ], [ -110.1627, 57.6967 ], [ -110.1627, 57.6367 ], [ -110.2227, 57.6367 ], [ -110.2227, 57.6967 ] ] ] } },
{ "type": "Feature", "properties": { "AQHI_forecast_3h": 1.22, "value": 1, "color": "#01cbff", "station_count": 3, "forecast_valid_time": "2026-09-02 14:00:00+00:00", "model": "Cubist weighted IDW" }, "geometry": { "type": "Polygon", "coordinates": [ [ [ -110.2227, 57.7567 ], [ -110.1627, 57.7567 ], [ -110.1627, 57.6967 ], [ -110.2227, 57.6967 ], [ -110.2227, 57.7567 ] ] ] } },
{ "type": "Feature", "properties": { "AQHI_forecast_3h": 1.23, "value": 1, "color": "#01cbff", "station_count": 3, "forecast_valid_time": "2026-09-02 14:00:00+00:00", "model": "Cubist weighted IDW" }, "geometry": { "type": "Polygon", "coordinates": [ [ [ -110.2227, 57.8167 ], [ -110.1627, 57.8167 ], [ -110.1627, 57.7567 ], [ -110.2227, 57.7567 ], [ -110.2227, 57.8167 ] ] ] } },
{ "type": "Feature", "properties": { "AQHI_forecast_3h": 1.25, "value": 1, "color": "#01cbff", "station_count": 3, "forecast_valid_time": "2026-09-02 14:00:00+00:00", "model": "Cubist weighted IDW" }, "geometry": { "type": "Polygon", "coordinates": [ [ [ -110.2227, 57.8767 ], [ -110.1627, 57.8767 ], [ -110.1627, 57.8167 ], [ -110.2227, 57.8167 ], [ -110.2227, 57.8767 ] ] ] } },
{ "type": "Feature", "properties": { "AQHI_forecast_3h": 1.26, "value": 1, "color": "#01cbff", "station_count": 3, "forecast_valid_time": "2026-09-02 14:00:00+00:00", "model": "Cubist weighted IDW" }, "geometry": { "type": "Polygon", "coordinates": [ [ [ -110.2227, 57.9367 ], [ -110.1627, 57.9367 ], [ -110.1627, 57.8767 ], [ -110.2227, 57.8767 ], [ -110.2227, 57.9367 ] ] ] } },
{ "type": "Feature", "properties": { "AQHI_forecast_3h": 1.27, "value": 1, "color": "#01cbff", "station_count": 3, "forecast_valid_time": "2026-09-02 14:00:00+00:00", "model": "Cubist weighted IDW" }, "geometry": { "type": "Polygon", "coordinates": [ [ [ -110.2227, 57.9967 ], [ -110.1627, 57.9967 ], [ -110.1627, 57.9367 ], [ -110.2227, 57.9367 ], [ -110.2227, 57.9967 ] ] ] } },
{ "type": "Feature", "properties": { "AQHI_forecast_3h": 1.29, "value": 1, "color": "#01cbff", "station_count": 3, "forecast_valid_time": "2026-09-02 14:00:00+00:00", "model": "Cubist weighted IDW" }, "geometry": { "type": "Polygon", "coordinates": [ [ [ -110.2227, 58.0567 ], [ -110.1627, 58.0567 ], [ -110.1627, 57.9967 ], [ -110.2227, 57.9967 ], [ -110.2227, 58.0567 ] ] ] } },
{ "type": "Feature", "properties": { "AQHI_forecast_3h": 1.3, "value": 1, "color": "#01cbff", "station_count": 3, "forecast_valid_time": "2026-09-02 14:00:00+00:00", "model": "Cubist weighted IDW" }, "geometry": { "type": "Polygon", "coordinates": [ [ [ -110.2227, 58.1167 ], [ -110.1627, 58.1167 ], [ -110.1627, 58.0567 ], [ -110.2227, 58.0567 ], [ -110.2227, 58.1167 ] ] ] } },
{ "type": "Feature", "properties": { "AQHI_forecast_3h": 1.32, "value": 1, "color": "#01cbff", "station_count": 3, "forecast_valid_time": "2026-09-02 14:00:00+00:00", "model": "Cubist weighted IDW" }, "geometry": { "type": "Polygon", "coordinates": [ [ [ -110.2227, 58.1767 ], [ -110.1627, 58.1767 ], [ -110.1627, 58.1167 ], [ -110.2227, 58.1167 ], [ -110.2227, 58.1767 ] ] ] } },
{ "type": "Feature", "properties": { "AQHI_forecast_3h": 1.34, "value": 1, "color": "#01cbff", "station_count": 3, "forecast_valid_time": "2026-09-02 14:00:00+00:00", "model": "Cubist weighted IDW" }, "geometry": { "type": "Polygon", "coordinates": [ [ [ -110.2227, 58.2367 ], [ -110.1627, 58.2367 ], [ -110.1627, 58.1767 ], [ -110.2227, 58.1767 ], [ -110.2227, 58.2367 ] ] ] } },
{ "type": "Feature", "properties": { "AQHI_forecast_3h": 1.19, "value": 1, "color": "#01cbff", "station_count": 3, "forecast_valid_time": "2026-09-02 14:00:00+00:00", "model": "Cubist weighted IDW" }, "geometry": { "type": "Polygon", "coordinates": [ [ [ -110.1627, 57.5167 ], [ -110.1027, 57.5167 ], [ -110.1027, 57.4567 ], [ -110.1627, 57.4567 ], [ -110.1627, 57.5167 ] ] ] } },
{ "type": "Feature", "properties": { "AQHI_forecast_3h": 1.2, "value": 1, "color": "#01cbff", "station_count": 3, "forecast_valid_time": "2026-09-02 14:00:00+00:00", "model": "Cubist weighted IDW" }, "geometry": { "type": "Polygon", "coordinates": [ [ [ -110.1627, 57.5767 ], [ -110.1027, 57.5767 ], [ -110.1027, 57.5167 ], [ -110.1627, 57.5167 ], [ -110.1627, 57.5767 ] ] ] } },
{ "type": "Feature", "properties": { "AQHI_forecast_3h": 1.2, "value": 1, "color": "#01cbff", "station_count": 3, "forecast_valid_time": "2026-09-02 14:00:00+00:00", "model": "Cubist weighted IDW" }, "geometry": { "type": "Polygon", "coordinates": [ [ [ -110.1627, 57.6367 ], [ -110.1027, 57.6367 ], [ -110.1027, 57.5767 ], [ -110.1627, 57.5767 ], [ -110.1627, 57.6367 ] ] ] } },
{ "type": "Feature", "properties": { "AQHI_forecast_3h": 1.21, "value": 1, "color": "#01cbff", "station_count": 3, "forecast_valid_time": "2026-09-02 14:00:00+00:00", "model": "Cubist weighted IDW" }, "geometry": { "type": "Polygon", "coordinates": [ [ [ -110.1627, 57.6967 ], [ -110.1027, 57.6967 ], [ -110.1027, 57.6367 ], [ -110.1627, 57.6367 ], [ -110.1627, 57.6967 ] ] ] } },
{ "type": "Feature", "properties": { "AQHI_forecast_3h": 1.22, "value": 1, "color": "#01cbff", "station_count": 3, "forecast_valid_time": "2026-09-02 14:00:00+00:00", "model": "Cubist weighted IDW" }, "geometry": { "type": "Polygon", "coordinates": [ [ [ -110.1627, 57.7567 ], [ -110.1027, 57.7567 ], [ -110.1027, 57.6967 ], [ -110.1627, 57.6967 ], [ -110.1627, 57.7567 ] ] ] } },
{ "type": "Feature", "properties": { "AQHI_forecast_3h": 1.23, "value": 1, "color": "#01cbff", "station_count": 3, "forecast_valid_time": "2026-09-02 14:00:00+00:00", "model": "Cubist weighted IDW" }, "geometry": { "type": "Polygon", "coordinates": [ [ [ -110.1627, 57.8167 ], [ -110.1027, 57.8167 ], [ -110.1027, 57.7567 ], [ -110.1627, 57.7567 ], [ -110.1627, 57.8167 ] ] ] } },
{ "type": "Feature", "properties": { "AQHI_forecast_3h": 1.25, "value": 1, "color": "#01cbff", "station_count": 3, "forecast_valid_time": "2026-09-02 14:00:00+00:00", "model": "Cubist weighted IDW" }, "geometry": { "type": "Polygon", "coordinates": [ [ [ -110.1627, 57.8767 ], [ -110.1027, 57.8767 ], [ -110.1027, 57.8167 ], [ -110.1627, 57.8167 ], [ -110.1627, 57.8767 ] ] ] } },
{ "type": "Feature", "properties": { "AQHI_forecast_3h": 1.26, "value": 1, "color": "#01cbff", "station_count": 3, "forecast_valid_time": "2026-09-02 14:00:00+00:00", "model": "Cubist weighted IDW" }, "geometry": { "type": "Polygon", "coordinates": [ [ [ -110.1627, 57.9367 ], [ -110.1027, 57.9367 ], [ -110.1027, 57.8767 ], [ -110.1627, 57.8767 ], [ -110.1627, 57.9367 ] ] ] } },
{ "type": "Feature", "properties": { "AQHI_forecast_3h": 1.27, "value": 1, "color": "#01cbff", "station_count": 3, "forecast_valid_time": "2026-09-02 14:00:00+00:00", "model": "Cubist weighted IDW" }, "geometry": { "type": "Polygon", "coordinates": [ [ [ -110.1627, 57.9967 ], [ -110.1027, 57.9967 ], [ -110.1027, 57.9367 ], [ -110.1627, 57.9367 ], [ -110.1627, 57.9967 ] ] ] } },
{ "type": "Feature", "properties": { "AQHI_forecast_3h": 1.29, "value": 1, "color": "#01cbff", "station_count": 3, "forecast_valid_time": "2026-09-02 14:00:00+00:00", "model": "Cubist weighted IDW" }, "geometry": { "type": "Polygon", "coordinates": [ [ [ -110.1627, 58.0567 ], [ -110.1027, 58.0567 ], [ -110.1027, 57.9967 ], [ -110.1627, 57.9967 ], [ -110.1627, 58.0567 ] ] ] } },
{ "type": "Feature", "properties": { "AQHI_forecast_3h": 1.3, "value": 1, "color": "#01cbff", "station_count": 3, "forecast_valid_time": "2026-09-02 14:00:00+00:00", "model": "Cubist weighted IDW" }, "geometry": { "type": "Polygon", "coordinates": [ [ [ -110.1627, 58.1167 ], [ -110.1027, 58.1167 ], [ -110.1027, 58.0567 ], [ -110.1627, 58.0567 ], [ -110.1627, 58.1167 ] ] ] } },
{ "type": "Feature", "properties": { "AQHI_forecast_3h": 1.32, "value": 1, "color": "#01cbff", "station_count": 3, "forecast_valid_time": "2026-09-02 14:00:00+00:00", "model": "Cubist weighted IDW" }, "geometry": { "type": "Polygon", "coordinates": [ [ [ -110.1627, 58.1767 ], [ -110.1027, 58.1767 ], [ -110.1027, 58.1167 ], [ -110.1627, 58.1167 ], [ -110.1627, 58.1767 ] ] ] } },
{ "type": "Feature", "properties": { "AQHI_forecast_3h": 1.33, "value": 1, "color": "#01cbff", "station_count": 3, "forecast_valid_time": "2026-09-02 14:00:00+00:00", "model": "Cubist weighted IDW" }, "geometry": { "type": "Polygon", "coordinates": [ [ [ -110.1627, 58.2367 ], [ -110.1027, 58.2367 ], [ -110.1027, 58.1767 ], [ -110.1627, 58.1767 ], [ -110.1627, 58.2367 ] ] ] } },
{ "type": "Feature", "properties": { "AQHI_forecast_3h": 1.2, "value": 1, "color": "#01cbff", "station_count": 3, "forecast_valid_time": "2026-09-02 14:00:00+00:00", "model": "Cubist weighted IDW" }, "geometry": { "type": "Polygon", "coordinates": [ [ [ -110.1027, 57.5767 ], [ -110.0427, 57.5767 ], [ -110.0427, 57.5167 ], [ -110.1027, 57.5167 ], [ -110.1027, 57.5767 ] ] ] } },
{ "type": "Feature", "properties": { "AQHI_forecast_3h": 1.21, "value": 1, "color": "#01cbff", "station_count": 3, "forecast_valid_time": "2026-09-02 14:00:00+00:00", "model": "Cubist weighted IDW" }, "geometry": { "type": "Polygon", "coordinates": [ [ [ -110.1027, 57.6367 ], [ -110.0427, 57.6367 ], [ -110.0427, 57.5767 ], [ -110.1027, 57.5767 ], [ -110.1027, 57.6367 ] ] ] } },
{ "type": "Feature", "properties": { "AQHI_forecast_3h": 1.21, "value": 1, "color": "#01cbff", "station_count": 3, "forecast_valid_time": "2026-09-02 14:00:00+00:00", "model": "Cubist weighted IDW" }, "geometry": { "type": "Polygon", "coordinates": [ [ [ -110.1027, 57.6967 ], [ -110.0427, 57.6967 ], [ -110.0427, 57.6367 ], [ -110.1027, 57.6367 ], [ -110.1027, 57.6967 ] ] ] } },
{ "type": "Feature", "properties": { "AQHI_forecast_3h": 1.22, "value": 1, "color": "#01cbff", "station_count": 3, "forecast_valid_time": "2026-09-02 14:00:00+00:00", "model": "Cubist weighted IDW" }, "geometry": { "type": "Polygon", "coordinates": [ [ [ -110.1027, 57.7567 ], [ -110.0427, 57.7567 ], [ -110.0427, 57.6967 ], [ -110.1027, 57.6967 ], [ -110.1027, 57.7567 ] ] ] } },
{ "type": "Feature", "properties": { "AQHI_forecast_3h": 1.24, "value": 1, "color": "#01cbff", "station_count": 3, "forecast_valid_time": "2026-09-02 14:00:00+00:00", "model": "Cubist weighted IDW" }, "geometry": { "type": "Polygon", "coordinates": [ [ [ -110.1027, 57.8167 ], [ -110.0427, 57.8167 ], [ -110.0427, 57.7567 ], [ -110.1027, 57.7567 ], [ -110.1027, 57.8167 ] ] ] } },
{ "type": "Feature", "properties": { "AQHI_forecast_3h": 1.25, "value": 1, "color": "#01cbff", "station_count": 3, "forecast_valid_time": "2026-09-02 14:00:00+00:00", "model": "Cubist weighted IDW" }, "geometry": { "type": "Polygon", "coordinates": [ [ [ -110.1027, 57.8767 ], [ -110.0427, 57.8767 ], [ -110.0427, 57.8167 ], [ -110.1027, 57.8167 ], [ -110.1027, 57.8767 ] ] ] } },
{ "type": "Feature", "properties": { "AQHI_forecast_3h": 1.26, "value": 1, "color": "#01cbff", "station_count": 3, "forecast_valid_time": "2026-09-02 14:00:00+00:00", "model": "Cubist weighted IDW" }, "geometry": { "type": "Polygon", "coordinates": [ [ [ -110.1027, 57.9367 ], [ -110.0427, 57.9367 ], [ -110.0427, 57.8767 ], [ -110.1027, 57.8767 ], [ -110.1027, 57.9367 ] ] ] } },
{ "type": "Feature", "properties": { "AQHI_forecast_3h": 1.27, "value": 1, "color": "#01cbff", "station_count": 3, "forecast_valid_time": "2026-09-02 14:00:00+00:00", "model": "Cubist weighted IDW" }, "geometry": { "type": "Polygon", "coordinates": [ [ [ -110.1027, 57.9967 ], [ -110.0427, 57.9967 ], [ -110.0427, 57.9367 ], [ -110.1027, 57.9367 ], [ -110.1027, 57.9967 ] ] ] } },
{ "type": "Feature", "properties": { "AQHI_forecast_3h": 1.29, "value": 1, "color": "#01cbff", "station_count": 3, "forecast_valid_time": "2026-09-02 14:00:00+00:00", "model": "Cubist weighted IDW" }, "geometry": { "type": "Polygon", "coordinates": [ [ [ -110.1027, 58.0567 ], [ -110.0427, 58.0567 ], [ -110.0427, 57.9967 ], [ -110.1027, 57.9967 ], [ -110.1027, 58.0567 ] ] ] } },
{ "type": "Feature", "properties": { "AQHI_forecast_3h": 1.3, "value": 1, "color": "#01cbff", "station_count": 3, "forecast_valid_time": "2026-09-02 14:00:00+00:00", "model": "Cubist weighted IDW" }, "geometry": { "type": "Polygon", "coordinates": [ [ [ -110.1027, 58.1167 ], [ -110.0427, 58.1167 ], [ -110.0427, 58.0567 ], [ -110.1027, 58.0567 ], [ -110.1027, 58.1167 ] ] ] } },
{ "type": "Feature", "properties": { "AQHI_forecast_3h": 1.32, "value": 1, "color": "#01cbff", "station_count": 3, "forecast_valid_time": "2026-09-02 14:00:00+00:00", "model": "Cubist weighted IDW" }, "geometry": { "type": "Polygon", "coordinates": [ [ [ -110.1027, 58.1767 ], [ -110.0427, 58.1767 ], [ -110.0427, 58.1167 ], [ -110.1027, 58.1167 ], [ -110.1027, 58.1767 ] ] ] } },
{ "type": "Feature", "properties": { "AQHI_forecast_3h": 1.2, "value": 1, "color": "#01cbff", "station_count": 3, "forecast_valid_time": "2026-09-02 14:00:00+00:00", "model": "Cubist weighted IDW" }, "geometry": { "type": "Polygon", "coordinates": [ [ [ -110.0427, 57.5767 ], [ -110.0001, 57.5767 ], [ -110.0001, 57.5575 ], [ -110.0, 57.5167 ], [ -110.0427, 57.5167 ], [ -110.0427, 57.5767 ] ] ] } },
{ "type": "Feature", "properties": { "AQHI_forecast_3h": 1.21, "value": 1, "color": "#01cbff", "station_count": 3, "forecast_valid_time": "2026-09-02 14:00:00+00:00", "model": "Cubist weighted IDW" }, "geometry": { "type": "Polygon", "coordinates": [ [ [ -110.0427, 57.6367 ], [ -110.0001, 57.6367 ], [ -110.0001, 57.5767 ], [ -110.0427, 57.5767 ], [ -110.0427, 57.6367 ] ] ] } },
{ "type": "Feature", "properties": { "AQHI_forecast_3h": 1.22, "value": 1, "color": "#01cbff", "station_count": 3, "forecast_valid_time": "2026-09-02 14:00:00+00:00", "model": "Cubist weighted IDW" }, "geometry": { "type": "Polygon", "coordinates": [ [ [ -110.0427, 57.6967 ], [ -110.0001, 57.6967 ], [ -110.0001, 57.6367 ], [ -110.0427, 57.6367 ], [ -110.0427, 57.6967 ] ] ] } },
{ "type": "Feature", "properties": { "AQHI_forecast_3h": 1.23, "value": 1, "color": "#01cbff", "station_count": 3, "forecast_valid_time": "2026-09-02 14:00:00+00:00", "model": "Cubist weighted IDW" }, "geometry": { "type": "Polygon", "coordinates": [ [ [ -110.0427, 57.7567 ], [ -110.0001, 57.7567 ], [ -110.0001, 57.75 ], [ -110.0001, 57.7284 ], [ -110.0001, 57.6967 ], [ -110.0427, 57.6967 ], [ -110.0427, 57.7567 ] ] ] } },
{ "type": "Feature", "properties": { "AQHI_forecast_3h": 1.24, "value": 1, "color": "#01cbff", "station_count": 3, "forecast_valid_time": "2026-09-02 14:00:00+00:00", "model": "Cubist weighted IDW" }, "geometry": { "type": "Polygon", "coordinates": [ [ [ -110.0427, 57.8167 ], [ -110.0002, 57.8167 ], [ -110.0001, 57.7567 ], [ -110.0427, 57.7567 ], [ -110.0427, 57.8167 ] ] ] } },
{ "type": "Feature", "properties": { "AQHI_forecast_3h": 1.25, "value": 1, "color": "#01cbff", "station_count": 3, "forecast_valid_time": "2026-09-02 14:00:00+00:00", "model": "Cubist weighted IDW" }, "geometry": { "type": "Polygon", "coordinates": [ [ [ -110.0427, 57.8767 ], [ -110.0002, 57.8767 ], [ -110.0002, 57.8167 ], [ -110.0427, 57.8167 ], [ -110.0427, 57.8767 ] ] ] } },
{ "type": "Feature", "properties": { "AQHI_forecast_3h": 1.26, "value": 1, "color": "#01cbff", "station_count": 3, "forecast_valid_time": "2026-09-02 14:00:00+00:00", "model": "Cubist weighted IDW" }, "geometry": { "type": "Polygon", "coordinates": [ [ [ -110.0427, 57.9367 ], [ -110.0002, 57.9367 ], [ -110.0002, 57.8767 ], [ -110.0427, 57.8767 ], [ -110.0427, 57.9367 ] ] ] } },
{ "type": "Feature", "properties": { "AQHI_forecast_3h": 1.27, "value": 1, "color": "#01cbff", "station_count": 3, "forecast_valid_time": "2026-09-02 14:00:00+00:00", "model": "Cubist weighted IDW" }, "geometry": { "type": "Polygon", "coordinates": [ [ [ -110.0427, 57.9967 ], [ -110.0, 57.9967 ], [ -110.0003, 57.9468 ], [ -110.0, 57.9467 ], [ -110.0, 57.943 ], [ -110.0002, 57.9428 ], [ -110.0002, 57.9423 ], [ -110.0002, 57.9367 ], [ -110.0427, 57.9367 ], [ -110.0427, 57.9967 ] ] ] } },
{ "type": "Feature", "properties": { "AQHI_forecast_3h": 1.29, "value": 1, "color": "#01cbff", "station_count": 3, "forecast_valid_time": "2026-09-02 14:00:00+00:00", "model": "Cubist weighted IDW" }, "geometry": { "type": "Polygon", "coordinates": [ [ [ -110.0427, 58.0567 ], [ -110.0, 58.0567 ], [ -110.0, 58.0405 ], [ -110.0, 58.0 ], [ -110.0, 57.9967 ], [ -110.0427, 57.9967 ], [ -110.0427, 58.0567 ] ] ] } },
{ "type": "Feature", "properties": { "AQHI_forecast_3h": 1.3, "value": 1, "color": "#01cbff", "station_count": 3, "forecast_valid_time": "2026-09-02 14:00:00+00:00", "model": "Cubist weighted IDW" }, "geometry": { "type": "Polygon", "coordinates": [ [ [ -110.0427, 58.1167 ], [ -110.0002, 58.1167 ], [ -110.0002, 58.1123 ], [ -110.0, 58.0847 ], [ -110.0, 58.0567 ], [ -110.0427, 58.0567 ], [ -110.0427, 58.1167 ] ] ] } },
{ "type": "Feature", "properties": { "AQHI_forecast_3h": 1.31, "value": 1, "color": "#01cbff", "station_count": 3, "forecast_valid_time": "2026-09-02 14:00:00+00:00", "model": "Cubist weighted IDW" }, "geometry": { "type": "Polygon", "coordinates": [ [ [ -110.0427, 58.1767 ], [ -110.0002, 58.1767 ], [ -110.0003, 58.1469 ], [ -110.0, 58.1468 ], [ -110.0, 58.1376 ], [ -110.0003, 58.1376 ], [ -110.0002, 58.1167 ], [ -110.0427, 58.1167 ], [ -110.0427, 58.1767 ] ] ] } }
]
}
