community_ab,community_eccc,ab_reading_date,ab_current_aqhi,ab_forecast_today,ab_forecast_tomorrow,ab_forecast_tonight,ab_pulled_at_utc,eccc_current_aqhi,eccc_pulled_at_utc,diff_ab_minus_eccc,abs_diff,flag
Edmonton,Edmonton,2026-06-30 18:00,3.0,,5,5,2026-07-01T01:25:01+00:00,3.0,2026-07-01T01:25:01+00:00,0.0,0.0,OK
Calgary,Calgary,2026-06-30 18:00,5.0,,4,7,2026-07-01T01:25:01+00:00,5.0,2026-07-01T01:25:01+00:00,0.0,0.0,OK
Red Deer,Red Deer,2026-06-30 18:00,3.0,,4,5,2026-07-01T01:25:01+00:00,3.0,2026-07-01T01:25:01+00:00,0.0,0.0,OK
Fort McMurray,Fort McMurray,2026-06-30 18:00,6.0,,5,7,2026-07-01T01:25:01+00:00,6.0,2026-07-01T01:25:01+00:00,0.0,0.0,OK
Grande Prairie,Grande Prairie,2026-06-30 18:00,2.0,,3,3,2026-07-01T01:25:01+00:00,2.0,2026-07-01T01:25:01+00:00,0.0,0.0,OK
Lethbridge,Lethbridge,2026-06-30 19:00,4.0,,4,5,2026-07-01T01:25:01+00:00,4.0,2026-07-01T01:25:01+00:00,0.0,0.0,OK
Medicine Hat,Medicine Hat,2026-06-30 18:00,3.0,,4,5,2026-07-01T01:25:01+00:00,3.0,2026-07-01T01:25:01+00:00,0.0,0.0,OK
Airdrie,Airdrie,2026-06-30 18:00,5.0,,4,7,2026-07-01T01:25:01+00:00,5.0,2026-07-01T01:25:01+00:00,0.0,0.0,OK
Cold Lake,Cold Lake,2026-06-30 19:00,5.0,,6,9,2026-07-01T01:25:01+00:00,5.0,2026-07-01T01:25:01+00:00,0.0,0.0,OK
Drayton Valley,Drayton Valley,2026-06-30 18:00,3.0,,4,5,2026-07-01T01:25:01+00:00,3.0,2026-07-01T01:25:01+00:00,0.0,0.0,OK
St. Albert,St. Albert,2026-06-30 18:00,3.0,,5,5,2026-07-01T01:25:01+00:00,3.0,2026-07-01T01:25:01+00:00,0.0,0.0,OK
Strathcona County,Sherwood Park,2026-06-30 19:00,3.0,,5,5,2026-07-01T01:25:01+00:00,,,,,OK
Edmonton,Edmonton,2026-06-30 20:00,3.0,,5,5,2026-07-01T03:27:23+00:00,3.0,2026-07-01T03:27:23+00:00,0.0,0.0,OK
Calgary,Calgary,2026-06-30 20:00,5.0,,4,7,2026-07-01T03:27:23+00:00,5.0,2026-07-01T03:27:23+00:00,0.0,0.0,OK
Red Deer,Red Deer,2026-06-30 20:00,3.0,,4,5,2026-07-01T03:27:23+00:00,3.0,2026-07-01T03:27:23+00:00,0.0,0.0,OK
Fort McMurray,Fort McMurray,2026-06-30 20:00,6.0,,5,7,2026-07-01T03:27:23+00:00,6.0,2026-07-01T03:27:23+00:00,0.0,0.0,OK
Grande Prairie,Grande Prairie,2026-06-30 20:00,2.0,,3,3,2026-07-01T03:27:23+00:00,2.0,2026-07-01T03:27:23+00:00,0.0,0.0,OK
Lethbridge,Lethbridge,2026-06-30 20:00,4.0,,4,5,2026-07-01T03:27:23+00:00,3.0,2026-07-01T03:27:23+00:00,1.0,1.0,Minor difference
Medicine Hat,Medicine Hat,2026-06-30 20:00,2.0,,4,5,2026-07-01T03:27:23+00:00,2.0,2026-07-01T03:27:23+00:00,0.0,0.0,OK
Airdrie,Airdrie,2026-06-30 20:00,4.0,,4,7,2026-07-01T03:27:23+00:00,4.0,2026-07-01T03:27:23+00:00,0.0,0.0,OK
Cold Lake,Cold Lake,2026-06-30 20:00,5.0,,6,9,2026-07-01T03:27:23+00:00,5.0,2026-07-01T03:27:23+00:00,0.0,0.0,OK
Drayton Valley,Drayton Valley,2026-06-30 20:00,3.0,,4,5,2026-07-01T03:27:23+00:00,3.0,2026-07-01T03:27:23+00:00,0.0,0.0,OK
St. Albert,St. Albert,2026-06-30 20:00,3.0,,5,5,2026-07-01T03:27:23+00:00,3.0,2026-07-01T03:27:23+00:00,0.0,0.0,OK
Strathcona County,Sherwood Park,2026-06-30 20:00,3.0,,5,5,2026-07-01T03:27:23+00:00,,,,,OK
Edmonton,Edmonton,2026-06-30 22:00,3.0,,5,5,2026-07-01T05:52:31+00:00,3.0,2026-07-01T05:52:31+00:00,0.0,0.0,OK
Calgary,Calgary,2026-06-30 22:00,5.0,,4,5,2026-07-01T05:52:31+00:00,5.0,2026-07-01T05:52:31+00:00,0.0,0.0,OK
Red Deer,Red Deer,2026-06-30 22:00,3.0,,4,5,2026-07-01T05:52:31+00:00,3.0,2026-07-01T05:52:31+00:00,0.0,0.0,OK
Fort McMurray,Fort McMurray,2026-06-30 22:00,6.0,,5,7,2026-07-01T05:52:31+00:00,9.0,2026-07-01T05:52:31+00:00,-3.0,3.0,Major difference
Grande Prairie,Grande Prairie,2026-06-30 22:00,1.0,,3,3,2026-07-01T05:52:31+00:00,1.0,2026-07-01T05:52:31+00:00,0.0,0.0,OK
Lethbridge,Lethbridge,2026-06-30 23:00,2.0,,4,5,2026-07-01T05:52:31+00:00,2.0,2026-07-01T05:52:31+00:00,0.0,0.0,OK
Medicine Hat,Medicine Hat,2026-06-30 22:00,2.0,,4,5,2026-07-01T05:52:31+00:00,2.0,2026-07-01T05:52:31+00:00,0.0,0.0,OK
Airdrie,Airdrie,2026-06-30 22:00,4.0,,4,5,2026-07-01T05:52:31+00:00,3.0,2026-07-01T05:52:31+00:00,1.0,1.0,Minor difference
Cold Lake,Cold Lake,2026-06-30 23:00,5.0,,6,9,2026-07-01T05:52:31+00:00,5.0,2026-07-01T05:52:31+00:00,0.0,0.0,OK
Drayton Valley,Drayton Valley,2026-06-30 22:00,3.0,,4,5,2026-07-01T05:52:31+00:00,3.0,2026-07-01T05:52:31+00:00,0.0,0.0,OK
St. Albert,St. Albert,2026-06-30 22:00,3.0,,5,5,2026-07-01T05:52:31+00:00,3.0,2026-07-01T05:52:31+00:00,0.0,0.0,OK
Strathcona County,Sherwood Park,2026-06-30 23:00,2.0,,5,5,2026-07-01T05:52:31+00:00,,,,,OK
Edmonton,Edmonton,2026-07-01 01:00,3.0,,5,5,2026-07-01T07:49:40+00:00,3.0,2026-07-01T07:49:40+00:00,0.0,0.0,OK
Calgary,Calgary,2026-07-01 01:00,4.0,,4,5,2026-07-01T07:49:40+00:00,4.0,2026-07-01T07:49:40+00:00,0.0,0.0,OK
Red Deer,Red Deer,2026-07-01 01:00,3.0,,4,5,2026-07-01T07:49:40+00:00,3.0,2026-07-01T07:49:40+00:00,0.0,0.0,OK
Fort McMurray,Fort McMurray,2026-07-01 01:00,7.0,,5,7,2026-07-01T07:49:40+00:00,7.0,2026-07-01T07:49:40+00:00,0.0,0.0,OK
Grande Prairie,Grande Prairie,2026-07-01 01:00,1.0,,3,3,2026-07-01T07:49:40+00:00,1.0,2026-07-01T07:49:40+00:00,0.0,0.0,OK
Lethbridge,Lethbridge,2026-07-01 01:00,2.0,,4,5,2026-07-01T07:49:40+00:00,2.0,2026-07-01T07:49:40+00:00,0.0,0.0,OK
Medicine Hat,Medicine Hat,2026-07-01 01:00,2.0,,4,5,2026-07-01T07:49:40+00:00,2.0,2026-07-01T07:49:40+00:00,0.0,0.0,OK
Airdrie,Airdrie,2026-07-01 01:00,3.0,,4,5,2026-07-01T07:49:40+00:00,3.0,2026-07-01T07:49:40+00:00,0.0,0.0,OK
Cold Lake,Cold Lake,2026-07-01 01:00,5.0,,6,9,2026-07-01T07:49:40+00:00,5.0,2026-07-01T07:49:40+00:00,0.0,0.0,OK
Drayton Valley,Drayton Valley,2026-07-01 01:00,3.0,,4,5,2026-07-01T07:49:40+00:00,3.0,2026-07-01T07:49:40+00:00,0.0,0.0,OK
St. Albert,St. Albert,2026-07-01 01:00,3.0,,5,5,2026-07-01T07:49:40+00:00,3.0,2026-07-01T07:49:40+00:00,0.0,0.0,OK
Strathcona County,Sherwood Park,2026-07-01 01:00,2.0,,5,5,2026-07-01T07:49:40+00:00,,,,,OK
Edmonton,Edmonton,2026-07-01 02:00,2.0,,5,5,2026-07-01T09:28:46+00:00,2.0,2026-07-01T09:28:46+00:00,0.0,0.0,OK
Calgary,Calgary,2026-07-01 02:00,4.0,,4,5,2026-07-01T09:28:46+00:00,4.0,2026-07-01T09:28:46+00:00,0.0,0.0,OK
Red Deer,Red Deer,2026-07-01 02:00,3.0,,4,5,2026-07-01T09:28:46+00:00,3.0,2026-07-01T09:28:46+00:00,0.0,0.0,OK
Fort McMurray,Fort McMurray,2026-07-01 02:00,7.0,,5,7,2026-07-01T09:28:46+00:00,7.0,2026-07-01T09:28:46+00:00,0.0,0.0,OK
Grande Prairie,Grande Prairie,2026-07-01 02:00,1.0,,3,3,2026-07-01T09:28:46+00:00,1.0,2026-07-01T09:28:46+00:00,0.0,0.0,OK
Lethbridge,Lethbridge,2026-07-01 03:00,1.0,,4,5,2026-07-01T09:28:46+00:00,1.0,2026-07-01T09:28:46+00:00,0.0,0.0,OK
Medicine Hat,Medicine Hat,2026-07-01 02:00,2.0,,4,5,2026-07-01T09:28:46+00:00,2.0,2026-07-01T09:28:46+00:00,0.0,0.0,OK
Airdrie,Airdrie,2026-07-01 02:00,3.0,,4,5,2026-07-01T09:28:46+00:00,3.0,2026-07-01T09:28:46+00:00,0.0,0.0,OK
Cold Lake,Cold Lake,2026-07-01 03:00,5.0,,6,9,2026-07-01T09:28:46+00:00,5.0,2026-07-01T09:28:46+00:00,0.0,0.0,OK
Drayton Valley,Drayton Valley,2026-07-01 02:00,3.0,,4,5,2026-07-01T09:28:46+00:00,3.0,2026-07-01T09:28:46+00:00,0.0,0.0,OK
St. Albert,St. Albert,2026-07-01 02:00,3.0,,5,5,2026-07-01T09:28:46+00:00,3.0,2026-07-01T09:28:46+00:00,0.0,0.0,OK
Strathcona County,Sherwood Park,2026-07-01 03:00,3.0,,5,5,2026-07-01T09:28:46+00:00,,,,,OK
Edmonton,Edmonton,2026-07-01 04:00,2.0,,5,5,2026-07-01T11:26:21+00:00,2.0,2026-07-01T11:26:22+00:00,0.0,0.0,OK
Calgary,Calgary,2026-07-01 04:00,4.0,,4,5,2026-07-01T11:26:21+00:00,4.0,2026-07-01T11:26:22+00:00,0.0,0.0,OK
Red Deer,Red Deer,2026-07-01 04:00,3.0,,4,5,2026-07-01T11:26:21+00:00,3.0,2026-07-01T11:26:22+00:00,0.0,0.0,OK
Fort McMurray,Fort McMurray,2026-07-01 04:00,6.0,,5,7,2026-07-01T11:26:21+00:00,6.0,2026-07-01T11:26:22+00:00,0.0,0.0,OK
Grande Prairie,Grande Prairie,2026-07-01 03:00,1.0,,3,3,2026-07-01T11:26:21+00:00,1.0,2026-07-01T11:26:22+00:00,0.0,0.0,OK
Lethbridge,Lethbridge,2026-07-01 03:00,1.0,,4,5,2026-07-01T11:26:21+00:00,1.0,2026-07-01T11:26:22+00:00,0.0,0.0,OK
Medicine Hat,Medicine Hat,2026-07-01 04:00,3.0,,4,5,2026-07-01T11:26:21+00:00,3.0,2026-07-01T11:26:22+00:00,0.0,0.0,OK
Airdrie,Airdrie,2026-07-01 04:00,3.0,,4,5,2026-07-01T11:26:21+00:00,3.0,2026-07-01T11:26:22+00:00,0.0,0.0,OK
Cold Lake,Cold Lake,2026-07-01 05:00,5.0,,6,9,2026-07-01T11:26:21+00:00,5.0,2026-07-01T11:26:22+00:00,0.0,0.0,OK
Drayton Valley,Drayton Valley,2026-07-01 04:00,3.0,,4,5,2026-07-01T11:26:21+00:00,3.0,2026-07-01T11:26:22+00:00,0.0,0.0,OK
St. Albert,St. Albert,2026-07-01 04:00,3.0,,5,5,2026-07-01T11:26:21+00:00,3.0,2026-07-01T11:26:22+00:00,0.0,0.0,OK
Strathcona County,Sherwood Park,2026-07-01 05:00,2.0,,5,5,2026-07-01T11:26:21+00:00,,,,,OK
Edmonton,Edmonton,2026-07-01 06:00,3.0,4.0,3,4,2026-07-01T13:14:50+00:00,3.0,2026-07-01T13:14:50+00:00,0.0,0.0,OK
Calgary,Calgary,2026-07-01 06:00,4.0,4.0,3,4,2026-07-01T13:14:50+00:00,4.0,2026-07-01T13:14:50+00:00,0.0,0.0,OK
Red Deer,Red Deer,2026-07-01 06:00,3.0,4.0,3,4,2026-07-01T13:14:50+00:00,3.0,2026-07-01T13:14:50+00:00,0.0,0.0,OK
Fort McMurray,Fort McMurray,2026-07-01 06:00,5.0,7.0,3,4,2026-07-01T13:14:50+00:00,5.0,2026-07-01T13:14:50+00:00,0.0,0.0,OK
Grande Prairie,Grande Prairie,2026-07-01 06:00,1.0,2.0,2,2,2026-07-01T13:14:50+00:00,1.0,2026-07-01T13:14:50+00:00,0.0,0.0,OK
Lethbridge,Lethbridge,2026-07-01 03:00,1.0,2.0,3,2,2026-07-01T13:14:50+00:00,1.0,2026-07-01T13:14:50+00:00,0.0,0.0,OK
Medicine Hat,Medicine Hat,2026-07-01 06:00,3.0,4.0,3,4,2026-07-01T13:14:50+00:00,3.0,2026-07-01T13:14:50+00:00,0.0,0.0,OK
Airdrie,Airdrie,2026-07-01 06:00,3.0,4.0,3,4,2026-07-01T13:14:50+00:00,3.0,2026-07-01T13:14:50+00:00,0.0,0.0,OK
Cold Lake,Cold Lake,2026-07-01 05:00,5.0,7.0,3,5,2026-07-01T13:14:50+00:00,5.0,2026-07-01T13:14:50+00:00,0.0,0.0,OK
Drayton Valley,Drayton Valley,2026-07-01 06:00,3.0,4.0,3,4,2026-07-01T13:14:50+00:00,3.0,2026-07-01T13:14:50+00:00,0.0,0.0,OK
St. Albert,St. Albert,2026-07-01 06:00,3.0,4.0,3,4,2026-07-01T13:14:50+00:00,3.0,2026-07-01T13:14:50+00:00,0.0,0.0,OK
Strathcona County,Sherwood Park,2026-07-01 06:00,2.0,4.0,3,4,2026-07-01T13:14:50+00:00,,,,,OK
Edmonton,Edmonton,2026-07-01 07:00,3.0,4.0,3,4,2026-07-01T14:05:26+00:00,3.0,2026-07-01T14:05:26+00:00,0.0,0.0,OK
Calgary,Calgary,2026-07-01 07:00,4.0,4.0,3,4,2026-07-01T14:05:26+00:00,4.0,2026-07-01T14:05:26+00:00,0.0,0.0,OK
Red Deer,Red Deer,2026-07-01 07:00,3.0,4.0,3,4,2026-07-01T14:05:26+00:00,3.0,2026-07-01T14:05:26+00:00,0.0,0.0,OK
Fort McMurray,Fort McMurray,2026-07-01 07:00,6.0,7.0,3,4,2026-07-01T14:05:26+00:00,6.0,2026-07-01T14:05:26+00:00,0.0,0.0,OK
Grande Prairie,Grande Prairie,2026-07-01 07:00,1.0,2.0,2,2,2026-07-01T14:05:26+00:00,1.0,2026-07-01T14:05:26+00:00,0.0,0.0,OK
Lethbridge,Lethbridge,2026-07-01 07:00,1.0,2.0,3,2,2026-07-01T14:05:26+00:00,1.0,2026-07-01T14:05:26+00:00,0.0,0.0,OK
Medicine Hat,Medicine Hat,2026-07-01 07:00,3.0,4.0,3,4,2026-07-01T14:05:26+00:00,3.0,2026-07-01T14:05:26+00:00,0.0,0.0,OK
Airdrie,Airdrie,2026-07-01 07:00,3.0,4.0,3,4,2026-07-01T14:05:26+00:00,3.0,2026-07-01T14:05:26+00:00,0.0,0.0,OK
Cold Lake,Cold Lake,2026-07-01 07:00,5.0,7.0,3,5,2026-07-01T14:05:26+00:00,5.0,2026-07-01T14:05:26+00:00,0.0,0.0,OK
Drayton Valley,Drayton Valley,2026-07-01 07:00,2.0,4.0,3,4,2026-07-01T14:05:26+00:00,2.0,2026-07-01T14:05:26+00:00,0.0,0.0,OK
St. Albert,St. Albert,2026-07-01 07:00,3.0,4.0,3,4,2026-07-01T14:05:26+00:00,3.0,2026-07-01T14:05:26+00:00,0.0,0.0,OK
Strathcona County,Sherwood Park,2026-07-01 07:00,2.0,4.0,3,4,2026-07-01T14:05:26+00:00,,,,,OK
Edmonton,Edmonton,2026-07-01 08:00,3.0,4.0,3,4,2026-07-01T15:15:56+00:00,3.0,2026-07-01T15:15:56+00:00,0.0,0.0,OK
Calgary,Calgary,2026-07-01 08:00,4.0,4.0,3,4,2026-07-01T15:15:56+00:00,4.0,2026-07-01T15:15:56+00:00,0.0,0.0,OK
Red Deer,Red Deer,2026-07-01 08:00,3.0,4.0,3,4,2026-07-01T15:15:56+00:00,3.0,2026-07-01T15:15:56+00:00,0.0,0.0,OK
Fort McMurray,Fort McMurray,2026-07-01 08:00,7.0,7.0,3,4,2026-07-01T15:15:56+00:00,7.0,2026-07-01T15:15:56+00:00,0.0,0.0,OK
Grande Prairie,Grande Prairie,2026-07-01 08:00,1.0,2.0,2,2,2026-07-01T15:15:56+00:00,1.0,2026-07-01T15:15:56+00:00,0.0,0.0,OK
Lethbridge,Lethbridge,2026-07-01 08:00,1.0,2.0,3,2,2026-07-01T15:15:56+00:00,1.0,2026-07-01T15:15:56+00:00,0.0,0.0,OK
Medicine Hat,Medicine Hat,2026-07-01 08:00,2.0,4.0,3,4,2026-07-01T15:15:56+00:00,2.0,2026-07-01T15:15:56+00:00,0.0,0.0,OK
Airdrie,Airdrie,2026-07-01 08:00,3.0,4.0,3,4,2026-07-01T15:15:56+00:00,3.0,2026-07-01T15:15:56+00:00,0.0,0.0,OK
Cold Lake,Cold Lake,2026-07-01 08:00,5.0,7.0,3,5,2026-07-01T15:15:56+00:00,5.0,2026-07-01T15:15:56+00:00,0.0,0.0,OK
Drayton Valley,Drayton Valley,2026-07-01 08:00,2.0,4.0,3,4,2026-07-01T15:15:56+00:00,2.0,2026-07-01T15:15:56+00:00,0.0,0.0,OK
St. Albert,St. Albert,2026-07-01 08:00,3.0,4.0,3,4,2026-07-01T15:15:56+00:00,3.0,2026-07-01T15:15:56+00:00,0.0,0.0,OK
Strathcona County,Sherwood Park,2026-07-01 08:00,2.0,4.0,3,4,2026-07-01T15:15:56+00:00,,,,,OK
Edmonton,Edmonton,2026-07-01 11:00,3.0,4.0,3,4,2026-07-01T17:56:37+00:00,3.0,2026-07-01T17:56:38+00:00,0.0,0.0,OK
Calgary,Calgary,2026-07-01 11:00,4.0,4.0,3,4,2026-07-01T17:56:37+00:00,4.0,2026-07-01T17:56:38+00:00,0.0,0.0,OK
Red Deer,Red Deer,2026-07-01 11:00,3.0,4.0,3,4,2026-07-01T17:56:37+00:00,3.0,2026-07-01T17:56:38+00:00,0.0,0.0,OK
Fort McMurray,Fort McMurray,2026-07-01 11:00,10.0,7.0,3,4,2026-07-01T17:56:37+00:00,10.0,2026-07-01T17:56:38+00:00,0.0,0.0,OK
Grande Prairie,Grande Prairie,2026-07-01 11:00,1.0,2.0,2,2,2026-07-01T17:56:37+00:00,1.0,2026-07-01T17:56:38+00:00,0.0,0.0,OK
Lethbridge,Lethbridge,2026-07-01 11:00,2.0,2.0,3,2,2026-07-01T17:56:37+00:00,2.0,2026-07-01T17:56:38+00:00,0.0,0.0,OK
Medicine Hat,Medicine Hat,2026-07-01 11:00,2.0,4.0,3,4,2026-07-01T17:56:37+00:00,2.0,2026-07-01T17:56:38+00:00,0.0,0.0,OK
Airdrie,Airdrie,2026-07-01 11:00,3.0,4.0,3,4,2026-07-01T17:56:37+00:00,3.0,2026-07-01T17:56:38+00:00,0.0,0.0,OK
Cold Lake,Cold Lake,2026-07-01 11:00,5.0,7.0,3,5,2026-07-01T17:56:37+00:00,5.0,2026-07-01T17:56:38+00:00,0.0,0.0,OK
Drayton Valley,Drayton Valley,2026-07-01 11:00,2.0,4.0,3,4,2026-07-01T17:56:37+00:00,2.0,2026-07-01T17:56:38+00:00,0.0,0.0,OK
St. Albert,St. Albert,2026-07-01 11:00,3.0,4.0,3,4,2026-07-01T17:56:37+00:00,3.0,2026-07-01T17:56:38+00:00,0.0,0.0,OK
Strathcona County,Sherwood Park,2026-07-01 11:00,3.0,4.0,3,4,2026-07-01T17:56:37+00:00,,,,,OK
Edmonton,Edmonton,2026-07-01 12:00,3.0,4.0,3,4,2026-07-01T18:57:35+00:00,3.0,2026-07-01T18:57:35+00:00,0.0,0.0,OK
Calgary,Calgary,2026-07-01 12:00,4.0,4.0,3,4,2026-07-01T18:57:35+00:00,4.0,2026-07-01T18:57:35+00:00,0.0,0.0,OK
Red Deer,Red Deer,2026-07-01 12:00,3.0,4.0,3,4,2026-07-01T18:57:35+00:00,3.0,2026-07-01T18:57:35+00:00,0.0,0.0,OK
Fort McMurray,Fort McMurray,2026-07-01 12:00,10.0,7.0,3,4,2026-07-01T18:57:35+00:00,10.0,2026-07-01T18:57:35+00:00,0.0,0.0,OK
Grande Prairie,Grande Prairie,2026-07-01 12:00,1.0,2.0,2,2,2026-07-01T18:57:35+00:00,1.0,2026-07-01T18:57:35+00:00,0.0,0.0,OK
Lethbridge,Lethbridge,2026-07-01 12:00,2.0,2.0,3,2,2026-07-01T18:57:35+00:00,2.0,2026-07-01T18:57:35+00:00,0.0,0.0,OK
Medicine Hat,Medicine Hat,2026-07-01 12:00,2.0,4.0,3,4,2026-07-01T18:57:35+00:00,2.0,2026-07-01T18:57:35+00:00,0.0,0.0,OK
Airdrie,Airdrie,2026-07-01 12:00,4.0,4.0,3,4,2026-07-01T18:57:35+00:00,4.0,2026-07-01T18:57:35+00:00,0.0,0.0,OK
Cold Lake,Cold Lake,2026-07-01 12:00,5.0,7.0,3,5,2026-07-01T18:57:35+00:00,5.0,2026-07-01T18:57:35+00:00,0.0,0.0,OK
Drayton Valley,Drayton Valley,2026-07-01 12:00,2.0,4.0,3,4,2026-07-01T18:57:35+00:00,2.0,2026-07-01T18:57:35+00:00,0.0,0.0,OK
St. Albert,St. Albert,2026-07-01 12:00,3.0,4.0,3,4,2026-07-01T18:57:35+00:00,3.0,2026-07-01T18:57:35+00:00,0.0,0.0,OK
Strathcona County,Sherwood Park,2026-07-01 12:00,3.0,4.0,3,4,2026-07-01T18:57:35+00:00,,,,,OK
Edmonton,Edmonton,2026-07-01 13:00,3.0,4.0,3,4,2026-07-01T19:56:36+00:00,3.0,2026-07-01T19:56:37+00:00,0.0,0.0,OK
Calgary,Calgary,2026-07-01 13:00,4.0,4.0,3,4,2026-07-01T19:56:36+00:00,4.0,2026-07-01T19:56:37+00:00,0.0,0.0,OK
Red Deer,Red Deer,2026-07-01 13:00,3.0,4.0,3,4,2026-07-01T19:56:36+00:00,3.0,2026-07-01T19:56:37+00:00,0.0,0.0,OK
Fort McMurray,Fort McMurray,2026-07-01 13:00,10.0,7.0,3,4,2026-07-01T19:56:36+00:00,10.0,2026-07-01T19:56:37+00:00,0.0,0.0,OK
Grande Prairie,Grande Prairie,2026-07-01 13:00,2.0,2.0,2,2,2026-07-01T19:56:36+00:00,2.0,2026-07-01T19:56:37+00:00,0.0,0.0,OK
Lethbridge,Lethbridge,2026-07-01 13:00,2.0,2.0,3,2,2026-07-01T19:56:36+00:00,2.0,2026-07-01T19:56:37+00:00,0.0,0.0,OK
Medicine Hat,Medicine Hat,2026-07-01 13:00,2.0,4.0,3,4,2026-07-01T19:56:36+00:00,2.0,2026-07-01T19:56:37+00:00,0.0,0.0,OK
Airdrie,Airdrie,2026-07-01 13:00,4.0,4.0,3,4,2026-07-01T19:56:36+00:00,4.0,2026-07-01T19:56:37+00:00,0.0,0.0,OK
Cold Lake,Cold Lake,2026-07-01 13:00,5.0,7.0,3,5,2026-07-01T19:56:36+00:00,5.0,2026-07-01T19:56:37+00:00,0.0,0.0,OK
Drayton Valley,Drayton Valley,2026-07-01 13:00,2.0,4.0,3,4,2026-07-01T19:56:36+00:00,2.0,2026-07-01T19:56:37+00:00,0.0,0.0,OK
St. Albert,St. Albert,2026-07-01 13:00,3.0,4.0,3,4,2026-07-01T19:56:36+00:00,3.0,2026-07-01T19:56:37+00:00,0.0,0.0,OK
Strathcona County,Sherwood Park,2026-07-01 13:00,3.0,4.0,3,4,2026-07-01T19:56:36+00:00,,,,,OK
Edmonton,Edmonton,2026-07-01 14:00,3.0,4.0,3,4,2026-07-01T20:52:27+00:00,3.0,2026-07-01T20:52:27+00:00,0.0,0.0,OK
Calgary,Calgary,2026-07-01 14:00,4.0,4.0,3,4,2026-07-01T20:52:27+00:00,4.0,2026-07-01T20:52:27+00:00,0.0,0.0,OK
Red Deer,Red Deer,2026-07-01 14:00,3.0,4.0,3,4,2026-07-01T20:52:27+00:00,3.0,2026-07-01T20:52:27+00:00,0.0,0.0,OK
Fort McMurray,Fort McMurray,2026-07-01 14:00,9.0,7.0,3,4,2026-07-01T20:52:27+00:00,9.0,2026-07-01T20:52:27+00:00,0.0,0.0,OK
Grande Prairie,Grande Prairie,2026-07-01 14:00,2.0,2.0,2,2,2026-07-01T20:52:27+00:00,2.0,2026-07-01T20:52:27+00:00,0.0,0.0,OK
Lethbridge,Lethbridge,2026-07-01 14:00,2.0,2.0,3,2,2026-07-01T20:52:27+00:00,2.0,2026-07-01T20:52:27+00:00,0.0,0.0,OK
Medicine Hat,Medicine Hat,2026-07-01 14:00,2.0,4.0,3,4,2026-07-01T20:52:27+00:00,2.0,2026-07-01T20:52:27+00:00,0.0,0.0,OK
Airdrie,Airdrie,2026-07-01 14:00,4.0,4.0,3,4,2026-07-01T20:52:27+00:00,4.0,2026-07-01T20:52:27+00:00,0.0,0.0,OK
Cold Lake,Cold Lake,2026-07-01 14:00,7.0,7.0,3,5,2026-07-01T20:52:27+00:00,7.0,2026-07-01T20:52:27+00:00,0.0,0.0,OK
Drayton Valley,Drayton Valley,2026-07-01 14:00,2.0,4.0,3,4,2026-07-01T20:52:27+00:00,2.0,2026-07-01T20:52:27+00:00,0.0,0.0,OK
St. Albert,St. Albert,2026-07-01 14:00,3.0,4.0,3,4,2026-07-01T20:52:27+00:00,3.0,2026-07-01T20:52:27+00:00,0.0,0.0,OK
Strathcona County,Sherwood Park,2026-07-01 14:00,3.0,4.0,3,4,2026-07-01T20:52:27+00:00,,,,,OK
Edmonton,Edmonton,2026-07-01 15:00,3.0,4.0,3,4,2026-07-01T21:48:48+00:00,3.0,2026-07-01T21:48:48+00:00,0.0,0.0,OK
Calgary,Calgary,2026-07-01 15:00,4.0,4.0,3,4,2026-07-01T21:48:48+00:00,4.0,2026-07-01T21:48:48+00:00,0.0,0.0,OK
Red Deer,Red Deer,2026-07-01 14:00,3.0,4.0,3,4,2026-07-01T21:48:48+00:00,4.0,2026-07-01T21:48:48+00:00,-1.0,1.0,Minor difference
Fort McMurray,Fort McMurray,2026-07-01 15:00,8.0,7.0,3,4,2026-07-01T21:48:48+00:00,8.0,2026-07-01T21:48:48+00:00,0.0,0.0,OK
Grande Prairie,Grande Prairie,2026-07-01 15:00,2.0,2.0,2,2,2026-07-01T21:48:48+00:00,2.0,2026-07-01T21:48:48+00:00,0.0,0.0,OK
Lethbridge,Lethbridge,2026-07-01 15:00,2.0,2.0,3,2,2026-07-01T21:48:48+00:00,2.0,2026-07-01T21:48:48+00:00,0.0,0.0,OK
Medicine Hat,Medicine Hat,2026-07-01 15:00,2.0,4.0,3,4,2026-07-01T21:48:48+00:00,2.0,2026-07-01T21:48:48+00:00,0.0,0.0,OK
Airdrie,Airdrie,2026-07-01 15:00,3.0,4.0,3,4,2026-07-01T21:48:48+00:00,3.0,2026-07-01T21:48:48+00:00,0.0,0.0,OK
Cold Lake,Cold Lake,2026-07-01 15:00,5.0,7.0,3,5,2026-07-01T21:48:48+00:00,5.0,2026-07-01T21:48:48+00:00,0.0,0.0,OK
Drayton Valley,Drayton Valley,2026-07-01 15:00,3.0,4.0,3,4,2026-07-01T21:48:48+00:00,3.0,2026-07-01T21:48:48+00:00,0.0,0.0,OK
St. Albert,St. Albert,2026-07-01 15:00,3.0,4.0,3,4,2026-07-01T21:48:48+00:00,3.0,2026-07-01T21:48:48+00:00,0.0,0.0,OK
Strathcona County,Sherwood Park,2026-07-01 15:00,3.0,4.0,3,4,2026-07-01T21:48:48+00:00,,,,,OK
Edmonton,Edmonton,2026-07-01 17:00,3.0,,3,3,2026-07-01T23:47:14+00:00,3.0,2026-07-01T23:47:14+00:00,0.0,0.0,OK
Calgary,Calgary,2026-07-01 17:00,3.0,,3,4,2026-07-01T23:47:14+00:00,3.0,2026-07-01T23:47:14+00:00,0.0,0.0,OK
Red Deer,Red Deer,2026-07-01 14:00,3.0,,3,4,2026-07-01T23:47:14+00:00,3.0,2026-07-01T23:47:14+00:00,0.0,0.0,OK
Fort McMurray,Fort McMurray,2026-07-01 17:00,5.0,,4,8,2026-07-01T23:47:14+00:00,4.0,2026-07-01T23:47:14+00:00,1.0,1.0,Minor difference
Grande Prairie,Grande Prairie,2026-07-01 17:00,2.0,,2,2,2026-07-01T23:47:14+00:00,2.0,2026-07-01T23:47:14+00:00,0.0,0.0,OK
Lethbridge,Lethbridge,2026-07-01 17:00,2.0,,3,2,2026-07-01T23:47:14+00:00,2.0,2026-07-01T23:47:14+00:00,0.0,0.0,OK
Medicine Hat,Medicine Hat,2026-07-01 17:00,2.0,,3,3,2026-07-01T23:47:14+00:00,2.0,2026-07-01T23:47:14+00:00,0.0,0.0,OK
Airdrie,Airdrie,2026-07-01 17:00,3.0,,3,4,2026-07-01T23:47:14+00:00,3.0,2026-07-01T23:47:14+00:00,0.0,0.0,OK
Cold Lake,Cold Lake,2026-07-01 17:00,4.0,,3,5,2026-07-01T23:47:14+00:00,4.0,2026-07-01T23:47:14+00:00,0.0,0.0,OK
Drayton Valley,Drayton Valley,2026-07-01 17:00,3.0,,3,3,2026-07-01T23:47:14+00:00,3.0,2026-07-01T23:47:14+00:00,0.0,0.0,OK
St. Albert,St. Albert,2026-07-01 17:00,3.0,,3,3,2026-07-01T23:47:14+00:00,3.0,2026-07-01T23:47:14+00:00,0.0,0.0,OK
Strathcona County,Sherwood Park,2026-07-01 17:00,3.0,,3,3,2026-07-01T23:47:14+00:00,,,,,OK
Edmonton,Edmonton,2026-07-01 18:00,4.0,,3,3,2026-07-02T01:18:54+00:00,4.0,2026-07-02T01:18:55+00:00,0.0,0.0,OK
Calgary,Calgary,2026-07-01 18:00,3.0,,3,4,2026-07-02T01:18:54+00:00,3.0,2026-07-02T01:18:55+00:00,0.0,0.0,OK
Red Deer,Red Deer,2026-07-01 14:00,3.0,,3,4,2026-07-02T01:18:54+00:00,2.0,2026-07-02T01:18:55+00:00,1.0,1.0,Minor difference
Fort McMurray,Fort McMurray,2026-07-01 18:00,4.0,,4,8,2026-07-02T01:18:54+00:00,4.0,2026-07-02T01:18:55+00:00,0.0,0.0,OK
Grande Prairie,Grande Prairie,2026-07-01 18:00,2.0,,2,2,2026-07-02T01:18:54+00:00,2.0,2026-07-02T01:18:55+00:00,0.0,0.0,OK
Lethbridge,Lethbridge,2026-07-01 18:00,2.0,,3,2,2026-07-02T01:18:54+00:00,2.0,2026-07-02T01:18:55+00:00,0.0,0.0,OK
Medicine Hat,Medicine Hat,2026-07-01 18:00,2.0,,3,3,2026-07-02T01:18:54+00:00,2.0,2026-07-02T01:18:55+00:00,0.0,0.0,OK
Airdrie,Airdrie,2026-07-01 18:00,3.0,,3,4,2026-07-02T01:18:54+00:00,3.0,2026-07-02T01:18:55+00:00,0.0,0.0,OK
Cold Lake,Cold Lake,2026-07-01 18:00,4.0,,3,5,2026-07-02T01:18:54+00:00,4.0,2026-07-02T01:18:55+00:00,0.0,0.0,OK
Drayton Valley,Drayton Valley,2026-07-01 18:00,3.0,,3,3,2026-07-02T01:18:54+00:00,3.0,2026-07-02T01:18:55+00:00,0.0,0.0,OK
St. Albert,St. Albert,2026-07-01 18:00,3.0,,3,3,2026-07-02T01:18:54+00:00,3.0,2026-07-02T01:18:55+00:00,0.0,0.0,OK
Strathcona County,Sherwood Park,2026-07-01 18:00,3.0,,3,3,2026-07-02T01:18:54+00:00,,,,,OK
Edmonton,Edmonton,2026-07-01 20:00,4.0,,3,3,2026-07-02T03:27:03+00:00,4.0,2026-07-02T03:27:03+00:00,0.0,0.0,OK
Calgary,Calgary,2026-07-01 20:00,3.0,,3,4,2026-07-02T03:27:03+00:00,3.0,2026-07-02T03:27:03+00:00,0.0,0.0,OK
Red Deer,Red Deer,,,,3,4,2026-07-02T03:27:03+00:00,1.0,2026-07-02T03:27:03+00:00,,,OK
Fort McMurray,Fort McMurray,2026-07-01 20:00,3.0,,4,8,2026-07-02T03:27:03+00:00,3.0,2026-07-02T03:27:03+00:00,0.0,0.0,OK
Grande Prairie,Grande Prairie,2026-07-01 20:00,2.0,,2,2,2026-07-02T03:27:03+00:00,2.0,2026-07-02T03:27:03+00:00,0.0,0.0,OK
Lethbridge,Lethbridge,2026-07-01 20:00,2.0,,3,2,2026-07-02T03:27:03+00:00,2.0,2026-07-02T03:27:03+00:00,0.0,0.0,OK
Medicine Hat,Medicine Hat,2026-07-01 20:00,2.0,,3,3,2026-07-02T03:27:03+00:00,2.0,2026-07-02T03:27:03+00:00,0.0,0.0,OK
Airdrie,Airdrie,2026-07-01 20:00,3.0,,3,4,2026-07-02T03:27:03+00:00,3.0,2026-07-02T03:27:03+00:00,0.0,0.0,OK
Cold Lake,Cold Lake,2026-07-01 20:00,4.0,,3,5,2026-07-02T03:27:03+00:00,4.0,2026-07-02T03:27:03+00:00,0.0,0.0,OK
Drayton Valley,Drayton Valley,2026-07-01 20:00,3.0,,3,3,2026-07-02T03:27:03+00:00,3.0,2026-07-02T03:27:03+00:00,0.0,0.0,OK
St. Albert,St. Albert,2026-07-01 19:00,3.0,,3,3,2026-07-02T03:27:03+00:00,2.0,2026-07-02T03:27:03+00:00,1.0,1.0,Minor difference
Strathcona County,Sherwood Park,2026-07-01 20:00,4.0,,3,3,2026-07-02T03:27:03+00:00,,,,,OK
Edmonton,Edmonton,2026-07-02 04:00,2.0,,3,3,2026-07-02T11:02:21+00:00,3.0,2026-07-02T11:02:22+00:00,-1.0,1.0,Minor difference
Calgary,Calgary,2026-07-02 04:00,2.0,,3,4,2026-07-02T11:02:21+00:00,2.0,2026-07-02T11:02:22+00:00,0.0,0.0,OK
Red Deer,Red Deer,2026-07-02 04:00,1.0,,3,4,2026-07-02T11:02:21+00:00,2.0,2026-07-02T11:02:22+00:00,-1.0,1.0,Minor difference
Fort McMurray,Fort McMurray,2026-07-02 04:00,4.0,,4,8,2026-07-02T11:02:21+00:00,4.0,2026-07-02T11:02:22+00:00,0.0,0.0,OK
Grande Prairie,Grande Prairie,2026-07-02 03:00,2.0,,2,2,2026-07-02T11:02:21+00:00,2.0,2026-07-02T11:02:22+00:00,0.0,0.0,OK
Lethbridge,Lethbridge,2026-07-02 03:00,2.0,,3,2,2026-07-02T11:02:21+00:00,2.0,2026-07-02T11:02:22+00:00,0.0,0.0,OK
Medicine Hat,Medicine Hat,2026-07-02 04:00,1.0,,3,3,2026-07-02T11:02:21+00:00,1.0,2026-07-02T11:02:22+00:00,0.0,0.0,OK
Airdrie,Airdrie,2026-07-02 04:00,2.0,,3,4,2026-07-02T11:02:21+00:00,2.0,2026-07-02T11:02:22+00:00,0.0,0.0,OK
Cold Lake,Cold Lake,2026-07-02 04:00,4.0,,3,5,2026-07-02T11:02:21+00:00,4.0,2026-07-02T11:02:22+00:00,0.0,0.0,OK
Drayton Valley,Drayton Valley,2026-07-02 04:00,1.0,,3,3,2026-07-02T11:02:21+00:00,2.0,2026-07-02T11:02:22+00:00,-1.0,1.0,Minor difference
St. Albert,St. Albert,,,,3,3,2026-07-02T11:02:21+00:00,1.0,2026-07-02T11:02:22+00:00,,,OK
Strathcona County,Sherwood Park,2026-07-02 04:00,2.0,,3,3,2026-07-02T11:02:21+00:00,,,,,OK
Edmonton,Edmonton,2026-07-02 06:00,2.0,4.0,3,4,2026-07-02T13:09:16+00:00,2.0,2026-07-02T13:09:16+00:00,0.0,0.0,OK
Calgary,Calgary,2026-07-02 06:00,2.0,3.0,3,3,2026-07-02T13:09:16+00:00,2.0,2026-07-02T13:09:16+00:00,0.0,0.0,OK
Red Deer,Red Deer,2026-07-02 06:00,1.0,3.0,2,3,2026-07-02T13:09:16+00:00,1.0,2026-07-02T13:09:16+00:00,0.0,0.0,OK
Fort McMurray,Fort McMurray,2026-07-02 06:00,4.0,4.0,3,4,2026-07-02T13:09:16+00:00,4.0,2026-07-02T13:09:16+00:00,0.0,0.0,OK
Grande Prairie,Grande Prairie,2026-07-02 06:00,2.0,2.0,2,2,2026-07-02T13:09:16+00:00,1.0,2026-07-02T13:09:16+00:00,1.0,1.0,Minor difference
Lethbridge,Lethbridge,2026-07-02 03:00,2.0,3.0,3,3,2026-07-02T13:09:16+00:00,1.0,2026-07-02T13:09:16+00:00,1.0,1.0,Minor difference
Medicine Hat,Medicine Hat,2026-07-02 06:00,1.0,3.0,3,3,2026-07-02T13:09:16+00:00,1.0,2026-07-02T13:09:16+00:00,0.0,0.0,OK
Airdrie,Airdrie,2026-07-02 06:00,2.0,3.0,3,3,2026-07-02T13:09:16+00:00,2.0,2026-07-02T13:09:16+00:00,0.0,0.0,OK
Cold Lake,Cold Lake,2026-07-02 06:00,4.0,4.0,3,3,2026-07-02T13:09:16+00:00,4.0,2026-07-02T13:09:16+00:00,0.0,0.0,OK
Drayton Valley,Drayton Valley,2026-07-02 06:00,1.0,3.0,2,3,2026-07-02T13:09:16+00:00,1.0,2026-07-02T13:09:16+00:00,0.0,0.0,OK
St. Albert,St. Albert,,,4.0,3,4,2026-07-02T13:09:16+00:00,1.0,2026-07-02T13:09:16+00:00,,,OK
Strathcona County,Sherwood Park,2026-07-02 06:00,2.0,4.0,3,4,2026-07-02T13:09:16+00:00,,,,,OK
Edmonton,Edmonton,2026-07-02 08:00,2.0,4.0,3,4,2026-07-02T15:32:25+00:00,2.0,2026-07-02T15:32:25+00:00,0.0,0.0,OK
Calgary,Calgary,2026-07-02 08:00,2.0,3.0,3,3,2026-07-02T15:32:25+00:00,2.0,2026-07-02T15:32:25+00:00,0.0,0.0,OK
Red Deer,Red Deer,2026-07-02 08:00,1.0,3.0,2,3,2026-07-02T15:32:25+00:00,2.0,2026-07-02T15:32:25+00:00,-1.0,1.0,Minor difference
Fort McMurray,Fort McMurray,2026-07-02 08:00,3.0,4.0,3,4,2026-07-02T15:32:25+00:00,3.0,2026-07-02T15:32:25+00:00,0.0,0.0,OK
Grande Prairie,Grande Prairie,2026-07-02 08:00,1.0,2.0,2,2,2026-07-02T15:32:25+00:00,1.0,2026-07-02T15:32:25+00:00,0.0,0.0,OK
Lethbridge,Lethbridge,2026-07-02 09:00,2.0,3.0,3,3,2026-07-02T15:32:25+00:00,2.0,2026-07-02T15:32:25+00:00,0.0,0.0,OK
Medicine Hat,Medicine Hat,2026-07-02 08:00,1.0,3.0,3,3,2026-07-02T15:32:25+00:00,1.0,2026-07-02T15:32:25+00:00,0.0,0.0,OK
Airdrie,Airdrie,2026-07-02 08:00,2.0,3.0,3,3,2026-07-02T15:32:25+00:00,2.0,2026-07-02T15:32:25+00:00,0.0,0.0,OK
Cold Lake,Cold Lake,2026-07-02 09:00,3.0,4.0,3,3,2026-07-02T15:32:25+00:00,3.0,2026-07-02T15:32:25+00:00,0.0,0.0,OK
Drayton Valley,Drayton Valley,2026-07-02 08:00,1.0,3.0,2,3,2026-07-02T15:32:25+00:00,1.0,2026-07-02T15:32:25+00:00,0.0,0.0,OK
St. Albert,St. Albert,,,4.0,3,4,2026-07-02T15:32:25+00:00,1.0,2026-07-02T15:32:25+00:00,,,OK
Strathcona County,Sherwood Park,2026-07-02 09:00,2.0,4.0,3,4,2026-07-02T15:32:25+00:00,,,,,OK
Edmonton,Edmonton,2026-07-02 11:00,2.0,4.0,3,4,2026-07-02T18:03:15+00:00,2.0,2026-07-02T18:03:15+00:00,0.0,0.0,OK
Calgary,Calgary,2026-07-02 11:00,2.0,3.0,3,3,2026-07-02T18:03:15+00:00,2.0,2026-07-02T18:03:15+00:00,0.0,0.0,OK
Red Deer,Red Deer,2026-07-02 11:00,2.0,3.0,2,3,2026-07-02T18:03:15+00:00,2.0,2026-07-02T18:03:15+00:00,0.0,0.0,OK
Fort McMurray,Fort McMurray,2026-07-02 11:00,3.0,4.0,3,4,2026-07-02T18:03:15+00:00,3.0,2026-07-02T18:03:15+00:00,0.0,0.0,OK
Grande Prairie,Grande Prairie,2026-07-02 11:00,2.0,2.0,2,2,2026-07-02T18:03:15+00:00,2.0,2026-07-02T18:03:15+00:00,0.0,0.0,OK
Lethbridge,Lethbridge,2026-07-02 11:00,2.0,3.0,3,3,2026-07-02T18:03:15+00:00,2.0,2026-07-02T18:03:15+00:00,0.0,0.0,OK
Medicine Hat,Medicine Hat,2026-07-02 11:00,2.0,3.0,3,3,2026-07-02T18:03:15+00:00,2.0,2026-07-02T18:03:15+00:00,0.0,0.0,OK
Airdrie,Airdrie,2026-07-02 11:00,2.0,3.0,3,3,2026-07-02T18:03:15+00:00,2.0,2026-07-02T18:03:15+00:00,0.0,0.0,OK
Cold Lake,Cold Lake,2026-07-02 11:00,3.0,4.0,3,3,2026-07-02T18:03:15+00:00,3.0,2026-07-02T18:03:15+00:00,0.0,0.0,OK
Drayton Valley,Drayton Valley,2026-07-02 11:00,2.0,3.0,2,3,2026-07-02T18:03:15+00:00,2.0,2026-07-02T18:03:15+00:00,0.0,0.0,OK
St. Albert,St. Albert,2026-07-02 11:00,2.0,4.0,3,4,2026-07-02T18:03:15+00:00,2.0,2026-07-02T18:03:15+00:00,0.0,0.0,OK
Strathcona County,Sherwood Park,2026-07-02 11:00,2.0,4.0,3,4,2026-07-02T18:03:15+00:00,,,,,OK
Edmonton,Edmonton,2026-07-02 13:00,2.0,4.0,3,4,2026-07-02T19:54:01+00:00,2.0,2026-07-02T19:54:01+00:00,0.0,0.0,OK
Calgary,Calgary,2026-07-02 13:00,3.0,3.0,3,3,2026-07-02T19:54:01+00:00,3.0,2026-07-02T19:54:01+00:00,0.0,0.0,OK
Red Deer,Red Deer,2026-07-02 13:00,3.0,3.0,2,3,2026-07-02T19:54:01+00:00,3.0,2026-07-02T19:54:01+00:00,0.0,0.0,OK
Fort McMurray,Fort McMurray,2026-07-02 13:00,2.0,4.0,3,4,2026-07-02T19:54:01+00:00,2.0,2026-07-02T19:54:01+00:00,0.0,0.0,OK
Grande Prairie,Grande Prairie,2026-07-02 13:00,2.0,2.0,2,2,2026-07-02T19:54:01+00:00,2.0,2026-07-02T19:54:01+00:00,0.0,0.0,OK
Lethbridge,Lethbridge,2026-07-02 13:00,2.0,3.0,3,3,2026-07-02T19:54:01+00:00,2.0,2026-07-02T19:54:01+00:00,0.0,0.0,OK
Medicine Hat,Medicine Hat,2026-07-02 13:00,2.0,3.0,3,3,2026-07-02T19:54:01+00:00,2.0,2026-07-02T19:54:01+00:00,0.0,0.0,OK
Airdrie,Airdrie,2026-07-02 13:00,2.0,3.0,3,3,2026-07-02T19:54:01+00:00,2.0,2026-07-02T19:54:01+00:00,0.0,0.0,OK
Cold Lake,Cold Lake,2026-07-02 13:00,2.0,4.0,3,3,2026-07-02T19:54:01+00:00,2.0,2026-07-02T19:54:01+00:00,0.0,0.0,OK
Drayton Valley,Drayton Valley,2026-07-02 13:00,2.0,3.0,2,3,2026-07-02T19:54:01+00:00,2.0,2026-07-02T19:54:01+00:00,0.0,0.0,OK
St. Albert,St. Albert,2026-07-02 11:00,2.0,4.0,3,4,2026-07-02T19:54:01+00:00,1.0,2026-07-02T19:54:01+00:00,1.0,1.0,Minor difference
Strathcona County,Sherwood Park,2026-07-02 13:00,2.0,4.0,3,4,2026-07-02T19:54:01+00:00,,,,,OK
Edmonton,Edmonton,2026-07-02 15:00,3.0,4.0,3,4,2026-07-02T21:35:05+00:00,3.0,2026-07-02T21:35:05+00:00,0.0,0.0,OK
Calgary,Calgary,2026-07-02 15:00,3.0,3.0,3,3,2026-07-02T21:35:05+00:00,3.0,2026-07-02T21:35:05+00:00,0.0,0.0,OK
Red Deer,Red Deer,2026-07-02 14:00,3.0,3.0,2,3,2026-07-02T21:35:05+00:00,1.0,2026-07-02T21:35:05+00:00,2.0,2.0,Significant difference
Fort McMurray,Fort McMurray,2026-07-02 15:00,3.0,4.0,3,4,2026-07-02T21:35:05+00:00,2.0,2026-07-02T21:35:05+00:00,1.0,1.0,Minor difference
Grande Prairie,Grande Prairie,2026-07-02 15:00,2.0,2.0,2,2,2026-07-02T21:35:05+00:00,2.0,2026-07-02T21:35:05+00:00,0.0,0.0,OK
Lethbridge,Lethbridge,2026-07-02 15:00,2.0,3.0,3,3,2026-07-02T21:35:05+00:00,2.0,2026-07-02T21:35:05+00:00,0.0,0.0,OK
Medicine Hat,Medicine Hat,2026-07-02 15:00,3.0,3.0,3,3,2026-07-02T21:35:05+00:00,3.0,2026-07-02T21:35:05+00:00,0.0,0.0,OK
Airdrie,Airdrie,2026-07-02 15:00,3.0,3.0,3,3,2026-07-02T21:35:05+00:00,3.0,2026-07-02T21:35:05+00:00,0.0,0.0,OK
Cold Lake,Cold Lake,2026-07-02 15:00,2.0,4.0,3,3,2026-07-02T21:35:05+00:00,2.0,2026-07-02T21:35:05+00:00,0.0,0.0,OK
Drayton Valley,Drayton Valley,2026-07-02 15:00,2.0,3.0,2,3,2026-07-02T21:35:05+00:00,2.0,2026-07-02T21:35:05+00:00,0.0,0.0,OK
St. Albert,St. Albert,2026-07-02 11:00,2.0,4.0,3,4,2026-07-02T21:35:05+00:00,1.0,2026-07-02T21:35:05+00:00,1.0,1.0,Minor difference
Strathcona County,Sherwood Park,2026-07-02 15:00,3.0,4.0,3,4,2026-07-02T21:35:05+00:00,,,,,OK
Edmonton,Edmonton,2026-07-02 17:00,3.0,,2,3,2026-07-02T23:31:06+00:00,3.0,2026-07-02T23:31:06+00:00,0.0,0.0,OK
Calgary,Calgary,2026-07-02 17:00,3.0,,3,3,2026-07-02T23:31:06+00:00,3.0,2026-07-02T23:31:06+00:00,0.0,0.0,OK
Red Deer,Red Deer,2026-07-02 14:00,3.0,,2,2,2026-07-02T23:31:06+00:00,1.0,2026-07-02T23:31:06+00:00,2.0,2.0,Significant difference
Fort McMurray,Fort McMurray,2026-07-02 17:00,3.0,,2,2,2026-07-02T23:31:06+00:00,2.0,2026-07-02T23:31:06+00:00,1.0,1.0,Minor difference
Grande Prairie,Grande Prairie,2026-07-02 17:00,2.0,,2,3,2026-07-02T23:31:06+00:00,2.0,2026-07-02T23:31:06+00:00,0.0,0.0,OK
Lethbridge,Lethbridge,2026-07-02 17:00,2.0,,2,3,2026-07-02T23:31:06+00:00,2.0,2026-07-02T23:31:06+00:00,0.0,0.0,OK
Medicine Hat,Medicine Hat,2026-07-02 17:00,2.0,,3,3,2026-07-02T23:31:06+00:00,2.0,2026-07-02T23:31:06+00:00,0.0,0.0,OK
Airdrie,Airdrie,2026-07-02 17:00,3.0,,3,3,2026-07-02T23:31:06+00:00,3.0,2026-07-02T23:31:06+00:00,0.0,0.0,OK
Cold Lake,Cold Lake,2026-07-02 17:00,2.0,,2,2,2026-07-02T23:31:06+00:00,2.0,2026-07-02T23:31:06+00:00,0.0,0.0,OK
Drayton Valley,Drayton Valley,2026-07-02 17:00,2.0,,2,2,2026-07-02T23:31:06+00:00,2.0,2026-07-02T23:31:06+00:00,0.0,0.0,OK
St. Albert,St. Albert,2026-07-02 11:00,2.0,,2,3,2026-07-02T23:31:06+00:00,1.0,2026-07-02T23:31:06+00:00,1.0,1.0,Minor difference
Strathcona County,Sherwood Park,2026-07-02 17:00,3.0,,2,3,2026-07-02T23:31:06+00:00,,,,,OK
Edmonton,Edmonton,2026-07-02 21:00,3.0,,2,3,2026-07-03T04:10:56+00:00,3.0,2026-07-03T04:10:57+00:00,0.0,0.0,OK
Calgary,Calgary,2026-07-02 21:00,2.0,,3,3,2026-07-03T04:10:56+00:00,2.0,2026-07-03T04:10:57+00:00,0.0,0.0,OK
Red Deer,Red Deer,,,,2,2,2026-07-03T04:10:56+00:00,1.0,2026-07-03T04:10:57+00:00,,,OK
Fort McMurray,Fort McMurray,2026-07-02 21:00,2.0,,2,2,2026-07-03T04:10:56+00:00,2.0,2026-07-03T04:10:57+00:00,0.0,0.0,OK
Grande Prairie,Grande Prairie,2026-07-02 21:00,2.0,,2,3,2026-07-03T04:10:56+00:00,2.0,2026-07-03T04:10:57+00:00,0.0,0.0,OK
Lethbridge,Lethbridge,2026-07-02 21:00,2.0,,2,3,2026-07-03T04:10:56+00:00,2.0,2026-07-03T04:10:57+00:00,0.0,0.0,OK
Medicine Hat,Medicine Hat,2026-07-02 21:00,3.0,,3,3,2026-07-03T04:10:56+00:00,3.0,2026-07-03T04:10:57+00:00,0.0,0.0,OK
Airdrie,Airdrie,2026-07-02 21:00,2.0,,3,3,2026-07-03T04:10:56+00:00,2.0,2026-07-03T04:10:57+00:00,0.0,0.0,OK
Cold Lake,Cold Lake,2026-07-02 21:00,2.0,,2,2,2026-07-03T04:10:56+00:00,2.0,2026-07-03T04:10:57+00:00,0.0,0.0,OK
Drayton Valley,Drayton Valley,2026-07-02 21:00,2.0,,2,2,2026-07-03T04:10:56+00:00,2.0,2026-07-03T04:10:57+00:00,0.0,0.0,OK
St. Albert,St. Albert,2026-07-02 21:00,3.0,,2,3,2026-07-03T04:10:56+00:00,3.0,2026-07-03T04:10:57+00:00,0.0,0.0,OK
Strathcona County,Sherwood Park,2026-07-02 21:00,3.0,,2,3,2026-07-03T04:10:56+00:00,,,,,OK
Edmonton,Edmonton,2026-07-03 01:00,2.0,,2,3,2026-07-03T07:40:22+00:00,2.0,2026-07-03T07:40:22+00:00,0.0,0.0,OK
Calgary,Calgary,2026-07-03 01:00,2.0,,3,3,2026-07-03T07:40:22+00:00,2.0,2026-07-03T07:40:22+00:00,0.0,0.0,OK
Red Deer,Red Deer,2026-07-03 01:00,2.0,,2,2,2026-07-03T07:40:22+00:00,2.0,2026-07-03T07:40:22+00:00,0.0,0.0,OK
Fort McMurray,Fort McMurray,2026-07-03 01:00,2.0,,2,2,2026-07-03T07:40:22+00:00,2.0,2026-07-03T07:40:22+00:00,0.0,0.0,OK
Grande Prairie,Grande Prairie,2026-07-03 01:00,1.0,,2,3,2026-07-03T07:40:22+00:00,1.0,2026-07-03T07:40:22+00:00,0.0,0.0,OK
Lethbridge,Lethbridge,2026-07-03 01:00,2.0,,2,3,2026-07-03T07:40:22+00:00,2.0,2026-07-03T07:40:22+00:00,0.0,0.0,OK
Medicine Hat,Medicine Hat,2026-07-03 01:00,2.0,,3,3,2026-07-03T07:40:22+00:00,2.0,2026-07-03T07:40:22+00:00,0.0,0.0,OK
Airdrie,Airdrie,2026-07-03 01:00,2.0,,3,3,2026-07-03T07:40:22+00:00,2.0,2026-07-03T07:40:22+00:00,0.0,0.0,OK
Cold Lake,Cold Lake,2026-07-03 01:00,2.0,,2,2,2026-07-03T07:40:22+00:00,2.0,2026-07-03T07:40:22+00:00,0.0,0.0,OK
Drayton Valley,Drayton Valley,2026-07-03 01:00,2.0,,2,2,2026-07-03T07:40:22+00:00,2.0,2026-07-03T07:40:22+00:00,0.0,0.0,OK
St. Albert,St. Albert,2026-07-03 01:00,2.0,,2,3,2026-07-03T07:40:22+00:00,2.0,2026-07-03T07:40:22+00:00,0.0,0.0,OK
Strathcona County,Sherwood Park,2026-07-03 01:00,2.0,,2,3,2026-07-03T07:40:22+00:00,,,,,OK
Edmonton,Edmonton,2026-07-03 04:00,2.0,,2,3,2026-07-03T11:01:05+00:00,2.0,2026-07-03T11:01:06+00:00,0.0,0.0,OK
Calgary,Calgary,2026-07-03 04:00,2.0,,3,3,2026-07-03T11:01:05+00:00,2.0,2026-07-03T11:01:06+00:00,0.0,0.0,OK
Red Deer,Red Deer,2026-07-03 04:00,2.0,,2,2,2026-07-03T11:01:05+00:00,2.0,2026-07-03T11:01:06+00:00,0.0,0.0,OK
Fort McMurray,Fort McMurray,2026-07-03 04:00,2.0,,2,2,2026-07-03T11:01:05+00:00,2.0,2026-07-03T11:01:06+00:00,0.0,0.0,OK
Grande Prairie,Grande Prairie,2026-07-03 03:00,1.0,,2,3,2026-07-03T11:01:05+00:00,1.0,2026-07-03T11:01:06+00:00,0.0,0.0,OK
Lethbridge,Lethbridge,2026-07-03 03:00,2.0,,2,3,2026-07-03T11:01:05+00:00,2.0,2026-07-03T11:01:06+00:00,0.0,0.0,OK
Medicine Hat,Medicine Hat,2026-07-03 04:00,2.0,,3,3,2026-07-03T11:01:05+00:00,2.0,2026-07-03T11:01:06+00:00,0.0,0.0,OK
Airdrie,Airdrie,2026-07-03 04:00,2.0,,3,3,2026-07-03T11:01:05+00:00,2.0,2026-07-03T11:01:06+00:00,0.0,0.0,OK
Cold Lake,Cold Lake,2026-07-03 03:00,2.0,,2,2,2026-07-03T11:01:05+00:00,1.0,2026-07-03T11:01:06+00:00,1.0,1.0,Minor difference
Drayton Valley,Drayton Valley,2026-07-03 04:00,2.0,,2,2,2026-07-03T11:01:05+00:00,2.0,2026-07-03T11:01:06+00:00,0.0,0.0,OK
St. Albert,St. Albert,2026-07-03 04:00,2.0,,2,3,2026-07-03T11:01:05+00:00,2.0,2026-07-03T11:01:06+00:00,0.0,0.0,OK
Strathcona County,Sherwood Park,2026-07-03 04:00,2.0,,2,3,2026-07-03T11:01:05+00:00,,,,,OK
Edmonton,Edmonton,2026-07-03 06:00,2.0,2.0,3,2,2026-07-03T13:13:18+00:00,2.0,2026-07-03T13:13:18+00:00,0.0,0.0,OK
Calgary,Calgary,2026-07-03 06:00,2.0,2.0,3,3,2026-07-03T13:13:18+00:00,2.0,2026-07-03T13:13:18+00:00,0.0,0.0,OK
Red Deer,Red Deer,2026-07-03 06:00,2.0,2.0,2,2,2026-07-03T13:13:18+00:00,2.0,2026-07-03T13:13:18+00:00,0.0,0.0,OK
Fort McMurray,Fort McMurray,2026-07-03 06:00,1.0,2.0,2,1,2026-07-03T13:13:18+00:00,1.0,2026-07-03T13:13:18+00:00,0.0,0.0,OK
Grande Prairie,Grande Prairie,2026-07-03 06:00,1.0,2.0,2,2,2026-07-03T13:13:18+00:00,1.0,2026-07-03T13:13:18+00:00,0.0,0.0,OK
Lethbridge,Lethbridge,2026-07-03 03:00,2.0,2.0,2,2,2026-07-03T13:13:18+00:00,1.0,2026-07-03T13:13:18+00:00,1.0,1.0,Minor difference
Medicine Hat,Medicine Hat,2026-07-03 06:00,2.0,2.0,3,2,2026-07-03T13:13:18+00:00,2.0,2026-07-03T13:13:18+00:00,0.0,0.0,OK
Airdrie,Airdrie,2026-07-03 06:00,2.0,2.0,3,3,2026-07-03T13:13:18+00:00,2.0,2026-07-03T13:13:18+00:00,0.0,0.0,OK
Cold Lake,Cold Lake,2026-07-03 06:00,1.0,2.0,2,2,2026-07-03T13:13:18+00:00,1.0,2026-07-03T13:13:18+00:00,0.0,0.0,OK
Drayton Valley,Drayton Valley,2026-07-03 06:00,2.0,2.0,2,2,2026-07-03T13:13:18+00:00,2.0,2026-07-03T13:13:18+00:00,0.0,0.0,OK
St. Albert,St. Albert,2026-07-03 06:00,2.0,2.0,3,2,2026-07-03T13:13:18+00:00,2.0,2026-07-03T13:13:18+00:00,0.0,0.0,OK
Strathcona County,Sherwood Park,2026-07-03 06:00,2.0,2.0,3,2,2026-07-03T13:13:18+00:00,,,,,OK
Edmonton,Edmonton,2026-07-03 08:00,2.0,2.0,3,2,2026-07-03T15:28:33+00:00,2.0,2026-07-03T15:28:33+00:00,0.0,0.0,OK
Calgary,Calgary,2026-07-03 08:00,2.0,2.0,3,3,2026-07-03T15:28:33+00:00,2.0,2026-07-03T15:28:33+00:00,0.0,0.0,OK
Red Deer,Red Deer,2026-07-03 08:00,1.0,2.0,2,2,2026-07-03T15:28:33+00:00,1.0,2026-07-03T15:28:33+00:00,0.0,0.0,OK
Fort McMurray,Fort McMurray,2026-07-03 08:00,1.0,2.0,2,1,2026-07-03T15:28:33+00:00,1.0,2026-07-03T15:28:33+00:00,0.0,0.0,OK
Grande Prairie,Grande Prairie,2026-07-03 08:00,1.0,2.0,2,2,2026-07-03T15:28:33+00:00,1.0,2026-07-03T15:28:33+00:00,0.0,0.0,OK
Lethbridge,Lethbridge,2026-07-03 09:00,2.0,2.0,2,2,2026-07-03T15:28:33+00:00,2.0,2026-07-03T15:28:33+00:00,0.0,0.0,OK
Medicine Hat,Medicine Hat,2026-07-03 08:00,2.0,2.0,3,2,2026-07-03T15:28:33+00:00,2.0,2026-07-03T15:28:33+00:00,0.0,0.0,OK
Airdrie,Airdrie,2026-07-03 08:00,2.0,2.0,3,3,2026-07-03T15:28:33+00:00,2.0,2026-07-03T15:28:33+00:00,0.0,0.0,OK
Cold Lake,Cold Lake,2026-07-03 09:00,1.0,2.0,2,2,2026-07-03T15:28:33+00:00,1.0,2026-07-03T15:28:33+00:00,0.0,0.0,OK
Drayton Valley,Drayton Valley,2026-07-03 08:00,2.0,2.0,2,2,2026-07-03T15:28:33+00:00,1.0,2026-07-03T15:28:33+00:00,1.0,1.0,Minor difference
St. Albert,St. Albert,2026-07-03 08:00,2.0,2.0,3,2,2026-07-03T15:28:33+00:00,2.0,2026-07-03T15:28:33+00:00,0.0,0.0,OK
Strathcona County,Sherwood Park,2026-07-03 09:00,2.0,2.0,3,2,2026-07-03T15:28:33+00:00,,,,,OK
Edmonton,Edmonton,2026-07-03 11:00,2.0,2.0,3,2,2026-07-03T17:49:49+00:00,2.0,2026-07-03T17:49:49+00:00,0.0,0.0,OK
Calgary,Calgary,2026-07-03 11:00,2.0,2.0,3,3,2026-07-03T17:49:49+00:00,2.0,2026-07-03T17:49:49+00:00,0.0,0.0,OK
Red Deer,Red Deer,2026-07-03 11:00,2.0,2.0,2,2,2026-07-03T17:49:49+00:00,2.0,2026-07-03T17:49:49+00:00,0.0,0.0,OK
Fort McMurray,Fort McMurray,2026-07-03 11:00,2.0,2.0,2,1,2026-07-03T17:49:49+00:00,2.0,2026-07-03T17:49:49+00:00,0.0,0.0,OK
Grande Prairie,Grande Prairie,2026-07-03 11:00,1.0,2.0,2,2,2026-07-03T17:49:49+00:00,1.0,2026-07-03T17:49:49+00:00,0.0,0.0,OK
Lethbridge,Lethbridge,2026-07-03 11:00,2.0,2.0,2,2,2026-07-03T17:49:49+00:00,2.0,2026-07-03T17:49:49+00:00,0.0,0.0,OK
Medicine Hat,Medicine Hat,2026-07-03 11:00,2.0,2.0,3,2,2026-07-03T17:49:49+00:00,2.0,2026-07-03T17:49:49+00:00,0.0,0.0,OK
Airdrie,Airdrie,2026-07-03 11:00,2.0,2.0,3,3,2026-07-03T17:49:49+00:00,2.0,2026-07-03T17:49:49+00:00,0.0,0.0,OK
Cold Lake,Cold Lake,2026-07-03 11:00,1.0,2.0,2,2,2026-07-03T17:49:49+00:00,1.0,2026-07-03T17:49:49+00:00,0.0,0.0,OK
Drayton Valley,Drayton Valley,2026-07-03 08:00,2.0,2.0,2,2,2026-07-03T17:49:49+00:00,1.0,2026-07-03T17:49:49+00:00,1.0,1.0,Minor difference
St. Albert,St. Albert,2026-07-03 11:00,2.0,2.0,3,2,2026-07-03T17:49:49+00:00,2.0,2026-07-03T17:49:49+00:00,0.0,0.0,OK
Strathcona County,Sherwood Park,2026-07-03 11:00,2.0,2.0,3,2,2026-07-03T17:49:49+00:00,,,,,OK
Edmonton,Edmonton,2026-07-03 13:00,2.0,2.0,3,2,2026-07-03T19:51:27+00:00,2.0,2026-07-03T19:51:27+00:00,0.0,0.0,OK
Calgary,Calgary,2026-07-03 13:00,2.0,2.0,3,3,2026-07-03T19:51:27+00:00,2.0,2026-07-03T19:51:27+00:00,0.0,0.0,OK
Red Deer,Red Deer,2026-07-03 12:00,2.0,2.0,2,2,2026-07-03T19:51:27+00:00,2.0,2026-07-03T19:51:27+00:00,0.0,0.0,OK
Fort McMurray,Fort McMurray,2026-07-03 13:00,2.0,2.0,2,1,2026-07-03T19:51:27+00:00,2.0,2026-07-03T19:51:27+00:00,0.0,0.0,OK
Grande Prairie,Grande Prairie,2026-07-03 13:00,1.0,2.0,2,2,2026-07-03T19:51:27+00:00,1.0,2026-07-03T19:51:27+00:00,0.0,0.0,OK
Lethbridge,Lethbridge,2026-07-03 13:00,2.0,2.0,2,2,2026-07-03T19:51:27+00:00,2.0,2026-07-03T19:51:27+00:00,0.0,0.0,OK
Medicine Hat,Medicine Hat,2026-07-03 13:00,2.0,2.0,3,2,2026-07-03T19:51:27+00:00,2.0,2026-07-03T19:51:27+00:00,0.0,0.0,OK
Airdrie,Airdrie,2026-07-03 13:00,2.0,2.0,3,3,2026-07-03T19:51:27+00:00,2.0,2026-07-03T19:51:27+00:00,0.0,0.0,OK
Cold Lake,Cold Lake,2026-07-03 13:00,2.0,2.0,2,2,2026-07-03T19:51:27+00:00,2.0,2026-07-03T19:51:27+00:00,0.0,0.0,OK
Drayton Valley,Drayton Valley,2026-07-03 08:00,2.0,2.0,2,2,2026-07-03T19:51:27+00:00,1.0,2026-07-03T19:51:27+00:00,1.0,1.0,Minor difference
St. Albert,St. Albert,2026-07-03 13:00,2.0,2.0,3,2,2026-07-03T19:51:27+00:00,2.0,2026-07-03T19:51:27+00:00,0.0,0.0,OK
Strathcona County,Sherwood Park,2026-07-03 13:00,2.0,2.0,3,2,2026-07-03T19:51:27+00:00,,,,,OK
Edmonton,Edmonton,2026-07-03 15:00,2.0,2.0,3,2,2026-07-03T21:33:28+00:00,2.0,2026-07-03T21:33:28+00:00,0.0,0.0,OK
Calgary,Calgary,2026-07-03 15:00,2.0,2.0,3,3,2026-07-03T21:33:28+00:00,2.0,2026-07-03T21:33:28+00:00,0.0,0.0,OK
Red Deer,Red Deer,2026-07-03 15:00,2.0,2.0,2,2,2026-07-03T21:33:28+00:00,2.0,2026-07-03T21:33:28+00:00,0.0,0.0,OK
Fort McMurray,Fort McMurray,2026-07-03 15:00,2.0,2.0,2,1,2026-07-03T21:33:28+00:00,2.0,2026-07-03T21:33:28+00:00,0.0,0.0,OK
Grande Prairie,Grande Prairie,2026-07-03 15:00,2.0,2.0,2,2,2026-07-03T21:33:28+00:00,2.0,2026-07-03T21:33:28+00:00,0.0,0.0,OK
Lethbridge,Lethbridge,2026-07-03 15:00,2.0,2.0,2,2,2026-07-03T21:33:28+00:00,2.0,2026-07-03T21:33:28+00:00,0.0,0.0,OK
Medicine Hat,Medicine Hat,2026-07-03 15:00,2.0,2.0,3,2,2026-07-03T21:33:28+00:00,2.0,2026-07-03T21:33:28+00:00,0.0,0.0,OK
Airdrie,Airdrie,2026-07-03 15:00,2.0,2.0,3,3,2026-07-03T21:33:28+00:00,2.0,2026-07-03T21:33:28+00:00,0.0,0.0,OK
Cold Lake,Cold Lake,2026-07-03 15:00,2.0,2.0,2,2,2026-07-03T21:33:28+00:00,2.0,2026-07-03T21:33:28+00:00,0.0,0.0,OK
Drayton Valley,Drayton Valley,,,2.0,2,2,2026-07-03T21:33:28+00:00,1.0,2026-07-03T21:33:28+00:00,,,OK
St. Albert,St. Albert,2026-07-03 15:00,2.0,2.0,3,2,2026-07-03T21:33:28+00:00,2.0,2026-07-03T21:33:28+00:00,0.0,0.0,OK
Strathcona County,Sherwood Park,2026-07-03 15:00,2.0,2.0,3,2,2026-07-03T21:33:28+00:00,,,,,OK
Edmonton,Edmonton,2026-07-03 16:00,2.0,,3,2,2026-07-03T23:19:42+00:00,2.0,2026-07-03T23:19:42+00:00,0.0,0.0,OK
Calgary,Calgary,2026-07-03 16:00,2.0,,3,3,2026-07-03T23:19:42+00:00,2.0,2026-07-03T23:19:42+00:00,0.0,0.0,OK
Red Deer,Red Deer,2026-07-03 16:00,2.0,,2,2,2026-07-03T23:19:42+00:00,2.0,2026-07-03T23:19:42+00:00,0.0,0.0,OK
Fort McMurray,Fort McMurray,2026-07-03 16:00,2.0,,2,1,2026-07-03T23:19:42+00:00,2.0,2026-07-03T23:19:42+00:00,0.0,0.0,OK
Grande Prairie,Grande Prairie,2026-07-03 16:00,2.0,,2,2,2026-07-03T23:19:42+00:00,2.0,2026-07-03T23:19:42+00:00,0.0,0.0,OK
Lethbridge,Lethbridge,2026-07-03 17:00,2.0,,2,2,2026-07-03T23:19:42+00:00,2.0,2026-07-03T23:19:42+00:00,0.0,0.0,OK
Medicine Hat,Medicine Hat,2026-07-03 16:00,2.0,,3,3,2026-07-03T23:19:42+00:00,2.0,2026-07-03T23:19:42+00:00,0.0,0.0,OK
Airdrie,Airdrie,2026-07-03 16:00,2.0,,3,3,2026-07-03T23:19:42+00:00,2.0,2026-07-03T23:19:42+00:00,0.0,0.0,OK
Cold Lake,Cold Lake,2026-07-03 17:00,2.0,,2,2,2026-07-03T23:19:42+00:00,2.0,2026-07-03T23:19:42+00:00,0.0,0.0,OK
Drayton Valley,Drayton Valley,,,,2,2,2026-07-03T23:19:42+00:00,1.0,2026-07-03T23:19:42+00:00,,,OK
St. Albert,St. Albert,2026-07-03 16:00,2.0,,3,2,2026-07-03T23:19:42+00:00,2.0,2026-07-03T23:19:42+00:00,0.0,0.0,OK
Strathcona County,Sherwood Park,2026-07-03 17:00,2.0,,3,2,2026-07-03T23:19:42+00:00,,,,,OK
Edmonton,Edmonton,2026-07-03 21:00,2.0,,3,2,2026-07-04T04:03:44+00:00,2.0,2026-07-04T04:03:45+00:00,0.0,0.0,OK
Calgary,Calgary,2026-07-03 21:00,3.0,,3,3,2026-07-04T04:03:44+00:00,3.0,2026-07-04T04:03:45+00:00,0.0,0.0,OK
Red Deer,Red Deer,2026-07-03 21:00,2.0,,2,2,2026-07-04T04:03:44+00:00,2.0,2026-07-04T04:03:45+00:00,0.0,0.0,OK
Fort McMurray,Fort McMurray,2026-07-03 21:00,2.0,,2,1,2026-07-04T04:03:44+00:00,2.0,2026-07-04T04:03:45+00:00,0.0,0.0,OK
Grande Prairie,Grande Prairie,2026-07-03 21:00,2.0,,2,2,2026-07-04T04:03:44+00:00,2.0,2026-07-04T04:03:45+00:00,0.0,0.0,OK
Lethbridge,Lethbridge,2026-07-03 21:00,2.0,,2,2,2026-07-04T04:03:44+00:00,2.0,2026-07-04T04:03:45+00:00,0.0,0.0,OK
Medicine Hat,Medicine Hat,2026-07-03 21:00,2.0,,3,3,2026-07-04T04:03:44+00:00,2.0,2026-07-04T04:03:45+00:00,0.0,0.0,OK
Airdrie,Airdrie,2026-07-03 21:00,2.0,,3,3,2026-07-04T04:03:44+00:00,2.0,2026-07-04T04:03:45+00:00,0.0,0.0,OK
Cold Lake,Cold Lake,2026-07-03 21:00,2.0,,2,2,2026-07-04T04:03:44+00:00,2.0,2026-07-04T04:03:45+00:00,0.0,0.0,OK
Drayton Valley,Drayton Valley,2026-07-03 21:00,2.0,,2,2,2026-07-04T04:03:44+00:00,2.0,2026-07-04T04:03:45+00:00,0.0,0.0,OK
St. Albert,St. Albert,2026-07-03 21:00,2.0,,3,2,2026-07-04T04:03:44+00:00,2.0,2026-07-04T04:03:45+00:00,0.0,0.0,OK
Strathcona County,Sherwood Park,2026-07-03 21:00,2.0,,3,2,2026-07-04T04:03:44+00:00,,,,,OK
Edmonton,Edmonton,2026-07-04 00:00,2.0,,3,2,2026-07-04T07:16:23+00:00,2.0,2026-07-04T07:16:23+00:00,0.0,0.0,OK
Calgary,Calgary,2026-07-04 00:00,2.0,,3,3,2026-07-04T07:16:23+00:00,2.0,2026-07-04T07:16:23+00:00,0.0,0.0,OK
Red Deer,Red Deer,2026-07-04 00:00,1.0,,2,2,2026-07-04T07:16:23+00:00,1.0,2026-07-04T07:16:23+00:00,0.0,0.0,OK
Fort McMurray,Fort McMurray,2026-07-04 00:00,2.0,,2,1,2026-07-04T07:16:23+00:00,2.0,2026-07-04T07:16:23+00:00,0.0,0.0,OK
Grande Prairie,Grande Prairie,2026-07-04 00:00,2.0,,2,2,2026-07-04T07:16:23+00:00,2.0,2026-07-04T07:16:23+00:00,0.0,0.0,OK
Lethbridge,Lethbridge,2026-07-04 00:00,2.0,,2,2,2026-07-04T07:16:23+00:00,2.0,2026-07-04T07:16:23+00:00,0.0,0.0,OK
Medicine Hat,Medicine Hat,2026-07-04 00:00,2.0,,3,3,2026-07-04T07:16:23+00:00,2.0,2026-07-04T07:16:23+00:00,0.0,0.0,OK
Airdrie,Airdrie,2026-07-04 00:00,2.0,,3,3,2026-07-04T07:16:23+00:00,2.0,2026-07-04T07:16:23+00:00,0.0,0.0,OK
Cold Lake,Cold Lake,2026-07-04 00:00,1.0,,2,2,2026-07-04T07:16:23+00:00,1.0,2026-07-04T07:16:23+00:00,0.0,0.0,OK
Drayton Valley,Drayton Valley,2026-07-04 00:00,2.0,,2,2,2026-07-04T07:16:23+00:00,2.0,2026-07-04T07:16:23+00:00,0.0,0.0,OK
St. Albert,St. Albert,2026-07-04 00:00,2.0,,3,2,2026-07-04T07:16:23+00:00,2.0,2026-07-04T07:16:23+00:00,0.0,0.0,OK
Strathcona County,Sherwood Park,2026-07-04 00:00,2.0,,3,2,2026-07-04T07:16:23+00:00,,,,,OK
Edmonton,Edmonton,2026-07-04 05:00,2.0,2.0,2,2,2026-07-04T12:20:00+00:00,2.0,2026-07-04T12:20:00+00:00,0.0,0.0,OK
Calgary,Calgary,2026-07-04 04:00,2.0,3.0,3,3,2026-07-04T12:20:00+00:00,2.0,2026-07-04T12:20:00+00:00,0.0,0.0,OK
Red Deer,Red Deer,2026-07-04 05:00,1.0,2.0,2,2,2026-07-04T12:20:00+00:00,1.0,2026-07-04T12:20:00+00:00,0.0,0.0,OK
Fort McMurray,Fort McMurray,2026-07-04 05:00,1.0,2.0,2,2,2026-07-04T12:20:00+00:00,1.0,2026-07-04T12:20:00+00:00,0.0,0.0,OK
Grande Prairie,Grande Prairie,2026-07-04 05:00,2.0,2.0,2,2,2026-07-04T12:20:00+00:00,2.0,2026-07-04T12:20:00+00:00,0.0,0.0,OK
Lethbridge,Lethbridge,2026-07-04 03:00,2.0,2.0,2,2,2026-07-04T12:20:00+00:00,1.0,2026-07-04T12:20:00+00:00,1.0,1.0,Minor difference
Medicine Hat,Medicine Hat,2026-07-04 04:00,1.0,3.0,3,3,2026-07-04T12:20:00+00:00,1.0,2026-07-04T12:20:00+00:00,0.0,0.0,OK
Airdrie,Airdrie,2026-07-04 04:00,2.0,3.0,3,3,2026-07-04T12:20:00+00:00,2.0,2026-07-04T12:20:00+00:00,0.0,0.0,OK
Cold Lake,Cold Lake,2026-07-04 06:00,1.0,2.0,2,2,2026-07-04T12:20:00+00:00,1.0,2026-07-04T12:20:00+00:00,0.0,0.0,OK
Drayton Valley,Drayton Valley,2026-07-04 04:00,2.0,2.0,2,2,2026-07-04T12:20:00+00:00,2.0,2026-07-04T12:20:00+00:00,0.0,0.0,OK
St. Albert,St. Albert,2026-07-04 04:00,2.0,2.0,2,2,2026-07-04T12:20:00+00:00,2.0,2026-07-04T12:20:00+00:00,0.0,0.0,OK
Strathcona County,Sherwood Park,2026-07-04 06:00,1.0,2.0,2,2,2026-07-04T12:20:00+00:00,,,,,OK
Edmonton,Edmonton,2026-07-04 08:00,2.0,2.0,2,2,2026-07-04T14:46:18+00:00,2.0,2026-07-04T14:46:19+00:00,0.0,0.0,OK
Calgary,Calgary,2026-07-04 08:00,2.0,3.0,3,3,2026-07-04T14:46:18+00:00,2.0,2026-07-04T14:46:19+00:00,0.0,0.0,OK
Red Deer,Red Deer,2026-07-04 08:00,1.0,2.0,2,2,2026-07-04T14:46:18+00:00,1.0,2026-07-04T14:46:19+00:00,0.0,0.0,OK
Fort McMurray,Fort McMurray,2026-07-04 08:00,1.0,2.0,2,2,2026-07-04T14:46:18+00:00,1.0,2026-07-04T14:46:19+00:00,0.0,0.0,OK
Grande Prairie,Grande Prairie,2026-07-04 08:00,2.0,2.0,2,2,2026-07-04T14:46:18+00:00,2.0,2026-07-04T14:46:19+00:00,0.0,0.0,OK
Lethbridge,Lethbridge,2026-07-04 08:00,2.0,2.0,2,2,2026-07-04T14:46:18+00:00,2.0,2026-07-04T14:46:19+00:00,0.0,0.0,OK
Medicine Hat,Medicine Hat,2026-07-04 08:00,1.0,3.0,3,3,2026-07-04T14:46:18+00:00,1.0,2026-07-04T14:46:19+00:00,0.0,0.0,OK
Airdrie,Airdrie,2026-07-04 08:00,2.0,3.0,3,3,2026-07-04T14:46:18+00:00,2.0,2026-07-04T14:46:19+00:00,0.0,0.0,OK
Cold Lake,Cold Lake,2026-07-04 08:00,1.0,2.0,2,2,2026-07-04T14:46:18+00:00,1.0,2026-07-04T14:46:19+00:00,0.0,0.0,OK
Drayton Valley,Drayton Valley,2026-07-04 08:00,1.0,2.0,2,2,2026-07-04T14:46:18+00:00,1.0,2026-07-04T14:46:19+00:00,0.0,0.0,OK
St. Albert,St. Albert,2026-07-04 08:00,2.0,2.0,2,2,2026-07-04T14:46:18+00:00,2.0,2026-07-04T14:46:19+00:00,0.0,0.0,OK
Strathcona County,Sherwood Park,2026-07-04 08:00,1.0,2.0,2,2,2026-07-04T14:46:18+00:00,,,,,OK
Edmonton,Edmonton,2026-07-04 09:00,2.0,2.0,2,2,2026-07-04T16:16:34+00:00,2.0,2026-07-04T16:16:35+00:00,0.0,0.0,OK
Calgary,Calgary,2026-07-04 09:00,2.0,3.0,3,3,2026-07-04T16:16:34+00:00,2.0,2026-07-04T16:16:35+00:00,0.0,0.0,OK
Red Deer,Red Deer,2026-07-04 09:00,1.0,2.0,2,2,2026-07-04T16:16:34+00:00,1.0,2026-07-04T16:16:35+00:00,0.0,0.0,OK
Fort McMurray,Fort McMurray,2026-07-04 09:00,1.0,2.0,2,2,2026-07-04T16:16:34+00:00,1.0,2026-07-04T16:16:35+00:00,0.0,0.0,OK
Grande Prairie,Grande Prairie,2026-07-04 09:00,2.0,2.0,2,2,2026-07-04T16:16:34+00:00,2.0,2026-07-04T16:16:35+00:00,0.0,0.0,OK
Lethbridge,Lethbridge,2026-07-04 09:00,2.0,2.0,2,2,2026-07-04T16:16:34+00:00,2.0,2026-07-04T16:16:35+00:00,0.0,0.0,OK
Medicine Hat,Medicine Hat,2026-07-04 09:00,1.0,3.0,3,3,2026-07-04T16:16:34+00:00,1.0,2026-07-04T16:16:35+00:00,0.0,0.0,OK
Airdrie,Airdrie,2026-07-04 09:00,2.0,3.0,3,3,2026-07-04T16:16:34+00:00,2.0,2026-07-04T16:16:35+00:00,0.0,0.0,OK
Cold Lake,Cold Lake,2026-07-04 09:00,1.0,2.0,2,2,2026-07-04T16:16:34+00:00,1.0,2026-07-04T16:16:35+00:00,0.0,0.0,OK
Drayton Valley,Drayton Valley,2026-07-04 08:00,1.0,2.0,2,2,2026-07-04T16:16:34+00:00,1.0,2026-07-04T16:16:35+00:00,0.0,0.0,OK
St. Albert,St. Albert,2026-07-04 09:00,2.0,2.0,2,2,2026-07-04T16:16:34+00:00,2.0,2026-07-04T16:16:35+00:00,0.0,0.0,OK
Strathcona County,Sherwood Park,2026-07-04 09:00,1.0,2.0,2,2,2026-07-04T16:16:34+00:00,,,,,OK
Edmonton,Edmonton,2026-07-04 11:00,2.0,2.0,2,2,2026-07-04T18:14:04+00:00,2.0,2026-07-04T18:14:04+00:00,0.0,0.0,OK
Calgary,Calgary,2026-07-04 11:00,2.0,3.0,3,3,2026-07-04T18:14:04+00:00,2.0,2026-07-04T18:14:04+00:00,0.0,0.0,OK
Red Deer,Red Deer,2026-07-04 11:00,2.0,2.0,2,2,2026-07-04T18:14:04+00:00,2.0,2026-07-04T18:14:04+00:00,0.0,0.0,OK
Fort McMurray,Fort McMurray,2026-07-04 11:00,1.0,2.0,2,2,2026-07-04T18:14:04+00:00,1.0,2026-07-04T18:14:04+00:00,0.0,0.0,OK
Grande Prairie,Grande Prairie,2026-07-04 11:00,2.0,2.0,2,2,2026-07-04T18:14:04+00:00,2.0,2026-07-04T18:14:04+00:00,0.0,0.0,OK
Lethbridge,Lethbridge,2026-07-04 11:00,2.0,2.0,2,2,2026-07-04T18:14:04+00:00,2.0,2026-07-04T18:14:04+00:00,0.0,0.0,OK
Medicine Hat,Medicine Hat,2026-07-04 11:00,2.0,3.0,3,3,2026-07-04T18:14:04+00:00,2.0,2026-07-04T18:14:04+00:00,0.0,0.0,OK
Airdrie,Airdrie,2026-07-04 11:00,2.0,3.0,3,3,2026-07-04T18:14:04+00:00,2.0,2026-07-04T18:14:04+00:00,0.0,0.0,OK
Cold Lake,Cold Lake,2026-07-04 11:00,1.0,2.0,2,2,2026-07-04T18:14:04+00:00,1.0,2026-07-04T18:14:04+00:00,0.0,0.0,OK
Drayton Valley,Drayton Valley,2026-07-04 11:00,2.0,2.0,2,2,2026-07-04T18:14:04+00:00,2.0,2026-07-04T18:14:04+00:00,0.0,0.0,OK
St. Albert,St. Albert,2026-07-04 11:00,2.0,2.0,2,2,2026-07-04T18:14:04+00:00,2.0,2026-07-04T18:14:04+00:00,0.0,0.0,OK
Strathcona County,Sherwood Park,2026-07-04 11:00,1.0,2.0,2,2,2026-07-04T18:14:04+00:00,,,,,OK
Edmonton,Edmonton,2026-07-04 13:00,2.0,2.0,2,2,2026-07-04T19:40:55+00:00,2.0,2026-07-04T19:40:56+00:00,0.0,0.0,OK
Calgary,Calgary,2026-07-04 13:00,2.0,3.0,3,3,2026-07-04T19:40:55+00:00,2.0,2026-07-04T19:40:56+00:00,0.0,0.0,OK
Red Deer,Red Deer,2026-07-04 13:00,2.0,2.0,2,2,2026-07-04T19:40:55+00:00,2.0,2026-07-04T19:40:56+00:00,0.0,0.0,OK
Fort McMurray,Fort McMurray,2026-07-04 13:00,1.0,2.0,2,2,2026-07-04T19:40:55+00:00,1.0,2026-07-04T19:40:56+00:00,0.0,0.0,OK
Grande Prairie,Grande Prairie,2026-07-04 13:00,2.0,2.0,2,2,2026-07-04T19:40:55+00:00,2.0,2026-07-04T19:40:56+00:00,0.0,0.0,OK
Lethbridge,Lethbridge,2026-07-04 13:00,2.0,2.0,2,2,2026-07-04T19:40:55+00:00,2.0,2026-07-04T19:40:56+00:00,0.0,0.0,OK
Medicine Hat,Medicine Hat,2026-07-04 13:00,2.0,3.0,3,3,2026-07-04T19:40:55+00:00,2.0,2026-07-04T19:40:56+00:00,0.0,0.0,OK
Airdrie,Airdrie,2026-07-04 13:00,2.0,3.0,3,3,2026-07-04T19:40:55+00:00,2.0,2026-07-04T19:40:56+00:00,0.0,0.0,OK
Cold Lake,Cold Lake,2026-07-04 13:00,1.0,2.0,2,2,2026-07-04T19:40:55+00:00,1.0,2026-07-04T19:40:56+00:00,0.0,0.0,OK
Drayton Valley,Drayton Valley,2026-07-04 13:00,2.0,2.0,2,2,2026-07-04T19:40:55+00:00,2.0,2026-07-04T19:40:56+00:00,0.0,0.0,OK
St. Albert,St. Albert,2026-07-04 13:00,2.0,2.0,2,2,2026-07-04T19:40:55+00:00,2.0,2026-07-04T19:40:56+00:00,0.0,0.0,OK
Strathcona County,Sherwood Park,2026-07-04 13:00,2.0,2.0,2,2,2026-07-04T19:40:55+00:00,,,,,OK
Edmonton,Edmonton,2026-07-04 14:00,2.0,2.0,2,2,2026-07-04T21:14:53+00:00,2.0,2026-07-04T21:14:54+00:00,0.0,0.0,OK
Calgary,Calgary,2026-07-04 14:00,3.0,3.0,3,3,2026-07-04T21:14:53+00:00,3.0,2026-07-04T21:14:54+00:00,0.0,0.0,OK
Red Deer,Red Deer,2026-07-04 14:00,2.0,2.0,2,2,2026-07-04T21:14:53+00:00,2.0,2026-07-04T21:14:54+00:00,0.0,0.0,OK
Fort McMurray,Fort McMurray,2026-07-04 14:00,2.0,2.0,2,2,2026-07-04T21:14:53+00:00,2.0,2026-07-04T21:14:54+00:00,0.0,0.0,OK
Grande Prairie,Grande Prairie,2026-07-04 14:00,2.0,2.0,2,2,2026-07-04T21:14:53+00:00,2.0,2026-07-04T21:14:54+00:00,0.0,0.0,OK
Lethbridge,Lethbridge,2026-07-04 14:00,2.0,2.0,2,2,2026-07-04T21:14:53+00:00,2.0,2026-07-04T21:14:54+00:00,0.0,0.0,OK
Medicine Hat,Medicine Hat,2026-07-04 14:00,2.0,3.0,3,3,2026-07-04T21:14:53+00:00,2.0,2026-07-04T21:14:54+00:00,0.0,0.0,OK
Airdrie,Airdrie,2026-07-04 14:00,2.0,3.0,3,3,2026-07-04T21:14:53+00:00,2.0,2026-07-04T21:14:54+00:00,0.0,0.0,OK
Cold Lake,Cold Lake,2026-07-04 14:00,2.0,2.0,2,2,2026-07-04T21:14:53+00:00,2.0,2026-07-04T21:14:54+00:00,0.0,0.0,OK
Drayton Valley,Drayton Valley,2026-07-04 14:00,2.0,2.0,2,2,2026-07-04T21:14:53+00:00,2.0,2026-07-04T21:14:54+00:00,0.0,0.0,OK
St. Albert,St. Albert,2026-07-04 14:00,2.0,2.0,2,2,2026-07-04T21:14:53+00:00,2.0,2026-07-04T21:14:54+00:00,0.0,0.0,OK
Strathcona County,Sherwood Park,2026-07-04 14:00,2.0,2.0,2,2,2026-07-04T21:14:53+00:00,,,,,OK
Edmonton,Edmonton,2026-07-04 15:00,2.0,2.0,2,2,2026-07-04T22:14:50+00:00,2.0,2026-07-04T22:14:50+00:00,0.0,0.0,OK
Calgary,Calgary,2026-07-04 15:00,3.0,3.0,3,3,2026-07-04T22:14:50+00:00,3.0,2026-07-04T22:14:50+00:00,0.0,0.0,OK
Red Deer,Red Deer,2026-07-04 15:00,2.0,2.0,2,2,2026-07-04T22:14:50+00:00,2.0,2026-07-04T22:14:50+00:00,0.0,0.0,OK
Fort McMurray,Fort McMurray,2026-07-04 15:00,2.0,2.0,2,2,2026-07-04T22:14:50+00:00,2.0,2026-07-04T22:14:50+00:00,0.0,0.0,OK
Grande Prairie,Grande Prairie,2026-07-04 15:00,2.0,2.0,2,2,2026-07-04T22:14:50+00:00,2.0,2026-07-04T22:14:50+00:00,0.0,0.0,OK
Lethbridge,Lethbridge,2026-07-04 15:00,2.0,2.0,2,2,2026-07-04T22:14:50+00:00,2.0,2026-07-04T22:14:50+00:00,0.0,0.0,OK
Medicine Hat,Medicine Hat,2026-07-04 15:00,2.0,3.0,3,3,2026-07-04T22:14:50+00:00,2.0,2026-07-04T22:14:50+00:00,0.0,0.0,OK
Airdrie,Airdrie,2026-07-04 15:00,2.0,3.0,3,3,2026-07-04T22:14:50+00:00,2.0,2026-07-04T22:14:50+00:00,0.0,0.0,OK
Cold Lake,Cold Lake,2026-07-04 15:00,2.0,2.0,2,2,2026-07-04T22:14:50+00:00,2.0,2026-07-04T22:14:50+00:00,0.0,0.0,OK
Drayton Valley,Drayton Valley,2026-07-04 15:00,2.0,2.0,2,2,2026-07-04T22:14:50+00:00,2.0,2026-07-04T22:14:50+00:00,0.0,0.0,OK
St. Albert,St. Albert,2026-07-04 15:00,2.0,2.0,2,2,2026-07-04T22:14:50+00:00,2.0,2026-07-04T22:14:50+00:00,0.0,0.0,OK
Strathcona County,Sherwood Park,2026-07-04 15:00,2.0,2.0,2,2,2026-07-04T22:14:50+00:00,,,,,OK
Edmonton,Edmonton,2026-07-04 16:00,2.0,,2,2,2026-07-04T23:17:36+00:00,2.0,2026-07-04T23:17:36+00:00,0.0,0.0,OK
Calgary,Calgary,2026-07-04 16:00,3.0,,3,3,2026-07-04T23:17:36+00:00,3.0,2026-07-04T23:17:36+00:00,0.0,0.0,OK
Red Deer,Red Deer,2026-07-04 16:00,3.0,,2,2,2026-07-04T23:17:36+00:00,3.0,2026-07-04T23:17:36+00:00,0.0,0.0,OK
Fort McMurray,Fort McMurray,2026-07-04 16:00,2.0,,3,2,2026-07-04T23:17:36+00:00,2.0,2026-07-04T23:17:36+00:00,0.0,0.0,OK
Grande Prairie,Grande Prairie,2026-07-04 16:00,2.0,,2,2,2026-07-04T23:17:36+00:00,2.0,2026-07-04T23:17:36+00:00,0.0,0.0,OK
Lethbridge,Lethbridge,2026-07-04 16:00,2.0,,2,2,2026-07-04T23:17:36+00:00,2.0,2026-07-04T23:17:36+00:00,0.0,0.0,OK
Medicine Hat,Medicine Hat,2026-07-04 16:00,2.0,,2,2,2026-07-04T23:17:36+00:00,2.0,2026-07-04T23:17:36+00:00,0.0,0.0,OK
Airdrie,Airdrie,2026-07-04 16:00,3.0,,2,2,2026-07-04T23:17:36+00:00,3.0,2026-07-04T23:17:36+00:00,0.0,0.0,OK
Cold Lake,Cold Lake,2026-07-04 16:00,2.0,,2,2,2026-07-04T23:17:36+00:00,2.0,2026-07-04T23:17:36+00:00,0.0,0.0,OK
Drayton Valley,Drayton Valley,2026-07-04 16:00,2.0,,2,2,2026-07-04T23:17:36+00:00,2.0,2026-07-04T23:17:36+00:00,0.0,0.0,OK
St. Albert,St. Albert,2026-07-04 16:00,2.0,,2,2,2026-07-04T23:17:36+00:00,2.0,2026-07-04T23:17:36+00:00,0.0,0.0,OK
Strathcona County,Sherwood Park,2026-07-04 16:00,2.0,,2,2,2026-07-04T23:17:36+00:00,,,,,OK
Edmonton,Edmonton,2026-07-04 21:00,2.0,,2,2,2026-07-05T04:31:34+00:00,2.0,2026-07-05T04:31:34+00:00,0.0,0.0,OK
Calgary,Calgary,2026-07-04 21:00,3.0,,3,3,2026-07-05T04:31:34+00:00,3.0,2026-07-05T04:31:34+00:00,0.0,0.0,OK
Red Deer,Red Deer,2026-07-04 21:00,2.0,,2,2,2026-07-05T04:31:34+00:00,2.0,2026-07-05T04:31:34+00:00,0.0,0.0,OK
Fort McMurray,Fort McMurray,2026-07-04 21:00,2.0,,3,2,2026-07-05T04:31:34+00:00,2.0,2026-07-05T04:31:34+00:00,0.0,0.0,OK
Grande Prairie,Grande Prairie,2026-07-04 21:00,2.0,,2,2,2026-07-05T04:31:34+00:00,2.0,2026-07-05T04:31:34+00:00,0.0,0.0,OK
Lethbridge,Lethbridge,2026-07-04 21:00,2.0,,2,2,2026-07-05T04:31:34+00:00,2.0,2026-07-05T04:31:34+00:00,0.0,0.0,OK
Medicine Hat,Medicine Hat,2026-07-04 21:00,3.0,,2,2,2026-07-05T04:31:34+00:00,3.0,2026-07-05T04:31:34+00:00,0.0,0.0,OK
Airdrie,Airdrie,2026-07-04 21:00,3.0,,2,2,2026-07-05T04:31:34+00:00,3.0,2026-07-05T04:31:34+00:00,0.0,0.0,OK
Cold Lake,Cold Lake,2026-07-04 21:00,2.0,,2,2,2026-07-05T04:31:34+00:00,2.0,2026-07-05T04:31:34+00:00,0.0,0.0,OK
Drayton Valley,Drayton Valley,2026-07-04 21:00,2.0,,2,2,2026-07-05T04:31:34+00:00,2.0,2026-07-05T04:31:34+00:00,0.0,0.0,OK
St. Albert,St. Albert,2026-07-04 21:00,2.0,,2,2,2026-07-05T04:31:34+00:00,2.0,2026-07-05T04:31:34+00:00,0.0,0.0,OK
Strathcona County,Sherwood Park,2026-07-04 21:00,2.0,,2,2,2026-07-05T04:31:34+00:00,,,,,OK
Edmonton,Edmonton,2026-07-05 04:00,2.0,,2,2,2026-07-05T11:14:34+00:00,2.0,2026-07-05T11:14:34+00:00,0.0,0.0,OK
Calgary,Calgary,2026-07-05 04:00,2.0,,3,3,2026-07-05T11:14:34+00:00,2.0,2026-07-05T11:14:34+00:00,0.0,0.0,OK
Red Deer,Red Deer,2026-07-05 04:00,2.0,,2,2,2026-07-05T11:14:34+00:00,2.0,2026-07-05T11:14:34+00:00,0.0,0.0,OK
Fort McMurray,Fort McMurray,2026-07-05 04:00,1.0,,3,2,2026-07-05T11:14:34+00:00,1.0,2026-07-05T11:14:34+00:00,0.0,0.0,OK
Grande Prairie,Grande Prairie,2026-07-05 03:00,2.0,,2,2,2026-07-05T11:14:34+00:00,1.0,2026-07-05T11:14:34+00:00,1.0,1.0,Minor difference
Lethbridge,Lethbridge,2026-07-05 03:00,2.0,,2,2,2026-07-05T11:14:34+00:00,2.0,2026-07-05T11:14:34+00:00,0.0,0.0,OK
Medicine Hat,Medicine Hat,2026-07-05 04:00,2.0,,2,2,2026-07-05T11:14:34+00:00,2.0,2026-07-05T11:14:34+00:00,0.0,0.0,OK
Airdrie,Airdrie,2026-07-05 04:00,2.0,,2,2,2026-07-05T11:14:34+00:00,2.0,2026-07-05T11:14:34+00:00,0.0,0.0,OK
Cold Lake,Cold Lake,2026-07-05 04:00,1.0,,2,2,2026-07-05T11:14:34+00:00,1.0,2026-07-05T11:14:34+00:00,0.0,0.0,OK
Drayton Valley,Drayton Valley,2026-07-05 04:00,2.0,,2,2,2026-07-05T11:14:34+00:00,2.0,2026-07-05T11:14:34+00:00,0.0,0.0,OK
St. Albert,St. Albert,2026-07-05 04:00,2.0,,2,2,2026-07-05T11:14:34+00:00,2.0,2026-07-05T11:14:34+00:00,0.0,0.0,OK
Strathcona County,Sherwood Park,2026-07-05 04:00,2.0,,2,2,2026-07-05T11:14:34+00:00,,,,,OK
Edmonton,Edmonton,2026-07-05 06:00,2.0,2.0,3,2,2026-07-05T12:43:59+00:00,1.0,2026-07-05T12:44:00+00:00,1.0,1.0,Minor difference
Calgary,Calgary,2026-07-05 06:00,2.0,3.0,3,3,2026-07-05T12:43:59+00:00,2.0,2026-07-05T12:44:00+00:00,0.0,0.0,OK
Red Deer,Red Deer,2026-07-05 06:00,1.0,2.0,2,2,2026-07-05T12:43:59+00:00,1.0,2026-07-05T12:44:00+00:00,0.0,0.0,OK
Fort McMurray,Fort McMurray,2026-07-05 06:00,1.0,2.0,3,2,2026-07-05T12:43:59+00:00,1.0,2026-07-05T12:44:00+00:00,0.0,0.0,OK
Grande Prairie,Grande Prairie,2026-07-05 06:00,2.0,2.0,2,2,2026-07-05T12:43:59+00:00,1.0,2026-07-05T12:44:00+00:00,1.0,1.0,Minor difference
Lethbridge,Lethbridge,2026-07-05 03:00,2.0,3.0,3,3,2026-07-05T12:43:59+00:00,1.0,2026-07-05T12:44:00+00:00,1.0,1.0,Minor difference
Medicine Hat,Medicine Hat,2026-07-05 06:00,2.0,3.0,3,3,2026-07-05T12:43:59+00:00,2.0,2026-07-05T12:44:00+00:00,0.0,0.0,OK
Airdrie,Airdrie,2026-07-05 06:00,2.0,3.0,3,3,2026-07-05T12:43:59+00:00,2.0,2026-07-05T12:44:00+00:00,0.0,0.0,OK
Cold Lake,Cold Lake,2026-07-05 06:00,1.0,2.0,2,2,2026-07-05T12:43:59+00:00,1.0,2026-07-05T12:44:00+00:00,0.0,0.0,OK
Drayton Valley,Drayton Valley,2026-07-05 06:00,2.0,2.0,2,2,2026-07-05T12:43:59+00:00,2.0,2026-07-05T12:44:00+00:00,0.0,0.0,OK
St. Albert,St. Albert,2026-07-05 04:00,2.0,2.0,3,2,2026-07-05T12:43:59+00:00,1.0,2026-07-05T12:44:00+00:00,1.0,1.0,Minor difference
Strathcona County,Sherwood Park,2026-07-05 06:00,1.0,2.0,3,2,2026-07-05T12:43:59+00:00,,,,,OK
Edmonton,Edmonton,2026-07-05 08:00,1.0,2.0,3,2,2026-07-05T14:53:51+00:00,1.0,2026-07-05T14:53:52+00:00,0.0,0.0,OK
Calgary,Calgary,2026-07-05 08:00,2.0,3.0,3,3,2026-07-05T14:53:51+00:00,2.0,2026-07-05T14:53:52+00:00,0.0,0.0,OK
Red Deer,Red Deer,2026-07-05 08:00,1.0,2.0,2,2,2026-07-05T14:53:51+00:00,1.0,2026-07-05T14:53:52+00:00,0.0,0.0,OK
Fort McMurray,Fort McMurray,2026-07-05 08:00,1.0,2.0,3,2,2026-07-05T14:53:51+00:00,1.0,2026-07-05T14:53:52+00:00,0.0,0.0,OK
Grande Prairie,Grande Prairie,2026-07-05 08:00,2.0,2.0,2,2,2026-07-05T14:53:51+00:00,1.0,2026-07-05T14:53:52+00:00,1.0,1.0,Minor difference
Lethbridge,Lethbridge,2026-07-05 08:00,2.0,3.0,3,3,2026-07-05T14:53:51+00:00,2.0,2026-07-05T14:53:52+00:00,0.0,0.0,OK
Medicine Hat,Medicine Hat,2026-07-05 08:00,2.0,3.0,3,3,2026-07-05T14:53:51+00:00,2.0,2026-07-05T14:53:52+00:00,0.0,0.0,OK
Airdrie,Airdrie,2026-07-05 08:00,2.0,3.0,3,3,2026-07-05T14:53:51+00:00,2.0,2026-07-05T14:53:52+00:00,0.0,0.0,OK
Cold Lake,Cold Lake,2026-07-05 08:00,1.0,2.0,2,2,2026-07-05T14:53:51+00:00,1.0,2026-07-05T14:53:52+00:00,0.0,0.0,OK
Drayton Valley,Drayton Valley,2026-07-05 08:00,2.0,2.0,2,2,2026-07-05T14:53:51+00:00,2.0,2026-07-05T14:53:52+00:00,0.0,0.0,OK
St. Albert,St. Albert,2026-07-05 04:00,2.0,2.0,3,2,2026-07-05T14:53:51+00:00,1.0,2026-07-05T14:53:52+00:00,1.0,1.0,Minor difference
Strathcona County,Sherwood Park,2026-07-05 08:00,1.0,2.0,3,2,2026-07-05T14:53:51+00:00,,,,,OK
Edmonton,Edmonton,2026-07-05 09:00,1.0,2.0,3,2,2026-07-05T16:19:37+00:00,1.0,2026-07-05T16:19:38+00:00,0.0,0.0,OK
Calgary,Calgary,2026-07-05 09:00,2.0,3.0,3,3,2026-07-05T16:19:37+00:00,2.0,2026-07-05T16:19:38+00:00,0.0,0.0,OK
Red Deer,Red Deer,2026-07-05 09:00,2.0,2.0,2,2,2026-07-05T16:19:37+00:00,2.0,2026-07-05T16:19:38+00:00,0.0,0.0,OK
Fort McMurray,Fort McMurray,2026-07-05 09:00,1.0,2.0,3,2,2026-07-05T16:19:37+00:00,1.0,2026-07-05T16:19:38+00:00,0.0,0.0,OK
Grande Prairie,Grande Prairie,2026-07-05 09:00,1.0,2.0,2,2,2026-07-05T16:19:37+00:00,1.0,2026-07-05T16:19:38+00:00,0.0,0.0,OK
Lethbridge,Lethbridge,2026-07-05 10:00,2.0,3.0,3,3,2026-07-05T16:19:37+00:00,2.0,2026-07-05T16:19:38+00:00,0.0,0.0,OK
Medicine Hat,Medicine Hat,2026-07-05 09:00,2.0,3.0,3,3,2026-07-05T16:19:37+00:00,2.0,2026-07-05T16:19:38+00:00,0.0,0.0,OK
Airdrie,Airdrie,2026-07-05 09:00,2.0,3.0,3,3,2026-07-05T16:19:37+00:00,2.0,2026-07-05T16:19:38+00:00,0.0,0.0,OK
Cold Lake,Cold Lake,2026-07-05 10:00,1.0,2.0,2,2,2026-07-05T16:19:37+00:00,1.0,2026-07-05T16:19:38+00:00,0.0,0.0,OK
Drayton Valley,Drayton Valley,2026-07-05 09:00,2.0,2.0,2,2,2026-07-05T16:19:37+00:00,2.0,2026-07-05T16:19:38+00:00,0.0,0.0,OK
St. Albert,St. Albert,2026-07-05 09:00,1.0,2.0,3,2,2026-07-05T16:19:37+00:00,1.0,2026-07-05T16:19:38+00:00,0.0,0.0,OK
Strathcona County,Sherwood Park,2026-07-05 10:00,1.0,2.0,3,2,2026-07-05T16:19:37+00:00,,,,,OK
Edmonton,Edmonton,2026-07-05 11:00,2.0,2.0,3,2,2026-07-05T18:17:42+00:00,2.0,2026-07-05T18:17:42+00:00,0.0,0.0,OK
Calgary,Calgary,2026-07-05 11:00,3.0,3.0,3,3,2026-07-05T18:17:42+00:00,3.0,2026-07-05T18:17:42+00:00,0.0,0.0,OK
Red Deer,Red Deer,2026-07-05 11:00,2.0,2.0,2,2,2026-07-05T18:17:42+00:00,2.0,2026-07-05T18:17:42+00:00,0.0,0.0,OK
Fort McMurray,Fort McMurray,2026-07-05 11:00,1.0,2.0,3,2,2026-07-05T18:17:42+00:00,1.0,2026-07-05T18:17:42+00:00,0.0,0.0,OK
Grande Prairie,Grande Prairie,2026-07-05 11:00,1.0,2.0,2,2,2026-07-05T18:17:42+00:00,1.0,2026-07-05T18:17:42+00:00,0.0,0.0,OK
Lethbridge,Lethbridge,2026-07-05 11:00,2.0,3.0,3,3,2026-07-05T18:17:42+00:00,2.0,2026-07-05T18:17:42+00:00,0.0,0.0,OK
Medicine Hat,Medicine Hat,2026-07-05 11:00,2.0,3.0,3,3,2026-07-05T18:17:42+00:00,2.0,2026-07-05T18:17:42+00:00,0.0,0.0,OK
Airdrie,Airdrie,2026-07-05 11:00,2.0,3.0,3,3,2026-07-05T18:17:42+00:00,2.0,2026-07-05T18:17:42+00:00,0.0,0.0,OK
Cold Lake,Cold Lake,2026-07-05 11:00,2.0,2.0,2,2,2026-07-05T18:17:42+00:00,2.0,2026-07-05T18:17:42+00:00,0.0,0.0,OK
Drayton Valley,Drayton Valley,2026-07-05 11:00,2.0,2.0,2,2,2026-07-05T18:17:42+00:00,2.0,2026-07-05T18:17:42+00:00,0.0,0.0,OK
St. Albert,St. Albert,2026-07-05 11:00,2.0,2.0,3,2,2026-07-05T18:17:42+00:00,2.0,2026-07-05T18:17:42+00:00,0.0,0.0,OK
Strathcona County,Sherwood Park,2026-07-05 11:00,2.0,2.0,3,2,2026-07-05T18:17:42+00:00,,,,,OK
Edmonton,Edmonton,2026-07-05 13:00,2.0,2.0,3,2,2026-07-05T20:31:45+00:00,2.0,2026-07-05T20:31:46+00:00,0.0,0.0,OK
Calgary,Calgary,2026-07-05 13:00,3.0,3.0,3,3,2026-07-05T20:31:45+00:00,3.0,2026-07-05T20:31:46+00:00,0.0,0.0,OK
Red Deer,Red Deer,2026-07-05 13:00,2.0,2.0,2,2,2026-07-05T20:31:45+00:00,2.0,2026-07-05T20:31:46+00:00,0.0,0.0,OK
Fort McMurray,Fort McMurray,2026-07-05 13:00,2.0,2.0,3,2,2026-07-05T20:31:45+00:00,2.0,2026-07-05T20:31:46+00:00,0.0,0.0,OK
Grande Prairie,Grande Prairie,2026-07-05 13:00,2.0,2.0,2,2,2026-07-05T20:31:45+00:00,2.0,2026-07-05T20:31:46+00:00,0.0,0.0,OK
Lethbridge,Lethbridge,2026-07-05 14:00,2.0,3.0,3,3,2026-07-05T20:31:45+00:00,2.0,2026-07-05T20:31:46+00:00,0.0,0.0,OK
Medicine Hat,Medicine Hat,2026-07-05 13:00,2.0,3.0,3,3,2026-07-05T20:31:45+00:00,3.0,2026-07-05T20:31:46+00:00,-1.0,1.0,Minor difference
Airdrie,Airdrie,2026-07-05 13:00,2.0,3.0,3,3,2026-07-05T20:31:45+00:00,2.0,2026-07-05T20:31:46+00:00,0.0,0.0,OK
Cold Lake,Cold Lake,2026-07-05 14:00,2.0,2.0,2,2,2026-07-05T20:31:45+00:00,2.0,2026-07-05T20:31:46+00:00,0.0,0.0,OK
Drayton Valley,Drayton Valley,2026-07-05 13:00,2.0,2.0,2,2,2026-07-05T20:31:45+00:00,2.0,2026-07-05T20:31:46+00:00,0.0,0.0,OK
St. Albert,St. Albert,2026-07-05 13:00,2.0,2.0,3,2,2026-07-05T20:31:45+00:00,2.0,2026-07-05T20:31:46+00:00,0.0,0.0,OK
Strathcona County,Sherwood Park,2026-07-05 14:00,2.0,2.0,3,2,2026-07-05T20:31:45+00:00,,,,,OK
Edmonton,Edmonton,2026-07-05 15:00,2.0,2.0,3,2,2026-07-05T22:14:35+00:00,2.0,2026-07-05T22:14:35+00:00,0.0,0.0,OK
Calgary,Calgary,2026-07-05 15:00,3.0,3.0,3,3,2026-07-05T22:14:35+00:00,3.0,2026-07-05T22:14:35+00:00,0.0,0.0,OK
Red Deer,Red Deer,2026-07-05 15:00,2.0,2.0,2,2,2026-07-05T22:14:35+00:00,2.0,2026-07-05T22:14:35+00:00,0.0,0.0,OK
Fort McMurray,Fort McMurray,2026-07-05 15:00,2.0,2.0,3,2,2026-07-05T22:14:35+00:00,2.0,2026-07-05T22:14:35+00:00,0.0,0.0,OK
Grande Prairie,Grande Prairie,2026-07-05 15:00,2.0,2.0,2,2,2026-07-05T22:14:35+00:00,2.0,2026-07-05T22:14:35+00:00,0.0,0.0,OK
Lethbridge,Lethbridge,2026-07-05 15:00,2.0,3.0,3,3,2026-07-05T22:14:35+00:00,2.0,2026-07-05T22:14:35+00:00,0.0,0.0,OK
Medicine Hat,Medicine Hat,2026-07-05 15:00,3.0,3.0,3,3,2026-07-05T22:14:35+00:00,3.0,2026-07-05T22:14:35+00:00,0.0,0.0,OK
Airdrie,Airdrie,2026-07-05 15:00,2.0,3.0,3,3,2026-07-05T22:14:35+00:00,2.0,2026-07-05T22:14:35+00:00,0.0,0.0,OK
Cold Lake,Cold Lake,2026-07-05 15:00,2.0,2.0,2,2,2026-07-05T22:14:35+00:00,2.0,2026-07-05T22:14:35+00:00,0.0,0.0,OK
Drayton Valley,Drayton Valley,2026-07-05 15:00,2.0,2.0,2,2,2026-07-05T22:14:35+00:00,2.0,2026-07-05T22:14:35+00:00,0.0,0.0,OK
St. Albert,St. Albert,2026-07-05 15:00,2.0,2.0,3,2,2026-07-05T22:14:35+00:00,2.0,2026-07-05T22:14:35+00:00,0.0,0.0,OK
Strathcona County,Sherwood Park,2026-07-05 15:00,2.0,2.0,3,2,2026-07-05T22:14:35+00:00,,,,,OK
Edmonton,Edmonton,2026-07-05 16:00,2.0,,2,2,2026-07-05T23:31:48+00:00,2.0,2026-07-05T23:31:48+00:00,0.0,0.0,OK
Calgary,Calgary,2026-07-05 16:00,2.0,,3,3,2026-07-05T23:31:48+00:00,2.0,2026-07-05T23:31:48+00:00,0.0,0.0,OK
Red Deer,Red Deer,2026-07-05 16:00,2.0,,2,2,2026-07-05T23:31:48+00:00,2.0,2026-07-05T23:31:48+00:00,0.0,0.0,OK
Fort McMurray,Fort McMurray,2026-07-05 16:00,2.0,,2,2,2026-07-05T23:31:48+00:00,2.0,2026-07-05T23:31:48+00:00,0.0,0.0,OK
Grande Prairie,Grande Prairie,2026-07-05 16:00,2.0,,2,2,2026-07-05T23:31:48+00:00,2.0,2026-07-05T23:31:48+00:00,0.0,0.0,OK
Lethbridge,Lethbridge,2026-07-05 17:00,2.0,,2,2,2026-07-05T23:31:48+00:00,2.0,2026-07-05T23:31:48+00:00,0.0,0.0,OK
Medicine Hat,Medicine Hat,2026-07-05 16:00,3.0,,3,3,2026-07-05T23:31:48+00:00,3.0,2026-07-05T23:31:48+00:00,0.0,0.0,OK
Airdrie,Airdrie,2026-07-05 16:00,2.0,,2,2,2026-07-05T23:31:48+00:00,2.0,2026-07-05T23:31:48+00:00,0.0,0.0,OK
Cold Lake,Cold Lake,2026-07-05 17:00,2.0,,2,2,2026-07-05T23:31:48+00:00,2.0,2026-07-05T23:31:48+00:00,0.0,0.0,OK
Drayton Valley,Drayton Valley,2026-07-05 16:00,2.0,,2,2,2026-07-05T23:31:48+00:00,2.0,2026-07-05T23:31:48+00:00,0.0,0.0,OK
St. Albert,St. Albert,2026-07-05 16:00,2.0,,2,2,2026-07-05T23:31:48+00:00,2.0,2026-07-05T23:31:48+00:00,0.0,0.0,OK
Strathcona County,Sherwood Park,2026-07-05 17:00,2.0,,2,2,2026-07-05T23:31:48+00:00,,,,,OK
Edmonton,Edmonton,2026-07-05 21:00,2.0,,2,2,2026-07-06T04:41:02+00:00,2.0,2026-07-06T04:41:02+00:00,0.0,0.0,OK
Calgary,Calgary,2026-07-05 21:00,3.0,,3,3,2026-07-06T04:41:02+00:00,2.0,2026-07-06T04:41:02+00:00,1.0,1.0,Minor difference
Red Deer,Red Deer,2026-07-05 21:00,2.0,,2,2,2026-07-06T04:41:02+00:00,2.0,2026-07-06T04:41:02+00:00,0.0,0.0,OK
Fort McMurray,Fort McMurray,2026-07-05 21:00,2.0,,4,4,2026-07-06T04:41:02+00:00,1.0,2026-07-06T04:41:02+00:00,1.0,1.0,Minor difference
Grande Prairie,Grande Prairie,2026-07-05 21:00,2.0,,2,2,2026-07-06T04:41:02+00:00,2.0,2026-07-06T04:41:02+00:00,0.0,0.0,OK
Lethbridge,Lethbridge,2026-07-05 22:00,2.0,,2,2,2026-07-06T04:41:02+00:00,2.0,2026-07-06T04:41:02+00:00,0.0,0.0,OK
Medicine Hat,Medicine Hat,2026-07-05 21:00,3.0,,3,3,2026-07-06T04:41:02+00:00,3.0,2026-07-06T04:41:02+00:00,0.0,0.0,OK
Airdrie,Airdrie,2026-07-05 21:00,2.0,,2,2,2026-07-06T04:41:02+00:00,2.0,2026-07-06T04:41:02+00:00,0.0,0.0,OK
Cold Lake,Cold Lake,2026-07-05 22:00,2.0,,2,2,2026-07-06T04:41:02+00:00,2.0,2026-07-06T04:41:02+00:00,0.0,0.0,OK
Drayton Valley,Drayton Valley,2026-07-05 21:00,2.0,,2,2,2026-07-06T04:41:02+00:00,2.0,2026-07-06T04:41:02+00:00,0.0,0.0,OK
St. Albert,St. Albert,2026-07-05 21:00,2.0,,2,2,2026-07-06T04:41:02+00:00,2.0,2026-07-06T04:41:02+00:00,0.0,0.0,OK
Strathcona County,Sherwood Park,2026-07-05 22:00,2.0,,2,2,2026-07-06T04:41:02+00:00,,,,,OK
Edmonton,Edmonton,2026-07-06 02:00,2.0,,2,2,2026-07-06T09:11:45+00:00,2.0,2026-07-06T09:11:46+00:00,0.0,0.0,OK
Calgary,Calgary,2026-07-06 02:00,2.0,,3,3,2026-07-06T09:11:45+00:00,2.0,2026-07-06T09:11:46+00:00,0.0,0.0,OK
Red Deer,Red Deer,2026-07-06 02:00,1.0,,2,2,2026-07-06T09:11:45+00:00,1.0,2026-07-06T09:11:46+00:00,0.0,0.0,OK
Fort McMurray,Fort McMurray,2026-07-06 02:00,3.0,,4,4,2026-07-06T09:11:45+00:00,3.0,2026-07-06T09:11:46+00:00,0.0,0.0,OK
Grande Prairie,Grande Prairie,2026-07-06 02:00,1.0,,2,2,2026-07-06T09:11:45+00:00,1.0,2026-07-06T09:11:46+00:00,0.0,0.0,OK
Lethbridge,Lethbridge,2026-07-06 02:00,2.0,,2,2,2026-07-06T09:11:45+00:00,2.0,2026-07-06T09:11:46+00:00,0.0,0.0,OK
Medicine Hat,Medicine Hat,2026-07-06 02:00,2.0,,3,3,2026-07-06T09:11:45+00:00,2.0,2026-07-06T09:11:46+00:00,0.0,0.0,OK
Airdrie,Airdrie,2026-07-06 02:00,1.0,,2,2,2026-07-06T09:11:45+00:00,1.0,2026-07-06T09:11:46+00:00,0.0,0.0,OK
Cold Lake,Cold Lake,2026-07-06 02:00,1.0,,2,2,2026-07-06T09:11:45+00:00,1.0,2026-07-06T09:11:46+00:00,0.0,0.0,OK
Drayton Valley,Drayton Valley,2026-07-06 02:00,2.0,,2,2,2026-07-06T09:11:45+00:00,2.0,2026-07-06T09:11:46+00:00,0.0,0.0,OK
St. Albert,St. Albert,2026-07-06 02:00,2.0,,2,2,2026-07-06T09:11:45+00:00,2.0,2026-07-06T09:11:46+00:00,0.0,0.0,OK
Strathcona County,Sherwood Park,2026-07-06 02:00,2.0,,2,2,2026-07-06T09:11:45+00:00,,,,,OK
Edmonton,Edmonton,2026-07-06 06:00,2.0,3.0,3,3,2026-07-06T13:00:05+00:00,2.0,2026-07-06T13:00:05+00:00,0.0,0.0,OK
Calgary,Calgary,2026-07-06 06:00,1.0,3.0,3,3,2026-07-06T13:00:05+00:00,1.0,2026-07-06T13:00:05+00:00,0.0,0.0,OK
Red Deer,Red Deer,2026-07-06 06:00,1.0,2.0,3,2,2026-07-06T13:00:05+00:00,1.0,2026-07-06T13:00:05+00:00,0.0,0.0,OK
Fort McMurray,Fort McMurray,2026-07-06 06:00,2.0,5.0,4,5,2026-07-06T13:00:05+00:00,2.0,2026-07-06T13:00:05+00:00,0.0,0.0,OK
Grande Prairie,Grande Prairie,2026-07-06 06:00,1.0,2.0,3,2,2026-07-06T13:00:05+00:00,1.0,2026-07-06T13:00:05+00:00,0.0,0.0,OK
Lethbridge,Lethbridge,2026-07-06 03:00,2.0,3.0,3,3,2026-07-06T13:00:05+00:00,1.0,2026-07-06T13:00:05+00:00,1.0,1.0,Minor difference
Medicine Hat,Medicine Hat,2026-07-06 06:00,2.0,3.0,3,3,2026-07-06T13:00:05+00:00,2.0,2026-07-06T13:00:05+00:00,0.0,0.0,OK
Airdrie,Airdrie,2026-07-06 06:00,1.0,3.0,3,3,2026-07-06T13:00:05+00:00,1.0,2026-07-06T13:00:05+00:00,0.0,0.0,OK
Cold Lake,Cold Lake,2026-07-06 06:00,1.0,2.0,2,2,2026-07-06T13:00:05+00:00,1.0,2026-07-06T13:00:05+00:00,0.0,0.0,OK
Drayton Valley,Drayton Valley,2026-07-06 06:00,1.0,2.0,3,2,2026-07-06T13:00:05+00:00,1.0,2026-07-06T13:00:05+00:00,0.0,0.0,OK
St. Albert,St. Albert,2026-07-06 06:00,1.0,3.0,3,3,2026-07-06T13:00:05+00:00,1.0,2026-07-06T13:00:05+00:00,0.0,0.0,OK
Strathcona County,Sherwood Park,2026-07-06 06:00,1.0,3.0,3,3,2026-07-06T13:00:05+00:00,,,,,OK
Edmonton,Edmonton,2026-07-06 10:00,2.0,3.0,3,3,2026-07-06T16:31:19+00:00,2.0,2026-07-06T16:31:19+00:00,0.0,0.0,OK
Calgary,Calgary,2026-07-06 10:00,2.0,3.0,3,3,2026-07-06T16:31:19+00:00,1.0,2026-07-06T16:31:19+00:00,1.0,1.0,Minor difference
Red Deer,Red Deer,2026-07-06 10:00,1.0,2.0,3,2,2026-07-06T16:31:19+00:00,1.0,2026-07-06T16:31:19+00:00,0.0,0.0,OK
Fort McMurray,Fort McMurray,2026-07-06 10:00,2.0,5.0,4,5,2026-07-06T16:31:19+00:00,2.0,2026-07-06T16:31:19+00:00,0.0,0.0,OK
Grande Prairie,Grande Prairie,2026-07-06 10:00,1.0,2.0,3,2,2026-07-06T16:31:19+00:00,1.0,2026-07-06T16:31:19+00:00,0.0,0.0,OK
Lethbridge,Lethbridge,2026-07-06 10:00,2.0,3.0,3,3,2026-07-06T16:31:19+00:00,2.0,2026-07-06T16:31:19+00:00,0.0,0.0,OK
Medicine Hat,Medicine Hat,2026-07-06 10:00,2.0,3.0,3,3,2026-07-06T16:31:19+00:00,2.0,2026-07-06T16:31:19+00:00,0.0,0.0,OK
Airdrie,Airdrie,2026-07-06 10:00,2.0,3.0,3,3,2026-07-06T16:31:19+00:00,2.0,2026-07-06T16:31:19+00:00,0.0,0.0,OK
Cold Lake,Cold Lake,2026-07-06 10:00,1.0,2.0,2,2,2026-07-06T16:31:19+00:00,1.0,2026-07-06T16:31:19+00:00,0.0,0.0,OK
Drayton Valley,Drayton Valley,2026-07-06 10:00,1.0,2.0,3,2,2026-07-06T16:31:19+00:00,1.0,2026-07-06T16:31:19+00:00,0.0,0.0,OK
St. Albert,St. Albert,2026-07-06 10:00,2.0,3.0,3,3,2026-07-06T16:31:19+00:00,1.0,2026-07-06T16:31:19+00:00,1.0,1.0,Minor difference
Strathcona County,Sherwood Park,2026-07-06 10:00,2.0,3.0,3,3,2026-07-06T16:31:19+00:00,,,,,OK
Edmonton,Edmonton,2026-07-06 12:00,2.0,3.0,3,3,2026-07-06T19:06:27+00:00,2.0,2026-07-06T19:06:27+00:00,0.0,0.0,OK
Calgary,Calgary,2026-07-06 12:00,2.0,3.0,3,3,2026-07-06T19:06:27+00:00,2.0,2026-07-06T19:06:27+00:00,0.0,0.0,OK
Red Deer,Red Deer,2026-07-06 12:00,2.0,2.0,3,2,2026-07-06T19:06:27+00:00,2.0,2026-07-06T19:06:27+00:00,0.0,0.0,OK
Fort McMurray,Fort McMurray,2026-07-06 12:00,2.0,5.0,4,5,2026-07-06T19:06:27+00:00,2.0,2026-07-06T19:06:27+00:00,0.0,0.0,OK
Grande Prairie,Grande Prairie,2026-07-06 10:00,1.0,2.0,3,2,2026-07-06T19:06:27+00:00,1.0,2026-07-06T19:06:27+00:00,0.0,0.0,OK
Lethbridge,Lethbridge,2026-07-06 12:00,2.0,3.0,3,3,2026-07-06T19:06:27+00:00,2.0,2026-07-06T19:06:27+00:00,0.0,0.0,OK
Medicine Hat,Medicine Hat,2026-07-06 12:00,2.0,3.0,3,3,2026-07-06T19:06:27+00:00,2.0,2026-07-06T19:06:27+00:00,0.0,0.0,OK
Airdrie,Airdrie,2026-07-06 10:00,2.0,3.0,3,3,2026-07-06T19:06:27+00:00,1.0,2026-07-06T19:06:27+00:00,1.0,1.0,Minor difference
Cold Lake,Cold Lake,2026-07-06 11:00,2.0,2.0,2,2,2026-07-06T19:06:27+00:00,2.0,2026-07-06T19:06:27+00:00,0.0,0.0,OK
Drayton Valley,Drayton Valley,2026-07-06 12:00,2.0,2.0,3,2,2026-07-06T19:06:27+00:00,2.0,2026-07-06T19:06:27+00:00,0.0,0.0,OK
St. Albert,St. Albert,2026-07-06 12:00,2.0,3.0,3,3,2026-07-06T19:06:27+00:00,2.0,2026-07-06T19:06:27+00:00,0.0,0.0,OK
Strathcona County,Sherwood Park,2026-07-06 12:00,2.0,3.0,3,3,2026-07-06T19:06:27+00:00,,,,,OK
Edmonton,Edmonton,2026-07-06 14:00,2.0,3.0,3,3,2026-07-06T21:02:23+00:00,2.0,2026-07-06T21:02:24+00:00,0.0,0.0,OK
Calgary,Calgary,2026-07-06 14:00,2.0,3.0,3,3,2026-07-06T21:02:23+00:00,2.0,2026-07-06T21:02:24+00:00,0.0,0.0,OK
Red Deer,Red Deer,2026-07-06 14:00,2.0,2.0,3,2,2026-07-06T21:02:23+00:00,2.0,2026-07-06T21:02:24+00:00,0.0,0.0,OK
Fort McMurray,Fort McMurray,2026-07-06 14:00,2.0,5.0,4,5,2026-07-06T21:02:23+00:00,2.0,2026-07-06T21:02:24+00:00,0.0,0.0,OK
Grande Prairie,Grande Prairie,2026-07-06 10:00,1.0,2.0,3,2,2026-07-06T21:02:23+00:00,1.0,2026-07-06T21:02:24+00:00,0.0,0.0,OK
Lethbridge,Lethbridge,2026-07-06 14:00,2.0,3.0,3,3,2026-07-06T21:02:23+00:00,2.0,2026-07-06T21:02:24+00:00,0.0,0.0,OK
Medicine Hat,Medicine Hat,2026-07-06 14:00,2.0,3.0,3,3,2026-07-06T21:02:23+00:00,2.0,2026-07-06T21:02:24+00:00,0.0,0.0,OK
Airdrie,Airdrie,2026-07-06 10:00,2.0,3.0,3,3,2026-07-06T21:02:23+00:00,1.0,2026-07-06T21:02:24+00:00,1.0,1.0,Minor difference
Cold Lake,Cold Lake,2026-07-06 14:00,2.0,2.0,2,2,2026-07-06T21:02:23+00:00,2.0,2026-07-06T21:02:24+00:00,0.0,0.0,OK
Drayton Valley,Drayton Valley,2026-07-06 14:00,2.0,2.0,3,2,2026-07-06T21:02:23+00:00,2.0,2026-07-06T21:02:24+00:00,0.0,0.0,OK
St. Albert,St. Albert,2026-07-06 14:00,3.0,3.0,3,3,2026-07-06T21:02:23+00:00,3.0,2026-07-06T21:02:24+00:00,0.0,0.0,OK
Strathcona County,Sherwood Park,2026-07-06 14:00,2.0,3.0,3,3,2026-07-06T21:02:23+00:00,,,,,OK
Edmonton,Edmonton,2026-07-06 16:00,2.0,3.0,3,3,2026-07-06T22:39:16+00:00,2.0,2026-07-06T22:39:16+00:00,0.0,0.0,OK
Calgary,Calgary,2026-07-06 16:00,2.0,3.0,3,3,2026-07-06T22:39:16+00:00,2.0,2026-07-06T22:39:16+00:00,0.0,0.0,OK
Red Deer,Red Deer,2026-07-06 16:00,2.0,2.0,3,2,2026-07-06T22:39:16+00:00,2.0,2026-07-06T22:39:16+00:00,0.0,0.0,OK
Fort McMurray,Fort McMurray,2026-07-06 16:00,2.0,5.0,4,5,2026-07-06T22:39:16+00:00,2.0,2026-07-06T22:39:16+00:00,0.0,0.0,OK
Grande Prairie,Grande Prairie,2026-07-06 10:00,1.0,2.0,3,2,2026-07-06T22:39:16+00:00,2.0,2026-07-06T22:39:16+00:00,-1.0,1.0,Minor difference
Lethbridge,Lethbridge,2026-07-06 16:00,2.0,3.0,3,3,2026-07-06T22:39:16+00:00,2.0,2026-07-06T22:39:16+00:00,0.0,0.0,OK
Medicine Hat,Medicine Hat,2026-07-06 16:00,2.0,3.0,3,3,2026-07-06T22:39:16+00:00,2.0,2026-07-06T22:39:16+00:00,0.0,0.0,OK
Airdrie,Airdrie,2026-07-06 10:00,2.0,3.0,3,3,2026-07-06T22:39:16+00:00,1.0,2026-07-06T22:39:16+00:00,1.0,1.0,Minor difference
Cold Lake,Cold Lake,2026-07-06 16:00,2.0,2.0,2,2,2026-07-06T22:39:16+00:00,2.0,2026-07-06T22:39:16+00:00,0.0,0.0,OK
Drayton Valley,Drayton Valley,2026-07-06 16:00,2.0,2.0,3,2,2026-07-06T22:39:16+00:00,2.0,2026-07-06T22:39:16+00:00,0.0,0.0,OK
St. Albert,St. Albert,2026-07-06 16:00,3.0,3.0,3,3,2026-07-06T22:39:16+00:00,3.0,2026-07-06T22:39:16+00:00,0.0,0.0,OK
Strathcona County,Sherwood Park,2026-07-06 16:00,2.0,3.0,3,3,2026-07-06T22:39:16+00:00,,,,,OK
Edmonton,Edmonton,2026-07-06 18:00,2.0,,3,3,2026-07-07T01:08:42+00:00,2.0,2026-07-07T01:08:43+00:00,0.0,0.0,OK
Calgary,Calgary,2026-07-06 18:00,3.0,,3,2,2026-07-07T01:08:42+00:00,3.0,2026-07-07T01:08:43+00:00,0.0,0.0,OK
Red Deer,Red Deer,2026-07-06 18:00,3.0,,3,2,2026-07-07T01:08:42+00:00,3.0,2026-07-07T01:08:43+00:00,0.0,0.0,OK
Fort McMurray,Fort McMurray,2026-07-06 18:00,2.0,,3,2,2026-07-07T01:08:42+00:00,2.0,2026-07-07T01:08:43+00:00,0.0,0.0,OK
Grande Prairie,Grande Prairie,,,,3,2,2026-07-07T01:08:42+00:00,2.0,2026-07-07T01:08:43+00:00,,,OK
Lethbridge,Lethbridge,2026-07-06 18:00,2.0,,2,2,2026-07-07T01:08:42+00:00,2.0,2026-07-07T01:08:43+00:00,0.0,0.0,OK
Medicine Hat,Medicine Hat,2026-07-06 18:00,2.0,,2,2,2026-07-07T01:08:42+00:00,2.0,2026-07-07T01:08:43+00:00,0.0,0.0,OK
Airdrie,Airdrie,2026-07-06 18:00,2.0,,3,2,2026-07-07T01:08:42+00:00,2.0,2026-07-07T01:08:43+00:00,0.0,0.0,OK
Cold Lake,Cold Lake,2026-07-06 18:00,2.0,,2,2,2026-07-07T01:08:42+00:00,2.0,2026-07-07T01:08:43+00:00,0.0,0.0,OK
Drayton Valley,Drayton Valley,2026-07-06 18:00,2.0,,3,2,2026-07-07T01:08:42+00:00,2.0,2026-07-07T01:08:43+00:00,0.0,0.0,OK
St. Albert,St. Albert,2026-07-06 18:00,2.0,,3,3,2026-07-07T01:08:42+00:00,2.0,2026-07-07T01:08:43+00:00,0.0,0.0,OK
Strathcona County,Sherwood Park,2026-07-06 18:00,2.0,,3,3,2026-07-07T01:08:42+00:00,,,,,OK
Edmonton,Edmonton,2026-07-06 22:00,2.0,,3,3,2026-07-07T05:08:44+00:00,2.0,2026-07-07T05:08:45+00:00,0.0,0.0,OK
Calgary,Calgary,2026-07-06 22:00,2.0,,3,2,2026-07-07T05:08:44+00:00,2.0,2026-07-07T05:08:45+00:00,0.0,0.0,OK
Red Deer,Red Deer,2026-07-06 22:00,2.0,,3,2,2026-07-07T05:08:44+00:00,2.0,2026-07-07T05:08:45+00:00,0.0,0.0,OK
Fort McMurray,Fort McMurray,2026-07-06 22:00,2.0,,3,2,2026-07-07T05:08:44+00:00,2.0,2026-07-07T05:08:45+00:00,0.0,0.0,OK
Grande Prairie,Grande Prairie,2026-07-06 22:00,2.0,,3,2,2026-07-07T05:08:44+00:00,2.0,2026-07-07T05:08:45+00:00,0.0,0.0,OK
Lethbridge,Lethbridge,2026-07-06 21:00,2.0,,2,2,2026-07-07T05:08:44+00:00,2.0,2026-07-07T05:08:45+00:00,0.0,0.0,OK
Medicine Hat,Medicine Hat,2026-07-06 22:00,2.0,,2,2,2026-07-07T05:08:44+00:00,2.0,2026-07-07T05:08:45+00:00,0.0,0.0,OK
Airdrie,Airdrie,2026-07-06 22:00,3.0,,3,2,2026-07-07T05:08:44+00:00,3.0,2026-07-07T05:08:45+00:00,0.0,0.0,OK
Cold Lake,Cold Lake,2026-07-06 22:00,2.0,,2,2,2026-07-07T05:08:44+00:00,2.0,2026-07-07T05:08:45+00:00,0.0,0.0,OK
Drayton Valley,Drayton Valley,2026-07-06 22:00,2.0,,3,2,2026-07-07T05:08:44+00:00,2.0,2026-07-07T05:08:45+00:00,0.0,0.0,OK
St. Albert,St. Albert,2026-07-06 22:00,2.0,,3,3,2026-07-07T05:08:44+00:00,2.0,2026-07-07T05:08:45+00:00,0.0,0.0,OK
Strathcona County,Sherwood Park,2026-07-06 22:00,2.0,,3,3,2026-07-07T05:08:44+00:00,,,,,OK
Edmonton,Edmonton,2026-07-07 02:00,2.0,,3,3,2026-07-07T08:44:45+00:00,2.0,2026-07-07T08:44:45+00:00,0.0,0.0,OK
Calgary,Calgary,2026-07-07 02:00,2.0,,3,2,2026-07-07T08:44:45+00:00,2.0,2026-07-07T08:44:45+00:00,0.0,0.0,OK
Red Deer,Red Deer,2026-07-07 02:00,2.0,,3,2,2026-07-07T08:44:45+00:00,2.0,2026-07-07T08:44:45+00:00,0.0,0.0,OK
Fort McMurray,Fort McMurray,2026-07-07 02:00,1.0,,3,2,2026-07-07T08:44:45+00:00,1.0,2026-07-07T08:44:45+00:00,0.0,0.0,OK
Grande Prairie,Grande Prairie,2026-07-07 02:00,1.0,,3,2,2026-07-07T08:44:45+00:00,1.0,2026-07-07T08:44:45+00:00,0.0,0.0,OK
Lethbridge,Lethbridge,2026-07-07 02:00,2.0,,2,2,2026-07-07T08:44:45+00:00,2.0,2026-07-07T08:44:45+00:00,0.0,0.0,OK
Medicine Hat,Medicine Hat,2026-07-07 02:00,2.0,,2,2,2026-07-07T08:44:45+00:00,2.0,2026-07-07T08:44:45+00:00,0.0,0.0,OK
Airdrie,Airdrie,2026-07-07 02:00,2.0,,3,2,2026-07-07T08:44:45+00:00,2.0,2026-07-07T08:44:45+00:00,0.0,0.0,OK
Cold Lake,Cold Lake,2026-07-07 02:00,1.0,,2,2,2026-07-07T08:44:45+00:00,1.0,2026-07-07T08:44:45+00:00,0.0,0.0,OK
Drayton Valley,Drayton Valley,2026-07-07 02:00,2.0,,3,2,2026-07-07T08:44:45+00:00,2.0,2026-07-07T08:44:45+00:00,0.0,0.0,OK
St. Albert,St. Albert,2026-07-07 02:00,2.0,,3,3,2026-07-07T08:44:45+00:00,2.0,2026-07-07T08:44:45+00:00,0.0,0.0,OK
Strathcona County,Sherwood Park,2026-07-07 02:00,2.0,,3,3,2026-07-07T08:44:45+00:00,,,,,OK
Edmonton,Edmonton,2026-07-07 08:00,2.0,3.0,3,3,2026-07-07T15:17:13+00:00,2.0,2026-07-07T15:17:14+00:00,0.0,0.0,OK
Calgary,Calgary,2026-07-07 08:00,2.0,3.0,4,3,2026-07-07T15:17:13+00:00,2.0,2026-07-07T15:17:14+00:00,0.0,0.0,OK
Red Deer,Red Deer,2026-07-07 08:00,1.0,3.0,3,3,2026-07-07T15:17:13+00:00,1.0,2026-07-07T15:17:14+00:00,0.0,0.0,OK
Fort McMurray,Fort McMurray,2026-07-07 08:00,1.0,2.0,2,2,2026-07-07T15:17:13+00:00,1.0,2026-07-07T15:17:14+00:00,0.0,0.0,OK
Grande Prairie,Grande Prairie,2026-07-07 08:00,2.0,3.0,2,3,2026-07-07T15:17:13+00:00,2.0,2026-07-07T15:17:14+00:00,0.0,0.0,OK
Lethbridge,Lethbridge,2026-07-07 08:00,2.0,3.0,3,3,2026-07-07T15:17:13+00:00,2.0,2026-07-07T15:17:14+00:00,0.0,0.0,OK
Medicine Hat,Medicine Hat,2026-07-07 08:00,2.0,2.0,3,2,2026-07-07T15:17:13+00:00,2.0,2026-07-07T15:17:14+00:00,0.0,0.0,OK
Airdrie,Airdrie,2026-07-07 08:00,2.0,3.0,4,3,2026-07-07T15:17:13+00:00,2.0,2026-07-07T15:17:14+00:00,0.0,0.0,OK
Cold Lake,Cold Lake,2026-07-07 08:00,1.0,2.0,2,2,2026-07-07T15:17:13+00:00,1.0,2026-07-07T15:17:14+00:00,0.0,0.0,OK
Drayton Valley,Drayton Valley,2026-07-07 08:00,2.0,3.0,2,3,2026-07-07T15:17:13+00:00,2.0,2026-07-07T15:17:14+00:00,0.0,0.0,OK
St. Albert,St. Albert,2026-07-07 08:00,2.0,3.0,3,3,2026-07-07T15:17:13+00:00,2.0,2026-07-07T15:17:14+00:00,0.0,0.0,OK
Strathcona County,Sherwood Park,2026-07-07 08:00,1.0,3.0,3,3,2026-07-07T15:17:13+00:00,,,,,OK
Edmonton,Edmonton,2026-07-07 14:00,2.0,3.0,3,3,2026-07-07T20:58:52+00:00,2.0,2026-07-07T20:58:52+00:00,0.0,0.0,OK
Calgary,Calgary,2026-07-07 14:00,3.0,3.0,4,3,2026-07-07T20:58:52+00:00,3.0,2026-07-07T20:58:52+00:00,0.0,0.0,OK
Red Deer,Red Deer,2026-07-07 14:00,2.0,3.0,3,3,2026-07-07T20:58:52+00:00,2.0,2026-07-07T20:58:52+00:00,0.0,0.0,OK
Fort McMurray,Fort McMurray,2026-07-07 14:00,2.0,2.0,2,2,2026-07-07T20:58:52+00:00,2.0,2026-07-07T20:58:52+00:00,0.0,0.0,OK
Grande Prairie,Grande Prairie,2026-07-07 14:00,2.0,3.0,2,3,2026-07-07T20:58:52+00:00,3.0,2026-07-07T20:58:52+00:00,-1.0,1.0,Minor difference
Lethbridge,Lethbridge,2026-07-07 14:00,3.0,3.0,3,3,2026-07-07T20:58:52+00:00,3.0,2026-07-07T20:58:52+00:00,0.0,0.0,OK
Medicine Hat,Medicine Hat,2026-07-07 14:00,2.0,2.0,3,2,2026-07-07T20:58:52+00:00,2.0,2026-07-07T20:58:52+00:00,0.0,0.0,OK
Airdrie,Airdrie,2026-07-07 10:00,2.0,3.0,4,3,2026-07-07T20:58:52+00:00,1.0,2026-07-07T20:58:52+00:00,1.0,1.0,Minor difference
Cold Lake,Cold Lake,2026-07-07 10:00,1.0,2.0,2,2,2026-07-07T20:58:52+00:00,1.0,2026-07-07T20:58:52+00:00,0.0,0.0,OK
Drayton Valley,Drayton Valley,2026-07-07 14:00,2.0,3.0,2,3,2026-07-07T20:58:52+00:00,2.0,2026-07-07T20:58:52+00:00,0.0,0.0,OK
St. Albert,St. Albert,2026-07-07 14:00,3.0,3.0,3,3,2026-07-07T20:58:52+00:00,3.0,2026-07-07T20:58:52+00:00,0.0,0.0,OK
Strathcona County,Sherwood Park,2026-07-07 14:00,2.0,3.0,3,3,2026-07-07T20:58:52+00:00,,,,,OK
Edmonton,Edmonton,2026-07-07 16:00,3.0,3.0,3,3,2026-07-07T22:32:11+00:00,3.0,2026-07-07T22:32:12+00:00,0.0,0.0,OK
Calgary,Calgary,2026-07-07 16:00,3.0,3.0,4,3,2026-07-07T22:32:11+00:00,3.0,2026-07-07T22:32:12+00:00,0.0,0.0,OK
Red Deer,Red Deer,2026-07-07 16:00,3.0,3.0,3,3,2026-07-07T22:32:11+00:00,3.0,2026-07-07T22:32:12+00:00,0.0,0.0,OK
Fort McMurray,Fort McMurray,2026-07-07 16:00,2.0,2.0,2,2,2026-07-07T22:32:11+00:00,2.0,2026-07-07T22:32:12+00:00,0.0,0.0,OK
Grande Prairie,Grande Prairie,2026-07-07 16:00,3.0,3.0,2,3,2026-07-07T22:32:11+00:00,3.0,2026-07-07T22:32:12+00:00,0.0,0.0,OK
Lethbridge,Lethbridge,2026-07-07 16:00,3.0,3.0,3,3,2026-07-07T22:32:11+00:00,3.0,2026-07-07T22:32:12+00:00,0.0,0.0,OK
Medicine Hat,Medicine Hat,2026-07-07 16:00,2.0,2.0,3,2,2026-07-07T22:32:11+00:00,2.0,2026-07-07T22:32:12+00:00,0.0,0.0,OK
Airdrie,Airdrie,2026-07-07 16:00,3.0,3.0,4,3,2026-07-07T22:32:11+00:00,3.0,2026-07-07T22:32:12+00:00,0.0,0.0,OK
Cold Lake,Cold Lake,2026-07-07 10:00,1.0,2.0,2,2,2026-07-07T22:32:11+00:00,1.0,2026-07-07T22:32:12+00:00,0.0,0.0,OK
Drayton Valley,Drayton Valley,2026-07-07 16:00,2.0,3.0,2,3,2026-07-07T22:32:11+00:00,2.0,2026-07-07T22:32:12+00:00,0.0,0.0,OK
St. Albert,St. Albert,2026-07-07 16:00,3.0,3.0,3,3,2026-07-07T22:32:11+00:00,3.0,2026-07-07T22:32:12+00:00,0.0,0.0,OK
Strathcona County,Sherwood Park,2026-07-07 16:00,2.0,3.0,3,3,2026-07-07T22:32:11+00:00,,,,,OK
Edmonton,Edmonton,2026-07-07 17:00,3.0,,3,3,2026-07-08T00:13:09+00:00,3.0,2026-07-08T00:13:10+00:00,0.0,0.0,OK
Calgary,Calgary,2026-07-07 17:00,3.0,,3,3,2026-07-08T00:13:09+00:00,3.0,2026-07-08T00:13:10+00:00,0.0,0.0,OK
Red Deer,Red Deer,2026-07-07 17:00,3.0,,3,2,2026-07-08T00:13:09+00:00,3.0,2026-07-08T00:13:10+00:00,0.0,0.0,OK
Fort McMurray,Fort McMurray,2026-07-07 17:00,2.0,,2,2,2026-07-08T00:13:09+00:00,2.0,2026-07-08T00:13:10+00:00,0.0,0.0,OK
Grande Prairie,Grande Prairie,2026-07-07 17:00,3.0,,2,2,2026-07-08T00:13:09+00:00,3.0,2026-07-08T00:13:10+00:00,0.0,0.0,OK
Lethbridge,Lethbridge,2026-07-07 17:00,3.0,,3,2,2026-07-08T00:13:09+00:00,3.0,2026-07-08T00:13:10+00:00,0.0,0.0,OK
Medicine Hat,Medicine Hat,2026-07-07 17:00,2.0,,3,2,2026-07-08T00:13:09+00:00,2.0,2026-07-08T00:13:10+00:00,0.0,0.0,OK
Airdrie,Airdrie,2026-07-07 17:00,3.0,,3,3,2026-07-08T00:13:09+00:00,3.0,2026-07-08T00:13:10+00:00,0.0,0.0,OK
Cold Lake,Cold Lake,,,,2,2,2026-07-08T00:13:09+00:00,1.0,2026-07-08T00:13:10+00:00,,,OK
Drayton Valley,Drayton Valley,2026-07-07 17:00,2.0,,2,3,2026-07-08T00:13:09+00:00,2.0,2026-07-08T00:13:10+00:00,0.0,0.0,OK
St. Albert,St. Albert,2026-07-07 17:00,3.0,,3,3,2026-07-08T00:13:09+00:00,3.0,2026-07-08T00:13:10+00:00,0.0,0.0,OK
Strathcona County,Sherwood Park,2026-07-07 17:00,2.0,,3,3,2026-07-08T00:13:09+00:00,,,,,OK
Edmonton,Edmonton,2026-07-07 21:00,2.0,,3,3,2026-07-08T03:49:23+00:00,2.0,2026-07-08T03:49:24+00:00,0.0,0.0,OK
Calgary,Calgary,2026-07-07 21:00,3.0,,3,3,2026-07-08T03:49:23+00:00,3.0,2026-07-08T03:49:24+00:00,0.0,0.0,OK
Red Deer,Red Deer,2026-07-07 21:00,3.0,,3,2,2026-07-08T03:49:23+00:00,3.0,2026-07-08T03:49:24+00:00,0.0,0.0,OK
Fort McMurray,Fort McMurray,2026-07-07 21:00,2.0,,2,2,2026-07-08T03:49:23+00:00,2.0,2026-07-08T03:49:24+00:00,0.0,0.0,OK
Grande Prairie,Grande Prairie,2026-07-07 21:00,3.0,,2,2,2026-07-08T03:49:23+00:00,3.0,2026-07-08T03:49:24+00:00,0.0,0.0,OK
Lethbridge,Lethbridge,2026-07-07 21:00,2.0,,3,2,2026-07-08T03:49:23+00:00,2.0,2026-07-08T03:49:24+00:00,0.0,0.0,OK
Medicine Hat,Medicine Hat,2026-07-07 20:00,2.0,,3,2,2026-07-08T03:49:23+00:00,2.0,2026-07-08T03:49:24+00:00,0.0,0.0,OK
Airdrie,Airdrie,2026-07-07 21:00,3.0,,3,3,2026-07-08T03:49:23+00:00,3.0,2026-07-08T03:49:24+00:00,0.0,0.0,OK
Cold Lake,Cold Lake,2026-07-07 21:00,2.0,,2,2,2026-07-08T03:49:23+00:00,2.0,2026-07-08T03:49:24+00:00,0.0,0.0,OK
Drayton Valley,Drayton Valley,2026-07-07 21:00,2.0,,2,3,2026-07-08T03:49:23+00:00,2.0,2026-07-08T03:49:24+00:00,0.0,0.0,OK
St. Albert,St. Albert,2026-07-07 21:00,3.0,,3,3,2026-07-08T03:49:23+00:00,3.0,2026-07-08T03:49:24+00:00,0.0,0.0,OK
Strathcona County,Sherwood Park,2026-07-07 21:00,2.0,,3,3,2026-07-08T03:49:23+00:00,,,,,OK
Edmonton,Edmonton,2026-07-08 00:00,2.0,,3,3,2026-07-08T06:39:44+00:00,2.0,2026-07-08T06:39:44+00:00,0.0,0.0,OK
Calgary,Calgary,2026-07-07 21:00,3.0,,3,3,2026-07-08T06:39:44+00:00,3.0,2026-07-08T06:39:44+00:00,0.0,0.0,OK
Red Deer,Red Deer,2026-07-07 21:00,3.0,,3,2,2026-07-08T06:39:44+00:00,3.0,2026-07-08T06:39:44+00:00,0.0,0.0,OK
Fort McMurray,Fort McMurray,2026-07-08 00:00,2.0,,2,2,2026-07-08T06:39:44+00:00,2.0,2026-07-08T06:39:44+00:00,0.0,0.0,OK
Grande Prairie,Grande Prairie,2026-07-07 21:00,3.0,,2,2,2026-07-08T06:39:44+00:00,3.0,2026-07-08T06:39:44+00:00,0.0,0.0,OK
Lethbridge,Lethbridge,2026-07-08 00:00,2.0,,3,2,2026-07-08T06:39:44+00:00,2.0,2026-07-08T06:39:44+00:00,0.0,0.0,OK
Medicine Hat,Medicine Hat,2026-07-07 20:00,2.0,,3,2,2026-07-08T06:39:44+00:00,,2026-07-08T06:39:44+00:00,,,OK
Airdrie,Airdrie,2026-07-07 21:00,3.0,,3,3,2026-07-08T06:39:44+00:00,3.0,2026-07-08T06:39:44+00:00,0.0,0.0,OK
Cold Lake,Cold Lake,2026-07-08 00:00,2.0,,2,2,2026-07-08T06:39:44+00:00,2.0,2026-07-08T06:39:44+00:00,0.0,0.0,OK
Drayton Valley,Drayton Valley,2026-07-08 00:00,2.0,,2,3,2026-07-08T06:39:44+00:00,2.0,2026-07-08T06:39:44+00:00,0.0,0.0,OK
St. Albert,St. Albert,2026-07-08 00:00,2.0,,3,3,2026-07-08T06:39:44+00:00,2.0,2026-07-08T06:39:44+00:00,0.0,0.0,OK
Strathcona County,Sherwood Park,2026-07-08 00:00,2.0,,3,3,2026-07-08T06:39:44+00:00,,,,,OK
Edmonton,Edmonton,2026-07-08 03:00,2.0,,3,3,2026-07-08T09:39:07+00:00,2.0,2026-07-08T09:39:07+00:00,0.0,0.0,OK
Calgary,Calgary,2026-07-07 21:00,3.0,,3,3,2026-07-08T09:39:07+00:00,,2026-07-08T09:39:07+00:00,,,OK
Red Deer,Red Deer,2026-07-07 21:00,3.0,,3,2,2026-07-08T09:39:07+00:00,,2026-07-08T09:39:07+00:00,,,OK
Fort McMurray,Fort McMurray,2026-07-08 03:00,1.0,,2,2,2026-07-08T09:39:07+00:00,1.0,2026-07-08T09:39:07+00:00,0.0,0.0,OK
Grande Prairie,Grande Prairie,2026-07-07 21:00,3.0,,2,2,2026-07-08T09:39:07+00:00,,2026-07-08T09:39:07+00:00,,,OK
Lethbridge,Lethbridge,2026-07-08 03:00,2.0,,3,2,2026-07-08T09:39:07+00:00,2.0,2026-07-08T09:39:07+00:00,0.0,0.0,OK
Medicine Hat,Medicine Hat,,,,3,2,2026-07-08T09:39:07+00:00,,2026-07-08T09:39:07+00:00,,,OK
Airdrie,Airdrie,2026-07-07 21:00,3.0,,3,3,2026-07-08T09:39:07+00:00,,2026-07-08T09:39:07+00:00,,,OK
Cold Lake,Cold Lake,2026-07-08 03:00,2.0,,2,2,2026-07-08T09:39:07+00:00,2.0,2026-07-08T09:39:07+00:00,0.0,0.0,OK
Drayton Valley,Drayton Valley,2026-07-08 03:00,2.0,,2,3,2026-07-08T09:39:07+00:00,2.0,2026-07-08T09:39:07+00:00,0.0,0.0,OK
St. Albert,St. Albert,2026-07-08 03:00,2.0,,3,3,2026-07-08T09:39:07+00:00,2.0,2026-07-08T09:39:07+00:00,0.0,0.0,OK
Strathcona County,Sherwood Park,2026-07-08 03:00,2.0,,3,3,2026-07-08T09:39:07+00:00,,,,,OK
Edmonton,Edmonton,2026-07-08 05:00,2.0,,3,3,2026-07-08T11:58:22+00:00,2.0,2026-07-08T11:58:22+00:00,0.0,0.0,OK
Calgary,Calgary,,,,3,3,2026-07-08T11:58:22+00:00,,2026-07-08T11:58:22+00:00,,,OK
Red Deer,Red Deer,,,,3,2,2026-07-08T11:58:22+00:00,,2026-07-08T11:58:22+00:00,,,OK
Fort McMurray,Fort McMurray,2026-07-08 05:00,1.0,,2,2,2026-07-08T11:58:22+00:00,1.0,2026-07-08T11:58:22+00:00,0.0,0.0,OK
Grande Prairie,Grande Prairie,,,,2,2,2026-07-08T11:58:22+00:00,,2026-07-08T11:58:22+00:00,,,OK
Lethbridge,Lethbridge,2026-07-08 03:00,2.0,,3,2,2026-07-08T11:58:22+00:00,1.0,2026-07-08T11:58:22+00:00,1.0,1.0,Minor difference
Medicine Hat,Medicine Hat,,,,3,2,2026-07-08T11:58:22+00:00,,2026-07-08T11:58:22+00:00,,,OK
Airdrie,Airdrie,,,,3,3,2026-07-08T11:58:22+00:00,,2026-07-08T11:58:22+00:00,,,OK
Cold Lake,Cold Lake,2026-07-08 05:00,2.0,,2,2,2026-07-08T11:58:22+00:00,2.0,2026-07-08T11:58:22+00:00,0.0,0.0,OK
Drayton Valley,Drayton Valley,2026-07-08 04:00,2.0,,2,3,2026-07-08T11:58:22+00:00,2.0,2026-07-08T11:58:22+00:00,0.0,0.0,OK
St. Albert,St. Albert,2026-07-08 04:00,2.0,,3,3,2026-07-08T11:58:22+00:00,2.0,2026-07-08T11:58:22+00:00,0.0,0.0,OK
Strathcona County,Sherwood Park,2026-07-08 05:00,2.0,,3,3,2026-07-08T11:58:22+00:00,,,,,OK
Edmonton,Edmonton,2026-07-08 08:00,2.0,3.0,3,3,2026-07-08T14:42:18+00:00,2.0,2026-07-08T14:42:18+00:00,0.0,0.0,OK
Calgary,Calgary,,,4.0,5,4,2026-07-08T14:42:18+00:00,,2026-07-08T14:42:18+00:00,,,OK
Red Deer,Red Deer,,,3.0,4,4,2026-07-08T14:42:18+00:00,,2026-07-08T14:42:18+00:00,,,OK
Fort McMurray,Fort McMurray,2026-07-08 08:00,1.0,3.0,3,3,2026-07-08T14:42:18+00:00,1.0,2026-07-08T14:42:18+00:00,0.0,0.0,OK
Grande Prairie,Grande Prairie,,,3.0,2,3,2026-07-08T14:42:18+00:00,,2026-07-08T14:42:18+00:00,,,OK
Lethbridge,Lethbridge,2026-07-08 08:00,2.0,3.0,3,3,2026-07-08T14:42:18+00:00,2.0,2026-07-08T14:42:18+00:00,0.0,0.0,OK
Medicine Hat,Medicine Hat,,,3.0,3,3,2026-07-08T14:42:18+00:00,,2026-07-08T14:42:18+00:00,,,OK
Airdrie,Airdrie,,,4.0,5,4,2026-07-08T14:42:18+00:00,,2026-07-08T14:42:18+00:00,,,OK
Cold Lake,Cold Lake,2026-07-08 08:00,1.0,3.0,3,3,2026-07-08T14:42:18+00:00,1.0,2026-07-08T14:42:18+00:00,0.0,0.0,OK
Drayton Valley,Drayton Valley,2026-07-08 08:00,2.0,3.0,3,3,2026-07-08T14:42:18+00:00,2.0,2026-07-08T14:42:18+00:00,0.0,0.0,OK
St. Albert,St. Albert,2026-07-08 08:00,2.0,3.0,3,3,2026-07-08T14:42:18+00:00,2.0,2026-07-08T14:42:18+00:00,0.0,0.0,OK
Strathcona County,Sherwood Park,2026-07-08 08:00,2.0,3.0,3,3,2026-07-08T14:42:18+00:00,,,,,OK
Edmonton,Edmonton,2026-07-08 10:00,2.0,3.0,3,3,2026-07-08T16:51:27+00:00,2.0,2026-07-08T16:51:27+00:00,0.0,0.0,OK
Calgary,Calgary,2026-07-08 10:00,2.0,4.0,5,4,2026-07-08T16:51:27+00:00,2.0,2026-07-08T16:51:27+00:00,0.0,0.0,OK
Red Deer,Red Deer,2026-07-08 10:00,1.0,3.0,4,4,2026-07-08T16:51:27+00:00,1.0,2026-07-08T16:51:27+00:00,0.0,0.0,OK
Fort McMurray,Fort McMurray,2026-07-08 10:00,2.0,3.0,3,3,2026-07-08T16:51:27+00:00,2.0,2026-07-08T16:51:27+00:00,0.0,0.0,OK
Grande Prairie,Grande Prairie,2026-07-08 10:00,2.0,3.0,2,3,2026-07-08T16:51:27+00:00,2.0,2026-07-08T16:51:27+00:00,0.0,0.0,OK
Lethbridge,Lethbridge,2026-07-08 10:00,2.0,3.0,3,3,2026-07-08T16:51:27+00:00,2.0,2026-07-08T16:51:27+00:00,0.0,0.0,OK
Medicine Hat,Medicine Hat,2026-07-08 10:00,2.0,3.0,3,3,2026-07-08T16:51:27+00:00,2.0,2026-07-08T16:51:27+00:00,0.0,0.0,OK
Airdrie,Airdrie,2026-07-08 10:00,2.0,4.0,5,4,2026-07-08T16:51:27+00:00,2.0,2026-07-08T16:51:27+00:00,0.0,0.0,OK
Cold Lake,Cold Lake,2026-07-08 09:00,1.0,3.0,3,3,2026-07-08T16:51:27+00:00,2.0,2026-07-08T16:51:27+00:00,-1.0,1.0,Minor difference
Drayton Valley,Drayton Valley,2026-07-08 10:00,2.0,3.0,3,3,2026-07-08T16:51:27+00:00,2.0,2026-07-08T16:51:27+00:00,0.0,0.0,OK
St. Albert,St. Albert,2026-07-08 10:00,2.0,3.0,3,3,2026-07-08T16:51:27+00:00,2.0,2026-07-08T16:51:27+00:00,0.0,0.0,OK
Strathcona County,Sherwood Park,2026-07-08 10:00,2.0,3.0,3,3,2026-07-08T16:51:27+00:00,,,,,OK
Edmonton,Edmonton,2026-07-08 12:00,2.0,3.0,3,3,2026-07-08T18:48:21+00:00,2.0,2026-07-08T18:48:21+00:00,0.0,0.0,OK
Calgary,Calgary,2026-07-08 12:00,3.0,4.0,5,4,2026-07-08T18:48:21+00:00,3.0,2026-07-08T18:48:21+00:00,0.0,0.0,OK
Red Deer,Red Deer,2026-07-08 12:00,2.0,3.0,4,4,2026-07-08T18:48:21+00:00,2.0,2026-07-08T18:48:21+00:00,0.0,0.0,OK
Fort McMurray,Fort McMurray,2026-07-08 12:00,2.0,3.0,3,3,2026-07-08T18:48:21+00:00,2.0,2026-07-08T18:48:21+00:00,0.0,0.0,OK
Grande Prairie,Grande Prairie,2026-07-08 12:00,2.0,3.0,2,3,2026-07-08T18:48:21+00:00,2.0,2026-07-08T18:48:21+00:00,0.0,0.0,OK
Lethbridge,Lethbridge,2026-07-08 12:00,3.0,3.0,3,3,2026-07-08T18:48:21+00:00,3.0,2026-07-08T18:48:21+00:00,0.0,0.0,OK
Medicine Hat,Medicine Hat,2026-07-08 12:00,2.0,3.0,3,3,2026-07-08T18:48:21+00:00,2.0,2026-07-08T18:48:21+00:00,0.0,0.0,OK
Airdrie,Airdrie,2026-07-08 12:00,3.0,4.0,5,4,2026-07-08T18:48:21+00:00,3.0,2026-07-08T18:48:21+00:00,0.0,0.0,OK
Cold Lake,Cold Lake,2026-07-08 09:00,1.0,3.0,3,3,2026-07-08T18:48:21+00:00,1.0,2026-07-08T18:48:21+00:00,0.0,0.0,OK
Drayton Valley,Drayton Valley,2026-07-08 12:00,2.0,3.0,3,3,2026-07-08T18:48:21+00:00,2.0,2026-07-08T18:48:21+00:00,0.0,0.0,OK
St. Albert,St. Albert,2026-07-08 10:00,2.0,3.0,3,3,2026-07-08T18:48:21+00:00,1.0,2026-07-08T18:48:21+00:00,1.0,1.0,Minor difference
Strathcona County,Sherwood Park,2026-07-08 12:00,2.0,3.0,3,3,2026-07-08T18:48:21+00:00,,,,,OK
Edmonton,Edmonton,2026-07-08 14:00,2.0,3.0,3,3,2026-07-08T20:38:34+00:00,2.0,2026-07-08T20:38:34+00:00,0.0,0.0,OK
Calgary,Calgary,2026-07-08 14:00,3.0,4.0,5,4,2026-07-08T20:38:34+00:00,3.0,2026-07-08T20:38:34+00:00,0.0,0.0,OK
Red Deer,Red Deer,2026-07-08 14:00,3.0,3.0,4,4,2026-07-08T20:38:34+00:00,3.0,2026-07-08T20:38:34+00:00,0.0,0.0,OK
Fort McMurray,Fort McMurray,2026-07-08 14:00,2.0,3.0,3,3,2026-07-08T20:38:34+00:00,2.0,2026-07-08T20:38:34+00:00,0.0,0.0,OK
Grande Prairie,Grande Prairie,2026-07-08 14:00,2.0,3.0,2,3,2026-07-08T20:38:34+00:00,2.0,2026-07-08T20:38:34+00:00,0.0,0.0,OK
Lethbridge,Lethbridge,2026-07-08 14:00,3.0,3.0,3,3,2026-07-08T20:38:34+00:00,3.0,2026-07-08T20:38:34+00:00,0.0,0.0,OK
Medicine Hat,Medicine Hat,2026-07-08 14:00,3.0,3.0,3,3,2026-07-08T20:38:34+00:00,3.0,2026-07-08T20:38:34+00:00,0.0,0.0,OK
Airdrie,Airdrie,2026-07-08 14:00,3.0,4.0,5,4,2026-07-08T20:38:34+00:00,3.0,2026-07-08T20:38:34+00:00,0.0,0.0,OK
Cold Lake,Cold Lake,2026-07-08 09:00,1.0,3.0,3,3,2026-07-08T20:38:34+00:00,1.0,2026-07-08T20:38:34+00:00,0.0,0.0,OK
Drayton Valley,Drayton Valley,2026-07-08 14:00,2.0,3.0,3,3,2026-07-08T20:38:34+00:00,2.0,2026-07-08T20:38:34+00:00,0.0,0.0,OK
St. Albert,St. Albert,2026-07-08 10:00,2.0,3.0,3,3,2026-07-08T20:38:34+00:00,1.0,2026-07-08T20:38:34+00:00,1.0,1.0,Minor difference
Strathcona County,Sherwood Park,2026-07-08 14:00,2.0,3.0,3,3,2026-07-08T20:38:34+00:00,,,,,OK
Edmonton,Edmonton,2026-07-08 15:00,2.0,3.0,3,3,2026-07-08T22:17:57+00:00,2.0,2026-07-08T22:17:57+00:00,0.0,0.0,OK
Calgary,Calgary,2026-07-08 15:00,3.0,4.0,5,4,2026-07-08T22:17:57+00:00,3.0,2026-07-08T22:17:57+00:00,0.0,0.0,OK
Red Deer,Red Deer,2026-07-08 15:00,3.0,3.0,4,4,2026-07-08T22:17:57+00:00,3.0,2026-07-08T22:17:57+00:00,0.0,0.0,OK
Fort McMurray,Fort McMurray,2026-07-08 15:00,2.0,3.0,3,3,2026-07-08T22:17:57+00:00,2.0,2026-07-08T22:17:57+00:00,0.0,0.0,OK
Grande Prairie,Grande Prairie,2026-07-08 15:00,1.0,3.0,2,3,2026-07-08T22:17:57+00:00,2.0,2026-07-08T22:17:57+00:00,-1.0,1.0,Minor difference
Lethbridge,Lethbridge,2026-07-08 15:00,3.0,3.0,3,3,2026-07-08T22:17:57+00:00,3.0,2026-07-08T22:17:57+00:00,0.0,0.0,OK
Medicine Hat,Medicine Hat,2026-07-08 15:00,3.0,3.0,3,3,2026-07-08T22:17:57+00:00,3.0,2026-07-08T22:17:57+00:00,0.0,0.0,OK
Airdrie,Airdrie,2026-07-08 15:00,3.0,4.0,5,4,2026-07-08T22:17:57+00:00,3.0,2026-07-08T22:17:57+00:00,0.0,0.0,OK
Cold Lake,Cold Lake,,,3.0,3,3,2026-07-08T22:17:57+00:00,2.0,2026-07-08T22:17:57+00:00,,,OK
Drayton Valley,Drayton Valley,2026-07-08 15:00,2.0,3.0,3,3,2026-07-08T22:17:57+00:00,2.0,2026-07-08T22:17:57+00:00,0.0,0.0,OK
St. Albert,St. Albert,2026-07-08 10:00,2.0,3.0,3,3,2026-07-08T22:17:57+00:00,1.0,2026-07-08T22:17:57+00:00,1.0,1.0,Minor difference
Strathcona County,Sherwood Park,2026-07-08 15:00,2.0,3.0,3,3,2026-07-08T22:17:57+00:00,,,,,OK
Edmonton,Edmonton,2026-07-08 18:00,2.0,,3,3,2026-07-09T01:03:45+00:00,2.0,2026-07-09T01:03:45+00:00,0.0,0.0,OK
Calgary,Calgary,2026-07-08 18:00,3.0,,4,4,2026-07-09T01:03:45+00:00,3.0,2026-07-09T01:03:45+00:00,0.0,0.0,OK
Red Deer,Red Deer,2026-07-08 18:00,3.0,,3,3,2026-07-09T01:03:45+00:00,3.0,2026-07-09T01:03:45+00:00,0.0,0.0,OK
Fort McMurray,Fort McMurray,2026-07-08 18:00,3.0,,2,2,2026-07-09T01:03:45+00:00,2.0,2026-07-09T01:03:45+00:00,1.0,1.0,Minor difference
Grande Prairie,Grande Prairie,2026-07-08 18:00,2.0,,2,2,2026-07-09T01:03:45+00:00,2.0,2026-07-09T01:03:45+00:00,0.0,0.0,OK
Lethbridge,Lethbridge,2026-07-08 18:00,3.0,,3,3,2026-07-09T01:03:45+00:00,3.0,2026-07-09T01:03:45+00:00,0.0,0.0,OK
Medicine Hat,Medicine Hat,2026-07-08 18:00,3.0,,3,3,2026-07-09T01:03:45+00:00,3.0,2026-07-09T01:03:45+00:00,0.0,0.0,OK
Airdrie,Airdrie,2026-07-08 18:00,3.0,,4,4,2026-07-09T01:03:45+00:00,3.0,2026-07-09T01:03:45+00:00,0.0,0.0,OK
Cold Lake,Cold Lake,2026-07-08 18:00,2.0,,3,2,2026-07-09T01:03:45+00:00,2.0,2026-07-09T01:03:45+00:00,0.0,0.0,OK
Drayton Valley,Drayton Valley,2026-07-08 18:00,2.0,,3,3,2026-07-09T01:03:45+00:00,2.0,2026-07-09T01:03:45+00:00,0.0,0.0,OK
St. Albert,St. Albert,,,,3,3,2026-07-09T01:03:45+00:00,1.0,2026-07-09T01:03:45+00:00,,,OK
Strathcona County,Sherwood Park,2026-07-08 18:00,2.0,,3,3,2026-07-09T01:03:45+00:00,,,,,OK
Edmonton,Edmonton,2026-07-08 22:00,2.0,,3,3,2026-07-09T05:07:32+00:00,2.0,2026-07-09T05:07:32+00:00,0.0,0.0,OK
Calgary,Calgary,2026-07-08 22:00,3.0,,4,4,2026-07-09T05:07:32+00:00,3.0,2026-07-09T05:07:32+00:00,0.0,0.0,OK
Red Deer,Red Deer,2026-07-08 22:00,3.0,,3,3,2026-07-09T05:07:32+00:00,3.0,2026-07-09T05:07:32+00:00,0.0,0.0,OK
Fort McMurray,Fort McMurray,2026-07-08 22:00,1.0,,2,2,2026-07-09T05:07:32+00:00,1.0,2026-07-09T05:07:32+00:00,0.0,0.0,OK
Grande Prairie,Grande Prairie,2026-07-08 22:00,2.0,,2,2,2026-07-09T05:07:32+00:00,2.0,2026-07-09T05:07:32+00:00,0.0,0.0,OK
Lethbridge,Lethbridge,2026-07-08 22:00,3.0,,3,3,2026-07-09T05:07:32+00:00,3.0,2026-07-09T05:07:32+00:00,0.0,0.0,OK
Medicine Hat,Medicine Hat,2026-07-08 22:00,3.0,,3,3,2026-07-09T05:07:32+00:00,3.0,2026-07-09T05:07:32+00:00,0.0,0.0,OK
Airdrie,Airdrie,2026-07-08 22:00,3.0,,4,4,2026-07-09T05:07:32+00:00,3.0,2026-07-09T05:07:32+00:00,0.0,0.0,OK
Cold Lake,Cold Lake,2026-07-08 21:00,2.0,,3,2,2026-07-09T05:07:32+00:00,2.0,2026-07-09T05:07:32+00:00,0.0,0.0,OK
Drayton Valley,Drayton Valley,2026-07-08 22:00,2.0,,3,3,2026-07-09T05:07:32+00:00,2.0,2026-07-09T05:07:32+00:00,0.0,0.0,OK
St. Albert,St. Albert,,,,3,3,2026-07-09T05:07:32+00:00,1.0,2026-07-09T05:07:32+00:00,,,OK
Strathcona County,Sherwood Park,2026-07-08 22:00,2.0,,3,3,2026-07-09T05:07:32+00:00,,,,,OK
Edmonton,Edmonton,2026-07-09 02:00,2.0,,3,3,2026-07-09T08:46:46+00:00,2.0,2026-07-09T08:46:46+00:00,0.0,0.0,OK
Calgary,Calgary,2026-07-09 02:00,3.0,,4,4,2026-07-09T08:46:46+00:00,3.0,2026-07-09T08:46:46+00:00,0.0,0.0,OK
Red Deer,Red Deer,2026-07-09 02:00,2.0,,3,3,2026-07-09T08:46:46+00:00,2.0,2026-07-09T08:46:46+00:00,0.0,0.0,OK
Fort McMurray,Fort McMurray,2026-07-09 02:00,1.0,,2,2,2026-07-09T08:46:46+00:00,1.0,2026-07-09T08:46:46+00:00,0.0,0.0,OK
Grande Prairie,Grande Prairie,2026-07-09 02:00,2.0,,2,2,2026-07-09T08:46:46+00:00,1.0,2026-07-09T08:46:46+00:00,1.0,1.0,Minor difference
Lethbridge,Lethbridge,2026-07-09 02:00,2.0,,3,3,2026-07-09T08:46:46+00:00,2.0,2026-07-09T08:46:46+00:00,0.0,0.0,OK
Medicine Hat,Medicine Hat,2026-07-09 02:00,3.0,,3,3,2026-07-09T08:46:46+00:00,3.0,2026-07-09T08:46:46+00:00,0.0,0.0,OK
Airdrie,Airdrie,2026-07-09 02:00,2.0,,4,4,2026-07-09T08:46:46+00:00,2.0,2026-07-09T08:46:46+00:00,0.0,0.0,OK
Cold Lake,Cold Lake,2026-07-09 02:00,1.0,,3,2,2026-07-09T08:46:46+00:00,1.0,2026-07-09T08:46:46+00:00,0.0,0.0,OK
Drayton Valley,Drayton Valley,2026-07-09 02:00,2.0,,3,3,2026-07-09T08:46:46+00:00,2.0,2026-07-09T08:46:46+00:00,0.0,0.0,OK
St. Albert,St. Albert,,,,3,3,2026-07-09T08:46:46+00:00,1.0,2026-07-09T08:46:46+00:00,,,OK
Strathcona County,Sherwood Park,2026-07-09 02:00,1.0,,3,3,2026-07-09T08:46:46+00:00,,,,,OK
Edmonton,Edmonton,2026-07-09 05:00,2.0,3.0,4,3,2026-07-09T12:16:31+00:00,2.0,2026-07-09T12:16:31+00:00,0.0,0.0,OK
Calgary,Calgary,2026-07-09 04:00,3.0,4.0,4,4,2026-07-09T12:16:31+00:00,3.0,2026-07-09T12:16:31+00:00,0.0,0.0,OK
Red Deer,Red Deer,2026-07-09 05:00,2.0,3.0,3,3,2026-07-09T12:16:31+00:00,2.0,2026-07-09T12:16:31+00:00,0.0,0.0,OK
Fort McMurray,Fort McMurray,2026-07-09 04:00,1.0,3.0,3,3,2026-07-09T12:16:31+00:00,1.0,2026-07-09T12:16:31+00:00,0.0,0.0,OK
Grande Prairie,Grande Prairie,2026-07-09 05:00,1.0,2.0,2,2,2026-07-09T12:16:31+00:00,1.0,2026-07-09T12:16:31+00:00,0.0,0.0,OK
Lethbridge,Lethbridge,2026-07-09 03:00,2.0,3.0,3,3,2026-07-09T12:16:31+00:00,1.0,2026-07-09T12:16:31+00:00,1.0,1.0,Minor difference
Medicine Hat,Medicine Hat,2026-07-09 04:00,2.0,3.0,3,3,2026-07-09T12:16:31+00:00,2.0,2026-07-09T12:16:31+00:00,0.0,0.0,OK
Airdrie,Airdrie,2026-07-09 04:00,2.0,4.0,4,4,2026-07-09T12:16:31+00:00,2.0,2026-07-09T12:16:31+00:00,0.0,0.0,OK
Cold Lake,Cold Lake,2026-07-09 05:00,1.0,2.0,2,2,2026-07-09T12:16:31+00:00,1.0,2026-07-09T12:16:31+00:00,0.0,0.0,OK
Drayton Valley,Drayton Valley,2026-07-09 04:00,2.0,3.0,3,3,2026-07-09T12:16:31+00:00,2.0,2026-07-09T12:16:31+00:00,0.0,0.0,OK
St. Albert,St. Albert,,,3.0,4,3,2026-07-09T12:16:31+00:00,1.0,2026-07-09T12:16:31+00:00,,,OK
Strathcona County,Sherwood Park,2026-07-09 05:00,1.0,3.0,4,3,2026-07-09T12:16:31+00:00,,,,,OK
Edmonton,Edmonton,2026-07-09 09:00,2.0,3.0,4,3,2026-07-09T16:10:12+00:00,2.0,2026-07-09T16:10:12+00:00,0.0,0.0,OK
Calgary,Calgary,2026-07-09 09:00,3.0,4.0,4,4,2026-07-09T16:10:12+00:00,3.0,2026-07-09T16:10:12+00:00,0.0,0.0,OK
Red Deer,Red Deer,2026-07-09 09:00,2.0,3.0,3,3,2026-07-09T16:10:12+00:00,2.0,2026-07-09T16:10:12+00:00,0.0,0.0,OK
Fort McMurray,Fort McMurray,2026-07-09 09:00,1.0,3.0,3,3,2026-07-09T16:10:12+00:00,1.0,2026-07-09T16:10:12+00:00,0.0,0.0,OK
Grande Prairie,Grande Prairie,2026-07-09 09:00,1.0,2.0,2,2,2026-07-09T16:10:12+00:00,1.0,2026-07-09T16:10:12+00:00,0.0,0.0,OK
Lethbridge,Lethbridge,2026-07-09 09:00,2.0,3.0,3,3,2026-07-09T16:10:12+00:00,2.0,2026-07-09T16:10:12+00:00,0.0,0.0,OK
Medicine Hat,Medicine Hat,2026-07-09 09:00,2.0,3.0,3,3,2026-07-09T16:10:12+00:00,2.0,2026-07-09T16:10:12+00:00,0.0,0.0,OK
Airdrie,Airdrie,2026-07-09 09:00,3.0,4.0,4,4,2026-07-09T16:10:12+00:00,3.0,2026-07-09T16:10:12+00:00,0.0,0.0,OK
Cold Lake,Cold Lake,2026-07-09 09:00,1.0,2.0,2,2,2026-07-09T16:10:12+00:00,1.0,2026-07-09T16:10:12+00:00,0.0,0.0,OK
Drayton Valley,Drayton Valley,2026-07-09 09:00,1.0,3.0,3,3,2026-07-09T16:10:12+00:00,1.0,2026-07-09T16:10:12+00:00,0.0,0.0,OK
St. Albert,St. Albert,2026-07-09 09:00,1.0,3.0,4,3,2026-07-09T16:10:12+00:00,1.0,2026-07-09T16:10:12+00:00,0.0,0.0,OK
Strathcona County,Sherwood Park,2026-07-09 09:00,1.0,3.0,4,3,2026-07-09T16:10:12+00:00,,,,,OK
Edmonton,Edmonton,2026-07-09 11:00,2.0,3.0,4,3,2026-07-09T18:11:55+00:00,2.0,2026-07-09T18:11:55+00:00,0.0,0.0,OK
Calgary,Calgary,2026-07-09 11:00,3.0,4.0,4,4,2026-07-09T18:11:55+00:00,3.0,2026-07-09T18:11:55+00:00,0.0,0.0,OK
Red Deer,Red Deer,2026-07-09 11:00,2.0,3.0,3,3,2026-07-09T18:11:55+00:00,2.0,2026-07-09T18:11:55+00:00,0.0,0.0,OK
Fort McMurray,Fort McMurray,2026-07-09 11:00,1.0,3.0,3,3,2026-07-09T18:11:55+00:00,1.0,2026-07-09T18:11:55+00:00,0.0,0.0,OK
Grande Prairie,Grande Prairie,2026-07-09 11:00,1.0,2.0,2,2,2026-07-09T18:11:55+00:00,1.0,2026-07-09T18:11:55+00:00,0.0,0.0,OK
Lethbridge,Lethbridge,2026-07-09 11:00,2.0,3.0,3,3,2026-07-09T18:11:55+00:00,2.0,2026-07-09T18:11:55+00:00,0.0,0.0,OK
Medicine Hat,Medicine Hat,2026-07-09 11:00,2.0,3.0,3,3,2026-07-09T18:11:55+00:00,2.0,2026-07-09T18:11:55+00:00,0.0,0.0,OK
Airdrie,Airdrie,2026-07-09 11:00,3.0,4.0,4,4,2026-07-09T18:11:55+00:00,3.0,2026-07-09T18:11:55+00:00,0.0,0.0,OK
Cold Lake,Cold Lake,2026-07-09 11:00,1.0,2.0,2,2,2026-07-09T18:11:55+00:00,1.0,2026-07-09T18:11:55+00:00,0.0,0.0,OK
Drayton Valley,Drayton Valley,2026-07-09 11:00,1.0,3.0,3,3,2026-07-09T18:11:55+00:00,1.0,2026-07-09T18:11:55+00:00,0.0,0.0,OK
St. Albert,St. Albert,2026-07-09 11:00,1.0,3.0,4,3,2026-07-09T18:11:55+00:00,1.0,2026-07-09T18:11:55+00:00,0.0,0.0,OK
Strathcona County,Sherwood Park,2026-07-09 11:00,1.0,3.0,4,3,2026-07-09T18:11:55+00:00,,,,,OK
Edmonton,Edmonton,2026-07-09 13:00,2.0,3.0,4,3,2026-07-09T20:07:14+00:00,2.0,2026-07-09T20:07:14+00:00,0.0,0.0,OK
Calgary,Calgary,2026-07-09 13:00,3.0,4.0,4,4,2026-07-09T20:07:14+00:00,3.0,2026-07-09T20:07:14+00:00,0.0,0.0,OK
Red Deer,Red Deer,2026-07-09 13:00,3.0,3.0,3,3,2026-07-09T20:07:14+00:00,3.0,2026-07-09T20:07:14+00:00,0.0,0.0,OK
Fort McMurray,Fort McMurray,2026-07-09 13:00,1.0,3.0,3,3,2026-07-09T20:07:14+00:00,1.0,2026-07-09T20:07:14+00:00,0.0,0.0,OK
Grande Prairie,Grande Prairie,2026-07-09 13:00,1.0,2.0,2,2,2026-07-09T20:07:14+00:00,1.0,2026-07-09T20:07:14+00:00,0.0,0.0,OK
Lethbridge,Lethbridge,2026-07-09 13:00,2.0,3.0,3,3,2026-07-09T20:07:14+00:00,2.0,2026-07-09T20:07:14+00:00,0.0,0.0,OK
Medicine Hat,Medicine Hat,2026-07-09 13:00,3.0,3.0,3,3,2026-07-09T20:07:14+00:00,3.0,2026-07-09T20:07:14+00:00,0.0,0.0,OK
Airdrie,Airdrie,2026-07-09 13:00,3.0,4.0,4,4,2026-07-09T20:07:14+00:00,3.0,2026-07-09T20:07:14+00:00,0.0,0.0,OK
Cold Lake,Cold Lake,2026-07-09 13:00,1.0,2.0,2,2,2026-07-09T20:07:14+00:00,1.0,2026-07-09T20:07:14+00:00,0.0,0.0,OK
Drayton Valley,Drayton Valley,2026-07-09 13:00,1.0,3.0,3,3,2026-07-09T20:07:14+00:00,1.0,2026-07-09T20:07:14+00:00,0.0,0.0,OK
St. Albert,St. Albert,2026-07-09 13:00,1.0,3.0,4,3,2026-07-09T20:07:14+00:00,1.0,2026-07-09T20:07:14+00:00,0.0,0.0,OK
Strathcona County,Sherwood Park,2026-07-09 13:00,1.0,3.0,4,3,2026-07-09T20:07:14+00:00,,,,,OK
Edmonton,Edmonton,2026-07-09 15:00,2.0,3.0,4,3,2026-07-09T21:47:23+00:00,2.0,2026-07-09T21:47:23+00:00,0.0,0.0,OK
Calgary,Calgary,2026-07-09 15:00,4.0,4.0,4,4,2026-07-09T21:47:23+00:00,4.0,2026-07-09T21:47:23+00:00,0.0,0.0,OK
Red Deer,Red Deer,2026-07-09 15:00,4.0,3.0,3,3,2026-07-09T21:47:23+00:00,4.0,2026-07-09T21:47:23+00:00,0.0,0.0,OK
Fort McMurray,Fort McMurray,2026-07-09 15:00,1.0,3.0,3,3,2026-07-09T21:47:23+00:00,2.0,2026-07-09T21:47:23+00:00,-1.0,1.0,Minor difference
Grande Prairie,Grande Prairie,2026-07-09 15:00,2.0,2.0,2,2,2026-07-09T21:47:23+00:00,2.0,2026-07-09T21:47:23+00:00,0.0,0.0,OK
Lethbridge,Lethbridge,2026-07-09 15:00,2.0,3.0,3,3,2026-07-09T21:47:23+00:00,2.0,2026-07-09T21:47:23+00:00,0.0,0.0,OK
Medicine Hat,Medicine Hat,2026-07-09 15:00,3.0,3.0,3,3,2026-07-09T21:47:23+00:00,3.0,2026-07-09T21:47:23+00:00,0.0,0.0,OK
Airdrie,Airdrie,2026-07-09 15:00,4.0,4.0,4,4,2026-07-09T21:47:23+00:00,4.0,2026-07-09T21:47:23+00:00,0.0,0.0,OK
Cold Lake,Cold Lake,2026-07-09 15:00,2.0,2.0,2,2,2026-07-09T21:47:23+00:00,2.0,2026-07-09T21:47:23+00:00,0.0,0.0,OK
Drayton Valley,Drayton Valley,2026-07-09 15:00,2.0,3.0,3,3,2026-07-09T21:47:23+00:00,2.0,2026-07-09T21:47:23+00:00,0.0,0.0,OK
St. Albert,St. Albert,2026-07-09 15:00,2.0,3.0,4,3,2026-07-09T21:47:23+00:00,2.0,2026-07-09T21:47:23+00:00,0.0,0.0,OK
Strathcona County,Sherwood Park,2026-07-09 15:00,2.0,3.0,4,3,2026-07-09T21:47:23+00:00,,,,,OK
Edmonton,Edmonton,2026-07-09 17:00,2.0,,3,3,2026-07-09T23:38:16+00:00,2.0,2026-07-09T23:38:16+00:00,0.0,0.0,OK
Calgary,Calgary,2026-07-09 17:00,3.0,,4,4,2026-07-09T23:38:16+00:00,3.0,2026-07-09T23:38:16+00:00,0.0,0.0,OK
Red Deer,Red Deer,2026-07-09 17:00,4.0,,3,4,2026-07-09T23:38:16+00:00,4.0,2026-07-09T23:38:16+00:00,0.0,0.0,OK
Fort McMurray,Fort McMurray,2026-07-09 17:00,1.0,,3,2,2026-07-09T23:38:16+00:00,2.0,2026-07-09T23:38:16+00:00,-1.0,1.0,Minor difference
Grande Prairie,Grande Prairie,2026-07-09 17:00,2.0,,2,2,2026-07-09T23:38:16+00:00,2.0,2026-07-09T23:38:16+00:00,0.0,0.0,OK
Lethbridge,Lethbridge,2026-07-09 17:00,2.0,,3,3,2026-07-09T23:38:16+00:00,2.0,2026-07-09T23:38:16+00:00,0.0,0.0,OK
Medicine Hat,Medicine Hat,2026-07-09 17:00,3.0,,3,3,2026-07-09T23:38:16+00:00,3.0,2026-07-09T23:38:16+00:00,0.0,0.0,OK
Airdrie,Airdrie,2026-07-09 17:00,4.0,,4,4,2026-07-09T23:38:16+00:00,4.0,2026-07-09T23:38:16+00:00,0.0,0.0,OK
Cold Lake,Cold Lake,2026-07-09 17:00,2.0,,2,2,2026-07-09T23:38:16+00:00,2.0,2026-07-09T23:38:16+00:00,0.0,0.0,OK
Drayton Valley,Drayton Valley,2026-07-09 17:00,2.0,,3,2,2026-07-09T23:38:16+00:00,2.0,2026-07-09T23:38:16+00:00,0.0,0.0,OK
St. Albert,St. Albert,2026-07-09 17:00,2.0,,3,3,2026-07-09T23:38:16+00:00,2.0,2026-07-09T23:38:16+00:00,0.0,0.0,OK
Strathcona County,Sherwood Park,2026-07-09 17:00,2.0,,3,3,2026-07-09T23:38:16+00:00,,,,,OK
Edmonton,Edmonton,2026-07-09 21:00,3.0,,3,3,2026-07-10T04:16:44+00:00,3.0,2026-07-10T04:16:44+00:00,0.0,0.0,OK
Calgary,Calgary,2026-07-09 21:00,3.0,,4,4,2026-07-10T04:16:44+00:00,3.0,2026-07-10T04:16:44+00:00,0.0,0.0,OK
Red Deer,Red Deer,2026-07-09 21:00,4.0,,3,4,2026-07-10T04:16:44+00:00,4.0,2026-07-10T04:16:44+00:00,0.0,0.0,OK
Fort McMurray,Fort McMurray,2026-07-09 21:00,1.0,,3,2,2026-07-10T04:16:44+00:00,2.0,2026-07-10T04:16:44+00:00,-1.0,1.0,Minor difference
Grande Prairie,Grande Prairie,2026-07-09 21:00,2.0,,2,2,2026-07-10T04:16:44+00:00,2.0,2026-07-10T04:16:44+00:00,0.0,0.0,OK
Lethbridge,Lethbridge,2026-07-09 21:00,2.0,,3,3,2026-07-10T04:16:44+00:00,2.0,2026-07-10T04:16:44+00:00,0.0,0.0,OK
Medicine Hat,Medicine Hat,2026-07-09 21:00,3.0,,3,3,2026-07-10T04:16:44+00:00,3.0,2026-07-10T04:16:44+00:00,0.0,0.0,OK
Airdrie,Airdrie,2026-07-09 21:00,3.0,,4,4,2026-07-10T04:16:44+00:00,3.0,2026-07-10T04:16:44+00:00,0.0,0.0,OK
Cold Lake,Cold Lake,2026-07-09 20:00,1.0,,2,2,2026-07-10T04:16:44+00:00,1.0,2026-07-10T04:16:44+00:00,0.0,0.0,OK
Drayton Valley,Drayton Valley,2026-07-09 21:00,3.0,,3,2,2026-07-10T04:16:44+00:00,3.0,2026-07-10T04:16:44+00:00,0.0,0.0,OK
St. Albert,St. Albert,2026-07-09 21:00,3.0,,3,3,2026-07-10T04:16:44+00:00,3.0,2026-07-10T04:16:44+00:00,0.0,0.0,OK
Strathcona County,Sherwood Park,2026-07-09 21:00,2.0,,3,3,2026-07-10T04:16:44+00:00,,,,,OK
Edmonton,Edmonton,2026-07-10 02:00,2.0,,3,3,2026-07-10T08:43:08+00:00,2.0,2026-07-10T08:43:08+00:00,0.0,0.0,OK
Calgary,Calgary,2026-07-10 02:00,3.0,,4,4,2026-07-10T08:43:08+00:00,3.0,2026-07-10T08:43:08+00:00,0.0,0.0,OK
Red Deer,Red Deer,2026-07-10 02:00,2.0,,3,4,2026-07-10T08:43:08+00:00,2.0,2026-07-10T08:43:08+00:00,0.0,0.0,OK
Fort McMurray,Fort McMurray,2026-07-10 02:00,1.0,,3,2,2026-07-10T08:43:08+00:00,1.0,2026-07-10T08:43:08+00:00,0.0,0.0,OK
Grande Prairie,Grande Prairie,2026-07-10 02:00,2.0,,2,2,2026-07-10T08:43:08+00:00,2.0,2026-07-10T08:43:08+00:00,0.0,0.0,OK
Lethbridge,Lethbridge,2026-07-10 02:00,2.0,,3,3,2026-07-10T08:43:08+00:00,2.0,2026-07-10T08:43:08+00:00,0.0,0.0,OK
Medicine Hat,Medicine Hat,2026-07-10 02:00,2.0,,3,3,2026-07-10T08:43:08+00:00,2.0,2026-07-10T08:43:08+00:00,0.0,0.0,OK
Airdrie,Airdrie,2026-07-10 02:00,2.0,,4,4,2026-07-10T08:43:08+00:00,2.0,2026-07-10T08:43:08+00:00,0.0,0.0,OK
Cold Lake,Cold Lake,2026-07-10 02:00,1.0,,2,2,2026-07-10T08:43:08+00:00,1.0,2026-07-10T08:43:08+00:00,0.0,0.0,OK
Drayton Valley,Drayton Valley,2026-07-10 02:00,3.0,,3,2,2026-07-10T08:43:08+00:00,3.0,2026-07-10T08:43:08+00:00,0.0,0.0,OK
St. Albert,St. Albert,2026-07-10 02:00,2.0,,3,3,2026-07-10T08:43:08+00:00,2.0,2026-07-10T08:43:08+00:00,0.0,0.0,OK
Strathcona County,Sherwood Park,2026-07-10 02:00,2.0,,3,3,2026-07-10T08:43:08+00:00,,,,,OK
Edmonton,Edmonton,2026-07-10 05:00,2.0,,3,3,2026-07-10T12:09:08+00:00,2.0,2026-07-10T12:09:08+00:00,0.0,0.0,OK
Calgary,Calgary,2026-07-10 04:00,2.0,,4,4,2026-07-10T12:09:08+00:00,2.0,2026-07-10T12:09:08+00:00,0.0,0.0,OK
Red Deer,Red Deer,2026-07-10 05:00,2.0,,3,4,2026-07-10T12:09:08+00:00,2.0,2026-07-10T12:09:08+00:00,0.0,0.0,OK
Fort McMurray,Fort McMurray,2026-07-10 05:00,1.0,,3,2,2026-07-10T12:09:08+00:00,1.0,2026-07-10T12:09:08+00:00,0.0,0.0,OK
Grande Prairie,Grande Prairie,2026-07-10 05:00,2.0,,2,2,2026-07-10T12:09:08+00:00,2.0,2026-07-10T12:09:08+00:00,0.0,0.0,OK
Lethbridge,Lethbridge,2026-07-10 03:00,2.0,,3,3,2026-07-10T12:09:08+00:00,1.0,2026-07-10T12:09:08+00:00,1.0,1.0,Minor difference
Medicine Hat,Medicine Hat,2026-07-10 04:00,2.0,,3,3,2026-07-10T12:09:08+00:00,2.0,2026-07-10T12:09:08+00:00,0.0,0.0,OK
Airdrie,Airdrie,2026-07-10 04:00,2.0,,4,4,2026-07-10T12:09:08+00:00,2.0,2026-07-10T12:09:08+00:00,0.0,0.0,OK
Cold Lake,Cold Lake,2026-07-10 05:00,1.0,,2,2,2026-07-10T12:09:08+00:00,1.0,2026-07-10T12:09:08+00:00,0.0,0.0,OK
Drayton Valley,Drayton Valley,2026-07-10 04:00,2.0,,3,2,2026-07-10T12:09:08+00:00,2.0,2026-07-10T12:09:08+00:00,0.0,0.0,OK
St. Albert,St. Albert,2026-07-10 04:00,2.0,,3,3,2026-07-10T12:09:08+00:00,2.0,2026-07-10T12:09:08+00:00,0.0,0.0,OK
Strathcona County,Sherwood Park,2026-07-10 05:00,2.0,,3,3,2026-07-10T12:09:08+00:00,,,,,OK
Edmonton,Edmonton,2026-07-10 08:00,2.0,3.0,3,3,2026-07-10T15:03:19+00:00,2.0,2026-07-10T15:03:19+00:00,0.0,0.0,OK
Calgary,Calgary,2026-07-10 08:00,2.0,4.0,4,4,2026-07-10T15:03:19+00:00,2.0,2026-07-10T15:03:19+00:00,0.0,0.0,OK
Red Deer,Red Deer,2026-07-10 08:00,2.0,3.0,3,3,2026-07-10T15:03:19+00:00,2.0,2026-07-10T15:03:19+00:00,0.0,0.0,OK
Fort McMurray,Fort McMurray,2026-07-10 08:00,1.0,2.0,2,2,2026-07-10T15:03:19+00:00,1.0,2026-07-10T15:03:19+00:00,0.0,0.0,OK
Grande Prairie,Grande Prairie,2026-07-10 08:00,2.0,3.0,3,3,2026-07-10T15:03:19+00:00,2.0,2026-07-10T15:03:19+00:00,0.0,0.0,OK
Lethbridge,Lethbridge,2026-07-10 08:00,2.0,3.0,3,2,2026-07-10T15:03:19+00:00,2.0,2026-07-10T15:03:19+00:00,0.0,0.0,OK
Medicine Hat,Medicine Hat,2026-07-10 08:00,2.0,3.0,3,3,2026-07-10T15:03:19+00:00,2.0,2026-07-10T15:03:19+00:00,0.0,0.0,OK
Airdrie,Airdrie,2026-07-10 08:00,2.0,4.0,4,4,2026-07-10T15:03:19+00:00,2.0,2026-07-10T15:03:19+00:00,0.0,0.0,OK
Cold Lake,Cold Lake,2026-07-10 08:00,1.0,2.0,2,2,2026-07-10T15:03:19+00:00,1.0,2026-07-10T15:03:19+00:00,0.0,0.0,OK
Drayton Valley,Drayton Valley,2026-07-10 08:00,2.0,3.0,3,3,2026-07-10T15:03:19+00:00,2.0,2026-07-10T15:03:19+00:00,0.0,0.0,OK
St. Albert,St. Albert,2026-07-10 08:00,2.0,3.0,3,3,2026-07-10T15:03:19+00:00,2.0,2026-07-10T15:03:19+00:00,0.0,0.0,OK
Strathcona County,Sherwood Park,2026-07-10 08:00,2.0,3.0,3,3,2026-07-10T15:03:19+00:00,,,,,OK
Edmonton,Edmonton,2026-07-10 10:00,3.0,3.0,3,3,2026-07-10T17:10:09+00:00,3.0,2026-07-10T17:10:09+00:00,0.0,0.0,OK
Calgary,Calgary,2026-07-10 10:00,3.0,4.0,4,4,2026-07-10T17:10:09+00:00,3.0,2026-07-10T17:10:09+00:00,0.0,0.0,OK
Red Deer,Red Deer,2026-07-10 10:00,2.0,3.0,3,3,2026-07-10T17:10:09+00:00,2.0,2026-07-10T17:10:09+00:00,0.0,0.0,OK
Fort McMurray,Fort McMurray,2026-07-10 10:00,1.0,2.0,2,2,2026-07-10T17:10:09+00:00,1.0,2026-07-10T17:10:09+00:00,0.0,0.0,OK
Grande Prairie,Grande Prairie,2026-07-10 10:00,2.0,3.0,3,3,2026-07-10T17:10:09+00:00,2.0,2026-07-10T17:10:09+00:00,0.0,0.0,OK
Lethbridge,Lethbridge,2026-07-10 10:00,2.0,3.0,3,2,2026-07-10T17:10:09+00:00,2.0,2026-07-10T17:10:09+00:00,0.0,0.0,OK
Medicine Hat,Medicine Hat,2026-07-10 10:00,2.0,3.0,3,3,2026-07-10T17:10:09+00:00,2.0,2026-07-10T17:10:09+00:00,0.0,0.0,OK
Airdrie,Airdrie,2026-07-10 10:00,2.0,4.0,4,4,2026-07-10T17:10:09+00:00,2.0,2026-07-10T17:10:09+00:00,0.0,0.0,OK
Cold Lake,Cold Lake,2026-07-10 10:00,1.0,2.0,2,2,2026-07-10T17:10:09+00:00,1.0,2026-07-10T17:10:09+00:00,0.0,0.0,OK
Drayton Valley,Drayton Valley,2026-07-10 10:00,2.0,3.0,3,3,2026-07-10T17:10:09+00:00,2.0,2026-07-10T17:10:09+00:00,0.0,0.0,OK
St. Albert,St. Albert,2026-07-10 10:00,2.0,3.0,3,3,2026-07-10T17:10:09+00:00,2.0,2026-07-10T17:10:09+00:00,0.0,0.0,OK
Strathcona County,Sherwood Park,2026-07-10 10:00,2.0,3.0,3,3,2026-07-10T17:10:09+00:00,,,,,OK
Edmonton,Edmonton,2026-07-10 12:00,3.0,3.0,3,3,2026-07-10T18:46:35+00:00,3.0,2026-07-10T18:46:36+00:00,0.0,0.0,OK
Calgary,Calgary,2026-07-10 12:00,3.0,4.0,4,4,2026-07-10T18:46:35+00:00,3.0,2026-07-10T18:46:36+00:00,0.0,0.0,OK
Red Deer,Red Deer,2026-07-10 12:00,2.0,3.0,3,3,2026-07-10T18:46:35+00:00,2.0,2026-07-10T18:46:36+00:00,0.0,0.0,OK
Fort McMurray,Fort McMurray,2026-07-10 12:00,1.0,2.0,2,2,2026-07-10T18:46:35+00:00,1.0,2026-07-10T18:46:36+00:00,0.0,0.0,OK
Grande Prairie,Grande Prairie,2026-07-10 12:00,2.0,3.0,3,3,2026-07-10T18:46:35+00:00,1.0,2026-07-10T18:46:36+00:00,1.0,1.0,Minor difference
Lethbridge,Lethbridge,2026-07-10 12:00,2.0,3.0,3,2,2026-07-10T18:46:35+00:00,2.0,2026-07-10T18:46:36+00:00,0.0,0.0,OK
Medicine Hat,Medicine Hat,2026-07-10 12:00,2.0,3.0,3,3,2026-07-10T18:46:35+00:00,2.0,2026-07-10T18:46:36+00:00,0.0,0.0,OK
Airdrie,Airdrie,2026-07-10 12:00,2.0,4.0,4,4,2026-07-10T18:46:35+00:00,2.0,2026-07-10T18:46:36+00:00,0.0,0.0,OK
Cold Lake,Cold Lake,2026-07-10 12:00,1.0,2.0,2,2,2026-07-10T18:46:35+00:00,1.0,2026-07-10T18:46:36+00:00,0.0,0.0,OK
Drayton Valley,Drayton Valley,2026-07-10 12:00,2.0,3.0,3,3,2026-07-10T18:46:35+00:00,2.0,2026-07-10T18:46:36+00:00,0.0,0.0,OK
St. Albert,St. Albert,2026-07-10 12:00,2.0,3.0,3,3,2026-07-10T18:46:35+00:00,2.0,2026-07-10T18:46:36+00:00,0.0,0.0,OK
Strathcona County,Sherwood Park,2026-07-10 12:00,2.0,3.0,3,3,2026-07-10T18:46:35+00:00,,,,,OK
Edmonton,Edmonton,2026-07-10 14:00,3.0,3.0,3,3,2026-07-10T20:44:25+00:00,3.0,2026-07-10T20:44:25+00:00,0.0,0.0,OK
Calgary,Calgary,2026-07-10 14:00,2.0,4.0,4,4,2026-07-10T20:44:25+00:00,2.0,2026-07-10T20:44:25+00:00,0.0,0.0,OK
Red Deer,Red Deer,2026-07-10 14:00,3.0,3.0,3,3,2026-07-10T20:44:25+00:00,3.0,2026-07-10T20:44:25+00:00,0.0,0.0,OK
Fort McMurray,Fort McMurray,2026-07-10 14:00,1.0,2.0,2,2,2026-07-10T20:44:25+00:00,1.0,2026-07-10T20:44:25+00:00,0.0,0.0,OK
Grande Prairie,Grande Prairie,2026-07-10 14:00,1.0,3.0,3,3,2026-07-10T20:44:25+00:00,1.0,2026-07-10T20:44:25+00:00,0.0,0.0,OK
Lethbridge,Lethbridge,2026-07-10 14:00,2.0,3.0,3,2,2026-07-10T20:44:25+00:00,2.0,2026-07-10T20:44:25+00:00,0.0,0.0,OK
Medicine Hat,Medicine Hat,2026-07-10 14:00,2.0,3.0,3,3,2026-07-10T20:44:25+00:00,2.0,2026-07-10T20:44:25+00:00,0.0,0.0,OK
Airdrie,Airdrie,2026-07-10 14:00,2.0,4.0,4,4,2026-07-10T20:44:25+00:00,2.0,2026-07-10T20:44:25+00:00,0.0,0.0,OK
Cold Lake,Cold Lake,2026-07-10 14:00,2.0,2.0,2,2,2026-07-10T20:44:25+00:00,2.0,2026-07-10T20:44:25+00:00,0.0,0.0,OK
Drayton Valley,Drayton Valley,2026-07-10 14:00,2.0,3.0,3,3,2026-07-10T20:44:25+00:00,2.0,2026-07-10T20:44:25+00:00,0.0,0.0,OK
St. Albert,St. Albert,2026-07-10 14:00,3.0,3.0,3,3,2026-07-10T20:44:25+00:00,3.0,2026-07-10T20:44:25+00:00,0.0,0.0,OK
Strathcona County,Sherwood Park,2026-07-10 14:00,2.0,3.0,3,3,2026-07-10T20:44:25+00:00,,,,,OK
Edmonton,Edmonton,2026-07-10 15:00,3.0,3.0,3,3,2026-07-10T22:17:56+00:00,3.0,2026-07-10T22:17:56+00:00,0.0,0.0,OK
Calgary,Calgary,2026-07-10 15:00,2.0,4.0,4,4,2026-07-10T22:17:56+00:00,2.0,2026-07-10T22:17:56+00:00,0.0,0.0,OK
Red Deer,Red Deer,2026-07-10 15:00,3.0,3.0,3,3,2026-07-10T22:17:56+00:00,3.0,2026-07-10T22:17:56+00:00,0.0,0.0,OK
Fort McMurray,Fort McMurray,2026-07-10 15:00,2.0,2.0,2,2,2026-07-10T22:17:56+00:00,2.0,2026-07-10T22:17:56+00:00,0.0,0.0,OK
Grande Prairie,Grande Prairie,2026-07-10 15:00,2.0,3.0,3,3,2026-07-10T22:17:56+00:00,2.0,2026-07-10T22:17:56+00:00,0.0,0.0,OK
Lethbridge,Lethbridge,2026-07-10 15:00,2.0,3.0,3,2,2026-07-10T22:17:56+00:00,2.0,2026-07-10T22:17:56+00:00,0.0,0.0,OK
Medicine Hat,Medicine Hat,2026-07-10 15:00,2.0,3.0,3,3,2026-07-10T22:17:56+00:00,2.0,2026-07-10T22:17:56+00:00,0.0,0.0,OK
Airdrie,Airdrie,2026-07-10 15:00,2.0,4.0,4,4,2026-07-10T22:17:56+00:00,2.0,2026-07-10T22:17:56+00:00,0.0,0.0,OK
Cold Lake,Cold Lake,2026-07-10 15:00,2.0,2.0,2,2,2026-07-10T22:17:56+00:00,2.0,2026-07-10T22:17:56+00:00,0.0,0.0,OK
Drayton Valley,Drayton Valley,2026-07-10 15:00,2.0,3.0,3,3,2026-07-10T22:17:56+00:00,2.0,2026-07-10T22:17:56+00:00,0.0,0.0,OK
St. Albert,St. Albert,2026-07-10 15:00,3.0,3.0,3,3,2026-07-10T22:17:56+00:00,3.0,2026-07-10T22:17:56+00:00,0.0,0.0,OK
Strathcona County,Sherwood Park,2026-07-10 15:00,2.0,3.0,3,3,2026-07-10T22:17:56+00:00,,,,,OK
Edmonton,Edmonton,2026-07-10 17:00,3.0,,3,3,2026-07-11T00:11:17+00:00,3.0,2026-07-11T00:11:17+00:00,0.0,0.0,OK
Calgary,Calgary,2026-07-10 17:00,3.0,,3,3,2026-07-11T00:11:17+00:00,3.0,2026-07-11T00:11:17+00:00,0.0,0.0,OK
Red Deer,Red Deer,2026-07-10 17:00,3.0,,3,3,2026-07-11T00:11:17+00:00,3.0,2026-07-11T00:11:17+00:00,0.0,0.0,OK
Fort McMurray,Fort McMurray,2026-07-10 17:00,2.0,,2,2,2026-07-11T00:11:17+00:00,2.0,2026-07-11T00:11:17+00:00,0.0,0.0,OK
Grande Prairie,Grande Prairie,2026-07-10 17:00,2.0,,2,2,2026-07-11T00:11:17+00:00,2.0,2026-07-11T00:11:17+00:00,0.0,0.0,OK
Lethbridge,Lethbridge,2026-07-10 17:00,2.0,,3,2,2026-07-11T00:11:17+00:00,2.0,2026-07-11T00:11:17+00:00,0.0,0.0,OK
Medicine Hat,Medicine Hat,2026-07-10 17:00,2.0,,3,3,2026-07-11T00:11:17+00:00,2.0,2026-07-11T00:11:17+00:00,0.0,0.0,OK
Airdrie,Airdrie,2026-07-10 17:00,3.0,,3,3,2026-07-11T00:11:17+00:00,3.0,2026-07-11T00:11:17+00:00,0.0,0.0,OK
Cold Lake,Cold Lake,2026-07-10 17:00,3.0,,2,2,2026-07-11T00:11:17+00:00,3.0,2026-07-11T00:11:17+00:00,0.0,0.0,OK
Drayton Valley,Drayton Valley,2026-07-10 17:00,3.0,,2,3,2026-07-11T00:11:17+00:00,3.0,2026-07-11T00:11:17+00:00,0.0,0.0,OK
St. Albert,St. Albert,2026-07-10 17:00,4.0,,3,3,2026-07-11T00:11:17+00:00,4.0,2026-07-11T00:11:17+00:00,0.0,0.0,OK
Strathcona County,Sherwood Park,2026-07-10 17:00,3.0,,3,3,2026-07-11T00:11:17+00:00,,,,,OK
Edmonton,Edmonton,2026-07-10 21:00,3.0,,3,3,2026-07-11T03:45:04+00:00,3.0,2026-07-11T03:45:05+00:00,0.0,0.0,OK
Calgary,Calgary,2026-07-10 21:00,2.0,,3,3,2026-07-11T03:45:04+00:00,2.0,2026-07-11T03:45:05+00:00,0.0,0.0,OK
Red Deer,Red Deer,2026-07-10 21:00,3.0,,3,3,2026-07-11T03:45:04+00:00,3.0,2026-07-11T03:45:05+00:00,0.0,0.0,OK
Fort McMurray,Fort McMurray,2026-07-10 21:00,2.0,,2,2,2026-07-11T03:45:04+00:00,2.0,2026-07-11T03:45:05+00:00,0.0,0.0,OK
Grande Prairie,Grande Prairie,2026-07-10 21:00,2.0,,2,2,2026-07-11T03:45:04+00:00,2.0,2026-07-11T03:45:05+00:00,0.0,0.0,OK
Lethbridge,Lethbridge,2026-07-10 21:00,2.0,,3,2,2026-07-11T03:45:04+00:00,2.0,2026-07-11T03:45:05+00:00,0.0,0.0,OK
Medicine Hat,Medicine Hat,2026-07-10 21:00,2.0,,3,3,2026-07-11T03:45:04+00:00,2.0,2026-07-11T03:45:05+00:00,0.0,0.0,OK
Airdrie,Airdrie,2026-07-10 21:00,2.0,,3,3,2026-07-11T03:45:04+00:00,2.0,2026-07-11T03:45:05+00:00,0.0,0.0,OK
Cold Lake,Cold Lake,2026-07-10 21:00,3.0,,2,2,2026-07-11T03:45:04+00:00,3.0,2026-07-11T03:45:05+00:00,0.0,0.0,OK
Drayton Valley,Drayton Valley,2026-07-10 21:00,2.0,,2,3,2026-07-11T03:45:04+00:00,2.0,2026-07-11T03:45:05+00:00,0.0,0.0,OK
St. Albert,St. Albert,2026-07-10 21:00,3.0,,3,3,2026-07-11T03:45:04+00:00,3.0,2026-07-11T03:45:05+00:00,0.0,0.0,OK
Strathcona County,Sherwood Park,2026-07-10 21:00,3.0,,3,3,2026-07-11T03:45:04+00:00,,,,,OK
Edmonton,Edmonton,2026-07-10 23:00,3.0,,3,3,2026-07-11T06:27:35+00:00,3.0,2026-07-11T06:27:36+00:00,0.0,0.0,OK
Calgary,Calgary,2026-07-10 23:00,2.0,,3,3,2026-07-11T06:27:35+00:00,2.0,2026-07-11T06:27:36+00:00,0.0,0.0,OK
Red Deer,Red Deer,2026-07-10 23:00,2.0,,3,3,2026-07-11T06:27:35+00:00,2.0,2026-07-11T06:27:36+00:00,0.0,0.0,OK
Fort McMurray,Fort McMurray,2026-07-10 23:00,2.0,,2,2,2026-07-11T06:27:35+00:00,2.0,2026-07-11T06:27:36+00:00,0.0,0.0,OK
Grande Prairie,Grande Prairie,2026-07-10 23:00,2.0,,2,2,2026-07-11T06:27:35+00:00,2.0,2026-07-11T06:27:36+00:00,0.0,0.0,OK
Lethbridge,Lethbridge,2026-07-11 00:00,2.0,,3,2,2026-07-11T06:27:35+00:00,2.0,2026-07-11T06:27:36+00:00,0.0,0.0,OK
Medicine Hat,Medicine Hat,2026-07-10 23:00,2.0,,3,3,2026-07-11T06:27:35+00:00,2.0,2026-07-11T06:27:36+00:00,0.0,0.0,OK
Airdrie,Airdrie,2026-07-10 23:00,2.0,,3,3,2026-07-11T06:27:35+00:00,2.0,2026-07-11T06:27:36+00:00,0.0,0.0,OK
Cold Lake,Cold Lake,2026-07-11 00:00,2.0,,2,2,2026-07-11T06:27:35+00:00,2.0,2026-07-11T06:27:36+00:00,0.0,0.0,OK
Drayton Valley,Drayton Valley,2026-07-10 23:00,2.0,,2,3,2026-07-11T06:27:35+00:00,2.0,2026-07-11T06:27:36+00:00,0.0,0.0,OK
St. Albert,St. Albert,2026-07-10 23:00,3.0,,3,3,2026-07-11T06:27:35+00:00,2.0,2026-07-11T06:27:36+00:00,1.0,1.0,Minor difference
Strathcona County,Sherwood Park,2026-07-11 00:00,2.0,,3,3,2026-07-11T06:27:35+00:00,,,,,OK
Edmonton,Edmonton,2026-07-11 02:00,3.0,,3,3,2026-07-11T09:00:04+00:00,3.0,2026-07-11T09:00:04+00:00,0.0,0.0,OK
Calgary,Calgary,2026-07-11 02:00,2.0,,3,3,2026-07-11T09:00:04+00:00,2.0,2026-07-11T09:00:04+00:00,0.0,0.0,OK
Red Deer,Red Deer,2026-07-11 02:00,2.0,,3,3,2026-07-11T09:00:04+00:00,2.0,2026-07-11T09:00:04+00:00,0.0,0.0,OK
Fort McMurray,Fort McMurray,2026-07-11 02:00,1.0,,2,2,2026-07-11T09:00:04+00:00,1.0,2026-07-11T09:00:04+00:00,0.0,0.0,OK
Grande Prairie,Grande Prairie,2026-07-11 02:00,2.0,,2,2,2026-07-11T09:00:04+00:00,2.0,2026-07-11T09:00:04+00:00,0.0,0.0,OK
Lethbridge,Lethbridge,2026-07-11 02:00,2.0,,3,2,2026-07-11T09:00:04+00:00,2.0,2026-07-11T09:00:04+00:00,0.0,0.0,OK
Medicine Hat,Medicine Hat,2026-07-11 02:00,1.0,,3,3,2026-07-11T09:00:04+00:00,1.0,2026-07-11T09:00:04+00:00,0.0,0.0,OK
Airdrie,Airdrie,2026-07-11 02:00,1.0,,3,3,2026-07-11T09:00:04+00:00,1.0,2026-07-11T09:00:04+00:00,0.0,0.0,OK
Cold Lake,Cold Lake,2026-07-11 02:00,2.0,,2,2,2026-07-11T09:00:04+00:00,2.0,2026-07-11T09:00:04+00:00,0.0,0.0,OK
Drayton Valley,Drayton Valley,2026-07-11 02:00,2.0,,2,3,2026-07-11T09:00:04+00:00,2.0,2026-07-11T09:00:04+00:00,0.0,0.0,OK
St. Albert,St. Albert,2026-07-11 02:00,2.0,,3,3,2026-07-11T09:00:04+00:00,2.0,2026-07-11T09:00:04+00:00,0.0,0.0,OK
Strathcona County,Sherwood Park,2026-07-11 02:00,2.0,,3,3,2026-07-11T09:00:04+00:00,,,,,OK
Edmonton,Edmonton,2026-07-11 04:00,3.0,,3,3,2026-07-11T10:35:04+00:00,3.0,2026-07-11T10:35:04+00:00,0.0,0.0,OK
Calgary,Calgary,2026-07-11 04:00,2.0,,3,3,2026-07-11T10:35:04+00:00,2.0,2026-07-11T10:35:04+00:00,0.0,0.0,OK
Red Deer,Red Deer,2026-07-11 04:00,2.0,,3,3,2026-07-11T10:35:04+00:00,2.0,2026-07-11T10:35:04+00:00,0.0,0.0,OK
Fort McMurray,Fort McMurray,2026-07-11 04:00,1.0,,2,2,2026-07-11T10:35:04+00:00,1.0,2026-07-11T10:35:04+00:00,0.0,0.0,OK
Grande Prairie,Grande Prairie,2026-07-11 03:00,1.0,,2,2,2026-07-11T10:35:04+00:00,2.0,2026-07-11T10:35:04+00:00,-1.0,1.0,Minor difference
Lethbridge,Lethbridge,2026-07-11 03:00,2.0,,3,2,2026-07-11T10:35:04+00:00,1.0,2026-07-11T10:35:04+00:00,1.0,1.0,Minor difference
Medicine Hat,Medicine Hat,2026-07-11 04:00,1.0,,3,3,2026-07-11T10:35:04+00:00,1.0,2026-07-11T10:35:04+00:00,0.0,0.0,OK
Airdrie,Airdrie,2026-07-11 04:00,1.0,,3,3,2026-07-11T10:35:04+00:00,1.0,2026-07-11T10:35:04+00:00,0.0,0.0,OK
Cold Lake,Cold Lake,2026-07-11 04:00,2.0,,2,2,2026-07-11T10:35:04+00:00,2.0,2026-07-11T10:35:04+00:00,0.0,0.0,OK
Drayton Valley,Drayton Valley,2026-07-11 04:00,2.0,,2,3,2026-07-11T10:35:04+00:00,2.0,2026-07-11T10:35:04+00:00,0.0,0.0,OK
St. Albert,St. Albert,2026-07-11 04:00,2.0,,3,3,2026-07-11T10:35:04+00:00,2.0,2026-07-11T10:35:04+00:00,0.0,0.0,OK
Strathcona County,Sherwood Park,2026-07-11 04:00,2.0,,3,3,2026-07-11T10:35:04+00:00,,,,,OK
Edmonton,Edmonton,2026-07-11 05:00,2.0,,3,3,2026-07-11T12:06:48+00:00,2.0,2026-07-11T12:06:48+00:00,0.0,0.0,OK
Calgary,Calgary,2026-07-11 04:00,2.0,,3,3,2026-07-11T12:06:48+00:00,2.0,2026-07-11T12:06:48+00:00,0.0,0.0,OK
Red Deer,Red Deer,2026-07-11 05:00,2.0,,3,3,2026-07-11T12:06:48+00:00,2.0,2026-07-11T12:06:48+00:00,0.0,0.0,OK
Fort McMurray,Fort McMurray,2026-07-11 05:00,1.0,,2,2,2026-07-11T12:06:48+00:00,1.0,2026-07-11T12:06:48+00:00,0.0,0.0,OK
Grande Prairie,Grande Prairie,2026-07-11 05:00,1.0,,2,2,2026-07-11T12:06:48+00:00,1.0,2026-07-11T12:06:48+00:00,0.0,0.0,OK
Lethbridge,Lethbridge,2026-07-11 03:00,2.0,,3,2,2026-07-11T12:06:48+00:00,1.0,2026-07-11T12:06:48+00:00,1.0,1.0,Minor difference
Medicine Hat,Medicine Hat,2026-07-11 04:00,1.0,,3,3,2026-07-11T12:06:48+00:00,1.0,2026-07-11T12:06:48+00:00,0.0,0.0,OK
Airdrie,Airdrie,2026-07-11 04:00,1.0,,3,3,2026-07-11T12:06:48+00:00,1.0,2026-07-11T12:06:48+00:00,0.0,0.0,OK
Cold Lake,Cold Lake,2026-07-11 05:00,2.0,,2,2,2026-07-11T12:06:48+00:00,2.0,2026-07-11T12:06:48+00:00,0.0,0.0,OK
Drayton Valley,Drayton Valley,2026-07-11 04:00,2.0,,2,3,2026-07-11T12:06:48+00:00,2.0,2026-07-11T12:06:48+00:00,0.0,0.0,OK
St. Albert,St. Albert,2026-07-11 04:00,2.0,,3,3,2026-07-11T12:06:48+00:00,2.0,2026-07-11T12:06:48+00:00,0.0,0.0,OK
Strathcona County,Sherwood Park,2026-07-11 05:00,2.0,,3,3,2026-07-11T12:06:48+00:00,,,,,OK
Edmonton,Edmonton,2026-07-11 07:00,2.0,3.0,3,3,2026-07-11T13:56:09+00:00,2.0,2026-07-11T13:56:09+00:00,0.0,0.0,OK
Calgary,Calgary,2026-07-11 07:00,2.0,3.0,3,3,2026-07-11T13:56:09+00:00,2.0,2026-07-11T13:56:09+00:00,0.0,0.0,OK
Red Deer,Red Deer,2026-07-11 07:00,2.0,3.0,3,3,2026-07-11T13:56:09+00:00,2.0,2026-07-11T13:56:09+00:00,0.0,0.0,OK
Fort McMurray,Fort McMurray,2026-07-11 07:00,1.0,2.0,2,2,2026-07-11T13:56:09+00:00,1.0,2026-07-11T13:56:09+00:00,0.0,0.0,OK
Grande Prairie,Grande Prairie,2026-07-11 07:00,1.0,2.0,2,2,2026-07-11T13:56:09+00:00,1.0,2026-07-11T13:56:09+00:00,0.0,0.0,OK
Lethbridge,Lethbridge,2026-07-11 07:00,2.0,2.0,3,2,2026-07-11T13:56:09+00:00,2.0,2026-07-11T13:56:09+00:00,0.0,0.0,OK
Medicine Hat,Medicine Hat,2026-07-11 07:00,2.0,3.0,3,3,2026-07-11T13:56:09+00:00,2.0,2026-07-11T13:56:09+00:00,0.0,0.0,OK
Airdrie,Airdrie,2026-07-11 07:00,1.0,3.0,3,3,2026-07-11T13:56:09+00:00,1.0,2026-07-11T13:56:09+00:00,0.0,0.0,OK
Cold Lake,Cold Lake,2026-07-11 07:00,2.0,2.0,2,2,2026-07-11T13:56:09+00:00,2.0,2026-07-11T13:56:09+00:00,0.0,0.0,OK
Drayton Valley,Drayton Valley,2026-07-11 07:00,2.0,3.0,2,3,2026-07-11T13:56:09+00:00,2.0,2026-07-11T13:56:09+00:00,0.0,0.0,OK
St. Albert,St. Albert,2026-07-11 07:00,2.0,3.0,3,3,2026-07-11T13:56:09+00:00,2.0,2026-07-11T13:56:09+00:00,0.0,0.0,OK
Strathcona County,Sherwood Park,2026-07-11 07:00,2.0,3.0,3,3,2026-07-11T13:56:09+00:00,,,,,OK
Edmonton,Edmonton,2026-07-11 10:00,2.0,3.0,3,3,2026-07-11T17:17:15+00:00,2.0,2026-07-11T17:17:15+00:00,0.0,0.0,OK
Calgary,Calgary,2026-07-11 10:00,2.0,3.0,3,3,2026-07-11T17:17:15+00:00,2.0,2026-07-11T17:17:15+00:00,0.0,0.0,OK
Red Deer,Red Deer,2026-07-11 10:00,2.0,3.0,3,3,2026-07-11T17:17:15+00:00,2.0,2026-07-11T17:17:15+00:00,0.0,0.0,OK
Fort McMurray,Fort McMurray,2026-07-11 10:00,1.0,2.0,2,2,2026-07-11T17:17:15+00:00,1.0,2026-07-11T17:17:15+00:00,0.0,0.0,OK
Grande Prairie,Grande Prairie,2026-07-11 10:00,2.0,2.0,2,2,2026-07-11T17:17:15+00:00,2.0,2026-07-11T17:17:15+00:00,0.0,0.0,OK
Lethbridge,Lethbridge,2026-07-11 10:00,2.0,2.0,3,2,2026-07-11T17:17:15+00:00,2.0,2026-07-11T17:17:15+00:00,0.0,0.0,OK
Medicine Hat,Medicine Hat,2026-07-11 10:00,2.0,3.0,3,3,2026-07-11T17:17:15+00:00,2.0,2026-07-11T17:17:15+00:00,0.0,0.0,OK
Airdrie,Airdrie,2026-07-11 10:00,2.0,3.0,3,3,2026-07-11T17:17:15+00:00,2.0,2026-07-11T17:17:15+00:00,0.0,0.0,OK
Cold Lake,Cold Lake,2026-07-11 10:00,1.0,2.0,2,2,2026-07-11T17:17:15+00:00,2.0,2026-07-11T17:17:15+00:00,-1.0,1.0,Minor difference
Drayton Valley,Drayton Valley,2026-07-11 10:00,2.0,3.0,2,3,2026-07-11T17:17:15+00:00,2.0,2026-07-11T17:17:15+00:00,0.0,0.0,OK
St. Albert,St. Albert,2026-07-11 10:00,2.0,3.0,3,3,2026-07-11T17:17:15+00:00,2.0,2026-07-11T17:17:15+00:00,0.0,0.0,OK
Strathcona County,Sherwood Park,2026-07-11 10:00,2.0,3.0,3,3,2026-07-11T17:17:15+00:00,,,,,OK
Edmonton,Edmonton,2026-07-11 13:00,3.0,3.0,3,3,2026-07-11T19:33:18+00:00,3.0,2026-07-11T19:33:18+00:00,0.0,0.0,OK
Calgary,Calgary,2026-07-11 13:00,3.0,3.0,3,3,2026-07-11T19:33:18+00:00,3.0,2026-07-11T19:33:18+00:00,0.0,0.0,OK
Red Deer,Red Deer,2026-07-11 13:00,2.0,3.0,3,3,2026-07-11T19:33:18+00:00,2.0,2026-07-11T19:33:18+00:00,0.0,0.0,OK
Fort McMurray,Fort McMurray,2026-07-11 13:00,1.0,2.0,2,2,2026-07-11T19:33:18+00:00,1.0,2026-07-11T19:33:18+00:00,0.0,0.0,OK
Grande Prairie,Grande Prairie,2026-07-11 13:00,2.0,2.0,2,2,2026-07-11T19:33:18+00:00,2.0,2026-07-11T19:33:18+00:00,0.0,0.0,OK
Lethbridge,Lethbridge,2026-07-11 13:00,2.0,2.0,3,2,2026-07-11T19:33:18+00:00,2.0,2026-07-11T19:33:18+00:00,0.0,0.0,OK
Medicine Hat,Medicine Hat,2026-07-11 13:00,3.0,3.0,3,3,2026-07-11T19:33:18+00:00,3.0,2026-07-11T19:33:18+00:00,0.0,0.0,OK
Airdrie,Airdrie,2026-07-11 13:00,3.0,3.0,3,3,2026-07-11T19:33:18+00:00,3.0,2026-07-11T19:33:18+00:00,0.0,0.0,OK
Cold Lake,Cold Lake,2026-07-11 13:00,2.0,2.0,2,2,2026-07-11T19:33:18+00:00,2.0,2026-07-11T19:33:18+00:00,0.0,0.0,OK
Drayton Valley,Drayton Valley,2026-07-11 13:00,2.0,3.0,2,3,2026-07-11T19:33:18+00:00,2.0,2026-07-11T19:33:18+00:00,0.0,0.0,OK
St. Albert,St. Albert,2026-07-11 13:00,2.0,3.0,3,3,2026-07-11T19:33:18+00:00,2.0,2026-07-11T19:33:18+00:00,0.0,0.0,OK
Strathcona County,Sherwood Park,2026-07-11 13:00,2.0,3.0,3,3,2026-07-11T19:33:18+00:00,,,,,OK
Edmonton,Edmonton,2026-07-11 14:00,2.0,3.0,3,3,2026-07-11T21:08:23+00:00,2.0,2026-07-11T21:08:23+00:00,0.0,0.0,OK
Calgary,Calgary,2026-07-11 14:00,3.0,3.0,3,3,2026-07-11T21:08:23+00:00,3.0,2026-07-11T21:08:23+00:00,0.0,0.0,OK
Red Deer,Red Deer,2026-07-11 14:00,3.0,3.0,3,3,2026-07-11T21:08:23+00:00,3.0,2026-07-11T21:08:23+00:00,0.0,0.0,OK
Fort McMurray,Fort McMurray,2026-07-11 14:00,1.0,2.0,2,2,2026-07-11T21:08:23+00:00,1.0,2026-07-11T21:08:23+00:00,0.0,0.0,OK
Grande Prairie,Grande Prairie,2026-07-11 14:00,2.0,2.0,2,2,2026-07-11T21:08:23+00:00,2.0,2026-07-11T21:08:23+00:00,0.0,0.0,OK
Lethbridge,Lethbridge,2026-07-11 14:00,3.0,2.0,3,2,2026-07-11T21:08:23+00:00,3.0,2026-07-11T21:08:23+00:00,0.0,0.0,OK
Medicine Hat,Medicine Hat,2026-07-11 14:00,3.0,3.0,3,3,2026-07-11T21:08:23+00:00,3.0,2026-07-11T21:08:23+00:00,0.0,0.0,OK
Airdrie,Airdrie,2026-07-11 14:00,3.0,3.0,3,3,2026-07-11T21:08:23+00:00,3.0,2026-07-11T21:08:23+00:00,0.0,0.0,OK
Cold Lake,Cold Lake,2026-07-11 14:00,2.0,2.0,2,2,2026-07-11T21:08:23+00:00,2.0,2026-07-11T21:08:23+00:00,0.0,0.0,OK
Drayton Valley,Drayton Valley,2026-07-11 14:00,2.0,3.0,2,3,2026-07-11T21:08:23+00:00,2.0,2026-07-11T21:08:23+00:00,0.0,0.0,OK
St. Albert,St. Albert,2026-07-11 14:00,2.0,3.0,3,3,2026-07-11T21:08:23+00:00,2.0,2026-07-11T21:08:23+00:00,0.0,0.0,OK
Strathcona County,Sherwood Park,2026-07-11 14:00,2.0,3.0,3,3,2026-07-11T21:08:23+00:00,,,,,OK
Edmonton,Edmonton,2026-07-11 15:00,2.0,3.0,3,3,2026-07-11T22:09:52+00:00,2.0,2026-07-11T22:09:52+00:00,0.0,0.0,OK
Calgary,Calgary,2026-07-11 15:00,3.0,3.0,3,3,2026-07-11T22:09:52+00:00,3.0,2026-07-11T22:09:52+00:00,0.0,0.0,OK
Red Deer,Red Deer,2026-07-11 15:00,3.0,3.0,3,3,2026-07-11T22:09:52+00:00,3.0,2026-07-11T22:09:52+00:00,0.0,0.0,OK
Fort McMurray,Fort McMurray,2026-07-11 15:00,2.0,2.0,2,2,2026-07-11T22:09:52+00:00,2.0,2026-07-11T22:09:52+00:00,0.0,0.0,OK
Grande Prairie,Grande Prairie,2026-07-11 15:00,2.0,2.0,2,2,2026-07-11T22:09:52+00:00,2.0,2026-07-11T22:09:52+00:00,0.0,0.0,OK
Lethbridge,Lethbridge,2026-07-11 15:00,3.0,2.0,3,2,2026-07-11T22:09:52+00:00,3.0,2026-07-11T22:09:52+00:00,0.0,0.0,OK
Medicine Hat,Medicine Hat,2026-07-11 15:00,3.0,3.0,3,3,2026-07-11T22:09:52+00:00,3.0,2026-07-11T22:09:52+00:00,0.0,0.0,OK
Airdrie,Airdrie,2026-07-11 15:00,3.0,3.0,3,3,2026-07-11T22:09:52+00:00,3.0,2026-07-11T22:09:52+00:00,0.0,0.0,OK
Cold Lake,Cold Lake,2026-07-11 15:00,2.0,2.0,2,2,2026-07-11T22:09:52+00:00,2.0,2026-07-11T22:09:52+00:00,0.0,0.0,OK
Drayton Valley,Drayton Valley,2026-07-11 15:00,2.0,3.0,2,3,2026-07-11T22:09:52+00:00,2.0,2026-07-11T22:09:52+00:00,0.0,0.0,OK
St. Albert,St. Albert,2026-07-11 15:00,2.0,3.0,3,3,2026-07-11T22:09:52+00:00,2.0,2026-07-11T22:09:52+00:00,0.0,0.0,OK
Strathcona County,Sherwood Park,2026-07-11 15:00,2.0,3.0,3,3,2026-07-11T22:09:52+00:00,,,,,OK
Edmonton,Edmonton,2026-07-11 16:00,2.0,,2,2,2026-07-11T23:11:45+00:00,2.0,2026-07-11T23:11:45+00:00,0.0,0.0,OK
Calgary,Calgary,2026-07-11 16:00,3.0,,3,3,2026-07-11T23:11:45+00:00,3.0,2026-07-11T23:11:45+00:00,0.0,0.0,OK
Red Deer,Red Deer,2026-07-11 16:00,2.0,,3,3,2026-07-11T23:11:45+00:00,2.0,2026-07-11T23:11:45+00:00,0.0,0.0,OK
Fort McMurray,Fort McMurray,2026-07-11 16:00,2.0,,2,2,2026-07-11T23:11:45+00:00,2.0,2026-07-11T23:11:45+00:00,0.0,0.0,OK
Grande Prairie,Grande Prairie,2026-07-11 16:00,2.0,,2,2,2026-07-11T23:11:45+00:00,2.0,2026-07-11T23:11:45+00:00,0.0,0.0,OK
Lethbridge,Lethbridge,2026-07-11 16:00,3.0,,3,3,2026-07-11T23:11:45+00:00,3.0,2026-07-11T23:11:45+00:00,0.0,0.0,OK
Medicine Hat,Medicine Hat,2026-07-11 16:00,3.0,,3,3,2026-07-11T23:11:45+00:00,3.0,2026-07-11T23:11:45+00:00,0.0,0.0,OK
Airdrie,Airdrie,2026-07-11 16:00,3.0,,3,3,2026-07-11T23:11:45+00:00,3.0,2026-07-11T23:11:45+00:00,0.0,0.0,OK
Cold Lake,Cold Lake,2026-07-11 16:00,2.0,,2,2,2026-07-11T23:11:45+00:00,2.0,2026-07-11T23:11:45+00:00,0.0,0.0,OK
Drayton Valley,Drayton Valley,2026-07-11 16:00,2.0,,2,2,2026-07-11T23:11:45+00:00,2.0,2026-07-11T23:11:45+00:00,0.0,0.0,OK
St. Albert,St. Albert,2026-07-11 16:00,2.0,,2,2,2026-07-11T23:11:45+00:00,2.0,2026-07-11T23:11:45+00:00,0.0,0.0,OK
Strathcona County,Sherwood Park,2026-07-11 16:00,2.0,,2,2,2026-07-11T23:11:45+00:00,,,,,OK
Edmonton,Edmonton,2026-07-11 17:00,2.0,,2,2,2026-07-12T00:13:05+00:00,2.0,2026-07-12T00:13:05+00:00,0.0,0.0,OK
Calgary,Calgary,2026-07-11 17:00,3.0,,3,3,2026-07-12T00:13:05+00:00,3.0,2026-07-12T00:13:05+00:00,0.0,0.0,OK
Red Deer,Red Deer,2026-07-11 17:00,2.0,,3,3,2026-07-12T00:13:05+00:00,2.0,2026-07-12T00:13:05+00:00,0.0,0.0,OK
Fort McMurray,Fort McMurray,2026-07-11 17:00,2.0,,2,2,2026-07-12T00:13:05+00:00,2.0,2026-07-12T00:13:05+00:00,0.0,0.0,OK
Grande Prairie,Grande Prairie,2026-07-11 17:00,2.0,,2,2,2026-07-12T00:13:05+00:00,2.0,2026-07-12T00:13:05+00:00,0.0,0.0,OK
Lethbridge,Lethbridge,2026-07-11 17:00,3.0,,3,3,2026-07-12T00:13:05+00:00,3.0,2026-07-12T00:13:05+00:00,0.0,0.0,OK
Medicine Hat,Medicine Hat,2026-07-11 17:00,3.0,,3,3,2026-07-12T00:13:05+00:00,3.0,2026-07-12T00:13:05+00:00,0.0,0.0,OK
Airdrie,Airdrie,2026-07-11 17:00,3.0,,3,3,2026-07-12T00:13:05+00:00,3.0,2026-07-12T00:13:05+00:00,0.0,0.0,OK
Cold Lake,Cold Lake,2026-07-11 17:00,2.0,,2,2,2026-07-12T00:13:05+00:00,2.0,2026-07-12T00:13:05+00:00,0.0,0.0,OK
Drayton Valley,Drayton Valley,2026-07-11 17:00,2.0,,2,2,2026-07-12T00:13:05+00:00,2.0,2026-07-12T00:13:05+00:00,0.0,0.0,OK
St. Albert,St. Albert,2026-07-11 17:00,2.0,,2,2,2026-07-12T00:13:05+00:00,2.0,2026-07-12T00:13:05+00:00,0.0,0.0,OK
Strathcona County,Sherwood Park,2026-07-11 17:00,2.0,,2,2,2026-07-12T00:13:05+00:00,,,,,OK
Edmonton,Edmonton,2026-07-11 21:00,2.0,,2,2,2026-07-12T04:02:13+00:00,2.0,2026-07-12T04:02:14+00:00,0.0,0.0,OK
Calgary,Calgary,2026-07-11 21:00,2.0,,3,3,2026-07-12T04:02:13+00:00,2.0,2026-07-12T04:02:14+00:00,0.0,0.0,OK
Red Deer,Red Deer,2026-07-11 21:00,2.0,,3,3,2026-07-12T04:02:13+00:00,2.0,2026-07-12T04:02:14+00:00,0.0,0.0,OK
Fort McMurray,Fort McMurray,2026-07-11 21:00,2.0,,2,2,2026-07-12T04:02:13+00:00,2.0,2026-07-12T04:02:14+00:00,0.0,0.0,OK
Grande Prairie,Grande Prairie,2026-07-11 21:00,2.0,,2,2,2026-07-12T04:02:13+00:00,2.0,2026-07-12T04:02:14+00:00,0.0,0.0,OK
Lethbridge,Lethbridge,2026-07-11 21:00,3.0,,3,3,2026-07-12T04:02:13+00:00,3.0,2026-07-12T04:02:14+00:00,0.0,0.0,OK
Medicine Hat,Medicine Hat,2026-07-11 21:00,3.0,,3,3,2026-07-12T04:02:13+00:00,3.0,2026-07-12T04:02:14+00:00,0.0,0.0,OK
Airdrie,Airdrie,2026-07-11 21:00,2.0,,3,3,2026-07-12T04:02:13+00:00,2.0,2026-07-12T04:02:14+00:00,0.0,0.0,OK
Cold Lake,Cold Lake,2026-07-11 21:00,2.0,,2,2,2026-07-12T04:02:13+00:00,2.0,2026-07-12T04:02:14+00:00,0.0,0.0,OK
Drayton Valley,Drayton Valley,2026-07-11 21:00,2.0,,2,2,2026-07-12T04:02:13+00:00,2.0,2026-07-12T04:02:14+00:00,0.0,0.0,OK
St. Albert,St. Albert,2026-07-11 19:00,1.0,,2,2,2026-07-12T04:02:13+00:00,1.0,2026-07-12T04:02:14+00:00,0.0,0.0,OK
Strathcona County,Sherwood Park,2026-07-11 21:00,2.0,,2,2,2026-07-12T04:02:13+00:00,,,,,OK
Edmonton,Edmonton,2026-07-12 00:00,2.0,,2,2,2026-07-12T06:47:02+00:00,2.0,2026-07-12T06:47:02+00:00,0.0,0.0,OK
Calgary,Calgary,2026-07-12 00:00,2.0,,3,3,2026-07-12T06:47:02+00:00,2.0,2026-07-12T06:47:02+00:00,0.0,0.0,OK
Red Deer,Red Deer,2026-07-12 00:00,2.0,,3,3,2026-07-12T06:47:02+00:00,2.0,2026-07-12T06:47:02+00:00,0.0,0.0,OK
Fort McMurray,Fort McMurray,2026-07-12 00:00,1.0,,2,2,2026-07-12T06:47:02+00:00,1.0,2026-07-12T06:47:02+00:00,0.0,0.0,OK
Grande Prairie,Grande Prairie,2026-07-12 00:00,2.0,,2,2,2026-07-12T06:47:02+00:00,2.0,2026-07-12T06:47:02+00:00,0.0,0.0,OK
Lethbridge,Lethbridge,2026-07-12 00:00,2.0,,3,3,2026-07-12T06:47:02+00:00,2.0,2026-07-12T06:47:02+00:00,0.0,0.0,OK
Medicine Hat,Medicine Hat,2026-07-12 00:00,2.0,,3,3,2026-07-12T06:47:02+00:00,2.0,2026-07-12T06:47:02+00:00,0.0,0.0,OK
Airdrie,Airdrie,2026-07-12 00:00,2.0,,3,3,2026-07-12T06:47:02+00:00,2.0,2026-07-12T06:47:02+00:00,0.0,0.0,OK
Cold Lake,Cold Lake,2026-07-12 00:00,2.0,,2,2,2026-07-12T06:47:02+00:00,2.0,2026-07-12T06:47:02+00:00,0.0,0.0,OK
Drayton Valley,Drayton Valley,2026-07-12 00:00,2.0,,2,2,2026-07-12T06:47:02+00:00,2.0,2026-07-12T06:47:02+00:00,0.0,0.0,OK
St. Albert,St. Albert,2026-07-11 19:00,1.0,,2,2,2026-07-12T06:47:02+00:00,1.0,2026-07-12T06:47:02+00:00,0.0,0.0,OK
Strathcona County,Sherwood Park,2026-07-12 00:00,2.0,,2,2,2026-07-12T06:47:02+00:00,,,,,OK
Edmonton,Edmonton,2026-07-12 02:00,2.0,,2,2,2026-07-12T09:17:40+00:00,2.0,2026-07-12T09:17:40+00:00,0.0,0.0,OK
Calgary,Calgary,2026-07-12 02:00,2.0,,3,3,2026-07-12T09:17:40+00:00,2.0,2026-07-12T09:17:40+00:00,0.0,0.0,OK
Red Deer,Red Deer,2026-07-12 02:00,1.0,,3,3,2026-07-12T09:17:40+00:00,1.0,2026-07-12T09:17:40+00:00,0.0,0.0,OK
Fort McMurray,Fort McMurray,2026-07-12 02:00,1.0,,2,2,2026-07-12T09:17:40+00:00,1.0,2026-07-12T09:17:40+00:00,0.0,0.0,OK
Grande Prairie,Grande Prairie,2026-07-12 02:00,2.0,,2,2,2026-07-12T09:17:40+00:00,2.0,2026-07-12T09:17:40+00:00,0.0,0.0,OK
Lethbridge,Lethbridge,2026-07-12 02:00,2.0,,3,3,2026-07-12T09:17:40+00:00,2.0,2026-07-12T09:17:40+00:00,0.0,0.0,OK
Medicine Hat,Medicine Hat,2026-07-12 02:00,2.0,,3,3,2026-07-12T09:17:40+00:00,2.0,2026-07-12T09:17:40+00:00,0.0,0.0,OK
Airdrie,Airdrie,2026-07-12 02:00,1.0,,3,3,2026-07-12T09:17:40+00:00,1.0,2026-07-12T09:17:40+00:00,0.0,0.0,OK
Cold Lake,Cold Lake,2026-07-12 02:00,1.0,,2,2,2026-07-12T09:17:40+00:00,1.0,2026-07-12T09:17:40+00:00,0.0,0.0,OK
Drayton Valley,Drayton Valley,2026-07-12 02:00,2.0,,2,2,2026-07-12T09:17:40+00:00,2.0,2026-07-12T09:17:40+00:00,0.0,0.0,OK
St. Albert,St. Albert,,,,2,2,2026-07-12T09:17:40+00:00,1.0,2026-07-12T09:17:40+00:00,,,OK
Strathcona County,Sherwood Park,2026-07-12 02:00,1.0,,2,2,2026-07-12T09:17:40+00:00,,,,,OK
Edmonton,Edmonton,2026-07-12 05:00,2.0,,2,2,2026-07-12T11:32:41+00:00,2.0,2026-07-12T11:32:42+00:00,0.0,0.0,OK
Calgary,Calgary,2026-07-12 04:00,2.0,,3,3,2026-07-12T11:32:41+00:00,1.0,2026-07-12T11:32:42+00:00,1.0,1.0,Minor difference
Red Deer,Red Deer,2026-07-12 05:00,1.0,,3,3,2026-07-12T11:32:41+00:00,1.0,2026-07-12T11:32:42+00:00,0.0,0.0,OK
Fort McMurray,Fort McMurray,2026-07-12 05:00,1.0,,2,2,2026-07-12T11:32:41+00:00,1.0,2026-07-12T11:32:42+00:00,0.0,0.0,OK
Grande Prairie,Grande Prairie,2026-07-12 05:00,2.0,,2,2,2026-07-12T11:32:41+00:00,2.0,2026-07-12T11:32:42+00:00,0.0,0.0,OK
Lethbridge,Lethbridge,2026-07-12 03:00,2.0,,3,3,2026-07-12T11:32:41+00:00,1.0,2026-07-12T11:32:42+00:00,1.0,1.0,Minor difference
Medicine Hat,Medicine Hat,2026-07-12 04:00,2.0,,3,3,2026-07-12T11:32:41+00:00,1.0,2026-07-12T11:32:42+00:00,1.0,1.0,Minor difference
Airdrie,Airdrie,2026-07-12 04:00,1.0,,3,3,2026-07-12T11:32:41+00:00,1.0,2026-07-12T11:32:42+00:00,0.0,0.0,OK
Cold Lake,Cold Lake,2026-07-12 05:00,1.0,,2,2,2026-07-12T11:32:41+00:00,1.0,2026-07-12T11:32:42+00:00,0.0,0.0,OK
Drayton Valley,Drayton Valley,2026-07-12 04:00,2.0,,2,2,2026-07-12T11:32:41+00:00,1.0,2026-07-12T11:32:42+00:00,1.0,1.0,Minor difference
St. Albert,St. Albert,,,,2,2,2026-07-12T11:32:41+00:00,1.0,2026-07-12T11:32:42+00:00,,,OK
Strathcona County,Sherwood Park,2026-07-12 05:00,1.0,,2,2,2026-07-12T11:32:41+00:00,,,,,OK
Edmonton,Edmonton,2026-07-12 07:00,2.0,3.0,3,3,2026-07-12T13:57:34+00:00,2.0,2026-07-12T13:57:35+00:00,0.0,0.0,OK
Calgary,Calgary,2026-07-12 07:00,2.0,3.0,3,3,2026-07-12T13:57:34+00:00,2.0,2026-07-12T13:57:35+00:00,0.0,0.0,OK
Red Deer,Red Deer,2026-07-12 07:00,1.0,3.0,2,3,2026-07-12T13:57:34+00:00,1.0,2026-07-12T13:57:35+00:00,0.0,0.0,OK
Fort McMurray,Fort McMurray,2026-07-12 07:00,1.0,2.0,1,2,2026-07-12T13:57:34+00:00,1.0,2026-07-12T13:57:35+00:00,0.0,0.0,OK
Grande Prairie,Grande Prairie,2026-07-12 07:00,2.0,2.0,2,2,2026-07-12T13:57:34+00:00,1.0,2026-07-12T13:57:35+00:00,1.0,1.0,Minor difference
Lethbridge,Lethbridge,2026-07-12 07:00,2.0,3.0,3,3,2026-07-12T13:57:34+00:00,2.0,2026-07-12T13:57:35+00:00,0.0,0.0,OK
Medicine Hat,Medicine Hat,2026-07-12 07:00,2.0,3.0,3,3,2026-07-12T13:57:34+00:00,2.0,2026-07-12T13:57:35+00:00,0.0,0.0,OK
Airdrie,Airdrie,2026-07-12 07:00,2.0,3.0,3,3,2026-07-12T13:57:34+00:00,2.0,2026-07-12T13:57:35+00:00,0.0,0.0,OK
Cold Lake,Cold Lake,2026-07-12 07:00,1.0,2.0,2,2,2026-07-12T13:57:34+00:00,1.0,2026-07-12T13:57:35+00:00,0.0,0.0,OK
Drayton Valley,Drayton Valley,2026-07-12 07:00,2.0,3.0,2,3,2026-07-12T13:57:34+00:00,2.0,2026-07-12T13:57:35+00:00,0.0,0.0,OK
St. Albert,St. Albert,,,3.0,3,3,2026-07-12T13:57:34+00:00,1.0,2026-07-12T13:57:35+00:00,,,OK
Strathcona County,Sherwood Park,2026-07-12 07:00,1.0,3.0,3,3,2026-07-12T13:57:34+00:00,,,,,OK
Edmonton,Edmonton,2026-07-12 08:00,2.0,3.0,3,3,2026-07-12T15:17:36+00:00,2.0,2026-07-12T15:17:36+00:00,0.0,0.0,OK
Calgary,Calgary,2026-07-12 08:00,2.0,3.0,3,3,2026-07-12T15:17:36+00:00,2.0,2026-07-12T15:17:36+00:00,0.0,0.0,OK
Red Deer,Red Deer,2026-07-12 08:00,1.0,3.0,2,3,2026-07-12T15:17:36+00:00,1.0,2026-07-12T15:17:36+00:00,0.0,0.0,OK
Fort McMurray,Fort McMurray,2026-07-12 08:00,1.0,2.0,1,2,2026-07-12T15:17:36+00:00,1.0,2026-07-12T15:17:36+00:00,0.0,0.0,OK
Grande Prairie,Grande Prairie,2026-07-12 08:00,2.0,2.0,2,2,2026-07-12T15:17:36+00:00,1.0,2026-07-12T15:17:36+00:00,1.0,1.0,Minor difference
Lethbridge,Lethbridge,2026-07-12 08:00,2.0,3.0,3,3,2026-07-12T15:17:36+00:00,2.0,2026-07-12T15:17:36+00:00,0.0,0.0,OK
Medicine Hat,Medicine Hat,2026-07-12 08:00,2.0,3.0,3,3,2026-07-12T15:17:36+00:00,2.0,2026-07-12T15:17:36+00:00,0.0,0.0,OK
Airdrie,Airdrie,2026-07-12 08:00,2.0,3.0,3,3,2026-07-12T15:17:36+00:00,2.0,2026-07-12T15:17:36+00:00,0.0,0.0,OK
Cold Lake,Cold Lake,2026-07-12 08:00,1.0,2.0,2,2,2026-07-12T15:17:36+00:00,1.0,2026-07-12T15:17:36+00:00,0.0,0.0,OK
Drayton Valley,Drayton Valley,2026-07-12 08:00,2.0,3.0,2,3,2026-07-12T15:17:36+00:00,2.0,2026-07-12T15:17:36+00:00,0.0,0.0,OK
St. Albert,St. Albert,,,3.0,3,3,2026-07-12T15:17:36+00:00,1.0,2026-07-12T15:17:36+00:00,,,OK
Strathcona County,Sherwood Park,2026-07-12 08:00,2.0,3.0,3,3,2026-07-12T15:17:36+00:00,,,,,OK
Edmonton,Edmonton,2026-07-12 10:00,2.0,3.0,3,3,2026-07-12T17:19:42+00:00,2.0,2026-07-12T17:19:42+00:00,0.0,0.0,OK
Calgary,Calgary,2026-07-12 10:00,2.0,3.0,3,3,2026-07-12T17:19:42+00:00,2.0,2026-07-12T17:19:42+00:00,0.0,0.0,OK
Red Deer,Red Deer,2026-07-12 10:00,2.0,3.0,2,3,2026-07-12T17:19:42+00:00,2.0,2026-07-12T17:19:42+00:00,0.0,0.0,OK
Fort McMurray,Fort McMurray,2026-07-12 10:00,1.0,2.0,1,2,2026-07-12T17:19:42+00:00,1.0,2026-07-12T17:19:42+00:00,0.0,0.0,OK
Grande Prairie,Grande Prairie,2026-07-12 10:00,2.0,2.0,2,2,2026-07-12T17:19:42+00:00,1.0,2026-07-12T17:19:42+00:00,1.0,1.0,Minor difference
Lethbridge,Lethbridge,2026-07-12 11:00,2.0,3.0,3,3,2026-07-12T17:19:42+00:00,2.0,2026-07-12T17:19:42+00:00,0.0,0.0,OK
Medicine Hat,Medicine Hat,2026-07-12 10:00,2.0,3.0,3,3,2026-07-12T17:19:42+00:00,2.0,2026-07-12T17:19:42+00:00,0.0,0.0,OK
Airdrie,Airdrie,2026-07-12 10:00,2.0,3.0,3,3,2026-07-12T17:19:42+00:00,2.0,2026-07-12T17:19:42+00:00,0.0,0.0,OK
Cold Lake,Cold Lake,2026-07-12 11:00,1.0,2.0,2,2,2026-07-12T17:19:42+00:00,1.0,2026-07-12T17:19:42+00:00,0.0,0.0,OK
Drayton Valley,Drayton Valley,2026-07-12 10:00,2.0,3.0,2,3,2026-07-12T17:19:42+00:00,2.0,2026-07-12T17:19:42+00:00,0.0,0.0,OK
St. Albert,St. Albert,2026-07-12 09:00,1.0,3.0,3,3,2026-07-12T17:19:42+00:00,1.0,2026-07-12T17:19:42+00:00,0.0,0.0,OK
Strathcona County,Sherwood Park,2026-07-12 11:00,2.0,3.0,3,3,2026-07-12T17:19:42+00:00,,,,,OK
Edmonton,Edmonton,2026-07-12 13:00,2.0,3.0,3,3,2026-07-12T19:33:06+00:00,2.0,2026-07-12T19:33:06+00:00,0.0,0.0,OK
Calgary,Calgary,2026-07-12 13:00,3.0,3.0,3,3,2026-07-12T19:33:06+00:00,3.0,2026-07-12T19:33:06+00:00,0.0,0.0,OK
Red Deer,Red Deer,2026-07-12 13:00,2.0,3.0,2,3,2026-07-12T19:33:06+00:00,2.0,2026-07-12T19:33:06+00:00,0.0,0.0,OK
Fort McMurray,Fort McMurray,2026-07-12 13:00,1.0,2.0,1,2,2026-07-12T19:33:06+00:00,1.0,2026-07-12T19:33:06+00:00,0.0,0.0,OK
Grande Prairie,Grande Prairie,2026-07-12 13:00,2.0,2.0,2,2,2026-07-12T19:33:06+00:00,2.0,2026-07-12T19:33:06+00:00,0.0,0.0,OK
Lethbridge,Lethbridge,2026-07-12 13:00,2.0,3.0,3,3,2026-07-12T19:33:06+00:00,2.0,2026-07-12T19:33:06+00:00,0.0,0.0,OK
Medicine Hat,Medicine Hat,2026-07-12 13:00,3.0,3.0,3,3,2026-07-12T19:33:06+00:00,3.0,2026-07-12T19:33:06+00:00,0.0,0.0,OK
Airdrie,Airdrie,2026-07-12 13:00,3.0,3.0,3,3,2026-07-12T19:33:06+00:00,3.0,2026-07-12T19:33:06+00:00,0.0,0.0,OK
Cold Lake,Cold Lake,2026-07-12 13:00,2.0,2.0,2,2,2026-07-12T19:33:06+00:00,2.0,2026-07-12T19:33:06+00:00,0.0,0.0,OK
Drayton Valley,Drayton Valley,2026-07-12 13:00,2.0,3.0,2,3,2026-07-12T19:33:06+00:00,2.0,2026-07-12T19:33:06+00:00,0.0,0.0,OK
St. Albert,St. Albert,2026-07-12 13:00,2.0,3.0,3,3,2026-07-12T19:33:06+00:00,2.0,2026-07-12T19:33:06+00:00,0.0,0.0,OK
Strathcona County,Sherwood Park,2026-07-12 13:00,2.0,3.0,3,3,2026-07-12T19:33:06+00:00,,,,,OK
Edmonton,Edmonton,2026-07-12 14:00,2.0,3.0,3,3,2026-07-12T21:08:14+00:00,2.0,2026-07-12T21:08:15+00:00,0.0,0.0,OK
Calgary,Calgary,2026-07-12 14:00,3.0,3.0,3,3,2026-07-12T21:08:14+00:00,3.0,2026-07-12T21:08:15+00:00,0.0,0.0,OK
Red Deer,Red Deer,2026-07-12 14:00,3.0,3.0,2,3,2026-07-12T21:08:14+00:00,3.0,2026-07-12T21:08:15+00:00,0.0,0.0,OK
Fort McMurray,Fort McMurray,2026-07-12 14:00,2.0,2.0,1,2,2026-07-12T21:08:14+00:00,2.0,2026-07-12T21:08:15+00:00,0.0,0.0,OK
Grande Prairie,Grande Prairie,2026-07-12 14:00,2.0,2.0,2,2,2026-07-12T21:08:14+00:00,2.0,2026-07-12T21:08:15+00:00,0.0,0.0,OK
Lethbridge,Lethbridge,2026-07-12 14:00,2.0,3.0,3,3,2026-07-12T21:08:14+00:00,2.0,2026-07-12T21:08:15+00:00,0.0,0.0,OK
Medicine Hat,Medicine Hat,2026-07-12 14:00,3.0,3.0,3,3,2026-07-12T21:08:14+00:00,3.0,2026-07-12T21:08:15+00:00,0.0,0.0,OK
Airdrie,Airdrie,2026-07-12 14:00,3.0,3.0,3,3,2026-07-12T21:08:14+00:00,3.0,2026-07-12T21:08:15+00:00,0.0,0.0,OK
Cold Lake,Cold Lake,2026-07-12 14:00,2.0,2.0,2,2,2026-07-12T21:08:14+00:00,2.0,2026-07-12T21:08:15+00:00,0.0,0.0,OK
Drayton Valley,Drayton Valley,2026-07-12 14:00,2.0,3.0,2,3,2026-07-12T21:08:14+00:00,2.0,2026-07-12T21:08:15+00:00,0.0,0.0,OK
St. Albert,St. Albert,2026-07-12 14:00,2.0,3.0,3,3,2026-07-12T21:08:14+00:00,2.0,2026-07-12T21:08:15+00:00,0.0,0.0,OK
Strathcona County,Sherwood Park,2026-07-12 14:00,2.0,3.0,3,3,2026-07-12T21:08:14+00:00,,,,,OK
Edmonton,Edmonton,2026-07-12 15:00,2.0,3.0,3,3,2026-07-12T22:09:01+00:00,2.0,2026-07-12T22:09:01+00:00,0.0,0.0,OK
Calgary,Calgary,2026-07-12 15:00,3.0,3.0,3,3,2026-07-12T22:09:01+00:00,3.0,2026-07-12T22:09:01+00:00,0.0,0.0,OK
Red Deer,Red Deer,2026-07-12 15:00,3.0,3.0,2,3,2026-07-12T22:09:01+00:00,3.0,2026-07-12T22:09:01+00:00,0.0,0.0,OK
Fort McMurray,Fort McMurray,2026-07-12 15:00,2.0,2.0,1,2,2026-07-12T22:09:01+00:00,2.0,2026-07-12T22:09:01+00:00,0.0,0.0,OK
Grande Prairie,Grande Prairie,2026-07-12 15:00,2.0,2.0,2,2,2026-07-12T22:09:01+00:00,2.0,2026-07-12T22:09:01+00:00,0.0,0.0,OK
Lethbridge,Lethbridge,2026-07-12 15:00,2.0,3.0,3,3,2026-07-12T22:09:01+00:00,2.0,2026-07-12T22:09:01+00:00,0.0,0.0,OK
Medicine Hat,Medicine Hat,2026-07-12 15:00,2.0,3.0,3,3,2026-07-12T22:09:01+00:00,2.0,2026-07-12T22:09:01+00:00,0.0,0.0,OK
Airdrie,Airdrie,2026-07-12 15:00,3.0,3.0,3,3,2026-07-12T22:09:01+00:00,3.0,2026-07-12T22:09:01+00:00,0.0,0.0,OK
Cold Lake,Cold Lake,2026-07-12 15:00,2.0,2.0,2,2,2026-07-12T22:09:01+00:00,2.0,2026-07-12T22:09:01+00:00,0.0,0.0,OK
Drayton Valley,Drayton Valley,2026-07-12 15:00,2.0,3.0,2,3,2026-07-12T22:09:01+00:00,2.0,2026-07-12T22:09:01+00:00,0.0,0.0,OK
St. Albert,St. Albert,2026-07-12 15:00,2.0,3.0,3,3,2026-07-12T22:09:01+00:00,2.0,2026-07-12T22:09:01+00:00,0.0,0.0,OK
Strathcona County,Sherwood Park,2026-07-12 15:00,2.0,3.0,3,3,2026-07-12T22:09:01+00:00,,,,,OK
Edmonton,Edmonton,2026-07-12 16:00,2.0,,3,3,2026-07-12T23:10:23+00:00,2.0,2026-07-12T23:10:24+00:00,0.0,0.0,OK
Calgary,Calgary,2026-07-12 16:00,4.0,,4,4,2026-07-12T23:10:23+00:00,4.0,2026-07-12T23:10:24+00:00,0.0,0.0,OK
Red Deer,Red Deer,2026-07-12 16:00,3.0,,2,3,2026-07-12T23:10:23+00:00,3.0,2026-07-12T23:10:24+00:00,0.0,0.0,OK
Fort McMurray,Fort McMurray,2026-07-12 16:00,2.0,,2,2,2026-07-12T23:10:23+00:00,2.0,2026-07-12T23:10:24+00:00,0.0,0.0,OK
Grande Prairie,Grande Prairie,2026-07-12 16:00,2.0,,2,2,2026-07-12T23:10:23+00:00,2.0,2026-07-12T23:10:24+00:00,0.0,0.0,OK
Lethbridge,Lethbridge,2026-07-12 16:00,2.0,,3,2,2026-07-12T23:10:23+00:00,2.0,2026-07-12T23:10:24+00:00,0.0,0.0,OK
Medicine Hat,Medicine Hat,2026-07-12 16:00,3.0,,3,3,2026-07-12T23:10:23+00:00,3.0,2026-07-12T23:10:24+00:00,0.0,0.0,OK
Airdrie,Airdrie,2026-07-12 16:00,3.0,,4,4,2026-07-12T23:10:23+00:00,3.0,2026-07-12T23:10:24+00:00,0.0,0.0,OK
Cold Lake,Cold Lake,2026-07-12 16:00,2.0,,2,2,2026-07-12T23:10:23+00:00,2.0,2026-07-12T23:10:24+00:00,0.0,0.0,OK
Drayton Valley,Drayton Valley,2026-07-12 16:00,2.0,,2,2,2026-07-12T23:10:23+00:00,2.0,2026-07-12T23:10:24+00:00,0.0,0.0,OK
St. Albert,St. Albert,2026-07-12 16:00,2.0,,3,3,2026-07-12T23:10:23+00:00,2.0,2026-07-12T23:10:24+00:00,0.0,0.0,OK
Strathcona County,Sherwood Park,2026-07-12 16:00,2.0,,3,3,2026-07-12T23:10:23+00:00,,,,,OK
Edmonton,Edmonton,2026-07-12 17:00,2.0,,3,3,2026-07-13T00:12:01+00:00,2.0,2026-07-13T00:12:01+00:00,0.0,0.0,OK
Calgary,Calgary,2026-07-12 17:00,4.0,,4,4,2026-07-13T00:12:01+00:00,4.0,2026-07-13T00:12:01+00:00,0.0,0.0,OK
Red Deer,Red Deer,2026-07-12 17:00,3.0,,2,3,2026-07-13T00:12:01+00:00,3.0,2026-07-13T00:12:01+00:00,0.0,0.0,OK
Fort McMurray,Fort McMurray,2026-07-12 17:00,2.0,,2,2,2026-07-13T00:12:01+00:00,2.0,2026-07-13T00:12:01+00:00,0.0,0.0,OK
Grande Prairie,Grande Prairie,2026-07-12 17:00,2.0,,2,2,2026-07-13T00:12:01+00:00,2.0,2026-07-13T00:12:01+00:00,0.0,0.0,OK
Lethbridge,Lethbridge,2026-07-12 17:00,2.0,,3,2,2026-07-13T00:12:01+00:00,2.0,2026-07-13T00:12:01+00:00,0.0,0.0,OK
Medicine Hat,Medicine Hat,2026-07-12 17:00,3.0,,3,3,2026-07-13T00:12:01+00:00,3.0,2026-07-13T00:12:01+00:00,0.0,0.0,OK
Airdrie,Airdrie,2026-07-12 17:00,3.0,,4,4,2026-07-13T00:12:01+00:00,3.0,2026-07-13T00:12:01+00:00,0.0,0.0,OK
Cold Lake,Cold Lake,2026-07-12 17:00,2.0,,2,2,2026-07-13T00:12:01+00:00,1.0,2026-07-13T00:12:01+00:00,1.0,1.0,Minor difference
Drayton Valley,Drayton Valley,2026-07-12 17:00,2.0,,2,2,2026-07-13T00:12:01+00:00,2.0,2026-07-13T00:12:01+00:00,0.0,0.0,OK
St. Albert,St. Albert,2026-07-12 17:00,2.0,,3,3,2026-07-13T00:12:01+00:00,2.0,2026-07-13T00:12:01+00:00,0.0,0.0,OK
Strathcona County,Sherwood Park,2026-07-12 17:00,2.0,,3,3,2026-07-13T00:12:01+00:00,,,,,OK
Edmonton,Edmonton,2026-07-12 21:00,2.0,,3,3,2026-07-13T04:03:45+00:00,2.0,2026-07-13T04:03:45+00:00,0.0,0.0,OK
Calgary,Calgary,2026-07-12 21:00,3.0,,4,4,2026-07-13T04:03:45+00:00,3.0,2026-07-13T04:03:45+00:00,0.0,0.0,OK
Red Deer,Red Deer,2026-07-12 21:00,2.0,,2,3,2026-07-13T04:03:45+00:00,2.0,2026-07-13T04:03:45+00:00,0.0,0.0,OK
Fort McMurray,Fort McMurray,2026-07-12 21:00,2.0,,2,2,2026-07-13T04:03:45+00:00,2.0,2026-07-13T04:03:45+00:00,0.0,0.0,OK
Grande Prairie,Grande Prairie,2026-07-12 21:00,1.0,,2,2,2026-07-13T04:03:45+00:00,1.0,2026-07-13T04:03:45+00:00,0.0,0.0,OK
Lethbridge,Lethbridge,2026-07-12 21:00,2.0,,3,2,2026-07-13T04:03:45+00:00,2.0,2026-07-13T04:03:45+00:00,0.0,0.0,OK
Medicine Hat,Medicine Hat,2026-07-12 21:00,2.0,,3,3,2026-07-13T04:03:45+00:00,2.0,2026-07-13T04:03:45+00:00,0.0,0.0,OK
Airdrie,Airdrie,2026-07-12 21:00,3.0,,4,4,2026-07-13T04:03:45+00:00,3.0,2026-07-13T04:03:45+00:00,0.0,0.0,OK
Cold Lake,Cold Lake,2026-07-12 21:00,2.0,,2,2,2026-07-13T04:03:45+00:00,2.0,2026-07-13T04:03:45+00:00,0.0,0.0,OK
Drayton Valley,Drayton Valley,2026-07-12 21:00,3.0,,2,2,2026-07-13T04:03:45+00:00,3.0,2026-07-13T04:03:45+00:00,0.0,0.0,OK
St. Albert,St. Albert,2026-07-12 21:00,2.0,,3,3,2026-07-13T04:03:45+00:00,2.0,2026-07-13T04:03:45+00:00,0.0,0.0,OK
Strathcona County,Sherwood Park,2026-07-12 21:00,2.0,,3,3,2026-07-13T04:03:45+00:00,,,,,OK
Edmonton,Edmonton,2026-07-13 01:00,2.0,,3,3,2026-07-13T07:41:24+00:00,2.0,2026-07-13T07:41:25+00:00,0.0,0.0,OK
Calgary,Calgary,2026-07-13 01:00,2.0,,4,4,2026-07-13T07:41:24+00:00,2.0,2026-07-13T07:41:25+00:00,0.0,0.0,OK
Red Deer,Red Deer,2026-07-13 01:00,2.0,,2,3,2026-07-13T07:41:24+00:00,2.0,2026-07-13T07:41:25+00:00,0.0,0.0,OK
Fort McMurray,Fort McMurray,2026-07-13 01:00,1.0,,2,2,2026-07-13T07:41:24+00:00,1.0,2026-07-13T07:41:25+00:00,0.0,0.0,OK
Grande Prairie,Grande Prairie,2026-07-13 01:00,1.0,,2,2,2026-07-13T07:41:24+00:00,1.0,2026-07-13T07:41:25+00:00,0.0,0.0,OK
Lethbridge,Lethbridge,2026-07-13 01:00,2.0,,3,2,2026-07-13T07:41:24+00:00,2.0,2026-07-13T07:41:25+00:00,0.0,0.0,OK
Medicine Hat,Medicine Hat,2026-07-13 01:00,2.0,,3,3,2026-07-13T07:41:24+00:00,2.0,2026-07-13T07:41:25+00:00,0.0,0.0,OK
Airdrie,Airdrie,2026-07-13 01:00,2.0,,4,4,2026-07-13T07:41:24+00:00,2.0,2026-07-13T07:41:25+00:00,0.0,0.0,OK
Cold Lake,Cold Lake,2026-07-13 01:00,2.0,,2,2,2026-07-13T07:41:24+00:00,2.0,2026-07-13T07:41:25+00:00,0.0,0.0,OK
Drayton Valley,Drayton Valley,2026-07-13 01:00,2.0,,2,2,2026-07-13T07:41:24+00:00,2.0,2026-07-13T07:41:25+00:00,0.0,0.0,OK
St. Albert,St. Albert,2026-07-13 01:00,2.0,,3,3,2026-07-13T07:41:24+00:00,2.0,2026-07-13T07:41:25+00:00,0.0,0.0,OK
Strathcona County,Sherwood Park,2026-07-13 01:00,2.0,,3,3,2026-07-13T07:41:24+00:00,,,,,OK
Edmonton,Edmonton,2026-07-13 05:00,2.0,,3,3,2026-07-13T11:30:35+00:00,2.0,2026-07-13T11:30:35+00:00,0.0,0.0,OK
Calgary,Calgary,2026-07-13 04:00,2.0,,4,4,2026-07-13T11:30:35+00:00,2.0,2026-07-13T11:30:35+00:00,0.0,0.0,OK
Red Deer,Red Deer,2026-07-13 05:00,1.0,,2,3,2026-07-13T11:30:35+00:00,2.0,2026-07-13T11:30:35+00:00,-1.0,1.0,Minor difference
Fort McMurray,Fort McMurray,2026-07-13 05:00,1.0,,2,2,2026-07-13T11:30:35+00:00,1.0,2026-07-13T11:30:35+00:00,0.0,0.0,OK
Grande Prairie,Grande Prairie,2026-07-13 05:00,1.0,,2,2,2026-07-13T11:30:35+00:00,1.0,2026-07-13T11:30:35+00:00,0.0,0.0,OK
Lethbridge,Lethbridge,2026-07-13 03:00,2.0,,3,2,2026-07-13T11:30:35+00:00,1.0,2026-07-13T11:30:35+00:00,1.0,1.0,Minor difference
Medicine Hat,Medicine Hat,2026-07-13 04:00,2.0,,3,3,2026-07-13T11:30:35+00:00,2.0,2026-07-13T11:30:35+00:00,0.0,0.0,OK
Airdrie,Airdrie,2026-07-13 04:00,2.0,,4,4,2026-07-13T11:30:35+00:00,2.0,2026-07-13T11:30:35+00:00,0.0,0.0,OK
Cold Lake,Cold Lake,2026-07-13 05:00,1.0,,2,2,2026-07-13T11:30:35+00:00,1.0,2026-07-13T11:30:35+00:00,0.0,0.0,OK
Drayton Valley,Drayton Valley,2026-07-13 04:00,2.0,,2,2,2026-07-13T11:30:35+00:00,1.0,2026-07-13T11:30:35+00:00,1.0,1.0,Minor difference
St. Albert,St. Albert,2026-07-13 04:00,1.0,,3,3,2026-07-13T11:30:35+00:00,1.0,2026-07-13T11:30:35+00:00,0.0,0.0,OK
Strathcona County,Sherwood Park,2026-07-13 05:00,1.0,,3,3,2026-07-13T11:30:35+00:00,,,,,OK
Edmonton,Edmonton,2026-07-13 08:00,2.0,3.0,3,3,2026-07-13T15:13:11+00:00,2.0,2026-07-13T15:13:11+00:00,0.0,0.0,OK
Calgary,Calgary,2026-07-13 08:00,2.0,4.0,4,4,2026-07-13T15:13:11+00:00,2.0,2026-07-13T15:13:11+00:00,0.0,0.0,OK
Red Deer,Red Deer,2026-07-13 08:00,1.0,3.0,3,3,2026-07-13T15:13:11+00:00,1.0,2026-07-13T15:13:11+00:00,0.0,0.0,OK
Fort McMurray,Fort McMurray,2026-07-13 08:00,1.0,2.0,2,2,2026-07-13T15:13:11+00:00,1.0,2026-07-13T15:13:11+00:00,0.0,0.0,OK
Grande Prairie,Grande Prairie,2026-07-13 08:00,1.0,2.0,2,2,2026-07-13T15:13:11+00:00,1.0,2026-07-13T15:13:11+00:00,0.0,0.0,OK
Lethbridge,Lethbridge,2026-07-13 08:00,2.0,3.0,3,3,2026-07-13T15:13:11+00:00,2.0,2026-07-13T15:13:11+00:00,0.0,0.0,OK
Medicine Hat,Medicine Hat,2026-07-13 08:00,2.0,3.0,3,3,2026-07-13T15:13:11+00:00,2.0,2026-07-13T15:13:11+00:00,0.0,0.0,OK
Airdrie,Airdrie,2026-07-13 08:00,2.0,4.0,4,4,2026-07-13T15:13:11+00:00,2.0,2026-07-13T15:13:11+00:00,0.0,0.0,OK
Cold Lake,Cold Lake,2026-07-13 08:00,1.0,2.0,2,2,2026-07-13T15:13:11+00:00,1.0,2026-07-13T15:13:11+00:00,0.0,0.0,OK
Drayton Valley,Drayton Valley,2026-07-13 08:00,2.0,3.0,3,3,2026-07-13T15:13:11+00:00,2.0,2026-07-13T15:13:11+00:00,0.0,0.0,OK
St. Albert,St. Albert,2026-07-13 08:00,1.0,3.0,3,3,2026-07-13T15:13:11+00:00,1.0,2026-07-13T15:13:11+00:00,0.0,0.0,OK
Strathcona County,Sherwood Park,2026-07-13 08:00,1.0,3.0,3,3,2026-07-13T15:13:11+00:00,,,,,OK
Edmonton,Edmonton,2026-07-13 10:00,2.0,3.0,3,3,2026-07-13T17:24:38+00:00,2.0,2026-07-13T17:24:38+00:00,0.0,0.0,OK
Calgary,Calgary,2026-07-13 10:00,2.0,4.0,4,4,2026-07-13T17:24:38+00:00,2.0,2026-07-13T17:24:38+00:00,0.0,0.0,OK
Red Deer,Red Deer,2026-07-13 10:00,2.0,3.0,3,3,2026-07-13T17:24:38+00:00,2.0,2026-07-13T17:24:38+00:00,0.0,0.0,OK
Fort McMurray,Fort McMurray,2026-07-13 10:00,1.0,2.0,2,2,2026-07-13T17:24:38+00:00,1.0,2026-07-13T17:24:38+00:00,0.0,0.0,OK
Grande Prairie,Grande Prairie,2026-07-13 10:00,1.0,2.0,2,2,2026-07-13T17:24:38+00:00,1.0,2026-07-13T17:24:38+00:00,0.0,0.0,OK
Lethbridge,Lethbridge,2026-07-13 11:00,2.0,3.0,3,3,2026-07-13T17:24:38+00:00,2.0,2026-07-13T17:24:38+00:00,0.0,0.0,OK
Medicine Hat,Medicine Hat,2026-07-13 10:00,2.0,3.0,3,3,2026-07-13T17:24:38+00:00,2.0,2026-07-13T17:24:38+00:00,0.0,0.0,OK
Airdrie,Airdrie,2026-07-13 10:00,2.0,4.0,4,4,2026-07-13T17:24:38+00:00,2.0,2026-07-13T17:24:38+00:00,0.0,0.0,OK
Cold Lake,Cold Lake,2026-07-13 11:00,1.0,2.0,2,2,2026-07-13T17:24:38+00:00,1.0,2026-07-13T17:24:38+00:00,0.0,0.0,OK
Drayton Valley,Drayton Valley,2026-07-13 10:00,2.0,3.0,3,3,2026-07-13T17:24:38+00:00,2.0,2026-07-13T17:24:38+00:00,0.0,0.0,OK
St. Albert,St. Albert,2026-07-13 10:00,1.0,3.0,3,3,2026-07-13T17:24:38+00:00,2.0,2026-07-13T17:24:38+00:00,-1.0,1.0,Minor difference
Strathcona County,Sherwood Park,2026-07-13 11:00,2.0,3.0,3,3,2026-07-13T17:24:38+00:00,,,,,OK
Edmonton,Edmonton,2026-07-13 13:00,2.0,3.0,3,3,2026-07-13T19:51:21+00:00,2.0,2026-07-13T19:51:22+00:00,0.0,0.0,OK
Calgary,Calgary,2026-07-13 13:00,3.0,4.0,4,4,2026-07-13T19:51:21+00:00,3.0,2026-07-13T19:51:22+00:00,0.0,0.0,OK
Red Deer,Red Deer,2026-07-13 13:00,2.0,3.0,3,3,2026-07-13T19:51:21+00:00,2.0,2026-07-13T19:51:22+00:00,0.0,0.0,OK
Fort McMurray,Fort McMurray,2026-07-13 13:00,1.0,2.0,2,2,2026-07-13T19:51:21+00:00,1.0,2026-07-13T19:51:22+00:00,0.0,0.0,OK
Grande Prairie,Grande Prairie,2026-07-13 13:00,1.0,2.0,2,2,2026-07-13T19:51:21+00:00,1.0,2026-07-13T19:51:22+00:00,0.0,0.0,OK
Lethbridge,Lethbridge,2026-07-13 13:00,2.0,3.0,3,3,2026-07-13T19:51:21+00:00,2.0,2026-07-13T19:51:22+00:00,0.0,0.0,OK
Medicine Hat,Medicine Hat,2026-07-13 13:00,3.0,3.0,3,3,2026-07-13T19:51:21+00:00,3.0,2026-07-13T19:51:22+00:00,0.0,0.0,OK
Airdrie,Airdrie,2026-07-13 13:00,2.0,4.0,4,4,2026-07-13T19:51:21+00:00,2.0,2026-07-13T19:51:22+00:00,0.0,0.0,OK
Cold Lake,Cold Lake,2026-07-13 13:00,2.0,2.0,2,2,2026-07-13T19:51:21+00:00,2.0,2026-07-13T19:51:22+00:00,0.0,0.0,OK
Drayton Valley,Drayton Valley,2026-07-13 13:00,2.0,3.0,3,3,2026-07-13T19:51:21+00:00,2.0,2026-07-13T19:51:22+00:00,0.0,0.0,OK
St. Albert,St. Albert,2026-07-13 13:00,2.0,3.0,3,3,2026-07-13T19:51:21+00:00,2.0,2026-07-13T19:51:22+00:00,0.0,0.0,OK
Strathcona County,Sherwood Park,2026-07-13 13:00,2.0,3.0,3,3,2026-07-13T19:51:21+00:00,,,,,OK
Edmonton,Edmonton,2026-07-13 14:00,2.0,3.0,3,3,2026-07-13T21:13:51+00:00,2.0,2026-07-13T21:13:51+00:00,0.0,0.0,OK
Calgary,Calgary,2026-07-13 14:00,3.0,4.0,4,4,2026-07-13T21:13:51+00:00,3.0,2026-07-13T21:13:51+00:00,0.0,0.0,OK
Red Deer,Red Deer,2026-07-13 14:00,2.0,3.0,3,3,2026-07-13T21:13:51+00:00,2.0,2026-07-13T21:13:51+00:00,0.0,0.0,OK
Fort McMurray,Fort McMurray,2026-07-13 14:00,1.0,2.0,2,2,2026-07-13T21:13:51+00:00,1.0,2026-07-13T21:13:51+00:00,0.0,0.0,OK
Grande Prairie,Grande Prairie,2026-07-13 14:00,2.0,2.0,2,2,2026-07-13T21:13:51+00:00,1.0,2026-07-13T21:13:51+00:00,1.0,1.0,Minor difference
Lethbridge,Lethbridge,2026-07-13 14:00,3.0,3.0,3,3,2026-07-13T21:13:51+00:00,3.0,2026-07-13T21:13:51+00:00,0.0,0.0,OK
Medicine Hat,Medicine Hat,2026-07-13 14:00,3.0,3.0,3,3,2026-07-13T21:13:51+00:00,3.0,2026-07-13T21:13:51+00:00,0.0,0.0,OK
Airdrie,Airdrie,2026-07-13 14:00,2.0,4.0,4,4,2026-07-13T21:13:51+00:00,2.0,2026-07-13T21:13:51+00:00,0.0,0.0,OK
Cold Lake,Cold Lake,2026-07-13 14:00,2.0,2.0,2,2,2026-07-13T21:13:51+00:00,2.0,2026-07-13T21:13:51+00:00,0.0,0.0,OK
Drayton Valley,Drayton Valley,2026-07-13 14:00,2.0,3.0,3,3,2026-07-13T21:13:51+00:00,2.0,2026-07-13T21:13:51+00:00,0.0,0.0,OK
St. Albert,St. Albert,2026-07-13 14:00,2.0,3.0,3,3,2026-07-13T21:13:51+00:00,2.0,2026-07-13T21:13:51+00:00,0.0,0.0,OK
Strathcona County,Sherwood Park,2026-07-13 14:00,2.0,3.0,3,3,2026-07-13T21:13:51+00:00,,,,,OK
Edmonton,Edmonton,2026-07-13 15:00,2.0,3.0,3,3,2026-07-13T22:14:07+00:00,2.0,2026-07-13T22:14:07+00:00,0.0,0.0,OK
Calgary,Calgary,2026-07-13 15:00,3.0,4.0,4,4,2026-07-13T22:14:07+00:00,3.0,2026-07-13T22:14:07+00:00,0.0,0.0,OK
Red Deer,Red Deer,2026-07-13 15:00,2.0,3.0,3,3,2026-07-13T22:14:07+00:00,2.0,2026-07-13T22:14:07+00:00,0.0,0.0,OK
Fort McMurray,Fort McMurray,2026-07-13 15:00,1.0,2.0,2,2,2026-07-13T22:14:07+00:00,1.0,2026-07-13T22:14:07+00:00,0.0,0.0,OK
Grande Prairie,Grande Prairie,2026-07-13 15:00,2.0,2.0,2,2,2026-07-13T22:14:07+00:00,2.0,2026-07-13T22:14:07+00:00,0.0,0.0,OK
Lethbridge,Lethbridge,2026-07-13 15:00,3.0,3.0,3,3,2026-07-13T22:14:07+00:00,3.0,2026-07-13T22:14:07+00:00,0.0,0.0,OK
Medicine Hat,Medicine Hat,2026-07-13 15:00,3.0,3.0,3,3,2026-07-13T22:14:07+00:00,3.0,2026-07-13T22:14:07+00:00,0.0,0.0,OK
Airdrie,Airdrie,2026-07-13 15:00,3.0,4.0,4,4,2026-07-13T22:14:07+00:00,3.0,2026-07-13T22:14:07+00:00,0.0,0.0,OK
Cold Lake,Cold Lake,2026-07-13 15:00,2.0,2.0,2,2,2026-07-13T22:14:07+00:00,2.0,2026-07-13T22:14:07+00:00,0.0,0.0,OK
Drayton Valley,Drayton Valley,2026-07-13 15:00,2.0,3.0,3,3,2026-07-13T22:14:07+00:00,2.0,2026-07-13T22:14:07+00:00,0.0,0.0,OK
St. Albert,St. Albert,2026-07-13 15:00,2.0,3.0,3,3,2026-07-13T22:14:07+00:00,2.0,2026-07-13T22:14:07+00:00,0.0,0.0,OK
Strathcona County,Sherwood Park,2026-07-13 15:00,2.0,3.0,3,3,2026-07-13T22:14:07+00:00,,,,,OK
Edmonton,Edmonton,2026-07-13 16:00,2.0,,2,2,2026-07-13T23:16:19+00:00,2.0,2026-07-13T23:16:19+00:00,0.0,0.0,OK
Calgary,Calgary,2026-07-13 16:00,3.0,,3,3,2026-07-13T23:16:19+00:00,3.0,2026-07-13T23:16:19+00:00,0.0,0.0,OK
Red Deer,Red Deer,2026-07-13 16:00,2.0,,2,2,2026-07-13T23:16:19+00:00,2.0,2026-07-13T23:16:19+00:00,0.0,0.0,OK
Fort McMurray,Fort McMurray,2026-07-13 16:00,1.0,,2,2,2026-07-13T23:16:19+00:00,1.0,2026-07-13T23:16:19+00:00,0.0,0.0,OK
Grande Prairie,Grande Prairie,2026-07-13 16:00,2.0,,2,2,2026-07-13T23:16:19+00:00,2.0,2026-07-13T23:16:19+00:00,0.0,0.0,OK
Lethbridge,Lethbridge,2026-07-13 16:00,3.0,,3,3,2026-07-13T23:16:19+00:00,3.0,2026-07-13T23:16:19+00:00,0.0,0.0,OK
Medicine Hat,Medicine Hat,2026-07-13 16:00,3.0,,3,3,2026-07-13T23:16:19+00:00,3.0,2026-07-13T23:16:19+00:00,0.0,0.0,OK
Airdrie,Airdrie,2026-07-13 16:00,3.0,,3,3,2026-07-13T23:16:19+00:00,3.0,2026-07-13T23:16:19+00:00,0.0,0.0,OK
Cold Lake,Cold Lake,2026-07-13 16:00,2.0,,2,2,2026-07-13T23:16:19+00:00,1.0,2026-07-13T23:16:19+00:00,1.0,1.0,Minor difference
Drayton Valley,Drayton Valley,2026-07-13 16:00,2.0,,2,2,2026-07-13T23:16:19+00:00,2.0,2026-07-13T23:16:19+00:00,0.0,0.0,OK
St. Albert,St. Albert,2026-07-13 16:00,2.0,,2,2,2026-07-13T23:16:19+00:00,2.0,2026-07-13T23:16:19+00:00,0.0,0.0,OK
Strathcona County,Sherwood Park,2026-07-13 16:00,2.0,,2,2,2026-07-13T23:16:19+00:00,,,,,OK
Edmonton,Edmonton,2026-07-13 21:00,2.0,,2,2,2026-07-14T03:37:04+00:00,2.0,2026-07-14T03:37:04+00:00,0.0,0.0,OK
Calgary,Calgary,2026-07-13 21:00,3.0,,3,3,2026-07-14T03:37:04+00:00,3.0,2026-07-14T03:37:04+00:00,0.0,0.0,OK
Red Deer,Red Deer,2026-07-13 21:00,3.0,,2,2,2026-07-14T03:37:04+00:00,3.0,2026-07-14T03:37:04+00:00,0.0,0.0,OK
Fort McMurray,Fort McMurray,2026-07-13 21:00,2.0,,2,2,2026-07-14T03:37:04+00:00,2.0,2026-07-14T03:37:04+00:00,0.0,0.0,OK
Grande Prairie,Grande Prairie,2026-07-13 21:00,2.0,,2,2,2026-07-14T03:37:04+00:00,2.0,2026-07-14T03:37:04+00:00,0.0,0.0,OK
Lethbridge,Lethbridge,2026-07-13 21:00,2.0,,3,3,2026-07-14T03:37:04+00:00,2.0,2026-07-14T03:37:04+00:00,0.0,0.0,OK
Medicine Hat,Medicine Hat,2026-07-13 21:00,2.0,,3,3,2026-07-14T03:37:04+00:00,2.0,2026-07-14T03:37:04+00:00,0.0,0.0,OK
Airdrie,Airdrie,2026-07-13 21:00,3.0,,3,3,2026-07-14T03:37:04+00:00,3.0,2026-07-14T03:37:04+00:00,0.0,0.0,OK
Cold Lake,Cold Lake,2026-07-13 21:00,2.0,,2,2,2026-07-14T03:37:04+00:00,2.0,2026-07-14T03:37:04+00:00,0.0,0.0,OK
Drayton Valley,Drayton Valley,2026-07-13 21:00,2.0,,2,2,2026-07-14T03:37:04+00:00,2.0,2026-07-14T03:37:04+00:00,0.0,0.0,OK
St. Albert,St. Albert,2026-07-13 21:00,3.0,,2,2,2026-07-14T03:37:04+00:00,3.0,2026-07-14T03:37:04+00:00,0.0,0.0,OK
Strathcona County,Sherwood Park,2026-07-13 21:00,2.0,,2,2,2026-07-14T03:37:04+00:00,,,,,OK
Edmonton,Edmonton,2026-07-13 23:00,2.0,,2,2,2026-07-14T06:26:37+00:00,2.0,2026-07-14T06:26:37+00:00,0.0,0.0,OK
Calgary,Calgary,2026-07-13 23:00,3.0,,3,3,2026-07-14T06:26:37+00:00,3.0,2026-07-14T06:26:37+00:00,0.0,0.0,OK
Red Deer,Red Deer,2026-07-13 23:00,2.0,,2,2,2026-07-14T06:26:37+00:00,2.0,2026-07-14T06:26:37+00:00,0.0,0.0,OK
Fort McMurray,Fort McMurray,2026-07-13 23:00,2.0,,2,2,2026-07-14T06:26:37+00:00,2.0,2026-07-14T06:26:37+00:00,0.0,0.0,OK
Grande Prairie,Grande Prairie,2026-07-13 23:00,2.0,,2,2,2026-07-14T06:26:37+00:00,2.0,2026-07-14T06:26:37+00:00,0.0,0.0,OK
Lethbridge,Lethbridge,2026-07-14 00:00,2.0,,3,3,2026-07-14T06:26:37+00:00,2.0,2026-07-14T06:26:37+00:00,0.0,0.0,OK
Medicine Hat,Medicine Hat,2026-07-13 23:00,2.0,,3,3,2026-07-14T06:26:37+00:00,2.0,2026-07-14T06:26:37+00:00,0.0,0.0,OK
Airdrie,Airdrie,2026-07-13 23:00,3.0,,3,3,2026-07-14T06:26:37+00:00,3.0,2026-07-14T06:26:37+00:00,0.0,0.0,OK
Cold Lake,Cold Lake,2026-07-14 00:00,2.0,,2,2,2026-07-14T06:26:37+00:00,2.0,2026-07-14T06:26:37+00:00,0.0,0.0,OK
Drayton Valley,Drayton Valley,2026-07-13 23:00,2.0,,2,2,2026-07-14T06:26:37+00:00,2.0,2026-07-14T06:26:37+00:00,0.0,0.0,OK
St. Albert,St. Albert,2026-07-13 23:00,2.0,,2,2,2026-07-14T06:26:37+00:00,2.0,2026-07-14T06:26:37+00:00,0.0,0.0,OK
Strathcona County,Sherwood Park,2026-07-14 00:00,2.0,,2,2,2026-07-14T06:26:37+00:00,,,,,OK
Edmonton,Edmonton,2026-07-14 02:00,2.0,,2,2,2026-07-14T09:18:37+00:00,2.0,2026-07-14T09:18:38+00:00,0.0,0.0,OK
Calgary,Calgary,2026-07-14 02:00,3.0,,3,3,2026-07-14T09:18:37+00:00,3.0,2026-07-14T09:18:38+00:00,0.0,0.0,OK
Red Deer,Red Deer,2026-07-14 02:00,2.0,,2,2,2026-07-14T09:18:37+00:00,2.0,2026-07-14T09:18:38+00:00,0.0,0.0,OK
Fort McMurray,Fort McMurray,2026-07-14 02:00,2.0,,2,2,2026-07-14T09:18:37+00:00,2.0,2026-07-14T09:18:38+00:00,0.0,0.0,OK
Grande Prairie,Grande Prairie,2026-07-14 02:00,1.0,,2,2,2026-07-14T09:18:37+00:00,1.0,2026-07-14T09:18:38+00:00,0.0,0.0,OK
Lethbridge,Lethbridge,2026-07-14 02:00,2.0,,3,3,2026-07-14T09:18:37+00:00,2.0,2026-07-14T09:18:38+00:00,0.0,0.0,OK
Medicine Hat,Medicine Hat,2026-07-14 02:00,2.0,,3,3,2026-07-14T09:18:37+00:00,2.0,2026-07-14T09:18:38+00:00,0.0,0.0,OK
Airdrie,Airdrie,2026-07-14 02:00,2.0,,3,3,2026-07-14T09:18:37+00:00,2.0,2026-07-14T09:18:38+00:00,0.0,0.0,OK
Cold Lake,Cold Lake,2026-07-14 02:00,1.0,,2,2,2026-07-14T09:18:37+00:00,1.0,2026-07-14T09:18:38+00:00,0.0,0.0,OK
Drayton Valley,Drayton Valley,2026-07-14 02:00,2.0,,2,2,2026-07-14T09:18:37+00:00,2.0,2026-07-14T09:18:38+00:00,0.0,0.0,OK
St. Albert,St. Albert,2026-07-14 02:00,2.0,,2,2,2026-07-14T09:18:37+00:00,2.0,2026-07-14T09:18:38+00:00,0.0,0.0,OK
Strathcona County,Sherwood Park,2026-07-14 02:00,2.0,,2,2,2026-07-14T09:18:37+00:00,,,,,OK
Edmonton,Edmonton,2026-07-14 05:00,2.0,,2,2,2026-07-14T11:45:48+00:00,2.0,2026-07-14T11:45:48+00:00,0.0,0.0,OK
Calgary,Calgary,2026-07-14 04:00,3.0,,3,3,2026-07-14T11:45:48+00:00,2.0,2026-07-14T11:45:48+00:00,1.0,1.0,Minor difference
Red Deer,Red Deer,2026-07-14 05:00,2.0,,2,2,2026-07-14T11:45:48+00:00,2.0,2026-07-14T11:45:48+00:00,0.0,0.0,OK
Fort McMurray,Fort McMurray,2026-07-14 05:00,1.0,,2,2,2026-07-14T11:45:48+00:00,1.0,2026-07-14T11:45:48+00:00,0.0,0.0,OK
Grande Prairie,Grande Prairie,2026-07-14 05:00,1.0,,2,2,2026-07-14T11:45:48+00:00,1.0,2026-07-14T11:45:48+00:00,0.0,0.0,OK
Lethbridge,Lethbridge,2026-07-14 03:00,2.0,,3,3,2026-07-14T11:45:48+00:00,1.0,2026-07-14T11:45:48+00:00,1.0,1.0,Minor difference
Medicine Hat,Medicine Hat,2026-07-14 04:00,2.0,,3,3,2026-07-14T11:45:48+00:00,2.0,2026-07-14T11:45:48+00:00,0.0,0.0,OK
Airdrie,Airdrie,2026-07-14 04:00,2.0,,3,3,2026-07-14T11:45:48+00:00,2.0,2026-07-14T11:45:48+00:00,0.0,0.0,OK
Cold Lake,Cold Lake,2026-07-14 05:00,1.0,,2,2,2026-07-14T11:45:48+00:00,1.0,2026-07-14T11:45:48+00:00,0.0,0.0,OK
Drayton Valley,Drayton Valley,2026-07-14 04:00,2.0,,2,2,2026-07-14T11:45:48+00:00,2.0,2026-07-14T11:45:48+00:00,0.0,0.0,OK
St. Albert,St. Albert,2026-07-14 04:00,2.0,,2,2,2026-07-14T11:45:48+00:00,2.0,2026-07-14T11:45:48+00:00,0.0,0.0,OK
Strathcona County,Sherwood Park,2026-07-14 05:00,1.0,,2,2,2026-07-14T11:45:48+00:00,,,,,OK
Edmonton,Edmonton,2026-07-14 07:00,2.0,3.0,3,3,2026-07-14T14:15:24+00:00,2.0,2026-07-14T14:15:24+00:00,0.0,0.0,OK
Calgary,Calgary,2026-07-14 07:00,2.0,3.0,3,3,2026-07-14T14:15:24+00:00,2.0,2026-07-14T14:15:24+00:00,0.0,0.0,OK
Red Deer,Red Deer,2026-07-14 07:00,2.0,3.0,3,3,2026-07-14T14:15:24+00:00,2.0,2026-07-14T14:15:24+00:00,0.0,0.0,OK
Fort McMurray,Fort McMurray,2026-07-14 07:00,2.0,2.0,2,2,2026-07-14T14:15:24+00:00,1.0,2026-07-14T14:15:24+00:00,1.0,1.0,Minor difference
Grande Prairie,Grande Prairie,2026-07-14 07:00,1.0,2.0,3,2,2026-07-14T14:15:24+00:00,1.0,2026-07-14T14:15:24+00:00,0.0,0.0,OK
Lethbridge,Lethbridge,2026-07-14 07:00,2.0,3.0,3,3,2026-07-14T14:15:24+00:00,2.0,2026-07-14T14:15:24+00:00,0.0,0.0,OK
Medicine Hat,Medicine Hat,2026-07-14 07:00,1.0,3.0,3,3,2026-07-14T14:15:24+00:00,1.0,2026-07-14T14:15:24+00:00,0.0,0.0,OK
Airdrie,Airdrie,2026-07-14 07:00,1.0,3.0,3,3,2026-07-14T14:15:24+00:00,1.0,2026-07-14T14:15:24+00:00,0.0,0.0,OK
Cold Lake,Cold Lake,2026-07-14 07:00,1.0,2.0,2,2,2026-07-14T14:15:24+00:00,1.0,2026-07-14T14:15:24+00:00,0.0,0.0,OK
Drayton Valley,Drayton Valley,2026-07-14 07:00,2.0,3.0,3,3,2026-07-14T14:15:24+00:00,2.0,2026-07-14T14:15:24+00:00,0.0,0.0,OK
St. Albert,St. Albert,2026-07-14 07:00,2.0,3.0,3,3,2026-07-14T14:15:24+00:00,2.0,2026-07-14T14:15:24+00:00,0.0,0.0,OK
Strathcona County,Sherwood Park,2026-07-14 07:00,1.0,2.0,3,2,2026-07-14T14:15:24+00:00,,,,,OK
Edmonton,Edmonton,2026-07-14 11:00,2.0,3.0,3,3,2026-07-14T17:35:23+00:00,2.0,2026-07-14T17:35:23+00:00,0.0,0.0,OK
Calgary,Calgary,2026-07-14 11:00,2.0,3.0,3,3,2026-07-14T17:35:23+00:00,2.0,2026-07-14T17:35:23+00:00,0.0,0.0,OK
Red Deer,Red Deer,2026-07-14 11:00,2.0,3.0,3,3,2026-07-14T17:35:23+00:00,2.0,2026-07-14T17:35:23+00:00,0.0,0.0,OK
Fort McMurray,Fort McMurray,2026-07-14 11:00,1.0,2.0,2,2,2026-07-14T17:35:23+00:00,1.0,2026-07-14T17:35:23+00:00,0.0,0.0,OK
Grande Prairie,Grande Prairie,2026-07-14 11:00,2.0,2.0,3,2,2026-07-14T17:35:23+00:00,2.0,2026-07-14T17:35:23+00:00,0.0,0.0,OK
Lethbridge,Lethbridge,2026-07-14 11:00,2.0,3.0,3,3,2026-07-14T17:35:23+00:00,2.0,2026-07-14T17:35:23+00:00,0.0,0.0,OK
Medicine Hat,Medicine Hat,2026-07-14 11:00,2.0,3.0,3,3,2026-07-14T17:35:23+00:00,2.0,2026-07-14T17:35:23+00:00,0.0,0.0,OK
Airdrie,Airdrie,2026-07-14 11:00,2.0,3.0,3,3,2026-07-14T17:35:23+00:00,2.0,2026-07-14T17:35:23+00:00,0.0,0.0,OK
Cold Lake,Cold Lake,2026-07-14 11:00,2.0,2.0,2,2,2026-07-14T17:35:23+00:00,2.0,2026-07-14T17:35:23+00:00,0.0,0.0,OK
Drayton Valley,Drayton Valley,2026-07-14 11:00,2.0,3.0,3,3,2026-07-14T17:35:23+00:00,2.0,2026-07-14T17:35:23+00:00,0.0,0.0,OK
St. Albert,St. Albert,2026-07-14 11:00,2.0,3.0,3,3,2026-07-14T17:35:23+00:00,2.0,2026-07-14T17:35:23+00:00,0.0,0.0,OK
Strathcona County,Sherwood Park,2026-07-14 11:00,2.0,2.0,3,2,2026-07-14T17:35:23+00:00,,,,,OK
Edmonton,Edmonton,2026-07-14 13:00,2.0,3.0,3,3,2026-07-14T19:45:17+00:00,2.0,2026-07-14T19:45:17+00:00,0.0,0.0,OK
Calgary,Calgary,2026-07-14 13:00,2.0,3.0,3,3,2026-07-14T19:45:17+00:00,2.0,2026-07-14T19:45:17+00:00,0.0,0.0,OK
Red Deer,Red Deer,2026-07-14 13:00,2.0,3.0,3,3,2026-07-14T19:45:17+00:00,2.0,2026-07-14T19:45:17+00:00,0.0,0.0,OK
Fort McMurray,Fort McMurray,2026-07-14 13:00,2.0,2.0,2,2,2026-07-14T19:45:17+00:00,2.0,2026-07-14T19:45:17+00:00,0.0,0.0,OK
Grande Prairie,Grande Prairie,2026-07-14 13:00,2.0,2.0,3,2,2026-07-14T19:45:17+00:00,2.0,2026-07-14T19:45:17+00:00,0.0,0.0,OK
Lethbridge,Lethbridge,2026-07-14 13:00,2.0,3.0,3,3,2026-07-14T19:45:17+00:00,2.0,2026-07-14T19:45:17+00:00,0.0,0.0,OK
Medicine Hat,Medicine Hat,2026-07-14 13:00,2.0,3.0,3,3,2026-07-14T19:45:17+00:00,2.0,2026-07-14T19:45:17+00:00,0.0,0.0,OK
Airdrie,Airdrie,2026-07-14 13:00,2.0,3.0,3,3,2026-07-14T19:45:17+00:00,2.0,2026-07-14T19:45:17+00:00,0.0,0.0,OK
Cold Lake,Cold Lake,2026-07-14 13:00,2.0,2.0,2,2,2026-07-14T19:45:17+00:00,2.0,2026-07-14T19:45:17+00:00,0.0,0.0,OK
Drayton Valley,Drayton Valley,2026-07-14 13:00,2.0,3.0,3,3,2026-07-14T19:45:17+00:00,2.0,2026-07-14T19:45:17+00:00,0.0,0.0,OK
St. Albert,St. Albert,2026-07-14 13:00,2.0,3.0,3,3,2026-07-14T19:45:17+00:00,2.0,2026-07-14T19:45:17+00:00,0.0,0.0,OK
Strathcona County,Sherwood Park,2026-07-14 13:00,2.0,2.0,3,2,2026-07-14T19:45:17+00:00,,,,,OK
Edmonton,Edmonton,2026-07-14 14:00,2.0,3.0,3,3,2026-07-14T21:16:24+00:00,2.0,2026-07-14T21:16:24+00:00,0.0,0.0,OK
Calgary,Calgary,2026-07-14 14:00,2.0,3.0,3,3,2026-07-14T21:16:24+00:00,2.0,2026-07-14T21:16:24+00:00,0.0,0.0,OK
Red Deer,Red Deer,2026-07-14 14:00,2.0,3.0,3,3,2026-07-14T21:16:24+00:00,2.0,2026-07-14T21:16:24+00:00,0.0,0.0,OK
Fort McMurray,Fort McMurray,2026-07-14 14:00,2.0,2.0,2,2,2026-07-14T21:16:24+00:00,2.0,2026-07-14T21:16:24+00:00,0.0,0.0,OK
Grande Prairie,Grande Prairie,2026-07-14 14:00,2.0,2.0,3,2,2026-07-14T21:16:24+00:00,2.0,2026-07-14T21:16:24+00:00,0.0,0.0,OK
Lethbridge,Lethbridge,2026-07-14 14:00,3.0,3.0,3,3,2026-07-14T21:16:24+00:00,3.0,2026-07-14T21:16:24+00:00,0.0,0.0,OK
Medicine Hat,Medicine Hat,2026-07-14 14:00,2.0,3.0,3,3,2026-07-14T21:16:24+00:00,2.0,2026-07-14T21:16:24+00:00,0.0,0.0,OK
Airdrie,Airdrie,2026-07-14 14:00,2.0,3.0,3,3,2026-07-14T21:16:24+00:00,2.0,2026-07-14T21:16:24+00:00,0.0,0.0,OK
Cold Lake,Cold Lake,2026-07-14 14:00,2.0,2.0,2,2,2026-07-14T21:16:24+00:00,3.0,2026-07-14T21:16:24+00:00,-1.0,1.0,Minor difference
Drayton Valley,Drayton Valley,2026-07-14 14:00,2.0,3.0,3,3,2026-07-14T21:16:24+00:00,2.0,2026-07-14T21:16:24+00:00,0.0,0.0,OK
St. Albert,St. Albert,2026-07-14 14:00,2.0,3.0,3,3,2026-07-14T21:16:24+00:00,2.0,2026-07-14T21:16:24+00:00,0.0,0.0,OK
Strathcona County,Sherwood Park,2026-07-14 14:00,2.0,2.0,3,2,2026-07-14T21:16:24+00:00,,,,,OK
Edmonton,Edmonton,2026-07-14 16:00,2.0,,4,3,2026-07-14T23:12:23+00:00,2.0,2026-07-14T23:12:23+00:00,0.0,0.0,OK
Calgary,Calgary,2026-07-14 16:00,2.0,,4,3,2026-07-14T23:12:23+00:00,2.0,2026-07-14T23:12:23+00:00,0.0,0.0,OK
Red Deer,Red Deer,2026-07-14 16:00,2.0,,3,2,2026-07-14T23:12:23+00:00,2.0,2026-07-14T23:12:23+00:00,0.0,0.0,OK
Fort McMurray,Fort McMurray,2026-07-14 16:00,2.0,,2,2,2026-07-14T23:12:23+00:00,2.0,2026-07-14T23:12:23+00:00,0.0,0.0,OK
Grande Prairie,Grande Prairie,2026-07-14 16:00,2.0,,2,2,2026-07-14T23:12:23+00:00,2.0,2026-07-14T23:12:23+00:00,0.0,0.0,OK
Lethbridge,Lethbridge,2026-07-14 16:00,3.0,,3,3,2026-07-14T23:12:23+00:00,3.0,2026-07-14T23:12:23+00:00,0.0,0.0,OK
Medicine Hat,Medicine Hat,2026-07-14 16:00,2.0,,3,3,2026-07-14T23:12:23+00:00,2.0,2026-07-14T23:12:23+00:00,0.0,0.0,OK
Airdrie,Airdrie,2026-07-14 16:00,2.0,,4,3,2026-07-14T23:12:23+00:00,2.0,2026-07-14T23:12:23+00:00,0.0,0.0,OK
Cold Lake,Cold Lake,2026-07-14 15:00,3.0,,2,3,2026-07-14T23:12:23+00:00,3.0,2026-07-14T23:12:23+00:00,0.0,0.0,OK
Drayton Valley,Drayton Valley,2026-07-14 16:00,3.0,,3,3,2026-07-14T23:12:23+00:00,3.0,2026-07-14T23:12:23+00:00,0.0,0.0,OK
St. Albert,St. Albert,2026-07-14 16:00,3.0,,4,3,2026-07-14T23:12:23+00:00,3.0,2026-07-14T23:12:23+00:00,0.0,0.0,OK
Strathcona County,Sherwood Park,2026-07-14 16:00,2.0,,4,3,2026-07-14T23:12:23+00:00,,,,,OK
Edmonton,Edmonton,2026-07-14 17:00,2.0,,4,3,2026-07-15T00:07:42+00:00,2.0,2026-07-15T00:07:42+00:00,0.0,0.0,OK
Calgary,Calgary,2026-07-14 17:00,2.0,,4,3,2026-07-15T00:07:42+00:00,2.0,2026-07-15T00:07:42+00:00,0.0,0.0,OK
Red Deer,Red Deer,2026-07-14 17:00,2.0,,3,2,2026-07-15T00:07:42+00:00,2.0,2026-07-15T00:07:42+00:00,0.0,0.0,OK
Fort McMurray,Fort McMurray,2026-07-14 17:00,2.0,,2,2,2026-07-15T00:07:42+00:00,2.0,2026-07-15T00:07:42+00:00,0.0,0.0,OK
Grande Prairie,Grande Prairie,2026-07-14 17:00,2.0,,2,2,2026-07-15T00:07:42+00:00,2.0,2026-07-15T00:07:42+00:00,0.0,0.0,OK
Lethbridge,Lethbridge,2026-07-14 17:00,3.0,,3,3,2026-07-15T00:07:42+00:00,3.0,2026-07-15T00:07:42+00:00,0.0,0.0,OK
Medicine Hat,Medicine Hat,2026-07-14 17:00,2.0,,3,3,2026-07-15T00:07:42+00:00,2.0,2026-07-15T00:07:42+00:00,0.0,0.0,OK
Airdrie,Airdrie,2026-07-14 17:00,2.0,,4,3,2026-07-15T00:07:42+00:00,2.0,2026-07-15T00:07:42+00:00,0.0,0.0,OK
Cold Lake,Cold Lake,2026-07-14 17:00,3.0,,2,3,2026-07-15T00:07:42+00:00,3.0,2026-07-15T00:07:42+00:00,0.0,0.0,OK
Drayton Valley,Drayton Valley,2026-07-14 17:00,3.0,,3,3,2026-07-15T00:07:42+00:00,3.0,2026-07-15T00:07:42+00:00,0.0,0.0,OK
St. Albert,St. Albert,2026-07-14 17:00,3.0,,4,3,2026-07-15T00:07:42+00:00,3.0,2026-07-15T00:07:42+00:00,0.0,0.0,OK
Strathcona County,Sherwood Park,2026-07-14 17:00,2.0,,4,3,2026-07-15T00:07:42+00:00,,,,,OK
Edmonton,Edmonton,2026-07-14 21:00,2.0,,4,3,2026-07-15T03:37:43+00:00,2.0,2026-07-15T03:37:43+00:00,0.0,0.0,OK
Calgary,Calgary,2026-07-14 21:00,2.0,,4,3,2026-07-15T03:37:43+00:00,2.0,2026-07-15T03:37:43+00:00,0.0,0.0,OK
Red Deer,Red Deer,2026-07-14 21:00,2.0,,3,2,2026-07-15T03:37:43+00:00,2.0,2026-07-15T03:37:43+00:00,0.0,0.0,OK
Fort McMurray,Fort McMurray,2026-07-14 21:00,2.0,,2,2,2026-07-15T03:37:43+00:00,2.0,2026-07-15T03:37:43+00:00,0.0,0.0,OK
Grande Prairie,Grande Prairie,2026-07-14 21:00,2.0,,2,2,2026-07-15T03:37:43+00:00,2.0,2026-07-15T03:37:43+00:00,0.0,0.0,OK
Lethbridge,Lethbridge,2026-07-14 21:00,2.0,,3,3,2026-07-15T03:37:43+00:00,2.0,2026-07-15T03:37:43+00:00,0.0,0.0,OK
Medicine Hat,Medicine Hat,2026-07-14 21:00,2.0,,3,3,2026-07-15T03:37:43+00:00,2.0,2026-07-15T03:37:43+00:00,0.0,0.0,OK
Airdrie,Airdrie,2026-07-14 21:00,2.0,,4,3,2026-07-15T03:37:43+00:00,2.0,2026-07-15T03:37:43+00:00,0.0,0.0,OK
Cold Lake,Cold Lake,2026-07-14 21:00,2.0,,2,3,2026-07-15T03:37:43+00:00,2.0,2026-07-15T03:37:43+00:00,0.0,0.0,OK
Drayton Valley,Drayton Valley,2026-07-14 21:00,2.0,,3,3,2026-07-15T03:37:43+00:00,2.0,2026-07-15T03:37:43+00:00,0.0,0.0,OK
St. Albert,St. Albert,2026-07-14 21:00,2.0,,4,3,2026-07-15T03:37:43+00:00,2.0,2026-07-15T03:37:43+00:00,0.0,0.0,OK
Strathcona County,Sherwood Park,2026-07-14 21:00,2.0,,4,3,2026-07-15T03:37:43+00:00,,,,,OK
Edmonton,Edmonton,2026-07-14 23:00,2.0,,4,3,2026-07-15T06:29:31+00:00,2.0,2026-07-15T06:29:31+00:00,0.0,0.0,OK
Calgary,Calgary,2026-07-14 23:00,3.0,,4,3,2026-07-15T06:29:31+00:00,3.0,2026-07-15T06:29:31+00:00,0.0,0.0,OK
Red Deer,Red Deer,2026-07-14 23:00,2.0,,3,2,2026-07-15T06:29:31+00:00,2.0,2026-07-15T06:29:31+00:00,0.0,0.0,OK
Fort McMurray,Fort McMurray,2026-07-14 23:00,2.0,,2,2,2026-07-15T06:29:31+00:00,2.0,2026-07-15T06:29:31+00:00,0.0,0.0,OK
Grande Prairie,Grande Prairie,2026-07-14 23:00,2.0,,2,2,2026-07-15T06:29:31+00:00,2.0,2026-07-15T06:29:31+00:00,0.0,0.0,OK
Lethbridge,Lethbridge,2026-07-15 00:00,2.0,,3,3,2026-07-15T06:29:31+00:00,2.0,2026-07-15T06:29:31+00:00,0.0,0.0,OK
Medicine Hat,Medicine Hat,2026-07-14 23:00,2.0,,3,3,2026-07-15T06:29:31+00:00,2.0,2026-07-15T06:29:31+00:00,0.0,0.0,OK
Airdrie,Airdrie,2026-07-14 23:00,2.0,,4,3,2026-07-15T06:29:31+00:00,2.0,2026-07-15T06:29:31+00:00,0.0,0.0,OK
Cold Lake,Cold Lake,2026-07-15 00:00,1.0,,2,3,2026-07-15T06:29:31+00:00,1.0,2026-07-15T06:29:31+00:00,0.0,0.0,OK
Drayton Valley,Drayton Valley,2026-07-14 23:00,2.0,,3,3,2026-07-15T06:29:31+00:00,2.0,2026-07-15T06:29:31+00:00,0.0,0.0,OK
St. Albert,St. Albert,2026-07-14 23:00,2.0,,4,3,2026-07-15T06:29:31+00:00,2.0,2026-07-15T06:29:31+00:00,0.0,0.0,OK
Strathcona County,Sherwood Park,2026-07-15 00:00,2.0,,4,3,2026-07-15T06:29:31+00:00,,,,,OK
Edmonton,Edmonton,2026-07-15 02:00,2.0,,4,3,2026-07-15T09:22:42+00:00,2.0,2026-07-15T09:22:43+00:00,0.0,0.0,OK
Calgary,Calgary,2026-07-15 02:00,2.0,,4,3,2026-07-15T09:22:42+00:00,2.0,2026-07-15T09:22:43+00:00,0.0,0.0,OK
Red Deer,Red Deer,2026-07-15 02:00,2.0,,3,2,2026-07-15T09:22:42+00:00,2.0,2026-07-15T09:22:43+00:00,0.0,0.0,OK
Fort McMurray,Fort McMurray,2026-07-15 02:00,1.0,,2,2,2026-07-15T09:22:42+00:00,1.0,2026-07-15T09:22:43+00:00,0.0,0.0,OK
Grande Prairie,Grande Prairie,2026-07-15 02:00,2.0,,2,2,2026-07-15T09:22:42+00:00,2.0,2026-07-15T09:22:43+00:00,0.0,0.0,OK
Lethbridge,Lethbridge,2026-07-15 03:00,2.0,,3,3,2026-07-15T09:22:42+00:00,2.0,2026-07-15T09:22:43+00:00,0.0,0.0,OK
Medicine Hat,Medicine Hat,2026-07-15 02:00,2.0,,3,3,2026-07-15T09:22:42+00:00,2.0,2026-07-15T09:22:43+00:00,0.0,0.0,OK
Airdrie,Airdrie,2026-07-15 02:00,2.0,,4,3,2026-07-15T09:22:42+00:00,2.0,2026-07-15T09:22:43+00:00,0.0,0.0,OK
Cold Lake,Cold Lake,2026-07-15 03:00,1.0,,2,3,2026-07-15T09:22:42+00:00,1.0,2026-07-15T09:22:43+00:00,0.0,0.0,OK
Drayton Valley,Drayton Valley,2026-07-15 02:00,2.0,,3,3,2026-07-15T09:22:42+00:00,2.0,2026-07-15T09:22:43+00:00,0.0,0.0,OK
St. Albert,St. Albert,2026-07-15 02:00,2.0,,4,3,2026-07-15T09:22:42+00:00,2.0,2026-07-15T09:22:43+00:00,0.0,0.0,OK
Strathcona County,Sherwood Park,2026-07-15 03:00,2.0,,4,3,2026-07-15T09:22:42+00:00,,,,,OK
Edmonton,Edmonton,2026-07-15 05:00,2.0,,4,3,2026-07-15T11:50:28+00:00,2.0,2026-07-15T11:50:28+00:00,0.0,0.0,OK
Calgary,Calgary,2026-07-15 04:00,2.0,,4,3,2026-07-15T11:50:28+00:00,2.0,2026-07-15T11:50:28+00:00,0.0,0.0,OK
Red Deer,Red Deer,2026-07-15 05:00,2.0,,3,2,2026-07-15T11:50:28+00:00,2.0,2026-07-15T11:50:28+00:00,0.0,0.0,OK
Fort McMurray,Fort McMurray,2026-07-15 05:00,1.0,,2,2,2026-07-15T11:50:28+00:00,1.0,2026-07-15T11:50:28+00:00,0.0,0.0,OK
Grande Prairie,Grande Prairie,2026-07-15 05:00,1.0,,2,2,2026-07-15T11:50:28+00:00,1.0,2026-07-15T11:50:28+00:00,0.0,0.0,OK
Lethbridge,Lethbridge,2026-07-15 03:00,2.0,,3,3,2026-07-15T11:50:28+00:00,1.0,2026-07-15T11:50:28+00:00,1.0,1.0,Minor difference
Medicine Hat,Medicine Hat,2026-07-15 04:00,2.0,,3,3,2026-07-15T11:50:28+00:00,2.0,2026-07-15T11:50:28+00:00,0.0,0.0,OK
Airdrie,Airdrie,2026-07-15 04:00,2.0,,4,3,2026-07-15T11:50:28+00:00,2.0,2026-07-15T11:50:28+00:00,0.0,0.0,OK
Cold Lake,Cold Lake,2026-07-15 05:00,1.0,,2,3,2026-07-15T11:50:28+00:00,1.0,2026-07-15T11:50:28+00:00,0.0,0.0,OK
Drayton Valley,Drayton Valley,2026-07-15 04:00,2.0,,3,3,2026-07-15T11:50:28+00:00,2.0,2026-07-15T11:50:28+00:00,0.0,0.0,OK
St. Albert,St. Albert,2026-07-15 03:00,2.0,,4,3,2026-07-15T11:50:28+00:00,1.0,2026-07-15T11:50:28+00:00,1.0,1.0,Minor difference
Strathcona County,Sherwood Park,2026-07-15 05:00,2.0,,4,3,2026-07-15T11:50:28+00:00,,,,,OK
Edmonton,Edmonton,2026-07-15 07:00,2.0,4.0,4,4,2026-07-15T14:12:24+00:00,2.0,2026-07-15T14:12:24+00:00,0.0,0.0,OK
Calgary,Calgary,2026-07-15 07:00,2.0,3.0,4,3,2026-07-15T14:12:24+00:00,2.0,2026-07-15T14:12:24+00:00,0.0,0.0,OK
Red Deer,Red Deer,2026-07-15 07:00,2.0,3.0,3,3,2026-07-15T14:12:24+00:00,2.0,2026-07-15T14:12:24+00:00,0.0,0.0,OK
Fort McMurray,Fort McMurray,2026-07-15 07:00,1.0,2.0,2,2,2026-07-15T14:12:24+00:00,1.0,2026-07-15T14:12:24+00:00,0.0,0.0,OK
Grande Prairie,Grande Prairie,2026-07-15 07:00,1.0,2.0,2,3,2026-07-15T14:12:24+00:00,1.0,2026-07-15T14:12:24+00:00,0.0,0.0,OK
Lethbridge,Lethbridge,2026-07-15 07:00,2.0,2.0,3,2,2026-07-15T14:12:24+00:00,2.0,2026-07-15T14:12:24+00:00,0.0,0.0,OK
Medicine Hat,Medicine Hat,2026-07-15 07:00,2.0,3.0,3,3,2026-07-15T14:12:24+00:00,2.0,2026-07-15T14:12:24+00:00,0.0,0.0,OK
Airdrie,Airdrie,2026-07-15 07:00,1.0,3.0,4,3,2026-07-15T14:12:24+00:00,1.0,2026-07-15T14:12:24+00:00,0.0,0.0,OK
Cold Lake,Cold Lake,2026-07-15 07:00,1.0,3.0,3,3,2026-07-15T14:12:24+00:00,1.0,2026-07-15T14:12:24+00:00,0.0,0.0,OK
Drayton Valley,Drayton Valley,2026-07-15 07:00,2.0,3.0,3,3,2026-07-15T14:12:24+00:00,2.0,2026-07-15T14:12:24+00:00,0.0,0.0,OK
St. Albert,St. Albert,2026-07-15 03:00,2.0,4.0,4,4,2026-07-15T14:12:24+00:00,1.0,2026-07-15T14:12:24+00:00,1.0,1.0,Minor difference
Strathcona County,Sherwood Park,2026-07-15 07:00,2.0,4.0,4,4,2026-07-15T14:12:24+00:00,,,,,OK
Edmonton,Edmonton,2026-07-15 09:00,2.0,4.0,4,4,2026-07-15T15:53:30+00:00,2.0,2026-07-15T15:53:30+00:00,0.0,0.0,OK
Calgary,Calgary,2026-07-15 09:00,2.0,3.0,4,3,2026-07-15T15:53:30+00:00,2.0,2026-07-15T15:53:30+00:00,0.0,0.0,OK
Red Deer,Red Deer,2026-07-15 09:00,2.0,3.0,3,3,2026-07-15T15:53:30+00:00,2.0,2026-07-15T15:53:30+00:00,0.0,0.0,OK
Fort McMurray,Fort McMurray,2026-07-15 09:00,1.0,2.0,2,2,2026-07-15T15:53:30+00:00,1.0,2026-07-15T15:53:30+00:00,0.0,0.0,OK
Grande Prairie,Grande Prairie,2026-07-15 09:00,2.0,2.0,2,3,2026-07-15T15:53:30+00:00,1.0,2026-07-15T15:53:30+00:00,1.0,1.0,Minor difference
Lethbridge,Lethbridge,2026-07-15 09:00,2.0,2.0,3,2,2026-07-15T15:53:30+00:00,2.0,2026-07-15T15:53:30+00:00,0.0,0.0,OK
Medicine Hat,Medicine Hat,2026-07-15 09:00,2.0,3.0,3,3,2026-07-15T15:53:30+00:00,2.0,2026-07-15T15:53:30+00:00,0.0,0.0,OK
Airdrie,Airdrie,2026-07-15 09:00,2.0,3.0,4,3,2026-07-15T15:53:30+00:00,2.0,2026-07-15T15:53:30+00:00,0.0,0.0,OK
Cold Lake,Cold Lake,2026-07-15 09:00,1.0,3.0,3,3,2026-07-15T15:53:30+00:00,1.0,2026-07-15T15:53:30+00:00,0.0,0.0,OK
Drayton Valley,Drayton Valley,2026-07-15 09:00,2.0,3.0,3,3,2026-07-15T15:53:30+00:00,2.0,2026-07-15T15:53:30+00:00,0.0,0.0,OK
St. Albert,St. Albert,2026-07-15 09:00,2.0,4.0,4,4,2026-07-15T15:53:30+00:00,2.0,2026-07-15T15:53:30+00:00,0.0,0.0,OK
Strathcona County,Sherwood Park,2026-07-15 09:00,2.0,4.0,4,4,2026-07-15T15:53:30+00:00,,,,,OK
Edmonton,Edmonton,2026-07-15 11:00,2.0,4.0,4,4,2026-07-15T17:40:30+00:00,2.0,2026-07-15T17:40:30+00:00,0.0,0.0,OK
Calgary,Calgary,2026-07-15 11:00,2.0,3.0,4,3,2026-07-15T17:40:30+00:00,2.0,2026-07-15T17:40:30+00:00,0.0,0.0,OK
Red Deer,Red Deer,2026-07-15 11:00,2.0,3.0,3,3,2026-07-15T17:40:30+00:00,2.0,2026-07-15T17:40:30+00:00,0.0,0.0,OK
Fort McMurray,Fort McMurray,2026-07-15 11:00,2.0,2.0,2,2,2026-07-15T17:40:30+00:00,2.0,2026-07-15T17:40:30+00:00,0.0,0.0,OK
Grande Prairie,Grande Prairie,2026-07-15 11:00,2.0,2.0,2,3,2026-07-15T17:40:30+00:00,2.0,2026-07-15T17:40:30+00:00,0.0,0.0,OK
Lethbridge,Lethbridge,2026-07-15 09:00,2.0,2.0,3,2,2026-07-15T17:40:30+00:00,1.0,2026-07-15T17:40:30+00:00,1.0,1.0,Minor difference
Medicine Hat,Medicine Hat,2026-07-15 11:00,1.0,3.0,3,3,2026-07-15T17:40:30+00:00,1.0,2026-07-15T17:40:30+00:00,0.0,0.0,OK
Airdrie,Airdrie,2026-07-15 11:00,2.0,3.0,4,3,2026-07-15T17:40:30+00:00,2.0,2026-07-15T17:40:30+00:00,0.0,0.0,OK
Cold Lake,Cold Lake,2026-07-15 11:00,1.0,3.0,3,3,2026-07-15T17:40:30+00:00,1.0,2026-07-15T17:40:30+00:00,0.0,0.0,OK
Drayton Valley,Drayton Valley,2026-07-15 11:00,2.0,3.0,3,3,2026-07-15T17:40:30+00:00,2.0,2026-07-15T17:40:30+00:00,0.0,0.0,OK
St. Albert,St. Albert,2026-07-15 10:00,2.0,4.0,4,4,2026-07-15T17:40:30+00:00,1.0,2026-07-15T17:40:30+00:00,1.0,1.0,Minor difference
Strathcona County,Sherwood Park,2026-07-15 11:00,2.0,4.0,4,4,2026-07-15T17:40:30+00:00,,,,,OK
Edmonton,Edmonton,2026-07-15 13:00,3.0,4.0,4,4,2026-07-15T19:38:03+00:00,3.0,2026-07-15T19:38:04+00:00,0.0,0.0,OK
Calgary,Calgary,2026-07-15 13:00,3.0,3.0,4,3,2026-07-15T19:38:03+00:00,3.0,2026-07-15T19:38:04+00:00,0.0,0.0,OK
Red Deer,Red Deer,2026-07-15 13:00,2.0,3.0,3,3,2026-07-15T19:38:03+00:00,2.0,2026-07-15T19:38:04+00:00,0.0,0.0,OK
Fort McMurray,Fort McMurray,2026-07-15 13:00,2.0,2.0,2,2,2026-07-15T19:38:03+00:00,2.0,2026-07-15T19:38:04+00:00,0.0,0.0,OK
Grande Prairie,Grande Prairie,2026-07-15 13:00,2.0,2.0,2,3,2026-07-15T19:38:03+00:00,2.0,2026-07-15T19:38:04+00:00,0.0,0.0,OK
Lethbridge,Lethbridge,2026-07-15 09:00,2.0,2.0,3,2,2026-07-15T19:38:03+00:00,1.0,2026-07-15T19:38:04+00:00,1.0,1.0,Minor difference
Medicine Hat,Medicine Hat,2026-07-15 13:00,2.0,3.0,3,3,2026-07-15T19:38:03+00:00,2.0,2026-07-15T19:38:04+00:00,0.0,0.0,OK
Airdrie,Airdrie,2026-07-15 13:00,3.0,3.0,4,3,2026-07-15T19:38:03+00:00,3.0,2026-07-15T19:38:04+00:00,0.0,0.0,OK
Cold Lake,Cold Lake,2026-07-15 13:00,2.0,3.0,3,3,2026-07-15T19:38:03+00:00,2.0,2026-07-15T19:38:04+00:00,0.0,0.0,OK
Drayton Valley,Drayton Valley,2026-07-15 13:00,2.0,3.0,3,3,2026-07-15T19:38:03+00:00,2.0,2026-07-15T19:38:04+00:00,0.0,0.0,OK
St. Albert,St. Albert,2026-07-15 13:00,3.0,4.0,4,4,2026-07-15T19:38:03+00:00,3.0,2026-07-15T19:38:04+00:00,0.0,0.0,OK
Strathcona County,Sherwood Park,2026-07-15 13:00,2.0,4.0,4,4,2026-07-15T19:38:03+00:00,,,,,OK
Edmonton,Edmonton,2026-07-15 14:00,3.0,4.0,4,4,2026-07-15T21:16:33+00:00,3.0,2026-07-15T21:16:33+00:00,0.0,0.0,OK
Calgary,Calgary,2026-07-15 14:00,3.0,3.0,4,3,2026-07-15T21:16:33+00:00,3.0,2026-07-15T21:16:33+00:00,0.0,0.0,OK
Red Deer,Red Deer,2026-07-15 14:00,2.0,3.0,3,3,2026-07-15T21:16:33+00:00,2.0,2026-07-15T21:16:33+00:00,0.0,0.0,OK
Fort McMurray,Fort McMurray,2026-07-15 14:00,2.0,2.0,2,2,2026-07-15T21:16:33+00:00,2.0,2026-07-15T21:16:33+00:00,0.0,0.0,OK
Grande Prairie,Grande Prairie,2026-07-15 14:00,2.0,2.0,2,3,2026-07-15T21:16:33+00:00,2.0,2026-07-15T21:16:33+00:00,0.0,0.0,OK
Lethbridge,Lethbridge,2026-07-15 09:00,2.0,2.0,3,2,2026-07-15T21:16:33+00:00,1.0,2026-07-15T21:16:33+00:00,1.0,1.0,Minor difference
Medicine Hat,Medicine Hat,2026-07-15 14:00,2.0,3.0,3,3,2026-07-15T21:16:33+00:00,2.0,2026-07-15T21:16:33+00:00,0.0,0.0,OK
Airdrie,Airdrie,2026-07-15 14:00,3.0,3.0,4,3,2026-07-15T21:16:33+00:00,3.0,2026-07-15T21:16:33+00:00,0.0,0.0,OK
Cold Lake,Cold Lake,2026-07-15 14:00,2.0,3.0,3,3,2026-07-15T21:16:33+00:00,1.0,2026-07-15T21:16:33+00:00,1.0,1.0,Minor difference
Drayton Valley,Drayton Valley,2026-07-15 14:00,3.0,3.0,3,3,2026-07-15T21:16:33+00:00,3.0,2026-07-15T21:16:33+00:00,0.0,0.0,OK
St. Albert,St. Albert,2026-07-15 14:00,3.0,4.0,4,4,2026-07-15T21:16:33+00:00,3.0,2026-07-15T21:16:33+00:00,0.0,0.0,OK
Strathcona County,Sherwood Park,2026-07-15 14:00,3.0,4.0,4,4,2026-07-15T21:16:33+00:00,,,,,OK
Edmonton,Edmonton,2026-07-15 16:00,4.0,,4,4,2026-07-15T23:13:46+00:00,4.0,2026-07-15T23:13:46+00:00,0.0,0.0,OK
Calgary,Calgary,2026-07-15 16:00,3.0,,4,3,2026-07-15T23:13:46+00:00,3.0,2026-07-15T23:13:46+00:00,0.0,0.0,OK
Red Deer,Red Deer,2026-07-15 16:00,3.0,,4,3,2026-07-15T23:13:46+00:00,3.0,2026-07-15T23:13:46+00:00,0.0,0.0,OK
Fort McMurray,Fort McMurray,2026-07-15 16:00,2.0,,3,2,2026-07-15T23:13:46+00:00,2.0,2026-07-15T23:13:46+00:00,0.0,0.0,OK
Grande Prairie,Grande Prairie,2026-07-15 16:00,2.0,,2,2,2026-07-15T23:13:46+00:00,2.0,2026-07-15T23:13:46+00:00,0.0,0.0,OK
Lethbridge,Lethbridge,,,,3,3,2026-07-15T23:13:46+00:00,1.0,2026-07-15T23:13:46+00:00,,,OK
Medicine Hat,Medicine Hat,2026-07-15 16:00,2.0,,3,3,2026-07-15T23:13:46+00:00,2.0,2026-07-15T23:13:46+00:00,0.0,0.0,OK
Airdrie,Airdrie,2026-07-15 16:00,3.0,,4,3,2026-07-15T23:13:46+00:00,3.0,2026-07-15T23:13:46+00:00,0.0,0.0,OK
Cold Lake,Cold Lake,2026-07-15 16:00,2.0,,3,3,2026-07-15T23:13:46+00:00,2.0,2026-07-15T23:13:46+00:00,0.0,0.0,OK
Drayton Valley,Drayton Valley,2026-07-15 16:00,2.0,,3,3,2026-07-15T23:13:46+00:00,2.0,2026-07-15T23:13:46+00:00,0.0,0.0,OK
St. Albert,St. Albert,2026-07-15 16:00,4.0,,4,4,2026-07-15T23:13:46+00:00,4.0,2026-07-15T23:13:46+00:00,0.0,0.0,OK
Strathcona County,Sherwood Park,2026-07-15 16:00,3.0,,4,4,2026-07-15T23:13:46+00:00,,,,,OK
Edmonton,Edmonton,2026-07-15 17:00,4.0,,4,4,2026-07-16T00:13:07+00:00,4.0,2026-07-16T00:13:07+00:00,0.0,0.0,OK
Calgary,Calgary,2026-07-15 17:00,3.0,,4,3,2026-07-16T00:13:07+00:00,3.0,2026-07-16T00:13:07+00:00,0.0,0.0,OK
Red Deer,Red Deer,2026-07-15 17:00,3.0,,4,3,2026-07-16T00:13:07+00:00,3.0,2026-07-16T00:13:07+00:00,0.0,0.0,OK
Fort McMurray,Fort McMurray,2026-07-15 17:00,3.0,,3,2,2026-07-16T00:13:07+00:00,2.0,2026-07-16T00:13:07+00:00,1.0,1.0,Minor difference
Grande Prairie,Grande Prairie,2026-07-15 17:00,2.0,,2,2,2026-07-16T00:13:07+00:00,2.0,2026-07-16T00:13:07+00:00,0.0,0.0,OK
Lethbridge,Lethbridge,,,,3,3,2026-07-16T00:13:07+00:00,1.0,2026-07-16T00:13:07+00:00,,,OK
Medicine Hat,Medicine Hat,2026-07-15 17:00,2.0,,3,3,2026-07-16T00:13:07+00:00,2.0,2026-07-16T00:13:07+00:00,0.0,0.0,OK
Airdrie,Airdrie,2026-07-15 17:00,3.0,,4,3,2026-07-16T00:13:07+00:00,3.0,2026-07-16T00:13:07+00:00,0.0,0.0,OK
Cold Lake,Cold Lake,2026-07-15 17:00,2.0,,3,3,2026-07-16T00:13:07+00:00,2.0,2026-07-16T00:13:07+00:00,0.0,0.0,OK
Drayton Valley,Drayton Valley,2026-07-15 17:00,2.0,,3,3,2026-07-16T00:13:07+00:00,2.0,2026-07-16T00:13:07+00:00,0.0,0.0,OK
St. Albert,St. Albert,2026-07-15 17:00,4.0,,4,4,2026-07-16T00:13:07+00:00,4.0,2026-07-16T00:13:07+00:00,0.0,0.0,OK
Strathcona County,Sherwood Park,2026-07-15 17:00,3.0,,4,4,2026-07-16T00:13:07+00:00,,,,,OK
Edmonton,Edmonton,2026-07-15 21:00,3.0,,4,4,2026-07-16T03:42:20+00:00,3.0,2026-07-16T03:42:20+00:00,0.0,0.0,OK
Calgary,Calgary,2026-07-15 21:00,3.0,,4,3,2026-07-16T03:42:20+00:00,3.0,2026-07-16T03:42:20+00:00,0.0,0.0,OK
Red Deer,Red Deer,2026-07-15 21:00,2.0,,4,3,2026-07-16T03:42:20+00:00,2.0,2026-07-16T03:42:20+00:00,0.0,0.0,OK
Fort McMurray,Fort McMurray,2026-07-15 21:00,3.0,,3,2,2026-07-16T03:42:20+00:00,2.0,2026-07-16T03:42:20+00:00,1.0,1.0,Minor difference
Grande Prairie,Grande Prairie,2026-07-15 21:00,2.0,,2,2,2026-07-16T03:42:20+00:00,2.0,2026-07-16T03:42:20+00:00,0.0,0.0,OK
Lethbridge,Lethbridge,2026-07-15 21:00,3.0,,3,3,2026-07-16T03:42:20+00:00,3.0,2026-07-16T03:42:20+00:00,0.0,0.0,OK
Medicine Hat,Medicine Hat,2026-07-15 21:00,2.0,,3,3,2026-07-16T03:42:20+00:00,2.0,2026-07-16T03:42:20+00:00,0.0,0.0,OK
Airdrie,Airdrie,2026-07-15 21:00,3.0,,4,3,2026-07-16T03:42:20+00:00,3.0,2026-07-16T03:42:20+00:00,0.0,0.0,OK
Cold Lake,Cold Lake,2026-07-15 21:00,2.0,,3,3,2026-07-16T03:42:20+00:00,2.0,2026-07-16T03:42:20+00:00,0.0,0.0,OK
Drayton Valley,Drayton Valley,2026-07-15 21:00,3.0,,3,3,2026-07-16T03:42:20+00:00,3.0,2026-07-16T03:42:20+00:00,0.0,0.0,OK
St. Albert,St. Albert,2026-07-15 21:00,3.0,,4,4,2026-07-16T03:42:20+00:00,3.0,2026-07-16T03:42:20+00:00,0.0,0.0,OK
Strathcona County,Sherwood Park,2026-07-15 21:00,3.0,,4,4,2026-07-16T03:42:20+00:00,,,,,OK
Edmonton,Edmonton,2026-07-16 00:00,3.0,,4,4,2026-07-16T06:32:39+00:00,3.0,2026-07-16T06:32:39+00:00,0.0,0.0,OK
Calgary,Calgary,2026-07-16 00:00,3.0,,4,3,2026-07-16T06:32:39+00:00,3.0,2026-07-16T06:32:39+00:00,0.0,0.0,OK
Red Deer,Red Deer,2026-07-16 00:00,2.0,,4,3,2026-07-16T06:32:39+00:00,2.0,2026-07-16T06:32:39+00:00,0.0,0.0,OK
Fort McMurray,Fort McMurray,2026-07-16 00:00,2.0,,3,2,2026-07-16T06:32:39+00:00,2.0,2026-07-16T06:32:39+00:00,0.0,0.0,OK
Grande Prairie,Grande Prairie,2026-07-16 00:00,2.0,,2,2,2026-07-16T06:32:39+00:00,2.0,2026-07-16T06:32:39+00:00,0.0,0.0,OK
Lethbridge,Lethbridge,2026-07-16 00:00,2.0,,3,3,2026-07-16T06:32:39+00:00,2.0,2026-07-16T06:32:39+00:00,0.0,0.0,OK
Medicine Hat,Medicine Hat,2026-07-16 00:00,2.0,,3,3,2026-07-16T06:32:39+00:00,2.0,2026-07-16T06:32:39+00:00,0.0,0.0,OK
Airdrie,Airdrie,2026-07-16 00:00,2.0,,4,3,2026-07-16T06:32:39+00:00,2.0,2026-07-16T06:32:39+00:00,0.0,0.0,OK
Cold Lake,Cold Lake,2026-07-16 00:00,2.0,,3,3,2026-07-16T06:32:39+00:00,2.0,2026-07-16T06:32:39+00:00,0.0,0.0,OK
Drayton Valley,Drayton Valley,2026-07-16 00:00,2.0,,3,3,2026-07-16T06:32:39+00:00,2.0,2026-07-16T06:32:39+00:00,0.0,0.0,OK
St. Albert,St. Albert,2026-07-16 00:00,3.0,,4,4,2026-07-16T06:32:39+00:00,3.0,2026-07-16T06:32:39+00:00,0.0,0.0,OK
Strathcona County,Sherwood Park,2026-07-16 00:00,3.0,,4,4,2026-07-16T06:32:39+00:00,,,,,OK
Edmonton,Edmonton,2026-07-16 02:00,3.0,,4,4,2026-07-16T09:29:52+00:00,3.0,2026-07-16T09:29:52+00:00,0.0,0.0,OK
Calgary,Calgary,2026-07-16 02:00,2.0,,4,3,2026-07-16T09:29:52+00:00,2.0,2026-07-16T09:29:52+00:00,0.0,0.0,OK
Red Deer,Red Deer,2026-07-16 02:00,2.0,,4,3,2026-07-16T09:29:52+00:00,2.0,2026-07-16T09:29:52+00:00,0.0,0.0,OK
Fort McMurray,Fort McMurray,2026-07-16 02:00,2.0,,3,2,2026-07-16T09:29:52+00:00,2.0,2026-07-16T09:29:52+00:00,0.0,0.0,OK
Grande Prairie,Grande Prairie,2026-07-16 02:00,2.0,,2,2,2026-07-16T09:29:52+00:00,2.0,2026-07-16T09:29:52+00:00,0.0,0.0,OK
Lethbridge,Lethbridge,2026-07-16 03:00,2.0,,3,3,2026-07-16T09:29:52+00:00,2.0,2026-07-16T09:29:52+00:00,0.0,0.0,OK
Medicine Hat,Medicine Hat,2026-07-16 02:00,2.0,,3,3,2026-07-16T09:29:52+00:00,2.0,2026-07-16T09:29:52+00:00,0.0,0.0,OK
Airdrie,Airdrie,2026-07-16 02:00,2.0,,4,3,2026-07-16T09:29:52+00:00,2.0,2026-07-16T09:29:52+00:00,0.0,0.0,OK
Cold Lake,Cold Lake,2026-07-16 03:00,2.0,,3,3,2026-07-16T09:29:52+00:00,2.0,2026-07-16T09:29:52+00:00,0.0,0.0,OK
Drayton Valley,Drayton Valley,2026-07-16 02:00,2.0,,3,3,2026-07-16T09:29:52+00:00,2.0,2026-07-16T09:29:52+00:00,0.0,0.0,OK
St. Albert,St. Albert,2026-07-16 02:00,3.0,,4,4,2026-07-16T09:29:52+00:00,3.0,2026-07-16T09:29:52+00:00,0.0,0.0,OK
Strathcona County,Sherwood Park,2026-07-16 03:00,2.0,,4,4,2026-07-16T09:29:52+00:00,,,,,OK
Edmonton,Edmonton,2026-07-16 05:00,2.0,,4,4,2026-07-16T11:54:53+00:00,,2026-07-16T11:54:53+00:00,,,OK
Calgary,Calgary,2026-07-16 04:00,2.0,,4,3,2026-07-16T11:54:53+00:00,2.0,2026-07-16T11:54:53+00:00,0.0,0.0,OK
Red Deer,Red Deer,2026-07-16 05:00,2.0,,4,3,2026-07-16T11:54:53+00:00,2.0,2026-07-16T11:54:53+00:00,0.0,0.0,OK
Fort McMurray,Fort McMurray,2026-07-16 05:00,1.0,,3,2,2026-07-16T11:54:53+00:00,2.0,2026-07-16T11:54:53+00:00,-1.0,1.0,Minor difference
Grande Prairie,Grande Prairie,2026-07-16 05:00,2.0,,2,2,2026-07-16T11:54:53+00:00,2.0,2026-07-16T11:54:53+00:00,0.0,0.0,OK
Lethbridge,Lethbridge,2026-07-16 03:00,2.0,,3,3,2026-07-16T11:54:53+00:00,2.0,2026-07-16T11:54:53+00:00,0.0,0.0,OK
Medicine Hat,Medicine Hat,2026-07-16 04:00,2.0,,3,3,2026-07-16T11:54:53+00:00,,2026-07-16T11:54:53+00:00,,,OK
Airdrie,Airdrie,2026-07-16 04:00,2.0,,4,3,2026-07-16T11:54:53+00:00,2.0,2026-07-16T11:54:53+00:00,0.0,0.0,OK
Cold Lake,Cold Lake,2026-07-16 05:00,1.0,,3,3,2026-07-16T11:54:53+00:00,2.0,2026-07-16T11:54:53+00:00,-1.0,1.0,Minor difference
Drayton Valley,Drayton Valley,2026-07-16 04:00,2.0,,3,3,2026-07-16T11:54:53+00:00,2.0,2026-07-16T11:54:53+00:00,0.0,0.0,OK
St. Albert,St. Albert,2026-07-16 04:00,3.0,,4,4,2026-07-16T11:54:53+00:00,3.0,2026-07-16T11:54:53+00:00,0.0,0.0,OK
Strathcona County,Sherwood Park,2026-07-16 05:00,2.0,,4,4,2026-07-16T11:54:53+00:00,,,,,OK
Edmonton,Edmonton,2026-07-16 07:00,3.0,4.0,4,5,2026-07-16T14:24:59+00:00,2.0,2026-07-16T14:24:59+00:00,1.0,1.0,Minor difference
Calgary,Calgary,2026-07-16 07:00,2.0,4.0,3,4,2026-07-16T14:24:59+00:00,2.0,2026-07-16T14:24:59+00:00,0.0,0.0,OK
Red Deer,Red Deer,2026-07-16 07:00,2.0,3.0,2,3,2026-07-16T14:24:59+00:00,2.0,2026-07-16T14:24:59+00:00,0.0,0.0,OK
Fort McMurray,Fort McMurray,2026-07-16 07:00,1.0,2.0,2,2,2026-07-16T14:24:59+00:00,1.0,2026-07-16T14:24:59+00:00,0.0,0.0,OK
Grande Prairie,Grande Prairie,2026-07-16 07:00,2.0,2.0,3,2,2026-07-16T14:24:59+00:00,2.0,2026-07-16T14:24:59+00:00,0.0,0.0,OK
Lethbridge,Lethbridge,2026-07-16 08:00,1.0,3.0,3,3,2026-07-16T14:24:59+00:00,1.0,2026-07-16T14:24:59+00:00,0.0,0.0,OK
Medicine Hat,Medicine Hat,2026-07-16 07:00,1.0,3.0,3,3,2026-07-16T14:24:59+00:00,1.0,2026-07-16T14:24:59+00:00,0.0,0.0,OK
Airdrie,Airdrie,2026-07-16 07:00,2.0,4.0,3,4,2026-07-16T14:24:59+00:00,2.0,2026-07-16T14:24:59+00:00,0.0,0.0,OK
Cold Lake,Cold Lake,2026-07-16 08:00,1.0,2.0,3,3,2026-07-16T14:24:59+00:00,1.0,2026-07-16T14:24:59+00:00,0.0,0.0,OK
Drayton Valley,Drayton Valley,2026-07-16 07:00,2.0,3.0,2,3,2026-07-16T14:24:59+00:00,2.0,2026-07-16T14:24:59+00:00,0.0,0.0,OK
St. Albert,St. Albert,2026-07-16 07:00,3.0,4.0,4,5,2026-07-16T14:24:59+00:00,3.0,2026-07-16T14:24:59+00:00,0.0,0.0,OK
Strathcona County,Sherwood Park,2026-07-16 08:00,2.0,4.0,4,5,2026-07-16T14:24:59+00:00,,,,,OK
Edmonton,Edmonton,2026-07-16 09:00,2.0,4.0,4,5,2026-07-16T16:43:23+00:00,2.0,2026-07-16T16:43:23+00:00,0.0,0.0,OK
Calgary,Calgary,2026-07-16 09:00,2.0,4.0,3,4,2026-07-16T16:43:23+00:00,3.0,2026-07-16T16:43:23+00:00,-1.0,1.0,Minor difference
Red Deer,Red Deer,2026-07-16 09:00,2.0,3.0,2,3,2026-07-16T16:43:23+00:00,2.0,2026-07-16T16:43:23+00:00,0.0,0.0,OK
Fort McMurray,Fort McMurray,2026-07-16 09:00,1.0,2.0,2,2,2026-07-16T16:43:23+00:00,1.0,2026-07-16T16:43:23+00:00,0.0,0.0,OK
Grande Prairie,Grande Prairie,2026-07-16 09:00,2.0,2.0,3,2,2026-07-16T16:43:23+00:00,2.0,2026-07-16T16:43:23+00:00,0.0,0.0,OK
Lethbridge,Lethbridge,2026-07-16 09:00,1.0,3.0,3,3,2026-07-16T16:43:23+00:00,2.0,2026-07-16T16:43:23+00:00,-1.0,1.0,Minor difference
Medicine Hat,Medicine Hat,2026-07-16 09:00,1.0,3.0,3,3,2026-07-16T16:43:23+00:00,1.0,2026-07-16T16:43:23+00:00,0.0,0.0,OK
Airdrie,Airdrie,2026-07-16 09:00,2.0,4.0,3,4,2026-07-16T16:43:23+00:00,2.0,2026-07-16T16:43:23+00:00,0.0,0.0,OK
Cold Lake,Cold Lake,2026-07-16 09:00,1.0,2.0,3,3,2026-07-16T16:43:23+00:00,1.0,2026-07-16T16:43:23+00:00,0.0,0.0,OK
Drayton Valley,Drayton Valley,2026-07-16 09:00,2.0,3.0,2,3,2026-07-16T16:43:23+00:00,2.0,2026-07-16T16:43:23+00:00,0.0,0.0,OK
St. Albert,St. Albert,2026-07-16 09:00,3.0,4.0,4,5,2026-07-16T16:43:23+00:00,3.0,2026-07-16T16:43:23+00:00,0.0,0.0,OK
Strathcona County,Sherwood Park,2026-07-16 09:00,2.0,4.0,4,5,2026-07-16T16:43:23+00:00,,,,,OK
Edmonton,Edmonton,2026-07-16 11:00,2.0,4.0,4,5,2026-07-16T18:33:45+00:00,3.0,2026-07-16T18:33:45+00:00,-1.0,1.0,Minor difference
Calgary,Calgary,2026-07-16 11:00,3.0,4.0,3,4,2026-07-16T18:33:45+00:00,3.0,2026-07-16T18:33:45+00:00,0.0,0.0,OK
Red Deer,Red Deer,2026-07-16 10:00,2.0,3.0,2,3,2026-07-16T18:33:45+00:00,2.0,2026-07-16T18:33:45+00:00,0.0,0.0,OK
Fort McMurray,Fort McMurray,2026-07-16 11:00,2.0,2.0,2,2,2026-07-16T18:33:45+00:00,2.0,2026-07-16T18:33:45+00:00,0.0,0.0,OK
Grande Prairie,Grande Prairie,2026-07-16 11:00,2.0,2.0,3,2,2026-07-16T18:33:45+00:00,2.0,2026-07-16T18:33:45+00:00,0.0,0.0,OK
Lethbridge,Lethbridge,2026-07-16 12:00,2.0,3.0,3,3,2026-07-16T18:33:45+00:00,2.0,2026-07-16T18:33:45+00:00,0.0,0.0,OK
Medicine Hat,Medicine Hat,2026-07-16 11:00,2.0,3.0,3,3,2026-07-16T18:33:45+00:00,2.0,2026-07-16T18:33:45+00:00,0.0,0.0,OK
Airdrie,Airdrie,2026-07-16 11:00,2.0,4.0,3,4,2026-07-16T18:33:45+00:00,2.0,2026-07-16T18:33:45+00:00,0.0,0.0,OK
Cold Lake,Cold Lake,2026-07-16 12:00,2.0,2.0,3,3,2026-07-16T18:33:45+00:00,2.0,2026-07-16T18:33:45+00:00,0.0,0.0,OK
Drayton Valley,Drayton Valley,2026-07-16 11:00,2.0,3.0,2,3,2026-07-16T18:33:45+00:00,2.0,2026-07-16T18:33:45+00:00,0.0,0.0,OK
St. Albert,St. Albert,2026-07-16 11:00,3.0,4.0,4,5,2026-07-16T18:33:45+00:00,3.0,2026-07-16T18:33:45+00:00,0.0,0.0,OK
Strathcona County,Sherwood Park,2026-07-16 12:00,3.0,4.0,4,5,2026-07-16T18:33:45+00:00,,,,,OK
Edmonton,Edmonton,2026-07-16 13:00,3.0,4.0,4,5,2026-07-16T20:13:04+00:00,3.0,2026-07-16T20:13:04+00:00,0.0,0.0,OK
Calgary,Calgary,2026-07-16 13:00,3.0,4.0,3,4,2026-07-16T20:13:04+00:00,3.0,2026-07-16T20:13:04+00:00,0.0,0.0,OK
Red Deer,Red Deer,2026-07-16 10:00,2.0,3.0,2,3,2026-07-16T20:13:04+00:00,2.0,2026-07-16T20:13:04+00:00,0.0,0.0,OK
Fort McMurray,Fort McMurray,2026-07-16 13:00,2.0,2.0,2,2,2026-07-16T20:13:04+00:00,2.0,2026-07-16T20:13:04+00:00,0.0,0.0,OK
Grande Prairie,Grande Prairie,2026-07-16 13:00,2.0,2.0,3,2,2026-07-16T20:13:04+00:00,2.0,2026-07-16T20:13:04+00:00,0.0,0.0,OK
Lethbridge,Lethbridge,2026-07-16 13:00,3.0,3.0,3,3,2026-07-16T20:13:04+00:00,3.0,2026-07-16T20:13:04+00:00,0.0,0.0,OK
Medicine Hat,Medicine Hat,2026-07-16 13:00,2.0,3.0,3,3,2026-07-16T20:13:04+00:00,2.0,2026-07-16T20:13:04+00:00,0.0,0.0,OK
Airdrie,Airdrie,2026-07-16 13:00,2.0,4.0,3,4,2026-07-16T20:13:04+00:00,2.0,2026-07-16T20:13:04+00:00,0.0,0.0,OK
Cold Lake,Cold Lake,2026-07-16 13:00,2.0,2.0,3,3,2026-07-16T20:13:04+00:00,1.0,2026-07-16T20:13:04+00:00,1.0,1.0,Minor difference
Drayton Valley,Drayton Valley,2026-07-16 13:00,3.0,3.0,2,3,2026-07-16T20:13:04+00:00,3.0,2026-07-16T20:13:04+00:00,0.0,0.0,OK
St. Albert,St. Albert,2026-07-16 13:00,3.0,4.0,4,5,2026-07-16T20:13:04+00:00,3.0,2026-07-16T20:13:04+00:00,0.0,0.0,OK
Strathcona County,Sherwood Park,2026-07-16 13:00,3.0,4.0,4,5,2026-07-16T20:13:04+00:00,,,,,OK
Edmonton,Edmonton,2026-07-16 14:00,3.0,4.0,4,5,2026-07-16T21:27:23+00:00,4.0,2026-07-16T21:27:24+00:00,-1.0,1.0,Minor difference
Calgary,Calgary,2026-07-16 14:00,4.0,4.0,3,4,2026-07-16T21:27:23+00:00,4.0,2026-07-16T21:27:24+00:00,0.0,0.0,OK
Red Deer,Red Deer,2026-07-16 14:00,3.0,3.0,2,3,2026-07-16T21:27:23+00:00,3.0,2026-07-16T21:27:24+00:00,0.0,0.0,OK
Fort McMurray,Fort McMurray,2026-07-16 14:00,2.0,2.0,2,2,2026-07-16T21:27:23+00:00,2.0,2026-07-16T21:27:24+00:00,0.0,0.0,OK
Grande Prairie,Grande Prairie,2026-07-16 14:00,2.0,2.0,3,2,2026-07-16T21:27:23+00:00,2.0,2026-07-16T21:27:24+00:00,0.0,0.0,OK
Lethbridge,Lethbridge,2026-07-16 15:00,3.0,3.0,3,3,2026-07-16T21:27:23+00:00,3.0,2026-07-16T21:27:24+00:00,0.0,0.0,OK
Medicine Hat,Medicine Hat,2026-07-16 14:00,2.0,3.0,3,3,2026-07-16T21:27:23+00:00,2.0,2026-07-16T21:27:24+00:00,0.0,0.0,OK
Airdrie,Airdrie,2026-07-16 14:00,3.0,4.0,3,4,2026-07-16T21:27:23+00:00,3.0,2026-07-16T21:27:24+00:00,0.0,0.0,OK
Cold Lake,Cold Lake,2026-07-16 15:00,3.0,2.0,3,3,2026-07-16T21:27:23+00:00,3.0,2026-07-16T21:27:24+00:00,0.0,0.0,OK
Drayton Valley,Drayton Valley,2026-07-16 14:00,3.0,3.0,2,3,2026-07-16T21:27:23+00:00,3.0,2026-07-16T21:27:24+00:00,0.0,0.0,OK
St. Albert,St. Albert,2026-07-16 14:00,3.0,4.0,4,5,2026-07-16T21:27:23+00:00,4.0,2026-07-16T21:27:24+00:00,-1.0,1.0,Minor difference
Strathcona County,Sherwood Park,2026-07-16 15:00,4.0,4.0,4,5,2026-07-16T21:27:23+00:00,,,,,OK
Edmonton,Edmonton,2026-07-16 16:00,4.0,,4,4,2026-07-16T23:12:10+00:00,4.0,2026-07-16T23:12:10+00:00,0.0,0.0,OK
Calgary,Calgary,2026-07-16 16:00,3.0,,3,4,2026-07-16T23:12:10+00:00,3.0,2026-07-16T23:12:10+00:00,0.0,0.0,OK
Red Deer,Red Deer,2026-07-16 16:00,3.0,,2,3,2026-07-16T23:12:10+00:00,3.0,2026-07-16T23:12:10+00:00,0.0,0.0,OK
Fort McMurray,Fort McMurray,2026-07-16 16:00,2.0,,2,2,2026-07-16T23:12:10+00:00,2.0,2026-07-16T23:12:10+00:00,0.0,0.0,OK
Grande Prairie,Grande Prairie,2026-07-16 16:00,3.0,,4,3,2026-07-16T23:12:10+00:00,3.0,2026-07-16T23:12:10+00:00,0.0,0.0,OK
Lethbridge,Lethbridge,2026-07-16 15:00,3.0,,3,3,2026-07-16T23:12:10+00:00,2.0,2026-07-16T23:12:10+00:00,1.0,1.0,Minor difference
Medicine Hat,Medicine Hat,2026-07-16 16:00,3.0,,3,3,2026-07-16T23:12:10+00:00,3.0,2026-07-16T23:12:10+00:00,0.0,0.0,OK
Airdrie,Airdrie,2026-07-16 16:00,3.0,,3,4,2026-07-16T23:12:10+00:00,3.0,2026-07-16T23:12:10+00:00,0.0,0.0,OK
Cold Lake,Cold Lake,2026-07-16 16:00,3.0,,3,3,2026-07-16T23:12:10+00:00,3.0,2026-07-16T23:12:10+00:00,0.0,0.0,OK
Drayton Valley,Drayton Valley,2026-07-16 16:00,3.0,,3,3,2026-07-16T23:12:10+00:00,3.0,2026-07-16T23:12:10+00:00,0.0,0.0,OK
St. Albert,St. Albert,2026-07-16 16:00,4.0,,4,4,2026-07-16T23:12:10+00:00,4.0,2026-07-16T23:12:10+00:00,0.0,0.0,OK
Strathcona County,Sherwood Park,2026-07-16 16:00,4.0,,4,5,2026-07-16T23:12:10+00:00,,,,,OK
Edmonton,Edmonton,2026-07-16 17:00,4.0,,4,4,2026-07-16T23:37:28+00:00,4.0,2026-07-16T23:37:28+00:00,0.0,0.0,OK
Calgary,Calgary,2026-07-16 17:00,3.0,,3,4,2026-07-16T23:37:28+00:00,3.0,2026-07-16T23:37:28+00:00,0.0,0.0,OK
Red Deer,Red Deer,2026-07-16 17:00,3.0,,2,3,2026-07-16T23:37:28+00:00,3.0,2026-07-16T23:37:28+00:00,0.0,0.0,OK
Fort McMurray,Fort McMurray,2026-07-16 17:00,2.0,,2,2,2026-07-16T23:37:28+00:00,2.0,2026-07-16T23:37:28+00:00,0.0,0.0,OK
Grande Prairie,Grande Prairie,2026-07-16 17:00,3.0,,4,3,2026-07-16T23:37:28+00:00,3.0,2026-07-16T23:37:28+00:00,0.0,0.0,OK
Lethbridge,Lethbridge,2026-07-16 15:00,3.0,,3,3,2026-07-16T23:37:28+00:00,1.0,2026-07-16T23:37:28+00:00,2.0,2.0,Significant difference
Medicine Hat,Medicine Hat,2026-07-16 17:00,3.0,,3,3,2026-07-16T23:37:28+00:00,3.0,2026-07-16T23:37:28+00:00,0.0,0.0,OK
Airdrie,Airdrie,2026-07-16 17:00,3.0,,3,4,2026-07-16T23:37:28+00:00,3.0,2026-07-16T23:37:28+00:00,0.0,0.0,OK
Cold Lake,Cold Lake,2026-07-16 17:00,3.0,,3,3,2026-07-16T23:37:28+00:00,3.0,2026-07-16T23:37:28+00:00,0.0,0.0,OK
Drayton Valley,Drayton Valley,2026-07-16 17:00,3.0,,3,3,2026-07-16T23:37:28+00:00,3.0,2026-07-16T23:37:28+00:00,0.0,0.0,OK
St. Albert,St. Albert,2026-07-16 17:00,4.0,,4,4,2026-07-16T23:37:28+00:00,4.0,2026-07-16T23:37:28+00:00,0.0,0.0,OK
Strathcona County,Sherwood Park,2026-07-16 17:00,4.0,,4,5,2026-07-16T23:37:28+00:00,,,,,OK
Edmonton,Edmonton,2026-07-16 18:00,4.0,,4,4,2026-07-17T00:54:43+00:00,4.0,2026-07-17T00:54:43+00:00,0.0,0.0,OK
Calgary,Calgary,2026-07-16 18:00,3.0,,3,4,2026-07-17T00:54:43+00:00,3.0,2026-07-17T00:54:43+00:00,0.0,0.0,OK
Red Deer,Red Deer,2026-07-16 18:00,3.0,,2,3,2026-07-17T00:54:43+00:00,3.0,2026-07-17T00:54:43+00:00,0.0,0.0,OK
Fort McMurray,Fort McMurray,2026-07-16 18:00,2.0,,2,2,2026-07-17T00:54:43+00:00,2.0,2026-07-17T00:54:43+00:00,0.0,0.0,OK
Grande Prairie,Grande Prairie,2026-07-16 18:00,3.0,,4,3,2026-07-17T00:54:43+00:00,2.0,2026-07-17T00:54:43+00:00,1.0,1.0,Minor difference
Lethbridge,Lethbridge,2026-07-16 15:00,3.0,,3,3,2026-07-17T00:54:43+00:00,1.0,2026-07-17T00:54:43+00:00,2.0,2.0,Significant difference
Medicine Hat,Medicine Hat,2026-07-16 18:00,3.0,,3,3,2026-07-17T00:54:43+00:00,3.0,2026-07-17T00:54:43+00:00,0.0,0.0,OK
Airdrie,Airdrie,2026-07-16 18:00,3.0,,3,4,2026-07-17T00:54:43+00:00,3.0,2026-07-17T00:54:43+00:00,0.0,0.0,OK
Cold Lake,Cold Lake,2026-07-16 18:00,3.0,,3,3,2026-07-17T00:54:43+00:00,3.0,2026-07-17T00:54:43+00:00,0.0,0.0,OK
Drayton Valley,Drayton Valley,2026-07-16 18:00,3.0,,3,3,2026-07-17T00:54:43+00:00,3.0,2026-07-17T00:54:43+00:00,0.0,0.0,OK
St. Albert,St. Albert,2026-07-16 18:00,4.0,,4,4,2026-07-17T00:54:43+00:00,4.0,2026-07-17T00:54:43+00:00,0.0,0.0,OK
Strathcona County,Sherwood Park,2026-07-16 18:00,3.0,,4,5,2026-07-17T00:54:43+00:00,,,,,OK
Edmonton,Edmonton,2026-07-16 19:00,4.0,,4,4,2026-07-17T01:58:01+00:00,4.0,2026-07-17T01:58:01+00:00,0.0,0.0,OK
Calgary,Calgary,2026-07-16 19:00,3.0,,3,4,2026-07-17T01:58:01+00:00,3.0,2026-07-17T01:58:01+00:00,0.0,0.0,OK
Red Deer,Red Deer,2026-07-16 19:00,3.0,,2,3,2026-07-17T01:58:01+00:00,3.0,2026-07-17T01:58:01+00:00,0.0,0.0,OK
Fort McMurray,Fort McMurray,2026-07-16 19:00,3.0,,2,2,2026-07-17T01:58:01+00:00,2.0,2026-07-17T01:58:01+00:00,1.0,1.0,Minor difference
Grande Prairie,Grande Prairie,2026-07-16 19:00,3.0,,4,3,2026-07-17T01:58:01+00:00,2.0,2026-07-17T01:58:01+00:00,1.0,1.0,Minor difference
Lethbridge,Lethbridge,2026-07-16 19:00,2.0,,3,3,2026-07-17T01:58:01+00:00,2.0,2026-07-17T01:58:01+00:00,0.0,0.0,OK
Medicine Hat,Medicine Hat,2026-07-16 19:00,3.0,,3,3,2026-07-17T01:58:01+00:00,3.0,2026-07-17T01:58:01+00:00,0.0,0.0,OK
Airdrie,Airdrie,2026-07-16 19:00,3.0,,3,4,2026-07-17T01:58:01+00:00,3.0,2026-07-17T01:58:01+00:00,0.0,0.0,OK
Cold Lake,Cold Lake,2026-07-16 19:00,3.0,,3,3,2026-07-17T01:58:01+00:00,3.0,2026-07-17T01:58:01+00:00,0.0,0.0,OK
Drayton Valley,Drayton Valley,2026-07-16 19:00,3.0,,3,3,2026-07-17T01:58:01+00:00,3.0,2026-07-17T01:58:01+00:00,0.0,0.0,OK
St. Albert,St. Albert,2026-07-16 19:00,4.0,,4,4,2026-07-17T01:58:01+00:00,4.0,2026-07-17T01:58:01+00:00,0.0,0.0,OK
Strathcona County,Sherwood Park,2026-07-16 19:00,3.0,,4,5,2026-07-17T01:58:01+00:00,,,,,OK
Edmonton,Edmonton,2026-07-16 20:00,4.0,,4,4,2026-07-17T03:25:22+00:00,3.0,2026-07-17T03:25:22+00:00,1.0,1.0,Minor difference
Calgary,Calgary,2026-07-16 20:00,3.0,,3,4,2026-07-17T03:25:22+00:00,3.0,2026-07-17T03:25:22+00:00,0.0,0.0,OK
Red Deer,Red Deer,2026-07-16 20:00,3.0,,2,3,2026-07-17T03:25:22+00:00,3.0,2026-07-17T03:25:22+00:00,0.0,0.0,OK
Fort McMurray,Fort McMurray,2026-07-16 20:00,3.0,,2,2,2026-07-17T03:25:22+00:00,3.0,2026-07-17T03:25:22+00:00,0.0,0.0,OK
Grande Prairie,Grande Prairie,2026-07-16 20:00,3.0,,4,3,2026-07-17T03:25:22+00:00,3.0,2026-07-17T03:25:22+00:00,0.0,0.0,OK
Lethbridge,Lethbridge,2026-07-16 21:00,2.0,,3,3,2026-07-17T03:25:22+00:00,2.0,2026-07-17T03:25:22+00:00,0.0,0.0,OK
Medicine Hat,Medicine Hat,2026-07-16 20:00,3.0,,3,3,2026-07-17T03:25:22+00:00,3.0,2026-07-17T03:25:22+00:00,0.0,0.0,OK
Airdrie,Airdrie,2026-07-16 20:00,3.0,,3,4,2026-07-17T03:25:22+00:00,3.0,2026-07-17T03:25:22+00:00,0.0,0.0,OK
Cold Lake,Cold Lake,2026-07-16 21:00,3.0,,3,3,2026-07-17T03:25:22+00:00,3.0,2026-07-17T03:25:22+00:00,0.0,0.0,OK
Drayton Valley,Drayton Valley,2026-07-16 20:00,3.0,,3,3,2026-07-17T03:25:22+00:00,3.0,2026-07-17T03:25:22+00:00,0.0,0.0,OK
St. Albert,St. Albert,2026-07-16 20:00,4.0,,4,4,2026-07-17T03:25:22+00:00,3.0,2026-07-17T03:25:22+00:00,1.0,1.0,Minor difference
Strathcona County,Sherwood Park,2026-07-16 21:00,3.0,,4,5,2026-07-17T03:25:22+00:00,,,,,OK
Edmonton,Edmonton,2026-07-16 22:00,3.0,,4,4,2026-07-17T05:21:46+00:00,3.0,2026-07-17T05:21:46+00:00,0.0,0.0,OK
Calgary,Calgary,2026-07-16 22:00,3.0,,3,4,2026-07-17T05:21:46+00:00,3.0,2026-07-17T05:21:46+00:00,0.0,0.0,OK
Red Deer,Red Deer,2026-07-16 22:00,3.0,,2,3,2026-07-17T05:21:46+00:00,3.0,2026-07-17T05:21:46+00:00,0.0,0.0,OK
Fort McMurray,Fort McMurray,2026-07-16 22:00,3.0,,2,2,2026-07-17T05:21:46+00:00,2.0,2026-07-17T05:21:46+00:00,1.0,1.0,Minor difference
Grande Prairie,Grande Prairie,2026-07-16 22:00,3.0,,4,3,2026-07-17T05:21:46+00:00,3.0,2026-07-17T05:21:46+00:00,0.0,0.0,OK
Lethbridge,Lethbridge,2026-07-16 22:00,2.0,,3,3,2026-07-17T05:21:46+00:00,2.0,2026-07-17T05:21:46+00:00,0.0,0.0,OK
Medicine Hat,Medicine Hat,2026-07-16 22:00,3.0,,3,3,2026-07-17T05:21:46+00:00,3.0,2026-07-17T05:21:46+00:00,0.0,0.0,OK
Airdrie,Airdrie,2026-07-16 22:00,3.0,,3,4,2026-07-17T05:21:46+00:00,3.0,2026-07-17T05:21:46+00:00,0.0,0.0,OK
Cold Lake,Cold Lake,2026-07-16 23:00,2.0,,3,3,2026-07-17T05:21:46+00:00,2.0,2026-07-17T05:21:46+00:00,0.0,0.0,OK
Drayton Valley,Drayton Valley,2026-07-16 22:00,3.0,,3,3,2026-07-17T05:21:46+00:00,3.0,2026-07-17T05:21:46+00:00,0.0,0.0,OK
St. Albert,St. Albert,2026-07-16 22:00,3.0,,4,4,2026-07-17T05:21:46+00:00,3.0,2026-07-17T05:21:46+00:00,0.0,0.0,OK
Strathcona County,Sherwood Park,2026-07-16 22:00,3.0,,4,5,2026-07-17T05:21:46+00:00,,,,,OK
Edmonton,Edmonton,2026-07-17 00:00,3.0,,4,4,2026-07-17T07:04:01+00:00,3.0,2026-07-17T07:04:01+00:00,0.0,0.0,OK
Calgary,Calgary,2026-07-17 00:00,2.0,,3,4,2026-07-17T07:04:01+00:00,2.0,2026-07-17T07:04:01+00:00,0.0,0.0,OK
Red Deer,Red Deer,2026-07-17 00:00,2.0,,2,3,2026-07-17T07:04:01+00:00,2.0,2026-07-17T07:04:01+00:00,0.0,0.0,OK
Fort McMurray,Fort McMurray,2026-07-17 00:00,2.0,,2,2,2026-07-17T07:04:01+00:00,2.0,2026-07-17T07:04:01+00:00,0.0,0.0,OK
Grande Prairie,Grande Prairie,2026-07-17 00:00,3.0,,4,3,2026-07-17T07:04:01+00:00,3.0,2026-07-17T07:04:01+00:00,0.0,0.0,OK
Lethbridge,Lethbridge,2026-07-17 00:00,2.0,,3,3,2026-07-17T07:04:01+00:00,2.0,2026-07-17T07:04:01+00:00,0.0,0.0,OK
Medicine Hat,Medicine Hat,2026-07-17 00:00,2.0,,3,3,2026-07-17T07:04:01+00:00,2.0,2026-07-17T07:04:01+00:00,0.0,0.0,OK
Airdrie,Airdrie,2026-07-17 00:00,2.0,,3,4,2026-07-17T07:04:01+00:00,2.0,2026-07-17T07:04:01+00:00,0.0,0.0,OK
Cold Lake,Cold Lake,2026-07-17 00:00,2.0,,3,3,2026-07-17T07:04:01+00:00,2.0,2026-07-17T07:04:01+00:00,0.0,0.0,OK
Drayton Valley,Drayton Valley,2026-07-17 00:00,3.0,,3,3,2026-07-17T07:04:01+00:00,3.0,2026-07-17T07:04:01+00:00,0.0,0.0,OK
St. Albert,St. Albert,2026-07-17 00:00,3.0,,4,4,2026-07-17T07:04:01+00:00,3.0,2026-07-17T07:04:01+00:00,0.0,0.0,OK
Strathcona County,Sherwood Park,2026-07-17 00:00,2.0,,4,5,2026-07-17T07:04:01+00:00,,,,,OK
Edmonton,Edmonton,2026-07-17 02:00,3.0,,4,4,2026-07-17T09:00:54+00:00,3.0,2026-07-17T09:00:54+00:00,0.0,0.0,OK
Calgary,Calgary,2026-07-17 02:00,2.0,,3,4,2026-07-17T09:00:54+00:00,2.0,2026-07-17T09:00:54+00:00,0.0,0.0,OK
Red Deer,Red Deer,2026-07-17 02:00,2.0,,2,3,2026-07-17T09:00:54+00:00,2.0,2026-07-17T09:00:54+00:00,0.0,0.0,OK
Fort McMurray,Fort McMurray,2026-07-17 02:00,2.0,,2,2,2026-07-17T09:00:54+00:00,2.0,2026-07-17T09:00:54+00:00,0.0,0.0,OK
Grande Prairie,Grande Prairie,2026-07-17 02:00,2.0,,4,3,2026-07-17T09:00:54+00:00,2.0,2026-07-17T09:00:54+00:00,0.0,0.0,OK
Lethbridge,Lethbridge,2026-07-17 02:00,2.0,,3,3,2026-07-17T09:00:54+00:00,2.0,2026-07-17T09:00:54+00:00,0.0,0.0,OK
Medicine Hat,Medicine Hat,2026-07-17 02:00,2.0,,3,3,2026-07-17T09:00:54+00:00,2.0,2026-07-17T09:00:54+00:00,0.0,0.0,OK
Airdrie,Airdrie,2026-07-17 02:00,2.0,,3,4,2026-07-17T09:00:54+00:00,2.0,2026-07-17T09:00:54+00:00,0.0,0.0,OK
Cold Lake,Cold Lake,2026-07-17 02:00,2.0,,3,3,2026-07-17T09:00:54+00:00,2.0,2026-07-17T09:00:54+00:00,0.0,0.0,OK
Drayton Valley,Drayton Valley,2026-07-17 02:00,2.0,,3,3,2026-07-17T09:00:54+00:00,2.0,2026-07-17T09:00:54+00:00,0.0,0.0,OK
St. Albert,St. Albert,2026-07-17 02:00,3.0,,4,4,2026-07-17T09:00:54+00:00,3.0,2026-07-17T09:00:54+00:00,0.0,0.0,OK
Strathcona County,Sherwood Park,2026-07-17 02:00,2.0,,4,5,2026-07-17T09:00:54+00:00,,,,,OK
Edmonton,Edmonton,2026-07-17 03:00,3.0,,4,4,2026-07-17T09:56:41+00:00,3.0,2026-07-17T09:56:41+00:00,0.0,0.0,OK
Calgary,Calgary,2026-07-17 03:00,2.0,,3,4,2026-07-17T09:56:41+00:00,2.0,2026-07-17T09:56:41+00:00,0.0,0.0,OK
Red Deer,Red Deer,2026-07-17 02:00,2.0,,2,3,2026-07-17T09:56:41+00:00,2.0,2026-07-17T09:56:41+00:00,0.0,0.0,OK
Fort McMurray,Fort McMurray,2026-07-17 03:00,2.0,,2,2,2026-07-17T09:56:41+00:00,2.0,2026-07-17T09:56:41+00:00,0.0,0.0,OK
Grande Prairie,Grande Prairie,2026-07-17 03:00,2.0,,4,3,2026-07-17T09:56:41+00:00,2.0,2026-07-17T09:56:41+00:00,0.0,0.0,OK
Lethbridge,Lethbridge,2026-07-17 03:00,2.0,,3,3,2026-07-17T09:56:41+00:00,2.0,2026-07-17T09:56:41+00:00,0.0,0.0,OK
Medicine Hat,Medicine Hat,2026-07-17 03:00,2.0,,3,3,2026-07-17T09:56:41+00:00,2.0,2026-07-17T09:56:41+00:00,0.0,0.0,OK
Airdrie,Airdrie,2026-07-17 03:00,1.0,,3,4,2026-07-17T09:56:41+00:00,1.0,2026-07-17T09:56:41+00:00,0.0,0.0,OK
Cold Lake,Cold Lake,2026-07-17 03:00,2.0,,3,3,2026-07-17T09:56:41+00:00,2.0,2026-07-17T09:56:41+00:00,0.0,0.0,OK
Drayton Valley,Drayton Valley,2026-07-17 03:00,2.0,,3,3,2026-07-17T09:56:41+00:00,2.0,2026-07-17T09:56:41+00:00,0.0,0.0,OK
St. Albert,St. Albert,2026-07-17 03:00,3.0,,4,4,2026-07-17T09:56:41+00:00,3.0,2026-07-17T09:56:41+00:00,0.0,0.0,OK
Strathcona County,Sherwood Park,2026-07-17 03:00,3.0,,4,5,2026-07-17T09:56:41+00:00,,,,,OK
Edmonton,Edmonton,2026-07-17 04:00,3.0,,4,4,2026-07-17T10:54:56+00:00,3.0,2026-07-17T10:54:56+00:00,0.0,0.0,OK
Calgary,Calgary,2026-07-17 04:00,2.0,,3,4,2026-07-17T10:54:56+00:00,2.0,2026-07-17T10:54:56+00:00,0.0,0.0,OK
Red Deer,Red Deer,2026-07-17 04:00,2.0,,2,3,2026-07-17T10:54:56+00:00,2.0,2026-07-17T10:54:56+00:00,0.0,0.0,OK
Fort McMurray,Fort McMurray,2026-07-17 04:00,2.0,,2,2,2026-07-17T10:54:56+00:00,2.0,2026-07-17T10:54:56+00:00,0.0,0.0,OK
Grande Prairie,Grande Prairie,2026-07-17 03:00,2.0,,4,3,2026-07-17T10:54:56+00:00,2.0,2026-07-17T10:54:56+00:00,0.0,0.0,OK
Lethbridge,Lethbridge,2026-07-17 03:00,2.0,,3,3,2026-07-17T10:54:56+00:00,2.0,2026-07-17T10:54:56+00:00,0.0,0.0,OK
Medicine Hat,Medicine Hat,2026-07-17 04:00,2.0,,3,3,2026-07-17T10:54:56+00:00,2.0,2026-07-17T10:54:56+00:00,0.0,0.0,OK
Airdrie,Airdrie,2026-07-17 04:00,1.0,,3,4,2026-07-17T10:54:56+00:00,1.0,2026-07-17T10:54:56+00:00,0.0,0.0,OK
Cold Lake,Cold Lake,2026-07-17 04:00,2.0,,3,3,2026-07-17T10:54:56+00:00,2.0,2026-07-17T10:54:56+00:00,0.0,0.0,OK
Drayton Valley,Drayton Valley,2026-07-17 04:00,2.0,,3,3,2026-07-17T10:54:56+00:00,2.0,2026-07-17T10:54:56+00:00,0.0,0.0,OK
St. Albert,St. Albert,2026-07-17 04:00,3.0,,4,4,2026-07-17T10:54:56+00:00,3.0,2026-07-17T10:54:56+00:00,0.0,0.0,OK
Strathcona County,Sherwood Park,2026-07-17 04:00,2.0,,4,5,2026-07-17T10:54:56+00:00,,,,,OK
Edmonton,Edmonton,2026-07-17 06:00,2.0,4.0,4,4,2026-07-17T12:42:09+00:00,2.0,2026-07-17T12:42:09+00:00,0.0,0.0,OK
Calgary,Calgary,2026-07-17 06:00,2.0,4.0,4,4,2026-07-17T12:42:09+00:00,2.0,2026-07-17T12:42:09+00:00,0.0,0.0,OK
Red Deer,Red Deer,2026-07-17 06:00,2.0,3.0,4,3,2026-07-17T12:42:09+00:00,2.0,2026-07-17T12:42:09+00:00,0.0,0.0,OK
Fort McMurray,Fort McMurray,2026-07-17 06:00,2.0,2.0,3,2,2026-07-17T12:42:09+00:00,2.0,2026-07-17T12:42:09+00:00,0.0,0.0,OK
Grande Prairie,Grande Prairie,2026-07-17 06:00,2.0,3.0,2,3,2026-07-17T12:42:09+00:00,2.0,2026-07-17T12:42:09+00:00,0.0,0.0,OK
Lethbridge,Lethbridge,2026-07-17 03:00,2.0,3.0,3,3,2026-07-17T12:42:09+00:00,1.0,2026-07-17T12:42:09+00:00,1.0,1.0,Minor difference
Medicine Hat,Medicine Hat,2026-07-17 06:00,2.0,4.0,3,4,2026-07-17T12:42:09+00:00,2.0,2026-07-17T12:42:09+00:00,0.0,0.0,OK
Airdrie,Airdrie,2026-07-17 06:00,1.0,4.0,4,4,2026-07-17T12:42:09+00:00,1.0,2026-07-17T12:42:09+00:00,0.0,0.0,OK
Cold Lake,Cold Lake,2026-07-17 06:00,1.0,3.0,2,3,2026-07-17T12:42:09+00:00,1.0,2026-07-17T12:42:09+00:00,0.0,0.0,OK
Drayton Valley,Drayton Valley,2026-07-17 06:00,2.0,3.0,3,3,2026-07-17T12:42:09+00:00,2.0,2026-07-17T12:42:09+00:00,0.0,0.0,OK
St. Albert,St. Albert,2026-07-17 06:00,2.0,4.0,4,4,2026-07-17T12:42:09+00:00,2.0,2026-07-17T12:42:09+00:00,0.0,0.0,OK
Strathcona County,Sherwood Park,2026-07-17 06:00,2.0,4.0,4,4,2026-07-17T12:42:09+00:00,,,,,OK
Edmonton,Edmonton,2026-07-17 07:00,2.0,4.0,4,4,2026-07-17T13:55:17+00:00,2.0,2026-07-17T13:55:17+00:00,0.0,0.0,OK
Calgary,Calgary,2026-07-17 07:00,2.0,4.0,4,4,2026-07-17T13:55:17+00:00,2.0,2026-07-17T13:55:17+00:00,0.0,0.0,OK
Red Deer,Red Deer,2026-07-17 07:00,2.0,3.0,4,3,2026-07-17T13:55:17+00:00,2.0,2026-07-17T13:55:17+00:00,0.0,0.0,OK
Fort McMurray,Fort McMurray,2026-07-17 07:00,2.0,2.0,3,2,2026-07-17T13:55:17+00:00,2.0,2026-07-17T13:55:17+00:00,0.0,0.0,OK
Grande Prairie,Grande Prairie,2026-07-17 07:00,2.0,3.0,2,3,2026-07-17T13:55:17+00:00,2.0,2026-07-17T13:55:17+00:00,0.0,0.0,OK
Lethbridge,Lethbridge,2026-07-17 07:00,1.0,3.0,3,3,2026-07-17T13:55:17+00:00,1.0,2026-07-17T13:55:17+00:00,0.0,0.0,OK
Medicine Hat,Medicine Hat,2026-07-17 07:00,2.0,4.0,3,4,2026-07-17T13:55:17+00:00,2.0,2026-07-17T13:55:17+00:00,0.0,0.0,OK
Airdrie,Airdrie,2026-07-17 07:00,1.0,4.0,4,4,2026-07-17T13:55:17+00:00,1.0,2026-07-17T13:55:17+00:00,0.0,0.0,OK
Cold Lake,Cold Lake,2026-07-17 07:00,1.0,3.0,2,3,2026-07-17T13:55:17+00:00,1.0,2026-07-17T13:55:17+00:00,0.0,0.0,OK
Drayton Valley,Drayton Valley,2026-07-17 07:00,3.0,3.0,3,3,2026-07-17T13:55:17+00:00,3.0,2026-07-17T13:55:17+00:00,0.0,0.0,OK
St. Albert,St. Albert,2026-07-17 07:00,2.0,4.0,4,4,2026-07-17T13:55:17+00:00,2.0,2026-07-17T13:55:17+00:00,0.0,0.0,OK
Strathcona County,Sherwood Park,2026-07-17 07:00,2.0,4.0,4,4,2026-07-17T13:55:17+00:00,,,,,OK
Edmonton,Edmonton,2026-07-17 08:00,2.0,4.0,4,4,2026-07-17T14:52:01+00:00,2.0,2026-07-17T14:52:01+00:00,0.0,0.0,OK
Calgary,Calgary,2026-07-17 08:00,2.0,4.0,4,4,2026-07-17T14:52:01+00:00,2.0,2026-07-17T14:52:01+00:00,0.0,0.0,OK
Red Deer,Red Deer,2026-07-17 08:00,2.0,3.0,4,3,2026-07-17T14:52:01+00:00,2.0,2026-07-17T14:52:01+00:00,0.0,0.0,OK
Fort McMurray,Fort McMurray,2026-07-17 08:00,2.0,2.0,3,2,2026-07-17T14:52:01+00:00,2.0,2026-07-17T14:52:01+00:00,0.0,0.0,OK
Grande Prairie,Grande Prairie,2026-07-17 08:00,2.0,3.0,2,3,2026-07-17T14:52:01+00:00,2.0,2026-07-17T14:52:01+00:00,0.0,0.0,OK
Lethbridge,Lethbridge,2026-07-17 08:00,1.0,3.0,3,3,2026-07-17T14:52:01+00:00,1.0,2026-07-17T14:52:01+00:00,0.0,0.0,OK
Medicine Hat,Medicine Hat,2026-07-17 08:00,2.0,4.0,3,4,2026-07-17T14:52:01+00:00,2.0,2026-07-17T14:52:01+00:00,0.0,0.0,OK
Airdrie,Airdrie,2026-07-17 08:00,1.0,4.0,4,4,2026-07-17T14:52:01+00:00,1.0,2026-07-17T14:52:01+00:00,0.0,0.0,OK
Cold Lake,Cold Lake,2026-07-17 08:00,1.0,3.0,2,3,2026-07-17T14:52:01+00:00,1.0,2026-07-17T14:52:01+00:00,0.0,0.0,OK
Drayton Valley,Drayton Valley,2026-07-17 08:00,3.0,3.0,3,3,2026-07-17T14:52:01+00:00,3.0,2026-07-17T14:52:01+00:00,0.0,0.0,OK
St. Albert,St. Albert,2026-07-17 08:00,2.0,4.0,4,4,2026-07-17T14:52:01+00:00,2.0,2026-07-17T14:52:01+00:00,0.0,0.0,OK
Strathcona County,Sherwood Park,2026-07-17 08:00,2.0,4.0,4,4,2026-07-17T14:52:01+00:00,,,,,OK
Edmonton,Edmonton,2026-07-17 09:00,2.0,4.0,4,4,2026-07-17T15:46:35+00:00,2.0,2026-07-17T15:46:35+00:00,0.0,0.0,OK
Calgary,Calgary,2026-07-17 09:00,2.0,4.0,4,4,2026-07-17T15:46:35+00:00,2.0,2026-07-17T15:46:35+00:00,0.0,0.0,OK
Red Deer,Red Deer,2026-07-17 09:00,2.0,3.0,4,3,2026-07-17T15:46:35+00:00,2.0,2026-07-17T15:46:35+00:00,0.0,0.0,OK
Fort McMurray,Fort McMurray,2026-07-17 09:00,2.0,2.0,3,2,2026-07-17T15:46:35+00:00,2.0,2026-07-17T15:46:35+00:00,0.0,0.0,OK
Grande Prairie,Grande Prairie,2026-07-17 09:00,2.0,3.0,2,3,2026-07-17T15:46:35+00:00,2.0,2026-07-17T15:46:35+00:00,0.0,0.0,OK
Lethbridge,Lethbridge,2026-07-17 09:00,1.0,3.0,3,3,2026-07-17T15:46:35+00:00,1.0,2026-07-17T15:46:35+00:00,0.0,0.0,OK
Medicine Hat,Medicine Hat,2026-07-17 09:00,2.0,4.0,3,4,2026-07-17T15:46:35+00:00,2.0,2026-07-17T15:46:35+00:00,0.0,0.0,OK
Airdrie,Airdrie,2026-07-17 09:00,1.0,4.0,4,4,2026-07-17T15:46:35+00:00,1.0,2026-07-17T15:46:35+00:00,0.0,0.0,OK
Cold Lake,Cold Lake,2026-07-17 09:00,1.0,3.0,2,3,2026-07-17T15:46:35+00:00,1.0,2026-07-17T15:46:35+00:00,0.0,0.0,OK
Drayton Valley,Drayton Valley,2026-07-17 09:00,3.0,3.0,3,3,2026-07-17T15:46:35+00:00,3.0,2026-07-17T15:46:35+00:00,0.0,0.0,OK
St. Albert,St. Albert,2026-07-17 09:00,2.0,4.0,4,4,2026-07-17T15:46:35+00:00,2.0,2026-07-17T15:46:35+00:00,0.0,0.0,OK
Strathcona County,Sherwood Park,2026-07-17 09:00,2.0,4.0,4,4,2026-07-17T15:46:35+00:00,,,,,OK
Edmonton,Edmonton,2026-07-17 10:00,3.0,4.0,4,4,2026-07-17T16:41:11+00:00,3.0,2026-07-17T16:41:11+00:00,0.0,0.0,OK
Calgary,Calgary,2026-07-17 10:00,2.0,4.0,4,4,2026-07-17T16:41:11+00:00,2.0,2026-07-17T16:41:11+00:00,0.0,0.0,OK
Red Deer,Red Deer,2026-07-17 10:00,2.0,3.0,4,3,2026-07-17T16:41:11+00:00,2.0,2026-07-17T16:41:11+00:00,0.0,0.0,OK
Fort McMurray,Fort McMurray,2026-07-17 10:00,2.0,2.0,3,2,2026-07-17T16:41:11+00:00,2.0,2026-07-17T16:41:11+00:00,0.0,0.0,OK
Grande Prairie,Grande Prairie,2026-07-17 10:00,2.0,3.0,2,3,2026-07-17T16:41:11+00:00,2.0,2026-07-17T16:41:11+00:00,0.0,0.0,OK
Lethbridge,Lethbridge,2026-07-17 10:00,1.0,3.0,3,3,2026-07-17T16:41:11+00:00,1.0,2026-07-17T16:41:11+00:00,0.0,0.0,OK
Medicine Hat,Medicine Hat,2026-07-17 10:00,2.0,4.0,3,4,2026-07-17T16:41:11+00:00,2.0,2026-07-17T16:41:11+00:00,0.0,0.0,OK
Airdrie,Airdrie,2026-07-17 10:00,2.0,4.0,4,4,2026-07-17T16:41:11+00:00,2.0,2026-07-17T16:41:11+00:00,0.0,0.0,OK
Cold Lake,Cold Lake,2026-07-17 10:00,2.0,3.0,2,3,2026-07-17T16:41:11+00:00,2.0,2026-07-17T16:41:11+00:00,0.0,0.0,OK
Drayton Valley,Drayton Valley,2026-07-17 10:00,3.0,3.0,3,3,2026-07-17T16:41:11+00:00,3.0,2026-07-17T16:41:11+00:00,0.0,0.0,OK
St. Albert,St. Albert,2026-07-17 10:00,3.0,4.0,4,4,2026-07-17T16:41:11+00:00,3.0,2026-07-17T16:41:11+00:00,0.0,0.0,OK
Strathcona County,Sherwood Park,2026-07-17 10:00,2.0,4.0,4,4,2026-07-17T16:41:11+00:00,,,,,OK
Edmonton,Edmonton,2026-07-17 11:00,3.0,4.0,4,4,2026-07-17T17:40:18+00:00,3.0,2026-07-17T17:40:18+00:00,0.0,0.0,OK
Calgary,Calgary,2026-07-17 11:00,3.0,4.0,4,4,2026-07-17T17:40:18+00:00,3.0,2026-07-17T17:40:18+00:00,0.0,0.0,OK
Red Deer,Red Deer,2026-07-17 11:00,2.0,3.0,4,3,2026-07-17T17:40:18+00:00,2.0,2026-07-17T17:40:18+00:00,0.0,0.0,OK
Fort McMurray,Fort McMurray,2026-07-17 11:00,2.0,2.0,3,2,2026-07-17T17:40:18+00:00,2.0,2026-07-17T17:40:18+00:00,0.0,0.0,OK
Grande Prairie,Grande Prairie,2026-07-17 11:00,3.0,3.0,2,3,2026-07-17T17:40:18+00:00,3.0,2026-07-17T17:40:18+00:00,0.0,0.0,OK
Lethbridge,Lethbridge,2026-07-17 11:00,2.0,3.0,3,3,2026-07-17T17:40:18+00:00,2.0,2026-07-17T17:40:18+00:00,0.0,0.0,OK
Medicine Hat,Medicine Hat,2026-07-17 11:00,2.0,4.0,3,4,2026-07-17T17:40:18+00:00,2.0,2026-07-17T17:40:18+00:00,0.0,0.0,OK
Airdrie,Airdrie,2026-07-17 11:00,2.0,4.0,4,4,2026-07-17T17:40:18+00:00,2.0,2026-07-17T17:40:18+00:00,0.0,0.0,OK
Cold Lake,Cold Lake,2026-07-17 11:00,2.0,3.0,2,3,2026-07-17T17:40:18+00:00,2.0,2026-07-17T17:40:18+00:00,0.0,0.0,OK
Drayton Valley,Drayton Valley,2026-07-17 11:00,3.0,3.0,3,3,2026-07-17T17:40:18+00:00,3.0,2026-07-17T17:40:18+00:00,0.0,0.0,OK
St. Albert,St. Albert,2026-07-17 11:00,3.0,4.0,4,4,2026-07-17T17:40:18+00:00,3.0,2026-07-17T17:40:18+00:00,0.0,0.0,OK
Strathcona County,Sherwood Park,2026-07-17 11:00,3.0,4.0,4,4,2026-07-17T17:40:18+00:00,,,,,OK
Edmonton,Edmonton,2026-07-17 12:00,4.0,4.0,4,4,2026-07-17T18:38:03+00:00,4.0,2026-07-17T18:38:04+00:00,0.0,0.0,OK
Calgary,Calgary,2026-07-17 12:00,3.0,4.0,4,4,2026-07-17T18:38:03+00:00,3.0,2026-07-17T18:38:04+00:00,0.0,0.0,OK
Red Deer,Red Deer,2026-07-17 12:00,2.0,3.0,4,3,2026-07-17T18:38:03+00:00,2.0,2026-07-17T18:38:04+00:00,0.0,0.0,OK
Fort McMurray,Fort McMurray,2026-07-17 12:00,2.0,2.0,3,2,2026-07-17T18:38:03+00:00,2.0,2026-07-17T18:38:04+00:00,0.0,0.0,OK
Grande Prairie,Grande Prairie,2026-07-17 12:00,3.0,3.0,2,3,2026-07-17T18:38:03+00:00,3.0,2026-07-17T18:38:04+00:00,0.0,0.0,OK
Lethbridge,Lethbridge,2026-07-17 12:00,2.0,3.0,3,3,2026-07-17T18:38:03+00:00,2.0,2026-07-17T18:38:04+00:00,0.0,0.0,OK
Medicine Hat,Medicine Hat,2026-07-17 12:00,3.0,4.0,3,4,2026-07-17T18:38:03+00:00,3.0,2026-07-17T18:38:04+00:00,0.0,0.0,OK
Airdrie,Airdrie,2026-07-17 12:00,2.0,4.0,4,4,2026-07-17T18:38:03+00:00,2.0,2026-07-17T18:38:04+00:00,0.0,0.0,OK
Cold Lake,Cold Lake,2026-07-17 12:00,3.0,3.0,2,3,2026-07-17T18:38:03+00:00,3.0,2026-07-17T18:38:04+00:00,0.0,0.0,OK
Drayton Valley,Drayton Valley,2026-07-17 12:00,3.0,3.0,3,3,2026-07-17T18:38:03+00:00,3.0,2026-07-17T18:38:04+00:00,0.0,0.0,OK
St. Albert,St. Albert,2026-07-17 12:00,4.0,4.0,4,4,2026-07-17T18:38:03+00:00,4.0,2026-07-17T18:38:04+00:00,0.0,0.0,OK
Strathcona County,Sherwood Park,2026-07-17 12:00,3.0,4.0,4,4,2026-07-17T18:38:03+00:00,,,,,OK
Edmonton,Edmonton,2026-07-17 13:00,4.0,4.0,4,4,2026-07-17T19:40:50+00:00,4.0,2026-07-17T19:40:50+00:00,0.0,0.0,OK
Calgary,Calgary,2026-07-17 13:00,3.0,4.0,4,4,2026-07-17T19:40:50+00:00,3.0,2026-07-17T19:40:50+00:00,0.0,0.0,OK
Red Deer,Red Deer,2026-07-17 13:00,3.0,3.0,4,3,2026-07-17T19:40:50+00:00,3.0,2026-07-17T19:40:50+00:00,0.0,0.0,OK
Fort McMurray,Fort McMurray,2026-07-17 13:00,2.0,2.0,3,2,2026-07-17T19:40:50+00:00,2.0,2026-07-17T19:40:50+00:00,0.0,0.0,OK
Grande Prairie,Grande Prairie,2026-07-17 13:00,4.0,3.0,2,3,2026-07-17T19:40:50+00:00,4.0,2026-07-17T19:40:50+00:00,0.0,0.0,OK
Lethbridge,Lethbridge,2026-07-17 13:00,2.0,3.0,3,3,2026-07-17T19:40:50+00:00,2.0,2026-07-17T19:40:50+00:00,0.0,0.0,OK
Medicine Hat,Medicine Hat,2026-07-17 13:00,3.0,4.0,3,4,2026-07-17T19:40:50+00:00,3.0,2026-07-17T19:40:50+00:00,0.0,0.0,OK
Airdrie,Airdrie,2026-07-17 13:00,3.0,4.0,4,4,2026-07-17T19:40:50+00:00,3.0,2026-07-17T19:40:50+00:00,0.0,0.0,OK
Cold Lake,Cold Lake,2026-07-17 12:00,3.0,3.0,2,3,2026-07-17T19:40:50+00:00,2.0,2026-07-17T19:40:50+00:00,1.0,1.0,Minor difference
Drayton Valley,Drayton Valley,2026-07-17 13:00,3.0,3.0,3,3,2026-07-17T19:40:50+00:00,3.0,2026-07-17T19:40:50+00:00,0.0,0.0,OK
St. Albert,St. Albert,2026-07-17 13:00,4.0,4.0,4,4,2026-07-17T19:40:50+00:00,4.0,2026-07-17T19:40:50+00:00,0.0,0.0,OK
Strathcona County,Sherwood Park,2026-07-17 13:00,3.0,4.0,4,4,2026-07-17T19:40:50+00:00,,,,,OK
Edmonton,Edmonton,2026-07-17 14:00,4.0,4.0,4,4,2026-07-17T20:34:03+00:00,4.0,2026-07-17T20:34:03+00:00,0.0,0.0,OK
Calgary,Calgary,2026-07-17 14:00,3.0,4.0,4,4,2026-07-17T20:34:03+00:00,3.0,2026-07-17T20:34:03+00:00,0.0,0.0,OK
Red Deer,Red Deer,2026-07-17 14:00,3.0,3.0,4,3,2026-07-17T20:34:03+00:00,3.0,2026-07-17T20:34:03+00:00,0.0,0.0,OK
Fort McMurray,Fort McMurray,2026-07-17 14:00,2.0,2.0,3,2,2026-07-17T20:34:03+00:00,2.0,2026-07-17T20:34:03+00:00,0.0,0.0,OK
Grande Prairie,Grande Prairie,2026-07-17 14:00,4.0,3.0,2,3,2026-07-17T20:34:03+00:00,4.0,2026-07-17T20:34:03+00:00,0.0,0.0,OK
Lethbridge,Lethbridge,2026-07-17 14:00,2.0,3.0,3,3,2026-07-17T20:34:03+00:00,2.0,2026-07-17T20:34:03+00:00,0.0,0.0,OK
Medicine Hat,Medicine Hat,2026-07-17 14:00,3.0,4.0,3,4,2026-07-17T20:34:03+00:00,3.0,2026-07-17T20:34:03+00:00,0.0,0.0,OK
Airdrie,Airdrie,2026-07-17 14:00,3.0,4.0,4,4,2026-07-17T20:34:03+00:00,3.0,2026-07-17T20:34:03+00:00,0.0,0.0,OK
Cold Lake,Cold Lake,2026-07-17 14:00,4.0,3.0,2,3,2026-07-17T20:34:03+00:00,4.0,2026-07-17T20:34:03+00:00,0.0,0.0,OK
Drayton Valley,Drayton Valley,2026-07-17 14:00,3.0,3.0,3,3,2026-07-17T20:34:03+00:00,3.0,2026-07-17T20:34:03+00:00,0.0,0.0,OK
St. Albert,St. Albert,2026-07-17 14:00,4.0,4.0,4,4,2026-07-17T20:34:03+00:00,4.0,2026-07-17T20:34:03+00:00,0.0,0.0,OK
Strathcona County,Sherwood Park,2026-07-17 14:00,3.0,4.0,4,4,2026-07-17T20:34:03+00:00,,,,,OK
Edmonton,Edmonton,2026-07-17 15:00,4.0,4.0,4,4,2026-07-17T21:33:55+00:00,4.0,2026-07-17T21:33:55+00:00,0.0,0.0,OK
Calgary,Calgary,2026-07-17 15:00,4.0,4.0,4,4,2026-07-17T21:33:55+00:00,4.0,2026-07-17T21:33:55+00:00,0.0,0.0,OK
Red Deer,Red Deer,2026-07-17 15:00,3.0,3.0,4,3,2026-07-17T21:33:55+00:00,3.0,2026-07-17T21:33:55+00:00,0.0,0.0,OK
Fort McMurray,Fort McMurray,2026-07-17 15:00,2.0,2.0,3,2,2026-07-17T21:33:55+00:00,2.0,2026-07-17T21:33:55+00:00,0.0,0.0,OK
Grande Prairie,Grande Prairie,2026-07-17 15:00,4.0,3.0,2,3,2026-07-17T21:33:55+00:00,4.0,2026-07-17T21:33:55+00:00,0.0,0.0,OK
Lethbridge,Lethbridge,2026-07-17 15:00,3.0,3.0,3,3,2026-07-17T21:33:55+00:00,3.0,2026-07-17T21:33:55+00:00,0.0,0.0,OK
Medicine Hat,Medicine Hat,2026-07-17 15:00,3.0,4.0,3,4,2026-07-17T21:33:55+00:00,3.0,2026-07-17T21:33:55+00:00,0.0,0.0,OK
Airdrie,Airdrie,2026-07-17 15:00,3.0,4.0,4,4,2026-07-17T21:33:55+00:00,3.0,2026-07-17T21:33:55+00:00,0.0,0.0,OK
Cold Lake,Cold Lake,2026-07-17 15:00,4.0,3.0,2,3,2026-07-17T21:33:55+00:00,4.0,2026-07-17T21:33:55+00:00,0.0,0.0,OK
Drayton Valley,Drayton Valley,2026-07-17 15:00,3.0,3.0,3,3,2026-07-17T21:33:55+00:00,3.0,2026-07-17T21:33:55+00:00,0.0,0.0,OK
St. Albert,St. Albert,2026-07-17 15:00,4.0,4.0,4,4,2026-07-17T21:33:55+00:00,4.0,2026-07-17T21:33:55+00:00,0.0,0.0,OK
Strathcona County,Sherwood Park,2026-07-17 15:00,3.0,4.0,4,4,2026-07-17T21:33:55+00:00,,,,,OK
Edmonton,Edmonton,2026-07-17 16:00,3.0,4.0,4,4,2026-07-17T22:33:28+00:00,3.0,2026-07-17T22:33:29+00:00,0.0,0.0,OK
Calgary,Calgary,2026-07-17 16:00,4.0,4.0,4,4,2026-07-17T22:33:28+00:00,4.0,2026-07-17T22:33:29+00:00,0.0,0.0,OK
Red Deer,Red Deer,2026-07-17 16:00,3.0,3.0,4,3,2026-07-17T22:33:28+00:00,3.0,2026-07-17T22:33:29+00:00,0.0,0.0,OK
Fort McMurray,Fort McMurray,2026-07-17 16:00,2.0,2.0,3,2,2026-07-17T22:33:28+00:00,2.0,2026-07-17T22:33:29+00:00,0.0,0.0,OK
Grande Prairie,Grande Prairie,2026-07-17 16:00,4.0,3.0,2,3,2026-07-17T22:33:28+00:00,4.0,2026-07-17T22:33:29+00:00,0.0,0.0,OK
Lethbridge,Lethbridge,2026-07-17 16:00,3.0,3.0,3,3,2026-07-17T22:33:28+00:00,3.0,2026-07-17T22:33:29+00:00,0.0,0.0,OK
Medicine Hat,Medicine Hat,2026-07-17 16:00,3.0,4.0,3,4,2026-07-17T22:33:28+00:00,3.0,2026-07-17T22:33:29+00:00,0.0,0.0,OK
Airdrie,Airdrie,2026-07-17 16:00,3.0,4.0,4,4,2026-07-17T22:33:28+00:00,3.0,2026-07-17T22:33:29+00:00,0.0,0.0,OK
Cold Lake,Cold Lake,2026-07-17 16:00,4.0,3.0,2,3,2026-07-17T22:33:28+00:00,4.0,2026-07-17T22:33:29+00:00,0.0,0.0,OK
Drayton Valley,Drayton Valley,2026-07-17 16:00,2.0,3.0,3,3,2026-07-17T22:33:28+00:00,2.0,2026-07-17T22:33:29+00:00,0.0,0.0,OK
St. Albert,St. Albert,2026-07-17 16:00,4.0,4.0,4,4,2026-07-17T22:33:28+00:00,4.0,2026-07-17T22:33:29+00:00,0.0,0.0,OK
Strathcona County,Sherwood Park,2026-07-17 16:00,3.0,4.0,4,4,2026-07-17T22:33:28+00:00,,,,,OK
Edmonton,Edmonton,2026-07-17 16:00,3.0,,5,4,2026-07-17T23:34:24+00:00,3.0,2026-07-17T23:34:24+00:00,0.0,0.0,OK
Calgary,Calgary,2026-07-17 16:00,4.0,,5,4,2026-07-17T23:34:24+00:00,4.0,2026-07-17T23:34:24+00:00,0.0,0.0,OK
Red Deer,Red Deer,2026-07-17 16:00,3.0,,4,3,2026-07-17T23:34:24+00:00,3.0,2026-07-17T23:34:24+00:00,0.0,0.0,OK
Fort McMurray,Fort McMurray,2026-07-17 16:00,2.0,,2,3,2026-07-17T23:34:24+00:00,2.0,2026-07-17T23:34:24+00:00,0.0,0.0,OK
Grande Prairie,Grande Prairie,2026-07-17 16:00,4.0,,3,4,2026-07-17T23:34:24+00:00,4.0,2026-07-17T23:34:24+00:00,0.0,0.0,OK
Lethbridge,Lethbridge,2026-07-17 17:00,3.0,,3,3,2026-07-17T23:34:24+00:00,3.0,2026-07-17T23:34:24+00:00,0.0,0.0,OK
Medicine Hat,Medicine Hat,2026-07-17 16:00,3.0,,4,4,2026-07-17T23:34:24+00:00,3.0,2026-07-17T23:34:24+00:00,0.0,0.0,OK
Airdrie,Airdrie,2026-07-17 16:00,3.0,,5,3,2026-07-17T23:34:24+00:00,3.0,2026-07-17T23:34:24+00:00,0.0,0.0,OK
Cold Lake,Cold Lake,2026-07-17 17:00,4.0,,2,4,2026-07-17T23:34:24+00:00,4.0,2026-07-17T23:34:24+00:00,0.0,0.0,OK
Drayton Valley,Drayton Valley,2026-07-17 16:00,2.0,,4,3,2026-07-17T23:34:24+00:00,2.0,2026-07-17T23:34:24+00:00,0.0,0.0,OK
St. Albert,St. Albert,2026-07-17 16:00,4.0,,5,4,2026-07-17T23:34:24+00:00,3.0,2026-07-17T23:34:24+00:00,1.0,1.0,Minor difference
Strathcona County,Sherwood Park,2026-07-17 17:00,3.0,,5,4,2026-07-17T23:34:24+00:00,,,,,OK
Edmonton,Edmonton,2026-07-17 18:00,3.0,,5,4,2026-07-18T00:50:53+00:00,3.0,2026-07-18T00:50:54+00:00,0.0,0.0,OK
Calgary,Calgary,2026-07-17 18:00,4.0,,5,4,2026-07-18T00:50:53+00:00,4.0,2026-07-18T00:50:54+00:00,0.0,0.0,OK
Red Deer,Red Deer,2026-07-17 18:00,3.0,,4,3,2026-07-18T00:50:53+00:00,3.0,2026-07-18T00:50:54+00:00,0.0,0.0,OK
Fort McMurray,Fort McMurray,2026-07-17 18:00,3.0,,2,3,2026-07-18T00:50:53+00:00,3.0,2026-07-18T00:50:54+00:00,0.0,0.0,OK
Grande Prairie,Grande Prairie,2026-07-17 18:00,3.0,,3,4,2026-07-18T00:50:53+00:00,3.0,2026-07-18T00:50:54+00:00,0.0,0.0,OK
Lethbridge,Lethbridge,2026-07-17 18:00,3.0,,3,3,2026-07-18T00:50:53+00:00,3.0,2026-07-18T00:50:54+00:00,0.0,0.0,OK
Medicine Hat,Medicine Hat,2026-07-17 18:00,3.0,,4,4,2026-07-18T00:50:53+00:00,3.0,2026-07-18T00:50:54+00:00,0.0,0.0,OK
Airdrie,Airdrie,2026-07-17 18:00,3.0,,5,3,2026-07-18T00:50:53+00:00,3.0,2026-07-18T00:50:54+00:00,0.0,0.0,OK
Cold Lake,Cold Lake,2026-07-17 18:00,3.0,,2,4,2026-07-18T00:50:53+00:00,3.0,2026-07-18T00:50:54+00:00,0.0,0.0,OK
Drayton Valley,Drayton Valley,2026-07-17 18:00,2.0,,4,3,2026-07-18T00:50:53+00:00,2.0,2026-07-18T00:50:54+00:00,0.0,0.0,OK
St. Albert,St. Albert,2026-07-17 18:00,3.0,,5,4,2026-07-18T00:50:53+00:00,3.0,2026-07-18T00:50:54+00:00,0.0,0.0,OK
Strathcona County,Sherwood Park,2026-07-17 18:00,3.0,,5,4,2026-07-18T00:50:53+00:00,,,,,OK
Edmonton,Edmonton,2026-07-17 19:00,3.0,,5,4,2026-07-18T01:57:37+00:00,3.0,2026-07-18T01:57:38+00:00,0.0,0.0,OK
Calgary,Calgary,2026-07-17 19:00,3.0,,5,4,2026-07-18T01:57:37+00:00,3.0,2026-07-18T01:57:38+00:00,0.0,0.0,OK
Red Deer,Red Deer,2026-07-17 19:00,3.0,,4,3,2026-07-18T01:57:37+00:00,3.0,2026-07-18T01:57:38+00:00,0.0,0.0,OK
Fort McMurray,Fort McMurray,2026-07-17 19:00,3.0,,2,3,2026-07-18T01:57:37+00:00,3.0,2026-07-18T01:57:38+00:00,0.0,0.0,OK
Grande Prairie,Grande Prairie,2026-07-17 19:00,3.0,,3,4,2026-07-18T01:57:37+00:00,3.0,2026-07-18T01:57:38+00:00,0.0,0.0,OK
Lethbridge,Lethbridge,2026-07-17 19:00,3.0,,3,3,2026-07-18T01:57:37+00:00,3.0,2026-07-18T01:57:38+00:00,0.0,0.0,OK
Medicine Hat,Medicine Hat,2026-07-17 19:00,3.0,,4,4,2026-07-18T01:57:37+00:00,3.0,2026-07-18T01:57:38+00:00,0.0,0.0,OK
Airdrie,Airdrie,2026-07-17 19:00,3.0,,5,3,2026-07-18T01:57:37+00:00,3.0,2026-07-18T01:57:38+00:00,0.0,0.0,OK
Cold Lake,Cold Lake,2026-07-17 19:00,3.0,,2,4,2026-07-18T01:57:37+00:00,3.0,2026-07-18T01:57:38+00:00,0.0,0.0,OK
Drayton Valley,Drayton Valley,2026-07-17 19:00,2.0,,4,3,2026-07-18T01:57:37+00:00,2.0,2026-07-18T01:57:38+00:00,0.0,0.0,OK
St. Albert,St. Albert,2026-07-17 19:00,3.0,,5,4,2026-07-18T01:57:37+00:00,3.0,2026-07-18T01:57:38+00:00,0.0,0.0,OK
Strathcona County,Sherwood Park,2026-07-17 19:00,3.0,,5,4,2026-07-18T01:57:37+00:00,,,,,OK
Edmonton,Edmonton,2026-07-17 20:00,3.0,,5,4,2026-07-18T03:23:10+00:00,3.0,2026-07-18T03:23:10+00:00,0.0,0.0,OK
Calgary,Calgary,2026-07-17 20:00,3.0,,5,4,2026-07-18T03:23:10+00:00,3.0,2026-07-18T03:23:10+00:00,0.0,0.0,OK
Red Deer,Red Deer,2026-07-17 20:00,2.0,,4,3,2026-07-18T03:23:10+00:00,2.0,2026-07-18T03:23:10+00:00,0.0,0.0,OK
Fort McMurray,Fort McMurray,2026-07-17 20:00,3.0,,2,3,2026-07-18T03:23:10+00:00,3.0,2026-07-18T03:23:10+00:00,0.0,0.0,OK
Grande Prairie,Grande Prairie,2026-07-17 20:00,3.0,,3,4,2026-07-18T03:23:10+00:00,3.0,2026-07-18T03:23:10+00:00,0.0,0.0,OK
Lethbridge,Lethbridge,2026-07-17 21:00,3.0,,3,3,2026-07-18T03:23:10+00:00,3.0,2026-07-18T03:23:10+00:00,0.0,0.0,OK
Medicine Hat,Medicine Hat,2026-07-17 20:00,3.0,,4,4,2026-07-18T03:23:10+00:00,3.0,2026-07-18T03:23:10+00:00,0.0,0.0,OK
Airdrie,Airdrie,2026-07-17 20:00,3.0,,5,3,2026-07-18T03:23:10+00:00,3.0,2026-07-18T03:23:10+00:00,0.0,0.0,OK
Cold Lake,Cold Lake,2026-07-17 21:00,2.0,,2,4,2026-07-18T03:23:10+00:00,2.0,2026-07-18T03:23:10+00:00,0.0,0.0,OK
Drayton Valley,Drayton Valley,2026-07-17 20:00,2.0,,4,3,2026-07-18T03:23:10+00:00,2.0,2026-07-18T03:23:10+00:00,0.0,0.0,OK
St. Albert,St. Albert,2026-07-17 20:00,3.0,,5,4,2026-07-18T03:23:10+00:00,3.0,2026-07-18T03:23:10+00:00,0.0,0.0,OK
Strathcona County,Sherwood Park,2026-07-17 21:00,3.0,,5,4,2026-07-18T03:23:10+00:00,,,,,OK
Edmonton,Edmonton,2026-07-17 23:00,3.0,,5,4,2026-07-18T05:58:00+00:00,3.0,2026-07-18T05:58:00+00:00,0.0,0.0,OK
Calgary,Calgary,2026-07-17 23:00,2.0,,5,4,2026-07-18T05:58:00+00:00,2.0,2026-07-18T05:58:00+00:00,0.0,0.0,OK
Red Deer,Red Deer,2026-07-17 23:00,2.0,,4,3,2026-07-18T05:58:00+00:00,2.0,2026-07-18T05:58:00+00:00,0.0,0.0,OK
Fort McMurray,Fort McMurray,2026-07-17 23:00,2.0,,2,3,2026-07-18T05:58:00+00:00,2.0,2026-07-18T05:58:00+00:00,0.0,0.0,OK
Grande Prairie,Grande Prairie,2026-07-17 23:00,3.0,,3,4,2026-07-18T05:58:00+00:00,3.0,2026-07-18T05:58:00+00:00,0.0,0.0,OK
Lethbridge,Lethbridge,2026-07-17 23:00,3.0,,3,3,2026-07-18T05:58:00+00:00,3.0,2026-07-18T05:58:00+00:00,0.0,0.0,OK
Medicine Hat,Medicine Hat,2026-07-17 23:00,2.0,,4,4,2026-07-18T05:58:00+00:00,2.0,2026-07-18T05:58:00+00:00,0.0,0.0,OK
Airdrie,Airdrie,2026-07-17 23:00,2.0,,5,3,2026-07-18T05:58:00+00:00,2.0,2026-07-18T05:58:00+00:00,0.0,0.0,OK
Cold Lake,Cold Lake,2026-07-17 23:00,2.0,,2,4,2026-07-18T05:58:00+00:00,2.0,2026-07-18T05:58:00+00:00,0.0,0.0,OK
Drayton Valley,Drayton Valley,2026-07-17 23:00,2.0,,4,3,2026-07-18T05:58:00+00:00,2.0,2026-07-18T05:58:00+00:00,0.0,0.0,OK
St. Albert,St. Albert,2026-07-17 23:00,3.0,,5,4,2026-07-18T05:58:00+00:00,3.0,2026-07-18T05:58:00+00:00,0.0,0.0,OK
Strathcona County,Sherwood Park,2026-07-17 23:00,2.0,,5,4,2026-07-18T05:58:00+00:00,,,,,OK
Edmonton,Edmonton,2026-07-18 00:00,3.0,,5,4,2026-07-18T06:57:46+00:00,3.0,2026-07-18T06:57:46+00:00,0.0,0.0,OK
Calgary,Calgary,2026-07-18 00:00,2.0,,5,4,2026-07-18T06:57:46+00:00,2.0,2026-07-18T06:57:46+00:00,0.0,0.0,OK
Red Deer,Red Deer,2026-07-18 00:00,2.0,,4,3,2026-07-18T06:57:46+00:00,2.0,2026-07-18T06:57:46+00:00,0.0,0.0,OK
Fort McMurray,Fort McMurray,2026-07-18 00:00,2.0,,2,3,2026-07-18T06:57:46+00:00,2.0,2026-07-18T06:57:46+00:00,0.0,0.0,OK
Grande Prairie,Grande Prairie,2026-07-18 00:00,3.0,,3,4,2026-07-18T06:57:46+00:00,3.0,2026-07-18T06:57:46+00:00,0.0,0.0,OK
Lethbridge,Lethbridge,2026-07-18 00:00,2.0,,3,3,2026-07-18T06:57:46+00:00,2.0,2026-07-18T06:57:46+00:00,0.0,0.0,OK
Medicine Hat,Medicine Hat,2026-07-18 00:00,2.0,,4,4,2026-07-18T06:57:46+00:00,2.0,2026-07-18T06:57:46+00:00,0.0,0.0,OK
Airdrie,Airdrie,2026-07-18 00:00,2.0,,5,3,2026-07-18T06:57:46+00:00,2.0,2026-07-18T06:57:46+00:00,0.0,0.0,OK
Cold Lake,Cold Lake,2026-07-18 00:00,2.0,,2,4,2026-07-18T06:57:46+00:00,2.0,2026-07-18T06:57:46+00:00,0.0,0.0,OK
Drayton Valley,Drayton Valley,2026-07-18 00:00,2.0,,4,3,2026-07-18T06:57:46+00:00,2.0,2026-07-18T06:57:46+00:00,0.0,0.0,OK
St. Albert,St. Albert,2026-07-18 00:00,3.0,,5,4,2026-07-18T06:57:46+00:00,3.0,2026-07-18T06:57:46+00:00,0.0,0.0,OK
Strathcona County,Sherwood Park,2026-07-18 00:00,2.0,,5,4,2026-07-18T06:57:46+00:00,,,,,OK
Edmonton,Edmonton,2026-07-18 01:00,3.0,,5,4,2026-07-18T07:55:57+00:00,3.0,2026-07-18T07:55:57+00:00,0.0,0.0,OK
Calgary,Calgary,2026-07-18 01:00,2.0,,5,4,2026-07-18T07:55:57+00:00,2.0,2026-07-18T07:55:57+00:00,0.0,0.0,OK
Red Deer,Red Deer,2026-07-18 01:00,2.0,,4,3,2026-07-18T07:55:57+00:00,2.0,2026-07-18T07:55:57+00:00,0.0,0.0,OK
Fort McMurray,Fort McMurray,2026-07-18 01:00,4.0,,2,3,2026-07-18T07:55:57+00:00,4.0,2026-07-18T07:55:57+00:00,0.0,0.0,OK
Grande Prairie,Grande Prairie,2026-07-18 01:00,3.0,,3,4,2026-07-18T07:55:57+00:00,3.0,2026-07-18T07:55:57+00:00,0.0,0.0,OK
Lethbridge,Lethbridge,2026-07-18 01:00,2.0,,3,3,2026-07-18T07:55:57+00:00,2.0,2026-07-18T07:55:57+00:00,0.0,0.0,OK
Medicine Hat,Medicine Hat,2026-07-18 01:00,2.0,,4,4,2026-07-18T07:55:57+00:00,2.0,2026-07-18T07:55:57+00:00,0.0,0.0,OK
Airdrie,Airdrie,2026-07-18 01:00,2.0,,5,3,2026-07-18T07:55:57+00:00,2.0,2026-07-18T07:55:57+00:00,0.0,0.0,OK
Cold Lake,Cold Lake,2026-07-18 01:00,2.0,,2,4,2026-07-18T07:55:57+00:00,2.0,2026-07-18T07:55:57+00:00,0.0,0.0,OK
Drayton Valley,Drayton Valley,2026-07-18 01:00,2.0,,4,3,2026-07-18T07:55:57+00:00,2.0,2026-07-18T07:55:57+00:00,0.0,0.0,OK
St. Albert,St. Albert,2026-07-18 01:00,3.0,,5,4,2026-07-18T07:55:57+00:00,3.0,2026-07-18T07:55:57+00:00,0.0,0.0,OK
Strathcona County,Sherwood Park,2026-07-18 01:00,2.0,,5,4,2026-07-18T07:55:57+00:00,,,,,OK
Edmonton,Edmonton,2026-07-18 02:00,2.0,,5,4,2026-07-18T08:54:50+00:00,2.0,2026-07-18T08:54:50+00:00,0.0,0.0,OK
Calgary,Calgary,2026-07-18 02:00,2.0,,5,4,2026-07-18T08:54:50+00:00,2.0,2026-07-18T08:54:50+00:00,0.0,0.0,OK
Red Deer,Red Deer,2026-07-18 02:00,2.0,,4,3,2026-07-18T08:54:50+00:00,2.0,2026-07-18T08:54:50+00:00,0.0,0.0,OK
Fort McMurray,Fort McMurray,2026-07-18 02:00,5.0,,2,3,2026-07-18T08:54:50+00:00,5.0,2026-07-18T08:54:50+00:00,0.0,0.0,OK
Grande Prairie,Grande Prairie,2026-07-18 02:00,3.0,,3,4,2026-07-18T08:54:50+00:00,2.0,2026-07-18T08:54:50+00:00,1.0,1.0,Minor difference
Lethbridge,Lethbridge,2026-07-18 02:00,2.0,,3,3,2026-07-18T08:54:50+00:00,2.0,2026-07-18T08:54:50+00:00,0.0,0.0,OK
Medicine Hat,Medicine Hat,2026-07-18 02:00,2.0,,4,4,2026-07-18T08:54:50+00:00,2.0,2026-07-18T08:54:50+00:00,0.0,0.0,OK
Airdrie,Airdrie,2026-07-18 02:00,2.0,,5,3,2026-07-18T08:54:50+00:00,2.0,2026-07-18T08:54:50+00:00,0.0,0.0,OK
Cold Lake,Cold Lake,2026-07-18 02:00,2.0,,2,4,2026-07-18T08:54:50+00:00,2.0,2026-07-18T08:54:50+00:00,0.0,0.0,OK
Drayton Valley,Drayton Valley,2026-07-18 02:00,2.0,,4,3,2026-07-18T08:54:50+00:00,2.0,2026-07-18T08:54:50+00:00,0.0,0.0,OK
St. Albert,St. Albert,2026-07-18 02:00,3.0,,5,4,2026-07-18T08:54:50+00:00,3.0,2026-07-18T08:54:50+00:00,0.0,0.0,OK
Strathcona County,Sherwood Park,2026-07-18 02:00,2.0,,5,4,2026-07-18T08:54:50+00:00,,,,,OK
Edmonton,Edmonton,2026-07-18 03:00,2.0,,5,4,2026-07-18T09:47:47+00:00,2.0,2026-07-18T09:47:47+00:00,0.0,0.0,OK
Calgary,Calgary,2026-07-18 03:00,2.0,,5,4,2026-07-18T09:47:47+00:00,2.0,2026-07-18T09:47:47+00:00,0.0,0.0,OK
Red Deer,Red Deer,2026-07-18 02:00,2.0,,4,3,2026-07-18T09:47:47+00:00,2.0,2026-07-18T09:47:47+00:00,0.0,0.0,OK
Fort McMurray,Fort McMurray,2026-07-18 03:00,5.0,,2,3,2026-07-18T09:47:47+00:00,5.0,2026-07-18T09:47:47+00:00,0.0,0.0,OK
Grande Prairie,Grande Prairie,2026-07-18 03:00,3.0,,3,4,2026-07-18T09:47:47+00:00,2.0,2026-07-18T09:47:47+00:00,1.0,1.0,Minor difference
Lethbridge,Lethbridge,2026-07-18 03:00,2.0,,3,3,2026-07-18T09:47:47+00:00,2.0,2026-07-18T09:47:47+00:00,0.0,0.0,OK
Medicine Hat,Medicine Hat,2026-07-18 03:00,2.0,,4,4,2026-07-18T09:47:47+00:00,2.0,2026-07-18T09:47:47+00:00,0.0,0.0,OK
Airdrie,Airdrie,2026-07-18 03:00,2.0,,5,3,2026-07-18T09:47:47+00:00,2.0,2026-07-18T09:47:47+00:00,0.0,0.0,OK
Cold Lake,Cold Lake,2026-07-18 03:00,2.0,,2,4,2026-07-18T09:47:47+00:00,2.0,2026-07-18T09:47:47+00:00,0.0,0.0,OK
Drayton Valley,Drayton Valley,2026-07-18 03:00,2.0,,4,3,2026-07-18T09:47:47+00:00,2.0,2026-07-18T09:47:47+00:00,0.0,0.0,OK
St. Albert,St. Albert,2026-07-18 03:00,2.0,,5,4,2026-07-18T09:47:47+00:00,2.0,2026-07-18T09:47:47+00:00,0.0,0.0,OK
Strathcona County,Sherwood Park,2026-07-18 03:00,2.0,,5,4,2026-07-18T09:47:47+00:00,,,,,OK
Edmonton,Edmonton,2026-07-18 04:00,2.0,,5,4,2026-07-18T10:44:09+00:00,2.0,2026-07-18T10:44:09+00:00,0.0,0.0,OK
Calgary,Calgary,2026-07-18 04:00,2.0,,5,4,2026-07-18T10:44:09+00:00,2.0,2026-07-18T10:44:09+00:00,0.0,0.0,OK
Red Deer,Red Deer,2026-07-18 04:00,2.0,,4,3,2026-07-18T10:44:09+00:00,2.0,2026-07-18T10:44:09+00:00,0.0,0.0,OK
Fort McMurray,Fort McMurray,2026-07-18 04:00,7.0,,2,3,2026-07-18T10:44:09+00:00,7.0,2026-07-18T10:44:09+00:00,0.0,0.0,OK
Grande Prairie,Grande Prairie,2026-07-18 03:00,3.0,,3,4,2026-07-18T10:44:09+00:00,2.0,2026-07-18T10:44:09+00:00,1.0,1.0,Minor difference
Lethbridge,Lethbridge,2026-07-18 03:00,2.0,,3,3,2026-07-18T10:44:09+00:00,2.0,2026-07-18T10:44:09+00:00,0.0,0.0,OK
Medicine Hat,Medicine Hat,2026-07-18 04:00,2.0,,4,4,2026-07-18T10:44:09+00:00,2.0,2026-07-18T10:44:09+00:00,0.0,0.0,OK
Airdrie,Airdrie,2026-07-18 04:00,2.0,,5,3,2026-07-18T10:44:09+00:00,2.0,2026-07-18T10:44:09+00:00,0.0,0.0,OK
Cold Lake,Cold Lake,2026-07-18 03:00,2.0,,2,4,2026-07-18T10:44:09+00:00,2.0,2026-07-18T10:44:09+00:00,0.0,0.0,OK
Drayton Valley,Drayton Valley,2026-07-18 04:00,2.0,,4,3,2026-07-18T10:44:09+00:00,2.0,2026-07-18T10:44:09+00:00,0.0,0.0,OK
St. Albert,St. Albert,2026-07-18 04:00,2.0,,5,4,2026-07-18T10:44:09+00:00,2.0,2026-07-18T10:44:09+00:00,0.0,0.0,OK
Strathcona County,Sherwood Park,2026-07-18 04:00,2.0,,5,4,2026-07-18T10:44:09+00:00,,,,,OK
Edmonton,Edmonton,2026-07-18 05:00,2.0,,5,4,2026-07-18T11:35:36+00:00,2.0,2026-07-18T11:35:36+00:00,0.0,0.0,OK
Calgary,Calgary,2026-07-18 04:00,2.0,,5,4,2026-07-18T11:35:36+00:00,2.0,2026-07-18T11:35:36+00:00,0.0,0.0,OK
Red Deer,Red Deer,2026-07-18 05:00,2.0,,4,3,2026-07-18T11:35:36+00:00,2.0,2026-07-18T11:35:36+00:00,0.0,0.0,OK
Fort McMurray,Fort McMurray,2026-07-18 05:00,3.0,,2,3,2026-07-18T11:35:36+00:00,3.0,2026-07-18T11:35:36+00:00,0.0,0.0,OK
Grande Prairie,Grande Prairie,2026-07-18 05:00,2.0,,3,4,2026-07-18T11:35:36+00:00,2.0,2026-07-18T11:35:36+00:00,0.0,0.0,OK
Lethbridge,Lethbridge,2026-07-18 03:00,2.0,,3,3,2026-07-18T11:35:36+00:00,1.0,2026-07-18T11:35:36+00:00,1.0,1.0,Minor difference
Medicine Hat,Medicine Hat,2026-07-18 04:00,2.0,,4,4,2026-07-18T11:35:36+00:00,1.0,2026-07-18T11:35:36+00:00,1.0,1.0,Minor difference
Airdrie,Airdrie,2026-07-18 04:00,2.0,,5,3,2026-07-18T11:35:36+00:00,1.0,2026-07-18T11:35:36+00:00,1.0,1.0,Minor difference
Cold Lake,Cold Lake,2026-07-18 05:00,2.0,,2,4,2026-07-18T11:35:36+00:00,2.0,2026-07-18T11:35:36+00:00,0.0,0.0,OK
Drayton Valley,Drayton Valley,2026-07-18 04:00,2.0,,4,3,2026-07-18T11:35:36+00:00,1.0,2026-07-18T11:35:36+00:00,1.0,1.0,Minor difference
St. Albert,St. Albert,2026-07-18 04:00,2.0,,5,4,2026-07-18T11:35:36+00:00,1.0,2026-07-18T11:35:36+00:00,1.0,1.0,Minor difference
Strathcona County,Sherwood Park,2026-07-18 05:00,2.0,,5,4,2026-07-18T11:35:36+00:00,,,,,OK
Edmonton,Edmonton,2026-07-18 06:00,2.0,4.0,3,4,2026-07-18T12:35:49+00:00,2.0,2026-07-18T12:35:50+00:00,0.0,0.0,OK
Calgary,Calgary,2026-07-18 06:00,2.0,4.0,3,4,2026-07-18T12:35:49+00:00,2.0,2026-07-18T12:35:50+00:00,0.0,0.0,OK
Red Deer,Red Deer,2026-07-18 06:00,2.0,4.0,2,4,2026-07-18T12:35:49+00:00,2.0,2026-07-18T12:35:50+00:00,0.0,0.0,OK
Fort McMurray,Fort McMurray,2026-07-18 06:00,3.0,7.0,2,4,2026-07-18T12:35:49+00:00,3.0,2026-07-18T12:35:50+00:00,0.0,0.0,OK
Grande Prairie,Grande Prairie,2026-07-18 06:00,2.0,3.0,4,2,2026-07-18T12:35:49+00:00,2.0,2026-07-18T12:35:50+00:00,0.0,0.0,OK
Lethbridge,Lethbridge,2026-07-18 03:00,2.0,3.0,3,3,2026-07-18T12:35:49+00:00,1.0,2026-07-18T12:35:50+00:00,1.0,1.0,Minor difference
Medicine Hat,Medicine Hat,2026-07-18 06:00,2.0,3.0,3,3,2026-07-18T12:35:49+00:00,2.0,2026-07-18T12:35:50+00:00,0.0,0.0,OK
Airdrie,Airdrie,2026-07-18 06:00,2.0,4.0,3,4,2026-07-18T12:35:49+00:00,2.0,2026-07-18T12:35:50+00:00,0.0,0.0,OK
Cold Lake,Cold Lake,2026-07-18 06:00,2.0,2.0,2,2,2026-07-18T12:35:49+00:00,2.0,2026-07-18T12:35:50+00:00,0.0,0.0,OK
Drayton Valley,Drayton Valley,2026-07-18 06:00,2.0,4.0,3,4,2026-07-18T12:35:49+00:00,2.0,2026-07-18T12:35:50+00:00,0.0,0.0,OK
St. Albert,St. Albert,2026-07-18 06:00,2.0,4.0,3,4,2026-07-18T12:35:49+00:00,2.0,2026-07-18T12:35:50+00:00,0.0,0.0,OK
Strathcona County,Sherwood Park,2026-07-18 06:00,2.0,4.0,3,4,2026-07-18T12:35:49+00:00,,,,,OK
Edmonton,Edmonton,2026-07-18 07:00,2.0,4.0,3,4,2026-07-18T13:49:04+00:00,2.0,2026-07-18T13:49:04+00:00,0.0,0.0,OK
Calgary,Calgary,2026-07-18 07:00,3.0,4.0,3,4,2026-07-18T13:49:04+00:00,3.0,2026-07-18T13:49:04+00:00,0.0,0.0,OK
Red Deer,Red Deer,2026-07-18 07:00,1.0,4.0,2,4,2026-07-18T13:49:04+00:00,1.0,2026-07-18T13:49:04+00:00,0.0,0.0,OK
Fort McMurray,Fort McMurray,2026-07-18 07:00,3.0,7.0,2,4,2026-07-18T13:49:04+00:00,3.0,2026-07-18T13:49:04+00:00,0.0,0.0,OK
Grande Prairie,Grande Prairie,2026-07-18 07:00,2.0,3.0,4,2,2026-07-18T13:49:04+00:00,2.0,2026-07-18T13:49:04+00:00,0.0,0.0,OK
Lethbridge,Lethbridge,2026-07-18 07:00,2.0,3.0,3,3,2026-07-18T13:49:04+00:00,2.0,2026-07-18T13:49:04+00:00,0.0,0.0,OK
Medicine Hat,Medicine Hat,2026-07-18 07:00,2.0,3.0,3,3,2026-07-18T13:49:04+00:00,2.0,2026-07-18T13:49:04+00:00,0.0,0.0,OK
Airdrie,Airdrie,2026-07-18 07:00,3.0,4.0,3,4,2026-07-18T13:49:04+00:00,3.0,2026-07-18T13:49:04+00:00,0.0,0.0,OK
Cold Lake,Cold Lake,2026-07-18 07:00,2.0,2.0,2,2,2026-07-18T13:49:04+00:00,2.0,2026-07-18T13:49:04+00:00,0.0,0.0,OK
Drayton Valley,Drayton Valley,2026-07-18 07:00,2.0,4.0,3,4,2026-07-18T13:49:04+00:00,2.0,2026-07-18T13:49:04+00:00,0.0,0.0,OK
St. Albert,St. Albert,2026-07-18 07:00,2.0,4.0,3,4,2026-07-18T13:49:04+00:00,2.0,2026-07-18T13:49:04+00:00,0.0,0.0,OK
Strathcona County,Sherwood Park,2026-07-18 07:00,2.0,4.0,3,4,2026-07-18T13:49:04+00:00,,,,,OK
Edmonton,Edmonton,2026-07-18 08:00,2.0,4.0,3,4,2026-07-18T14:37:04+00:00,2.0,2026-07-18T14:37:05+00:00,0.0,0.0,OK
Calgary,Calgary,2026-07-18 08:00,3.0,4.0,3,4,2026-07-18T14:37:04+00:00,3.0,2026-07-18T14:37:05+00:00,0.0,0.0,OK
Red Deer,Red Deer,2026-07-18 08:00,1.0,4.0,2,4,2026-07-18T14:37:04+00:00,1.0,2026-07-18T14:37:05+00:00,0.0,0.0,OK
Fort McMurray,Fort McMurray,2026-07-18 08:00,3.0,4.0,2,4,2026-07-18T14:37:04+00:00,3.0,2026-07-18T14:37:05+00:00,0.0,0.0,OK
Grande Prairie,Grande Prairie,2026-07-18 08:00,2.0,3.0,4,2,2026-07-18T14:37:04+00:00,2.0,2026-07-18T14:37:05+00:00,0.0,0.0,OK
Lethbridge,Lethbridge,2026-07-18 08:00,2.0,3.0,3,3,2026-07-18T14:37:04+00:00,2.0,2026-07-18T14:37:05+00:00,0.0,0.0,OK
Medicine Hat,Medicine Hat,2026-07-18 08:00,2.0,3.0,3,3,2026-07-18T14:37:04+00:00,2.0,2026-07-18T14:37:05+00:00,0.0,0.0,OK
Airdrie,Airdrie,2026-07-18 08:00,3.0,4.0,3,4,2026-07-18T14:37:04+00:00,3.0,2026-07-18T14:37:05+00:00,0.0,0.0,OK
Cold Lake,Cold Lake,2026-07-18 08:00,2.0,2.0,2,2,2026-07-18T14:37:04+00:00,2.0,2026-07-18T14:37:05+00:00,0.0,0.0,OK
Drayton Valley,Drayton Valley,2026-07-18 08:00,2.0,4.0,3,4,2026-07-18T14:37:04+00:00,2.0,2026-07-18T14:37:05+00:00,0.0,0.0,OK
St. Albert,St. Albert,2026-07-18 08:00,2.0,4.0,3,4,2026-07-18T14:37:04+00:00,2.0,2026-07-18T14:37:05+00:00,0.0,0.0,OK
Strathcona County,Sherwood Park,2026-07-18 08:00,2.0,4.0,3,4,2026-07-18T14:37:04+00:00,,,,,OK
Edmonton,Edmonton,2026-07-18 09:00,2.0,4.0,3,4,2026-07-18T15:35:54+00:00,2.0,2026-07-18T15:35:55+00:00,0.0,0.0,OK
Calgary,Calgary,2026-07-18 09:00,4.0,4.0,3,4,2026-07-18T15:35:54+00:00,4.0,2026-07-18T15:35:55+00:00,0.0,0.0,OK
Red Deer,Red Deer,2026-07-18 09:00,2.0,4.0,2,4,2026-07-18T15:35:54+00:00,2.0,2026-07-18T15:35:55+00:00,0.0,0.0,OK
Fort McMurray,Fort McMurray,2026-07-18 09:00,3.0,4.0,2,4,2026-07-18T15:35:54+00:00,3.0,2026-07-18T15:35:55+00:00,0.0,0.0,OK
Grande Prairie,Grande Prairie,2026-07-18 09:00,2.0,3.0,4,2,2026-07-18T15:35:54+00:00,2.0,2026-07-18T15:35:55+00:00,0.0,0.0,OK
Lethbridge,Lethbridge,2026-07-18 09:00,3.0,3.0,3,3,2026-07-18T15:35:54+00:00,3.0,2026-07-18T15:35:55+00:00,0.0,0.0,OK
Medicine Hat,Medicine Hat,2026-07-18 09:00,2.0,3.0,3,3,2026-07-18T15:35:54+00:00,2.0,2026-07-18T15:35:55+00:00,0.0,0.0,OK
Airdrie,Airdrie,2026-07-18 09:00,3.0,4.0,3,4,2026-07-18T15:35:54+00:00,3.0,2026-07-18T15:35:55+00:00,0.0,0.0,OK
Cold Lake,Cold Lake,2026-07-18 09:00,2.0,2.0,2,2,2026-07-18T15:35:54+00:00,2.0,2026-07-18T15:35:55+00:00,0.0,0.0,OK
Drayton Valley,Drayton Valley,2026-07-18 09:00,2.0,4.0,3,4,2026-07-18T15:35:54+00:00,2.0,2026-07-18T15:35:55+00:00,0.0,0.0,OK
St. Albert,St. Albert,2026-07-18 09:00,2.0,4.0,3,4,2026-07-18T15:35:54+00:00,2.0,2026-07-18T15:35:55+00:00,0.0,0.0,OK
Strathcona County,Sherwood Park,2026-07-18 09:00,2.0,4.0,3,4,2026-07-18T15:35:54+00:00,,,,,OK
Edmonton,Edmonton,2026-07-18 10:00,2.0,4.0,3,4,2026-07-18T16:35:26+00:00,2.0,2026-07-18T16:35:26+00:00,0.0,0.0,OK
Calgary,Calgary,2026-07-18 10:00,5.0,4.0,3,4,2026-07-18T16:35:26+00:00,5.0,2026-07-18T16:35:26+00:00,0.0,0.0,OK
Red Deer,Red Deer,2026-07-18 10:00,2.0,4.0,2,4,2026-07-18T16:35:26+00:00,2.0,2026-07-18T16:35:26+00:00,0.0,0.0,OK
Fort McMurray,Fort McMurray,2026-07-18 10:00,3.0,4.0,2,4,2026-07-18T16:35:26+00:00,3.0,2026-07-18T16:35:26+00:00,0.0,0.0,OK
Grande Prairie,Grande Prairie,2026-07-18 10:00,2.0,3.0,4,2,2026-07-18T16:35:26+00:00,2.0,2026-07-18T16:35:26+00:00,0.0,0.0,OK
Lethbridge,Lethbridge,2026-07-18 10:00,3.0,3.0,3,3,2026-07-18T16:35:26+00:00,3.0,2026-07-18T16:35:26+00:00,0.0,0.0,OK
Medicine Hat,Medicine Hat,2026-07-18 10:00,2.0,3.0,3,3,2026-07-18T16:35:26+00:00,2.0,2026-07-18T16:35:26+00:00,0.0,0.0,OK
Airdrie,Airdrie,2026-07-18 10:00,3.0,4.0,3,4,2026-07-18T16:35:26+00:00,3.0,2026-07-18T16:35:26+00:00,0.0,0.0,OK
Cold Lake,Cold Lake,2026-07-18 10:00,2.0,2.0,2,2,2026-07-18T16:35:26+00:00,2.0,2026-07-18T16:35:26+00:00,0.0,0.0,OK
Drayton Valley,Drayton Valley,2026-07-18 10:00,2.0,4.0,3,4,2026-07-18T16:35:26+00:00,2.0,2026-07-18T16:35:26+00:00,0.0,0.0,OK
St. Albert,St. Albert,2026-07-18 10:00,2.0,4.0,3,4,2026-07-18T16:35:26+00:00,2.0,2026-07-18T16:35:26+00:00,0.0,0.0,OK
Strathcona County,Sherwood Park,2026-07-18 10:00,2.0,4.0,3,4,2026-07-18T16:35:26+00:00,,,,,OK
Edmonton,Edmonton,2026-07-18 11:00,2.0,4.0,3,4,2026-07-18T17:37:34+00:00,2.0,2026-07-18T17:37:34+00:00,0.0,0.0,OK
Calgary,Calgary,2026-07-18 11:00,5.0,4.0,3,4,2026-07-18T17:37:34+00:00,5.0,2026-07-18T17:37:34+00:00,0.0,0.0,OK
Red Deer,Red Deer,2026-07-18 11:00,2.0,4.0,2,4,2026-07-18T17:37:34+00:00,2.0,2026-07-18T17:37:34+00:00,0.0,0.0,OK
Fort McMurray,Fort McMurray,2026-07-18 11:00,2.0,4.0,2,4,2026-07-18T17:37:34+00:00,2.0,2026-07-18T17:37:34+00:00,0.0,0.0,OK
Grande Prairie,Grande Prairie,2026-07-18 11:00,2.0,3.0,4,2,2026-07-18T17:37:34+00:00,2.0,2026-07-18T17:37:34+00:00,0.0,0.0,OK
Lethbridge,Lethbridge,2026-07-18 11:00,3.0,3.0,3,3,2026-07-18T17:37:34+00:00,3.0,2026-07-18T17:37:34+00:00,0.0,0.0,OK
Medicine Hat,Medicine Hat,2026-07-18 11:00,2.0,3.0,3,3,2026-07-18T17:37:34+00:00,2.0,2026-07-18T17:37:34+00:00,0.0,0.0,OK
Airdrie,Airdrie,2026-07-18 11:00,3.0,4.0,3,4,2026-07-18T17:37:34+00:00,3.0,2026-07-18T17:37:34+00:00,0.0,0.0,OK
Cold Lake,Cold Lake,2026-07-18 11:00,2.0,2.0,2,2,2026-07-18T17:37:34+00:00,2.0,2026-07-18T17:37:34+00:00,0.0,0.0,OK
Drayton Valley,Drayton Valley,2026-07-18 11:00,2.0,4.0,3,4,2026-07-18T17:37:34+00:00,2.0,2026-07-18T17:37:34+00:00,0.0,0.0,OK
St. Albert,St. Albert,2026-07-18 11:00,2.0,4.0,3,4,2026-07-18T17:37:34+00:00,2.0,2026-07-18T17:37:34+00:00,0.0,0.0,OK
Strathcona County,Sherwood Park,2026-07-18 11:00,2.0,4.0,3,4,2026-07-18T17:37:34+00:00,,,,,OK
Edmonton,Edmonton,2026-07-18 12:00,2.0,4.0,3,4,2026-07-18T18:35:27+00:00,2.0,2026-07-18T18:35:27+00:00,0.0,0.0,OK
Calgary,Calgary,2026-07-18 12:00,5.0,4.0,3,4,2026-07-18T18:35:27+00:00,5.0,2026-07-18T18:35:27+00:00,0.0,0.0,OK
Red Deer,Red Deer,2026-07-18 12:00,2.0,4.0,2,4,2026-07-18T18:35:27+00:00,2.0,2026-07-18T18:35:27+00:00,0.0,0.0,OK
Fort McMurray,Fort McMurray,2026-07-18 12:00,2.0,4.0,2,4,2026-07-18T18:35:27+00:00,2.0,2026-07-18T18:35:27+00:00,0.0,0.0,OK
Grande Prairie,Grande Prairie,2026-07-18 12:00,2.0,3.0,4,2,2026-07-18T18:35:27+00:00,2.0,2026-07-18T18:35:27+00:00,0.0,0.0,OK
Lethbridge,Lethbridge,2026-07-18 12:00,3.0,3.0,3,3,2026-07-18T18:35:27+00:00,3.0,2026-07-18T18:35:27+00:00,0.0,0.0,OK
Medicine Hat,Medicine Hat,2026-07-18 12:00,3.0,3.0,3,3,2026-07-18T18:35:27+00:00,3.0,2026-07-18T18:35:27+00:00,0.0,0.0,OK
Airdrie,Airdrie,2026-07-18 12:00,3.0,4.0,3,4,2026-07-18T18:35:27+00:00,3.0,2026-07-18T18:35:27+00:00,0.0,0.0,OK
Cold Lake,Cold Lake,2026-07-18 11:00,2.0,2.0,2,2,2026-07-18T18:35:27+00:00,1.0,2026-07-18T18:35:27+00:00,1.0,1.0,Minor difference
Drayton Valley,Drayton Valley,2026-07-18 12:00,3.0,4.0,3,4,2026-07-18T18:35:27+00:00,3.0,2026-07-18T18:35:27+00:00,0.0,0.0,OK
St. Albert,St. Albert,2026-07-18 11:00,2.0,4.0,3,4,2026-07-18T18:35:27+00:00,2.0,2026-07-18T18:35:27+00:00,0.0,0.0,OK
Strathcona County,Sherwood Park,2026-07-18 12:00,2.0,4.0,3,4,2026-07-18T18:35:27+00:00,,,,,OK
Edmonton,Edmonton,2026-07-18 13:00,3.0,4.0,3,4,2026-07-18T19:41:43+00:00,3.0,2026-07-18T19:41:43+00:00,0.0,0.0,OK
Calgary,Calgary,2026-07-18 13:00,6.0,4.0,3,4,2026-07-18T19:41:43+00:00,6.0,2026-07-18T19:41:43+00:00,0.0,0.0,OK
Red Deer,Red Deer,2026-07-18 13:00,3.0,4.0,2,4,2026-07-18T19:41:43+00:00,3.0,2026-07-18T19:41:43+00:00,0.0,0.0,OK
Fort McMurray,Fort McMurray,2026-07-18 13:00,2.0,4.0,2,4,2026-07-18T19:41:43+00:00,2.0,2026-07-18T19:41:43+00:00,0.0,0.0,OK
Grande Prairie,Grande Prairie,2026-07-18 13:00,3.0,3.0,4,2,2026-07-18T19:41:43+00:00,2.0,2026-07-18T19:41:43+00:00,1.0,1.0,Minor difference
Lethbridge,Lethbridge,2026-07-18 13:00,3.0,3.0,3,3,2026-07-18T19:41:43+00:00,3.0,2026-07-18T19:41:43+00:00,0.0,0.0,OK
Medicine Hat,Medicine Hat,2026-07-18 13:00,3.0,3.0,3,3,2026-07-18T19:41:43+00:00,3.0,2026-07-18T19:41:43+00:00,0.0,0.0,OK
Airdrie,Airdrie,2026-07-18 13:00,3.0,4.0,3,4,2026-07-18T19:41:43+00:00,3.0,2026-07-18T19:41:43+00:00,0.0,0.0,OK
Cold Lake,Cold Lake,2026-07-18 11:00,2.0,2.0,2,2,2026-07-18T19:41:43+00:00,2.0,2026-07-18T19:41:43+00:00,0.0,0.0,OK
Drayton Valley,Drayton Valley,2026-07-18 13:00,3.0,4.0,3,4,2026-07-18T19:41:43+00:00,3.0,2026-07-18T19:41:43+00:00,0.0,0.0,OK
St. Albert,St. Albert,2026-07-18 13:00,2.0,4.0,3,4,2026-07-18T19:41:43+00:00,2.0,2026-07-18T19:41:43+00:00,0.0,0.0,OK
Strathcona County,Sherwood Park,2026-07-18 13:00,3.0,4.0,3,4,2026-07-18T19:41:43+00:00,,,,,OK
Edmonton,Edmonton,2026-07-18 14:00,3.0,4.0,3,4,2026-07-18T20:31:49+00:00,3.0,2026-07-18T20:31:49+00:00,0.0,0.0,OK
Calgary,Calgary,2026-07-18 14:00,5.0,4.0,3,4,2026-07-18T20:31:49+00:00,5.0,2026-07-18T20:31:49+00:00,0.0,0.0,OK
Red Deer,Red Deer,2026-07-18 14:00,3.0,4.0,2,4,2026-07-18T20:31:49+00:00,3.0,2026-07-18T20:31:49+00:00,0.0,0.0,OK
Fort McMurray,Fort McMurray,2026-07-18 14:00,2.0,4.0,2,4,2026-07-18T20:31:49+00:00,2.0,2026-07-18T20:31:49+00:00,0.0,0.0,OK
Grande Prairie,Grande Prairie,2026-07-18 14:00,3.0,3.0,4,2,2026-07-18T20:31:49+00:00,3.0,2026-07-18T20:31:49+00:00,0.0,0.0,OK
Lethbridge,Lethbridge,2026-07-18 14:00,3.0,3.0,3,3,2026-07-18T20:31:49+00:00,3.0,2026-07-18T20:31:49+00:00,0.0,0.0,OK
Medicine Hat,Medicine Hat,2026-07-18 14:00,3.0,3.0,3,3,2026-07-18T20:31:49+00:00,3.0,2026-07-18T20:31:49+00:00,0.0,0.0,OK
Airdrie,Airdrie,2026-07-18 14:00,4.0,4.0,3,4,2026-07-18T20:31:49+00:00,4.0,2026-07-18T20:31:49+00:00,0.0,0.0,OK
Cold Lake,Cold Lake,2026-07-18 14:00,3.0,2.0,2,2,2026-07-18T20:31:49+00:00,3.0,2026-07-18T20:31:49+00:00,0.0,0.0,OK
Drayton Valley,Drayton Valley,2026-07-18 14:00,3.0,4.0,3,4,2026-07-18T20:31:49+00:00,3.0,2026-07-18T20:31:49+00:00,0.0,0.0,OK
St. Albert,St. Albert,2026-07-18 14:00,3.0,4.0,3,4,2026-07-18T20:31:49+00:00,3.0,2026-07-18T20:31:49+00:00,0.0,0.0,OK
Strathcona County,Sherwood Park,2026-07-18 14:00,3.0,4.0,3,4,2026-07-18T20:31:49+00:00,,,,,OK
Edmonton,Edmonton,2026-07-18 15:00,4.0,4.0,3,4,2026-07-18T21:33:59+00:00,4.0,2026-07-18T21:33:59+00:00,0.0,0.0,OK
Calgary,Calgary,2026-07-18 15:00,5.0,4.0,3,4,2026-07-18T21:33:59+00:00,5.0,2026-07-18T21:33:59+00:00,0.0,0.0,OK
Red Deer,Red Deer,2026-07-18 15:00,3.0,4.0,2,4,2026-07-18T21:33:59+00:00,3.0,2026-07-18T21:33:59+00:00,0.0,0.0,OK
Fort McMurray,Fort McMurray,2026-07-18 15:00,3.0,4.0,2,4,2026-07-18T21:33:59+00:00,2.0,2026-07-18T21:33:59+00:00,1.0,1.0,Minor difference
Grande Prairie,Grande Prairie,2026-07-18 15:00,3.0,3.0,4,2,2026-07-18T21:33:59+00:00,3.0,2026-07-18T21:33:59+00:00,0.0,0.0,OK
Lethbridge,Lethbridge,2026-07-18 15:00,3.0,3.0,3,3,2026-07-18T21:33:59+00:00,3.0,2026-07-18T21:33:59+00:00,0.0,0.0,OK
Medicine Hat,Medicine Hat,2026-07-18 15:00,3.0,3.0,3,3,2026-07-18T21:33:59+00:00,3.0,2026-07-18T21:33:59+00:00,0.0,0.0,OK
Airdrie,Airdrie,2026-07-18 15:00,4.0,4.0,3,4,2026-07-18T21:33:59+00:00,4.0,2026-07-18T21:33:59+00:00,0.0,0.0,OK
Cold Lake,Cold Lake,2026-07-18 14:00,3.0,2.0,2,2,2026-07-18T21:33:59+00:00,3.0,2026-07-18T21:33:59+00:00,0.0,0.0,OK
Drayton Valley,Drayton Valley,2026-07-18 15:00,3.0,4.0,3,4,2026-07-18T21:33:59+00:00,3.0,2026-07-18T21:33:59+00:00,0.0,0.0,OK
St. Albert,St. Albert,2026-07-18 15:00,3.0,4.0,3,4,2026-07-18T21:33:59+00:00,3.0,2026-07-18T21:33:59+00:00,0.0,0.0,OK
Strathcona County,Sherwood Park,2026-07-18 15:00,4.0,4.0,3,4,2026-07-18T21:33:59+00:00,,,,,OK
Edmonton,Edmonton,2026-07-18 16:00,4.0,4.0,3,4,2026-07-18T22:33:08+00:00,4.0,2026-07-18T22:33:08+00:00,0.0,0.0,OK
Calgary,Calgary,2026-07-18 16:00,5.0,4.0,3,4,2026-07-18T22:33:08+00:00,5.0,2026-07-18T22:33:08+00:00,0.0,0.0,OK
Red Deer,Red Deer,2026-07-18 16:00,4.0,4.0,2,4,2026-07-18T22:33:08+00:00,4.0,2026-07-18T22:33:08+00:00,0.0,0.0,OK
Fort McMurray,Fort McMurray,2026-07-18 16:00,2.0,4.0,2,4,2026-07-18T22:33:08+00:00,2.0,2026-07-18T22:33:08+00:00,0.0,0.0,OK
Grande Prairie,Grande Prairie,2026-07-18 16:00,3.0,3.0,4,2,2026-07-18T22:33:08+00:00,3.0,2026-07-18T22:33:08+00:00,0.0,0.0,OK
Lethbridge,Lethbridge,2026-07-18 16:00,3.0,3.0,3,3,2026-07-18T22:33:08+00:00,3.0,2026-07-18T22:33:08+00:00,0.0,0.0,OK
Medicine Hat,Medicine Hat,2026-07-18 16:00,4.0,3.0,3,3,2026-07-18T22:33:08+00:00,4.0,2026-07-18T22:33:08+00:00,0.0,0.0,OK
Airdrie,Airdrie,2026-07-18 16:00,5.0,4.0,3,4,2026-07-18T22:33:08+00:00,5.0,2026-07-18T22:33:08+00:00,0.0,0.0,OK
Cold Lake,Cold Lake,2026-07-18 16:00,2.0,2.0,2,2,2026-07-18T22:33:08+00:00,2.0,2026-07-18T22:33:08+00:00,0.0,0.0,OK
Drayton Valley,Drayton Valley,2026-07-18 16:00,3.0,4.0,3,4,2026-07-18T22:33:08+00:00,3.0,2026-07-18T22:33:08+00:00,0.0,0.0,OK
St. Albert,St. Albert,2026-07-18 16:00,3.0,4.0,3,4,2026-07-18T22:33:08+00:00,3.0,2026-07-18T22:33:08+00:00,0.0,0.0,OK
Strathcona County,Sherwood Park,2026-07-18 16:00,4.0,4.0,3,4,2026-07-18T22:33:08+00:00,,,,,OK
Edmonton,Edmonton,2026-07-18 17:00,4.0,,3,4,2026-07-18T23:35:05+00:00,4.0,2026-07-18T23:35:05+00:00,0.0,0.0,OK
Calgary,Calgary,2026-07-18 17:00,5.0,,5,6,2026-07-18T23:35:05+00:00,5.0,2026-07-18T23:35:05+00:00,0.0,0.0,OK
Red Deer,Red Deer,2026-07-18 17:00,4.0,,3,4,2026-07-18T23:35:05+00:00,4.0,2026-07-18T23:35:05+00:00,0.0,0.0,OK
Fort McMurray,Fort McMurray,2026-07-18 17:00,2.0,,3,3,2026-07-18T23:35:05+00:00,2.0,2026-07-18T23:35:05+00:00,0.0,0.0,OK
Grande Prairie,Grande Prairie,2026-07-18 17:00,3.0,,4,3,2026-07-18T23:35:05+00:00,3.0,2026-07-18T23:35:05+00:00,0.0,0.0,OK
Lethbridge,Lethbridge,2026-07-18 17:00,3.0,,3,3,2026-07-18T23:35:05+00:00,3.0,2026-07-18T23:35:05+00:00,0.0,0.0,OK
Medicine Hat,Medicine Hat,2026-07-18 17:00,4.0,,3,4,2026-07-18T23:35:05+00:00,4.0,2026-07-18T23:35:05+00:00,0.0,0.0,OK
Airdrie,Airdrie,2026-07-18 17:00,5.0,,5,6,2026-07-18T23:35:05+00:00,5.0,2026-07-18T23:35:05+00:00,0.0,0.0,OK
Cold Lake,Cold Lake,2026-07-18 17:00,2.0,,3,3,2026-07-18T23:35:05+00:00,2.0,2026-07-18T23:35:05+00:00,0.0,0.0,OK
Drayton Valley,Drayton Valley,2026-07-18 17:00,3.0,,3,3,2026-07-18T23:35:05+00:00,3.0,2026-07-18T23:35:05+00:00,0.0,0.0,OK
St. Albert,St. Albert,2026-07-18 17:00,3.0,,3,4,2026-07-18T23:35:05+00:00,3.0,2026-07-18T23:35:05+00:00,0.0,0.0,OK
Strathcona County,Sherwood Park,2026-07-18 17:00,4.0,,3,4,2026-07-18T23:35:05+00:00,,,,,OK
Edmonton,Edmonton,2026-07-18 18:00,4.0,,3,4,2026-07-19T00:56:31+00:00,4.0,2026-07-19T00:56:31+00:00,0.0,0.0,OK
Calgary,Calgary,2026-07-18 18:00,5.0,,5,6,2026-07-19T00:56:31+00:00,5.0,2026-07-19T00:56:31+00:00,0.0,0.0,OK
Red Deer,Red Deer,2026-07-18 18:00,4.0,,3,4,2026-07-19T00:56:31+00:00,4.0,2026-07-19T00:56:31+00:00,0.0,0.0,OK
Fort McMurray,Fort McMurray,2026-07-18 18:00,2.0,,3,3,2026-07-19T00:56:31+00:00,2.0,2026-07-19T00:56:31+00:00,0.0,0.0,OK
Grande Prairie,Grande Prairie,2026-07-18 18:00,3.0,,4,3,2026-07-19T00:56:31+00:00,3.0,2026-07-19T00:56:31+00:00,0.0,0.0,OK
Lethbridge,Lethbridge,2026-07-18 18:00,3.0,,3,3,2026-07-19T00:56:31+00:00,3.0,2026-07-19T00:56:31+00:00,0.0,0.0,OK
Medicine Hat,Medicine Hat,2026-07-18 18:00,3.0,,3,4,2026-07-19T00:56:31+00:00,3.0,2026-07-19T00:56:31+00:00,0.0,0.0,OK
Airdrie,Airdrie,2026-07-18 18:00,5.0,,5,6,2026-07-19T00:56:31+00:00,5.0,2026-07-19T00:56:31+00:00,0.0,0.0,OK
Cold Lake,Cold Lake,2026-07-18 18:00,2.0,,3,3,2026-07-19T00:56:31+00:00,2.0,2026-07-19T00:56:31+00:00,0.0,0.0,OK
Drayton Valley,Drayton Valley,2026-07-18 18:00,3.0,,3,3,2026-07-19T00:56:31+00:00,3.0,2026-07-19T00:56:31+00:00,0.0,0.0,OK
St. Albert,St. Albert,2026-07-18 18:00,3.0,,3,4,2026-07-19T00:56:31+00:00,3.0,2026-07-19T00:56:31+00:00,0.0,0.0,OK
Strathcona County,Sherwood Park,2026-07-18 18:00,4.0,,3,4,2026-07-19T00:56:31+00:00,,,,,OK
Edmonton,Edmonton,2026-07-18 19:00,4.0,,3,4,2026-07-19T01:58:02+00:00,4.0,2026-07-19T01:58:02+00:00,0.0,0.0,OK
Calgary,Calgary,2026-07-18 19:00,4.0,,5,6,2026-07-19T01:58:02+00:00,4.0,2026-07-19T01:58:02+00:00,0.0,0.0,OK
Red Deer,Red Deer,2026-07-18 19:00,4.0,,3,4,2026-07-19T01:58:02+00:00,4.0,2026-07-19T01:58:02+00:00,0.0,0.0,OK
Fort McMurray,Fort McMurray,2026-07-18 19:00,3.0,,3,3,2026-07-19T01:58:02+00:00,3.0,2026-07-19T01:58:02+00:00,0.0,0.0,OK
Grande Prairie,Grande Prairie,2026-07-18 19:00,3.0,,4,3,2026-07-19T01:58:02+00:00,3.0,2026-07-19T01:58:02+00:00,0.0,0.0,OK
Lethbridge,Lethbridge,2026-07-18 19:00,3.0,,3,3,2026-07-19T01:58:02+00:00,3.0,2026-07-19T01:58:02+00:00,0.0,0.0,OK
Medicine Hat,Medicine Hat,2026-07-18 19:00,3.0,,3,4,2026-07-19T01:58:02+00:00,3.0,2026-07-19T01:58:02+00:00,0.0,0.0,OK
Airdrie,Airdrie,2026-07-18 19:00,5.0,,5,6,2026-07-19T01:58:02+00:00,5.0,2026-07-19T01:58:02+00:00,0.0,0.0,OK
Cold Lake,Cold Lake,2026-07-18 19:00,2.0,,3,3,2026-07-19T01:58:02+00:00,2.0,2026-07-19T01:58:02+00:00,0.0,0.0,OK
Drayton Valley,Drayton Valley,2026-07-18 19:00,3.0,,3,3,2026-07-19T01:58:02+00:00,3.0,2026-07-19T01:58:02+00:00,0.0,0.0,OK
St. Albert,St. Albert,2026-07-18 19:00,3.0,,3,4,2026-07-19T01:58:02+00:00,3.0,2026-07-19T01:58:02+00:00,0.0,0.0,OK
Strathcona County,Sherwood Park,2026-07-18 19:00,4.0,,3,4,2026-07-19T01:58:02+00:00,,,,,OK
Edmonton,Edmonton,2026-07-18 20:00,4.0,,3,4,2026-07-19T03:25:42+00:00,4.0,2026-07-19T03:25:42+00:00,0.0,0.0,OK
Calgary,Calgary,2026-07-18 20:00,4.0,,5,6,2026-07-19T03:25:42+00:00,4.0,2026-07-19T03:25:42+00:00,0.0,0.0,OK
Red Deer,Red Deer,2026-07-18 20:00,4.0,,3,4,2026-07-19T03:25:42+00:00,4.0,2026-07-19T03:25:42+00:00,0.0,0.0,OK
Fort McMurray,Fort McMurray,2026-07-18 20:00,3.0,,3,3,2026-07-19T03:25:42+00:00,3.0,2026-07-19T03:25:42+00:00,0.0,0.0,OK
Grande Prairie,Grande Prairie,2026-07-18 20:00,3.0,,4,3,2026-07-19T03:25:42+00:00,3.0,2026-07-19T03:25:42+00:00,0.0,0.0,OK
Lethbridge,Lethbridge,2026-07-18 21:00,3.0,,3,3,2026-07-19T03:25:42+00:00,3.0,2026-07-19T03:25:42+00:00,0.0,0.0,OK
Medicine Hat,Medicine Hat,2026-07-18 20:00,3.0,,3,4,2026-07-19T03:25:42+00:00,3.0,2026-07-19T03:25:42+00:00,0.0,0.0,OK
Airdrie,Airdrie,2026-07-18 20:00,4.0,,5,6,2026-07-19T03:25:42+00:00,4.0,2026-07-19T03:25:42+00:00,0.0,0.0,OK
Cold Lake,Cold Lake,2026-07-18 21:00,2.0,,3,3,2026-07-19T03:25:42+00:00,2.0,2026-07-19T03:25:42+00:00,0.0,0.0,OK
Drayton Valley,Drayton Valley,2026-07-18 20:00,3.0,,3,3,2026-07-19T03:25:42+00:00,3.0,2026-07-19T03:25:42+00:00,0.0,0.0,OK
St. Albert,St. Albert,2026-07-18 20:00,4.0,,3,4,2026-07-19T03:25:42+00:00,4.0,2026-07-19T03:25:42+00:00,0.0,0.0,OK
Strathcona County,Sherwood Park,2026-07-18 21:00,7.0,,3,4,2026-07-19T03:25:42+00:00,,,,,OK
Edmonton,Edmonton,2026-07-18 22:00,4.0,,3,4,2026-07-19T05:25:58+00:00,4.0,2026-07-19T05:25:58+00:00,0.0,0.0,OK
Calgary,Calgary,2026-07-18 22:00,8.0,,5,6,2026-07-19T05:25:58+00:00,8.0,2026-07-19T05:25:58+00:00,0.0,0.0,OK
Red Deer,Red Deer,2026-07-18 22:00,7.0,,3,4,2026-07-19T05:25:58+00:00,7.0,2026-07-19T05:25:58+00:00,0.0,0.0,OK
Fort McMurray,Fort McMurray,2026-07-18 22:00,3.0,,3,3,2026-07-19T05:25:58+00:00,3.0,2026-07-19T05:25:58+00:00,0.0,0.0,OK
Grande Prairie,Grande Prairie,2026-07-18 22:00,3.0,,4,3,2026-07-19T05:25:58+00:00,2.0,2026-07-19T05:25:58+00:00,1.0,1.0,Minor difference
Lethbridge,Lethbridge,2026-07-18 22:00,3.0,,3,3,2026-07-19T05:25:58+00:00,3.0,2026-07-19T05:25:58+00:00,0.0,0.0,OK
Medicine Hat,Medicine Hat,2026-07-18 22:00,3.0,,3,4,2026-07-19T05:25:58+00:00,3.0,2026-07-19T05:25:58+00:00,0.0,0.0,OK
Airdrie,Airdrie,2026-07-18 22:00,4.0,,5,6,2026-07-19T05:25:58+00:00,4.0,2026-07-19T05:25:58+00:00,0.0,0.0,OK
Cold Lake,Cold Lake,2026-07-18 22:00,2.0,,3,3,2026-07-19T05:25:58+00:00,2.0,2026-07-19T05:25:58+00:00,0.0,0.0,OK
Drayton Valley,Drayton Valley,2026-07-18 22:00,3.0,,3,3,2026-07-19T05:25:58+00:00,3.0,2026-07-19T05:25:58+00:00,0.0,0.0,OK
St. Albert,St. Albert,2026-07-18 22:00,4.0,,3,4,2026-07-19T05:25:58+00:00,3.0,2026-07-19T05:25:58+00:00,1.0,1.0,Minor difference
Strathcona County,Sherwood Park,2026-07-18 22:00,5.0,,3,4,2026-07-19T05:25:58+00:00,,,,,OK
Edmonton,Edmonton,2026-07-19 00:00,4.0,,3,4,2026-07-19T07:09:00+00:00,4.0,2026-07-19T07:09:00+00:00,0.0,0.0,OK
Calgary,Calgary,2026-07-19 00:00,5.0,,5,6,2026-07-19T07:09:00+00:00,5.0,2026-07-19T07:09:00+00:00,0.0,0.0,OK
Red Deer,Red Deer,2026-07-19 00:00,5.0,,3,4,2026-07-19T07:09:00+00:00,5.0,2026-07-19T07:09:00+00:00,0.0,0.0,OK
Fort McMurray,Fort McMurray,2026-07-19 00:00,3.0,,3,3,2026-07-19T07:09:00+00:00,3.0,2026-07-19T07:09:00+00:00,0.0,0.0,OK
Grande Prairie,Grande Prairie,2026-07-19 00:00,2.0,,4,3,2026-07-19T07:09:00+00:00,2.0,2026-07-19T07:09:00+00:00,0.0,0.0,OK
Lethbridge,Lethbridge,2026-07-19 00:00,3.0,,3,3,2026-07-19T07:09:00+00:00,3.0,2026-07-19T07:09:00+00:00,0.0,0.0,OK
Medicine Hat,Medicine Hat,2026-07-19 00:00,3.0,,3,4,2026-07-19T07:09:00+00:00,3.0,2026-07-19T07:09:00+00:00,0.0,0.0,OK
Airdrie,Airdrie,2026-07-19 00:00,4.0,,5,6,2026-07-19T07:09:00+00:00,4.0,2026-07-19T07:09:00+00:00,0.0,0.0,OK
Cold Lake,Cold Lake,2026-07-19 00:00,2.0,,3,3,2026-07-19T07:09:00+00:00,2.0,2026-07-19T07:09:00+00:00,0.0,0.0,OK
Drayton Valley,Drayton Valley,2026-07-19 00:00,3.0,,3,3,2026-07-19T07:09:00+00:00,3.0,2026-07-19T07:09:00+00:00,0.0,0.0,OK
St. Albert,St. Albert,2026-07-19 00:00,3.0,,3,4,2026-07-19T07:09:00+00:00,3.0,2026-07-19T07:09:00+00:00,0.0,0.0,OK
Strathcona County,Sherwood Park,2026-07-19 00:00,4.0,,3,4,2026-07-19T07:09:00+00:00,,,,,OK
Edmonton,Edmonton,2026-07-19 02:00,3.0,,3,4,2026-07-19T08:59:39+00:00,3.0,2026-07-19T08:59:39+00:00,0.0,0.0,OK
Calgary,Calgary,2026-07-19 02:00,4.0,,5,6,2026-07-19T08:59:39+00:00,4.0,2026-07-19T08:59:39+00:00,0.0,0.0,OK
Red Deer,Red Deer,2026-07-19 02:00,3.0,,3,4,2026-07-19T08:59:39+00:00,3.0,2026-07-19T08:59:39+00:00,0.0,0.0,OK
Fort McMurray,Fort McMurray,2026-07-19 02:00,3.0,,3,3,2026-07-19T08:59:39+00:00,3.0,2026-07-19T08:59:39+00:00,0.0,0.0,OK
Grande Prairie,Grande Prairie,2026-07-19 02:00,2.0,,4,3,2026-07-19T08:59:39+00:00,2.0,2026-07-19T08:59:39+00:00,0.0,0.0,OK
Lethbridge,Lethbridge,2026-07-19 02:00,3.0,,3,3,2026-07-19T08:59:39+00:00,3.0,2026-07-19T08:59:39+00:00,0.0,0.0,OK
Medicine Hat,Medicine Hat,2026-07-19 02:00,3.0,,3,4,2026-07-19T08:59:39+00:00,3.0,2026-07-19T08:59:39+00:00,0.0,0.0,OK
Airdrie,Airdrie,2026-07-19 02:00,3.0,,5,6,2026-07-19T08:59:39+00:00,3.0,2026-07-19T08:59:39+00:00,0.0,0.0,OK
Cold Lake,Cold Lake,2026-07-19 02:00,2.0,,3,3,2026-07-19T08:59:39+00:00,2.0,2026-07-19T08:59:39+00:00,0.0,0.0,OK
Drayton Valley,Drayton Valley,2026-07-19 02:00,3.0,,3,3,2026-07-19T08:59:39+00:00,3.0,2026-07-19T08:59:39+00:00,0.0,0.0,OK
St. Albert,St. Albert,2026-07-19 02:00,3.0,,3,4,2026-07-19T08:59:39+00:00,3.0,2026-07-19T08:59:39+00:00,0.0,0.0,OK
Strathcona County,Sherwood Park,2026-07-19 02:00,3.0,,3,4,2026-07-19T08:59:39+00:00,,,,,OK
Edmonton,Edmonton,2026-07-19 03:00,3.0,,3,4,2026-07-19T09:55:35+00:00,3.0,2026-07-19T09:55:35+00:00,0.0,0.0,OK
Calgary,Calgary,2026-07-19 03:00,4.0,,5,6,2026-07-19T09:55:35+00:00,4.0,2026-07-19T09:55:35+00:00,0.0,0.0,OK
Red Deer,Red Deer,2026-07-19 02:00,3.0,,3,4,2026-07-19T09:55:35+00:00,3.0,2026-07-19T09:55:35+00:00,0.0,0.0,OK
Fort McMurray,Fort McMurray,2026-07-19 03:00,3.0,,3,3,2026-07-19T09:55:35+00:00,2.0,2026-07-19T09:55:35+00:00,1.0,1.0,Minor difference
Grande Prairie,Grande Prairie,2026-07-19 03:00,2.0,,4,3,2026-07-19T09:55:35+00:00,2.0,2026-07-19T09:55:35+00:00,0.0,0.0,OK
Lethbridge,Lethbridge,2026-07-19 03:00,3.0,,3,3,2026-07-19T09:55:35+00:00,3.0,2026-07-19T09:55:35+00:00,0.0,0.0,OK
Medicine Hat,Medicine Hat,2026-07-19 03:00,3.0,,3,4,2026-07-19T09:55:35+00:00,3.0,2026-07-19T09:55:35+00:00,0.0,0.0,OK
Airdrie,Airdrie,2026-07-19 03:00,3.0,,5,6,2026-07-19T09:55:35+00:00,3.0,2026-07-19T09:55:35+00:00,0.0,0.0,OK
Cold Lake,Cold Lake,2026-07-19 03:00,2.0,,3,3,2026-07-19T09:55:35+00:00,2.0,2026-07-19T09:55:35+00:00,0.0,0.0,OK
Drayton Valley,Drayton Valley,2026-07-19 03:00,3.0,,3,3,2026-07-19T09:55:35+00:00,3.0,2026-07-19T09:55:35+00:00,0.0,0.0,OK
St. Albert,St. Albert,2026-07-19 03:00,3.0,,3,4,2026-07-19T09:55:35+00:00,3.0,2026-07-19T09:55:35+00:00,0.0,0.0,OK
Strathcona County,Sherwood Park,2026-07-19 03:00,3.0,,3,4,2026-07-19T09:55:35+00:00,,,,,OK
Edmonton,Edmonton,2026-07-19 04:00,3.0,,3,4,2026-07-19T10:46:32+00:00,3.0,2026-07-19T10:46:33+00:00,0.0,0.0,OK
Calgary,Calgary,2026-07-19 04:00,3.0,,5,6,2026-07-19T10:46:32+00:00,3.0,2026-07-19T10:46:33+00:00,0.0,0.0,OK
Red Deer,Red Deer,2026-07-19 04:00,3.0,,3,4,2026-07-19T10:46:32+00:00,3.0,2026-07-19T10:46:33+00:00,0.0,0.0,OK
Fort McMurray,Fort McMurray,2026-07-19 04:00,2.0,,3,3,2026-07-19T10:46:32+00:00,2.0,2026-07-19T10:46:33+00:00,0.0,0.0,OK
Grande Prairie,Grande Prairie,2026-07-19 03:00,2.0,,4,3,2026-07-19T10:46:32+00:00,3.0,2026-07-19T10:46:33+00:00,-1.0,1.0,Minor difference
Lethbridge,Lethbridge,2026-07-19 03:00,3.0,,3,3,2026-07-19T10:46:32+00:00,3.0,2026-07-19T10:46:33+00:00,0.0,0.0,OK
Medicine Hat,Medicine Hat,2026-07-19 04:00,3.0,,3,4,2026-07-19T10:46:32+00:00,3.0,2026-07-19T10:46:33+00:00,0.0,0.0,OK
Airdrie,Airdrie,2026-07-19 04:00,3.0,,5,6,2026-07-19T10:46:32+00:00,3.0,2026-07-19T10:46:33+00:00,0.0,0.0,OK
Cold Lake,Cold Lake,2026-07-19 04:00,3.0,,3,3,2026-07-19T10:46:32+00:00,3.0,2026-07-19T10:46:33+00:00,0.0,0.0,OK
Drayton Valley,Drayton Valley,2026-07-19 04:00,3.0,,3,3,2026-07-19T10:46:32+00:00,3.0,2026-07-19T10:46:33+00:00,0.0,0.0,OK
St. Albert,St. Albert,2026-07-19 04:00,3.0,,3,4,2026-07-19T10:46:32+00:00,3.0,2026-07-19T10:46:33+00:00,0.0,0.0,OK
Strathcona County,Sherwood Park,2026-07-19 04:00,3.0,,3,4,2026-07-19T10:46:32+00:00,,,,,OK
Edmonton,Edmonton,2026-07-19 05:00,3.0,,3,4,2026-07-19T11:38:41+00:00,3.0,2026-07-19T11:38:42+00:00,0.0,0.0,OK
Calgary,Calgary,2026-07-19 04:00,3.0,,5,6,2026-07-19T11:38:41+00:00,2.0,2026-07-19T11:38:42+00:00,1.0,1.0,Minor difference
Red Deer,Red Deer,2026-07-19 05:00,3.0,,3,4,2026-07-19T11:38:41+00:00,3.0,2026-07-19T11:38:42+00:00,0.0,0.0,OK
Fort McMurray,Fort McMurray,2026-07-19 05:00,2.0,,3,3,2026-07-19T11:38:41+00:00,2.0,2026-07-19T11:38:42+00:00,0.0,0.0,OK
Grande Prairie,Grande Prairie,2026-07-19 05:00,3.0,,4,3,2026-07-19T11:38:41+00:00,4.0,2026-07-19T11:38:42+00:00,-1.0,1.0,Minor difference
Lethbridge,Lethbridge,2026-07-19 03:00,3.0,,3,3,2026-07-19T11:38:41+00:00,2.0,2026-07-19T11:38:42+00:00,1.0,1.0,Minor difference
Medicine Hat,Medicine Hat,2026-07-19 04:00,3.0,,3,4,2026-07-19T11:38:41+00:00,2.0,2026-07-19T11:38:42+00:00,1.0,1.0,Minor difference
Airdrie,Airdrie,2026-07-19 04:00,3.0,,5,6,2026-07-19T11:38:41+00:00,2.0,2026-07-19T11:38:42+00:00,1.0,1.0,Minor difference
Cold Lake,Cold Lake,2026-07-19 05:00,3.0,,3,3,2026-07-19T11:38:41+00:00,3.0,2026-07-19T11:38:42+00:00,0.0,0.0,OK
Drayton Valley,Drayton Valley,2026-07-19 04:00,3.0,,3,3,2026-07-19T11:38:41+00:00,1.0,2026-07-19T11:38:42+00:00,2.0,2.0,Significant difference
St. Albert,St. Albert,2026-07-19 04:00,3.0,,3,4,2026-07-19T11:38:41+00:00,2.0,2026-07-19T11:38:42+00:00,1.0,1.0,Minor difference
Strathcona County,Sherwood Park,2026-07-19 05:00,3.0,,3,4,2026-07-19T11:38:41+00:00,,,,,OK
Edmonton,Edmonton,2026-07-19 06:00,3.0,3.0,6,4,2026-07-19T12:35:21+00:00,3.0,2026-07-19T12:35:21+00:00,0.0,0.0,OK
Calgary,Calgary,2026-07-19 06:00,3.0,4.0,4,4,2026-07-19T12:35:21+00:00,3.0,2026-07-19T12:35:21+00:00,0.0,0.0,OK
Red Deer,Red Deer,2026-07-19 06:00,3.0,3.0,5,3,2026-07-19T12:35:21+00:00,3.0,2026-07-19T12:35:21+00:00,0.0,0.0,OK
Fort McMurray,Fort McMurray,2026-07-19 06:00,2.0,4.0,7,7,2026-07-19T12:35:21+00:00,2.0,2026-07-19T12:35:21+00:00,0.0,0.0,OK
Grande Prairie,Grande Prairie,2026-07-19 06:00,3.0,4.0,7,7,2026-07-19T12:35:21+00:00,3.0,2026-07-19T12:35:21+00:00,0.0,0.0,OK
Lethbridge,Lethbridge,2026-07-19 03:00,3.0,4.0,3,4,2026-07-19T12:35:21+00:00,2.0,2026-07-19T12:35:21+00:00,1.0,1.0,Minor difference
Medicine Hat,Medicine Hat,2026-07-19 06:00,3.0,4.0,3,4,2026-07-19T12:35:21+00:00,3.0,2026-07-19T12:35:21+00:00,0.0,0.0,OK
Airdrie,Airdrie,2026-07-19 06:00,2.0,4.0,4,4,2026-07-19T12:35:21+00:00,2.0,2026-07-19T12:35:21+00:00,0.0,0.0,OK
Cold Lake,Cold Lake,2026-07-19 06:00,2.0,2.0,6,4,2026-07-19T12:35:21+00:00,2.0,2026-07-19T12:35:21+00:00,0.0,0.0,OK
Drayton Valley,Drayton Valley,2026-07-19 06:00,3.0,3.0,5,3,2026-07-19T12:35:21+00:00,3.0,2026-07-19T12:35:21+00:00,0.0,0.0,OK
St. Albert,St. Albert,2026-07-19 06:00,3.0,3.0,6,4,2026-07-19T12:35:21+00:00,3.0,2026-07-19T12:35:21+00:00,0.0,0.0,OK
Strathcona County,Sherwood Park,2026-07-19 06:00,3.0,3.0,6,4,2026-07-19T12:35:21+00:00,,,,,OK
Edmonton,Edmonton,2026-07-19 07:00,3.0,3.0,6,4,2026-07-19T13:50:31+00:00,3.0,2026-07-19T13:50:31+00:00,0.0,0.0,OK
Calgary,Calgary,2026-07-19 07:00,3.0,4.0,4,4,2026-07-19T13:50:31+00:00,3.0,2026-07-19T13:50:31+00:00,0.0,0.0,OK
Red Deer,Red Deer,2026-07-19 07:00,3.0,3.0,5,3,2026-07-19T13:50:31+00:00,3.0,2026-07-19T13:50:31+00:00,0.0,0.0,OK
Fort McMurray,Fort McMurray,2026-07-19 07:00,2.0,4.0,7,7,2026-07-19T13:50:31+00:00,2.0,2026-07-19T13:50:31+00:00,0.0,0.0,OK
Grande Prairie,Grande Prairie,2026-07-19 07:00,3.0,4.0,7,7,2026-07-19T13:50:31+00:00,3.0,2026-07-19T13:50:31+00:00,0.0,0.0,OK
Lethbridge,Lethbridge,2026-07-19 07:00,3.0,4.0,3,4,2026-07-19T13:50:31+00:00,3.0,2026-07-19T13:50:31+00:00,0.0,0.0,OK
Medicine Hat,Medicine Hat,2026-07-19 07:00,3.0,4.0,3,4,2026-07-19T13:50:31+00:00,3.0,2026-07-19T13:50:31+00:00,0.0,0.0,OK
Airdrie,Airdrie,2026-07-19 07:00,2.0,4.0,4,4,2026-07-19T13:50:31+00:00,2.0,2026-07-19T13:50:31+00:00,0.0,0.0,OK
Cold Lake,Cold Lake,2026-07-19 07:00,2.0,2.0,6,4,2026-07-19T13:50:31+00:00,2.0,2026-07-19T13:50:31+00:00,0.0,0.0,OK
Drayton Valley,Drayton Valley,2026-07-19 07:00,2.0,3.0,5,3,2026-07-19T13:50:31+00:00,2.0,2026-07-19T13:50:31+00:00,0.0,0.0,OK
St. Albert,St. Albert,2026-07-19 07:00,3.0,3.0,6,4,2026-07-19T13:50:31+00:00,3.0,2026-07-19T13:50:31+00:00,0.0,0.0,OK
Strathcona County,Sherwood Park,2026-07-19 07:00,3.0,3.0,6,4,2026-07-19T13:50:31+00:00,,,,,OK
Edmonton,Edmonton,2026-07-19 08:00,3.0,3.0,6,4,2026-07-19T14:39:43+00:00,3.0,2026-07-19T14:39:43+00:00,0.0,0.0,OK
Calgary,Calgary,2026-07-19 08:00,3.0,4.0,4,4,2026-07-19T14:39:43+00:00,3.0,2026-07-19T14:39:43+00:00,0.0,0.0,OK
Red Deer,Red Deer,2026-07-19 08:00,3.0,3.0,5,3,2026-07-19T14:39:43+00:00,3.0,2026-07-19T14:39:43+00:00,0.0,0.0,OK
Fort McMurray,Fort McMurray,2026-07-19 08:00,2.0,4.0,7,7,2026-07-19T14:39:43+00:00,2.0,2026-07-19T14:39:43+00:00,0.0,0.0,OK
Grande Prairie,Grande Prairie,2026-07-19 08:00,2.0,4.0,7,7,2026-07-19T14:39:43+00:00,2.0,2026-07-19T14:39:43+00:00,0.0,0.0,OK
Lethbridge,Lethbridge,2026-07-19 08:00,3.0,4.0,3,4,2026-07-19T14:39:43+00:00,3.0,2026-07-19T14:39:43+00:00,0.0,0.0,OK
Medicine Hat,Medicine Hat,2026-07-19 08:00,3.0,4.0,3,4,2026-07-19T14:39:43+00:00,3.0,2026-07-19T14:39:43+00:00,0.0,0.0,OK
Airdrie,Airdrie,2026-07-19 08:00,2.0,4.0,4,4,2026-07-19T14:39:43+00:00,2.0,2026-07-19T14:39:43+00:00,0.0,0.0,OK
Cold Lake,Cold Lake,2026-07-19 08:00,2.0,2.0,6,4,2026-07-19T14:39:43+00:00,2.0,2026-07-19T14:39:43+00:00,0.0,0.0,OK
Drayton Valley,Drayton Valley,2026-07-19 08:00,2.0,3.0,5,3,2026-07-19T14:39:43+00:00,2.0,2026-07-19T14:39:43+00:00,0.0,0.0,OK
St. Albert,St. Albert,2026-07-19 08:00,3.0,3.0,6,4,2026-07-19T14:39:43+00:00,3.0,2026-07-19T14:39:43+00:00,0.0,0.0,OK
Strathcona County,Sherwood Park,2026-07-19 08:00,2.0,3.0,6,4,2026-07-19T14:39:43+00:00,,,,,OK
Edmonton,Edmonton,2026-07-19 09:00,3.0,3.0,6,4,2026-07-19T15:36:01+00:00,3.0,2026-07-19T15:36:01+00:00,0.0,0.0,OK
Calgary,Calgary,2026-07-19 09:00,3.0,4.0,4,4,2026-07-19T15:36:01+00:00,3.0,2026-07-19T15:36:01+00:00,0.0,0.0,OK
Red Deer,Red Deer,2026-07-19 09:00,3.0,3.0,5,3,2026-07-19T15:36:01+00:00,3.0,2026-07-19T15:36:01+00:00,0.0,0.0,OK
Fort McMurray,Fort McMurray,2026-07-19 09:00,2.0,4.0,7,7,2026-07-19T15:36:01+00:00,2.0,2026-07-19T15:36:01+00:00,0.0,0.0,OK
Grande Prairie,Grande Prairie,2026-07-19 09:00,2.0,4.0,7,7,2026-07-19T15:36:01+00:00,2.0,2026-07-19T15:36:01+00:00,0.0,0.0,OK
Lethbridge,Lethbridge,2026-07-19 09:00,3.0,4.0,3,4,2026-07-19T15:36:01+00:00,3.0,2026-07-19T15:36:01+00:00,0.0,0.0,OK
Medicine Hat,Medicine Hat,2026-07-19 09:00,3.0,4.0,3,4,2026-07-19T15:36:01+00:00,3.0,2026-07-19T15:36:01+00:00,0.0,0.0,OK
Airdrie,Airdrie,2026-07-19 09:00,3.0,4.0,4,4,2026-07-19T15:36:01+00:00,3.0,2026-07-19T15:36:01+00:00,0.0,0.0,OK
Cold Lake,Cold Lake,2026-07-19 09:00,2.0,2.0,6,4,2026-07-19T15:36:01+00:00,2.0,2026-07-19T15:36:01+00:00,0.0,0.0,OK
Drayton Valley,Drayton Valley,2026-07-19 09:00,2.0,3.0,5,3,2026-07-19T15:36:01+00:00,2.0,2026-07-19T15:36:01+00:00,0.0,0.0,OK
St. Albert,St. Albert,2026-07-19 09:00,2.0,3.0,6,4,2026-07-19T15:36:01+00:00,2.0,2026-07-19T15:36:01+00:00,0.0,0.0,OK
Strathcona County,Sherwood Park,2026-07-19 09:00,2.0,3.0,6,4,2026-07-19T15:36:01+00:00,,,,,OK
Edmonton,Edmonton,2026-07-19 10:00,3.0,3.0,6,4,2026-07-19T16:34:48+00:00,3.0,2026-07-19T16:34:48+00:00,0.0,0.0,OK
Calgary,Calgary,2026-07-19 10:00,3.0,4.0,4,4,2026-07-19T16:34:48+00:00,3.0,2026-07-19T16:34:48+00:00,0.0,0.0,OK
Red Deer,Red Deer,2026-07-19 10:00,3.0,3.0,5,3,2026-07-19T16:34:48+00:00,3.0,2026-07-19T16:34:48+00:00,0.0,0.0,OK
Fort McMurray,Fort McMurray,2026-07-19 10:00,2.0,4.0,7,7,2026-07-19T16:34:48+00:00,2.0,2026-07-19T16:34:48+00:00,0.0,0.0,OK
Grande Prairie,Grande Prairie,2026-07-19 10:00,2.0,4.0,7,7,2026-07-19T16:34:48+00:00,2.0,2026-07-19T16:34:48+00:00,0.0,0.0,OK
Lethbridge,Lethbridge,2026-07-19 10:00,3.0,4.0,3,4,2026-07-19T16:34:48+00:00,3.0,2026-07-19T16:34:48+00:00,0.0,0.0,OK
Medicine Hat,Medicine Hat,2026-07-19 10:00,3.0,4.0,3,4,2026-07-19T16:34:48+00:00,3.0,2026-07-19T16:34:48+00:00,0.0,0.0,OK
Airdrie,Airdrie,2026-07-19 10:00,3.0,4.0,4,4,2026-07-19T16:34:48+00:00,3.0,2026-07-19T16:34:48+00:00,0.0,0.0,OK
Cold Lake,Cold Lake,2026-07-19 10:00,2.0,2.0,6,4,2026-07-19T16:34:48+00:00,2.0,2026-07-19T16:34:48+00:00,0.0,0.0,OK
Drayton Valley,Drayton Valley,2026-07-19 10:00,2.0,3.0,5,3,2026-07-19T16:34:48+00:00,2.0,2026-07-19T16:34:48+00:00,0.0,0.0,OK
St. Albert,St. Albert,2026-07-19 10:00,2.0,3.0,6,4,2026-07-19T16:34:48+00:00,2.0,2026-07-19T16:34:48+00:00,0.0,0.0,OK
Strathcona County,Sherwood Park,2026-07-19 10:00,3.0,3.0,6,4,2026-07-19T16:34:48+00:00,,,,,OK
Edmonton,Edmonton,2026-07-19 11:00,3.0,3.0,6,4,2026-07-19T17:37:30+00:00,3.0,2026-07-19T17:37:31+00:00,0.0,0.0,OK
Calgary,Calgary,2026-07-19 11:00,3.0,4.0,4,4,2026-07-19T17:37:30+00:00,3.0,2026-07-19T17:37:31+00:00,0.0,0.0,OK
Red Deer,Red Deer,2026-07-19 11:00,3.0,3.0,5,3,2026-07-19T17:37:30+00:00,3.0,2026-07-19T17:37:31+00:00,0.0,0.0,OK
Fort McMurray,Fort McMurray,2026-07-19 11:00,2.0,4.0,7,7,2026-07-19T17:37:30+00:00,2.0,2026-07-19T17:37:31+00:00,0.0,0.0,OK
Grande Prairie,Grande Prairie,2026-07-19 11:00,2.0,4.0,7,7,2026-07-19T17:37:30+00:00,2.0,2026-07-19T17:37:31+00:00,0.0,0.0,OK
Lethbridge,Lethbridge,2026-07-19 11:00,3.0,4.0,3,4,2026-07-19T17:37:30+00:00,3.0,2026-07-19T17:37:31+00:00,0.0,0.0,OK
Medicine Hat,Medicine Hat,2026-07-19 11:00,3.0,4.0,3,4,2026-07-19T17:37:30+00:00,3.0,2026-07-19T17:37:31+00:00,0.0,0.0,OK
Airdrie,Airdrie,2026-07-19 11:00,3.0,4.0,4,4,2026-07-19T17:37:30+00:00,3.0,2026-07-19T17:37:31+00:00,0.0,0.0,OK
Cold Lake,Cold Lake,2026-07-19 10:00,2.0,2.0,6,4,2026-07-19T17:37:30+00:00,1.0,2026-07-19T17:37:31+00:00,1.0,1.0,Minor difference
Drayton Valley,Drayton Valley,2026-07-19 11:00,2.0,3.0,5,3,2026-07-19T17:37:30+00:00,2.0,2026-07-19T17:37:31+00:00,0.0,0.0,OK
St. Albert,St. Albert,2026-07-19 11:00,2.0,3.0,6,4,2026-07-19T17:37:30+00:00,2.0,2026-07-19T17:37:31+00:00,0.0,0.0,OK
Strathcona County,Sherwood Park,2026-07-19 11:00,2.0,3.0,6,4,2026-07-19T17:37:30+00:00,,,,,OK
Edmonton,Edmonton,2026-07-19 12:00,3.0,3.0,6,4,2026-07-19T18:35:56+00:00,3.0,2026-07-19T18:35:57+00:00,0.0,0.0,OK
Calgary,Calgary,2026-07-19 12:00,4.0,4.0,4,4,2026-07-19T18:35:56+00:00,4.0,2026-07-19T18:35:57+00:00,0.0,0.0,OK
Red Deer,Red Deer,2026-07-19 12:00,3.0,3.0,5,3,2026-07-19T18:35:56+00:00,3.0,2026-07-19T18:35:57+00:00,0.0,0.0,OK
Fort McMurray,Fort McMurray,2026-07-19 12:00,3.0,4.0,7,7,2026-07-19T18:35:56+00:00,3.0,2026-07-19T18:35:57+00:00,0.0,0.0,OK
Grande Prairie,Grande Prairie,2026-07-19 12:00,2.0,4.0,7,7,2026-07-19T18:35:56+00:00,2.0,2026-07-19T18:35:57+00:00,0.0,0.0,OK
Lethbridge,Lethbridge,2026-07-19 12:00,4.0,4.0,3,4,2026-07-19T18:35:56+00:00,4.0,2026-07-19T18:35:57+00:00,0.0,0.0,OK
Medicine Hat,Medicine Hat,2026-07-19 12:00,4.0,4.0,3,4,2026-07-19T18:35:56+00:00,4.0,2026-07-19T18:35:57+00:00,0.0,0.0,OK
Airdrie,Airdrie,2026-07-19 12:00,3.0,4.0,4,4,2026-07-19T18:35:56+00:00,3.0,2026-07-19T18:35:57+00:00,0.0,0.0,OK
Cold Lake,Cold Lake,2026-07-19 12:00,3.0,2.0,6,4,2026-07-19T18:35:56+00:00,3.0,2026-07-19T18:35:57+00:00,0.0,0.0,OK
Drayton Valley,Drayton Valley,2026-07-19 12:00,2.0,3.0,5,3,2026-07-19T18:35:56+00:00,2.0,2026-07-19T18:35:57+00:00,0.0,0.0,OK
St. Albert,St. Albert,2026-07-19 12:00,2.0,3.0,6,4,2026-07-19T18:35:56+00:00,2.0,2026-07-19T18:35:57+00:00,0.0,0.0,OK
Strathcona County,Sherwood Park,2026-07-19 12:00,3.0,3.0,6,4,2026-07-19T18:35:56+00:00,,,,,OK
Edmonton,Edmonton,2026-07-19 13:00,3.0,3.0,6,4,2026-07-19T19:41:10+00:00,3.0,2026-07-19T19:41:10+00:00,0.0,0.0,OK
Calgary,Calgary,2026-07-19 13:00,4.0,4.0,4,4,2026-07-19T19:41:10+00:00,4.0,2026-07-19T19:41:10+00:00,0.0,0.0,OK
Red Deer,Red Deer,2026-07-19 13:00,3.0,3.0,5,3,2026-07-19T19:41:10+00:00,3.0,2026-07-19T19:41:10+00:00,0.0,0.0,OK
Fort McMurray,Fort McMurray,2026-07-19 13:00,3.0,4.0,7,7,2026-07-19T19:41:10+00:00,3.0,2026-07-19T19:41:10+00:00,0.0,0.0,OK
Grande Prairie,Grande Prairie,2026-07-19 13:00,2.0,4.0,7,7,2026-07-19T19:41:10+00:00,2.0,2026-07-19T19:41:10+00:00,0.0,0.0,OK
Lethbridge,Lethbridge,2026-07-19 13:00,4.0,4.0,3,4,2026-07-19T19:41:10+00:00,4.0,2026-07-19T19:41:10+00:00,0.0,0.0,OK
Medicine Hat,Medicine Hat,2026-07-19 13:00,4.0,4.0,3,4,2026-07-19T19:41:10+00:00,4.0,2026-07-19T19:41:10+00:00,0.0,0.0,OK
Airdrie,Airdrie,2026-07-19 13:00,4.0,4.0,4,4,2026-07-19T19:41:10+00:00,4.0,2026-07-19T19:41:10+00:00,0.0,0.0,OK
Cold Lake,Cold Lake,2026-07-19 13:00,3.0,2.0,6,4,2026-07-19T19:41:10+00:00,3.0,2026-07-19T19:41:10+00:00,0.0,0.0,OK
Drayton Valley,Drayton Valley,2026-07-19 13:00,2.0,3.0,5,3,2026-07-19T19:41:10+00:00,2.0,2026-07-19T19:41:10+00:00,0.0,0.0,OK
St. Albert,St. Albert,2026-07-19 13:00,2.0,3.0,6,4,2026-07-19T19:41:10+00:00,2.0,2026-07-19T19:41:10+00:00,0.0,0.0,OK
Strathcona County,Sherwood Park,2026-07-19 13:00,2.0,3.0,6,4,2026-07-19T19:41:10+00:00,,,,,OK
Edmonton,Edmonton,2026-07-19 14:00,3.0,3.0,6,4,2026-07-19T20:31:48+00:00,3.0,2026-07-19T20:31:48+00:00,0.0,0.0,OK
Calgary,Calgary,2026-07-19 14:00,4.0,4.0,4,4,2026-07-19T20:31:48+00:00,4.0,2026-07-19T20:31:48+00:00,0.0,0.0,OK
Red Deer,Red Deer,2026-07-19 14:00,3.0,3.0,5,3,2026-07-19T20:31:48+00:00,3.0,2026-07-19T20:31:48+00:00,0.0,0.0,OK
Fort McMurray,Fort McMurray,2026-07-19 14:00,3.0,4.0,7,7,2026-07-19T20:31:48+00:00,3.0,2026-07-19T20:31:48+00:00,0.0,0.0,OK
Grande Prairie,Grande Prairie,2026-07-19 14:00,2.0,4.0,7,7,2026-07-19T20:31:48+00:00,2.0,2026-07-19T20:31:48+00:00,0.0,0.0,OK
Lethbridge,Lethbridge,2026-07-19 14:00,4.0,4.0,3,4,2026-07-19T20:31:48+00:00,4.0,2026-07-19T20:31:48+00:00,0.0,0.0,OK
Medicine Hat,Medicine Hat,2026-07-19 14:00,4.0,4.0,3,4,2026-07-19T20:31:48+00:00,4.0,2026-07-19T20:31:48+00:00,0.0,0.0,OK
Airdrie,Airdrie,2026-07-19 14:00,4.0,4.0,4,4,2026-07-19T20:31:48+00:00,4.0,2026-07-19T20:31:48+00:00,0.0,0.0,OK
Cold Lake,Cold Lake,2026-07-19 14:00,3.0,2.0,6,4,2026-07-19T20:31:48+00:00,3.0,2026-07-19T20:31:48+00:00,0.0,0.0,OK
Drayton Valley,Drayton Valley,2026-07-19 14:00,2.0,3.0,5,3,2026-07-19T20:31:48+00:00,2.0,2026-07-19T20:31:48+00:00,0.0,0.0,OK
St. Albert,St. Albert,2026-07-19 14:00,2.0,3.0,6,4,2026-07-19T20:31:48+00:00,2.0,2026-07-19T20:31:48+00:00,0.0,0.0,OK
Strathcona County,Sherwood Park,2026-07-19 14:00,2.0,3.0,6,4,2026-07-19T20:31:48+00:00,,,,,OK
Edmonton,Edmonton,2026-07-19 15:00,3.0,3.0,6,4,2026-07-19T21:34:22+00:00,3.0,2026-07-19T21:34:22+00:00,0.0,0.0,OK
Calgary,Calgary,2026-07-19 15:00,4.0,4.0,4,4,2026-07-19T21:34:22+00:00,4.0,2026-07-19T21:34:22+00:00,0.0,0.0,OK
Red Deer,Red Deer,2026-07-19 15:00,3.0,3.0,5,3,2026-07-19T21:34:22+00:00,3.0,2026-07-19T21:34:22+00:00,0.0,0.0,OK
Fort McMurray,Fort McMurray,2026-07-19 15:00,3.0,4.0,7,7,2026-07-19T21:34:22+00:00,3.0,2026-07-19T21:34:22+00:00,0.0,0.0,OK
Grande Prairie,Grande Prairie,2026-07-19 15:00,2.0,4.0,7,7,2026-07-19T21:34:22+00:00,2.0,2026-07-19T21:34:22+00:00,0.0,0.0,OK
Lethbridge,Lethbridge,2026-07-19 15:00,4.0,4.0,3,4,2026-07-19T21:34:22+00:00,4.0,2026-07-19T21:34:22+00:00,0.0,0.0,OK
Medicine Hat,Medicine Hat,2026-07-19 15:00,4.0,4.0,3,4,2026-07-19T21:34:22+00:00,4.0,2026-07-19T21:34:22+00:00,0.0,0.0,OK
Airdrie,Airdrie,2026-07-19 15:00,4.0,4.0,4,4,2026-07-19T21:34:22+00:00,4.0,2026-07-19T21:34:22+00:00,0.0,0.0,OK
Cold Lake,Cold Lake,2026-07-19 15:00,3.0,2.0,6,4,2026-07-19T21:34:22+00:00,3.0,2026-07-19T21:34:22+00:00,0.0,0.0,OK
Drayton Valley,Drayton Valley,2026-07-19 15:00,2.0,3.0,5,3,2026-07-19T21:34:22+00:00,2.0,2026-07-19T21:34:22+00:00,0.0,0.0,OK
St. Albert,St. Albert,2026-07-19 15:00,2.0,3.0,6,4,2026-07-19T21:34:22+00:00,2.0,2026-07-19T21:34:22+00:00,0.0,0.0,OK
Strathcona County,Sherwood Park,2026-07-19 15:00,2.0,3.0,6,4,2026-07-19T21:34:22+00:00,,,,,OK
Edmonton,Edmonton,2026-07-19 16:00,2.0,3.0,6,4,2026-07-19T22:34:34+00:00,2.0,2026-07-19T22:34:34+00:00,0.0,0.0,OK
Calgary,Calgary,2026-07-19 16:00,4.0,4.0,4,4,2026-07-19T22:34:34+00:00,4.0,2026-07-19T22:34:34+00:00,0.0,0.0,OK
Red Deer,Red Deer,2026-07-19 16:00,3.0,3.0,5,3,2026-07-19T22:34:34+00:00,3.0,2026-07-19T22:34:34+00:00,0.0,0.0,OK
Fort McMurray,Fort McMurray,2026-07-19 16:00,4.0,4.0,7,7,2026-07-19T22:34:34+00:00,3.0,2026-07-19T22:34:34+00:00,1.0,1.0,Minor difference
Grande Prairie,Grande Prairie,2026-07-19 16:00,4.0,4.0,7,7,2026-07-19T22:34:34+00:00,6.0,2026-07-19T22:34:34+00:00,-2.0,2.0,Significant difference
Lethbridge,Lethbridge,2026-07-19 16:00,4.0,4.0,3,4,2026-07-19T22:34:34+00:00,4.0,2026-07-19T22:34:34+00:00,0.0,0.0,OK
Medicine Hat,Medicine Hat,2026-07-19 16:00,4.0,4.0,3,4,2026-07-19T22:34:34+00:00,4.0,2026-07-19T22:34:34+00:00,0.0,0.0,OK
Airdrie,Airdrie,2026-07-19 16:00,4.0,4.0,4,4,2026-07-19T22:34:34+00:00,4.0,2026-07-19T22:34:34+00:00,0.0,0.0,OK
Cold Lake,Cold Lake,2026-07-19 15:00,3.0,2.0,6,4,2026-07-19T22:34:34+00:00,3.0,2026-07-19T22:34:34+00:00,0.0,0.0,OK
Drayton Valley,Drayton Valley,2026-07-19 16:00,2.0,3.0,5,3,2026-07-19T22:34:34+00:00,2.0,2026-07-19T22:34:34+00:00,0.0,0.0,OK
St. Albert,St. Albert,2026-07-19 16:00,2.0,3.0,6,4,2026-07-19T22:34:34+00:00,2.0,2026-07-19T22:34:34+00:00,0.0,0.0,OK
Strathcona County,Sherwood Park,2026-07-19 16:00,2.0,3.0,6,4,2026-07-19T22:34:34+00:00,,,,,OK
Edmonton,Edmonton,2026-07-19 17:00,2.0,,7,3,2026-07-19T23:36:31+00:00,2.0,2026-07-19T23:36:31+00:00,0.0,0.0,OK
Calgary,Calgary,2026-07-19 17:00,5.0,,4,4,2026-07-19T23:36:31+00:00,5.0,2026-07-19T23:36:31+00:00,0.0,0.0,OK
Red Deer,Red Deer,2026-07-19 17:00,3.0,,4,3,2026-07-19T23:36:31+00:00,3.0,2026-07-19T23:36:31+00:00,0.0,0.0,OK
Fort McMurray,Fort McMurray,2026-07-19 17:00,3.0,,7,7,2026-07-19T23:36:31+00:00,3.0,2026-07-19T23:36:31+00:00,0.0,0.0,OK
Grande Prairie,Grande Prairie,2026-07-19 17:00,15.0,,8,7,2026-07-19T23:36:31+00:00,11.0,2026-07-19T23:36:31+00:00,4.0,4.0,Major difference
Lethbridge,Lethbridge,2026-07-19 17:00,4.0,,3,4,2026-07-19T23:36:31+00:00,4.0,2026-07-19T23:36:31+00:00,0.0,0.0,OK
Medicine Hat,Medicine Hat,2026-07-19 17:00,4.0,,3,4,2026-07-19T23:36:31+00:00,4.0,2026-07-19T23:36:31+00:00,0.0,0.0,OK
Airdrie,Airdrie,2026-07-19 17:00,4.0,,4,4,2026-07-19T23:36:31+00:00,4.0,2026-07-19T23:36:31+00:00,0.0,0.0,OK
Cold Lake,Cold Lake,2026-07-19 17:00,3.0,,7,3,2026-07-19T23:36:31+00:00,3.0,2026-07-19T23:36:31+00:00,0.0,0.0,OK
Drayton Valley,Drayton Valley,2026-07-19 17:00,2.0,,7,3,2026-07-19T23:36:31+00:00,2.0,2026-07-19T23:36:31+00:00,0.0,0.0,OK
St. Albert,St. Albert,2026-07-19 17:00,2.0,,7,3,2026-07-19T23:36:31+00:00,2.0,2026-07-19T23:36:31+00:00,0.0,0.0,OK
Strathcona County,Sherwood Park,2026-07-19 17:00,2.0,,7,3,2026-07-19T23:36:31+00:00,,,,,OK
Edmonton,Edmonton,2026-07-19 18:00,2.0,,7,3,2026-07-20T00:57:31+00:00,2.0,2026-07-20T00:57:32+00:00,0.0,0.0,OK
Calgary,Calgary,2026-07-19 18:00,5.0,,4,4,2026-07-20T00:57:31+00:00,5.0,2026-07-20T00:57:32+00:00,0.0,0.0,OK
Red Deer,Red Deer,2026-07-19 18:00,3.0,,4,3,2026-07-20T00:57:31+00:00,3.0,2026-07-20T00:57:32+00:00,0.0,0.0,OK
Fort McMurray,Fort McMurray,2026-07-19 18:00,3.0,,7,7,2026-07-20T00:57:31+00:00,3.0,2026-07-20T00:57:32+00:00,0.0,0.0,OK
Grande Prairie,Grande Prairie,2026-07-19 18:00,15.0,,9,11,2026-07-20T00:57:31+00:00,11.0,2026-07-20T00:57:32+00:00,4.0,4.0,Major difference
Lethbridge,Lethbridge,2026-07-19 18:00,4.0,,3,4,2026-07-20T00:57:31+00:00,4.0,2026-07-20T00:57:32+00:00,0.0,0.0,OK
Medicine Hat,Medicine Hat,2026-07-19 18:00,4.0,,3,4,2026-07-20T00:57:31+00:00,4.0,2026-07-20T00:57:32+00:00,0.0,0.0,OK
Airdrie,Airdrie,2026-07-19 18:00,4.0,,4,4,2026-07-20T00:57:31+00:00,4.0,2026-07-20T00:57:32+00:00,0.0,0.0,OK
Cold Lake,Cold Lake,2026-07-19 18:00,3.0,,7,3,2026-07-20T00:57:31+00:00,3.0,2026-07-20T00:57:32+00:00,0.0,0.0,OK
Drayton Valley,Drayton Valley,2026-07-19 18:00,2.0,,7,3,2026-07-20T00:57:31+00:00,2.0,2026-07-20T00:57:32+00:00,0.0,0.0,OK
St. Albert,St. Albert,2026-07-19 18:00,2.0,,7,3,2026-07-20T00:57:31+00:00,2.0,2026-07-20T00:57:32+00:00,0.0,0.0,OK
Strathcona County,Sherwood Park,2026-07-19 18:00,2.0,,7,3,2026-07-20T00:57:31+00:00,,,,,OK
Edmonton,Edmonton,2026-07-19 19:00,2.0,,7,3,2026-07-20T01:58:37+00:00,2.0,2026-07-20T01:58:37+00:00,0.0,0.0,OK
Calgary,Calgary,2026-07-19 19:00,5.0,,4,4,2026-07-20T01:58:37+00:00,5.0,2026-07-20T01:58:37+00:00,0.0,0.0,OK
Red Deer,Red Deer,2026-07-19 19:00,2.0,,4,3,2026-07-20T01:58:37+00:00,2.0,2026-07-20T01:58:37+00:00,0.0,0.0,OK
Fort McMurray,Fort McMurray,2026-07-19 19:00,3.0,,7,7,2026-07-20T01:58:37+00:00,3.0,2026-07-20T01:58:37+00:00,0.0,0.0,OK
Grande Prairie,Grande Prairie,2026-07-19 19:00,17.0,,9,11,2026-07-20T01:58:37+00:00,11.0,2026-07-20T01:58:37+00:00,6.0,6.0,Major difference
Lethbridge,Lethbridge,2026-07-19 19:00,4.0,,3,4,2026-07-20T01:58:37+00:00,4.0,2026-07-20T01:58:37+00:00,0.0,0.0,OK
Medicine Hat,Medicine Hat,2026-07-19 19:00,4.0,,3,4,2026-07-20T01:58:37+00:00,4.0,2026-07-20T01:58:37+00:00,0.0,0.0,OK
Airdrie,Airdrie,2026-07-19 19:00,4.0,,4,4,2026-07-20T01:58:37+00:00,4.0,2026-07-20T01:58:37+00:00,0.0,0.0,OK
Cold Lake,Cold Lake,2026-07-19 19:00,3.0,,7,3,2026-07-20T01:58:37+00:00,3.0,2026-07-20T01:58:37+00:00,0.0,0.0,OK
Drayton Valley,Drayton Valley,2026-07-19 19:00,2.0,,7,3,2026-07-20T01:58:37+00:00,2.0,2026-07-20T01:58:37+00:00,0.0,0.0,OK
St. Albert,St. Albert,2026-07-19 19:00,2.0,,7,3,2026-07-20T01:58:37+00:00,2.0,2026-07-20T01:58:37+00:00,0.0,0.0,OK
Strathcona County,Sherwood Park,2026-07-19 19:00,2.0,,7,3,2026-07-20T01:58:37+00:00,,,,,OK
Edmonton,Edmonton,2026-07-19 20:00,2.0,,7,3,2026-07-20T03:26:07+00:00,2.0,2026-07-20T03:26:07+00:00,0.0,0.0,OK
Calgary,Calgary,2026-07-19 20:00,4.0,,4,4,2026-07-20T03:26:07+00:00,4.0,2026-07-20T03:26:07+00:00,0.0,0.0,OK
Red Deer,Red Deer,2026-07-19 20:00,2.0,,4,3,2026-07-20T03:26:07+00:00,2.0,2026-07-20T03:26:07+00:00,0.0,0.0,OK
Fort McMurray,Fort McMurray,2026-07-19 20:00,3.0,,7,7,2026-07-20T03:26:07+00:00,3.0,2026-07-20T03:26:07+00:00,0.0,0.0,OK
Grande Prairie,Grande Prairie,2026-07-19 20:00,18.0,,9,11,2026-07-20T03:26:07+00:00,11.0,2026-07-20T03:26:07+00:00,7.0,7.0,Major difference
Lethbridge,Lethbridge,2026-07-19 21:00,4.0,,3,4,2026-07-20T03:26:07+00:00,4.0,2026-07-20T03:26:07+00:00,0.0,0.0,OK
Medicine Hat,Medicine Hat,2026-07-19 20:00,4.0,,3,4,2026-07-20T03:26:07+00:00,4.0,2026-07-20T03:26:07+00:00,0.0,0.0,OK
Airdrie,Airdrie,2026-07-19 20:00,4.0,,4,4,2026-07-20T03:26:07+00:00,4.0,2026-07-20T03:26:07+00:00,0.0,0.0,OK
Cold Lake,Cold Lake,2026-07-19 21:00,3.0,,7,3,2026-07-20T03:26:07+00:00,3.0,2026-07-20T03:26:07+00:00,0.0,0.0,OK
Drayton Valley,Drayton Valley,2026-07-19 20:00,2.0,,7,3,2026-07-20T03:26:07+00:00,2.0,2026-07-20T03:26:07+00:00,0.0,0.0,OK
St. Albert,St. Albert,2026-07-19 20:00,2.0,,7,3,2026-07-20T03:26:07+00:00,2.0,2026-07-20T03:26:07+00:00,0.0,0.0,OK
Strathcona County,Sherwood Park,2026-07-19 21:00,2.0,,7,3,2026-07-20T03:26:07+00:00,,,,,OK
Edmonton,Edmonton,2026-07-19 23:00,2.0,,7,3,2026-07-20T05:29:02+00:00,2.0,2026-07-20T05:29:03+00:00,0.0,0.0,OK
Calgary,Calgary,2026-07-19 23:00,3.0,,4,4,2026-07-20T05:29:02+00:00,3.0,2026-07-20T05:29:03+00:00,0.0,0.0,OK
Red Deer,Red Deer,2026-07-19 23:00,2.0,,4,3,2026-07-20T05:29:02+00:00,2.0,2026-07-20T05:29:03+00:00,0.0,0.0,OK
Fort McMurray,Fort McMurray,2026-07-19 23:00,3.0,,7,7,2026-07-20T05:29:02+00:00,2.0,2026-07-20T05:29:03+00:00,1.0,1.0,Minor difference
Grande Prairie,Grande Prairie,2026-07-19 23:00,14.0,,9,11,2026-07-20T05:29:02+00:00,11.0,2026-07-20T05:29:03+00:00,3.0,3.0,Major difference
Lethbridge,Lethbridge,2026-07-19 23:00,4.0,,3,4,2026-07-20T05:29:02+00:00,4.0,2026-07-20T05:29:03+00:00,0.0,0.0,OK
Medicine Hat,Medicine Hat,2026-07-19 23:00,4.0,,3,4,2026-07-20T05:29:02+00:00,4.0,2026-07-20T05:29:03+00:00,0.0,0.0,OK
Airdrie,Airdrie,2026-07-19 23:00,2.0,,4,4,2026-07-20T05:29:02+00:00,2.0,2026-07-20T05:29:03+00:00,0.0,0.0,OK
Cold Lake,Cold Lake,2026-07-19 23:00,3.0,,7,3,2026-07-20T05:29:02+00:00,3.0,2026-07-20T05:29:03+00:00,0.0,0.0,OK
Drayton Valley,Drayton Valley,2026-07-19 23:00,2.0,,7,3,2026-07-20T05:29:02+00:00,2.0,2026-07-20T05:29:03+00:00,0.0,0.0,OK
St. Albert,St. Albert,2026-07-19 23:00,2.0,,7,3,2026-07-20T05:29:02+00:00,2.0,2026-07-20T05:29:03+00:00,0.0,0.0,OK
Strathcona County,Sherwood Park,2026-07-19 23:00,2.0,,7,3,2026-07-20T05:29:02+00:00,,,,,OK
Edmonton,Edmonton,2026-07-20 00:00,2.0,,7,3,2026-07-20T07:22:58+00:00,2.0,2026-07-20T07:22:59+00:00,0.0,0.0,OK
Calgary,Calgary,2026-07-20 00:00,2.0,,4,4,2026-07-20T07:22:58+00:00,2.0,2026-07-20T07:22:59+00:00,0.0,0.0,OK
Red Deer,Red Deer,2026-07-20 00:00,2.0,,4,3,2026-07-20T07:22:58+00:00,2.0,2026-07-20T07:22:59+00:00,0.0,0.0,OK
Fort McMurray,Fort McMurray,2026-07-20 00:00,6.0,,9,9,2026-07-20T07:22:58+00:00,6.0,2026-07-20T07:22:59+00:00,0.0,0.0,OK
Grande Prairie,Grande Prairie,2026-07-20 00:00,12.0,,9,11,2026-07-20T07:22:58+00:00,11.0,2026-07-20T07:22:59+00:00,1.0,1.0,Minor difference
Lethbridge,Lethbridge,2026-07-20 01:00,4.0,,3,4,2026-07-20T07:22:58+00:00,4.0,2026-07-20T07:22:59+00:00,0.0,0.0,OK
Medicine Hat,Medicine Hat,2026-07-20 00:00,4.0,,3,4,2026-07-20T07:22:58+00:00,4.0,2026-07-20T07:22:59+00:00,0.0,0.0,OK
Airdrie,Airdrie,2026-07-20 00:00,2.0,,4,4,2026-07-20T07:22:58+00:00,2.0,2026-07-20T07:22:59+00:00,0.0,0.0,OK
Cold Lake,Cold Lake,2026-07-20 01:00,3.0,,7,3,2026-07-20T07:22:58+00:00,3.0,2026-07-20T07:22:59+00:00,0.0,0.0,OK
Drayton Valley,Drayton Valley,2026-07-20 00:00,2.0,,7,3,2026-07-20T07:22:58+00:00,2.0,2026-07-20T07:22:59+00:00,0.0,0.0,OK
St. Albert,St. Albert,2026-07-20 00:00,2.0,,7,3,2026-07-20T07:22:58+00:00,2.0,2026-07-20T07:22:59+00:00,0.0,0.0,OK
Strathcona County,Sherwood Park,2026-07-20 01:00,1.0,,7,3,2026-07-20T07:22:58+00:00,,,,,OK
Edmonton,Edmonton,2026-07-20 02:00,2.0,,7,3,2026-07-20T09:25:44+00:00,3.0,2026-07-20T09:25:45+00:00,-1.0,1.0,Minor difference
Calgary,Calgary,2026-07-20 02:00,2.0,,4,4,2026-07-20T09:25:44+00:00,2.0,2026-07-20T09:25:45+00:00,0.0,0.0,OK
Red Deer,Red Deer,2026-07-20 02:00,2.0,,4,3,2026-07-20T09:25:44+00:00,2.0,2026-07-20T09:25:45+00:00,0.0,0.0,OK
Fort McMurray,Fort McMurray,2026-07-20 02:00,22.0,,9,9,2026-07-20T09:25:44+00:00,11.0,2026-07-20T09:25:45+00:00,11.0,11.0,Major difference
Grande Prairie,Grande Prairie,2026-07-20 02:00,10.0,,9,11,2026-07-20T09:25:44+00:00,10.0,2026-07-20T09:25:45+00:00,0.0,0.0,OK
Lethbridge,Lethbridge,2026-07-20 03:00,3.0,,3,4,2026-07-20T09:25:44+00:00,3.0,2026-07-20T09:25:45+00:00,0.0,0.0,OK
Medicine Hat,Medicine Hat,2026-07-20 02:00,3.0,,3,4,2026-07-20T09:25:44+00:00,3.0,2026-07-20T09:25:45+00:00,0.0,0.0,OK
Airdrie,Airdrie,2026-07-20 02:00,2.0,,4,4,2026-07-20T09:25:44+00:00,2.0,2026-07-20T09:25:45+00:00,0.0,0.0,OK
Cold Lake,Cold Lake,2026-07-20 03:00,2.0,,7,3,2026-07-20T09:25:44+00:00,2.0,2026-07-20T09:25:45+00:00,0.0,0.0,OK
Drayton Valley,Drayton Valley,2026-07-20 02:00,2.0,,7,3,2026-07-20T09:25:44+00:00,2.0,2026-07-20T09:25:45+00:00,0.0,0.0,OK
St. Albert,St. Albert,2026-07-20 02:00,2.0,,7,3,2026-07-20T09:25:44+00:00,2.0,2026-07-20T09:25:45+00:00,0.0,0.0,OK
Strathcona County,Sherwood Park,2026-07-20 03:00,2.0,,7,3,2026-07-20T09:25:44+00:00,,,,,OK
Edmonton,Edmonton,2026-07-20 04:00,5.0,,7,3,2026-07-20T11:16:35+00:00,5.0,2026-07-20T11:16:35+00:00,0.0,0.0,OK
Calgary,Calgary,2026-07-20 04:00,2.0,,4,4,2026-07-20T11:16:35+00:00,2.0,2026-07-20T11:16:35+00:00,0.0,0.0,OK
Red Deer,Red Deer,2026-07-20 04:00,3.0,,4,3,2026-07-20T11:16:35+00:00,3.0,2026-07-20T11:16:35+00:00,0.0,0.0,OK
Fort McMurray,Fort McMurray,2026-07-20 04:00,8.0,,9,9,2026-07-20T11:16:35+00:00,11.0,2026-07-20T11:16:35+00:00,-3.0,3.0,Major difference
Grande Prairie,Grande Prairie,2026-07-20 03:00,9.0,,9,11,2026-07-20T11:16:35+00:00,9.0,2026-07-20T11:16:35+00:00,0.0,0.0,OK
Lethbridge,Lethbridge,2026-07-20 03:00,3.0,,3,4,2026-07-20T11:16:35+00:00,2.0,2026-07-20T11:16:35+00:00,1.0,1.0,Minor difference
Medicine Hat,Medicine Hat,2026-07-20 04:00,2.0,,3,4,2026-07-20T11:16:35+00:00,2.0,2026-07-20T11:16:35+00:00,0.0,0.0,OK
Airdrie,Airdrie,2026-07-20 04:00,2.0,,4,4,2026-07-20T11:16:35+00:00,2.0,2026-07-20T11:16:35+00:00,0.0,0.0,OK
Cold Lake,Cold Lake,2026-07-20 04:00,2.0,,7,3,2026-07-20T11:16:35+00:00,2.0,2026-07-20T11:16:35+00:00,0.0,0.0,OK
Drayton Valley,Drayton Valley,2026-07-20 04:00,2.0,,7,3,2026-07-20T11:16:35+00:00,2.0,2026-07-20T11:16:35+00:00,0.0,0.0,OK
St. Albert,St. Albert,2026-07-20 04:00,2.0,,7,3,2026-07-20T11:16:35+00:00,2.0,2026-07-20T11:16:35+00:00,0.0,0.0,OK
Strathcona County,Sherwood Park,2026-07-20 04:00,3.0,,7,3,2026-07-20T11:16:35+00:00,,,,,OK
Edmonton,Edmonton,2026-07-20 06:00,3.0,7.0,7,7,2026-07-20T12:59:02+00:00,3.0,2026-07-20T12:59:03+00:00,0.0,0.0,OK
Calgary,Calgary,2026-07-20 06:00,2.0,5.0,6,6,2026-07-20T12:59:02+00:00,2.0,2026-07-20T12:59:03+00:00,0.0,0.0,OK
Red Deer,Red Deer,2026-07-20 06:00,3.0,4.0,7,7,2026-07-20T12:59:02+00:00,3.0,2026-07-20T12:59:03+00:00,0.0,0.0,OK
Fort McMurray,Fort McMurray,2026-07-20 06:00,6.0,11.0,8,11,2026-07-20T12:59:02+00:00,10.0,2026-07-20T12:59:03+00:00,-4.0,4.0,Major difference
Grande Prairie,Grande Prairie,2026-07-20 06:00,9.0,11.0,8,10,2026-07-20T12:59:02+00:00,9.0,2026-07-20T12:59:03+00:00,0.0,0.0,OK
Lethbridge,Lethbridge,2026-07-20 03:00,3.0,4.0,3,4,2026-07-20T12:59:02+00:00,2.0,2026-07-20T12:59:03+00:00,1.0,1.0,Minor difference
Medicine Hat,Medicine Hat,2026-07-20 06:00,2.0,4.0,6,6,2026-07-20T12:59:02+00:00,2.0,2026-07-20T12:59:03+00:00,0.0,0.0,OK
Airdrie,Airdrie,2026-07-20 06:00,2.0,5.0,6,6,2026-07-20T12:59:02+00:00,2.0,2026-07-20T12:59:03+00:00,0.0,0.0,OK
Cold Lake,Cold Lake,2026-07-20 06:00,2.0,8.0,7,8,2026-07-20T12:59:02+00:00,2.0,2026-07-20T12:59:03+00:00,0.0,0.0,OK
Drayton Valley,Drayton Valley,2026-07-20 06:00,2.0,7.0,7,7,2026-07-20T12:59:02+00:00,2.0,2026-07-20T12:59:03+00:00,0.0,0.0,OK
St. Albert,St. Albert,2026-07-20 06:00,2.0,7.0,7,7,2026-07-20T12:59:02+00:00,2.0,2026-07-20T12:59:03+00:00,0.0,0.0,OK
Strathcona County,Sherwood Park,2026-07-20 06:00,2.0,7.0,7,7,2026-07-20T12:59:02+00:00,,,,,OK
Edmonton,Edmonton,2026-07-20 07:00,2.0,7.0,7,7,2026-07-20T13:57:34+00:00,2.0,2026-07-20T13:57:34+00:00,0.0,0.0,OK
Calgary,Calgary,2026-07-20 07:00,2.0,5.0,6,6,2026-07-20T13:57:34+00:00,2.0,2026-07-20T13:57:34+00:00,0.0,0.0,OK
Red Deer,Red Deer,2026-07-20 07:00,3.0,4.0,7,7,2026-07-20T13:57:34+00:00,3.0,2026-07-20T13:57:34+00:00,0.0,0.0,OK
Fort McMurray,Fort McMurray,2026-07-20 07:00,7.0,11.0,8,11,2026-07-20T13:57:34+00:00,7.0,2026-07-20T13:57:34+00:00,0.0,0.0,OK
Grande Prairie,Grande Prairie,2026-07-20 07:00,11.0,11.0,8,10,2026-07-20T13:57:34+00:00,11.0,2026-07-20T13:57:34+00:00,0.0,0.0,OK
Lethbridge,Lethbridge,2026-07-20 07:00,2.0,4.0,3,4,2026-07-20T13:57:34+00:00,2.0,2026-07-20T13:57:34+00:00,0.0,0.0,OK
Medicine Hat,Medicine Hat,2026-07-20 07:00,2.0,4.0,6,6,2026-07-20T13:57:34+00:00,2.0,2026-07-20T13:57:34+00:00,0.0,0.0,OK
Airdrie,Airdrie,2026-07-20 07:00,2.0,5.0,6,6,2026-07-20T13:57:34+00:00,2.0,2026-07-20T13:57:34+00:00,0.0,0.0,OK
Cold Lake,Cold Lake,2026-07-20 07:00,2.0,8.0,7,8,2026-07-20T13:57:34+00:00,2.0,2026-07-20T13:57:34+00:00,0.0,0.0,OK
Drayton Valley,Drayton Valley,2026-07-20 07:00,1.0,7.0,7,7,2026-07-20T13:57:34+00:00,1.0,2026-07-20T13:57:34+00:00,0.0,0.0,OK
St. Albert,St. Albert,2026-07-20 07:00,1.0,7.0,7,7,2026-07-20T13:57:34+00:00,1.0,2026-07-20T13:57:34+00:00,0.0,0.0,OK
Strathcona County,Sherwood Park,2026-07-20 07:00,2.0,7.0,7,7,2026-07-20T13:57:34+00:00,,,,,OK
Edmonton,Edmonton,2026-07-20 08:00,2.0,7.0,7,7,2026-07-20T14:59:41+00:00,2.0,2026-07-20T14:59:41+00:00,0.0,0.0,OK
Calgary,Calgary,2026-07-20 08:00,2.0,5.0,6,6,2026-07-20T14:59:41+00:00,2.0,2026-07-20T14:59:41+00:00,0.0,0.0,OK
Red Deer,Red Deer,2026-07-20 08:00,2.0,4.0,7,7,2026-07-20T14:59:41+00:00,2.0,2026-07-20T14:59:41+00:00,0.0,0.0,OK
Fort McMurray,Fort McMurray,2026-07-20 08:00,7.0,11.0,8,11,2026-07-20T14:59:41+00:00,7.0,2026-07-20T14:59:41+00:00,0.0,0.0,OK
Grande Prairie,Grande Prairie,2026-07-20 08:00,10.0,11.0,8,10,2026-07-20T14:59:41+00:00,10.0,2026-07-20T14:59:41+00:00,0.0,0.0,OK
Lethbridge,Lethbridge,2026-07-20 08:00,2.0,4.0,3,4,2026-07-20T14:59:41+00:00,2.0,2026-07-20T14:59:41+00:00,0.0,0.0,OK
Medicine Hat,Medicine Hat,2026-07-20 08:00,2.0,4.0,6,6,2026-07-20T14:59:41+00:00,2.0,2026-07-20T14:59:41+00:00,0.0,0.0,OK
Airdrie,Airdrie,2026-07-20 08:00,2.0,5.0,6,6,2026-07-20T14:59:41+00:00,2.0,2026-07-20T14:59:41+00:00,0.0,0.0,OK
Cold Lake,Cold Lake,2026-07-20 08:00,3.0,8.0,7,8,2026-07-20T14:59:41+00:00,3.0,2026-07-20T14:59:41+00:00,0.0,0.0,OK
Drayton Valley,Drayton Valley,2026-07-20 08:00,1.0,7.0,7,7,2026-07-20T14:59:41+00:00,1.0,2026-07-20T14:59:41+00:00,0.0,0.0,OK
St. Albert,St. Albert,2026-07-20 08:00,1.0,7.0,7,7,2026-07-20T14:59:41+00:00,1.0,2026-07-20T14:59:41+00:00,0.0,0.0,OK
Strathcona County,Sherwood Park,2026-07-20 08:00,1.0,7.0,7,7,2026-07-20T14:59:41+00:00,,,,,OK
Edmonton,Edmonton,2026-07-20 09:00,2.0,7.0,7,7,2026-07-20T15:55:50+00:00,2.0,2026-07-20T15:55:51+00:00,0.0,0.0,OK
Calgary,Calgary,2026-07-20 09:00,2.0,5.0,6,6,2026-07-20T15:55:50+00:00,2.0,2026-07-20T15:55:51+00:00,0.0,0.0,OK
Red Deer,Red Deer,2026-07-20 09:00,2.0,4.0,7,7,2026-07-20T15:55:50+00:00,2.0,2026-07-20T15:55:51+00:00,0.0,0.0,OK
Fort McMurray,Fort McMurray,2026-07-20 09:00,7.0,11.0,8,11,2026-07-20T15:55:50+00:00,7.0,2026-07-20T15:55:51+00:00,0.0,0.0,OK
Grande Prairie,Grande Prairie,2026-07-20 09:00,9.0,11.0,8,10,2026-07-20T15:55:50+00:00,9.0,2026-07-20T15:55:51+00:00,0.0,0.0,OK
Lethbridge,Lethbridge,2026-07-20 09:00,2.0,4.0,3,4,2026-07-20T15:55:50+00:00,2.0,2026-07-20T15:55:51+00:00,0.0,0.0,OK
Medicine Hat,Medicine Hat,2026-07-20 09:00,2.0,4.0,6,6,2026-07-20T15:55:50+00:00,2.0,2026-07-20T15:55:51+00:00,0.0,0.0,OK
Airdrie,Airdrie,2026-07-20 09:00,2.0,5.0,6,6,2026-07-20T15:55:50+00:00,2.0,2026-07-20T15:55:51+00:00,0.0,0.0,OK
Cold Lake,Cold Lake,2026-07-20 09:00,3.0,8.0,7,8,2026-07-20T15:55:50+00:00,3.0,2026-07-20T15:55:51+00:00,0.0,0.0,OK
Drayton Valley,Drayton Valley,2026-07-20 09:00,2.0,7.0,7,7,2026-07-20T15:55:50+00:00,2.0,2026-07-20T15:55:51+00:00,0.0,0.0,OK
St. Albert,St. Albert,2026-07-20 09:00,2.0,7.0,7,7,2026-07-20T15:55:50+00:00,2.0,2026-07-20T15:55:51+00:00,0.0,0.0,OK
Strathcona County,Sherwood Park,2026-07-20 09:00,2.0,7.0,7,7,2026-07-20T15:55:50+00:00,,,,,OK
Edmonton,Edmonton,2026-07-20 10:00,3.0,7.0,7,7,2026-07-20T16:46:35+00:00,3.0,2026-07-20T16:46:35+00:00,0.0,0.0,OK
Calgary,Calgary,2026-07-20 10:00,2.0,5.0,6,6,2026-07-20T16:46:35+00:00,2.0,2026-07-20T16:46:35+00:00,0.0,0.0,OK
Red Deer,Red Deer,2026-07-20 10:00,2.0,4.0,7,7,2026-07-20T16:46:35+00:00,2.0,2026-07-20T16:46:35+00:00,0.0,0.0,OK
Fort McMurray,Fort McMurray,2026-07-20 10:00,8.0,11.0,8,11,2026-07-20T16:46:35+00:00,8.0,2026-07-20T16:46:35+00:00,0.0,0.0,OK
Grande Prairie,Grande Prairie,2026-07-20 10:00,9.0,11.0,8,10,2026-07-20T16:46:35+00:00,9.0,2026-07-20T16:46:35+00:00,0.0,0.0,OK
Lethbridge,Lethbridge,2026-07-20 10:00,2.0,4.0,3,4,2026-07-20T16:46:35+00:00,2.0,2026-07-20T16:46:35+00:00,0.0,0.0,OK
Medicine Hat,Medicine Hat,2026-07-20 10:00,2.0,4.0,6,6,2026-07-20T16:46:35+00:00,2.0,2026-07-20T16:46:35+00:00,0.0,0.0,OK
Airdrie,Airdrie,2026-07-20 10:00,2.0,5.0,6,6,2026-07-20T16:46:35+00:00,2.0,2026-07-20T16:46:35+00:00,0.0,0.0,OK
Cold Lake,Cold Lake,2026-07-20 09:00,3.0,8.0,7,8,2026-07-20T16:46:35+00:00,3.0,2026-07-20T16:46:35+00:00,0.0,0.0,OK
Drayton Valley,Drayton Valley,2026-07-20 10:00,2.0,7.0,7,7,2026-07-20T16:46:35+00:00,2.0,2026-07-20T16:46:35+00:00,0.0,0.0,OK
St. Albert,St. Albert,2026-07-20 10:00,3.0,7.0,7,7,2026-07-20T16:46:35+00:00,3.0,2026-07-20T16:46:35+00:00,0.0,0.0,OK
Strathcona County,Sherwood Park,2026-07-20 10:00,4.0,7.0,7,7,2026-07-20T16:46:35+00:00,,,,,OK
Edmonton,Edmonton,2026-07-20 11:00,4.0,7.0,7,7,2026-07-20T17:57:18+00:00,4.0,2026-07-20T17:57:18+00:00,0.0,0.0,OK
Calgary,Calgary,2026-07-20 11:00,2.0,5.0,6,6,2026-07-20T17:57:18+00:00,2.0,2026-07-20T17:57:18+00:00,0.0,0.0,OK
Red Deer,Red Deer,2026-07-20 11:00,2.0,4.0,7,7,2026-07-20T17:57:18+00:00,2.0,2026-07-20T17:57:18+00:00,0.0,0.0,OK
Fort McMurray,Fort McMurray,2026-07-20 11:00,8.0,11.0,8,11,2026-07-20T17:57:18+00:00,8.0,2026-07-20T17:57:18+00:00,0.0,0.0,OK
Grande Prairie,Grande Prairie,2026-07-20 11:00,9.0,11.0,8,10,2026-07-20T17:57:18+00:00,9.0,2026-07-20T17:57:18+00:00,0.0,0.0,OK
Lethbridge,Lethbridge,2026-07-20 11:00,2.0,4.0,3,4,2026-07-20T17:57:18+00:00,2.0,2026-07-20T17:57:18+00:00,0.0,0.0,OK
Medicine Hat,Medicine Hat,2026-07-20 11:00,2.0,4.0,6,6,2026-07-20T17:57:18+00:00,2.0,2026-07-20T17:57:18+00:00,0.0,0.0,OK
Airdrie,Airdrie,2026-07-20 11:00,2.0,5.0,6,6,2026-07-20T17:57:18+00:00,2.0,2026-07-20T17:57:18+00:00,0.0,0.0,OK
Cold Lake,Cold Lake,2026-07-20 11:00,4.0,8.0,7,8,2026-07-20T17:57:18+00:00,4.0,2026-07-20T17:57:18+00:00,0.0,0.0,OK
Drayton Valley,Drayton Valley,2026-07-20 11:00,2.0,7.0,7,7,2026-07-20T17:57:18+00:00,2.0,2026-07-20T17:57:18+00:00,0.0,0.0,OK
St. Albert,St. Albert,2026-07-20 11:00,5.0,7.0,7,7,2026-07-20T17:57:18+00:00,5.0,2026-07-20T17:57:18+00:00,0.0,0.0,OK
Strathcona County,Sherwood Park,2026-07-20 11:00,4.0,7.0,7,7,2026-07-20T17:57:18+00:00,,,,,OK
Edmonton,Edmonton,2026-07-20 12:00,6.0,7.0,7,7,2026-07-20T18:55:44+00:00,6.0,2026-07-20T18:55:45+00:00,0.0,0.0,OK
Calgary,Calgary,2026-07-20 12:00,3.0,5.0,6,6,2026-07-20T18:55:44+00:00,3.0,2026-07-20T18:55:45+00:00,0.0,0.0,OK
Red Deer,Red Deer,2026-07-20 12:00,2.0,4.0,7,7,2026-07-20T18:55:44+00:00,2.0,2026-07-20T18:55:45+00:00,0.0,0.0,OK
Fort McMurray,Fort McMurray,2026-07-20 12:00,9.0,11.0,8,11,2026-07-20T18:55:44+00:00,9.0,2026-07-20T18:55:45+00:00,0.0,0.0,OK
Grande Prairie,Grande Prairie,2026-07-20 12:00,8.0,11.0,8,10,2026-07-20T18:55:44+00:00,8.0,2026-07-20T18:55:45+00:00,0.0,0.0,OK
Lethbridge,Lethbridge,2026-07-20 12:00,3.0,4.0,3,4,2026-07-20T18:55:44+00:00,3.0,2026-07-20T18:55:45+00:00,0.0,0.0,OK
Medicine Hat,Medicine Hat,2026-07-20 12:00,3.0,4.0,6,6,2026-07-20T18:55:44+00:00,3.0,2026-07-20T18:55:45+00:00,0.0,0.0,OK
Airdrie,Airdrie,2026-07-20 12:00,2.0,5.0,6,6,2026-07-20T18:55:44+00:00,2.0,2026-07-20T18:55:45+00:00,0.0,0.0,OK
Cold Lake,Cold Lake,2026-07-20 12:00,6.0,8.0,7,8,2026-07-20T18:55:44+00:00,6.0,2026-07-20T18:55:45+00:00,0.0,0.0,OK
Drayton Valley,Drayton Valley,2026-07-20 12:00,3.0,7.0,7,7,2026-07-20T18:55:44+00:00,3.0,2026-07-20T18:55:45+00:00,0.0,0.0,OK
St. Albert,St. Albert,2026-07-20 12:00,7.0,7.0,7,7,2026-07-20T18:55:44+00:00,7.0,2026-07-20T18:55:45+00:00,0.0,0.0,OK
Strathcona County,Sherwood Park,2026-07-20 12:00,5.0,7.0,7,7,2026-07-20T18:55:44+00:00,,,,,OK
Edmonton,Edmonton,2026-07-20 13:00,9.0,10.0,7,9,2026-07-20T19:53:39+00:00,9.0,2026-07-20T19:53:39+00:00,0.0,0.0,OK
Calgary,Calgary,2026-07-20 13:00,2.0,5.0,6,6,2026-07-20T19:53:39+00:00,2.0,2026-07-20T19:53:39+00:00,0.0,0.0,OK
Red Deer,Red Deer,2026-07-20 13:00,2.0,4.0,7,7,2026-07-20T19:53:39+00:00,2.0,2026-07-20T19:53:39+00:00,0.0,0.0,OK
Fort McMurray,Fort McMurray,2026-07-20 13:00,9.0,11.0,8,11,2026-07-20T19:53:39+00:00,9.0,2026-07-20T19:53:39+00:00,0.0,0.0,OK
Grande Prairie,Grande Prairie,2026-07-20 13:00,8.0,11.0,8,10,2026-07-20T19:53:39+00:00,8.0,2026-07-20T19:53:39+00:00,0.0,0.0,OK
Lethbridge,Lethbridge,2026-07-20 13:00,3.0,4.0,3,4,2026-07-20T19:53:39+00:00,3.0,2026-07-20T19:53:39+00:00,0.0,0.0,OK
Medicine Hat,Medicine Hat,2026-07-20 13:00,3.0,4.0,6,6,2026-07-20T19:53:39+00:00,3.0,2026-07-20T19:53:39+00:00,0.0,0.0,OK
Airdrie,Airdrie,2026-07-20 13:00,2.0,5.0,6,6,2026-07-20T19:53:39+00:00,2.0,2026-07-20T19:53:39+00:00,0.0,0.0,OK
Cold Lake,Cold Lake,2026-07-20 13:00,8.0,8.0,7,8,2026-07-20T19:53:39+00:00,8.0,2026-07-20T19:53:39+00:00,0.0,0.0,OK
Drayton Valley,Drayton Valley,2026-07-20 13:00,6.0,10.0,7,9,2026-07-20T19:53:39+00:00,6.0,2026-07-20T19:53:39+00:00,0.0,0.0,OK
St. Albert,St. Albert,2026-07-20 13:00,9.0,10.0,7,9,2026-07-20T19:53:39+00:00,9.0,2026-07-20T19:53:39+00:00,0.0,0.0,OK
Strathcona County,Sherwood Park,2026-07-20 13:00,8.0,10.0,7,9,2026-07-20T19:53:39+00:00,,,,,OK
Edmonton,Edmonton,2026-07-20 14:00,11.0,10.0,7,9,2026-07-20T20:45:09+00:00,11.0,2026-07-20T20:45:09+00:00,0.0,0.0,OK
Calgary,Calgary,2026-07-20 14:00,2.0,5.0,6,6,2026-07-20T20:45:09+00:00,2.0,2026-07-20T20:45:09+00:00,0.0,0.0,OK
Red Deer,Red Deer,2026-07-20 14:00,2.0,4.0,7,7,2026-07-20T20:45:09+00:00,2.0,2026-07-20T20:45:09+00:00,0.0,0.0,OK
Fort McMurray,Fort McMurray,2026-07-20 14:00,9.0,11.0,8,11,2026-07-20T20:45:09+00:00,9.0,2026-07-20T20:45:09+00:00,0.0,0.0,OK
Grande Prairie,Grande Prairie,2026-07-20 14:00,8.0,11.0,8,10,2026-07-20T20:45:09+00:00,8.0,2026-07-20T20:45:09+00:00,0.0,0.0,OK
Lethbridge,Lethbridge,2026-07-20 14:00,3.0,4.0,3,4,2026-07-20T20:45:09+00:00,3.0,2026-07-20T20:45:09+00:00,0.0,0.0,OK
Medicine Hat,Medicine Hat,2026-07-20 14:00,3.0,4.0,6,6,2026-07-20T20:45:09+00:00,3.0,2026-07-20T20:45:09+00:00,0.0,0.0,OK
Airdrie,Airdrie,2026-07-20 14:00,2.0,5.0,6,6,2026-07-20T20:45:09+00:00,2.0,2026-07-20T20:45:09+00:00,0.0,0.0,OK
Cold Lake,Cold Lake,2026-07-20 14:00,9.0,8.0,7,8,2026-07-20T20:45:09+00:00,9.0,2026-07-20T20:45:09+00:00,0.0,0.0,OK
Drayton Valley,Drayton Valley,2026-07-20 14:00,8.0,10.0,7,9,2026-07-20T20:45:09+00:00,8.0,2026-07-20T20:45:09+00:00,0.0,0.0,OK
St. Albert,St. Albert,2026-07-20 14:00,10.0,10.0,7,9,2026-07-20T20:45:09+00:00,10.0,2026-07-20T20:45:09+00:00,0.0,0.0,OK
Strathcona County,Sherwood Park,2026-07-20 14:00,11.0,10.0,7,9,2026-07-20T20:45:09+00:00,,,,,OK
Edmonton,Edmonton,2026-07-20 15:00,12.0,10.0,7,9,2026-07-20T21:42:04+00:00,11.0,2026-07-20T21:42:04+00:00,1.0,1.0,Minor difference
Calgary,Calgary,2026-07-20 15:00,2.0,5.0,6,6,2026-07-20T21:42:04+00:00,2.0,2026-07-20T21:42:04+00:00,0.0,0.0,OK
Red Deer,Red Deer,2026-07-20 15:00,2.0,4.0,7,7,2026-07-20T21:42:04+00:00,2.0,2026-07-20T21:42:04+00:00,0.0,0.0,OK
Fort McMurray,Fort McMurray,2026-07-20 15:00,9.0,11.0,8,11,2026-07-20T21:42:04+00:00,9.0,2026-07-20T21:42:04+00:00,0.0,0.0,OK
Grande Prairie,Grande Prairie,2026-07-20 15:00,8.0,11.0,8,10,2026-07-20T21:42:04+00:00,11.0,2026-07-20T21:42:04+00:00,-3.0,3.0,Major difference
Lethbridge,Lethbridge,2026-07-20 15:00,3.0,4.0,3,4,2026-07-20T21:42:04+00:00,3.0,2026-07-20T21:42:04+00:00,0.0,0.0,OK
Medicine Hat,Medicine Hat,2026-07-20 15:00,3.0,4.0,6,6,2026-07-20T21:42:04+00:00,3.0,2026-07-20T21:42:04+00:00,0.0,0.0,OK
Airdrie,Airdrie,2026-07-20 15:00,2.0,5.0,6,6,2026-07-20T21:42:04+00:00,2.0,2026-07-20T21:42:04+00:00,0.0,0.0,OK
Cold Lake,Cold Lake,2026-07-20 15:00,8.0,8.0,7,8,2026-07-20T21:42:04+00:00,8.0,2026-07-20T21:42:04+00:00,0.0,0.0,OK
Drayton Valley,Drayton Valley,2026-07-20 15:00,9.0,10.0,7,9,2026-07-20T21:42:04+00:00,9.0,2026-07-20T21:42:04+00:00,0.0,0.0,OK
St. Albert,St. Albert,2026-07-20 15:00,11.0,10.0,7,9,2026-07-20T21:42:04+00:00,11.0,2026-07-20T21:42:04+00:00,0.0,0.0,OK
Strathcona County,Sherwood Park,2026-07-20 15:00,11.0,10.0,7,9,2026-07-20T21:42:04+00:00,,,,,OK
Edmonton,Edmonton,2026-07-20 16:00,12.0,10.0,7,9,2026-07-20T22:36:13+00:00,11.0,2026-07-20T22:36:14+00:00,1.0,1.0,Minor difference
Calgary,Calgary,2026-07-20 16:00,3.0,5.0,6,6,2026-07-20T22:36:13+00:00,3.0,2026-07-20T22:36:14+00:00,0.0,0.0,OK
Red Deer,Red Deer,2026-07-20 16:00,3.0,4.0,7,7,2026-07-20T22:36:13+00:00,3.0,2026-07-20T22:36:14+00:00,0.0,0.0,OK
Fort McMurray,Fort McMurray,2026-07-20 16:00,9.0,11.0,8,11,2026-07-20T22:36:13+00:00,9.0,2026-07-20T22:36:14+00:00,0.0,0.0,OK
Grande Prairie,Grande Prairie,2026-07-20 16:00,8.0,11.0,8,10,2026-07-20T22:36:13+00:00,11.0,2026-07-20T22:36:14+00:00,-3.0,3.0,Major difference
Lethbridge,Lethbridge,2026-07-20 16:00,3.0,4.0,3,4,2026-07-20T22:36:13+00:00,3.0,2026-07-20T22:36:14+00:00,0.0,0.0,OK
Medicine Hat,Medicine Hat,2026-07-20 16:00,3.0,4.0,6,6,2026-07-20T22:36:13+00:00,3.0,2026-07-20T22:36:14+00:00,0.0,0.0,OK
Airdrie,Airdrie,2026-07-20 16:00,2.0,5.0,6,6,2026-07-20T22:36:13+00:00,2.0,2026-07-20T22:36:14+00:00,0.0,0.0,OK
Cold Lake,Cold Lake,2026-07-20 16:00,6.0,8.0,7,8,2026-07-20T22:36:13+00:00,6.0,2026-07-20T22:36:14+00:00,0.0,0.0,OK
Drayton Valley,Drayton Valley,2026-07-20 16:00,10.0,10.0,7,9,2026-07-20T22:36:13+00:00,10.0,2026-07-20T22:36:14+00:00,0.0,0.0,OK
St. Albert,St. Albert,2026-07-20 16:00,10.0,10.0,7,9,2026-07-20T22:36:13+00:00,10.0,2026-07-20T22:36:14+00:00,0.0,0.0,OK
Strathcona County,Sherwood Park,2026-07-20 16:00,12.0,10.0,7,9,2026-07-20T22:36:13+00:00,,,,,OK
Edmonton,Edmonton,2026-07-20 17:00,11.0,,8,11,2026-07-20T23:36:33+00:00,11.0,2026-07-20T23:36:33+00:00,0.0,0.0,OK
Calgary,Calgary,2026-07-20 17:00,3.0,,6,6,2026-07-20T23:36:33+00:00,3.0,2026-07-20T23:36:33+00:00,0.0,0.0,OK
Red Deer,Red Deer,2026-07-20 17:00,3.0,,8,8,2026-07-20T23:36:33+00:00,3.0,2026-07-20T23:36:33+00:00,0.0,0.0,OK
Fort McMurray,Fort McMurray,2026-07-20 17:00,10.0,,9,11,2026-07-20T23:36:33+00:00,10.0,2026-07-20T23:36:33+00:00,0.0,0.0,OK
Grande Prairie,Grande Prairie,2026-07-20 17:00,10.0,,11,11,2026-07-20T23:36:33+00:00,11.0,2026-07-20T23:36:33+00:00,-1.0,1.0,Minor difference
Lethbridge,Lethbridge,2026-07-20 17:00,3.0,,4,4,2026-07-20T23:36:33+00:00,3.0,2026-07-20T23:36:33+00:00,0.0,0.0,OK
Medicine Hat,Medicine Hat,2026-07-20 17:00,3.0,,4,4,2026-07-20T23:36:33+00:00,3.0,2026-07-20T23:36:33+00:00,0.0,0.0,OK
Airdrie,Airdrie,2026-07-20 17:00,3.0,,6,6,2026-07-20T23:36:33+00:00,3.0,2026-07-20T23:36:33+00:00,0.0,0.0,OK
Cold Lake,Cold Lake,2026-07-20 17:00,6.0,,7,8,2026-07-20T23:36:33+00:00,6.0,2026-07-20T23:36:33+00:00,0.0,0.0,OK
Drayton Valley,Drayton Valley,2026-07-20 17:00,10.0,,8,11,2026-07-20T23:36:33+00:00,10.0,2026-07-20T23:36:33+00:00,0.0,0.0,OK
St. Albert,St. Albert,2026-07-20 17:00,9.0,,8,11,2026-07-20T23:36:33+00:00,9.0,2026-07-20T23:36:33+00:00,0.0,0.0,OK
Strathcona County,Sherwood Park,2026-07-20 17:00,11.0,,8,11,2026-07-20T23:36:33+00:00,,,,,OK
Edmonton,Edmonton,2026-07-20 18:00,11.0,,8,11,2026-07-21T00:54:22+00:00,11.0,2026-07-21T00:54:22+00:00,0.0,0.0,OK
Calgary,Calgary,2026-07-20 18:00,3.0,,6,6,2026-07-21T00:54:22+00:00,3.0,2026-07-21T00:54:22+00:00,0.0,0.0,OK
Red Deer,Red Deer,2026-07-20 18:00,3.0,,8,8,2026-07-21T00:54:22+00:00,3.0,2026-07-21T00:54:22+00:00,0.0,0.0,OK
Fort McMurray,Fort McMurray,2026-07-20 18:00,10.0,,9,11,2026-07-21T00:54:22+00:00,10.0,2026-07-21T00:54:22+00:00,0.0,0.0,OK
Grande Prairie,Grande Prairie,2026-07-20 18:00,13.0,,11,11,2026-07-21T00:54:22+00:00,11.0,2026-07-21T00:54:22+00:00,2.0,2.0,Significant difference
Lethbridge,Lethbridge,2026-07-20 18:00,3.0,,4,4,2026-07-21T00:54:22+00:00,3.0,2026-07-21T00:54:22+00:00,0.0,0.0,OK
Medicine Hat,Medicine Hat,2026-07-20 18:00,3.0,,4,4,2026-07-21T00:54:22+00:00,3.0,2026-07-21T00:54:22+00:00,0.0,0.0,OK
Airdrie,Airdrie,2026-07-20 18:00,3.0,,6,6,2026-07-21T00:54:22+00:00,3.0,2026-07-21T00:54:22+00:00,0.0,0.0,OK
Cold Lake,Cold Lake,2026-07-20 18:00,6.0,,7,8,2026-07-21T00:54:22+00:00,6.0,2026-07-21T00:54:22+00:00,0.0,0.0,OK
Drayton Valley,Drayton Valley,2026-07-20 18:00,10.0,,8,11,2026-07-21T00:54:22+00:00,10.0,2026-07-21T00:54:22+00:00,0.0,0.0,OK
St. Albert,St. Albert,2026-07-20 18:00,11.0,,8,11,2026-07-21T00:54:22+00:00,11.0,2026-07-21T00:54:22+00:00,0.0,0.0,OK
Strathcona County,Sherwood Park,2026-07-20 18:00,10.0,,8,11,2026-07-21T00:54:22+00:00,,,,,OK
Edmonton,Edmonton,2026-07-20 19:00,13.0,,8,11,2026-07-21T01:58:04+00:00,11.0,2026-07-21T01:58:04+00:00,2.0,2.0,Significant difference
Calgary,Calgary,2026-07-20 19:00,3.0,,6,6,2026-07-21T01:58:04+00:00,3.0,2026-07-21T01:58:04+00:00,0.0,0.0,OK
Red Deer,Red Deer,2026-07-20 19:00,3.0,,8,8,2026-07-21T01:58:04+00:00,3.0,2026-07-21T01:58:04+00:00,0.0,0.0,OK
Fort McMurray,Fort McMurray,2026-07-20 19:00,9.0,,9,11,2026-07-21T01:58:04+00:00,9.0,2026-07-21T01:58:04+00:00,0.0,0.0,OK
Grande Prairie,Grande Prairie,2026-07-20 19:00,13.0,,11,11,2026-07-21T01:58:04+00:00,11.0,2026-07-21T01:58:04+00:00,2.0,2.0,Significant difference
Lethbridge,Lethbridge,2026-07-20 19:00,3.0,,4,4,2026-07-21T01:58:04+00:00,3.0,2026-07-21T01:58:04+00:00,0.0,0.0,OK
Medicine Hat,Medicine Hat,2026-07-20 19:00,3.0,,4,4,2026-07-21T01:58:04+00:00,3.0,2026-07-21T01:58:04+00:00,0.0,0.0,OK
Airdrie,Airdrie,2026-07-20 19:00,3.0,,6,6,2026-07-21T01:58:04+00:00,3.0,2026-07-21T01:58:04+00:00,0.0,0.0,OK
Cold Lake,Cold Lake,2026-07-20 19:00,5.0,,7,8,2026-07-21T01:58:04+00:00,5.0,2026-07-21T01:58:04+00:00,0.0,0.0,OK
Drayton Valley,Drayton Valley,2026-07-20 19:00,10.0,,8,11,2026-07-21T01:58:04+00:00,10.0,2026-07-21T01:58:04+00:00,0.0,0.0,OK
St. Albert,St. Albert,2026-07-20 19:00,10.0,,8,11,2026-07-21T01:58:04+00:00,10.0,2026-07-21T01:58:04+00:00,0.0,0.0,OK
Strathcona County,Sherwood Park,2026-07-20 19:00,12.0,,8,11,2026-07-21T01:58:04+00:00,,,,,OK
Edmonton,Edmonton,2026-07-20 20:00,11.0,,8,11,2026-07-21T03:25:23+00:00,9.0,2026-07-21T03:25:24+00:00,2.0,2.0,Significant difference
Calgary,Calgary,2026-07-20 20:00,3.0,,6,6,2026-07-21T03:25:23+00:00,3.0,2026-07-21T03:25:24+00:00,0.0,0.0,OK
Red Deer,Red Deer,2026-07-20 20:00,3.0,,8,8,2026-07-21T03:25:23+00:00,3.0,2026-07-21T03:25:24+00:00,0.0,0.0,OK
Fort McMurray,Fort McMurray,2026-07-20 20:00,8.0,,9,11,2026-07-21T03:25:23+00:00,8.0,2026-07-21T03:25:24+00:00,0.0,0.0,OK
Grande Prairie,Grande Prairie,2026-07-20 20:00,13.0,,11,11,2026-07-21T03:25:23+00:00,11.0,2026-07-21T03:25:24+00:00,2.0,2.0,Significant difference
Lethbridge,Lethbridge,2026-07-20 21:00,3.0,,4,4,2026-07-21T03:25:23+00:00,3.0,2026-07-21T03:25:24+00:00,0.0,0.0,OK
Medicine Hat,Medicine Hat,2026-07-20 20:00,3.0,,4,4,2026-07-21T03:25:23+00:00,3.0,2026-07-21T03:25:24+00:00,0.0,0.0,OK
Airdrie,Airdrie,2026-07-20 20:00,3.0,,6,6,2026-07-21T03:25:23+00:00,3.0,2026-07-21T03:25:24+00:00,0.0,0.0,OK
Cold Lake,Cold Lake,2026-07-20 21:00,6.0,,7,8,2026-07-21T03:25:23+00:00,6.0,2026-07-21T03:25:24+00:00,0.0,0.0,OK
Drayton Valley,Drayton Valley,2026-07-20 20:00,8.0,,8,11,2026-07-21T03:25:23+00:00,8.0,2026-07-21T03:25:24+00:00,0.0,0.0,OK
St. Albert,St. Albert,2026-07-20 20:00,9.0,,8,11,2026-07-21T03:25:23+00:00,7.0,2026-07-21T03:25:24+00:00,2.0,2.0,Significant difference
Strathcona County,Sherwood Park,2026-07-20 21:00,9.0,,8,11,2026-07-21T03:25:23+00:00,,,,,OK
Edmonton,Edmonton,2026-07-20 22:00,8.0,,8,11,2026-07-21T05:25:47+00:00,9.0,2026-07-21T05:25:47+00:00,-1.0,1.0,Minor difference
Calgary,Calgary,2026-07-20 22:00,3.0,,6,6,2026-07-21T05:25:47+00:00,3.0,2026-07-21T05:25:47+00:00,0.0,0.0,OK
Red Deer,Red Deer,2026-07-20 22:00,7.0,,8,8,2026-07-21T05:25:47+00:00,7.0,2026-07-21T05:25:47+00:00,0.0,0.0,OK
Fort McMurray,Fort McMurray,2026-07-20 22:00,8.0,,9,11,2026-07-21T05:25:47+00:00,8.0,2026-07-21T05:25:47+00:00,0.0,0.0,OK
Grande Prairie,Grande Prairie,2026-07-20 22:00,11.0,,11,11,2026-07-21T05:25:47+00:00,11.0,2026-07-21T05:25:47+00:00,0.0,0.0,OK
Lethbridge,Lethbridge,2026-07-20 22:00,2.0,,4,4,2026-07-21T05:25:47+00:00,2.0,2026-07-21T05:25:47+00:00,0.0,0.0,OK
Medicine Hat,Medicine Hat,2026-07-20 22:00,3.0,,4,4,2026-07-21T05:25:47+00:00,3.0,2026-07-21T05:25:47+00:00,0.0,0.0,OK
Airdrie,Airdrie,2026-07-20 22:00,3.0,,6,6,2026-07-21T05:25:47+00:00,3.0,2026-07-21T05:25:47+00:00,0.0,0.0,OK
Cold Lake,Cold Lake,2026-07-20 23:00,6.0,,7,8,2026-07-21T05:25:47+00:00,6.0,2026-07-21T05:25:47+00:00,0.0,0.0,OK
Drayton Valley,Drayton Valley,2026-07-20 22:00,7.0,,8,11,2026-07-21T05:25:47+00:00,8.0,2026-07-21T05:25:47+00:00,-1.0,1.0,Minor difference
St. Albert,St. Albert,2026-07-20 22:00,6.0,,8,11,2026-07-21T05:25:47+00:00,6.0,2026-07-21T05:25:47+00:00,0.0,0.0,OK
Strathcona County,Sherwood Park,2026-07-20 22:00,8.0,,8,11,2026-07-21T05:25:47+00:00,,,,,OK
Edmonton,Edmonton,2026-07-21 00:00,8.0,,8,11,2026-07-21T07:10:40+00:00,8.0,2026-07-21T07:10:40+00:00,0.0,0.0,OK
Calgary,Calgary,2026-07-21 00:00,3.0,,6,6,2026-07-21T07:10:40+00:00,3.0,2026-07-21T07:10:40+00:00,0.0,0.0,OK
Red Deer,Red Deer,2026-07-21 00:00,9.0,,8,8,2026-07-21T07:10:40+00:00,9.0,2026-07-21T07:10:40+00:00,0.0,0.0,OK
Fort McMurray,Fort McMurray,2026-07-21 00:00,8.0,,9,11,2026-07-21T07:10:40+00:00,8.0,2026-07-21T07:10:40+00:00,0.0,0.0,OK
Grande Prairie,Grande Prairie,2026-07-21 00:00,11.0,,11,11,2026-07-21T07:10:40+00:00,11.0,2026-07-21T07:10:40+00:00,0.0,0.0,OK
Lethbridge,Lethbridge,2026-07-21 00:00,2.0,,4,4,2026-07-21T07:10:40+00:00,2.0,2026-07-21T07:10:40+00:00,0.0,0.0,OK
Medicine Hat,Medicine Hat,2026-07-21 00:00,3.0,,4,4,2026-07-21T07:10:40+00:00,3.0,2026-07-21T07:10:40+00:00,0.0,0.0,OK
Airdrie,Airdrie,2026-07-21 00:00,2.0,,6,6,2026-07-21T07:10:40+00:00,2.0,2026-07-21T07:10:40+00:00,0.0,0.0,OK
Cold Lake,Cold Lake,2026-07-21 00:00,6.0,,7,8,2026-07-21T07:10:40+00:00,6.0,2026-07-21T07:10:40+00:00,0.0,0.0,OK
Drayton Valley,Drayton Valley,2026-07-21 00:00,7.0,,8,11,2026-07-21T07:10:40+00:00,7.0,2026-07-21T07:10:40+00:00,0.0,0.0,OK
St. Albert,St. Albert,2026-07-21 00:00,6.0,,8,11,2026-07-21T07:10:40+00:00,6.0,2026-07-21T07:10:40+00:00,0.0,0.0,OK
Strathcona County,Sherwood Park,2026-07-21 00:00,8.0,,8,11,2026-07-21T07:10:40+00:00,,,,,OK
Edmonton,Edmonton,2026-07-21 01:00,8.0,,8,11,2026-07-21T08:00:35+00:00,8.0,2026-07-21T08:00:35+00:00,0.0,0.0,OK
Calgary,Calgary,2026-07-21 01:00,3.0,,6,6,2026-07-21T08:00:35+00:00,3.0,2026-07-21T08:00:35+00:00,0.0,0.0,OK
Red Deer,Red Deer,2026-07-21 01:00,9.0,,8,8,2026-07-21T08:00:35+00:00,9.0,2026-07-21T08:00:35+00:00,0.0,0.0,OK
Fort McMurray,Fort McMurray,2026-07-21 01:00,8.0,,9,11,2026-07-21T08:00:35+00:00,8.0,2026-07-21T08:00:35+00:00,0.0,0.0,OK
Grande Prairie,Grande Prairie,2026-07-21 01:00,11.0,,11,11,2026-07-21T08:00:35+00:00,11.0,2026-07-21T08:00:35+00:00,0.0,0.0,OK
Lethbridge,Lethbridge,2026-07-21 01:00,2.0,,4,4,2026-07-21T08:00:35+00:00,2.0,2026-07-21T08:00:35+00:00,0.0,0.0,OK
Medicine Hat,Medicine Hat,2026-07-21 01:00,3.0,,4,4,2026-07-21T08:00:35+00:00,3.0,2026-07-21T08:00:35+00:00,0.0,0.0,OK
Airdrie,Airdrie,2026-07-21 01:00,4.0,,6,6,2026-07-21T08:00:35+00:00,4.0,2026-07-21T08:00:35+00:00,0.0,0.0,OK
Cold Lake,Cold Lake,2026-07-21 01:00,6.0,,7,8,2026-07-21T08:00:35+00:00,6.0,2026-07-21T08:00:35+00:00,0.0,0.0,OK
Drayton Valley,Drayton Valley,2026-07-21 01:00,7.0,,8,11,2026-07-21T08:00:35+00:00,7.0,2026-07-21T08:00:35+00:00,0.0,0.0,OK
St. Albert,St. Albert,2026-07-21 01:00,5.0,,8,11,2026-07-21T08:00:35+00:00,5.0,2026-07-21T08:00:35+00:00,0.0,0.0,OK
Strathcona County,Sherwood Park,2026-07-21 01:00,9.0,,8,11,2026-07-21T08:00:35+00:00,,,,,OK
Edmonton,Edmonton,2026-07-21 02:00,10.0,,8,11,2026-07-21T09:10:48+00:00,10.0,2026-07-21T09:10:49+00:00,0.0,0.0,OK
Calgary,Calgary,2026-07-21 02:00,4.0,,6,6,2026-07-21T09:10:48+00:00,4.0,2026-07-21T09:10:49+00:00,0.0,0.0,OK
Red Deer,Red Deer,2026-07-21 02:00,9.0,,8,8,2026-07-21T09:10:48+00:00,9.0,2026-07-21T09:10:49+00:00,0.0,0.0,OK
Fort McMurray,Fort McMurray,2026-07-21 02:00,9.0,,9,11,2026-07-21T09:10:48+00:00,9.0,2026-07-21T09:10:49+00:00,0.0,0.0,OK
Grande Prairie,Grande Prairie,2026-07-21 02:00,10.0,,11,11,2026-07-21T09:10:48+00:00,11.0,2026-07-21T09:10:49+00:00,-1.0,1.0,Minor difference
Lethbridge,Lethbridge,2026-07-21 02:00,2.0,,4,4,2026-07-21T09:10:48+00:00,2.0,2026-07-21T09:10:49+00:00,0.0,0.0,OK
Medicine Hat,Medicine Hat,2026-07-21 02:00,3.0,,4,4,2026-07-21T09:10:48+00:00,3.0,2026-07-21T09:10:49+00:00,0.0,0.0,OK
Airdrie,Airdrie,2026-07-21 02:00,7.0,,6,6,2026-07-21T09:10:48+00:00,7.0,2026-07-21T09:10:49+00:00,0.0,0.0,OK
Cold Lake,Cold Lake,2026-07-21 02:00,6.0,,7,8,2026-07-21T09:10:48+00:00,6.0,2026-07-21T09:10:49+00:00,0.0,0.0,OK
Drayton Valley,Drayton Valley,2026-07-21 02:00,7.0,,8,11,2026-07-21T09:10:48+00:00,7.0,2026-07-21T09:10:49+00:00,0.0,0.0,OK
St. Albert,St. Albert,2026-07-21 02:00,6.0,,8,11,2026-07-21T09:10:48+00:00,6.0,2026-07-21T09:10:49+00:00,0.0,0.0,OK
Strathcona County,Sherwood Park,2026-07-21 02:00,10.0,,8,11,2026-07-21T09:10:48+00:00,,,,,OK
Edmonton,Edmonton,2026-07-21 03:00,10.0,,8,11,2026-07-21T10:07:08+00:00,10.0,2026-07-21T10:07:08+00:00,0.0,0.0,OK
Calgary,Calgary,2026-07-21 03:00,6.0,,6,6,2026-07-21T10:07:08+00:00,6.0,2026-07-21T10:07:08+00:00,0.0,0.0,OK
Red Deer,Red Deer,2026-07-21 02:00,9.0,,8,8,2026-07-21T10:07:08+00:00,9.0,2026-07-21T10:07:08+00:00,0.0,0.0,OK
Fort McMurray,Fort McMurray,2026-07-21 03:00,8.0,,9,11,2026-07-21T10:07:08+00:00,8.0,2026-07-21T10:07:08+00:00,0.0,0.0,OK
Grande Prairie,Grande Prairie,2026-07-21 03:00,9.0,,11,11,2026-07-21T10:07:08+00:00,11.0,2026-07-21T10:07:08+00:00,-2.0,2.0,Significant difference
Lethbridge,Lethbridge,2026-07-21 03:00,2.0,,4,4,2026-07-21T10:07:08+00:00,2.0,2026-07-21T10:07:08+00:00,0.0,0.0,OK
Medicine Hat,Medicine Hat,2026-07-21 03:00,3.0,,4,4,2026-07-21T10:07:08+00:00,3.0,2026-07-21T10:07:08+00:00,0.0,0.0,OK
Airdrie,Airdrie,2026-07-21 03:00,8.0,,6,6,2026-07-21T10:07:08+00:00,8.0,2026-07-21T10:07:08+00:00,0.0,0.0,OK
Cold Lake,Cold Lake,2026-07-21 03:00,6.0,,7,8,2026-07-21T10:07:08+00:00,6.0,2026-07-21T10:07:08+00:00,0.0,0.0,OK
Drayton Valley,Drayton Valley,2026-07-21 03:00,7.0,,8,11,2026-07-21T10:07:08+00:00,7.0,2026-07-21T10:07:08+00:00,0.0,0.0,OK
St. Albert,St. Albert,2026-07-21 03:00,7.0,,8,11,2026-07-21T10:07:08+00:00,7.0,2026-07-21T10:07:08+00:00,0.0,0.0,OK
Strathcona County,Sherwood Park,2026-07-21 03:00,11.0,,8,11,2026-07-21T10:07:08+00:00,,,,,OK
Edmonton,Edmonton,2026-07-21 04:00,10.0,,8,11,2026-07-21T10:58:11+00:00,10.0,2026-07-21T10:58:11+00:00,0.0,0.0,OK
Calgary,Calgary,2026-07-21 04:00,7.0,,6,6,2026-07-21T10:58:11+00:00,6.0,2026-07-21T10:58:11+00:00,1.0,1.0,Minor difference
Red Deer,Red Deer,2026-07-21 04:00,10.0,,8,8,2026-07-21T10:58:11+00:00,9.0,2026-07-21T10:58:11+00:00,1.0,1.0,Minor difference
Fort McMurray,Fort McMurray,2026-07-21 04:00,8.0,,9,11,2026-07-21T10:58:11+00:00,8.0,2026-07-21T10:58:11+00:00,0.0,0.0,OK
Grande Prairie,Grande Prairie,2026-07-21 03:00,9.0,,11,11,2026-07-21T10:58:11+00:00,11.0,2026-07-21T10:58:11+00:00,-2.0,2.0,Significant difference
Lethbridge,Lethbridge,2026-07-21 03:00,2.0,,4,4,2026-07-21T10:58:11+00:00,2.0,2026-07-21T10:58:11+00:00,0.0,0.0,OK
Medicine Hat,Medicine Hat,2026-07-21 04:00,2.0,,4,4,2026-07-21T10:58:11+00:00,3.0,2026-07-21T10:58:11+00:00,-1.0,1.0,Minor difference
Airdrie,Airdrie,2026-07-21 04:00,8.0,,6,6,2026-07-21T10:58:11+00:00,8.0,2026-07-21T10:58:11+00:00,0.0,0.0,OK
Cold Lake,Cold Lake,2026-07-21 04:00,6.0,,7,8,2026-07-21T10:58:11+00:00,6.0,2026-07-21T10:58:11+00:00,0.0,0.0,OK
Drayton Valley,Drayton Valley,2026-07-21 04:00,7.0,,8,11,2026-07-21T10:58:11+00:00,7.0,2026-07-21T10:58:11+00:00,0.0,0.0,OK
St. Albert,St. Albert,2026-07-21 04:00,8.0,,8,11,2026-07-21T10:58:11+00:00,7.0,2026-07-21T10:58:11+00:00,1.0,1.0,Minor difference
Strathcona County,Sherwood Park,2026-07-21 04:00,10.0,,8,11,2026-07-21T10:58:11+00:00,,,,,OK
Edmonton,Edmonton,2026-07-21 05:00,10.0,,8,11,2026-07-21T11:54:44+00:00,10.0,2026-07-21T11:54:44+00:00,0.0,0.0,OK
Calgary,Calgary,2026-07-21 04:00,7.0,,6,6,2026-07-21T11:54:44+00:00,,2026-07-21T11:54:44+00:00,,,OK
Red Deer,Red Deer,2026-07-21 05:00,10.0,,8,8,2026-07-21T11:54:44+00:00,9.0,2026-07-21T11:54:44+00:00,1.0,1.0,Minor difference
Fort McMurray,Fort McMurray,2026-07-21 05:00,8.0,,9,11,2026-07-21T11:54:44+00:00,,2026-07-21T11:54:44+00:00,,,OK
Grande Prairie,Grande Prairie,2026-07-21 05:00,8.0,,11,11,2026-07-21T11:54:44+00:00,11.0,2026-07-21T11:54:44+00:00,-3.0,3.0,Major difference
Lethbridge,Lethbridge,2026-07-21 03:00,2.0,,4,4,2026-07-21T11:54:44+00:00,2.0,2026-07-21T11:54:44+00:00,0.0,0.0,OK
Medicine Hat,Medicine Hat,2026-07-21 04:00,2.0,,4,4,2026-07-21T11:54:44+00:00,3.0,2026-07-21T11:54:44+00:00,-1.0,1.0,Minor difference
Airdrie,Airdrie,2026-07-21 04:00,8.0,,6,6,2026-07-21T11:54:44+00:00,,2026-07-21T11:54:44+00:00,,,OK
Cold Lake,Cold Lake,2026-07-21 05:00,6.0,,7,8,2026-07-21T11:54:44+00:00,6.0,2026-07-21T11:54:44+00:00,0.0,0.0,OK
Drayton Valley,Drayton Valley,2026-07-21 04:00,7.0,,8,11,2026-07-21T11:54:44+00:00,7.0,2026-07-21T11:54:44+00:00,0.0,0.0,OK
St. Albert,St. Albert,2026-07-21 04:00,8.0,,8,11,2026-07-21T11:54:44+00:00,7.0,2026-07-21T11:54:44+00:00,1.0,1.0,Minor difference
Strathcona County,Sherwood Park,2026-07-21 05:00,10.0,,8,11,2026-07-21T11:54:44+00:00,,,,,OK
Edmonton,Edmonton,2026-07-21 06:00,10.0,10.0,5,8,2026-07-21T12:46:40+00:00,,2026-07-21T12:46:40+00:00,,,OK
Calgary,Calgary,2026-07-21 06:00,6.0,6.0,3,4,2026-07-21T12:46:40+00:00,,2026-07-21T12:46:40+00:00,,,OK
Red Deer,Red Deer,2026-07-21 06:00,10.0,9.0,4,6,2026-07-21T12:46:40+00:00,9.0,2026-07-21T12:46:40+00:00,1.0,1.0,Minor difference
Fort McMurray,Fort McMurray,2026-07-21 06:00,8.0,10.0,5,7,2026-07-21T12:46:40+00:00,8.0,2026-07-21T12:46:40+00:00,0.0,0.0,OK
Grande Prairie,Grande Prairie,2026-07-21 06:00,7.0,11.0,5,8,2026-07-21T12:46:40+00:00,11.0,2026-07-21T12:46:40+00:00,-4.0,4.0,Major difference
Lethbridge,Lethbridge,2026-07-21 03:00,2.0,4.0,3,3,2026-07-21T12:46:40+00:00,,2026-07-21T12:46:40+00:00,,,OK
Medicine Hat,Medicine Hat,2026-07-21 06:00,2.0,4.0,3,3,2026-07-21T12:46:40+00:00,,2026-07-21T12:46:40+00:00,,,OK
Airdrie,Airdrie,2026-07-21 06:00,5.0,8.0,4,6,2026-07-21T12:46:40+00:00,8.0,2026-07-21T12:46:40+00:00,-3.0,3.0,Major difference
Cold Lake,Cold Lake,2026-07-21 06:00,6.0,8.0,5,6,2026-07-21T12:46:40+00:00,6.0,2026-07-21T12:46:40+00:00,0.0,0.0,OK
Drayton Valley,Drayton Valley,2026-07-21 06:00,7.0,8.0,4,6,2026-07-21T12:46:40+00:00,7.0,2026-07-21T12:46:40+00:00,0.0,0.0,OK
St. Albert,St. Albert,2026-07-21 06:00,8.0,10.0,5,8,2026-07-21T12:46:40+00:00,7.0,2026-07-21T12:46:40+00:00,1.0,1.0,Minor difference
Strathcona County,Sherwood Park,2026-07-21 06:00,10.0,11.0,5,8,2026-07-21T12:46:40+00:00,,,,,OK
Edmonton,Edmonton,2026-07-21 07:00,9.0,10.0,5,8,2026-07-21T13:56:24+00:00,9.0,2026-07-21T13:56:25+00:00,0.0,0.0,OK
Calgary,Calgary,2026-07-21 07:00,5.0,6.0,3,4,2026-07-21T13:56:24+00:00,5.0,2026-07-21T13:56:25+00:00,0.0,0.0,OK
Red Deer,Red Deer,2026-07-21 07:00,9.0,9.0,4,6,2026-07-21T13:56:24+00:00,9.0,2026-07-21T13:56:25+00:00,0.0,0.0,OK
Fort McMurray,Fort McMurray,2026-07-21 07:00,7.0,10.0,5,7,2026-07-21T13:56:24+00:00,7.0,2026-07-21T13:56:25+00:00,0.0,0.0,OK
Grande Prairie,Grande Prairie,2026-07-21 07:00,7.0,11.0,5,8,2026-07-21T13:56:24+00:00,11.0,2026-07-21T13:56:25+00:00,-4.0,4.0,Major difference
Lethbridge,Lethbridge,2026-07-21 07:00,3.0,4.0,3,3,2026-07-21T13:56:24+00:00,3.0,2026-07-21T13:56:25+00:00,0.0,0.0,OK
Medicine Hat,Medicine Hat,2026-07-21 07:00,2.0,4.0,3,3,2026-07-21T13:56:24+00:00,2.0,2026-07-21T13:56:25+00:00,0.0,0.0,OK
Airdrie,Airdrie,2026-07-21 07:00,5.0,8.0,4,6,2026-07-21T13:56:24+00:00,5.0,2026-07-21T13:56:25+00:00,0.0,0.0,OK
Cold Lake,Cold Lake,2026-07-21 07:00,6.0,8.0,5,6,2026-07-21T13:56:24+00:00,6.0,2026-07-21T13:56:25+00:00,0.0,0.0,OK
Drayton Valley,Drayton Valley,2026-07-21 07:00,7.0,8.0,4,6,2026-07-21T13:56:24+00:00,7.0,2026-07-21T13:56:25+00:00,0.0,0.0,OK
St. Albert,St. Albert,2026-07-21 07:00,8.0,10.0,5,8,2026-07-21T13:56:24+00:00,8.0,2026-07-21T13:56:25+00:00,0.0,0.0,OK
Strathcona County,Sherwood Park,2026-07-21 07:00,9.0,11.0,5,8,2026-07-21T13:56:24+00:00,,,,,OK
Edmonton,Edmonton,2026-07-21 07:00,9.0,10,5,8,2026-07-21T14:38:51+00:00,10.0,2026-07-21T14:38:51+00:00,-1.0,1.0,Minor difference
Calgary,Calgary,2026-07-21 07:00,5.0,6,3,4,2026-07-21T14:38:51+00:00,4.0,2026-07-21T14:38:51+00:00,1.0,1.0,Minor difference
Red Deer,Red Deer,2026-07-21 07:00,9.0,9,4,6,2026-07-21T14:38:51+00:00,9.0,2026-07-21T14:38:51+00:00,0.0,0.0,OK
Fort McMurray,Fort McMurray,2026-07-21 07:00,7.0,10,5,7,2026-07-21T14:38:51+00:00,7.0,2026-07-21T14:38:51+00:00,0.0,0.0,OK
Grande Prairie,Grande Prairie,2026-07-21 07:00,7.0,11,5,8,2026-07-21T14:38:51+00:00,10.0,2026-07-21T14:38:51+00:00,-3.0,3.0,Major difference
Lethbridge,Lethbridge,2026-07-21 08:00,3.0,4,3,3,2026-07-21T14:38:51+00:00,3.0,2026-07-21T14:38:51+00:00,0.0,0.0,OK
Medicine Hat,Medicine Hat,2026-07-21 07:00,2.0,4,3,3,2026-07-21T14:38:51+00:00,2.0,2026-07-21T14:38:51+00:00,0.0,0.0,OK
Airdrie,Airdrie,2026-07-21 07:00,5.0,8,4,6,2026-07-21T14:38:51+00:00,5.0,2026-07-21T14:38:51+00:00,0.0,0.0,OK
Cold Lake,Cold Lake,2026-07-21 08:00,6.0,8,5,6,2026-07-21T14:38:51+00:00,6.0,2026-07-21T14:38:51+00:00,0.0,0.0,OK
Drayton Valley,Drayton Valley,2026-07-21 07:00,7.0,8,4,6,2026-07-21T14:38:51+00:00,7.0,2026-07-21T14:38:51+00:00,0.0,0.0,OK
St. Albert,St. Albert,2026-07-21 07:00,8.0,10,5,8,2026-07-21T14:38:51+00:00,5.0,2026-07-21T14:38:51+00:00,3.0,3.0,Major difference
Strathcona County,Sherwood Park,2026-07-21 08:00,9.0,11,5,8,2026-07-21T14:38:51+00:00,,,,,OK
