community_ab,community_eccc,ab_reading_date,ab_current_aqhi,ab_forecast_today,ab_forecast_tomorrow,ab_forecast_tonight,ab_pulled_at_utc,eccc_current_aqhi,eccc_pulled_at_utc,diff_ab_minus_eccc,abs_diff,flag
Edmonton,Edmonton,2026-06-01 17:00,2.0,,2,2,2026-06-01T23:55:29+00:00,,,,,OK
Calgary,Calgary,2026-06-01 17:00,2.0,,3,3,2026-06-01T23:55:29+00:00,,,,,OK
Red Deer,Red Deer,2026-06-01 17:00,2.0,,2,2,2026-06-01T23:55:29+00:00,,,,,OK
Fort McMurray,Fort McMurray,2026-06-01 17:00,2.0,,2,2,2026-06-01T23:55:29+00:00,,,,,OK
Grande Prairie,Grande Prairie,2026-06-01 17:00,2.0,,2,2,2026-06-01T23:55:29+00:00,,,,,OK
Lethbridge,Lethbridge,2026-06-01 17:00,2.0,,2,2,2026-06-01T23:55:29+00:00,,,,,OK
Medicine Hat,Medicine Hat,2026-06-01 17:00,2.0,,2,2,2026-06-01T23:55:29+00:00,,,,,OK
Airdrie,Airdrie,2026-06-01 17:00,2.0,,3,3,2026-06-01T23:55:29+00:00,,,,,OK
Cold Lake,Cold Lake,2026-06-01 17:00,1.0,,2,2,2026-06-01T23:55:29+00:00,,,,,OK
Drayton Valley,Drayton Valley,2026-06-01 17:00,2.0,,2,2,2026-06-01T23:55:29+00:00,,,,,OK
St. Albert,St. Albert,2026-06-01 17:00,2.0,,2,2,2026-06-01T23:55:29+00:00,,,,,OK
Strathcona County,Sherwood Park,2026-06-01 17:00,2.0,,2,2,2026-06-01T23:55:29+00:00,,,,,OK
Edmonton,Edmonton,2026-06-01 17:00,2.0,,2,2,2026-06-02T00:16:28+00:00,2.0,2026-06-02T00:16:28+00:00,0.0,0.0,OK
Calgary,Calgary,2026-06-01 17:00,2.0,,3,3,2026-06-02T00:16:28+00:00,2.0,2026-06-02T00:16:28+00:00,0.0,0.0,OK
Red Deer,Red Deer,2026-06-01 17:00,2.0,,2,2,2026-06-02T00:16:28+00:00,2.0,2026-06-02T00:16:28+00:00,0.0,0.0,OK
Fort McMurray,Fort McMurray,2026-06-01 17:00,2.0,,2,2,2026-06-02T00:16:28+00:00,2.0,2026-06-02T00:16:28+00:00,0.0,0.0,OK
Grande Prairie,Grande Prairie,2026-06-01 17:00,2.0,,2,2,2026-06-02T00:16:28+00:00,2.0,2026-06-02T00:16:28+00:00,0.0,0.0,OK
Lethbridge,Lethbridge,2026-06-01 18:00,2.0,,2,2,2026-06-02T00:16:28+00:00,2.0,2026-06-02T00:16:28+00:00,0.0,0.0,OK
Medicine Hat,Medicine Hat,2026-06-01 17:00,2.0,,2,2,2026-06-02T00:16:28+00:00,2.0,2026-06-02T00:16:28+00:00,0.0,0.0,OK
Airdrie,Airdrie,2026-06-01 17:00,2.0,,3,3,2026-06-02T00:16:28+00:00,2.0,2026-06-02T00:16:28+00:00,0.0,0.0,OK
Cold Lake,Cold Lake,2026-06-01 17:00,1.0,,2,2,2026-06-02T00:16:28+00:00,1.0,2026-06-02T00:16:28+00:00,0.0,0.0,OK
Drayton Valley,Drayton Valley,2026-06-01 17:00,2.0,,2,2,2026-06-02T00:16:28+00:00,2.0,2026-06-02T00:16:28+00:00,0.0,0.0,OK
St. Albert,St. Albert,2026-06-01 17:00,2.0,,2,2,2026-06-02T00:16:28+00:00,2.0,2026-06-02T00:16:28+00:00,0.0,0.0,OK
Strathcona County,Sherwood Park,2026-06-01 18:00,2.0,,2,2,2026-06-02T00:16:28+00:00,,,,,OK
Edmonton,Edmonton,2026-06-01 18:00,2.0,,2,2,2026-06-02T01:27:27+00:00,2.0,2026-06-02T01:27:27+00:00,0.0,0.0,OK
Calgary,Calgary,2026-06-01 18:00,2.0,,3,3,2026-06-02T01:27:27+00:00,2.0,2026-06-02T01:27:27+00:00,0.0,0.0,OK
Red Deer,Red Deer,2026-06-01 18:00,2.0,,2,2,2026-06-02T01:27:27+00:00,2.0,2026-06-02T01:27:27+00:00,0.0,0.0,OK
Fort McMurray,Fort McMurray,2026-06-01 18:00,2.0,,2,2,2026-06-02T01:27:27+00:00,2.0,2026-06-02T01:27:27+00:00,0.0,0.0,OK
Grande Prairie,Grande Prairie,2026-06-01 18:00,2.0,,2,2,2026-06-02T01:27:27+00:00,2.0,2026-06-02T01:27:27+00:00,0.0,0.0,OK
Lethbridge,Lethbridge,2026-06-01 19:00,2.0,,2,2,2026-06-02T01:27:27+00:00,2.0,2026-06-02T01:27:27+00:00,0.0,0.0,OK
Medicine Hat,Medicine Hat,2026-06-01 18:00,2.0,,2,2,2026-06-02T01:27:27+00:00,2.0,2026-06-02T01:27:27+00:00,0.0,0.0,OK
Airdrie,Airdrie,2026-06-01 18:00,2.0,,3,3,2026-06-02T01:27:27+00:00,2.0,2026-06-02T01:27:27+00:00,0.0,0.0,OK
Cold Lake,Cold Lake,2026-06-01 19:00,1.0,,2,2,2026-06-02T01:27:27+00:00,1.0,2026-06-02T01:27:27+00:00,0.0,0.0,OK
Drayton Valley,Drayton Valley,2026-06-01 18:00,2.0,,2,2,2026-06-02T01:27:27+00:00,2.0,2026-06-02T01:27:27+00:00,0.0,0.0,OK
St. Albert,St. Albert,2026-06-01 18:00,2.0,,2,2,2026-06-02T01:27:27+00:00,2.0,2026-06-02T01:27:27+00:00,0.0,0.0,OK
Strathcona County,Sherwood Park,2026-06-01 19:00,2.0,,2,2,2026-06-02T01:27:27+00:00,,,,,OK
Edmonton,Edmonton,2026-06-01 20:00,2.0,,2,2,2026-06-02T03:28:02+00:00,2.0,2026-06-02T03:28:02+00:00,0.0,0.0,OK
Calgary,Calgary,2026-06-01 20:00,2.0,,3,3,2026-06-02T03:28:02+00:00,2.0,2026-06-02T03:28:02+00:00,0.0,0.0,OK
Red Deer,Red Deer,2026-06-01 20:00,2.0,,2,2,2026-06-02T03:28:02+00:00,2.0,2026-06-02T03:28:02+00:00,0.0,0.0,OK
Fort McMurray,Fort McMurray,2026-06-01 20:00,2.0,,2,2,2026-06-02T03:28:02+00:00,2.0,2026-06-02T03:28:02+00:00,0.0,0.0,OK
Grande Prairie,Grande Prairie,2026-06-01 20:00,2.0,,2,2,2026-06-02T03:28:02+00:00,3.0,2026-06-02T03:28:02+00:00,-1.0,1.0,Minor difference
Lethbridge,Lethbridge,2026-06-01 20:00,2.0,,2,2,2026-06-02T03:28:02+00:00,2.0,2026-06-02T03:28:02+00:00,0.0,0.0,OK
Medicine Hat,Medicine Hat,2026-06-01 20:00,1.0,,2,2,2026-06-02T03:28:02+00:00,1.0,2026-06-02T03:28:02+00:00,0.0,0.0,OK
Airdrie,Airdrie,2026-06-01 20:00,2.0,,3,3,2026-06-02T03:28:02+00:00,2.0,2026-06-02T03:28:02+00:00,0.0,0.0,OK
Cold Lake,Cold Lake,2026-06-01 20:00,1.0,,2,2,2026-06-02T03:28:02+00:00,1.0,2026-06-02T03:28:02+00:00,0.0,0.0,OK
Drayton Valley,Drayton Valley,2026-06-01 20:00,2.0,,2,2,2026-06-02T03:28:02+00:00,2.0,2026-06-02T03:28:02+00:00,0.0,0.0,OK
St. Albert,St. Albert,2026-06-01 20:00,2.0,,2,2,2026-06-02T03:28:02+00:00,2.0,2026-06-02T03:28:02+00:00,0.0,0.0,OK
Strathcona County,Sherwood Park,2026-06-01 20:00,2.0,,2,2,2026-06-02T03:28:02+00:00,,,,,OK
Edmonton,Edmonton,2026-06-01 22:00,2.0,,2,2,2026-06-02T05:55:37+00:00,2.0,2026-06-02T05:55:38+00:00,0.0,0.0,OK
Calgary,Calgary,2026-06-01 22:00,2.0,,3,3,2026-06-02T05:55:37+00:00,2.0,2026-06-02T05:55:38+00:00,0.0,0.0,OK
Red Deer,Red Deer,2026-06-01 22:00,2.0,,2,2,2026-06-02T05:55:37+00:00,2.0,2026-06-02T05:55:38+00:00,0.0,0.0,OK
Fort McMurray,Fort McMurray,2026-06-01 22:00,2.0,,2,2,2026-06-02T05:55:37+00:00,2.0,2026-06-02T05:55:38+00:00,0.0,0.0,OK
Grande Prairie,Grande Prairie,2026-06-01 22:00,2.0,,2,2,2026-06-02T05:55:37+00:00,2.0,2026-06-02T05:55:38+00:00,0.0,0.0,OK
Lethbridge,Lethbridge,2026-06-01 23:00,2.0,,2,2,2026-06-02T05:55:37+00:00,2.0,2026-06-02T05:55:38+00:00,0.0,0.0,OK
Medicine Hat,Medicine Hat,2026-06-01 22:00,1.0,,2,2,2026-06-02T05:55:37+00:00,1.0,2026-06-02T05:55:38+00:00,0.0,0.0,OK
Airdrie,Airdrie,2026-06-01 22:00,2.0,,3,3,2026-06-02T05:55:37+00:00,2.0,2026-06-02T05:55:38+00:00,0.0,0.0,OK
Cold Lake,Cold Lake,2026-06-01 23:00,1.0,,2,2,2026-06-02T05:55:37+00:00,1.0,2026-06-02T05:55:38+00:00,0.0,0.0,OK
Drayton Valley,Drayton Valley,2026-06-01 22:00,2.0,,2,2,2026-06-02T05:55:37+00:00,2.0,2026-06-02T05:55:38+00:00,0.0,0.0,OK
St. Albert,St. Albert,2026-06-01 22:00,2.0,,2,2,2026-06-02T05:55:37+00:00,2.0,2026-06-02T05:55:38+00:00,0.0,0.0,OK
Strathcona County,Sherwood Park,2026-06-01 23:00,2.0,,2,2,2026-06-02T05:55:37+00:00,,,,,OK
Edmonton,Edmonton,2026-06-02 01:00,2.0,,2,2,2026-06-02T07:59:24+00:00,2.0,2026-06-02T07:59:24+00:00,0.0,0.0,OK
Calgary,Calgary,2026-06-02 01:00,2.0,,3,3,2026-06-02T07:59:24+00:00,2.0,2026-06-02T07:59:24+00:00,0.0,0.0,OK
Red Deer,Red Deer,2026-06-02 01:00,2.0,,2,2,2026-06-02T07:59:24+00:00,2.0,2026-06-02T07:59:24+00:00,0.0,0.0,OK
Fort McMurray,Fort McMurray,2026-06-02 01:00,2.0,,2,2,2026-06-02T07:59:24+00:00,2.0,2026-06-02T07:59:24+00:00,0.0,0.0,OK
Grande Prairie,Grande Prairie,2026-06-02 01:00,2.0,,2,2,2026-06-02T07:59:24+00:00,2.0,2026-06-02T07:59:24+00:00,0.0,0.0,OK
Lethbridge,Lethbridge,2026-06-02 01:00,2.0,,2,2,2026-06-02T07:59:24+00:00,2.0,2026-06-02T07:59:24+00:00,0.0,0.0,OK
Medicine Hat,Medicine Hat,2026-06-02 01:00,1.0,,2,2,2026-06-02T07:59:24+00:00,1.0,2026-06-02T07:59:24+00:00,0.0,0.0,OK
Airdrie,Airdrie,2026-06-02 01:00,2.0,,3,3,2026-06-02T07:59:24+00:00,2.0,2026-06-02T07:59:24+00:00,0.0,0.0,OK
Cold Lake,Cold Lake,2026-06-02 01:00,1.0,,2,2,2026-06-02T07:59:24+00:00,1.0,2026-06-02T07:59:24+00:00,0.0,0.0,OK
Drayton Valley,Drayton Valley,2026-06-02 01:00,2.0,,2,2,2026-06-02T07:59:24+00:00,2.0,2026-06-02T07:59:24+00:00,0.0,0.0,OK
St. Albert,St. Albert,2026-06-02 01:00,2.0,,2,2,2026-06-02T07:59:24+00:00,2.0,2026-06-02T07:59:24+00:00,0.0,0.0,OK
Strathcona County,Sherwood Park,2026-06-02 01:00,2.0,,2,2,2026-06-02T07:59:24+00:00,,,,,OK
Edmonton,Edmonton,2026-06-02 05:00,2.0,,2,2,2026-06-02T11:46:28+00:00,2.0,2026-06-02T11:46:28+00:00,0.0,0.0,OK
Calgary,Calgary,2026-06-02 04:00,2.0,,3,3,2026-06-02T11:46:28+00:00,2.0,2026-06-02T11:46:28+00:00,0.0,0.0,OK
Red Deer,Red Deer,2026-06-02 05:00,2.0,,2,2,2026-06-02T11:46:28+00:00,2.0,2026-06-02T11:46:28+00:00,0.0,0.0,OK
Fort McMurray,Fort McMurray,2026-06-02 05:00,1.0,,2,2,2026-06-02T11:46:28+00:00,1.0,2026-06-02T11:46:28+00:00,0.0,0.0,OK
Grande Prairie,Grande Prairie,2026-06-02 05:00,2.0,,2,2,2026-06-02T11:46:28+00:00,2.0,2026-06-02T11:46:28+00:00,0.0,0.0,OK
Lethbridge,Lethbridge,2026-06-02 03:00,2.0,,2,2,2026-06-02T11:46:28+00:00,1.0,2026-06-02T11:46:28+00:00,1.0,1.0,Minor difference
Medicine Hat,Medicine Hat,2026-06-02 04:00,1.0,,2,2,2026-06-02T11:46:28+00:00,1.0,2026-06-02T11:46:28+00:00,0.0,0.0,OK
Airdrie,Airdrie,2026-06-02 04:00,2.0,,3,3,2026-06-02T11:46:28+00:00,2.0,2026-06-02T11:46:28+00:00,0.0,0.0,OK
Cold Lake,Cold Lake,2026-06-02 05:00,1.0,,2,2,2026-06-02T11:46:28+00:00,1.0,2026-06-02T11:46:28+00:00,0.0,0.0,OK
Drayton Valley,Drayton Valley,2026-06-02 04:00,2.0,,2,2,2026-06-02T11:46:28+00:00,2.0,2026-06-02T11:46:28+00:00,0.0,0.0,OK
St. Albert,St. Albert,2026-06-02 04:00,2.0,,2,2,2026-06-02T11:46:28+00:00,2.0,2026-06-02T11:46:28+00:00,0.0,0.0,OK
Strathcona County,Sherwood Park,2026-06-02 05:00,2.0,,2,2,2026-06-02T11:46:28+00:00,,,,,OK
Edmonton,Edmonton,2026-06-02 07:00,2.0,2.0,3,2,2026-06-02T13:41:51+00:00,2.0,2026-06-02T13:41:51+00:00,0.0,0.0,OK
Calgary,Calgary,2026-06-02 07:00,2.0,2.0,3,2,2026-06-02T13:41:51+00:00,2.0,2026-06-02T13:41:51+00:00,0.0,0.0,OK
Red Deer,Red Deer,2026-06-02 07:00,2.0,2.0,2,2,2026-06-02T13:41:51+00:00,2.0,2026-06-02T13:41:51+00:00,0.0,0.0,OK
Fort McMurray,Fort McMurray,2026-06-02 07:00,1.0,2.0,2,2,2026-06-02T13:41:51+00:00,1.0,2026-06-02T13:41:51+00:00,0.0,0.0,OK
Grande Prairie,Grande Prairie,2026-06-02 07:00,2.0,3.0,3,3,2026-06-02T13:41:51+00:00,2.0,2026-06-02T13:41:51+00:00,0.0,0.0,OK
Lethbridge,Lethbridge,2026-06-02 07:00,2.0,2.0,2,2,2026-06-02T13:41:51+00:00,2.0,2026-06-02T13:41:51+00:00,0.0,0.0,OK
Medicine Hat,Medicine Hat,2026-06-02 07:00,2.0,2.0,2,2,2026-06-02T13:41:51+00:00,2.0,2026-06-02T13:41:51+00:00,0.0,0.0,OK
Airdrie,Airdrie,2026-06-02 07:00,2.0,2.0,3,2,2026-06-02T13:41:51+00:00,2.0,2026-06-02T13:41:51+00:00,0.0,0.0,OK
Cold Lake,Cold Lake,2026-06-02 07:00,1.0,2.0,2,2,2026-06-02T13:41:51+00:00,1.0,2026-06-02T13:41:51+00:00,0.0,0.0,OK
Drayton Valley,Drayton Valley,2026-06-02 07:00,2.0,2.0,2,2,2026-06-02T13:41:51+00:00,2.0,2026-06-02T13:41:51+00:00,0.0,0.0,OK
St. Albert,St. Albert,2026-06-02 07:00,2.0,2.0,3,2,2026-06-02T13:41:51+00:00,2.0,2026-06-02T13:41:51+00:00,0.0,0.0,OK
Strathcona County,Sherwood Park,2026-06-02 07:00,2.0,2.0,3,2,2026-06-02T13:41:51+00:00,,,,,OK
Edmonton,Edmonton,2026-06-02 09:00,2.0,2.0,3,2,2026-06-02T15:42:55+00:00,2.0,2026-06-02T15:42:56+00:00,0.0,0.0,OK
Calgary,Calgary,2026-06-02 09:00,2.0,2.0,3,2,2026-06-02T15:42:55+00:00,2.0,2026-06-02T15:42:56+00:00,0.0,0.0,OK
Red Deer,Red Deer,2026-06-02 09:00,2.0,2.0,2,2,2026-06-02T15:42:55+00:00,2.0,2026-06-02T15:42:56+00:00,0.0,0.0,OK
Fort McMurray,Fort McMurray,2026-06-02 09:00,1.0,2.0,2,2,2026-06-02T15:42:55+00:00,1.0,2026-06-02T15:42:56+00:00,0.0,0.0,OK
Grande Prairie,Grande Prairie,2026-06-02 09:00,2.0,3.0,3,3,2026-06-02T15:42:55+00:00,2.0,2026-06-02T15:42:56+00:00,0.0,0.0,OK
Lethbridge,Lethbridge,2026-06-02 09:00,2.0,2.0,2,2,2026-06-02T15:42:55+00:00,2.0,2026-06-02T15:42:56+00:00,0.0,0.0,OK
Medicine Hat,Medicine Hat,2026-06-02 09:00,1.0,2.0,2,2,2026-06-02T15:42:55+00:00,1.0,2026-06-02T15:42:56+00:00,0.0,0.0,OK
Airdrie,Airdrie,2026-06-02 09:00,2.0,2.0,3,2,2026-06-02T15:42:55+00:00,2.0,2026-06-02T15:42:56+00:00,0.0,0.0,OK
Cold Lake,Cold Lake,2026-06-02 09:00,1.0,2.0,2,2,2026-06-02T15:42:55+00:00,1.0,2026-06-02T15:42:56+00:00,0.0,0.0,OK
Drayton Valley,Drayton Valley,2026-06-02 09:00,2.0,2.0,2,2,2026-06-02T15:42:55+00:00,2.0,2026-06-02T15:42:56+00:00,0.0,0.0,OK
St. Albert,St. Albert,2026-06-02 08:00,2.0,2.0,3,2,2026-06-02T15:42:55+00:00,2.0,2026-06-02T15:42:56+00:00,0.0,0.0,OK
Strathcona County,Sherwood Park,2026-06-02 09:00,2.0,2.0,3,2,2026-06-02T15:42:55+00:00,,,,,OK
Edmonton,Edmonton,2026-06-02 11:00,1.0,2.0,3,2,2026-06-02T17:50:29+00:00,2.0,2026-06-02T17:50:29+00:00,-1.0,1.0,Minor difference
Calgary,Calgary,2026-06-02 11:00,2.0,2.0,3,2,2026-06-02T17:50:29+00:00,2.0,2026-06-02T17:50:29+00:00,0.0,0.0,OK
Red Deer,Red Deer,2026-06-02 11:00,2.0,2.0,2,2,2026-06-02T17:50:29+00:00,2.0,2026-06-02T17:50:29+00:00,0.0,0.0,OK
Fort McMurray,Fort McMurray,2026-06-02 11:00,1.0,2.0,2,2,2026-06-02T17:50:29+00:00,1.0,2026-06-02T17:50:29+00:00,0.0,0.0,OK
Grande Prairie,Grande Prairie,2026-06-02 11:00,2.0,3.0,3,3,2026-06-02T17:50:29+00:00,2.0,2026-06-02T17:50:29+00:00,0.0,0.0,OK
Lethbridge,Lethbridge,2026-06-02 11:00,2.0,2.0,2,2,2026-06-02T17:50:29+00:00,2.0,2026-06-02T17:50:29+00:00,0.0,0.0,OK
Medicine Hat,Medicine Hat,2026-06-02 11:00,2.0,2.0,2,2,2026-06-02T17:50:29+00:00,2.0,2026-06-02T17:50:29+00:00,0.0,0.0,OK
Airdrie,Airdrie,2026-06-02 11:00,2.0,2.0,3,2,2026-06-02T17:50:29+00:00,2.0,2026-06-02T17:50:29+00:00,0.0,0.0,OK
Cold Lake,Cold Lake,2026-06-02 11:00,1.0,2.0,2,2,2026-06-02T17:50:29+00:00,1.0,2026-06-02T17:50:29+00:00,0.0,0.0,OK
Drayton Valley,Drayton Valley,2026-06-02 11:00,2.0,2.0,2,2,2026-06-02T17:50:29+00:00,2.0,2026-06-02T17:50:29+00:00,0.0,0.0,OK
St. Albert,St. Albert,2026-06-02 11:00,1.0,2.0,3,2,2026-06-02T17:50:29+00:00,1.0,2026-06-02T17:50:29+00:00,0.0,0.0,OK
Strathcona County,Sherwood Park,2026-06-02 11:00,2.0,2.0,3,2,2026-06-02T17:50:29+00:00,,,,,OK
Edmonton,Edmonton,2026-06-02 12:00,1.0,2.0,3,2,2026-06-02T19:32:10+00:00,1.0,2026-06-02T19:32:10+00:00,0.0,0.0,OK
Calgary,Calgary,2026-06-02 12:00,2.0,2.0,3,2,2026-06-02T19:32:10+00:00,2.0,2026-06-02T19:32:10+00:00,0.0,0.0,OK
Red Deer,Red Deer,2026-06-02 12:00,2.0,2.0,2,2,2026-06-02T19:32:10+00:00,2.0,2026-06-02T19:32:10+00:00,0.0,0.0,OK
Fort McMurray,Fort McMurray,2026-06-02 12:00,1.0,2.0,2,2,2026-06-02T19:32:10+00:00,1.0,2026-06-02T19:32:10+00:00,0.0,0.0,OK
Grande Prairie,Grande Prairie,2026-06-02 12:00,2.0,3.0,3,3,2026-06-02T19:32:10+00:00,2.0,2026-06-02T19:32:10+00:00,0.0,0.0,OK
Lethbridge,Lethbridge,2026-06-02 13:00,2.0,2.0,2,2,2026-06-02T19:32:10+00:00,2.0,2026-06-02T19:32:10+00:00,0.0,0.0,OK
Medicine Hat,Medicine Hat,2026-06-02 12:00,2.0,2.0,2,2,2026-06-02T19:32:10+00:00,2.0,2026-06-02T19:32:10+00:00,0.0,0.0,OK
Airdrie,Airdrie,2026-06-02 12:00,2.0,2.0,3,2,2026-06-02T19:32:10+00:00,2.0,2026-06-02T19:32:10+00:00,0.0,0.0,OK
Cold Lake,Cold Lake,2026-06-02 13:00,1.0,2.0,2,2,2026-06-02T19:32:10+00:00,1.0,2026-06-02T19:32:10+00:00,0.0,0.0,OK
Drayton Valley,Drayton Valley,2026-06-02 12:00,2.0,2.0,2,2,2026-06-02T19:32:10+00:00,2.0,2026-06-02T19:32:10+00:00,0.0,0.0,OK
St. Albert,St. Albert,2026-06-02 12:00,1.0,2.0,3,2,2026-06-02T19:32:10+00:00,1.0,2026-06-02T19:32:10+00:00,0.0,0.0,OK
Strathcona County,Sherwood Park,2026-06-02 13:00,1.0,2.0,3,2,2026-06-02T19:32:10+00:00,,,,,OK
Edmonton,Edmonton,2026-06-02 14:00,1.0,2.0,3,2,2026-06-02T21:22:58+00:00,1.0,2026-06-02T21:22:59+00:00,0.0,0.0,OK
Calgary,Calgary,2026-06-02 14:00,2.0,2.0,3,2,2026-06-02T21:22:58+00:00,2.0,2026-06-02T21:22:59+00:00,0.0,0.0,OK
Red Deer,Red Deer,2026-06-02 14:00,2.0,2.0,2,2,2026-06-02T21:22:58+00:00,2.0,2026-06-02T21:22:59+00:00,0.0,0.0,OK
Fort McMurray,Fort McMurray,2026-06-02 14:00,1.0,2.0,2,2,2026-06-02T21:22:58+00:00,1.0,2026-06-02T21:22:59+00:00,0.0,0.0,OK
Grande Prairie,Grande Prairie,2026-06-02 14:00,3.0,3.0,3,3,2026-06-02T21:22:58+00:00,2.0,2026-06-02T21:22:59+00:00,1.0,1.0,Minor difference
Lethbridge,Lethbridge,2026-06-02 15:00,2.0,2.0,2,2,2026-06-02T21:22:58+00:00,2.0,2026-06-02T21:22:59+00:00,0.0,0.0,OK
Medicine Hat,Medicine Hat,2026-06-02 14:00,2.0,2.0,2,2,2026-06-02T21:22:58+00:00,2.0,2026-06-02T21:22:59+00:00,0.0,0.0,OK
Airdrie,Airdrie,2026-06-02 14:00,2.0,2.0,3,2,2026-06-02T21:22:58+00:00,2.0,2026-06-02T21:22:59+00:00,0.0,0.0,OK
Cold Lake,Cold Lake,2026-06-02 15:00,1.0,2.0,2,2,2026-06-02T21:22:58+00:00,1.0,2026-06-02T21:22:59+00:00,0.0,0.0,OK
Drayton Valley,Drayton Valley,2026-06-02 14:00,2.0,2.0,2,2,2026-06-02T21:22:58+00:00,2.0,2026-06-02T21:22:59+00:00,0.0,0.0,OK
St. Albert,St. Albert,2026-06-02 14:00,1.0,2.0,3,2,2026-06-02T21:22:58+00:00,1.0,2026-06-02T21:22:59+00:00,0.0,0.0,OK
Strathcona County,Sherwood Park,2026-06-02 15:00,1.0,2.0,3,2,2026-06-02T21:22:58+00:00,,,,,OK
Edmonton,Edmonton,2026-06-02 17:00,1.0,,2,2,2026-06-02T23:55:33+00:00,1.0,2026-06-02T23:55:33+00:00,0.0,0.0,OK
Calgary,Calgary,2026-06-02 17:00,2.0,,3,2,2026-06-02T23:55:33+00:00,2.0,2026-06-02T23:55:33+00:00,0.0,0.0,OK
Red Deer,Red Deer,2026-06-02 17:00,1.0,,2,2,2026-06-02T23:55:33+00:00,1.0,2026-06-02T23:55:33+00:00,0.0,0.0,OK
Fort McMurray,Fort McMurray,2026-06-02 17:00,2.0,,2,2,2026-06-02T23:55:33+00:00,2.0,2026-06-02T23:55:33+00:00,0.0,0.0,OK
Grande Prairie,Grande Prairie,2026-06-02 17:00,3.0,,2,2,2026-06-02T23:55:33+00:00,3.0,2026-06-02T23:55:33+00:00,0.0,0.0,OK
Lethbridge,Lethbridge,2026-06-02 17:00,2.0,,2,2,2026-06-02T23:55:33+00:00,2.0,2026-06-02T23:55:33+00:00,0.0,0.0,OK
Medicine Hat,Medicine Hat,2026-06-02 17:00,2.0,,2,2,2026-06-02T23:55:33+00:00,2.0,2026-06-02T23:55:33+00:00,0.0,0.0,OK
Airdrie,Airdrie,2026-06-02 17:00,2.0,,3,2,2026-06-02T23:55:33+00:00,2.0,2026-06-02T23:55:33+00:00,0.0,0.0,OK
Cold Lake,Cold Lake,2026-06-02 17:00,1.0,,2,1,2026-06-02T23:55:33+00:00,1.0,2026-06-02T23:55:33+00:00,0.0,0.0,OK
Drayton Valley,Drayton Valley,2026-06-02 17:00,2.0,,2,2,2026-06-02T23:55:33+00:00,2.0,2026-06-02T23:55:33+00:00,0.0,0.0,OK
St. Albert,St. Albert,2026-06-02 17:00,1.0,,2,2,2026-06-02T23:55:33+00:00,1.0,2026-06-02T23:55:33+00:00,0.0,0.0,OK
Strathcona County,Sherwood Park,2026-06-02 17:00,2.0,,2,2,2026-06-02T23:55:33+00:00,,,,,OK
Edmonton,Edmonton,2026-06-02 20:00,1.0,,2,2,2026-06-03T03:28:18+00:00,1.0,2026-06-03T03:28:18+00:00,0.0,0.0,OK
Calgary,Calgary,2026-06-02 20:00,2.0,,3,2,2026-06-03T03:28:18+00:00,2.0,2026-06-03T03:28:18+00:00,0.0,0.0,OK
Red Deer,Red Deer,2026-06-02 20:00,1.0,,2,2,2026-06-03T03:28:18+00:00,1.0,2026-06-03T03:28:18+00:00,0.0,0.0,OK
Fort McMurray,Fort McMurray,2026-06-02 20:00,2.0,,2,2,2026-06-03T03:28:18+00:00,2.0,2026-06-03T03:28:18+00:00,0.0,0.0,OK
Grande Prairie,Grande Prairie,2026-06-02 20:00,3.0,,2,2,2026-06-03T03:28:18+00:00,3.0,2026-06-03T03:28:18+00:00,0.0,0.0,OK
Lethbridge,Lethbridge,2026-06-02 21:00,1.0,,2,2,2026-06-03T03:28:18+00:00,2.0,2026-06-03T03:28:18+00:00,-1.0,1.0,Minor difference
Medicine Hat,Medicine Hat,2026-06-02 20:00,2.0,,2,2,2026-06-03T03:28:18+00:00,2.0,2026-06-03T03:28:18+00:00,0.0,0.0,OK
Airdrie,Airdrie,2026-06-02 20:00,2.0,,3,2,2026-06-03T03:28:18+00:00,2.0,2026-06-03T03:28:18+00:00,0.0,0.0,OK
Cold Lake,Cold Lake,2026-06-02 21:00,1.0,,2,1,2026-06-03T03:28:18+00:00,1.0,2026-06-03T03:28:18+00:00,0.0,0.0,OK
Drayton Valley,Drayton Valley,2026-06-02 20:00,2.0,,2,2,2026-06-03T03:28:18+00:00,2.0,2026-06-03T03:28:18+00:00,0.0,0.0,OK
St. Albert,St. Albert,2026-06-02 20:00,1.0,,2,2,2026-06-03T03:28:18+00:00,1.0,2026-06-03T03:28:18+00:00,0.0,0.0,OK
Strathcona County,Sherwood Park,2026-06-02 21:00,2.0,,2,2,2026-06-03T03:28:18+00:00,,,,,OK
Edmonton,Edmonton,2026-06-02 22:00,1.0,,2,2,2026-06-03T05:58:23+00:00,1.0,2026-06-03T05:58:23+00:00,0.0,0.0,OK
Calgary,Calgary,2026-06-02 22:00,2.0,,3,2,2026-06-03T05:58:23+00:00,2.0,2026-06-03T05:58:23+00:00,0.0,0.0,OK
Red Deer,Red Deer,2026-06-02 22:00,1.0,,2,2,2026-06-03T05:58:23+00:00,1.0,2026-06-03T05:58:23+00:00,0.0,0.0,OK
Fort McMurray,Fort McMurray,2026-06-02 22:00,2.0,,2,2,2026-06-03T05:58:23+00:00,1.0,2026-06-03T05:58:23+00:00,1.0,1.0,Minor difference
Grande Prairie,Grande Prairie,2026-06-02 22:00,3.0,,2,2,2026-06-03T05:58:23+00:00,3.0,2026-06-03T05:58:23+00:00,0.0,0.0,OK
Lethbridge,Lethbridge,2026-06-02 22:00,1.0,,2,2,2026-06-03T05:58:23+00:00,1.0,2026-06-03T05:58:23+00:00,0.0,0.0,OK
Medicine Hat,Medicine Hat,2026-06-02 22:00,1.0,,2,2,2026-06-03T05:58:23+00:00,1.0,2026-06-03T05:58:23+00:00,0.0,0.0,OK
Airdrie,Airdrie,2026-06-02 22:00,1.0,,3,2,2026-06-03T05:58:23+00:00,1.0,2026-06-03T05:58:23+00:00,0.0,0.0,OK
Cold Lake,Cold Lake,2026-06-02 22:00,1.0,,2,1,2026-06-03T05:58:23+00:00,1.0,2026-06-03T05:58:23+00:00,0.0,0.0,OK
Drayton Valley,Drayton Valley,2026-06-02 22:00,1.0,,2,2,2026-06-03T05:58:23+00:00,1.0,2026-06-03T05:58:23+00:00,0.0,0.0,OK
St. Albert,St. Albert,2026-06-02 22:00,1.0,,2,2,2026-06-03T05:58:23+00:00,1.0,2026-06-03T05:58:23+00:00,0.0,0.0,OK
Strathcona County,Sherwood Park,2026-06-02 22:00,2.0,,2,2,2026-06-03T05:58:23+00:00,,,,,OK
Edmonton,Edmonton,2026-06-03 03:00,1.0,,2,2,2026-06-03T09:56:50+00:00,1.0,2026-06-03T09:56:50+00:00,0.0,0.0,OK
Calgary,Calgary,2026-06-03 03:00,2.0,,3,2,2026-06-03T09:56:50+00:00,2.0,2026-06-03T09:56:50+00:00,0.0,0.0,OK
Red Deer,Red Deer,2026-06-03 02:00,1.0,,2,2,2026-06-03T09:56:50+00:00,1.0,2026-06-03T09:56:50+00:00,0.0,0.0,OK
Fort McMurray,Fort McMurray,2026-06-03 03:00,2.0,,2,2,2026-06-03T09:56:50+00:00,2.0,2026-06-03T09:56:50+00:00,0.0,0.0,OK
Grande Prairie,Grande Prairie,2026-06-03 03:00,2.0,,2,2,2026-06-03T09:56:50+00:00,2.0,2026-06-03T09:56:50+00:00,0.0,0.0,OK
Lethbridge,Lethbridge,2026-06-03 03:00,1.0,,2,2,2026-06-03T09:56:50+00:00,1.0,2026-06-03T09:56:50+00:00,0.0,0.0,OK
Medicine Hat,Medicine Hat,2026-06-03 03:00,1.0,,2,2,2026-06-03T09:56:50+00:00,1.0,2026-06-03T09:56:50+00:00,0.0,0.0,OK
Airdrie,Airdrie,2026-06-03 03:00,1.0,,3,2,2026-06-03T09:56:50+00:00,1.0,2026-06-03T09:56:50+00:00,0.0,0.0,OK
Cold Lake,Cold Lake,2026-06-03 03:00,1.0,,2,1,2026-06-03T09:56:50+00:00,1.0,2026-06-03T09:56:50+00:00,0.0,0.0,OK
Drayton Valley,Drayton Valley,2026-06-03 03:00,1.0,,2,2,2026-06-03T09:56:50+00:00,1.0,2026-06-03T09:56:50+00:00,0.0,0.0,OK
St. Albert,St. Albert,2026-06-03 03:00,1.0,,2,2,2026-06-03T09:56:50+00:00,1.0,2026-06-03T09:56:50+00:00,0.0,0.0,OK
Strathcona County,Sherwood Park,2026-06-03 02:00,1.0,,2,2,2026-06-03T09:56:50+00:00,,,,,OK
Edmonton,Edmonton,2026-06-03 05:00,2.0,,2,2,2026-06-03T11:57:14+00:00,1.0,2026-06-03T11:57:14+00:00,1.0,1.0,Minor difference
Calgary,Calgary,2026-06-03 04:00,2.0,,3,2,2026-06-03T11:57:14+00:00,2.0,2026-06-03T11:57:14+00:00,0.0,0.0,OK
Red Deer,Red Deer,2026-06-03 05:00,1.0,,2,2,2026-06-03T11:57:14+00:00,1.0,2026-06-03T11:57:14+00:00,0.0,0.0,OK
Fort McMurray,Fort McMurray,2026-06-03 05:00,1.0,,2,2,2026-06-03T11:57:14+00:00,2.0,2026-06-03T11:57:14+00:00,-1.0,1.0,Minor difference
Grande Prairie,Grande Prairie,2026-06-03 05:00,2.0,,2,2,2026-06-03T11:57:14+00:00,2.0,2026-06-03T11:57:14+00:00,0.0,0.0,OK
Lethbridge,Lethbridge,2026-06-03 03:00,1.0,,2,2,2026-06-03T11:57:14+00:00,1.0,2026-06-03T11:57:14+00:00,0.0,0.0,OK
Medicine Hat,Medicine Hat,2026-06-03 04:00,1.0,,2,2,2026-06-03T11:57:14+00:00,1.0,2026-06-03T11:57:14+00:00,0.0,0.0,OK
Airdrie,Airdrie,2026-06-03 04:00,1.0,,3,2,2026-06-03T11:57:14+00:00,1.0,2026-06-03T11:57:14+00:00,0.0,0.0,OK
Cold Lake,Cold Lake,2026-06-03 05:00,1.0,,2,1,2026-06-03T11:57:14+00:00,1.0,2026-06-03T11:57:14+00:00,0.0,0.0,OK
Drayton Valley,Drayton Valley,2026-06-03 04:00,1.0,,2,2,2026-06-03T11:57:14+00:00,1.0,2026-06-03T11:57:14+00:00,0.0,0.0,OK
St. Albert,St. Albert,2026-06-03 04:00,1.0,,2,2,2026-06-03T11:57:14+00:00,1.0,2026-06-03T11:57:14+00:00,0.0,0.0,OK
Strathcona County,Sherwood Park,2026-06-03 05:00,1.0,,2,2,2026-06-03T11:57:14+00:00,,,,,OK
Edmonton,Edmonton,2026-06-03 09:00,1.0,2.0,3,2,2026-06-03T15:53:29+00:00,1.0,2026-06-03T15:53:29+00:00,0.0,0.0,OK
Calgary,Calgary,2026-06-03 09:00,2.0,2.0,2,2,2026-06-03T15:53:29+00:00,2.0,2026-06-03T15:53:29+00:00,0.0,0.0,OK
Red Deer,Red Deer,2026-06-03 09:00,1.0,2.0,2,2,2026-06-03T15:53:29+00:00,1.0,2026-06-03T15:53:29+00:00,0.0,0.0,OK
Fort McMurray,Fort McMurray,2026-06-03 09:00,2.0,2.0,2,1,2026-06-03T15:53:29+00:00,2.0,2026-06-03T15:53:29+00:00,0.0,0.0,OK
Grande Prairie,Grande Prairie,2026-06-03 09:00,2.0,2.0,2,2,2026-06-03T15:53:29+00:00,2.0,2026-06-03T15:53:29+00:00,0.0,0.0,OK
Lethbridge,Lethbridge,2026-06-03 07:00,1.0,2.0,2,2,2026-06-03T15:53:29+00:00,1.0,2026-06-03T15:53:29+00:00,0.0,0.0,OK
Medicine Hat,Medicine Hat,2026-06-03 09:00,1.0,2.0,2,2,2026-06-03T15:53:29+00:00,1.0,2026-06-03T15:53:29+00:00,0.0,0.0,OK
Airdrie,Airdrie,2026-06-03 09:00,2.0,2.0,2,2,2026-06-03T15:53:29+00:00,2.0,2026-06-03T15:53:29+00:00,0.0,0.0,OK
Cold Lake,Cold Lake,2026-06-03 09:00,1.0,1.0,2,1,2026-06-03T15:53:29+00:00,1.0,2026-06-03T15:53:29+00:00,0.0,0.0,OK
Drayton Valley,Drayton Valley,2026-06-03 09:00,1.0,2.0,2,2,2026-06-03T15:53:29+00:00,1.0,2026-06-03T15:53:29+00:00,0.0,0.0,OK
St. Albert,St. Albert,2026-06-03 08:00,1.0,2.0,3,2,2026-06-03T15:53:29+00:00,1.0,2026-06-03T15:53:29+00:00,0.0,0.0,OK
Strathcona County,Sherwood Park,2026-06-03 09:00,2.0,2.0,3,2,2026-06-03T15:53:29+00:00,,,,,OK
Edmonton,Edmonton,2026-06-03 11:00,3.0,2.0,3,2,2026-06-03T17:58:42+00:00,3.0,2026-06-03T17:58:42+00:00,0.0,0.0,OK
Calgary,Calgary,2026-06-03 11:00,2.0,2.0,2,2,2026-06-03T17:58:42+00:00,2.0,2026-06-03T17:58:42+00:00,0.0,0.0,OK
Red Deer,Red Deer,2026-06-03 11:00,1.0,2.0,2,2,2026-06-03T17:58:42+00:00,1.0,2026-06-03T17:58:42+00:00,0.0,0.0,OK
Fort McMurray,Fort McMurray,2026-06-03 11:00,2.0,2.0,2,1,2026-06-03T17:58:42+00:00,2.0,2026-06-03T17:58:42+00:00,0.0,0.0,OK
Grande Prairie,Grande Prairie,2026-06-03 11:00,2.0,2.0,2,2,2026-06-03T17:58:42+00:00,2.0,2026-06-03T17:58:42+00:00,0.0,0.0,OK
Lethbridge,Lethbridge,2026-06-03 07:00,1.0,2.0,2,2,2026-06-03T17:58:42+00:00,,2026-06-03T17:58:42+00:00,,,OK
Medicine Hat,Medicine Hat,2026-06-03 11:00,1.0,2.0,2,2,2026-06-03T17:58:42+00:00,1.0,2026-06-03T17:58:42+00:00,0.0,0.0,OK
Airdrie,Airdrie,2026-06-03 11:00,2.0,2.0,2,2,2026-06-03T17:58:42+00:00,2.0,2026-06-03T17:58:42+00:00,0.0,0.0,OK
Cold Lake,Cold Lake,2026-06-03 10:00,1.0,1.0,2,1,2026-06-03T17:58:42+00:00,1.0,2026-06-03T17:58:42+00:00,0.0,0.0,OK
Drayton Valley,Drayton Valley,2026-06-03 09:00,1.0,2.0,2,2,2026-06-03T17:58:42+00:00,1.0,2026-06-03T17:58:42+00:00,0.0,0.0,OK
St. Albert,St. Albert,2026-06-03 11:00,1.0,2.0,3,2,2026-06-03T17:58:42+00:00,1.0,2026-06-03T17:58:42+00:00,0.0,0.0,OK
Strathcona County,Sherwood Park,2026-06-03 11:00,4.0,2.0,3,2,2026-06-03T17:58:42+00:00,,,,,OK
Edmonton,Edmonton,2026-06-03 16:00,2.0,3.0,3,3,2026-06-03T22:58:53+00:00,2.0,2026-06-03T22:58:54+00:00,0.0,0.0,OK
Calgary,Calgary,2026-06-03 16:00,3.0,2.0,2,2,2026-06-03T22:58:53+00:00,3.0,2026-06-03T22:58:54+00:00,0.0,0.0,OK
Red Deer,Red Deer,2026-06-03 16:00,2.0,2.0,2,2,2026-06-03T22:58:53+00:00,2.0,2026-06-03T22:58:54+00:00,0.0,0.0,OK
Fort McMurray,Fort McMurray,2026-06-03 16:00,1.0,2.0,2,1,2026-06-03T22:58:53+00:00,1.0,2026-06-03T22:58:54+00:00,0.0,0.0,OK
Grande Prairie,Grande Prairie,2026-06-03 16:00,2.0,2.0,2,2,2026-06-03T22:58:53+00:00,3.0,2026-06-03T22:58:54+00:00,-1.0,1.0,Minor difference
Lethbridge,Lethbridge,2026-06-03 16:00,2.0,2.0,2,2,2026-06-03T22:58:53+00:00,2.0,2026-06-03T22:58:54+00:00,0.0,0.0,OK
Medicine Hat,Medicine Hat,2026-06-03 16:00,1.0,2.0,2,2,2026-06-03T22:58:53+00:00,1.0,2026-06-03T22:58:54+00:00,0.0,0.0,OK
Airdrie,Airdrie,2026-06-03 16:00,3.0,2.0,2,2,2026-06-03T22:58:53+00:00,3.0,2026-06-03T22:58:54+00:00,0.0,0.0,OK
Cold Lake,Cold Lake,2026-06-03 16:00,1.0,1.0,2,1,2026-06-03T22:58:53+00:00,1.0,2026-06-03T22:58:54+00:00,0.0,0.0,OK
Drayton Valley,Drayton Valley,,,2.0,2,2,2026-06-03T22:58:53+00:00,1.0,2026-06-03T22:58:54+00:00,,,OK
St. Albert,St. Albert,2026-06-03 16:00,3.0,2.0,3,2,2026-06-03T22:58:53+00:00,3.0,2026-06-03T22:58:54+00:00,0.0,0.0,OK
Strathcona County,Sherwood Park,2026-06-03 16:00,3.0,4.0,3,3,2026-06-03T22:58:53+00:00,,,,,OK
Edmonton,Edmonton,2026-06-03 17:00,2.0,,3,3,2026-06-03T23:54:48+00:00,2.0,2026-06-03T23:54:49+00:00,0.0,0.0,OK
Calgary,Calgary,2026-06-03 17:00,2.0,,3,3,2026-06-03T23:54:48+00:00,2.0,2026-06-03T23:54:49+00:00,0.0,0.0,OK
Red Deer,Red Deer,2026-06-03 17:00,2.0,,2,2,2026-06-03T23:54:48+00:00,2.0,2026-06-03T23:54:49+00:00,0.0,0.0,OK
Fort McMurray,Fort McMurray,2026-06-03 17:00,1.0,,2,2,2026-06-03T23:54:48+00:00,1.0,2026-06-03T23:54:49+00:00,0.0,0.0,OK
Grande Prairie,Grande Prairie,2026-06-03 17:00,3.0,,2,2,2026-06-03T23:54:48+00:00,3.0,2026-06-03T23:54:49+00:00,0.0,0.0,OK
Lethbridge,Lethbridge,2026-06-03 17:00,2.0,,2,2,2026-06-03T23:54:48+00:00,2.0,2026-06-03T23:54:49+00:00,0.0,0.0,OK
Medicine Hat,Medicine Hat,2026-06-03 17:00,1.0,,2,2,2026-06-03T23:54:48+00:00,1.0,2026-06-03T23:54:49+00:00,0.0,0.0,OK
Airdrie,Airdrie,2026-06-03 17:00,3.0,,3,3,2026-06-03T23:54:48+00:00,3.0,2026-06-03T23:54:49+00:00,0.0,0.0,OK
Cold Lake,Cold Lake,2026-06-03 17:00,1.0,,2,2,2026-06-03T23:54:48+00:00,1.0,2026-06-03T23:54:49+00:00,0.0,0.0,OK
Drayton Valley,Drayton Valley,2026-06-03 17:00,2.0,,2,2,2026-06-03T23:54:48+00:00,2.0,2026-06-03T23:54:49+00:00,0.0,0.0,OK
St. Albert,St. Albert,2026-06-03 17:00,3.0,,3,3,2026-06-03T23:54:48+00:00,3.0,2026-06-03T23:54:49+00:00,0.0,0.0,OK
Strathcona County,Sherwood Park,2026-06-03 17:00,3.0,,3,4,2026-06-03T23:54:48+00:00,,,,,OK
Edmonton,Edmonton,2026-06-03 18:00,2.0,,3,3,2026-06-04T01:32:46+00:00,2.0,2026-06-04T01:32:46+00:00,0.0,0.0,OK
Calgary,Calgary,2026-06-03 18:00,2.0,,3,3,2026-06-04T01:32:46+00:00,2.0,2026-06-04T01:32:46+00:00,0.0,0.0,OK
Red Deer,Red Deer,2026-06-03 18:00,2.0,,2,2,2026-06-04T01:32:46+00:00,2.0,2026-06-04T01:32:46+00:00,0.0,0.0,OK
Fort McMurray,Fort McMurray,2026-06-03 18:00,1.0,,2,2,2026-06-04T01:32:46+00:00,1.0,2026-06-04T01:32:46+00:00,0.0,0.0,OK
Grande Prairie,Grande Prairie,2026-06-03 18:00,3.0,,2,2,2026-06-04T01:32:46+00:00,3.0,2026-06-04T01:32:46+00:00,0.0,0.0,OK
Lethbridge,Lethbridge,2026-06-03 19:00,2.0,,2,2,2026-06-04T01:32:46+00:00,2.0,2026-06-04T01:32:46+00:00,0.0,0.0,OK
Medicine Hat,Medicine Hat,2026-06-03 18:00,2.0,,2,2,2026-06-04T01:32:46+00:00,2.0,2026-06-04T01:32:46+00:00,0.0,0.0,OK
Airdrie,Airdrie,2026-06-03 18:00,3.0,,3,3,2026-06-04T01:32:46+00:00,3.0,2026-06-04T01:32:46+00:00,0.0,0.0,OK
Cold Lake,Cold Lake,2026-06-03 19:00,1.0,,2,2,2026-06-04T01:32:46+00:00,1.0,2026-06-04T01:32:46+00:00,0.0,0.0,OK
Drayton Valley,Drayton Valley,2026-06-03 18:00,2.0,,2,2,2026-06-04T01:32:46+00:00,2.0,2026-06-04T01:32:46+00:00,0.0,0.0,OK
St. Albert,St. Albert,2026-06-03 18:00,3.0,,3,3,2026-06-04T01:32:46+00:00,2.0,2026-06-04T01:32:46+00:00,1.0,1.0,Minor difference
Strathcona County,Sherwood Park,2026-06-03 19:00,2.0,,3,4,2026-06-04T01:32:46+00:00,,,,,OK
Edmonton,Edmonton,2026-06-03 21:00,2.0,,3,3,2026-06-04T03:28:09+00:00,2.0,2026-06-04T03:28:09+00:00,0.0,0.0,OK
Calgary,Calgary,2026-06-03 21:00,2.0,,3,3,2026-06-04T03:28:09+00:00,2.0,2026-06-04T03:28:09+00:00,0.0,0.0,OK
Red Deer,Red Deer,2026-06-03 21:00,2.0,,2,2,2026-06-04T03:28:09+00:00,2.0,2026-06-04T03:28:09+00:00,0.0,0.0,OK
Fort McMurray,Fort McMurray,2026-06-03 21:00,2.0,,2,2,2026-06-04T03:28:09+00:00,1.0,2026-06-04T03:28:09+00:00,1.0,1.0,Minor difference
Grande Prairie,Grande Prairie,2026-06-03 21:00,3.0,,2,2,2026-06-04T03:28:09+00:00,3.0,2026-06-04T03:28:09+00:00,0.0,0.0,OK
Lethbridge,Lethbridge,2026-06-03 21:00,2.0,,2,2,2026-06-04T03:28:09+00:00,2.0,2026-06-04T03:28:09+00:00,0.0,0.0,OK
Medicine Hat,Medicine Hat,2026-06-03 21:00,2.0,,2,2,2026-06-04T03:28:09+00:00,2.0,2026-06-04T03:28:09+00:00,0.0,0.0,OK
Airdrie,Airdrie,2026-06-03 21:00,2.0,,3,3,2026-06-04T03:28:09+00:00,2.0,2026-06-04T03:28:09+00:00,0.0,0.0,OK
Cold Lake,Cold Lake,2026-06-03 21:00,2.0,,2,2,2026-06-04T03:28:09+00:00,2.0,2026-06-04T03:28:09+00:00,0.0,0.0,OK
Drayton Valley,Drayton Valley,2026-06-03 21:00,3.0,,2,2,2026-06-04T03:28:09+00:00,3.0,2026-06-04T03:28:09+00:00,0.0,0.0,OK
St. Albert,St. Albert,2026-06-03 21:00,2.0,,3,3,2026-06-04T03:28:09+00:00,2.0,2026-06-04T03:28:09+00:00,0.0,0.0,OK
Strathcona County,Sherwood Park,2026-06-03 21:00,2.0,,3,4,2026-06-04T03:28:09+00:00,,,,,OK
Edmonton,Edmonton,2026-06-03 22:00,2.0,,3,3,2026-06-04T05:57:07+00:00,2.0,2026-06-04T05:57:07+00:00,0.0,0.0,OK
Calgary,Calgary,2026-06-03 22:00,2.0,,3,3,2026-06-04T05:57:07+00:00,2.0,2026-06-04T05:57:07+00:00,0.0,0.0,OK
Red Deer,Red Deer,2026-06-03 22:00,2.0,,2,2,2026-06-04T05:57:07+00:00,2.0,2026-06-04T05:57:07+00:00,0.0,0.0,OK
Fort McMurray,Fort McMurray,2026-06-03 22:00,2.0,,2,2,2026-06-04T05:57:07+00:00,1.0,2026-06-04T05:57:07+00:00,1.0,1.0,Minor difference
Grande Prairie,Grande Prairie,2026-06-03 22:00,3.0,,2,2,2026-06-04T05:57:07+00:00,3.0,2026-06-04T05:57:07+00:00,0.0,0.0,OK
Lethbridge,Lethbridge,2026-06-03 23:00,2.0,,2,2,2026-06-04T05:57:07+00:00,2.0,2026-06-04T05:57:07+00:00,0.0,0.0,OK
Medicine Hat,Medicine Hat,2026-06-03 22:00,1.0,,2,2,2026-06-04T05:57:07+00:00,1.0,2026-06-04T05:57:07+00:00,0.0,0.0,OK
Airdrie,Airdrie,2026-06-03 22:00,2.0,,3,3,2026-06-04T05:57:07+00:00,2.0,2026-06-04T05:57:07+00:00,0.0,0.0,OK
Cold Lake,Cold Lake,2026-06-03 23:00,2.0,,2,2,2026-06-04T05:57:07+00:00,2.0,2026-06-04T05:57:07+00:00,0.0,0.0,OK
Drayton Valley,Drayton Valley,2026-06-03 22:00,3.0,,2,2,2026-06-04T05:57:07+00:00,4.0,2026-06-04T05:57:07+00:00,-1.0,1.0,Minor difference
St. Albert,St. Albert,2026-06-03 22:00,2.0,,3,3,2026-06-04T05:57:07+00:00,2.0,2026-06-04T05:57:07+00:00,0.0,0.0,OK
Strathcona County,Sherwood Park,2026-06-03 23:00,2.0,,3,4,2026-06-04T05:57:07+00:00,,,,,OK
Edmonton,Edmonton,2026-06-04 01:00,2.0,,3,3,2026-06-04T07:56:20+00:00,2.0,2026-06-04T07:56:20+00:00,0.0,0.0,OK
Calgary,Calgary,2026-06-04 01:00,2.0,,3,3,2026-06-04T07:56:20+00:00,2.0,2026-06-04T07:56:20+00:00,0.0,0.0,OK
Red Deer,Red Deer,2026-06-04 01:00,2.0,,2,2,2026-06-04T07:56:20+00:00,2.0,2026-06-04T07:56:20+00:00,0.0,0.0,OK
Fort McMurray,Fort McMurray,2026-06-04 01:00,1.0,,2,2,2026-06-04T07:56:20+00:00,1.0,2026-06-04T07:56:20+00:00,0.0,0.0,OK
Grande Prairie,Grande Prairie,2026-06-04 01:00,2.0,,2,2,2026-06-04T07:56:20+00:00,2.0,2026-06-04T07:56:20+00:00,0.0,0.0,OK
Lethbridge,Lethbridge,2026-06-04 01:00,2.0,,2,2,2026-06-04T07:56:20+00:00,2.0,2026-06-04T07:56:20+00:00,0.0,0.0,OK
Medicine Hat,Medicine Hat,2026-06-04 01:00,1.0,,2,2,2026-06-04T07:56:20+00:00,1.0,2026-06-04T07:56:20+00:00,0.0,0.0,OK
Airdrie,Airdrie,2026-06-04 01:00,2.0,,3,3,2026-06-04T07:56:20+00:00,2.0,2026-06-04T07:56:20+00:00,0.0,0.0,OK
Cold Lake,Cold Lake,2026-06-04 01:00,2.0,,2,2,2026-06-04T07:56:20+00:00,2.0,2026-06-04T07:56:20+00:00,0.0,0.0,OK
Drayton Valley,Drayton Valley,2026-06-04 01:00,4.0,,3,4,2026-06-04T07:56:20+00:00,4.0,2026-06-04T07:56:20+00:00,0.0,0.0,OK
St. Albert,St. Albert,2026-06-04 01:00,2.0,,3,3,2026-06-04T07:56:20+00:00,2.0,2026-06-04T07:56:20+00:00,0.0,0.0,OK
Strathcona County,Sherwood Park,2026-06-04 01:00,2.0,,3,4,2026-06-04T07:56:20+00:00,,,,,OK
Edmonton,Edmonton,2026-06-04 02:00,2.0,,3,3,2026-06-04T09:36:20+00:00,2.0,2026-06-04T09:36:20+00:00,0.0,0.0,OK
Calgary,Calgary,2026-06-04 02:00,2.0,,3,3,2026-06-04T09:36:20+00:00,2.0,2026-06-04T09:36:20+00:00,0.0,0.0,OK
Red Deer,Red Deer,2026-06-04 02:00,2.0,,2,2,2026-06-04T09:36:20+00:00,2.0,2026-06-04T09:36:20+00:00,0.0,0.0,OK
Fort McMurray,Fort McMurray,2026-06-04 02:00,1.0,,2,2,2026-06-04T09:36:20+00:00,1.0,2026-06-04T09:36:20+00:00,0.0,0.0,OK
Grande Prairie,Grande Prairie,2026-06-04 02:00,2.0,,2,2,2026-06-04T09:36:20+00:00,2.0,2026-06-04T09:36:20+00:00,0.0,0.0,OK
Lethbridge,Lethbridge,2026-06-04 03:00,2.0,,2,2,2026-06-04T09:36:20+00:00,2.0,2026-06-04T09:36:20+00:00,0.0,0.0,OK
Medicine Hat,Medicine Hat,2026-06-04 02:00,1.0,,2,2,2026-06-04T09:36:20+00:00,1.0,2026-06-04T09:36:20+00:00,0.0,0.0,OK
Airdrie,Airdrie,2026-06-04 02:00,2.0,,3,3,2026-06-04T09:36:20+00:00,2.0,2026-06-04T09:36:20+00:00,0.0,0.0,OK
Cold Lake,Cold Lake,2026-06-04 03:00,1.0,,2,2,2026-06-04T09:36:20+00:00,1.0,2026-06-04T09:36:20+00:00,0.0,0.0,OK
Drayton Valley,Drayton Valley,2026-06-04 02:00,4.0,,3,4,2026-06-04T09:36:20+00:00,4.0,2026-06-04T09:36:20+00:00,0.0,0.0,OK
St. Albert,St. Albert,2026-06-04 02:00,2.0,,3,3,2026-06-04T09:36:20+00:00,2.0,2026-06-04T09:36:20+00:00,0.0,0.0,OK
Strathcona County,Sherwood Park,2026-06-04 02:00,2.0,,3,4,2026-06-04T09:36:20+00:00,,,,,OK
Edmonton,Edmonton,2026-06-04 04:00,2.0,,3,3,2026-06-04T11:23:59+00:00,2.0,2026-06-04T11:23:59+00:00,0.0,0.0,OK
Calgary,Calgary,2026-06-04 04:00,2.0,,3,3,2026-06-04T11:23:59+00:00,2.0,2026-06-04T11:23:59+00:00,0.0,0.0,OK
Red Deer,Red Deer,2026-06-04 04:00,2.0,,2,2,2026-06-04T11:23:59+00:00,2.0,2026-06-04T11:23:59+00:00,0.0,0.0,OK
Fort McMurray,Fort McMurray,2026-06-04 04:00,1.0,,2,2,2026-06-04T11:23:59+00:00,1.0,2026-06-04T11:23:59+00:00,0.0,0.0,OK
Grande Prairie,Grande Prairie,2026-06-04 03:00,2.0,,2,2,2026-06-04T11:23:59+00:00,2.0,2026-06-04T11:23:59+00:00,0.0,0.0,OK
Lethbridge,Lethbridge,2026-06-04 03:00,2.0,,2,2,2026-06-04T11:23:59+00:00,2.0,2026-06-04T11:23:59+00:00,0.0,0.0,OK
Medicine Hat,Medicine Hat,2026-06-04 04:00,1.0,,2,2,2026-06-04T11:23:59+00:00,1.0,2026-06-04T11:23:59+00:00,0.0,0.0,OK
Airdrie,Airdrie,2026-06-04 04:00,2.0,,3,3,2026-06-04T11:23:59+00:00,2.0,2026-06-04T11:23:59+00:00,0.0,0.0,OK
Cold Lake,Cold Lake,2026-06-04 05:00,1.0,,2,2,2026-06-04T11:23:59+00:00,1.0,2026-06-04T11:23:59+00:00,0.0,0.0,OK
Drayton Valley,Drayton Valley,2026-06-04 04:00,3.0,,3,4,2026-06-04T11:23:59+00:00,3.0,2026-06-04T11:23:59+00:00,0.0,0.0,OK
St. Albert,St. Albert,2026-06-04 04:00,2.0,,3,3,2026-06-04T11:23:59+00:00,2.0,2026-06-04T11:23:59+00:00,0.0,0.0,OK
Strathcona County,Sherwood Park,2026-06-04 05:00,2.0,,3,4,2026-06-04T11:23:59+00:00,,,,,OK
Edmonton,Edmonton,2026-06-04 06:00,2.0,2.0,3,2,2026-06-04T13:28:50+00:00,2.0,2026-06-04T13:28:50+00:00,0.0,0.0,OK
Calgary,Calgary,2026-06-04 06:00,2.0,2.0,3,3,2026-06-04T13:28:50+00:00,2.0,2026-06-04T13:28:50+00:00,0.0,0.0,OK
Red Deer,Red Deer,2026-06-04 06:00,2.0,2.0,2,2,2026-06-04T13:28:50+00:00,2.0,2026-06-04T13:28:50+00:00,0.0,0.0,OK
Fort McMurray,Fort McMurray,2026-06-04 06:00,1.0,2.0,2,2,2026-06-04T13:28:50+00:00,1.0,2026-06-04T13:28:50+00:00,0.0,0.0,OK
Grande Prairie,Grande Prairie,2026-06-04 06:00,2.0,2.0,2,2,2026-06-04T13:28:50+00:00,2.0,2026-06-04T13:28:50+00:00,0.0,0.0,OK
Lethbridge,Lethbridge,2026-06-04 07:00,2.0,2.0,2,2,2026-06-04T13:28:50+00:00,2.0,2026-06-04T13:28:50+00:00,0.0,0.0,OK
Medicine Hat,Medicine Hat,2026-06-04 06:00,1.0,2.0,3,2,2026-06-04T13:28:50+00:00,1.0,2026-06-04T13:28:50+00:00,0.0,0.0,OK
Airdrie,Airdrie,2026-06-04 06:00,2.0,2.0,3,3,2026-06-04T13:28:50+00:00,2.0,2026-06-04T13:28:50+00:00,0.0,0.0,OK
Cold Lake,Cold Lake,2026-06-04 07:00,1.0,2.0,2,2,2026-06-04T13:28:50+00:00,1.0,2026-06-04T13:28:50+00:00,0.0,0.0,OK
Drayton Valley,Drayton Valley,2026-06-04 06:00,2.0,2.0,2,2,2026-06-04T13:28:50+00:00,2.0,2026-06-04T13:28:50+00:00,0.0,0.0,OK
St. Albert,St. Albert,2026-06-04 06:00,2.0,2.0,3,2,2026-06-04T13:28:50+00:00,2.0,2026-06-04T13:28:50+00:00,0.0,0.0,OK
Strathcona County,Sherwood Park,2026-06-04 07:00,2.0,2.0,3,2,2026-06-04T13:28:50+00:00,,,,,OK
Edmonton,Edmonton,2026-06-04 08:00,2.0,2.0,3,2,2026-06-04T15:26:48+00:00,2.0,2026-06-04T15:26:48+00:00,0.0,0.0,OK
Calgary,Calgary,2026-06-04 08:00,2.0,2.0,3,3,2026-06-04T15:26:48+00:00,2.0,2026-06-04T15:26:48+00:00,0.0,0.0,OK
Red Deer,Red Deer,2026-06-04 08:00,2.0,2.0,2,2,2026-06-04T15:26:48+00:00,2.0,2026-06-04T15:26:48+00:00,0.0,0.0,OK
Fort McMurray,Fort McMurray,2026-06-04 08:00,2.0,2.0,2,2,2026-06-04T15:26:48+00:00,2.0,2026-06-04T15:26:48+00:00,0.0,0.0,OK
Grande Prairie,Grande Prairie,2026-06-04 08:00,2.0,2.0,2,2,2026-06-04T15:26:48+00:00,2.0,2026-06-04T15:26:48+00:00,0.0,0.0,OK
Lethbridge,Lethbridge,2026-06-04 09:00,2.0,2.0,2,2,2026-06-04T15:26:48+00:00,2.0,2026-06-04T15:26:48+00:00,0.0,0.0,OK
Medicine Hat,Medicine Hat,2026-06-04 08:00,1.0,2.0,3,2,2026-06-04T15:26:48+00:00,1.0,2026-06-04T15:26:48+00:00,0.0,0.0,OK
Airdrie,Airdrie,2026-06-04 08:00,2.0,2.0,3,3,2026-06-04T15:26:48+00:00,2.0,2026-06-04T15:26:48+00:00,0.0,0.0,OK
Cold Lake,Cold Lake,2026-06-04 09:00,1.0,2.0,2,2,2026-06-04T15:26:48+00:00,1.0,2026-06-04T15:26:48+00:00,0.0,0.0,OK
Drayton Valley,Drayton Valley,2026-06-04 08:00,2.0,2.0,2,2,2026-06-04T15:26:48+00:00,2.0,2026-06-04T15:26:48+00:00,0.0,0.0,OK
St. Albert,St. Albert,2026-06-04 08:00,2.0,2.0,3,2,2026-06-04T15:26:48+00:00,2.0,2026-06-04T15:26:48+00:00,0.0,0.0,OK
Strathcona County,Sherwood Park,2026-06-04 09:00,2.0,2.0,3,2,2026-06-04T15:26:48+00:00,,,,,OK
Edmonton,Edmonton,2026-06-04 10:00,2.0,2.0,3,2,2026-06-04T17:21:38+00:00,2.0,2026-06-04T17:21:38+00:00,0.0,0.0,OK
Calgary,Calgary,2026-06-04 10:00,2.0,2.0,3,3,2026-06-04T17:21:38+00:00,2.0,2026-06-04T17:21:38+00:00,0.0,0.0,OK
Red Deer,Red Deer,2026-06-04 09:00,2.0,2.0,2,2,2026-06-04T17:21:38+00:00,2.0,2026-06-04T17:21:38+00:00,0.0,0.0,OK
Fort McMurray,Fort McMurray,2026-06-04 10:00,2.0,2.0,2,2,2026-06-04T17:21:38+00:00,2.0,2026-06-04T17:21:38+00:00,0.0,0.0,OK
Grande Prairie,Grande Prairie,2026-06-04 10:00,2.0,2.0,2,2,2026-06-04T17:21:38+00:00,2.0,2026-06-04T17:21:38+00:00,0.0,0.0,OK
Lethbridge,Lethbridge,2026-06-04 10:00,2.0,2.0,2,2,2026-06-04T17:21:38+00:00,2.0,2026-06-04T17:21:38+00:00,0.0,0.0,OK
Medicine Hat,Medicine Hat,2026-06-04 10:00,1.0,2.0,3,2,2026-06-04T17:21:38+00:00,1.0,2026-06-04T17:21:38+00:00,0.0,0.0,OK
Airdrie,Airdrie,2026-06-04 10:00,2.0,2.0,3,3,2026-06-04T17:21:38+00:00,2.0,2026-06-04T17:21:38+00:00,0.0,0.0,OK
Cold Lake,Cold Lake,2026-06-04 11:00,2.0,2.0,2,2,2026-06-04T17:21:38+00:00,2.0,2026-06-04T17:21:38+00:00,0.0,0.0,OK
Drayton Valley,Drayton Valley,2026-06-04 10:00,2.0,2.0,2,2,2026-06-04T17:21:38+00:00,2.0,2026-06-04T17:21:38+00:00,0.0,0.0,OK
St. Albert,St. Albert,2026-06-04 09:00,2.0,2.0,3,2,2026-06-04T17:21:38+00:00,1.0,2026-06-04T17:21:38+00:00,1.0,1.0,Minor difference
Strathcona County,Sherwood Park,2026-06-04 10:00,2.0,2.0,3,2,2026-06-04T17:21:38+00:00,,,,,OK
Edmonton,Edmonton,2026-06-04 12:00,2.0,2.0,3,2,2026-06-04T19:05:55+00:00,2.0,2026-06-04T19:05:55+00:00,0.0,0.0,OK
Calgary,Calgary,2026-06-04 12:00,2.0,2.0,3,3,2026-06-04T19:05:55+00:00,2.0,2026-06-04T19:05:55+00:00,0.0,0.0,OK
Red Deer,Red Deer,2026-06-04 09:00,2.0,2.0,2,2,2026-06-04T19:05:55+00:00,1.0,2026-06-04T19:05:55+00:00,1.0,1.0,Minor difference
Fort McMurray,Fort McMurray,2026-06-04 12:00,2.0,2.0,2,2,2026-06-04T19:05:55+00:00,2.0,2026-06-04T19:05:55+00:00,0.0,0.0,OK
Grande Prairie,Grande Prairie,2026-06-04 12:00,2.0,2.0,2,2,2026-06-04T19:05:55+00:00,2.0,2026-06-04T19:05:55+00:00,0.0,0.0,OK
Lethbridge,Lethbridge,2026-06-04 12:00,3.0,2.0,2,2,2026-06-04T19:05:55+00:00,3.0,2026-06-04T19:05:55+00:00,0.0,0.0,OK
Medicine Hat,Medicine Hat,2026-06-04 12:00,2.0,2.0,3,2,2026-06-04T19:05:55+00:00,2.0,2026-06-04T19:05:55+00:00,0.0,0.0,OK
Airdrie,Airdrie,2026-06-04 12:00,2.0,2.0,3,3,2026-06-04T19:05:55+00:00,2.0,2026-06-04T19:05:55+00:00,0.0,0.0,OK
Cold Lake,Cold Lake,2026-06-04 12:00,2.0,2.0,2,2,2026-06-04T19:05:55+00:00,2.0,2026-06-04T19:05:55+00:00,0.0,0.0,OK
Drayton Valley,Drayton Valley,2026-06-04 12:00,2.0,2.0,2,2,2026-06-04T19:05:55+00:00,2.0,2026-06-04T19:05:55+00:00,0.0,0.0,OK
St. Albert,St. Albert,2026-06-04 09:00,2.0,2.0,3,2,2026-06-04T19:05:55+00:00,1.0,2026-06-04T19:05:55+00:00,1.0,1.0,Minor difference
Strathcona County,Sherwood Park,2026-06-04 12:00,2.0,2.0,3,2,2026-06-04T19:05:55+00:00,,,,,OK
Edmonton,Edmonton,2026-06-04 13:00,2.0,2.0,3,2,2026-06-04T19:58:05+00:00,2.0,2026-06-04T19:58:06+00:00,0.0,0.0,OK
Calgary,Calgary,2026-06-04 13:00,2.0,2.0,3,3,2026-06-04T19:58:05+00:00,2.0,2026-06-04T19:58:06+00:00,0.0,0.0,OK
Red Deer,Red Deer,2026-06-04 09:00,2.0,2.0,2,2,2026-06-04T19:58:05+00:00,2.0,2026-06-04T19:58:06+00:00,0.0,0.0,OK
Fort McMurray,Fort McMurray,2026-06-04 13:00,2.0,2.0,2,2,2026-06-04T19:58:05+00:00,2.0,2026-06-04T19:58:06+00:00,0.0,0.0,OK
Grande Prairie,Grande Prairie,2026-06-04 13:00,2.0,2.0,2,2,2026-06-04T19:58:05+00:00,2.0,2026-06-04T19:58:06+00:00,0.0,0.0,OK
Lethbridge,Lethbridge,2026-06-04 13:00,3.0,2.0,2,2,2026-06-04T19:58:05+00:00,3.0,2026-06-04T19:58:06+00:00,0.0,0.0,OK
Medicine Hat,Medicine Hat,2026-06-04 13:00,2.0,2.0,3,2,2026-06-04T19:58:05+00:00,2.0,2026-06-04T19:58:06+00:00,0.0,0.0,OK
Airdrie,Airdrie,2026-06-04 13:00,2.0,2.0,3,3,2026-06-04T19:58:05+00:00,2.0,2026-06-04T19:58:06+00:00,0.0,0.0,OK
Cold Lake,Cold Lake,2026-06-04 13:00,2.0,2.0,2,2,2026-06-04T19:58:05+00:00,2.0,2026-06-04T19:58:06+00:00,0.0,0.0,OK
Drayton Valley,Drayton Valley,2026-06-04 13:00,2.0,2.0,2,2,2026-06-04T19:58:05+00:00,2.0,2026-06-04T19:58:06+00:00,0.0,0.0,OK
St. Albert,St. Albert,2026-06-04 09:00,2.0,2.0,3,2,2026-06-04T19:58:05+00:00,1.0,2026-06-04T19:58:06+00:00,1.0,1.0,Minor difference
Strathcona County,Sherwood Park,2026-06-04 13:00,2.0,2.0,3,2,2026-06-04T19:58:05+00:00,,,,,OK
Edmonton,Edmonton,2026-06-04 14:00,2.0,2.0,3,2,2026-06-04T20:57:07+00:00,2.0,2026-06-04T20:57:08+00:00,0.0,0.0,OK
Calgary,Calgary,2026-06-04 14:00,3.0,2.0,3,3,2026-06-04T20:57:07+00:00,3.0,2026-06-04T20:57:08+00:00,0.0,0.0,OK
Red Deer,Red Deer,2026-06-04 09:00,2.0,2.0,2,2,2026-06-04T20:57:07+00:00,2.0,2026-06-04T20:57:08+00:00,0.0,0.0,OK
Fort McMurray,Fort McMurray,2026-06-04 14:00,2.0,2.0,2,2,2026-06-04T20:57:07+00:00,2.0,2026-06-04T20:57:08+00:00,0.0,0.0,OK
Grande Prairie,Grande Prairie,2026-06-04 14:00,2.0,2.0,2,2,2026-06-04T20:57:07+00:00,2.0,2026-06-04T20:57:08+00:00,0.0,0.0,OK
Lethbridge,Lethbridge,2026-06-04 14:00,3.0,2.0,2,2,2026-06-04T20:57:07+00:00,3.0,2026-06-04T20:57:08+00:00,0.0,0.0,OK
Medicine Hat,Medicine Hat,2026-06-04 14:00,2.0,2.0,3,2,2026-06-04T20:57:07+00:00,2.0,2026-06-04T20:57:08+00:00,0.0,0.0,OK
Airdrie,Airdrie,2026-06-04 14:00,2.0,2.0,3,3,2026-06-04T20:57:07+00:00,2.0,2026-06-04T20:57:08+00:00,0.0,0.0,OK
Cold Lake,Cold Lake,2026-06-04 14:00,2.0,2.0,2,2,2026-06-04T20:57:07+00:00,2.0,2026-06-04T20:57:08+00:00,0.0,0.0,OK
Drayton Valley,Drayton Valley,2026-06-04 14:00,2.0,2.0,2,2,2026-06-04T20:57:07+00:00,2.0,2026-06-04T20:57:08+00:00,0.0,0.0,OK
St. Albert,St. Albert,2026-06-04 09:00,2.0,2.0,3,2,2026-06-04T20:57:07+00:00,1.0,2026-06-04T20:57:08+00:00,1.0,1.0,Minor difference
Strathcona County,Sherwood Park,2026-06-04 14:00,2.0,2.0,3,2,2026-06-04T20:57:07+00:00,,,,,OK
Edmonton,Edmonton,2026-06-04 15:00,2.0,2.0,3,2,2026-06-04T21:52:20+00:00,2.0,2026-06-04T21:52:20+00:00,0.0,0.0,OK
Calgary,Calgary,2026-06-04 15:00,3.0,2.0,3,3,2026-06-04T21:52:20+00:00,2.0,2026-06-04T21:52:20+00:00,1.0,1.0,Minor difference
Red Deer,Red Deer,2026-06-04 09:00,2.0,2.0,2,2,2026-06-04T21:52:20+00:00,2.0,2026-06-04T21:52:20+00:00,0.0,0.0,OK
Fort McMurray,Fort McMurray,2026-06-04 15:00,2.0,2.0,2,2,2026-06-04T21:52:20+00:00,2.0,2026-06-04T21:52:20+00:00,0.0,0.0,OK
Grande Prairie,Grande Prairie,2026-06-04 15:00,2.0,2.0,2,2,2026-06-04T21:52:20+00:00,2.0,2026-06-04T21:52:20+00:00,0.0,0.0,OK
Lethbridge,Lethbridge,2026-06-04 15:00,3.0,2.0,2,2,2026-06-04T21:52:20+00:00,3.0,2026-06-04T21:52:20+00:00,0.0,0.0,OK
Medicine Hat,Medicine Hat,2026-06-04 15:00,3.0,2.0,3,2,2026-06-04T21:52:20+00:00,3.0,2026-06-04T21:52:20+00:00,0.0,0.0,OK
Airdrie,Airdrie,2026-06-04 15:00,2.0,2.0,3,3,2026-06-04T21:52:20+00:00,2.0,2026-06-04T21:52:20+00:00,0.0,0.0,OK
Cold Lake,Cold Lake,2026-06-04 15:00,2.0,2.0,2,2,2026-06-04T21:52:20+00:00,2.0,2026-06-04T21:52:20+00:00,0.0,0.0,OK
Drayton Valley,Drayton Valley,2026-06-04 15:00,2.0,2.0,2,2,2026-06-04T21:52:20+00:00,2.0,2026-06-04T21:52:20+00:00,0.0,0.0,OK
St. Albert,St. Albert,2026-06-04 09:00,2.0,2.0,3,2,2026-06-04T21:52:20+00:00,1.0,2026-06-04T21:52:20+00:00,1.0,1.0,Minor difference
Strathcona County,Sherwood Park,2026-06-04 15:00,2.0,2.0,3,2,2026-06-04T21:52:20+00:00,,,,,OK
Edmonton,Edmonton,2026-06-04 16:00,2.0,2.0,3,2,2026-06-04T22:47:54+00:00,2.0,2026-06-04T22:47:55+00:00,0.0,0.0,OK
Calgary,Calgary,2026-06-04 16:00,3.0,2.0,3,3,2026-06-04T22:47:54+00:00,3.0,2026-06-04T22:47:55+00:00,0.0,0.0,OK
Red Deer,Red Deer,,,2.0,2,2,2026-06-04T22:47:54+00:00,1.0,2026-06-04T22:47:55+00:00,,,OK
Fort McMurray,Fort McMurray,2026-06-04 16:00,2.0,2.0,2,2,2026-06-04T22:47:54+00:00,2.0,2026-06-04T22:47:55+00:00,0.0,0.0,OK
Grande Prairie,Grande Prairie,2026-06-04 16:00,2.0,2.0,2,2,2026-06-04T22:47:54+00:00,2.0,2026-06-04T22:47:55+00:00,0.0,0.0,OK
Lethbridge,Lethbridge,2026-06-04 16:00,3.0,2.0,2,2,2026-06-04T22:47:54+00:00,3.0,2026-06-04T22:47:55+00:00,0.0,0.0,OK
Medicine Hat,Medicine Hat,2026-06-04 16:00,3.0,2.0,3,2,2026-06-04T22:47:54+00:00,3.0,2026-06-04T22:47:55+00:00,0.0,0.0,OK
Airdrie,Airdrie,2026-06-04 16:00,2.0,2.0,3,3,2026-06-04T22:47:54+00:00,2.0,2026-06-04T22:47:55+00:00,0.0,0.0,OK
Cold Lake,Cold Lake,2026-06-04 16:00,2.0,2.0,2,2,2026-06-04T22:47:54+00:00,2.0,2026-06-04T22:47:55+00:00,0.0,0.0,OK
Drayton Valley,Drayton Valley,2026-06-04 16:00,2.0,2.0,2,2,2026-06-04T22:47:54+00:00,2.0,2026-06-04T22:47:55+00:00,0.0,0.0,OK
St. Albert,St. Albert,,,2.0,3,2,2026-06-04T22:47:54+00:00,1.0,2026-06-04T22:47:55+00:00,,,OK
Strathcona County,Sherwood Park,2026-06-04 16:00,2.0,2.0,3,2,2026-06-04T22:47:54+00:00,,,,,OK
Edmonton,Edmonton,2026-06-04 16:00,2.0,,3,2,2026-06-04T23:43:31+00:00,2.0,2026-06-04T23:43:31+00:00,0.0,0.0,OK
Calgary,Calgary,2026-06-04 17:00,3.0,,3,3,2026-06-04T23:43:31+00:00,3.0,2026-06-04T23:43:31+00:00,0.0,0.0,OK
Red Deer,Red Deer,,,,2,2,2026-06-04T23:43:31+00:00,1.0,2026-06-04T23:43:31+00:00,,,OK
Fort McMurray,Fort McMurray,2026-06-04 17:00,2.0,,2,2,2026-06-04T23:43:31+00:00,2.0,2026-06-04T23:43:31+00:00,0.0,0.0,OK
Grande Prairie,Grande Prairie,2026-06-04 17:00,2.0,,2,2,2026-06-04T23:43:31+00:00,2.0,2026-06-04T23:43:31+00:00,0.0,0.0,OK
Lethbridge,Lethbridge,2026-06-04 17:00,3.0,,2,2,2026-06-04T23:43:31+00:00,3.0,2026-06-04T23:43:31+00:00,0.0,0.0,OK
Medicine Hat,Medicine Hat,2026-06-04 16:00,3.0,,3,2,2026-06-04T23:43:31+00:00,3.0,2026-06-04T23:43:31+00:00,0.0,0.0,OK
Airdrie,Airdrie,2026-06-04 17:00,2.0,,3,3,2026-06-04T23:43:31+00:00,2.0,2026-06-04T23:43:31+00:00,0.0,0.0,OK
Cold Lake,Cold Lake,2026-06-04 17:00,2.0,,2,2,2026-06-04T23:43:31+00:00,2.0,2026-06-04T23:43:31+00:00,0.0,0.0,OK
Drayton Valley,Drayton Valley,2026-06-04 16:00,2.0,,2,2,2026-06-04T23:43:31+00:00,2.0,2026-06-04T23:43:31+00:00,0.0,0.0,OK
St. Albert,St. Albert,,,,3,2,2026-06-04T23:43:31+00:00,1.0,2026-06-04T23:43:31+00:00,,,OK
Strathcona County,Sherwood Park,2026-06-04 17:00,2.0,,3,2,2026-06-04T23:43:31+00:00,,,,,OK
Edmonton,Edmonton,2026-06-04 18:00,2.0,,3,2,2026-06-05T01:23:08+00:00,2.0,2026-06-05T01:23:08+00:00,0.0,0.0,OK
Calgary,Calgary,2026-06-04 18:00,3.0,,3,3,2026-06-05T01:23:08+00:00,3.0,2026-06-05T01:23:08+00:00,0.0,0.0,OK
Red Deer,Red Deer,,,,2,2,2026-06-05T01:23:08+00:00,1.0,2026-06-05T01:23:08+00:00,,,OK
Fort McMurray,Fort McMurray,2026-06-04 18:00,2.0,,2,2,2026-06-05T01:23:08+00:00,2.0,2026-06-05T01:23:08+00:00,0.0,0.0,OK
Grande Prairie,Grande Prairie,2026-06-04 18:00,2.0,,2,2,2026-06-05T01:23:08+00:00,2.0,2026-06-05T01:23:08+00:00,0.0,0.0,OK
Lethbridge,Lethbridge,2026-06-04 18:00,3.0,,2,2,2026-06-05T01:23:08+00:00,3.0,2026-06-05T01:23:08+00:00,0.0,0.0,OK
Medicine Hat,Medicine Hat,2026-06-04 16:00,3.0,,3,2,2026-06-05T01:23:08+00:00,1.0,2026-06-05T01:23:08+00:00,2.0,2.0,Significant difference
Airdrie,Airdrie,2026-06-04 18:00,3.0,,3,3,2026-06-05T01:23:08+00:00,3.0,2026-06-05T01:23:08+00:00,0.0,0.0,OK
Cold Lake,Cold Lake,2026-06-04 19:00,2.0,,2,2,2026-06-05T01:23:08+00:00,2.0,2026-06-05T01:23:08+00:00,0.0,0.0,OK
Drayton Valley,Drayton Valley,2026-06-04 18:00,2.0,,2,2,2026-06-05T01:23:08+00:00,2.0,2026-06-05T01:23:08+00:00,0.0,0.0,OK
St. Albert,St. Albert,,,,3,2,2026-06-05T01:23:08+00:00,2.0,2026-06-05T01:23:08+00:00,,,OK
Strathcona County,Sherwood Park,2026-06-04 18:00,2.0,,3,2,2026-06-05T01:23:08+00:00,,,,,OK
Edmonton,Edmonton,2026-06-04 21:00,2.0,,3,2,2026-06-05T03:27:43+00:00,2.0,2026-06-05T03:27:43+00:00,0.0,0.0,OK
Calgary,Calgary,2026-06-04 20:00,3.0,,3,3,2026-06-05T03:27:43+00:00,3.0,2026-06-05T03:27:43+00:00,0.0,0.0,OK
Red Deer,Red Deer,2026-06-04 21:00,3.0,,2,2,2026-06-05T03:27:43+00:00,3.0,2026-06-05T03:27:43+00:00,0.0,0.0,OK
Fort McMurray,Fort McMurray,2026-06-04 20:00,2.0,,2,2,2026-06-05T03:27:43+00:00,2.0,2026-06-05T03:27:43+00:00,0.0,0.0,OK
Grande Prairie,Grande Prairie,2026-06-04 20:00,2.0,,2,2,2026-06-05T03:27:43+00:00,2.0,2026-06-05T03:27:43+00:00,0.0,0.0,OK
Lethbridge,Lethbridge,2026-06-04 21:00,3.0,,2,2,2026-06-05T03:27:43+00:00,3.0,2026-06-05T03:27:43+00:00,0.0,0.0,OK
Medicine Hat,Medicine Hat,2026-06-04 16:00,3.0,,3,2,2026-06-05T03:27:43+00:00,1.0,2026-06-05T03:27:43+00:00,2.0,2.0,Significant difference
Airdrie,Airdrie,2026-06-04 20:00,2.0,,3,3,2026-06-05T03:27:43+00:00,2.0,2026-06-05T03:27:43+00:00,0.0,0.0,OK
Cold Lake,Cold Lake,2026-06-04 21:00,2.0,,2,2,2026-06-05T03:27:43+00:00,2.0,2026-06-05T03:27:43+00:00,0.0,0.0,OK
Drayton Valley,Drayton Valley,2026-06-04 21:00,2.0,,2,2,2026-06-05T03:27:43+00:00,2.0,2026-06-05T03:27:43+00:00,0.0,0.0,OK
St. Albert,St. Albert,2026-06-04 21:00,2.0,,3,2,2026-06-05T03:27:43+00:00,2.0,2026-06-05T03:27:43+00:00,0.0,0.0,OK
Strathcona County,Sherwood Park,2026-06-04 21:00,2.0,,3,2,2026-06-05T03:27:43+00:00,,,,,OK
Edmonton,Edmonton,2026-06-04 22:00,2.0,,3,2,2026-06-05T05:48:41+00:00,2.0,2026-06-05T05:48:42+00:00,0.0,0.0,OK
Calgary,Calgary,2026-06-04 22:00,3.0,,3,3,2026-06-05T05:48:41+00:00,2.0,2026-06-05T05:48:42+00:00,1.0,1.0,Minor difference
Red Deer,Red Deer,2026-06-04 22:00,2.0,,2,2,2026-06-05T05:48:41+00:00,2.0,2026-06-05T05:48:42+00:00,0.0,0.0,OK
Fort McMurray,Fort McMurray,2026-06-04 22:00,2.0,,2,2,2026-06-05T05:48:41+00:00,2.0,2026-06-05T05:48:42+00:00,0.0,0.0,OK
Grande Prairie,Grande Prairie,2026-06-04 22:00,2.0,,2,2,2026-06-05T05:48:41+00:00,2.0,2026-06-05T05:48:42+00:00,0.0,0.0,OK
Lethbridge,Lethbridge,2026-06-04 23:00,2.0,,2,2,2026-06-05T05:48:41+00:00,2.0,2026-06-05T05:48:42+00:00,0.0,0.0,OK
Medicine Hat,Medicine Hat,,,,3,2,2026-06-05T05:48:41+00:00,1.0,2026-06-05T05:48:42+00:00,,,OK
Airdrie,Airdrie,2026-06-04 22:00,2.0,,3,3,2026-06-05T05:48:41+00:00,2.0,2026-06-05T05:48:42+00:00,0.0,0.0,OK
Cold Lake,Cold Lake,2026-06-04 23:00,2.0,,2,2,2026-06-05T05:48:41+00:00,2.0,2026-06-05T05:48:42+00:00,0.0,0.0,OK
Drayton Valley,Drayton Valley,2026-06-04 22:00,2.0,,2,2,2026-06-05T05:48:41+00:00,2.0,2026-06-05T05:48:42+00:00,0.0,0.0,OK
St. Albert,St. Albert,2026-06-04 22:00,2.0,,3,2,2026-06-05T05:48:41+00:00,2.0,2026-06-05T05:48:42+00:00,0.0,0.0,OK
Strathcona County,Sherwood Park,2026-06-04 23:00,2.0,,3,2,2026-06-05T05:48:41+00:00,,,,,OK
Edmonton,Edmonton,2026-06-05 01:00,2.0,,3,2,2026-06-05T07:49:02+00:00,2.0,2026-06-05T07:49:02+00:00,0.0,0.0,OK
Calgary,Calgary,2026-06-05 01:00,2.0,,3,3,2026-06-05T07:49:02+00:00,2.0,2026-06-05T07:49:02+00:00,0.0,0.0,OK
Red Deer,Red Deer,2026-06-05 01:00,1.0,,2,2,2026-06-05T07:49:02+00:00,1.0,2026-06-05T07:49:02+00:00,0.0,0.0,OK
Fort McMurray,Fort McMurray,2026-06-05 01:00,2.0,,2,2,2026-06-05T07:49:02+00:00,2.0,2026-06-05T07:49:02+00:00,0.0,0.0,OK
Grande Prairie,Grande Prairie,2026-06-05 01:00,2.0,,2,2,2026-06-05T07:49:02+00:00,2.0,2026-06-05T07:49:02+00:00,0.0,0.0,OK
Lethbridge,Lethbridge,2026-06-05 01:00,2.0,,2,2,2026-06-05T07:49:02+00:00,2.0,2026-06-05T07:49:02+00:00,0.0,0.0,OK
Medicine Hat,Medicine Hat,2026-06-05 01:00,2.0,,3,2,2026-06-05T07:49:02+00:00,2.0,2026-06-05T07:49:02+00:00,0.0,0.0,OK
Airdrie,Airdrie,2026-06-05 01:00,2.0,,3,3,2026-06-05T07:49:02+00:00,2.0,2026-06-05T07:49:02+00:00,0.0,0.0,OK
Cold Lake,Cold Lake,2026-06-05 01:00,1.0,,2,2,2026-06-05T07:49:02+00:00,1.0,2026-06-05T07:49:02+00:00,0.0,0.0,OK
Drayton Valley,Drayton Valley,2026-06-05 01:00,2.0,,2,2,2026-06-05T07:49:02+00:00,2.0,2026-06-05T07:49:02+00:00,0.0,0.0,OK
St. Albert,St. Albert,2026-06-05 01:00,1.0,,3,2,2026-06-05T07:49:02+00:00,1.0,2026-06-05T07:49:02+00:00,0.0,0.0,OK
Strathcona County,Sherwood Park,2026-06-05 01:00,2.0,,3,2,2026-06-05T07:49:02+00:00,,,,,OK
Edmonton,Edmonton,2026-06-05 02:00,2.0,,3,2,2026-06-05T09:29:22+00:00,2.0,2026-06-05T09:29:22+00:00,0.0,0.0,OK
Calgary,Calgary,2026-06-05 02:00,2.0,,3,3,2026-06-05T09:29:22+00:00,2.0,2026-06-05T09:29:22+00:00,0.0,0.0,OK
Red Deer,Red Deer,2026-06-05 02:00,1.0,,2,2,2026-06-05T09:29:22+00:00,1.0,2026-06-05T09:29:22+00:00,0.0,0.0,OK
Fort McMurray,Fort McMurray,2026-06-05 02:00,2.0,,2,2,2026-06-05T09:29:22+00:00,2.0,2026-06-05T09:29:22+00:00,0.0,0.0,OK
Grande Prairie,Grande Prairie,2026-06-05 02:00,2.0,,2,2,2026-06-05T09:29:22+00:00,2.0,2026-06-05T09:29:22+00:00,0.0,0.0,OK
Lethbridge,Lethbridge,2026-06-05 03:00,2.0,,2,2,2026-06-05T09:29:22+00:00,2.0,2026-06-05T09:29:22+00:00,0.0,0.0,OK
Medicine Hat,Medicine Hat,2026-06-05 02:00,2.0,,3,2,2026-06-05T09:29:22+00:00,2.0,2026-06-05T09:29:22+00:00,0.0,0.0,OK
Airdrie,Airdrie,2026-06-05 02:00,2.0,,3,3,2026-06-05T09:29:22+00:00,2.0,2026-06-05T09:29:22+00:00,0.0,0.0,OK
Cold Lake,Cold Lake,2026-06-05 03:00,2.0,,2,2,2026-06-05T09:29:22+00:00,2.0,2026-06-05T09:29:22+00:00,0.0,0.0,OK
Drayton Valley,Drayton Valley,2026-06-05 02:00,1.0,,2,2,2026-06-05T09:29:22+00:00,1.0,2026-06-05T09:29:22+00:00,0.0,0.0,OK
St. Albert,St. Albert,2026-06-05 02:00,1.0,,3,2,2026-06-05T09:29:22+00:00,1.0,2026-06-05T09:29:22+00:00,0.0,0.0,OK
Strathcona County,Sherwood Park,2026-06-05 02:00,2.0,,3,2,2026-06-05T09:29:22+00:00,,,,,OK
Edmonton,Edmonton,2026-06-05 10:00,2.0,3.0,3,3,2026-06-05T17:04:23+00:00,2.0,2026-06-05T17:04:23+00:00,0.0,0.0,OK
Calgary,Calgary,2026-06-05 10:00,2.0,3.0,3,3,2026-06-05T17:04:23+00:00,2.0,2026-06-05T17:04:23+00:00,0.0,0.0,OK
Red Deer,Red Deer,2026-06-05 10:00,2.0,2.0,2,2,2026-06-05T17:04:23+00:00,2.0,2026-06-05T17:04:23+00:00,0.0,0.0,OK
Fort McMurray,Fort McMurray,2026-06-05 10:00,2.0,2.0,2,2,2026-06-05T17:04:23+00:00,2.0,2026-06-05T17:04:23+00:00,0.0,0.0,OK
Grande Prairie,Grande Prairie,2026-06-05 10:00,2.0,2.0,2,2,2026-06-05T17:04:23+00:00,2.0,2026-06-05T17:04:23+00:00,0.0,0.0,OK
Lethbridge,Lethbridge,2026-06-05 10:00,2.0,3.0,3,3,2026-06-05T17:04:23+00:00,2.0,2026-06-05T17:04:23+00:00,0.0,0.0,OK
Medicine Hat,Medicine Hat,2026-06-05 10:00,2.0,3.0,3,3,2026-06-05T17:04:23+00:00,2.0,2026-06-05T17:04:23+00:00,0.0,0.0,OK
Airdrie,Airdrie,2026-06-05 10:00,2.0,3.0,3,3,2026-06-05T17:04:23+00:00,2.0,2026-06-05T17:04:23+00:00,0.0,0.0,OK
Cold Lake,Cold Lake,2026-06-05 10:00,2.0,2.0,2,2,2026-06-05T17:04:23+00:00,2.0,2026-06-05T17:04:23+00:00,0.0,0.0,OK
Drayton Valley,Drayton Valley,2026-06-05 10:00,2.0,3.0,3,3,2026-06-05T17:04:23+00:00,2.0,2026-06-05T17:04:23+00:00,0.0,0.0,OK
St. Albert,St. Albert,2026-06-05 10:00,2.0,3.0,3,3,2026-06-05T17:04:23+00:00,2.0,2026-06-05T17:04:23+00:00,0.0,0.0,OK
Strathcona County,Sherwood Park,2026-06-05 09:00,2.0,3.0,3,3,2026-06-05T17:04:23+00:00,,,,,OK
Edmonton,Edmonton,2026-06-05 11:00,2.0,3.0,3,3,2026-06-05T17:56:36+00:00,2.0,2026-06-05T17:56:36+00:00,0.0,0.0,OK
Calgary,Calgary,2026-06-05 11:00,3.0,3.0,3,3,2026-06-05T17:56:36+00:00,3.0,2026-06-05T17:56:36+00:00,0.0,0.0,OK
Red Deer,Red Deer,2026-06-05 11:00,2.0,2.0,2,2,2026-06-05T17:56:36+00:00,2.0,2026-06-05T17:56:36+00:00,0.0,0.0,OK
Fort McMurray,Fort McMurray,2026-06-05 11:00,2.0,2.0,2,2,2026-06-05T17:56:36+00:00,2.0,2026-06-05T17:56:36+00:00,0.0,0.0,OK
Grande Prairie,Grande Prairie,2026-06-05 11:00,2.0,2.0,2,2,2026-06-05T17:56:36+00:00,2.0,2026-06-05T17:56:36+00:00,0.0,0.0,OK
Lethbridge,Lethbridge,2026-06-05 11:00,3.0,3.0,3,3,2026-06-05T17:56:36+00:00,3.0,2026-06-05T17:56:36+00:00,0.0,0.0,OK
Medicine Hat,Medicine Hat,2026-06-05 11:00,2.0,3.0,3,3,2026-06-05T17:56:36+00:00,2.0,2026-06-05T17:56:36+00:00,0.0,0.0,OK
Airdrie,Airdrie,2026-06-05 11:00,3.0,3.0,3,3,2026-06-05T17:56:36+00:00,3.0,2026-06-05T17:56:36+00:00,0.0,0.0,OK
Cold Lake,Cold Lake,2026-06-05 11:00,2.0,2.0,2,2,2026-06-05T17:56:36+00:00,2.0,2026-06-05T17:56:36+00:00,0.0,0.0,OK
Drayton Valley,Drayton Valley,2026-06-05 11:00,2.0,3.0,3,3,2026-06-05T17:56:36+00:00,2.0,2026-06-05T17:56:36+00:00,0.0,0.0,OK
St. Albert,St. Albert,2026-06-05 11:00,2.0,3.0,3,3,2026-06-05T17:56:36+00:00,2.0,2026-06-05T17:56:36+00:00,0.0,0.0,OK
Strathcona County,Sherwood Park,2026-06-05 11:00,2.0,3.0,3,3,2026-06-05T17:56:36+00:00,,,,,OK
Edmonton,Edmonton,2026-06-05 14:00,2.0,3.0,3,3,2026-06-05T21:47:32+00:00,2.0,2026-06-05T21:47:33+00:00,0.0,0.0,OK
Calgary,Calgary,2026-06-05 14:00,3.0,3.0,3,3,2026-06-05T21:47:32+00:00,3.0,2026-06-05T21:47:33+00:00,0.0,0.0,OK
Red Deer,Red Deer,2026-06-05 14:00,3.0,2.0,2,2,2026-06-05T21:47:32+00:00,3.0,2026-06-05T21:47:33+00:00,0.0,0.0,OK
Fort McMurray,Fort McMurray,2026-06-05 14:00,2.0,2.0,2,2,2026-06-05T21:47:32+00:00,2.0,2026-06-05T21:47:33+00:00,0.0,0.0,OK
Grande Prairie,Grande Prairie,2026-06-05 14:00,2.0,2.0,2,2,2026-06-05T21:47:32+00:00,2.0,2026-06-05T21:47:33+00:00,0.0,0.0,OK
Lethbridge,Lethbridge,2026-06-05 15:00,3.0,3.0,3,3,2026-06-05T21:47:32+00:00,3.0,2026-06-05T21:47:33+00:00,0.0,0.0,OK
Medicine Hat,Medicine Hat,2026-06-05 11:00,2.0,3.0,3,3,2026-06-05T21:47:32+00:00,1.0,2026-06-05T21:47:33+00:00,1.0,1.0,Minor difference
Airdrie,Airdrie,2026-06-05 14:00,3.0,3.0,3,3,2026-06-05T21:47:32+00:00,3.0,2026-06-05T21:47:33+00:00,0.0,0.0,OK
Cold Lake,Cold Lake,2026-06-05 15:00,2.0,2.0,2,2,2026-06-05T21:47:32+00:00,2.0,2026-06-05T21:47:33+00:00,0.0,0.0,OK
Drayton Valley,Drayton Valley,2026-06-05 14:00,2.0,3.0,3,3,2026-06-05T21:47:32+00:00,2.0,2026-06-05T21:47:33+00:00,0.0,0.0,OK
St. Albert,St. Albert,2026-06-05 14:00,3.0,3.0,3,3,2026-06-05T21:47:32+00:00,3.0,2026-06-05T21:47:33+00:00,0.0,0.0,OK
Strathcona County,Sherwood Park,2026-06-05 15:00,3.0,3.0,3,3,2026-06-05T21:47:32+00:00,,,,,OK
Edmonton,Edmonton,2026-06-05 17:00,2.0,,3,3,2026-06-05T23:43:38+00:00,2.0,2026-06-05T23:43:38+00:00,0.0,0.0,OK
Calgary,Calgary,2026-06-05 17:00,3.0,,3,3,2026-06-05T23:43:38+00:00,3.0,2026-06-05T23:43:38+00:00,0.0,0.0,OK
Red Deer,Red Deer,2026-06-05 17:00,3.0,,2,2,2026-06-05T23:43:38+00:00,3.0,2026-06-05T23:43:38+00:00,0.0,0.0,OK
Fort McMurray,Fort McMurray,2026-06-05 17:00,2.0,,1,2,2026-06-05T23:43:38+00:00,2.0,2026-06-05T23:43:38+00:00,0.0,0.0,OK
Grande Prairie,Grande Prairie,2026-06-05 17:00,2.0,,2,2,2026-06-05T23:43:38+00:00,2.0,2026-06-05T23:43:38+00:00,0.0,0.0,OK
Lethbridge,Lethbridge,2026-06-05 17:00,3.0,,2,2,2026-06-05T23:43:38+00:00,3.0,2026-06-05T23:43:38+00:00,0.0,0.0,OK
Medicine Hat,Medicine Hat,2026-06-05 17:00,3.0,,3,3,2026-06-05T23:43:38+00:00,3.0,2026-06-05T23:43:38+00:00,0.0,0.0,OK
Airdrie,Airdrie,2026-06-05 17:00,3.0,,3,3,2026-06-05T23:43:38+00:00,3.0,2026-06-05T23:43:38+00:00,0.0,0.0,OK
Cold Lake,Cold Lake,2026-06-05 17:00,2.0,,2,2,2026-06-05T23:43:38+00:00,2.0,2026-06-05T23:43:38+00:00,0.0,0.0,OK
Drayton Valley,Drayton Valley,2026-06-05 17:00,3.0,,2,2,2026-06-05T23:43:38+00:00,3.0,2026-06-05T23:43:38+00:00,0.0,0.0,OK
St. Albert,St. Albert,2026-06-05 17:00,2.0,,3,3,2026-06-05T23:43:38+00:00,2.0,2026-06-05T23:43:38+00:00,0.0,0.0,OK
Strathcona County,Sherwood Park,2026-06-05 17:00,3.0,,3,3,2026-06-05T23:43:38+00:00,,,,,OK
Edmonton,Edmonton,2026-06-05 18:00,2.0,,3,3,2026-06-06T01:18:08+00:00,2.0,2026-06-06T01:18:09+00:00,0.0,0.0,OK
Calgary,Calgary,2026-06-05 18:00,3.0,,3,3,2026-06-06T01:18:08+00:00,3.0,2026-06-06T01:18:09+00:00,0.0,0.0,OK
Red Deer,Red Deer,2026-06-05 18:00,3.0,,2,2,2026-06-06T01:18:08+00:00,3.0,2026-06-06T01:18:09+00:00,0.0,0.0,OK
Fort McMurray,Fort McMurray,2026-06-05 18:00,2.0,,1,2,2026-06-06T01:18:08+00:00,2.0,2026-06-06T01:18:09+00:00,0.0,0.0,OK
Grande Prairie,Grande Prairie,2026-06-05 18:00,2.0,,2,2,2026-06-06T01:18:08+00:00,2.0,2026-06-06T01:18:09+00:00,0.0,0.0,OK
Lethbridge,Lethbridge,2026-06-05 18:00,3.0,,2,2,2026-06-06T01:18:08+00:00,3.0,2026-06-06T01:18:09+00:00,0.0,0.0,OK
Medicine Hat,Medicine Hat,2026-06-05 18:00,3.0,,3,3,2026-06-06T01:18:08+00:00,3.0,2026-06-06T01:18:09+00:00,0.0,0.0,OK
Airdrie,Airdrie,2026-06-05 18:00,3.0,,3,3,2026-06-06T01:18:08+00:00,3.0,2026-06-06T01:18:09+00:00,0.0,0.0,OK
Cold Lake,Cold Lake,2026-06-05 19:00,2.0,,2,2,2026-06-06T01:18:08+00:00,2.0,2026-06-06T01:18:09+00:00,0.0,0.0,OK
Drayton Valley,Drayton Valley,2026-06-05 18:00,2.0,,2,2,2026-06-06T01:18:08+00:00,2.0,2026-06-06T01:18:09+00:00,0.0,0.0,OK
St. Albert,St. Albert,2026-06-05 18:00,2.0,,3,3,2026-06-06T01:18:08+00:00,2.0,2026-06-06T01:18:09+00:00,0.0,0.0,OK
Strathcona County,Sherwood Park,2026-06-05 19:00,3.0,,3,3,2026-06-06T01:18:08+00:00,,,,,OK
Edmonton,Edmonton,2026-06-05 20:00,2.0,,3,3,2026-06-06T03:27:04+00:00,2.0,2026-06-06T03:27:05+00:00,0.0,0.0,OK
Calgary,Calgary,2026-06-05 20:00,3.0,,3,3,2026-06-06T03:27:04+00:00,3.0,2026-06-06T03:27:05+00:00,0.0,0.0,OK
Red Deer,Red Deer,2026-06-05 20:00,2.0,,2,2,2026-06-06T03:27:04+00:00,2.0,2026-06-06T03:27:05+00:00,0.0,0.0,OK
Fort McMurray,Fort McMurray,2026-06-05 20:00,2.0,,1,2,2026-06-06T03:27:04+00:00,2.0,2026-06-06T03:27:05+00:00,0.0,0.0,OK
Grande Prairie,Grande Prairie,2026-06-05 20:00,2.0,,2,2,2026-06-06T03:27:04+00:00,2.0,2026-06-06T03:27:05+00:00,0.0,0.0,OK
Lethbridge,Lethbridge,2026-06-05 21:00,3.0,,2,2,2026-06-06T03:27:04+00:00,3.0,2026-06-06T03:27:05+00:00,0.0,0.0,OK
Medicine Hat,Medicine Hat,2026-06-05 20:00,3.0,,3,3,2026-06-06T03:27:04+00:00,3.0,2026-06-06T03:27:05+00:00,0.0,0.0,OK
Airdrie,Airdrie,2026-06-05 20:00,3.0,,3,3,2026-06-06T03:27:04+00:00,3.0,2026-06-06T03:27:05+00:00,0.0,0.0,OK
Cold Lake,Cold Lake,2026-06-05 21:00,2.0,,2,2,2026-06-06T03:27:04+00:00,2.0,2026-06-06T03:27:05+00:00,0.0,0.0,OK
Drayton Valley,Drayton Valley,2026-06-05 20:00,2.0,,2,2,2026-06-06T03:27:04+00:00,2.0,2026-06-06T03:27:05+00:00,0.0,0.0,OK
St. Albert,St. Albert,2026-06-05 20:00,2.0,,3,3,2026-06-06T03:27:04+00:00,2.0,2026-06-06T03:27:05+00:00,0.0,0.0,OK
Strathcona County,Sherwood Park,2026-06-05 21:00,3.0,,3,3,2026-06-06T03:27:04+00:00,,,,,OK
Edmonton,Edmonton,2026-06-06 03:00,2.0,,3,3,2026-06-06T09:58:00+00:00,2.0,2026-06-06T09:58:01+00:00,0.0,0.0,OK
Calgary,Calgary,2026-06-06 03:00,2.0,,3,3,2026-06-06T09:58:00+00:00,2.0,2026-06-06T09:58:01+00:00,0.0,0.0,OK
Red Deer,Red Deer,2026-06-06 02:00,2.0,,2,2,2026-06-06T09:58:00+00:00,2.0,2026-06-06T09:58:01+00:00,0.0,0.0,OK
Fort McMurray,Fort McMurray,2026-06-06 03:00,2.0,,1,2,2026-06-06T09:58:00+00:00,2.0,2026-06-06T09:58:01+00:00,0.0,0.0,OK
Grande Prairie,Grande Prairie,2026-06-06 03:00,2.0,,2,2,2026-06-06T09:58:00+00:00,2.0,2026-06-06T09:58:01+00:00,0.0,0.0,OK
Lethbridge,Lethbridge,2026-06-06 03:00,2.0,,2,2,2026-06-06T09:58:00+00:00,2.0,2026-06-06T09:58:01+00:00,0.0,0.0,OK
Medicine Hat,Medicine Hat,2026-06-06 03:00,2.0,,3,3,2026-06-06T09:58:00+00:00,2.0,2026-06-06T09:58:01+00:00,0.0,0.0,OK
Airdrie,Airdrie,2026-06-06 03:00,2.0,,3,3,2026-06-06T09:58:00+00:00,2.0,2026-06-06T09:58:01+00:00,0.0,0.0,OK
Cold Lake,Cold Lake,2026-06-06 03:00,2.0,,2,2,2026-06-06T09:58:00+00:00,2.0,2026-06-06T09:58:01+00:00,0.0,0.0,OK
Drayton Valley,Drayton Valley,2026-06-06 03:00,2.0,,2,2,2026-06-06T09:58:00+00:00,2.0,2026-06-06T09:58:01+00:00,0.0,0.0,OK
St. Albert,St. Albert,2026-06-06 03:00,2.0,,3,3,2026-06-06T09:58:00+00:00,2.0,2026-06-06T09:58:01+00:00,0.0,0.0,OK
Strathcona County,Sherwood Park,2026-06-06 02:00,2.0,,3,3,2026-06-06T09:58:00+00:00,,,,,OK
Edmonton,Edmonton,2026-06-06 05:00,2.0,,3,3,2026-06-06T11:47:34+00:00,2.0,2026-06-06T11:47:34+00:00,0.0,0.0,OK
Calgary,Calgary,2026-06-06 04:00,2.0,,3,3,2026-06-06T11:47:34+00:00,2.0,2026-06-06T11:47:34+00:00,0.0,0.0,OK
Red Deer,Red Deer,2026-06-06 05:00,2.0,,2,2,2026-06-06T11:47:34+00:00,2.0,2026-06-06T11:47:34+00:00,0.0,0.0,OK
Fort McMurray,Fort McMurray,2026-06-06 05:00,2.0,,1,2,2026-06-06T11:47:34+00:00,2.0,2026-06-06T11:47:34+00:00,0.0,0.0,OK
Grande Prairie,Grande Prairie,2026-06-06 05:00,2.0,,2,2,2026-06-06T11:47:34+00:00,2.0,2026-06-06T11:47:34+00:00,0.0,0.0,OK
Lethbridge,Lethbridge,2026-06-06 03:00,2.0,,2,2,2026-06-06T11:47:34+00:00,1.0,2026-06-06T11:47:34+00:00,1.0,1.0,Minor difference
Medicine Hat,Medicine Hat,2026-06-06 04:00,2.0,,3,3,2026-06-06T11:47:34+00:00,2.0,2026-06-06T11:47:34+00:00,0.0,0.0,OK
Airdrie,Airdrie,2026-06-06 04:00,2.0,,3,3,2026-06-06T11:47:34+00:00,2.0,2026-06-06T11:47:34+00:00,0.0,0.0,OK
Cold Lake,Cold Lake,2026-06-06 05:00,2.0,,2,2,2026-06-06T11:47:34+00:00,2.0,2026-06-06T11:47:34+00:00,0.0,0.0,OK
Drayton Valley,Drayton Valley,2026-06-06 04:00,2.0,,2,2,2026-06-06T11:47:34+00:00,2.0,2026-06-06T11:47:34+00:00,0.0,0.0,OK
St. Albert,St. Albert,2026-06-06 04:00,2.0,,3,3,2026-06-06T11:47:34+00:00,2.0,2026-06-06T11:47:34+00:00,0.0,0.0,OK
Strathcona County,Sherwood Park,2026-06-06 05:00,2.0,,3,3,2026-06-06T11:47:34+00:00,,,,,OK
Edmonton,Edmonton,2026-06-06 06:00,2.0,3.0,2,3,2026-06-06T12:46:56+00:00,2.0,2026-06-06T12:46:56+00:00,0.0,0.0,OK
Calgary,Calgary,2026-06-06 06:00,2.0,3.0,2,3,2026-06-06T12:46:56+00:00,2.0,2026-06-06T12:46:56+00:00,0.0,0.0,OK
Red Deer,Red Deer,2026-06-06 06:00,2.0,2.0,2,2,2026-06-06T12:46:56+00:00,2.0,2026-06-06T12:46:56+00:00,0.0,0.0,OK
Fort McMurray,Fort McMurray,2026-06-06 06:00,2.0,2.0,2,2,2026-06-06T12:46:56+00:00,2.0,2026-06-06T12:46:56+00:00,0.0,0.0,OK
Grande Prairie,Grande Prairie,2026-06-06 06:00,2.0,2.0,2,2,2026-06-06T12:46:56+00:00,2.0,2026-06-06T12:46:56+00:00,0.0,0.0,OK
Lethbridge,Lethbridge,2026-06-06 03:00,2.0,2.0,2,2,2026-06-06T12:46:56+00:00,1.0,2026-06-06T12:46:56+00:00,1.0,1.0,Minor difference
Medicine Hat,Medicine Hat,2026-06-06 06:00,2.0,3.0,2,3,2026-06-06T12:46:56+00:00,2.0,2026-06-06T12:46:56+00:00,0.0,0.0,OK
Airdrie,Airdrie,2026-06-06 06:00,2.0,3.0,2,3,2026-06-06T12:46:56+00:00,2.0,2026-06-06T12:46:56+00:00,0.0,0.0,OK
Cold Lake,Cold Lake,2026-06-06 06:00,2.0,2.0,2,2,2026-06-06T12:46:56+00:00,2.0,2026-06-06T12:46:56+00:00,0.0,0.0,OK
Drayton Valley,Drayton Valley,2026-06-06 06:00,2.0,2.0,2,2,2026-06-06T12:46:56+00:00,2.0,2026-06-06T12:46:56+00:00,0.0,0.0,OK
St. Albert,St. Albert,2026-06-06 04:00,2.0,2.0,2,3,2026-06-06T12:46:56+00:00,1.0,2026-06-06T12:46:56+00:00,1.0,1.0,Minor difference
Strathcona County,Sherwood Park,2026-06-06 06:00,2.0,2.0,2,2,2026-06-06T12:46:56+00:00,,,,,OK
Edmonton,Edmonton,2026-06-06 07:00,2.0,3.0,2,3,2026-06-06T13:55:49+00:00,2.0,2026-06-06T13:55:49+00:00,0.0,0.0,OK
Calgary,Calgary,2026-06-06 07:00,2.0,3.0,2,3,2026-06-06T13:55:49+00:00,2.0,2026-06-06T13:55:49+00:00,0.0,0.0,OK
Red Deer,Red Deer,2026-06-06 06:00,2.0,2.0,2,2,2026-06-06T13:55:49+00:00,2.0,2026-06-06T13:55:49+00:00,0.0,0.0,OK
Fort McMurray,Fort McMurray,2026-06-06 07:00,2.0,2.0,2,2,2026-06-06T13:55:49+00:00,2.0,2026-06-06T13:55:49+00:00,0.0,0.0,OK
Grande Prairie,Grande Prairie,2026-06-06 07:00,2.0,2.0,2,2,2026-06-06T13:55:49+00:00,2.0,2026-06-06T13:55:49+00:00,0.0,0.0,OK
Lethbridge,Lethbridge,2026-06-06 07:00,2.0,2.0,2,2,2026-06-06T13:55:49+00:00,2.0,2026-06-06T13:55:49+00:00,0.0,0.0,OK
Medicine Hat,Medicine Hat,2026-06-06 07:00,2.0,3.0,2,3,2026-06-06T13:55:49+00:00,2.0,2026-06-06T13:55:49+00:00,0.0,0.0,OK
Airdrie,Airdrie,2026-06-06 07:00,2.0,3.0,2,3,2026-06-06T13:55:49+00:00,2.0,2026-06-06T13:55:49+00:00,0.0,0.0,OK
Cold Lake,Cold Lake,2026-06-06 07:00,2.0,2.0,2,2,2026-06-06T13:55:49+00:00,2.0,2026-06-06T13:55:49+00:00,0.0,0.0,OK
Drayton Valley,Drayton Valley,2026-06-06 07:00,2.0,2.0,2,2,2026-06-06T13:55:49+00:00,2.0,2026-06-06T13:55:49+00:00,0.0,0.0,OK
St. Albert,St. Albert,2026-06-06 04:00,2.0,2.0,2,3,2026-06-06T13:55:49+00:00,1.0,2026-06-06T13:55:49+00:00,1.0,1.0,Minor difference
Strathcona County,Sherwood Park,2026-06-06 07:00,2.0,2.0,2,2,2026-06-06T13:55:49+00:00,,,,,OK
Edmonton,Edmonton,2026-06-06 08:00,2.0,3.0,2,3,2026-06-06T14:52:09+00:00,2.0,2026-06-06T14:52:09+00:00,0.0,0.0,OK
Calgary,Calgary,2026-06-06 08:00,2.0,3.0,2,3,2026-06-06T14:52:09+00:00,2.0,2026-06-06T14:52:09+00:00,0.0,0.0,OK
Red Deer,Red Deer,2026-06-06 08:00,2.0,2.0,2,2,2026-06-06T14:52:09+00:00,2.0,2026-06-06T14:52:09+00:00,0.0,0.0,OK
Fort McMurray,Fort McMurray,2026-06-06 08:00,2.0,2.0,2,2,2026-06-06T14:52:09+00:00,2.0,2026-06-06T14:52:09+00:00,0.0,0.0,OK
Grande Prairie,Grande Prairie,2026-06-06 08:00,2.0,2.0,2,2,2026-06-06T14:52:09+00:00,2.0,2026-06-06T14:52:09+00:00,0.0,0.0,OK
Lethbridge,Lethbridge,2026-06-06 08:00,2.0,2.0,2,2,2026-06-06T14:52:09+00:00,2.0,2026-06-06T14:52:09+00:00,0.0,0.0,OK
Medicine Hat,Medicine Hat,2026-06-06 08:00,2.0,3.0,2,3,2026-06-06T14:52:09+00:00,2.0,2026-06-06T14:52:09+00:00,0.0,0.0,OK
Airdrie,Airdrie,2026-06-06 08:00,2.0,3.0,2,3,2026-06-06T14:52:09+00:00,2.0,2026-06-06T14:52:09+00:00,0.0,0.0,OK
Cold Lake,Cold Lake,2026-06-06 07:00,2.0,2.0,2,2,2026-06-06T14:52:09+00:00,1.0,2026-06-06T14:52:09+00:00,1.0,1.0,Minor difference
Drayton Valley,Drayton Valley,2026-06-06 08:00,2.0,2.0,2,2,2026-06-06T14:52:09+00:00,2.0,2026-06-06T14:52:09+00:00,0.0,0.0,OK
St. Albert,St. Albert,2026-06-06 04:00,2.0,2.0,2,3,2026-06-06T14:52:09+00:00,1.0,2026-06-06T14:52:09+00:00,1.0,1.0,Minor difference
Strathcona County,Sherwood Park,2026-06-06 08:00,2.0,2.0,2,2,2026-06-06T14:52:09+00:00,,,,,OK
Edmonton,Edmonton,2026-06-06 10:00,2.0,3.0,2,3,2026-06-06T16:41:02+00:00,2.0,2026-06-06T16:41:02+00:00,0.0,0.0,OK
Calgary,Calgary,2026-06-06 10:00,2.0,3.0,2,3,2026-06-06T16:41:02+00:00,2.0,2026-06-06T16:41:02+00:00,0.0,0.0,OK
Red Deer,Red Deer,2026-06-06 10:00,2.0,2.0,2,2,2026-06-06T16:41:02+00:00,2.0,2026-06-06T16:41:02+00:00,0.0,0.0,OK
Fort McMurray,Fort McMurray,2026-06-06 10:00,2.0,2.0,2,2,2026-06-06T16:41:02+00:00,2.0,2026-06-06T16:41:02+00:00,0.0,0.0,OK
Grande Prairie,Grande Prairie,2026-06-06 10:00,2.0,2.0,2,2,2026-06-06T16:41:02+00:00,2.0,2026-06-06T16:41:02+00:00,0.0,0.0,OK
Lethbridge,Lethbridge,2026-06-06 10:00,2.0,2.0,2,2,2026-06-06T16:41:02+00:00,2.0,2026-06-06T16:41:02+00:00,0.0,0.0,OK
Medicine Hat,Medicine Hat,2026-06-06 10:00,2.0,3.0,2,3,2026-06-06T16:41:02+00:00,2.0,2026-06-06T16:41:02+00:00,0.0,0.0,OK
Airdrie,Airdrie,2026-06-06 10:00,2.0,3.0,2,3,2026-06-06T16:41:02+00:00,2.0,2026-06-06T16:41:02+00:00,0.0,0.0,OK
Cold Lake,Cold Lake,2026-06-06 10:00,2.0,2.0,2,2,2026-06-06T16:41:02+00:00,2.0,2026-06-06T16:41:02+00:00,0.0,0.0,OK
Drayton Valley,Drayton Valley,2026-06-06 10:00,2.0,2.0,2,2,2026-06-06T16:41:02+00:00,2.0,2026-06-06T16:41:02+00:00,0.0,0.0,OK
St. Albert,St. Albert,2026-06-06 10:00,1.0,2.0,2,3,2026-06-06T16:41:02+00:00,1.0,2026-06-06T16:41:02+00:00,0.0,0.0,OK
Strathcona County,Sherwood Park,2026-06-06 10:00,2.0,2.0,2,2,2026-06-06T16:41:02+00:00,,,,,OK
Edmonton,Edmonton,2026-06-06 10:00,2.0,3.0,2,3,2026-06-06T17:42:00+00:00,2.0,2026-06-06T17:42:00+00:00,0.0,0.0,OK
Calgary,Calgary,2026-06-06 10:00,2.0,3.0,2,3,2026-06-06T17:42:00+00:00,2.0,2026-06-06T17:42:00+00:00,0.0,0.0,OK
Red Deer,Red Deer,2026-06-06 10:00,2.0,2.0,2,2,2026-06-06T17:42:00+00:00,2.0,2026-06-06T17:42:00+00:00,0.0,0.0,OK
Fort McMurray,Fort McMurray,2026-06-06 10:00,2.0,2.0,2,2,2026-06-06T17:42:00+00:00,2.0,2026-06-06T17:42:00+00:00,0.0,0.0,OK
Grande Prairie,Grande Prairie,2026-06-06 10:00,2.0,2.0,2,2,2026-06-06T17:42:00+00:00,2.0,2026-06-06T17:42:00+00:00,0.0,0.0,OK
Lethbridge,Lethbridge,2026-06-06 11:00,2.0,2.0,2,2,2026-06-06T17:42:00+00:00,2.0,2026-06-06T17:42:00+00:00,0.0,0.0,OK
Medicine Hat,Medicine Hat,2026-06-06 10:00,2.0,3.0,2,3,2026-06-06T17:42:00+00:00,2.0,2026-06-06T17:42:00+00:00,0.0,0.0,OK
Airdrie,Airdrie,2026-06-06 10:00,2.0,3.0,2,3,2026-06-06T17:42:00+00:00,2.0,2026-06-06T17:42:00+00:00,0.0,0.0,OK
Cold Lake,Cold Lake,2026-06-06 11:00,2.0,2.0,2,2,2026-06-06T17:42:00+00:00,2.0,2026-06-06T17:42:00+00:00,0.0,0.0,OK
Drayton Valley,Drayton Valley,2026-06-06 10:00,2.0,2.0,2,2,2026-06-06T17:42:00+00:00,2.0,2026-06-06T17:42:00+00:00,0.0,0.0,OK
St. Albert,St. Albert,2026-06-06 10:00,1.0,2.0,2,3,2026-06-06T17:42:00+00:00,2.0,2026-06-06T17:42:00+00:00,-1.0,1.0,Minor difference
Strathcona County,Sherwood Park,2026-06-06 11:00,2.0,2.0,2,2,2026-06-06T17:42:00+00:00,,,,,OK
Edmonton,Edmonton,2026-06-06 13:00,2.0,3.0,2,3,2026-06-06T19:48:08+00:00,2.0,2026-06-06T19:48:08+00:00,0.0,0.0,OK
Calgary,Calgary,2026-06-06 13:00,3.0,3.0,2,3,2026-06-06T19:48:08+00:00,3.0,2026-06-06T19:48:08+00:00,0.0,0.0,OK
Red Deer,Red Deer,2026-06-06 13:00,3.0,2.0,2,2,2026-06-06T19:48:08+00:00,3.0,2026-06-06T19:48:08+00:00,0.0,0.0,OK
Fort McMurray,Fort McMurray,2026-06-06 13:00,1.0,2.0,2,2,2026-06-06T19:48:08+00:00,1.0,2026-06-06T19:48:08+00:00,0.0,0.0,OK
Grande Prairie,Grande Prairie,2026-06-06 13:00,2.0,2.0,2,2,2026-06-06T19:48:08+00:00,2.0,2026-06-06T19:48:08+00:00,0.0,0.0,OK
Lethbridge,Lethbridge,2026-06-06 13:00,3.0,2.0,2,2,2026-06-06T19:48:08+00:00,3.0,2026-06-06T19:48:08+00:00,0.0,0.0,OK
Medicine Hat,Medicine Hat,2026-06-06 13:00,2.0,3.0,2,3,2026-06-06T19:48:08+00:00,2.0,2026-06-06T19:48:08+00:00,0.0,0.0,OK
Airdrie,Airdrie,2026-06-06 13:00,3.0,3.0,2,3,2026-06-06T19:48:08+00:00,3.0,2026-06-06T19:48:08+00:00,0.0,0.0,OK
Cold Lake,Cold Lake,2026-06-06 13:00,2.0,2.0,2,2,2026-06-06T19:48:08+00:00,2.0,2026-06-06T19:48:08+00:00,0.0,0.0,OK
Drayton Valley,Drayton Valley,2026-06-06 13:00,2.0,2.0,2,2,2026-06-06T19:48:08+00:00,2.0,2026-06-06T19:48:08+00:00,0.0,0.0,OK
St. Albert,St. Albert,2026-06-06 13:00,2.0,2.0,2,3,2026-06-06T19:48:08+00:00,2.0,2026-06-06T19:48:08+00:00,0.0,0.0,OK
Strathcona County,Sherwood Park,2026-06-06 13:00,2.0,2.0,2,2,2026-06-06T19:48:08+00:00,,,,,OK
Edmonton,Edmonton,2026-06-06 14:00,2.0,3.0,2,3,2026-06-06T21:40:09+00:00,2.0,2026-06-06T21:40:09+00:00,0.0,0.0,OK
Calgary,Calgary,2026-06-06 14:00,3.0,3.0,2,3,2026-06-06T21:40:09+00:00,3.0,2026-06-06T21:40:09+00:00,0.0,0.0,OK
Red Deer,Red Deer,2026-06-06 14:00,3.0,2.0,2,2,2026-06-06T21:40:09+00:00,3.0,2026-06-06T21:40:09+00:00,0.0,0.0,OK
Fort McMurray,Fort McMurray,2026-06-06 14:00,1.0,2.0,2,2,2026-06-06T21:40:09+00:00,1.0,2026-06-06T21:40:09+00:00,0.0,0.0,OK
Grande Prairie,Grande Prairie,2026-06-06 14:00,2.0,2.0,2,2,2026-06-06T21:40:09+00:00,2.0,2026-06-06T21:40:09+00:00,0.0,0.0,OK
Lethbridge,Lethbridge,2026-06-06 15:00,3.0,2.0,2,2,2026-06-06T21:40:09+00:00,3.0,2026-06-06T21:40:09+00:00,0.0,0.0,OK
Medicine Hat,Medicine Hat,2026-06-06 14:00,3.0,3.0,2,3,2026-06-06T21:40:09+00:00,3.0,2026-06-06T21:40:09+00:00,0.0,0.0,OK
Airdrie,Airdrie,2026-06-06 14:00,3.0,3.0,2,3,2026-06-06T21:40:09+00:00,3.0,2026-06-06T21:40:09+00:00,0.0,0.0,OK
Cold Lake,Cold Lake,2026-06-06 15:00,2.0,2.0,2,2,2026-06-06T21:40:09+00:00,2.0,2026-06-06T21:40:09+00:00,0.0,0.0,OK
Drayton Valley,Drayton Valley,2026-06-06 14:00,2.0,2.0,2,2,2026-06-06T21:40:09+00:00,2.0,2026-06-06T21:40:09+00:00,0.0,0.0,OK
St. Albert,St. Albert,2026-06-06 14:00,2.0,2.0,2,3,2026-06-06T21:40:09+00:00,2.0,2026-06-06T21:40:09+00:00,0.0,0.0,OK
Strathcona County,Sherwood Park,2026-06-06 15:00,2.0,2.0,2,2,2026-06-06T21:40:09+00:00,,,,,OK
Edmonton,Edmonton,2026-06-06 22:00,2.0,,3,3,2026-06-07T05:51:34+00:00,2.0,2026-06-07T05:51:34+00:00,0.0,0.0,OK
Calgary,Calgary,2026-06-06 22:00,3.0,,2,3,2026-06-07T05:51:34+00:00,3.0,2026-06-07T05:51:34+00:00,0.0,0.0,OK
Red Deer,Red Deer,2026-06-06 22:00,2.0,,2,2,2026-06-07T05:51:34+00:00,2.0,2026-06-07T05:51:34+00:00,0.0,0.0,OK
Fort McMurray,Fort McMurray,2026-06-06 22:00,1.0,,2,2,2026-06-07T05:51:34+00:00,1.0,2026-06-07T05:51:34+00:00,0.0,0.0,OK
Grande Prairie,Grande Prairie,2026-06-06 22:00,2.0,,2,2,2026-06-07T05:51:34+00:00,1.0,2026-06-07T05:51:34+00:00,1.0,1.0,Minor difference
Lethbridge,Lethbridge,2026-06-06 22:00,2.0,,2,2,2026-06-07T05:51:34+00:00,2.0,2026-06-07T05:51:34+00:00,0.0,0.0,OK
Medicine Hat,Medicine Hat,2026-06-06 22:00,2.0,,2,3,2026-06-07T05:51:34+00:00,2.0,2026-06-07T05:51:34+00:00,0.0,0.0,OK
Airdrie,Airdrie,2026-06-06 22:00,2.0,,2,3,2026-06-07T05:51:34+00:00,2.0,2026-06-07T05:51:34+00:00,0.0,0.0,OK
Cold Lake,Cold Lake,2026-06-06 22:00,2.0,,2,2,2026-06-07T05:51:34+00:00,2.0,2026-06-07T05:51:34+00:00,0.0,0.0,OK
Drayton Valley,Drayton Valley,2026-06-06 19:00,2.0,,2,2,2026-06-07T05:51:34+00:00,,2026-06-07T05:51:34+00:00,,,OK
St. Albert,St. Albert,2026-06-06 22:00,3.0,,3,3,2026-06-07T05:51:34+00:00,3.0,2026-06-07T05:51:34+00:00,0.0,0.0,OK
Strathcona County,Sherwood Park,2026-06-06 22:00,3.0,,3,3,2026-06-07T05:51:34+00:00,,,,,OK
Edmonton,Edmonton,2026-06-07 01:00,2.0,,3,3,2026-06-07T07:41:56+00:00,2.0,2026-06-07T07:41:56+00:00,0.0,0.0,OK
Calgary,Calgary,2026-06-07 00:00,2.0,,2,3,2026-06-07T07:41:56+00:00,2.0,2026-06-07T07:41:56+00:00,0.0,0.0,OK
Red Deer,Red Deer,2026-06-07 00:00,2.0,,2,2,2026-06-07T07:41:56+00:00,2.0,2026-06-07T07:41:56+00:00,0.0,0.0,OK
Fort McMurray,Fort McMurray,2026-06-07 00:00,1.0,,2,2,2026-06-07T07:41:56+00:00,1.0,2026-06-07T07:41:56+00:00,0.0,0.0,OK
Grande Prairie,Grande Prairie,2026-06-07 00:00,1.0,,2,2,2026-06-07T07:41:56+00:00,1.0,2026-06-07T07:41:56+00:00,0.0,0.0,OK
Lethbridge,Lethbridge,2026-06-07 01:00,2.0,,2,2,2026-06-07T07:41:56+00:00,2.0,2026-06-07T07:41:56+00:00,0.0,0.0,OK
Medicine Hat,Medicine Hat,2026-06-07 00:00,2.0,,2,3,2026-06-07T07:41:56+00:00,2.0,2026-06-07T07:41:56+00:00,0.0,0.0,OK
Airdrie,Airdrie,2026-06-07 00:00,2.0,,2,3,2026-06-07T07:41:56+00:00,2.0,2026-06-07T07:41:56+00:00,0.0,0.0,OK
Cold Lake,Cold Lake,2026-06-07 01:00,1.0,,2,2,2026-06-07T07:41:56+00:00,1.0,2026-06-07T07:41:56+00:00,0.0,0.0,OK
Drayton Valley,Drayton Valley,2026-06-06 19:00,2.0,,2,2,2026-06-07T07:41:56+00:00,,2026-06-07T07:41:56+00:00,,,OK
St. Albert,St. Albert,2026-06-07 01:00,2.0,,3,3,2026-06-07T07:41:56+00:00,2.0,2026-06-07T07:41:56+00:00,0.0,0.0,OK
Strathcona County,Sherwood Park,2026-06-07 01:00,2.0,,3,3,2026-06-07T07:41:56+00:00,,,,,OK
Edmonton,Edmonton,2026-06-07 02:00,2.0,,3,3,2026-06-07T09:25:50+00:00,2.0,2026-06-07T09:25:51+00:00,0.0,0.0,OK
Calgary,Calgary,2026-06-07 02:00,2.0,,2,3,2026-06-07T09:25:50+00:00,2.0,2026-06-07T09:25:51+00:00,0.0,0.0,OK
Red Deer,Red Deer,2026-06-07 02:00,2.0,,2,2,2026-06-07T09:25:50+00:00,2.0,2026-06-07T09:25:51+00:00,0.0,0.0,OK
Fort McMurray,Fort McMurray,2026-06-07 02:00,1.0,,2,2,2026-06-07T09:25:50+00:00,1.0,2026-06-07T09:25:51+00:00,0.0,0.0,OK
Grande Prairie,Grande Prairie,2026-06-07 02:00,1.0,,2,2,2026-06-07T09:25:50+00:00,1.0,2026-06-07T09:25:51+00:00,0.0,0.0,OK
Lethbridge,Lethbridge,2026-06-07 02:00,2.0,,2,2,2026-06-07T09:25:50+00:00,2.0,2026-06-07T09:25:51+00:00,0.0,0.0,OK
Medicine Hat,Medicine Hat,2026-06-07 02:00,2.0,,2,3,2026-06-07T09:25:50+00:00,2.0,2026-06-07T09:25:51+00:00,0.0,0.0,OK
Airdrie,Airdrie,2026-06-07 02:00,2.0,,2,3,2026-06-07T09:25:50+00:00,2.0,2026-06-07T09:25:51+00:00,0.0,0.0,OK
Cold Lake,Cold Lake,2026-06-07 02:00,2.0,,2,2,2026-06-07T09:25:50+00:00,1.0,2026-06-07T09:25:51+00:00,1.0,1.0,Minor difference
Drayton Valley,Drayton Valley,,,,2,2,2026-06-07T09:25:50+00:00,,2026-06-07T09:25:51+00:00,,,OK
St. Albert,St. Albert,2026-06-07 02:00,2.0,,3,3,2026-06-07T09:25:50+00:00,2.0,2026-06-07T09:25:51+00:00,0.0,0.0,OK
Strathcona County,Sherwood Park,2026-06-07 02:00,2.0,,3,3,2026-06-07T09:25:50+00:00,,,,,OK
Edmonton,Edmonton,2026-06-07 03:00,2.0,,3,3,2026-06-07T10:59:08+00:00,2.0,2026-06-07T10:59:08+00:00,0.0,0.0,OK
Calgary,Calgary,2026-06-07 03:00,2.0,,2,3,2026-06-07T10:59:08+00:00,2.0,2026-06-07T10:59:08+00:00,0.0,0.0,OK
Red Deer,Red Deer,2026-06-07 02:00,2.0,,2,2,2026-06-07T10:59:08+00:00,1.0,2026-06-07T10:59:08+00:00,1.0,1.0,Minor difference
Fort McMurray,Fort McMurray,2026-06-07 03:00,1.0,,2,2,2026-06-07T10:59:08+00:00,1.0,2026-06-07T10:59:08+00:00,0.0,0.0,OK
Grande Prairie,Grande Prairie,2026-06-07 03:00,1.0,,2,2,2026-06-07T10:59:08+00:00,1.0,2026-06-07T10:59:08+00:00,0.0,0.0,OK
Lethbridge,Lethbridge,2026-06-07 03:00,2.0,,2,2,2026-06-07T10:59:08+00:00,2.0,2026-06-07T10:59:08+00:00,0.0,0.0,OK
Medicine Hat,Medicine Hat,2026-06-07 03:00,2.0,,2,3,2026-06-07T10:59:08+00:00,2.0,2026-06-07T10:59:08+00:00,0.0,0.0,OK
Airdrie,Airdrie,2026-06-07 03:00,2.0,,2,3,2026-06-07T10:59:08+00:00,2.0,2026-06-07T10:59:08+00:00,0.0,0.0,OK
Cold Lake,Cold Lake,2026-06-07 03:00,1.0,,2,2,2026-06-07T10:59:08+00:00,1.0,2026-06-07T10:59:08+00:00,0.0,0.0,OK
Drayton Valley,Drayton Valley,,,,2,2,2026-06-07T10:59:08+00:00,,2026-06-07T10:59:08+00:00,,,OK
St. Albert,St. Albert,2026-06-07 03:00,2.0,,3,3,2026-06-07T10:59:08+00:00,1.0,2026-06-07T10:59:08+00:00,1.0,1.0,Minor difference
Strathcona County,Sherwood Park,2026-06-07 02:00,2.0,,3,3,2026-06-07T10:59:08+00:00,,,,,OK
Edmonton,Edmonton,2026-06-07 05:00,2.0,,3,3,2026-06-07T11:55:38+00:00,2.0,2026-06-07T11:55:38+00:00,0.0,0.0,OK
Calgary,Calgary,2026-06-07 04:00,2.0,,2,3,2026-06-07T11:55:38+00:00,2.0,2026-06-07T11:55:38+00:00,0.0,0.0,OK
Red Deer,Red Deer,2026-06-07 05:00,1.0,,2,2,2026-06-07T11:55:38+00:00,1.0,2026-06-07T11:55:38+00:00,0.0,0.0,OK
Fort McMurray,Fort McMurray,2026-06-07 05:00,1.0,,2,2,2026-06-07T11:55:38+00:00,1.0,2026-06-07T11:55:38+00:00,0.0,0.0,OK
Grande Prairie,Grande Prairie,2026-06-07 05:00,1.0,,2,2,2026-06-07T11:55:38+00:00,1.0,2026-06-07T11:55:38+00:00,0.0,0.0,OK
Lethbridge,Lethbridge,2026-06-07 03:00,2.0,,2,2,2026-06-07T11:55:38+00:00,1.0,2026-06-07T11:55:38+00:00,1.0,1.0,Minor difference
Medicine Hat,Medicine Hat,2026-06-07 04:00,2.0,,2,3,2026-06-07T11:55:38+00:00,2.0,2026-06-07T11:55:38+00:00,0.0,0.0,OK
Airdrie,Airdrie,2026-06-07 04:00,2.0,,2,3,2026-06-07T11:55:38+00:00,2.0,2026-06-07T11:55:38+00:00,0.0,0.0,OK
Cold Lake,Cold Lake,2026-06-07 05:00,1.0,,2,2,2026-06-07T11:55:38+00:00,1.0,2026-06-07T11:55:38+00:00,0.0,0.0,OK
Drayton Valley,Drayton Valley,,,,2,2,2026-06-07T11:55:38+00:00,,2026-06-07T11:55:38+00:00,,,OK
St. Albert,St. Albert,2026-06-07 04:00,1.0,,3,3,2026-06-07T11:55:38+00:00,1.0,2026-06-07T11:55:38+00:00,0.0,0.0,OK
Strathcona County,Sherwood Park,2026-06-07 05:00,2.0,,3,3,2026-06-07T11:55:38+00:00,,,,,OK
Edmonton,Edmonton,2026-06-07 06:00,1.0,2.0,2,2,2026-06-07T17:44:23+00:00,2.0,2026-06-07T17:44:24+00:00,-1.0,1.0,Minor difference
Calgary,Calgary,2026-06-07 06:00,2.0,2.0,2,2,2026-06-07T17:44:23+00:00,2.0,2026-06-07T17:44:24+00:00,0.0,0.0,OK
Red Deer,Red Deer,2026-06-07 06:00,1.0,2.0,2,2,2026-06-07T17:44:23+00:00,2.0,2026-06-07T17:44:24+00:00,-1.0,1.0,Minor difference
Fort McMurray,Fort McMurray,2026-06-07 06:00,1.0,2.0,2,2,2026-06-07T17:44:23+00:00,1.0,2026-06-07T17:44:24+00:00,0.0,0.0,OK
Grande Prairie,Grande Prairie,2026-06-07 06:00,1.0,2.0,2,2,2026-06-07T17:44:23+00:00,1.0,2026-06-07T17:44:24+00:00,0.0,0.0,OK
Lethbridge,Lethbridge,2026-06-07 07:00,2.0,2.0,2,2,2026-06-07T17:44:23+00:00,2.0,2026-06-07T17:44:24+00:00,0.0,0.0,OK
Medicine Hat,Medicine Hat,2026-06-07 06:00,2.0,2.0,2,2,2026-06-07T17:44:23+00:00,2.0,2026-06-07T17:44:24+00:00,0.0,0.0,OK
Airdrie,Airdrie,2026-06-07 06:00,2.0,2.0,2,2,2026-06-07T17:44:23+00:00,2.0,2026-06-07T17:44:24+00:00,0.0,0.0,OK
Cold Lake,Cold Lake,2026-06-07 06:00,1.0,2.0,2,2,2026-06-07T17:44:23+00:00,2.0,2026-06-07T17:44:24+00:00,-1.0,1.0,Minor difference
Drayton Valley,Drayton Valley,,,2.0,2,2,2026-06-07T17:44:23+00:00,1.0,2026-06-07T17:44:24+00:00,,,OK
St. Albert,St. Albert,2026-06-07 06:00,1.0,2.0,2,2,2026-06-07T17:44:23+00:00,2.0,2026-06-07T17:44:24+00:00,-1.0,1.0,Minor difference
Strathcona County,Sherwood Park,2026-06-07 07:00,2.0,2.0,2,2,2026-06-07T17:44:23+00:00,,,,,OK
Edmonton,Edmonton,,,2.0,2,2,2026-06-07T19:48:19+00:00,2.0,2026-06-07T19:48:19+00:00,,,OK
Calgary,Calgary,,,2.0,2,2,2026-06-07T19:48:19+00:00,2.0,2026-06-07T19:48:19+00:00,,,OK
Red Deer,Red Deer,,,2.0,2,2,2026-06-07T19:48:19+00:00,2.0,2026-06-07T19:48:19+00:00,,,OK
Fort McMurray,Fort McMurray,,,2.0,2,2,2026-06-07T19:48:19+00:00,1.0,2026-06-07T19:48:19+00:00,,,OK
Grande Prairie,Grande Prairie,,,2.0,2,2,2026-06-07T19:48:19+00:00,1.0,2026-06-07T19:48:19+00:00,,,OK
Lethbridge,Lethbridge,2026-06-07 07:00,2.0,2.0,2,2,2026-06-07T19:48:19+00:00,2.0,2026-06-07T19:48:19+00:00,0.0,0.0,OK
Medicine Hat,Medicine Hat,,,2.0,2,2,2026-06-07T19:48:19+00:00,2.0,2026-06-07T19:48:19+00:00,,,OK
Airdrie,Airdrie,,,2.0,2,2,2026-06-07T19:48:19+00:00,2.0,2026-06-07T19:48:19+00:00,,,OK
Cold Lake,Cold Lake,,,2.0,2,2,2026-06-07T19:48:19+00:00,2.0,2026-06-07T19:48:19+00:00,,,OK
Drayton Valley,Drayton Valley,,,2.0,2,2,2026-06-07T19:48:19+00:00,1.0,2026-06-07T19:48:19+00:00,,,OK
St. Albert,St. Albert,,,2.0,2,2,2026-06-07T19:48:19+00:00,2.0,2026-06-07T19:48:19+00:00,,,OK
Strathcona County,Sherwood Park,2026-06-07 07:00,2.0,2.0,2,2,2026-06-07T19:48:19+00:00,,,,,OK
Edmonton,Edmonton,2026-06-07 13:00,2.0,2.0,2,2,2026-06-07T20:43:26+00:00,2.0,2026-06-07T20:43:26+00:00,0.0,0.0,OK
Calgary,Calgary,2026-06-07 13:00,2.0,2.0,2,2,2026-06-07T20:43:26+00:00,2.0,2026-06-07T20:43:26+00:00,0.0,0.0,OK
Red Deer,Red Deer,2026-06-07 13:00,2.0,2.0,2,2,2026-06-07T20:43:26+00:00,2.0,2026-06-07T20:43:26+00:00,0.0,0.0,OK
Fort McMurray,Fort McMurray,2026-06-07 13:00,1.0,2.0,2,2,2026-06-07T20:43:26+00:00,2.0,2026-06-07T20:43:26+00:00,-1.0,1.0,Minor difference
Grande Prairie,Grande Prairie,2026-06-07 13:00,2.0,2.0,2,2,2026-06-07T20:43:26+00:00,2.0,2026-06-07T20:43:26+00:00,0.0,0.0,OK
Lethbridge,Lethbridge,2026-06-07 13:00,2.0,2.0,2,2,2026-06-07T20:43:26+00:00,2.0,2026-06-07T20:43:26+00:00,0.0,0.0,OK
Medicine Hat,Medicine Hat,2026-06-07 13:00,2.0,2.0,2,2,2026-06-07T20:43:26+00:00,2.0,2026-06-07T20:43:26+00:00,0.0,0.0,OK
Airdrie,Airdrie,2026-06-07 13:00,2.0,2.0,2,2,2026-06-07T20:43:26+00:00,2.0,2026-06-07T20:43:26+00:00,0.0,0.0,OK
Cold Lake,Cold Lake,2026-06-07 14:00,2.0,2.0,2,2,2026-06-07T20:43:26+00:00,2.0,2026-06-07T20:43:26+00:00,0.0,0.0,OK
Drayton Valley,Drayton Valley,,,2.0,2,2,2026-06-07T20:43:26+00:00,2.0,2026-06-07T20:43:26+00:00,,,OK
St. Albert,St. Albert,2026-06-07 13:00,2.0,2.0,2,2,2026-06-07T20:43:26+00:00,2.0,2026-06-07T20:43:26+00:00,0.0,0.0,OK
Strathcona County,Sherwood Park,2026-06-07 13:00,2.0,2.0,2,2,2026-06-07T20:43:26+00:00,,,,,OK
Edmonton,Edmonton,2026-06-07 15:00,2.0,2.0,2,2,2026-06-07T21:42:59+00:00,2.0,2026-06-07T21:42:59+00:00,0.0,0.0,OK
Calgary,Calgary,2026-06-07 15:00,2.0,2.0,2,2,2026-06-07T21:42:59+00:00,2.0,2026-06-07T21:42:59+00:00,0.0,0.0,OK
Red Deer,Red Deer,2026-06-07 15:00,2.0,2.0,2,2,2026-06-07T21:42:59+00:00,2.0,2026-06-07T21:42:59+00:00,0.0,0.0,OK
Fort McMurray,Fort McMurray,2026-06-07 15:00,2.0,2.0,2,2,2026-06-07T21:42:59+00:00,2.0,2026-06-07T21:42:59+00:00,0.0,0.0,OK
Grande Prairie,Grande Prairie,2026-06-07 15:00,2.0,2.0,2,2,2026-06-07T21:42:59+00:00,2.0,2026-06-07T21:42:59+00:00,0.0,0.0,OK
Lethbridge,Lethbridge,2026-06-07 14:00,2.0,2.0,2,2,2026-06-07T21:42:59+00:00,2.0,2026-06-07T21:42:59+00:00,0.0,0.0,OK
Medicine Hat,Medicine Hat,2026-06-07 15:00,2.0,2.0,2,2,2026-06-07T21:42:59+00:00,2.0,2026-06-07T21:42:59+00:00,0.0,0.0,OK
Airdrie,Airdrie,2026-06-07 15:00,2.0,2.0,2,2,2026-06-07T21:42:59+00:00,2.0,2026-06-07T21:42:59+00:00,0.0,0.0,OK
Cold Lake,Cold Lake,2026-06-07 15:00,2.0,2.0,2,2,2026-06-07T21:42:59+00:00,2.0,2026-06-07T21:42:59+00:00,0.0,0.0,OK
Drayton Valley,Drayton Valley,2026-06-07 15:00,2.0,2.0,2,2,2026-06-07T21:42:59+00:00,2.0,2026-06-07T21:42:59+00:00,0.0,0.0,OK
St. Albert,St. Albert,2026-06-07 15:00,2.0,2.0,2,2,2026-06-07T21:42:59+00:00,2.0,2026-06-07T21:42:59+00:00,0.0,0.0,OK
Strathcona County,Sherwood Park,2026-06-07 15:00,2.0,2.0,2,2,2026-06-07T21:42:59+00:00,,,,,OK
Edmonton,Edmonton,2026-06-07 16:00,2.0,2.0,2,2,2026-06-07T22:40:20+00:00,2.0,2026-06-07T22:40:21+00:00,0.0,0.0,OK
Calgary,Calgary,2026-06-07 16:00,2.0,2.0,2,2,2026-06-07T22:40:20+00:00,2.0,2026-06-07T22:40:21+00:00,0.0,0.0,OK
Red Deer,Red Deer,2026-06-07 16:00,2.0,2.0,2,2,2026-06-07T22:40:20+00:00,2.0,2026-06-07T22:40:21+00:00,0.0,0.0,OK
Fort McMurray,Fort McMurray,2026-06-07 16:00,2.0,2.0,2,2,2026-06-07T22:40:20+00:00,2.0,2026-06-07T22:40:21+00:00,0.0,0.0,OK
Grande Prairie,Grande Prairie,2026-06-07 16:00,2.0,2.0,2,2,2026-06-07T22:40:20+00:00,2.0,2026-06-07T22:40:21+00:00,0.0,0.0,OK
Lethbridge,Lethbridge,2026-06-07 16:00,2.0,2.0,2,2,2026-06-07T22:40:20+00:00,2.0,2026-06-07T22:40:21+00:00,0.0,0.0,OK
Medicine Hat,Medicine Hat,2026-06-07 16:00,2.0,2.0,2,2,2026-06-07T22:40:20+00:00,2.0,2026-06-07T22:40:21+00:00,0.0,0.0,OK
Airdrie,Airdrie,2026-06-07 16:00,2.0,2.0,2,2,2026-06-07T22:40:20+00:00,2.0,2026-06-07T22:40:21+00:00,0.0,0.0,OK
Cold Lake,Cold Lake,2026-06-07 16:00,2.0,2.0,2,2,2026-06-07T22:40:20+00:00,2.0,2026-06-07T22:40:21+00:00,0.0,0.0,OK
Drayton Valley,Drayton Valley,2026-06-07 16:00,2.0,2.0,2,2,2026-06-07T22:40:20+00:00,2.0,2026-06-07T22:40:21+00:00,0.0,0.0,OK
St. Albert,St. Albert,2026-06-07 16:00,2.0,2.0,2,2,2026-06-07T22:40:20+00:00,2.0,2026-06-07T22:40:21+00:00,0.0,0.0,OK
Strathcona County,Sherwood Park,2026-06-07 16:00,2.0,2.0,2,2,2026-06-07T22:40:20+00:00,,,,,OK
Edmonton,Edmonton,2026-06-07 17:00,2.0,,2,2,2026-06-07T23:39:24+00:00,2.0,2026-06-07T23:39:24+00:00,0.0,0.0,OK
Calgary,Calgary,2026-06-07 17:00,2.0,,3,3,2026-06-07T23:39:24+00:00,2.0,2026-06-07T23:39:24+00:00,0.0,0.0,OK
Red Deer,Red Deer,2026-06-07 17:00,2.0,,3,2,2026-06-07T23:39:24+00:00,2.0,2026-06-07T23:39:24+00:00,0.0,0.0,OK
Fort McMurray,Fort McMurray,2026-06-07 17:00,2.0,,2,2,2026-06-07T23:39:24+00:00,2.0,2026-06-07T23:39:24+00:00,0.0,0.0,OK
Grande Prairie,Grande Prairie,2026-06-07 17:00,2.0,,2,2,2026-06-07T23:39:24+00:00,2.0,2026-06-07T23:39:24+00:00,0.0,0.0,OK
Lethbridge,Lethbridge,2026-06-07 17:00,2.0,,3,2,2026-06-07T23:39:24+00:00,2.0,2026-06-07T23:39:24+00:00,0.0,0.0,OK
Medicine Hat,Medicine Hat,2026-06-07 17:00,3.0,,3,3,2026-06-07T23:39:24+00:00,3.0,2026-06-07T23:39:24+00:00,0.0,0.0,OK
Airdrie,Airdrie,2026-06-07 17:00,2.0,,3,3,2026-06-07T23:39:24+00:00,2.0,2026-06-07T23:39:24+00:00,0.0,0.0,OK
Cold Lake,Cold Lake,2026-06-07 17:00,2.0,,2,2,2026-06-07T23:39:24+00:00,2.0,2026-06-07T23:39:24+00:00,0.0,0.0,OK
Drayton Valley,Drayton Valley,2026-06-07 17:00,1.0,,2,2,2026-06-07T23:39:24+00:00,1.0,2026-06-07T23:39:24+00:00,0.0,0.0,OK
St. Albert,St. Albert,2026-06-07 17:00,2.0,,2,2,2026-06-07T23:39:24+00:00,2.0,2026-06-07T23:39:24+00:00,0.0,0.0,OK
Strathcona County,Sherwood Park,2026-06-07 17:00,2.0,,2,2,2026-06-07T23:39:24+00:00,,,,,OK
Edmonton,Edmonton,2026-06-07 18:00,2.0,,2,2,2026-06-08T01:27:27+00:00,2.0,2026-06-08T01:27:27+00:00,0.0,0.0,OK
Calgary,Calgary,2026-06-07 18:00,2.0,,3,3,2026-06-08T01:27:27+00:00,2.0,2026-06-08T01:27:27+00:00,0.0,0.0,OK
Red Deer,Red Deer,2026-06-07 18:00,2.0,,3,2,2026-06-08T01:27:27+00:00,2.0,2026-06-08T01:27:27+00:00,0.0,0.0,OK
Fort McMurray,Fort McMurray,2026-06-07 18:00,2.0,,2,2,2026-06-08T01:27:27+00:00,2.0,2026-06-08T01:27:27+00:00,0.0,0.0,OK
Grande Prairie,Grande Prairie,2026-06-07 18:00,2.0,,2,2,2026-06-08T01:27:27+00:00,2.0,2026-06-08T01:27:27+00:00,0.0,0.0,OK
Lethbridge,Lethbridge,2026-06-07 19:00,2.0,,3,2,2026-06-08T01:27:27+00:00,2.0,2026-06-08T01:27:27+00:00,0.0,0.0,OK
Medicine Hat,Medicine Hat,2026-06-07 18:00,3.0,,3,3,2026-06-08T01:27:27+00:00,3.0,2026-06-08T01:27:27+00:00,0.0,0.0,OK
Airdrie,Airdrie,2026-06-07 18:00,2.0,,3,3,2026-06-08T01:27:27+00:00,2.0,2026-06-08T01:27:27+00:00,0.0,0.0,OK
Cold Lake,Cold Lake,2026-06-07 19:00,2.0,,2,2,2026-06-08T01:27:27+00:00,2.0,2026-06-08T01:27:27+00:00,0.0,0.0,OK
Drayton Valley,Drayton Valley,2026-06-07 18:00,1.0,,2,2,2026-06-08T01:27:27+00:00,1.0,2026-06-08T01:27:27+00:00,0.0,0.0,OK
St. Albert,St. Albert,2026-06-07 18:00,2.0,,2,2,2026-06-08T01:27:27+00:00,2.0,2026-06-08T01:27:27+00:00,0.0,0.0,OK
Strathcona County,Sherwood Park,2026-06-07 19:00,2.0,,2,2,2026-06-08T01:27:27+00:00,,,,,OK
Edmonton,Edmonton,2026-06-07 21:00,2.0,,2,2,2026-06-08T03:28:02+00:00,2.0,2026-06-08T03:28:02+00:00,0.0,0.0,OK
Calgary,Calgary,2026-06-07 20:00,2.0,,3,3,2026-06-08T03:28:02+00:00,2.0,2026-06-08T03:28:02+00:00,0.0,0.0,OK
Red Deer,Red Deer,2026-06-07 20:00,2.0,,3,2,2026-06-08T03:28:02+00:00,2.0,2026-06-08T03:28:02+00:00,0.0,0.0,OK
Fort McMurray,Fort McMurray,2026-06-07 20:00,2.0,,2,2,2026-06-08T03:28:02+00:00,2.0,2026-06-08T03:28:02+00:00,0.0,0.0,OK
Grande Prairie,Grande Prairie,2026-06-07 20:00,2.0,,2,2,2026-06-08T03:28:02+00:00,2.0,2026-06-08T03:28:02+00:00,0.0,0.0,OK
Lethbridge,Lethbridge,2026-06-07 19:00,2.0,,3,2,2026-06-08T03:28:02+00:00,2.0,2026-06-08T03:28:02+00:00,0.0,0.0,OK
Medicine Hat,Medicine Hat,2026-06-07 20:00,2.0,,3,3,2026-06-08T03:28:02+00:00,2.0,2026-06-08T03:28:02+00:00,0.0,0.0,OK
Airdrie,Airdrie,2026-06-07 20:00,2.0,,3,3,2026-06-08T03:28:02+00:00,2.0,2026-06-08T03:28:02+00:00,0.0,0.0,OK
Cold Lake,Cold Lake,2026-06-07 21:00,2.0,,2,2,2026-06-08T03:28:02+00:00,2.0,2026-06-08T03:28:02+00:00,0.0,0.0,OK
Drayton Valley,Drayton Valley,2026-06-07 21:00,2.0,,2,2,2026-06-08T03:28:02+00:00,2.0,2026-06-08T03:28:02+00:00,0.0,0.0,OK
St. Albert,St. Albert,2026-06-07 21:00,1.0,,2,2,2026-06-08T03:28:02+00:00,1.0,2026-06-08T03:28:02+00:00,0.0,0.0,OK
Strathcona County,Sherwood Park,2026-06-07 21:00,2.0,,2,2,2026-06-08T03:28:02+00:00,,,,,OK
Edmonton,Edmonton,2026-06-07 22:00,2.0,,2,2,2026-06-08T05:55:58+00:00,2.0,2026-06-08T05:55:58+00:00,0.0,0.0,OK
Calgary,Calgary,2026-06-07 22:00,2.0,,3,3,2026-06-08T05:55:58+00:00,2.0,2026-06-08T05:55:58+00:00,0.0,0.0,OK
Red Deer,Red Deer,2026-06-07 22:00,1.0,,3,2,2026-06-08T05:55:58+00:00,1.0,2026-06-08T05:55:58+00:00,0.0,0.0,OK
Fort McMurray,Fort McMurray,2026-06-07 22:00,2.0,,2,2,2026-06-08T05:55:58+00:00,2.0,2026-06-08T05:55:58+00:00,0.0,0.0,OK
Grande Prairie,Grande Prairie,2026-06-07 22:00,2.0,,2,2,2026-06-08T05:55:58+00:00,2.0,2026-06-08T05:55:58+00:00,0.0,0.0,OK
Lethbridge,Lethbridge,2026-06-07 23:00,2.0,,3,2,2026-06-08T05:55:58+00:00,2.0,2026-06-08T05:55:58+00:00,0.0,0.0,OK
Medicine Hat,Medicine Hat,2026-06-07 22:00,2.0,,3,3,2026-06-08T05:55:58+00:00,2.0,2026-06-08T05:55:58+00:00,0.0,0.0,OK
Airdrie,Airdrie,2026-06-07 22:00,2.0,,3,3,2026-06-08T05:55:58+00:00,2.0,2026-06-08T05:55:58+00:00,0.0,0.0,OK
Cold Lake,Cold Lake,2026-06-07 23:00,2.0,,2,2,2026-06-08T05:55:58+00:00,2.0,2026-06-08T05:55:58+00:00,0.0,0.0,OK
Drayton Valley,Drayton Valley,2026-06-07 22:00,2.0,,2,2,2026-06-08T05:55:58+00:00,2.0,2026-06-08T05:55:58+00:00,0.0,0.0,OK
St. Albert,St. Albert,2026-06-07 22:00,1.0,,2,2,2026-06-08T05:55:58+00:00,1.0,2026-06-08T05:55:58+00:00,0.0,0.0,OK
Strathcona County,Sherwood Park,2026-06-07 23:00,2.0,,2,2,2026-06-08T05:55:58+00:00,,,,,OK
Edmonton,Edmonton,2026-06-08 03:00,1.0,,2,2,2026-06-08T09:53:26+00:00,1.0,2026-06-08T09:53:27+00:00,0.0,0.0,OK
Calgary,Calgary,2026-06-08 03:00,2.0,,3,3,2026-06-08T09:53:26+00:00,2.0,2026-06-08T09:53:27+00:00,0.0,0.0,OK
Red Deer,Red Deer,2026-06-08 02:00,2.0,,3,2,2026-06-08T09:53:26+00:00,2.0,2026-06-08T09:53:27+00:00,0.0,0.0,OK
Fort McMurray,Fort McMurray,2026-06-08 03:00,2.0,,2,2,2026-06-08T09:53:26+00:00,1.0,2026-06-08T09:53:27+00:00,1.0,1.0,Minor difference
Grande Prairie,Grande Prairie,2026-06-08 03:00,2.0,,2,2,2026-06-08T09:53:26+00:00,2.0,2026-06-08T09:53:27+00:00,0.0,0.0,OK
Lethbridge,Lethbridge,2026-06-08 00:00,2.0,,3,2,2026-06-08T09:53:26+00:00,,2026-06-08T09:53:27+00:00,,,OK
Medicine Hat,Medicine Hat,2026-06-08 03:00,2.0,,3,3,2026-06-08T09:53:26+00:00,2.0,2026-06-08T09:53:27+00:00,0.0,0.0,OK
Airdrie,Airdrie,2026-06-08 03:00,1.0,,3,3,2026-06-08T09:53:26+00:00,1.0,2026-06-08T09:53:27+00:00,0.0,0.0,OK
Cold Lake,Cold Lake,2026-06-08 03:00,1.0,,2,2,2026-06-08T09:53:26+00:00,1.0,2026-06-08T09:53:27+00:00,0.0,0.0,OK
Drayton Valley,Drayton Valley,2026-06-08 03:00,1.0,,2,2,2026-06-08T09:53:26+00:00,1.0,2026-06-08T09:53:27+00:00,0.0,0.0,OK
St. Albert,St. Albert,2026-06-08 03:00,1.0,,2,2,2026-06-08T09:53:26+00:00,1.0,2026-06-08T09:53:27+00:00,0.0,0.0,OK
Strathcona County,Sherwood Park,2026-06-08 02:00,1.0,,2,2,2026-06-08T09:53:26+00:00,,,,,OK
Edmonton,Edmonton,2026-06-08 05:00,2.0,,2,2,2026-06-08T11:57:24+00:00,1.0,2026-06-08T11:57:24+00:00,1.0,1.0,Minor difference
Calgary,Calgary,2026-06-08 04:00,2.0,,3,3,2026-06-08T11:57:24+00:00,2.0,2026-06-08T11:57:24+00:00,0.0,0.0,OK
Red Deer,Red Deer,2026-06-08 05:00,2.0,,3,2,2026-06-08T11:57:24+00:00,2.0,2026-06-08T11:57:24+00:00,0.0,0.0,OK
Fort McMurray,Fort McMurray,2026-06-08 05:00,2.0,,2,2,2026-06-08T11:57:24+00:00,1.0,2026-06-08T11:57:24+00:00,1.0,1.0,Minor difference
Grande Prairie,Grande Prairie,2026-06-08 05:00,2.0,,2,2,2026-06-08T11:57:24+00:00,2.0,2026-06-08T11:57:24+00:00,0.0,0.0,OK
Lethbridge,Lethbridge,2026-06-08 00:00,2.0,,3,2,2026-06-08T11:57:24+00:00,,2026-06-08T11:57:24+00:00,,,OK
Medicine Hat,Medicine Hat,2026-06-08 04:00,2.0,,3,3,2026-06-08T11:57:24+00:00,2.0,2026-06-08T11:57:24+00:00,0.0,0.0,OK
Airdrie,Airdrie,2026-06-08 04:00,1.0,,3,3,2026-06-08T11:57:24+00:00,1.0,2026-06-08T11:57:24+00:00,0.0,0.0,OK
Cold Lake,Cold Lake,2026-06-08 05:00,1.0,,2,2,2026-06-08T11:57:24+00:00,1.0,2026-06-08T11:57:24+00:00,0.0,0.0,OK
Drayton Valley,Drayton Valley,2026-06-08 04:00,1.0,,2,2,2026-06-08T11:57:24+00:00,1.0,2026-06-08T11:57:24+00:00,0.0,0.0,OK
St. Albert,St. Albert,2026-06-08 04:00,1.0,,2,2,2026-06-08T11:57:24+00:00,1.0,2026-06-08T11:57:24+00:00,0.0,0.0,OK
Strathcona County,Sherwood Park,2026-06-08 05:00,1.0,,2,2,2026-06-08T11:57:24+00:00,,,,,OK
Edmonton,Edmonton,2026-06-08 08:00,2.0,2.0,3,2,2026-06-08T15:29:10+00:00,2.0,2026-06-08T15:29:10+00:00,0.0,0.0,OK
Calgary,Calgary,2026-06-08 08:00,2.0,2.0,2,2,2026-06-08T15:29:10+00:00,2.0,2026-06-08T15:29:10+00:00,0.0,0.0,OK
Red Deer,Red Deer,2026-06-08 08:00,1.0,2.0,2,2,2026-06-08T15:29:10+00:00,1.0,2026-06-08T15:29:10+00:00,0.0,0.0,OK
Fort McMurray,Fort McMurray,2026-06-08 08:00,2.0,2.0,2,2,2026-06-08T15:29:10+00:00,2.0,2026-06-08T15:29:10+00:00,0.0,0.0,OK
Grande Prairie,Grande Prairie,2026-06-08 08:00,2.0,2.0,2,2,2026-06-08T15:29:10+00:00,2.0,2026-06-08T15:29:10+00:00,0.0,0.0,OK
Lethbridge,Lethbridge,2026-06-08 09:00,2.0,2.0,2,2,2026-06-08T15:29:10+00:00,2.0,2026-06-08T15:29:10+00:00,0.0,0.0,OK
Medicine Hat,Medicine Hat,2026-06-08 08:00,2.0,3.0,2,3,2026-06-08T15:29:10+00:00,2.0,2026-06-08T15:29:10+00:00,0.0,0.0,OK
Airdrie,Airdrie,2026-06-08 08:00,1.0,2.0,2,2,2026-06-08T15:29:10+00:00,1.0,2026-06-08T15:29:10+00:00,0.0,0.0,OK
Cold Lake,Cold Lake,2026-06-08 09:00,2.0,2.0,2,2,2026-06-08T15:29:10+00:00,2.0,2026-06-08T15:29:10+00:00,0.0,0.0,OK
Drayton Valley,Drayton Valley,2026-06-08 08:00,1.0,2.0,2,2,2026-06-08T15:29:10+00:00,1.0,2026-06-08T15:29:10+00:00,0.0,0.0,OK
St. Albert,St. Albert,2026-06-08 08:00,2.0,2.0,3,2,2026-06-08T15:29:10+00:00,2.0,2026-06-08T15:29:10+00:00,0.0,0.0,OK
Strathcona County,Sherwood Park,2026-06-08 09:00,2.0,2.0,3,2,2026-06-08T15:29:10+00:00,,,,,OK
Edmonton,Edmonton,2026-06-08 10:00,2.0,2.0,3,2,2026-06-08T17:26:09+00:00,2.0,2026-06-08T17:26:09+00:00,0.0,0.0,OK
Calgary,Calgary,2026-06-08 10:00,2.0,2.0,2,2,2026-06-08T17:26:09+00:00,2.0,2026-06-08T17:26:09+00:00,0.0,0.0,OK
Red Deer,Red Deer,2026-06-08 10:00,2.0,2.0,2,2,2026-06-08T17:26:09+00:00,2.0,2026-06-08T17:26:09+00:00,0.0,0.0,OK
Fort McMurray,Fort McMurray,2026-06-08 10:00,1.0,2.0,2,2,2026-06-08T17:26:09+00:00,1.0,2026-06-08T17:26:09+00:00,0.0,0.0,OK
Grande Prairie,Grande Prairie,2026-06-08 09:00,2.0,2.0,2,2,2026-06-08T17:26:09+00:00,2.0,2026-06-08T17:26:09+00:00,0.0,0.0,OK
Lethbridge,Lethbridge,2026-06-08 11:00,2.0,2.0,2,2,2026-06-08T17:26:09+00:00,2.0,2026-06-08T17:26:09+00:00,0.0,0.0,OK
Medicine Hat,Medicine Hat,2026-06-08 10:00,2.0,3.0,2,3,2026-06-08T17:26:09+00:00,2.0,2026-06-08T17:26:09+00:00,0.0,0.0,OK
Airdrie,Airdrie,2026-06-08 10:00,2.0,2.0,2,2,2026-06-08T17:26:09+00:00,2.0,2026-06-08T17:26:09+00:00,0.0,0.0,OK
Cold Lake,Cold Lake,2026-06-08 11:00,2.0,2.0,2,2,2026-06-08T17:26:09+00:00,2.0,2026-06-08T17:26:09+00:00,0.0,0.0,OK
Drayton Valley,Drayton Valley,2026-06-08 10:00,2.0,2.0,2,2,2026-06-08T17:26:09+00:00,2.0,2026-06-08T17:26:09+00:00,0.0,0.0,OK
St. Albert,St. Albert,2026-06-08 10:00,2.0,2.0,3,2,2026-06-08T17:26:09+00:00,2.0,2026-06-08T17:26:09+00:00,0.0,0.0,OK
Strathcona County,Sherwood Park,2026-06-08 11:00,2.0,2.0,3,2,2026-06-08T17:26:09+00:00,,,,,OK
Edmonton,Edmonton,2026-06-08 12:00,2.0,2.0,3,2,2026-06-08T19:07:03+00:00,2.0,2026-06-08T19:07:03+00:00,0.0,0.0,OK
Calgary,Calgary,2026-06-08 12:00,2.0,2.0,2,2,2026-06-08T19:07:03+00:00,2.0,2026-06-08T19:07:03+00:00,0.0,0.0,OK
Red Deer,Red Deer,2026-06-08 12:00,2.0,2.0,2,2,2026-06-08T19:07:03+00:00,2.0,2026-06-08T19:07:03+00:00,0.0,0.0,OK
Fort McMurray,Fort McMurray,2026-06-08 12:00,1.0,2.0,2,2,2026-06-08T19:07:03+00:00,1.0,2026-06-08T19:07:03+00:00,0.0,0.0,OK
Grande Prairie,Grande Prairie,2026-06-08 09:00,2.0,2.0,2,2,2026-06-08T19:07:03+00:00,2.0,2026-06-08T19:07:03+00:00,0.0,0.0,OK
Lethbridge,Lethbridge,2026-06-08 11:00,2.0,2.0,2,2,2026-06-08T19:07:03+00:00,2.0,2026-06-08T19:07:03+00:00,0.0,0.0,OK
Medicine Hat,Medicine Hat,2026-06-08 12:00,2.0,3.0,2,3,2026-06-08T19:07:03+00:00,2.0,2026-06-08T19:07:03+00:00,0.0,0.0,OK
Airdrie,Airdrie,2026-06-08 12:00,2.0,2.0,2,2,2026-06-08T19:07:03+00:00,2.0,2026-06-08T19:07:03+00:00,0.0,0.0,OK
Cold Lake,Cold Lake,2026-06-08 12:00,2.0,2.0,2,2,2026-06-08T19:07:03+00:00,2.0,2026-06-08T19:07:03+00:00,0.0,0.0,OK
Drayton Valley,Drayton Valley,2026-06-08 12:00,2.0,2.0,2,2,2026-06-08T19:07:03+00:00,2.0,2026-06-08T19:07:03+00:00,0.0,0.0,OK
St. Albert,St. Albert,2026-06-08 12:00,2.0,2.0,3,2,2026-06-08T19:07:03+00:00,2.0,2026-06-08T19:07:03+00:00,0.0,0.0,OK
Strathcona County,Sherwood Park,2026-06-08 12:00,2.0,2.0,3,2,2026-06-08T19:07:03+00:00,,,,,OK
Edmonton,Edmonton,2026-06-08 14:00,2.0,2.0,3,2,2026-06-08T21:06:08+00:00,2.0,2026-06-08T21:06:08+00:00,0.0,0.0,OK
Calgary,Calgary,2026-06-08 14:00,2.0,2.0,2,2,2026-06-08T21:06:08+00:00,2.0,2026-06-08T21:06:08+00:00,0.0,0.0,OK
Red Deer,Red Deer,2026-06-08 14:00,2.0,2.0,2,2,2026-06-08T21:06:08+00:00,2.0,2026-06-08T21:06:08+00:00,0.0,0.0,OK
Fort McMurray,Fort McMurray,2026-06-08 14:00,1.0,2.0,2,2,2026-06-08T21:06:08+00:00,1.0,2026-06-08T21:06:08+00:00,0.0,0.0,OK
Grande Prairie,Grande Prairie,2026-06-08 09:00,2.0,2.0,2,2,2026-06-08T21:06:08+00:00,2.0,2026-06-08T21:06:08+00:00,0.0,0.0,OK
Lethbridge,Lethbridge,2026-06-08 13:00,2.0,2.0,2,2,2026-06-08T21:06:08+00:00,2.0,2026-06-08T21:06:08+00:00,0.0,0.0,OK
Medicine Hat,Medicine Hat,2026-06-08 14:00,2.0,3.0,2,3,2026-06-08T21:06:08+00:00,2.0,2026-06-08T21:06:08+00:00,0.0,0.0,OK
Airdrie,Airdrie,2026-06-08 14:00,2.0,2.0,2,2,2026-06-08T21:06:08+00:00,2.0,2026-06-08T21:06:08+00:00,0.0,0.0,OK
Cold Lake,Cold Lake,2026-06-08 14:00,1.0,2.0,2,2,2026-06-08T21:06:08+00:00,1.0,2026-06-08T21:06:08+00:00,0.0,0.0,OK
Drayton Valley,Drayton Valley,2026-06-08 14:00,2.0,2.0,2,2,2026-06-08T21:06:08+00:00,2.0,2026-06-08T21:06:08+00:00,0.0,0.0,OK
St. Albert,St. Albert,2026-06-08 14:00,2.0,2.0,3,2,2026-06-08T21:06:08+00:00,2.0,2026-06-08T21:06:08+00:00,0.0,0.0,OK
Strathcona County,Sherwood Park,2026-06-08 14:00,2.0,2.0,3,2,2026-06-08T21:06:08+00:00,,,,,OK
Edmonton,Edmonton,2026-06-08 15:00,2.0,2.0,3,2,2026-06-08T21:55:44+00:00,2.0,2026-06-08T21:55:44+00:00,0.0,0.0,OK
Calgary,Calgary,2026-06-08 15:00,2.0,2.0,2,2,2026-06-08T21:55:44+00:00,2.0,2026-06-08T21:55:44+00:00,0.0,0.0,OK
Red Deer,Red Deer,2026-06-08 15:00,2.0,2.0,2,2,2026-06-08T21:55:44+00:00,2.0,2026-06-08T21:55:44+00:00,0.0,0.0,OK
Fort McMurray,Fort McMurray,2026-06-08 15:00,1.0,2.0,2,2,2026-06-08T21:55:44+00:00,1.0,2026-06-08T21:55:44+00:00,0.0,0.0,OK
Grande Prairie,Grande Prairie,2026-06-08 09:00,2.0,2.0,2,2,2026-06-08T21:55:44+00:00,2.0,2026-06-08T21:55:44+00:00,0.0,0.0,OK
Lethbridge,Lethbridge,2026-06-08 13:00,2.0,2.0,2,2,2026-06-08T21:55:44+00:00,2.0,2026-06-08T21:55:44+00:00,0.0,0.0,OK
Medicine Hat,Medicine Hat,2026-06-08 15:00,2.0,3.0,2,3,2026-06-08T21:55:44+00:00,2.0,2026-06-08T21:55:44+00:00,0.0,0.0,OK
Airdrie,Airdrie,2026-06-08 15:00,2.0,2.0,2,2,2026-06-08T21:55:44+00:00,2.0,2026-06-08T21:55:44+00:00,0.0,0.0,OK
Cold Lake,Cold Lake,2026-06-08 15:00,1.0,2.0,2,2,2026-06-08T21:55:44+00:00,1.0,2026-06-08T21:55:44+00:00,0.0,0.0,OK
Drayton Valley,Drayton Valley,2026-06-08 15:00,2.0,2.0,2,2,2026-06-08T21:55:44+00:00,2.0,2026-06-08T21:55:44+00:00,0.0,0.0,OK
St. Albert,St. Albert,2026-06-08 15:00,2.0,2.0,3,2,2026-06-08T21:55:44+00:00,2.0,2026-06-08T21:55:44+00:00,0.0,0.0,OK
Strathcona County,Sherwood Park,2026-06-08 15:00,2.0,2.0,3,2,2026-06-08T21:55:44+00:00,,,,,OK
Edmonton,Edmonton,2026-06-08 16:00,2.0,2.0,3,2,2026-06-08T22:49:44+00:00,2.0,2026-06-08T22:49:45+00:00,0.0,0.0,OK
Calgary,Calgary,2026-06-08 16:00,2.0,2.0,2,2,2026-06-08T22:49:44+00:00,2.0,2026-06-08T22:49:45+00:00,0.0,0.0,OK
Red Deer,Red Deer,2026-06-08 16:00,2.0,2.0,2,2,2026-06-08T22:49:44+00:00,2.0,2026-06-08T22:49:45+00:00,0.0,0.0,OK
Fort McMurray,Fort McMurray,2026-06-08 16:00,1.0,2.0,2,2,2026-06-08T22:49:44+00:00,1.0,2026-06-08T22:49:45+00:00,0.0,0.0,OK
Grande Prairie,Grande Prairie,,,2.0,2,2,2026-06-08T22:49:44+00:00,2.0,2026-06-08T22:49:45+00:00,,,OK
Lethbridge,Lethbridge,2026-06-08 16:00,2.0,2.0,2,2,2026-06-08T22:49:44+00:00,2.0,2026-06-08T22:49:45+00:00,0.0,0.0,OK
Medicine Hat,Medicine Hat,2026-06-08 16:00,2.0,3.0,2,3,2026-06-08T22:49:44+00:00,2.0,2026-06-08T22:49:45+00:00,0.0,0.0,OK
Airdrie,Airdrie,2026-06-08 16:00,2.0,2.0,2,2,2026-06-08T22:49:44+00:00,2.0,2026-06-08T22:49:45+00:00,0.0,0.0,OK
Cold Lake,Cold Lake,2026-06-08 16:00,2.0,2.0,2,2,2026-06-08T22:49:44+00:00,2.0,2026-06-08T22:49:45+00:00,0.0,0.0,OK
Drayton Valley,Drayton Valley,2026-06-08 16:00,2.0,2.0,2,2,2026-06-08T22:49:44+00:00,2.0,2026-06-08T22:49:45+00:00,0.0,0.0,OK
St. Albert,St. Albert,2026-06-08 16:00,2.0,2.0,3,2,2026-06-08T22:49:44+00:00,2.0,2026-06-08T22:49:45+00:00,0.0,0.0,OK
Strathcona County,Sherwood Park,2026-06-08 16:00,2.0,2.0,3,2,2026-06-08T22:49:44+00:00,,,,,OK
Edmonton,Edmonton,2026-06-08 17:00,2.0,,3,3,2026-06-08T23:43:24+00:00,2.0,2026-06-08T23:43:24+00:00,0.0,0.0,OK
Calgary,Calgary,2026-06-08 17:00,2.0,,3,3,2026-06-08T23:43:24+00:00,2.0,2026-06-08T23:43:24+00:00,0.0,0.0,OK
Red Deer,Red Deer,2026-06-08 17:00,2.0,,3,2,2026-06-08T23:43:24+00:00,2.0,2026-06-08T23:43:24+00:00,0.0,0.0,OK
Fort McMurray,Fort McMurray,2026-06-08 17:00,1.0,,2,1,2026-06-08T23:43:24+00:00,1.0,2026-06-08T23:43:24+00:00,0.0,0.0,OK
Grande Prairie,Grande Prairie,,,,2,2,2026-06-08T23:43:24+00:00,2.0,2026-06-08T23:43:24+00:00,,,OK
Lethbridge,Lethbridge,2026-06-08 17:00,2.0,,3,2,2026-06-08T23:43:24+00:00,2.0,2026-06-08T23:43:24+00:00,0.0,0.0,OK
Medicine Hat,Medicine Hat,2026-06-08 17:00,2.0,,3,2,2026-06-08T23:43:24+00:00,2.0,2026-06-08T23:43:24+00:00,0.0,0.0,OK
Airdrie,Airdrie,2026-06-08 17:00,2.0,,3,3,2026-06-08T23:43:24+00:00,2.0,2026-06-08T23:43:24+00:00,0.0,0.0,OK
Cold Lake,Cold Lake,2026-06-08 17:00,2.0,,2,2,2026-06-08T23:43:24+00:00,2.0,2026-06-08T23:43:24+00:00,0.0,0.0,OK
Drayton Valley,Drayton Valley,2026-06-08 17:00,2.0,,2,2,2026-06-08T23:43:24+00:00,2.0,2026-06-08T23:43:24+00:00,0.0,0.0,OK
St. Albert,St. Albert,2026-06-08 17:00,2.0,,3,3,2026-06-08T23:43:24+00:00,2.0,2026-06-08T23:43:24+00:00,0.0,0.0,OK
Strathcona County,Sherwood Park,2026-06-08 17:00,2.0,,3,3,2026-06-08T23:43:24+00:00,,,,,OK
Edmonton,Edmonton,2026-06-08 22:00,2.0,,3,3,2026-06-09T05:42:25+00:00,2.0,2026-06-09T05:42:25+00:00,0.0,0.0,OK
Calgary,Calgary,2026-06-08 22:00,2.0,,3,3,2026-06-09T05:42:25+00:00,2.0,2026-06-09T05:42:25+00:00,0.0,0.0,OK
Red Deer,Red Deer,2026-06-08 22:00,2.0,,3,2,2026-06-09T05:42:25+00:00,2.0,2026-06-09T05:42:25+00:00,0.0,0.0,OK
Fort McMurray,Fort McMurray,2026-06-08 22:00,2.0,,2,1,2026-06-09T05:42:25+00:00,2.0,2026-06-09T05:42:25+00:00,0.0,0.0,OK
Grande Prairie,Grande Prairie,2026-06-08 22:00,2.0,,2,2,2026-06-09T05:42:25+00:00,2.0,2026-06-09T05:42:25+00:00,0.0,0.0,OK
Lethbridge,Lethbridge,2026-06-08 22:00,2.0,,3,2,2026-06-09T05:42:25+00:00,2.0,2026-06-09T05:42:25+00:00,0.0,0.0,OK
Medicine Hat,Medicine Hat,2026-06-08 22:00,3.0,,3,2,2026-06-09T05:42:25+00:00,2.0,2026-06-09T05:42:25+00:00,1.0,1.0,Minor difference
Airdrie,Airdrie,2026-06-08 22:00,2.0,,3,3,2026-06-09T05:42:25+00:00,2.0,2026-06-09T05:42:25+00:00,0.0,0.0,OK
Cold Lake,Cold Lake,2026-06-08 22:00,2.0,,2,2,2026-06-09T05:42:25+00:00,2.0,2026-06-09T05:42:25+00:00,0.0,0.0,OK
Drayton Valley,Drayton Valley,2026-06-08 22:00,2.0,,2,2,2026-06-09T05:42:25+00:00,2.0,2026-06-09T05:42:25+00:00,0.0,0.0,OK
St. Albert,St. Albert,2026-06-08 22:00,2.0,,3,3,2026-06-09T05:42:25+00:00,2.0,2026-06-09T05:42:25+00:00,0.0,0.0,OK
Strathcona County,Sherwood Park,2026-06-08 22:00,2.0,,3,3,2026-06-09T05:42:25+00:00,,,,,OK
Edmonton,Edmonton,2026-06-09 00:00,2.0,,3,3,2026-06-09T07:33:39+00:00,2.0,2026-06-09T07:33:39+00:00,0.0,0.0,OK
Calgary,Calgary,2026-06-09 00:00,2.0,,3,3,2026-06-09T07:33:39+00:00,2.0,2026-06-09T07:33:39+00:00,0.0,0.0,OK
Red Deer,Red Deer,2026-06-09 00:00,1.0,,3,2,2026-06-09T07:33:39+00:00,1.0,2026-06-09T07:33:39+00:00,0.0,0.0,OK
Fort McMurray,Fort McMurray,2026-06-09 00:00,2.0,,2,1,2026-06-09T07:33:39+00:00,2.0,2026-06-09T07:33:39+00:00,0.0,0.0,OK
Grande Prairie,Grande Prairie,2026-06-09 00:00,2.0,,2,2,2026-06-09T07:33:39+00:00,2.0,2026-06-09T07:33:39+00:00,0.0,0.0,OK
Lethbridge,Lethbridge,2026-06-09 01:00,2.0,,3,2,2026-06-09T07:33:39+00:00,2.0,2026-06-09T07:33:39+00:00,0.0,0.0,OK
Medicine Hat,Medicine Hat,2026-06-09 00:00,2.0,,3,2,2026-06-09T07:33:39+00:00,2.0,2026-06-09T07:33:39+00:00,0.0,0.0,OK
Airdrie,Airdrie,2026-06-09 00:00,2.0,,3,3,2026-06-09T07:33:39+00:00,2.0,2026-06-09T07:33:39+00:00,0.0,0.0,OK
Cold Lake,Cold Lake,2026-06-09 01:00,2.0,,2,2,2026-06-09T07:33:39+00:00,2.0,2026-06-09T07:33:39+00:00,0.0,0.0,OK
Drayton Valley,Drayton Valley,2026-06-09 00:00,2.0,,2,2,2026-06-09T07:33:39+00:00,4.0,2026-06-09T07:33:39+00:00,-2.0,2.0,Significant difference
St. Albert,St. Albert,2026-06-09 00:00,2.0,,3,3,2026-06-09T07:33:39+00:00,2.0,2026-06-09T07:33:39+00:00,0.0,0.0,OK
Strathcona County,Sherwood Park,2026-06-09 01:00,1.0,,3,3,2026-06-09T07:33:39+00:00,,,,,OK
Edmonton,Edmonton,2026-06-09 04:00,2.0,,3,3,2026-06-09T11:26:15+00:00,2.0,2026-06-09T11:26:15+00:00,0.0,0.0,OK
Calgary,Calgary,2026-06-09 04:00,2.0,,3,3,2026-06-09T11:26:15+00:00,2.0,2026-06-09T11:26:15+00:00,0.0,0.0,OK
Red Deer,Red Deer,2026-06-09 04:00,1.0,,3,2,2026-06-09T11:26:15+00:00,1.0,2026-06-09T11:26:15+00:00,0.0,0.0,OK
Fort McMurray,Fort McMurray,2026-06-09 04:00,2.0,,2,1,2026-06-09T11:26:15+00:00,2.0,2026-06-09T11:26:15+00:00,0.0,0.0,OK
Grande Prairie,Grande Prairie,2026-06-09 03:00,2.0,,2,2,2026-06-09T11:26:15+00:00,2.0,2026-06-09T11:26:15+00:00,0.0,0.0,OK
Lethbridge,Lethbridge,2026-06-09 03:00,2.0,,3,2,2026-06-09T11:26:15+00:00,1.0,2026-06-09T11:26:15+00:00,1.0,1.0,Minor difference
Medicine Hat,Medicine Hat,2026-06-09 04:00,2.0,,3,2,2026-06-09T11:26:15+00:00,2.0,2026-06-09T11:26:15+00:00,0.0,0.0,OK
Airdrie,Airdrie,2026-06-09 04:00,2.0,,3,3,2026-06-09T11:26:15+00:00,2.0,2026-06-09T11:26:15+00:00,0.0,0.0,OK
Cold Lake,Cold Lake,2026-06-09 04:00,1.0,,2,2,2026-06-09T11:26:15+00:00,1.0,2026-06-09T11:26:15+00:00,0.0,0.0,OK
Drayton Valley,Drayton Valley,2026-06-09 04:00,3.0,,2,2,2026-06-09T11:26:15+00:00,3.0,2026-06-09T11:26:15+00:00,0.0,0.0,OK
St. Albert,St. Albert,2026-06-09 04:00,2.0,,3,3,2026-06-09T11:26:15+00:00,2.0,2026-06-09T11:26:15+00:00,0.0,0.0,OK
Strathcona County,Sherwood Park,2026-06-09 05:00,2.0,,3,3,2026-06-09T11:26:15+00:00,,,,,OK
Edmonton,Edmonton,2026-06-09 06:00,2.0,3.0,2,3,2026-06-09T13:19:05+00:00,2.0,2026-06-09T13:19:05+00:00,0.0,0.0,OK
Calgary,Calgary,2026-06-09 06:00,2.0,2.0,2,2,2026-06-09T13:19:05+00:00,2.0,2026-06-09T13:19:05+00:00,0.0,0.0,OK
Red Deer,Red Deer,2026-06-09 06:00,1.0,2.0,2,2,2026-06-09T13:19:05+00:00,1.0,2026-06-09T13:19:05+00:00,0.0,0.0,OK
Fort McMurray,Fort McMurray,2026-06-09 06:00,2.0,2.0,2,2,2026-06-09T13:19:05+00:00,2.0,2026-06-09T13:19:05+00:00,0.0,0.0,OK
Grande Prairie,Grande Prairie,2026-06-09 06:00,2.0,2.0,2,2,2026-06-09T13:19:05+00:00,2.0,2026-06-09T13:19:05+00:00,0.0,0.0,OK
Lethbridge,Lethbridge,2026-06-09 03:00,2.0,2.0,2,2,2026-06-09T13:19:05+00:00,1.0,2026-06-09T13:19:05+00:00,1.0,1.0,Minor difference
Medicine Hat,Medicine Hat,2026-06-09 06:00,2.0,2.0,2,2,2026-06-09T13:19:05+00:00,2.0,2026-06-09T13:19:05+00:00,0.0,0.0,OK
Airdrie,Airdrie,2026-06-09 06:00,2.0,2.0,2,2,2026-06-09T13:19:05+00:00,2.0,2026-06-09T13:19:05+00:00,0.0,0.0,OK
Cold Lake,Cold Lake,2026-06-09 07:00,1.0,2.0,2,2,2026-06-09T13:19:05+00:00,1.0,2026-06-09T13:19:05+00:00,0.0,0.0,OK
Drayton Valley,Drayton Valley,2026-06-09 06:00,2.0,3.0,2,2,2026-06-09T13:19:05+00:00,2.0,2026-06-09T13:19:05+00:00,0.0,0.0,OK
St. Albert,St. Albert,2026-06-09 06:00,2.0,3.0,2,3,2026-06-09T13:19:05+00:00,2.0,2026-06-09T13:19:05+00:00,0.0,0.0,OK
Strathcona County,Sherwood Park,2026-06-09 07:00,1.0,3.0,2,3,2026-06-09T13:19:05+00:00,,,,,OK
Edmonton,Edmonton,2026-06-09 11:00,2.0,3.0,2,3,2026-06-09T17:57:57+00:00,2.0,2026-06-09T17:57:58+00:00,0.0,0.0,OK
Calgary,Calgary,2026-06-09 11:00,2.0,2.0,2,2,2026-06-09T17:57:57+00:00,2.0,2026-06-09T17:57:58+00:00,0.0,0.0,OK
Red Deer,Red Deer,2026-06-09 11:00,2.0,2.0,2,2,2026-06-09T17:57:57+00:00,2.0,2026-06-09T17:57:58+00:00,0.0,0.0,OK
Fort McMurray,Fort McMurray,2026-06-09 11:00,2.0,2.0,2,2,2026-06-09T17:57:57+00:00,2.0,2026-06-09T17:57:58+00:00,0.0,0.0,OK
Grande Prairie,Grande Prairie,2026-06-09 11:00,2.0,2.0,2,2,2026-06-09T17:57:57+00:00,2.0,2026-06-09T17:57:58+00:00,0.0,0.0,OK
Lethbridge,Lethbridge,2026-06-09 11:00,2.0,2.0,2,2,2026-06-09T17:57:57+00:00,2.0,2026-06-09T17:57:58+00:00,0.0,0.0,OK
Medicine Hat,Medicine Hat,2026-06-09 11:00,2.0,2.0,2,2,2026-06-09T17:57:57+00:00,2.0,2026-06-09T17:57:58+00:00,0.0,0.0,OK
Airdrie,Airdrie,2026-06-09 11:00,2.0,2.0,2,2,2026-06-09T17:57:57+00:00,2.0,2026-06-09T17:57:58+00:00,0.0,0.0,OK
Cold Lake,Cold Lake,2026-06-09 11:00,2.0,2.0,2,2,2026-06-09T17:57:57+00:00,2.0,2026-06-09T17:57:58+00:00,0.0,0.0,OK
Drayton Valley,Drayton Valley,2026-06-09 11:00,2.0,3.0,2,2,2026-06-09T17:57:57+00:00,2.0,2026-06-09T17:57:58+00:00,0.0,0.0,OK
St. Albert,St. Albert,2026-06-09 11:00,2.0,3.0,2,3,2026-06-09T17:57:57+00:00,2.0,2026-06-09T17:57:58+00:00,0.0,0.0,OK
Strathcona County,Sherwood Park,2026-06-09 11:00,2.0,3.0,2,3,2026-06-09T17:57:57+00:00,,,,,OK
Edmonton,Edmonton,2026-06-09 14:00,3.0,3.0,2,3,2026-06-09T20:57:02+00:00,3.0,2026-06-09T20:57:02+00:00,0.0,0.0,OK
Calgary,Calgary,2026-06-09 14:00,2.0,2.0,2,2,2026-06-09T20:57:02+00:00,2.0,2026-06-09T20:57:02+00:00,0.0,0.0,OK
Red Deer,Red Deer,2026-06-09 14:00,2.0,2.0,2,2,2026-06-09T20:57:02+00:00,2.0,2026-06-09T20:57:02+00:00,0.0,0.0,OK
Fort McMurray,Fort McMurray,2026-06-09 14:00,2.0,2.0,2,2,2026-06-09T20:57:02+00:00,2.0,2026-06-09T20:57:02+00:00,0.0,0.0,OK
Grande Prairie,Grande Prairie,2026-06-09 14:00,2.0,2.0,2,2,2026-06-09T20:57:02+00:00,2.0,2026-06-09T20:57:02+00:00,0.0,0.0,OK
Lethbridge,Lethbridge,2026-06-09 14:00,2.0,2.0,2,2,2026-06-09T20:57:02+00:00,2.0,2026-06-09T20:57:02+00:00,0.0,0.0,OK
Medicine Hat,Medicine Hat,2026-06-09 14:00,3.0,2.0,2,2,2026-06-09T20:57:02+00:00,3.0,2026-06-09T20:57:02+00:00,0.0,0.0,OK
Airdrie,Airdrie,2026-06-09 11:00,2.0,2.0,2,2,2026-06-09T20:57:02+00:00,1.0,2026-06-09T20:57:02+00:00,1.0,1.0,Minor difference
Cold Lake,Cold Lake,2026-06-09 14:00,2.0,2.0,2,2,2026-06-09T20:57:02+00:00,2.0,2026-06-09T20:57:02+00:00,0.0,0.0,OK
Drayton Valley,Drayton Valley,2026-06-09 14:00,2.0,3.0,2,2,2026-06-09T20:57:02+00:00,2.0,2026-06-09T20:57:02+00:00,0.0,0.0,OK
St. Albert,St. Albert,2026-06-09 14:00,3.0,3.0,2,3,2026-06-09T20:57:02+00:00,3.0,2026-06-09T20:57:02+00:00,0.0,0.0,OK
Strathcona County,Sherwood Park,2026-06-09 14:00,2.0,3.0,2,3,2026-06-09T20:57:02+00:00,,,,,OK
Edmonton,Edmonton,2026-06-09 15:00,3.0,3.0,2,3,2026-06-09T21:55:20+00:00,3.0,2026-06-09T21:55:21+00:00,0.0,0.0,OK
Calgary,Calgary,2026-06-09 15:00,2.0,2.0,2,2,2026-06-09T21:55:20+00:00,2.0,2026-06-09T21:55:21+00:00,0.0,0.0,OK
Red Deer,Red Deer,2026-06-09 15:00,2.0,2.0,2,2,2026-06-09T21:55:20+00:00,2.0,2026-06-09T21:55:21+00:00,0.0,0.0,OK
Fort McMurray,Fort McMurray,2026-06-09 15:00,2.0,2.0,2,2,2026-06-09T21:55:20+00:00,2.0,2026-06-09T21:55:21+00:00,0.0,0.0,OK
Grande Prairie,Grande Prairie,2026-06-09 15:00,2.0,2.0,2,2,2026-06-09T21:55:20+00:00,2.0,2026-06-09T21:55:21+00:00,0.0,0.0,OK
Lethbridge,Lethbridge,2026-06-09 15:00,2.0,2.0,2,2,2026-06-09T21:55:20+00:00,2.0,2026-06-09T21:55:21+00:00,0.0,0.0,OK
Medicine Hat,Medicine Hat,2026-06-09 15:00,3.0,2.0,2,2,2026-06-09T21:55:20+00:00,3.0,2026-06-09T21:55:21+00:00,0.0,0.0,OK
Airdrie,Airdrie,2026-06-09 11:00,2.0,2.0,2,2,2026-06-09T21:55:20+00:00,1.0,2026-06-09T21:55:21+00:00,1.0,1.0,Minor difference
Cold Lake,Cold Lake,2026-06-09 15:00,2.0,2.0,2,2,2026-06-09T21:55:20+00:00,2.0,2026-06-09T21:55:21+00:00,0.0,0.0,OK
Drayton Valley,Drayton Valley,2026-06-09 15:00,2.0,3.0,2,2,2026-06-09T21:55:20+00:00,2.0,2026-06-09T21:55:21+00:00,0.0,0.0,OK
St. Albert,St. Albert,2026-06-09 15:00,3.0,3.0,2,3,2026-06-09T21:55:20+00:00,3.0,2026-06-09T21:55:21+00:00,0.0,0.0,OK
Strathcona County,Sherwood Park,2026-06-09 15:00,2.0,3.0,2,3,2026-06-09T21:55:20+00:00,,,,,OK
Edmonton,Edmonton,2026-06-09 16:00,3.0,3.0,2,3,2026-06-09T22:49:47+00:00,3.0,2026-06-09T22:49:47+00:00,0.0,0.0,OK
Calgary,Calgary,2026-06-09 16:00,2.0,2.0,2,2,2026-06-09T22:49:47+00:00,2.0,2026-06-09T22:49:47+00:00,0.0,0.0,OK
Red Deer,Red Deer,2026-06-09 16:00,2.0,2.0,2,2,2026-06-09T22:49:47+00:00,2.0,2026-06-09T22:49:47+00:00,0.0,0.0,OK
Fort McMurray,Fort McMurray,2026-06-09 16:00,2.0,2.0,2,2,2026-06-09T22:49:47+00:00,2.0,2026-06-09T22:49:47+00:00,0.0,0.0,OK
Grande Prairie,Grande Prairie,2026-06-09 16:00,2.0,2.0,2,2,2026-06-09T22:49:47+00:00,2.0,2026-06-09T22:49:47+00:00,0.0,0.0,OK
Lethbridge,Lethbridge,2026-06-09 16:00,2.0,2.0,2,2,2026-06-09T22:49:47+00:00,2.0,2026-06-09T22:49:47+00:00,0.0,0.0,OK
Medicine Hat,Medicine Hat,2026-06-09 16:00,3.0,2.0,2,2,2026-06-09T22:49:47+00:00,3.0,2026-06-09T22:49:47+00:00,0.0,0.0,OK
Airdrie,Airdrie,2026-06-09 11:00,2.0,2.0,2,2,2026-06-09T22:49:47+00:00,1.0,2026-06-09T22:49:47+00:00,1.0,1.0,Minor difference
Cold Lake,Cold Lake,2026-06-09 16:00,3.0,2.0,2,2,2026-06-09T22:49:47+00:00,3.0,2026-06-09T22:49:47+00:00,0.0,0.0,OK
Drayton Valley,Drayton Valley,2026-06-09 16:00,2.0,3.0,2,2,2026-06-09T22:49:47+00:00,2.0,2026-06-09T22:49:47+00:00,0.0,0.0,OK
St. Albert,St. Albert,2026-06-09 16:00,3.0,3.0,2,3,2026-06-09T22:49:47+00:00,3.0,2026-06-09T22:49:47+00:00,0.0,0.0,OK
Strathcona County,Sherwood Park,2026-06-09 16:00,2.0,3.0,2,3,2026-06-09T22:49:47+00:00,,,,,OK
Edmonton,Edmonton,2026-06-09 17:00,3.0,,3,3,2026-06-09T23:46:14+00:00,3.0,2026-06-09T23:46:15+00:00,0.0,0.0,OK
Calgary,Calgary,2026-06-09 17:00,2.0,,3,3,2026-06-09T23:46:14+00:00,2.0,2026-06-09T23:46:15+00:00,0.0,0.0,OK
Red Deer,Red Deer,2026-06-09 17:00,3.0,,2,2,2026-06-09T23:46:14+00:00,3.0,2026-06-09T23:46:15+00:00,0.0,0.0,OK
Fort McMurray,Fort McMurray,2026-06-09 17:00,2.0,,2,2,2026-06-09T23:46:14+00:00,2.0,2026-06-09T23:46:15+00:00,0.0,0.0,OK
Grande Prairie,Grande Prairie,2026-06-09 17:00,3.0,,2,2,2026-06-09T23:46:14+00:00,2.0,2026-06-09T23:46:15+00:00,1.0,1.0,Minor difference
Lethbridge,Lethbridge,2026-06-09 16:00,2.0,,2,3,2026-06-09T23:46:14+00:00,2.0,2026-06-09T23:46:15+00:00,0.0,0.0,OK
Medicine Hat,Medicine Hat,2026-06-09 17:00,3.0,,2,3,2026-06-09T23:46:14+00:00,3.0,2026-06-09T23:46:15+00:00,0.0,0.0,OK
Airdrie,Airdrie,2026-06-09 11:00,2.0,,3,3,2026-06-09T23:46:14+00:00,,2026-06-09T23:46:15+00:00,,,OK
Cold Lake,Cold Lake,2026-06-09 17:00,3.0,,2,3,2026-06-09T23:46:14+00:00,3.0,2026-06-09T23:46:15+00:00,0.0,0.0,OK
Drayton Valley,Drayton Valley,2026-06-09 17:00,3.0,,2,2,2026-06-09T23:46:14+00:00,3.0,2026-06-09T23:46:15+00:00,0.0,0.0,OK
St. Albert,St. Albert,2026-06-09 17:00,3.0,,3,3,2026-06-09T23:46:14+00:00,3.0,2026-06-09T23:46:15+00:00,0.0,0.0,OK
Strathcona County,Sherwood Park,2026-06-09 17:00,3.0,,3,3,2026-06-09T23:46:14+00:00,,,,,OK
Edmonton,Edmonton,2026-06-10 01:00,2.0,,3,3,2026-06-10T07:49:06+00:00,2.0,2026-06-10T07:49:06+00:00,0.0,0.0,OK
Calgary,Calgary,2026-06-10 01:00,2.0,,3,3,2026-06-10T07:49:06+00:00,2.0,2026-06-10T07:49:06+00:00,0.0,0.0,OK
Red Deer,Red Deer,2026-06-10 01:00,2.0,,2,2,2026-06-10T07:49:06+00:00,2.0,2026-06-10T07:49:06+00:00,0.0,0.0,OK
Fort McMurray,Fort McMurray,2026-06-10 01:00,1.0,,2,2,2026-06-10T07:49:06+00:00,1.0,2026-06-10T07:49:06+00:00,0.0,0.0,OK
Grande Prairie,Grande Prairie,2026-06-10 01:00,2.0,,2,2,2026-06-10T07:49:06+00:00,2.0,2026-06-10T07:49:06+00:00,0.0,0.0,OK
Lethbridge,Lethbridge,2026-06-09 23:00,1.0,,2,3,2026-06-10T07:49:06+00:00,1.0,2026-06-10T07:49:06+00:00,0.0,0.0,OK
Medicine Hat,Medicine Hat,2026-06-10 01:00,1.0,,2,3,2026-06-10T07:49:06+00:00,1.0,2026-06-10T07:49:06+00:00,0.0,0.0,OK
Airdrie,Airdrie,,,,3,3,2026-06-10T07:49:06+00:00,,2026-06-10T07:49:06+00:00,,,OK
Cold Lake,Cold Lake,2026-06-10 01:00,1.0,,2,3,2026-06-10T07:49:06+00:00,1.0,2026-06-10T07:49:06+00:00,0.0,0.0,OK
Drayton Valley,Drayton Valley,2026-06-10 01:00,2.0,,2,2,2026-06-10T07:49:06+00:00,2.0,2026-06-10T07:49:06+00:00,0.0,0.0,OK
St. Albert,St. Albert,2026-06-10 01:00,2.0,,3,3,2026-06-10T07:49:06+00:00,2.0,2026-06-10T07:49:06+00:00,0.0,0.0,OK
Strathcona County,Sherwood Park,2026-06-10 01:00,2.0,,3,3,2026-06-10T07:49:06+00:00,,,,,OK
Edmonton,Edmonton,2026-06-10 02:00,2.0,,3,3,2026-06-10T09:33:09+00:00,2.0,2026-06-10T09:33:10+00:00,0.0,0.0,OK
Calgary,Calgary,2026-06-10 02:00,2.0,,3,3,2026-06-10T09:33:09+00:00,2.0,2026-06-10T09:33:10+00:00,0.0,0.0,OK
Red Deer,Red Deer,2026-06-10 02:00,2.0,,2,2,2026-06-10T09:33:09+00:00,1.0,2026-06-10T09:33:10+00:00,1.0,1.0,Minor difference
Fort McMurray,Fort McMurray,2026-06-10 02:00,1.0,,2,2,2026-06-10T09:33:09+00:00,1.0,2026-06-10T09:33:10+00:00,0.0,0.0,OK
Grande Prairie,Grande Prairie,2026-06-10 02:00,2.0,,2,2,2026-06-10T09:33:09+00:00,2.0,2026-06-10T09:33:10+00:00,0.0,0.0,OK
Lethbridge,Lethbridge,2026-06-10 03:00,1.0,,2,3,2026-06-10T09:33:09+00:00,1.0,2026-06-10T09:33:10+00:00,0.0,0.0,OK
Medicine Hat,Medicine Hat,2026-06-10 02:00,1.0,,2,3,2026-06-10T09:33:09+00:00,1.0,2026-06-10T09:33:10+00:00,0.0,0.0,OK
Airdrie,Airdrie,,,,3,3,2026-06-10T09:33:09+00:00,,2026-06-10T09:33:10+00:00,,,OK
Cold Lake,Cold Lake,2026-06-10 03:00,1.0,,2,3,2026-06-10T09:33:09+00:00,1.0,2026-06-10T09:33:10+00:00,0.0,0.0,OK
Drayton Valley,Drayton Valley,2026-06-10 02:00,2.0,,2,2,2026-06-10T09:33:09+00:00,2.0,2026-06-10T09:33:10+00:00,0.0,0.0,OK
St. Albert,St. Albert,2026-06-10 02:00,2.0,,3,3,2026-06-10T09:33:09+00:00,2.0,2026-06-10T09:33:10+00:00,0.0,0.0,OK
Strathcona County,Sherwood Park,2026-06-10 03:00,2.0,,3,3,2026-06-10T09:33:09+00:00,,,,,OK
Edmonton,Edmonton,2026-06-10 12:00,2.0,3.0,3,3,2026-06-10T19:12:13+00:00,2.0,2026-06-10T19:12:13+00:00,0.0,0.0,OK
Calgary,Calgary,2026-06-10 12:00,2.0,2.0,2,2,2026-06-10T19:12:13+00:00,2.0,2026-06-10T19:12:13+00:00,0.0,0.0,OK
Red Deer,Red Deer,2026-06-10 12:00,2.0,3.0,3,3,2026-06-10T19:12:13+00:00,2.0,2026-06-10T19:12:13+00:00,0.0,0.0,OK
Fort McMurray,Fort McMurray,2026-06-10 12:00,2.0,2.0,2,2,2026-06-10T19:12:13+00:00,2.0,2026-06-10T19:12:13+00:00,0.0,0.0,OK
Grande Prairie,Grande Prairie,2026-06-10 12:00,2.0,2.0,2,2,2026-06-10T19:12:13+00:00,2.0,2026-06-10T19:12:13+00:00,0.0,0.0,OK
Lethbridge,Lethbridge,2026-06-10 12:00,2.0,2.0,2,2,2026-06-10T19:12:13+00:00,2.0,2026-06-10T19:12:13+00:00,0.0,0.0,OK
Medicine Hat,Medicine Hat,2026-06-10 12:00,2.0,3.0,2,3,2026-06-10T19:12:13+00:00,2.0,2026-06-10T19:12:13+00:00,0.0,0.0,OK
Airdrie,Airdrie,,,2.0,2,2,2026-06-10T19:12:13+00:00,,2026-06-10T19:12:13+00:00,,,OK
Cold Lake,Cold Lake,2026-06-10 10:00,2.0,2.0,2,2,2026-06-10T19:12:13+00:00,1.0,2026-06-10T19:12:13+00:00,1.0,1.0,Minor difference
Drayton Valley,Drayton Valley,2026-06-10 12:00,2.0,2.0,2,2,2026-06-10T19:12:13+00:00,2.0,2026-06-10T19:12:13+00:00,0.0,0.0,OK
St. Albert,St. Albert,2026-06-10 12:00,2.0,3.0,3,3,2026-06-10T19:12:13+00:00,2.0,2026-06-10T19:12:13+00:00,0.0,0.0,OK
Strathcona County,Sherwood Park,2026-06-10 11:00,2.0,3.0,3,3,2026-06-10T19:12:13+00:00,,,,,OK
Edmonton,Edmonton,2026-06-10 14:00,2.0,3.0,3,3,2026-06-10T21:10:07+00:00,2.0,2026-06-10T21:10:07+00:00,0.0,0.0,OK
Calgary,Calgary,2026-06-10 14:00,2.0,2.0,2,2,2026-06-10T21:10:07+00:00,2.0,2026-06-10T21:10:07+00:00,0.0,0.0,OK
Red Deer,Red Deer,2026-06-10 14:00,2.0,3.0,3,3,2026-06-10T21:10:07+00:00,2.0,2026-06-10T21:10:07+00:00,0.0,0.0,OK
Fort McMurray,Fort McMurray,2026-06-10 14:00,2.0,2.0,2,2,2026-06-10T21:10:07+00:00,2.0,2026-06-10T21:10:07+00:00,0.0,0.0,OK
Grande Prairie,Grande Prairie,2026-06-10 14:00,2.0,2.0,2,2,2026-06-10T21:10:07+00:00,2.0,2026-06-10T21:10:07+00:00,0.0,0.0,OK
Lethbridge,Lethbridge,2026-06-10 14:00,2.0,2.0,2,2,2026-06-10T21:10:07+00:00,2.0,2026-06-10T21:10:07+00:00,0.0,0.0,OK
Medicine Hat,Medicine Hat,2026-06-10 14:00,2.0,3.0,2,3,2026-06-10T21:10:07+00:00,2.0,2026-06-10T21:10:07+00:00,0.0,0.0,OK
Airdrie,Airdrie,,,2.0,2,2,2026-06-10T21:10:07+00:00,1.0,2026-06-10T21:10:07+00:00,,,OK
Cold Lake,Cold Lake,2026-06-10 10:00,2.0,2.0,2,2,2026-06-10T21:10:07+00:00,1.0,2026-06-10T21:10:07+00:00,1.0,1.0,Minor difference
Drayton Valley,Drayton Valley,2026-06-10 14:00,2.0,2.0,2,2,2026-06-10T21:10:07+00:00,2.0,2026-06-10T21:10:07+00:00,0.0,0.0,OK
St. Albert,St. Albert,2026-06-10 14:00,2.0,3.0,3,3,2026-06-10T21:10:07+00:00,2.0,2026-06-10T21:10:07+00:00,0.0,0.0,OK
Strathcona County,Sherwood Park,2026-06-10 13:00,2.0,3.0,3,3,2026-06-10T21:10:07+00:00,,,,,OK
Edmonton,Edmonton,2026-06-10 15:00,2.0,3.0,3,3,2026-06-10T21:57:43+00:00,2.0,2026-06-10T21:57:43+00:00,0.0,0.0,OK
Calgary,Calgary,2026-06-10 15:00,2.0,2.0,2,2,2026-06-10T21:57:43+00:00,2.0,2026-06-10T21:57:43+00:00,0.0,0.0,OK
Red Deer,Red Deer,2026-06-10 15:00,2.0,3.0,3,3,2026-06-10T21:57:43+00:00,2.0,2026-06-10T21:57:43+00:00,0.0,0.0,OK
Fort McMurray,Fort McMurray,2026-06-10 15:00,2.0,2.0,2,2,2026-06-10T21:57:43+00:00,2.0,2026-06-10T21:57:43+00:00,0.0,0.0,OK
Grande Prairie,Grande Prairie,2026-06-10 15:00,2.0,2.0,2,2,2026-06-10T21:57:43+00:00,2.0,2026-06-10T21:57:43+00:00,0.0,0.0,OK
Lethbridge,Lethbridge,2026-06-10 14:00,2.0,2.0,2,2,2026-06-10T21:57:43+00:00,2.0,2026-06-10T21:57:43+00:00,0.0,0.0,OK
Medicine Hat,Medicine Hat,2026-06-10 15:00,2.0,3.0,2,3,2026-06-10T21:57:43+00:00,2.0,2026-06-10T21:57:43+00:00,0.0,0.0,OK
Airdrie,Airdrie,,,2.0,2,2,2026-06-10T21:57:43+00:00,1.0,2026-06-10T21:57:43+00:00,,,OK
Cold Lake,Cold Lake,2026-06-10 10:00,2.0,2.0,2,2,2026-06-10T21:57:43+00:00,1.0,2026-06-10T21:57:43+00:00,1.0,1.0,Minor difference
Drayton Valley,Drayton Valley,2026-06-10 15:00,2.0,2.0,2,2,2026-06-10T21:57:43+00:00,2.0,2026-06-10T21:57:43+00:00,0.0,0.0,OK
St. Albert,St. Albert,2026-06-10 15:00,2.0,3.0,3,3,2026-06-10T21:57:43+00:00,2.0,2026-06-10T21:57:43+00:00,0.0,0.0,OK
Strathcona County,Sherwood Park,2026-06-10 14:00,2.0,3.0,3,3,2026-06-10T21:57:43+00:00,,,,,OK
Edmonton,Edmonton,2026-06-10 17:00,2.0,,2,2,2026-06-10T23:49:52+00:00,2.0,2026-06-10T23:49:53+00:00,0.0,0.0,OK
Calgary,Calgary,2026-06-10 17:00,2.0,,2,2,2026-06-10T23:49:52+00:00,2.0,2026-06-10T23:49:53+00:00,0.0,0.0,OK
Red Deer,Red Deer,2026-06-10 17:00,2.0,,2,2,2026-06-10T23:49:52+00:00,2.0,2026-06-10T23:49:53+00:00,0.0,0.0,OK
Fort McMurray,Fort McMurray,2026-06-10 17:00,1.0,,2,2,2026-06-10T23:49:52+00:00,1.0,2026-06-10T23:49:53+00:00,0.0,0.0,OK
Grande Prairie,Grande Prairie,2026-06-10 17:00,2.0,,2,2,2026-06-10T23:49:52+00:00,2.0,2026-06-10T23:49:53+00:00,0.0,0.0,OK
Lethbridge,Lethbridge,2026-06-10 14:00,2.0,,2,2,2026-06-10T23:49:52+00:00,,2026-06-10T23:49:53+00:00,,,OK
Medicine Hat,Medicine Hat,2026-06-10 17:00,2.0,,2,3,2026-06-10T23:49:52+00:00,2.0,2026-06-10T23:49:53+00:00,0.0,0.0,OK
Airdrie,Airdrie,2026-06-10 17:00,2.0,,2,2,2026-06-10T23:49:52+00:00,2.0,2026-06-10T23:49:53+00:00,0.0,0.0,OK
Cold Lake,Cold Lake,,,,1,2,2026-06-10T23:49:52+00:00,1.0,2026-06-10T23:49:53+00:00,,,OK
Drayton Valley,Drayton Valley,2026-06-10 17:00,2.0,,2,2,2026-06-10T23:49:52+00:00,2.0,2026-06-10T23:49:53+00:00,0.0,0.0,OK
St. Albert,St. Albert,2026-06-10 17:00,2.0,,2,2,2026-06-10T23:49:52+00:00,2.0,2026-06-10T23:49:53+00:00,0.0,0.0,OK
Strathcona County,Sherwood Park,2026-06-10 16:00,2.0,,2,2,2026-06-10T23:49:52+00:00,,,,,OK
Edmonton,Edmonton,2026-06-10 18:00,2.0,,2,2,2026-06-11T01:25:32+00:00,2.0,2026-06-11T01:25:33+00:00,0.0,0.0,OK
Calgary,Calgary,2026-06-10 18:00,2.0,,2,2,2026-06-11T01:25:32+00:00,2.0,2026-06-11T01:25:33+00:00,0.0,0.0,OK
Red Deer,Red Deer,2026-06-10 18:00,2.0,,2,2,2026-06-11T01:25:32+00:00,2.0,2026-06-11T01:25:33+00:00,0.0,0.0,OK
Fort McMurray,Fort McMurray,2026-06-10 18:00,1.0,,2,2,2026-06-11T01:25:32+00:00,1.0,2026-06-11T01:25:33+00:00,0.0,0.0,OK
Grande Prairie,Grande Prairie,2026-06-10 18:00,2.0,,2,2,2026-06-11T01:25:32+00:00,2.0,2026-06-11T01:25:33+00:00,0.0,0.0,OK
Lethbridge,Lethbridge,2026-06-10 14:00,2.0,,2,2,2026-06-11T01:25:32+00:00,,2026-06-11T01:25:33+00:00,,,OK
Medicine Hat,Medicine Hat,2026-06-10 18:00,2.0,,2,3,2026-06-11T01:25:32+00:00,2.0,2026-06-11T01:25:33+00:00,0.0,0.0,OK
Airdrie,Airdrie,2026-06-10 18:00,2.0,,2,2,2026-06-11T01:25:32+00:00,2.0,2026-06-11T01:25:33+00:00,0.0,0.0,OK
Cold Lake,Cold Lake,2026-06-10 19:00,2.0,,1,2,2026-06-11T01:25:32+00:00,2.0,2026-06-11T01:25:33+00:00,0.0,0.0,OK
Drayton Valley,Drayton Valley,2026-06-10 18:00,2.0,,2,2,2026-06-11T01:25:32+00:00,2.0,2026-06-11T01:25:33+00:00,0.0,0.0,OK
St. Albert,St. Albert,2026-06-10 18:00,2.0,,2,2,2026-06-11T01:25:32+00:00,2.0,2026-06-11T01:25:33+00:00,0.0,0.0,OK
Strathcona County,Sherwood Park,2026-06-10 18:00,2.0,,2,2,2026-06-11T01:25:32+00:00,,,,,OK
Edmonton,Edmonton,2026-06-10 22:00,2.0,,2,2,2026-06-11T05:56:02+00:00,2.0,2026-06-11T05:56:02+00:00,0.0,0.0,OK
Calgary,Calgary,2026-06-10 22:00,2.0,,2,2,2026-06-11T05:56:02+00:00,2.0,2026-06-11T05:56:02+00:00,0.0,0.0,OK
Red Deer,Red Deer,2026-06-10 22:00,2.0,,2,2,2026-06-11T05:56:02+00:00,2.0,2026-06-11T05:56:02+00:00,0.0,0.0,OK
Fort McMurray,Fort McMurray,2026-06-10 22:00,1.0,,2,2,2026-06-11T05:56:02+00:00,1.0,2026-06-11T05:56:02+00:00,0.0,0.0,OK
Grande Prairie,Grande Prairie,2026-06-10 22:00,2.0,,2,2,2026-06-11T05:56:02+00:00,2.0,2026-06-11T05:56:02+00:00,0.0,0.0,OK
Lethbridge,Lethbridge,2026-06-10 23:00,2.0,,2,2,2026-06-11T05:56:02+00:00,2.0,2026-06-11T05:56:02+00:00,0.0,0.0,OK
Medicine Hat,Medicine Hat,2026-06-10 22:00,2.0,,2,3,2026-06-11T05:56:02+00:00,2.0,2026-06-11T05:56:02+00:00,0.0,0.0,OK
Airdrie,Airdrie,2026-06-10 22:00,2.0,,2,2,2026-06-11T05:56:02+00:00,2.0,2026-06-11T05:56:02+00:00,0.0,0.0,OK
Cold Lake,Cold Lake,2026-06-10 23:00,2.0,,1,2,2026-06-11T05:56:02+00:00,2.0,2026-06-11T05:56:02+00:00,0.0,0.0,OK
Drayton Valley,Drayton Valley,2026-06-10 22:00,2.0,,2,2,2026-06-11T05:56:02+00:00,2.0,2026-06-11T05:56:02+00:00,0.0,0.0,OK
St. Albert,St. Albert,2026-06-10 22:00,2.0,,2,2,2026-06-11T05:56:02+00:00,2.0,2026-06-11T05:56:02+00:00,0.0,0.0,OK
Strathcona County,Sherwood Park,2026-06-10 23:00,2.0,,2,2,2026-06-11T05:56:02+00:00,,,,,OK
Edmonton,Edmonton,2026-06-11 01:00,2.0,,2,2,2026-06-11T08:02:08+00:00,2.0,2026-06-11T08:02:08+00:00,0.0,0.0,OK
Calgary,Calgary,2026-06-11 01:00,2.0,,2,2,2026-06-11T08:02:08+00:00,2.0,2026-06-11T08:02:08+00:00,0.0,0.0,OK
Red Deer,Red Deer,2026-06-11 01:00,2.0,,2,2,2026-06-11T08:02:08+00:00,2.0,2026-06-11T08:02:08+00:00,0.0,0.0,OK
Fort McMurray,Fort McMurray,2026-06-11 01:00,1.0,,2,2,2026-06-11T08:02:08+00:00,1.0,2026-06-11T08:02:08+00:00,0.0,0.0,OK
Grande Prairie,Grande Prairie,2026-06-11 01:00,2.0,,2,2,2026-06-11T08:02:08+00:00,2.0,2026-06-11T08:02:08+00:00,0.0,0.0,OK
Lethbridge,Lethbridge,2026-06-11 01:00,2.0,,2,2,2026-06-11T08:02:08+00:00,2.0,2026-06-11T08:02:08+00:00,0.0,0.0,OK
Medicine Hat,Medicine Hat,2026-06-11 01:00,2.0,,2,3,2026-06-11T08:02:08+00:00,2.0,2026-06-11T08:02:08+00:00,0.0,0.0,OK
Airdrie,Airdrie,2026-06-11 01:00,2.0,,2,2,2026-06-11T08:02:08+00:00,2.0,2026-06-11T08:02:08+00:00,0.0,0.0,OK
Cold Lake,Cold Lake,2026-06-11 01:00,2.0,,1,2,2026-06-11T08:02:08+00:00,2.0,2026-06-11T08:02:08+00:00,0.0,0.0,OK
Drayton Valley,Drayton Valley,2026-06-11 01:00,2.0,,2,2,2026-06-11T08:02:08+00:00,2.0,2026-06-11T08:02:08+00:00,0.0,0.0,OK
St. Albert,St. Albert,2026-06-11 01:00,2.0,,2,2,2026-06-11T08:02:08+00:00,2.0,2026-06-11T08:02:08+00:00,0.0,0.0,OK
Strathcona County,Sherwood Park,2026-06-11 01:00,2.0,,2,2,2026-06-11T08:02:08+00:00,,,,,OK
Edmonton,Edmonton,2026-06-11 03:00,2.0,,2,2,2026-06-11T09:47:25+00:00,2.0,2026-06-11T09:47:25+00:00,0.0,0.0,OK
Calgary,Calgary,2026-06-11 03:00,2.0,,2,2,2026-06-11T09:47:25+00:00,2.0,2026-06-11T09:47:25+00:00,0.0,0.0,OK
Red Deer,Red Deer,2026-06-11 02:00,2.0,,2,2,2026-06-11T09:47:25+00:00,2.0,2026-06-11T09:47:25+00:00,0.0,0.0,OK
Fort McMurray,Fort McMurray,2026-06-11 03:00,1.0,,2,2,2026-06-11T09:47:25+00:00,1.0,2026-06-11T09:47:25+00:00,0.0,0.0,OK
Grande Prairie,Grande Prairie,2026-06-11 03:00,1.0,,2,2,2026-06-11T09:47:25+00:00,1.0,2026-06-11T09:47:25+00:00,0.0,0.0,OK
Lethbridge,Lethbridge,2026-06-11 03:00,1.0,,2,2,2026-06-11T09:47:25+00:00,1.0,2026-06-11T09:47:25+00:00,0.0,0.0,OK
Medicine Hat,Medicine Hat,2026-06-11 03:00,2.0,,2,3,2026-06-11T09:47:25+00:00,2.0,2026-06-11T09:47:25+00:00,0.0,0.0,OK
Airdrie,Airdrie,2026-06-11 03:00,2.0,,2,2,2026-06-11T09:47:25+00:00,2.0,2026-06-11T09:47:25+00:00,0.0,0.0,OK
Cold Lake,Cold Lake,2026-06-11 02:00,1.0,,1,2,2026-06-11T09:47:25+00:00,1.0,2026-06-11T09:47:25+00:00,0.0,0.0,OK
Drayton Valley,Drayton Valley,2026-06-11 03:00,2.0,,2,2,2026-06-11T09:47:25+00:00,2.0,2026-06-11T09:47:25+00:00,0.0,0.0,OK
St. Albert,St. Albert,2026-06-11 03:00,2.0,,2,2,2026-06-11T09:47:25+00:00,2.0,2026-06-11T09:47:25+00:00,0.0,0.0,OK
Strathcona County,Sherwood Park,2026-06-11 02:00,2.0,,2,2,2026-06-11T09:47:25+00:00,,,,,OK
Edmonton,Edmonton,2026-06-11 07:00,2.0,2.0,2,2,2026-06-11T13:42:50+00:00,2.0,2026-06-11T13:42:50+00:00,0.0,0.0,OK
Calgary,Calgary,2026-06-11 07:00,2.0,2.0,2,2,2026-06-11T13:42:50+00:00,2.0,2026-06-11T13:42:50+00:00,0.0,0.0,OK
Red Deer,Red Deer,2026-06-11 07:00,2.0,2.0,2,2,2026-06-11T13:42:50+00:00,2.0,2026-06-11T13:42:50+00:00,0.0,0.0,OK
Fort McMurray,Fort McMurray,2026-06-11 07:00,1.0,2.0,2,2,2026-06-11T13:42:50+00:00,1.0,2026-06-11T13:42:50+00:00,0.0,0.0,OK
Grande Prairie,Grande Prairie,2026-06-11 07:00,2.0,2.0,2,2,2026-06-11T13:42:50+00:00,1.0,2026-06-11T13:42:50+00:00,1.0,1.0,Minor difference
Lethbridge,Lethbridge,2026-06-11 07:00,2.0,2.0,2,2,2026-06-11T13:42:50+00:00,2.0,2026-06-11T13:42:50+00:00,0.0,0.0,OK
Medicine Hat,Medicine Hat,2026-06-11 07:00,2.0,2.0,2,2,2026-06-11T13:42:50+00:00,2.0,2026-06-11T13:42:50+00:00,0.0,0.0,OK
Airdrie,Airdrie,2026-06-11 07:00,2.0,2.0,2,2,2026-06-11T13:42:50+00:00,2.0,2026-06-11T13:42:50+00:00,0.0,0.0,OK
Cold Lake,Cold Lake,2026-06-11 07:00,1.0,2.0,2,2,2026-06-11T13:42:50+00:00,1.0,2026-06-11T13:42:50+00:00,0.0,0.0,OK
Drayton Valley,Drayton Valley,2026-06-11 07:00,2.0,2.0,2,2,2026-06-11T13:42:50+00:00,2.0,2026-06-11T13:42:50+00:00,0.0,0.0,OK
St. Albert,St. Albert,2026-06-11 07:00,1.0,2.0,2,2,2026-06-11T13:42:50+00:00,1.0,2026-06-11T13:42:50+00:00,0.0,0.0,OK
Strathcona County,Sherwood Park,2026-06-11 07:00,1.0,2.0,2,2,2026-06-11T13:42:50+00:00,,,,,OK
Edmonton,Edmonton,2026-06-11 10:00,2.0,2.0,2,2,2026-06-11T17:29:58+00:00,2.0,2026-06-11T17:29:59+00:00,0.0,0.0,OK
Calgary,Calgary,2026-06-11 10:00,2.0,2.0,2,2,2026-06-11T17:29:58+00:00,2.0,2026-06-11T17:29:59+00:00,0.0,0.0,OK
Red Deer,Red Deer,2026-06-11 10:00,2.0,2.0,2,2,2026-06-11T17:29:58+00:00,2.0,2026-06-11T17:29:59+00:00,0.0,0.0,OK
Fort McMurray,Fort McMurray,2026-06-11 10:00,1.0,2.0,2,2,2026-06-11T17:29:58+00:00,1.0,2026-06-11T17:29:59+00:00,0.0,0.0,OK
Grande Prairie,Grande Prairie,2026-06-11 10:00,2.0,2.0,2,2,2026-06-11T17:29:58+00:00,2.0,2026-06-11T17:29:59+00:00,0.0,0.0,OK
Lethbridge,Lethbridge,2026-06-11 11:00,1.0,2.0,2,2,2026-06-11T17:29:58+00:00,1.0,2026-06-11T17:29:59+00:00,0.0,0.0,OK
Medicine Hat,Medicine Hat,2026-06-11 10:00,2.0,2.0,2,2,2026-06-11T17:29:58+00:00,2.0,2026-06-11T17:29:59+00:00,0.0,0.0,OK
Airdrie,Airdrie,2026-06-11 10:00,2.0,2.0,2,2,2026-06-11T17:29:58+00:00,2.0,2026-06-11T17:29:59+00:00,0.0,0.0,OK
Cold Lake,Cold Lake,2026-06-11 09:00,1.0,2.0,2,2,2026-06-11T17:29:58+00:00,1.0,2026-06-11T17:29:59+00:00,0.0,0.0,OK
Drayton Valley,Drayton Valley,2026-06-11 10:00,2.0,2.0,2,2,2026-06-11T17:29:58+00:00,2.0,2026-06-11T17:29:59+00:00,0.0,0.0,OK
St. Albert,St. Albert,2026-06-11 10:00,2.0,2.0,2,2,2026-06-11T17:29:58+00:00,2.0,2026-06-11T17:29:59+00:00,0.0,0.0,OK
Strathcona County,Sherwood Park,2026-06-11 11:00,1.0,2.0,2,2,2026-06-11T17:29:58+00:00,,,,,OK
Edmonton,Edmonton,2026-06-11 12:00,2.0,2.0,2,2,2026-06-11T19:16:20+00:00,2.0,2026-06-11T19:16:20+00:00,0.0,0.0,OK
Calgary,Calgary,2026-06-11 12:00,2.0,2.0,2,2,2026-06-11T19:16:20+00:00,2.0,2026-06-11T19:16:20+00:00,0.0,0.0,OK
Red Deer,Red Deer,2026-06-11 12:00,2.0,2.0,2,2,2026-06-11T19:16:20+00:00,2.0,2026-06-11T19:16:20+00:00,0.0,0.0,OK
Fort McMurray,Fort McMurray,2026-06-11 12:00,1.0,2.0,2,2,2026-06-11T19:16:20+00:00,1.0,2026-06-11T19:16:20+00:00,0.0,0.0,OK
Grande Prairie,Grande Prairie,2026-06-11 12:00,2.0,2.0,2,2,2026-06-11T19:16:20+00:00,2.0,2026-06-11T19:16:20+00:00,0.0,0.0,OK
Lethbridge,Lethbridge,2026-06-11 12:00,2.0,2.0,2,2,2026-06-11T19:16:20+00:00,2.0,2026-06-11T19:16:20+00:00,0.0,0.0,OK
Medicine Hat,Medicine Hat,2026-06-11 12:00,2.0,2.0,2,2,2026-06-11T19:16:20+00:00,2.0,2026-06-11T19:16:20+00:00,0.0,0.0,OK
Airdrie,Airdrie,2026-06-11 12:00,2.0,2.0,2,2,2026-06-11T19:16:20+00:00,2.0,2026-06-11T19:16:20+00:00,0.0,0.0,OK
Cold Lake,Cold Lake,2026-06-11 09:00,1.0,2.0,2,2,2026-06-11T19:16:20+00:00,1.0,2026-06-11T19:16:20+00:00,0.0,0.0,OK
Drayton Valley,Drayton Valley,2026-06-11 12:00,2.0,2.0,2,2,2026-06-11T19:16:20+00:00,2.0,2026-06-11T19:16:20+00:00,0.0,0.0,OK
St. Albert,St. Albert,2026-06-11 12:00,2.0,2.0,2,2,2026-06-11T19:16:20+00:00,2.0,2026-06-11T19:16:20+00:00,0.0,0.0,OK
Strathcona County,Sherwood Park,2026-06-11 12:00,2.0,2.0,2,2,2026-06-11T19:16:20+00:00,,,,,OK
Edmonton,Edmonton,2026-06-11 15:00,2.0,2.0,2,2,2026-06-11T21:58:03+00:00,2.0,2026-06-11T21:58:03+00:00,0.0,0.0,OK
Calgary,Calgary,2026-06-11 15:00,2.0,2.0,2,2,2026-06-11T21:58:03+00:00,2.0,2026-06-11T21:58:03+00:00,0.0,0.0,OK
Red Deer,Red Deer,2026-06-11 15:00,2.0,2.0,2,2,2026-06-11T21:58:03+00:00,2.0,2026-06-11T21:58:03+00:00,0.0,0.0,OK
Fort McMurray,Fort McMurray,2026-06-11 15:00,1.0,2.0,2,2,2026-06-11T21:58:03+00:00,1.0,2026-06-11T21:58:03+00:00,0.0,0.0,OK
Grande Prairie,Grande Prairie,2026-06-11 15:00,2.0,2.0,2,2,2026-06-11T21:58:03+00:00,2.0,2026-06-11T21:58:03+00:00,0.0,0.0,OK
Lethbridge,Lethbridge,2026-06-11 15:00,2.0,2.0,2,2,2026-06-11T21:58:03+00:00,2.0,2026-06-11T21:58:03+00:00,0.0,0.0,OK
Medicine Hat,Medicine Hat,2026-06-11 15:00,2.0,2.0,2,2,2026-06-11T21:58:03+00:00,2.0,2026-06-11T21:58:03+00:00,0.0,0.0,OK
Airdrie,Airdrie,2026-06-11 15:00,2.0,2.0,2,2,2026-06-11T21:58:03+00:00,2.0,2026-06-11T21:58:03+00:00,0.0,0.0,OK
Cold Lake,Cold Lake,2026-06-11 09:00,1.0,2.0,2,2,2026-06-11T21:58:03+00:00,1.0,2026-06-11T21:58:03+00:00,0.0,0.0,OK
Drayton Valley,Drayton Valley,2026-06-11 15:00,2.0,2.0,2,2,2026-06-11T21:58:03+00:00,2.0,2026-06-11T21:58:03+00:00,0.0,0.0,OK
St. Albert,St. Albert,2026-06-11 15:00,2.0,2.0,2,2,2026-06-11T21:58:03+00:00,2.0,2026-06-11T21:58:03+00:00,0.0,0.0,OK
Strathcona County,Sherwood Park,2026-06-11 15:00,2.0,2.0,2,2,2026-06-11T21:58:03+00:00,,,,,OK
Edmonton,Edmonton,2026-06-11 16:00,2.0,2.0,2,2,2026-06-11T22:53:48+00:00,2.0,2026-06-11T22:53:48+00:00,0.0,0.0,OK
Calgary,Calgary,2026-06-11 16:00,2.0,2.0,2,2,2026-06-11T22:53:48+00:00,2.0,2026-06-11T22:53:48+00:00,0.0,0.0,OK
Red Deer,Red Deer,2026-06-11 16:00,2.0,2.0,2,2,2026-06-11T22:53:48+00:00,2.0,2026-06-11T22:53:48+00:00,0.0,0.0,OK
Fort McMurray,Fort McMurray,2026-06-11 16:00,1.0,2.0,2,2,2026-06-11T22:53:48+00:00,1.0,2026-06-11T22:53:48+00:00,0.0,0.0,OK
Grande Prairie,Grande Prairie,2026-06-11 16:00,2.0,2.0,2,2,2026-06-11T22:53:48+00:00,2.0,2026-06-11T22:53:48+00:00,0.0,0.0,OK
Lethbridge,Lethbridge,2026-06-11 16:00,2.0,2.0,2,2,2026-06-11T22:53:48+00:00,2.0,2026-06-11T22:53:48+00:00,0.0,0.0,OK
Medicine Hat,Medicine Hat,2026-06-11 16:00,2.0,2.0,2,2,2026-06-11T22:53:48+00:00,2.0,2026-06-11T22:53:48+00:00,0.0,0.0,OK
Airdrie,Airdrie,2026-06-11 16:00,2.0,2.0,2,2,2026-06-11T22:53:48+00:00,2.0,2026-06-11T22:53:48+00:00,0.0,0.0,OK
Cold Lake,Cold Lake,2026-06-11 16:00,1.0,2.0,2,2,2026-06-11T22:53:48+00:00,1.0,2026-06-11T22:53:48+00:00,0.0,0.0,OK
Drayton Valley,Drayton Valley,2026-06-11 16:00,2.0,2.0,2,2,2026-06-11T22:53:48+00:00,2.0,2026-06-11T22:53:48+00:00,0.0,0.0,OK
St. Albert,St. Albert,2026-06-11 16:00,2.0,2.0,2,2,2026-06-11T22:53:48+00:00,2.0,2026-06-11T22:53:48+00:00,0.0,0.0,OK
Strathcona County,Sherwood Park,2026-06-11 16:00,2.0,2.0,2,2,2026-06-11T22:53:48+00:00,,,,,OK
Edmonton,Edmonton,2026-06-11 17:00,2.0,,3,2,2026-06-11T23:52:06+00:00,2.0,2026-06-11T23:52:06+00:00,0.0,0.0,OK
Calgary,Calgary,2026-06-11 17:00,2.0,,2,2,2026-06-11T23:52:06+00:00,2.0,2026-06-11T23:52:06+00:00,0.0,0.0,OK
Red Deer,Red Deer,2026-06-11 17:00,2.0,,2,2,2026-06-11T23:52:06+00:00,2.0,2026-06-11T23:52:06+00:00,0.0,0.0,OK
Fort McMurray,Fort McMurray,2026-06-11 17:00,1.0,,2,2,2026-06-11T23:52:06+00:00,1.0,2026-06-11T23:52:06+00:00,0.0,0.0,OK
Grande Prairie,Grande Prairie,2026-06-11 17:00,2.0,,2,2,2026-06-11T23:52:06+00:00,2.0,2026-06-11T23:52:06+00:00,0.0,0.0,OK
Lethbridge,Lethbridge,2026-06-11 17:00,2.0,,2,2,2026-06-11T23:52:06+00:00,2.0,2026-06-11T23:52:06+00:00,0.0,0.0,OK
Medicine Hat,Medicine Hat,2026-06-11 17:00,3.0,,2,3,2026-06-11T23:52:06+00:00,3.0,2026-06-11T23:52:06+00:00,0.0,0.0,OK
Airdrie,Airdrie,2026-06-11 17:00,2.0,,2,2,2026-06-11T23:52:06+00:00,2.0,2026-06-11T23:52:06+00:00,0.0,0.0,OK
Cold Lake,Cold Lake,2026-06-11 17:00,1.0,,3,2,2026-06-11T23:52:06+00:00,1.0,2026-06-11T23:52:06+00:00,0.0,0.0,OK
Drayton Valley,Drayton Valley,2026-06-11 17:00,2.0,,2,2,2026-06-11T23:52:06+00:00,2.0,2026-06-11T23:52:06+00:00,0.0,0.0,OK
St. Albert,St. Albert,2026-06-11 17:00,2.0,,3,2,2026-06-11T23:52:06+00:00,2.0,2026-06-11T23:52:06+00:00,0.0,0.0,OK
Strathcona County,Sherwood Park,2026-06-11 17:00,2.0,,3,2,2026-06-11T23:52:06+00:00,,,,,OK
Edmonton,Edmonton,2026-06-11 18:00,2.0,,3,2,2026-06-12T01:28:39+00:00,2.0,2026-06-12T01:28:39+00:00,0.0,0.0,OK
Calgary,Calgary,2026-06-11 18:00,2.0,,2,2,2026-06-12T01:28:39+00:00,2.0,2026-06-12T01:28:39+00:00,0.0,0.0,OK
Red Deer,Red Deer,2026-06-11 18:00,2.0,,2,2,2026-06-12T01:28:39+00:00,2.0,2026-06-12T01:28:39+00:00,0.0,0.0,OK
Fort McMurray,Fort McMurray,2026-06-11 18:00,1.0,,2,2,2026-06-12T01:28:39+00:00,1.0,2026-06-12T01:28:39+00:00,0.0,0.0,OK
Grande Prairie,Grande Prairie,2026-06-11 18:00,2.0,,2,2,2026-06-12T01:28:39+00:00,2.0,2026-06-12T01:28:39+00:00,0.0,0.0,OK
Lethbridge,Lethbridge,2026-06-11 18:00,2.0,,2,2,2026-06-12T01:28:39+00:00,2.0,2026-06-12T01:28:39+00:00,0.0,0.0,OK
Medicine Hat,Medicine Hat,2026-06-11 18:00,3.0,,2,3,2026-06-12T01:28:39+00:00,3.0,2026-06-12T01:28:39+00:00,0.0,0.0,OK
Airdrie,Airdrie,2026-06-11 18:00,2.0,,2,2,2026-06-12T01:28:39+00:00,2.0,2026-06-12T01:28:39+00:00,0.0,0.0,OK
Cold Lake,Cold Lake,2026-06-11 19:00,1.0,,3,2,2026-06-12T01:28:39+00:00,1.0,2026-06-12T01:28:39+00:00,0.0,0.0,OK
Drayton Valley,Drayton Valley,2026-06-11 18:00,2.0,,2,2,2026-06-12T01:28:39+00:00,2.0,2026-06-12T01:28:39+00:00,0.0,0.0,OK
St. Albert,St. Albert,2026-06-11 18:00,2.0,,3,2,2026-06-12T01:28:39+00:00,2.0,2026-06-12T01:28:39+00:00,0.0,0.0,OK
Strathcona County,Sherwood Park,2026-06-11 19:00,2.0,,3,2,2026-06-12T01:28:39+00:00,,,,,OK
Edmonton,Edmonton,2026-06-11 20:00,2.0,,3,2,2026-06-12T03:27:47+00:00,2.0,2026-06-12T03:27:47+00:00,0.0,0.0,OK
Calgary,Calgary,2026-06-11 20:00,2.0,,2,2,2026-06-12T03:27:47+00:00,2.0,2026-06-12T03:27:47+00:00,0.0,0.0,OK
Red Deer,Red Deer,2026-06-11 20:00,2.0,,2,2,2026-06-12T03:27:47+00:00,2.0,2026-06-12T03:27:47+00:00,0.0,0.0,OK
Fort McMurray,Fort McMurray,2026-06-11 20:00,1.0,,2,2,2026-06-12T03:27:47+00:00,1.0,2026-06-12T03:27:47+00:00,0.0,0.0,OK
Grande Prairie,Grande Prairie,2026-06-11 20:00,2.0,,2,2,2026-06-12T03:27:47+00:00,2.0,2026-06-12T03:27:47+00:00,0.0,0.0,OK
Lethbridge,Lethbridge,2026-06-11 18:00,2.0,,2,2,2026-06-12T03:27:47+00:00,2.0,2026-06-12T03:27:47+00:00,0.0,0.0,OK
Medicine Hat,Medicine Hat,2026-06-11 20:00,3.0,,2,3,2026-06-12T03:27:47+00:00,3.0,2026-06-12T03:27:47+00:00,0.0,0.0,OK
Airdrie,Airdrie,2026-06-11 20:00,2.0,,2,2,2026-06-12T03:27:47+00:00,2.0,2026-06-12T03:27:47+00:00,0.0,0.0,OK
Cold Lake,Cold Lake,2026-06-11 21:00,1.0,,3,2,2026-06-12T03:27:47+00:00,1.0,2026-06-12T03:27:47+00:00,0.0,0.0,OK
Drayton Valley,Drayton Valley,2026-06-11 20:00,2.0,,2,2,2026-06-12T03:27:47+00:00,2.0,2026-06-12T03:27:47+00:00,0.0,0.0,OK
St. Albert,St. Albert,2026-06-11 20:00,2.0,,3,2,2026-06-12T03:27:47+00:00,1.0,2026-06-12T03:27:47+00:00,1.0,1.0,Minor difference
Strathcona County,Sherwood Park,2026-06-11 21:00,1.0,,3,2,2026-06-12T03:27:47+00:00,,,,,OK
Edmonton,Edmonton,2026-06-11 23:00,1.0,,3,2,2026-06-12T05:55:30+00:00,1.0,2026-06-12T05:55:30+00:00,0.0,0.0,OK
Calgary,Calgary,2026-06-11 23:00,2.0,,2,2,2026-06-12T05:55:30+00:00,2.0,2026-06-12T05:55:30+00:00,0.0,0.0,OK
Red Deer,Red Deer,2026-06-11 23:00,2.0,,2,2,2026-06-12T05:55:30+00:00,2.0,2026-06-12T05:55:30+00:00,0.0,0.0,OK
Fort McMurray,Fort McMurray,2026-06-11 23:00,1.0,,2,2,2026-06-12T05:55:30+00:00,1.0,2026-06-12T05:55:30+00:00,0.0,0.0,OK
Grande Prairie,Grande Prairie,2026-06-11 23:00,2.0,,2,2,2026-06-12T05:55:30+00:00,2.0,2026-06-12T05:55:30+00:00,0.0,0.0,OK
Lethbridge,Lethbridge,2026-06-11 23:00,2.0,,2,2,2026-06-12T05:55:30+00:00,2.0,2026-06-12T05:55:30+00:00,0.0,0.0,OK
Medicine Hat,Medicine Hat,2026-06-11 23:00,2.0,,2,3,2026-06-12T05:55:30+00:00,2.0,2026-06-12T05:55:30+00:00,0.0,0.0,OK
Airdrie,Airdrie,2026-06-11 23:00,2.0,,2,2,2026-06-12T05:55:30+00:00,2.0,2026-06-12T05:55:30+00:00,0.0,0.0,OK
Cold Lake,Cold Lake,2026-06-11 23:00,1.0,,3,2,2026-06-12T05:55:30+00:00,1.0,2026-06-12T05:55:30+00:00,0.0,0.0,OK
Drayton Valley,Drayton Valley,2026-06-11 23:00,1.0,,2,2,2026-06-12T05:55:30+00:00,1.0,2026-06-12T05:55:30+00:00,0.0,0.0,OK
St. Albert,St. Albert,2026-06-11 23:00,1.0,,3,2,2026-06-12T05:55:30+00:00,1.0,2026-06-12T05:55:30+00:00,0.0,0.0,OK
Strathcona County,Sherwood Park,2026-06-11 23:00,1.0,,3,2,2026-06-12T05:55:30+00:00,,,,,OK
Edmonton,Edmonton,2026-06-12 03:00,1.0,,3,2,2026-06-12T09:42:27+00:00,1.0,2026-06-12T09:42:27+00:00,0.0,0.0,OK
Calgary,Calgary,2026-06-12 03:00,2.0,,2,2,2026-06-12T09:42:27+00:00,2.0,2026-06-12T09:42:27+00:00,0.0,0.0,OK
Red Deer,Red Deer,2026-06-12 02:00,2.0,,2,2,2026-06-12T09:42:27+00:00,2.0,2026-06-12T09:42:27+00:00,0.0,0.0,OK
Fort McMurray,Fort McMurray,2026-06-12 03:00,1.0,,2,2,2026-06-12T09:42:27+00:00,1.0,2026-06-12T09:42:27+00:00,0.0,0.0,OK
Grande Prairie,Grande Prairie,2026-06-12 03:00,2.0,,2,2,2026-06-12T09:42:27+00:00,2.0,2026-06-12T09:42:27+00:00,0.0,0.0,OK
Lethbridge,Lethbridge,2026-06-12 03:00,2.0,,2,2,2026-06-12T09:42:27+00:00,2.0,2026-06-12T09:42:27+00:00,0.0,0.0,OK
Medicine Hat,Medicine Hat,2026-06-12 03:00,2.0,,2,3,2026-06-12T09:42:27+00:00,2.0,2026-06-12T09:42:27+00:00,0.0,0.0,OK
Airdrie,Airdrie,2026-06-12 03:00,2.0,,2,2,2026-06-12T09:42:27+00:00,2.0,2026-06-12T09:42:27+00:00,0.0,0.0,OK
Cold Lake,Cold Lake,2026-06-12 03:00,1.0,,3,2,2026-06-12T09:42:27+00:00,1.0,2026-06-12T09:42:27+00:00,0.0,0.0,OK
Drayton Valley,Drayton Valley,2026-06-12 03:00,1.0,,2,2,2026-06-12T09:42:27+00:00,1.0,2026-06-12T09:42:27+00:00,0.0,0.0,OK
St. Albert,St. Albert,2026-06-12 03:00,1.0,,3,2,2026-06-12T09:42:27+00:00,1.0,2026-06-12T09:42:27+00:00,0.0,0.0,OK
Strathcona County,Sherwood Park,2026-06-12 02:00,1.0,,3,2,2026-06-12T09:42:27+00:00,,,,,OK
Edmonton,Edmonton,2026-06-12 04:00,1.0,,3,2,2026-06-12T11:31:18+00:00,1.0,2026-06-12T11:31:19+00:00,0.0,0.0,OK
Calgary,Calgary,2026-06-12 04:00,2.0,,2,2,2026-06-12T11:31:18+00:00,2.0,2026-06-12T11:31:19+00:00,0.0,0.0,OK
Red Deer,Red Deer,2026-06-12 04:00,2.0,,2,2,2026-06-12T11:31:18+00:00,2.0,2026-06-12T11:31:19+00:00,0.0,0.0,OK
Fort McMurray,Fort McMurray,2026-06-12 04:00,1.0,,2,2,2026-06-12T11:31:18+00:00,1.0,2026-06-12T11:31:19+00:00,0.0,0.0,OK
Grande Prairie,Grande Prairie,2026-06-12 03:00,2.0,,2,2,2026-06-12T11:31:18+00:00,1.0,2026-06-12T11:31:19+00:00,1.0,1.0,Minor difference
Lethbridge,Lethbridge,2026-06-12 03:00,2.0,,2,2,2026-06-12T11:31:18+00:00,1.0,2026-06-12T11:31:19+00:00,1.0,1.0,Minor difference
Medicine Hat,Medicine Hat,2026-06-12 04:00,2.0,,2,3,2026-06-12T11:31:18+00:00,2.0,2026-06-12T11:31:19+00:00,0.0,0.0,OK
Airdrie,Airdrie,2026-06-12 04:00,2.0,,2,2,2026-06-12T11:31:18+00:00,2.0,2026-06-12T11:31:19+00:00,0.0,0.0,OK
Cold Lake,Cold Lake,2026-06-12 05:00,1.0,,3,2,2026-06-12T11:31:18+00:00,1.0,2026-06-12T11:31:19+00:00,0.0,0.0,OK
Drayton Valley,Drayton Valley,2026-06-12 04:00,1.0,,2,2,2026-06-12T11:31:18+00:00,1.0,2026-06-12T11:31:19+00:00,0.0,0.0,OK
St. Albert,St. Albert,2026-06-12 04:00,1.0,,3,2,2026-06-12T11:31:18+00:00,1.0,2026-06-12T11:31:19+00:00,0.0,0.0,OK
Strathcona County,Sherwood Park,2026-06-12 05:00,1.0,,3,2,2026-06-12T11:31:18+00:00,,,,,OK
Edmonton,Edmonton,2026-06-12 06:00,1.0,2.0,2,2,2026-06-12T13:29:35+00:00,1.0,2026-06-12T13:29:35+00:00,0.0,0.0,OK
Calgary,Calgary,2026-06-12 06:00,2.0,2.0,2,2,2026-06-12T13:29:35+00:00,2.0,2026-06-12T13:29:35+00:00,0.0,0.0,OK
Red Deer,Red Deer,2026-06-12 06:00,1.0,2.0,3,2,2026-06-12T13:29:35+00:00,1.0,2026-06-12T13:29:35+00:00,0.0,0.0,OK
Fort McMurray,Fort McMurray,2026-06-12 06:00,1.0,2.0,3,2,2026-06-12T13:29:35+00:00,1.0,2026-06-12T13:29:35+00:00,0.0,0.0,OK
Grande Prairie,Grande Prairie,2026-06-12 06:00,2.0,2.0,2,2,2026-06-12T13:29:35+00:00,1.0,2026-06-12T13:29:35+00:00,1.0,1.0,Minor difference
Lethbridge,Lethbridge,2026-06-12 07:00,1.0,2.0,2,2,2026-06-12T13:29:35+00:00,1.0,2026-06-12T13:29:35+00:00,0.0,0.0,OK
Medicine Hat,Medicine Hat,2026-06-12 06:00,2.0,2.0,2,2,2026-06-12T13:29:35+00:00,2.0,2026-06-12T13:29:35+00:00,0.0,0.0,OK
Airdrie,Airdrie,2026-06-12 06:00,2.0,2.0,2,2,2026-06-12T13:29:35+00:00,2.0,2026-06-12T13:29:35+00:00,0.0,0.0,OK
Cold Lake,Cold Lake,2026-06-12 07:00,1.0,2.0,3,2,2026-06-12T13:29:35+00:00,1.0,2026-06-12T13:29:35+00:00,0.0,0.0,OK
Drayton Valley,Drayton Valley,2026-06-12 06:00,1.0,2.0,2,2,2026-06-12T13:29:35+00:00,1.0,2026-06-12T13:29:35+00:00,0.0,0.0,OK
St. Albert,St. Albert,2026-06-12 06:00,1.0,2.0,2,2,2026-06-12T13:29:35+00:00,1.0,2026-06-12T13:29:35+00:00,0.0,0.0,OK
Strathcona County,Sherwood Park,2026-06-12 07:00,1.0,2.0,2,2,2026-06-12T13:29:35+00:00,,,,,OK
Edmonton,Edmonton,2026-06-12 08:00,1.0,2.0,2,2,2026-06-12T15:26:26+00:00,1.0,2026-06-12T15:26:26+00:00,0.0,0.0,OK
Calgary,Calgary,2026-06-12 08:00,2.0,2.0,2,2,2026-06-12T15:26:26+00:00,2.0,2026-06-12T15:26:26+00:00,0.0,0.0,OK
Red Deer,Red Deer,2026-06-12 08:00,1.0,2.0,3,2,2026-06-12T15:26:26+00:00,1.0,2026-06-12T15:26:26+00:00,0.0,0.0,OK
Fort McMurray,Fort McMurray,2026-06-12 08:00,1.0,2.0,3,2,2026-06-12T15:26:26+00:00,1.0,2026-06-12T15:26:26+00:00,0.0,0.0,OK
Grande Prairie,Grande Prairie,2026-06-12 08:00,2.0,2.0,2,2,2026-06-12T15:26:26+00:00,2.0,2026-06-12T15:26:26+00:00,0.0,0.0,OK
Lethbridge,Lethbridge,2026-06-12 09:00,1.0,2.0,2,2,2026-06-12T15:26:26+00:00,1.0,2026-06-12T15:26:26+00:00,0.0,0.0,OK
Medicine Hat,Medicine Hat,2026-06-12 08:00,2.0,2.0,2,2,2026-06-12T15:26:26+00:00,2.0,2026-06-12T15:26:26+00:00,0.0,0.0,OK
Airdrie,Airdrie,2026-06-12 08:00,2.0,2.0,2,2,2026-06-12T15:26:26+00:00,2.0,2026-06-12T15:26:26+00:00,0.0,0.0,OK
Cold Lake,Cold Lake,2026-06-12 09:00,1.0,2.0,3,2,2026-06-12T15:26:26+00:00,1.0,2026-06-12T15:26:26+00:00,0.0,0.0,OK
Drayton Valley,Drayton Valley,2026-06-12 08:00,1.0,2.0,2,2,2026-06-12T15:26:26+00:00,1.0,2026-06-12T15:26:26+00:00,0.0,0.0,OK
St. Albert,St. Albert,2026-06-12 08:00,1.0,2.0,2,2,2026-06-12T15:26:26+00:00,1.0,2026-06-12T15:26:26+00:00,0.0,0.0,OK
Strathcona County,Sherwood Park,2026-06-12 09:00,1.0,2.0,2,2,2026-06-12T15:26:26+00:00,,,,,OK
Edmonton,Edmonton,2026-06-12 10:00,1.0,2.0,2,2,2026-06-12T17:17:34+00:00,1.0,2026-06-12T17:17:35+00:00,0.0,0.0,OK
Calgary,Calgary,2026-06-12 10:00,2.0,2.0,2,2,2026-06-12T17:17:34+00:00,2.0,2026-06-12T17:17:35+00:00,0.0,0.0,OK
Red Deer,Red Deer,2026-06-12 10:00,1.0,2.0,3,2,2026-06-12T17:17:34+00:00,1.0,2026-06-12T17:17:35+00:00,0.0,0.0,OK
Fort McMurray,Fort McMurray,2026-06-12 10:00,2.0,2.0,3,2,2026-06-12T17:17:34+00:00,2.0,2026-06-12T17:17:35+00:00,0.0,0.0,OK
Grande Prairie,Grande Prairie,2026-06-12 10:00,2.0,2.0,2,2,2026-06-12T17:17:34+00:00,2.0,2026-06-12T17:17:35+00:00,0.0,0.0,OK
Lethbridge,Lethbridge,2026-06-12 10:00,2.0,2.0,2,2,2026-06-12T17:17:34+00:00,2.0,2026-06-12T17:17:35+00:00,0.0,0.0,OK
Medicine Hat,Medicine Hat,2026-06-12 10:00,1.0,2.0,2,2,2026-06-12T17:17:34+00:00,1.0,2026-06-12T17:17:35+00:00,0.0,0.0,OK
Airdrie,Airdrie,2026-06-12 10:00,2.0,2.0,2,2,2026-06-12T17:17:34+00:00,2.0,2026-06-12T17:17:35+00:00,0.0,0.0,OK
Cold Lake,Cold Lake,2026-06-12 10:00,1.0,2.0,3,2,2026-06-12T17:17:34+00:00,1.0,2026-06-12T17:17:35+00:00,0.0,0.0,OK
Drayton Valley,Drayton Valley,2026-06-12 10:00,1.0,2.0,2,2,2026-06-12T17:17:34+00:00,1.0,2026-06-12T17:17:35+00:00,0.0,0.0,OK
St. Albert,St. Albert,2026-06-12 09:00,1.0,2.0,2,2,2026-06-12T17:17:34+00:00,1.0,2026-06-12T17:17:35+00:00,0.0,0.0,OK
Strathcona County,Sherwood Park,2026-06-12 10:00,1.0,2.0,2,2,2026-06-12T17:17:34+00:00,,,,,OK
Edmonton,Edmonton,2026-06-12 13:00,1.0,2.0,2,2,2026-06-12T19:58:27+00:00,1.0,2026-06-12T19:58:27+00:00,0.0,0.0,OK
Calgary,Calgary,2026-06-12 13:00,2.0,2.0,2,2,2026-06-12T19:58:27+00:00,2.0,2026-06-12T19:58:27+00:00,0.0,0.0,OK
Red Deer,Red Deer,2026-06-12 13:00,1.0,2.0,3,2,2026-06-12T19:58:27+00:00,1.0,2026-06-12T19:58:27+00:00,0.0,0.0,OK
Fort McMurray,Fort McMurray,2026-06-12 13:00,2.0,2.0,3,2,2026-06-12T19:58:27+00:00,2.0,2026-06-12T19:58:27+00:00,0.0,0.0,OK
Grande Prairie,Grande Prairie,2026-06-12 13:00,2.0,2.0,2,2,2026-06-12T19:58:27+00:00,2.0,2026-06-12T19:58:27+00:00,0.0,0.0,OK
Lethbridge,Lethbridge,2026-06-12 13:00,2.0,2.0,2,2,2026-06-12T19:58:27+00:00,2.0,2026-06-12T19:58:27+00:00,0.0,0.0,OK
Medicine Hat,Medicine Hat,2026-06-12 13:00,1.0,2.0,2,2,2026-06-12T19:58:27+00:00,1.0,2026-06-12T19:58:27+00:00,0.0,0.0,OK
Airdrie,Airdrie,2026-06-12 13:00,2.0,2.0,2,2,2026-06-12T19:58:27+00:00,2.0,2026-06-12T19:58:27+00:00,0.0,0.0,OK
Cold Lake,Cold Lake,2026-06-12 13:00,2.0,2.0,3,2,2026-06-12T19:58:27+00:00,2.0,2026-06-12T19:58:27+00:00,0.0,0.0,OK
Drayton Valley,Drayton Valley,2026-06-12 13:00,1.0,2.0,2,2,2026-06-12T19:58:27+00:00,1.0,2026-06-12T19:58:27+00:00,0.0,0.0,OK
St. Albert,St. Albert,2026-06-12 13:00,1.0,2.0,2,2,2026-06-12T19:58:27+00:00,1.0,2026-06-12T19:58:27+00:00,0.0,0.0,OK
Strathcona County,Sherwood Park,2026-06-12 13:00,1.0,2.0,2,2,2026-06-12T19:58:27+00:00,,,,,OK
Edmonton,Edmonton,2026-06-12 18:00,2.0,,2,2,2026-06-13T01:26:41+00:00,2.0,2026-06-13T01:26:41+00:00,0.0,0.0,OK
Calgary,Calgary,2026-06-12 18:00,2.0,,3,2,2026-06-13T01:26:41+00:00,2.0,2026-06-13T01:26:41+00:00,0.0,0.0,OK
Red Deer,Red Deer,2026-06-12 18:00,2.0,,3,2,2026-06-13T01:26:41+00:00,2.0,2026-06-13T01:26:41+00:00,0.0,0.0,OK
Fort McMurray,Fort McMurray,2026-06-12 18:00,2.0,,2,2,2026-06-13T01:26:41+00:00,2.0,2026-06-13T01:26:41+00:00,0.0,0.0,OK
Grande Prairie,Grande Prairie,2026-06-12 18:00,2.0,,2,2,2026-06-13T01:26:41+00:00,2.0,2026-06-13T01:26:41+00:00,0.0,0.0,OK
Lethbridge,Lethbridge,2026-06-12 19:00,2.0,,2,2,2026-06-13T01:26:41+00:00,2.0,2026-06-13T01:26:41+00:00,0.0,0.0,OK
Medicine Hat,Medicine Hat,2026-06-12 18:00,2.0,,3,2,2026-06-13T01:26:41+00:00,2.0,2026-06-13T01:26:41+00:00,0.0,0.0,OK
Airdrie,Airdrie,2026-06-12 18:00,2.0,,3,2,2026-06-13T01:26:41+00:00,2.0,2026-06-13T01:26:41+00:00,0.0,0.0,OK
Cold Lake,Cold Lake,2026-06-12 19:00,2.0,,2,2,2026-06-13T01:26:41+00:00,2.0,2026-06-13T01:26:41+00:00,0.0,0.0,OK
Drayton Valley,Drayton Valley,2026-06-12 18:00,1.0,,2,2,2026-06-13T01:26:41+00:00,1.0,2026-06-13T01:26:41+00:00,0.0,0.0,OK
St. Albert,St. Albert,2026-06-12 18:00,2.0,,2,2,2026-06-13T01:26:41+00:00,2.0,2026-06-13T01:26:41+00:00,0.0,0.0,OK
Strathcona County,Sherwood Park,2026-06-12 19:00,2.0,,2,2,2026-06-13T01:26:41+00:00,,,,,OK
Edmonton,Edmonton,2026-06-12 20:00,2.0,,2,2,2026-06-13T03:27:27+00:00,2.0,2026-06-13T03:27:27+00:00,0.0,0.0,OK
Calgary,Calgary,2026-06-12 20:00,2.0,,3,2,2026-06-13T03:27:27+00:00,2.0,2026-06-13T03:27:27+00:00,0.0,0.0,OK
Red Deer,Red Deer,2026-06-12 20:00,2.0,,3,2,2026-06-13T03:27:27+00:00,2.0,2026-06-13T03:27:27+00:00,0.0,0.0,OK
Fort McMurray,Fort McMurray,2026-06-12 20:00,2.0,,2,2,2026-06-13T03:27:27+00:00,2.0,2026-06-13T03:27:27+00:00,0.0,0.0,OK
Grande Prairie,Grande Prairie,2026-06-12 20:00,2.0,,2,2,2026-06-13T03:27:27+00:00,2.0,2026-06-13T03:27:27+00:00,0.0,0.0,OK
Lethbridge,Lethbridge,2026-06-12 21:00,2.0,,2,2,2026-06-13T03:27:27+00:00,2.0,2026-06-13T03:27:27+00:00,0.0,0.0,OK
Medicine Hat,Medicine Hat,2026-06-12 20:00,2.0,,3,2,2026-06-13T03:27:27+00:00,2.0,2026-06-13T03:27:27+00:00,0.0,0.0,OK
Airdrie,Airdrie,2026-06-12 20:00,2.0,,3,2,2026-06-13T03:27:27+00:00,2.0,2026-06-13T03:27:27+00:00,0.0,0.0,OK
Cold Lake,Cold Lake,2026-06-12 21:00,2.0,,2,2,2026-06-13T03:27:27+00:00,2.0,2026-06-13T03:27:27+00:00,0.0,0.0,OK
Drayton Valley,Drayton Valley,2026-06-12 20:00,2.0,,2,2,2026-06-13T03:27:27+00:00,2.0,2026-06-13T03:27:27+00:00,0.0,0.0,OK
St. Albert,St. Albert,2026-06-12 20:00,2.0,,2,2,2026-06-13T03:27:27+00:00,2.0,2026-06-13T03:27:27+00:00,0.0,0.0,OK
Strathcona County,Sherwood Park,2026-06-12 21:00,2.0,,2,2,2026-06-13T03:27:27+00:00,,,,,OK
Edmonton,Edmonton,2026-06-12 23:00,2.0,,2,2,2026-06-13T05:47:12+00:00,2.0,2026-06-13T05:47:12+00:00,0.0,0.0,OK
Calgary,Calgary,2026-06-12 23:00,2.0,,3,2,2026-06-13T05:47:12+00:00,2.0,2026-06-13T05:47:12+00:00,0.0,0.0,OK
Red Deer,Red Deer,2026-06-12 23:00,2.0,,3,2,2026-06-13T05:47:12+00:00,2.0,2026-06-13T05:47:12+00:00,0.0,0.0,OK
Fort McMurray,Fort McMurray,2026-06-12 23:00,2.0,,2,2,2026-06-13T05:47:12+00:00,2.0,2026-06-13T05:47:12+00:00,0.0,0.0,OK
Grande Prairie,Grande Prairie,2026-06-12 23:00,2.0,,2,2,2026-06-13T05:47:12+00:00,2.0,2026-06-13T05:47:12+00:00,0.0,0.0,OK
Lethbridge,Lethbridge,2026-06-12 23:00,2.0,,2,2,2026-06-13T05:47:12+00:00,2.0,2026-06-13T05:47:12+00:00,0.0,0.0,OK
Medicine Hat,Medicine Hat,2026-06-12 23:00,2.0,,3,2,2026-06-13T05:47:12+00:00,2.0,2026-06-13T05:47:12+00:00,0.0,0.0,OK
Airdrie,Airdrie,2026-06-12 23:00,2.0,,3,2,2026-06-13T05:47:12+00:00,2.0,2026-06-13T05:47:12+00:00,0.0,0.0,OK
Cold Lake,Cold Lake,2026-06-12 23:00,2.0,,2,2,2026-06-13T05:47:12+00:00,2.0,2026-06-13T05:47:12+00:00,0.0,0.0,OK
Drayton Valley,Drayton Valley,2026-06-12 23:00,2.0,,2,2,2026-06-13T05:47:12+00:00,2.0,2026-06-13T05:47:12+00:00,0.0,0.0,OK
St. Albert,St. Albert,2026-06-12 23:00,2.0,,2,2,2026-06-13T05:47:12+00:00,2.0,2026-06-13T05:47:12+00:00,0.0,0.0,OK
Strathcona County,Sherwood Park,2026-06-12 23:00,2.0,,2,2,2026-06-13T05:47:12+00:00,,,,,OK
Edmonton,Edmonton,2026-06-13 04:00,2.0,,2,2,2026-06-13T11:03:31+00:00,2.0,2026-06-13T11:03:31+00:00,0.0,0.0,OK
Calgary,Calgary,2026-06-13 04:00,2.0,,3,2,2026-06-13T11:03:31+00:00,2.0,2026-06-13T11:03:31+00:00,0.0,0.0,OK
Red Deer,Red Deer,2026-06-13 04:00,1.0,,3,2,2026-06-13T11:03:31+00:00,1.0,2026-06-13T11:03:31+00:00,0.0,0.0,OK
Fort McMurray,Fort McMurray,2026-06-13 04:00,2.0,,2,2,2026-06-13T11:03:31+00:00,2.0,2026-06-13T11:03:31+00:00,0.0,0.0,OK
Grande Prairie,Grande Prairie,2026-06-13 03:00,2.0,,2,2,2026-06-13T11:03:31+00:00,2.0,2026-06-13T11:03:31+00:00,0.0,0.0,OK
Lethbridge,Lethbridge,2026-06-13 03:00,1.0,,2,2,2026-06-13T11:03:31+00:00,1.0,2026-06-13T11:03:31+00:00,0.0,0.0,OK
Medicine Hat,Medicine Hat,2026-06-13 04:00,2.0,,3,2,2026-06-13T11:03:31+00:00,2.0,2026-06-13T11:03:31+00:00,0.0,0.0,OK
Airdrie,Airdrie,2026-06-13 04:00,1.0,,3,2,2026-06-13T11:03:31+00:00,1.0,2026-06-13T11:03:31+00:00,0.0,0.0,OK
Cold Lake,Cold Lake,2026-06-13 04:00,1.0,,2,2,2026-06-13T11:03:31+00:00,1.0,2026-06-13T11:03:31+00:00,0.0,0.0,OK
Drayton Valley,Drayton Valley,2026-06-13 04:00,1.0,,2,2,2026-06-13T11:03:31+00:00,1.0,2026-06-13T11:03:31+00:00,0.0,0.0,OK
St. Albert,St. Albert,2026-06-13 04:00,2.0,,2,2,2026-06-13T11:03:31+00:00,2.0,2026-06-13T11:03:31+00:00,0.0,0.0,OK
Strathcona County,Sherwood Park,2026-06-13 04:00,1.0,,2,2,2026-06-13T11:03:31+00:00,,,,,OK
Edmonton,Edmonton,2026-06-13 05:00,2.0,,2,2,2026-06-13T11:56:11+00:00,2.0,2026-06-13T11:56:11+00:00,0.0,0.0,OK
Calgary,Calgary,2026-06-13 04:00,2.0,,3,2,2026-06-13T11:56:11+00:00,2.0,2026-06-13T11:56:11+00:00,0.0,0.0,OK
Red Deer,Red Deer,2026-06-13 05:00,1.0,,3,2,2026-06-13T11:56:11+00:00,1.0,2026-06-13T11:56:11+00:00,0.0,0.0,OK
Fort McMurray,Fort McMurray,2026-06-13 05:00,3.0,,2,2,2026-06-13T11:56:11+00:00,3.0,2026-06-13T11:56:11+00:00,0.0,0.0,OK
Grande Prairie,Grande Prairie,2026-06-13 05:00,2.0,,2,2,2026-06-13T11:56:11+00:00,2.0,2026-06-13T11:56:11+00:00,0.0,0.0,OK
Lethbridge,Lethbridge,2026-06-13 03:00,1.0,,2,2,2026-06-13T11:56:11+00:00,1.0,2026-06-13T11:56:11+00:00,0.0,0.0,OK
Medicine Hat,Medicine Hat,2026-06-13 04:00,2.0,,3,2,2026-06-13T11:56:11+00:00,1.0,2026-06-13T11:56:11+00:00,1.0,1.0,Minor difference
Airdrie,Airdrie,2026-06-13 04:00,1.0,,3,2,2026-06-13T11:56:11+00:00,1.0,2026-06-13T11:56:11+00:00,0.0,0.0,OK
Cold Lake,Cold Lake,2026-06-13 05:00,1.0,,2,2,2026-06-13T11:56:11+00:00,1.0,2026-06-13T11:56:11+00:00,0.0,0.0,OK
Drayton Valley,Drayton Valley,2026-06-13 04:00,1.0,,2,2,2026-06-13T11:56:11+00:00,2.0,2026-06-13T11:56:11+00:00,-1.0,1.0,Minor difference
St. Albert,St. Albert,2026-06-13 04:00,2.0,,2,2,2026-06-13T11:56:11+00:00,2.0,2026-06-13T11:56:11+00:00,0.0,0.0,OK
Strathcona County,Sherwood Park,2026-06-13 05:00,1.0,,2,2,2026-06-13T11:56:11+00:00,,,,,OK
Edmonton,Edmonton,2026-06-13 07:00,2.0,3.0,3,3,2026-06-13T13:57:16+00:00,2.0,2026-06-13T13:57:16+00:00,0.0,0.0,OK
Calgary,Calgary,2026-06-13 07:00,2.0,2.0,2,3,2026-06-13T13:57:16+00:00,2.0,2026-06-13T13:57:16+00:00,0.0,0.0,OK
Red Deer,Red Deer,2026-06-13 07:00,1.0,3.0,2,3,2026-06-13T13:57:16+00:00,1.0,2026-06-13T13:57:16+00:00,0.0,0.0,OK
Fort McMurray,Fort McMurray,2026-06-13 07:00,1.0,2.0,3,2,2026-06-13T13:57:16+00:00,1.0,2026-06-13T13:57:16+00:00,0.0,0.0,OK
Grande Prairie,Grande Prairie,2026-06-13 07:00,1.0,2.0,2,2,2026-06-13T13:57:16+00:00,2.0,2026-06-13T13:57:16+00:00,-1.0,1.0,Minor difference
Lethbridge,Lethbridge,2026-06-13 07:00,1.0,2.0,3,2,2026-06-13T13:57:16+00:00,1.0,2026-06-13T13:57:16+00:00,0.0,0.0,OK
Medicine Hat,Medicine Hat,2026-06-13 07:00,1.0,2.0,3,2,2026-06-13T13:57:16+00:00,1.0,2026-06-13T13:57:16+00:00,0.0,0.0,OK
Airdrie,Airdrie,2026-06-13 07:00,2.0,2.0,2,3,2026-06-13T13:57:16+00:00,2.0,2026-06-13T13:57:16+00:00,0.0,0.0,OK
Cold Lake,Cold Lake,2026-06-13 07:00,1.0,3.0,3,2,2026-06-13T13:57:16+00:00,1.0,2026-06-13T13:57:16+00:00,0.0,0.0,OK
Drayton Valley,Drayton Valley,2026-06-13 07:00,1.0,2.0,2,2,2026-06-13T13:57:16+00:00,1.0,2026-06-13T13:57:16+00:00,0.0,0.0,OK
St. Albert,St. Albert,2026-06-13 07:00,2.0,3.0,3,3,2026-06-13T13:57:16+00:00,2.0,2026-06-13T13:57:16+00:00,0.0,0.0,OK
Strathcona County,Sherwood Park,2026-06-13 07:00,11.0,3.0,3,3,2026-06-13T13:57:16+00:00,,,,,OK
Edmonton,Edmonton,2026-06-13 09:00,2.0,3.0,3,3,2026-06-13T15:50:23+00:00,2.0,2026-06-13T15:50:23+00:00,0.0,0.0,OK
Calgary,Calgary,2026-06-13 09:00,2.0,2.0,2,3,2026-06-13T15:50:23+00:00,2.0,2026-06-13T15:50:23+00:00,0.0,0.0,OK
Red Deer,Red Deer,2026-06-13 09:00,1.0,3.0,2,3,2026-06-13T15:50:23+00:00,1.0,2026-06-13T15:50:23+00:00,0.0,0.0,OK
Fort McMurray,Fort McMurray,2026-06-13 09:00,1.0,2.0,3,2,2026-06-13T15:50:23+00:00,1.0,2026-06-13T15:50:23+00:00,0.0,0.0,OK
Grande Prairie,Grande Prairie,2026-06-13 09:00,1.0,2.0,2,2,2026-06-13T15:50:23+00:00,1.0,2026-06-13T15:50:23+00:00,0.0,0.0,OK
Lethbridge,Lethbridge,2026-06-13 09:00,1.0,2.0,3,2,2026-06-13T15:50:23+00:00,1.0,2026-06-13T15:50:23+00:00,0.0,0.0,OK
Medicine Hat,Medicine Hat,2026-06-13 09:00,1.0,2.0,3,2,2026-06-13T15:50:23+00:00,1.0,2026-06-13T15:50:23+00:00,0.0,0.0,OK
Airdrie,Airdrie,2026-06-13 09:00,2.0,2.0,2,3,2026-06-13T15:50:23+00:00,2.0,2026-06-13T15:50:23+00:00,0.0,0.0,OK
Cold Lake,Cold Lake,2026-06-13 09:00,1.0,3.0,3,2,2026-06-13T15:50:23+00:00,1.0,2026-06-13T15:50:23+00:00,0.0,0.0,OK
Drayton Valley,Drayton Valley,2026-06-13 09:00,1.0,2.0,2,2,2026-06-13T15:50:23+00:00,1.0,2026-06-13T15:50:23+00:00,0.0,0.0,OK
St. Albert,St. Albert,2026-06-13 09:00,2.0,3.0,3,3,2026-06-13T15:50:23+00:00,2.0,2026-06-13T15:50:23+00:00,0.0,0.0,OK
Strathcona County,Sherwood Park,2026-06-13 09:00,11.0,3.0,3,3,2026-06-13T15:50:23+00:00,,,,,OK
Edmonton,Edmonton,2026-06-13 10:00,2.0,3.0,3,3,2026-06-13T16:48:25+00:00,2.0,2026-06-13T16:48:25+00:00,0.0,0.0,OK
Calgary,Calgary,2026-06-13 10:00,2.0,2.0,2,3,2026-06-13T16:48:25+00:00,2.0,2026-06-13T16:48:25+00:00,0.0,0.0,OK
Red Deer,Red Deer,2026-06-13 10:00,2.0,3.0,2,3,2026-06-13T16:48:25+00:00,2.0,2026-06-13T16:48:25+00:00,0.0,0.0,OK
Fort McMurray,Fort McMurray,2026-06-13 10:00,1.0,2.0,3,2,2026-06-13T16:48:25+00:00,1.0,2026-06-13T16:48:25+00:00,0.0,0.0,OK
Grande Prairie,Grande Prairie,2026-06-13 10:00,1.0,2.0,2,2,2026-06-13T16:48:25+00:00,1.0,2026-06-13T16:48:25+00:00,0.0,0.0,OK
Lethbridge,Lethbridge,2026-06-13 10:00,1.0,2.0,3,2,2026-06-13T16:48:25+00:00,1.0,2026-06-13T16:48:25+00:00,0.0,0.0,OK
Medicine Hat,Medicine Hat,2026-06-13 10:00,2.0,2.0,3,2,2026-06-13T16:48:25+00:00,2.0,2026-06-13T16:48:25+00:00,0.0,0.0,OK
Airdrie,Airdrie,2026-06-13 10:00,2.0,2.0,2,3,2026-06-13T16:48:25+00:00,2.0,2026-06-13T16:48:25+00:00,0.0,0.0,OK
Cold Lake,Cold Lake,2026-06-13 10:00,2.0,3.0,3,2,2026-06-13T16:48:25+00:00,2.0,2026-06-13T16:48:25+00:00,0.0,0.0,OK
Drayton Valley,Drayton Valley,2026-06-13 10:00,2.0,2.0,2,2,2026-06-13T16:48:25+00:00,2.0,2026-06-13T16:48:25+00:00,0.0,0.0,OK
St. Albert,St. Albert,2026-06-13 10:00,2.0,3.0,3,3,2026-06-13T16:48:25+00:00,2.0,2026-06-13T16:48:25+00:00,0.0,0.0,OK
Strathcona County,Sherwood Park,2026-06-13 10:00,2.0,3.0,3,3,2026-06-13T16:48:25+00:00,,,,,OK
Edmonton,Edmonton,2026-06-13 14:00,2.0,3.0,3,3,2026-06-13T20:44:24+00:00,2.0,2026-06-13T20:44:24+00:00,0.0,0.0,OK
Calgary,Calgary,2026-06-13 14:00,3.0,2.0,2,3,2026-06-13T20:44:24+00:00,3.0,2026-06-13T20:44:24+00:00,0.0,0.0,OK
Red Deer,Red Deer,2026-06-13 14:00,2.0,3.0,2,3,2026-06-13T20:44:24+00:00,2.0,2026-06-13T20:44:24+00:00,0.0,0.0,OK
Fort McMurray,Fort McMurray,2026-06-13 14:00,2.0,2.0,3,2,2026-06-13T20:44:24+00:00,2.0,2026-06-13T20:44:24+00:00,0.0,0.0,OK
Grande Prairie,Grande Prairie,2026-06-13 14:00,2.0,2.0,2,2,2026-06-13T20:44:24+00:00,2.0,2026-06-13T20:44:24+00:00,0.0,0.0,OK
Lethbridge,Lethbridge,2026-06-13 14:00,2.0,2.0,3,2,2026-06-13T20:44:24+00:00,2.0,2026-06-13T20:44:24+00:00,0.0,0.0,OK
Medicine Hat,Medicine Hat,2026-06-13 14:00,2.0,2.0,3,2,2026-06-13T20:44:24+00:00,2.0,2026-06-13T20:44:24+00:00,0.0,0.0,OK
Airdrie,Airdrie,2026-06-13 14:00,2.0,2.0,2,3,2026-06-13T20:44:24+00:00,2.0,2026-06-13T20:44:24+00:00,0.0,0.0,OK
Cold Lake,Cold Lake,2026-06-13 14:00,2.0,3.0,3,2,2026-06-13T20:44:24+00:00,2.0,2026-06-13T20:44:24+00:00,0.0,0.0,OK
Drayton Valley,Drayton Valley,2026-06-13 14:00,2.0,2.0,2,2,2026-06-13T20:44:24+00:00,2.0,2026-06-13T20:44:24+00:00,0.0,0.0,OK
St. Albert,St. Albert,2026-06-13 14:00,2.0,3.0,3,3,2026-06-13T20:44:24+00:00,2.0,2026-06-13T20:44:24+00:00,0.0,0.0,OK
Strathcona County,Sherwood Park,2026-06-13 14:00,2.0,3.0,3,3,2026-06-13T20:44:24+00:00,,,,,OK
Edmonton,Edmonton,2026-06-13 15:00,2.0,3.0,3,3,2026-06-13T21:43:17+00:00,2.0,2026-06-13T21:43:17+00:00,0.0,0.0,OK
Calgary,Calgary,2026-06-13 15:00,3.0,2.0,2,3,2026-06-13T21:43:17+00:00,3.0,2026-06-13T21:43:17+00:00,0.0,0.0,OK
Red Deer,Red Deer,2026-06-13 15:00,2.0,3.0,2,3,2026-06-13T21:43:17+00:00,2.0,2026-06-13T21:43:17+00:00,0.0,0.0,OK
Fort McMurray,Fort McMurray,2026-06-13 15:00,2.0,2.0,3,2,2026-06-13T21:43:17+00:00,2.0,2026-06-13T21:43:17+00:00,0.0,0.0,OK
Grande Prairie,Grande Prairie,2026-06-13 15:00,3.0,2.0,2,2,2026-06-13T21:43:17+00:00,3.0,2026-06-13T21:43:17+00:00,0.0,0.0,OK
Lethbridge,Lethbridge,2026-06-13 15:00,2.0,2.0,3,2,2026-06-13T21:43:17+00:00,2.0,2026-06-13T21:43:17+00:00,0.0,0.0,OK
Medicine Hat,Medicine Hat,2026-06-13 15:00,2.0,2.0,3,2,2026-06-13T21:43:17+00:00,2.0,2026-06-13T21:43:17+00:00,0.0,0.0,OK
Airdrie,Airdrie,2026-06-13 15:00,3.0,2.0,2,3,2026-06-13T21:43:17+00:00,3.0,2026-06-13T21:43:17+00:00,0.0,0.0,OK
Cold Lake,Cold Lake,2026-06-13 15:00,2.0,3.0,3,2,2026-06-13T21:43:17+00:00,2.0,2026-06-13T21:43:17+00:00,0.0,0.0,OK
Drayton Valley,Drayton Valley,2026-06-13 15:00,2.0,2.0,2,2,2026-06-13T21:43:17+00:00,2.0,2026-06-13T21:43:17+00:00,0.0,0.0,OK
St. Albert,St. Albert,2026-06-13 15:00,2.0,3.0,3,3,2026-06-13T21:43:17+00:00,2.0,2026-06-13T21:43:17+00:00,0.0,0.0,OK
Strathcona County,Sherwood Park,2026-06-13 15:00,2.0,3.0,3,3,2026-06-13T21:43:17+00:00,,,,,OK
Edmonton,Edmonton,2026-06-13 18:00,3.0,,3,3,2026-06-14T01:29:32+00:00,3.0,2026-06-14T01:29:33+00:00,0.0,0.0,OK
Calgary,Calgary,2026-06-13 18:00,3.0,,3,3,2026-06-14T01:29:32+00:00,3.0,2026-06-14T01:29:33+00:00,0.0,0.0,OK
Red Deer,Red Deer,2026-06-13 18:00,3.0,,2,3,2026-06-14T01:29:32+00:00,3.0,2026-06-14T01:29:33+00:00,0.0,0.0,OK
Fort McMurray,Fort McMurray,2026-06-13 18:00,2.0,,3,3,2026-06-14T01:29:32+00:00,2.0,2026-06-14T01:29:33+00:00,0.0,0.0,OK
Grande Prairie,Grande Prairie,2026-06-13 18:00,3.0,,2,3,2026-06-14T01:29:32+00:00,3.0,2026-06-14T01:29:33+00:00,0.0,0.0,OK
Lethbridge,Lethbridge,2026-06-13 19:00,3.0,,3,3,2026-06-14T01:29:32+00:00,3.0,2026-06-14T01:29:33+00:00,0.0,0.0,OK
Medicine Hat,Medicine Hat,2026-06-13 18:00,2.0,,3,3,2026-06-14T01:29:32+00:00,2.0,2026-06-14T01:29:33+00:00,0.0,0.0,OK
Airdrie,Airdrie,2026-06-13 18:00,3.0,,3,3,2026-06-14T01:29:32+00:00,3.0,2026-06-14T01:29:33+00:00,0.0,0.0,OK
Cold Lake,Cold Lake,2026-06-13 19:00,2.0,,2,3,2026-06-14T01:29:32+00:00,2.0,2026-06-14T01:29:33+00:00,0.0,0.0,OK
Drayton Valley,Drayton Valley,2026-06-13 18:00,2.0,,2,3,2026-06-14T01:29:32+00:00,2.0,2026-06-14T01:29:33+00:00,0.0,0.0,OK
St. Albert,St. Albert,2026-06-13 17:00,3.0,,3,3,2026-06-14T01:29:32+00:00,3.0,2026-06-14T01:29:33+00:00,0.0,0.0,OK
Strathcona County,Sherwood Park,2026-06-13 19:00,3.0,,3,3,2026-06-14T01:29:32+00:00,,,,,OK
Edmonton,Edmonton,2026-06-13 23:00,3.0,,3,3,2026-06-14T05:55:53+00:00,3.0,2026-06-14T05:55:53+00:00,0.0,0.0,OK
Calgary,Calgary,2026-06-13 23:00,3.0,,3,3,2026-06-14T05:55:53+00:00,3.0,2026-06-14T05:55:53+00:00,0.0,0.0,OK
Red Deer,Red Deer,2026-06-13 23:00,2.0,,2,3,2026-06-14T05:55:53+00:00,2.0,2026-06-14T05:55:53+00:00,0.0,0.0,OK
Fort McMurray,Fort McMurray,2026-06-13 23:00,2.0,,3,3,2026-06-14T05:55:53+00:00,2.0,2026-06-14T05:55:53+00:00,0.0,0.0,OK
Grande Prairie,Grande Prairie,2026-06-13 23:00,3.0,,2,3,2026-06-14T05:55:53+00:00,2.0,2026-06-14T05:55:53+00:00,1.0,1.0,Minor difference
Lethbridge,Lethbridge,2026-06-13 23:00,3.0,,3,3,2026-06-14T05:55:53+00:00,3.0,2026-06-14T05:55:53+00:00,0.0,0.0,OK
Medicine Hat,Medicine Hat,2026-06-13 23:00,2.0,,3,3,2026-06-14T05:55:53+00:00,2.0,2026-06-14T05:55:53+00:00,0.0,0.0,OK
Airdrie,Airdrie,2026-06-13 23:00,3.0,,3,3,2026-06-14T05:55:53+00:00,3.0,2026-06-14T05:55:53+00:00,0.0,0.0,OK
Cold Lake,Cold Lake,2026-06-13 23:00,2.0,,2,3,2026-06-14T05:55:53+00:00,2.0,2026-06-14T05:55:53+00:00,0.0,0.0,OK
Drayton Valley,Drayton Valley,2026-06-13 23:00,2.0,,2,3,2026-06-14T05:55:53+00:00,2.0,2026-06-14T05:55:53+00:00,0.0,0.0,OK
St. Albert,St. Albert,2026-06-13 23:00,3.0,,3,3,2026-06-14T05:55:53+00:00,3.0,2026-06-14T05:55:53+00:00,0.0,0.0,OK
Strathcona County,Sherwood Park,2026-06-13 23:00,3.0,,3,3,2026-06-14T05:55:53+00:00,,,,,OK
Edmonton,Edmonton,2026-06-14 02:00,3.0,,3,3,2026-06-14T09:27:38+00:00,3.0,2026-06-14T09:27:38+00:00,0.0,0.0,OK
Calgary,Calgary,2026-06-14 02:00,3.0,,3,3,2026-06-14T09:27:38+00:00,3.0,2026-06-14T09:27:38+00:00,0.0,0.0,OK
Red Deer,Red Deer,2026-06-14 02:00,2.0,,2,3,2026-06-14T09:27:38+00:00,2.0,2026-06-14T09:27:38+00:00,0.0,0.0,OK
Fort McMurray,Fort McMurray,2026-06-14 02:00,1.0,,3,3,2026-06-14T09:27:38+00:00,1.0,2026-06-14T09:27:38+00:00,0.0,0.0,OK
Grande Prairie,Grande Prairie,2026-06-14 02:00,2.0,,2,3,2026-06-14T09:27:38+00:00,2.0,2026-06-14T09:27:38+00:00,0.0,0.0,OK
Lethbridge,Lethbridge,2026-06-14 03:00,2.0,,3,3,2026-06-14T09:27:38+00:00,2.0,2026-06-14T09:27:38+00:00,0.0,0.0,OK
Medicine Hat,Medicine Hat,2026-06-14 02:00,2.0,,3,3,2026-06-14T09:27:38+00:00,2.0,2026-06-14T09:27:38+00:00,0.0,0.0,OK
Airdrie,Airdrie,2026-06-14 02:00,2.0,,3,3,2026-06-14T09:27:38+00:00,2.0,2026-06-14T09:27:38+00:00,0.0,0.0,OK
Cold Lake,Cold Lake,2026-06-14 03:00,1.0,,2,3,2026-06-14T09:27:38+00:00,1.0,2026-06-14T09:27:38+00:00,0.0,0.0,OK
Drayton Valley,Drayton Valley,2026-06-14 02:00,3.0,,2,3,2026-06-14T09:27:38+00:00,3.0,2026-06-14T09:27:38+00:00,0.0,0.0,OK
St. Albert,St. Albert,2026-06-14 02:00,3.0,,3,3,2026-06-14T09:27:38+00:00,3.0,2026-06-14T09:27:38+00:00,0.0,0.0,OK
Strathcona County,Sherwood Park,2026-06-14 03:00,3.0,,3,3,2026-06-14T09:27:38+00:00,,,,,OK
Edmonton,Edmonton,2026-06-14 04:00,3.0,,3,3,2026-06-14T11:12:29+00:00,3.0,2026-06-14T11:12:29+00:00,0.0,0.0,OK
Calgary,Calgary,2026-06-14 04:00,3.0,,3,3,2026-06-14T11:12:29+00:00,3.0,2026-06-14T11:12:29+00:00,0.0,0.0,OK
Red Deer,Red Deer,2026-06-14 04:00,2.0,,2,3,2026-06-14T11:12:29+00:00,2.0,2026-06-14T11:12:29+00:00,0.0,0.0,OK
Fort McMurray,Fort McMurray,2026-06-14 04:00,2.0,,3,3,2026-06-14T11:12:29+00:00,2.0,2026-06-14T11:12:29+00:00,0.0,0.0,OK
Grande Prairie,Grande Prairie,2026-06-14 03:00,2.0,,2,3,2026-06-14T11:12:29+00:00,2.0,2026-06-14T11:12:29+00:00,0.0,0.0,OK
Lethbridge,Lethbridge,2026-06-14 03:00,2.0,,3,3,2026-06-14T11:12:29+00:00,2.0,2026-06-14T11:12:29+00:00,0.0,0.0,OK
Medicine Hat,Medicine Hat,2026-06-14 04:00,1.0,,3,3,2026-06-14T11:12:29+00:00,1.0,2026-06-14T11:12:29+00:00,0.0,0.0,OK
Airdrie,Airdrie,2026-06-14 04:00,2.0,,3,3,2026-06-14T11:12:29+00:00,2.0,2026-06-14T11:12:29+00:00,0.0,0.0,OK
Cold Lake,Cold Lake,2026-06-14 05:00,1.0,,2,3,2026-06-14T11:12:29+00:00,1.0,2026-06-14T11:12:29+00:00,0.0,0.0,OK
Drayton Valley,Drayton Valley,2026-06-14 04:00,2.0,,2,3,2026-06-14T11:12:29+00:00,2.0,2026-06-14T11:12:29+00:00,0.0,0.0,OK
St. Albert,St. Albert,2026-06-14 04:00,3.0,,3,3,2026-06-14T11:12:29+00:00,3.0,2026-06-14T11:12:29+00:00,0.0,0.0,OK
Strathcona County,Sherwood Park,2026-06-14 05:00,2.0,,3,3,2026-06-14T11:12:29+00:00,,,,,OK
Edmonton,Edmonton,2026-06-14 05:00,2.0,,3,3,2026-06-14T11:59:20+00:00,2.0,2026-06-14T11:59:20+00:00,0.0,0.0,OK
Calgary,Calgary,2026-06-14 04:00,3.0,,3,3,2026-06-14T11:59:20+00:00,3.0,2026-06-14T11:59:20+00:00,0.0,0.0,OK
Red Deer,Red Deer,2026-06-14 05:00,2.0,,2,3,2026-06-14T11:59:20+00:00,2.0,2026-06-14T11:59:20+00:00,0.0,0.0,OK
Fort McMurray,Fort McMurray,2026-06-14 05:00,2.0,,3,3,2026-06-14T11:59:20+00:00,2.0,2026-06-14T11:59:20+00:00,0.0,0.0,OK
Grande Prairie,Grande Prairie,2026-06-14 05:00,2.0,,2,3,2026-06-14T11:59:20+00:00,2.0,2026-06-14T11:59:20+00:00,0.0,0.0,OK
Lethbridge,Lethbridge,2026-06-14 03:00,2.0,,3,3,2026-06-14T11:59:20+00:00,1.0,2026-06-14T11:59:20+00:00,1.0,1.0,Minor difference
Medicine Hat,Medicine Hat,2026-06-14 04:00,1.0,,3,3,2026-06-14T11:59:20+00:00,1.0,2026-06-14T11:59:20+00:00,0.0,0.0,OK
Airdrie,Airdrie,2026-06-14 04:00,2.0,,3,3,2026-06-14T11:59:20+00:00,2.0,2026-06-14T11:59:20+00:00,0.0,0.0,OK
Cold Lake,Cold Lake,2026-06-14 05:00,1.0,,2,3,2026-06-14T11:59:20+00:00,1.0,2026-06-14T11:59:20+00:00,0.0,0.0,OK
Drayton Valley,Drayton Valley,2026-06-14 04:00,2.0,,2,3,2026-06-14T11:59:20+00:00,2.0,2026-06-14T11:59:20+00:00,0.0,0.0,OK
St. Albert,St. Albert,2026-06-14 04:00,3.0,,3,3,2026-06-14T11:59:20+00:00,2.0,2026-06-14T11:59:20+00:00,1.0,1.0,Minor difference
Strathcona County,Sherwood Park,2026-06-14 05:00,2.0,,3,3,2026-06-14T11:59:20+00:00,,,,,OK
Edmonton,Edmonton,2026-06-14 08:00,2.0,3.0,3,3,2026-06-14T15:01:02+00:00,2.0,2026-06-14T15:01:02+00:00,0.0,0.0,OK
Calgary,Calgary,2026-06-14 08:00,2.0,3.0,3,3,2026-06-14T15:01:02+00:00,2.0,2026-06-14T15:01:02+00:00,0.0,0.0,OK
Red Deer,Red Deer,2026-06-14 08:00,2.0,3.0,2,3,2026-06-14T15:01:02+00:00,2.0,2026-06-14T15:01:02+00:00,0.0,0.0,OK
Fort McMurray,Fort McMurray,2026-06-14 08:00,2.0,3.0,3,2,2026-06-14T15:01:02+00:00,2.0,2026-06-14T15:01:02+00:00,0.0,0.0,OK
Grande Prairie,Grande Prairie,2026-06-14 08:00,2.0,2.0,2,2,2026-06-14T15:01:02+00:00,2.0,2026-06-14T15:01:02+00:00,0.0,0.0,OK
Lethbridge,Lethbridge,2026-06-14 08:00,2.0,2.0,3,2,2026-06-14T15:01:02+00:00,2.0,2026-06-14T15:01:02+00:00,0.0,0.0,OK
Medicine Hat,Medicine Hat,2026-06-14 08:00,1.0,3.0,2,3,2026-06-14T15:01:02+00:00,1.0,2026-06-14T15:01:02+00:00,0.0,0.0,OK
Airdrie,Airdrie,2026-06-14 08:00,2.0,3.0,3,3,2026-06-14T15:01:02+00:00,2.0,2026-06-14T15:01:02+00:00,0.0,0.0,OK
Cold Lake,Cold Lake,2026-06-14 08:00,1.0,2.0,3,2,2026-06-14T15:01:02+00:00,1.0,2026-06-14T15:01:02+00:00,0.0,0.0,OK
Drayton Valley,Drayton Valley,2026-06-14 08:00,2.0,3.0,2,2,2026-06-14T15:01:02+00:00,2.0,2026-06-14T15:01:02+00:00,0.0,0.0,OK
St. Albert,St. Albert,2026-06-14 08:00,2.0,3.0,3,3,2026-06-14T15:01:02+00:00,2.0,2026-06-14T15:01:02+00:00,0.0,0.0,OK
Strathcona County,Sherwood Park,2026-06-14 08:00,2.0,3.0,3,3,2026-06-14T15:01:02+00:00,,,,,OK
Edmonton,Edmonton,2026-06-14 09:00,2.0,3.0,3,3,2026-06-14T16:48:14+00:00,2.0,2026-06-14T16:48:14+00:00,0.0,0.0,OK
Calgary,Calgary,2026-06-14 10:00,2.0,3.0,3,3,2026-06-14T16:48:14+00:00,2.0,2026-06-14T16:48:14+00:00,0.0,0.0,OK
Red Deer,Red Deer,2026-06-14 10:00,2.0,3.0,2,3,2026-06-14T16:48:14+00:00,2.0,2026-06-14T16:48:14+00:00,0.0,0.0,OK
Fort McMurray,Fort McMurray,2026-06-14 10:00,2.0,3.0,3,2,2026-06-14T16:48:14+00:00,2.0,2026-06-14T16:48:14+00:00,0.0,0.0,OK
Grande Prairie,Grande Prairie,2026-06-14 10:00,2.0,2.0,2,2,2026-06-14T16:48:14+00:00,2.0,2026-06-14T16:48:14+00:00,0.0,0.0,OK
Lethbridge,Lethbridge,2026-06-14 10:00,2.0,2.0,3,2,2026-06-14T16:48:14+00:00,2.0,2026-06-14T16:48:14+00:00,0.0,0.0,OK
Medicine Hat,Medicine Hat,2026-06-14 10:00,2.0,3.0,2,3,2026-06-14T16:48:14+00:00,2.0,2026-06-14T16:48:14+00:00,0.0,0.0,OK
Airdrie,Airdrie,2026-06-14 10:00,2.0,3.0,3,3,2026-06-14T16:48:14+00:00,2.0,2026-06-14T16:48:14+00:00,0.0,0.0,OK
Cold Lake,Cold Lake,2026-06-14 10:00,2.0,2.0,3,2,2026-06-14T16:48:14+00:00,2.0,2026-06-14T16:48:14+00:00,0.0,0.0,OK
Drayton Valley,Drayton Valley,2026-06-14 09:00,2.0,3.0,2,2,2026-06-14T16:48:14+00:00,2.0,2026-06-14T16:48:14+00:00,0.0,0.0,OK
St. Albert,St. Albert,2026-06-14 09:00,2.0,3.0,3,3,2026-06-14T16:48:14+00:00,2.0,2026-06-14T16:48:14+00:00,0.0,0.0,OK
Strathcona County,Sherwood Park,2026-06-14 10:00,2.0,3.0,3,3,2026-06-14T16:48:14+00:00,,,,,OK
Edmonton,Edmonton,2026-06-14 13:00,3.0,3.0,3,3,2026-06-14T19:53:11+00:00,3.0,2026-06-14T19:53:11+00:00,0.0,0.0,OK
Calgary,Calgary,2026-06-14 13:00,2.0,3.0,3,3,2026-06-14T19:53:11+00:00,2.0,2026-06-14T19:53:11+00:00,0.0,0.0,OK
Red Deer,Red Deer,2026-06-14 13:00,3.0,3.0,2,3,2026-06-14T19:53:11+00:00,3.0,2026-06-14T19:53:11+00:00,0.0,0.0,OK
Fort McMurray,Fort McMurray,2026-06-14 13:00,3.0,3.0,3,2,2026-06-14T19:53:11+00:00,3.0,2026-06-14T19:53:11+00:00,0.0,0.0,OK
Grande Prairie,Grande Prairie,2026-06-14 13:00,2.0,2.0,2,2,2026-06-14T19:53:11+00:00,2.0,2026-06-14T19:53:11+00:00,0.0,0.0,OK
Lethbridge,Lethbridge,2026-06-14 13:00,2.0,2.0,3,2,2026-06-14T19:53:11+00:00,2.0,2026-06-14T19:53:11+00:00,0.0,0.0,OK
Medicine Hat,Medicine Hat,2026-06-14 13:00,2.0,3.0,2,3,2026-06-14T19:53:11+00:00,2.0,2026-06-14T19:53:11+00:00,0.0,0.0,OK
Airdrie,Airdrie,2026-06-14 13:00,2.0,3.0,3,3,2026-06-14T19:53:11+00:00,2.0,2026-06-14T19:53:11+00:00,0.0,0.0,OK
Cold Lake,Cold Lake,2026-06-14 13:00,3.0,2.0,3,2,2026-06-14T19:53:11+00:00,3.0,2026-06-14T19:53:11+00:00,0.0,0.0,OK
Drayton Valley,Drayton Valley,2026-06-14 13:00,2.0,3.0,2,2,2026-06-14T19:53:11+00:00,2.0,2026-06-14T19:53:11+00:00,0.0,0.0,OK
St. Albert,St. Albert,2026-06-14 13:00,3.0,3.0,3,3,2026-06-14T19:53:11+00:00,3.0,2026-06-14T19:53:11+00:00,0.0,0.0,OK
Strathcona County,Sherwood Park,2026-06-14 13:00,3.0,3.0,3,3,2026-06-14T19:53:11+00:00,,,,,OK
Edmonton,Edmonton,2026-06-14 15:00,3.0,3.0,3,3,2026-06-14T21:45:54+00:00,3.0,2026-06-14T21:45:55+00:00,0.0,0.0,OK
Calgary,Calgary,2026-06-14 15:00,3.0,3.0,3,3,2026-06-14T21:45:54+00:00,3.0,2026-06-14T21:45:55+00:00,0.0,0.0,OK
Red Deer,Red Deer,2026-06-14 15:00,3.0,3.0,2,3,2026-06-14T21:45:54+00:00,3.0,2026-06-14T21:45:55+00:00,0.0,0.0,OK
Fort McMurray,Fort McMurray,2026-06-14 15:00,3.0,3.0,3,2,2026-06-14T21:45:54+00:00,3.0,2026-06-14T21:45:55+00:00,0.0,0.0,OK
Grande Prairie,Grande Prairie,2026-06-14 15:00,2.0,2.0,2,2,2026-06-14T21:45:54+00:00,2.0,2026-06-14T21:45:55+00:00,0.0,0.0,OK
Lethbridge,Lethbridge,2026-06-14 15:00,3.0,2.0,3,2,2026-06-14T21:45:54+00:00,3.0,2026-06-14T21:45:55+00:00,0.0,0.0,OK
Medicine Hat,Medicine Hat,2026-06-14 15:00,3.0,3.0,2,3,2026-06-14T21:45:54+00:00,3.0,2026-06-14T21:45:55+00:00,0.0,0.0,OK
Airdrie,Airdrie,2026-06-14 15:00,3.0,3.0,3,3,2026-06-14T21:45:54+00:00,3.0,2026-06-14T21:45:55+00:00,0.0,0.0,OK
Cold Lake,Cold Lake,2026-06-14 15:00,3.0,2.0,3,2,2026-06-14T21:45:54+00:00,3.0,2026-06-14T21:45:55+00:00,0.0,0.0,OK
Drayton Valley,Drayton Valley,2026-06-14 15:00,2.0,3.0,2,2,2026-06-14T21:45:54+00:00,2.0,2026-06-14T21:45:55+00:00,0.0,0.0,OK
St. Albert,St. Albert,2026-06-14 15:00,3.0,3.0,3,3,2026-06-14T21:45:54+00:00,3.0,2026-06-14T21:45:55+00:00,0.0,0.0,OK
Strathcona County,Sherwood Park,2026-06-14 15:00,3.0,3.0,3,3,2026-06-14T21:45:54+00:00,,,,,OK
Edmonton,Edmonton,2026-06-14 16:00,3.0,3.0,3,3,2026-06-14T22:41:38+00:00,3.0,2026-06-14T22:41:38+00:00,0.0,0.0,OK
Calgary,Calgary,2026-06-14 16:00,3.0,3.0,3,3,2026-06-14T22:41:38+00:00,3.0,2026-06-14T22:41:38+00:00,0.0,0.0,OK
Red Deer,Red Deer,2026-06-14 16:00,3.0,3.0,2,3,2026-06-14T22:41:38+00:00,3.0,2026-06-14T22:41:38+00:00,0.0,0.0,OK
Fort McMurray,Fort McMurray,2026-06-14 16:00,3.0,3.0,3,2,2026-06-14T22:41:38+00:00,3.0,2026-06-14T22:41:38+00:00,0.0,0.0,OK
Grande Prairie,Grande Prairie,2026-06-14 16:00,2.0,2.0,2,2,2026-06-14T22:41:38+00:00,2.0,2026-06-14T22:41:38+00:00,0.0,0.0,OK
Lethbridge,Lethbridge,2026-06-14 16:00,3.0,2.0,3,2,2026-06-14T22:41:38+00:00,3.0,2026-06-14T22:41:38+00:00,0.0,0.0,OK
Medicine Hat,Medicine Hat,2026-06-14 16:00,3.0,3.0,2,3,2026-06-14T22:41:38+00:00,3.0,2026-06-14T22:41:38+00:00,0.0,0.0,OK
Airdrie,Airdrie,2026-06-14 16:00,3.0,3.0,3,3,2026-06-14T22:41:38+00:00,3.0,2026-06-14T22:41:38+00:00,0.0,0.0,OK
Cold Lake,Cold Lake,2026-06-14 16:00,3.0,2.0,3,2,2026-06-14T22:41:38+00:00,3.0,2026-06-14T22:41:38+00:00,0.0,0.0,OK
Drayton Valley,Drayton Valley,2026-06-14 16:00,2.0,3.0,2,2,2026-06-14T22:41:38+00:00,2.0,2026-06-14T22:41:38+00:00,0.0,0.0,OK
St. Albert,St. Albert,2026-06-14 16:00,3.0,3.0,3,3,2026-06-14T22:41:38+00:00,3.0,2026-06-14T22:41:38+00:00,0.0,0.0,OK
Strathcona County,Sherwood Park,2026-06-14 16:00,3.0,3.0,3,3,2026-06-14T22:41:38+00:00,,,,,OK
Edmonton,Edmonton,2026-06-14 18:00,3.0,,3,3,2026-06-15T01:31:49+00:00,3.0,2026-06-15T01:31:49+00:00,0.0,0.0,OK
Calgary,Calgary,2026-06-14 18:00,3.0,,3,3,2026-06-15T01:31:49+00:00,3.0,2026-06-15T01:31:49+00:00,0.0,0.0,OK
Red Deer,Red Deer,2026-06-14 18:00,3.0,,2,3,2026-06-15T01:31:49+00:00,3.0,2026-06-15T01:31:49+00:00,0.0,0.0,OK
Fort McMurray,Fort McMurray,2026-06-14 18:00,3.0,,3,3,2026-06-15T01:31:49+00:00,2.0,2026-06-15T01:31:49+00:00,1.0,1.0,Minor difference
Grande Prairie,Grande Prairie,2026-06-14 18:00,2.0,,2,3,2026-06-15T01:31:49+00:00,2.0,2026-06-15T01:31:49+00:00,0.0,0.0,OK
Lethbridge,Lethbridge,2026-06-14 19:00,3.0,,2,3,2026-06-15T01:31:49+00:00,3.0,2026-06-15T01:31:49+00:00,0.0,0.0,OK
Medicine Hat,Medicine Hat,2026-06-14 18:00,3.0,,3,3,2026-06-15T01:31:49+00:00,3.0,2026-06-15T01:31:49+00:00,0.0,0.0,OK
Airdrie,Airdrie,2026-06-14 18:00,3.0,,3,3,2026-06-15T01:31:49+00:00,3.0,2026-06-15T01:31:49+00:00,0.0,0.0,OK
Cold Lake,Cold Lake,2026-06-14 19:00,3.0,,3,3,2026-06-15T01:31:49+00:00,3.0,2026-06-15T01:31:49+00:00,0.0,0.0,OK
Drayton Valley,Drayton Valley,2026-06-14 18:00,2.0,,2,3,2026-06-15T01:31:49+00:00,2.0,2026-06-15T01:31:49+00:00,0.0,0.0,OK
St. Albert,St. Albert,2026-06-14 18:00,3.0,,3,3,2026-06-15T01:31:49+00:00,2.0,2026-06-15T01:31:49+00:00,1.0,1.0,Minor difference
Strathcona County,Sherwood Park,2026-06-14 19:00,3.0,,3,3,2026-06-15T01:31:49+00:00,,,,,OK
Edmonton,Edmonton,2026-06-14 20:00,3.0,,3,3,2026-06-15T03:28:06+00:00,3.0,2026-06-15T03:28:07+00:00,0.0,0.0,OK
Calgary,Calgary,2026-06-14 20:00,3.0,,3,3,2026-06-15T03:28:06+00:00,3.0,2026-06-15T03:28:07+00:00,0.0,0.0,OK
Red Deer,Red Deer,2026-06-14 20:00,3.0,,2,3,2026-06-15T03:28:06+00:00,3.0,2026-06-15T03:28:07+00:00,0.0,0.0,OK
Fort McMurray,Fort McMurray,2026-06-14 20:00,2.0,,3,3,2026-06-15T03:28:06+00:00,2.0,2026-06-15T03:28:07+00:00,0.0,0.0,OK
Grande Prairie,Grande Prairie,2026-06-14 20:00,2.0,,2,3,2026-06-15T03:28:06+00:00,2.0,2026-06-15T03:28:07+00:00,0.0,0.0,OK
Lethbridge,Lethbridge,2026-06-14 21:00,3.0,,2,3,2026-06-15T03:28:06+00:00,3.0,2026-06-15T03:28:07+00:00,0.0,0.0,OK
Medicine Hat,Medicine Hat,2026-06-14 20:00,3.0,,3,3,2026-06-15T03:28:06+00:00,3.0,2026-06-15T03:28:07+00:00,0.0,0.0,OK
Airdrie,Airdrie,2026-06-14 20:00,3.0,,3,3,2026-06-15T03:28:06+00:00,3.0,2026-06-15T03:28:07+00:00,0.0,0.0,OK
Cold Lake,Cold Lake,2026-06-14 21:00,2.0,,3,3,2026-06-15T03:28:06+00:00,2.0,2026-06-15T03:28:07+00:00,0.0,0.0,OK
Drayton Valley,Drayton Valley,2026-06-14 20:00,2.0,,2,3,2026-06-15T03:28:06+00:00,2.0,2026-06-15T03:28:07+00:00,0.0,0.0,OK
St. Albert,St. Albert,2026-06-14 19:00,2.0,,3,3,2026-06-15T03:28:06+00:00,2.0,2026-06-15T03:28:07+00:00,0.0,0.0,OK
Strathcona County,Sherwood Park,2026-06-14 21:00,2.0,,3,3,2026-06-15T03:28:06+00:00,,,,,OK
Edmonton,Edmonton,2026-06-14 23:00,3.0,,3,3,2026-06-15T06:06:56+00:00,3.0,2026-06-15T06:06:56+00:00,0.0,0.0,OK
Calgary,Calgary,2026-06-14 23:00,3.0,,3,3,2026-06-15T06:06:56+00:00,3.0,2026-06-15T06:06:56+00:00,0.0,0.0,OK
Red Deer,Red Deer,2026-06-14 23:00,2.0,,2,3,2026-06-15T06:06:56+00:00,2.0,2026-06-15T06:06:56+00:00,0.0,0.0,OK
Fort McMurray,Fort McMurray,2026-06-14 23:00,2.0,,3,3,2026-06-15T06:06:56+00:00,2.0,2026-06-15T06:06:56+00:00,0.0,0.0,OK
Grande Prairie,Grande Prairie,2026-06-14 23:00,3.0,,2,3,2026-06-15T06:06:56+00:00,3.0,2026-06-15T06:06:56+00:00,0.0,0.0,OK
Lethbridge,Lethbridge,2026-06-14 23:00,3.0,,2,3,2026-06-15T06:06:56+00:00,3.0,2026-06-15T06:06:56+00:00,0.0,0.0,OK
Medicine Hat,Medicine Hat,2026-06-14 23:00,3.0,,3,3,2026-06-15T06:06:56+00:00,3.0,2026-06-15T06:06:56+00:00,0.0,0.0,OK
Airdrie,Airdrie,2026-06-14 23:00,3.0,,3,3,2026-06-15T06:06:56+00:00,3.0,2026-06-15T06:06:56+00:00,0.0,0.0,OK
Cold Lake,Cold Lake,2026-06-14 22:00,2.0,,3,3,2026-06-15T06:06:56+00:00,2.0,2026-06-15T06:06:56+00:00,0.0,0.0,OK
Drayton Valley,Drayton Valley,2026-06-14 23:00,2.0,,2,3,2026-06-15T06:06:56+00:00,2.0,2026-06-15T06:06:56+00:00,0.0,0.0,OK
St. Albert,St. Albert,2026-06-14 19:00,2.0,,3,3,2026-06-15T06:06:56+00:00,1.0,2026-06-15T06:06:56+00:00,1.0,1.0,Minor difference
Strathcona County,Sherwood Park,2026-06-14 23:00,2.0,,3,3,2026-06-15T06:06:56+00:00,,,,,OK
Edmonton,Edmonton,2026-06-15 07:00,2.0,3.0,2,3,2026-06-15T14:27:12+00:00,3.0,2026-06-15T14:27:12+00:00,-1.0,1.0,Minor difference
Calgary,Calgary,2026-06-15 07:00,2.0,3.0,3,3,2026-06-15T14:27:12+00:00,2.0,2026-06-15T14:27:12+00:00,0.0,0.0,OK
Red Deer,Red Deer,2026-06-15 07:00,2.0,2.0,2,2,2026-06-15T14:27:12+00:00,2.0,2026-06-15T14:27:12+00:00,0.0,0.0,OK
Fort McMurray,Fort McMurray,2026-06-15 07:00,2.0,3.0,2,3,2026-06-15T14:27:12+00:00,2.0,2026-06-15T14:27:12+00:00,0.0,0.0,OK
Grande Prairie,Grande Prairie,2026-06-15 07:00,3.0,2.0,2,2,2026-06-15T14:27:12+00:00,3.0,2026-06-15T14:27:12+00:00,0.0,0.0,OK
Lethbridge,Lethbridge,2026-06-15 08:00,2.0,2.0,2,2,2026-06-15T14:27:12+00:00,2.0,2026-06-15T14:27:12+00:00,0.0,0.0,OK
Medicine Hat,Medicine Hat,2026-06-15 07:00,2.0,3.0,3,2,2026-06-15T14:27:12+00:00,2.0,2026-06-15T14:27:12+00:00,0.0,0.0,OK
Airdrie,Airdrie,2026-06-15 07:00,2.0,3.0,3,3,2026-06-15T14:27:12+00:00,2.0,2026-06-15T14:27:12+00:00,0.0,0.0,OK
Cold Lake,Cold Lake,2026-06-15 08:00,1.0,3.0,2,3,2026-06-15T14:27:12+00:00,1.0,2026-06-15T14:27:12+00:00,0.0,0.0,OK
Drayton Valley,Drayton Valley,2026-06-15 07:00,3.0,2.0,2,2,2026-06-15T14:27:12+00:00,3.0,2026-06-15T14:27:12+00:00,0.0,0.0,OK
St. Albert,St. Albert,,,3.0,2,3,2026-06-15T14:27:12+00:00,1.0,2026-06-15T14:27:12+00:00,,,OK
Strathcona County,Sherwood Park,2026-06-15 08:00,2.0,3.0,2,3,2026-06-15T14:27:12+00:00,,,,,OK
Edmonton,Edmonton,2026-06-15 12:00,3.0,3.0,2,3,2026-06-15T18:47:58+00:00,3.0,2026-06-15T18:47:58+00:00,0.0,0.0,OK
Calgary,Calgary,2026-06-15 12:00,3.0,3.0,3,3,2026-06-15T18:47:58+00:00,3.0,2026-06-15T18:47:58+00:00,0.0,0.0,OK
Red Deer,Red Deer,2026-06-15 12:00,3.0,2.0,2,2,2026-06-15T18:47:58+00:00,3.0,2026-06-15T18:47:58+00:00,0.0,0.0,OK
Fort McMurray,Fort McMurray,2026-06-15 12:00,2.0,3.0,2,3,2026-06-15T18:47:58+00:00,2.0,2026-06-15T18:47:58+00:00,0.0,0.0,OK
Grande Prairie,Grande Prairie,2026-06-15 12:00,2.0,2.0,2,2,2026-06-15T18:47:58+00:00,2.0,2026-06-15T18:47:58+00:00,0.0,0.0,OK
Lethbridge,Lethbridge,2026-06-15 12:00,2.0,2.0,2,2,2026-06-15T18:47:58+00:00,2.0,2026-06-15T18:47:58+00:00,0.0,0.0,OK
Medicine Hat,Medicine Hat,2026-06-15 12:00,3.0,3.0,3,2,2026-06-15T18:47:58+00:00,3.0,2026-06-15T18:47:58+00:00,0.0,0.0,OK
Airdrie,Airdrie,2026-06-15 12:00,3.0,3.0,3,3,2026-06-15T18:47:58+00:00,3.0,2026-06-15T18:47:58+00:00,0.0,0.0,OK
Cold Lake,Cold Lake,2026-06-15 12:00,2.0,3.0,2,3,2026-06-15T18:47:58+00:00,2.0,2026-06-15T18:47:58+00:00,0.0,0.0,OK
Drayton Valley,Drayton Valley,2026-06-15 12:00,2.0,2.0,2,2,2026-06-15T18:47:58+00:00,2.0,2026-06-15T18:47:58+00:00,0.0,0.0,OK
St. Albert,St. Albert,2026-06-15 12:00,3.0,3.0,2,3,2026-06-15T18:47:58+00:00,3.0,2026-06-15T18:47:58+00:00,0.0,0.0,OK
Strathcona County,Sherwood Park,2026-06-15 11:00,2.0,3.0,2,3,2026-06-15T18:47:58+00:00,,,,,OK
Edmonton,Edmonton,2026-06-15 15:00,3.0,3.0,2,3,2026-06-15T22:08:49+00:00,3.0,2026-06-15T22:08:50+00:00,0.0,0.0,OK
Calgary,Calgary,2026-06-15 15:00,3.0,3.0,3,3,2026-06-15T22:08:49+00:00,3.0,2026-06-15T22:08:50+00:00,0.0,0.0,OK
Red Deer,Red Deer,2026-06-15 15:00,3.0,2.0,2,2,2026-06-15T22:08:49+00:00,3.0,2026-06-15T22:08:50+00:00,0.0,0.0,OK
Fort McMurray,Fort McMurray,2026-06-15 15:00,2.0,3.0,2,3,2026-06-15T22:08:49+00:00,2.0,2026-06-15T22:08:50+00:00,0.0,0.0,OK
Grande Prairie,Grande Prairie,2026-06-15 15:00,2.0,2.0,2,2,2026-06-15T22:08:49+00:00,2.0,2026-06-15T22:08:50+00:00,0.0,0.0,OK
Lethbridge,Lethbridge,2026-06-15 15:00,3.0,2.0,2,2,2026-06-15T22:08:49+00:00,3.0,2026-06-15T22:08:50+00:00,0.0,0.0,OK
Medicine Hat,Medicine Hat,2026-06-15 15:00,3.0,3.0,3,2,2026-06-15T22:08:49+00:00,3.0,2026-06-15T22:08:50+00:00,0.0,0.0,OK
Airdrie,Airdrie,2026-06-15 15:00,3.0,3.0,3,3,2026-06-15T22:08:49+00:00,3.0,2026-06-15T22:08:50+00:00,0.0,0.0,OK
Cold Lake,Cold Lake,2026-06-15 15:00,2.0,3.0,2,3,2026-06-15T22:08:49+00:00,2.0,2026-06-15T22:08:50+00:00,0.0,0.0,OK
Drayton Valley,Drayton Valley,2026-06-15 15:00,2.0,2.0,2,2,2026-06-15T22:08:49+00:00,2.0,2026-06-15T22:08:50+00:00,0.0,0.0,OK
St. Albert,St. Albert,2026-06-15 15:00,3.0,3.0,2,3,2026-06-15T22:08:49+00:00,3.0,2026-06-15T22:08:50+00:00,0.0,0.0,OK
Strathcona County,Sherwood Park,2026-06-15 15:00,3.0,3.0,2,3,2026-06-15T22:08:49+00:00,,,,,OK
Edmonton,Edmonton,2026-06-15 16:00,3.0,3.0,2,3,2026-06-15T22:58:26+00:00,3.0,2026-06-15T22:58:26+00:00,0.0,0.0,OK
Calgary,Calgary,2026-06-15 16:00,3.0,3.0,3,3,2026-06-15T22:58:26+00:00,3.0,2026-06-15T22:58:26+00:00,0.0,0.0,OK
Red Deer,Red Deer,2026-06-15 16:00,3.0,2.0,2,2,2026-06-15T22:58:26+00:00,3.0,2026-06-15T22:58:26+00:00,0.0,0.0,OK
Fort McMurray,Fort McMurray,2026-06-15 16:00,2.0,3.0,2,3,2026-06-15T22:58:26+00:00,2.0,2026-06-15T22:58:26+00:00,0.0,0.0,OK
Grande Prairie,Grande Prairie,2026-06-15 16:00,2.0,2.0,2,2,2026-06-15T22:58:26+00:00,2.0,2026-06-15T22:58:26+00:00,0.0,0.0,OK
Lethbridge,Lethbridge,2026-06-15 16:00,3.0,2.0,2,2,2026-06-15T22:58:26+00:00,3.0,2026-06-15T22:58:26+00:00,0.0,0.0,OK
Medicine Hat,Medicine Hat,2026-06-15 16:00,3.0,3.0,3,2,2026-06-15T22:58:26+00:00,3.0,2026-06-15T22:58:26+00:00,0.0,0.0,OK
Airdrie,Airdrie,2026-06-15 16:00,3.0,3.0,3,3,2026-06-15T22:58:26+00:00,3.0,2026-06-15T22:58:26+00:00,0.0,0.0,OK
Cold Lake,Cold Lake,2026-06-15 16:00,2.0,3.0,2,3,2026-06-15T22:58:26+00:00,2.0,2026-06-15T22:58:26+00:00,0.0,0.0,OK
Drayton Valley,Drayton Valley,2026-06-15 16:00,2.0,2.0,2,2,2026-06-15T22:58:26+00:00,2.0,2026-06-15T22:58:26+00:00,0.0,0.0,OK
St. Albert,St. Albert,2026-06-15 16:00,3.0,3.0,2,3,2026-06-15T22:58:26+00:00,3.0,2026-06-15T22:58:26+00:00,0.0,0.0,OK
Strathcona County,Sherwood Park,2026-06-15 16:00,3.0,3.0,2,3,2026-06-15T22:58:26+00:00,,,,,OK
Edmonton,Edmonton,2026-06-15 21:00,2.0,,2,3,2026-06-16T03:28:15+00:00,2.0,2026-06-16T03:28:15+00:00,0.0,0.0,OK
Calgary,Calgary,2026-06-15 20:00,3.0,,3,3,2026-06-16T03:28:15+00:00,3.0,2026-06-16T03:28:15+00:00,0.0,0.0,OK
Red Deer,Red Deer,2026-06-15 20:00,2.0,,2,3,2026-06-16T03:28:15+00:00,2.0,2026-06-16T03:28:15+00:00,0.0,0.0,OK
Fort McMurray,Fort McMurray,2026-06-15 20:00,3.0,,2,2,2026-06-16T03:28:15+00:00,3.0,2026-06-16T03:28:15+00:00,0.0,0.0,OK
Grande Prairie,Grande Prairie,2026-06-15 20:00,2.0,,2,2,2026-06-16T03:28:15+00:00,2.0,2026-06-16T03:28:15+00:00,0.0,0.0,OK
Lethbridge,Lethbridge,2026-06-15 21:00,2.0,,2,2,2026-06-16T03:28:15+00:00,2.0,2026-06-16T03:28:15+00:00,0.0,0.0,OK
Medicine Hat,Medicine Hat,2026-06-15 20:00,3.0,,3,3,2026-06-16T03:28:15+00:00,3.0,2026-06-16T03:28:15+00:00,0.0,0.0,OK
Airdrie,Airdrie,2026-06-15 20:00,3.0,,3,3,2026-06-16T03:28:15+00:00,3.0,2026-06-16T03:28:15+00:00,0.0,0.0,OK
Cold Lake,Cold Lake,2026-06-15 21:00,2.0,,2,2,2026-06-16T03:28:15+00:00,2.0,2026-06-16T03:28:15+00:00,0.0,0.0,OK
Drayton Valley,Drayton Valley,2026-06-15 21:00,2.0,,2,2,2026-06-16T03:28:15+00:00,2.0,2026-06-16T03:28:15+00:00,0.0,0.0,OK
St. Albert,St. Albert,2026-06-15 21:00,2.0,,2,3,2026-06-16T03:28:15+00:00,2.0,2026-06-16T03:28:15+00:00,0.0,0.0,OK
Strathcona County,Sherwood Park,2026-06-15 21:00,2.0,,2,3,2026-06-16T03:28:15+00:00,,,,,OK
Edmonton,Edmonton,2026-06-15 23:00,2.0,,2,3,2026-06-16T06:10:48+00:00,2.0,2026-06-16T06:10:48+00:00,0.0,0.0,OK
Calgary,Calgary,2026-06-15 23:00,3.0,,3,3,2026-06-16T06:10:48+00:00,3.0,2026-06-16T06:10:48+00:00,0.0,0.0,OK
Red Deer,Red Deer,2026-06-15 23:00,2.0,,2,3,2026-06-16T06:10:48+00:00,2.0,2026-06-16T06:10:48+00:00,0.0,0.0,OK
Fort McMurray,Fort McMurray,2026-06-15 23:00,3.0,,2,2,2026-06-16T06:10:48+00:00,2.0,2026-06-16T06:10:48+00:00,1.0,1.0,Minor difference
Grande Prairie,Grande Prairie,2026-06-15 23:00,2.0,,2,2,2026-06-16T06:10:48+00:00,2.0,2026-06-16T06:10:48+00:00,0.0,0.0,OK
Lethbridge,Lethbridge,2026-06-15 23:00,2.0,,2,2,2026-06-16T06:10:48+00:00,2.0,2026-06-16T06:10:48+00:00,0.0,0.0,OK
Medicine Hat,Medicine Hat,2026-06-15 23:00,3.0,,3,3,2026-06-16T06:10:48+00:00,3.0,2026-06-16T06:10:48+00:00,0.0,0.0,OK
Airdrie,Airdrie,2026-06-15 23:00,2.0,,3,3,2026-06-16T06:10:48+00:00,2.0,2026-06-16T06:10:48+00:00,0.0,0.0,OK
Cold Lake,Cold Lake,2026-06-15 23:00,2.0,,2,2,2026-06-16T06:10:48+00:00,2.0,2026-06-16T06:10:48+00:00,0.0,0.0,OK
Drayton Valley,Drayton Valley,2026-06-15 23:00,2.0,,2,2,2026-06-16T06:10:48+00:00,2.0,2026-06-16T06:10:48+00:00,0.0,0.0,OK
St. Albert,St. Albert,2026-06-15 23:00,2.0,,2,3,2026-06-16T06:10:48+00:00,2.0,2026-06-16T06:10:48+00:00,0.0,0.0,OK
Strathcona County,Sherwood Park,2026-06-15 23:00,2.0,,2,3,2026-06-16T06:10:48+00:00,,,,,OK
Edmonton,Edmonton,2026-06-16 01:00,2.0,,2,3,2026-06-16T08:21:36+00:00,2.0,2026-06-16T08:21:37+00:00,0.0,0.0,OK
Calgary,Calgary,2026-06-16 01:00,2.0,,3,3,2026-06-16T08:21:36+00:00,2.0,2026-06-16T08:21:37+00:00,0.0,0.0,OK
Red Deer,Red Deer,2026-06-16 01:00,2.0,,2,3,2026-06-16T08:21:36+00:00,2.0,2026-06-16T08:21:37+00:00,0.0,0.0,OK
Fort McMurray,Fort McMurray,2026-06-16 01:00,2.0,,2,2,2026-06-16T08:21:36+00:00,2.0,2026-06-16T08:21:37+00:00,0.0,0.0,OK
Grande Prairie,Grande Prairie,2026-06-16 01:00,2.0,,2,2,2026-06-16T08:21:36+00:00,2.0,2026-06-16T08:21:37+00:00,0.0,0.0,OK
Lethbridge,Lethbridge,2026-06-16 02:00,2.0,,2,2,2026-06-16T08:21:36+00:00,2.0,2026-06-16T08:21:37+00:00,0.0,0.0,OK
Medicine Hat,Medicine Hat,2026-06-16 01:00,3.0,,3,3,2026-06-16T08:21:36+00:00,3.0,2026-06-16T08:21:37+00:00,0.0,0.0,OK
Airdrie,Airdrie,2026-06-16 01:00,2.0,,3,3,2026-06-16T08:21:36+00:00,2.0,2026-06-16T08:21:37+00:00,0.0,0.0,OK
Cold Lake,Cold Lake,2026-06-16 02:00,3.0,,2,2,2026-06-16T08:21:36+00:00,3.0,2026-06-16T08:21:37+00:00,0.0,0.0,OK
Drayton Valley,Drayton Valley,2026-06-16 01:00,2.0,,2,2,2026-06-16T08:21:36+00:00,2.0,2026-06-16T08:21:37+00:00,0.0,0.0,OK
St. Albert,St. Albert,2026-06-16 01:00,2.0,,2,3,2026-06-16T08:21:36+00:00,2.0,2026-06-16T08:21:37+00:00,0.0,0.0,OK
Strathcona County,Sherwood Park,2026-06-16 02:00,2.0,,2,3,2026-06-16T08:21:36+00:00,,,,,OK
Edmonton,Edmonton,2026-06-16 04:00,2.0,,2,3,2026-06-16T10:58:24+00:00,2.0,2026-06-16T10:58:24+00:00,0.0,0.0,OK
Calgary,Calgary,2026-06-16 04:00,2.0,,3,3,2026-06-16T10:58:24+00:00,2.0,2026-06-16T10:58:24+00:00,0.0,0.0,OK
Red Deer,Red Deer,2026-06-16 04:00,2.0,,2,3,2026-06-16T10:58:24+00:00,2.0,2026-06-16T10:58:24+00:00,0.0,0.0,OK
Fort McMurray,Fort McMurray,2026-06-16 04:00,2.0,,2,2,2026-06-16T10:58:24+00:00,2.0,2026-06-16T10:58:24+00:00,0.0,0.0,OK
Grande Prairie,Grande Prairie,2026-06-16 03:00,2.0,,2,2,2026-06-16T10:58:24+00:00,2.0,2026-06-16T10:58:24+00:00,0.0,0.0,OK
Lethbridge,Lethbridge,2026-06-16 03:00,2.0,,2,2,2026-06-16T10:58:24+00:00,2.0,2026-06-16T10:58:24+00:00,0.0,0.0,OK
Medicine Hat,Medicine Hat,2026-06-16 04:00,2.0,,3,3,2026-06-16T10:58:24+00:00,2.0,2026-06-16T10:58:24+00:00,0.0,0.0,OK
Airdrie,Airdrie,2026-06-16 04:00,2.0,,3,3,2026-06-16T10:58:24+00:00,2.0,2026-06-16T10:58:24+00:00,0.0,0.0,OK
Cold Lake,Cold Lake,2026-06-16 04:00,2.0,,2,2,2026-06-16T10:58:24+00:00,2.0,2026-06-16T10:58:24+00:00,0.0,0.0,OK
Drayton Valley,Drayton Valley,2026-06-16 04:00,2.0,,2,2,2026-06-16T10:58:24+00:00,2.0,2026-06-16T10:58:24+00:00,0.0,0.0,OK
St. Albert,St. Albert,2026-06-16 04:00,2.0,,2,3,2026-06-16T10:58:24+00:00,2.0,2026-06-16T10:58:24+00:00,0.0,0.0,OK
Strathcona County,Sherwood Park,2026-06-16 04:00,2.0,,2,3,2026-06-16T10:58:24+00:00,,,,,OK
Edmonton,Edmonton,2026-06-16 06:00,2.0,2.0,2,2,2026-06-16T12:56:55+00:00,2.0,2026-06-16T12:56:55+00:00,0.0,0.0,OK
Calgary,Calgary,2026-06-16 06:00,2.0,3.0,2,2,2026-06-16T12:56:55+00:00,2.0,2026-06-16T12:56:55+00:00,0.0,0.0,OK
Red Deer,Red Deer,2026-06-16 06:00,2.0,2.0,2,2,2026-06-16T12:56:55+00:00,2.0,2026-06-16T12:56:55+00:00,0.0,0.0,OK
Fort McMurray,Fort McMurray,2026-06-16 06:00,2.0,2.0,2,2,2026-06-16T12:56:55+00:00,2.0,2026-06-16T12:56:55+00:00,0.0,0.0,OK
Grande Prairie,Grande Prairie,2026-06-16 06:00,2.0,2.0,2,2,2026-06-16T12:56:55+00:00,2.0,2026-06-16T12:56:55+00:00,0.0,0.0,OK
Lethbridge,Lethbridge,2026-06-16 03:00,2.0,2.0,2,2,2026-06-16T12:56:55+00:00,1.0,2026-06-16T12:56:55+00:00,1.0,1.0,Minor difference
Medicine Hat,Medicine Hat,2026-06-16 06:00,2.0,3.0,2,2,2026-06-16T12:56:55+00:00,2.0,2026-06-16T12:56:55+00:00,0.0,0.0,OK
Airdrie,Airdrie,2026-06-16 06:00,2.0,3.0,2,2,2026-06-16T12:56:55+00:00,2.0,2026-06-16T12:56:55+00:00,0.0,0.0,OK
Cold Lake,Cold Lake,2026-06-16 06:00,2.0,2.0,2,2,2026-06-16T12:56:55+00:00,2.0,2026-06-16T12:56:55+00:00,0.0,0.0,OK
Drayton Valley,Drayton Valley,2026-06-16 06:00,2.0,2.0,2,2,2026-06-16T12:56:55+00:00,2.0,2026-06-16T12:56:55+00:00,0.0,0.0,OK
St. Albert,St. Albert,2026-06-16 06:00,1.0,2.0,2,2,2026-06-16T12:56:55+00:00,1.0,2026-06-16T12:56:55+00:00,0.0,0.0,OK
Strathcona County,Sherwood Park,2026-06-16 06:00,2.0,2.0,2,2,2026-06-16T12:56:55+00:00,,,,,OK
Edmonton,Edmonton,2026-06-16 08:00,2.0,2.0,2,2,2026-06-16T15:05:43+00:00,2.0,2026-06-16T15:05:43+00:00,0.0,0.0,OK
Calgary,Calgary,2026-06-16 08:00,2.0,3.0,2,2,2026-06-16T15:05:43+00:00,2.0,2026-06-16T15:05:43+00:00,0.0,0.0,OK
Red Deer,Red Deer,2026-06-16 08:00,2.0,2.0,2,2,2026-06-16T15:05:43+00:00,2.0,2026-06-16T15:05:43+00:00,0.0,0.0,OK
Fort McMurray,Fort McMurray,2026-06-16 08:00,2.0,2.0,2,2,2026-06-16T15:05:43+00:00,2.0,2026-06-16T15:05:43+00:00,0.0,0.0,OK
Grande Prairie,Grande Prairie,2026-06-16 08:00,2.0,2.0,2,2,2026-06-16T15:05:43+00:00,2.0,2026-06-16T15:05:43+00:00,0.0,0.0,OK
Lethbridge,Lethbridge,2026-06-16 08:00,2.0,2.0,2,2,2026-06-16T15:05:43+00:00,2.0,2026-06-16T15:05:43+00:00,0.0,0.0,OK
Medicine Hat,Medicine Hat,2026-06-16 08:00,2.0,3.0,2,2,2026-06-16T15:05:43+00:00,2.0,2026-06-16T15:05:43+00:00,0.0,0.0,OK
Airdrie,Airdrie,2026-06-16 08:00,2.0,3.0,2,2,2026-06-16T15:05:43+00:00,2.0,2026-06-16T15:05:43+00:00,0.0,0.0,OK
Cold Lake,Cold Lake,2026-06-16 08:00,2.0,2.0,2,2,2026-06-16T15:05:43+00:00,2.0,2026-06-16T15:05:43+00:00,0.0,0.0,OK
Drayton Valley,Drayton Valley,2026-06-16 08:00,2.0,2.0,2,2,2026-06-16T15:05:43+00:00,2.0,2026-06-16T15:05:43+00:00,0.0,0.0,OK
St. Albert,St. Albert,2026-06-16 08:00,1.0,2.0,2,2,2026-06-16T15:05:43+00:00,1.0,2026-06-16T15:05:43+00:00,0.0,0.0,OK
Strathcona County,Sherwood Park,2026-06-16 08:00,2.0,2.0,2,2,2026-06-16T15:05:43+00:00,,,,,OK
Edmonton,Edmonton,2026-06-16 13:00,2.0,2.0,2,2,2026-06-16T20:19:27+00:00,2.0,2026-06-16T20:19:27+00:00,0.0,0.0,OK
Calgary,Calgary,2026-06-16 13:00,4.0,3.0,2,2,2026-06-16T20:19:27+00:00,4.0,2026-06-16T20:19:27+00:00,0.0,0.0,OK
Red Deer,Red Deer,2026-06-16 13:00,3.0,2.0,2,2,2026-06-16T20:19:27+00:00,3.0,2026-06-16T20:19:27+00:00,0.0,0.0,OK
Fort McMurray,Fort McMurray,2026-06-16 13:00,2.0,2.0,2,2,2026-06-16T20:19:27+00:00,2.0,2026-06-16T20:19:27+00:00,0.0,0.0,OK
Grande Prairie,Grande Prairie,2026-06-16 13:00,2.0,2.0,2,2,2026-06-16T20:19:27+00:00,2.0,2026-06-16T20:19:27+00:00,0.0,0.0,OK
Lethbridge,Lethbridge,2026-06-16 13:00,2.0,2.0,2,2,2026-06-16T20:19:27+00:00,2.0,2026-06-16T20:19:27+00:00,0.0,0.0,OK
Medicine Hat,Medicine Hat,2026-06-16 13:00,3.0,3.0,2,2,2026-06-16T20:19:27+00:00,3.0,2026-06-16T20:19:27+00:00,0.0,0.0,OK
Airdrie,Airdrie,2026-06-16 13:00,2.0,3.0,2,2,2026-06-16T20:19:27+00:00,2.0,2026-06-16T20:19:27+00:00,0.0,0.0,OK
Cold Lake,Cold Lake,2026-06-16 13:00,2.0,2.0,2,2,2026-06-16T20:19:27+00:00,2.0,2026-06-16T20:19:27+00:00,0.0,0.0,OK
Drayton Valley,Drayton Valley,2026-06-16 13:00,2.0,2.0,2,2,2026-06-16T20:19:27+00:00,2.0,2026-06-16T20:19:27+00:00,0.0,0.0,OK
St. Albert,St. Albert,2026-06-16 13:00,2.0,2.0,2,2,2026-06-16T20:19:27+00:00,2.0,2026-06-16T20:19:27+00:00,0.0,0.0,OK
Strathcona County,Sherwood Park,2026-06-16 13:00,2.0,2.0,2,2,2026-06-16T20:19:27+00:00,,,,,OK
Edmonton,Edmonton,2026-06-16 15:00,2.0,2.0,2,2,2026-06-16T22:03:14+00:00,2.0,2026-06-16T22:03:14+00:00,0.0,0.0,OK
Calgary,Calgary,2026-06-16 15:00,3.0,3.0,2,2,2026-06-16T22:03:14+00:00,3.0,2026-06-16T22:03:14+00:00,0.0,0.0,OK
Red Deer,Red Deer,2026-06-16 15:00,3.0,2.0,2,2,2026-06-16T22:03:14+00:00,3.0,2026-06-16T22:03:14+00:00,0.0,0.0,OK
Fort McMurray,Fort McMurray,2026-06-16 15:00,2.0,2.0,2,2,2026-06-16T22:03:14+00:00,2.0,2026-06-16T22:03:14+00:00,0.0,0.0,OK
Grande Prairie,Grande Prairie,2026-06-16 13:00,2.0,2.0,2,2,2026-06-16T22:03:14+00:00,2.0,2026-06-16T22:03:14+00:00,0.0,0.0,OK
Lethbridge,Lethbridge,2026-06-16 15:00,2.0,2.0,2,2,2026-06-16T22:03:14+00:00,2.0,2026-06-16T22:03:14+00:00,0.0,0.0,OK
Medicine Hat,Medicine Hat,2026-06-16 15:00,3.0,3.0,2,2,2026-06-16T22:03:14+00:00,3.0,2026-06-16T22:03:14+00:00,0.0,0.0,OK
Airdrie,Airdrie,2026-06-16 15:00,3.0,3.0,2,2,2026-06-16T22:03:14+00:00,3.0,2026-06-16T22:03:14+00:00,0.0,0.0,OK
Cold Lake,Cold Lake,2026-06-16 15:00,2.0,2.0,2,2,2026-06-16T22:03:14+00:00,2.0,2026-06-16T22:03:14+00:00,0.0,0.0,OK
Drayton Valley,Drayton Valley,2026-06-16 15:00,2.0,2.0,2,2,2026-06-16T22:03:14+00:00,2.0,2026-06-16T22:03:14+00:00,0.0,0.0,OK
St. Albert,St. Albert,2026-06-16 15:00,2.0,2.0,2,2,2026-06-16T22:03:14+00:00,2.0,2026-06-16T22:03:14+00:00,0.0,0.0,OK
Strathcona County,Sherwood Park,2026-06-16 15:00,2.0,2.0,2,2,2026-06-16T22:03:14+00:00,,,,,OK
Edmonton,Edmonton,2026-06-16 17:00,3.0,,3,2,2026-06-16T23:48:50+00:00,3.0,2026-06-16T23:48:50+00:00,0.0,0.0,OK
Calgary,Calgary,2026-06-16 17:00,3.0,,2,2,2026-06-16T23:48:50+00:00,3.0,2026-06-16T23:48:50+00:00,0.0,0.0,OK
Red Deer,Red Deer,2026-06-16 17:00,2.0,,2,2,2026-06-16T23:48:50+00:00,2.0,2026-06-16T23:48:50+00:00,0.0,0.0,OK
Fort McMurray,Fort McMurray,2026-06-16 17:00,2.0,,3,2,2026-06-16T23:48:50+00:00,2.0,2026-06-16T23:48:50+00:00,0.0,0.0,OK
Grande Prairie,Grande Prairie,2026-06-16 13:00,2.0,,2,2,2026-06-16T23:48:50+00:00,2.0,2026-06-16T23:48:50+00:00,0.0,0.0,OK
Lethbridge,Lethbridge,2026-06-16 17:00,3.0,,2,2,2026-06-16T23:48:50+00:00,3.0,2026-06-16T23:48:50+00:00,0.0,0.0,OK
Medicine Hat,Medicine Hat,2026-06-16 17:00,3.0,,2,2,2026-06-16T23:48:50+00:00,3.0,2026-06-16T23:48:50+00:00,0.0,0.0,OK
Airdrie,Airdrie,2026-06-16 17:00,3.0,,2,2,2026-06-16T23:48:50+00:00,3.0,2026-06-16T23:48:50+00:00,0.0,0.0,OK
Cold Lake,Cold Lake,2026-06-16 17:00,2.0,,2,2,2026-06-16T23:48:50+00:00,2.0,2026-06-16T23:48:50+00:00,0.0,0.0,OK
Drayton Valley,Drayton Valley,2026-06-16 17:00,2.0,,1,2,2026-06-16T23:48:50+00:00,2.0,2026-06-16T23:48:50+00:00,0.0,0.0,OK
St. Albert,St. Albert,2026-06-16 17:00,3.0,,3,2,2026-06-16T23:48:50+00:00,3.0,2026-06-16T23:48:50+00:00,0.0,0.0,OK
Strathcona County,Sherwood Park,2026-06-16 17:00,3.0,,3,2,2026-06-16T23:48:50+00:00,,,,,OK
Edmonton,Edmonton,2026-06-16 18:00,2.0,,3,2,2026-06-17T01:31:09+00:00,2.0,2026-06-17T01:31:09+00:00,0.0,0.0,OK
Calgary,Calgary,2026-06-16 18:00,3.0,,2,2,2026-06-17T01:31:09+00:00,3.0,2026-06-17T01:31:09+00:00,0.0,0.0,OK
Red Deer,Red Deer,2026-06-16 18:00,2.0,,2,2,2026-06-17T01:31:09+00:00,2.0,2026-06-17T01:31:09+00:00,0.0,0.0,OK
Fort McMurray,Fort McMurray,2026-06-16 18:00,3.0,,3,2,2026-06-17T01:31:09+00:00,2.0,2026-06-17T01:31:09+00:00,1.0,1.0,Minor difference
Grande Prairie,Grande Prairie,2026-06-16 18:00,2.0,,2,2,2026-06-17T01:31:09+00:00,2.0,2026-06-17T01:31:09+00:00,0.0,0.0,OK
Lethbridge,Lethbridge,2026-06-16 18:00,3.0,,2,2,2026-06-17T01:31:09+00:00,3.0,2026-06-17T01:31:09+00:00,0.0,0.0,OK
Medicine Hat,Medicine Hat,2026-06-16 18:00,2.0,,2,2,2026-06-17T01:31:09+00:00,2.0,2026-06-17T01:31:09+00:00,0.0,0.0,OK
Airdrie,Airdrie,2026-06-16 18:00,3.0,,2,2,2026-06-17T01:31:09+00:00,3.0,2026-06-17T01:31:09+00:00,0.0,0.0,OK
Cold Lake,Cold Lake,2026-06-16 19:00,2.0,,2,2,2026-06-17T01:31:09+00:00,2.0,2026-06-17T01:31:09+00:00,0.0,0.0,OK
Drayton Valley,Drayton Valley,2026-06-16 18:00,2.0,,1,2,2026-06-17T01:31:09+00:00,2.0,2026-06-17T01:31:09+00:00,0.0,0.0,OK
St. Albert,St. Albert,2026-06-16 18:00,2.0,,3,2,2026-06-17T01:31:09+00:00,2.0,2026-06-17T01:31:09+00:00,0.0,0.0,OK
Strathcona County,Sherwood Park,2026-06-16 19:00,2.0,,3,2,2026-06-17T01:31:09+00:00,,,,,OK
Edmonton,Edmonton,2026-06-16 20:00,2.0,,3,2,2026-06-17T03:28:06+00:00,2.0,2026-06-17T03:28:06+00:00,0.0,0.0,OK
Calgary,Calgary,2026-06-16 20:00,3.0,,2,2,2026-06-17T03:28:06+00:00,3.0,2026-06-17T03:28:06+00:00,0.0,0.0,OK
Red Deer,Red Deer,2026-06-16 20:00,2.0,,2,2,2026-06-17T03:28:06+00:00,2.0,2026-06-17T03:28:06+00:00,0.0,0.0,OK
Fort McMurray,Fort McMurray,2026-06-16 19:00,3.0,,3,2,2026-06-17T03:28:06+00:00,2.0,2026-06-17T03:28:06+00:00,1.0,1.0,Minor difference
Grande Prairie,Grande Prairie,2026-06-16 20:00,2.0,,2,2,2026-06-17T03:28:06+00:00,2.0,2026-06-17T03:28:06+00:00,0.0,0.0,OK
Lethbridge,Lethbridge,2026-06-16 18:00,3.0,,2,2,2026-06-17T03:28:06+00:00,3.0,2026-06-17T03:28:06+00:00,0.0,0.0,OK
Medicine Hat,Medicine Hat,2026-06-16 20:00,3.0,,2,2,2026-06-17T03:28:06+00:00,3.0,2026-06-17T03:28:06+00:00,0.0,0.0,OK
Airdrie,Airdrie,2026-06-16 20:00,3.0,,2,2,2026-06-17T03:28:06+00:00,3.0,2026-06-17T03:28:06+00:00,0.0,0.0,OK
Cold Lake,Cold Lake,2026-06-16 20:00,2.0,,2,2,2026-06-17T03:28:06+00:00,1.0,2026-06-17T03:28:06+00:00,1.0,1.0,Minor difference
Drayton Valley,Drayton Valley,2026-06-16 20:00,2.0,,1,2,2026-06-17T03:28:06+00:00,2.0,2026-06-17T03:28:06+00:00,0.0,0.0,OK
St. Albert,St. Albert,2026-06-16 20:00,2.0,,3,2,2026-06-17T03:28:06+00:00,2.0,2026-06-17T03:28:06+00:00,0.0,0.0,OK
Strathcona County,Sherwood Park,2026-06-16 20:00,2.0,,3,2,2026-06-17T03:28:06+00:00,,,,,OK
Edmonton,Edmonton,2026-06-16 23:00,2.0,,3,2,2026-06-17T05:59:04+00:00,2.0,2026-06-17T05:59:04+00:00,0.0,0.0,OK
Calgary,Calgary,2026-06-16 23:00,3.0,,2,2,2026-06-17T05:59:04+00:00,3.0,2026-06-17T05:59:04+00:00,0.0,0.0,OK
Red Deer,Red Deer,2026-06-16 23:00,2.0,,2,2,2026-06-17T05:59:04+00:00,2.0,2026-06-17T05:59:04+00:00,0.0,0.0,OK
Fort McMurray,Fort McMurray,2026-06-16 19:00,3.0,,3,2,2026-06-17T05:59:04+00:00,,2026-06-17T05:59:04+00:00,,,OK
Grande Prairie,Grande Prairie,2026-06-16 23:00,2.0,,2,2,2026-06-17T05:59:04+00:00,2.0,2026-06-17T05:59:04+00:00,0.0,0.0,OK
Lethbridge,Lethbridge,2026-06-16 18:00,3.0,,2,2,2026-06-17T05:59:04+00:00,,2026-06-17T05:59:04+00:00,,,OK
Medicine Hat,Medicine Hat,2026-06-16 23:00,2.0,,2,2,2026-06-17T05:59:04+00:00,2.0,2026-06-17T05:59:04+00:00,0.0,0.0,OK
Airdrie,Airdrie,2026-06-16 23:00,2.0,,2,2,2026-06-17T05:59:04+00:00,2.0,2026-06-17T05:59:04+00:00,0.0,0.0,OK
Cold Lake,Cold Lake,2026-06-16 23:00,1.0,,2,2,2026-06-17T05:59:04+00:00,1.0,2026-06-17T05:59:04+00:00,0.0,0.0,OK
Drayton Valley,Drayton Valley,2026-06-16 23:00,2.0,,1,2,2026-06-17T05:59:04+00:00,2.0,2026-06-17T05:59:04+00:00,0.0,0.0,OK
St. Albert,St. Albert,2026-06-16 23:00,2.0,,3,2,2026-06-17T05:59:04+00:00,2.0,2026-06-17T05:59:04+00:00,0.0,0.0,OK
Strathcona County,Sherwood Park,2026-06-16 23:00,2.0,,3,2,2026-06-17T05:59:04+00:00,,,,,OK
Edmonton,Edmonton,2026-06-17 01:00,2.0,,3,2,2026-06-17T08:13:46+00:00,2.0,2026-06-17T08:13:46+00:00,0.0,0.0,OK
Calgary,Calgary,2026-06-17 01:00,2.0,,2,2,2026-06-17T08:13:46+00:00,2.0,2026-06-17T08:13:46+00:00,0.0,0.0,OK
Red Deer,Red Deer,2026-06-17 01:00,2.0,,2,2,2026-06-17T08:13:46+00:00,2.0,2026-06-17T08:13:46+00:00,0.0,0.0,OK
Fort McMurray,Fort McMurray,,,,3,2,2026-06-17T08:13:46+00:00,,2026-06-17T08:13:46+00:00,,,OK
Grande Prairie,Grande Prairie,2026-06-17 01:00,2.0,,2,2,2026-06-17T08:13:46+00:00,2.0,2026-06-17T08:13:46+00:00,0.0,0.0,OK
Lethbridge,Lethbridge,,,,2,2,2026-06-17T08:13:46+00:00,,2026-06-17T08:13:46+00:00,,,OK
Medicine Hat,Medicine Hat,2026-06-17 01:00,2.0,,2,2,2026-06-17T08:13:46+00:00,2.0,2026-06-17T08:13:46+00:00,0.0,0.0,OK
Airdrie,Airdrie,2026-06-17 01:00,2.0,,2,2,2026-06-17T08:13:46+00:00,2.0,2026-06-17T08:13:46+00:00,0.0,0.0,OK
Cold Lake,Cold Lake,2026-06-17 01:00,1.0,,2,2,2026-06-17T08:13:46+00:00,1.0,2026-06-17T08:13:46+00:00,0.0,0.0,OK
Drayton Valley,Drayton Valley,2026-06-17 01:00,2.0,,1,2,2026-06-17T08:13:46+00:00,2.0,2026-06-17T08:13:46+00:00,0.0,0.0,OK
St. Albert,St. Albert,2026-06-17 01:00,2.0,,3,2,2026-06-17T08:13:46+00:00,2.0,2026-06-17T08:13:46+00:00,0.0,0.0,OK
Strathcona County,Sherwood Park,2026-06-17 01:00,2.0,,3,2,2026-06-17T08:13:46+00:00,,,,,OK
Edmonton,Edmonton,2026-06-17 03:00,2.0,,3,2,2026-06-17T09:59:08+00:00,2.0,2026-06-17T09:59:08+00:00,0.0,0.0,OK
Calgary,Calgary,2026-06-17 03:00,2.0,,2,2,2026-06-17T09:59:08+00:00,2.0,2026-06-17T09:59:08+00:00,0.0,0.0,OK
Red Deer,Red Deer,2026-06-17 02:00,2.0,,2,2,2026-06-17T09:59:08+00:00,2.0,2026-06-17T09:59:08+00:00,0.0,0.0,OK
Fort McMurray,Fort McMurray,,,,3,2,2026-06-17T09:59:08+00:00,,2026-06-17T09:59:08+00:00,,,OK
Grande Prairie,Grande Prairie,2026-06-17 03:00,2.0,,2,2,2026-06-17T09:59:08+00:00,2.0,2026-06-17T09:59:08+00:00,0.0,0.0,OK
Lethbridge,Lethbridge,,,,2,2,2026-06-17T09:59:08+00:00,,2026-06-17T09:59:08+00:00,,,OK
Medicine Hat,Medicine Hat,2026-06-17 03:00,2.0,,2,2,2026-06-17T09:59:08+00:00,2.0,2026-06-17T09:59:08+00:00,0.0,0.0,OK
Airdrie,Airdrie,2026-06-17 03:00,2.0,,2,2,2026-06-17T09:59:08+00:00,2.0,2026-06-17T09:59:08+00:00,0.0,0.0,OK
Cold Lake,Cold Lake,2026-06-17 03:00,1.0,,2,2,2026-06-17T09:59:08+00:00,1.0,2026-06-17T09:59:08+00:00,0.0,0.0,OK
Drayton Valley,Drayton Valley,2026-06-17 03:00,2.0,,1,2,2026-06-17T09:59:08+00:00,2.0,2026-06-17T09:59:08+00:00,0.0,0.0,OK
St. Albert,St. Albert,2026-06-17 03:00,2.0,,3,2,2026-06-17T09:59:08+00:00,2.0,2026-06-17T09:59:08+00:00,0.0,0.0,OK
Strathcona County,Sherwood Park,2026-06-17 03:00,2.0,,3,2,2026-06-17T09:59:08+00:00,,,,,OK
Edmonton,Edmonton,2026-06-17 05:00,2.0,,3,2,2026-06-17T11:55:50+00:00,2.0,2026-06-17T11:55:51+00:00,0.0,0.0,OK
Calgary,Calgary,2026-06-17 04:00,2.0,,2,2,2026-06-17T11:55:50+00:00,2.0,2026-06-17T11:55:51+00:00,0.0,0.0,OK
Red Deer,Red Deer,2026-06-17 05:00,2.0,,2,2,2026-06-17T11:55:50+00:00,2.0,2026-06-17T11:55:51+00:00,0.0,0.0,OK
Fort McMurray,Fort McMurray,,,,3,2,2026-06-17T11:55:50+00:00,,2026-06-17T11:55:51+00:00,,,OK
Grande Prairie,Grande Prairie,2026-06-17 05:00,2.0,,2,2,2026-06-17T11:55:50+00:00,1.0,2026-06-17T11:55:51+00:00,1.0,1.0,Minor difference
Lethbridge,Lethbridge,,,,2,2,2026-06-17T11:55:50+00:00,,2026-06-17T11:55:51+00:00,,,OK
Medicine Hat,Medicine Hat,2026-06-17 04:00,2.0,,2,2,2026-06-17T11:55:50+00:00,2.0,2026-06-17T11:55:51+00:00,0.0,0.0,OK
Airdrie,Airdrie,2026-06-17 04:00,2.0,,2,2,2026-06-17T11:55:50+00:00,2.0,2026-06-17T11:55:51+00:00,0.0,0.0,OK
Cold Lake,Cold Lake,2026-06-17 05:00,1.0,,2,2,2026-06-17T11:55:50+00:00,1.0,2026-06-17T11:55:51+00:00,0.0,0.0,OK
Drayton Valley,Drayton Valley,2026-06-17 04:00,2.0,,1,2,2026-06-17T11:55:50+00:00,2.0,2026-06-17T11:55:51+00:00,0.0,0.0,OK
St. Albert,St. Albert,2026-06-17 04:00,2.0,,3,2,2026-06-17T11:55:50+00:00,2.0,2026-06-17T11:55:51+00:00,0.0,0.0,OK
Strathcona County,Sherwood Park,2026-06-17 05:00,2.0,,3,2,2026-06-17T11:55:50+00:00,,,,,OK
Edmonton,Edmonton,2026-06-17 07:00,2.0,2.0,2,2,2026-06-17T13:32:58+00:00,2.0,2026-06-17T13:32:58+00:00,0.0,0.0,OK
Calgary,Calgary,2026-06-17 07:00,2.0,3.0,2,3,2026-06-17T13:32:58+00:00,2.0,2026-06-17T13:32:58+00:00,0.0,0.0,OK
Red Deer,Red Deer,2026-06-17 07:00,2.0,2.0,2,2,2026-06-17T13:32:58+00:00,2.0,2026-06-17T13:32:58+00:00,0.0,0.0,OK
Fort McMurray,Fort McMurray,,,2.0,2,2,2026-06-17T13:32:58+00:00,,2026-06-17T13:32:58+00:00,,,OK
Grande Prairie,Grande Prairie,2026-06-17 07:00,2.0,2.0,2,2,2026-06-17T13:32:58+00:00,1.0,2026-06-17T13:32:58+00:00,1.0,1.0,Minor difference
Lethbridge,Lethbridge,2026-06-17 07:00,2.0,3.0,2,3,2026-06-17T13:32:58+00:00,2.0,2026-06-17T13:32:58+00:00,0.0,0.0,OK
Medicine Hat,Medicine Hat,2026-06-17 07:00,2.0,3.0,2,3,2026-06-17T13:32:58+00:00,2.0,2026-06-17T13:32:58+00:00,0.0,0.0,OK
Airdrie,Airdrie,2026-06-17 07:00,2.0,3.0,2,3,2026-06-17T13:32:58+00:00,2.0,2026-06-17T13:32:58+00:00,0.0,0.0,OK
Cold Lake,Cold Lake,2026-06-17 07:00,1.0,2.0,2,2,2026-06-17T13:32:58+00:00,1.0,2026-06-17T13:32:58+00:00,0.0,0.0,OK
Drayton Valley,Drayton Valley,2026-06-17 07:00,1.0,2.0,2,2,2026-06-17T13:32:58+00:00,1.0,2026-06-17T13:32:58+00:00,0.0,0.0,OK
St. Albert,St. Albert,2026-06-17 07:00,2.0,2.0,2,2,2026-06-17T13:32:58+00:00,2.0,2026-06-17T13:32:58+00:00,0.0,0.0,OK
Strathcona County,Sherwood Park,2026-06-17 07:00,2.0,2.0,2,2,2026-06-17T13:32:58+00:00,,,,,OK
Edmonton,Edmonton,2026-06-17 10:00,2.0,2.0,2,2,2026-06-17T17:21:49+00:00,2.0,2026-06-17T17:21:49+00:00,0.0,0.0,OK
Calgary,Calgary,2026-06-17 10:00,2.0,3.0,2,3,2026-06-17T17:21:49+00:00,2.0,2026-06-17T17:21:49+00:00,0.0,0.0,OK
Red Deer,Red Deer,2026-06-17 10:00,2.0,2.0,2,2,2026-06-17T17:21:49+00:00,2.0,2026-06-17T17:21:49+00:00,0.0,0.0,OK
Fort McMurray,Fort McMurray,2026-06-17 10:00,2.0,2.0,2,2,2026-06-17T17:21:49+00:00,2.0,2026-06-17T17:21:49+00:00,0.0,0.0,OK
Grande Prairie,Grande Prairie,2026-06-17 10:00,1.0,2.0,2,2,2026-06-17T17:21:49+00:00,1.0,2026-06-17T17:21:49+00:00,0.0,0.0,OK
Lethbridge,Lethbridge,2026-06-17 10:00,2.0,3.0,2,3,2026-06-17T17:21:49+00:00,2.0,2026-06-17T17:21:49+00:00,0.0,0.0,OK
Medicine Hat,Medicine Hat,2026-06-17 10:00,2.0,3.0,2,3,2026-06-17T17:21:49+00:00,2.0,2026-06-17T17:21:49+00:00,0.0,0.0,OK
Airdrie,Airdrie,2026-06-17 10:00,2.0,3.0,2,3,2026-06-17T17:21:49+00:00,2.0,2026-06-17T17:21:49+00:00,0.0,0.0,OK
Cold Lake,Cold Lake,2026-06-17 11:00,1.0,2.0,2,2,2026-06-17T17:21:49+00:00,1.0,2026-06-17T17:21:49+00:00,0.0,0.0,OK
Drayton Valley,Drayton Valley,2026-06-17 10:00,2.0,2.0,2,2,2026-06-17T17:21:49+00:00,2.0,2026-06-17T17:21:49+00:00,0.0,0.0,OK
St. Albert,St. Albert,2026-06-17 10:00,1.0,2.0,2,2,2026-06-17T17:21:49+00:00,1.0,2026-06-17T17:21:49+00:00,0.0,0.0,OK
Strathcona County,Sherwood Park,2026-06-17 11:00,2.0,2.0,2,2,2026-06-17T17:21:49+00:00,,,,,OK
Edmonton,Edmonton,2026-06-17 12:00,2.0,2.0,2,2,2026-06-17T19:09:24+00:00,2.0,2026-06-17T19:09:24+00:00,0.0,0.0,OK
Calgary,Calgary,2026-06-17 12:00,2.0,3.0,2,3,2026-06-17T19:09:24+00:00,2.0,2026-06-17T19:09:24+00:00,0.0,0.0,OK
Red Deer,Red Deer,2026-06-17 12:00,2.0,2.0,2,2,2026-06-17T19:09:24+00:00,2.0,2026-06-17T19:09:24+00:00,0.0,0.0,OK
Fort McMurray,Fort McMurray,2026-06-17 12:00,2.0,2.0,2,2,2026-06-17T19:09:24+00:00,2.0,2026-06-17T19:09:24+00:00,0.0,0.0,OK
Grande Prairie,Grande Prairie,2026-06-17 12:00,1.0,2.0,2,2,2026-06-17T19:09:24+00:00,1.0,2026-06-17T19:09:24+00:00,0.0,0.0,OK
Lethbridge,Lethbridge,2026-06-17 10:00,2.0,3.0,2,3,2026-06-17T19:09:24+00:00,1.0,2026-06-17T19:09:24+00:00,1.0,1.0,Minor difference
Medicine Hat,Medicine Hat,2026-06-17 12:00,2.0,3.0,2,3,2026-06-17T19:09:24+00:00,2.0,2026-06-17T19:09:24+00:00,0.0,0.0,OK
Airdrie,Airdrie,2026-06-17 12:00,2.0,3.0,2,3,2026-06-17T19:09:24+00:00,2.0,2026-06-17T19:09:24+00:00,0.0,0.0,OK
Cold Lake,Cold Lake,2026-06-17 12:00,1.0,2.0,2,2,2026-06-17T19:09:24+00:00,1.0,2026-06-17T19:09:24+00:00,0.0,0.0,OK
Drayton Valley,Drayton Valley,2026-06-17 12:00,1.0,2.0,2,2,2026-06-17T19:09:24+00:00,1.0,2026-06-17T19:09:24+00:00,0.0,0.0,OK
St. Albert,St. Albert,2026-06-17 12:00,2.0,2.0,2,2,2026-06-17T19:09:24+00:00,2.0,2026-06-17T19:09:24+00:00,0.0,0.0,OK
Strathcona County,Sherwood Park,2026-06-17 12:00,2.0,2.0,2,2,2026-06-17T19:09:24+00:00,,,,,OK
Edmonton,Edmonton,2026-06-17 13:00,2.0,2.0,2,2,2026-06-17T19:59:03+00:00,2.0,2026-06-17T19:59:03+00:00,0.0,0.0,OK
Calgary,Calgary,2026-06-17 13:00,2.0,3.0,2,3,2026-06-17T19:59:03+00:00,2.0,2026-06-17T19:59:03+00:00,0.0,0.0,OK
Red Deer,Red Deer,2026-06-17 13:00,2.0,2.0,2,2,2026-06-17T19:59:03+00:00,2.0,2026-06-17T19:59:03+00:00,0.0,0.0,OK
Fort McMurray,Fort McMurray,2026-06-17 13:00,2.0,2.0,2,2,2026-06-17T19:59:03+00:00,2.0,2026-06-17T19:59:03+00:00,0.0,0.0,OK
Grande Prairie,Grande Prairie,2026-06-17 13:00,1.0,2.0,2,2,2026-06-17T19:59:03+00:00,1.0,2026-06-17T19:59:03+00:00,0.0,0.0,OK
Lethbridge,Lethbridge,2026-06-17 10:00,2.0,3.0,2,3,2026-06-17T19:59:03+00:00,1.0,2026-06-17T19:59:03+00:00,1.0,1.0,Minor difference
Medicine Hat,Medicine Hat,2026-06-17 13:00,2.0,3.0,2,3,2026-06-17T19:59:03+00:00,2.0,2026-06-17T19:59:03+00:00,0.0,0.0,OK
Airdrie,Airdrie,2026-06-17 13:00,2.0,3.0,2,3,2026-06-17T19:59:03+00:00,2.0,2026-06-17T19:59:03+00:00,0.0,0.0,OK
Cold Lake,Cold Lake,2026-06-17 13:00,2.0,2.0,2,2,2026-06-17T19:59:03+00:00,2.0,2026-06-17T19:59:03+00:00,0.0,0.0,OK
Drayton Valley,Drayton Valley,2026-06-17 13:00,1.0,2.0,2,2,2026-06-17T19:59:03+00:00,1.0,2026-06-17T19:59:03+00:00,0.0,0.0,OK
St. Albert,St. Albert,2026-06-17 13:00,2.0,2.0,2,2,2026-06-17T19:59:03+00:00,2.0,2026-06-17T19:59:03+00:00,0.0,0.0,OK
Strathcona County,Sherwood Park,2026-06-17 13:00,2.0,2.0,2,2,2026-06-17T19:59:03+00:00,,,,,OK
Edmonton,Edmonton,2026-06-17 14:00,2.0,2.0,2,2,2026-06-17T20:59:33+00:00,2.0,2026-06-17T20:59:33+00:00,0.0,0.0,OK
Calgary,Calgary,2026-06-17 14:00,2.0,3.0,2,3,2026-06-17T20:59:33+00:00,2.0,2026-06-17T20:59:33+00:00,0.0,0.0,OK
Red Deer,Red Deer,2026-06-17 14:00,2.0,2.0,2,2,2026-06-17T20:59:33+00:00,2.0,2026-06-17T20:59:33+00:00,0.0,0.0,OK
Fort McMurray,Fort McMurray,2026-06-17 14:00,2.0,2.0,2,2,2026-06-17T20:59:33+00:00,2.0,2026-06-17T20:59:33+00:00,0.0,0.0,OK
Grande Prairie,Grande Prairie,2026-06-17 14:00,2.0,2.0,2,2,2026-06-17T20:59:33+00:00,2.0,2026-06-17T20:59:33+00:00,0.0,0.0,OK
Lethbridge,Lethbridge,2026-06-17 10:00,2.0,3.0,2,3,2026-06-17T20:59:33+00:00,1.0,2026-06-17T20:59:33+00:00,1.0,1.0,Minor difference
Medicine Hat,Medicine Hat,2026-06-17 14:00,2.0,3.0,2,3,2026-06-17T20:59:33+00:00,2.0,2026-06-17T20:59:33+00:00,0.0,0.0,OK
Airdrie,Airdrie,2026-06-17 14:00,2.0,3.0,2,3,2026-06-17T20:59:33+00:00,2.0,2026-06-17T20:59:33+00:00,0.0,0.0,OK
Cold Lake,Cold Lake,2026-06-17 14:00,2.0,2.0,2,2,2026-06-17T20:59:33+00:00,2.0,2026-06-17T20:59:33+00:00,0.0,0.0,OK
Drayton Valley,Drayton Valley,2026-06-17 14:00,1.0,2.0,2,2,2026-06-17T20:59:33+00:00,1.0,2026-06-17T20:59:33+00:00,0.0,0.0,OK
St. Albert,St. Albert,2026-06-17 14:00,2.0,2.0,2,2,2026-06-17T20:59:33+00:00,2.0,2026-06-17T20:59:33+00:00,0.0,0.0,OK
Strathcona County,Sherwood Park,2026-06-17 14:00,2.0,2.0,2,2,2026-06-17T20:59:33+00:00,,,,,OK
Edmonton,Edmonton,2026-06-17 15:00,2.0,2.0,2,2,2026-06-17T21:57:45+00:00,2.0,2026-06-17T21:57:45+00:00,0.0,0.0,OK
Calgary,Calgary,2026-06-17 15:00,2.0,3.0,2,3,2026-06-17T21:57:45+00:00,2.0,2026-06-17T21:57:45+00:00,0.0,0.0,OK
Red Deer,Red Deer,2026-06-17 15:00,2.0,2.0,2,2,2026-06-17T21:57:45+00:00,2.0,2026-06-17T21:57:45+00:00,0.0,0.0,OK
Fort McMurray,Fort McMurray,2026-06-17 15:00,2.0,2.0,2,2,2026-06-17T21:57:45+00:00,2.0,2026-06-17T21:57:45+00:00,0.0,0.0,OK
Grande Prairie,Grande Prairie,2026-06-17 15:00,2.0,2.0,2,2,2026-06-17T21:57:45+00:00,2.0,2026-06-17T21:57:45+00:00,0.0,0.0,OK
Lethbridge,Lethbridge,2026-06-17 10:00,2.0,3.0,2,3,2026-06-17T21:57:45+00:00,1.0,2026-06-17T21:57:45+00:00,1.0,1.0,Minor difference
Medicine Hat,Medicine Hat,2026-06-17 15:00,2.0,3.0,2,3,2026-06-17T21:57:45+00:00,2.0,2026-06-17T21:57:45+00:00,0.0,0.0,OK
Airdrie,Airdrie,2026-06-17 15:00,2.0,3.0,2,3,2026-06-17T21:57:45+00:00,2.0,2026-06-17T21:57:45+00:00,0.0,0.0,OK
Cold Lake,Cold Lake,2026-06-17 15:00,2.0,2.0,2,2,2026-06-17T21:57:45+00:00,2.0,2026-06-17T21:57:45+00:00,0.0,0.0,OK
Drayton Valley,Drayton Valley,2026-06-17 15:00,2.0,2.0,2,2,2026-06-17T21:57:45+00:00,2.0,2026-06-17T21:57:45+00:00,0.0,0.0,OK
St. Albert,St. Albert,2026-06-17 15:00,2.0,2.0,2,2,2026-06-17T21:57:45+00:00,2.0,2026-06-17T21:57:45+00:00,0.0,0.0,OK
Strathcona County,Sherwood Park,2026-06-17 15:00,2.0,2.0,2,2,2026-06-17T21:57:45+00:00,,,,,OK
Edmonton,Edmonton,2026-06-17 16:00,2.0,2.0,2,2,2026-06-17T22:51:50+00:00,2.0,2026-06-17T22:51:50+00:00,0.0,0.0,OK
Calgary,Calgary,2026-06-17 16:00,2.0,3.0,2,3,2026-06-17T22:51:50+00:00,2.0,2026-06-17T22:51:50+00:00,0.0,0.0,OK
Red Deer,Red Deer,2026-06-17 16:00,2.0,2.0,2,2,2026-06-17T22:51:50+00:00,2.0,2026-06-17T22:51:50+00:00,0.0,0.0,OK
Fort McMurray,Fort McMurray,2026-06-17 16:00,2.0,2.0,2,2,2026-06-17T22:51:50+00:00,2.0,2026-06-17T22:51:50+00:00,0.0,0.0,OK
Grande Prairie,Grande Prairie,2026-06-17 16:00,2.0,2.0,2,2,2026-06-17T22:51:50+00:00,2.0,2026-06-17T22:51:50+00:00,0.0,0.0,OK
Lethbridge,Lethbridge,2026-06-17 10:00,2.0,3.0,2,3,2026-06-17T22:51:50+00:00,1.0,2026-06-17T22:51:50+00:00,1.0,1.0,Minor difference
Medicine Hat,Medicine Hat,2026-06-17 16:00,2.0,3.0,2,3,2026-06-17T22:51:50+00:00,2.0,2026-06-17T22:51:50+00:00,0.0,0.0,OK
Airdrie,Airdrie,2026-06-17 16:00,2.0,3.0,2,3,2026-06-17T22:51:50+00:00,2.0,2026-06-17T22:51:50+00:00,0.0,0.0,OK
Cold Lake,Cold Lake,2026-06-17 16:00,2.0,2.0,2,2,2026-06-17T22:51:50+00:00,2.0,2026-06-17T22:51:50+00:00,0.0,0.0,OK
Drayton Valley,Drayton Valley,2026-06-17 16:00,2.0,2.0,2,2,2026-06-17T22:51:50+00:00,2.0,2026-06-17T22:51:50+00:00,0.0,0.0,OK
St. Albert,St. Albert,2026-06-17 16:00,2.0,2.0,2,2,2026-06-17T22:51:50+00:00,2.0,2026-06-17T22:51:50+00:00,0.0,0.0,OK
Strathcona County,Sherwood Park,2026-06-17 16:00,2.0,2.0,2,2,2026-06-17T22:51:50+00:00,,,,,OK
Edmonton,Edmonton,2026-06-17 18:00,2.0,,2,2,2026-06-18T01:27:48+00:00,2.0,2026-06-18T01:27:48+00:00,0.0,0.0,OK
Calgary,Calgary,2026-06-17 18:00,2.0,,3,2,2026-06-18T01:27:48+00:00,2.0,2026-06-18T01:27:48+00:00,0.0,0.0,OK
Red Deer,Red Deer,2026-06-17 18:00,2.0,,2,2,2026-06-18T01:27:48+00:00,2.0,2026-06-18T01:27:48+00:00,0.0,0.0,OK
Fort McMurray,Fort McMurray,2026-06-17 18:00,2.0,,2,2,2026-06-18T01:27:48+00:00,2.0,2026-06-18T01:27:48+00:00,0.0,0.0,OK
Grande Prairie,Grande Prairie,2026-06-17 18:00,2.0,,2,2,2026-06-18T01:27:48+00:00,2.0,2026-06-18T01:27:48+00:00,0.0,0.0,OK
Lethbridge,Lethbridge,,,,2,2,2026-06-18T01:27:48+00:00,1.0,2026-06-18T01:27:48+00:00,,,OK
Medicine Hat,Medicine Hat,2026-06-17 18:00,2.0,,2,2,2026-06-18T01:27:48+00:00,2.0,2026-06-18T01:27:48+00:00,0.0,0.0,OK
Airdrie,Airdrie,2026-06-17 18:00,2.0,,3,2,2026-06-18T01:27:48+00:00,2.0,2026-06-18T01:27:48+00:00,0.0,0.0,OK
Cold Lake,Cold Lake,2026-06-17 19:00,2.0,,2,2,2026-06-18T01:27:48+00:00,2.0,2026-06-18T01:27:48+00:00,0.0,0.0,OK
Drayton Valley,Drayton Valley,2026-06-17 18:00,2.0,,2,2,2026-06-18T01:27:48+00:00,2.0,2026-06-18T01:27:48+00:00,0.0,0.0,OK
St. Albert,St. Albert,2026-06-17 18:00,2.0,,2,2,2026-06-18T01:27:48+00:00,2.0,2026-06-18T01:27:48+00:00,0.0,0.0,OK
Strathcona County,Sherwood Park,2026-06-17 19:00,2.0,,2,2,2026-06-18T01:27:48+00:00,,,,,OK
Edmonton,Edmonton,2026-06-17 20:00,2.0,,2,2,2026-06-18T03:27:59+00:00,2.0,2026-06-18T03:27:59+00:00,0.0,0.0,OK
Calgary,Calgary,2026-06-17 20:00,2.0,,3,2,2026-06-18T03:27:59+00:00,2.0,2026-06-18T03:27:59+00:00,0.0,0.0,OK
Red Deer,Red Deer,2026-06-17 20:00,2.0,,2,2,2026-06-18T03:27:59+00:00,2.0,2026-06-18T03:27:59+00:00,0.0,0.0,OK
Fort McMurray,Fort McMurray,2026-06-17 20:00,2.0,,2,2,2026-06-18T03:27:59+00:00,2.0,2026-06-18T03:27:59+00:00,0.0,0.0,OK
Grande Prairie,Grande Prairie,2026-06-17 20:00,1.0,,2,2,2026-06-18T03:27:59+00:00,1.0,2026-06-18T03:27:59+00:00,0.0,0.0,OK
Lethbridge,Lethbridge,,,,2,2,2026-06-18T03:27:59+00:00,1.0,2026-06-18T03:27:59+00:00,,,OK
Medicine Hat,Medicine Hat,2026-06-17 20:00,2.0,,2,2,2026-06-18T03:27:59+00:00,2.0,2026-06-18T03:27:59+00:00,0.0,0.0,OK
Airdrie,Airdrie,2026-06-17 20:00,2.0,,3,2,2026-06-18T03:27:59+00:00,2.0,2026-06-18T03:27:59+00:00,0.0,0.0,OK
Cold Lake,Cold Lake,2026-06-17 21:00,2.0,,2,2,2026-06-18T03:27:59+00:00,2.0,2026-06-18T03:27:59+00:00,0.0,0.0,OK
Drayton Valley,Drayton Valley,2026-06-17 20:00,2.0,,2,2,2026-06-18T03:27:59+00:00,2.0,2026-06-18T03:27:59+00:00,0.0,0.0,OK
St. Albert,St. Albert,2026-06-17 20:00,2.0,,2,2,2026-06-18T03:27:59+00:00,2.0,2026-06-18T03:27:59+00:00,0.0,0.0,OK
Strathcona County,Sherwood Park,2026-06-17 21:00,2.0,,2,2,2026-06-18T03:27:59+00:00,,,,,OK
Edmonton,Edmonton,2026-06-17 22:00,2.0,,2,2,2026-06-18T05:56:41+00:00,2.0,2026-06-18T05:56:41+00:00,0.0,0.0,OK
Calgary,Calgary,2026-06-17 22:00,2.0,,3,2,2026-06-18T05:56:41+00:00,2.0,2026-06-18T05:56:41+00:00,0.0,0.0,OK
Red Deer,Red Deer,2026-06-17 22:00,2.0,,2,2,2026-06-18T05:56:41+00:00,2.0,2026-06-18T05:56:41+00:00,0.0,0.0,OK
Fort McMurray,Fort McMurray,2026-06-17 22:00,2.0,,2,2,2026-06-18T05:56:41+00:00,2.0,2026-06-18T05:56:41+00:00,0.0,0.0,OK
Grande Prairie,Grande Prairie,2026-06-17 22:00,2.0,,2,2,2026-06-18T05:56:41+00:00,2.0,2026-06-18T05:56:41+00:00,0.0,0.0,OK
Lethbridge,Lethbridge,,,,2,2,2026-06-18T05:56:41+00:00,2.0,2026-06-18T05:56:41+00:00,,,OK
Medicine Hat,Medicine Hat,2026-06-17 22:00,2.0,,2,2,2026-06-18T05:56:41+00:00,2.0,2026-06-18T05:56:41+00:00,0.0,0.0,OK
Airdrie,Airdrie,2026-06-17 22:00,2.0,,3,2,2026-06-18T05:56:41+00:00,2.0,2026-06-18T05:56:41+00:00,0.0,0.0,OK
Cold Lake,Cold Lake,2026-06-17 22:00,1.0,,2,2,2026-06-18T05:56:41+00:00,1.0,2026-06-18T05:56:41+00:00,0.0,0.0,OK
Drayton Valley,Drayton Valley,2026-06-17 22:00,2.0,,2,2,2026-06-18T05:56:41+00:00,2.0,2026-06-18T05:56:41+00:00,0.0,0.0,OK
St. Albert,St. Albert,2026-06-17 22:00,2.0,,2,2,2026-06-18T05:56:41+00:00,2.0,2026-06-18T05:56:41+00:00,0.0,0.0,OK
Strathcona County,Sherwood Park,2026-06-17 22:00,2.0,,2,2,2026-06-18T05:56:41+00:00,,,,,OK
Edmonton,Edmonton,2026-06-18 01:00,2.0,,2,2,2026-06-18T08:02:51+00:00,2.0,2026-06-18T08:02:51+00:00,0.0,0.0,OK
Calgary,Calgary,2026-06-18 01:00,2.0,,3,2,2026-06-18T08:02:51+00:00,2.0,2026-06-18T08:02:51+00:00,0.0,0.0,OK
Red Deer,Red Deer,2026-06-18 01:00,2.0,,2,2,2026-06-18T08:02:51+00:00,2.0,2026-06-18T08:02:51+00:00,0.0,0.0,OK
Fort McMurray,Fort McMurray,2026-06-18 01:00,2.0,,2,2,2026-06-18T08:02:51+00:00,2.0,2026-06-18T08:02:51+00:00,0.0,0.0,OK
Grande Prairie,Grande Prairie,2026-06-18 01:00,2.0,,2,2,2026-06-18T08:02:51+00:00,2.0,2026-06-18T08:02:51+00:00,0.0,0.0,OK
Lethbridge,Lethbridge,2026-06-18 00:00,2.0,,2,2,2026-06-18T08:02:51+00:00,2.0,2026-06-18T08:02:51+00:00,0.0,0.0,OK
Medicine Hat,Medicine Hat,2026-06-18 01:00,2.0,,2,2,2026-06-18T08:02:51+00:00,2.0,2026-06-18T08:02:51+00:00,0.0,0.0,OK
Airdrie,Airdrie,2026-06-18 01:00,2.0,,3,2,2026-06-18T08:02:51+00:00,2.0,2026-06-18T08:02:51+00:00,0.0,0.0,OK
Cold Lake,Cold Lake,2026-06-18 01:00,1.0,,2,2,2026-06-18T08:02:51+00:00,1.0,2026-06-18T08:02:51+00:00,0.0,0.0,OK
Drayton Valley,Drayton Valley,2026-06-18 01:00,1.0,,2,2,2026-06-18T08:02:51+00:00,1.0,2026-06-18T08:02:51+00:00,0.0,0.0,OK
St. Albert,St. Albert,2026-06-18 01:00,2.0,,2,2,2026-06-18T08:02:51+00:00,2.0,2026-06-18T08:02:51+00:00,0.0,0.0,OK
Strathcona County,Sherwood Park,2026-06-18 01:00,2.0,,2,2,2026-06-18T08:02:51+00:00,,,,,OK
Edmonton,Edmonton,2026-06-18 03:00,2.0,,2,2,2026-06-18T09:48:07+00:00,2.0,2026-06-18T09:48:07+00:00,0.0,0.0,OK
Calgary,Calgary,2026-06-18 03:00,2.0,,3,2,2026-06-18T09:48:07+00:00,2.0,2026-06-18T09:48:07+00:00,0.0,0.0,OK
Red Deer,Red Deer,2026-06-18 02:00,2.0,,2,2,2026-06-18T09:48:07+00:00,2.0,2026-06-18T09:48:07+00:00,0.0,0.0,OK
Fort McMurray,Fort McMurray,2026-06-18 03:00,1.0,,2,2,2026-06-18T09:48:07+00:00,1.0,2026-06-18T09:48:07+00:00,0.0,0.0,OK
Grande Prairie,Grande Prairie,2026-06-18 03:00,2.0,,2,2,2026-06-18T09:48:07+00:00,2.0,2026-06-18T09:48:07+00:00,0.0,0.0,OK
Lethbridge,Lethbridge,2026-06-18 03:00,2.0,,2,2,2026-06-18T09:48:07+00:00,2.0,2026-06-18T09:48:07+00:00,0.0,0.0,OK
Medicine Hat,Medicine Hat,2026-06-18 03:00,2.0,,2,2,2026-06-18T09:48:07+00:00,2.0,2026-06-18T09:48:07+00:00,0.0,0.0,OK
Airdrie,Airdrie,2026-06-18 03:00,1.0,,3,2,2026-06-18T09:48:07+00:00,1.0,2026-06-18T09:48:07+00:00,0.0,0.0,OK
Cold Lake,Cold Lake,2026-06-18 03:00,1.0,,2,2,2026-06-18T09:48:07+00:00,1.0,2026-06-18T09:48:07+00:00,0.0,0.0,OK
Drayton Valley,Drayton Valley,2026-06-18 03:00,1.0,,2,2,2026-06-18T09:48:07+00:00,1.0,2026-06-18T09:48:07+00:00,0.0,0.0,OK
St. Albert,St. Albert,2026-06-18 03:00,1.0,,2,2,2026-06-18T09:48:07+00:00,1.0,2026-06-18T09:48:07+00:00,0.0,0.0,OK
Strathcona County,Sherwood Park,2026-06-18 02:00,2.0,,2,2,2026-06-18T09:48:07+00:00,,,,,OK
Edmonton,Edmonton,2026-06-18 05:00,2.0,,2,2,2026-06-18T11:38:06+00:00,2.0,2026-06-18T11:38:07+00:00,0.0,0.0,OK
Calgary,Calgary,2026-06-18 04:00,2.0,,3,2,2026-06-18T11:38:06+00:00,1.0,2026-06-18T11:38:07+00:00,1.0,1.0,Minor difference
Red Deer,Red Deer,2026-06-18 05:00,2.0,,2,2,2026-06-18T11:38:06+00:00,2.0,2026-06-18T11:38:07+00:00,0.0,0.0,OK
Fort McMurray,Fort McMurray,2026-06-18 05:00,2.0,,2,2,2026-06-18T11:38:06+00:00,2.0,2026-06-18T11:38:07+00:00,0.0,0.0,OK
Grande Prairie,Grande Prairie,2026-06-18 05:00,2.0,,2,2,2026-06-18T11:38:06+00:00,1.0,2026-06-18T11:38:07+00:00,1.0,1.0,Minor difference
Lethbridge,Lethbridge,2026-06-18 03:00,2.0,,2,2,2026-06-18T11:38:06+00:00,1.0,2026-06-18T11:38:07+00:00,1.0,1.0,Minor difference
Medicine Hat,Medicine Hat,2026-06-18 04:00,2.0,,2,2,2026-06-18T11:38:06+00:00,1.0,2026-06-18T11:38:07+00:00,1.0,1.0,Minor difference
Airdrie,Airdrie,2026-06-18 04:00,1.0,,3,2,2026-06-18T11:38:06+00:00,1.0,2026-06-18T11:38:07+00:00,0.0,0.0,OK
Cold Lake,Cold Lake,2026-06-18 05:00,1.0,,2,2,2026-06-18T11:38:06+00:00,1.0,2026-06-18T11:38:07+00:00,0.0,0.0,OK
Drayton Valley,Drayton Valley,2026-06-18 04:00,1.0,,2,2,2026-06-18T11:38:06+00:00,1.0,2026-06-18T11:38:07+00:00,0.0,0.0,OK
St. Albert,St. Albert,2026-06-18 03:00,1.0,,2,2,2026-06-18T11:38:06+00:00,1.0,2026-06-18T11:38:07+00:00,0.0,0.0,OK
Strathcona County,Sherwood Park,2026-06-18 05:00,2.0,,2,2,2026-06-18T11:38:06+00:00,,,,,OK
Edmonton,Edmonton,2026-06-18 06:00,2.0,2.0,3,2,2026-06-18T13:30:13+00:00,2.0,2026-06-18T13:30:14+00:00,0.0,0.0,OK
Calgary,Calgary,2026-06-18 06:00,2.0,2.0,2,2,2026-06-18T13:30:13+00:00,2.0,2026-06-18T13:30:14+00:00,0.0,0.0,OK
Red Deer,Red Deer,2026-06-18 06:00,2.0,2.0,3,2,2026-06-18T13:30:13+00:00,2.0,2026-06-18T13:30:14+00:00,0.0,0.0,OK
Fort McMurray,Fort McMurray,2026-06-18 06:00,2.0,2.0,2,2,2026-06-18T13:30:13+00:00,2.0,2026-06-18T13:30:14+00:00,0.0,0.0,OK
Grande Prairie,Grande Prairie,2026-06-18 06:00,1.0,2.0,2,2,2026-06-18T13:30:13+00:00,1.0,2026-06-18T13:30:14+00:00,0.0,0.0,OK
Lethbridge,Lethbridge,2026-06-18 07:00,2.0,2.0,2,2,2026-06-18T13:30:13+00:00,2.0,2026-06-18T13:30:14+00:00,0.0,0.0,OK
Medicine Hat,Medicine Hat,2026-06-18 06:00,2.0,2.0,3,2,2026-06-18T13:30:13+00:00,2.0,2026-06-18T13:30:14+00:00,0.0,0.0,OK
Airdrie,Airdrie,2026-06-18 06:00,2.0,2.0,2,2,2026-06-18T13:30:13+00:00,2.0,2026-06-18T13:30:14+00:00,0.0,0.0,OK
Cold Lake,Cold Lake,2026-06-18 07:00,1.0,2.0,2,2,2026-06-18T13:30:13+00:00,1.0,2026-06-18T13:30:14+00:00,0.0,0.0,OK
Drayton Valley,Drayton Valley,2026-06-18 06:00,1.0,2.0,2,2,2026-06-18T13:30:13+00:00,1.0,2026-06-18T13:30:14+00:00,0.0,0.0,OK
St. Albert,St. Albert,2026-06-18 03:00,1.0,2.0,3,2,2026-06-18T13:30:13+00:00,1.0,2026-06-18T13:30:14+00:00,0.0,0.0,OK
Strathcona County,Sherwood Park,2026-06-18 07:00,2.0,2.0,3,2,2026-06-18T13:30:13+00:00,,,,,OK
Edmonton,Edmonton,2026-06-18 08:00,2.0,2.0,3,2,2026-06-18T15:27:17+00:00,2.0,2026-06-18T15:27:18+00:00,0.0,0.0,OK
Calgary,Calgary,2026-06-18 08:00,2.0,2.0,2,2,2026-06-18T15:27:17+00:00,2.0,2026-06-18T15:27:18+00:00,0.0,0.0,OK
Red Deer,Red Deer,2026-06-18 08:00,2.0,2.0,3,2,2026-06-18T15:27:17+00:00,2.0,2026-06-18T15:27:18+00:00,0.0,0.0,OK
Fort McMurray,Fort McMurray,2026-06-18 08:00,2.0,2.0,2,2,2026-06-18T15:27:17+00:00,2.0,2026-06-18T15:27:18+00:00,0.0,0.0,OK
Grande Prairie,Grande Prairie,2026-06-18 08:00,1.0,2.0,2,2,2026-06-18T15:27:17+00:00,1.0,2026-06-18T15:27:18+00:00,0.0,0.0,OK
Lethbridge,Lethbridge,2026-06-18 09:00,2.0,2.0,2,2,2026-06-18T15:27:17+00:00,2.0,2026-06-18T15:27:18+00:00,0.0,0.0,OK
Medicine Hat,Medicine Hat,2026-06-18 08:00,2.0,2.0,3,2,2026-06-18T15:27:17+00:00,2.0,2026-06-18T15:27:18+00:00,0.0,0.0,OK
Airdrie,Airdrie,2026-06-18 08:00,2.0,2.0,2,2,2026-06-18T15:27:17+00:00,2.0,2026-06-18T15:27:18+00:00,0.0,0.0,OK
Cold Lake,Cold Lake,2026-06-18 09:00,1.0,2.0,2,2,2026-06-18T15:27:17+00:00,1.0,2026-06-18T15:27:18+00:00,0.0,0.0,OK
Drayton Valley,Drayton Valley,2026-06-18 08:00,2.0,2.0,2,2,2026-06-18T15:27:17+00:00,2.0,2026-06-18T15:27:18+00:00,0.0,0.0,OK
St. Albert,St. Albert,2026-06-18 03:00,1.0,2.0,3,2,2026-06-18T15:27:17+00:00,1.0,2026-06-18T15:27:18+00:00,0.0,0.0,OK
Strathcona County,Sherwood Park,2026-06-18 09:00,1.0,2.0,3,2,2026-06-18T15:27:17+00:00,,,,,OK
Edmonton,Edmonton,2026-06-18 10:00,2.0,2.0,3,2,2026-06-18T17:24:00+00:00,2.0,2026-06-18T17:24:00+00:00,0.0,0.0,OK
Calgary,Calgary,2026-06-18 10:00,2.0,2.0,2,2,2026-06-18T17:24:00+00:00,2.0,2026-06-18T17:24:00+00:00,0.0,0.0,OK
Red Deer,Red Deer,2026-06-18 10:00,2.0,2.0,3,2,2026-06-18T17:24:00+00:00,2.0,2026-06-18T17:24:00+00:00,0.0,0.0,OK
Fort McMurray,Fort McMurray,2026-06-18 10:00,2.0,2.0,2,2,2026-06-18T17:24:00+00:00,2.0,2026-06-18T17:24:00+00:00,0.0,0.0,OK
Grande Prairie,Grande Prairie,2026-06-18 10:00,1.0,2.0,2,2,2026-06-18T17:24:00+00:00,1.0,2026-06-18T17:24:00+00:00,0.0,0.0,OK
Lethbridge,Lethbridge,2026-06-18 11:00,2.0,2.0,2,2,2026-06-18T17:24:00+00:00,2.0,2026-06-18T17:24:00+00:00,0.0,0.0,OK
Medicine Hat,Medicine Hat,2026-06-18 10:00,2.0,2.0,3,2,2026-06-18T17:24:00+00:00,2.0,2026-06-18T17:24:00+00:00,0.0,0.0,OK
Airdrie,Airdrie,2026-06-18 10:00,2.0,2.0,2,2,2026-06-18T17:24:00+00:00,2.0,2026-06-18T17:24:00+00:00,0.0,0.0,OK
Cold Lake,Cold Lake,2026-06-18 11:00,2.0,2.0,2,2,2026-06-18T17:24:00+00:00,2.0,2026-06-18T17:24:00+00:00,0.0,0.0,OK
Drayton Valley,Drayton Valley,2026-06-18 10:00,2.0,2.0,2,2,2026-06-18T17:24:00+00:00,2.0,2026-06-18T17:24:00+00:00,0.0,0.0,OK
St. Albert,St. Albert,2026-06-18 10:00,1.0,2.0,3,2,2026-06-18T17:24:00+00:00,1.0,2026-06-18T17:24:00+00:00,0.0,0.0,OK
Strathcona County,Sherwood Park,2026-06-18 11:00,2.0,2.0,3,2,2026-06-18T17:24:00+00:00,,,,,OK
Edmonton,Edmonton,2026-06-18 12:00,2.0,2.0,3,2,2026-06-18T19:07:10+00:00,2.0,2026-06-18T19:07:10+00:00,0.0,0.0,OK
Calgary,Calgary,2026-06-18 12:00,2.0,2.0,2,2,2026-06-18T19:07:10+00:00,2.0,2026-06-18T19:07:10+00:00,0.0,0.0,OK
Red Deer,Red Deer,2026-06-18 12:00,2.0,2.0,3,2,2026-06-18T19:07:10+00:00,2.0,2026-06-18T19:07:10+00:00,0.0,0.0,OK
Fort McMurray,Fort McMurray,2026-06-18 12:00,2.0,2.0,2,2,2026-06-18T19:07:10+00:00,2.0,2026-06-18T19:07:10+00:00,0.0,0.0,OK
Grande Prairie,Grande Prairie,2026-06-18 12:00,2.0,2.0,2,2,2026-06-18T19:07:10+00:00,2.0,2026-06-18T19:07:10+00:00,0.0,0.0,OK
Lethbridge,Lethbridge,2026-06-18 12:00,2.0,2.0,2,2,2026-06-18T19:07:10+00:00,2.0,2026-06-18T19:07:10+00:00,0.0,0.0,OK
Medicine Hat,Medicine Hat,2026-06-18 12:00,2.0,2.0,3,2,2026-06-18T19:07:10+00:00,2.0,2026-06-18T19:07:10+00:00,0.0,0.0,OK
Airdrie,Airdrie,2026-06-18 12:00,2.0,2.0,2,2,2026-06-18T19:07:10+00:00,2.0,2026-06-18T19:07:10+00:00,0.0,0.0,OK
Cold Lake,Cold Lake,2026-06-18 12:00,2.0,2.0,2,2,2026-06-18T19:07:10+00:00,2.0,2026-06-18T19:07:10+00:00,0.0,0.0,OK
Drayton Valley,Drayton Valley,2026-06-18 12:00,2.0,2.0,2,2,2026-06-18T19:07:10+00:00,2.0,2026-06-18T19:07:10+00:00,0.0,0.0,OK
St. Albert,St. Albert,2026-06-18 12:00,2.0,2.0,3,2,2026-06-18T19:07:10+00:00,2.0,2026-06-18T19:07:10+00:00,0.0,0.0,OK
Strathcona County,Sherwood Park,2026-06-18 12:00,2.0,2.0,3,2,2026-06-18T19:07:10+00:00,,,,,OK
Edmonton,Edmonton,2026-06-18 13:00,2.0,2.0,3,2,2026-06-18T20:01:00+00:00,2.0,2026-06-18T20:01:00+00:00,0.0,0.0,OK
Calgary,Calgary,2026-06-18 13:00,2.0,2.0,2,2,2026-06-18T20:01:00+00:00,2.0,2026-06-18T20:01:00+00:00,0.0,0.0,OK
Red Deer,Red Deer,2026-06-18 13:00,2.0,2.0,3,2,2026-06-18T20:01:00+00:00,2.0,2026-06-18T20:01:00+00:00,0.0,0.0,OK
Fort McMurray,Fort McMurray,2026-06-18 13:00,2.0,2.0,2,2,2026-06-18T20:01:00+00:00,2.0,2026-06-18T20:01:00+00:00,0.0,0.0,OK
Grande Prairie,Grande Prairie,2026-06-18 13:00,2.0,2.0,2,2,2026-06-18T20:01:00+00:00,2.0,2026-06-18T20:01:00+00:00,0.0,0.0,OK
Lethbridge,Lethbridge,2026-06-18 13:00,2.0,2.0,2,2,2026-06-18T20:01:00+00:00,2.0,2026-06-18T20:01:00+00:00,0.0,0.0,OK
Medicine Hat,Medicine Hat,2026-06-18 13:00,2.0,2.0,3,2,2026-06-18T20:01:00+00:00,2.0,2026-06-18T20:01:00+00:00,0.0,0.0,OK
Airdrie,Airdrie,2026-06-18 13:00,2.0,2.0,2,2,2026-06-18T20:01:00+00:00,2.0,2026-06-18T20:01:00+00:00,0.0,0.0,OK
Cold Lake,Cold Lake,2026-06-18 13:00,2.0,2.0,2,2,2026-06-18T20:01:00+00:00,2.0,2026-06-18T20:01:00+00:00,0.0,0.0,OK
Drayton Valley,Drayton Valley,2026-06-18 13:00,2.0,2.0,2,2,2026-06-18T20:01:00+00:00,2.0,2026-06-18T20:01:00+00:00,0.0,0.0,OK
St. Albert,St. Albert,2026-06-18 13:00,2.0,2.0,3,2,2026-06-18T20:01:00+00:00,2.0,2026-06-18T20:01:00+00:00,0.0,0.0,OK
Strathcona County,Sherwood Park,2026-06-18 13:00,2.0,2.0,3,2,2026-06-18T20:01:00+00:00,,,,,OK
Edmonton,Edmonton,2026-06-18 14:00,2.0,2.0,3,2,2026-06-18T21:08:28+00:00,2.0,2026-06-18T21:08:28+00:00,0.0,0.0,OK
Calgary,Calgary,2026-06-18 14:00,2.0,2.0,2,2,2026-06-18T21:08:28+00:00,2.0,2026-06-18T21:08:28+00:00,0.0,0.0,OK
Red Deer,Red Deer,2026-06-18 14:00,2.0,2.0,3,2,2026-06-18T21:08:28+00:00,2.0,2026-06-18T21:08:28+00:00,0.0,0.0,OK
Fort McMurray,Fort McMurray,2026-06-18 14:00,2.0,2.0,2,2,2026-06-18T21:08:28+00:00,2.0,2026-06-18T21:08:28+00:00,0.0,0.0,OK
Grande Prairie,Grande Prairie,2026-06-18 14:00,2.0,2.0,2,2,2026-06-18T21:08:28+00:00,2.0,2026-06-18T21:08:28+00:00,0.0,0.0,OK
Lethbridge,Lethbridge,2026-06-18 14:00,2.0,2.0,2,2,2026-06-18T21:08:28+00:00,2.0,2026-06-18T21:08:28+00:00,0.0,0.0,OK
Medicine Hat,Medicine Hat,2026-06-18 14:00,2.0,2.0,3,2,2026-06-18T21:08:28+00:00,2.0,2026-06-18T21:08:28+00:00,0.0,0.0,OK
Airdrie,Airdrie,2026-06-18 14:00,2.0,2.0,2,2,2026-06-18T21:08:28+00:00,2.0,2026-06-18T21:08:28+00:00,0.0,0.0,OK
Cold Lake,Cold Lake,2026-06-18 14:00,2.0,2.0,2,2,2026-06-18T21:08:28+00:00,2.0,2026-06-18T21:08:28+00:00,0.0,0.0,OK
Drayton Valley,Drayton Valley,2026-06-18 14:00,2.0,2.0,2,2,2026-06-18T21:08:28+00:00,2.0,2026-06-18T21:08:28+00:00,0.0,0.0,OK
St. Albert,St. Albert,2026-06-18 14:00,2.0,2.0,3,2,2026-06-18T21:08:28+00:00,2.0,2026-06-18T21:08:28+00:00,0.0,0.0,OK
Strathcona County,Sherwood Park,2026-06-18 14:00,2.0,2.0,3,2,2026-06-18T21:08:28+00:00,,,,,OK
Edmonton,Edmonton,2026-06-18 15:00,2.0,2.0,3,2,2026-06-18T21:58:29+00:00,2.0,2026-06-18T21:58:29+00:00,0.0,0.0,OK
Calgary,Calgary,2026-06-18 15:00,2.0,2.0,2,2,2026-06-18T21:58:29+00:00,2.0,2026-06-18T21:58:29+00:00,0.0,0.0,OK
Red Deer,Red Deer,2026-06-18 15:00,2.0,2.0,3,2,2026-06-18T21:58:29+00:00,2.0,2026-06-18T21:58:29+00:00,0.0,0.0,OK
Fort McMurray,Fort McMurray,2026-06-18 15:00,2.0,2.0,2,2,2026-06-18T21:58:29+00:00,2.0,2026-06-18T21:58:29+00:00,0.0,0.0,OK
Grande Prairie,Grande Prairie,2026-06-18 15:00,2.0,2.0,2,2,2026-06-18T21:58:29+00:00,2.0,2026-06-18T21:58:29+00:00,0.0,0.0,OK
Lethbridge,Lethbridge,2026-06-18 14:00,2.0,2.0,2,2,2026-06-18T21:58:29+00:00,2.0,2026-06-18T21:58:29+00:00,0.0,0.0,OK
Medicine Hat,Medicine Hat,2026-06-18 15:00,2.0,2.0,3,2,2026-06-18T21:58:29+00:00,2.0,2026-06-18T21:58:29+00:00,0.0,0.0,OK
Airdrie,Airdrie,2026-06-18 15:00,2.0,2.0,2,2,2026-06-18T21:58:29+00:00,2.0,2026-06-18T21:58:29+00:00,0.0,0.0,OK
Cold Lake,Cold Lake,2026-06-18 15:00,2.0,2.0,2,2,2026-06-18T21:58:29+00:00,2.0,2026-06-18T21:58:29+00:00,0.0,0.0,OK
Drayton Valley,Drayton Valley,2026-06-18 15:00,2.0,2.0,2,2,2026-06-18T21:58:29+00:00,2.0,2026-06-18T21:58:29+00:00,0.0,0.0,OK
St. Albert,St. Albert,2026-06-18 15:00,2.0,2.0,3,2,2026-06-18T21:58:29+00:00,2.0,2026-06-18T21:58:29+00:00,0.0,0.0,OK
Strathcona County,Sherwood Park,2026-06-18 15:00,2.0,2.0,3,2,2026-06-18T21:58:29+00:00,,,,,OK
Edmonton,Edmonton,2026-06-18 16:00,2.0,2.0,3,2,2026-06-18T22:56:39+00:00,2.0,2026-06-18T22:56:40+00:00,0.0,0.0,OK
Calgary,Calgary,2026-06-18 16:00,2.0,2.0,2,2,2026-06-18T22:56:39+00:00,2.0,2026-06-18T22:56:40+00:00,0.0,0.0,OK
Red Deer,Red Deer,2026-06-18 16:00,2.0,2.0,3,2,2026-06-18T22:56:39+00:00,2.0,2026-06-18T22:56:40+00:00,0.0,0.0,OK
Fort McMurray,Fort McMurray,2026-06-18 16:00,2.0,2.0,2,2,2026-06-18T22:56:39+00:00,2.0,2026-06-18T22:56:40+00:00,0.0,0.0,OK
Grande Prairie,Grande Prairie,2026-06-18 16:00,2.0,2.0,2,2,2026-06-18T22:56:39+00:00,2.0,2026-06-18T22:56:40+00:00,0.0,0.0,OK
Lethbridge,Lethbridge,2026-06-18 15:00,2.0,2.0,2,2,2026-06-18T22:56:39+00:00,2.0,2026-06-18T22:56:40+00:00,0.0,0.0,OK
Medicine Hat,Medicine Hat,2026-06-18 16:00,2.0,2.0,3,2,2026-06-18T22:56:39+00:00,2.0,2026-06-18T22:56:40+00:00,0.0,0.0,OK
Airdrie,Airdrie,2026-06-18 16:00,2.0,2.0,2,2,2026-06-18T22:56:39+00:00,2.0,2026-06-18T22:56:40+00:00,0.0,0.0,OK
Cold Lake,Cold Lake,2026-06-18 16:00,2.0,2.0,2,2,2026-06-18T22:56:39+00:00,2.0,2026-06-18T22:56:40+00:00,0.0,0.0,OK
Drayton Valley,Drayton Valley,2026-06-18 16:00,2.0,2.0,2,2,2026-06-18T22:56:39+00:00,2.0,2026-06-18T22:56:40+00:00,0.0,0.0,OK
St. Albert,St. Albert,2026-06-18 16:00,2.0,2.0,3,2,2026-06-18T22:56:39+00:00,2.0,2026-06-18T22:56:40+00:00,0.0,0.0,OK
Strathcona County,Sherwood Park,2026-06-18 16:00,2.0,2.0,3,2,2026-06-18T22:56:39+00:00,,,,,OK
Edmonton,Edmonton,2026-06-18 17:00,2.0,,3,2,2026-06-18T23:54:39+00:00,2.0,2026-06-18T23:54:39+00:00,0.0,0.0,OK
Calgary,Calgary,2026-06-18 17:00,2.0,,3,3,2026-06-18T23:54:39+00:00,2.0,2026-06-18T23:54:39+00:00,0.0,0.0,OK
Red Deer,Red Deer,2026-06-18 17:00,3.0,,3,3,2026-06-18T23:54:39+00:00,3.0,2026-06-18T23:54:39+00:00,0.0,0.0,OK
Fort McMurray,Fort McMurray,2026-06-18 17:00,2.0,,2,2,2026-06-18T23:54:39+00:00,2.0,2026-06-18T23:54:39+00:00,0.0,0.0,OK
Grande Prairie,Grande Prairie,2026-06-18 17:00,2.0,,2,2,2026-06-18T23:54:39+00:00,2.0,2026-06-18T23:54:39+00:00,0.0,0.0,OK
Lethbridge,Lethbridge,2026-06-18 17:00,2.0,,2,2,2026-06-18T23:54:39+00:00,2.0,2026-06-18T23:54:39+00:00,0.0,0.0,OK
Medicine Hat,Medicine Hat,2026-06-18 17:00,3.0,,3,2,2026-06-18T23:54:39+00:00,3.0,2026-06-18T23:54:39+00:00,0.0,0.0,OK
Airdrie,Airdrie,2026-06-18 17:00,2.0,,3,3,2026-06-18T23:54:39+00:00,2.0,2026-06-18T23:54:39+00:00,0.0,0.0,OK
Cold Lake,Cold Lake,2026-06-18 17:00,2.0,,2,2,2026-06-18T23:54:39+00:00,2.0,2026-06-18T23:54:39+00:00,0.0,0.0,OK
Drayton Valley,Drayton Valley,2026-06-18 17:00,2.0,,3,2,2026-06-18T23:54:39+00:00,2.0,2026-06-18T23:54:39+00:00,0.0,0.0,OK
St. Albert,St. Albert,2026-06-18 17:00,2.0,,3,2,2026-06-18T23:54:39+00:00,2.0,2026-06-18T23:54:39+00:00,0.0,0.0,OK
Strathcona County,Sherwood Park,2026-06-18 17:00,2.0,,3,2,2026-06-18T23:54:39+00:00,,,,,OK
Edmonton,Edmonton,2026-06-18 18:00,2.0,,3,2,2026-06-19T01:33:56+00:00,2.0,2026-06-19T01:33:56+00:00,0.0,0.0,OK
Calgary,Calgary,2026-06-18 18:00,2.0,,3,3,2026-06-19T01:33:56+00:00,2.0,2026-06-19T01:33:56+00:00,0.0,0.0,OK
Red Deer,Red Deer,2026-06-18 18:00,3.0,,3,3,2026-06-19T01:33:56+00:00,2.0,2026-06-19T01:33:56+00:00,1.0,1.0,Minor difference
Fort McMurray,Fort McMurray,2026-06-18 18:00,2.0,,2,2,2026-06-19T01:33:56+00:00,2.0,2026-06-19T01:33:56+00:00,0.0,0.0,OK
Grande Prairie,Grande Prairie,2026-06-18 18:00,2.0,,2,2,2026-06-19T01:33:56+00:00,2.0,2026-06-19T01:33:56+00:00,0.0,0.0,OK
Lethbridge,Lethbridge,2026-06-18 19:00,2.0,,2,2,2026-06-19T01:33:56+00:00,2.0,2026-06-19T01:33:56+00:00,0.0,0.0,OK
Medicine Hat,Medicine Hat,2026-06-18 18:00,3.0,,3,2,2026-06-19T01:33:56+00:00,3.0,2026-06-19T01:33:56+00:00,0.0,0.0,OK
Airdrie,Airdrie,2026-06-18 18:00,2.0,,3,3,2026-06-19T01:33:56+00:00,2.0,2026-06-19T01:33:56+00:00,0.0,0.0,OK
Cold Lake,Cold Lake,2026-06-18 18:00,2.0,,2,2,2026-06-19T01:33:56+00:00,1.0,2026-06-19T01:33:56+00:00,1.0,1.0,Minor difference
Drayton Valley,Drayton Valley,2026-06-18 18:00,2.0,,3,2,2026-06-19T01:33:56+00:00,2.0,2026-06-19T01:33:56+00:00,0.0,0.0,OK
St. Albert,St. Albert,2026-06-18 18:00,2.0,,3,2,2026-06-19T01:33:56+00:00,2.0,2026-06-19T01:33:56+00:00,0.0,0.0,OK
Strathcona County,Sherwood Park,2026-06-18 19:00,2.0,,3,2,2026-06-19T01:33:56+00:00,,,,,OK
Edmonton,Edmonton,2026-06-18 21:00,2.0,,3,2,2026-06-19T03:28:36+00:00,2.0,2026-06-19T03:28:37+00:00,0.0,0.0,OK
Calgary,Calgary,2026-06-18 20:00,2.0,,3,3,2026-06-19T03:28:36+00:00,2.0,2026-06-19T03:28:37+00:00,0.0,0.0,OK
Red Deer,Red Deer,2026-06-18 20:00,2.0,,3,3,2026-06-19T03:28:36+00:00,2.0,2026-06-19T03:28:37+00:00,0.0,0.0,OK
Fort McMurray,Fort McMurray,2026-06-18 20:00,2.0,,2,2,2026-06-19T03:28:36+00:00,2.0,2026-06-19T03:28:37+00:00,0.0,0.0,OK
Grande Prairie,Grande Prairie,2026-06-18 20:00,2.0,,2,2,2026-06-19T03:28:36+00:00,2.0,2026-06-19T03:28:37+00:00,0.0,0.0,OK
Lethbridge,Lethbridge,2026-06-18 21:00,2.0,,2,2,2026-06-19T03:28:36+00:00,2.0,2026-06-19T03:28:37+00:00,0.0,0.0,OK
Medicine Hat,Medicine Hat,2026-06-18 20:00,3.0,,3,2,2026-06-19T03:28:36+00:00,3.0,2026-06-19T03:28:37+00:00,0.0,0.0,OK
Airdrie,Airdrie,2026-06-18 20:00,2.0,,3,3,2026-06-19T03:28:36+00:00,2.0,2026-06-19T03:28:37+00:00,0.0,0.0,OK
Cold Lake,Cold Lake,2026-06-18 21:00,2.0,,2,2,2026-06-19T03:28:36+00:00,2.0,2026-06-19T03:28:37+00:00,0.0,0.0,OK
Drayton Valley,Drayton Valley,2026-06-18 21:00,2.0,,3,2,2026-06-19T03:28:36+00:00,2.0,2026-06-19T03:28:37+00:00,0.0,0.0,OK
St. Albert,St. Albert,2026-06-18 21:00,2.0,,3,2,2026-06-19T03:28:36+00:00,2.0,2026-06-19T03:28:37+00:00,0.0,0.0,OK
Strathcona County,Sherwood Park,2026-06-18 21:00,2.0,,3,2,2026-06-19T03:28:36+00:00,,,,,OK
Edmonton,Edmonton,2026-06-18 22:00,2.0,,3,2,2026-06-19T06:01:41+00:00,2.0,2026-06-19T06:01:41+00:00,0.0,0.0,OK
Calgary,Calgary,2026-06-18 22:00,3.0,,3,3,2026-06-19T06:01:41+00:00,2.0,2026-06-19T06:01:41+00:00,1.0,1.0,Minor difference
Red Deer,Red Deer,2026-06-18 22:00,2.0,,3,3,2026-06-19T06:01:41+00:00,2.0,2026-06-19T06:01:41+00:00,0.0,0.0,OK
Fort McMurray,Fort McMurray,2026-06-18 22:00,2.0,,2,2,2026-06-19T06:01:41+00:00,2.0,2026-06-19T06:01:41+00:00,0.0,0.0,OK
Grande Prairie,Grande Prairie,2026-06-18 22:00,2.0,,2,2,2026-06-19T06:01:41+00:00,2.0,2026-06-19T06:01:41+00:00,0.0,0.0,OK
Lethbridge,Lethbridge,2026-06-18 23:00,2.0,,2,2,2026-06-19T06:01:41+00:00,2.0,2026-06-19T06:01:41+00:00,0.0,0.0,OK
Medicine Hat,Medicine Hat,2026-06-18 22:00,2.0,,3,2,2026-06-19T06:01:41+00:00,2.0,2026-06-19T06:01:41+00:00,0.0,0.0,OK
Airdrie,Airdrie,2026-06-18 22:00,2.0,,3,3,2026-06-19T06:01:41+00:00,2.0,2026-06-19T06:01:41+00:00,0.0,0.0,OK
Cold Lake,Cold Lake,2026-06-18 23:00,1.0,,2,2,2026-06-19T06:01:41+00:00,1.0,2026-06-19T06:01:41+00:00,0.0,0.0,OK
Drayton Valley,Drayton Valley,2026-06-18 22:00,2.0,,3,2,2026-06-19T06:01:41+00:00,2.0,2026-06-19T06:01:41+00:00,0.0,0.0,OK
St. Albert,St. Albert,2026-06-18 22:00,2.0,,3,2,2026-06-19T06:01:41+00:00,2.0,2026-06-19T06:01:41+00:00,0.0,0.0,OK
Strathcona County,Sherwood Park,2026-06-18 23:00,2.0,,3,2,2026-06-19T06:01:41+00:00,,,,,OK
Edmonton,Edmonton,2026-06-19 01:00,2.0,,3,2,2026-06-19T08:15:02+00:00,2.0,2026-06-19T08:15:02+00:00,0.0,0.0,OK
Calgary,Calgary,2026-06-19 01:00,2.0,,3,3,2026-06-19T08:15:02+00:00,2.0,2026-06-19T08:15:02+00:00,0.0,0.0,OK
Red Deer,Red Deer,2026-06-19 01:00,2.0,,3,3,2026-06-19T08:15:02+00:00,2.0,2026-06-19T08:15:02+00:00,0.0,0.0,OK
Fort McMurray,Fort McMurray,2026-06-19 01:00,1.0,,2,2,2026-06-19T08:15:02+00:00,1.0,2026-06-19T08:15:02+00:00,0.0,0.0,OK
Grande Prairie,Grande Prairie,2026-06-19 01:00,2.0,,2,2,2026-06-19T08:15:02+00:00,2.0,2026-06-19T08:15:02+00:00,0.0,0.0,OK
Lethbridge,Lethbridge,2026-06-19 01:00,2.0,,2,2,2026-06-19T08:15:02+00:00,2.0,2026-06-19T08:15:02+00:00,0.0,0.0,OK
Medicine Hat,Medicine Hat,2026-06-19 01:00,2.0,,3,2,2026-06-19T08:15:02+00:00,2.0,2026-06-19T08:15:02+00:00,0.0,0.0,OK
Airdrie,Airdrie,2026-06-19 01:00,2.0,,3,3,2026-06-19T08:15:02+00:00,2.0,2026-06-19T08:15:02+00:00,0.0,0.0,OK
Cold Lake,Cold Lake,2026-06-19 01:00,1.0,,2,2,2026-06-19T08:15:02+00:00,1.0,2026-06-19T08:15:02+00:00,0.0,0.0,OK
Drayton Valley,Drayton Valley,2026-06-19 01:00,2.0,,3,2,2026-06-19T08:15:02+00:00,2.0,2026-06-19T08:15:02+00:00,0.0,0.0,OK
St. Albert,St. Albert,2026-06-19 01:00,2.0,,3,2,2026-06-19T08:15:02+00:00,2.0,2026-06-19T08:15:02+00:00,0.0,0.0,OK
Strathcona County,Sherwood Park,2026-06-19 01:00,1.0,,3,2,2026-06-19T08:15:02+00:00,,,,,OK
Edmonton,Edmonton,2026-06-19 03:00,2.0,,3,2,2026-06-19T09:54:50+00:00,2.0,2026-06-19T09:54:51+00:00,0.0,0.0,OK
Calgary,Calgary,2026-06-19 03:00,2.0,,3,3,2026-06-19T09:54:50+00:00,2.0,2026-06-19T09:54:51+00:00,0.0,0.0,OK
Red Deer,Red Deer,2026-06-19 02:00,1.0,,3,3,2026-06-19T09:54:50+00:00,1.0,2026-06-19T09:54:51+00:00,0.0,0.0,OK
Fort McMurray,Fort McMurray,2026-06-19 03:00,1.0,,2,2,2026-06-19T09:54:50+00:00,1.0,2026-06-19T09:54:51+00:00,0.0,0.0,OK
Grande Prairie,Grande Prairie,2026-06-19 03:00,1.0,,2,2,2026-06-19T09:54:50+00:00,2.0,2026-06-19T09:54:51+00:00,-1.0,1.0,Minor difference
Lethbridge,Lethbridge,2026-06-19 03:00,2.0,,2,2,2026-06-19T09:54:50+00:00,2.0,2026-06-19T09:54:51+00:00,0.0,0.0,OK
Medicine Hat,Medicine Hat,2026-06-19 03:00,2.0,,3,2,2026-06-19T09:54:50+00:00,2.0,2026-06-19T09:54:51+00:00,0.0,0.0,OK
Airdrie,Airdrie,2026-06-19 03:00,2.0,,3,3,2026-06-19T09:54:50+00:00,2.0,2026-06-19T09:54:51+00:00,0.0,0.0,OK
Cold Lake,Cold Lake,2026-06-19 03:00,1.0,,2,2,2026-06-19T09:54:50+00:00,1.0,2026-06-19T09:54:51+00:00,0.0,0.0,OK
Drayton Valley,Drayton Valley,2026-06-19 03:00,2.0,,3,2,2026-06-19T09:54:50+00:00,2.0,2026-06-19T09:54:51+00:00,0.0,0.0,OK
St. Albert,St. Albert,2026-06-19 03:00,2.0,,3,2,2026-06-19T09:54:50+00:00,2.0,2026-06-19T09:54:51+00:00,0.0,0.0,OK
Strathcona County,Sherwood Park,2026-06-19 02:00,1.0,,3,2,2026-06-19T09:54:50+00:00,,,,,OK
Edmonton,Edmonton,2026-06-19 05:00,2.0,,3,2,2026-06-19T11:44:25+00:00,2.0,2026-06-19T11:44:25+00:00,0.0,0.0,OK
Calgary,Calgary,2026-06-19 04:00,2.0,,3,3,2026-06-19T11:44:25+00:00,2.0,2026-06-19T11:44:25+00:00,0.0,0.0,OK
Red Deer,Red Deer,2026-06-19 05:00,2.0,,3,3,2026-06-19T11:44:25+00:00,2.0,2026-06-19T11:44:25+00:00,0.0,0.0,OK
Fort McMurray,Fort McMurray,2026-06-19 05:00,1.0,,2,2,2026-06-19T11:44:25+00:00,1.0,2026-06-19T11:44:25+00:00,0.0,0.0,OK
Grande Prairie,Grande Prairie,2026-06-19 05:00,1.0,,2,2,2026-06-19T11:44:25+00:00,2.0,2026-06-19T11:44:25+00:00,-1.0,1.0,Minor difference
Lethbridge,Lethbridge,2026-06-19 03:00,2.0,,2,2,2026-06-19T11:44:25+00:00,1.0,2026-06-19T11:44:25+00:00,1.0,1.0,Minor difference
Medicine Hat,Medicine Hat,2026-06-19 04:00,2.0,,3,2,2026-06-19T11:44:25+00:00,2.0,2026-06-19T11:44:25+00:00,0.0,0.0,OK
Airdrie,Airdrie,2026-06-19 04:00,2.0,,3,3,2026-06-19T11:44:25+00:00,2.0,2026-06-19T11:44:25+00:00,0.0,0.0,OK
Cold Lake,Cold Lake,2026-06-19 05:00,1.0,,2,2,2026-06-19T11:44:25+00:00,1.0,2026-06-19T11:44:25+00:00,0.0,0.0,OK
Drayton Valley,Drayton Valley,2026-06-19 04:00,2.0,,3,2,2026-06-19T11:44:25+00:00,2.0,2026-06-19T11:44:25+00:00,0.0,0.0,OK
St. Albert,St. Albert,2026-06-19 04:00,2.0,,3,2,2026-06-19T11:44:25+00:00,1.0,2026-06-19T11:44:25+00:00,1.0,1.0,Minor difference
Strathcona County,Sherwood Park,2026-06-19 05:00,1.0,,3,2,2026-06-19T11:44:25+00:00,,,,,OK
Edmonton,Edmonton,2026-06-19 06:00,2.0,3.0,2,3,2026-06-19T13:28:43+00:00,2.0,2026-06-19T13:28:43+00:00,0.0,0.0,OK
Calgary,Calgary,2026-06-19 06:00,1.0,3.0,3,3,2026-06-19T13:28:43+00:00,2.0,2026-06-19T13:28:43+00:00,-1.0,1.0,Minor difference
Red Deer,Red Deer,2026-06-19 06:00,1.0,3.0,2,3,2026-06-19T13:28:43+00:00,1.0,2026-06-19T13:28:43+00:00,0.0,0.0,OK
Fort McMurray,Fort McMurray,2026-06-19 06:00,1.0,2.0,2,2,2026-06-19T13:28:43+00:00,1.0,2026-06-19T13:28:43+00:00,0.0,0.0,OK
Grande Prairie,Grande Prairie,2026-06-19 06:00,1.0,2.0,2,2,2026-06-19T13:28:43+00:00,2.0,2026-06-19T13:28:43+00:00,-1.0,1.0,Minor difference
Lethbridge,Lethbridge,2026-06-19 07:00,1.0,3.0,2,3,2026-06-19T13:28:43+00:00,1.0,2026-06-19T13:28:43+00:00,0.0,0.0,OK
Medicine Hat,Medicine Hat,2026-06-19 06:00,2.0,3.0,3,3,2026-06-19T13:28:43+00:00,2.0,2026-06-19T13:28:43+00:00,0.0,0.0,OK
Airdrie,Airdrie,2026-06-19 06:00,1.0,3.0,3,3,2026-06-19T13:28:43+00:00,1.0,2026-06-19T13:28:43+00:00,0.0,0.0,OK
Cold Lake,Cold Lake,2026-06-19 07:00,1.0,2.0,2,2,2026-06-19T13:28:43+00:00,1.0,2026-06-19T13:28:43+00:00,0.0,0.0,OK
Drayton Valley,Drayton Valley,2026-06-19 06:00,2.0,2.0,2,2,2026-06-19T13:28:43+00:00,2.0,2026-06-19T13:28:43+00:00,0.0,0.0,OK
St. Albert,St. Albert,2026-06-19 06:00,1.0,3.0,2,3,2026-06-19T13:28:43+00:00,1.0,2026-06-19T13:28:43+00:00,0.0,0.0,OK
Strathcona County,Sherwood Park,2026-06-19 07:00,1.0,3.0,2,3,2026-06-19T13:28:43+00:00,,,,,OK
Edmonton,Edmonton,2026-06-19 08:00,2.0,3.0,2,3,2026-06-19T15:26:26+00:00,2.0,2026-06-19T15:26:26+00:00,0.0,0.0,OK
Calgary,Calgary,2026-06-19 08:00,1.0,3.0,3,3,2026-06-19T15:26:26+00:00,1.0,2026-06-19T15:26:26+00:00,0.0,0.0,OK
Red Deer,Red Deer,2026-06-19 08:00,2.0,3.0,2,3,2026-06-19T15:26:26+00:00,2.0,2026-06-19T15:26:26+00:00,0.0,0.0,OK
Fort McMurray,Fort McMurray,2026-06-19 08:00,1.0,2.0,2,2,2026-06-19T15:26:26+00:00,1.0,2026-06-19T15:26:26+00:00,0.0,0.0,OK
Grande Prairie,Grande Prairie,2026-06-19 08:00,2.0,2.0,2,2,2026-06-19T15:26:26+00:00,1.0,2026-06-19T15:26:26+00:00,1.0,1.0,Minor difference
Lethbridge,Lethbridge,2026-06-19 09:00,2.0,3.0,2,3,2026-06-19T15:26:26+00:00,2.0,2026-06-19T15:26:26+00:00,0.0,0.0,OK
Medicine Hat,Medicine Hat,2026-06-19 08:00,1.0,3.0,3,3,2026-06-19T15:26:26+00:00,1.0,2026-06-19T15:26:26+00:00,0.0,0.0,OK
Airdrie,Airdrie,2026-06-19 08:00,1.0,3.0,3,3,2026-06-19T15:26:26+00:00,1.0,2026-06-19T15:26:26+00:00,0.0,0.0,OK
Cold Lake,Cold Lake,2026-06-19 09:00,1.0,2.0,2,2,2026-06-19T15:26:26+00:00,1.0,2026-06-19T15:26:26+00:00,0.0,0.0,OK
Drayton Valley,Drayton Valley,2026-06-19 08:00,2.0,2.0,2,2,2026-06-19T15:26:26+00:00,2.0,2026-06-19T15:26:26+00:00,0.0,0.0,OK
St. Albert,St. Albert,2026-06-19 08:00,1.0,3.0,2,3,2026-06-19T15:26:26+00:00,1.0,2026-06-19T15:26:26+00:00,0.0,0.0,OK
Strathcona County,Sherwood Park,2026-06-19 09:00,2.0,3.0,2,3,2026-06-19T15:26:26+00:00,,,,,OK
Edmonton,Edmonton,2026-06-19 10:00,2.0,3.0,2,3,2026-06-19T17:04:46+00:00,2.0,2026-06-19T17:04:46+00:00,0.0,0.0,OK
Calgary,Calgary,2026-06-19 10:00,2.0,3.0,3,3,2026-06-19T17:04:46+00:00,2.0,2026-06-19T17:04:46+00:00,0.0,0.0,OK
Red Deer,Red Deer,2026-06-19 10:00,2.0,3.0,2,3,2026-06-19T17:04:46+00:00,2.0,2026-06-19T17:04:46+00:00,0.0,0.0,OK
Fort McMurray,Fort McMurray,2026-06-19 10:00,1.0,2.0,2,2,2026-06-19T17:04:46+00:00,1.0,2026-06-19T17:04:46+00:00,0.0,0.0,OK
Grande Prairie,Grande Prairie,2026-06-19 10:00,2.0,2.0,2,2,2026-06-19T17:04:46+00:00,1.0,2026-06-19T17:04:46+00:00,1.0,1.0,Minor difference
Lethbridge,Lethbridge,2026-06-19 10:00,2.0,3.0,2,3,2026-06-19T17:04:46+00:00,2.0,2026-06-19T17:04:46+00:00,0.0,0.0,OK
Medicine Hat,Medicine Hat,2026-06-19 10:00,2.0,3.0,3,3,2026-06-19T17:04:46+00:00,2.0,2026-06-19T17:04:46+00:00,0.0,0.0,OK
Airdrie,Airdrie,2026-06-19 10:00,2.0,3.0,3,3,2026-06-19T17:04:46+00:00,2.0,2026-06-19T17:04:46+00:00,0.0,0.0,OK
Cold Lake,Cold Lake,2026-06-19 10:00,1.0,2.0,2,2,2026-06-19T17:04:46+00:00,1.0,2026-06-19T17:04:46+00:00,0.0,0.0,OK
Drayton Valley,Drayton Valley,2026-06-19 10:00,2.0,2.0,2,2,2026-06-19T17:04:46+00:00,2.0,2026-06-19T17:04:46+00:00,0.0,0.0,OK
St. Albert,St. Albert,2026-06-19 10:00,2.0,3.0,2,3,2026-06-19T17:04:46+00:00,2.0,2026-06-19T17:04:46+00:00,0.0,0.0,OK
Strathcona County,Sherwood Park,2026-06-19 10:00,2.0,3.0,2,3,2026-06-19T17:04:46+00:00,,,,,OK
Edmonton,Edmonton,2026-06-19 11:00,2.0,3.0,2,3,2026-06-19T17:56:55+00:00,2.0,2026-06-19T17:56:55+00:00,0.0,0.0,OK
Calgary,Calgary,2026-06-19 11:00,2.0,3.0,3,3,2026-06-19T17:56:55+00:00,2.0,2026-06-19T17:56:55+00:00,0.0,0.0,OK
Red Deer,Red Deer,2026-06-19 11:00,2.0,3.0,2,3,2026-06-19T17:56:55+00:00,2.0,2026-06-19T17:56:55+00:00,0.0,0.0,OK
Fort McMurray,Fort McMurray,2026-06-19 11:00,1.0,2.0,2,2,2026-06-19T17:56:55+00:00,1.0,2026-06-19T17:56:55+00:00,0.0,0.0,OK
Grande Prairie,Grande Prairie,2026-06-19 11:00,2.0,2.0,2,2,2026-06-19T17:56:55+00:00,2.0,2026-06-19T17:56:55+00:00,0.0,0.0,OK
Lethbridge,Lethbridge,2026-06-19 11:00,2.0,3.0,2,3,2026-06-19T17:56:55+00:00,2.0,2026-06-19T17:56:55+00:00,0.0,0.0,OK
Medicine Hat,Medicine Hat,2026-06-19 11:00,2.0,3.0,3,3,2026-06-19T17:56:55+00:00,2.0,2026-06-19T17:56:55+00:00,0.0,0.0,OK
Airdrie,Airdrie,2026-06-19 11:00,2.0,3.0,3,3,2026-06-19T17:56:55+00:00,2.0,2026-06-19T17:56:55+00:00,0.0,0.0,OK
Cold Lake,Cold Lake,2026-06-19 11:00,1.0,2.0,2,2,2026-06-19T17:56:55+00:00,1.0,2026-06-19T17:56:55+00:00,0.0,0.0,OK
Drayton Valley,Drayton Valley,2026-06-19 11:00,2.0,2.0,2,2,2026-06-19T17:56:55+00:00,2.0,2026-06-19T17:56:55+00:00,0.0,0.0,OK
St. Albert,St. Albert,2026-06-19 11:00,2.0,3.0,2,3,2026-06-19T17:56:55+00:00,2.0,2026-06-19T17:56:55+00:00,0.0,0.0,OK
Strathcona County,Sherwood Park,2026-06-19 11:00,2.0,3.0,2,3,2026-06-19T17:56:55+00:00,,,,,OK
Edmonton,Edmonton,2026-06-19 12:00,2.0,3.0,2,3,2026-06-19T18:56:44+00:00,2.0,2026-06-19T18:56:44+00:00,0.0,0.0,OK
Calgary,Calgary,2026-06-19 12:00,2.0,3.0,3,3,2026-06-19T18:56:44+00:00,2.0,2026-06-19T18:56:44+00:00,0.0,0.0,OK
Red Deer,Red Deer,2026-06-19 12:00,2.0,3.0,2,3,2026-06-19T18:56:44+00:00,2.0,2026-06-19T18:56:44+00:00,0.0,0.0,OK
Fort McMurray,Fort McMurray,2026-06-19 12:00,2.0,2.0,2,2,2026-06-19T18:56:44+00:00,2.0,2026-06-19T18:56:44+00:00,0.0,0.0,OK
Grande Prairie,Grande Prairie,2026-06-19 12:00,2.0,2.0,2,2,2026-06-19T18:56:44+00:00,2.0,2026-06-19T18:56:44+00:00,0.0,0.0,OK
Lethbridge,Lethbridge,2026-06-19 12:00,2.0,3.0,2,3,2026-06-19T18:56:44+00:00,2.0,2026-06-19T18:56:44+00:00,0.0,0.0,OK
Medicine Hat,Medicine Hat,2026-06-19 12:00,2.0,3.0,3,3,2026-06-19T18:56:44+00:00,2.0,2026-06-19T18:56:44+00:00,0.0,0.0,OK
Airdrie,Airdrie,2026-06-19 12:00,3.0,3.0,3,3,2026-06-19T18:56:44+00:00,3.0,2026-06-19T18:56:44+00:00,0.0,0.0,OK
Cold Lake,Cold Lake,2026-06-19 12:00,2.0,2.0,2,2,2026-06-19T18:56:44+00:00,2.0,2026-06-19T18:56:44+00:00,0.0,0.0,OK
Drayton Valley,Drayton Valley,2026-06-19 12:00,2.0,2.0,2,2,2026-06-19T18:56:44+00:00,2.0,2026-06-19T18:56:44+00:00,0.0,0.0,OK
St. Albert,St. Albert,2026-06-19 12:00,2.0,3.0,2,3,2026-06-19T18:56:44+00:00,2.0,2026-06-19T18:56:44+00:00,0.0,0.0,OK
Strathcona County,Sherwood Park,2026-06-19 12:00,2.0,3.0,2,3,2026-06-19T18:56:44+00:00,,,,,OK
Edmonton,Edmonton,2026-06-19 13:00,2.0,3.0,2,3,2026-06-19T19:55:42+00:00,2.0,2026-06-19T19:55:43+00:00,0.0,0.0,OK
Calgary,Calgary,2026-06-19 13:00,3.0,3.0,3,3,2026-06-19T19:55:42+00:00,3.0,2026-06-19T19:55:43+00:00,0.0,0.0,OK
Red Deer,Red Deer,2026-06-19 13:00,3.0,3.0,2,3,2026-06-19T19:55:42+00:00,3.0,2026-06-19T19:55:43+00:00,0.0,0.0,OK
Fort McMurray,Fort McMurray,2026-06-19 13:00,2.0,2.0,2,2,2026-06-19T19:55:42+00:00,2.0,2026-06-19T19:55:43+00:00,0.0,0.0,OK
Grande Prairie,Grande Prairie,2026-06-19 13:00,2.0,2.0,2,2,2026-06-19T19:55:42+00:00,2.0,2026-06-19T19:55:43+00:00,0.0,0.0,OK
Lethbridge,Lethbridge,2026-06-19 13:00,2.0,3.0,2,3,2026-06-19T19:55:42+00:00,2.0,2026-06-19T19:55:43+00:00,0.0,0.0,OK
Medicine Hat,Medicine Hat,2026-06-19 13:00,2.0,3.0,3,3,2026-06-19T19:55:42+00:00,2.0,2026-06-19T19:55:43+00:00,0.0,0.0,OK
Airdrie,Airdrie,2026-06-19 13:00,3.0,3.0,3,3,2026-06-19T19:55:42+00:00,3.0,2026-06-19T19:55:43+00:00,0.0,0.0,OK
Cold Lake,Cold Lake,2026-06-19 13:00,2.0,2.0,2,2,2026-06-19T19:55:42+00:00,2.0,2026-06-19T19:55:43+00:00,0.0,0.0,OK
Drayton Valley,Drayton Valley,2026-06-19 13:00,2.0,2.0,2,2,2026-06-19T19:55:42+00:00,2.0,2026-06-19T19:55:43+00:00,0.0,0.0,OK
St. Albert,St. Albert,2026-06-19 13:00,2.0,3.0,2,3,2026-06-19T19:55:42+00:00,2.0,2026-06-19T19:55:43+00:00,0.0,0.0,OK
Strathcona County,Sherwood Park,2026-06-19 13:00,2.0,3.0,2,3,2026-06-19T19:55:42+00:00,,,,,OK
Edmonton,Edmonton,2026-06-19 14:00,2.0,3.0,2,3,2026-06-19T20:48:05+00:00,2.0,2026-06-19T20:48:05+00:00,0.0,0.0,OK
Calgary,Calgary,2026-06-19 14:00,3.0,3.0,3,3,2026-06-19T20:48:05+00:00,3.0,2026-06-19T20:48:05+00:00,0.0,0.0,OK
Red Deer,Red Deer,2026-06-19 14:00,3.0,3.0,2,3,2026-06-19T20:48:05+00:00,3.0,2026-06-19T20:48:05+00:00,0.0,0.0,OK
Fort McMurray,Fort McMurray,2026-06-19 14:00,2.0,2.0,2,2,2026-06-19T20:48:05+00:00,2.0,2026-06-19T20:48:05+00:00,0.0,0.0,OK
Grande Prairie,Grande Prairie,2026-06-19 14:00,2.0,2.0,2,2,2026-06-19T20:48:05+00:00,2.0,2026-06-19T20:48:05+00:00,0.0,0.0,OK
Lethbridge,Lethbridge,2026-06-19 14:00,2.0,3.0,2,3,2026-06-19T20:48:05+00:00,2.0,2026-06-19T20:48:05+00:00,0.0,0.0,OK
Medicine Hat,Medicine Hat,2026-06-19 14:00,3.0,3.0,3,3,2026-06-19T20:48:05+00:00,3.0,2026-06-19T20:48:05+00:00,0.0,0.0,OK
Airdrie,Airdrie,2026-06-19 14:00,3.0,3.0,3,3,2026-06-19T20:48:05+00:00,3.0,2026-06-19T20:48:05+00:00,0.0,0.0,OK
Cold Lake,Cold Lake,2026-06-19 14:00,2.0,2.0,2,2,2026-06-19T20:48:05+00:00,2.0,2026-06-19T20:48:05+00:00,0.0,0.0,OK
Drayton Valley,Drayton Valley,2026-06-19 14:00,2.0,2.0,2,2,2026-06-19T20:48:05+00:00,2.0,2026-06-19T20:48:05+00:00,0.0,0.0,OK
St. Albert,St. Albert,2026-06-19 14:00,2.0,3.0,2,3,2026-06-19T20:48:05+00:00,2.0,2026-06-19T20:48:05+00:00,0.0,0.0,OK
Strathcona County,Sherwood Park,2026-06-19 14:00,2.0,3.0,2,3,2026-06-19T20:48:05+00:00,,,,,OK
Edmonton,Edmonton,2026-06-19 15:00,2.0,3.0,2,3,2026-06-19T21:42:52+00:00,2.0,2026-06-19T21:42:53+00:00,0.0,0.0,OK
Calgary,Calgary,2026-06-19 15:00,3.0,3.0,3,3,2026-06-19T21:42:52+00:00,3.0,2026-06-19T21:42:53+00:00,0.0,0.0,OK
Red Deer,Red Deer,2026-06-19 15:00,3.0,3.0,2,3,2026-06-19T21:42:52+00:00,3.0,2026-06-19T21:42:53+00:00,0.0,0.0,OK
Fort McMurray,Fort McMurray,2026-06-19 15:00,2.0,2.0,2,2,2026-06-19T21:42:52+00:00,2.0,2026-06-19T21:42:53+00:00,0.0,0.0,OK
Grande Prairie,Grande Prairie,2026-06-19 15:00,2.0,2.0,2,2,2026-06-19T21:42:52+00:00,2.0,2026-06-19T21:42:53+00:00,0.0,0.0,OK
Lethbridge,Lethbridge,2026-06-19 15:00,2.0,3.0,2,3,2026-06-19T21:42:52+00:00,2.0,2026-06-19T21:42:53+00:00,0.0,0.0,OK
Medicine Hat,Medicine Hat,2026-06-19 15:00,3.0,3.0,3,3,2026-06-19T21:42:52+00:00,3.0,2026-06-19T21:42:53+00:00,0.0,0.0,OK
Airdrie,Airdrie,2026-06-19 15:00,3.0,3.0,3,3,2026-06-19T21:42:52+00:00,3.0,2026-06-19T21:42:53+00:00,0.0,0.0,OK
Cold Lake,Cold Lake,2026-06-19 15:00,2.0,2.0,2,2,2026-06-19T21:42:52+00:00,2.0,2026-06-19T21:42:53+00:00,0.0,0.0,OK
Drayton Valley,Drayton Valley,2026-06-19 15:00,2.0,2.0,2,2,2026-06-19T21:42:52+00:00,2.0,2026-06-19T21:42:53+00:00,0.0,0.0,OK
St. Albert,St. Albert,2026-06-19 15:00,2.0,3.0,2,3,2026-06-19T21:42:52+00:00,2.0,2026-06-19T21:42:53+00:00,0.0,0.0,OK
Strathcona County,Sherwood Park,2026-06-19 15:00,3.0,3.0,2,3,2026-06-19T21:42:52+00:00,,,,,OK
Edmonton,Edmonton,2026-06-19 17:00,3.0,,2,3,2026-06-19T23:40:10+00:00,3.0,2026-06-19T23:40:11+00:00,0.0,0.0,OK
Calgary,Calgary,2026-06-19 17:00,3.0,,3,3,2026-06-19T23:40:10+00:00,3.0,2026-06-19T23:40:11+00:00,0.0,0.0,OK
Red Deer,Red Deer,2026-06-19 17:00,3.0,,3,3,2026-06-19T23:40:10+00:00,3.0,2026-06-19T23:40:11+00:00,0.0,0.0,OK
Fort McMurray,Fort McMurray,2026-06-19 17:00,2.0,,2,2,2026-06-19T23:40:10+00:00,2.0,2026-06-19T23:40:11+00:00,0.0,0.0,OK
Grande Prairie,Grande Prairie,2026-06-19 17:00,2.0,,2,2,2026-06-19T23:40:10+00:00,2.0,2026-06-19T23:40:11+00:00,0.0,0.0,OK
Lethbridge,Lethbridge,2026-06-19 17:00,2.0,,3,3,2026-06-19T23:40:10+00:00,2.0,2026-06-19T23:40:11+00:00,0.0,0.0,OK
Medicine Hat,Medicine Hat,2026-06-19 17:00,3.0,,3,3,2026-06-19T23:40:10+00:00,3.0,2026-06-19T23:40:11+00:00,0.0,0.0,OK
Airdrie,Airdrie,2026-06-19 17:00,3.0,,3,3,2026-06-19T23:40:10+00:00,3.0,2026-06-19T23:40:11+00:00,0.0,0.0,OK
Cold Lake,Cold Lake,2026-06-19 17:00,2.0,,2,2,2026-06-19T23:40:10+00:00,2.0,2026-06-19T23:40:11+00:00,0.0,0.0,OK
Drayton Valley,Drayton Valley,2026-06-19 17:00,2.0,,2,3,2026-06-19T23:40:10+00:00,2.0,2026-06-19T23:40:11+00:00,0.0,0.0,OK
St. Albert,St. Albert,2026-06-19 17:00,3.0,,2,3,2026-06-19T23:40:10+00:00,3.0,2026-06-19T23:40:11+00:00,0.0,0.0,OK
Strathcona County,Sherwood Park,2026-06-19 17:00,3.0,,2,3,2026-06-19T23:40:10+00:00,,,,,OK
Edmonton,Edmonton,2026-06-19 18:00,3.0,,2,3,2026-06-20T01:23:03+00:00,3.0,2026-06-20T01:23:03+00:00,0.0,0.0,OK
Calgary,Calgary,2026-06-19 18:00,3.0,,3,3,2026-06-20T01:23:03+00:00,3.0,2026-06-20T01:23:03+00:00,0.0,0.0,OK
Red Deer,Red Deer,2026-06-19 18:00,3.0,,3,3,2026-06-20T01:23:03+00:00,3.0,2026-06-20T01:23:03+00:00,0.0,0.0,OK
Fort McMurray,Fort McMurray,2026-06-19 18:00,2.0,,2,2,2026-06-20T01:23:03+00:00,2.0,2026-06-20T01:23:03+00:00,0.0,0.0,OK
Grande Prairie,Grande Prairie,2026-06-19 18:00,2.0,,2,2,2026-06-20T01:23:03+00:00,2.0,2026-06-20T01:23:03+00:00,0.0,0.0,OK
Lethbridge,Lethbridge,2026-06-19 18:00,3.0,,3,3,2026-06-20T01:23:03+00:00,3.0,2026-06-20T01:23:03+00:00,0.0,0.0,OK
Medicine Hat,Medicine Hat,2026-06-19 18:00,3.0,,3,3,2026-06-20T01:23:03+00:00,3.0,2026-06-20T01:23:03+00:00,0.0,0.0,OK
Airdrie,Airdrie,2026-06-19 18:00,3.0,,3,3,2026-06-20T01:23:03+00:00,3.0,2026-06-20T01:23:03+00:00,0.0,0.0,OK
Cold Lake,Cold Lake,2026-06-19 17:00,2.0,,2,2,2026-06-20T01:23:03+00:00,2.0,2026-06-20T01:23:03+00:00,0.0,0.0,OK
Drayton Valley,Drayton Valley,2026-06-19 18:00,2.0,,2,3,2026-06-20T01:23:03+00:00,2.0,2026-06-20T01:23:03+00:00,0.0,0.0,OK
St. Albert,St. Albert,2026-06-19 18:00,3.0,,2,3,2026-06-20T01:23:03+00:00,3.0,2026-06-20T01:23:03+00:00,0.0,0.0,OK
Strathcona County,Sherwood Park,2026-06-19 18:00,3.0,,2,3,2026-06-20T01:23:03+00:00,,,,,OK
Edmonton,Edmonton,2026-06-19 22:00,3.0,,2,3,2026-06-20T05:45:25+00:00,3.0,2026-06-20T05:45:26+00:00,0.0,0.0,OK
Calgary,Calgary,2026-06-19 22:00,3.0,,3,3,2026-06-20T05:45:25+00:00,3.0,2026-06-20T05:45:26+00:00,0.0,0.0,OK
Red Deer,Red Deer,2026-06-19 22:00,3.0,,3,3,2026-06-20T05:45:25+00:00,3.0,2026-06-20T05:45:26+00:00,0.0,0.0,OK
Fort McMurray,Fort McMurray,2026-06-19 22:00,1.0,,2,2,2026-06-20T05:45:25+00:00,1.0,2026-06-20T05:45:26+00:00,0.0,0.0,OK
Grande Prairie,Grande Prairie,2026-06-19 22:00,2.0,,2,2,2026-06-20T05:45:25+00:00,2.0,2026-06-20T05:45:26+00:00,0.0,0.0,OK
Lethbridge,Lethbridge,2026-06-19 23:00,2.0,,3,3,2026-06-20T05:45:25+00:00,2.0,2026-06-20T05:45:26+00:00,0.0,0.0,OK
Medicine Hat,Medicine Hat,2026-06-19 22:00,2.0,,3,3,2026-06-20T05:45:25+00:00,2.0,2026-06-20T05:45:26+00:00,0.0,0.0,OK
Airdrie,Airdrie,2026-06-19 22:00,3.0,,3,3,2026-06-20T05:45:25+00:00,3.0,2026-06-20T05:45:26+00:00,0.0,0.0,OK
Cold Lake,Cold Lake,2026-06-19 23:00,1.0,,2,2,2026-06-20T05:45:25+00:00,1.0,2026-06-20T05:45:26+00:00,0.0,0.0,OK
Drayton Valley,Drayton Valley,2026-06-19 22:00,2.0,,2,3,2026-06-20T05:45:25+00:00,2.0,2026-06-20T05:45:26+00:00,0.0,0.0,OK
St. Albert,St. Albert,2026-06-19 22:00,2.0,,2,3,2026-06-20T05:45:25+00:00,2.0,2026-06-20T05:45:26+00:00,0.0,0.0,OK
Strathcona County,Sherwood Park,2026-06-19 23:00,2.0,,2,3,2026-06-20T05:45:25+00:00,,,,,OK
Edmonton,Edmonton,2026-06-20 01:00,2.0,,2,3,2026-06-20T07:37:44+00:00,2.0,2026-06-20T07:37:44+00:00,0.0,0.0,OK
Calgary,Calgary,2026-06-20 01:00,3.0,,3,3,2026-06-20T07:37:44+00:00,3.0,2026-06-20T07:37:44+00:00,0.0,0.0,OK
Red Deer,Red Deer,2026-06-20 01:00,3.0,,3,3,2026-06-20T07:37:44+00:00,3.0,2026-06-20T07:37:44+00:00,0.0,0.0,OK
Fort McMurray,Fort McMurray,2026-06-20 01:00,1.0,,2,2,2026-06-20T07:37:44+00:00,1.0,2026-06-20T07:37:44+00:00,0.0,0.0,OK
Grande Prairie,Grande Prairie,2026-06-20 01:00,2.0,,2,2,2026-06-20T07:37:44+00:00,2.0,2026-06-20T07:37:44+00:00,0.0,0.0,OK
Lethbridge,Lethbridge,2026-06-20 01:00,2.0,,3,3,2026-06-20T07:37:44+00:00,2.0,2026-06-20T07:37:44+00:00,0.0,0.0,OK
Medicine Hat,Medicine Hat,2026-06-20 01:00,2.0,,3,3,2026-06-20T07:37:44+00:00,2.0,2026-06-20T07:37:44+00:00,0.0,0.0,OK
Airdrie,Airdrie,2026-06-20 01:00,2.0,,3,3,2026-06-20T07:37:44+00:00,2.0,2026-06-20T07:37:44+00:00,0.0,0.0,OK
Cold Lake,Cold Lake,2026-06-20 01:00,1.0,,2,2,2026-06-20T07:37:44+00:00,1.0,2026-06-20T07:37:44+00:00,0.0,0.0,OK
Drayton Valley,Drayton Valley,2026-06-20 01:00,2.0,,2,3,2026-06-20T07:37:44+00:00,2.0,2026-06-20T07:37:44+00:00,0.0,0.0,OK
St. Albert,St. Albert,2026-06-20 01:00,2.0,,2,3,2026-06-20T07:37:44+00:00,2.0,2026-06-20T07:37:44+00:00,0.0,0.0,OK
Strathcona County,Sherwood Park,2026-06-20 01:00,2.0,,2,3,2026-06-20T07:37:44+00:00,,,,,OK
Edmonton,Edmonton,2026-06-20 02:00,2.0,,2,3,2026-06-20T09:26:03+00:00,2.0,2026-06-20T09:26:03+00:00,0.0,0.0,OK
Calgary,Calgary,2026-06-20 02:00,2.0,,3,3,2026-06-20T09:26:03+00:00,2.0,2026-06-20T09:26:03+00:00,0.0,0.0,OK
Red Deer,Red Deer,2026-06-20 02:00,3.0,,3,3,2026-06-20T09:26:03+00:00,3.0,2026-06-20T09:26:03+00:00,0.0,0.0,OK
Fort McMurray,Fort McMurray,2026-06-20 02:00,1.0,,2,2,2026-06-20T09:26:03+00:00,1.0,2026-06-20T09:26:03+00:00,0.0,0.0,OK
Grande Prairie,Grande Prairie,2026-06-20 02:00,2.0,,2,2,2026-06-20T09:26:03+00:00,2.0,2026-06-20T09:26:03+00:00,0.0,0.0,OK
Lethbridge,Lethbridge,2026-06-20 03:00,2.0,,3,3,2026-06-20T09:26:03+00:00,2.0,2026-06-20T09:26:03+00:00,0.0,0.0,OK
Medicine Hat,Medicine Hat,2026-06-20 02:00,2.0,,3,3,2026-06-20T09:26:03+00:00,2.0,2026-06-20T09:26:03+00:00,0.0,0.0,OK
Airdrie,Airdrie,2026-06-20 02:00,2.0,,3,3,2026-06-20T09:26:03+00:00,2.0,2026-06-20T09:26:03+00:00,0.0,0.0,OK
Cold Lake,Cold Lake,2026-06-20 03:00,1.0,,2,2,2026-06-20T09:26:03+00:00,1.0,2026-06-20T09:26:03+00:00,0.0,0.0,OK
Drayton Valley,Drayton Valley,2026-06-20 02:00,2.0,,2,3,2026-06-20T09:26:03+00:00,2.0,2026-06-20T09:26:03+00:00,0.0,0.0,OK
St. Albert,St. Albert,2026-06-20 02:00,2.0,,2,3,2026-06-20T09:26:03+00:00,2.0,2026-06-20T09:26:03+00:00,0.0,0.0,OK
Strathcona County,Sherwood Park,2026-06-20 02:00,2.0,,2,3,2026-06-20T09:26:03+00:00,,,,,OK
Edmonton,Edmonton,2026-06-20 04:00,2.0,,2,3,2026-06-20T11:03:35+00:00,2.0,2026-06-20T11:03:35+00:00,0.0,0.0,OK
Calgary,Calgary,2026-06-20 04:00,2.0,,3,3,2026-06-20T11:03:35+00:00,2.0,2026-06-20T11:03:35+00:00,0.0,0.0,OK
Red Deer,Red Deer,2026-06-20 04:00,3.0,,3,3,2026-06-20T11:03:35+00:00,3.0,2026-06-20T11:03:35+00:00,0.0,0.0,OK
Fort McMurray,Fort McMurray,2026-06-20 04:00,1.0,,2,2,2026-06-20T11:03:35+00:00,1.0,2026-06-20T11:03:35+00:00,0.0,0.0,OK
Grande Prairie,Grande Prairie,2026-06-20 03:00,2.0,,2,2,2026-06-20T11:03:35+00:00,2.0,2026-06-20T11:03:35+00:00,0.0,0.0,OK
Lethbridge,Lethbridge,2026-06-20 03:00,2.0,,3,3,2026-06-20T11:03:35+00:00,2.0,2026-06-20T11:03:35+00:00,0.0,0.0,OK
Medicine Hat,Medicine Hat,2026-06-20 04:00,2.0,,3,3,2026-06-20T11:03:35+00:00,2.0,2026-06-20T11:03:35+00:00,0.0,0.0,OK
Airdrie,Airdrie,2026-06-20 04:00,2.0,,3,3,2026-06-20T11:03:35+00:00,2.0,2026-06-20T11:03:35+00:00,0.0,0.0,OK
Cold Lake,Cold Lake,2026-06-20 04:00,1.0,,2,2,2026-06-20T11:03:35+00:00,1.0,2026-06-20T11:03:35+00:00,0.0,0.0,OK
Drayton Valley,Drayton Valley,2026-06-20 04:00,2.0,,2,3,2026-06-20T11:03:35+00:00,2.0,2026-06-20T11:03:35+00:00,0.0,0.0,OK
St. Albert,St. Albert,2026-06-20 04:00,2.0,,2,3,2026-06-20T11:03:35+00:00,2.0,2026-06-20T11:03:35+00:00,0.0,0.0,OK
Strathcona County,Sherwood Park,2026-06-20 04:00,2.0,,2,3,2026-06-20T11:03:35+00:00,,,,,OK
Edmonton,Edmonton,2026-06-20 05:00,2.0,,2,3,2026-06-20T11:56:42+00:00,2.0,2026-06-20T11:56:42+00:00,0.0,0.0,OK
Calgary,Calgary,2026-06-20 04:00,2.0,,3,3,2026-06-20T11:56:42+00:00,2.0,2026-06-20T11:56:42+00:00,0.0,0.0,OK
Red Deer,Red Deer,2026-06-20 05:00,3.0,,3,3,2026-06-20T11:56:42+00:00,3.0,2026-06-20T11:56:42+00:00,0.0,0.0,OK
Fort McMurray,Fort McMurray,2026-06-20 05:00,1.0,,2,2,2026-06-20T11:56:42+00:00,1.0,2026-06-20T11:56:42+00:00,0.0,0.0,OK
Grande Prairie,Grande Prairie,2026-06-20 05:00,2.0,,2,2,2026-06-20T11:56:42+00:00,2.0,2026-06-20T11:56:42+00:00,0.0,0.0,OK
Lethbridge,Lethbridge,2026-06-20 03:00,2.0,,3,3,2026-06-20T11:56:42+00:00,1.0,2026-06-20T11:56:42+00:00,1.0,1.0,Minor difference
Medicine Hat,Medicine Hat,2026-06-20 04:00,2.0,,3,3,2026-06-20T11:56:42+00:00,2.0,2026-06-20T11:56:42+00:00,0.0,0.0,OK
Airdrie,Airdrie,2026-06-20 04:00,2.0,,3,3,2026-06-20T11:56:42+00:00,2.0,2026-06-20T11:56:42+00:00,0.0,0.0,OK
Cold Lake,Cold Lake,2026-06-20 05:00,1.0,,2,2,2026-06-20T11:56:42+00:00,1.0,2026-06-20T11:56:42+00:00,0.0,0.0,OK
Drayton Valley,Drayton Valley,2026-06-20 04:00,2.0,,2,3,2026-06-20T11:56:42+00:00,2.0,2026-06-20T11:56:42+00:00,0.0,0.0,OK
St. Albert,St. Albert,2026-06-20 04:00,2.0,,2,3,2026-06-20T11:56:42+00:00,2.0,2026-06-20T11:56:42+00:00,0.0,0.0,OK
Strathcona County,Sherwood Park,2026-06-20 05:00,2.0,,2,3,2026-06-20T11:56:42+00:00,,,,,OK
Edmonton,Edmonton,2026-06-20 06:00,2.0,2.0,2,2,2026-06-20T12:55:23+00:00,2.0,2026-06-20T12:55:23+00:00,0.0,0.0,OK
Calgary,Calgary,2026-06-20 06:00,2.0,3.0,2,2,2026-06-20T12:55:23+00:00,2.0,2026-06-20T12:55:23+00:00,0.0,0.0,OK
Red Deer,Red Deer,2026-06-20 06:00,3.0,2.0,1,2,2026-06-20T12:55:23+00:00,3.0,2026-06-20T12:55:23+00:00,0.0,0.0,OK
Fort McMurray,Fort McMurray,2026-06-20 06:00,1.0,1.0,1,2,2026-06-20T12:55:23+00:00,1.0,2026-06-20T12:55:23+00:00,0.0,0.0,OK
Grande Prairie,Grande Prairie,2026-06-20 06:00,2.0,1.0,1,1,2026-06-20T12:55:23+00:00,2.0,2026-06-20T12:55:23+00:00,0.0,0.0,OK
Lethbridge,Lethbridge,2026-06-20 03:00,2.0,2.0,2,2,2026-06-20T12:55:23+00:00,1.0,2026-06-20T12:55:23+00:00,1.0,1.0,Minor difference
Medicine Hat,Medicine Hat,2026-06-20 06:00,2.0,2.0,2,2,2026-06-20T12:55:23+00:00,2.0,2026-06-20T12:55:23+00:00,0.0,0.0,OK
Airdrie,Airdrie,2026-06-20 06:00,2.0,3.0,2,2,2026-06-20T12:55:23+00:00,2.0,2026-06-20T12:55:23+00:00,0.0,0.0,OK
Cold Lake,Cold Lake,2026-06-20 06:00,1.0,2.0,1,2,2026-06-20T12:55:23+00:00,1.0,2026-06-20T12:55:23+00:00,0.0,0.0,OK
Drayton Valley,Drayton Valley,2026-06-20 06:00,2.0,2.0,2,2,2026-06-20T12:55:23+00:00,2.0,2026-06-20T12:55:23+00:00,0.0,0.0,OK
St. Albert,St. Albert,2026-06-20 06:00,2.0,2.0,2,2,2026-06-20T12:55:23+00:00,2.0,2026-06-20T12:55:23+00:00,0.0,0.0,OK
Strathcona County,Sherwood Park,2026-06-20 06:00,2.0,2.0,2,2,2026-06-20T12:55:23+00:00,,,,,OK
Edmonton,Edmonton,2026-06-20 08:00,2.0,2.0,2,2,2026-06-20T14:58:45+00:00,2.0,2026-06-20T14:58:45+00:00,0.0,0.0,OK
Calgary,Calgary,2026-06-20 08:00,2.0,3.0,2,2,2026-06-20T14:58:45+00:00,2.0,2026-06-20T14:58:45+00:00,0.0,0.0,OK
Red Deer,Red Deer,2026-06-20 08:00,2.0,2.0,1,2,2026-06-20T14:58:45+00:00,2.0,2026-06-20T14:58:45+00:00,0.0,0.0,OK
Fort McMurray,Fort McMurray,2026-06-20 08:00,1.0,1.0,1,2,2026-06-20T14:58:45+00:00,1.0,2026-06-20T14:58:45+00:00,0.0,0.0,OK
Grande Prairie,Grande Prairie,2026-06-20 08:00,1.0,1.0,1,1,2026-06-20T14:58:45+00:00,1.0,2026-06-20T14:58:45+00:00,0.0,0.0,OK
Lethbridge,Lethbridge,2026-06-20 08:00,2.0,2.0,2,2,2026-06-20T14:58:45+00:00,2.0,2026-06-20T14:58:45+00:00,0.0,0.0,OK
Medicine Hat,Medicine Hat,2026-06-20 08:00,2.0,2.0,2,2,2026-06-20T14:58:45+00:00,2.0,2026-06-20T14:58:45+00:00,0.0,0.0,OK
Airdrie,Airdrie,2026-06-20 08:00,2.0,3.0,2,2,2026-06-20T14:58:45+00:00,2.0,2026-06-20T14:58:45+00:00,0.0,0.0,OK
Cold Lake,Cold Lake,2026-06-20 08:00,1.0,2.0,1,2,2026-06-20T14:58:45+00:00,1.0,2026-06-20T14:58:45+00:00,0.0,0.0,OK
Drayton Valley,Drayton Valley,2026-06-20 08:00,2.0,2.0,2,2,2026-06-20T14:58:45+00:00,2.0,2026-06-20T14:58:45+00:00,0.0,0.0,OK
St. Albert,St. Albert,2026-06-20 08:00,2.0,2.0,2,2,2026-06-20T14:58:45+00:00,2.0,2026-06-20T14:58:45+00:00,0.0,0.0,OK
Strathcona County,Sherwood Park,2026-06-20 08:00,2.0,2.0,2,2,2026-06-20T14:58:45+00:00,,,,,OK
Edmonton,Edmonton,2026-06-20 09:00,2.0,2.0,2,2,2026-06-20T15:52:26+00:00,2.0,2026-06-20T15:52:26+00:00,0.0,0.0,OK
Calgary,Calgary,2026-06-20 09:00,2.0,3.0,2,2,2026-06-20T15:52:26+00:00,2.0,2026-06-20T15:52:26+00:00,0.0,0.0,OK
Red Deer,Red Deer,2026-06-20 09:00,2.0,2.0,1,2,2026-06-20T15:52:26+00:00,2.0,2026-06-20T15:52:26+00:00,0.0,0.0,OK
Fort McMurray,Fort McMurray,2026-06-20 09:00,1.0,1.0,1,2,2026-06-20T15:52:26+00:00,1.0,2026-06-20T15:52:26+00:00,0.0,0.0,OK
Grande Prairie,Grande Prairie,2026-06-20 09:00,1.0,1.0,1,1,2026-06-20T15:52:26+00:00,1.0,2026-06-20T15:52:26+00:00,0.0,0.0,OK
Lethbridge,Lethbridge,2026-06-20 09:00,2.0,2.0,2,2,2026-06-20T15:52:26+00:00,2.0,2026-06-20T15:52:26+00:00,0.0,0.0,OK
Medicine Hat,Medicine Hat,2026-06-20 09:00,2.0,2.0,2,2,2026-06-20T15:52:26+00:00,2.0,2026-06-20T15:52:26+00:00,0.0,0.0,OK
Airdrie,Airdrie,2026-06-20 09:00,2.0,3.0,2,2,2026-06-20T15:52:26+00:00,2.0,2026-06-20T15:52:26+00:00,0.0,0.0,OK
Cold Lake,Cold Lake,2026-06-20 09:00,1.0,2.0,1,2,2026-06-20T15:52:26+00:00,1.0,2026-06-20T15:52:26+00:00,0.0,0.0,OK
Drayton Valley,Drayton Valley,2026-06-20 09:00,2.0,2.0,2,2,2026-06-20T15:52:26+00:00,2.0,2026-06-20T15:52:26+00:00,0.0,0.0,OK
St. Albert,St. Albert,2026-06-20 09:00,2.0,2.0,2,2,2026-06-20T15:52:26+00:00,2.0,2026-06-20T15:52:26+00:00,0.0,0.0,OK
Strathcona County,Sherwood Park,2026-06-20 09:00,2.0,2.0,2,2,2026-06-20T15:52:26+00:00,,,,,OK
Edmonton,Edmonton,2026-06-20 10:00,2.0,2.0,2,2,2026-06-20T16:49:54+00:00,2.0,2026-06-20T16:49:54+00:00,0.0,0.0,OK
Calgary,Calgary,2026-06-20 10:00,2.0,3.0,2,2,2026-06-20T16:49:54+00:00,2.0,2026-06-20T16:49:54+00:00,0.0,0.0,OK
Red Deer,Red Deer,2026-06-20 10:00,2.0,2.0,1,2,2026-06-20T16:49:54+00:00,2.0,2026-06-20T16:49:54+00:00,0.0,0.0,OK
Fort McMurray,Fort McMurray,2026-06-20 10:00,1.0,1.0,1,2,2026-06-20T16:49:54+00:00,1.0,2026-06-20T16:49:54+00:00,0.0,0.0,OK
Grande Prairie,Grande Prairie,2026-06-20 10:00,1.0,1.0,1,1,2026-06-20T16:49:54+00:00,1.0,2026-06-20T16:49:54+00:00,0.0,0.0,OK
Lethbridge,Lethbridge,2026-06-20 10:00,2.0,2.0,2,2,2026-06-20T16:49:54+00:00,2.0,2026-06-20T16:49:54+00:00,0.0,0.0,OK
Medicine Hat,Medicine Hat,2026-06-20 10:00,2.0,2.0,2,2,2026-06-20T16:49:54+00:00,2.0,2026-06-20T16:49:54+00:00,0.0,0.0,OK
Airdrie,Airdrie,2026-06-20 10:00,2.0,3.0,2,2,2026-06-20T16:49:54+00:00,2.0,2026-06-20T16:49:54+00:00,0.0,0.0,OK
Cold Lake,Cold Lake,2026-06-20 10:00,1.0,2.0,1,2,2026-06-20T16:49:54+00:00,1.0,2026-06-20T16:49:54+00:00,0.0,0.0,OK
Drayton Valley,Drayton Valley,2026-06-20 10:00,2.0,2.0,2,2,2026-06-20T16:49:54+00:00,2.0,2026-06-20T16:49:54+00:00,0.0,0.0,OK
St. Albert,St. Albert,2026-06-20 10:00,2.0,2.0,2,2,2026-06-20T16:49:54+00:00,2.0,2026-06-20T16:49:54+00:00,0.0,0.0,OK
Strathcona County,Sherwood Park,2026-06-20 10:00,1.0,2.0,2,2,2026-06-20T16:49:54+00:00,,,,,OK
Edmonton,Edmonton,2026-06-20 11:00,2.0,2.0,2,2,2026-06-20T17:48:48+00:00,2.0,2026-06-20T17:48:48+00:00,0.0,0.0,OK
Calgary,Calgary,2026-06-20 11:00,2.0,3.0,2,2,2026-06-20T17:48:48+00:00,2.0,2026-06-20T17:48:48+00:00,0.0,0.0,OK
Red Deer,Red Deer,2026-06-20 11:00,2.0,2.0,1,2,2026-06-20T17:48:48+00:00,2.0,2026-06-20T17:48:48+00:00,0.0,0.0,OK
Fort McMurray,Fort McMurray,2026-06-20 11:00,1.0,1.0,1,2,2026-06-20T17:48:48+00:00,1.0,2026-06-20T17:48:48+00:00,0.0,0.0,OK
Grande Prairie,Grande Prairie,2026-06-20 11:00,1.0,1.0,1,1,2026-06-20T17:48:48+00:00,1.0,2026-06-20T17:48:48+00:00,0.0,0.0,OK
Lethbridge,Lethbridge,2026-06-20 11:00,2.0,2.0,2,2,2026-06-20T17:48:48+00:00,2.0,2026-06-20T17:48:48+00:00,0.0,0.0,OK
Medicine Hat,Medicine Hat,2026-06-20 11:00,2.0,2.0,2,2,2026-06-20T17:48:48+00:00,2.0,2026-06-20T17:48:48+00:00,0.0,0.0,OK
Airdrie,Airdrie,2026-06-20 11:00,2.0,3.0,2,2,2026-06-20T17:48:48+00:00,2.0,2026-06-20T17:48:48+00:00,0.0,0.0,OK
Cold Lake,Cold Lake,2026-06-20 11:00,2.0,2.0,1,2,2026-06-20T17:48:48+00:00,2.0,2026-06-20T17:48:48+00:00,0.0,0.0,OK
Drayton Valley,Drayton Valley,2026-06-20 11:00,2.0,2.0,2,2,2026-06-20T17:48:48+00:00,2.0,2026-06-20T17:48:48+00:00,0.0,0.0,OK
St. Albert,St. Albert,2026-06-20 11:00,2.0,2.0,2,2,2026-06-20T17:48:48+00:00,2.0,2026-06-20T17:48:48+00:00,0.0,0.0,OK
Strathcona County,Sherwood Park,2026-06-20 11:00,1.0,2.0,2,2,2026-06-20T17:48:48+00:00,,,,,OK
Edmonton,Edmonton,2026-06-20 12:00,2.0,2.0,2,2,2026-06-20T18:48:07+00:00,2.0,2026-06-20T18:48:07+00:00,0.0,0.0,OK
Calgary,Calgary,2026-06-20 12:00,2.0,3.0,2,2,2026-06-20T18:48:07+00:00,2.0,2026-06-20T18:48:07+00:00,0.0,0.0,OK
Red Deer,Red Deer,2026-06-20 12:00,2.0,2.0,1,2,2026-06-20T18:48:07+00:00,2.0,2026-06-20T18:48:07+00:00,0.0,0.0,OK
Fort McMurray,Fort McMurray,2026-06-20 12:00,1.0,1.0,1,2,2026-06-20T18:48:07+00:00,1.0,2026-06-20T18:48:07+00:00,0.0,0.0,OK
Grande Prairie,Grande Prairie,2026-06-20 12:00,1.0,1.0,1,1,2026-06-20T18:48:07+00:00,1.0,2026-06-20T18:48:07+00:00,0.0,0.0,OK
Lethbridge,Lethbridge,2026-06-20 12:00,2.0,2.0,2,2,2026-06-20T18:48:07+00:00,2.0,2026-06-20T18:48:07+00:00,0.0,0.0,OK
Medicine Hat,Medicine Hat,2026-06-20 12:00,2.0,2.0,2,2,2026-06-20T18:48:07+00:00,2.0,2026-06-20T18:48:07+00:00,0.0,0.0,OK
Airdrie,Airdrie,2026-06-20 12:00,2.0,3.0,2,2,2026-06-20T18:48:07+00:00,2.0,2026-06-20T18:48:07+00:00,0.0,0.0,OK
Cold Lake,Cold Lake,2026-06-20 12:00,2.0,2.0,1,2,2026-06-20T18:48:07+00:00,2.0,2026-06-20T18:48:07+00:00,0.0,0.0,OK
Drayton Valley,Drayton Valley,2026-06-20 12:00,2.0,2.0,2,2,2026-06-20T18:48:07+00:00,2.0,2026-06-20T18:48:07+00:00,0.0,0.0,OK
St. Albert,St. Albert,2026-06-20 12:00,2.0,2.0,2,2,2026-06-20T18:48:07+00:00,2.0,2026-06-20T18:48:07+00:00,0.0,0.0,OK
Strathcona County,Sherwood Park,2026-06-20 12:00,2.0,2.0,2,2,2026-06-20T18:48:07+00:00,,,,,OK
Edmonton,Edmonton,2026-06-20 13:00,2.0,2.0,2,2,2026-06-20T19:52:24+00:00,2.0,2026-06-20T19:52:24+00:00,0.0,0.0,OK
Calgary,Calgary,2026-06-20 13:00,2.0,3.0,2,2,2026-06-20T19:52:24+00:00,2.0,2026-06-20T19:52:24+00:00,0.0,0.0,OK
Red Deer,Red Deer,2026-06-20 13:00,2.0,2.0,1,2,2026-06-20T19:52:24+00:00,2.0,2026-06-20T19:52:24+00:00,0.0,0.0,OK
Fort McMurray,Fort McMurray,2026-06-20 13:00,1.0,1.0,1,2,2026-06-20T19:52:24+00:00,1.0,2026-06-20T19:52:24+00:00,0.0,0.0,OK
Grande Prairie,Grande Prairie,2026-06-20 13:00,1.0,1.0,1,1,2026-06-20T19:52:24+00:00,1.0,2026-06-20T19:52:24+00:00,0.0,0.0,OK
Lethbridge,Lethbridge,2026-06-20 13:00,2.0,2.0,2,2,2026-06-20T19:52:24+00:00,2.0,2026-06-20T19:52:24+00:00,0.0,0.0,OK
Medicine Hat,Medicine Hat,2026-06-20 13:00,2.0,2.0,2,2,2026-06-20T19:52:24+00:00,2.0,2026-06-20T19:52:24+00:00,0.0,0.0,OK
Airdrie,Airdrie,2026-06-20 13:00,2.0,3.0,2,2,2026-06-20T19:52:24+00:00,2.0,2026-06-20T19:52:24+00:00,0.0,0.0,OK
Cold Lake,Cold Lake,2026-06-20 13:00,2.0,2.0,1,2,2026-06-20T19:52:24+00:00,2.0,2026-06-20T19:52:24+00:00,0.0,0.0,OK
Drayton Valley,Drayton Valley,2026-06-20 13:00,2.0,2.0,2,2,2026-06-20T19:52:24+00:00,2.0,2026-06-20T19:52:24+00:00,0.0,0.0,OK
St. Albert,St. Albert,2026-06-20 13:00,2.0,2.0,2,2,2026-06-20T19:52:24+00:00,2.0,2026-06-20T19:52:24+00:00,0.0,0.0,OK
Strathcona County,Sherwood Park,2026-06-20 13:00,2.0,2.0,2,2,2026-06-20T19:52:24+00:00,,,,,OK
Edmonton,Edmonton,2026-06-20 14:00,2.0,2.0,2,2,2026-06-20T20:45:02+00:00,2.0,2026-06-20T20:45:02+00:00,0.0,0.0,OK
Calgary,Calgary,2026-06-20 14:00,2.0,3.0,2,2,2026-06-20T20:45:02+00:00,2.0,2026-06-20T20:45:02+00:00,0.0,0.0,OK
Red Deer,Red Deer,2026-06-20 14:00,2.0,2.0,1,2,2026-06-20T20:45:02+00:00,2.0,2026-06-20T20:45:02+00:00,0.0,0.0,OK
Fort McMurray,Fort McMurray,2026-06-20 14:00,1.0,1.0,1,2,2026-06-20T20:45:02+00:00,1.0,2026-06-20T20:45:02+00:00,0.0,0.0,OK
Grande Prairie,Grande Prairie,2026-06-20 14:00,1.0,1.0,1,1,2026-06-20T20:45:02+00:00,1.0,2026-06-20T20:45:02+00:00,0.0,0.0,OK
Lethbridge,Lethbridge,2026-06-20 14:00,2.0,2.0,2,2,2026-06-20T20:45:02+00:00,2.0,2026-06-20T20:45:02+00:00,0.0,0.0,OK
Medicine Hat,Medicine Hat,2026-06-20 14:00,2.0,2.0,2,2,2026-06-20T20:45:02+00:00,2.0,2026-06-20T20:45:02+00:00,0.0,0.0,OK
Airdrie,Airdrie,2026-06-20 14:00,2.0,3.0,2,2,2026-06-20T20:45:02+00:00,2.0,2026-06-20T20:45:02+00:00,0.0,0.0,OK
Cold Lake,Cold Lake,2026-06-20 14:00,2.0,2.0,1,2,2026-06-20T20:45:02+00:00,2.0,2026-06-20T20:45:02+00:00,0.0,0.0,OK
Drayton Valley,Drayton Valley,2026-06-20 14:00,2.0,2.0,2,2,2026-06-20T20:45:02+00:00,2.0,2026-06-20T20:45:02+00:00,0.0,0.0,OK
St. Albert,St. Albert,2026-06-20 14:00,2.0,2.0,2,2,2026-06-20T20:45:02+00:00,2.0,2026-06-20T20:45:02+00:00,0.0,0.0,OK
Strathcona County,Sherwood Park,2026-06-20 14:00,2.0,2.0,2,2,2026-06-20T20:45:02+00:00,,,,,OK
Edmonton,Edmonton,2026-06-20 15:00,2.0,2.0,2,2,2026-06-20T21:43:59+00:00,2.0,2026-06-20T21:44:00+00:00,0.0,0.0,OK
Calgary,Calgary,2026-06-20 15:00,3.0,3.0,2,2,2026-06-20T21:43:59+00:00,3.0,2026-06-20T21:44:00+00:00,0.0,0.0,OK
Red Deer,Red Deer,2026-06-20 15:00,2.0,2.0,1,2,2026-06-20T21:43:59+00:00,2.0,2026-06-20T21:44:00+00:00,0.0,0.0,OK
Fort McMurray,Fort McMurray,2026-06-20 15:00,1.0,1.0,1,2,2026-06-20T21:43:59+00:00,1.0,2026-06-20T21:44:00+00:00,0.0,0.0,OK
Grande Prairie,Grande Prairie,2026-06-20 15:00,2.0,1.0,1,1,2026-06-20T21:43:59+00:00,2.0,2026-06-20T21:44:00+00:00,0.0,0.0,OK
Lethbridge,Lethbridge,2026-06-20 15:00,2.0,2.0,2,2,2026-06-20T21:43:59+00:00,2.0,2026-06-20T21:44:00+00:00,0.0,0.0,OK
Medicine Hat,Medicine Hat,2026-06-20 15:00,2.0,2.0,2,2,2026-06-20T21:43:59+00:00,2.0,2026-06-20T21:44:00+00:00,0.0,0.0,OK
Airdrie,Airdrie,2026-06-20 15:00,2.0,3.0,2,2,2026-06-20T21:43:59+00:00,2.0,2026-06-20T21:44:00+00:00,0.0,0.0,OK
Cold Lake,Cold Lake,2026-06-20 15:00,2.0,2.0,1,2,2026-06-20T21:43:59+00:00,2.0,2026-06-20T21:44:00+00:00,0.0,0.0,OK
Drayton Valley,Drayton Valley,2026-06-20 15:00,2.0,2.0,2,2,2026-06-20T21:43:59+00:00,2.0,2026-06-20T21:44:00+00:00,0.0,0.0,OK
St. Albert,St. Albert,2026-06-20 15:00,2.0,2.0,2,2,2026-06-20T21:43:59+00:00,2.0,2026-06-20T21:44:00+00:00,0.0,0.0,OK
Strathcona County,Sherwood Park,2026-06-20 15:00,2.0,2.0,2,2,2026-06-20T21:43:59+00:00,,,,,OK
Edmonton,Edmonton,2026-06-20 17:00,2.0,,2,2,2026-06-20T23:42:55+00:00,2.0,2026-06-20T23:42:55+00:00,0.0,0.0,OK
Calgary,Calgary,2026-06-20 17:00,3.0,,3,3,2026-06-20T23:42:55+00:00,3.0,2026-06-20T23:42:55+00:00,0.0,0.0,OK
Red Deer,Red Deer,2026-06-20 17:00,2.0,,2,2,2026-06-20T23:42:55+00:00,2.0,2026-06-20T23:42:55+00:00,0.0,0.0,OK
Fort McMurray,Fort McMurray,2026-06-20 17:00,2.0,,2,2,2026-06-20T23:42:55+00:00,1.0,2026-06-20T23:42:55+00:00,1.0,1.0,Minor difference
Grande Prairie,Grande Prairie,2026-06-20 17:00,2.0,,2,2,2026-06-20T23:42:55+00:00,2.0,2026-06-20T23:42:55+00:00,0.0,0.0,OK
Lethbridge,Lethbridge,2026-06-20 17:00,3.0,,3,3,2026-06-20T23:42:55+00:00,3.0,2026-06-20T23:42:55+00:00,0.0,0.0,OK
Medicine Hat,Medicine Hat,2026-06-20 17:00,2.0,,3,3,2026-06-20T23:42:55+00:00,2.0,2026-06-20T23:42:55+00:00,0.0,0.0,OK
Airdrie,Airdrie,2026-06-20 17:00,2.0,,3,3,2026-06-20T23:42:55+00:00,2.0,2026-06-20T23:42:55+00:00,0.0,0.0,OK
Cold Lake,Cold Lake,2026-06-20 16:00,2.0,,2,2,2026-06-20T23:42:55+00:00,2.0,2026-06-20T23:42:55+00:00,0.0,0.0,OK
Drayton Valley,Drayton Valley,2026-06-20 17:00,2.0,,2,2,2026-06-20T23:42:55+00:00,2.0,2026-06-20T23:42:55+00:00,0.0,0.0,OK
St. Albert,St. Albert,2026-06-20 17:00,2.0,,2,2,2026-06-20T23:42:55+00:00,2.0,2026-06-20T23:42:55+00:00,0.0,0.0,OK
Strathcona County,Sherwood Park,2026-06-20 17:00,2.0,,2,2,2026-06-20T23:42:55+00:00,,,,,OK
Edmonton,Edmonton,2026-06-20 18:00,2.0,,2,2,2026-06-21T01:31:41+00:00,2.0,2026-06-21T01:31:41+00:00,0.0,0.0,OK
Calgary,Calgary,2026-06-20 18:00,3.0,,3,3,2026-06-21T01:31:41+00:00,3.0,2026-06-21T01:31:41+00:00,0.0,0.0,OK
Red Deer,Red Deer,2026-06-20 18:00,2.0,,2,2,2026-06-21T01:31:41+00:00,2.0,2026-06-21T01:31:41+00:00,0.0,0.0,OK
Fort McMurray,Fort McMurray,2026-06-20 18:00,2.0,,2,2,2026-06-21T01:31:41+00:00,2.0,2026-06-21T01:31:41+00:00,0.0,0.0,OK
Grande Prairie,Grande Prairie,2026-06-20 18:00,2.0,,2,2,2026-06-21T01:31:41+00:00,2.0,2026-06-21T01:31:41+00:00,0.0,0.0,OK
Lethbridge,Lethbridge,2026-06-20 19:00,3.0,,3,3,2026-06-21T01:31:41+00:00,3.0,2026-06-21T01:31:41+00:00,0.0,0.0,OK
Medicine Hat,Medicine Hat,2026-06-20 18:00,3.0,,3,3,2026-06-21T01:31:41+00:00,3.0,2026-06-21T01:31:41+00:00,0.0,0.0,OK
Airdrie,Airdrie,2026-06-20 18:00,2.0,,3,3,2026-06-21T01:31:41+00:00,2.0,2026-06-21T01:31:41+00:00,0.0,0.0,OK
Cold Lake,Cold Lake,2026-06-20 19:00,2.0,,2,2,2026-06-21T01:31:41+00:00,2.0,2026-06-21T01:31:41+00:00,0.0,0.0,OK
Drayton Valley,Drayton Valley,2026-06-20 18:00,2.0,,2,2,2026-06-21T01:31:41+00:00,2.0,2026-06-21T01:31:41+00:00,0.0,0.0,OK
St. Albert,St. Albert,2026-06-20 18:00,2.0,,2,2,2026-06-21T01:31:41+00:00,2.0,2026-06-21T01:31:41+00:00,0.0,0.0,OK
Strathcona County,Sherwood Park,2026-06-20 19:00,2.0,,2,2,2026-06-21T01:31:41+00:00,,,,,OK
Edmonton,Edmonton,2026-06-20 20:00,2.0,,2,2,2026-06-21T03:28:00+00:00,2.0,2026-06-21T03:28:00+00:00,0.0,0.0,OK
Calgary,Calgary,2026-06-20 20:00,3.0,,3,3,2026-06-21T03:28:00+00:00,3.0,2026-06-21T03:28:00+00:00,0.0,0.0,OK
Red Deer,Red Deer,2026-06-20 20:00,2.0,,2,2,2026-06-21T03:28:00+00:00,2.0,2026-06-21T03:28:00+00:00,0.0,0.0,OK
Fort McMurray,Fort McMurray,2026-06-20 20:00,1.0,,2,2,2026-06-21T03:28:00+00:00,1.0,2026-06-21T03:28:00+00:00,0.0,0.0,OK
Grande Prairie,Grande Prairie,2026-06-20 20:00,2.0,,2,2,2026-06-21T03:28:00+00:00,2.0,2026-06-21T03:28:00+00:00,0.0,0.0,OK
Lethbridge,Lethbridge,2026-06-20 21:00,3.0,,3,3,2026-06-21T03:28:00+00:00,3.0,2026-06-21T03:28:00+00:00,0.0,0.0,OK
Medicine Hat,Medicine Hat,2026-06-20 20:00,3.0,,3,3,2026-06-21T03:28:00+00:00,3.0,2026-06-21T03:28:00+00:00,0.0,0.0,OK
Airdrie,Airdrie,2026-06-20 20:00,2.0,,3,3,2026-06-21T03:28:00+00:00,2.0,2026-06-21T03:28:00+00:00,0.0,0.0,OK
Cold Lake,Cold Lake,2026-06-20 21:00,2.0,,2,2,2026-06-21T03:28:00+00:00,2.0,2026-06-21T03:28:00+00:00,0.0,0.0,OK
Drayton Valley,Drayton Valley,2026-06-20 20:00,2.0,,2,2,2026-06-21T03:28:00+00:00,2.0,2026-06-21T03:28:00+00:00,0.0,0.0,OK
St. Albert,St. Albert,2026-06-20 20:00,2.0,,2,2,2026-06-21T03:28:00+00:00,2.0,2026-06-21T03:28:00+00:00,0.0,0.0,OK
Strathcona County,Sherwood Park,2026-06-20 21:00,2.0,,2,2,2026-06-21T03:28:00+00:00,,,,,OK
Edmonton,Edmonton,2026-06-20 23:00,2.0,,2,2,2026-06-21T05:57:44+00:00,2.0,2026-06-21T05:57:44+00:00,0.0,0.0,OK
Calgary,Calgary,2026-06-20 22:00,2.0,,3,3,2026-06-21T05:57:44+00:00,2.0,2026-06-21T05:57:44+00:00,0.0,0.0,OK
Red Deer,Red Deer,2026-06-20 22:00,2.0,,2,2,2026-06-21T05:57:44+00:00,1.0,2026-06-21T05:57:44+00:00,1.0,1.0,Minor difference
Fort McMurray,Fort McMurray,2026-06-20 22:00,1.0,,2,2,2026-06-21T05:57:44+00:00,1.0,2026-06-21T05:57:44+00:00,0.0,0.0,OK
Grande Prairie,Grande Prairie,2026-06-20 22:00,2.0,,2,2,2026-06-21T05:57:44+00:00,2.0,2026-06-21T05:57:44+00:00,0.0,0.0,OK
Lethbridge,Lethbridge,2026-06-20 23:00,2.0,,3,3,2026-06-21T05:57:44+00:00,2.0,2026-06-21T05:57:44+00:00,0.0,0.0,OK
Medicine Hat,Medicine Hat,2026-06-20 22:00,3.0,,3,3,2026-06-21T05:57:44+00:00,3.0,2026-06-21T05:57:44+00:00,0.0,0.0,OK
Airdrie,Airdrie,2026-06-20 22:00,2.0,,3,3,2026-06-21T05:57:44+00:00,2.0,2026-06-21T05:57:44+00:00,0.0,0.0,OK
Cold Lake,Cold Lake,2026-06-20 23:00,2.0,,2,2,2026-06-21T05:57:44+00:00,2.0,2026-06-21T05:57:44+00:00,0.0,0.0,OK
Drayton Valley,Drayton Valley,2026-06-20 23:00,2.0,,2,2,2026-06-21T05:57:44+00:00,2.0,2026-06-21T05:57:44+00:00,0.0,0.0,OK
St. Albert,St. Albert,2026-06-20 23:00,2.0,,2,2,2026-06-21T05:57:44+00:00,2.0,2026-06-21T05:57:44+00:00,0.0,0.0,OK
Strathcona County,Sherwood Park,2026-06-20 23:00,2.0,,2,2,2026-06-21T05:57:44+00:00,,,,,OK
Edmonton,Edmonton,2026-06-21 01:00,2.0,,2,2,2026-06-21T07:57:31+00:00,2.0,2026-06-21T07:57:31+00:00,0.0,0.0,OK
Calgary,Calgary,2026-06-21 01:00,2.0,,3,3,2026-06-21T07:57:31+00:00,2.0,2026-06-21T07:57:31+00:00,0.0,0.0,OK
Red Deer,Red Deer,2026-06-21 01:00,2.0,,2,2,2026-06-21T07:57:31+00:00,2.0,2026-06-21T07:57:31+00:00,0.0,0.0,OK
Fort McMurray,Fort McMurray,2026-06-21 01:00,1.0,,2,2,2026-06-21T07:57:31+00:00,1.0,2026-06-21T07:57:31+00:00,0.0,0.0,OK
Grande Prairie,Grande Prairie,2026-06-21 01:00,1.0,,2,2,2026-06-21T07:57:31+00:00,1.0,2026-06-21T07:57:31+00:00,0.0,0.0,OK
Lethbridge,Lethbridge,2026-06-21 01:00,2.0,,3,3,2026-06-21T07:57:31+00:00,2.0,2026-06-21T07:57:31+00:00,0.0,0.0,OK
Medicine Hat,Medicine Hat,2026-06-21 01:00,3.0,,3,3,2026-06-21T07:57:31+00:00,3.0,2026-06-21T07:57:31+00:00,0.0,0.0,OK
Airdrie,Airdrie,2026-06-21 01:00,2.0,,3,3,2026-06-21T07:57:31+00:00,2.0,2026-06-21T07:57:31+00:00,0.0,0.0,OK
Cold Lake,Cold Lake,2026-06-21 01:00,2.0,,2,2,2026-06-21T07:57:31+00:00,2.0,2026-06-21T07:57:31+00:00,0.0,0.0,OK
Drayton Valley,Drayton Valley,2026-06-21 01:00,2.0,,2,2,2026-06-21T07:57:31+00:00,2.0,2026-06-21T07:57:31+00:00,0.0,0.0,OK
St. Albert,St. Albert,2026-06-21 01:00,2.0,,2,2,2026-06-21T07:57:31+00:00,2.0,2026-06-21T07:57:31+00:00,0.0,0.0,OK
Strathcona County,Sherwood Park,2026-06-21 01:00,2.0,,2,2,2026-06-21T07:57:31+00:00,,,,,OK
Edmonton,Edmonton,2026-06-21 02:00,2.0,,2,2,2026-06-21T09:30:26+00:00,2.0,2026-06-21T09:30:26+00:00,0.0,0.0,OK
Calgary,Calgary,2026-06-21 02:00,2.0,,3,3,2026-06-21T09:30:26+00:00,2.0,2026-06-21T09:30:26+00:00,0.0,0.0,OK
Red Deer,Red Deer,2026-06-21 02:00,2.0,,2,2,2026-06-21T09:30:26+00:00,2.0,2026-06-21T09:30:26+00:00,0.0,0.0,OK
Fort McMurray,Fort McMurray,2026-06-21 02:00,1.0,,2,2,2026-06-21T09:30:26+00:00,1.0,2026-06-21T09:30:26+00:00,0.0,0.0,OK
Grande Prairie,Grande Prairie,2026-06-21 02:00,1.0,,2,2,2026-06-21T09:30:26+00:00,1.0,2026-06-21T09:30:26+00:00,0.0,0.0,OK
Lethbridge,Lethbridge,2026-06-21 03:00,2.0,,3,3,2026-06-21T09:30:26+00:00,2.0,2026-06-21T09:30:26+00:00,0.0,0.0,OK
Medicine Hat,Medicine Hat,2026-06-21 02:00,2.0,,3,3,2026-06-21T09:30:26+00:00,2.0,2026-06-21T09:30:26+00:00,0.0,0.0,OK
Airdrie,Airdrie,2026-06-21 02:00,2.0,,3,3,2026-06-21T09:30:26+00:00,2.0,2026-06-21T09:30:26+00:00,0.0,0.0,OK
Cold Lake,Cold Lake,2026-06-21 03:00,1.0,,2,2,2026-06-21T09:30:26+00:00,1.0,2026-06-21T09:30:26+00:00,0.0,0.0,OK
Drayton Valley,Drayton Valley,2026-06-21 02:00,2.0,,2,2,2026-06-21T09:30:26+00:00,2.0,2026-06-21T09:30:26+00:00,0.0,0.0,OK
St. Albert,St. Albert,2026-06-21 02:00,2.0,,2,2,2026-06-21T09:30:26+00:00,2.0,2026-06-21T09:30:26+00:00,0.0,0.0,OK
Strathcona County,Sherwood Park,2026-06-21 03:00,2.0,,2,2,2026-06-21T09:30:26+00:00,,,,,OK
Edmonton,Edmonton,2026-06-21 04:00,2.0,,2,2,2026-06-21T11:23:15+00:00,2.0,2026-06-21T11:23:15+00:00,0.0,0.0,OK
Calgary,Calgary,2026-06-21 04:00,2.0,,3,3,2026-06-21T11:23:15+00:00,2.0,2026-06-21T11:23:15+00:00,0.0,0.0,OK
Red Deer,Red Deer,2026-06-21 04:00,2.0,,2,2,2026-06-21T11:23:15+00:00,2.0,2026-06-21T11:23:15+00:00,0.0,0.0,OK
Fort McMurray,Fort McMurray,2026-06-21 04:00,1.0,,2,2,2026-06-21T11:23:15+00:00,1.0,2026-06-21T11:23:15+00:00,0.0,0.0,OK
Grande Prairie,Grande Prairie,2026-06-21 03:00,1.0,,2,2,2026-06-21T11:23:15+00:00,1.0,2026-06-21T11:23:15+00:00,0.0,0.0,OK
Lethbridge,Lethbridge,2026-06-21 03:00,2.0,,3,3,2026-06-21T11:23:15+00:00,1.0,2026-06-21T11:23:15+00:00,1.0,1.0,Minor difference
Medicine Hat,Medicine Hat,2026-06-21 04:00,2.0,,3,3,2026-06-21T11:23:15+00:00,2.0,2026-06-21T11:23:15+00:00,0.0,0.0,OK
Airdrie,Airdrie,2026-06-21 04:00,2.0,,3,3,2026-06-21T11:23:15+00:00,2.0,2026-06-21T11:23:15+00:00,0.0,0.0,OK
Cold Lake,Cold Lake,2026-06-21 05:00,1.0,,2,2,2026-06-21T11:23:15+00:00,1.0,2026-06-21T11:23:15+00:00,0.0,0.0,OK
Drayton Valley,Drayton Valley,2026-06-21 04:00,2.0,,2,2,2026-06-21T11:23:15+00:00,1.0,2026-06-21T11:23:15+00:00,1.0,1.0,Minor difference
St. Albert,St. Albert,2026-06-21 04:00,2.0,,2,2,2026-06-21T11:23:15+00:00,1.0,2026-06-21T11:23:15+00:00,1.0,1.0,Minor difference
Strathcona County,Sherwood Park,2026-06-21 05:00,2.0,,2,2,2026-06-21T11:23:15+00:00,,,,,OK
Edmonton,Edmonton,2026-06-21 06:00,2.0,2.0,2,2,2026-06-21T12:59:18+00:00,2.0,2026-06-21T12:59:19+00:00,0.0,0.0,OK
Calgary,Calgary,2026-06-21 06:00,2.0,2.0,2,2,2026-06-21T12:59:18+00:00,2.0,2026-06-21T12:59:19+00:00,0.0,0.0,OK
Red Deer,Red Deer,2026-06-21 06:00,2.0,2.0,2,2,2026-06-21T12:59:18+00:00,2.0,2026-06-21T12:59:19+00:00,0.0,0.0,OK
Fort McMurray,Fort McMurray,2026-06-21 06:00,1.0,1.0,2,2,2026-06-21T12:59:18+00:00,1.0,2026-06-21T12:59:19+00:00,0.0,0.0,OK
Grande Prairie,Grande Prairie,2026-06-21 06:00,1.0,1.0,2,1,2026-06-21T12:59:18+00:00,1.0,2026-06-21T12:59:19+00:00,0.0,0.0,OK
Lethbridge,Lethbridge,2026-06-21 03:00,2.0,2.0,2,2,2026-06-21T12:59:18+00:00,1.0,2026-06-21T12:59:19+00:00,1.0,1.0,Minor difference
Medicine Hat,Medicine Hat,2026-06-21 06:00,1.0,2.0,2,2,2026-06-21T12:59:18+00:00,1.0,2026-06-21T12:59:19+00:00,0.0,0.0,OK
Airdrie,Airdrie,2026-06-21 06:00,2.0,2.0,2,2,2026-06-21T12:59:18+00:00,2.0,2026-06-21T12:59:19+00:00,0.0,0.0,OK
Cold Lake,Cold Lake,2026-06-21 06:00,1.0,1.0,1,1,2026-06-21T12:59:18+00:00,1.0,2026-06-21T12:59:19+00:00,0.0,0.0,OK
Drayton Valley,Drayton Valley,2026-06-21 06:00,1.0,2.0,2,2,2026-06-21T12:59:18+00:00,1.0,2026-06-21T12:59:19+00:00,0.0,0.0,OK
St. Albert,St. Albert,2026-06-21 06:00,2.0,2.0,2,2,2026-06-21T12:59:18+00:00,2.0,2026-06-21T12:59:19+00:00,0.0,0.0,OK
Strathcona County,Sherwood Park,2026-06-21 06:00,2.0,2.0,2,2,2026-06-21T12:59:18+00:00,,,,,OK
Edmonton,Edmonton,2026-06-21 07:00,2.0,2.0,2,2,2026-06-21T13:57:48+00:00,2.0,2026-06-21T13:57:49+00:00,0.0,0.0,OK
Calgary,Calgary,2026-06-21 07:00,2.0,2.0,2,2,2026-06-21T13:57:48+00:00,2.0,2026-06-21T13:57:49+00:00,0.0,0.0,OK
Red Deer,Red Deer,2026-06-21 07:00,2.0,2.0,2,2,2026-06-21T13:57:48+00:00,2.0,2026-06-21T13:57:49+00:00,0.0,0.0,OK
Fort McMurray,Fort McMurray,2026-06-21 07:00,1.0,1.0,2,2,2026-06-21T13:57:48+00:00,1.0,2026-06-21T13:57:49+00:00,0.0,0.0,OK
Grande Prairie,Grande Prairie,2026-06-21 07:00,1.0,1.0,2,1,2026-06-21T13:57:48+00:00,1.0,2026-06-21T13:57:49+00:00,0.0,0.0,OK
Lethbridge,Lethbridge,2026-06-21 07:00,2.0,2.0,2,2,2026-06-21T13:57:48+00:00,2.0,2026-06-21T13:57:49+00:00,0.0,0.0,OK
Medicine Hat,Medicine Hat,2026-06-21 07:00,2.0,2.0,2,2,2026-06-21T13:57:48+00:00,2.0,2026-06-21T13:57:49+00:00,0.0,0.0,OK
Airdrie,Airdrie,2026-06-21 07:00,2.0,2.0,2,2,2026-06-21T13:57:48+00:00,2.0,2026-06-21T13:57:49+00:00,0.0,0.0,OK
Cold Lake,Cold Lake,2026-06-21 07:00,1.0,1.0,1,1,2026-06-21T13:57:48+00:00,1.0,2026-06-21T13:57:49+00:00,0.0,0.0,OK
Drayton Valley,Drayton Valley,2026-06-21 07:00,1.0,2.0,2,2,2026-06-21T13:57:48+00:00,1.0,2026-06-21T13:57:49+00:00,0.0,0.0,OK
St. Albert,St. Albert,2026-06-21 07:00,2.0,2.0,2,2,2026-06-21T13:57:48+00:00,2.0,2026-06-21T13:57:49+00:00,0.0,0.0,OK
Strathcona County,Sherwood Park,2026-06-21 07:00,2.0,2.0,2,2,2026-06-21T13:57:48+00:00,,,,,OK
Edmonton,Edmonton,2026-06-21 08:00,2.0,2.0,2,2,2026-06-21T15:03:46+00:00,2.0,2026-06-21T15:03:46+00:00,0.0,0.0,OK
Calgary,Calgary,2026-06-21 08:00,2.0,2.0,2,2,2026-06-21T15:03:46+00:00,2.0,2026-06-21T15:03:46+00:00,0.0,0.0,OK
Red Deer,Red Deer,2026-06-21 08:00,2.0,2.0,2,2,2026-06-21T15:03:46+00:00,2.0,2026-06-21T15:03:46+00:00,0.0,0.0,OK
Fort McMurray,Fort McMurray,2026-06-21 08:00,1.0,1.0,2,2,2026-06-21T15:03:46+00:00,1.0,2026-06-21T15:03:46+00:00,0.0,0.0,OK
Grande Prairie,Grande Prairie,2026-06-21 08:00,1.0,1.0,2,1,2026-06-21T15:03:46+00:00,1.0,2026-06-21T15:03:46+00:00,0.0,0.0,OK
Lethbridge,Lethbridge,2026-06-21 08:00,2.0,2.0,2,2,2026-06-21T15:03:46+00:00,2.0,2026-06-21T15:03:46+00:00,0.0,0.0,OK
Medicine Hat,Medicine Hat,2026-06-21 08:00,2.0,2.0,2,2,2026-06-21T15:03:46+00:00,2.0,2026-06-21T15:03:46+00:00,0.0,0.0,OK
Airdrie,Airdrie,2026-06-21 08:00,2.0,2.0,2,2,2026-06-21T15:03:46+00:00,2.0,2026-06-21T15:03:46+00:00,0.0,0.0,OK
Cold Lake,Cold Lake,2026-06-21 08:00,1.0,1.0,1,1,2026-06-21T15:03:46+00:00,1.0,2026-06-21T15:03:46+00:00,0.0,0.0,OK
Drayton Valley,Drayton Valley,2026-06-21 08:00,1.0,2.0,2,2,2026-06-21T15:03:46+00:00,1.0,2026-06-21T15:03:46+00:00,0.0,0.0,OK
St. Albert,St. Albert,2026-06-21 08:00,2.0,2.0,2,2,2026-06-21T15:03:46+00:00,2.0,2026-06-21T15:03:46+00:00,0.0,0.0,OK
Strathcona County,Sherwood Park,2026-06-21 08:00,2.0,2.0,2,2,2026-06-21T15:03:46+00:00,,,,,OK
Edmonton,Edmonton,2026-06-21 09:00,2.0,2.0,2,2,2026-06-21T15:56:10+00:00,2.0,2026-06-21T15:56:10+00:00,0.0,0.0,OK
Calgary,Calgary,2026-06-21 09:00,2.0,2.0,2,2,2026-06-21T15:56:10+00:00,2.0,2026-06-21T15:56:10+00:00,0.0,0.0,OK
Red Deer,Red Deer,2026-06-21 09:00,2.0,2.0,2,2,2026-06-21T15:56:10+00:00,2.0,2026-06-21T15:56:10+00:00,0.0,0.0,OK
Fort McMurray,Fort McMurray,2026-06-21 09:00,1.0,1.0,2,2,2026-06-21T15:56:10+00:00,1.0,2026-06-21T15:56:10+00:00,0.0,0.0,OK
Grande Prairie,Grande Prairie,2026-06-21 09:00,1.0,1.0,2,1,2026-06-21T15:56:10+00:00,1.0,2026-06-21T15:56:10+00:00,0.0,0.0,OK
Lethbridge,Lethbridge,2026-06-21 09:00,2.0,2.0,2,2,2026-06-21T15:56:10+00:00,2.0,2026-06-21T15:56:10+00:00,0.0,0.0,OK
Medicine Hat,Medicine Hat,2026-06-21 09:00,2.0,2.0,2,2,2026-06-21T15:56:10+00:00,2.0,2026-06-21T15:56:10+00:00,0.0,0.0,OK
Airdrie,Airdrie,2026-06-21 09:00,2.0,2.0,2,2,2026-06-21T15:56:10+00:00,2.0,2026-06-21T15:56:10+00:00,0.0,0.0,OK
Cold Lake,Cold Lake,2026-06-21 09:00,1.0,1.0,1,1,2026-06-21T15:56:10+00:00,1.0,2026-06-21T15:56:10+00:00,0.0,0.0,OK
Drayton Valley,Drayton Valley,2026-06-21 09:00,1.0,2.0,2,2,2026-06-21T15:56:10+00:00,1.0,2026-06-21T15:56:10+00:00,0.0,0.0,OK
St. Albert,St. Albert,2026-06-21 09:00,2.0,2.0,2,2,2026-06-21T15:56:10+00:00,2.0,2026-06-21T15:56:10+00:00,0.0,0.0,OK
Strathcona County,Sherwood Park,2026-06-21 09:00,2.0,2.0,2,2,2026-06-21T15:56:10+00:00,,,,,OK
Edmonton,Edmonton,2026-06-21 10:00,2.0,2.0,2,2,2026-06-21T16:53:05+00:00,2.0,2026-06-21T16:53:05+00:00,0.0,0.0,OK
Calgary,Calgary,2026-06-21 10:00,2.0,2.0,2,2,2026-06-21T16:53:05+00:00,2.0,2026-06-21T16:53:05+00:00,0.0,0.0,OK
Red Deer,Red Deer,2026-06-21 10:00,2.0,2.0,2,2,2026-06-21T16:53:05+00:00,2.0,2026-06-21T16:53:05+00:00,0.0,0.0,OK
Fort McMurray,Fort McMurray,2026-06-21 10:00,1.0,1.0,2,2,2026-06-21T16:53:05+00:00,1.0,2026-06-21T16:53:05+00:00,0.0,0.0,OK
Grande Prairie,Grande Prairie,2026-06-21 10:00,1.0,1.0,2,1,2026-06-21T16:53:05+00:00,1.0,2026-06-21T16:53:05+00:00,0.0,0.0,OK
Lethbridge,Lethbridge,2026-06-21 10:00,2.0,2.0,2,2,2026-06-21T16:53:05+00:00,2.0,2026-06-21T16:53:05+00:00,0.0,0.0,OK
Medicine Hat,Medicine Hat,2026-06-21 10:00,2.0,2.0,2,2,2026-06-21T16:53:05+00:00,2.0,2026-06-21T16:53:05+00:00,0.0,0.0,OK
Airdrie,Airdrie,2026-06-21 10:00,2.0,2.0,2,2,2026-06-21T16:53:05+00:00,2.0,2026-06-21T16:53:05+00:00,0.0,0.0,OK
Cold Lake,Cold Lake,2026-06-21 10:00,1.0,1.0,1,1,2026-06-21T16:53:05+00:00,1.0,2026-06-21T16:53:05+00:00,0.0,0.0,OK
Drayton Valley,Drayton Valley,2026-06-21 10:00,2.0,2.0,2,2,2026-06-21T16:53:05+00:00,2.0,2026-06-21T16:53:05+00:00,0.0,0.0,OK
St. Albert,St. Albert,2026-06-21 10:00,2.0,2.0,2,2,2026-06-21T16:53:05+00:00,2.0,2026-06-21T16:53:05+00:00,0.0,0.0,OK
Strathcona County,Sherwood Park,2026-06-21 10:00,2.0,2.0,2,2,2026-06-21T16:53:05+00:00,,,,,OK
Edmonton,Edmonton,2026-06-21 11:00,2.0,2.0,2,2,2026-06-21T17:50:41+00:00,2.0,2026-06-21T17:50:41+00:00,0.0,0.0,OK
Calgary,Calgary,2026-06-21 11:00,2.0,2.0,2,2,2026-06-21T17:50:41+00:00,2.0,2026-06-21T17:50:41+00:00,0.0,0.0,OK
Red Deer,Red Deer,2026-06-21 11:00,2.0,2.0,2,2,2026-06-21T17:50:41+00:00,2.0,2026-06-21T17:50:41+00:00,0.0,0.0,OK
Fort McMurray,Fort McMurray,2026-06-21 11:00,1.0,1.0,2,2,2026-06-21T17:50:41+00:00,1.0,2026-06-21T17:50:41+00:00,0.0,0.0,OK
Grande Prairie,Grande Prairie,2026-06-21 11:00,1.0,1.0,2,1,2026-06-21T17:50:41+00:00,1.0,2026-06-21T17:50:41+00:00,0.0,0.0,OK
Lethbridge,Lethbridge,2026-06-21 11:00,2.0,2.0,2,2,2026-06-21T17:50:41+00:00,2.0,2026-06-21T17:50:41+00:00,0.0,0.0,OK
Medicine Hat,Medicine Hat,2026-06-21 11:00,2.0,2.0,2,2,2026-06-21T17:50:41+00:00,2.0,2026-06-21T17:50:41+00:00,0.0,0.0,OK
Airdrie,Airdrie,2026-06-21 11:00,2.0,2.0,2,2,2026-06-21T17:50:41+00:00,2.0,2026-06-21T17:50:41+00:00,0.0,0.0,OK
Cold Lake,Cold Lake,2026-06-21 11:00,1.0,1.0,1,1,2026-06-21T17:50:41+00:00,1.0,2026-06-21T17:50:41+00:00,0.0,0.0,OK
Drayton Valley,Drayton Valley,2026-06-21 11:00,2.0,2.0,2,2,2026-06-21T17:50:41+00:00,2.0,2026-06-21T17:50:41+00:00,0.0,0.0,OK
St. Albert,St. Albert,2026-06-21 11:00,2.0,2.0,2,2,2026-06-21T17:50:41+00:00,2.0,2026-06-21T17:50:41+00:00,0.0,0.0,OK
Strathcona County,Sherwood Park,2026-06-21 11:00,2.0,2.0,2,2,2026-06-21T17:50:41+00:00,,,,,OK
Edmonton,Edmonton,2026-06-21 12:00,2.0,2.0,2,2,2026-06-21T18:50:03+00:00,2.0,2026-06-21T18:50:03+00:00,0.0,0.0,OK
Calgary,Calgary,2026-06-21 12:00,2.0,2.0,2,2,2026-06-21T18:50:03+00:00,2.0,2026-06-21T18:50:03+00:00,0.0,0.0,OK
Red Deer,Red Deer,2026-06-21 12:00,2.0,2.0,2,2,2026-06-21T18:50:03+00:00,2.0,2026-06-21T18:50:03+00:00,0.0,0.0,OK
Fort McMurray,Fort McMurray,2026-06-21 12:00,1.0,1.0,2,2,2026-06-21T18:50:03+00:00,1.0,2026-06-21T18:50:03+00:00,0.0,0.0,OK
Grande Prairie,Grande Prairie,2026-06-21 12:00,1.0,1.0,2,1,2026-06-21T18:50:03+00:00,1.0,2026-06-21T18:50:03+00:00,0.0,0.0,OK
Lethbridge,Lethbridge,2026-06-21 12:00,2.0,2.0,2,2,2026-06-21T18:50:03+00:00,2.0,2026-06-21T18:50:03+00:00,0.0,0.0,OK
Medicine Hat,Medicine Hat,2026-06-21 12:00,2.0,2.0,2,2,2026-06-21T18:50:03+00:00,2.0,2026-06-21T18:50:03+00:00,0.0,0.0,OK
Airdrie,Airdrie,2026-06-21 12:00,2.0,2.0,2,2,2026-06-21T18:50:03+00:00,2.0,2026-06-21T18:50:03+00:00,0.0,0.0,OK
Cold Lake,Cold Lake,2026-06-21 12:00,1.0,1.0,1,1,2026-06-21T18:50:03+00:00,1.0,2026-06-21T18:50:03+00:00,0.0,0.0,OK
Drayton Valley,Drayton Valley,2026-06-21 12:00,2.0,2.0,2,2,2026-06-21T18:50:03+00:00,2.0,2026-06-21T18:50:03+00:00,0.0,0.0,OK
St. Albert,St. Albert,2026-06-21 12:00,2.0,2.0,2,2,2026-06-21T18:50:03+00:00,2.0,2026-06-21T18:50:03+00:00,0.0,0.0,OK
Strathcona County,Sherwood Park,2026-06-21 12:00,2.0,2.0,2,2,2026-06-21T18:50:03+00:00,,,,,OK
Edmonton,Edmonton,2026-06-21 13:00,2.0,2.0,2,2,2026-06-21T19:55:20+00:00,2.0,2026-06-21T19:55:21+00:00,0.0,0.0,OK
Calgary,Calgary,2026-06-21 13:00,2.0,2.0,2,2,2026-06-21T19:55:20+00:00,2.0,2026-06-21T19:55:21+00:00,0.0,0.0,OK
Red Deer,Red Deer,2026-06-21 13:00,2.0,2.0,2,2,2026-06-21T19:55:20+00:00,2.0,2026-06-21T19:55:21+00:00,0.0,0.0,OK
Fort McMurray,Fort McMurray,2026-06-21 13:00,1.0,1.0,2,2,2026-06-21T19:55:20+00:00,1.0,2026-06-21T19:55:21+00:00,0.0,0.0,OK
Grande Prairie,Grande Prairie,2026-06-21 13:00,1.0,1.0,2,1,2026-06-21T19:55:20+00:00,2.0,2026-06-21T19:55:21+00:00,-1.0,1.0,Minor difference
Lethbridge,Lethbridge,2026-06-21 13:00,2.0,2.0,2,2,2026-06-21T19:55:20+00:00,2.0,2026-06-21T19:55:21+00:00,0.0,0.0,OK
Medicine Hat,Medicine Hat,2026-06-21 13:00,2.0,2.0,2,2,2026-06-21T19:55:20+00:00,2.0,2026-06-21T19:55:21+00:00,0.0,0.0,OK
Airdrie,Airdrie,2026-06-21 13:00,2.0,2.0,2,2,2026-06-21T19:55:20+00:00,2.0,2026-06-21T19:55:21+00:00,0.0,0.0,OK
Cold Lake,Cold Lake,2026-06-21 13:00,1.0,1.0,1,1,2026-06-21T19:55:20+00:00,1.0,2026-06-21T19:55:21+00:00,0.0,0.0,OK
Drayton Valley,Drayton Valley,2026-06-21 13:00,2.0,2.0,2,2,2026-06-21T19:55:20+00:00,2.0,2026-06-21T19:55:21+00:00,0.0,0.0,OK
St. Albert,St. Albert,2026-06-21 13:00,2.0,2.0,2,2,2026-06-21T19:55:20+00:00,2.0,2026-06-21T19:55:21+00:00,0.0,0.0,OK
Strathcona County,Sherwood Park,2026-06-21 13:00,2.0,2.0,2,2,2026-06-21T19:55:20+00:00,,,,,OK
Edmonton,Edmonton,2026-06-21 16:00,2.0,2.0,2,2,2026-06-21T22:42:26+00:00,2.0,2026-06-21T22:42:26+00:00,0.0,0.0,OK
Calgary,Calgary,2026-06-21 16:00,2.0,2.0,2,2,2026-06-21T22:42:26+00:00,2.0,2026-06-21T22:42:26+00:00,0.0,0.0,OK
Red Deer,Red Deer,2026-06-21 16:00,2.0,2.0,2,2,2026-06-21T22:42:26+00:00,2.0,2026-06-21T22:42:26+00:00,0.0,0.0,OK
Fort McMurray,Fort McMurray,2026-06-21 16:00,2.0,1.0,2,2,2026-06-21T22:42:26+00:00,1.0,2026-06-21T22:42:26+00:00,1.0,1.0,Minor difference
Grande Prairie,Grande Prairie,2026-06-21 16:00,2.0,1.0,2,1,2026-06-21T22:42:26+00:00,2.0,2026-06-21T22:42:26+00:00,0.0,0.0,OK
Lethbridge,Lethbridge,2026-06-21 16:00,2.0,2.0,2,2,2026-06-21T22:42:26+00:00,2.0,2026-06-21T22:42:26+00:00,0.0,0.0,OK
Medicine Hat,Medicine Hat,2026-06-21 16:00,2.0,2.0,2,2,2026-06-21T22:42:26+00:00,2.0,2026-06-21T22:42:26+00:00,0.0,0.0,OK
Airdrie,Airdrie,2026-06-21 16:00,2.0,2.0,2,2,2026-06-21T22:42:26+00:00,2.0,2026-06-21T22:42:26+00:00,0.0,0.0,OK
Cold Lake,Cold Lake,2026-06-21 15:00,1.0,1.0,1,1,2026-06-21T22:42:26+00:00,1.0,2026-06-21T22:42:26+00:00,0.0,0.0,OK
Drayton Valley,Drayton Valley,2026-06-21 16:00,2.0,2.0,2,2,2026-06-21T22:42:26+00:00,2.0,2026-06-21T22:42:26+00:00,0.0,0.0,OK
St. Albert,St. Albert,2026-06-21 16:00,2.0,2.0,2,2,2026-06-21T22:42:26+00:00,2.0,2026-06-21T22:42:26+00:00,0.0,0.0,OK
Strathcona County,Sherwood Park,2026-06-21 16:00,2.0,2.0,2,2,2026-06-21T22:42:26+00:00,,,,,OK
Edmonton,Edmonton,2026-06-21 18:00,2.0,,2,2,2026-06-22T01:31:29+00:00,2.0,2026-06-22T01:31:30+00:00,0.0,0.0,OK
Calgary,Calgary,2026-06-21 18:00,2.0,,2,2,2026-06-22T01:31:29+00:00,2.0,2026-06-22T01:31:30+00:00,0.0,0.0,OK
Red Deer,Red Deer,2026-06-21 18:00,2.0,,2,2,2026-06-22T01:31:29+00:00,2.0,2026-06-22T01:31:30+00:00,0.0,0.0,OK
Fort McMurray,Fort McMurray,2026-06-21 18:00,2.0,,2,2,2026-06-22T01:31:29+00:00,2.0,2026-06-22T01:31:30+00:00,0.0,0.0,OK
Grande Prairie,Grande Prairie,2026-06-21 18:00,2.0,,2,2,2026-06-22T01:31:29+00:00,2.0,2026-06-22T01:31:30+00:00,0.0,0.0,OK
Lethbridge,Lethbridge,2026-06-21 19:00,2.0,,2,2,2026-06-22T01:31:29+00:00,2.0,2026-06-22T01:31:30+00:00,0.0,0.0,OK
Medicine Hat,Medicine Hat,2026-06-21 18:00,2.0,,2,2,2026-06-22T01:31:29+00:00,2.0,2026-06-22T01:31:30+00:00,0.0,0.0,OK
Airdrie,Airdrie,2026-06-21 18:00,2.0,,2,2,2026-06-22T01:31:29+00:00,2.0,2026-06-22T01:31:30+00:00,0.0,0.0,OK
Cold Lake,Cold Lake,2026-06-21 19:00,1.0,,1,1,2026-06-22T01:31:29+00:00,1.0,2026-06-22T01:31:30+00:00,0.0,0.0,OK
Drayton Valley,Drayton Valley,2026-06-21 18:00,2.0,,2,2,2026-06-22T01:31:29+00:00,2.0,2026-06-22T01:31:30+00:00,0.0,0.0,OK
St. Albert,St. Albert,2026-06-21 18:00,1.0,,2,2,2026-06-22T01:31:29+00:00,2.0,2026-06-22T01:31:30+00:00,-1.0,1.0,Minor difference
Strathcona County,Sherwood Park,2026-06-21 19:00,1.0,,2,2,2026-06-22T01:31:29+00:00,,,,,OK
Edmonton,Edmonton,2026-06-21 21:00,2.0,,2,2,2026-06-22T03:28:08+00:00,2.0,2026-06-22T03:28:09+00:00,0.0,0.0,OK
Calgary,Calgary,2026-06-21 20:00,2.0,,2,2,2026-06-22T03:28:08+00:00,2.0,2026-06-22T03:28:09+00:00,0.0,0.0,OK
Red Deer,Red Deer,2026-06-21 21:00,2.0,,2,2,2026-06-22T03:28:08+00:00,2.0,2026-06-22T03:28:09+00:00,0.0,0.0,OK
Fort McMurray,Fort McMurray,2026-06-21 20:00,2.0,,2,2,2026-06-22T03:28:08+00:00,1.0,2026-06-22T03:28:09+00:00,1.0,1.0,Minor difference
Grande Prairie,Grande Prairie,2026-06-21 20:00,2.0,,2,2,2026-06-22T03:28:08+00:00,2.0,2026-06-22T03:28:09+00:00,0.0,0.0,OK
Lethbridge,Lethbridge,2026-06-21 21:00,2.0,,2,2,2026-06-22T03:28:08+00:00,2.0,2026-06-22T03:28:09+00:00,0.0,0.0,OK
Medicine Hat,Medicine Hat,2026-06-21 20:00,2.0,,2,2,2026-06-22T03:28:08+00:00,2.0,2026-06-22T03:28:09+00:00,0.0,0.0,OK
Airdrie,Airdrie,2026-06-21 20:00,2.0,,2,2,2026-06-22T03:28:08+00:00,2.0,2026-06-22T03:28:09+00:00,0.0,0.0,OK
Cold Lake,Cold Lake,2026-06-21 21:00,2.0,,1,1,2026-06-22T03:28:08+00:00,2.0,2026-06-22T03:28:09+00:00,0.0,0.0,OK
Drayton Valley,Drayton Valley,2026-06-21 21:00,1.0,,2,2,2026-06-22T03:28:08+00:00,1.0,2026-06-22T03:28:09+00:00,0.0,0.0,OK
St. Albert,St. Albert,2026-06-21 21:00,2.0,,2,2,2026-06-22T03:28:08+00:00,2.0,2026-06-22T03:28:09+00:00,0.0,0.0,OK
Strathcona County,Sherwood Park,2026-06-21 21:00,1.0,,2,2,2026-06-22T03:28:08+00:00,,,,,OK
Edmonton,Edmonton,2026-06-21 23:00,2.0,,2,2,2026-06-22T06:09:09+00:00,2.0,2026-06-22T06:09:09+00:00,0.0,0.0,OK
Calgary,Calgary,2026-06-21 23:00,2.0,,2,2,2026-06-22T06:09:09+00:00,2.0,2026-06-22T06:09:09+00:00,0.0,0.0,OK
Red Deer,Red Deer,2026-06-21 23:00,2.0,,2,2,2026-06-22T06:09:09+00:00,2.0,2026-06-22T06:09:09+00:00,0.0,0.0,OK
Fort McMurray,Fort McMurray,2026-06-21 23:00,1.0,,2,2,2026-06-22T06:09:09+00:00,1.0,2026-06-22T06:09:09+00:00,0.0,0.0,OK
Grande Prairie,Grande Prairie,2026-06-21 23:00,2.0,,2,2,2026-06-22T06:09:09+00:00,2.0,2026-06-22T06:09:09+00:00,0.0,0.0,OK
Lethbridge,Lethbridge,2026-06-21 23:00,2.0,,2,2,2026-06-22T06:09:09+00:00,2.0,2026-06-22T06:09:09+00:00,0.0,0.0,OK
Medicine Hat,Medicine Hat,2026-06-21 23:00,2.0,,2,2,2026-06-22T06:09:09+00:00,2.0,2026-06-22T06:09:09+00:00,0.0,0.0,OK
Airdrie,Airdrie,2026-06-21 23:00,2.0,,2,2,2026-06-22T06:09:09+00:00,2.0,2026-06-22T06:09:09+00:00,0.0,0.0,OK
Cold Lake,Cold Lake,2026-06-21 23:00,2.0,,1,1,2026-06-22T06:09:09+00:00,2.0,2026-06-22T06:09:09+00:00,0.0,0.0,OK
Drayton Valley,Drayton Valley,2026-06-21 23:00,1.0,,2,2,2026-06-22T06:09:09+00:00,1.0,2026-06-22T06:09:09+00:00,0.0,0.0,OK
St. Albert,St. Albert,2026-06-21 23:00,2.0,,2,2,2026-06-22T06:09:09+00:00,2.0,2026-06-22T06:09:09+00:00,0.0,0.0,OK
Strathcona County,Sherwood Park,2026-06-21 23:00,1.0,,2,2,2026-06-22T06:09:09+00:00,,,,,OK
Edmonton,Edmonton,2026-06-22 01:00,2.0,,2,2,2026-06-22T08:29:42+00:00,2.0,2026-06-22T08:29:42+00:00,0.0,0.0,OK
Calgary,Calgary,2026-06-22 01:00,2.0,,2,2,2026-06-22T08:29:42+00:00,2.0,2026-06-22T08:29:42+00:00,0.0,0.0,OK
Red Deer,Red Deer,2026-06-22 01:00,2.0,,2,2,2026-06-22T08:29:42+00:00,2.0,2026-06-22T08:29:42+00:00,0.0,0.0,OK
Fort McMurray,Fort McMurray,2026-06-22 01:00,1.0,,2,2,2026-06-22T08:29:42+00:00,1.0,2026-06-22T08:29:42+00:00,0.0,0.0,OK
Grande Prairie,Grande Prairie,2026-06-22 01:00,2.0,,2,2,2026-06-22T08:29:42+00:00,2.0,2026-06-22T08:29:42+00:00,0.0,0.0,OK
Lethbridge,Lethbridge,2026-06-22 02:00,1.0,,2,2,2026-06-22T08:29:42+00:00,1.0,2026-06-22T08:29:42+00:00,0.0,0.0,OK
Medicine Hat,Medicine Hat,2026-06-22 01:00,2.0,,2,2,2026-06-22T08:29:42+00:00,2.0,2026-06-22T08:29:42+00:00,0.0,0.0,OK
Airdrie,Airdrie,2026-06-22 01:00,2.0,,2,2,2026-06-22T08:29:42+00:00,2.0,2026-06-22T08:29:42+00:00,0.0,0.0,OK
Cold Lake,Cold Lake,2026-06-22 02:00,2.0,,1,1,2026-06-22T08:29:42+00:00,2.0,2026-06-22T08:29:42+00:00,0.0,0.0,OK
Drayton Valley,Drayton Valley,2026-06-22 01:00,1.0,,2,2,2026-06-22T08:29:42+00:00,1.0,2026-06-22T08:29:42+00:00,0.0,0.0,OK
St. Albert,St. Albert,2026-06-22 01:00,2.0,,2,2,2026-06-22T08:29:42+00:00,2.0,2026-06-22T08:29:42+00:00,0.0,0.0,OK
Strathcona County,Sherwood Park,2026-06-22 00:00,1.0,,2,2,2026-06-22T08:29:42+00:00,,,,,OK
Edmonton,Edmonton,2026-06-22 04:00,2.0,,2,2,2026-06-22T11:12:46+00:00,2.0,2026-06-22T11:12:46+00:00,0.0,0.0,OK
Calgary,Calgary,2026-06-22 04:00,2.0,,2,2,2026-06-22T11:12:46+00:00,2.0,2026-06-22T11:12:46+00:00,0.0,0.0,OK
Red Deer,Red Deer,2026-06-22 04:00,2.0,,2,2,2026-06-22T11:12:46+00:00,2.0,2026-06-22T11:12:46+00:00,0.0,0.0,OK
Fort McMurray,Fort McMurray,2026-06-22 04:00,2.0,,2,2,2026-06-22T11:12:46+00:00,1.0,2026-06-22T11:12:46+00:00,1.0,1.0,Minor difference
Grande Prairie,Grande Prairie,2026-06-22 03:00,2.0,,2,2,2026-06-22T11:12:46+00:00,2.0,2026-06-22T11:12:46+00:00,0.0,0.0,OK
Lethbridge,Lethbridge,2026-06-22 03:00,1.0,,2,2,2026-06-22T11:12:46+00:00,1.0,2026-06-22T11:12:46+00:00,0.0,0.0,OK
Medicine Hat,Medicine Hat,2026-06-22 04:00,1.0,,2,2,2026-06-22T11:12:46+00:00,1.0,2026-06-22T11:12:46+00:00,0.0,0.0,OK
Airdrie,Airdrie,2026-06-22 04:00,2.0,,2,2,2026-06-22T11:12:46+00:00,2.0,2026-06-22T11:12:46+00:00,0.0,0.0,OK
Cold Lake,Cold Lake,2026-06-22 04:00,2.0,,1,1,2026-06-22T11:12:46+00:00,2.0,2026-06-22T11:12:46+00:00,0.0,0.0,OK
Drayton Valley,Drayton Valley,2026-06-22 04:00,1.0,,2,2,2026-06-22T11:12:46+00:00,1.0,2026-06-22T11:12:46+00:00,0.0,0.0,OK
St. Albert,St. Albert,2026-06-22 04:00,2.0,,2,2,2026-06-22T11:12:46+00:00,2.0,2026-06-22T11:12:46+00:00,0.0,0.0,OK
Strathcona County,Sherwood Park,2026-06-22 04:00,2.0,,2,2,2026-06-22T11:12:46+00:00,,,,,OK
Edmonton,Edmonton,2026-06-22 06:00,2.0,2.0,3,2,2026-06-22T13:13:37+00:00,2.0,2026-06-22T13:13:37+00:00,0.0,0.0,OK
Calgary,Calgary,2026-06-22 06:00,2.0,2.0,3,2,2026-06-22T13:13:37+00:00,2.0,2026-06-22T13:13:37+00:00,0.0,0.0,OK
Red Deer,Red Deer,2026-06-22 06:00,2.0,2.0,3,2,2026-06-22T13:13:37+00:00,2.0,2026-06-22T13:13:37+00:00,0.0,0.0,OK
Fort McMurray,Fort McMurray,2026-06-22 06:00,1.0,2.0,2,3,2026-06-22T13:13:37+00:00,1.0,2026-06-22T13:13:37+00:00,0.0,0.0,OK
Grande Prairie,Grande Prairie,2026-06-22 06:00,1.0,2.0,3,2,2026-06-22T13:13:37+00:00,1.0,2026-06-22T13:13:37+00:00,0.0,0.0,OK
Lethbridge,Lethbridge,2026-06-22 03:00,1.0,2.0,2,2,2026-06-22T13:13:37+00:00,1.0,2026-06-22T13:13:37+00:00,0.0,0.0,OK
Medicine Hat,Medicine Hat,2026-06-22 06:00,2.0,2.0,2,2,2026-06-22T13:13:37+00:00,2.0,2026-06-22T13:13:37+00:00,0.0,0.0,OK
Airdrie,Airdrie,2026-06-22 06:00,2.0,2.0,3,2,2026-06-22T13:13:37+00:00,2.0,2026-06-22T13:13:37+00:00,0.0,0.0,OK
Cold Lake,Cold Lake,2026-06-22 07:00,1.0,2.0,3,2,2026-06-22T13:13:37+00:00,2.0,2026-06-22T13:13:37+00:00,-1.0,1.0,Minor difference
Drayton Valley,Drayton Valley,2026-06-22 06:00,1.0,2.0,3,2,2026-06-22T13:13:37+00:00,1.0,2026-06-22T13:13:37+00:00,0.0,0.0,OK
St. Albert,St. Albert,2026-06-22 06:00,2.0,2.0,3,2,2026-06-22T13:13:37+00:00,2.0,2026-06-22T13:13:37+00:00,0.0,0.0,OK
Strathcona County,Sherwood Park,2026-06-22 06:00,2.0,2.0,3,2,2026-06-22T13:13:37+00:00,,,,,OK
Edmonton,Edmonton,2026-06-22 08:00,2.0,2.0,3,2,2026-06-22T15:09:34+00:00,2.0,2026-06-22T15:09:34+00:00,0.0,0.0,OK
Calgary,Calgary,2026-06-22 08:00,2.0,2.0,3,2,2026-06-22T15:09:34+00:00,2.0,2026-06-22T15:09:34+00:00,0.0,0.0,OK
Red Deer,Red Deer,2026-06-22 08:00,2.0,2.0,3,2,2026-06-22T15:09:34+00:00,2.0,2026-06-22T15:09:34+00:00,0.0,0.0,OK
Fort McMurray,Fort McMurray,2026-06-22 08:00,1.0,2.0,2,3,2026-06-22T15:09:34+00:00,1.0,2026-06-22T15:09:34+00:00,0.0,0.0,OK
Grande Prairie,Grande Prairie,2026-06-22 08:00,1.0,2.0,3,2,2026-06-22T15:09:34+00:00,1.0,2026-06-22T15:09:34+00:00,0.0,0.0,OK
Lethbridge,Lethbridge,2026-06-22 08:00,1.0,2.0,2,2,2026-06-22T15:09:34+00:00,1.0,2026-06-22T15:09:34+00:00,0.0,0.0,OK
Medicine Hat,Medicine Hat,2026-06-22 08:00,2.0,2.0,2,2,2026-06-22T15:09:34+00:00,2.0,2026-06-22T15:09:34+00:00,0.0,0.0,OK
Airdrie,Airdrie,2026-06-22 08:00,2.0,2.0,3,2,2026-06-22T15:09:34+00:00,2.0,2026-06-22T15:09:34+00:00,0.0,0.0,OK
Cold Lake,Cold Lake,2026-06-22 08:00,1.0,2.0,3,2,2026-06-22T15:09:34+00:00,1.0,2026-06-22T15:09:34+00:00,0.0,0.0,OK
Drayton Valley,Drayton Valley,2026-06-22 08:00,1.0,2.0,3,2,2026-06-22T15:09:34+00:00,1.0,2026-06-22T15:09:34+00:00,0.0,0.0,OK
St. Albert,St. Albert,2026-06-22 08:00,1.0,2.0,3,2,2026-06-22T15:09:34+00:00,1.0,2026-06-22T15:09:34+00:00,0.0,0.0,OK
Strathcona County,Sherwood Park,2026-06-22 08:00,2.0,2.0,3,2,2026-06-22T15:09:34+00:00,,,,,OK
Edmonton,Edmonton,2026-06-22 11:00,2.0,2.0,3,2,2026-06-22T18:35:36+00:00,2.0,2026-06-22T18:35:36+00:00,0.0,0.0,OK
Calgary,Calgary,2026-06-22 11:00,2.0,2.0,3,2,2026-06-22T18:35:36+00:00,2.0,2026-06-22T18:35:36+00:00,0.0,0.0,OK
Red Deer,Red Deer,2026-06-22 11:00,2.0,2.0,3,2,2026-06-22T18:35:36+00:00,2.0,2026-06-22T18:35:36+00:00,0.0,0.0,OK
Fort McMurray,Fort McMurray,2026-06-22 11:00,1.0,2.0,2,3,2026-06-22T18:35:36+00:00,1.0,2026-06-22T18:35:36+00:00,0.0,0.0,OK
Grande Prairie,Grande Prairie,2026-06-22 11:00,2.0,2.0,3,2,2026-06-22T18:35:36+00:00,2.0,2026-06-22T18:35:36+00:00,0.0,0.0,OK
Lethbridge,Lethbridge,2026-06-22 12:00,2.0,2.0,2,2,2026-06-22T18:35:36+00:00,2.0,2026-06-22T18:35:36+00:00,0.0,0.0,OK
Medicine Hat,Medicine Hat,2026-06-22 11:00,2.0,2.0,2,2,2026-06-22T18:35:36+00:00,2.0,2026-06-22T18:35:36+00:00,0.0,0.0,OK
Airdrie,Airdrie,2026-06-22 11:00,2.0,2.0,3,2,2026-06-22T18:35:36+00:00,2.0,2026-06-22T18:35:36+00:00,0.0,0.0,OK
Cold Lake,Cold Lake,2026-06-22 12:00,1.0,2.0,3,2,2026-06-22T18:35:36+00:00,1.0,2026-06-22T18:35:36+00:00,0.0,0.0,OK
Drayton Valley,Drayton Valley,2026-06-22 11:00,1.0,2.0,3,2,2026-06-22T18:35:36+00:00,1.0,2026-06-22T18:35:36+00:00,0.0,0.0,OK
St. Albert,St. Albert,2026-06-22 11:00,1.0,2.0,3,2,2026-06-22T18:35:36+00:00,1.0,2026-06-22T18:35:36+00:00,0.0,0.0,OK
Strathcona County,Sherwood Park,2026-06-22 12:00,1.0,2.0,3,2,2026-06-22T18:35:36+00:00,,,,,OK
Edmonton,Edmonton,2026-06-22 13:00,2.0,2.0,3,2,2026-06-22T20:16:56+00:00,2.0,2026-06-22T20:16:56+00:00,0.0,0.0,OK
Calgary,Calgary,2026-06-22 13:00,2.0,2.0,3,2,2026-06-22T20:16:56+00:00,2.0,2026-06-22T20:16:56+00:00,0.0,0.0,OK
Red Deer,Red Deer,2026-06-22 13:00,2.0,2.0,3,2,2026-06-22T20:16:56+00:00,2.0,2026-06-22T20:16:56+00:00,0.0,0.0,OK
Fort McMurray,Fort McMurray,2026-06-22 13:00,1.0,2.0,2,3,2026-06-22T20:16:56+00:00,1.0,2026-06-22T20:16:56+00:00,0.0,0.0,OK
Grande Prairie,Grande Prairie,2026-06-22 13:00,2.0,2.0,3,2,2026-06-22T20:16:56+00:00,2.0,2026-06-22T20:16:56+00:00,0.0,0.0,OK
Lethbridge,Lethbridge,2026-06-22 13:00,2.0,2.0,2,2,2026-06-22T20:16:56+00:00,2.0,2026-06-22T20:16:56+00:00,0.0,0.0,OK
Medicine Hat,Medicine Hat,2026-06-22 13:00,2.0,2.0,2,2,2026-06-22T20:16:56+00:00,2.0,2026-06-22T20:16:56+00:00,0.0,0.0,OK
Airdrie,Airdrie,2026-06-22 13:00,2.0,2.0,3,2,2026-06-22T20:16:56+00:00,2.0,2026-06-22T20:16:56+00:00,0.0,0.0,OK
Cold Lake,Cold Lake,2026-06-22 13:00,1.0,2.0,3,2,2026-06-22T20:16:56+00:00,1.0,2026-06-22T20:16:56+00:00,0.0,0.0,OK
Drayton Valley,Drayton Valley,2026-06-22 13:00,2.0,2.0,3,2,2026-06-22T20:16:56+00:00,2.0,2026-06-22T20:16:56+00:00,0.0,0.0,OK
St. Albert,St. Albert,2026-06-22 13:00,1.0,2.0,3,2,2026-06-22T20:16:56+00:00,1.0,2026-06-22T20:16:56+00:00,0.0,0.0,OK
Strathcona County,Sherwood Park,2026-06-22 13:00,1.0,2.0,3,2,2026-06-22T20:16:56+00:00,,,,,OK
Edmonton,Edmonton,2026-06-22 15:00,2.0,2.0,3,2,2026-06-22T21:57:51+00:00,2.0,2026-06-22T21:57:51+00:00,0.0,0.0,OK
Calgary,Calgary,2026-06-22 15:00,2.0,2.0,3,2,2026-06-22T21:57:51+00:00,2.0,2026-06-22T21:57:51+00:00,0.0,0.0,OK
Red Deer,Red Deer,2026-06-22 13:00,2.0,2.0,3,2,2026-06-22T21:57:51+00:00,1.0,2026-06-22T21:57:51+00:00,1.0,1.0,Minor difference
Fort McMurray,Fort McMurray,2026-06-22 15:00,2.0,2.0,2,3,2026-06-22T21:57:51+00:00,2.0,2026-06-22T21:57:51+00:00,0.0,0.0,OK
Grande Prairie,Grande Prairie,2026-06-22 15:00,2.0,2.0,3,2,2026-06-22T21:57:51+00:00,2.0,2026-06-22T21:57:51+00:00,0.0,0.0,OK
Lethbridge,Lethbridge,2026-06-22 15:00,2.0,2.0,2,2,2026-06-22T21:57:51+00:00,2.0,2026-06-22T21:57:51+00:00,0.0,0.0,OK
Medicine Hat,Medicine Hat,2026-06-22 15:00,2.0,2.0,2,2,2026-06-22T21:57:51+00:00,2.0,2026-06-22T21:57:51+00:00,0.0,0.0,OK
Airdrie,Airdrie,2026-06-22 15:00,2.0,2.0,3,2,2026-06-22T21:57:51+00:00,2.0,2026-06-22T21:57:51+00:00,0.0,0.0,OK
Cold Lake,Cold Lake,2026-06-22 14:00,1.0,2.0,3,2,2026-06-22T21:57:51+00:00,1.0,2026-06-22T21:57:51+00:00,0.0,0.0,OK
Drayton Valley,Drayton Valley,2026-06-22 15:00,2.0,2.0,3,2,2026-06-22T21:57:51+00:00,2.0,2026-06-22T21:57:51+00:00,0.0,0.0,OK
St. Albert,St. Albert,2026-06-22 15:00,2.0,2.0,3,2,2026-06-22T21:57:51+00:00,2.0,2026-06-22T21:57:51+00:00,0.0,0.0,OK
Strathcona County,Sherwood Park,2026-06-22 15:00,2.0,2.0,3,2,2026-06-22T21:57:51+00:00,,,,,OK
Edmonton,Edmonton,2026-06-22 16:00,2.0,2.0,3,2,2026-06-22T22:53:16+00:00,2.0,2026-06-22T22:53:17+00:00,0.0,0.0,OK
Calgary,Calgary,2026-06-22 16:00,2.0,2.0,3,2,2026-06-22T22:53:16+00:00,2.0,2026-06-22T22:53:17+00:00,0.0,0.0,OK
Red Deer,Red Deer,2026-06-22 13:00,2.0,2.0,3,2,2026-06-22T22:53:16+00:00,1.0,2026-06-22T22:53:17+00:00,1.0,1.0,Minor difference
Fort McMurray,Fort McMurray,2026-06-22 16:00,2.0,2.0,2,3,2026-06-22T22:53:16+00:00,2.0,2026-06-22T22:53:17+00:00,0.0,0.0,OK
Grande Prairie,Grande Prairie,2026-06-22 16:00,2.0,2.0,3,2,2026-06-22T22:53:16+00:00,2.0,2026-06-22T22:53:17+00:00,0.0,0.0,OK
Lethbridge,Lethbridge,2026-06-22 16:00,2.0,2.0,2,2,2026-06-22T22:53:16+00:00,2.0,2026-06-22T22:53:17+00:00,0.0,0.0,OK
Medicine Hat,Medicine Hat,2026-06-22 16:00,2.0,2.0,2,2,2026-06-22T22:53:16+00:00,2.0,2026-06-22T22:53:17+00:00,0.0,0.0,OK
Airdrie,Airdrie,2026-06-22 16:00,2.0,2.0,3,2,2026-06-22T22:53:16+00:00,2.0,2026-06-22T22:53:17+00:00,0.0,0.0,OK
Cold Lake,Cold Lake,2026-06-22 16:00,1.0,2.0,3,2,2026-06-22T22:53:16+00:00,1.0,2026-06-22T22:53:17+00:00,0.0,0.0,OK
Drayton Valley,Drayton Valley,2026-06-22 16:00,2.0,2.0,3,2,2026-06-22T22:53:16+00:00,2.0,2026-06-22T22:53:17+00:00,0.0,0.0,OK
St. Albert,St. Albert,2026-06-22 16:00,2.0,2.0,3,2,2026-06-22T22:53:16+00:00,2.0,2026-06-22T22:53:17+00:00,0.0,0.0,OK
Strathcona County,Sherwood Park,2026-06-22 16:00,2.0,2.0,3,2,2026-06-22T22:53:16+00:00,,,,,OK
Edmonton,Edmonton,2026-06-22 17:00,2.0,,3,2,2026-06-22T23:46:00+00:00,2.0,2026-06-22T23:46:00+00:00,0.0,0.0,OK
Calgary,Calgary,2026-06-22 17:00,2.0,,3,2,2026-06-22T23:46:00+00:00,2.0,2026-06-22T23:46:00+00:00,0.0,0.0,OK
Red Deer,Red Deer,2026-06-22 13:00,2.0,,3,2,2026-06-22T23:46:00+00:00,,2026-06-22T23:46:00+00:00,,,OK
Fort McMurray,Fort McMurray,2026-06-22 17:00,2.0,,2,2,2026-06-22T23:46:00+00:00,2.0,2026-06-22T23:46:00+00:00,0.0,0.0,OK
Grande Prairie,Grande Prairie,2026-06-22 17:00,2.0,,2,2,2026-06-22T23:46:00+00:00,2.0,2026-06-22T23:46:00+00:00,0.0,0.0,OK
Lethbridge,Lethbridge,2026-06-22 17:00,2.0,,2,2,2026-06-22T23:46:00+00:00,2.0,2026-06-22T23:46:00+00:00,0.0,0.0,OK
Medicine Hat,Medicine Hat,2026-06-22 17:00,2.0,,2,2,2026-06-22T23:46:00+00:00,2.0,2026-06-22T23:46:00+00:00,0.0,0.0,OK
Airdrie,Airdrie,2026-06-22 17:00,2.0,,3,2,2026-06-22T23:46:00+00:00,2.0,2026-06-22T23:46:00+00:00,0.0,0.0,OK
Cold Lake,Cold Lake,2026-06-22 17:00,2.0,,2,2,2026-06-22T23:46:00+00:00,2.0,2026-06-22T23:46:00+00:00,0.0,0.0,OK
Drayton Valley,Drayton Valley,2026-06-22 17:00,2.0,,2,2,2026-06-22T23:46:00+00:00,2.0,2026-06-22T23:46:00+00:00,0.0,0.0,OK
St. Albert,St. Albert,2026-06-22 17:00,2.0,,3,2,2026-06-22T23:46:00+00:00,2.0,2026-06-22T23:46:00+00:00,0.0,0.0,OK
Strathcona County,Sherwood Park,2026-06-22 17:00,2.0,,3,2,2026-06-22T23:46:00+00:00,,,,,OK
Edmonton,Edmonton,2026-06-22 18:00,2.0,,3,2,2026-06-23T01:16:29+00:00,2.0,2026-06-23T01:16:29+00:00,0.0,0.0,OK
Calgary,Calgary,2026-06-22 18:00,2.0,,3,2,2026-06-23T01:16:29+00:00,2.0,2026-06-23T01:16:29+00:00,0.0,0.0,OK
Red Deer,Red Deer,2026-06-22 13:00,2.0,,3,2,2026-06-23T01:16:29+00:00,1.0,2026-06-23T01:16:29+00:00,1.0,1.0,Minor difference
Fort McMurray,Fort McMurray,2026-06-22 18:00,2.0,,2,2,2026-06-23T01:16:29+00:00,2.0,2026-06-23T01:16:29+00:00,0.0,0.0,OK
Grande Prairie,Grande Prairie,2026-06-22 18:00,2.0,,2,2,2026-06-23T01:16:29+00:00,2.0,2026-06-23T01:16:29+00:00,0.0,0.0,OK
Lethbridge,Lethbridge,2026-06-22 18:00,2.0,,2,2,2026-06-23T01:16:29+00:00,2.0,2026-06-23T01:16:29+00:00,0.0,0.0,OK
Medicine Hat,Medicine Hat,2026-06-22 18:00,2.0,,2,2,2026-06-23T01:16:29+00:00,2.0,2026-06-23T01:16:29+00:00,0.0,0.0,OK
Airdrie,Airdrie,2026-06-22 18:00,2.0,,3,2,2026-06-23T01:16:29+00:00,2.0,2026-06-23T01:16:29+00:00,0.0,0.0,OK
Cold Lake,Cold Lake,2026-06-22 18:00,1.0,,2,2,2026-06-23T01:16:29+00:00,1.0,2026-06-23T01:16:29+00:00,0.0,0.0,OK
Drayton Valley,Drayton Valley,2026-06-22 18:00,2.0,,2,2,2026-06-23T01:16:29+00:00,2.0,2026-06-23T01:16:29+00:00,0.0,0.0,OK
St. Albert,St. Albert,2026-06-22 18:00,2.0,,3,2,2026-06-23T01:16:29+00:00,2.0,2026-06-23T01:16:29+00:00,0.0,0.0,OK
Strathcona County,Sherwood Park,2026-06-22 18:00,2.0,,3,2,2026-06-23T01:16:29+00:00,,,,,OK
Edmonton,Edmonton,2026-06-22 21:00,2.0,,3,2,2026-06-23T03:27:04+00:00,2.0,2026-06-23T03:27:05+00:00,0.0,0.0,OK
Calgary,Calgary,2026-06-22 20:00,2.0,,3,2,2026-06-23T03:27:04+00:00,2.0,2026-06-23T03:27:05+00:00,0.0,0.0,OK
Red Deer,Red Deer,2026-06-22 21:00,2.0,,3,2,2026-06-23T03:27:04+00:00,2.0,2026-06-23T03:27:05+00:00,0.0,0.0,OK
Fort McMurray,Fort McMurray,2026-06-22 20:00,2.0,,2,2,2026-06-23T03:27:04+00:00,2.0,2026-06-23T03:27:05+00:00,0.0,0.0,OK
Grande Prairie,Grande Prairie,2026-06-22 20:00,2.0,,2,2,2026-06-23T03:27:04+00:00,2.0,2026-06-23T03:27:05+00:00,0.0,0.0,OK
Lethbridge,Lethbridge,2026-06-22 21:00,2.0,,2,2,2026-06-23T03:27:04+00:00,2.0,2026-06-23T03:27:05+00:00,0.0,0.0,OK
Medicine Hat,Medicine Hat,2026-06-22 20:00,2.0,,2,2,2026-06-23T03:27:04+00:00,2.0,2026-06-23T03:27:05+00:00,0.0,0.0,OK
Airdrie,Airdrie,2026-06-22 20:00,2.0,,3,2,2026-06-23T03:27:04+00:00,2.0,2026-06-23T03:27:05+00:00,0.0,0.0,OK
Cold Lake,Cold Lake,2026-06-22 21:00,1.0,,2,2,2026-06-23T03:27:04+00:00,1.0,2026-06-23T03:27:05+00:00,0.0,0.0,OK
Drayton Valley,Drayton Valley,2026-06-22 21:00,2.0,,2,2,2026-06-23T03:27:04+00:00,2.0,2026-06-23T03:27:05+00:00,0.0,0.0,OK
St. Albert,St. Albert,2026-06-22 21:00,2.0,,3,2,2026-06-23T03:27:04+00:00,2.0,2026-06-23T03:27:05+00:00,0.0,0.0,OK
Strathcona County,Sherwood Park,2026-06-22 21:00,2.0,,3,2,2026-06-23T03:27:04+00:00,,,,,OK
Edmonton,Edmonton,2026-06-22 23:00,2.0,,3,2,2026-06-23T05:41:43+00:00,2.0,2026-06-23T05:41:43+00:00,0.0,0.0,OK
Calgary,Calgary,2026-06-22 23:00,2.0,,3,2,2026-06-23T05:41:43+00:00,2.0,2026-06-23T05:41:43+00:00,0.0,0.0,OK
Red Deer,Red Deer,2026-06-22 23:00,1.0,,3,2,2026-06-23T05:41:43+00:00,1.0,2026-06-23T05:41:43+00:00,0.0,0.0,OK
Fort McMurray,Fort McMurray,2026-06-22 23:00,2.0,,2,2,2026-06-23T05:41:43+00:00,2.0,2026-06-23T05:41:43+00:00,0.0,0.0,OK
Grande Prairie,Grande Prairie,2026-06-22 23:00,2.0,,2,2,2026-06-23T05:41:43+00:00,2.0,2026-06-23T05:41:43+00:00,0.0,0.0,OK
Lethbridge,Lethbridge,2026-06-22 23:00,2.0,,2,2,2026-06-23T05:41:43+00:00,2.0,2026-06-23T05:41:43+00:00,0.0,0.0,OK
Medicine Hat,Medicine Hat,2026-06-22 23:00,2.0,,2,2,2026-06-23T05:41:43+00:00,2.0,2026-06-23T05:41:43+00:00,0.0,0.0,OK
Airdrie,Airdrie,2026-06-22 23:00,2.0,,3,2,2026-06-23T05:41:43+00:00,2.0,2026-06-23T05:41:43+00:00,0.0,0.0,OK
Cold Lake,Cold Lake,2026-06-22 23:00,1.0,,2,2,2026-06-23T05:41:43+00:00,1.0,2026-06-23T05:41:43+00:00,0.0,0.0,OK
Drayton Valley,Drayton Valley,2026-06-22 23:00,2.0,,2,2,2026-06-23T05:41:43+00:00,2.0,2026-06-23T05:41:43+00:00,0.0,0.0,OK
St. Albert,St. Albert,2026-06-22 23:00,2.0,,3,2,2026-06-23T05:41:43+00:00,2.0,2026-06-23T05:41:43+00:00,0.0,0.0,OK
Strathcona County,Sherwood Park,2026-06-22 23:00,1.0,,3,2,2026-06-23T05:41:43+00:00,,,,,OK
Edmonton,Edmonton,2026-06-23 00:00,2.0,,3,2,2026-06-23T07:33:11+00:00,2.0,2026-06-23T07:33:12+00:00,0.0,0.0,OK
Calgary,Calgary,2026-06-23 00:00,2.0,,3,2,2026-06-23T07:33:11+00:00,2.0,2026-06-23T07:33:12+00:00,0.0,0.0,OK
Red Deer,Red Deer,2026-06-23 00:00,1.0,,3,2,2026-06-23T07:33:11+00:00,1.0,2026-06-23T07:33:12+00:00,0.0,0.0,OK
Fort McMurray,Fort McMurray,2026-06-23 00:00,2.0,,2,2,2026-06-23T07:33:11+00:00,2.0,2026-06-23T07:33:12+00:00,0.0,0.0,OK
Grande Prairie,Grande Prairie,2026-06-23 00:00,2.0,,2,2,2026-06-23T07:33:11+00:00,2.0,2026-06-23T07:33:12+00:00,0.0,0.0,OK
Lethbridge,Lethbridge,2026-06-23 01:00,2.0,,2,2,2026-06-23T07:33:11+00:00,2.0,2026-06-23T07:33:12+00:00,0.0,0.0,OK
Medicine Hat,Medicine Hat,2026-06-23 00:00,2.0,,2,2,2026-06-23T07:33:11+00:00,2.0,2026-06-23T07:33:12+00:00,0.0,0.0,OK
Airdrie,Airdrie,2026-06-23 00:00,1.0,,3,2,2026-06-23T07:33:11+00:00,1.0,2026-06-23T07:33:12+00:00,0.0,0.0,OK
Cold Lake,Cold Lake,2026-06-23 01:00,1.0,,2,2,2026-06-23T07:33:11+00:00,1.0,2026-06-23T07:33:12+00:00,0.0,0.0,OK
Drayton Valley,Drayton Valley,2026-06-23 00:00,2.0,,2,2,2026-06-23T07:33:11+00:00,3.0,2026-06-23T07:33:12+00:00,-1.0,1.0,Minor difference
St. Albert,St. Albert,2026-06-23 00:00,2.0,,3,2,2026-06-23T07:33:11+00:00,2.0,2026-06-23T07:33:12+00:00,0.0,0.0,OK
Strathcona County,Sherwood Park,2026-06-23 01:00,1.0,,3,2,2026-06-23T07:33:11+00:00,,,,,OK
Edmonton,Edmonton,2026-06-23 02:00,2.0,,3,2,2026-06-23T09:28:06+00:00,2.0,2026-06-23T09:28:06+00:00,0.0,0.0,OK
Calgary,Calgary,2026-06-23 02:00,2.0,,3,2,2026-06-23T09:28:06+00:00,2.0,2026-06-23T09:28:06+00:00,0.0,0.0,OK
Red Deer,Red Deer,2026-06-23 02:00,2.0,,3,2,2026-06-23T09:28:06+00:00,2.0,2026-06-23T09:28:06+00:00,0.0,0.0,OK
Fort McMurray,Fort McMurray,2026-06-23 02:00,2.0,,2,2,2026-06-23T09:28:06+00:00,1.0,2026-06-23T09:28:06+00:00,1.0,1.0,Minor difference
Grande Prairie,Grande Prairie,2026-06-23 02:00,2.0,,2,2,2026-06-23T09:28:06+00:00,2.0,2026-06-23T09:28:06+00:00,0.0,0.0,OK
Lethbridge,Lethbridge,2026-06-23 03:00,1.0,,2,2,2026-06-23T09:28:06+00:00,1.0,2026-06-23T09:28:06+00:00,0.0,0.0,OK
Medicine Hat,Medicine Hat,2026-06-23 02:00,2.0,,2,2,2026-06-23T09:28:06+00:00,2.0,2026-06-23T09:28:06+00:00,0.0,0.0,OK
Airdrie,Airdrie,2026-06-23 02:00,1.0,,3,2,2026-06-23T09:28:06+00:00,1.0,2026-06-23T09:28:06+00:00,0.0,0.0,OK
Cold Lake,Cold Lake,2026-06-23 03:00,1.0,,2,2,2026-06-23T09:28:06+00:00,1.0,2026-06-23T09:28:06+00:00,0.0,0.0,OK
Drayton Valley,Drayton Valley,2026-06-23 02:00,2.0,,2,2,2026-06-23T09:28:06+00:00,2.0,2026-06-23T09:28:06+00:00,0.0,0.0,OK
St. Albert,St. Albert,2026-06-23 02:00,2.0,,3,2,2026-06-23T09:28:06+00:00,2.0,2026-06-23T09:28:06+00:00,0.0,0.0,OK
Strathcona County,Sherwood Park,2026-06-23 02:00,1.0,,3,2,2026-06-23T09:28:06+00:00,,,,,OK
Edmonton,Edmonton,2026-06-23 04:00,1.0,,3,2,2026-06-23T11:25:28+00:00,1.0,2026-06-23T11:25:28+00:00,0.0,0.0,OK
Calgary,Calgary,2026-06-23 04:00,2.0,,3,2,2026-06-23T11:25:28+00:00,2.0,2026-06-23T11:25:28+00:00,0.0,0.0,OK
Red Deer,Red Deer,2026-06-23 04:00,1.0,,3,2,2026-06-23T11:25:28+00:00,1.0,2026-06-23T11:25:28+00:00,0.0,0.0,OK
Fort McMurray,Fort McMurray,2026-06-23 04:00,2.0,,2,2,2026-06-23T11:25:28+00:00,1.0,2026-06-23T11:25:28+00:00,1.0,1.0,Minor difference
Grande Prairie,Grande Prairie,2026-06-23 03:00,2.0,,2,2,2026-06-23T11:25:28+00:00,2.0,2026-06-23T11:25:28+00:00,0.0,0.0,OK
Lethbridge,Lethbridge,2026-06-23 03:00,1.0,,2,2,2026-06-23T11:25:28+00:00,1.0,2026-06-23T11:25:28+00:00,0.0,0.0,OK
Medicine Hat,Medicine Hat,2026-06-23 04:00,1.0,,2,2,2026-06-23T11:25:28+00:00,1.0,2026-06-23T11:25:28+00:00,0.0,0.0,OK
Airdrie,Airdrie,2026-06-23 04:00,1.0,,3,2,2026-06-23T11:25:28+00:00,1.0,2026-06-23T11:25:28+00:00,0.0,0.0,OK
Cold Lake,Cold Lake,2026-06-23 05:00,1.0,,2,2,2026-06-23T11:25:28+00:00,1.0,2026-06-23T11:25:28+00:00,0.0,0.0,OK
Drayton Valley,Drayton Valley,2026-06-23 04:00,2.0,,2,2,2026-06-23T11:25:28+00:00,2.0,2026-06-23T11:25:28+00:00,0.0,0.0,OK
St. Albert,St. Albert,2026-06-23 04:00,2.0,,3,2,2026-06-23T11:25:28+00:00,1.0,2026-06-23T11:25:28+00:00,1.0,1.0,Minor difference
Strathcona County,Sherwood Park,2026-06-23 05:00,1.0,,3,2,2026-06-23T11:25:28+00:00,,,,,OK
Edmonton,Edmonton,2026-06-23 06:00,1.0,3.0,3,3,2026-06-23T13:17:43+00:00,1.0,2026-06-23T13:17:43+00:00,0.0,0.0,OK
Calgary,Calgary,2026-06-23 06:00,1.0,3.0,3,3,2026-06-23T13:17:43+00:00,1.0,2026-06-23T13:17:43+00:00,0.0,0.0,OK
Red Deer,Red Deer,2026-06-23 06:00,1.0,3.0,3,3,2026-06-23T13:17:43+00:00,1.0,2026-06-23T13:17:43+00:00,0.0,0.0,OK
Fort McMurray,Fort McMurray,2026-06-23 06:00,1.0,3.0,3,3,2026-06-23T13:17:43+00:00,1.0,2026-06-23T13:17:43+00:00,0.0,0.0,OK
Grande Prairie,Grande Prairie,2026-06-23 06:00,2.0,3.0,3,3,2026-06-23T13:17:43+00:00,2.0,2026-06-23T13:17:43+00:00,0.0,0.0,OK
Lethbridge,Lethbridge,2026-06-23 03:00,1.0,2.0,3,2,2026-06-23T13:17:43+00:00,1.0,2026-06-23T13:17:43+00:00,0.0,0.0,OK
Medicine Hat,Medicine Hat,2026-06-23 06:00,1.0,2.0,3,2,2026-06-23T13:17:43+00:00,1.0,2026-06-23T13:17:43+00:00,0.0,0.0,OK
Airdrie,Airdrie,2026-06-23 06:00,1.0,3.0,3,3,2026-06-23T13:17:43+00:00,1.0,2026-06-23T13:17:43+00:00,0.0,0.0,OK
Cold Lake,Cold Lake,2026-06-23 06:00,1.0,3.0,3,2,2026-06-23T13:17:43+00:00,1.0,2026-06-23T13:17:43+00:00,0.0,0.0,OK
Drayton Valley,Drayton Valley,2026-06-23 06:00,2.0,3.0,3,3,2026-06-23T13:17:43+00:00,2.0,2026-06-23T13:17:43+00:00,0.0,0.0,OK
St. Albert,St. Albert,2026-06-23 06:00,1.0,3.0,3,3,2026-06-23T13:17:43+00:00,1.0,2026-06-23T13:17:43+00:00,0.0,0.0,OK
Strathcona County,Sherwood Park,2026-06-23 06:00,1.0,3.0,3,3,2026-06-23T13:17:43+00:00,,,,,OK
Edmonton,Edmonton,2026-06-23 08:00,1.0,3.0,3,3,2026-06-23T15:22:11+00:00,1.0,2026-06-23T15:22:12+00:00,0.0,0.0,OK
Calgary,Calgary,2026-06-23 08:00,1.0,3.0,3,3,2026-06-23T15:22:11+00:00,1.0,2026-06-23T15:22:12+00:00,0.0,0.0,OK
Red Deer,Red Deer,2026-06-23 08:00,1.0,3.0,3,3,2026-06-23T15:22:11+00:00,1.0,2026-06-23T15:22:12+00:00,0.0,0.0,OK
Fort McMurray,Fort McMurray,2026-06-23 08:00,1.0,3.0,3,3,2026-06-23T15:22:11+00:00,1.0,2026-06-23T15:22:12+00:00,0.0,0.0,OK
Grande Prairie,Grande Prairie,2026-06-23 08:00,2.0,3.0,3,3,2026-06-23T15:22:11+00:00,2.0,2026-06-23T15:22:12+00:00,0.0,0.0,OK
Lethbridge,Lethbridge,2026-06-23 08:00,1.0,2.0,3,2,2026-06-23T15:22:11+00:00,1.0,2026-06-23T15:22:12+00:00,0.0,0.0,OK
Medicine Hat,Medicine Hat,2026-06-23 08:00,1.0,2.0,3,2,2026-06-23T15:22:11+00:00,1.0,2026-06-23T15:22:12+00:00,0.0,0.0,OK
Airdrie,Airdrie,2026-06-23 08:00,1.0,3.0,3,3,2026-06-23T15:22:11+00:00,1.0,2026-06-23T15:22:12+00:00,0.0,0.0,OK
Cold Lake,Cold Lake,2026-06-23 08:00,1.0,3.0,3,2,2026-06-23T15:22:11+00:00,1.0,2026-06-23T15:22:12+00:00,0.0,0.0,OK
Drayton Valley,Drayton Valley,2026-06-23 08:00,1.0,3.0,3,3,2026-06-23T15:22:11+00:00,1.0,2026-06-23T15:22:12+00:00,0.0,0.0,OK
St. Albert,St. Albert,2026-06-23 08:00,1.0,3.0,3,3,2026-06-23T15:22:11+00:00,1.0,2026-06-23T15:22:12+00:00,0.0,0.0,OK
Strathcona County,Sherwood Park,2026-06-23 08:00,1.0,3.0,3,3,2026-06-23T15:22:11+00:00,,,,,OK
Edmonton,Edmonton,2026-06-23 10:00,2.0,3.0,3,3,2026-06-23T17:05:24+00:00,2.0,2026-06-23T17:05:25+00:00,0.0,0.0,OK
Calgary,Calgary,2026-06-23 10:00,2.0,3.0,3,3,2026-06-23T17:05:24+00:00,2.0,2026-06-23T17:05:25+00:00,0.0,0.0,OK
Red Deer,Red Deer,2026-06-23 10:00,1.0,3.0,3,3,2026-06-23T17:05:24+00:00,1.0,2026-06-23T17:05:25+00:00,0.0,0.0,OK
Fort McMurray,Fort McMurray,2026-06-23 10:00,1.0,3.0,3,3,2026-06-23T17:05:24+00:00,1.0,2026-06-23T17:05:25+00:00,0.0,0.0,OK
Grande Prairie,Grande Prairie,2026-06-23 10:00,2.0,3.0,3,3,2026-06-23T17:05:24+00:00,2.0,2026-06-23T17:05:25+00:00,0.0,0.0,OK
Lethbridge,Lethbridge,2026-06-23 10:00,2.0,2.0,3,2,2026-06-23T17:05:24+00:00,2.0,2026-06-23T17:05:25+00:00,0.0,0.0,OK
Medicine Hat,Medicine Hat,2026-06-23 10:00,2.0,2.0,3,2,2026-06-23T17:05:24+00:00,2.0,2026-06-23T17:05:25+00:00,0.0,0.0,OK
Airdrie,Airdrie,2026-06-23 10:00,2.0,3.0,3,3,2026-06-23T17:05:24+00:00,2.0,2026-06-23T17:05:25+00:00,0.0,0.0,OK
Cold Lake,Cold Lake,2026-06-23 10:00,1.0,3.0,3,2,2026-06-23T17:05:24+00:00,1.0,2026-06-23T17:05:25+00:00,0.0,0.0,OK
Drayton Valley,Drayton Valley,2026-06-23 10:00,1.0,3.0,3,3,2026-06-23T17:05:24+00:00,1.0,2026-06-23T17:05:25+00:00,0.0,0.0,OK
St. Albert,St. Albert,2026-06-23 10:00,2.0,3.0,3,3,2026-06-23T17:05:24+00:00,2.0,2026-06-23T17:05:25+00:00,0.0,0.0,OK
Strathcona County,Sherwood Park,2026-06-23 10:00,1.0,3.0,3,3,2026-06-23T17:05:24+00:00,,,,,OK
Edmonton,Edmonton,2026-06-23 12:00,2.0,3.0,3,3,2026-06-23T18:59:10+00:00,2.0,2026-06-23T18:59:10+00:00,0.0,0.0,OK
Calgary,Calgary,2026-06-23 12:00,2.0,3.0,3,3,2026-06-23T18:59:10+00:00,2.0,2026-06-23T18:59:10+00:00,0.0,0.0,OK
Red Deer,Red Deer,2026-06-23 12:00,2.0,3.0,3,3,2026-06-23T18:59:10+00:00,2.0,2026-06-23T18:59:10+00:00,0.0,0.0,OK
Fort McMurray,Fort McMurray,2026-06-23 12:00,2.0,3.0,3,3,2026-06-23T18:59:10+00:00,2.0,2026-06-23T18:59:10+00:00,0.0,0.0,OK
Grande Prairie,Grande Prairie,2026-06-23 12:00,3.0,3.0,3,3,2026-06-23T18:59:10+00:00,3.0,2026-06-23T18:59:10+00:00,0.0,0.0,OK
Lethbridge,Lethbridge,2026-06-23 12:00,2.0,2.0,3,2,2026-06-23T18:59:10+00:00,2.0,2026-06-23T18:59:10+00:00,0.0,0.0,OK
Medicine Hat,Medicine Hat,2026-06-23 12:00,2.0,2.0,3,2,2026-06-23T18:59:10+00:00,2.0,2026-06-23T18:59:10+00:00,0.0,0.0,OK
Airdrie,Airdrie,2026-06-23 12:00,2.0,3.0,3,3,2026-06-23T18:59:10+00:00,2.0,2026-06-23T18:59:10+00:00,0.0,0.0,OK
Cold Lake,Cold Lake,2026-06-23 12:00,1.0,3.0,3,2,2026-06-23T18:59:10+00:00,1.0,2026-06-23T18:59:10+00:00,0.0,0.0,OK
Drayton Valley,Drayton Valley,2026-06-23 12:00,1.0,3.0,3,3,2026-06-23T18:59:10+00:00,1.0,2026-06-23T18:59:10+00:00,0.0,0.0,OK
St. Albert,St. Albert,2026-06-23 12:00,2.0,3.0,3,3,2026-06-23T18:59:10+00:00,2.0,2026-06-23T18:59:10+00:00,0.0,0.0,OK
Strathcona County,Sherwood Park,2026-06-23 12:00,2.0,3.0,3,3,2026-06-23T18:59:10+00:00,,,,,OK
Edmonton,Edmonton,2026-06-23 13:00,2.0,3.0,3,3,2026-06-23T19:57:39+00:00,2.0,2026-06-23T19:57:40+00:00,0.0,0.0,OK
Calgary,Calgary,2026-06-23 13:00,2.0,3.0,3,3,2026-06-23T19:57:39+00:00,2.0,2026-06-23T19:57:40+00:00,0.0,0.0,OK
Red Deer,Red Deer,2026-06-23 13:00,2.0,3.0,3,3,2026-06-23T19:57:39+00:00,2.0,2026-06-23T19:57:40+00:00,0.0,0.0,OK
Fort McMurray,Fort McMurray,2026-06-23 13:00,2.0,3.0,3,3,2026-06-23T19:57:39+00:00,2.0,2026-06-23T19:57:40+00:00,0.0,0.0,OK
Grande Prairie,Grande Prairie,2026-06-23 13:00,3.0,3.0,3,3,2026-06-23T19:57:39+00:00,3.0,2026-06-23T19:57:40+00:00,0.0,0.0,OK
Lethbridge,Lethbridge,2026-06-23 13:00,2.0,2.0,3,2,2026-06-23T19:57:39+00:00,2.0,2026-06-23T19:57:40+00:00,0.0,0.0,OK
Medicine Hat,Medicine Hat,2026-06-23 13:00,2.0,2.0,3,2,2026-06-23T19:57:39+00:00,2.0,2026-06-23T19:57:40+00:00,0.0,0.0,OK
Airdrie,Airdrie,2026-06-23 13:00,2.0,3.0,3,3,2026-06-23T19:57:39+00:00,2.0,2026-06-23T19:57:40+00:00,0.0,0.0,OK
Cold Lake,Cold Lake,2026-06-23 13:00,2.0,3.0,3,2,2026-06-23T19:57:39+00:00,2.0,2026-06-23T19:57:40+00:00,0.0,0.0,OK
Drayton Valley,Drayton Valley,2026-06-23 13:00,2.0,3.0,3,3,2026-06-23T19:57:39+00:00,2.0,2026-06-23T19:57:40+00:00,0.0,0.0,OK
St. Albert,St. Albert,2026-06-23 13:00,2.0,3.0,3,3,2026-06-23T19:57:39+00:00,2.0,2026-06-23T19:57:40+00:00,0.0,0.0,OK
Strathcona County,Sherwood Park,2026-06-23 13:00,2.0,3.0,3,3,2026-06-23T19:57:39+00:00,,,,,OK
Edmonton,Edmonton,2026-06-23 14:00,2.0,3.0,3,3,2026-06-23T20:58:24+00:00,2.0,2026-06-23T20:58:24+00:00,0.0,0.0,OK
Calgary,Calgary,2026-06-23 14:00,3.0,3.0,3,3,2026-06-23T20:58:24+00:00,3.0,2026-06-23T20:58:24+00:00,0.0,0.0,OK
Red Deer,Red Deer,2026-06-23 14:00,2.0,3.0,3,3,2026-06-23T20:58:24+00:00,2.0,2026-06-23T20:58:24+00:00,0.0,0.0,OK
Fort McMurray,Fort McMurray,2026-06-23 14:00,2.0,3.0,3,3,2026-06-23T20:58:24+00:00,2.0,2026-06-23T20:58:24+00:00,0.0,0.0,OK
Grande Prairie,Grande Prairie,2026-06-23 14:00,3.0,3.0,3,3,2026-06-23T20:58:24+00:00,3.0,2026-06-23T20:58:24+00:00,0.0,0.0,OK
Lethbridge,Lethbridge,2026-06-23 14:00,2.0,2.0,3,2,2026-06-23T20:58:24+00:00,2.0,2026-06-23T20:58:24+00:00,0.0,0.0,OK
Medicine Hat,Medicine Hat,2026-06-23 14:00,2.0,2.0,3,2,2026-06-23T20:58:24+00:00,2.0,2026-06-23T20:58:24+00:00,0.0,0.0,OK
Airdrie,Airdrie,2026-06-23 14:00,2.0,3.0,3,3,2026-06-23T20:58:24+00:00,2.0,2026-06-23T20:58:24+00:00,0.0,0.0,OK
Cold Lake,Cold Lake,2026-06-23 13:00,2.0,3.0,3,2,2026-06-23T20:58:24+00:00,2.0,2026-06-23T20:58:24+00:00,0.0,0.0,OK
Drayton Valley,Drayton Valley,2026-06-23 14:00,2.0,3.0,3,3,2026-06-23T20:58:24+00:00,2.0,2026-06-23T20:58:24+00:00,0.0,0.0,OK
St. Albert,St. Albert,2026-06-23 14:00,2.0,3.0,3,3,2026-06-23T20:58:24+00:00,2.0,2026-06-23T20:58:24+00:00,0.0,0.0,OK
Strathcona County,Sherwood Park,2026-06-23 14:00,2.0,3.0,3,3,2026-06-23T20:58:24+00:00,,,,,OK
Edmonton,Edmonton,2026-06-23 15:00,2.0,3.0,3,3,2026-06-23T21:50:23+00:00,2.0,2026-06-23T21:50:23+00:00,0.0,0.0,OK
Calgary,Calgary,2026-06-23 15:00,3.0,3.0,3,3,2026-06-23T21:50:23+00:00,3.0,2026-06-23T21:50:23+00:00,0.0,0.0,OK
Red Deer,Red Deer,2026-06-23 15:00,2.0,3.0,3,3,2026-06-23T21:50:23+00:00,2.0,2026-06-23T21:50:23+00:00,0.0,0.0,OK
Fort McMurray,Fort McMurray,2026-06-23 15:00,2.0,3.0,3,3,2026-06-23T21:50:23+00:00,2.0,2026-06-23T21:50:23+00:00,0.0,0.0,OK
Grande Prairie,Grande Prairie,2026-06-23 15:00,3.0,3.0,3,3,2026-06-23T21:50:23+00:00,3.0,2026-06-23T21:50:23+00:00,0.0,0.0,OK
Lethbridge,Lethbridge,2026-06-23 15:00,2.0,2.0,3,2,2026-06-23T21:50:23+00:00,2.0,2026-06-23T21:50:23+00:00,0.0,0.0,OK
Medicine Hat,Medicine Hat,2026-06-23 15:00,2.0,2.0,3,2,2026-06-23T21:50:23+00:00,2.0,2026-06-23T21:50:23+00:00,0.0,0.0,OK
Airdrie,Airdrie,2026-06-23 15:00,2.0,3.0,3,3,2026-06-23T21:50:23+00:00,2.0,2026-06-23T21:50:23+00:00,0.0,0.0,OK
Cold Lake,Cold Lake,2026-06-23 15:00,2.0,3.0,3,2,2026-06-23T21:50:23+00:00,2.0,2026-06-23T21:50:23+00:00,0.0,0.0,OK
Drayton Valley,Drayton Valley,2026-06-23 15:00,2.0,3.0,3,3,2026-06-23T21:50:23+00:00,2.0,2026-06-23T21:50:23+00:00,0.0,0.0,OK
St. Albert,St. Albert,2026-06-23 15:00,2.0,3.0,3,3,2026-06-23T21:50:23+00:00,2.0,2026-06-23T21:50:23+00:00,0.0,0.0,OK
Strathcona County,Sherwood Park,2026-06-23 15:00,2.0,3.0,3,3,2026-06-23T21:50:23+00:00,,,,,OK
Edmonton,Edmonton,2026-06-23 16:00,2.0,3.0,3,3,2026-06-23T22:46:11+00:00,2.0,2026-06-23T22:46:12+00:00,0.0,0.0,OK
Calgary,Calgary,2026-06-23 16:00,3.0,3.0,3,3,2026-06-23T22:46:11+00:00,3.0,2026-06-23T22:46:12+00:00,0.0,0.0,OK
Red Deer,Red Deer,2026-06-23 16:00,2.0,3.0,3,3,2026-06-23T22:46:11+00:00,2.0,2026-06-23T22:46:12+00:00,0.0,0.0,OK
Fort McMurray,Fort McMurray,2026-06-23 16:00,2.0,3.0,3,3,2026-06-23T22:46:11+00:00,2.0,2026-06-23T22:46:12+00:00,0.0,0.0,OK
Grande Prairie,Grande Prairie,2026-06-23 16:00,3.0,3.0,3,3,2026-06-23T22:46:11+00:00,3.0,2026-06-23T22:46:12+00:00,0.0,0.0,OK
Lethbridge,Lethbridge,2026-06-23 16:00,2.0,2.0,3,2,2026-06-23T22:46:11+00:00,2.0,2026-06-23T22:46:12+00:00,0.0,0.0,OK
Medicine Hat,Medicine Hat,2026-06-23 16:00,2.0,2.0,3,2,2026-06-23T22:46:11+00:00,2.0,2026-06-23T22:46:12+00:00,0.0,0.0,OK
Airdrie,Airdrie,2026-06-23 16:00,2.0,3.0,3,3,2026-06-23T22:46:11+00:00,2.0,2026-06-23T22:46:12+00:00,0.0,0.0,OK
Cold Lake,Cold Lake,2026-06-23 16:00,2.0,3.0,3,2,2026-06-23T22:46:11+00:00,2.0,2026-06-23T22:46:12+00:00,0.0,0.0,OK
Drayton Valley,Drayton Valley,2026-06-23 16:00,2.0,3.0,3,3,2026-06-23T22:46:11+00:00,2.0,2026-06-23T22:46:12+00:00,0.0,0.0,OK
St. Albert,St. Albert,2026-06-23 16:00,2.0,3.0,3,3,2026-06-23T22:46:11+00:00,2.0,2026-06-23T22:46:12+00:00,0.0,0.0,OK
Strathcona County,Sherwood Park,2026-06-23 16:00,2.0,3.0,3,3,2026-06-23T22:46:11+00:00,,,,,OK
Edmonton,Edmonton,2026-06-23 18:00,2.0,,3,3,2026-06-24T01:15:12+00:00,2.0,2026-06-24T01:15:13+00:00,0.0,0.0,OK
Calgary,Calgary,2026-06-23 18:00,3.0,,3,3,2026-06-24T01:15:12+00:00,3.0,2026-06-24T01:15:13+00:00,0.0,0.0,OK
Red Deer,Red Deer,2026-06-23 18:00,2.0,,3,3,2026-06-24T01:15:12+00:00,2.0,2026-06-24T01:15:13+00:00,0.0,0.0,OK
Fort McMurray,Fort McMurray,2026-06-23 18:00,2.0,,2,2,2026-06-24T01:15:12+00:00,2.0,2026-06-24T01:15:13+00:00,0.0,0.0,OK
Grande Prairie,Grande Prairie,2026-06-23 18:00,3.0,,3,3,2026-06-24T01:15:12+00:00,3.0,2026-06-24T01:15:13+00:00,0.0,0.0,OK
Lethbridge,Lethbridge,2026-06-23 18:00,2.0,,2,2,2026-06-24T01:15:12+00:00,2.0,2026-06-24T01:15:13+00:00,0.0,0.0,OK
Medicine Hat,Medicine Hat,2026-06-23 18:00,2.0,,2,2,2026-06-24T01:15:12+00:00,2.0,2026-06-24T01:15:13+00:00,0.0,0.0,OK
Airdrie,Airdrie,2026-06-23 18:00,3.0,,3,3,2026-06-24T01:15:12+00:00,3.0,2026-06-24T01:15:13+00:00,0.0,0.0,OK
Cold Lake,Cold Lake,2026-06-23 18:00,2.0,,3,3,2026-06-24T01:15:12+00:00,2.0,2026-06-24T01:15:13+00:00,0.0,0.0,OK
Drayton Valley,Drayton Valley,2026-06-23 18:00,2.0,,3,3,2026-06-24T01:15:12+00:00,2.0,2026-06-24T01:15:13+00:00,0.0,0.0,OK
St. Albert,St. Albert,2026-06-23 18:00,2.0,,3,3,2026-06-24T01:15:12+00:00,2.0,2026-06-24T01:15:13+00:00,0.0,0.0,OK
Strathcona County,Sherwood Park,2026-06-23 18:00,2.0,,3,3,2026-06-24T01:15:12+00:00,,,,,OK
Edmonton,Edmonton,2026-06-23 19:00,2.0,,3,3,2026-06-24T02:05:53+00:00,2.0,2026-06-24T02:05:53+00:00,0.0,0.0,OK
Calgary,Calgary,2026-06-23 19:00,3.0,,3,3,2026-06-24T02:05:53+00:00,3.0,2026-06-24T02:05:53+00:00,0.0,0.0,OK
Red Deer,Red Deer,2026-06-23 19:00,2.0,,3,3,2026-06-24T02:05:53+00:00,2.0,2026-06-24T02:05:53+00:00,0.0,0.0,OK
Fort McMurray,Fort McMurray,2026-06-23 19:00,2.0,,2,2,2026-06-24T02:05:53+00:00,2.0,2026-06-24T02:05:53+00:00,0.0,0.0,OK
Grande Prairie,Grande Prairie,2026-06-23 19:00,3.0,,3,3,2026-06-24T02:05:53+00:00,2.0,2026-06-24T02:05:53+00:00,1.0,1.0,Minor difference
Lethbridge,Lethbridge,2026-06-23 19:00,2.0,,2,2,2026-06-24T02:05:53+00:00,2.0,2026-06-24T02:05:53+00:00,0.0,0.0,OK
Medicine Hat,Medicine Hat,2026-06-23 19:00,2.0,,2,2,2026-06-24T02:05:53+00:00,2.0,2026-06-24T02:05:53+00:00,0.0,0.0,OK
Airdrie,Airdrie,2026-06-23 19:00,3.0,,3,3,2026-06-24T02:05:53+00:00,3.0,2026-06-24T02:05:53+00:00,0.0,0.0,OK
Cold Lake,Cold Lake,2026-06-23 19:00,2.0,,3,3,2026-06-24T02:05:53+00:00,2.0,2026-06-24T02:05:53+00:00,0.0,0.0,OK
Drayton Valley,Drayton Valley,2026-06-23 19:00,2.0,,3,3,2026-06-24T02:05:53+00:00,2.0,2026-06-24T02:05:53+00:00,0.0,0.0,OK
St. Albert,St. Albert,2026-06-23 19:00,2.0,,3,3,2026-06-24T02:05:53+00:00,2.0,2026-06-24T02:05:53+00:00,0.0,0.0,OK
Strathcona County,Sherwood Park,2026-06-23 19:00,2.0,,3,3,2026-06-24T02:05:53+00:00,,,,,OK
Edmonton,Edmonton,2026-06-23 20:00,2.0,,3,3,2026-06-24T03:27:01+00:00,2.0,2026-06-24T03:27:01+00:00,0.0,0.0,OK
Calgary,Calgary,2026-06-23 20:00,3.0,,3,3,2026-06-24T03:27:01+00:00,3.0,2026-06-24T03:27:01+00:00,0.0,0.0,OK
Red Deer,Red Deer,2026-06-23 20:00,2.0,,3,3,2026-06-24T03:27:01+00:00,2.0,2026-06-24T03:27:01+00:00,0.0,0.0,OK
Fort McMurray,Fort McMurray,2026-06-23 20:00,2.0,,2,2,2026-06-24T03:27:01+00:00,2.0,2026-06-24T03:27:01+00:00,0.0,0.0,OK
Grande Prairie,Grande Prairie,2026-06-23 20:00,2.0,,3,3,2026-06-24T03:27:01+00:00,2.0,2026-06-24T03:27:01+00:00,0.0,0.0,OK
Lethbridge,Lethbridge,2026-06-23 21:00,2.0,,2,2,2026-06-24T03:27:01+00:00,2.0,2026-06-24T03:27:01+00:00,0.0,0.0,OK
Medicine Hat,Medicine Hat,2026-06-23 20:00,2.0,,2,2,2026-06-24T03:27:01+00:00,2.0,2026-06-24T03:27:01+00:00,0.0,0.0,OK
Airdrie,Airdrie,2026-06-23 20:00,3.0,,3,3,2026-06-24T03:27:01+00:00,3.0,2026-06-24T03:27:01+00:00,0.0,0.0,OK
Cold Lake,Cold Lake,2026-06-23 21:00,2.0,,3,3,2026-06-24T03:27:01+00:00,2.0,2026-06-24T03:27:01+00:00,0.0,0.0,OK
Drayton Valley,Drayton Valley,2026-06-23 20:00,2.0,,3,3,2026-06-24T03:27:01+00:00,2.0,2026-06-24T03:27:01+00:00,0.0,0.0,OK
St. Albert,St. Albert,2026-06-23 20:00,3.0,,3,3,2026-06-24T03:27:01+00:00,3.0,2026-06-24T03:27:01+00:00,0.0,0.0,OK
Strathcona County,Sherwood Park,2026-06-23 21:00,2.0,,3,3,2026-06-24T03:27:01+00:00,,,,,OK
Edmonton,Edmonton,2026-06-23 22:00,2.0,,3,3,2026-06-24T05:41:17+00:00,2.0,2026-06-24T05:41:17+00:00,0.0,0.0,OK
Calgary,Calgary,2026-06-23 22:00,3.0,,3,3,2026-06-24T05:41:17+00:00,3.0,2026-06-24T05:41:17+00:00,0.0,0.0,OK
Red Deer,Red Deer,2026-06-23 22:00,2.0,,3,3,2026-06-24T05:41:17+00:00,2.0,2026-06-24T05:41:17+00:00,0.0,0.0,OK
Fort McMurray,Fort McMurray,2026-06-23 22:00,2.0,,2,2,2026-06-24T05:41:17+00:00,2.0,2026-06-24T05:41:17+00:00,0.0,0.0,OK
Grande Prairie,Grande Prairie,2026-06-23 22:00,2.0,,3,3,2026-06-24T05:41:17+00:00,2.0,2026-06-24T05:41:17+00:00,0.0,0.0,OK
Lethbridge,Lethbridge,2026-06-23 22:00,2.0,,2,2,2026-06-24T05:41:17+00:00,2.0,2026-06-24T05:41:17+00:00,0.0,0.0,OK
Medicine Hat,Medicine Hat,2026-06-23 22:00,2.0,,2,2,2026-06-24T05:41:17+00:00,2.0,2026-06-24T05:41:17+00:00,0.0,0.0,OK
Airdrie,Airdrie,2026-06-23 22:00,3.0,,3,3,2026-06-24T05:41:17+00:00,3.0,2026-06-24T05:41:17+00:00,0.0,0.0,OK
Cold Lake,Cold Lake,2026-06-23 23:00,2.0,,3,3,2026-06-24T05:41:17+00:00,2.0,2026-06-24T05:41:17+00:00,0.0,0.0,OK
Drayton Valley,Drayton Valley,2026-06-23 22:00,2.0,,3,3,2026-06-24T05:41:17+00:00,2.0,2026-06-24T05:41:17+00:00,0.0,0.0,OK
St. Albert,St. Albert,2026-06-23 22:00,2.0,,3,3,2026-06-24T05:41:17+00:00,2.0,2026-06-24T05:41:17+00:00,0.0,0.0,OK
Strathcona County,Sherwood Park,2026-06-23 22:00,2.0,,3,3,2026-06-24T05:41:17+00:00,,,,,OK
Edmonton,Edmonton,2026-06-24 00:00,2.0,,3,3,2026-06-24T07:29:27+00:00,2.0,2026-06-24T07:29:27+00:00,0.0,0.0,OK
Calgary,Calgary,2026-06-24 00:00,3.0,,3,3,2026-06-24T07:29:27+00:00,3.0,2026-06-24T07:29:27+00:00,0.0,0.0,OK
Red Deer,Red Deer,2026-06-24 00:00,2.0,,3,3,2026-06-24T07:29:27+00:00,2.0,2026-06-24T07:29:27+00:00,0.0,0.0,OK
Fort McMurray,Fort McMurray,2026-06-24 00:00,2.0,,2,2,2026-06-24T07:29:27+00:00,2.0,2026-06-24T07:29:27+00:00,0.0,0.0,OK
Grande Prairie,Grande Prairie,2026-06-24 00:00,2.0,,3,3,2026-06-24T07:29:27+00:00,2.0,2026-06-24T07:29:27+00:00,0.0,0.0,OK
Lethbridge,Lethbridge,2026-06-24 01:00,2.0,,2,2,2026-06-24T07:29:27+00:00,2.0,2026-06-24T07:29:27+00:00,0.0,0.0,OK
Medicine Hat,Medicine Hat,2026-06-24 00:00,2.0,,2,2,2026-06-24T07:29:27+00:00,2.0,2026-06-24T07:29:27+00:00,0.0,0.0,OK
Airdrie,Airdrie,2026-06-24 00:00,3.0,,3,3,2026-06-24T07:29:27+00:00,3.0,2026-06-24T07:29:27+00:00,0.0,0.0,OK
Cold Lake,Cold Lake,2026-06-24 01:00,1.0,,3,3,2026-06-24T07:29:27+00:00,1.0,2026-06-24T07:29:27+00:00,0.0,0.0,OK
Drayton Valley,Drayton Valley,2026-06-24 00:00,2.0,,3,3,2026-06-24T07:29:27+00:00,2.0,2026-06-24T07:29:27+00:00,0.0,0.0,OK
St. Albert,St. Albert,2026-06-24 00:00,2.0,,3,3,2026-06-24T07:29:27+00:00,2.0,2026-06-24T07:29:27+00:00,0.0,0.0,OK
Strathcona County,Sherwood Park,2026-06-24 01:00,2.0,,3,3,2026-06-24T07:29:27+00:00,,,,,OK
Edmonton,Edmonton,2026-06-24 02:00,2.0,,3,3,2026-06-24T09:27:11+00:00,2.0,2026-06-24T09:27:12+00:00,0.0,0.0,OK
Calgary,Calgary,2026-06-24 02:00,3.0,,3,3,2026-06-24T09:27:11+00:00,3.0,2026-06-24T09:27:12+00:00,0.0,0.0,OK
Red Deer,Red Deer,2026-06-24 02:00,2.0,,3,3,2026-06-24T09:27:11+00:00,1.0,2026-06-24T09:27:12+00:00,1.0,1.0,Minor difference
Fort McMurray,Fort McMurray,2026-06-24 02:00,2.0,,2,2,2026-06-24T09:27:11+00:00,1.0,2026-06-24T09:27:12+00:00,1.0,1.0,Minor difference
Grande Prairie,Grande Prairie,2026-06-24 02:00,3.0,,3,3,2026-06-24T09:27:11+00:00,2.0,2026-06-24T09:27:12+00:00,1.0,1.0,Minor difference
Lethbridge,Lethbridge,2026-06-24 03:00,2.0,,2,2,2026-06-24T09:27:11+00:00,2.0,2026-06-24T09:27:12+00:00,0.0,0.0,OK
Medicine Hat,Medicine Hat,2026-06-24 02:00,1.0,,2,2,2026-06-24T09:27:11+00:00,1.0,2026-06-24T09:27:12+00:00,0.0,0.0,OK
Airdrie,Airdrie,2026-06-24 02:00,2.0,,3,3,2026-06-24T09:27:11+00:00,2.0,2026-06-24T09:27:12+00:00,0.0,0.0,OK
Cold Lake,Cold Lake,2026-06-24 03:00,1.0,,3,3,2026-06-24T09:27:11+00:00,1.0,2026-06-24T09:27:12+00:00,0.0,0.0,OK
Drayton Valley,Drayton Valley,2026-06-24 02:00,2.0,,3,3,2026-06-24T09:27:11+00:00,2.0,2026-06-24T09:27:12+00:00,0.0,0.0,OK
St. Albert,St. Albert,2026-06-24 01:00,2.0,,3,3,2026-06-24T09:27:11+00:00,1.0,2026-06-24T09:27:12+00:00,1.0,1.0,Minor difference
Strathcona County,Sherwood Park,2026-06-24 03:00,2.0,,3,3,2026-06-24T09:27:11+00:00,,,,,OK
Edmonton,Edmonton,2026-06-24 04:00,2.0,,3,3,2026-06-24T11:18:46+00:00,2.0,2026-06-24T11:18:46+00:00,0.0,0.0,OK
Calgary,Calgary,2026-06-24 04:00,2.0,,3,3,2026-06-24T11:18:46+00:00,2.0,2026-06-24T11:18:46+00:00,0.0,0.0,OK
Red Deer,Red Deer,2026-06-24 04:00,2.0,,3,3,2026-06-24T11:18:46+00:00,2.0,2026-06-24T11:18:46+00:00,0.0,0.0,OK
Fort McMurray,Fort McMurray,2026-06-24 04:00,1.0,,2,2,2026-06-24T11:18:46+00:00,1.0,2026-06-24T11:18:46+00:00,0.0,0.0,OK
Grande Prairie,Grande Prairie,2026-06-24 03:00,2.0,,3,3,2026-06-24T11:18:46+00:00,2.0,2026-06-24T11:18:46+00:00,0.0,0.0,OK
Lethbridge,Lethbridge,2026-06-24 03:00,2.0,,2,2,2026-06-24T11:18:46+00:00,2.0,2026-06-24T11:18:46+00:00,0.0,0.0,OK
Medicine Hat,Medicine Hat,2026-06-24 04:00,1.0,,2,2,2026-06-24T11:18:46+00:00,1.0,2026-06-24T11:18:46+00:00,0.0,0.0,OK
Airdrie,Airdrie,2026-06-24 04:00,2.0,,3,3,2026-06-24T11:18:46+00:00,2.0,2026-06-24T11:18:46+00:00,0.0,0.0,OK
Cold Lake,Cold Lake,2026-06-24 05:00,1.0,,3,3,2026-06-24T11:18:46+00:00,1.0,2026-06-24T11:18:46+00:00,0.0,0.0,OK
Drayton Valley,Drayton Valley,2026-06-24 04:00,2.0,,3,3,2026-06-24T11:18:46+00:00,2.0,2026-06-24T11:18:46+00:00,0.0,0.0,OK
St. Albert,St. Albert,2026-06-24 01:00,2.0,,3,3,2026-06-24T11:18:46+00:00,1.0,2026-06-24T11:18:46+00:00,1.0,1.0,Minor difference
Strathcona County,Sherwood Park,2026-06-24 04:00,2.0,,3,3,2026-06-24T11:18:46+00:00,,,,,OK
Edmonton,Edmonton,2026-06-24 06:00,2.0,3.0,3,3,2026-06-24T13:05:56+00:00,2.0,2026-06-24T13:05:57+00:00,0.0,0.0,OK
Calgary,Calgary,2026-06-24 06:00,2.0,3.0,3,3,2026-06-24T13:05:56+00:00,2.0,2026-06-24T13:05:57+00:00,0.0,0.0,OK
Red Deer,Red Deer,2026-06-24 06:00,2.0,2.0,2,2,2026-06-24T13:05:56+00:00,2.0,2026-06-24T13:05:57+00:00,0.0,0.0,OK
Fort McMurray,Fort McMurray,2026-06-24 06:00,1.0,3.0,3,3,2026-06-24T13:05:56+00:00,1.0,2026-06-24T13:05:57+00:00,0.0,0.0,OK
Grande Prairie,Grande Prairie,2026-06-24 06:00,2.0,3.0,3,2,2026-06-24T13:05:56+00:00,2.0,2026-06-24T13:05:57+00:00,0.0,0.0,OK
Lethbridge,Lethbridge,2026-06-24 03:00,2.0,3.0,3,3,2026-06-24T13:05:56+00:00,1.0,2026-06-24T13:05:57+00:00,1.0,1.0,Minor difference
Medicine Hat,Medicine Hat,2026-06-24 06:00,1.0,2.0,2,2,2026-06-24T13:05:56+00:00,1.0,2026-06-24T13:05:57+00:00,0.0,0.0,OK
Airdrie,Airdrie,2026-06-24 06:00,2.0,3.0,3,3,2026-06-24T13:05:56+00:00,2.0,2026-06-24T13:05:57+00:00,0.0,0.0,OK
Cold Lake,Cold Lake,2026-06-24 06:00,1.0,2.0,2,2,2026-06-24T13:05:56+00:00,1.0,2026-06-24T13:05:57+00:00,0.0,0.0,OK
Drayton Valley,Drayton Valley,2026-06-24 06:00,2.0,2.0,2,2,2026-06-24T13:05:56+00:00,2.0,2026-06-24T13:05:57+00:00,0.0,0.0,OK
St. Albert,St. Albert,2026-06-24 01:00,2.0,3.0,3,3,2026-06-24T13:05:56+00:00,1.0,2026-06-24T13:05:57+00:00,1.0,1.0,Minor difference
Strathcona County,Sherwood Park,2026-06-24 06:00,1.0,3.0,3,3,2026-06-24T13:05:56+00:00,,,,,OK
Edmonton,Edmonton,2026-06-24 07:00,2.0,3.0,3,3,2026-06-24T13:59:17+00:00,2.0,2026-06-24T13:59:17+00:00,0.0,0.0,OK
Calgary,Calgary,2026-06-24 07:00,2.0,3.0,3,3,2026-06-24T13:59:17+00:00,2.0,2026-06-24T13:59:17+00:00,0.0,0.0,OK
Red Deer,Red Deer,2026-06-24 07:00,2.0,2.0,2,2,2026-06-24T13:59:17+00:00,2.0,2026-06-24T13:59:17+00:00,0.0,0.0,OK
Fort McMurray,Fort McMurray,2026-06-24 07:00,1.0,3.0,3,3,2026-06-24T13:59:17+00:00,1.0,2026-06-24T13:59:17+00:00,0.0,0.0,OK
Grande Prairie,Grande Prairie,2026-06-24 07:00,2.0,3.0,3,2,2026-06-24T13:59:17+00:00,2.0,2026-06-24T13:59:17+00:00,0.0,0.0,OK
Lethbridge,Lethbridge,2026-06-24 07:00,2.0,3.0,3,3,2026-06-24T13:59:17+00:00,2.0,2026-06-24T13:59:17+00:00,0.0,0.0,OK
Medicine Hat,Medicine Hat,2026-06-24 07:00,1.0,2.0,2,2,2026-06-24T13:59:17+00:00,1.0,2026-06-24T13:59:17+00:00,0.0,0.0,OK
Airdrie,Airdrie,2026-06-24 07:00,2.0,3.0,3,3,2026-06-24T13:59:17+00:00,2.0,2026-06-24T13:59:17+00:00,0.0,0.0,OK
Cold Lake,Cold Lake,2026-06-24 07:00,1.0,2.0,2,2,2026-06-24T13:59:17+00:00,1.0,2026-06-24T13:59:17+00:00,0.0,0.0,OK
Drayton Valley,Drayton Valley,2026-06-24 07:00,2.0,2.0,2,2,2026-06-24T13:59:17+00:00,2.0,2026-06-24T13:59:17+00:00,0.0,0.0,OK
St. Albert,St. Albert,2026-06-24 01:00,2.0,3.0,3,3,2026-06-24T13:59:17+00:00,1.0,2026-06-24T13:59:17+00:00,1.0,1.0,Minor difference
Strathcona County,Sherwood Park,2026-06-24 07:00,1.0,3.0,3,3,2026-06-24T13:59:17+00:00,,,,,OK
Edmonton,Edmonton,2026-06-24 08:00,2.0,3.0,3,3,2026-06-24T15:14:35+00:00,2.0,2026-06-24T15:14:35+00:00,0.0,0.0,OK
Calgary,Calgary,2026-06-24 08:00,2.0,3.0,3,3,2026-06-24T15:14:35+00:00,2.0,2026-06-24T15:14:35+00:00,0.0,0.0,OK
Red Deer,Red Deer,2026-06-24 08:00,2.0,2.0,2,2,2026-06-24T15:14:35+00:00,2.0,2026-06-24T15:14:35+00:00,0.0,0.0,OK
Fort McMurray,Fort McMurray,2026-06-24 08:00,2.0,3.0,3,3,2026-06-24T15:14:35+00:00,2.0,2026-06-24T15:14:35+00:00,0.0,0.0,OK
Grande Prairie,Grande Prairie,2026-06-24 08:00,2.0,3.0,3,2,2026-06-24T15:14:35+00:00,2.0,2026-06-24T15:14:35+00:00,0.0,0.0,OK
Lethbridge,Lethbridge,2026-06-24 08:00,2.0,3.0,3,3,2026-06-24T15:14:35+00:00,2.0,2026-06-24T15:14:35+00:00,0.0,0.0,OK
Medicine Hat,Medicine Hat,2026-06-24 08:00,1.0,2.0,2,2,2026-06-24T15:14:35+00:00,1.0,2026-06-24T15:14:35+00:00,0.0,0.0,OK
Airdrie,Airdrie,2026-06-24 08:00,2.0,3.0,3,3,2026-06-24T15:14:35+00:00,2.0,2026-06-24T15:14:35+00:00,0.0,0.0,OK
Cold Lake,Cold Lake,2026-06-24 08:00,1.0,2.0,2,2,2026-06-24T15:14:35+00:00,1.0,2026-06-24T15:14:35+00:00,0.0,0.0,OK
Drayton Valley,Drayton Valley,2026-06-24 08:00,2.0,2.0,2,2,2026-06-24T15:14:35+00:00,2.0,2026-06-24T15:14:35+00:00,0.0,0.0,OK
St. Albert,St. Albert,,,3.0,3,3,2026-06-24T15:14:35+00:00,1.0,2026-06-24T15:14:35+00:00,,,OK
Strathcona County,Sherwood Park,2026-06-24 08:00,1.0,3.0,3,3,2026-06-24T15:14:35+00:00,,,,,OK
Edmonton,Edmonton,2026-06-24 09:00,2.0,3.0,3,3,2026-06-24T16:05:25+00:00,2.0,2026-06-24T16:05:25+00:00,0.0,0.0,OK
Calgary,Calgary,2026-06-24 09:00,2.0,3.0,3,3,2026-06-24T16:05:25+00:00,2.0,2026-06-24T16:05:25+00:00,0.0,0.0,OK
Red Deer,Red Deer,2026-06-24 09:00,2.0,2.0,2,2,2026-06-24T16:05:25+00:00,2.0,2026-06-24T16:05:25+00:00,0.0,0.0,OK
Fort McMurray,Fort McMurray,2026-06-24 09:00,1.0,3.0,3,3,2026-06-24T16:05:25+00:00,1.0,2026-06-24T16:05:25+00:00,0.0,0.0,OK
Grande Prairie,Grande Prairie,2026-06-24 09:00,2.0,3.0,3,2,2026-06-24T16:05:25+00:00,2.0,2026-06-24T16:05:25+00:00,0.0,0.0,OK
Lethbridge,Lethbridge,2026-06-24 09:00,2.0,3.0,3,3,2026-06-24T16:05:25+00:00,2.0,2026-06-24T16:05:25+00:00,0.0,0.0,OK
Medicine Hat,Medicine Hat,2026-06-24 09:00,1.0,2.0,2,2,2026-06-24T16:05:25+00:00,1.0,2026-06-24T16:05:25+00:00,0.0,0.0,OK
Airdrie,Airdrie,2026-06-24 09:00,2.0,3.0,3,3,2026-06-24T16:05:25+00:00,2.0,2026-06-24T16:05:25+00:00,0.0,0.0,OK
Cold Lake,Cold Lake,2026-06-24 09:00,1.0,2.0,2,2,2026-06-24T16:05:25+00:00,1.0,2026-06-24T16:05:25+00:00,0.0,0.0,OK
Drayton Valley,Drayton Valley,2026-06-24 09:00,2.0,2.0,2,2,2026-06-24T16:05:25+00:00,2.0,2026-06-24T16:05:25+00:00,0.0,0.0,OK
St. Albert,St. Albert,,,3.0,3,3,2026-06-24T16:05:25+00:00,1.0,2026-06-24T16:05:25+00:00,,,OK
Strathcona County,Sherwood Park,2026-06-24 09:00,2.0,3.0,3,3,2026-06-24T16:05:25+00:00,,,,,OK
Edmonton,Edmonton,2026-06-24 10:00,2.0,3.0,3,3,2026-06-24T16:58:47+00:00,2.0,2026-06-24T16:58:47+00:00,0.0,0.0,OK
Calgary,Calgary,2026-06-24 10:00,2.0,3.0,3,3,2026-06-24T16:58:47+00:00,2.0,2026-06-24T16:58:47+00:00,0.0,0.0,OK
Red Deer,Red Deer,2026-06-24 10:00,2.0,2.0,2,2,2026-06-24T16:58:47+00:00,2.0,2026-06-24T16:58:47+00:00,0.0,0.0,OK
Fort McMurray,Fort McMurray,2026-06-24 10:00,2.0,3.0,3,3,2026-06-24T16:58:47+00:00,2.0,2026-06-24T16:58:47+00:00,0.0,0.0,OK
Grande Prairie,Grande Prairie,2026-06-24 10:00,2.0,3.0,3,2,2026-06-24T16:58:47+00:00,2.0,2026-06-24T16:58:47+00:00,0.0,0.0,OK
Lethbridge,Lethbridge,2026-06-24 10:00,2.0,3.0,3,3,2026-06-24T16:58:47+00:00,2.0,2026-06-24T16:58:47+00:00,0.0,0.0,OK
Medicine Hat,Medicine Hat,2026-06-24 10:00,1.0,2.0,2,2,2026-06-24T16:58:47+00:00,1.0,2026-06-24T16:58:47+00:00,0.0,0.0,OK
Airdrie,Airdrie,2026-06-24 10:00,2.0,3.0,3,3,2026-06-24T16:58:47+00:00,2.0,2026-06-24T16:58:47+00:00,0.0,0.0,OK
Cold Lake,Cold Lake,2026-06-24 10:00,2.0,2.0,2,2,2026-06-24T16:58:47+00:00,2.0,2026-06-24T16:58:47+00:00,0.0,0.0,OK
Drayton Valley,Drayton Valley,2026-06-24 10:00,2.0,2.0,2,2,2026-06-24T16:58:47+00:00,2.0,2026-06-24T16:58:47+00:00,0.0,0.0,OK
St. Albert,St. Albert,,,3.0,3,3,2026-06-24T16:58:47+00:00,1.0,2026-06-24T16:58:47+00:00,,,OK
Strathcona County,Sherwood Park,2026-06-24 10:00,2.0,3.0,3,3,2026-06-24T16:58:47+00:00,,,,,OK
Edmonton,Edmonton,2026-06-24 11:00,2.0,3.0,3,3,2026-06-24T17:56:15+00:00,2.0,2026-06-24T17:56:15+00:00,0.0,0.0,OK
Calgary,Calgary,2026-06-24 11:00,2.0,3.0,3,3,2026-06-24T17:56:15+00:00,2.0,2026-06-24T17:56:15+00:00,0.0,0.0,OK
Red Deer,Red Deer,2026-06-24 11:00,2.0,2.0,2,2,2026-06-24T17:56:15+00:00,2.0,2026-06-24T17:56:15+00:00,0.0,0.0,OK
Fort McMurray,Fort McMurray,2026-06-24 11:00,2.0,3.0,3,3,2026-06-24T17:56:15+00:00,2.0,2026-06-24T17:56:15+00:00,0.0,0.0,OK
Grande Prairie,Grande Prairie,2026-06-24 11:00,2.0,3.0,3,2,2026-06-24T17:56:15+00:00,2.0,2026-06-24T17:56:15+00:00,0.0,0.0,OK
Lethbridge,Lethbridge,2026-06-24 11:00,2.0,3.0,3,3,2026-06-24T17:56:15+00:00,2.0,2026-06-24T17:56:15+00:00,0.0,0.0,OK
Medicine Hat,Medicine Hat,2026-06-24 11:00,2.0,2.0,2,2,2026-06-24T17:56:15+00:00,2.0,2026-06-24T17:56:15+00:00,0.0,0.0,OK
Airdrie,Airdrie,2026-06-24 11:00,2.0,3.0,3,3,2026-06-24T17:56:15+00:00,2.0,2026-06-24T17:56:15+00:00,0.0,0.0,OK
Cold Lake,Cold Lake,2026-06-24 11:00,2.0,2.0,2,2,2026-06-24T17:56:15+00:00,2.0,2026-06-24T17:56:15+00:00,0.0,0.0,OK
Drayton Valley,Drayton Valley,2026-06-24 11:00,2.0,2.0,2,2,2026-06-24T17:56:15+00:00,2.0,2026-06-24T17:56:15+00:00,0.0,0.0,OK
St. Albert,St. Albert,,,3.0,3,3,2026-06-24T17:56:15+00:00,1.0,2026-06-24T17:56:15+00:00,,,OK
Strathcona County,Sherwood Park,2026-06-24 11:00,2.0,3.0,3,3,2026-06-24T17:56:15+00:00,,,,,OK
Edmonton,Edmonton,2026-06-24 13:00,3.0,3.0,3,3,2026-06-24T19:55:37+00:00,3.0,2026-06-24T19:55:37+00:00,0.0,0.0,OK
Calgary,Calgary,2026-06-24 13:00,2.0,3.0,3,3,2026-06-24T19:55:37+00:00,2.0,2026-06-24T19:55:37+00:00,0.0,0.0,OK
Red Deer,Red Deer,2026-06-24 13:00,2.0,2.0,2,2,2026-06-24T19:55:37+00:00,2.0,2026-06-24T19:55:37+00:00,0.0,0.0,OK
Fort McMurray,Fort McMurray,2026-06-24 13:00,2.0,3.0,3,3,2026-06-24T19:55:37+00:00,2.0,2026-06-24T19:55:37+00:00,0.0,0.0,OK
Grande Prairie,Grande Prairie,2026-06-24 13:00,3.0,3.0,3,2,2026-06-24T19:55:37+00:00,3.0,2026-06-24T19:55:37+00:00,0.0,0.0,OK
Lethbridge,Lethbridge,2026-06-24 13:00,2.0,3.0,3,3,2026-06-24T19:55:37+00:00,2.0,2026-06-24T19:55:37+00:00,0.0,0.0,OK
Medicine Hat,Medicine Hat,2026-06-24 13:00,2.0,2.0,2,2,2026-06-24T19:55:37+00:00,2.0,2026-06-24T19:55:37+00:00,0.0,0.0,OK
Airdrie,Airdrie,2026-06-24 13:00,3.0,3.0,3,3,2026-06-24T19:55:37+00:00,3.0,2026-06-24T19:55:37+00:00,0.0,0.0,OK
Cold Lake,Cold Lake,2026-06-24 12:00,2.0,2.0,2,2,2026-06-24T19:55:37+00:00,2.0,2026-06-24T19:55:37+00:00,0.0,0.0,OK
Drayton Valley,Drayton Valley,2026-06-24 13:00,2.0,2.0,2,2,2026-06-24T19:55:37+00:00,2.0,2026-06-24T19:55:37+00:00,0.0,0.0,OK
St. Albert,St. Albert,,,3.0,3,3,2026-06-24T19:55:37+00:00,1.0,2026-06-24T19:55:37+00:00,,,OK
Strathcona County,Sherwood Park,2026-06-24 13:00,2.0,3.0,3,3,2026-06-24T19:55:37+00:00,,,,,OK
Edmonton,Edmonton,2026-06-24 14:00,3.0,3.0,3,3,2026-06-24T20:53:24+00:00,3.0,2026-06-24T20:53:25+00:00,0.0,0.0,OK
Calgary,Calgary,2026-06-24 14:00,3.0,3.0,3,3,2026-06-24T20:53:24+00:00,3.0,2026-06-24T20:53:25+00:00,0.0,0.0,OK
Red Deer,Red Deer,2026-06-24 14:00,2.0,2.0,2,2,2026-06-24T20:53:24+00:00,2.0,2026-06-24T20:53:25+00:00,0.0,0.0,OK
Fort McMurray,Fort McMurray,2026-06-24 14:00,2.0,3.0,3,3,2026-06-24T20:53:24+00:00,2.0,2026-06-24T20:53:25+00:00,0.0,0.0,OK
Grande Prairie,Grande Prairie,2026-06-24 14:00,3.0,3.0,3,2,2026-06-24T20:53:24+00:00,3.0,2026-06-24T20:53:25+00:00,0.0,0.0,OK
Lethbridge,Lethbridge,2026-06-24 14:00,2.0,3.0,3,3,2026-06-24T20:53:24+00:00,2.0,2026-06-24T20:53:25+00:00,0.0,0.0,OK
Medicine Hat,Medicine Hat,2026-06-24 14:00,2.0,2.0,2,2,2026-06-24T20:53:24+00:00,2.0,2026-06-24T20:53:25+00:00,0.0,0.0,OK
Airdrie,Airdrie,2026-06-24 14:00,3.0,3.0,3,3,2026-06-24T20:53:24+00:00,3.0,2026-06-24T20:53:25+00:00,0.0,0.0,OK
Cold Lake,Cold Lake,2026-06-24 14:00,2.0,2.0,2,2,2026-06-24T20:53:24+00:00,2.0,2026-06-24T20:53:25+00:00,0.0,0.0,OK
Drayton Valley,Drayton Valley,2026-06-24 14:00,2.0,2.0,2,2,2026-06-24T20:53:24+00:00,2.0,2026-06-24T20:53:25+00:00,0.0,0.0,OK
St. Albert,St. Albert,,,3.0,3,3,2026-06-24T20:53:24+00:00,1.0,2026-06-24T20:53:25+00:00,,,OK
Strathcona County,Sherwood Park,2026-06-24 14:00,2.0,3.0,3,3,2026-06-24T20:53:24+00:00,,,,,OK
Edmonton,Edmonton,2026-06-24 15:00,3.0,3.0,3,3,2026-06-24T21:48:24+00:00,3.0,2026-06-24T21:48:24+00:00,0.0,0.0,OK
Calgary,Calgary,2026-06-24 15:00,3.0,3.0,3,3,2026-06-24T21:48:24+00:00,3.0,2026-06-24T21:48:24+00:00,0.0,0.0,OK
Red Deer,Red Deer,2026-06-24 15:00,3.0,2.0,2,2,2026-06-24T21:48:24+00:00,3.0,2026-06-24T21:48:24+00:00,0.0,0.0,OK
Fort McMurray,Fort McMurray,2026-06-24 15:00,3.0,3.0,3,3,2026-06-24T21:48:24+00:00,2.0,2026-06-24T21:48:24+00:00,1.0,1.0,Minor difference
Grande Prairie,Grande Prairie,2026-06-24 15:00,3.0,3.0,3,2,2026-06-24T21:48:24+00:00,3.0,2026-06-24T21:48:24+00:00,0.0,0.0,OK
Lethbridge,Lethbridge,2026-06-24 15:00,2.0,3.0,3,3,2026-06-24T21:48:24+00:00,2.0,2026-06-24T21:48:24+00:00,0.0,0.0,OK
Medicine Hat,Medicine Hat,2026-06-24 15:00,2.0,2.0,2,2,2026-06-24T21:48:24+00:00,2.0,2026-06-24T21:48:24+00:00,0.0,0.0,OK
Airdrie,Airdrie,2026-06-24 15:00,3.0,3.0,3,3,2026-06-24T21:48:24+00:00,3.0,2026-06-24T21:48:24+00:00,0.0,0.0,OK
Cold Lake,Cold Lake,2026-06-24 15:00,2.0,2.0,2,2,2026-06-24T21:48:24+00:00,2.0,2026-06-24T21:48:24+00:00,0.0,0.0,OK
Drayton Valley,Drayton Valley,2026-06-24 15:00,2.0,2.0,2,2,2026-06-24T21:48:24+00:00,2.0,2026-06-24T21:48:24+00:00,0.0,0.0,OK
St. Albert,St. Albert,2026-06-24 15:00,3.0,3.0,3,3,2026-06-24T21:48:24+00:00,3.0,2026-06-24T21:48:24+00:00,0.0,0.0,OK
Strathcona County,Sherwood Park,2026-06-24 15:00,3.0,3.0,3,3,2026-06-24T21:48:24+00:00,,,,,OK
Edmonton,Edmonton,2026-06-24 16:00,3.0,3.0,3,3,2026-06-24T22:46:54+00:00,3.0,2026-06-24T22:46:54+00:00,0.0,0.0,OK
Calgary,Calgary,2026-06-24 16:00,3.0,3.0,3,3,2026-06-24T22:46:54+00:00,3.0,2026-06-24T22:46:54+00:00,0.0,0.0,OK
Red Deer,Red Deer,2026-06-24 16:00,3.0,2.0,2,2,2026-06-24T22:46:54+00:00,3.0,2026-06-24T22:46:54+00:00,0.0,0.0,OK
Fort McMurray,Fort McMurray,2026-06-24 16:00,3.0,3.0,3,3,2026-06-24T22:46:54+00:00,2.0,2026-06-24T22:46:54+00:00,1.0,1.0,Minor difference
Grande Prairie,Grande Prairie,2026-06-24 16:00,3.0,3.0,3,2,2026-06-24T22:46:54+00:00,3.0,2026-06-24T22:46:54+00:00,0.0,0.0,OK
Lethbridge,Lethbridge,2026-06-24 16:00,2.0,3.0,3,3,2026-06-24T22:46:54+00:00,2.0,2026-06-24T22:46:54+00:00,0.0,0.0,OK
Medicine Hat,Medicine Hat,2026-06-24 16:00,2.0,2.0,2,2,2026-06-24T22:46:54+00:00,2.0,2026-06-24T22:46:54+00:00,0.0,0.0,OK
Airdrie,Airdrie,2026-06-24 16:00,3.0,3.0,3,3,2026-06-24T22:46:54+00:00,3.0,2026-06-24T22:46:54+00:00,0.0,0.0,OK
Cold Lake,Cold Lake,2026-06-24 16:00,2.0,2.0,2,2,2026-06-24T22:46:54+00:00,2.0,2026-06-24T22:46:54+00:00,0.0,0.0,OK
Drayton Valley,Drayton Valley,2026-06-24 16:00,2.0,2.0,2,2,2026-06-24T22:46:54+00:00,2.0,2026-06-24T22:46:54+00:00,0.0,0.0,OK
St. Albert,St. Albert,2026-06-24 16:00,3.0,3.0,3,3,2026-06-24T22:46:54+00:00,3.0,2026-06-24T22:46:54+00:00,0.0,0.0,OK
Strathcona County,Sherwood Park,2026-06-24 16:00,3.0,3.0,3,3,2026-06-24T22:46:54+00:00,,,,,OK
Edmonton,Edmonton,2026-06-24 17:00,3.0,,3,3,2026-06-24T23:42:02+00:00,3.0,2026-06-24T23:42:02+00:00,0.0,0.0,OK
Calgary,Calgary,2026-06-24 17:00,3.0,,3,3,2026-06-24T23:42:02+00:00,3.0,2026-06-24T23:42:02+00:00,0.0,0.0,OK
Red Deer,Red Deer,2026-06-24 17:00,3.0,,3,3,2026-06-24T23:42:02+00:00,3.0,2026-06-24T23:42:02+00:00,0.0,0.0,OK
Fort McMurray,Fort McMurray,2026-06-24 17:00,2.0,,3,3,2026-06-24T23:42:02+00:00,2.0,2026-06-24T23:42:02+00:00,0.0,0.0,OK
Grande Prairie,Grande Prairie,2026-06-24 17:00,3.0,,3,3,2026-06-24T23:42:02+00:00,3.0,2026-06-24T23:42:02+00:00,0.0,0.0,OK
Lethbridge,Lethbridge,2026-06-24 17:00,2.0,,3,3,2026-06-24T23:42:02+00:00,2.0,2026-06-24T23:42:02+00:00,0.0,0.0,OK
Medicine Hat,Medicine Hat,2026-06-24 17:00,2.0,,3,3,2026-06-24T23:42:02+00:00,2.0,2026-06-24T23:42:02+00:00,0.0,0.0,OK
Airdrie,Airdrie,2026-06-24 17:00,3.0,,3,3,2026-06-24T23:42:02+00:00,3.0,2026-06-24T23:42:02+00:00,0.0,0.0,OK
Cold Lake,Cold Lake,2026-06-24 17:00,2.0,,3,3,2026-06-24T23:42:02+00:00,2.0,2026-06-24T23:42:02+00:00,0.0,0.0,OK
Drayton Valley,Drayton Valley,2026-06-24 17:00,3.0,,3,3,2026-06-24T23:42:02+00:00,3.0,2026-06-24T23:42:02+00:00,0.0,0.0,OK
St. Albert,St. Albert,2026-06-24 17:00,3.0,,3,3,2026-06-24T23:42:02+00:00,3.0,2026-06-24T23:42:02+00:00,0.0,0.0,OK
Strathcona County,Sherwood Park,2026-06-24 17:00,3.0,,3,3,2026-06-24T23:42:02+00:00,,,,,OK
Edmonton,Edmonton,2026-06-24 18:00,3.0,,3,3,2026-06-25T01:19:17+00:00,3.0,2026-06-25T01:19:17+00:00,0.0,0.0,OK
Calgary,Calgary,2026-06-24 18:00,3.0,,3,3,2026-06-25T01:19:17+00:00,3.0,2026-06-25T01:19:17+00:00,0.0,0.0,OK
Red Deer,Red Deer,2026-06-24 18:00,3.0,,3,3,2026-06-25T01:19:17+00:00,3.0,2026-06-25T01:19:17+00:00,0.0,0.0,OK
Fort McMurray,Fort McMurray,2026-06-24 18:00,2.0,,3,3,2026-06-25T01:19:17+00:00,2.0,2026-06-25T01:19:17+00:00,0.0,0.0,OK
Grande Prairie,Grande Prairie,2026-06-24 18:00,3.0,,3,3,2026-06-25T01:19:17+00:00,3.0,2026-06-25T01:19:17+00:00,0.0,0.0,OK
Lethbridge,Lethbridge,2026-06-24 18:00,2.0,,3,3,2026-06-25T01:19:17+00:00,2.0,2026-06-25T01:19:17+00:00,0.0,0.0,OK
Medicine Hat,Medicine Hat,2026-06-24 18:00,2.0,,3,3,2026-06-25T01:19:17+00:00,2.0,2026-06-25T01:19:17+00:00,0.0,0.0,OK
Airdrie,Airdrie,2026-06-24 18:00,3.0,,3,3,2026-06-25T01:19:17+00:00,3.0,2026-06-25T01:19:17+00:00,0.0,0.0,OK
Cold Lake,Cold Lake,2026-06-24 18:00,2.0,,3,3,2026-06-25T01:19:17+00:00,2.0,2026-06-25T01:19:17+00:00,0.0,0.0,OK
Drayton Valley,Drayton Valley,2026-06-24 18:00,3.0,,3,3,2026-06-25T01:19:17+00:00,3.0,2026-06-25T01:19:17+00:00,0.0,0.0,OK
St. Albert,St. Albert,2026-06-24 18:00,3.0,,3,3,2026-06-25T01:19:17+00:00,3.0,2026-06-25T01:19:17+00:00,0.0,0.0,OK
Strathcona County,Sherwood Park,2026-06-24 18:00,3.0,,3,3,2026-06-25T01:19:17+00:00,,,,,OK
Edmonton,Edmonton,2026-06-24 21:00,3.0,,3,3,2026-06-25T03:26:56+00:00,3.0,2026-06-25T03:26:56+00:00,0.0,0.0,OK
Calgary,Calgary,2026-06-24 20:00,3.0,,3,3,2026-06-25T03:26:56+00:00,3.0,2026-06-25T03:26:56+00:00,0.0,0.0,OK
Red Deer,Red Deer,2026-06-24 21:00,3.0,,3,3,2026-06-25T03:26:56+00:00,3.0,2026-06-25T03:26:56+00:00,0.0,0.0,OK
Fort McMurray,Fort McMurray,2026-06-24 20:00,2.0,,3,3,2026-06-25T03:26:56+00:00,2.0,2026-06-25T03:26:56+00:00,0.0,0.0,OK
Grande Prairie,Grande Prairie,2026-06-24 20:00,3.0,,3,3,2026-06-25T03:26:56+00:00,3.0,2026-06-25T03:26:56+00:00,0.0,0.0,OK
Lethbridge,Lethbridge,2026-06-24 21:00,2.0,,3,3,2026-06-25T03:26:56+00:00,2.0,2026-06-25T03:26:56+00:00,0.0,0.0,OK
Medicine Hat,Medicine Hat,2026-06-24 20:00,2.0,,3,3,2026-06-25T03:26:56+00:00,2.0,2026-06-25T03:26:56+00:00,0.0,0.0,OK
Airdrie,Airdrie,2026-06-24 20:00,3.0,,3,3,2026-06-25T03:26:56+00:00,3.0,2026-06-25T03:26:56+00:00,0.0,0.0,OK
Cold Lake,Cold Lake,2026-06-24 21:00,2.0,,3,3,2026-06-25T03:26:56+00:00,2.0,2026-06-25T03:26:56+00:00,0.0,0.0,OK
Drayton Valley,Drayton Valley,2026-06-24 21:00,3.0,,3,3,2026-06-25T03:26:56+00:00,3.0,2026-06-25T03:26:56+00:00,0.0,0.0,OK
St. Albert,St. Albert,2026-06-24 21:00,3.0,,3,3,2026-06-25T03:26:56+00:00,3.0,2026-06-25T03:26:56+00:00,0.0,0.0,OK
Strathcona County,Sherwood Park,2026-06-24 21:00,3.0,,3,3,2026-06-25T03:26:56+00:00,,,,,OK
Edmonton,Edmonton,2026-06-24 23:00,3.0,,3,3,2026-06-25T05:41:33+00:00,3.0,2026-06-25T05:41:33+00:00,0.0,0.0,OK
Calgary,Calgary,2026-06-24 22:00,3.0,,3,3,2026-06-25T05:41:33+00:00,3.0,2026-06-25T05:41:33+00:00,0.0,0.0,OK
Red Deer,Red Deer,2026-06-24 22:00,3.0,,3,3,2026-06-25T05:41:33+00:00,3.0,2026-06-25T05:41:33+00:00,0.0,0.0,OK
Fort McMurray,Fort McMurray,2026-06-24 22:00,2.0,,3,3,2026-06-25T05:41:33+00:00,2.0,2026-06-25T05:41:33+00:00,0.0,0.0,OK
Grande Prairie,Grande Prairie,2026-06-24 22:00,3.0,,3,3,2026-06-25T05:41:33+00:00,3.0,2026-06-25T05:41:33+00:00,0.0,0.0,OK
Lethbridge,Lethbridge,2026-06-24 23:00,2.0,,3,3,2026-06-25T05:41:33+00:00,2.0,2026-06-25T05:41:33+00:00,0.0,0.0,OK
Medicine Hat,Medicine Hat,2026-06-24 22:00,2.0,,3,3,2026-06-25T05:41:33+00:00,2.0,2026-06-25T05:41:33+00:00,0.0,0.0,OK
Airdrie,Airdrie,2026-06-24 22:00,3.0,,3,3,2026-06-25T05:41:33+00:00,3.0,2026-06-25T05:41:33+00:00,0.0,0.0,OK
Cold Lake,Cold Lake,2026-06-24 23:00,2.0,,3,3,2026-06-25T05:41:33+00:00,2.0,2026-06-25T05:41:33+00:00,0.0,0.0,OK
Drayton Valley,Drayton Valley,2026-06-24 23:00,3.0,,3,3,2026-06-25T05:41:33+00:00,3.0,2026-06-25T05:41:33+00:00,0.0,0.0,OK
St. Albert,St. Albert,2026-06-24 23:00,3.0,,3,3,2026-06-25T05:41:33+00:00,3.0,2026-06-25T05:41:33+00:00,0.0,0.0,OK
Strathcona County,Sherwood Park,2026-06-24 23:00,2.0,,3,3,2026-06-25T05:41:33+00:00,,,,,OK
Edmonton,Edmonton,2026-06-25 02:00,2.0,,3,3,2026-06-25T09:26:14+00:00,2.0,2026-06-25T09:26:15+00:00,0.0,0.0,OK
Calgary,Calgary,2026-06-25 02:00,2.0,,3,3,2026-06-25T09:26:14+00:00,2.0,2026-06-25T09:26:15+00:00,0.0,0.0,OK
Red Deer,Red Deer,2026-06-25 02:00,2.0,,3,3,2026-06-25T09:26:14+00:00,2.0,2026-06-25T09:26:15+00:00,0.0,0.0,OK
Fort McMurray,Fort McMurray,2026-06-25 02:00,2.0,,3,3,2026-06-25T09:26:14+00:00,2.0,2026-06-25T09:26:15+00:00,0.0,0.0,OK
Grande Prairie,Grande Prairie,2026-06-25 02:00,2.0,,3,3,2026-06-25T09:26:14+00:00,2.0,2026-06-25T09:26:15+00:00,0.0,0.0,OK
Lethbridge,Lethbridge,2026-06-25 02:00,2.0,,3,3,2026-06-25T09:26:14+00:00,2.0,2026-06-25T09:26:15+00:00,0.0,0.0,OK
Medicine Hat,Medicine Hat,2026-06-25 02:00,2.0,,3,3,2026-06-25T09:26:14+00:00,2.0,2026-06-25T09:26:15+00:00,0.0,0.0,OK
Airdrie,Airdrie,2026-06-25 02:00,2.0,,3,3,2026-06-25T09:26:14+00:00,2.0,2026-06-25T09:26:15+00:00,0.0,0.0,OK
Cold Lake,Cold Lake,2026-06-25 02:00,2.0,,3,3,2026-06-25T09:26:14+00:00,2.0,2026-06-25T09:26:15+00:00,0.0,0.0,OK
Drayton Valley,Drayton Valley,2026-06-25 02:00,2.0,,3,3,2026-06-25T09:26:14+00:00,2.0,2026-06-25T09:26:15+00:00,0.0,0.0,OK
St. Albert,St. Albert,2026-06-25 02:00,2.0,,3,3,2026-06-25T09:26:14+00:00,2.0,2026-06-25T09:26:15+00:00,0.0,0.0,OK
Strathcona County,Sherwood Park,2026-06-25 02:00,2.0,,3,3,2026-06-25T09:26:14+00:00,,,,,OK
Edmonton,Edmonton,2026-06-25 04:00,2.0,,3,3,2026-06-25T11:13:06+00:00,2.0,2026-06-25T11:13:06+00:00,0.0,0.0,OK
Calgary,Calgary,2026-06-25 04:00,2.0,,3,3,2026-06-25T11:13:06+00:00,2.0,2026-06-25T11:13:06+00:00,0.0,0.0,OK
Red Deer,Red Deer,2026-06-25 04:00,2.0,,3,3,2026-06-25T11:13:06+00:00,2.0,2026-06-25T11:13:06+00:00,0.0,0.0,OK
Fort McMurray,Fort McMurray,2026-06-25 04:00,2.0,,3,3,2026-06-25T11:13:06+00:00,2.0,2026-06-25T11:13:06+00:00,0.0,0.0,OK
Grande Prairie,Grande Prairie,2026-06-25 03:00,2.0,,3,3,2026-06-25T11:13:06+00:00,2.0,2026-06-25T11:13:06+00:00,0.0,0.0,OK
Lethbridge,Lethbridge,2026-06-25 03:00,2.0,,3,3,2026-06-25T11:13:06+00:00,2.0,2026-06-25T11:13:06+00:00,0.0,0.0,OK
Medicine Hat,Medicine Hat,2026-06-25 04:00,2.0,,3,3,2026-06-25T11:13:06+00:00,2.0,2026-06-25T11:13:06+00:00,0.0,0.0,OK
Airdrie,Airdrie,2026-06-25 04:00,2.0,,3,3,2026-06-25T11:13:06+00:00,2.0,2026-06-25T11:13:06+00:00,0.0,0.0,OK
Cold Lake,Cold Lake,2026-06-25 04:00,2.0,,3,3,2026-06-25T11:13:06+00:00,2.0,2026-06-25T11:13:06+00:00,0.0,0.0,OK
Drayton Valley,Drayton Valley,2026-06-25 04:00,2.0,,3,3,2026-06-25T11:13:06+00:00,2.0,2026-06-25T11:13:06+00:00,0.0,0.0,OK
St. Albert,St. Albert,2026-06-25 04:00,2.0,,3,3,2026-06-25T11:13:06+00:00,2.0,2026-06-25T11:13:06+00:00,0.0,0.0,OK
Strathcona County,Sherwood Park,2026-06-25 04:00,2.0,,3,3,2026-06-25T11:13:06+00:00,,,,,OK
Edmonton,Edmonton,2026-06-25 05:00,2.0,,3,3,2026-06-25T12:07:06+00:00,2.0,2026-06-25T12:07:07+00:00,0.0,0.0,OK
Calgary,Calgary,2026-06-25 04:00,2.0,,3,3,2026-06-25T12:07:06+00:00,2.0,2026-06-25T12:07:07+00:00,0.0,0.0,OK
Red Deer,Red Deer,2026-06-25 05:00,2.0,,3,3,2026-06-25T12:07:06+00:00,2.0,2026-06-25T12:07:07+00:00,0.0,0.0,OK
Fort McMurray,Fort McMurray,2026-06-25 05:00,2.0,,3,3,2026-06-25T12:07:06+00:00,1.0,2026-06-25T12:07:07+00:00,1.0,1.0,Minor difference
Grande Prairie,Grande Prairie,2026-06-25 05:00,2.0,,3,3,2026-06-25T12:07:06+00:00,2.0,2026-06-25T12:07:07+00:00,0.0,0.0,OK
Lethbridge,Lethbridge,2026-06-25 03:00,2.0,,3,3,2026-06-25T12:07:06+00:00,1.0,2026-06-25T12:07:07+00:00,1.0,1.0,Minor difference
Medicine Hat,Medicine Hat,2026-06-25 04:00,2.0,,3,3,2026-06-25T12:07:06+00:00,2.0,2026-06-25T12:07:07+00:00,0.0,0.0,OK
Airdrie,Airdrie,2026-06-25 04:00,2.0,,3,3,2026-06-25T12:07:06+00:00,2.0,2026-06-25T12:07:07+00:00,0.0,0.0,OK
Cold Lake,Cold Lake,2026-06-25 05:00,2.0,,3,3,2026-06-25T12:07:06+00:00,2.0,2026-06-25T12:07:07+00:00,0.0,0.0,OK
Drayton Valley,Drayton Valley,2026-06-25 04:00,2.0,,3,3,2026-06-25T12:07:06+00:00,2.0,2026-06-25T12:07:07+00:00,0.0,0.0,OK
St. Albert,St. Albert,2026-06-25 04:00,2.0,,3,3,2026-06-25T12:07:06+00:00,2.0,2026-06-25T12:07:07+00:00,0.0,0.0,OK
Strathcona County,Sherwood Park,2026-06-25 05:00,2.0,,3,3,2026-06-25T12:07:06+00:00,,,,,OK
Edmonton,Edmonton,2026-06-25 06:00,2.0,3.0,2,3,2026-06-25T13:06:07+00:00,2.0,2026-06-25T13:06:07+00:00,0.0,0.0,OK
Calgary,Calgary,2026-06-25 06:00,2.0,3.0,3,3,2026-06-25T13:06:07+00:00,2.0,2026-06-25T13:06:07+00:00,0.0,0.0,OK
Red Deer,Red Deer,2026-06-25 06:00,2.0,2.0,2,2,2026-06-25T13:06:07+00:00,2.0,2026-06-25T13:06:07+00:00,0.0,0.0,OK
Fort McMurray,Fort McMurray,2026-06-25 06:00,2.0,2.0,2,2,2026-06-25T13:06:07+00:00,1.0,2026-06-25T13:06:07+00:00,1.0,1.0,Minor difference
Grande Prairie,Grande Prairie,2026-06-25 06:00,2.0,3.0,2,2,2026-06-25T13:06:07+00:00,2.0,2026-06-25T13:06:07+00:00,0.0,0.0,OK
Lethbridge,Lethbridge,2026-06-25 03:00,2.0,2.0,2,2,2026-06-25T13:06:07+00:00,1.0,2026-06-25T13:06:07+00:00,1.0,1.0,Minor difference
Medicine Hat,Medicine Hat,2026-06-25 06:00,2.0,2.0,2,2,2026-06-25T13:06:07+00:00,2.0,2026-06-25T13:06:07+00:00,0.0,0.0,OK
Airdrie,Airdrie,2026-06-25 06:00,2.0,3.0,3,3,2026-06-25T13:06:07+00:00,2.0,2026-06-25T13:06:07+00:00,0.0,0.0,OK
Cold Lake,Cold Lake,2026-06-25 06:00,1.0,2.0,2,2,2026-06-25T13:06:07+00:00,1.0,2026-06-25T13:06:07+00:00,0.0,0.0,OK
Drayton Valley,Drayton Valley,2026-06-25 06:00,2.0,2.0,2,2,2026-06-25T13:06:07+00:00,2.0,2026-06-25T13:06:07+00:00,0.0,0.0,OK
St. Albert,St. Albert,2026-06-25 04:00,2.0,3.0,2,3,2026-06-25T13:06:07+00:00,1.0,2026-06-25T13:06:07+00:00,1.0,1.0,Minor difference
Strathcona County,Sherwood Park,2026-06-25 06:00,2.0,3.0,2,3,2026-06-25T13:06:07+00:00,,,,,OK
Edmonton,Edmonton,2026-06-25 07:00,2.0,3.0,2,3,2026-06-25T13:59:07+00:00,2.0,2026-06-25T13:59:08+00:00,0.0,0.0,OK
Calgary,Calgary,2026-06-25 07:00,2.0,3.0,3,3,2026-06-25T13:59:07+00:00,2.0,2026-06-25T13:59:08+00:00,0.0,0.0,OK
Red Deer,Red Deer,2026-06-25 07:00,2.0,2.0,2,2,2026-06-25T13:59:07+00:00,2.0,2026-06-25T13:59:08+00:00,0.0,0.0,OK
Fort McMurray,Fort McMurray,2026-06-25 07:00,1.0,2.0,2,2,2026-06-25T13:59:07+00:00,1.0,2026-06-25T13:59:08+00:00,0.0,0.0,OK
Grande Prairie,Grande Prairie,2026-06-25 07:00,2.0,3.0,2,2,2026-06-25T13:59:07+00:00,2.0,2026-06-25T13:59:08+00:00,0.0,0.0,OK
Lethbridge,Lethbridge,2026-06-25 07:00,2.0,2.0,2,2,2026-06-25T13:59:07+00:00,2.0,2026-06-25T13:59:08+00:00,0.0,0.0,OK
Medicine Hat,Medicine Hat,2026-06-25 07:00,2.0,2.0,2,2,2026-06-25T13:59:07+00:00,2.0,2026-06-25T13:59:08+00:00,0.0,0.0,OK
Airdrie,Airdrie,2026-06-25 07:00,2.0,3.0,3,3,2026-06-25T13:59:07+00:00,2.0,2026-06-25T13:59:08+00:00,0.0,0.0,OK
Cold Lake,Cold Lake,2026-06-25 07:00,2.0,2.0,2,2,2026-06-25T13:59:07+00:00,2.0,2026-06-25T13:59:08+00:00,0.0,0.0,OK
Drayton Valley,Drayton Valley,2026-06-25 07:00,2.0,2.0,2,2,2026-06-25T13:59:07+00:00,2.0,2026-06-25T13:59:08+00:00,0.0,0.0,OK
St. Albert,St. Albert,2026-06-25 04:00,2.0,3.0,2,3,2026-06-25T13:59:07+00:00,1.0,2026-06-25T13:59:08+00:00,1.0,1.0,Minor difference
Strathcona County,Sherwood Park,2026-06-25 07:00,2.0,3.0,2,3,2026-06-25T13:59:07+00:00,,,,,OK
Edmonton,Edmonton,2026-06-25 08:00,2.0,3.0,2,3,2026-06-25T15:18:05+00:00,2.0,2026-06-25T15:18:05+00:00,0.0,0.0,OK
Calgary,Calgary,2026-06-25 08:00,3.0,3.0,3,3,2026-06-25T15:18:05+00:00,3.0,2026-06-25T15:18:05+00:00,0.0,0.0,OK
Red Deer,Red Deer,2026-06-25 08:00,2.0,2.0,2,2,2026-06-25T15:18:05+00:00,2.0,2026-06-25T15:18:05+00:00,0.0,0.0,OK
Fort McMurray,Fort McMurray,2026-06-25 08:00,1.0,2.0,2,2,2026-06-25T15:18:05+00:00,1.0,2026-06-25T15:18:05+00:00,0.0,0.0,OK
Grande Prairie,Grande Prairie,2026-06-25 08:00,2.0,3.0,2,2,2026-06-25T15:18:05+00:00,2.0,2026-06-25T15:18:05+00:00,0.0,0.0,OK
Lethbridge,Lethbridge,2026-06-25 08:00,2.0,2.0,2,2,2026-06-25T15:18:05+00:00,2.0,2026-06-25T15:18:05+00:00,0.0,0.0,OK
Medicine Hat,Medicine Hat,2026-06-25 08:00,2.0,2.0,2,2,2026-06-25T15:18:05+00:00,2.0,2026-06-25T15:18:05+00:00,0.0,0.0,OK
Airdrie,Airdrie,2026-06-25 08:00,2.0,3.0,3,3,2026-06-25T15:18:05+00:00,2.0,2026-06-25T15:18:05+00:00,0.0,0.0,OK
Cold Lake,Cold Lake,2026-06-25 08:00,2.0,2.0,2,2,2026-06-25T15:18:05+00:00,2.0,2026-06-25T15:18:05+00:00,0.0,0.0,OK
Drayton Valley,Drayton Valley,2026-06-25 08:00,2.0,2.0,2,2,2026-06-25T15:18:05+00:00,2.0,2026-06-25T15:18:05+00:00,0.0,0.0,OK
St. Albert,St. Albert,2026-06-25 04:00,2.0,3.0,2,3,2026-06-25T15:18:05+00:00,1.0,2026-06-25T15:18:05+00:00,1.0,1.0,Minor difference
Strathcona County,Sherwood Park,2026-06-25 08:00,2.0,3.0,2,3,2026-06-25T15:18:05+00:00,,,,,OK
Edmonton,Edmonton,2026-06-25 10:00,2.0,3.0,2,3,2026-06-25T17:00:38+00:00,2.0,2026-06-25T17:00:39+00:00,0.0,0.0,OK
Calgary,Calgary,2026-06-25 10:00,3.0,3.0,3,3,2026-06-25T17:00:38+00:00,3.0,2026-06-25T17:00:39+00:00,0.0,0.0,OK
Red Deer,Red Deer,2026-06-25 10:00,2.0,2.0,2,2,2026-06-25T17:00:38+00:00,2.0,2026-06-25T17:00:39+00:00,0.0,0.0,OK
Fort McMurray,Fort McMurray,2026-06-25 10:00,2.0,2.0,2,2,2026-06-25T17:00:38+00:00,2.0,2026-06-25T17:00:39+00:00,0.0,0.0,OK
Grande Prairie,Grande Prairie,2026-06-25 10:00,2.0,3.0,2,2,2026-06-25T17:00:38+00:00,2.0,2026-06-25T17:00:39+00:00,0.0,0.0,OK
Lethbridge,Lethbridge,2026-06-25 10:00,2.0,2.0,2,2,2026-06-25T17:00:38+00:00,2.0,2026-06-25T17:00:39+00:00,0.0,0.0,OK
Medicine Hat,Medicine Hat,2026-06-25 10:00,2.0,2.0,2,2,2026-06-25T17:00:38+00:00,2.0,2026-06-25T17:00:39+00:00,0.0,0.0,OK
Airdrie,Airdrie,2026-06-25 10:00,2.0,3.0,3,3,2026-06-25T17:00:38+00:00,2.0,2026-06-25T17:00:39+00:00,0.0,0.0,OK
Cold Lake,Cold Lake,2026-06-25 10:00,2.0,2.0,2,2,2026-06-25T17:00:38+00:00,2.0,2026-06-25T17:00:39+00:00,0.0,0.0,OK
Drayton Valley,Drayton Valley,2026-06-25 10:00,2.0,2.0,2,2,2026-06-25T17:00:38+00:00,2.0,2026-06-25T17:00:39+00:00,0.0,0.0,OK
St. Albert,St. Albert,2026-06-25 09:00,2.0,3.0,2,3,2026-06-25T17:00:38+00:00,2.0,2026-06-25T17:00:39+00:00,0.0,0.0,OK
Strathcona County,Sherwood Park,2026-06-25 10:00,2.0,3.0,2,3,2026-06-25T17:00:38+00:00,,,,,OK
Edmonton,Edmonton,2026-06-25 11:00,2.0,3.0,2,3,2026-06-25T17:59:19+00:00,2.0,2026-06-25T17:59:20+00:00,0.0,0.0,OK
Calgary,Calgary,2026-06-25 11:00,3.0,3.0,3,3,2026-06-25T17:59:19+00:00,3.0,2026-06-25T17:59:20+00:00,0.0,0.0,OK
Red Deer,Red Deer,2026-06-25 11:00,2.0,2.0,2,2,2026-06-25T17:59:19+00:00,2.0,2026-06-25T17:59:20+00:00,0.0,0.0,OK
Fort McMurray,Fort McMurray,2026-06-25 11:00,2.0,2.0,2,2,2026-06-25T17:59:19+00:00,2.0,2026-06-25T17:59:20+00:00,0.0,0.0,OK
Grande Prairie,Grande Prairie,2026-06-25 11:00,2.0,3.0,2,2,2026-06-25T17:59:19+00:00,2.0,2026-06-25T17:59:20+00:00,0.0,0.0,OK
Lethbridge,Lethbridge,2026-06-25 11:00,2.0,2.0,2,2,2026-06-25T17:59:19+00:00,2.0,2026-06-25T17:59:20+00:00,0.0,0.0,OK
Medicine Hat,Medicine Hat,2026-06-25 11:00,2.0,2.0,2,2,2026-06-25T17:59:19+00:00,2.0,2026-06-25T17:59:20+00:00,0.0,0.0,OK
Airdrie,Airdrie,2026-06-25 11:00,3.0,3.0,3,3,2026-06-25T17:59:19+00:00,3.0,2026-06-25T17:59:20+00:00,0.0,0.0,OK
Cold Lake,Cold Lake,2026-06-25 11:00,2.0,2.0,2,2,2026-06-25T17:59:19+00:00,2.0,2026-06-25T17:59:20+00:00,0.0,0.0,OK
Drayton Valley,Drayton Valley,2026-06-25 11:00,2.0,2.0,2,2,2026-06-25T17:59:19+00:00,2.0,2026-06-25T17:59:20+00:00,0.0,0.0,OK
St. Albert,St. Albert,2026-06-25 11:00,2.0,3.0,2,3,2026-06-25T17:59:19+00:00,2.0,2026-06-25T17:59:20+00:00,0.0,0.0,OK
Strathcona County,Sherwood Park,2026-06-25 11:00,2.0,3.0,2,3,2026-06-25T17:59:19+00:00,,,,,OK
Edmonton,Edmonton,2026-06-25 12:00,2.0,3.0,2,3,2026-06-25T18:59:05+00:00,2.0,2026-06-25T18:59:05+00:00,0.0,0.0,OK
Calgary,Calgary,2026-06-25 12:00,3.0,3.0,3,3,2026-06-25T18:59:05+00:00,3.0,2026-06-25T18:59:05+00:00,0.0,0.0,OK
Red Deer,Red Deer,2026-06-25 12:00,2.0,2.0,2,2,2026-06-25T18:59:05+00:00,2.0,2026-06-25T18:59:05+00:00,0.0,0.0,OK
Fort McMurray,Fort McMurray,2026-06-25 12:00,2.0,2.0,2,2,2026-06-25T18:59:05+00:00,2.0,2026-06-25T18:59:05+00:00,0.0,0.0,OK
Grande Prairie,Grande Prairie,2026-06-25 12:00,2.0,3.0,2,2,2026-06-25T18:59:05+00:00,3.0,2026-06-25T18:59:05+00:00,-1.0,1.0,Minor difference
Lethbridge,Lethbridge,2026-06-25 12:00,2.0,2.0,2,2,2026-06-25T18:59:05+00:00,2.0,2026-06-25T18:59:05+00:00,0.0,0.0,OK
Medicine Hat,Medicine Hat,2026-06-25 12:00,2.0,2.0,2,2,2026-06-25T18:59:05+00:00,2.0,2026-06-25T18:59:05+00:00,0.0,0.0,OK
Airdrie,Airdrie,2026-06-25 12:00,3.0,3.0,3,3,2026-06-25T18:59:05+00:00,3.0,2026-06-25T18:59:05+00:00,0.0,0.0,OK
Cold Lake,Cold Lake,2026-06-25 11:00,2.0,2.0,2,2,2026-06-25T18:59:05+00:00,2.0,2026-06-25T18:59:05+00:00,0.0,0.0,OK
Drayton Valley,Drayton Valley,2026-06-25 12:00,2.0,2.0,2,2,2026-06-25T18:59:05+00:00,2.0,2026-06-25T18:59:05+00:00,0.0,0.0,OK
St. Albert,St. Albert,2026-06-25 12:00,2.0,3.0,2,3,2026-06-25T18:59:05+00:00,2.0,2026-06-25T18:59:05+00:00,0.0,0.0,OK
Strathcona County,Sherwood Park,2026-06-25 12:00,2.0,3.0,2,3,2026-06-25T18:59:05+00:00,,,,,OK
Edmonton,Edmonton,2026-06-25 13:00,2.0,3.0,2,3,2026-06-25T19:57:23+00:00,2.0,2026-06-25T19:57:23+00:00,0.0,0.0,OK
Calgary,Calgary,2026-06-25 13:00,3.0,3.0,3,3,2026-06-25T19:57:23+00:00,3.0,2026-06-25T19:57:23+00:00,0.0,0.0,OK
Red Deer,Red Deer,2026-06-25 13:00,2.0,2.0,2,2,2026-06-25T19:57:23+00:00,2.0,2026-06-25T19:57:23+00:00,0.0,0.0,OK
Fort McMurray,Fort McMurray,2026-06-25 13:00,2.0,2.0,2,2,2026-06-25T19:57:23+00:00,2.0,2026-06-25T19:57:23+00:00,0.0,0.0,OK
Grande Prairie,Grande Prairie,2026-06-25 13:00,3.0,3.0,2,2,2026-06-25T19:57:23+00:00,3.0,2026-06-25T19:57:23+00:00,0.0,0.0,OK
Lethbridge,Lethbridge,2026-06-25 13:00,2.0,2.0,2,2,2026-06-25T19:57:23+00:00,2.0,2026-06-25T19:57:23+00:00,0.0,0.0,OK
Medicine Hat,Medicine Hat,2026-06-25 13:00,2.0,2.0,2,2,2026-06-25T19:57:23+00:00,2.0,2026-06-25T19:57:23+00:00,0.0,0.0,OK
Airdrie,Airdrie,2026-06-25 13:00,3.0,3.0,3,3,2026-06-25T19:57:23+00:00,3.0,2026-06-25T19:57:23+00:00,0.0,0.0,OK
Cold Lake,Cold Lake,2026-06-25 13:00,2.0,2.0,2,2,2026-06-25T19:57:23+00:00,2.0,2026-06-25T19:57:23+00:00,0.0,0.0,OK
Drayton Valley,Drayton Valley,2026-06-25 13:00,2.0,2.0,2,2,2026-06-25T19:57:23+00:00,2.0,2026-06-25T19:57:23+00:00,0.0,0.0,OK
St. Albert,St. Albert,2026-06-25 13:00,3.0,3.0,2,3,2026-06-25T19:57:23+00:00,3.0,2026-06-25T19:57:23+00:00,0.0,0.0,OK
Strathcona County,Sherwood Park,2026-06-25 13:00,2.0,3.0,2,3,2026-06-25T19:57:23+00:00,,,,,OK
Edmonton,Edmonton,2026-06-25 14:00,3.0,3.0,2,3,2026-06-25T20:57:09+00:00,3.0,2026-06-25T20:57:09+00:00,0.0,0.0,OK
Calgary,Calgary,2026-06-25 14:00,3.0,3.0,3,3,2026-06-25T20:57:09+00:00,3.0,2026-06-25T20:57:09+00:00,0.0,0.0,OK
Red Deer,Red Deer,2026-06-25 14:00,2.0,2.0,2,2,2026-06-25T20:57:09+00:00,2.0,2026-06-25T20:57:09+00:00,0.0,0.0,OK
Fort McMurray,Fort McMurray,2026-06-25 14:00,3.0,2.0,2,2,2026-06-25T20:57:09+00:00,2.0,2026-06-25T20:57:09+00:00,1.0,1.0,Minor difference
Grande Prairie,Grande Prairie,2026-06-25 14:00,3.0,3.0,2,2,2026-06-25T20:57:09+00:00,3.0,2026-06-25T20:57:09+00:00,0.0,0.0,OK
Lethbridge,Lethbridge,2026-06-25 14:00,2.0,2.0,2,2,2026-06-25T20:57:09+00:00,2.0,2026-06-25T20:57:09+00:00,0.0,0.0,OK
Medicine Hat,Medicine Hat,2026-06-25 14:00,2.0,2.0,2,2,2026-06-25T20:57:09+00:00,2.0,2026-06-25T20:57:09+00:00,0.0,0.0,OK
Airdrie,Airdrie,2026-06-25 14:00,3.0,3.0,3,3,2026-06-25T20:57:09+00:00,3.0,2026-06-25T20:57:09+00:00,0.0,0.0,OK
Cold Lake,Cold Lake,2026-06-25 14:00,3.0,2.0,2,2,2026-06-25T20:57:09+00:00,3.0,2026-06-25T20:57:09+00:00,0.0,0.0,OK
Drayton Valley,Drayton Valley,2026-06-25 14:00,2.0,2.0,2,2,2026-06-25T20:57:09+00:00,2.0,2026-06-25T20:57:09+00:00,0.0,0.0,OK
St. Albert,St. Albert,2026-06-25 14:00,3.0,3.0,2,3,2026-06-25T20:57:09+00:00,3.0,2026-06-25T20:57:09+00:00,0.0,0.0,OK
Strathcona County,Sherwood Park,2026-06-25 14:00,2.0,3.0,2,3,2026-06-25T20:57:09+00:00,,,,,OK
Edmonton,Edmonton,2026-06-25 15:00,3.0,3.0,2,3,2026-06-25T21:51:56+00:00,3.0,2026-06-25T21:51:56+00:00,0.0,0.0,OK
Calgary,Calgary,2026-06-25 15:00,3.0,3.0,3,3,2026-06-25T21:51:56+00:00,3.0,2026-06-25T21:51:56+00:00,0.0,0.0,OK
Red Deer,Red Deer,2026-06-25 15:00,3.0,2.0,2,2,2026-06-25T21:51:56+00:00,3.0,2026-06-25T21:51:56+00:00,0.0,0.0,OK
Fort McMurray,Fort McMurray,2026-06-25 15:00,3.0,2.0,2,2,2026-06-25T21:51:56+00:00,3.0,2026-06-25T21:51:56+00:00,0.0,0.0,OK
Grande Prairie,Grande Prairie,2026-06-25 15:00,3.0,3.0,2,2,2026-06-25T21:51:56+00:00,3.0,2026-06-25T21:51:56+00:00,0.0,0.0,OK
Lethbridge,Lethbridge,2026-06-25 15:00,2.0,2.0,2,2,2026-06-25T21:51:56+00:00,2.0,2026-06-25T21:51:56+00:00,0.0,0.0,OK
Medicine Hat,Medicine Hat,2026-06-25 15:00,2.0,2.0,2,2,2026-06-25T21:51:56+00:00,2.0,2026-06-25T21:51:56+00:00,0.0,0.0,OK
Airdrie,Airdrie,2026-06-25 15:00,3.0,3.0,3,3,2026-06-25T21:51:56+00:00,3.0,2026-06-25T21:51:56+00:00,0.0,0.0,OK
Cold Lake,Cold Lake,2026-06-25 15:00,3.0,2.0,2,2,2026-06-25T21:51:56+00:00,3.0,2026-06-25T21:51:56+00:00,0.0,0.0,OK
Drayton Valley,Drayton Valley,2026-06-25 15:00,3.0,2.0,2,2,2026-06-25T21:51:56+00:00,3.0,2026-06-25T21:51:56+00:00,0.0,0.0,OK
St. Albert,St. Albert,2026-06-25 15:00,3.0,3.0,2,3,2026-06-25T21:51:56+00:00,3.0,2026-06-25T21:51:56+00:00,0.0,0.0,OK
Strathcona County,Sherwood Park,2026-06-25 15:00,3.0,3.0,2,3,2026-06-25T21:51:56+00:00,,,,,OK
Edmonton,Edmonton,2026-06-25 16:00,3.0,3.0,2,3,2026-06-25T22:48:02+00:00,3.0,2026-06-25T22:48:02+00:00,0.0,0.0,OK
Calgary,Calgary,2026-06-25 16:00,3.0,3.0,3,3,2026-06-25T22:48:02+00:00,3.0,2026-06-25T22:48:02+00:00,0.0,0.0,OK
Red Deer,Red Deer,2026-06-25 16:00,3.0,2.0,2,2,2026-06-25T22:48:02+00:00,3.0,2026-06-25T22:48:02+00:00,0.0,0.0,OK
Fort McMurray,Fort McMurray,2026-06-25 16:00,3.0,2.0,2,2,2026-06-25T22:48:02+00:00,3.0,2026-06-25T22:48:02+00:00,0.0,0.0,OK
Grande Prairie,Grande Prairie,2026-06-25 16:00,3.0,3.0,2,2,2026-06-25T22:48:02+00:00,3.0,2026-06-25T22:48:02+00:00,0.0,0.0,OK
Lethbridge,Lethbridge,2026-06-25 16:00,2.0,2.0,2,2,2026-06-25T22:48:02+00:00,2.0,2026-06-25T22:48:02+00:00,0.0,0.0,OK
Medicine Hat,Medicine Hat,2026-06-25 16:00,2.0,2.0,2,2,2026-06-25T22:48:02+00:00,2.0,2026-06-25T22:48:02+00:00,0.0,0.0,OK
Airdrie,Airdrie,2026-06-25 16:00,3.0,3.0,3,3,2026-06-25T22:48:02+00:00,3.0,2026-06-25T22:48:02+00:00,0.0,0.0,OK
Cold Lake,Cold Lake,2026-06-25 16:00,2.0,2.0,2,2,2026-06-25T22:48:02+00:00,2.0,2026-06-25T22:48:02+00:00,0.0,0.0,OK
Drayton Valley,Drayton Valley,2026-06-25 16:00,3.0,2.0,2,2,2026-06-25T22:48:02+00:00,3.0,2026-06-25T22:48:02+00:00,0.0,0.0,OK
St. Albert,St. Albert,2026-06-25 16:00,3.0,3.0,2,3,2026-06-25T22:48:02+00:00,3.0,2026-06-25T22:48:02+00:00,0.0,0.0,OK
Strathcona County,Sherwood Park,2026-06-25 16:00,3.0,3.0,2,3,2026-06-25T22:48:02+00:00,,,,,OK
Edmonton,Edmonton,2026-06-25 17:00,3.0,,3,3,2026-06-25T23:47:20+00:00,3.0,2026-06-25T23:47:21+00:00,0.0,0.0,OK
Calgary,Calgary,2026-06-25 17:00,3.0,,3,3,2026-06-25T23:47:20+00:00,3.0,2026-06-25T23:47:21+00:00,0.0,0.0,OK
Red Deer,Red Deer,2026-06-25 17:00,3.0,,3,3,2026-06-25T23:47:20+00:00,3.0,2026-06-25T23:47:21+00:00,0.0,0.0,OK
Fort McMurray,Fort McMurray,2026-06-25 17:00,3.0,,2,3,2026-06-25T23:47:20+00:00,3.0,2026-06-25T23:47:21+00:00,0.0,0.0,OK
Grande Prairie,Grande Prairie,2026-06-25 17:00,3.0,,2,3,2026-06-25T23:47:20+00:00,3.0,2026-06-25T23:47:21+00:00,0.0,0.0,OK
Lethbridge,Lethbridge,2026-06-25 17:00,2.0,,3,2,2026-06-25T23:47:20+00:00,2.0,2026-06-25T23:47:21+00:00,0.0,0.0,OK
Medicine Hat,Medicine Hat,2026-06-25 17:00,2.0,,2,2,2026-06-25T23:47:20+00:00,2.0,2026-06-25T23:47:21+00:00,0.0,0.0,OK
Airdrie,Airdrie,2026-06-25 17:00,3.0,,3,3,2026-06-25T23:47:20+00:00,3.0,2026-06-25T23:47:21+00:00,0.0,0.0,OK
Cold Lake,Cold Lake,2026-06-25 17:00,3.0,,2,2,2026-06-25T23:47:20+00:00,3.0,2026-06-25T23:47:21+00:00,0.0,0.0,OK
Drayton Valley,Drayton Valley,2026-06-25 17:00,3.0,,2,3,2026-06-25T23:47:20+00:00,3.0,2026-06-25T23:47:21+00:00,0.0,0.0,OK
St. Albert,St. Albert,2026-06-25 17:00,3.0,,3,3,2026-06-25T23:47:20+00:00,3.0,2026-06-25T23:47:21+00:00,0.0,0.0,OK
Strathcona County,Sherwood Park,2026-06-25 17:00,3.0,,3,3,2026-06-25T23:47:20+00:00,,,,,OK
Edmonton,Edmonton,2026-06-25 18:00,3.0,,3,3,2026-06-26T01:22:13+00:00,3.0,2026-06-26T01:22:13+00:00,0.0,0.0,OK
Calgary,Calgary,2026-06-25 18:00,3.0,,3,3,2026-06-26T01:22:13+00:00,3.0,2026-06-26T01:22:13+00:00,0.0,0.0,OK
Red Deer,Red Deer,2026-06-25 18:00,3.0,,3,3,2026-06-26T01:22:13+00:00,3.0,2026-06-26T01:22:13+00:00,0.0,0.0,OK
Fort McMurray,Fort McMurray,2026-06-25 18:00,3.0,,2,3,2026-06-26T01:22:13+00:00,3.0,2026-06-26T01:22:13+00:00,0.0,0.0,OK
Grande Prairie,Grande Prairie,2026-06-25 18:00,3.0,,2,3,2026-06-26T01:22:13+00:00,3.0,2026-06-26T01:22:13+00:00,0.0,0.0,OK
Lethbridge,Lethbridge,2026-06-25 18:00,2.0,,3,2,2026-06-26T01:22:13+00:00,2.0,2026-06-26T01:22:13+00:00,0.0,0.0,OK
Medicine Hat,Medicine Hat,2026-06-25 18:00,2.0,,2,2,2026-06-26T01:22:13+00:00,2.0,2026-06-26T01:22:13+00:00,0.0,0.0,OK
Airdrie,Airdrie,2026-06-25 18:00,3.0,,3,3,2026-06-26T01:22:13+00:00,3.0,2026-06-26T01:22:13+00:00,0.0,0.0,OK
Cold Lake,Cold Lake,2026-06-25 18:00,3.0,,2,2,2026-06-26T01:22:13+00:00,3.0,2026-06-26T01:22:13+00:00,0.0,0.0,OK
Drayton Valley,Drayton Valley,2026-06-25 18:00,3.0,,2,3,2026-06-26T01:22:13+00:00,3.0,2026-06-26T01:22:13+00:00,0.0,0.0,OK
St. Albert,St. Albert,2026-06-25 18:00,3.0,,3,3,2026-06-26T01:22:13+00:00,3.0,2026-06-26T01:22:13+00:00,0.0,0.0,OK
Strathcona County,Sherwood Park,2026-06-25 18:00,3.0,,3,3,2026-06-26T01:22:13+00:00,,,,,OK
Edmonton,Edmonton,2026-06-25 20:00,3.0,,3,3,2026-06-26T03:26:59+00:00,3.0,2026-06-26T03:26:59+00:00,0.0,0.0,OK
Calgary,Calgary,2026-06-25 20:00,3.0,,3,3,2026-06-26T03:26:59+00:00,3.0,2026-06-26T03:26:59+00:00,0.0,0.0,OK
Red Deer,Red Deer,2026-06-25 20:00,3.0,,3,3,2026-06-26T03:26:59+00:00,3.0,2026-06-26T03:26:59+00:00,0.0,0.0,OK
Fort McMurray,Fort McMurray,2026-06-25 20:00,3.0,,2,3,2026-06-26T03:26:59+00:00,3.0,2026-06-26T03:26:59+00:00,0.0,0.0,OK
Grande Prairie,Grande Prairie,2026-06-25 20:00,3.0,,2,3,2026-06-26T03:26:59+00:00,3.0,2026-06-26T03:26:59+00:00,0.0,0.0,OK
Lethbridge,Lethbridge,2026-06-25 21:00,3.0,,3,2,2026-06-26T03:26:59+00:00,3.0,2026-06-26T03:26:59+00:00,0.0,0.0,OK
Medicine Hat,Medicine Hat,2026-06-25 20:00,3.0,,2,2,2026-06-26T03:26:59+00:00,3.0,2026-06-26T03:26:59+00:00,0.0,0.0,OK
Airdrie,Airdrie,2026-06-25 20:00,3.0,,3,3,2026-06-26T03:26:59+00:00,3.0,2026-06-26T03:26:59+00:00,0.0,0.0,OK
Cold Lake,Cold Lake,2026-06-25 21:00,3.0,,2,2,2026-06-26T03:26:59+00:00,3.0,2026-06-26T03:26:59+00:00,0.0,0.0,OK
Drayton Valley,Drayton Valley,2026-06-25 20:00,3.0,,2,3,2026-06-26T03:26:59+00:00,3.0,2026-06-26T03:26:59+00:00,0.0,0.0,OK
St. Albert,St. Albert,2026-06-25 20:00,3.0,,3,3,2026-06-26T03:26:59+00:00,3.0,2026-06-26T03:26:59+00:00,0.0,0.0,OK
Strathcona County,Sherwood Park,2026-06-25 21:00,2.0,,3,3,2026-06-26T03:26:59+00:00,,,,,OK
Edmonton,Edmonton,2026-06-25 22:00,2.0,,3,3,2026-06-26T05:43:04+00:00,2.0,2026-06-26T05:43:05+00:00,0.0,0.0,OK
Calgary,Calgary,2026-06-25 22:00,3.0,,3,3,2026-06-26T05:43:04+00:00,3.0,2026-06-26T05:43:05+00:00,0.0,0.0,OK
Red Deer,Red Deer,2026-06-25 22:00,3.0,,3,3,2026-06-26T05:43:04+00:00,2.0,2026-06-26T05:43:05+00:00,1.0,1.0,Minor difference
Fort McMurray,Fort McMurray,2026-06-25 22:00,3.0,,2,3,2026-06-26T05:43:04+00:00,2.0,2026-06-26T05:43:05+00:00,1.0,1.0,Minor difference
Grande Prairie,Grande Prairie,2026-06-25 22:00,3.0,,2,3,2026-06-26T05:43:04+00:00,3.0,2026-06-26T05:43:05+00:00,0.0,0.0,OK
Lethbridge,Lethbridge,2026-06-25 22:00,2.0,,3,2,2026-06-26T05:43:04+00:00,2.0,2026-06-26T05:43:05+00:00,0.0,0.0,OK
Medicine Hat,Medicine Hat,2026-06-25 22:00,2.0,,2,2,2026-06-26T05:43:04+00:00,2.0,2026-06-26T05:43:05+00:00,0.0,0.0,OK
Airdrie,Airdrie,2026-06-25 22:00,3.0,,3,3,2026-06-26T05:43:04+00:00,3.0,2026-06-26T05:43:05+00:00,0.0,0.0,OK
Cold Lake,Cold Lake,2026-06-25 22:00,2.0,,2,2,2026-06-26T05:43:04+00:00,2.0,2026-06-26T05:43:05+00:00,0.0,0.0,OK
Drayton Valley,Drayton Valley,2026-06-25 22:00,3.0,,2,3,2026-06-26T05:43:04+00:00,3.0,2026-06-26T05:43:05+00:00,0.0,0.0,OK
St. Albert,St. Albert,2026-06-25 22:00,2.0,,3,3,2026-06-26T05:43:04+00:00,2.0,2026-06-26T05:43:05+00:00,0.0,0.0,OK
Strathcona County,Sherwood Park,2026-06-25 22:00,2.0,,3,3,2026-06-26T05:43:04+00:00,,,,,OK
Edmonton,Edmonton,2026-06-26 01:00,2.0,,3,3,2026-06-26T07:36:44+00:00,2.0,2026-06-26T07:36:45+00:00,0.0,0.0,OK
Calgary,Calgary,2026-06-26 01:00,3.0,,3,3,2026-06-26T07:36:44+00:00,3.0,2026-06-26T07:36:45+00:00,0.0,0.0,OK
Red Deer,Red Deer,2026-06-26 01:00,2.0,,3,3,2026-06-26T07:36:44+00:00,2.0,2026-06-26T07:36:45+00:00,0.0,0.0,OK
Fort McMurray,Fort McMurray,2026-06-26 01:00,2.0,,2,3,2026-06-26T07:36:44+00:00,2.0,2026-06-26T07:36:45+00:00,0.0,0.0,OK
Grande Prairie,Grande Prairie,2026-06-26 01:00,3.0,,2,3,2026-06-26T07:36:44+00:00,3.0,2026-06-26T07:36:45+00:00,0.0,0.0,OK
Lethbridge,Lethbridge,2026-06-26 01:00,2.0,,3,2,2026-06-26T07:36:44+00:00,2.0,2026-06-26T07:36:45+00:00,0.0,0.0,OK
Medicine Hat,Medicine Hat,2026-06-26 01:00,2.0,,2,2,2026-06-26T07:36:44+00:00,2.0,2026-06-26T07:36:45+00:00,0.0,0.0,OK
Airdrie,Airdrie,2026-06-26 01:00,2.0,,3,3,2026-06-26T07:36:44+00:00,2.0,2026-06-26T07:36:45+00:00,0.0,0.0,OK
Cold Lake,Cold Lake,2026-06-26 01:00,2.0,,2,2,2026-06-26T07:36:44+00:00,2.0,2026-06-26T07:36:45+00:00,0.0,0.0,OK
Drayton Valley,Drayton Valley,2026-06-26 01:00,2.0,,2,3,2026-06-26T07:36:44+00:00,2.0,2026-06-26T07:36:45+00:00,0.0,0.0,OK
St. Albert,St. Albert,2026-06-26 01:00,2.0,,3,3,2026-06-26T07:36:44+00:00,2.0,2026-06-26T07:36:45+00:00,0.0,0.0,OK
Strathcona County,Sherwood Park,2026-06-26 01:00,2.0,,3,3,2026-06-26T07:36:44+00:00,,,,,OK
Edmonton,Edmonton,2026-06-26 03:00,2.0,,3,3,2026-06-26T09:26:45+00:00,2.0,2026-06-26T09:26:45+00:00,0.0,0.0,OK
Calgary,Calgary,2026-06-26 02:00,3.0,,3,3,2026-06-26T09:26:45+00:00,3.0,2026-06-26T09:26:45+00:00,0.0,0.0,OK
Red Deer,Red Deer,2026-06-26 02:00,2.0,,3,3,2026-06-26T09:26:45+00:00,2.0,2026-06-26T09:26:45+00:00,0.0,0.0,OK
Fort McMurray,Fort McMurray,2026-06-26 02:00,2.0,,2,3,2026-06-26T09:26:45+00:00,2.0,2026-06-26T09:26:45+00:00,0.0,0.0,OK
Grande Prairie,Grande Prairie,2026-06-26 02:00,2.0,,2,3,2026-06-26T09:26:45+00:00,2.0,2026-06-26T09:26:45+00:00,0.0,0.0,OK
Lethbridge,Lethbridge,2026-06-26 03:00,2.0,,3,2,2026-06-26T09:26:45+00:00,2.0,2026-06-26T09:26:45+00:00,0.0,0.0,OK
Medicine Hat,Medicine Hat,2026-06-26 02:00,2.0,,2,2,2026-06-26T09:26:45+00:00,2.0,2026-06-26T09:26:45+00:00,0.0,0.0,OK
Airdrie,Airdrie,2026-06-26 02:00,2.0,,3,3,2026-06-26T09:26:45+00:00,2.0,2026-06-26T09:26:45+00:00,0.0,0.0,OK
Cold Lake,Cold Lake,2026-06-26 03:00,2.0,,2,2,2026-06-26T09:26:45+00:00,2.0,2026-06-26T09:26:45+00:00,0.0,0.0,OK
Drayton Valley,Drayton Valley,2026-06-26 03:00,2.0,,2,3,2026-06-26T09:26:45+00:00,2.0,2026-06-26T09:26:45+00:00,0.0,0.0,OK
St. Albert,St. Albert,2026-06-26 03:00,2.0,,3,3,2026-06-26T09:26:45+00:00,2.0,2026-06-26T09:26:45+00:00,0.0,0.0,OK
Strathcona County,Sherwood Park,2026-06-26 02:00,2.0,,3,3,2026-06-26T09:26:45+00:00,,,,,OK
Edmonton,Edmonton,2026-06-26 04:00,2.0,,3,3,2026-06-26T11:17:00+00:00,2.0,2026-06-26T11:17:01+00:00,0.0,0.0,OK
Calgary,Calgary,2026-06-26 04:00,2.0,,3,3,2026-06-26T11:17:00+00:00,2.0,2026-06-26T11:17:01+00:00,0.0,0.0,OK
Red Deer,Red Deer,2026-06-26 04:00,2.0,,3,3,2026-06-26T11:17:00+00:00,2.0,2026-06-26T11:17:01+00:00,0.0,0.0,OK
Fort McMurray,Fort McMurray,2026-06-26 03:00,2.0,,2,3,2026-06-26T11:17:00+00:00,2.0,2026-06-26T11:17:01+00:00,0.0,0.0,OK
Grande Prairie,Grande Prairie,2026-06-26 03:00,2.0,,2,3,2026-06-26T11:17:00+00:00,2.0,2026-06-26T11:17:01+00:00,0.0,0.0,OK
Lethbridge,Lethbridge,2026-06-26 03:00,2.0,,3,2,2026-06-26T11:17:00+00:00,2.0,2026-06-26T11:17:01+00:00,0.0,0.0,OK
Medicine Hat,Medicine Hat,2026-06-26 04:00,2.0,,2,2,2026-06-26T11:17:00+00:00,2.0,2026-06-26T11:17:01+00:00,0.0,0.0,OK
Airdrie,Airdrie,2026-06-26 04:00,2.0,,3,3,2026-06-26T11:17:00+00:00,2.0,2026-06-26T11:17:01+00:00,0.0,0.0,OK
Cold Lake,Cold Lake,2026-06-26 05:00,2.0,,2,2,2026-06-26T11:17:00+00:00,2.0,2026-06-26T11:17:01+00:00,0.0,0.0,OK
Drayton Valley,Drayton Valley,2026-06-26 04:00,2.0,,2,3,2026-06-26T11:17:00+00:00,2.0,2026-06-26T11:17:01+00:00,0.0,0.0,OK
St. Albert,St. Albert,2026-06-26 04:00,2.0,,3,3,2026-06-26T11:17:00+00:00,2.0,2026-06-26T11:17:01+00:00,0.0,0.0,OK
Strathcona County,Sherwood Park,2026-06-26 05:00,2.0,,3,3,2026-06-26T11:17:00+00:00,,,,,OK
Edmonton,Edmonton,2026-06-26 06:00,2.0,3.0,2,3,2026-06-26T13:01:08+00:00,2.0,2026-06-26T13:01:08+00:00,0.0,0.0,OK
Calgary,Calgary,2026-06-26 06:00,2.0,3.0,3,3,2026-06-26T13:01:08+00:00,2.0,2026-06-26T13:01:08+00:00,0.0,0.0,OK
Red Deer,Red Deer,2026-06-26 06:00,2.0,3.0,2,3,2026-06-26T13:01:08+00:00,2.0,2026-06-26T13:01:08+00:00,0.0,0.0,OK
Fort McMurray,Fort McMurray,2026-06-26 06:00,2.0,3.0,3,3,2026-06-26T13:01:08+00:00,2.0,2026-06-26T13:01:08+00:00,0.0,0.0,OK
Grande Prairie,Grande Prairie,2026-06-26 06:00,2.0,3.0,2,3,2026-06-26T13:01:08+00:00,2.0,2026-06-26T13:01:08+00:00,0.0,0.0,OK
Lethbridge,Lethbridge,2026-06-26 03:00,2.0,3.0,3,3,2026-06-26T13:01:08+00:00,1.0,2026-06-26T13:01:08+00:00,1.0,1.0,Minor difference
Medicine Hat,Medicine Hat,2026-06-26 06:00,2.0,3.0,3,3,2026-06-26T13:01:08+00:00,2.0,2026-06-26T13:01:08+00:00,0.0,0.0,OK
Airdrie,Airdrie,2026-06-26 06:00,2.0,3.0,3,3,2026-06-26T13:01:08+00:00,2.0,2026-06-26T13:01:08+00:00,0.0,0.0,OK
Cold Lake,Cold Lake,2026-06-26 06:00,2.0,3.0,3,3,2026-06-26T13:01:08+00:00,2.0,2026-06-26T13:01:08+00:00,0.0,0.0,OK
Drayton Valley,Drayton Valley,2026-06-26 06:00,2.0,3.0,2,3,2026-06-26T13:01:08+00:00,2.0,2026-06-26T13:01:08+00:00,0.0,0.0,OK
St. Albert,St. Albert,2026-06-26 06:00,2.0,3.0,2,3,2026-06-26T13:01:08+00:00,2.0,2026-06-26T13:01:08+00:00,0.0,0.0,OK
Strathcona County,Sherwood Park,2026-06-26 06:00,2.0,3.0,2,3,2026-06-26T13:01:08+00:00,,,,,OK
Edmonton,Edmonton,2026-06-26 07:00,2.0,3.0,2,3,2026-06-26T13:58:48+00:00,2.0,2026-06-26T13:58:48+00:00,0.0,0.0,OK
Calgary,Calgary,2026-06-26 07:00,2.0,3.0,3,3,2026-06-26T13:58:48+00:00,2.0,2026-06-26T13:58:48+00:00,0.0,0.0,OK
Red Deer,Red Deer,2026-06-26 07:00,2.0,3.0,2,3,2026-06-26T13:58:48+00:00,2.0,2026-06-26T13:58:48+00:00,0.0,0.0,OK
Fort McMurray,Fort McMurray,2026-06-26 07:00,2.0,3.0,3,3,2026-06-26T13:58:48+00:00,2.0,2026-06-26T13:58:48+00:00,0.0,0.0,OK
Grande Prairie,Grande Prairie,2026-06-26 07:00,2.0,3.0,2,3,2026-06-26T13:58:48+00:00,2.0,2026-06-26T13:58:48+00:00,0.0,0.0,OK
Lethbridge,Lethbridge,2026-06-26 07:00,2.0,3.0,3,3,2026-06-26T13:58:48+00:00,2.0,2026-06-26T13:58:48+00:00,0.0,0.0,OK
Medicine Hat,Medicine Hat,2026-06-26 07:00,2.0,3.0,3,3,2026-06-26T13:58:48+00:00,2.0,2026-06-26T13:58:48+00:00,0.0,0.0,OK
Airdrie,Airdrie,2026-06-26 07:00,2.0,3.0,3,3,2026-06-26T13:58:48+00:00,2.0,2026-06-26T13:58:48+00:00,0.0,0.0,OK
Cold Lake,Cold Lake,2026-06-26 07:00,2.0,3.0,3,3,2026-06-26T13:58:48+00:00,2.0,2026-06-26T13:58:48+00:00,0.0,0.0,OK
Drayton Valley,Drayton Valley,2026-06-26 07:00,2.0,3.0,2,3,2026-06-26T13:58:48+00:00,2.0,2026-06-26T13:58:48+00:00,0.0,0.0,OK
St. Albert,St. Albert,2026-06-26 07:00,2.0,3.0,2,3,2026-06-26T13:58:48+00:00,2.0,2026-06-26T13:58:48+00:00,0.0,0.0,OK
Strathcona County,Sherwood Park,2026-06-26 07:00,2.0,3.0,2,3,2026-06-26T13:58:48+00:00,,,,,OK
Edmonton,Edmonton,2026-06-26 08:00,2.0,3.0,2,3,2026-06-26T15:11:17+00:00,2.0,2026-06-26T15:11:17+00:00,0.0,0.0,OK
Calgary,Calgary,2026-06-26 08:00,2.0,3.0,3,3,2026-06-26T15:11:17+00:00,2.0,2026-06-26T15:11:17+00:00,0.0,0.0,OK
Red Deer,Red Deer,2026-06-26 08:00,2.0,3.0,2,3,2026-06-26T15:11:17+00:00,2.0,2026-06-26T15:11:17+00:00,0.0,0.0,OK
Fort McMurray,Fort McMurray,2026-06-26 08:00,2.0,3.0,3,3,2026-06-26T15:11:17+00:00,2.0,2026-06-26T15:11:17+00:00,0.0,0.0,OK
Grande Prairie,Grande Prairie,2026-06-26 08:00,2.0,3.0,2,3,2026-06-26T15:11:17+00:00,2.0,2026-06-26T15:11:17+00:00,0.0,0.0,OK
Lethbridge,Lethbridge,2026-06-26 08:00,2.0,3.0,3,3,2026-06-26T15:11:17+00:00,2.0,2026-06-26T15:11:17+00:00,0.0,0.0,OK
Medicine Hat,Medicine Hat,2026-06-26 08:00,2.0,3.0,3,3,2026-06-26T15:11:17+00:00,2.0,2026-06-26T15:11:17+00:00,0.0,0.0,OK
Airdrie,Airdrie,2026-06-26 08:00,2.0,3.0,3,3,2026-06-26T15:11:17+00:00,2.0,2026-06-26T15:11:17+00:00,0.0,0.0,OK
Cold Lake,Cold Lake,2026-06-26 08:00,2.0,3.0,3,3,2026-06-26T15:11:17+00:00,2.0,2026-06-26T15:11:17+00:00,0.0,0.0,OK
Drayton Valley,Drayton Valley,2026-06-26 08:00,2.0,3.0,2,3,2026-06-26T15:11:17+00:00,2.0,2026-06-26T15:11:17+00:00,0.0,0.0,OK
St. Albert,St. Albert,2026-06-26 08:00,2.0,3.0,2,3,2026-06-26T15:11:17+00:00,2.0,2026-06-26T15:11:17+00:00,0.0,0.0,OK
Strathcona County,Sherwood Park,2026-06-26 08:00,2.0,3.0,2,3,2026-06-26T15:11:17+00:00,,,,,OK
Edmonton,Edmonton,2026-06-26 09:00,2.0,3.0,2,3,2026-06-26T16:02:45+00:00,2.0,2026-06-26T16:02:45+00:00,0.0,0.0,OK
Calgary,Calgary,2026-06-26 09:00,2.0,3.0,3,3,2026-06-26T16:02:45+00:00,2.0,2026-06-26T16:02:45+00:00,0.0,0.0,OK
Red Deer,Red Deer,2026-06-26 09:00,2.0,3.0,2,3,2026-06-26T16:02:45+00:00,2.0,2026-06-26T16:02:45+00:00,0.0,0.0,OK
Fort McMurray,Fort McMurray,2026-06-26 09:00,2.0,3.0,3,3,2026-06-26T16:02:45+00:00,2.0,2026-06-26T16:02:45+00:00,0.0,0.0,OK
Grande Prairie,Grande Prairie,2026-06-26 09:00,2.0,3.0,2,3,2026-06-26T16:02:45+00:00,2.0,2026-06-26T16:02:45+00:00,0.0,0.0,OK
Lethbridge,Lethbridge,2026-06-26 09:00,2.0,3.0,3,3,2026-06-26T16:02:45+00:00,2.0,2026-06-26T16:02:45+00:00,0.0,0.0,OK
Medicine Hat,Medicine Hat,2026-06-26 09:00,2.0,3.0,3,3,2026-06-26T16:02:45+00:00,2.0,2026-06-26T16:02:45+00:00,0.0,0.0,OK
Airdrie,Airdrie,2026-06-26 09:00,2.0,3.0,3,3,2026-06-26T16:02:45+00:00,2.0,2026-06-26T16:02:45+00:00,0.0,0.0,OK
Cold Lake,Cold Lake,2026-06-26 09:00,2.0,3.0,3,3,2026-06-26T16:02:45+00:00,2.0,2026-06-26T16:02:45+00:00,0.0,0.0,OK
Drayton Valley,Drayton Valley,2026-06-26 09:00,2.0,3.0,2,3,2026-06-26T16:02:45+00:00,2.0,2026-06-26T16:02:45+00:00,0.0,0.0,OK
St. Albert,St. Albert,2026-06-26 08:00,2.0,3.0,2,3,2026-06-26T16:02:45+00:00,2.0,2026-06-26T16:02:45+00:00,0.0,0.0,OK
Strathcona County,Sherwood Park,2026-06-26 09:00,2.0,3.0,2,3,2026-06-26T16:02:45+00:00,,,,,OK
Edmonton,Edmonton,2026-06-26 10:00,2.0,3.0,2,3,2026-06-26T16:57:37+00:00,2.0,2026-06-26T16:57:37+00:00,0.0,0.0,OK
Calgary,Calgary,2026-06-26 10:00,2.0,3.0,3,3,2026-06-26T16:57:37+00:00,2.0,2026-06-26T16:57:37+00:00,0.0,0.0,OK
Red Deer,Red Deer,2026-06-26 10:00,2.0,3.0,2,3,2026-06-26T16:57:37+00:00,2.0,2026-06-26T16:57:37+00:00,0.0,0.0,OK
Fort McMurray,Fort McMurray,2026-06-26 10:00,2.0,3.0,3,3,2026-06-26T16:57:37+00:00,2.0,2026-06-26T16:57:37+00:00,0.0,0.0,OK
Grande Prairie,Grande Prairie,2026-06-26 10:00,2.0,3.0,2,3,2026-06-26T16:57:37+00:00,2.0,2026-06-26T16:57:37+00:00,0.0,0.0,OK
Lethbridge,Lethbridge,2026-06-26 10:00,2.0,3.0,3,3,2026-06-26T16:57:37+00:00,2.0,2026-06-26T16:57:37+00:00,0.0,0.0,OK
Medicine Hat,Medicine Hat,2026-06-26 10:00,2.0,3.0,3,3,2026-06-26T16:57:37+00:00,2.0,2026-06-26T16:57:37+00:00,0.0,0.0,OK
Airdrie,Airdrie,2026-06-26 10:00,2.0,3.0,3,3,2026-06-26T16:57:37+00:00,2.0,2026-06-26T16:57:37+00:00,0.0,0.0,OK
Cold Lake,Cold Lake,2026-06-26 10:00,2.0,3.0,3,3,2026-06-26T16:57:37+00:00,2.0,2026-06-26T16:57:37+00:00,0.0,0.0,OK
Drayton Valley,Drayton Valley,2026-06-26 10:00,2.0,3.0,2,3,2026-06-26T16:57:37+00:00,2.0,2026-06-26T16:57:37+00:00,0.0,0.0,OK
St. Albert,St. Albert,2026-06-26 10:00,2.0,3.0,2,3,2026-06-26T16:57:37+00:00,2.0,2026-06-26T16:57:37+00:00,0.0,0.0,OK
Strathcona County,Sherwood Park,2026-06-26 10:00,2.0,3.0,2,3,2026-06-26T16:57:37+00:00,,,,,OK
Edmonton,Edmonton,2026-06-26 12:00,2.0,3.0,2,3,2026-06-26T18:55:51+00:00,2.0,2026-06-26T18:55:52+00:00,0.0,0.0,OK
Calgary,Calgary,2026-06-26 12:00,3.0,3.0,3,3,2026-06-26T18:55:51+00:00,3.0,2026-06-26T18:55:52+00:00,0.0,0.0,OK
Red Deer,Red Deer,2026-06-26 12:00,2.0,3.0,2,3,2026-06-26T18:55:51+00:00,2.0,2026-06-26T18:55:52+00:00,0.0,0.0,OK
Fort McMurray,Fort McMurray,2026-06-26 12:00,2.0,3.0,3,3,2026-06-26T18:55:51+00:00,2.0,2026-06-26T18:55:52+00:00,0.0,0.0,OK
Grande Prairie,Grande Prairie,2026-06-26 12:00,2.0,3.0,2,3,2026-06-26T18:55:51+00:00,2.0,2026-06-26T18:55:52+00:00,0.0,0.0,OK
Lethbridge,Lethbridge,2026-06-26 12:00,2.0,3.0,3,3,2026-06-26T18:55:51+00:00,2.0,2026-06-26T18:55:52+00:00,0.0,0.0,OK
Medicine Hat,Medicine Hat,2026-06-26 12:00,2.0,3.0,3,3,2026-06-26T18:55:51+00:00,2.0,2026-06-26T18:55:52+00:00,0.0,0.0,OK
Airdrie,Airdrie,2026-06-26 12:00,2.0,3.0,3,3,2026-06-26T18:55:51+00:00,2.0,2026-06-26T18:55:52+00:00,0.0,0.0,OK
Cold Lake,Cold Lake,2026-06-26 12:00,2.0,3.0,3,3,2026-06-26T18:55:51+00:00,2.0,2026-06-26T18:55:52+00:00,0.0,0.0,OK
Drayton Valley,Drayton Valley,2026-06-26 12:00,2.0,3.0,2,3,2026-06-26T18:55:51+00:00,2.0,2026-06-26T18:55:52+00:00,0.0,0.0,OK
St. Albert,St. Albert,2026-06-26 11:00,3.0,3.0,2,3,2026-06-26T18:55:51+00:00,3.0,2026-06-26T18:55:52+00:00,0.0,0.0,OK
Strathcona County,Sherwood Park,2026-06-26 12:00,2.0,3.0,2,3,2026-06-26T18:55:51+00:00,,,,,OK
Edmonton,Edmonton,2026-06-26 14:00,3.0,3.0,2,3,2026-06-26T20:52:06+00:00,3.0,2026-06-26T20:52:06+00:00,0.0,0.0,OK
Calgary,Calgary,2026-06-26 14:00,3.0,3.0,3,3,2026-06-26T20:52:06+00:00,3.0,2026-06-26T20:52:06+00:00,0.0,0.0,OK
Red Deer,Red Deer,2026-06-26 14:00,2.0,3.0,2,3,2026-06-26T20:52:06+00:00,2.0,2026-06-26T20:52:06+00:00,0.0,0.0,OK
Fort McMurray,Fort McMurray,2026-06-26 14:00,3.0,3.0,3,3,2026-06-26T20:52:06+00:00,3.0,2026-06-26T20:52:06+00:00,0.0,0.0,OK
Grande Prairie,Grande Prairie,2026-06-26 14:00,3.0,3.0,2,3,2026-06-26T20:52:06+00:00,3.0,2026-06-26T20:52:06+00:00,0.0,0.0,OK
Lethbridge,Lethbridge,2026-06-26 14:00,3.0,3.0,3,3,2026-06-26T20:52:06+00:00,3.0,2026-06-26T20:52:06+00:00,0.0,0.0,OK
Medicine Hat,Medicine Hat,2026-06-26 14:00,2.0,3.0,3,3,2026-06-26T20:52:06+00:00,2.0,2026-06-26T20:52:06+00:00,0.0,0.0,OK
Airdrie,Airdrie,2026-06-26 14:00,2.0,3.0,3,3,2026-06-26T20:52:06+00:00,2.0,2026-06-26T20:52:06+00:00,0.0,0.0,OK
Cold Lake,Cold Lake,2026-06-26 14:00,2.0,3.0,3,3,2026-06-26T20:52:06+00:00,2.0,2026-06-26T20:52:06+00:00,0.0,0.0,OK
Drayton Valley,Drayton Valley,2026-06-26 14:00,3.0,3.0,2,3,2026-06-26T20:52:06+00:00,3.0,2026-06-26T20:52:06+00:00,0.0,0.0,OK
St. Albert,St. Albert,2026-06-26 14:00,2.0,3.0,2,3,2026-06-26T20:52:06+00:00,2.0,2026-06-26T20:52:06+00:00,0.0,0.0,OK
Strathcona County,Sherwood Park,2026-06-26 14:00,2.0,3.0,2,3,2026-06-26T20:52:06+00:00,,,,,OK
Edmonton,Edmonton,2026-06-26 16:00,3.0,3.0,2,3,2026-06-26T22:42:40+00:00,3.0,2026-06-26T22:42:40+00:00,0.0,0.0,OK
Calgary,Calgary,2026-06-26 16:00,3.0,3.0,3,3,2026-06-26T22:42:40+00:00,3.0,2026-06-26T22:42:40+00:00,0.0,0.0,OK
Red Deer,Red Deer,2026-06-26 16:00,3.0,3.0,2,3,2026-06-26T22:42:40+00:00,3.0,2026-06-26T22:42:40+00:00,0.0,0.0,OK
Fort McMurray,Fort McMurray,2026-06-26 16:00,3.0,3.0,3,3,2026-06-26T22:42:40+00:00,3.0,2026-06-26T22:42:40+00:00,0.0,0.0,OK
Grande Prairie,Grande Prairie,2026-06-26 16:00,4.0,3.0,2,3,2026-06-26T22:42:40+00:00,3.0,2026-06-26T22:42:40+00:00,1.0,1.0,Minor difference
Lethbridge,Lethbridge,2026-06-26 16:00,3.0,3.0,3,3,2026-06-26T22:42:40+00:00,3.0,2026-06-26T22:42:40+00:00,0.0,0.0,OK
Medicine Hat,Medicine Hat,2026-06-26 16:00,3.0,3.0,3,3,2026-06-26T22:42:40+00:00,3.0,2026-06-26T22:42:40+00:00,0.0,0.0,OK
Airdrie,Airdrie,2026-06-26 16:00,3.0,3.0,3,3,2026-06-26T22:42:40+00:00,3.0,2026-06-26T22:42:40+00:00,0.0,0.0,OK
Cold Lake,Cold Lake,2026-06-26 16:00,3.0,3.0,3,3,2026-06-26T22:42:40+00:00,3.0,2026-06-26T22:42:40+00:00,0.0,0.0,OK
Drayton Valley,Drayton Valley,2026-06-26 16:00,3.0,3.0,2,3,2026-06-26T22:42:40+00:00,3.0,2026-06-26T22:42:40+00:00,0.0,0.0,OK
St. Albert,St. Albert,2026-06-26 16:00,3.0,3.0,2,3,2026-06-26T22:42:40+00:00,3.0,2026-06-26T22:42:40+00:00,0.0,0.0,OK
Strathcona County,Sherwood Park,2026-06-26 16:00,2.0,3.0,2,3,2026-06-26T22:42:40+00:00,,,,,OK
Edmonton,Edmonton,2026-06-26 17:00,3.0,,2,3,2026-06-26T23:42:14+00:00,3.0,2026-06-26T23:42:14+00:00,0.0,0.0,OK
Calgary,Calgary,2026-06-26 17:00,3.0,,3,3,2026-06-26T23:42:14+00:00,3.0,2026-06-26T23:42:14+00:00,0.0,0.0,OK
Red Deer,Red Deer,2026-06-26 17:00,3.0,,2,3,2026-06-26T23:42:14+00:00,3.0,2026-06-26T23:42:14+00:00,0.0,0.0,OK
Fort McMurray,Fort McMurray,2026-06-26 16:00,3.0,,3,3,2026-06-26T23:42:14+00:00,3.0,2026-06-26T23:42:14+00:00,0.0,0.0,OK
Grande Prairie,Grande Prairie,2026-06-26 17:00,4.0,,2,3,2026-06-26T23:42:14+00:00,3.0,2026-06-26T23:42:14+00:00,1.0,1.0,Minor difference
Lethbridge,Lethbridge,2026-06-26 17:00,3.0,,2,3,2026-06-26T23:42:14+00:00,3.0,2026-06-26T23:42:14+00:00,0.0,0.0,OK
Medicine Hat,Medicine Hat,2026-06-26 17:00,3.0,,3,3,2026-06-26T23:42:14+00:00,3.0,2026-06-26T23:42:14+00:00,0.0,0.0,OK
Airdrie,Airdrie,2026-06-26 17:00,3.0,,3,3,2026-06-26T23:42:14+00:00,3.0,2026-06-26T23:42:14+00:00,0.0,0.0,OK
Cold Lake,Cold Lake,2026-06-26 17:00,3.0,,2,3,2026-06-26T23:42:14+00:00,3.0,2026-06-26T23:42:14+00:00,0.0,0.0,OK
Drayton Valley,Drayton Valley,2026-06-26 17:00,3.0,,2,3,2026-06-26T23:42:14+00:00,3.0,2026-06-26T23:42:14+00:00,0.0,0.0,OK
St. Albert,St. Albert,2026-06-26 17:00,3.0,,2,3,2026-06-26T23:42:14+00:00,3.0,2026-06-26T23:42:14+00:00,0.0,0.0,OK
Strathcona County,Sherwood Park,2026-06-26 17:00,3.0,,2,3,2026-06-26T23:42:14+00:00,,,,,OK
Edmonton,Edmonton,2026-06-26 18:00,3.0,,2,3,2026-06-27T01:17:25+00:00,3.0,2026-06-27T01:17:25+00:00,0.0,0.0,OK
Calgary,Calgary,2026-06-26 18:00,3.0,,3,3,2026-06-27T01:17:25+00:00,3.0,2026-06-27T01:17:25+00:00,0.0,0.0,OK
Red Deer,Red Deer,2026-06-26 18:00,3.0,,2,3,2026-06-27T01:17:25+00:00,3.0,2026-06-27T01:17:25+00:00,0.0,0.0,OK
Fort McMurray,Fort McMurray,2026-06-26 18:00,3.0,,3,3,2026-06-27T01:17:25+00:00,3.0,2026-06-27T01:17:25+00:00,0.0,0.0,OK
Grande Prairie,Grande Prairie,2026-06-26 18:00,3.0,,2,3,2026-06-27T01:17:25+00:00,3.0,2026-06-27T01:17:25+00:00,0.0,0.0,OK
Lethbridge,Lethbridge,2026-06-26 19:00,2.0,,2,3,2026-06-27T01:17:25+00:00,2.0,2026-06-27T01:17:25+00:00,0.0,0.0,OK
Medicine Hat,Medicine Hat,2026-06-26 18:00,3.0,,3,3,2026-06-27T01:17:25+00:00,3.0,2026-06-27T01:17:25+00:00,0.0,0.0,OK
Airdrie,Airdrie,2026-06-26 18:00,3.0,,3,3,2026-06-27T01:17:25+00:00,3.0,2026-06-27T01:17:25+00:00,0.0,0.0,OK
Cold Lake,Cold Lake,2026-06-26 19:00,3.0,,2,3,2026-06-27T01:17:25+00:00,3.0,2026-06-27T01:17:25+00:00,0.0,0.0,OK
Drayton Valley,Drayton Valley,2026-06-26 18:00,3.0,,2,3,2026-06-27T01:17:25+00:00,3.0,2026-06-27T01:17:25+00:00,0.0,0.0,OK
St. Albert,St. Albert,2026-06-26 18:00,3.0,,2,3,2026-06-27T01:17:25+00:00,3.0,2026-06-27T01:17:25+00:00,0.0,0.0,OK
Strathcona County,Sherwood Park,2026-06-26 19:00,3.0,,2,3,2026-06-27T01:17:25+00:00,,,,,OK
Edmonton,Edmonton,2026-06-26 21:00,3.0,,2,3,2026-06-27T03:26:43+00:00,3.0,2026-06-27T03:26:43+00:00,0.0,0.0,OK
Calgary,Calgary,2026-06-26 21:00,2.0,,3,3,2026-06-27T03:26:43+00:00,3.0,2026-06-27T03:26:43+00:00,-1.0,1.0,Minor difference
Red Deer,Red Deer,2026-06-26 21:00,3.0,,2,3,2026-06-27T03:26:43+00:00,3.0,2026-06-27T03:26:43+00:00,0.0,0.0,OK
Fort McMurray,Fort McMurray,2026-06-26 21:00,3.0,,3,3,2026-06-27T03:26:43+00:00,3.0,2026-06-27T03:26:43+00:00,0.0,0.0,OK
Grande Prairie,Grande Prairie,2026-06-26 21:00,2.0,,2,3,2026-06-27T03:26:43+00:00,2.0,2026-06-27T03:26:43+00:00,0.0,0.0,OK
Lethbridge,Lethbridge,2026-06-26 21:00,2.0,,2,3,2026-06-27T03:26:43+00:00,2.0,2026-06-27T03:26:43+00:00,0.0,0.0,OK
Medicine Hat,Medicine Hat,2026-06-26 21:00,2.0,,3,3,2026-06-27T03:26:43+00:00,3.0,2026-06-27T03:26:43+00:00,-1.0,1.0,Minor difference
Airdrie,Airdrie,2026-06-26 21:00,3.0,,3,3,2026-06-27T03:26:43+00:00,3.0,2026-06-27T03:26:43+00:00,0.0,0.0,OK
Cold Lake,Cold Lake,2026-06-26 21:00,2.0,,2,3,2026-06-27T03:26:43+00:00,2.0,2026-06-27T03:26:43+00:00,0.0,0.0,OK
Drayton Valley,Drayton Valley,2026-06-26 21:00,3.0,,2,3,2026-06-27T03:26:43+00:00,3.0,2026-06-27T03:26:43+00:00,0.0,0.0,OK
St. Albert,St. Albert,2026-06-26 21:00,3.0,,2,3,2026-06-27T03:26:43+00:00,3.0,2026-06-27T03:26:43+00:00,0.0,0.0,OK
Strathcona County,Sherwood Park,2026-06-26 21:00,2.0,,2,3,2026-06-27T03:26:43+00:00,,,,,OK
Edmonton,Edmonton,2026-06-26 22:00,3.0,,2,3,2026-06-27T05:36:50+00:00,3.0,2026-06-27T05:36:51+00:00,0.0,0.0,OK
Calgary,Calgary,2026-06-26 22:00,2.0,,3,3,2026-06-27T05:36:50+00:00,2.0,2026-06-27T05:36:51+00:00,0.0,0.0,OK
Red Deer,Red Deer,2026-06-26 22:00,2.0,,2,3,2026-06-27T05:36:50+00:00,2.0,2026-06-27T05:36:51+00:00,0.0,0.0,OK
Fort McMurray,Fort McMurray,2026-06-26 22:00,3.0,,3,3,2026-06-27T05:36:50+00:00,2.0,2026-06-27T05:36:51+00:00,1.0,1.0,Minor difference
Grande Prairie,Grande Prairie,2026-06-26 22:00,2.0,,2,3,2026-06-27T05:36:50+00:00,2.0,2026-06-27T05:36:51+00:00,0.0,0.0,OK
Lethbridge,Lethbridge,2026-06-26 23:00,2.0,,2,3,2026-06-27T05:36:50+00:00,2.0,2026-06-27T05:36:51+00:00,0.0,0.0,OK
Medicine Hat,Medicine Hat,2026-06-26 22:00,2.0,,3,3,2026-06-27T05:36:50+00:00,2.0,2026-06-27T05:36:51+00:00,0.0,0.0,OK
Airdrie,Airdrie,2026-06-26 22:00,2.0,,3,3,2026-06-27T05:36:50+00:00,2.0,2026-06-27T05:36:51+00:00,0.0,0.0,OK
Cold Lake,Cold Lake,2026-06-26 23:00,2.0,,2,3,2026-06-27T05:36:50+00:00,2.0,2026-06-27T05:36:51+00:00,0.0,0.0,OK
Drayton Valley,Drayton Valley,2026-06-26 22:00,3.0,,2,3,2026-06-27T05:36:50+00:00,2.0,2026-06-27T05:36:51+00:00,1.0,1.0,Minor difference
St. Albert,St. Albert,2026-06-26 22:00,3.0,,2,3,2026-06-27T05:36:50+00:00,3.0,2026-06-27T05:36:51+00:00,0.0,0.0,OK
Strathcona County,Sherwood Park,2026-06-26 23:00,2.0,,2,3,2026-06-27T05:36:50+00:00,,,,,OK
Edmonton,Edmonton,2026-06-27 00:00,3.0,,2,3,2026-06-27T07:24:05+00:00,3.0,2026-06-27T07:24:05+00:00,0.0,0.0,OK
Calgary,Calgary,2026-06-27 00:00,2.0,,3,3,2026-06-27T07:24:05+00:00,2.0,2026-06-27T07:24:05+00:00,0.0,0.0,OK
Red Deer,Red Deer,2026-06-27 00:00,2.0,,2,3,2026-06-27T07:24:05+00:00,2.0,2026-06-27T07:24:05+00:00,0.0,0.0,OK
Fort McMurray,Fort McMurray,2026-06-27 00:00,2.0,,3,3,2026-06-27T07:24:05+00:00,2.0,2026-06-27T07:24:05+00:00,0.0,0.0,OK
Grande Prairie,Grande Prairie,2026-06-27 00:00,2.0,,2,3,2026-06-27T07:24:05+00:00,2.0,2026-06-27T07:24:05+00:00,0.0,0.0,OK
Lethbridge,Lethbridge,2026-06-27 00:00,2.0,,2,3,2026-06-27T07:24:05+00:00,2.0,2026-06-27T07:24:05+00:00,0.0,0.0,OK
Medicine Hat,Medicine Hat,2026-06-27 00:00,2.0,,3,3,2026-06-27T07:24:05+00:00,2.0,2026-06-27T07:24:05+00:00,0.0,0.0,OK
Airdrie,Airdrie,2026-06-27 00:00,2.0,,3,3,2026-06-27T07:24:05+00:00,2.0,2026-06-27T07:24:05+00:00,0.0,0.0,OK
Cold Lake,Cold Lake,2026-06-27 00:00,2.0,,2,3,2026-06-27T07:24:05+00:00,2.0,2026-06-27T07:24:05+00:00,0.0,0.0,OK
Drayton Valley,Drayton Valley,2026-06-27 00:00,2.0,,2,3,2026-06-27T07:24:05+00:00,2.0,2026-06-27T07:24:05+00:00,0.0,0.0,OK
St. Albert,St. Albert,2026-06-27 00:00,2.0,,2,3,2026-06-27T07:24:05+00:00,2.0,2026-06-27T07:24:05+00:00,0.0,0.0,OK
Strathcona County,Sherwood Park,2026-06-27 00:00,2.0,,2,3,2026-06-27T07:24:05+00:00,,,,,OK
Edmonton,Edmonton,2026-06-27 02:00,2.0,,2,3,2026-06-27T09:11:44+00:00,2.0,2026-06-27T09:11:44+00:00,0.0,0.0,OK
Calgary,Calgary,2026-06-27 02:00,2.0,,3,3,2026-06-27T09:11:44+00:00,2.0,2026-06-27T09:11:44+00:00,0.0,0.0,OK
Red Deer,Red Deer,2026-06-27 02:00,1.0,,2,3,2026-06-27T09:11:44+00:00,1.0,2026-06-27T09:11:44+00:00,0.0,0.0,OK
Fort McMurray,Fort McMurray,2026-06-27 02:00,2.0,,3,3,2026-06-27T09:11:44+00:00,2.0,2026-06-27T09:11:44+00:00,0.0,0.0,OK
Grande Prairie,Grande Prairie,2026-06-27 02:00,2.0,,2,3,2026-06-27T09:11:44+00:00,2.0,2026-06-27T09:11:44+00:00,0.0,0.0,OK
Lethbridge,Lethbridge,2026-06-27 02:00,2.0,,2,3,2026-06-27T09:11:44+00:00,2.0,2026-06-27T09:11:44+00:00,0.0,0.0,OK
Medicine Hat,Medicine Hat,2026-06-27 02:00,2.0,,3,3,2026-06-27T09:11:44+00:00,2.0,2026-06-27T09:11:44+00:00,0.0,0.0,OK
Airdrie,Airdrie,2026-06-27 02:00,2.0,,3,3,2026-06-27T09:11:44+00:00,2.0,2026-06-27T09:11:44+00:00,0.0,0.0,OK
Cold Lake,Cold Lake,2026-06-27 02:00,2.0,,2,3,2026-06-27T09:11:44+00:00,2.0,2026-06-27T09:11:44+00:00,0.0,0.0,OK
Drayton Valley,Drayton Valley,2026-06-27 02:00,2.0,,2,3,2026-06-27T09:11:44+00:00,2.0,2026-06-27T09:11:44+00:00,0.0,0.0,OK
St. Albert,St. Albert,2026-06-27 02:00,2.0,,2,3,2026-06-27T09:11:44+00:00,2.0,2026-06-27T09:11:44+00:00,0.0,0.0,OK
Strathcona County,Sherwood Park,2026-06-27 02:00,2.0,,2,3,2026-06-27T09:11:44+00:00,,,,,OK
Edmonton,Edmonton,2026-06-27 03:00,2.0,,2,3,2026-06-27T09:59:30+00:00,2.0,2026-06-27T09:59:30+00:00,0.0,0.0,OK
Calgary,Calgary,2026-06-27 03:00,2.0,,3,3,2026-06-27T09:59:30+00:00,2.0,2026-06-27T09:59:30+00:00,0.0,0.0,OK
Red Deer,Red Deer,2026-06-27 02:00,1.0,,2,3,2026-06-27T09:59:30+00:00,1.0,2026-06-27T09:59:30+00:00,0.0,0.0,OK
Fort McMurray,Fort McMurray,2026-06-27 03:00,2.0,,3,3,2026-06-27T09:59:30+00:00,2.0,2026-06-27T09:59:30+00:00,0.0,0.0,OK
Grande Prairie,Grande Prairie,2026-06-27 03:00,2.0,,2,3,2026-06-27T09:59:30+00:00,2.0,2026-06-27T09:59:30+00:00,0.0,0.0,OK
Lethbridge,Lethbridge,2026-06-27 03:00,2.0,,2,3,2026-06-27T09:59:30+00:00,2.0,2026-06-27T09:59:30+00:00,0.0,0.0,OK
Medicine Hat,Medicine Hat,2026-06-27 03:00,2.0,,3,3,2026-06-27T09:59:30+00:00,2.0,2026-06-27T09:59:30+00:00,0.0,0.0,OK
Airdrie,Airdrie,2026-06-27 03:00,2.0,,3,3,2026-06-27T09:59:30+00:00,2.0,2026-06-27T09:59:30+00:00,0.0,0.0,OK
Cold Lake,Cold Lake,2026-06-27 03:00,2.0,,2,3,2026-06-27T09:59:30+00:00,2.0,2026-06-27T09:59:30+00:00,0.0,0.0,OK
Drayton Valley,Drayton Valley,2026-06-27 03:00,2.0,,2,3,2026-06-27T09:59:30+00:00,2.0,2026-06-27T09:59:30+00:00,0.0,0.0,OK
St. Albert,St. Albert,2026-06-27 03:00,2.0,,2,3,2026-06-27T09:59:30+00:00,2.0,2026-06-27T09:59:30+00:00,0.0,0.0,OK
Strathcona County,Sherwood Park,2026-06-27 02:00,2.0,,2,3,2026-06-27T09:59:30+00:00,,,,,OK
Edmonton,Edmonton,2026-06-27 04:00,2.0,,2,3,2026-06-27T10:56:54+00:00,2.0,2026-06-27T10:56:54+00:00,0.0,0.0,OK
Calgary,Calgary,2026-06-27 04:00,2.0,,3,3,2026-06-27T10:56:54+00:00,2.0,2026-06-27T10:56:54+00:00,0.0,0.0,OK
Red Deer,Red Deer,2026-06-27 04:00,2.0,,2,3,2026-06-27T10:56:54+00:00,2.0,2026-06-27T10:56:54+00:00,0.0,0.0,OK
Fort McMurray,Fort McMurray,2026-06-27 04:00,2.0,,3,3,2026-06-27T10:56:54+00:00,2.0,2026-06-27T10:56:54+00:00,0.0,0.0,OK
Grande Prairie,Grande Prairie,2026-06-27 03:00,2.0,,2,3,2026-06-27T10:56:54+00:00,2.0,2026-06-27T10:56:54+00:00,0.0,0.0,OK
Lethbridge,Lethbridge,2026-06-27 03:00,2.0,,2,3,2026-06-27T10:56:54+00:00,2.0,2026-06-27T10:56:54+00:00,0.0,0.0,OK
Medicine Hat,Medicine Hat,2026-06-27 04:00,2.0,,3,3,2026-06-27T10:56:54+00:00,2.0,2026-06-27T10:56:54+00:00,0.0,0.0,OK
Airdrie,Airdrie,2026-06-27 04:00,2.0,,3,3,2026-06-27T10:56:54+00:00,2.0,2026-06-27T10:56:54+00:00,0.0,0.0,OK
Cold Lake,Cold Lake,2026-06-27 04:00,2.0,,2,3,2026-06-27T10:56:54+00:00,2.0,2026-06-27T10:56:54+00:00,0.0,0.0,OK
Drayton Valley,Drayton Valley,2026-06-27 04:00,2.0,,2,3,2026-06-27T10:56:54+00:00,2.0,2026-06-27T10:56:54+00:00,0.0,0.0,OK
St. Albert,St. Albert,2026-06-27 04:00,2.0,,2,3,2026-06-27T10:56:54+00:00,2.0,2026-06-27T10:56:54+00:00,0.0,0.0,OK
Strathcona County,Sherwood Park,2026-06-27 04:00,2.0,,2,3,2026-06-27T10:56:54+00:00,,,,,OK
Edmonton,Edmonton,2026-06-27 06:00,2.0,3.0,3,3,2026-06-27T12:45:59+00:00,2.0,2026-06-27T12:46:00+00:00,0.0,0.0,OK
Calgary,Calgary,2026-06-27 06:00,2.0,3.0,3,3,2026-06-27T12:45:59+00:00,2.0,2026-06-27T12:46:00+00:00,0.0,0.0,OK
Red Deer,Red Deer,2026-06-27 06:00,2.0,2.0,2,2,2026-06-27T12:45:59+00:00,2.0,2026-06-27T12:46:00+00:00,0.0,0.0,OK
Fort McMurray,Fort McMurray,2026-06-27 06:00,2.0,3.0,3,3,2026-06-27T12:45:59+00:00,2.0,2026-06-27T12:46:00+00:00,0.0,0.0,OK
Grande Prairie,Grande Prairie,2026-06-27 06:00,2.0,2.0,2,2,2026-06-27T12:45:59+00:00,2.0,2026-06-27T12:46:00+00:00,0.0,0.0,OK
Lethbridge,Lethbridge,2026-06-27 03:00,2.0,3.0,3,3,2026-06-27T12:45:59+00:00,1.0,2026-06-27T12:46:00+00:00,1.0,1.0,Minor difference
Medicine Hat,Medicine Hat,2026-06-27 06:00,2.0,3.0,2,3,2026-06-27T12:45:59+00:00,2.0,2026-06-27T12:46:00+00:00,0.0,0.0,OK
Airdrie,Airdrie,2026-06-27 06:00,2.0,3.0,3,3,2026-06-27T12:45:59+00:00,2.0,2026-06-27T12:46:00+00:00,0.0,0.0,OK
Cold Lake,Cold Lake,2026-06-27 06:00,2.0,3.0,3,3,2026-06-27T12:45:59+00:00,2.0,2026-06-27T12:46:00+00:00,0.0,0.0,OK
Drayton Valley,Drayton Valley,2026-06-27 06:00,2.0,2.0,3,2,2026-06-27T12:45:59+00:00,2.0,2026-06-27T12:46:00+00:00,0.0,0.0,OK
St. Albert,St. Albert,2026-06-27 06:00,2.0,3.0,3,3,2026-06-27T12:45:59+00:00,2.0,2026-06-27T12:46:00+00:00,0.0,0.0,OK
Strathcona County,Sherwood Park,2026-06-27 06:00,2.0,3.0,3,3,2026-06-27T12:45:59+00:00,,,,,OK
Edmonton,Edmonton,2026-06-27 07:00,2.0,3.0,3,3,2026-06-27T13:55:27+00:00,2.0,2026-06-27T13:55:27+00:00,0.0,0.0,OK
Calgary,Calgary,2026-06-27 07:00,2.0,3.0,3,3,2026-06-27T13:55:27+00:00,2.0,2026-06-27T13:55:27+00:00,0.0,0.0,OK
Red Deer,Red Deer,2026-06-27 07:00,2.0,2.0,2,2,2026-06-27T13:55:27+00:00,2.0,2026-06-27T13:55:27+00:00,0.0,0.0,OK
Fort McMurray,Fort McMurray,2026-06-27 07:00,2.0,3.0,3,3,2026-06-27T13:55:27+00:00,2.0,2026-06-27T13:55:27+00:00,0.0,0.0,OK
Grande Prairie,Grande Prairie,2026-06-27 07:00,2.0,2.0,2,2,2026-06-27T13:55:27+00:00,1.0,2026-06-27T13:55:27+00:00,1.0,1.0,Minor difference
Lethbridge,Lethbridge,2026-06-27 07:00,2.0,3.0,3,3,2026-06-27T13:55:27+00:00,2.0,2026-06-27T13:55:27+00:00,0.0,0.0,OK
Medicine Hat,Medicine Hat,2026-06-27 07:00,2.0,3.0,2,3,2026-06-27T13:55:27+00:00,2.0,2026-06-27T13:55:27+00:00,0.0,0.0,OK
Airdrie,Airdrie,2026-06-27 07:00,2.0,3.0,3,3,2026-06-27T13:55:27+00:00,2.0,2026-06-27T13:55:27+00:00,0.0,0.0,OK
Cold Lake,Cold Lake,2026-06-27 07:00,2.0,3.0,3,3,2026-06-27T13:55:27+00:00,2.0,2026-06-27T13:55:27+00:00,0.0,0.0,OK
Drayton Valley,Drayton Valley,2026-06-27 07:00,2.0,2.0,3,2,2026-06-27T13:55:27+00:00,2.0,2026-06-27T13:55:27+00:00,0.0,0.0,OK
St. Albert,St. Albert,2026-06-27 07:00,2.0,3.0,3,3,2026-06-27T13:55:27+00:00,2.0,2026-06-27T13:55:27+00:00,0.0,0.0,OK
Strathcona County,Sherwood Park,2026-06-27 07:00,2.0,3.0,3,3,2026-06-27T13:55:27+00:00,,,,,OK
Edmonton,Edmonton,2026-06-27 08:00,2.0,3.0,3,3,2026-06-27T14:52:49+00:00,2.0,2026-06-27T14:52:49+00:00,0.0,0.0,OK
Calgary,Calgary,2026-06-27 08:00,2.0,3.0,3,3,2026-06-27T14:52:49+00:00,2.0,2026-06-27T14:52:49+00:00,0.0,0.0,OK
Red Deer,Red Deer,2026-06-27 08:00,2.0,2.0,2,2,2026-06-27T14:52:49+00:00,2.0,2026-06-27T14:52:49+00:00,0.0,0.0,OK
Fort McMurray,Fort McMurray,2026-06-27 08:00,2.0,3.0,3,3,2026-06-27T14:52:49+00:00,2.0,2026-06-27T14:52:49+00:00,0.0,0.0,OK
Grande Prairie,Grande Prairie,2026-06-27 08:00,2.0,2.0,2,2,2026-06-27T14:52:49+00:00,1.0,2026-06-27T14:52:49+00:00,1.0,1.0,Minor difference
Lethbridge,Lethbridge,2026-06-27 08:00,2.0,3.0,3,3,2026-06-27T14:52:49+00:00,2.0,2026-06-27T14:52:49+00:00,0.0,0.0,OK
Medicine Hat,Medicine Hat,2026-06-27 08:00,2.0,3.0,2,3,2026-06-27T14:52:49+00:00,2.0,2026-06-27T14:52:49+00:00,0.0,0.0,OK
Airdrie,Airdrie,2026-06-27 08:00,2.0,3.0,3,3,2026-06-27T14:52:49+00:00,2.0,2026-06-27T14:52:49+00:00,0.0,0.0,OK
Cold Lake,Cold Lake,2026-06-27 08:00,2.0,3.0,3,3,2026-06-27T14:52:49+00:00,2.0,2026-06-27T14:52:49+00:00,0.0,0.0,OK
Drayton Valley,Drayton Valley,2026-06-27 08:00,2.0,2.0,3,2,2026-06-27T14:52:49+00:00,2.0,2026-06-27T14:52:49+00:00,0.0,0.0,OK
St. Albert,St. Albert,2026-06-27 08:00,2.0,3.0,3,3,2026-06-27T14:52:49+00:00,2.0,2026-06-27T14:52:49+00:00,0.0,0.0,OK
Strathcona County,Sherwood Park,2026-06-27 08:00,2.0,3.0,3,3,2026-06-27T14:52:49+00:00,,,,,OK
Edmonton,Edmonton,2026-06-27 09:00,2.0,3.0,3,3,2026-06-27T15:44:00+00:00,2.0,2026-06-27T15:44:00+00:00,0.0,0.0,OK
Calgary,Calgary,2026-06-27 09:00,2.0,3.0,3,3,2026-06-27T15:44:00+00:00,2.0,2026-06-27T15:44:00+00:00,0.0,0.0,OK
Red Deer,Red Deer,2026-06-27 09:00,2.0,2.0,2,2,2026-06-27T15:44:00+00:00,2.0,2026-06-27T15:44:00+00:00,0.0,0.0,OK
Fort McMurray,Fort McMurray,2026-06-27 09:00,2.0,3.0,3,3,2026-06-27T15:44:00+00:00,2.0,2026-06-27T15:44:00+00:00,0.0,0.0,OK
Grande Prairie,Grande Prairie,2026-06-27 09:00,2.0,2.0,2,2,2026-06-27T15:44:00+00:00,1.0,2026-06-27T15:44:00+00:00,1.0,1.0,Minor difference
Lethbridge,Lethbridge,2026-06-27 09:00,2.0,3.0,3,3,2026-06-27T15:44:00+00:00,2.0,2026-06-27T15:44:00+00:00,0.0,0.0,OK
Medicine Hat,Medicine Hat,2026-06-27 09:00,2.0,3.0,2,3,2026-06-27T15:44:00+00:00,2.0,2026-06-27T15:44:00+00:00,0.0,0.0,OK
Airdrie,Airdrie,2026-06-27 09:00,2.0,3.0,3,3,2026-06-27T15:44:00+00:00,2.0,2026-06-27T15:44:00+00:00,0.0,0.0,OK
Cold Lake,Cold Lake,2026-06-27 09:00,2.0,3.0,3,3,2026-06-27T15:44:00+00:00,2.0,2026-06-27T15:44:00+00:00,0.0,0.0,OK
Drayton Valley,Drayton Valley,2026-06-27 09:00,2.0,2.0,3,2,2026-06-27T15:44:00+00:00,2.0,2026-06-27T15:44:00+00:00,0.0,0.0,OK
St. Albert,St. Albert,2026-06-27 09:00,2.0,3.0,3,3,2026-06-27T15:44:00+00:00,2.0,2026-06-27T15:44:00+00:00,0.0,0.0,OK
Strathcona County,Sherwood Park,2026-06-27 09:00,2.0,3.0,3,3,2026-06-27T15:44:00+00:00,,,,,OK
Edmonton,Edmonton,2026-06-27 10:00,2.0,3.0,3,3,2026-06-27T16:40:37+00:00,2.0,2026-06-27T16:40:37+00:00,0.0,0.0,OK
Calgary,Calgary,2026-06-27 10:00,2.0,3.0,3,3,2026-06-27T16:40:37+00:00,2.0,2026-06-27T16:40:37+00:00,0.0,0.0,OK
Red Deer,Red Deer,2026-06-27 10:00,2.0,2.0,2,2,2026-06-27T16:40:37+00:00,2.0,2026-06-27T16:40:37+00:00,0.0,0.0,OK
Fort McMurray,Fort McMurray,2026-06-27 10:00,2.0,3.0,3,3,2026-06-27T16:40:37+00:00,2.0,2026-06-27T16:40:37+00:00,0.0,0.0,OK
Grande Prairie,Grande Prairie,2026-06-27 10:00,2.0,2.0,2,2,2026-06-27T16:40:37+00:00,1.0,2026-06-27T16:40:37+00:00,1.0,1.0,Minor difference
Lethbridge,Lethbridge,2026-06-27 10:00,2.0,3.0,3,3,2026-06-27T16:40:37+00:00,2.0,2026-06-27T16:40:37+00:00,0.0,0.0,OK
Medicine Hat,Medicine Hat,2026-06-27 10:00,2.0,3.0,2,3,2026-06-27T16:40:37+00:00,2.0,2026-06-27T16:40:37+00:00,0.0,0.0,OK
Airdrie,Airdrie,2026-06-27 10:00,2.0,3.0,3,3,2026-06-27T16:40:37+00:00,2.0,2026-06-27T16:40:37+00:00,0.0,0.0,OK
Cold Lake,Cold Lake,2026-06-27 09:00,2.0,3.0,3,3,2026-06-27T16:40:37+00:00,1.0,2026-06-27T16:40:37+00:00,1.0,1.0,Minor difference
Drayton Valley,Drayton Valley,2026-06-27 10:00,2.0,2.0,3,2,2026-06-27T16:40:37+00:00,2.0,2026-06-27T16:40:37+00:00,0.0,0.0,OK
St. Albert,St. Albert,2026-06-27 10:00,2.0,3.0,3,3,2026-06-27T16:40:37+00:00,2.0,2026-06-27T16:40:37+00:00,0.0,0.0,OK
Strathcona County,Sherwood Park,2026-06-27 10:00,2.0,3.0,3,3,2026-06-27T16:40:37+00:00,,,,,OK
Edmonton,Edmonton,2026-06-27 11:00,2.0,3.0,3,3,2026-06-27T17:39:56+00:00,2.0,2026-06-27T17:39:57+00:00,0.0,0.0,OK
Calgary,Calgary,2026-06-27 11:00,2.0,3.0,3,3,2026-06-27T17:39:56+00:00,2.0,2026-06-27T17:39:57+00:00,0.0,0.0,OK
Red Deer,Red Deer,2026-06-27 11:00,2.0,2.0,2,2,2026-06-27T17:39:56+00:00,2.0,2026-06-27T17:39:57+00:00,0.0,0.0,OK
Fort McMurray,Fort McMurray,2026-06-27 11:00,2.0,3.0,3,3,2026-06-27T17:39:56+00:00,2.0,2026-06-27T17:39:57+00:00,0.0,0.0,OK
Grande Prairie,Grande Prairie,2026-06-27 11:00,2.0,2.0,2,2,2026-06-27T17:39:56+00:00,2.0,2026-06-27T17:39:57+00:00,0.0,0.0,OK
Lethbridge,Lethbridge,2026-06-27 11:00,2.0,3.0,3,3,2026-06-27T17:39:56+00:00,2.0,2026-06-27T17:39:57+00:00,0.0,0.0,OK
Medicine Hat,Medicine Hat,2026-06-27 11:00,2.0,3.0,2,3,2026-06-27T17:39:56+00:00,2.0,2026-06-27T17:39:57+00:00,0.0,0.0,OK
Airdrie,Airdrie,2026-06-27 11:00,2.0,3.0,3,3,2026-06-27T17:39:56+00:00,2.0,2026-06-27T17:39:57+00:00,0.0,0.0,OK
Cold Lake,Cold Lake,2026-06-27 11:00,2.0,3.0,3,3,2026-06-27T17:39:56+00:00,2.0,2026-06-27T17:39:57+00:00,0.0,0.0,OK
Drayton Valley,Drayton Valley,2026-06-27 11:00,2.0,2.0,3,2,2026-06-27T17:39:56+00:00,2.0,2026-06-27T17:39:57+00:00,0.0,0.0,OK
St. Albert,St. Albert,2026-06-27 11:00,2.0,3.0,3,3,2026-06-27T17:39:56+00:00,2.0,2026-06-27T17:39:57+00:00,0.0,0.0,OK
Strathcona County,Sherwood Park,2026-06-27 11:00,2.0,3.0,3,3,2026-06-27T17:39:56+00:00,,,,,OK
Edmonton,Edmonton,2026-06-27 12:00,2.0,3.0,3,3,2026-06-27T18:42:50+00:00,2.0,2026-06-27T18:42:50+00:00,0.0,0.0,OK
Calgary,Calgary,2026-06-27 12:00,2.0,3.0,3,3,2026-06-27T18:42:50+00:00,2.0,2026-06-27T18:42:50+00:00,0.0,0.0,OK
Red Deer,Red Deer,2026-06-27 12:00,2.0,2.0,2,2,2026-06-27T18:42:50+00:00,2.0,2026-06-27T18:42:50+00:00,0.0,0.0,OK
Fort McMurray,Fort McMurray,2026-06-27 12:00,2.0,3.0,3,3,2026-06-27T18:42:50+00:00,2.0,2026-06-27T18:42:50+00:00,0.0,0.0,OK
Grande Prairie,Grande Prairie,2026-06-27 12:00,2.0,2.0,2,2,2026-06-27T18:42:50+00:00,2.0,2026-06-27T18:42:50+00:00,0.0,0.0,OK
Lethbridge,Lethbridge,2026-06-27 12:00,2.0,3.0,3,3,2026-06-27T18:42:50+00:00,2.0,2026-06-27T18:42:50+00:00,0.0,0.0,OK
Medicine Hat,Medicine Hat,2026-06-27 12:00,2.0,3.0,2,3,2026-06-27T18:42:50+00:00,2.0,2026-06-27T18:42:50+00:00,0.0,0.0,OK
Airdrie,Airdrie,2026-06-27 12:00,2.0,3.0,3,3,2026-06-27T18:42:50+00:00,2.0,2026-06-27T18:42:50+00:00,0.0,0.0,OK
Cold Lake,Cold Lake,2026-06-27 12:00,2.0,3.0,3,3,2026-06-27T18:42:50+00:00,2.0,2026-06-27T18:42:50+00:00,0.0,0.0,OK
Drayton Valley,Drayton Valley,2026-06-27 12:00,2.0,2.0,3,2,2026-06-27T18:42:50+00:00,2.0,2026-06-27T18:42:50+00:00,0.0,0.0,OK
St. Albert,St. Albert,2026-06-27 12:00,2.0,3.0,3,3,2026-06-27T18:42:50+00:00,2.0,2026-06-27T18:42:50+00:00,0.0,0.0,OK
Strathcona County,Sherwood Park,2026-06-27 12:00,2.0,3.0,3,3,2026-06-27T18:42:50+00:00,,,,,OK
Edmonton,Edmonton,2026-06-27 13:00,2.0,3.0,3,3,2026-06-27T19:47:30+00:00,2.0,2026-06-27T19:47:30+00:00,0.0,0.0,OK
Calgary,Calgary,2026-06-27 13:00,2.0,3.0,3,3,2026-06-27T19:47:30+00:00,2.0,2026-06-27T19:47:30+00:00,0.0,0.0,OK
Red Deer,Red Deer,2026-06-27 13:00,2.0,2.0,2,2,2026-06-27T19:47:30+00:00,2.0,2026-06-27T19:47:30+00:00,0.0,0.0,OK
Fort McMurray,Fort McMurray,2026-06-27 13:00,2.0,3.0,3,3,2026-06-27T19:47:30+00:00,2.0,2026-06-27T19:47:30+00:00,0.0,0.0,OK
Grande Prairie,Grande Prairie,2026-06-27 13:00,2.0,2.0,2,2,2026-06-27T19:47:30+00:00,2.0,2026-06-27T19:47:30+00:00,0.0,0.0,OK
Lethbridge,Lethbridge,2026-06-27 13:00,2.0,3.0,3,3,2026-06-27T19:47:30+00:00,2.0,2026-06-27T19:47:30+00:00,0.0,0.0,OK
Medicine Hat,Medicine Hat,2026-06-27 13:00,2.0,3.0,2,3,2026-06-27T19:47:30+00:00,2.0,2026-06-27T19:47:30+00:00,0.0,0.0,OK
Airdrie,Airdrie,2026-06-27 13:00,2.0,3.0,3,3,2026-06-27T19:47:30+00:00,2.0,2026-06-27T19:47:30+00:00,0.0,0.0,OK
Cold Lake,Cold Lake,2026-06-27 13:00,2.0,3.0,3,3,2026-06-27T19:47:30+00:00,2.0,2026-06-27T19:47:30+00:00,0.0,0.0,OK
Drayton Valley,Drayton Valley,2026-06-27 13:00,2.0,2.0,3,2,2026-06-27T19:47:30+00:00,2.0,2026-06-27T19:47:30+00:00,0.0,0.0,OK
St. Albert,St. Albert,2026-06-27 13:00,2.0,3.0,3,3,2026-06-27T19:47:30+00:00,2.0,2026-06-27T19:47:30+00:00,0.0,0.0,OK
Strathcona County,Sherwood Park,2026-06-27 13:00,2.0,3.0,3,3,2026-06-27T19:47:30+00:00,,,,,OK
Edmonton,Edmonton,2026-06-27 14:00,2.0,3.0,3,3,2026-06-27T20:39:46+00:00,2.0,2026-06-27T20:39:47+00:00,0.0,0.0,OK
Calgary,Calgary,2026-06-27 14:00,3.0,3.0,3,3,2026-06-27T20:39:46+00:00,3.0,2026-06-27T20:39:47+00:00,0.0,0.0,OK
Red Deer,Red Deer,2026-06-27 14:00,2.0,2.0,2,2,2026-06-27T20:39:46+00:00,2.0,2026-06-27T20:39:47+00:00,0.0,0.0,OK
Fort McMurray,Fort McMurray,2026-06-27 14:00,2.0,3.0,3,3,2026-06-27T20:39:46+00:00,2.0,2026-06-27T20:39:47+00:00,0.0,0.0,OK
Grande Prairie,Grande Prairie,2026-06-27 14:00,2.0,2.0,2,2,2026-06-27T20:39:46+00:00,2.0,2026-06-27T20:39:47+00:00,0.0,0.0,OK
Lethbridge,Lethbridge,2026-06-27 14:00,2.0,3.0,3,3,2026-06-27T20:39:46+00:00,2.0,2026-06-27T20:39:47+00:00,0.0,0.0,OK
Medicine Hat,Medicine Hat,2026-06-27 14:00,2.0,3.0,2,3,2026-06-27T20:39:46+00:00,2.0,2026-06-27T20:39:47+00:00,0.0,0.0,OK
Airdrie,Airdrie,2026-06-27 14:00,3.0,3.0,3,3,2026-06-27T20:39:46+00:00,3.0,2026-06-27T20:39:47+00:00,0.0,0.0,OK
Cold Lake,Cold Lake,2026-06-27 14:00,2.0,3.0,3,3,2026-06-27T20:39:46+00:00,2.0,2026-06-27T20:39:47+00:00,0.0,0.0,OK
Drayton Valley,Drayton Valley,2026-06-27 14:00,2.0,2.0,3,2,2026-06-27T20:39:46+00:00,2.0,2026-06-27T20:39:47+00:00,0.0,0.0,OK
St. Albert,St. Albert,2026-06-27 14:00,2.0,3.0,3,3,2026-06-27T20:39:46+00:00,2.0,2026-06-27T20:39:47+00:00,0.0,0.0,OK
Strathcona County,Sherwood Park,2026-06-27 14:00,2.0,3.0,3,3,2026-06-27T20:39:46+00:00,,,,,OK
Edmonton,Edmonton,2026-06-27 15:00,2.0,3.0,3,3,2026-06-27T21:39:51+00:00,2.0,2026-06-27T21:39:51+00:00,0.0,0.0,OK
Calgary,Calgary,2026-06-27 15:00,3.0,3.0,3,3,2026-06-27T21:39:51+00:00,3.0,2026-06-27T21:39:51+00:00,0.0,0.0,OK
Red Deer,Red Deer,2026-06-27 15:00,2.0,2.0,2,2,2026-06-27T21:39:51+00:00,2.0,2026-06-27T21:39:51+00:00,0.0,0.0,OK
Fort McMurray,Fort McMurray,2026-06-27 15:00,3.0,3.0,3,3,2026-06-27T21:39:51+00:00,2.0,2026-06-27T21:39:51+00:00,1.0,1.0,Minor difference
Grande Prairie,Grande Prairie,2026-06-27 15:00,2.0,2.0,2,2,2026-06-27T21:39:51+00:00,2.0,2026-06-27T21:39:51+00:00,0.0,0.0,OK
Lethbridge,Lethbridge,2026-06-27 15:00,2.0,3.0,3,3,2026-06-27T21:39:51+00:00,2.0,2026-06-27T21:39:51+00:00,0.0,0.0,OK
Medicine Hat,Medicine Hat,2026-06-27 15:00,3.0,3.0,2,3,2026-06-27T21:39:51+00:00,3.0,2026-06-27T21:39:51+00:00,0.0,0.0,OK
Airdrie,Airdrie,2026-06-27 15:00,3.0,3.0,3,3,2026-06-27T21:39:51+00:00,3.0,2026-06-27T21:39:51+00:00,0.0,0.0,OK
Cold Lake,Cold Lake,2026-06-27 15:00,2.0,3.0,3,3,2026-06-27T21:39:51+00:00,2.0,2026-06-27T21:39:51+00:00,0.0,0.0,OK
Drayton Valley,Drayton Valley,2026-06-27 15:00,2.0,2.0,3,2,2026-06-27T21:39:51+00:00,2.0,2026-06-27T21:39:51+00:00,0.0,0.0,OK
St. Albert,St. Albert,2026-06-27 15:00,2.0,3.0,3,3,2026-06-27T21:39:51+00:00,2.0,2026-06-27T21:39:51+00:00,0.0,0.0,OK
Strathcona County,Sherwood Park,2026-06-27 15:00,2.0,3.0,3,3,2026-06-27T21:39:51+00:00,,,,,OK
Edmonton,Edmonton,2026-06-27 16:00,2.0,3.0,3,3,2026-06-27T22:39:30+00:00,2.0,2026-06-27T22:39:30+00:00,0.0,0.0,OK
Calgary,Calgary,2026-06-27 16:00,3.0,3.0,3,3,2026-06-27T22:39:30+00:00,3.0,2026-06-27T22:39:30+00:00,0.0,0.0,OK
Red Deer,Red Deer,2026-06-27 16:00,2.0,2.0,2,2,2026-06-27T22:39:30+00:00,2.0,2026-06-27T22:39:30+00:00,0.0,0.0,OK
Fort McMurray,Fort McMurray,2026-06-27 16:00,3.0,3.0,3,3,2026-06-27T22:39:30+00:00,3.0,2026-06-27T22:39:30+00:00,0.0,0.0,OK
Grande Prairie,Grande Prairie,2026-06-27 16:00,2.0,2.0,2,2,2026-06-27T22:39:30+00:00,2.0,2026-06-27T22:39:30+00:00,0.0,0.0,OK
Lethbridge,Lethbridge,2026-06-27 16:00,2.0,3.0,3,3,2026-06-27T22:39:30+00:00,2.0,2026-06-27T22:39:30+00:00,0.0,0.0,OK
Medicine Hat,Medicine Hat,2026-06-27 16:00,3.0,3.0,2,3,2026-06-27T22:39:30+00:00,3.0,2026-06-27T22:39:30+00:00,0.0,0.0,OK
Airdrie,Airdrie,2026-06-27 16:00,3.0,3.0,3,3,2026-06-27T22:39:30+00:00,3.0,2026-06-27T22:39:30+00:00,0.0,0.0,OK
Cold Lake,Cold Lake,2026-06-27 16:00,2.0,3.0,3,3,2026-06-27T22:39:30+00:00,2.0,2026-06-27T22:39:30+00:00,0.0,0.0,OK
Drayton Valley,Drayton Valley,2026-06-27 16:00,2.0,2.0,3,2,2026-06-27T22:39:30+00:00,2.0,2026-06-27T22:39:30+00:00,0.0,0.0,OK
St. Albert,St. Albert,2026-06-27 16:00,2.0,3.0,3,3,2026-06-27T22:39:30+00:00,2.0,2026-06-27T22:39:30+00:00,0.0,0.0,OK
Strathcona County,Sherwood Park,2026-06-27 16:00,2.0,3.0,3,3,2026-06-27T22:39:30+00:00,,,,,OK
Edmonton,Edmonton,2026-06-27 17:00,2.0,,3,3,2026-06-27T23:37:54+00:00,2.0,2026-06-27T23:37:55+00:00,0.0,0.0,OK
Calgary,Calgary,2026-06-27 17:00,3.0,,3,3,2026-06-27T23:37:54+00:00,3.0,2026-06-27T23:37:55+00:00,0.0,0.0,OK
Red Deer,Red Deer,2026-06-27 17:00,2.0,,2,2,2026-06-27T23:37:54+00:00,2.0,2026-06-27T23:37:55+00:00,0.0,0.0,OK
Fort McMurray,Fort McMurray,2026-06-27 17:00,3.0,,3,3,2026-06-27T23:37:54+00:00,3.0,2026-06-27T23:37:55+00:00,0.0,0.0,OK
Grande Prairie,Grande Prairie,2026-06-27 17:00,2.0,,2,2,2026-06-27T23:37:54+00:00,2.0,2026-06-27T23:37:55+00:00,0.0,0.0,OK
Lethbridge,Lethbridge,2026-06-27 17:00,2.0,,2,2,2026-06-27T23:37:54+00:00,2.0,2026-06-27T23:37:55+00:00,0.0,0.0,OK
Medicine Hat,Medicine Hat,2026-06-27 17:00,3.0,,3,3,2026-06-27T23:37:54+00:00,3.0,2026-06-27T23:37:55+00:00,0.0,0.0,OK
Airdrie,Airdrie,2026-06-27 17:00,3.0,,3,3,2026-06-27T23:37:54+00:00,3.0,2026-06-27T23:37:55+00:00,0.0,0.0,OK
Cold Lake,Cold Lake,2026-06-27 17:00,2.0,,3,2,2026-06-27T23:37:54+00:00,2.0,2026-06-27T23:37:55+00:00,0.0,0.0,OK
Drayton Valley,Drayton Valley,2026-06-27 17:00,2.0,,2,2,2026-06-27T23:37:54+00:00,2.0,2026-06-27T23:37:55+00:00,0.0,0.0,OK
St. Albert,St. Albert,2026-06-27 17:00,2.0,,3,3,2026-06-27T23:37:54+00:00,2.0,2026-06-27T23:37:55+00:00,0.0,0.0,OK
Strathcona County,Sherwood Park,2026-06-27 17:00,2.0,,3,3,2026-06-27T23:37:54+00:00,,,,,OK
Edmonton,Edmonton,2026-06-27 18:00,2.0,,3,3,2026-06-28T01:24:24+00:00,2.0,2026-06-28T01:24:25+00:00,0.0,0.0,OK
Calgary,Calgary,2026-06-27 18:00,3.0,,3,3,2026-06-28T01:24:24+00:00,3.0,2026-06-28T01:24:25+00:00,0.0,0.0,OK
Red Deer,Red Deer,2026-06-27 18:00,2.0,,2,2,2026-06-28T01:24:24+00:00,2.0,2026-06-28T01:24:25+00:00,0.0,0.0,OK
Fort McMurray,Fort McMurray,2026-06-27 18:00,3.0,,3,3,2026-06-28T01:24:24+00:00,3.0,2026-06-28T01:24:25+00:00,0.0,0.0,OK
Grande Prairie,Grande Prairie,2026-06-27 18:00,2.0,,2,2,2026-06-28T01:24:24+00:00,2.0,2026-06-28T01:24:25+00:00,0.0,0.0,OK
Lethbridge,Lethbridge,2026-06-27 19:00,2.0,,2,2,2026-06-28T01:24:24+00:00,2.0,2026-06-28T01:24:25+00:00,0.0,0.0,OK
Medicine Hat,Medicine Hat,2026-06-27 18:00,3.0,,3,3,2026-06-28T01:24:24+00:00,3.0,2026-06-28T01:24:25+00:00,0.0,0.0,OK
Airdrie,Airdrie,2026-06-27 18:00,3.0,,3,3,2026-06-28T01:24:24+00:00,3.0,2026-06-28T01:24:25+00:00,0.0,0.0,OK
Cold Lake,Cold Lake,2026-06-27 19:00,2.0,,3,2,2026-06-28T01:24:24+00:00,2.0,2026-06-28T01:24:25+00:00,0.0,0.0,OK
Drayton Valley,Drayton Valley,2026-06-27 18:00,2.0,,2,2,2026-06-28T01:24:24+00:00,2.0,2026-06-28T01:24:25+00:00,0.0,0.0,OK
St. Albert,St. Albert,2026-06-27 18:00,2.0,,3,3,2026-06-28T01:24:24+00:00,2.0,2026-06-28T01:24:25+00:00,0.0,0.0,OK
Strathcona County,Sherwood Park,2026-06-27 19:00,2.0,,3,3,2026-06-28T01:24:24+00:00,,,,,OK
Edmonton,Edmonton,2026-06-27 20:00,2.0,,3,3,2026-06-28T03:27:28+00:00,2.0,2026-06-28T03:27:28+00:00,0.0,0.0,OK
Calgary,Calgary,2026-06-27 20:00,2.0,,3,3,2026-06-28T03:27:28+00:00,2.0,2026-06-28T03:27:28+00:00,0.0,0.0,OK
Red Deer,Red Deer,2026-06-27 20:00,2.0,,2,2,2026-06-28T03:27:28+00:00,2.0,2026-06-28T03:27:28+00:00,0.0,0.0,OK
Fort McMurray,Fort McMurray,2026-06-27 20:00,2.0,,3,3,2026-06-28T03:27:28+00:00,2.0,2026-06-28T03:27:28+00:00,0.0,0.0,OK
Grande Prairie,Grande Prairie,2026-06-27 20:00,2.0,,2,2,2026-06-28T03:27:28+00:00,2.0,2026-06-28T03:27:28+00:00,0.0,0.0,OK
Lethbridge,Lethbridge,2026-06-27 20:00,2.0,,2,2,2026-06-28T03:27:28+00:00,3.0,2026-06-28T03:27:28+00:00,-1.0,1.0,Minor difference
Medicine Hat,Medicine Hat,2026-06-27 20:00,3.0,,3,3,2026-06-28T03:27:28+00:00,3.0,2026-06-28T03:27:28+00:00,0.0,0.0,OK
Airdrie,Airdrie,2026-06-27 20:00,2.0,,3,3,2026-06-28T03:27:28+00:00,2.0,2026-06-28T03:27:28+00:00,0.0,0.0,OK
Cold Lake,Cold Lake,2026-06-27 20:00,2.0,,3,2,2026-06-28T03:27:28+00:00,2.0,2026-06-28T03:27:28+00:00,0.0,0.0,OK
Drayton Valley,Drayton Valley,2026-06-27 20:00,2.0,,2,2,2026-06-28T03:27:28+00:00,2.0,2026-06-28T03:27:28+00:00,0.0,0.0,OK
St. Albert,St. Albert,2026-06-27 20:00,2.0,,3,3,2026-06-28T03:27:28+00:00,2.0,2026-06-28T03:27:28+00:00,0.0,0.0,OK
Strathcona County,Sherwood Park,2026-06-27 20:00,2.0,,3,3,2026-06-28T03:27:28+00:00,,,,,OK
Edmonton,Edmonton,2026-06-27 23:00,2.0,,3,3,2026-06-28T05:46:25+00:00,2.0,2026-06-28T05:46:25+00:00,0.0,0.0,OK
Calgary,Calgary,2026-06-27 23:00,2.0,,3,3,2026-06-28T05:46:25+00:00,2.0,2026-06-28T05:46:25+00:00,0.0,0.0,OK
Red Deer,Red Deer,2026-06-27 23:00,2.0,,2,2,2026-06-28T05:46:25+00:00,2.0,2026-06-28T05:46:25+00:00,0.0,0.0,OK
Fort McMurray,Fort McMurray,2026-06-27 23:00,3.0,,3,3,2026-06-28T05:46:25+00:00,2.0,2026-06-28T05:46:25+00:00,1.0,1.0,Minor difference
Grande Prairie,Grande Prairie,2026-06-27 23:00,2.0,,2,2,2026-06-28T05:46:25+00:00,2.0,2026-06-28T05:46:25+00:00,0.0,0.0,OK
Lethbridge,Lethbridge,2026-06-27 23:00,2.0,,2,2,2026-06-28T05:46:25+00:00,2.0,2026-06-28T05:46:25+00:00,0.0,0.0,OK
Medicine Hat,Medicine Hat,2026-06-27 23:00,2.0,,3,3,2026-06-28T05:46:25+00:00,2.0,2026-06-28T05:46:25+00:00,0.0,0.0,OK
Airdrie,Airdrie,2026-06-27 23:00,2.0,,3,3,2026-06-28T05:46:25+00:00,2.0,2026-06-28T05:46:25+00:00,0.0,0.0,OK
Cold Lake,Cold Lake,2026-06-27 23:00,2.0,,3,2,2026-06-28T05:46:25+00:00,2.0,2026-06-28T05:46:25+00:00,0.0,0.0,OK
Drayton Valley,Drayton Valley,2026-06-27 23:00,2.0,,2,2,2026-06-28T05:46:25+00:00,2.0,2026-06-28T05:46:25+00:00,0.0,0.0,OK
St. Albert,St. Albert,2026-06-27 23:00,2.0,,3,3,2026-06-28T05:46:25+00:00,2.0,2026-06-28T05:46:25+00:00,0.0,0.0,OK
Strathcona County,Sherwood Park,2026-06-27 23:00,2.0,,3,3,2026-06-28T05:46:25+00:00,,,,,OK
Edmonton,Edmonton,2026-06-28 01:00,2.0,,3,3,2026-06-28T07:39:04+00:00,2.0,2026-06-28T07:39:04+00:00,0.0,0.0,OK
Calgary,Calgary,2026-06-28 01:00,2.0,,3,3,2026-06-28T07:39:04+00:00,2.0,2026-06-28T07:39:04+00:00,0.0,0.0,OK
Red Deer,Red Deer,2026-06-28 01:00,2.0,,2,2,2026-06-28T07:39:04+00:00,2.0,2026-06-28T07:39:04+00:00,0.0,0.0,OK
Fort McMurray,Fort McMurray,2026-06-28 01:00,2.0,,3,3,2026-06-28T07:39:04+00:00,2.0,2026-06-28T07:39:04+00:00,0.0,0.0,OK
Grande Prairie,Grande Prairie,2026-06-28 01:00,2.0,,2,2,2026-06-28T07:39:04+00:00,2.0,2026-06-28T07:39:04+00:00,0.0,0.0,OK
Lethbridge,Lethbridge,2026-06-28 01:00,2.0,,2,2,2026-06-28T07:39:04+00:00,2.0,2026-06-28T07:39:04+00:00,0.0,0.0,OK
Medicine Hat,Medicine Hat,2026-06-28 01:00,2.0,,3,3,2026-06-28T07:39:04+00:00,2.0,2026-06-28T07:39:04+00:00,0.0,0.0,OK
Airdrie,Airdrie,2026-06-28 01:00,2.0,,3,3,2026-06-28T07:39:04+00:00,2.0,2026-06-28T07:39:04+00:00,0.0,0.0,OK
Cold Lake,Cold Lake,2026-06-28 01:00,2.0,,3,2,2026-06-28T07:39:04+00:00,2.0,2026-06-28T07:39:04+00:00,0.0,0.0,OK
Drayton Valley,Drayton Valley,2026-06-28 01:00,2.0,,2,2,2026-06-28T07:39:04+00:00,2.0,2026-06-28T07:39:04+00:00,0.0,0.0,OK
St. Albert,St. Albert,2026-06-28 01:00,2.0,,3,3,2026-06-28T07:39:04+00:00,2.0,2026-06-28T07:39:04+00:00,0.0,0.0,OK
Strathcona County,Sherwood Park,2026-06-28 01:00,2.0,,3,3,2026-06-28T07:39:04+00:00,,,,,OK
Edmonton,Edmonton,2026-06-28 02:00,2.0,,3,3,2026-06-28T09:25:07+00:00,2.0,2026-06-28T09:25:07+00:00,0.0,0.0,OK
Calgary,Calgary,2026-06-28 02:00,2.0,,3,3,2026-06-28T09:25:07+00:00,2.0,2026-06-28T09:25:07+00:00,0.0,0.0,OK
Red Deer,Red Deer,2026-06-28 02:00,2.0,,2,2,2026-06-28T09:25:07+00:00,2.0,2026-06-28T09:25:07+00:00,0.0,0.0,OK
Fort McMurray,Fort McMurray,2026-06-28 02:00,2.0,,3,3,2026-06-28T09:25:07+00:00,2.0,2026-06-28T09:25:07+00:00,0.0,0.0,OK
Grande Prairie,Grande Prairie,2026-06-28 02:00,2.0,,2,2,2026-06-28T09:25:07+00:00,2.0,2026-06-28T09:25:07+00:00,0.0,0.0,OK
Lethbridge,Lethbridge,2026-06-28 03:00,2.0,,2,2,2026-06-28T09:25:07+00:00,2.0,2026-06-28T09:25:07+00:00,0.0,0.0,OK
Medicine Hat,Medicine Hat,2026-06-28 02:00,2.0,,3,3,2026-06-28T09:25:07+00:00,2.0,2026-06-28T09:25:07+00:00,0.0,0.0,OK
Airdrie,Airdrie,2026-06-28 02:00,2.0,,3,3,2026-06-28T09:25:07+00:00,2.0,2026-06-28T09:25:07+00:00,0.0,0.0,OK
Cold Lake,Cold Lake,2026-06-28 03:00,2.0,,3,2,2026-06-28T09:25:07+00:00,2.0,2026-06-28T09:25:07+00:00,0.0,0.0,OK
Drayton Valley,Drayton Valley,2026-06-28 02:00,2.0,,2,2,2026-06-28T09:25:07+00:00,2.0,2026-06-28T09:25:07+00:00,0.0,0.0,OK
St. Albert,St. Albert,2026-06-28 02:00,1.0,,3,3,2026-06-28T09:25:07+00:00,1.0,2026-06-28T09:25:07+00:00,0.0,0.0,OK
Strathcona County,Sherwood Park,2026-06-28 03:00,1.0,,3,3,2026-06-28T09:25:07+00:00,,,,,OK
Edmonton,Edmonton,2026-06-28 04:00,2.0,,3,3,2026-06-28T10:58:41+00:00,2.0,2026-06-28T10:58:41+00:00,0.0,0.0,OK
Calgary,Calgary,2026-06-28 04:00,2.0,,3,3,2026-06-28T10:58:41+00:00,2.0,2026-06-28T10:58:41+00:00,0.0,0.0,OK
Red Deer,Red Deer,2026-06-28 04:00,2.0,,2,2,2026-06-28T10:58:41+00:00,2.0,2026-06-28T10:58:41+00:00,0.0,0.0,OK
Fort McMurray,Fort McMurray,2026-06-28 04:00,1.0,,3,3,2026-06-28T10:58:41+00:00,1.0,2026-06-28T10:58:41+00:00,0.0,0.0,OK
Grande Prairie,Grande Prairie,2026-06-28 03:00,2.0,,2,2,2026-06-28T10:58:41+00:00,2.0,2026-06-28T10:58:41+00:00,0.0,0.0,OK
Lethbridge,Lethbridge,2026-06-28 03:00,2.0,,2,2,2026-06-28T10:58:41+00:00,2.0,2026-06-28T10:58:41+00:00,0.0,0.0,OK
Medicine Hat,Medicine Hat,2026-06-28 04:00,2.0,,3,3,2026-06-28T10:58:41+00:00,2.0,2026-06-28T10:58:41+00:00,0.0,0.0,OK
Airdrie,Airdrie,2026-06-28 04:00,2.0,,3,3,2026-06-28T10:58:41+00:00,2.0,2026-06-28T10:58:41+00:00,0.0,0.0,OK
Cold Lake,Cold Lake,2026-06-28 04:00,2.0,,3,2,2026-06-28T10:58:41+00:00,2.0,2026-06-28T10:58:41+00:00,0.0,0.0,OK
Drayton Valley,Drayton Valley,2026-06-28 04:00,2.0,,2,2,2026-06-28T10:58:41+00:00,2.0,2026-06-28T10:58:41+00:00,0.0,0.0,OK
St. Albert,St. Albert,2026-06-28 04:00,1.0,,3,3,2026-06-28T10:58:41+00:00,1.0,2026-06-28T10:58:41+00:00,0.0,0.0,OK
Strathcona County,Sherwood Park,2026-06-28 04:00,2.0,,3,3,2026-06-28T10:58:41+00:00,,,,,OK
Edmonton,Edmonton,2026-06-28 05:00,1.0,,3,3,2026-06-28T11:54:16+00:00,2.0,2026-06-28T11:54:16+00:00,-1.0,1.0,Minor difference
Calgary,Calgary,2026-06-28 04:00,2.0,,3,3,2026-06-28T11:54:16+00:00,2.0,2026-06-28T11:54:16+00:00,0.0,0.0,OK
Red Deer,Red Deer,2026-06-28 05:00,2.0,,2,2,2026-06-28T11:54:16+00:00,2.0,2026-06-28T11:54:16+00:00,0.0,0.0,OK
Fort McMurray,Fort McMurray,2026-06-28 05:00,1.0,,3,3,2026-06-28T11:54:16+00:00,1.0,2026-06-28T11:54:16+00:00,0.0,0.0,OK
Grande Prairie,Grande Prairie,2026-06-28 05:00,1.0,,2,2,2026-06-28T11:54:16+00:00,2.0,2026-06-28T11:54:16+00:00,-1.0,1.0,Minor difference
Lethbridge,Lethbridge,2026-06-28 03:00,2.0,,2,2,2026-06-28T11:54:16+00:00,1.0,2026-06-28T11:54:16+00:00,1.0,1.0,Minor difference
Medicine Hat,Medicine Hat,2026-06-28 04:00,2.0,,3,3,2026-06-28T11:54:16+00:00,2.0,2026-06-28T11:54:16+00:00,0.0,0.0,OK
Airdrie,Airdrie,2026-06-28 04:00,2.0,,3,3,2026-06-28T11:54:16+00:00,2.0,2026-06-28T11:54:16+00:00,0.0,0.0,OK
Cold Lake,Cold Lake,2026-06-28 05:00,2.0,,3,2,2026-06-28T11:54:16+00:00,2.0,2026-06-28T11:54:16+00:00,0.0,0.0,OK
Drayton Valley,Drayton Valley,2026-06-28 04:00,2.0,,2,2,2026-06-28T11:54:16+00:00,2.0,2026-06-28T11:54:16+00:00,0.0,0.0,OK
St. Albert,St. Albert,2026-06-28 04:00,1.0,,3,3,2026-06-28T11:54:16+00:00,1.0,2026-06-28T11:54:16+00:00,0.0,0.0,OK
Strathcona County,Sherwood Park,2026-06-28 05:00,1.0,,3,3,2026-06-28T11:54:16+00:00,,,,,OK
Edmonton,Edmonton,2026-06-28 06:00,2.0,2.0,3,2,2026-06-28T12:46:40+00:00,2.0,2026-06-28T12:46:40+00:00,0.0,0.0,OK
Calgary,Calgary,2026-06-28 06:00,2.0,3.0,3,3,2026-06-28T12:46:40+00:00,2.0,2026-06-28T12:46:40+00:00,0.0,0.0,OK
Red Deer,Red Deer,2026-06-28 06:00,2.0,2.0,2,2,2026-06-28T12:46:40+00:00,2.0,2026-06-28T12:46:40+00:00,0.0,0.0,OK
Fort McMurray,Fort McMurray,2026-06-28 06:00,1.0,3.0,4,3,2026-06-28T12:46:40+00:00,1.0,2026-06-28T12:46:40+00:00,0.0,0.0,OK
Grande Prairie,Grande Prairie,2026-06-28 06:00,1.0,2.0,2,2,2026-06-28T12:46:40+00:00,1.0,2026-06-28T12:46:40+00:00,0.0,0.0,OK
Lethbridge,Lethbridge,2026-06-28 03:00,2.0,2.0,2,2,2026-06-28T12:46:40+00:00,1.0,2026-06-28T12:46:40+00:00,1.0,1.0,Minor difference
Medicine Hat,Medicine Hat,2026-06-28 06:00,2.0,2.0,2,2,2026-06-28T12:46:40+00:00,2.0,2026-06-28T12:46:40+00:00,0.0,0.0,OK
Airdrie,Airdrie,2026-06-28 06:00,2.0,3.0,3,3,2026-06-28T12:46:40+00:00,2.0,2026-06-28T12:46:40+00:00,0.0,0.0,OK
Cold Lake,Cold Lake,2026-06-28 06:00,2.0,2.0,3,2,2026-06-28T12:46:40+00:00,2.0,2026-06-28T12:46:40+00:00,0.0,0.0,OK
Drayton Valley,Drayton Valley,2026-06-28 06:00,1.0,2.0,3,2,2026-06-28T12:46:40+00:00,1.0,2026-06-28T12:46:40+00:00,0.0,0.0,OK
St. Albert,St. Albert,2026-06-28 06:00,1.0,2.0,3,2,2026-06-28T12:46:40+00:00,1.0,2026-06-28T12:46:40+00:00,0.0,0.0,OK
Strathcona County,Sherwood Park,2026-06-28 06:00,1.0,2.0,3,2,2026-06-28T12:46:40+00:00,,,,,OK
Edmonton,Edmonton,2026-06-28 06:00,2.0,2.0,3,2,2026-06-28T13:55:52+00:00,2.0,2026-06-28T13:55:52+00:00,0.0,0.0,OK
Calgary,Calgary,2026-06-28 06:00,2.0,3.0,3,3,2026-06-28T13:55:52+00:00,2.0,2026-06-28T13:55:52+00:00,0.0,0.0,OK
Red Deer,Red Deer,2026-06-28 06:00,2.0,2.0,2,2,2026-06-28T13:55:52+00:00,2.0,2026-06-28T13:55:52+00:00,0.0,0.0,OK
Fort McMurray,Fort McMurray,2026-06-28 06:00,1.0,3.0,4,3,2026-06-28T13:55:52+00:00,2.0,2026-06-28T13:55:52+00:00,-1.0,1.0,Minor difference
Grande Prairie,Grande Prairie,2026-06-28 06:00,1.0,2.0,2,2,2026-06-28T13:55:52+00:00,1.0,2026-06-28T13:55:52+00:00,0.0,0.0,OK
Lethbridge,Lethbridge,2026-06-28 03:00,2.0,2.0,2,2,2026-06-28T13:55:52+00:00,2.0,2026-06-28T13:55:52+00:00,0.0,0.0,OK
Medicine Hat,Medicine Hat,2026-06-28 06:00,2.0,2.0,2,2,2026-06-28T13:55:52+00:00,2.0,2026-06-28T13:55:52+00:00,0.0,0.0,OK
Airdrie,Airdrie,2026-06-28 06:00,2.0,3.0,3,3,2026-06-28T13:55:52+00:00,2.0,2026-06-28T13:55:52+00:00,0.0,0.0,OK
Cold Lake,Cold Lake,2026-06-28 06:00,2.0,2.0,3,2,2026-06-28T13:55:52+00:00,2.0,2026-06-28T13:55:52+00:00,0.0,0.0,OK
Drayton Valley,Drayton Valley,2026-06-28 06:00,1.0,2.0,3,2,2026-06-28T13:55:52+00:00,1.0,2026-06-28T13:55:52+00:00,0.0,0.0,OK
St. Albert,St. Albert,2026-06-28 06:00,1.0,2.0,3,2,2026-06-28T13:55:52+00:00,1.0,2026-06-28T13:55:52+00:00,0.0,0.0,OK
Strathcona County,Sherwood Park,2026-06-28 06:00,1.0,2.0,3,2,2026-06-28T13:55:52+00:00,,,,,OK
Edmonton,Edmonton,2026-06-28 06:00,2.0,2.0,3,2,2026-06-28T14:53:45+00:00,2.0,2026-06-28T14:53:45+00:00,0.0,0.0,OK
Calgary,Calgary,2026-06-28 06:00,2.0,3.0,3,3,2026-06-28T14:53:45+00:00,2.0,2026-06-28T14:53:45+00:00,0.0,0.0,OK
Red Deer,Red Deer,2026-06-28 06:00,2.0,2.0,2,2,2026-06-28T14:53:45+00:00,2.0,2026-06-28T14:53:45+00:00,0.0,0.0,OK
Fort McMurray,Fort McMurray,2026-06-28 06:00,1.0,3.0,4,3,2026-06-28T14:53:45+00:00,2.0,2026-06-28T14:53:45+00:00,-1.0,1.0,Minor difference
Grande Prairie,Grande Prairie,2026-06-28 06:00,1.0,2.0,2,2,2026-06-28T14:53:45+00:00,1.0,2026-06-28T14:53:45+00:00,0.0,0.0,OK
Lethbridge,Lethbridge,2026-06-28 03:00,2.0,2.0,2,2,2026-06-28T14:53:45+00:00,2.0,2026-06-28T14:53:45+00:00,0.0,0.0,OK
Medicine Hat,Medicine Hat,2026-06-28 06:00,2.0,2.0,2,2,2026-06-28T14:53:45+00:00,2.0,2026-06-28T14:53:45+00:00,0.0,0.0,OK
Airdrie,Airdrie,2026-06-28 06:00,2.0,3.0,3,3,2026-06-28T14:53:45+00:00,2.0,2026-06-28T14:53:45+00:00,0.0,0.0,OK
Cold Lake,Cold Lake,2026-06-28 06:00,2.0,2.0,3,2,2026-06-28T14:53:45+00:00,2.0,2026-06-28T14:53:45+00:00,0.0,0.0,OK
Drayton Valley,Drayton Valley,2026-06-28 06:00,1.0,2.0,3,2,2026-06-28T14:53:45+00:00,1.0,2026-06-28T14:53:45+00:00,0.0,0.0,OK
St. Albert,St. Albert,2026-06-28 06:00,1.0,2.0,3,2,2026-06-28T14:53:45+00:00,2.0,2026-06-28T14:53:45+00:00,-1.0,1.0,Minor difference
Strathcona County,Sherwood Park,2026-06-28 06:00,1.0,2.0,3,2,2026-06-28T14:53:45+00:00,,,,,OK
Edmonton,Edmonton,2026-06-28 09:00,2.0,2.0,3,2,2026-06-28T15:44:53+00:00,2.0,2026-06-28T15:44:53+00:00,0.0,0.0,OK
Calgary,Calgary,2026-06-28 09:00,2.0,3.0,3,3,2026-06-28T15:44:53+00:00,2.0,2026-06-28T15:44:53+00:00,0.0,0.0,OK
Red Deer,Red Deer,2026-06-28 09:00,2.0,2.0,2,2,2026-06-28T15:44:53+00:00,2.0,2026-06-28T15:44:53+00:00,0.0,0.0,OK
Fort McMurray,Fort McMurray,2026-06-28 09:00,2.0,3.0,4,3,2026-06-28T15:44:53+00:00,2.0,2026-06-28T15:44:53+00:00,0.0,0.0,OK
Grande Prairie,Grande Prairie,2026-06-28 09:00,1.0,2.0,2,2,2026-06-28T15:44:53+00:00,1.0,2026-06-28T15:44:53+00:00,0.0,0.0,OK
Lethbridge,Lethbridge,2026-06-28 09:00,2.0,2.0,2,2,2026-06-28T15:44:53+00:00,2.0,2026-06-28T15:44:53+00:00,0.0,0.0,OK
Medicine Hat,Medicine Hat,2026-06-28 09:00,2.0,2.0,2,2,2026-06-28T15:44:53+00:00,2.0,2026-06-28T15:44:53+00:00,0.0,0.0,OK
Airdrie,Airdrie,2026-06-28 09:00,2.0,3.0,3,3,2026-06-28T15:44:53+00:00,2.0,2026-06-28T15:44:53+00:00,0.0,0.0,OK
Cold Lake,Cold Lake,2026-06-28 08:00,2.0,2.0,3,2,2026-06-28T15:44:53+00:00,1.0,2026-06-28T15:44:53+00:00,1.0,1.0,Minor difference
Drayton Valley,Drayton Valley,2026-06-28 09:00,1.0,2.0,3,2,2026-06-28T15:44:53+00:00,1.0,2026-06-28T15:44:53+00:00,0.0,0.0,OK
St. Albert,St. Albert,2026-06-28 09:00,2.0,2.0,3,2,2026-06-28T15:44:53+00:00,2.0,2026-06-28T15:44:53+00:00,0.0,0.0,OK
Strathcona County,Sherwood Park,2026-06-28 09:00,2.0,2.0,3,2,2026-06-28T15:44:53+00:00,,,,,OK
Edmonton,Edmonton,2026-06-28 10:00,2.0,2.0,3,2,2026-06-28T16:42:21+00:00,2.0,2026-06-28T16:42:21+00:00,0.0,0.0,OK
Calgary,Calgary,2026-06-28 10:00,2.0,3.0,3,3,2026-06-28T16:42:21+00:00,2.0,2026-06-28T16:42:21+00:00,0.0,0.0,OK
Red Deer,Red Deer,2026-06-28 10:00,1.0,2.0,2,2,2026-06-28T16:42:21+00:00,1.0,2026-06-28T16:42:21+00:00,0.0,0.0,OK
Fort McMurray,Fort McMurray,2026-06-28 10:00,2.0,3.0,4,3,2026-06-28T16:42:21+00:00,2.0,2026-06-28T16:42:21+00:00,0.0,0.0,OK
Grande Prairie,Grande Prairie,2026-06-28 10:00,1.0,2.0,2,2,2026-06-28T16:42:21+00:00,1.0,2026-06-28T16:42:21+00:00,0.0,0.0,OK
Lethbridge,Lethbridge,2026-06-28 10:00,2.0,2.0,2,2,2026-06-28T16:42:21+00:00,2.0,2026-06-28T16:42:21+00:00,0.0,0.0,OK
Medicine Hat,Medicine Hat,2026-06-28 10:00,2.0,2.0,2,2,2026-06-28T16:42:21+00:00,2.0,2026-06-28T16:42:21+00:00,0.0,0.0,OK
Airdrie,Airdrie,2026-06-28 10:00,2.0,3.0,3,3,2026-06-28T16:42:21+00:00,2.0,2026-06-28T16:42:21+00:00,0.0,0.0,OK
Cold Lake,Cold Lake,2026-06-28 10:00,2.0,2.0,3,2,2026-06-28T16:42:21+00:00,2.0,2026-06-28T16:42:21+00:00,0.0,0.0,OK
Drayton Valley,Drayton Valley,2026-06-28 10:00,1.0,2.0,3,2,2026-06-28T16:42:21+00:00,1.0,2026-06-28T16:42:21+00:00,0.0,0.0,OK
St. Albert,St. Albert,2026-06-28 10:00,2.0,2.0,3,2,2026-06-28T16:42:21+00:00,2.0,2026-06-28T16:42:21+00:00,0.0,0.0,OK
Strathcona County,Sherwood Park,2026-06-28 10:00,2.0,2.0,3,2,2026-06-28T16:42:21+00:00,,,,,OK
Edmonton,Edmonton,2026-06-28 11:00,2.0,2.0,3,2,2026-06-28T17:42:53+00:00,2.0,2026-06-28T17:42:54+00:00,0.0,0.0,OK
Calgary,Calgary,2026-06-28 11:00,2.0,3.0,3,3,2026-06-28T17:42:53+00:00,2.0,2026-06-28T17:42:54+00:00,0.0,0.0,OK
Red Deer,Red Deer,2026-06-28 11:00,1.0,2.0,2,2,2026-06-28T17:42:53+00:00,1.0,2026-06-28T17:42:54+00:00,0.0,0.0,OK
Fort McMurray,Fort McMurray,2026-06-28 11:00,3.0,3.0,4,3,2026-06-28T17:42:53+00:00,3.0,2026-06-28T17:42:54+00:00,0.0,0.0,OK
Grande Prairie,Grande Prairie,2026-06-28 11:00,1.0,2.0,2,2,2026-06-28T17:42:53+00:00,1.0,2026-06-28T17:42:54+00:00,0.0,0.0,OK
Lethbridge,Lethbridge,2026-06-28 11:00,2.0,2.0,2,2,2026-06-28T17:42:53+00:00,2.0,2026-06-28T17:42:54+00:00,0.0,0.0,OK
Medicine Hat,Medicine Hat,2026-06-28 11:00,2.0,2.0,2,2,2026-06-28T17:42:53+00:00,2.0,2026-06-28T17:42:54+00:00,0.0,0.0,OK
Airdrie,Airdrie,2026-06-28 11:00,2.0,3.0,3,3,2026-06-28T17:42:53+00:00,2.0,2026-06-28T17:42:54+00:00,0.0,0.0,OK
Cold Lake,Cold Lake,2026-06-28 11:00,2.0,2.0,3,2,2026-06-28T17:42:53+00:00,2.0,2026-06-28T17:42:54+00:00,0.0,0.0,OK
Drayton Valley,Drayton Valley,2026-06-28 11:00,1.0,2.0,3,2,2026-06-28T17:42:53+00:00,1.0,2026-06-28T17:42:54+00:00,0.0,0.0,OK
St. Albert,St. Albert,2026-06-28 11:00,2.0,2.0,3,2,2026-06-28T17:42:53+00:00,2.0,2026-06-28T17:42:54+00:00,0.0,0.0,OK
Strathcona County,Sherwood Park,2026-06-28 11:00,2.0,2.0,3,2,2026-06-28T17:42:53+00:00,,,,,OK
Edmonton,Edmonton,2026-06-28 12:00,2.0,2.0,3,2,2026-06-28T18:42:39+00:00,2.0,2026-06-28T18:42:40+00:00,0.0,0.0,OK
Calgary,Calgary,2026-06-28 12:00,2.0,3.0,3,3,2026-06-28T18:42:39+00:00,2.0,2026-06-28T18:42:40+00:00,0.0,0.0,OK
Red Deer,Red Deer,2026-06-28 12:00,1.0,2.0,2,2,2026-06-28T18:42:39+00:00,1.0,2026-06-28T18:42:40+00:00,0.0,0.0,OK
Fort McMurray,Fort McMurray,2026-06-28 12:00,3.0,3.0,4,3,2026-06-28T18:42:39+00:00,3.0,2026-06-28T18:42:40+00:00,0.0,0.0,OK
Grande Prairie,Grande Prairie,2026-06-28 12:00,1.0,2.0,2,2,2026-06-28T18:42:39+00:00,1.0,2026-06-28T18:42:40+00:00,0.0,0.0,OK
Lethbridge,Lethbridge,2026-06-28 12:00,2.0,2.0,2,2,2026-06-28T18:42:39+00:00,2.0,2026-06-28T18:42:40+00:00,0.0,0.0,OK
Medicine Hat,Medicine Hat,2026-06-28 12:00,2.0,2.0,2,2,2026-06-28T18:42:39+00:00,2.0,2026-06-28T18:42:40+00:00,0.0,0.0,OK
Airdrie,Airdrie,2026-06-28 12:00,2.0,3.0,3,3,2026-06-28T18:42:39+00:00,2.0,2026-06-28T18:42:40+00:00,0.0,0.0,OK
Cold Lake,Cold Lake,2026-06-28 12:00,2.0,2.0,3,2,2026-06-28T18:42:39+00:00,2.0,2026-06-28T18:42:40+00:00,0.0,0.0,OK
Drayton Valley,Drayton Valley,2026-06-28 12:00,1.0,2.0,3,2,2026-06-28T18:42:39+00:00,1.0,2026-06-28T18:42:40+00:00,0.0,0.0,OK
St. Albert,St. Albert,2026-06-28 12:00,2.0,2.0,3,2,2026-06-28T18:42:39+00:00,2.0,2026-06-28T18:42:40+00:00,0.0,0.0,OK
Strathcona County,Sherwood Park,2026-06-28 12:00,2.0,2.0,3,2,2026-06-28T18:42:39+00:00,,,,,OK
Edmonton,Edmonton,2026-06-28 13:00,2.0,2.0,3,2,2026-06-28T19:47:44+00:00,2.0,2026-06-28T19:47:44+00:00,0.0,0.0,OK
Calgary,Calgary,2026-06-28 13:00,2.0,3.0,3,3,2026-06-28T19:47:44+00:00,2.0,2026-06-28T19:47:44+00:00,0.0,0.0,OK
Red Deer,Red Deer,2026-06-28 13:00,2.0,2.0,2,2,2026-06-28T19:47:44+00:00,2.0,2026-06-28T19:47:44+00:00,0.0,0.0,OK
Fort McMurray,Fort McMurray,2026-06-28 13:00,3.0,3.0,4,3,2026-06-28T19:47:44+00:00,3.0,2026-06-28T19:47:44+00:00,0.0,0.0,OK
Grande Prairie,Grande Prairie,2026-06-28 13:00,1.0,2.0,2,2,2026-06-28T19:47:44+00:00,1.0,2026-06-28T19:47:44+00:00,0.0,0.0,OK
Lethbridge,Lethbridge,2026-06-28 13:00,2.0,2.0,2,2,2026-06-28T19:47:44+00:00,2.0,2026-06-28T19:47:44+00:00,0.0,0.0,OK
Medicine Hat,Medicine Hat,2026-06-28 13:00,2.0,2.0,2,2,2026-06-28T19:47:44+00:00,2.0,2026-06-28T19:47:44+00:00,0.0,0.0,OK
Airdrie,Airdrie,2026-06-28 13:00,2.0,3.0,3,3,2026-06-28T19:47:44+00:00,2.0,2026-06-28T19:47:44+00:00,0.0,0.0,OK
Cold Lake,Cold Lake,2026-06-28 13:00,2.0,2.0,3,2,2026-06-28T19:47:44+00:00,2.0,2026-06-28T19:47:44+00:00,0.0,0.0,OK
Drayton Valley,Drayton Valley,2026-06-28 13:00,1.0,2.0,3,2,2026-06-28T19:47:44+00:00,1.0,2026-06-28T19:47:44+00:00,0.0,0.0,OK
St. Albert,St. Albert,2026-06-28 13:00,1.0,2.0,3,2,2026-06-28T19:47:44+00:00,1.0,2026-06-28T19:47:44+00:00,0.0,0.0,OK
Strathcona County,Sherwood Park,2026-06-28 13:00,2.0,2.0,3,2,2026-06-28T19:47:44+00:00,,,,,OK
Edmonton,Edmonton,2026-06-28 14:00,2.0,2.0,3,2,2026-06-28T20:41:27+00:00,2.0,2026-06-28T20:41:27+00:00,0.0,0.0,OK
Calgary,Calgary,2026-06-28 14:00,2.0,3.0,3,3,2026-06-28T20:41:27+00:00,2.0,2026-06-28T20:41:27+00:00,0.0,0.0,OK
Red Deer,Red Deer,2026-06-28 14:00,2.0,2.0,2,2,2026-06-28T20:41:27+00:00,2.0,2026-06-28T20:41:27+00:00,0.0,0.0,OK
Fort McMurray,Fort McMurray,2026-06-28 14:00,3.0,3.0,4,3,2026-06-28T20:41:27+00:00,3.0,2026-06-28T20:41:27+00:00,0.0,0.0,OK
Grande Prairie,Grande Prairie,2026-06-28 14:00,2.0,2.0,2,2,2026-06-28T20:41:27+00:00,2.0,2026-06-28T20:41:27+00:00,0.0,0.0,OK
Lethbridge,Lethbridge,2026-06-28 14:00,2.0,2.0,2,2,2026-06-28T20:41:27+00:00,2.0,2026-06-28T20:41:27+00:00,0.0,0.0,OK
Medicine Hat,Medicine Hat,2026-06-28 14:00,2.0,2.0,2,2,2026-06-28T20:41:27+00:00,2.0,2026-06-28T20:41:27+00:00,0.0,0.0,OK
Airdrie,Airdrie,2026-06-28 14:00,2.0,3.0,3,3,2026-06-28T20:41:27+00:00,2.0,2026-06-28T20:41:27+00:00,0.0,0.0,OK
Cold Lake,Cold Lake,2026-06-28 14:00,2.0,2.0,3,2,2026-06-28T20:41:27+00:00,2.0,2026-06-28T20:41:27+00:00,0.0,0.0,OK
Drayton Valley,Drayton Valley,2026-06-28 14:00,2.0,2.0,3,2,2026-06-28T20:41:27+00:00,2.0,2026-06-28T20:41:27+00:00,0.0,0.0,OK
St. Albert,St. Albert,2026-06-28 13:00,1.0,2.0,3,2,2026-06-28T20:41:27+00:00,1.0,2026-06-28T20:41:27+00:00,0.0,0.0,OK
Strathcona County,Sherwood Park,2026-06-28 14:00,2.0,2.0,3,2,2026-06-28T20:41:27+00:00,,,,,OK
Edmonton,Edmonton,2026-06-28 16:00,3.0,2.0,3,2,2026-06-28T22:38:45+00:00,3.0,2026-06-28T22:38:45+00:00,0.0,0.0,OK
Calgary,Calgary,2026-06-28 16:00,2.0,3.0,3,3,2026-06-28T22:38:45+00:00,2.0,2026-06-28T22:38:45+00:00,0.0,0.0,OK
Red Deer,Red Deer,2026-06-28 16:00,2.0,2.0,2,2,2026-06-28T22:38:45+00:00,2.0,2026-06-28T22:38:45+00:00,0.0,0.0,OK
Fort McMurray,Fort McMurray,2026-06-28 16:00,3.0,3.0,4,3,2026-06-28T22:38:45+00:00,4.0,2026-06-28T22:38:45+00:00,-1.0,1.0,Minor difference
Grande Prairie,Grande Prairie,2026-06-28 16:00,2.0,2.0,2,2,2026-06-28T22:38:45+00:00,2.0,2026-06-28T22:38:45+00:00,0.0,0.0,OK
Lethbridge,Lethbridge,2026-06-28 16:00,1.0,2.0,2,2,2026-06-28T22:38:45+00:00,1.0,2026-06-28T22:38:45+00:00,0.0,0.0,OK
Medicine Hat,Medicine Hat,2026-06-28 16:00,2.0,2.0,2,2,2026-06-28T22:38:45+00:00,2.0,2026-06-28T22:38:45+00:00,0.0,0.0,OK
Airdrie,Airdrie,2026-06-28 16:00,2.0,3.0,3,3,2026-06-28T22:38:45+00:00,2.0,2026-06-28T22:38:45+00:00,0.0,0.0,OK
Cold Lake,Cold Lake,2026-06-28 16:00,2.0,2.0,3,2,2026-06-28T22:38:45+00:00,2.0,2026-06-28T22:38:45+00:00,0.0,0.0,OK
Drayton Valley,Drayton Valley,2026-06-28 16:00,2.0,2.0,3,2,2026-06-28T22:38:45+00:00,2.0,2026-06-28T22:38:45+00:00,0.0,0.0,OK
St. Albert,St. Albert,2026-06-28 13:00,1.0,2.0,3,2,2026-06-28T22:38:45+00:00,1.0,2026-06-28T22:38:45+00:00,0.0,0.0,OK
Strathcona County,Sherwood Park,2026-06-28 16:00,2.0,2.0,3,2,2026-06-28T22:38:45+00:00,,,,,OK
Edmonton,Edmonton,2026-06-28 17:00,3.0,,5,2,2026-06-28T23:40:20+00:00,3.0,2026-06-28T23:40:20+00:00,0.0,0.0,OK
Calgary,Calgary,2026-06-28 17:00,2.0,,3,2,2026-06-28T23:40:20+00:00,2.0,2026-06-28T23:40:20+00:00,0.0,0.0,OK
Red Deer,Red Deer,2026-06-28 17:00,2.0,,3,2,2026-06-28T23:40:20+00:00,2.0,2026-06-28T23:40:20+00:00,0.0,0.0,OK
Fort McMurray,Fort McMurray,2026-06-28 17:00,4.0,,5,4,2026-06-28T23:40:20+00:00,4.0,2026-06-28T23:40:20+00:00,0.0,0.0,OK
Grande Prairie,Grande Prairie,2026-06-28 17:00,2.0,,2,2,2026-06-28T23:40:20+00:00,2.0,2026-06-28T23:40:20+00:00,0.0,0.0,OK
Lethbridge,Lethbridge,2026-06-28 17:00,1.0,,2,2,2026-06-28T23:40:20+00:00,1.0,2026-06-28T23:40:20+00:00,0.0,0.0,OK
Medicine Hat,Medicine Hat,2026-06-28 17:00,2.0,,3,3,2026-06-28T23:40:20+00:00,2.0,2026-06-28T23:40:20+00:00,0.0,0.0,OK
Airdrie,Airdrie,2026-06-28 17:00,2.0,,3,2,2026-06-28T23:40:20+00:00,2.0,2026-06-28T23:40:20+00:00,0.0,0.0,OK
Cold Lake,Cold Lake,2026-06-28 17:00,2.0,,4,2,2026-06-28T23:40:20+00:00,2.0,2026-06-28T23:40:20+00:00,0.0,0.0,OK
Drayton Valley,Drayton Valley,2026-06-28 17:00,2.0,,4,2,2026-06-28T23:40:20+00:00,2.0,2026-06-28T23:40:20+00:00,0.0,0.0,OK
St. Albert,St. Albert,2026-06-28 13:00,1.0,,5,2,2026-06-28T23:40:20+00:00,1.0,2026-06-28T23:40:20+00:00,0.0,0.0,OK
Strathcona County,Sherwood Park,2026-06-28 17:00,2.0,,5,2,2026-06-28T23:40:20+00:00,,,,,OK
Edmonton,Edmonton,2026-06-28 20:00,2.0,,5,2,2026-06-29T03:27:41+00:00,2.0,2026-06-29T03:27:41+00:00,0.0,0.0,OK
Calgary,Calgary,2026-06-28 20:00,2.0,,3,2,2026-06-29T03:27:41+00:00,2.0,2026-06-29T03:27:41+00:00,0.0,0.0,OK
Red Deer,Red Deer,2026-06-28 20:00,2.0,,3,2,2026-06-29T03:27:41+00:00,2.0,2026-06-29T03:27:41+00:00,0.0,0.0,OK
Fort McMurray,Fort McMurray,2026-06-28 20:00,5.0,,7,7,2026-06-29T03:27:41+00:00,7.0,2026-06-29T03:27:41+00:00,-2.0,2.0,Significant difference
Grande Prairie,Grande Prairie,2026-06-28 20:00,2.0,,2,2,2026-06-29T03:27:41+00:00,2.0,2026-06-29T03:27:41+00:00,0.0,0.0,OK
Lethbridge,Lethbridge,2026-06-28 21:00,3.0,,2,2,2026-06-29T03:27:41+00:00,3.0,2026-06-29T03:27:41+00:00,0.0,0.0,OK
Medicine Hat,Medicine Hat,2026-06-28 20:00,2.0,,3,3,2026-06-29T03:27:41+00:00,2.0,2026-06-29T03:27:41+00:00,0.0,0.0,OK
Airdrie,Airdrie,2026-06-28 20:00,2.0,,3,2,2026-06-29T03:27:41+00:00,2.0,2026-06-29T03:27:41+00:00,0.0,0.0,OK
Cold Lake,Cold Lake,2026-06-28 21:00,2.0,,4,2,2026-06-29T03:27:41+00:00,2.0,2026-06-29T03:27:41+00:00,0.0,0.0,OK
Drayton Valley,Drayton Valley,2026-06-28 20:00,2.0,,4,2,2026-06-29T03:27:41+00:00,1.0,2026-06-29T03:27:41+00:00,1.0,1.0,Minor difference
St. Albert,St. Albert,,,,5,2,2026-06-29T03:27:41+00:00,1.0,2026-06-29T03:27:41+00:00,,,OK
Strathcona County,Sherwood Park,2026-06-28 21:00,2.0,,5,2,2026-06-29T03:27:41+00:00,,,,,OK
Edmonton,Edmonton,2026-06-28 22:00,2.0,,5,2,2026-06-29T05:55:32+00:00,3.0,2026-06-29T05:55:33+00:00,-1.0,1.0,Minor difference
Calgary,Calgary,2026-06-28 22:00,2.0,,3,2,2026-06-29T05:55:32+00:00,2.0,2026-06-29T05:55:33+00:00,0.0,0.0,OK
Red Deer,Red Deer,2026-06-28 22:00,2.0,,3,2,2026-06-29T05:55:32+00:00,2.0,2026-06-29T05:55:33+00:00,0.0,0.0,OK
Fort McMurray,Fort McMurray,2026-06-28 22:00,5.0,,7,7,2026-06-29T05:55:32+00:00,9.0,2026-06-29T05:55:33+00:00,-4.0,4.0,Major difference
Grande Prairie,Grande Prairie,2026-06-28 22:00,2.0,,2,2,2026-06-29T05:55:32+00:00,2.0,2026-06-29T05:55:33+00:00,0.0,0.0,OK
Lethbridge,Lethbridge,2026-06-28 22:00,3.0,,2,2,2026-06-29T05:55:32+00:00,3.0,2026-06-29T05:55:33+00:00,0.0,0.0,OK
Medicine Hat,Medicine Hat,2026-06-28 22:00,2.0,,3,3,2026-06-29T05:55:32+00:00,2.0,2026-06-29T05:55:33+00:00,0.0,0.0,OK
Airdrie,Airdrie,2026-06-28 22:00,2.0,,3,2,2026-06-29T05:55:32+00:00,2.0,2026-06-29T05:55:33+00:00,0.0,0.0,OK
Cold Lake,Cold Lake,2026-06-28 22:00,2.0,,4,2,2026-06-29T05:55:32+00:00,2.0,2026-06-29T05:55:33+00:00,0.0,0.0,OK
Drayton Valley,Drayton Valley,2026-06-28 22:00,1.0,,4,2,2026-06-29T05:55:32+00:00,2.0,2026-06-29T05:55:33+00:00,-1.0,1.0,Minor difference
St. Albert,St. Albert,,,,5,2,2026-06-29T05:55:32+00:00,1.0,2026-06-29T05:55:33+00:00,,,OK
Strathcona County,Sherwood Park,2026-06-28 22:00,2.0,,5,2,2026-06-29T05:55:32+00:00,,,,,OK
Edmonton,Edmonton,2026-06-29 01:00,2.0,,5,2,2026-06-29T08:08:40+00:00,2.0,2026-06-29T08:08:40+00:00,0.0,0.0,OK
Calgary,Calgary,2026-06-29 01:00,2.0,,3,2,2026-06-29T08:08:40+00:00,2.0,2026-06-29T08:08:40+00:00,0.0,0.0,OK
Red Deer,Red Deer,2026-06-29 01:00,2.0,,3,2,2026-06-29T08:08:40+00:00,2.0,2026-06-29T08:08:40+00:00,0.0,0.0,OK
Fort McMurray,Fort McMurray,2026-06-29 01:00,6.0,,7,7,2026-06-29T08:08:40+00:00,10.0,2026-06-29T08:08:40+00:00,-4.0,4.0,Major difference
Grande Prairie,Grande Prairie,2026-06-29 01:00,2.0,,2,2,2026-06-29T08:08:40+00:00,2.0,2026-06-29T08:08:40+00:00,0.0,0.0,OK
Lethbridge,Lethbridge,2026-06-29 01:00,3.0,,2,2,2026-06-29T08:08:40+00:00,3.0,2026-06-29T08:08:40+00:00,0.0,0.0,OK
Medicine Hat,Medicine Hat,2026-06-29 01:00,1.0,,3,3,2026-06-29T08:08:40+00:00,1.0,2026-06-29T08:08:40+00:00,0.0,0.0,OK
Airdrie,Airdrie,2026-06-29 01:00,2.0,,3,2,2026-06-29T08:08:40+00:00,2.0,2026-06-29T08:08:40+00:00,0.0,0.0,OK
Cold Lake,Cold Lake,2026-06-29 01:00,2.0,,4,2,2026-06-29T08:08:40+00:00,2.0,2026-06-29T08:08:40+00:00,0.0,0.0,OK
Drayton Valley,Drayton Valley,2026-06-29 01:00,2.0,,4,2,2026-06-29T08:08:40+00:00,2.0,2026-06-29T08:08:40+00:00,0.0,0.0,OK
St. Albert,St. Albert,,,,5,2,2026-06-29T08:08:40+00:00,1.0,2026-06-29T08:08:40+00:00,,,OK
Strathcona County,Sherwood Park,2026-06-29 01:00,2.0,,5,2,2026-06-29T08:08:40+00:00,,,,,OK
Edmonton,Edmonton,2026-06-29 03:00,2.0,,5,2,2026-06-29T09:55:07+00:00,2.0,2026-06-29T09:55:07+00:00,0.0,0.0,OK
Calgary,Calgary,2026-06-29 03:00,3.0,,3,2,2026-06-29T09:55:07+00:00,3.0,2026-06-29T09:55:07+00:00,0.0,0.0,OK
Red Deer,Red Deer,2026-06-29 02:00,2.0,,3,2,2026-06-29T09:55:07+00:00,2.0,2026-06-29T09:55:07+00:00,0.0,0.0,OK
Fort McMurray,Fort McMurray,2026-06-29 03:00,6.0,,7,7,2026-06-29T09:55:07+00:00,7.0,2026-06-29T09:55:07+00:00,-1.0,1.0,Minor difference
Grande Prairie,Grande Prairie,2026-06-29 03:00,2.0,,2,2,2026-06-29T09:55:07+00:00,2.0,2026-06-29T09:55:07+00:00,0.0,0.0,OK
Lethbridge,Lethbridge,2026-06-29 03:00,2.0,,2,2,2026-06-29T09:55:07+00:00,2.0,2026-06-29T09:55:07+00:00,0.0,0.0,OK
Medicine Hat,Medicine Hat,2026-06-29 03:00,1.0,,3,3,2026-06-29T09:55:07+00:00,1.0,2026-06-29T09:55:07+00:00,0.0,0.0,OK
Airdrie,Airdrie,2026-06-29 03:00,2.0,,3,2,2026-06-29T09:55:07+00:00,2.0,2026-06-29T09:55:07+00:00,0.0,0.0,OK
Cold Lake,Cold Lake,2026-06-29 03:00,2.0,,4,2,2026-06-29T09:55:07+00:00,2.0,2026-06-29T09:55:07+00:00,0.0,0.0,OK
Drayton Valley,Drayton Valley,2026-06-29 03:00,2.0,,4,2,2026-06-29T09:55:07+00:00,2.0,2026-06-29T09:55:07+00:00,0.0,0.0,OK
St. Albert,St. Albert,,,,5,2,2026-06-29T09:55:07+00:00,1.0,2026-06-29T09:55:07+00:00,,,OK
Strathcona County,Sherwood Park,2026-06-29 03:00,2.0,,5,2,2026-06-29T09:55:07+00:00,,,,,OK
Edmonton,Edmonton,2026-06-29 05:00,2.0,,5,2,2026-06-29T11:57:14+00:00,2.0,2026-06-29T11:57:14+00:00,0.0,0.0,OK
Calgary,Calgary,2026-06-29 04:00,3.0,,3,2,2026-06-29T11:57:14+00:00,3.0,2026-06-29T11:57:14+00:00,0.0,0.0,OK
Red Deer,Red Deer,2026-06-29 05:00,2.0,,3,2,2026-06-29T11:57:14+00:00,2.0,2026-06-29T11:57:14+00:00,0.0,0.0,OK
Fort McMurray,Fort McMurray,2026-06-29 05:00,7.0,,7,7,2026-06-29T11:57:14+00:00,7.0,2026-06-29T11:57:14+00:00,0.0,0.0,OK
Grande Prairie,Grande Prairie,2026-06-29 05:00,2.0,,2,2,2026-06-29T11:57:14+00:00,1.0,2026-06-29T11:57:14+00:00,1.0,1.0,Minor difference
Lethbridge,Lethbridge,2026-06-29 03:00,2.0,,2,2,2026-06-29T11:57:14+00:00,1.0,2026-06-29T11:57:14+00:00,1.0,1.0,Minor difference
Medicine Hat,Medicine Hat,2026-06-29 04:00,1.0,,3,3,2026-06-29T11:57:14+00:00,1.0,2026-06-29T11:57:14+00:00,0.0,0.0,OK
Airdrie,Airdrie,2026-06-29 04:00,2.0,,3,2,2026-06-29T11:57:14+00:00,2.0,2026-06-29T11:57:14+00:00,0.0,0.0,OK
Cold Lake,Cold Lake,2026-06-29 05:00,2.0,,4,2,2026-06-29T11:57:14+00:00,2.0,2026-06-29T11:57:14+00:00,0.0,0.0,OK
Drayton Valley,Drayton Valley,2026-06-29 04:00,2.0,,4,2,2026-06-29T11:57:14+00:00,2.0,2026-06-29T11:57:14+00:00,0.0,0.0,OK
St. Albert,St. Albert,,,,5,2,2026-06-29T11:57:14+00:00,1.0,2026-06-29T11:57:14+00:00,,,OK
Strathcona County,Sherwood Park,2026-06-29 05:00,2.0,,5,2,2026-06-29T11:57:14+00:00,,,,,OK
Edmonton,Edmonton,2026-06-29 07:00,2.0,5.0,5,5,2026-06-29T13:48:00+00:00,2.0,2026-06-29T13:48:00+00:00,0.0,0.0,OK
Calgary,Calgary,2026-06-29 07:00,3.0,3.0,5,5,2026-06-29T13:48:00+00:00,3.0,2026-06-29T13:48:00+00:00,0.0,0.0,OK
Red Deer,Red Deer,2026-06-29 07:00,2.0,5.0,5,5,2026-06-29T13:48:00+00:00,2.0,2026-06-29T13:48:00+00:00,0.0,0.0,OK
Fort McMurray,Fort McMurray,2026-06-29 07:00,7.0,7.0,7,7,2026-06-29T13:48:00+00:00,7.0,2026-06-29T13:48:00+00:00,0.0,0.0,OK
Grande Prairie,Grande Prairie,2026-06-29 07:00,1.0,3.0,4,3,2026-06-29T13:48:00+00:00,1.0,2026-06-29T13:48:00+00:00,0.0,0.0,OK
Lethbridge,Lethbridge,2026-06-29 07:00,3.0,3.0,5,4,2026-06-29T13:48:00+00:00,3.0,2026-06-29T13:48:00+00:00,0.0,0.0,OK
Medicine Hat,Medicine Hat,2026-06-29 07:00,1.0,3.0,5,4,2026-06-29T13:48:00+00:00,1.0,2026-06-29T13:48:00+00:00,0.0,0.0,OK
Airdrie,Airdrie,2026-06-29 07:00,2.0,3.0,5,5,2026-06-29T13:48:00+00:00,2.0,2026-06-29T13:48:00+00:00,0.0,0.0,OK
Cold Lake,Cold Lake,2026-06-29 07:00,4.0,6.0,5,6,2026-06-29T13:48:00+00:00,4.0,2026-06-29T13:48:00+00:00,0.0,0.0,OK
Drayton Valley,Drayton Valley,2026-06-29 07:00,3.0,5.0,5,5,2026-06-29T13:48:00+00:00,3.0,2026-06-29T13:48:00+00:00,0.0,0.0,OK
St. Albert,St. Albert,,,5.0,5,5,2026-06-29T13:48:00+00:00,1.0,2026-06-29T13:48:00+00:00,,,OK
Strathcona County,Sherwood Park,2026-06-29 07:00,2.0,5.0,5,5,2026-06-29T13:48:00+00:00,,,,,OK
Edmonton,Edmonton,2026-06-29 08:00,2.0,5.0,5,5,2026-06-29T15:28:54+00:00,2.0,2026-06-29T15:28:54+00:00,0.0,0.0,OK
Calgary,Calgary,2026-06-29 08:00,3.0,3.0,5,5,2026-06-29T15:28:54+00:00,3.0,2026-06-29T15:28:54+00:00,0.0,0.0,OK
Red Deer,Red Deer,2026-06-29 08:00,2.0,5.0,5,5,2026-06-29T15:28:54+00:00,2.0,2026-06-29T15:28:54+00:00,0.0,0.0,OK
Fort McMurray,Fort McMurray,2026-06-29 08:00,7.0,7.0,7,7,2026-06-29T15:28:54+00:00,7.0,2026-06-29T15:28:54+00:00,0.0,0.0,OK
Grande Prairie,Grande Prairie,2026-06-29 08:00,1.0,3.0,4,3,2026-06-29T15:28:54+00:00,1.0,2026-06-29T15:28:54+00:00,0.0,0.0,OK
Lethbridge,Lethbridge,2026-06-29 09:00,3.0,3.0,5,4,2026-06-29T15:28:54+00:00,3.0,2026-06-29T15:28:54+00:00,0.0,0.0,OK
Medicine Hat,Medicine Hat,2026-06-29 08:00,1.0,3.0,5,4,2026-06-29T15:28:54+00:00,1.0,2026-06-29T15:28:54+00:00,0.0,0.0,OK
Airdrie,Airdrie,2026-06-29 08:00,2.0,3.0,5,5,2026-06-29T15:28:54+00:00,2.0,2026-06-29T15:28:54+00:00,0.0,0.0,OK
Cold Lake,Cold Lake,2026-06-29 09:00,6.0,6.0,5,6,2026-06-29T15:28:54+00:00,6.0,2026-06-29T15:28:54+00:00,0.0,0.0,OK
Drayton Valley,Drayton Valley,2026-06-29 08:00,2.0,5.0,5,5,2026-06-29T15:28:54+00:00,2.0,2026-06-29T15:28:54+00:00,0.0,0.0,OK
St. Albert,St. Albert,,,5.0,5,5,2026-06-29T15:28:54+00:00,1.0,2026-06-29T15:28:54+00:00,,,OK
Strathcona County,Sherwood Park,2026-06-29 09:00,2.0,5.0,5,5,2026-06-29T15:28:54+00:00,,,,,OK
Edmonton,Edmonton,2026-06-29 10:00,3.0,5.0,5,5,2026-06-29T17:15:04+00:00,3.0,2026-06-29T17:15:05+00:00,0.0,0.0,OK
Calgary,Calgary,2026-06-29 10:00,3.0,3.0,5,5,2026-06-29T17:15:04+00:00,3.0,2026-06-29T17:15:05+00:00,0.0,0.0,OK
Red Deer,Red Deer,2026-06-29 10:00,3.0,5.0,5,5,2026-06-29T17:15:04+00:00,3.0,2026-06-29T17:15:05+00:00,0.0,0.0,OK
Fort McMurray,Fort McMurray,2026-06-29 10:00,6.0,7.0,7,7,2026-06-29T17:15:04+00:00,6.0,2026-06-29T17:15:05+00:00,0.0,0.0,OK
Grande Prairie,Grande Prairie,2026-06-29 10:00,1.0,3.0,4,3,2026-06-29T17:15:04+00:00,1.0,2026-06-29T17:15:05+00:00,0.0,0.0,OK
Lethbridge,Lethbridge,2026-06-29 10:00,3.0,3.0,5,4,2026-06-29T17:15:04+00:00,3.0,2026-06-29T17:15:05+00:00,0.0,0.0,OK
Medicine Hat,Medicine Hat,2026-06-29 10:00,1.0,3.0,5,4,2026-06-29T17:15:04+00:00,1.0,2026-06-29T17:15:05+00:00,0.0,0.0,OK
Airdrie,Airdrie,2026-06-29 10:00,2.0,3.0,5,5,2026-06-29T17:15:04+00:00,2.0,2026-06-29T17:15:05+00:00,0.0,0.0,OK
Cold Lake,Cold Lake,2026-06-29 10:00,5.0,6.0,5,6,2026-06-29T17:15:04+00:00,5.0,2026-06-29T17:15:05+00:00,0.0,0.0,OK
Drayton Valley,Drayton Valley,2026-06-29 09:00,2.0,5.0,5,5,2026-06-29T17:15:04+00:00,2.0,2026-06-29T17:15:05+00:00,0.0,0.0,OK
St. Albert,St. Albert,,,5.0,5,5,2026-06-29T17:15:04+00:00,3.0,2026-06-29T17:15:05+00:00,,,OK
Strathcona County,Sherwood Park,2026-06-29 10:00,3.0,5.0,5,5,2026-06-29T17:15:04+00:00,,,,,OK
Edmonton,Edmonton,2026-06-29 11:00,4.0,5.0,5,5,2026-06-29T18:04:57+00:00,4.0,2026-06-29T18:04:57+00:00,0.0,0.0,OK
Calgary,Calgary,2026-06-29 11:00,3.0,3.0,5,5,2026-06-29T18:04:57+00:00,3.0,2026-06-29T18:04:57+00:00,0.0,0.0,OK
Red Deer,Red Deer,2026-06-29 11:00,3.0,5.0,5,5,2026-06-29T18:04:57+00:00,3.0,2026-06-29T18:04:57+00:00,0.0,0.0,OK
Fort McMurray,Fort McMurray,2026-06-29 11:00,6.0,7.0,7,7,2026-06-29T18:04:57+00:00,6.0,2026-06-29T18:04:57+00:00,0.0,0.0,OK
Grande Prairie,Grande Prairie,2026-06-29 11:00,1.0,3.0,4,3,2026-06-29T18:04:57+00:00,1.0,2026-06-29T18:04:57+00:00,0.0,0.0,OK
Lethbridge,Lethbridge,2026-06-29 11:00,3.0,3.0,5,4,2026-06-29T18:04:57+00:00,3.0,2026-06-29T18:04:57+00:00,0.0,0.0,OK
Medicine Hat,Medicine Hat,2026-06-29 11:00,1.0,3.0,5,4,2026-06-29T18:04:57+00:00,1.0,2026-06-29T18:04:57+00:00,0.0,0.0,OK
Airdrie,Airdrie,2026-06-29 11:00,2.0,3.0,5,5,2026-06-29T18:04:57+00:00,2.0,2026-06-29T18:04:57+00:00,0.0,0.0,OK
Cold Lake,Cold Lake,2026-06-29 11:00,4.0,6.0,5,6,2026-06-29T18:04:57+00:00,4.0,2026-06-29T18:04:57+00:00,0.0,0.0,OK
Drayton Valley,Drayton Valley,2026-06-29 11:00,2.0,5.0,5,5,2026-06-29T18:04:57+00:00,2.0,2026-06-29T18:04:57+00:00,0.0,0.0,OK
St. Albert,St. Albert,2026-06-29 11:00,4.0,5.0,5,5,2026-06-29T18:04:57+00:00,4.0,2026-06-29T18:04:57+00:00,0.0,0.0,OK
Strathcona County,Sherwood Park,2026-06-29 11:00,3.0,5.0,5,5,2026-06-29T18:04:57+00:00,,,,,OK
Edmonton,Edmonton,2026-06-29 12:00,5.0,5.0,5,5,2026-06-29T18:58:31+00:00,5.0,2026-06-29T18:58:31+00:00,0.0,0.0,OK
Calgary,Calgary,2026-06-29 12:00,3.0,3.0,5,5,2026-06-29T18:58:31+00:00,3.0,2026-06-29T18:58:31+00:00,0.0,0.0,OK
Red Deer,Red Deer,2026-06-29 12:00,3.0,5.0,5,5,2026-06-29T18:58:31+00:00,3.0,2026-06-29T18:58:31+00:00,0.0,0.0,OK
Fort McMurray,Fort McMurray,2026-06-29 12:00,6.0,7.0,7,7,2026-06-29T18:58:31+00:00,6.0,2026-06-29T18:58:31+00:00,0.0,0.0,OK
Grande Prairie,Grande Prairie,2026-06-29 12:00,1.0,3.0,4,3,2026-06-29T18:58:31+00:00,1.0,2026-06-29T18:58:31+00:00,0.0,0.0,OK
Lethbridge,Lethbridge,2026-06-29 12:00,3.0,3.0,5,4,2026-06-29T18:58:31+00:00,3.0,2026-06-29T18:58:31+00:00,0.0,0.0,OK
Medicine Hat,Medicine Hat,2026-06-29 12:00,2.0,3.0,5,4,2026-06-29T18:58:31+00:00,2.0,2026-06-29T18:58:31+00:00,0.0,0.0,OK
Airdrie,Airdrie,2026-06-29 12:00,2.0,3.0,5,5,2026-06-29T18:58:31+00:00,2.0,2026-06-29T18:58:31+00:00,0.0,0.0,OK
Cold Lake,Cold Lake,2026-06-29 12:00,6.0,6.0,5,6,2026-06-29T18:58:31+00:00,6.0,2026-06-29T18:58:31+00:00,0.0,0.0,OK
Drayton Valley,Drayton Valley,2026-06-29 12:00,3.0,5.0,5,5,2026-06-29T18:58:31+00:00,3.0,2026-06-29T18:58:31+00:00,0.0,0.0,OK
St. Albert,St. Albert,2026-06-29 12:00,5.0,5.0,5,5,2026-06-29T18:58:31+00:00,5.0,2026-06-29T18:58:31+00:00,0.0,0.0,OK
Strathcona County,Sherwood Park,2026-06-29 12:00,3.0,5.0,5,5,2026-06-29T18:58:31+00:00,,,,,OK
Edmonton,Edmonton,2026-06-29 13:00,5.0,5.0,5,5,2026-06-29T19:56:54+00:00,5.0,2026-06-29T19:56:54+00:00,0.0,0.0,OK
Calgary,Calgary,2026-06-29 13:00,3.0,6.0,5,6,2026-06-29T19:56:54+00:00,3.0,2026-06-29T19:56:54+00:00,0.0,0.0,OK
Red Deer,Red Deer,2026-06-29 13:00,4.0,5.0,5,5,2026-06-29T19:56:54+00:00,4.0,2026-06-29T19:56:54+00:00,0.0,0.0,OK
Fort McMurray,Fort McMurray,2026-06-29 13:00,6.0,7.0,7,7,2026-06-29T19:56:54+00:00,6.0,2026-06-29T19:56:54+00:00,0.0,0.0,OK
Grande Prairie,Grande Prairie,2026-06-29 13:00,2.0,3.0,4,3,2026-06-29T19:56:54+00:00,1.0,2026-06-29T19:56:54+00:00,1.0,1.0,Minor difference
Lethbridge,Lethbridge,2026-06-29 13:00,3.0,3.0,5,4,2026-06-29T19:56:54+00:00,3.0,2026-06-29T19:56:54+00:00,0.0,0.0,OK
Medicine Hat,Medicine Hat,2026-06-29 13:00,2.0,3.0,5,4,2026-06-29T19:56:54+00:00,2.0,2026-06-29T19:56:54+00:00,0.0,0.0,OK
Airdrie,Airdrie,2026-06-29 13:00,3.0,6.0,5,6,2026-06-29T19:56:54+00:00,3.0,2026-06-29T19:56:54+00:00,0.0,0.0,OK
Cold Lake,Cold Lake,2026-06-29 13:00,6.0,8.0,7,8,2026-06-29T19:56:54+00:00,6.0,2026-06-29T19:56:54+00:00,0.0,0.0,OK
Drayton Valley,Drayton Valley,2026-06-29 13:00,3.0,5.0,5,5,2026-06-29T19:56:54+00:00,3.0,2026-06-29T19:56:54+00:00,0.0,0.0,OK
St. Albert,St. Albert,2026-06-29 13:00,5.0,5.0,5,5,2026-06-29T19:56:54+00:00,5.0,2026-06-29T19:56:54+00:00,0.0,0.0,OK
Strathcona County,Sherwood Park,2026-06-29 12:00,3.0,5.0,5,5,2026-06-29T19:56:54+00:00,,,,,OK
Edmonton,Edmonton,2026-06-29 14:00,6.0,8.0,8,8,2026-06-29T20:54:19+00:00,6.0,2026-06-29T20:54:19+00:00,0.0,0.0,OK
Calgary,Calgary,2026-06-29 14:00,3.0,8.0,8,8,2026-06-29T20:54:19+00:00,3.0,2026-06-29T20:54:19+00:00,0.0,0.0,OK
Red Deer,Red Deer,2026-06-29 14:00,6.0,8.0,8,8,2026-06-29T20:54:19+00:00,6.0,2026-06-29T20:54:19+00:00,0.0,0.0,OK
Fort McMurray,Fort McMurray,2026-06-29 14:00,6.0,7.0,7,7,2026-06-29T20:54:19+00:00,6.0,2026-06-29T20:54:19+00:00,0.0,0.0,OK
Grande Prairie,Grande Prairie,2026-06-29 14:00,2.0,3.0,4,3,2026-06-29T20:54:19+00:00,1.0,2026-06-29T20:54:19+00:00,1.0,1.0,Minor difference
Lethbridge,Lethbridge,2026-06-29 14:00,3.0,3.0,5,4,2026-06-29T20:54:19+00:00,3.0,2026-06-29T20:54:19+00:00,0.0,0.0,OK
Medicine Hat,Medicine Hat,2026-06-29 14:00,2.0,3.0,5,4,2026-06-29T20:54:19+00:00,2.0,2026-06-29T20:54:19+00:00,0.0,0.0,OK
Airdrie,Airdrie,2026-06-29 14:00,3.0,8.0,8,8,2026-06-29T20:54:19+00:00,3.0,2026-06-29T20:54:19+00:00,0.0,0.0,OK
Cold Lake,Cold Lake,2026-06-29 14:00,5.0,8.0,7,8,2026-06-29T20:54:19+00:00,5.0,2026-06-29T20:54:19+00:00,0.0,0.0,OK
Drayton Valley,Drayton Valley,2026-06-29 14:00,4.0,8.0,8,8,2026-06-29T20:54:19+00:00,4.0,2026-06-29T20:54:19+00:00,0.0,0.0,OK
St. Albert,St. Albert,2026-06-29 14:00,6.0,8.0,8,8,2026-06-29T20:54:19+00:00,6.0,2026-06-29T20:54:19+00:00,0.0,0.0,OK
Strathcona County,Sherwood Park,2026-06-29 12:00,3.0,8.0,8,8,2026-06-29T20:54:19+00:00,,,,,OK
Edmonton,Edmonton,2026-06-29 15:00,7.0,8.0,8,8,2026-06-29T21:46:25+00:00,7.0,2026-06-29T21:46:25+00:00,0.0,0.0,OK
Calgary,Calgary,2026-06-29 15:00,6.0,8.0,8,8,2026-06-29T21:46:25+00:00,6.0,2026-06-29T21:46:25+00:00,0.0,0.0,OK
Red Deer,Red Deer,2026-06-29 15:00,7.0,8.0,8,8,2026-06-29T21:46:25+00:00,7.0,2026-06-29T21:46:25+00:00,0.0,0.0,OK
Fort McMurray,Fort McMurray,2026-06-29 15:00,6.0,7.0,7,7,2026-06-29T21:46:25+00:00,7.0,2026-06-29T21:46:25+00:00,-1.0,1.0,Minor difference
Grande Prairie,Grande Prairie,2026-06-29 15:00,2.0,3.0,4,3,2026-06-29T21:46:25+00:00,2.0,2026-06-29T21:46:25+00:00,0.0,0.0,OK
Lethbridge,Lethbridge,2026-06-29 15:00,3.0,3.0,5,4,2026-06-29T21:46:25+00:00,3.0,2026-06-29T21:46:25+00:00,0.0,0.0,OK
Medicine Hat,Medicine Hat,2026-06-29 15:00,2.0,3.0,5,4,2026-06-29T21:46:25+00:00,2.0,2026-06-29T21:46:25+00:00,0.0,0.0,OK
Airdrie,Airdrie,2026-06-29 15:00,6.0,8.0,8,8,2026-06-29T21:46:25+00:00,6.0,2026-06-29T21:46:25+00:00,0.0,0.0,OK
Cold Lake,Cold Lake,2026-06-29 15:00,5.0,8.0,7,8,2026-06-29T21:46:25+00:00,5.0,2026-06-29T21:46:25+00:00,0.0,0.0,OK
Drayton Valley,Drayton Valley,2026-06-29 15:00,6.0,8.0,8,8,2026-06-29T21:46:25+00:00,6.0,2026-06-29T21:46:25+00:00,0.0,0.0,OK
St. Albert,St. Albert,2026-06-29 15:00,6.0,8.0,8,8,2026-06-29T21:46:25+00:00,6.0,2026-06-29T21:46:25+00:00,0.0,0.0,OK
Strathcona County,Sherwood Park,2026-06-29 12:00,3.0,8.0,8,8,2026-06-29T21:46:25+00:00,,,,,OK
Edmonton,Edmonton,2026-06-29 15:00,7.0,8.0,8,8,2026-06-29T22:38:59+00:00,8.0,2026-06-29T22:38:59+00:00,-1.0,1.0,Minor difference
Calgary,Calgary,2026-06-29 15:00,6.0,8.0,8,8,2026-06-29T22:38:59+00:00,11.0,2026-06-29T22:38:59+00:00,-5.0,5.0,Major difference
Red Deer,Red Deer,2026-06-29 15:00,7.0,8.0,8,8,2026-06-29T22:38:59+00:00,7.0,2026-06-29T22:38:59+00:00,0.0,0.0,OK
Fort McMurray,Fort McMurray,2026-06-29 15:00,6.0,7.0,7,7,2026-06-29T22:38:59+00:00,7.0,2026-06-29T22:38:59+00:00,-1.0,1.0,Minor difference
Grande Prairie,Grande Prairie,2026-06-29 15:00,2.0,3.0,4,3,2026-06-29T22:38:59+00:00,2.0,2026-06-29T22:38:59+00:00,0.0,0.0,OK
Lethbridge,Lethbridge,2026-06-29 16:00,3.0,3.0,5,4,2026-06-29T22:38:59+00:00,3.0,2026-06-29T22:38:59+00:00,0.0,0.0,OK
Medicine Hat,Medicine Hat,2026-06-29 15:00,2.0,3.0,5,4,2026-06-29T22:38:59+00:00,2.0,2026-06-29T22:38:59+00:00,0.0,0.0,OK
Airdrie,Airdrie,2026-06-29 15:00,6.0,8.0,8,8,2026-06-29T22:38:59+00:00,9.0,2026-06-29T22:38:59+00:00,-3.0,3.0,Major difference
Cold Lake,Cold Lake,2026-06-29 16:00,6.0,8.0,7,8,2026-06-29T22:38:59+00:00,6.0,2026-06-29T22:38:59+00:00,0.0,0.0,OK
Drayton Valley,Drayton Valley,2026-06-29 15:00,6.0,8.0,8,8,2026-06-29T22:38:59+00:00,5.0,2026-06-29T22:38:59+00:00,1.0,1.0,Minor difference
St. Albert,St. Albert,2026-06-29 15:00,6.0,8.0,8,8,2026-06-29T22:38:59+00:00,6.0,2026-06-29T22:38:59+00:00,0.0,0.0,OK
Strathcona County,Sherwood Park,2026-06-29 12:00,3.0,8.0,8,8,2026-06-29T22:38:59+00:00,,,,,OK
Edmonton,Edmonton,2026-06-29 17:00,9.0,,8,8,2026-06-29T23:41:22+00:00,9.0,2026-06-29T23:41:23+00:00,0.0,0.0,OK
Calgary,Calgary,2026-06-29 17:00,8.0,,8,8,2026-06-29T23:41:22+00:00,11.0,2026-06-29T23:41:23+00:00,-3.0,3.0,Major difference
Red Deer,Red Deer,2026-06-29 17:00,6.0,,8,8,2026-06-29T23:41:22+00:00,7.0,2026-06-29T23:41:23+00:00,-1.0,1.0,Minor difference
Fort McMurray,Fort McMurray,2026-06-29 17:00,6.0,,8,9,2026-06-29T23:41:22+00:00,7.0,2026-06-29T23:41:23+00:00,-1.0,1.0,Minor difference
Grande Prairie,Grande Prairie,2026-06-29 17:00,2.0,,4,4,2026-06-29T23:41:22+00:00,2.0,2026-06-29T23:41:23+00:00,0.0,0.0,OK
Lethbridge,Lethbridge,2026-06-29 17:00,3.0,,6,6,2026-06-29T23:41:22+00:00,3.0,2026-06-29T23:41:23+00:00,0.0,0.0,OK
Medicine Hat,Medicine Hat,2026-06-29 17:00,2.0,,6,5,2026-06-29T23:41:22+00:00,2.0,2026-06-29T23:41:23+00:00,0.0,0.0,OK
Airdrie,Airdrie,2026-06-29 17:00,7.0,,8,8,2026-06-29T23:41:22+00:00,9.0,2026-06-29T23:41:23+00:00,-2.0,2.0,Significant difference
Cold Lake,Cold Lake,2026-06-29 17:00,4.0,,7,8,2026-06-29T23:41:22+00:00,4.0,2026-06-29T23:41:23+00:00,0.0,0.0,OK
Drayton Valley,Drayton Valley,2026-06-29 17:00,5.0,,8,8,2026-06-29T23:41:22+00:00,5.0,2026-06-29T23:41:23+00:00,0.0,0.0,OK
St. Albert,St. Albert,2026-06-29 17:00,8.0,,8,8,2026-06-29T23:41:22+00:00,8.0,2026-06-29T23:41:23+00:00,0.0,0.0,OK
Strathcona County,Sherwood Park,2026-06-29 17:00,6.0,,8,8,2026-06-29T23:41:22+00:00,,,,,OK
Edmonton,Edmonton,2026-06-29 18:00,9.0,,8,8,2026-06-30T01:19:29+00:00,9.0,2026-06-30T01:19:29+00:00,0.0,0.0,OK
Calgary,Calgary,2026-06-29 18:00,7.0,,8,8,2026-06-30T01:19:29+00:00,7.0,2026-06-30T01:19:29+00:00,0.0,0.0,OK
Red Deer,Red Deer,2026-06-29 18:00,5.0,,8,8,2026-06-30T01:19:29+00:00,5.0,2026-06-30T01:19:29+00:00,0.0,0.0,OK
Fort McMurray,Fort McMurray,2026-06-29 18:00,5.0,,8,9,2026-06-30T01:19:29+00:00,5.0,2026-06-30T01:19:29+00:00,0.0,0.0,OK
Grande Prairie,Grande Prairie,2026-06-29 18:00,2.0,,4,4,2026-06-30T01:19:29+00:00,2.0,2026-06-30T01:19:29+00:00,0.0,0.0,OK
Lethbridge,Lethbridge,2026-06-29 18:00,3.0,,6,6,2026-06-30T01:19:29+00:00,3.0,2026-06-30T01:19:29+00:00,0.0,0.0,OK
Medicine Hat,Medicine Hat,2026-06-29 18:00,2.0,,6,5,2026-06-30T01:19:29+00:00,2.0,2026-06-30T01:19:29+00:00,0.0,0.0,OK
Airdrie,Airdrie,2026-06-29 18:00,6.0,,8,8,2026-06-30T01:19:29+00:00,6.0,2026-06-30T01:19:29+00:00,0.0,0.0,OK
Cold Lake,Cold Lake,2026-06-29 18:00,4.0,,7,8,2026-06-30T01:19:29+00:00,4.0,2026-06-30T01:19:29+00:00,0.0,0.0,OK
Drayton Valley,Drayton Valley,2026-06-29 18:00,5.0,,8,8,2026-06-30T01:19:29+00:00,5.0,2026-06-30T01:19:29+00:00,0.0,0.0,OK
St. Albert,St. Albert,2026-06-29 18:00,8.0,,8,8,2026-06-30T01:19:29+00:00,8.0,2026-06-30T01:19:29+00:00,0.0,0.0,OK
Strathcona County,Sherwood Park,2026-06-29 18:00,8.0,,8,8,2026-06-30T01:19:29+00:00,,,,,OK
Edmonton,Edmonton,2026-06-29 20:00,8.0,,8,8,2026-06-30T03:27:10+00:00,8.0,2026-06-30T03:27:10+00:00,0.0,0.0,OK
Calgary,Calgary,2026-06-29 20:00,7.0,,8,8,2026-06-30T03:27:10+00:00,7.0,2026-06-30T03:27:10+00:00,0.0,0.0,OK
Red Deer,Red Deer,2026-06-29 20:00,6.0,,8,8,2026-06-30T03:27:10+00:00,6.0,2026-06-30T03:27:10+00:00,0.0,0.0,OK
Fort McMurray,Fort McMurray,2026-06-29 20:00,7.0,,8,9,2026-06-30T03:27:10+00:00,7.0,2026-06-30T03:27:10+00:00,0.0,0.0,OK
Grande Prairie,Grande Prairie,2026-06-29 20:00,2.0,,4,4,2026-06-30T03:27:10+00:00,2.0,2026-06-30T03:27:10+00:00,0.0,0.0,OK
Lethbridge,Lethbridge,2026-06-29 21:00,3.0,,6,6,2026-06-30T03:27:10+00:00,3.0,2026-06-30T03:27:10+00:00,0.0,0.0,OK
Medicine Hat,Medicine Hat,2026-06-29 20:00,2.0,,6,5,2026-06-30T03:27:10+00:00,2.0,2026-06-30T03:27:10+00:00,0.0,0.0,OK
Airdrie,Airdrie,2026-06-29 20:00,6.0,,8,8,2026-06-30T03:27:10+00:00,6.0,2026-06-30T03:27:10+00:00,0.0,0.0,OK
Cold Lake,Cold Lake,2026-06-29 21:00,3.0,,7,8,2026-06-30T03:27:10+00:00,3.0,2026-06-30T03:27:10+00:00,0.0,0.0,OK
Drayton Valley,Drayton Valley,2026-06-29 20:00,5.0,,8,8,2026-06-30T03:27:10+00:00,5.0,2026-06-30T03:27:10+00:00,0.0,0.0,OK
St. Albert,St. Albert,2026-06-29 20:00,8.0,,8,8,2026-06-30T03:27:10+00:00,8.0,2026-06-30T03:27:10+00:00,0.0,0.0,OK
Strathcona County,Sherwood Park,2026-06-29 21:00,7.0,,8,8,2026-06-30T03:27:10+00:00,,,,,OK
Edmonton,Edmonton,2026-06-29 23:00,7.0,,8,8,2026-06-30T05:42:28+00:00,7.0,2026-06-30T05:42:29+00:00,0.0,0.0,OK
Calgary,Calgary,2026-06-29 23:00,5.0,,8,8,2026-06-30T05:42:28+00:00,5.0,2026-06-30T05:42:29+00:00,0.0,0.0,OK
Red Deer,Red Deer,2026-06-29 23:00,4.0,,8,8,2026-06-30T05:42:28+00:00,4.0,2026-06-30T05:42:29+00:00,0.0,0.0,OK
Fort McMurray,Fort McMurray,2026-06-29 23:00,7.0,,8,9,2026-06-30T05:42:28+00:00,7.0,2026-06-30T05:42:29+00:00,0.0,0.0,OK
Grande Prairie,Grande Prairie,2026-06-29 23:00,2.0,,4,4,2026-06-30T05:42:28+00:00,1.0,2026-06-30T05:42:29+00:00,1.0,1.0,Minor difference
Lethbridge,Lethbridge,2026-06-29 23:00,3.0,,6,6,2026-06-30T05:42:28+00:00,3.0,2026-06-30T05:42:29+00:00,0.0,0.0,OK
Medicine Hat,Medicine Hat,2026-06-29 23:00,3.0,,6,5,2026-06-30T05:42:28+00:00,3.0,2026-06-30T05:42:29+00:00,0.0,0.0,OK
Airdrie,Airdrie,2026-06-29 23:00,4.0,,8,8,2026-06-30T05:42:28+00:00,4.0,2026-06-30T05:42:29+00:00,0.0,0.0,OK
Cold Lake,Cold Lake,2026-06-29 23:00,4.0,,7,8,2026-06-30T05:42:28+00:00,4.0,2026-06-30T05:42:29+00:00,0.0,0.0,OK
Drayton Valley,Drayton Valley,2026-06-29 23:00,5.0,,8,8,2026-06-30T05:42:28+00:00,5.0,2026-06-30T05:42:29+00:00,0.0,0.0,OK
St. Albert,St. Albert,2026-06-29 23:00,6.0,,8,8,2026-06-30T05:42:28+00:00,6.0,2026-06-30T05:42:29+00:00,0.0,0.0,OK
Strathcona County,Sherwood Park,2026-06-29 23:00,6.0,,8,8,2026-06-30T05:42:28+00:00,,,,,OK
Edmonton,Edmonton,2026-06-30 01:00,6.0,,8,8,2026-06-30T07:37:07+00:00,6.0,2026-06-30T07:37:07+00:00,0.0,0.0,OK
Calgary,Calgary,2026-06-30 01:00,4.0,,8,8,2026-06-30T07:37:07+00:00,4.0,2026-06-30T07:37:07+00:00,0.0,0.0,OK
Red Deer,Red Deer,2026-06-30 01:00,3.0,,8,8,2026-06-30T07:37:07+00:00,3.0,2026-06-30T07:37:07+00:00,0.0,0.0,OK
Fort McMurray,Fort McMurray,2026-06-30 01:00,7.0,,8,9,2026-06-30T07:37:07+00:00,7.0,2026-06-30T07:37:07+00:00,0.0,0.0,OK
Grande Prairie,Grande Prairie,2026-06-30 01:00,1.0,,4,4,2026-06-30T07:37:07+00:00,1.0,2026-06-30T07:37:07+00:00,0.0,0.0,OK
Lethbridge,Lethbridge,2026-06-30 01:00,3.0,,6,6,2026-06-30T07:37:07+00:00,3.0,2026-06-30T07:37:07+00:00,0.0,0.0,OK
Medicine Hat,Medicine Hat,2026-06-30 01:00,2.0,,6,5,2026-06-30T07:37:07+00:00,2.0,2026-06-30T07:37:07+00:00,0.0,0.0,OK
Airdrie,Airdrie,2026-06-30 01:00,4.0,,8,8,2026-06-30T07:37:07+00:00,4.0,2026-06-30T07:37:07+00:00,0.0,0.0,OK
Cold Lake,Cold Lake,2026-06-30 01:00,3.0,,7,8,2026-06-30T07:37:07+00:00,3.0,2026-06-30T07:37:07+00:00,0.0,0.0,OK
Drayton Valley,Drayton Valley,2026-06-30 01:00,5.0,,8,8,2026-06-30T07:37:07+00:00,5.0,2026-06-30T07:37:07+00:00,0.0,0.0,OK
St. Albert,St. Albert,2026-06-30 01:00,6.0,,8,8,2026-06-30T07:37:07+00:00,6.0,2026-06-30T07:37:07+00:00,0.0,0.0,OK
Strathcona County,Sherwood Park,2026-06-30 01:00,5.0,,8,8,2026-06-30T07:37:07+00:00,,,,,OK
Edmonton,Edmonton,2026-06-30 02:00,6.0,,8,8,2026-06-30T09:27:29+00:00,6.0,2026-06-30T09:27:29+00:00,0.0,0.0,OK
Calgary,Calgary,2026-06-30 02:00,4.0,,8,8,2026-06-30T09:27:29+00:00,4.0,2026-06-30T09:27:29+00:00,0.0,0.0,OK
Red Deer,Red Deer,2026-06-30 02:00,4.0,,8,8,2026-06-30T09:27:29+00:00,4.0,2026-06-30T09:27:29+00:00,0.0,0.0,OK
Fort McMurray,Fort McMurray,2026-06-30 02:00,7.0,,8,9,2026-06-30T09:27:29+00:00,7.0,2026-06-30T09:27:29+00:00,0.0,0.0,OK
Grande Prairie,Grande Prairie,2026-06-30 02:00,1.0,,4,4,2026-06-30T09:27:29+00:00,1.0,2026-06-30T09:27:29+00:00,0.0,0.0,OK
Lethbridge,Lethbridge,2026-06-30 03:00,3.0,,6,6,2026-06-30T09:27:29+00:00,3.0,2026-06-30T09:27:29+00:00,0.0,0.0,OK
Medicine Hat,Medicine Hat,2026-06-30 02:00,2.0,,6,5,2026-06-30T09:27:29+00:00,2.0,2026-06-30T09:27:29+00:00,0.0,0.0,OK
Airdrie,Airdrie,2026-06-30 02:00,3.0,,8,8,2026-06-30T09:27:29+00:00,3.0,2026-06-30T09:27:29+00:00,0.0,0.0,OK
Cold Lake,Cold Lake,2026-06-30 03:00,2.0,,7,8,2026-06-30T09:27:29+00:00,2.0,2026-06-30T09:27:29+00:00,0.0,0.0,OK
Drayton Valley,Drayton Valley,2026-06-30 02:00,5.0,,8,8,2026-06-30T09:27:29+00:00,4.0,2026-06-30T09:27:29+00:00,1.0,1.0,Minor difference
St. Albert,St. Albert,2026-06-30 02:00,6.0,,8,8,2026-06-30T09:27:29+00:00,6.0,2026-06-30T09:27:29+00:00,0.0,0.0,OK
Strathcona County,Sherwood Park,2026-06-30 03:00,5.0,,8,8,2026-06-30T09:27:29+00:00,,,,,OK
Edmonton,Edmonton,2026-06-30 04:00,6.0,,8,8,2026-06-30T11:21:07+00:00,6.0,2026-06-30T11:21:07+00:00,0.0,0.0,OK
Calgary,Calgary,2026-06-30 04:00,4.0,,8,8,2026-06-30T11:21:07+00:00,4.0,2026-06-30T11:21:07+00:00,0.0,0.0,OK
Red Deer,Red Deer,2026-06-30 04:00,4.0,,8,8,2026-06-30T11:21:07+00:00,4.0,2026-06-30T11:21:07+00:00,0.0,0.0,OK
Fort McMurray,Fort McMurray,2026-06-30 04:00,7.0,,8,9,2026-06-30T11:21:07+00:00,7.0,2026-06-30T11:21:07+00:00,0.0,0.0,OK
Grande Prairie,Grande Prairie,2026-06-30 03:00,1.0,,4,4,2026-06-30T11:21:07+00:00,1.0,2026-06-30T11:21:07+00:00,0.0,0.0,OK
Lethbridge,Lethbridge,2026-06-30 03:00,3.0,,6,6,2026-06-30T11:21:07+00:00,3.0,2026-06-30T11:21:07+00:00,0.0,0.0,OK
Medicine Hat,Medicine Hat,2026-06-30 04:00,3.0,,6,5,2026-06-30T11:21:07+00:00,3.0,2026-06-30T11:21:07+00:00,0.0,0.0,OK
Airdrie,Airdrie,2026-06-30 04:00,4.0,,8,8,2026-06-30T11:21:07+00:00,4.0,2026-06-30T11:21:07+00:00,0.0,0.0,OK
Cold Lake,Cold Lake,2026-06-30 04:00,2.0,,7,8,2026-06-30T11:21:07+00:00,2.0,2026-06-30T11:21:07+00:00,0.0,0.0,OK
Drayton Valley,Drayton Valley,2026-06-30 04:00,4.0,,8,8,2026-06-30T11:21:07+00:00,4.0,2026-06-30T11:21:07+00:00,0.0,0.0,OK
St. Albert,St. Albert,2026-06-30 04:00,6.0,,8,8,2026-06-30T11:21:07+00:00,6.0,2026-06-30T11:21:07+00:00,0.0,0.0,OK
Strathcona County,Sherwood Park,2026-06-30 04:00,5.0,,8,8,2026-06-30T11:21:07+00:00,,,,,OK
Edmonton,Edmonton,2026-06-30 06:00,5.0,7.0,6,7,2026-06-30T13:00:03+00:00,5.0,2026-06-30T13:00:03+00:00,0.0,0.0,OK
Calgary,Calgary,2026-06-30 06:00,4.0,8.0,6,8,2026-06-30T13:00:03+00:00,4.0,2026-06-30T13:00:03+00:00,0.0,0.0,OK
Red Deer,Red Deer,2026-06-30 06:00,4.0,8.0,6,8,2026-06-30T13:00:03+00:00,4.0,2026-06-30T13:00:03+00:00,0.0,0.0,OK
Fort McMurray,Fort McMurray,2026-06-30 06:00,6.0,8.0,7,8,2026-06-30T13:00:03+00:00,6.0,2026-06-30T13:00:03+00:00,0.0,0.0,OK
Grande Prairie,Grande Prairie,2026-06-30 06:00,1.0,4.0,3,4,2026-06-30T13:00:03+00:00,1.0,2026-06-30T13:00:03+00:00,0.0,0.0,OK
Lethbridge,Lethbridge,2026-06-30 03:00,3.0,5.0,4,5,2026-06-30T13:00:03+00:00,3.0,2026-06-30T13:00:03+00:00,0.0,0.0,OK
Medicine Hat,Medicine Hat,2026-06-30 06:00,3.0,5.0,4,5,2026-06-30T13:00:03+00:00,3.0,2026-06-30T13:00:03+00:00,0.0,0.0,OK
Airdrie,Airdrie,2026-06-30 06:00,4.0,8.0,6,8,2026-06-30T13:00:03+00:00,4.0,2026-06-30T13:00:03+00:00,0.0,0.0,OK
Cold Lake,Cold Lake,2026-06-30 06:00,2.0,8.0,7,8,2026-06-30T13:00:03+00:00,2.0,2026-06-30T13:00:03+00:00,0.0,0.0,OK
Drayton Valley,Drayton Valley,2026-06-30 06:00,4.0,7.0,6,7,2026-06-30T13:00:03+00:00,4.0,2026-06-30T13:00:03+00:00,0.0,0.0,OK
St. Albert,St. Albert,2026-06-30 06:00,5.0,7.0,6,7,2026-06-30T13:00:03+00:00,5.0,2026-06-30T13:00:03+00:00,0.0,0.0,OK
Strathcona County,Sherwood Park,2026-06-30 06:00,5.0,7.0,6,7,2026-06-30T13:00:03+00:00,,,,,OK
Edmonton,Edmonton,2026-06-30 07:00,5.0,7.0,6,7,2026-06-30T13:58:37+00:00,5.0,2026-06-30T13:58:37+00:00,0.0,0.0,OK
Calgary,Calgary,2026-06-30 07:00,6.0,8.0,6,8,2026-06-30T13:58:37+00:00,6.0,2026-06-30T13:58:37+00:00,0.0,0.0,OK
Red Deer,Red Deer,2026-06-30 07:00,4.0,8.0,6,8,2026-06-30T13:58:37+00:00,4.0,2026-06-30T13:58:37+00:00,0.0,0.0,OK
Fort McMurray,Fort McMurray,2026-06-30 07:00,6.0,8.0,7,8,2026-06-30T13:58:37+00:00,6.0,2026-06-30T13:58:37+00:00,0.0,0.0,OK
Grande Prairie,Grande Prairie,2026-06-30 07:00,1.0,4.0,3,4,2026-06-30T13:58:37+00:00,1.0,2026-06-30T13:58:37+00:00,0.0,0.0,OK
Lethbridge,Lethbridge,2026-06-30 07:00,4.0,5.0,4,5,2026-06-30T13:58:37+00:00,4.0,2026-06-30T13:58:37+00:00,0.0,0.0,OK
Medicine Hat,Medicine Hat,2026-06-30 07:00,3.0,5.0,4,5,2026-06-30T13:58:37+00:00,3.0,2026-06-30T13:58:37+00:00,0.0,0.0,OK
Airdrie,Airdrie,2026-06-30 07:00,4.0,8.0,6,8,2026-06-30T13:58:37+00:00,4.0,2026-06-30T13:58:37+00:00,0.0,0.0,OK
Cold Lake,Cold Lake,2026-06-30 06:00,2.0,8.0,7,8,2026-06-30T13:58:37+00:00,2.0,2026-06-30T13:58:37+00:00,0.0,0.0,OK
Drayton Valley,Drayton Valley,2026-06-30 07:00,4.0,7.0,6,7,2026-06-30T13:58:37+00:00,4.0,2026-06-30T13:58:37+00:00,0.0,0.0,OK
St. Albert,St. Albert,2026-06-30 07:00,4.0,7.0,6,7,2026-06-30T13:58:37+00:00,4.0,2026-06-30T13:58:37+00:00,0.0,0.0,OK
Strathcona County,Sherwood Park,2026-06-30 07:00,4.0,7.0,6,7,2026-06-30T13:58:37+00:00,,,,,OK
Edmonton,Edmonton,2026-06-30 08:00,4.0,7.0,6,7,2026-06-30T15:11:46+00:00,4.0,2026-06-30T15:11:46+00:00,0.0,0.0,OK
Calgary,Calgary,2026-06-30 08:00,8.0,8.0,6,8,2026-06-30T15:11:46+00:00,8.0,2026-06-30T15:11:46+00:00,0.0,0.0,OK
Red Deer,Red Deer,2026-06-30 08:00,4.0,8.0,6,8,2026-06-30T15:11:46+00:00,4.0,2026-06-30T15:11:46+00:00,0.0,0.0,OK
Fort McMurray,Fort McMurray,2026-06-30 08:00,6.0,8.0,7,8,2026-06-30T15:11:46+00:00,6.0,2026-06-30T15:11:46+00:00,0.0,0.0,OK
Grande Prairie,Grande Prairie,2026-06-30 08:00,1.0,4.0,3,4,2026-06-30T15:11:46+00:00,1.0,2026-06-30T15:11:46+00:00,0.0,0.0,OK
Lethbridge,Lethbridge,2026-06-30 08:00,5.0,5.0,4,5,2026-06-30T15:11:46+00:00,5.0,2026-06-30T15:11:46+00:00,0.0,0.0,OK
Medicine Hat,Medicine Hat,2026-06-30 08:00,3.0,5.0,4,5,2026-06-30T15:11:46+00:00,3.0,2026-06-30T15:11:46+00:00,0.0,0.0,OK
Airdrie,Airdrie,2026-06-30 08:00,4.0,8.0,6,8,2026-06-30T15:11:46+00:00,4.0,2026-06-30T15:11:46+00:00,0.0,0.0,OK
Cold Lake,Cold Lake,2026-06-30 08:00,2.0,8.0,7,8,2026-06-30T15:11:46+00:00,2.0,2026-06-30T15:11:46+00:00,0.0,0.0,OK
Drayton Valley,Drayton Valley,2026-06-30 08:00,3.0,7.0,6,7,2026-06-30T15:11:46+00:00,3.0,2026-06-30T15:11:46+00:00,0.0,0.0,OK
St. Albert,St. Albert,2026-06-30 08:00,4.0,7.0,6,7,2026-06-30T15:11:46+00:00,4.0,2026-06-30T15:11:46+00:00,0.0,0.0,OK
Strathcona County,Sherwood Park,2026-06-30 08:00,4.0,7.0,6,7,2026-06-30T15:11:46+00:00,,,,,OK
Edmonton,Edmonton,2026-06-30 09:00,4.0,7.0,6,7,2026-06-30T16:10:12+00:00,4.0,2026-06-30T16:10:12+00:00,0.0,0.0,OK
Calgary,Calgary,2026-06-30 09:00,7.0,8.0,6,8,2026-06-30T16:10:12+00:00,7.0,2026-06-30T16:10:12+00:00,0.0,0.0,OK
Red Deer,Red Deer,2026-06-30 09:00,4.0,8.0,6,8,2026-06-30T16:10:12+00:00,4.0,2026-06-30T16:10:12+00:00,0.0,0.0,OK
Fort McMurray,Fort McMurray,2026-06-30 09:00,6.0,8.0,7,8,2026-06-30T16:10:12+00:00,6.0,2026-06-30T16:10:12+00:00,0.0,0.0,OK
Grande Prairie,Grande Prairie,2026-06-30 09:00,1.0,4.0,3,4,2026-06-30T16:10:12+00:00,1.0,2026-06-30T16:10:12+00:00,0.0,0.0,OK
Lethbridge,Lethbridge,2026-06-30 09:00,5.0,5.0,4,5,2026-06-30T16:10:12+00:00,5.0,2026-06-30T16:10:12+00:00,0.0,0.0,OK
Medicine Hat,Medicine Hat,2026-06-30 09:00,3.0,5.0,4,5,2026-06-30T16:10:12+00:00,3.0,2026-06-30T16:10:12+00:00,0.0,0.0,OK
Airdrie,Airdrie,2026-06-30 09:00,4.0,8.0,6,8,2026-06-30T16:10:12+00:00,4.0,2026-06-30T16:10:12+00:00,0.0,0.0,OK
Cold Lake,Cold Lake,2026-06-30 10:00,3.0,8.0,7,8,2026-06-30T16:10:12+00:00,3.0,2026-06-30T16:10:12+00:00,0.0,0.0,OK
Drayton Valley,Drayton Valley,2026-06-30 09:00,3.0,7.0,6,7,2026-06-30T16:10:12+00:00,3.0,2026-06-30T16:10:12+00:00,0.0,0.0,OK
St. Albert,St. Albert,2026-06-30 09:00,3.0,7.0,6,7,2026-06-30T16:10:12+00:00,3.0,2026-06-30T16:10:12+00:00,0.0,0.0,OK
Strathcona County,Sherwood Park,2026-06-30 09:00,3.0,7.0,6,7,2026-06-30T16:10:12+00:00,,,,,OK
Edmonton,Edmonton,2026-06-30 10:00,4.0,7.0,6,7,2026-06-30T16:59:02+00:00,4.0,2026-06-30T16:59:02+00:00,0.0,0.0,OK
Calgary,Calgary,2026-06-30 10:00,7.0,8.0,6,8,2026-06-30T16:59:02+00:00,7.0,2026-06-30T16:59:02+00:00,0.0,0.0,OK
Red Deer,Red Deer,2026-06-30 10:00,5.0,8.0,6,8,2026-06-30T16:59:02+00:00,5.0,2026-06-30T16:59:02+00:00,0.0,0.0,OK
Fort McMurray,Fort McMurray,2026-06-30 10:00,6.0,8.0,7,8,2026-06-30T16:59:02+00:00,6.0,2026-06-30T16:59:02+00:00,0.0,0.0,OK
Grande Prairie,Grande Prairie,2026-06-30 10:00,1.0,4.0,3,4,2026-06-30T16:59:02+00:00,1.0,2026-06-30T16:59:02+00:00,0.0,0.0,OK
Lethbridge,Lethbridge,2026-06-30 10:00,6.0,5.0,4,5,2026-06-30T16:59:02+00:00,6.0,2026-06-30T16:59:02+00:00,0.0,0.0,OK
Medicine Hat,Medicine Hat,2026-06-30 10:00,3.0,5.0,4,5,2026-06-30T16:59:02+00:00,3.0,2026-06-30T16:59:02+00:00,0.0,0.0,OK
Airdrie,Airdrie,2026-06-30 10:00,4.0,8.0,6,8,2026-06-30T16:59:02+00:00,4.0,2026-06-30T16:59:02+00:00,0.0,0.0,OK
Cold Lake,Cold Lake,2026-06-30 10:00,3.0,8.0,7,8,2026-06-30T16:59:02+00:00,3.0,2026-06-30T16:59:02+00:00,0.0,0.0,OK
Drayton Valley,Drayton Valley,2026-06-30 10:00,3.0,7.0,6,7,2026-06-30T16:59:02+00:00,3.0,2026-06-30T16:59:02+00:00,0.0,0.0,OK
St. Albert,St. Albert,2026-06-30 10:00,3.0,7.0,6,7,2026-06-30T16:59:02+00:00,3.0,2026-06-30T16:59:02+00:00,0.0,0.0,OK
Strathcona County,Sherwood Park,2026-06-30 10:00,3.0,7.0,6,7,2026-06-30T16:59:02+00:00,,,,,OK
Edmonton,Edmonton,2026-06-30 11:00,3.0,7.0,6,7,2026-06-30T17:56:29+00:00,3.0,2026-06-30T17:56:29+00:00,0.0,0.0,OK
Calgary,Calgary,2026-06-30 11:00,8.0,8.0,6,8,2026-06-30T17:56:29+00:00,8.0,2026-06-30T17:56:29+00:00,0.0,0.0,OK
Red Deer,Red Deer,2026-06-30 10:00,5.0,8.0,6,8,2026-06-30T17:56:29+00:00,5.0,2026-06-30T17:56:29+00:00,0.0,0.0,OK
Fort McMurray,Fort McMurray,2026-06-30 11:00,5.0,8.0,7,8,2026-06-30T17:56:29+00:00,5.0,2026-06-30T17:56:29+00:00,0.0,0.0,OK
Grande Prairie,Grande Prairie,2026-06-30 11:00,1.0,4.0,3,4,2026-06-30T17:56:29+00:00,1.0,2026-06-30T17:56:29+00:00,0.0,0.0,OK
Lethbridge,Lethbridge,2026-06-30 11:00,6.0,5.0,4,5,2026-06-30T17:56:29+00:00,6.0,2026-06-30T17:56:29+00:00,0.0,0.0,OK
Medicine Hat,Medicine Hat,2026-06-30 11:00,3.0,5.0,4,5,2026-06-30T17:56:29+00:00,3.0,2026-06-30T17:56:29+00:00,0.0,0.0,OK
Airdrie,Airdrie,2026-06-30 11:00,5.0,8.0,6,8,2026-06-30T17:56:29+00:00,5.0,2026-06-30T17:56:29+00:00,0.0,0.0,OK
Cold Lake,Cold Lake,2026-06-30 11:00,3.0,8.0,7,8,2026-06-30T17:56:29+00:00,3.0,2026-06-30T17:56:29+00:00,0.0,0.0,OK
Drayton Valley,Drayton Valley,2026-06-30 11:00,3.0,7.0,6,7,2026-06-30T17:56:29+00:00,3.0,2026-06-30T17:56:29+00:00,0.0,0.0,OK
St. Albert,St. Albert,2026-06-30 11:00,3.0,7.0,6,7,2026-06-30T17:56:29+00:00,3.0,2026-06-30T17:56:29+00:00,0.0,0.0,OK
Strathcona County,Sherwood Park,2026-06-30 11:00,3.0,7.0,6,7,2026-06-30T17:56:29+00:00,,,,,OK
Edmonton,Edmonton,2026-06-30 12:00,3.0,7.0,6,7,2026-06-30T18:56:42+00:00,3.0,2026-06-30T18:56:42+00:00,0.0,0.0,OK
Calgary,Calgary,2026-06-30 12:00,6.0,8.0,6,8,2026-06-30T18:56:42+00:00,6.0,2026-06-30T18:56:42+00:00,0.0,0.0,OK
Red Deer,Red Deer,2026-06-30 12:00,4.0,8.0,6,8,2026-06-30T18:56:42+00:00,4.0,2026-06-30T18:56:42+00:00,0.0,0.0,OK
Fort McMurray,Fort McMurray,2026-06-30 12:00,4.0,8.0,7,8,2026-06-30T18:56:42+00:00,6.0,2026-06-30T18:56:42+00:00,-2.0,2.0,Significant difference
Grande Prairie,Grande Prairie,2026-06-30 12:00,2.0,4.0,3,4,2026-06-30T18:56:42+00:00,2.0,2026-06-30T18:56:42+00:00,0.0,0.0,OK
Lethbridge,Lethbridge,2026-06-30 12:00,6.0,5.0,4,5,2026-06-30T18:56:42+00:00,6.0,2026-06-30T18:56:42+00:00,0.0,0.0,OK
Medicine Hat,Medicine Hat,2026-06-30 12:00,4.0,5.0,4,5,2026-06-30T18:56:42+00:00,4.0,2026-06-30T18:56:42+00:00,0.0,0.0,OK
Airdrie,Airdrie,2026-06-30 12:00,5.0,8.0,6,8,2026-06-30T18:56:42+00:00,5.0,2026-06-30T18:56:42+00:00,0.0,0.0,OK
Cold Lake,Cold Lake,2026-06-30 12:00,4.0,8.0,7,8,2026-06-30T18:56:42+00:00,4.0,2026-06-30T18:56:42+00:00,0.0,0.0,OK
Drayton Valley,Drayton Valley,2026-06-30 12:00,3.0,7.0,6,7,2026-06-30T18:56:42+00:00,3.0,2026-06-30T18:56:42+00:00,0.0,0.0,OK
St. Albert,St. Albert,2026-06-30 12:00,3.0,7.0,6,7,2026-06-30T18:56:42+00:00,3.0,2026-06-30T18:56:42+00:00,0.0,0.0,OK
Strathcona County,Sherwood Park,2026-06-30 12:00,3.0,7.0,6,7,2026-06-30T18:56:42+00:00,,,,,OK
Edmonton,Edmonton,2026-06-30 13:00,3.0,4.0,4,4,2026-06-30T19:58:29+00:00,3.0,2026-06-30T19:58:30+00:00,0.0,0.0,OK
Calgary,Calgary,2026-06-30 13:00,6.0,8.0,6,8,2026-06-30T19:58:29+00:00,6.0,2026-06-30T19:58:30+00:00,0.0,0.0,OK
Red Deer,Red Deer,2026-06-30 13:00,4.0,5.0,4,4,2026-06-30T19:58:29+00:00,4.0,2026-06-30T19:58:30+00:00,0.0,0.0,OK
Fort McMurray,Fort McMurray,2026-06-30 13:00,5.0,8.0,7,8,2026-06-30T19:58:29+00:00,5.0,2026-06-30T19:58:30+00:00,0.0,0.0,OK
Grande Prairie,Grande Prairie,2026-06-30 13:00,2.0,4.0,3,4,2026-06-30T19:58:29+00:00,2.0,2026-06-30T19:58:30+00:00,0.0,0.0,OK
Lethbridge,Lethbridge,2026-06-30 13:00,5.0,7.0,4,7,2026-06-30T19:58:29+00:00,5.0,2026-06-30T19:58:30+00:00,0.0,0.0,OK
Medicine Hat,Medicine Hat,2026-06-30 13:00,4.0,5.0,4,5,2026-06-30T19:58:29+00:00,4.0,2026-06-30T19:58:30+00:00,0.0,0.0,OK
Airdrie,Airdrie,2026-06-30 13:00,5.0,8.0,6,8,2026-06-30T19:58:29+00:00,5.0,2026-06-30T19:58:30+00:00,0.0,0.0,OK
Cold Lake,Cold Lake,2026-06-30 13:00,7.0,4.0,4,4,2026-06-30T19:58:29+00:00,7.0,2026-06-30T19:58:30+00:00,0.0,0.0,OK
Drayton Valley,Drayton Valley,2026-06-30 13:00,4.0,4.0,4,4,2026-06-30T19:58:29+00:00,4.0,2026-06-30T19:58:30+00:00,0.0,0.0,OK
St. Albert,St. Albert,2026-06-30 13:00,3.0,4.0,4,4,2026-06-30T19:58:29+00:00,3.0,2026-06-30T19:58:30+00:00,0.0,0.0,OK
Strathcona County,Sherwood Park,2026-06-30 13:00,3.0,4.0,4,4,2026-06-30T19:58:29+00:00,,,,,OK
Edmonton,Edmonton,2026-06-30 14:00,3.0,4.0,4,4,2026-06-30T20:56:42+00:00,3.0,2026-06-30T20:56:43+00:00,0.0,0.0,OK
Calgary,Calgary,2026-06-30 14:00,6.0,8.0,6,8,2026-06-30T20:56:42+00:00,6.0,2026-06-30T20:56:43+00:00,0.0,0.0,OK
Red Deer,Red Deer,2026-06-30 14:00,4.0,5.0,4,4,2026-06-30T20:56:42+00:00,4.0,2026-06-30T20:56:43+00:00,0.0,0.0,OK
Fort McMurray,Fort McMurray,2026-06-30 14:00,5.0,8.0,7,8,2026-06-30T20:56:42+00:00,5.0,2026-06-30T20:56:43+00:00,0.0,0.0,OK
Grande Prairie,Grande Prairie,2026-06-30 14:00,2.0,4.0,3,4,2026-06-30T20:56:42+00:00,2.0,2026-06-30T20:56:43+00:00,0.0,0.0,OK
Lethbridge,Lethbridge,2026-06-30 14:00,5.0,7.0,4,7,2026-06-30T20:56:42+00:00,5.0,2026-06-30T20:56:43+00:00,0.0,0.0,OK
Medicine Hat,Medicine Hat,2026-06-30 14:00,3.0,5.0,4,5,2026-06-30T20:56:42+00:00,3.0,2026-06-30T20:56:43+00:00,0.0,0.0,OK
Airdrie,Airdrie,2026-06-30 14:00,5.0,8.0,6,8,2026-06-30T20:56:42+00:00,5.0,2026-06-30T20:56:43+00:00,0.0,0.0,OK
Cold Lake,Cold Lake,2026-06-30 14:00,9.0,4.0,4,4,2026-06-30T20:56:42+00:00,9.0,2026-06-30T20:56:43+00:00,0.0,0.0,OK
Drayton Valley,Drayton Valley,2026-06-30 14:00,4.0,4.0,4,4,2026-06-30T20:56:42+00:00,4.0,2026-06-30T20:56:43+00:00,0.0,0.0,OK
St. Albert,St. Albert,2026-06-30 14:00,3.0,4.0,4,4,2026-06-30T20:56:42+00:00,3.0,2026-06-30T20:56:43+00:00,0.0,0.0,OK
Strathcona County,Sherwood Park,2026-06-30 14:00,3.0,4.0,4,4,2026-06-30T20:56:42+00:00,,,,,OK
Edmonton,Edmonton,2026-06-30 17:00,3.0,N/A,5,5,2026-06-30T23:43:01+00:00,3.0,2026-06-30T23:43:01+00:00,0.0,0.0,OK
Calgary,Calgary,2026-06-30 16:00,6.0,N/A,4,7,2026-06-30T23:43:01+00:00,6.0,2026-06-30T23:43:01+00:00,0.0,0.0,OK
Red Deer,Red Deer,2026-06-30 16:00,3.0,N/A,4,5,2026-06-30T23:43:01+00:00,3.0,2026-06-30T23:43:01+00:00,0.0,0.0,OK
Fort McMurray,Fort McMurray,2026-06-30 16:00,6.0,N/A,5,7,2026-06-30T23:43:01+00:00,7.0,2026-06-30T23:43:01+00:00,-1.0,1.0,Minor difference
Grande Prairie,Grande Prairie,2026-06-30 16:00,2.0,N/A,3,3,2026-06-30T23:43:01+00:00,2.0,2026-06-30T23:43:01+00:00,0.0,0.0,OK
Lethbridge,Lethbridge,2026-06-30 17:00,5.0,N/A,4,5,2026-06-30T23:43:01+00:00,5.0,2026-06-30T23:43:01+00:00,0.0,0.0,OK
Medicine Hat,Medicine Hat,2026-06-30 16:00,3.0,N/A,4,5,2026-06-30T23:43:01+00:00,3.0,2026-06-30T23:43:01+00:00,0.0,0.0,OK
Airdrie,Airdrie,2026-06-30 16:00,5.0,N/A,4,7,2026-06-30T23:43:01+00:00,5.0,2026-06-30T23:43:01+00:00,0.0,0.0,OK
Cold Lake,Cold Lake,2026-06-30 17:00,5.0,N/A,6,9,2026-06-30T23:43:01+00:00,5.0,2026-06-30T23:43:01+00:00,0.0,0.0,OK
Drayton Valley,Drayton Valley,2026-06-30 17:00,4.0,N/A,4,5,2026-06-30T23:43:01+00:00,4.0,2026-06-30T23:43:01+00:00,0.0,0.0,OK
St. Albert,St. Albert,2026-06-30 17:00,3.0,N/A,5,5,2026-06-30T23:43:01+00:00,3.0,2026-06-30T23:43:01+00:00,0.0,0.0,OK
Strathcona County,Sherwood Park,2026-06-30 17:00,3.0,N/A,5,5,2026-06-30T23:43:01+00:00,,,,,OK
