{
"type": "FeatureCollection",
"name": "AQHI_ACA_grid",
"crs": { "type": "name", "properties": { "name": "urn:ogc:def:crs:OGC:1.3:CRS84" } },
"features": [
{ "type": "Feature", "properties": { "lon": -113.7973901154718, "lat": 52.892955046747915, "AQHI_IDW": 2.1327195434908628, "NearestReading": "2025-11-20 01:00:00-07:00" }, "geometry": { "type": "Point", "coordinates": [ -113.797390115471799, 52.892955046747915 ] } },
{ "type": "Feature", "properties": { "lon": -113.7473901154718, "lat": 52.892955046747915, "AQHI_IDW": 2.1350141826831792, "NearestReading": "2025-11-20 01:00:00-07:00" }, "geometry": { "type": "Point", "coordinates": [ -113.747390115471802, 52.892955046747915 ] } },
{ "type": "Feature", "properties": { "lon": -113.6973901154718, "lat": 52.892955046747915, "AQHI_IDW": 2.1365195489622248, "NearestReading": "2025-11-20 01:00:00-07:00" }, "geometry": { "type": "Point", "coordinates": [ -113.697390115471805, 52.892955046747915 ] } },
{ "type": "Feature", "properties": { "lon": -113.64739011547181, "lat": 52.892955046747915, "AQHI_IDW": 2.3618787089995097, "NearestReading": "2025-11-20 01:00:00-07:00" }, "geometry": { "type": "Point", "coordinates": [ -113.647390115471808, 52.892955046747915 ] } },
{ "type": "Feature", "properties": { "lon": -113.59739011547181, "lat": 52.892955046747915, "AQHI_IDW": 2.3618541847663774, "NearestReading": "2025-11-20 01:00:00-07:00" }, "geometry": { "type": "Point", "coordinates": [ -113.597390115471811, 52.892955046747915 ] } },
{ "type": "Feature", "properties": { "lon": -113.54739011547181, "lat": 52.892955046747915, "AQHI_IDW": 2.3629872303961252, "NearestReading": "2025-11-20 01:00:00-07:00" }, "geometry": { "type": "Point", "coordinates": [ -113.547390115471813, 52.892955046747915 ] } },
{ "type": "Feature", "properties": { "lon": -113.49739011547182, "lat": 52.892955046747915, "AQHI_IDW": 2.3647227805566997, "NearestReading": "2025-11-20 01:00:00-07:00" }, "geometry": { "type": "Point", "coordinates": [ -113.497390115471816, 52.892955046747915 ] } },
{ "type": "Feature", "properties": { "lon": -113.44739011547182, "lat": 52.892955046747915, "AQHI_IDW": 2.3758481306989272, "NearestReading": "2025-11-20 01:00:00-07:00" }, "geometry": { "type": "Point", "coordinates": [ -113.447390115471819, 52.892955046747915 ] } },
{ "type": "Feature", "properties": { "lon": -113.39739011547182, "lat": 52.892955046747915, "AQHI_IDW": 2.3905758431202915, "NearestReading": "2025-11-20 01:00:00-07:00" }, "geometry": { "type": "Point", "coordinates": [ -113.397390115471822, 52.892955046747915 ] } },
{ "type": "Feature", "properties": { "lon": -113.34739011547182, "lat": 52.892955046747915, "AQHI_IDW": 2.3900287973404164, "NearestReading": "2025-11-20 01:00:00-07:00" }, "geometry": { "type": "Point", "coordinates": [ -113.347390115471825, 52.892955046747915 ] } },
{ "type": "Feature", "properties": { "lon": -113.29739011547183, "lat": 52.892955046747915, "AQHI_IDW": 2.3882069053068555, "NearestReading": "2025-11-20 01:00:00-07:00" }, "geometry": { "type": "Point", "coordinates": [ -113.297390115471828, 52.892955046747915 ] } },
{ "type": "Feature", "properties": { "lon": -113.24739011547183, "lat": 52.892955046747915, "AQHI_IDW": 2.3853241846557975, "NearestReading": "2025-11-20 01:00:00-07:00" }, "geometry": { "type": "Point", "coordinates": [ -113.247390115471831, 52.892955046747915 ] } },
{ "type": "Feature", "properties": { "lon": -113.19739011547183, "lat": 52.892955046747915, "AQHI_IDW": 2.3810299974560656, "NearestReading": "2025-11-20 01:00:00-07:00" }, "geometry": { "type": "Point", "coordinates": [ -113.197390115471833, 52.892955046747915 ] } },
{ "type": "Feature", "properties": { "lon": -113.14739011547184, "lat": 52.892955046747915, "AQHI_IDW": 2.3754622455936358, "NearestReading": "2025-11-20 01:00:00-07:00" }, "geometry": { "type": "Point", "coordinates": [ -113.147390115471836, 52.892955046747915 ] } },
{ "type": "Feature", "properties": { "lon": -113.09739011547184, "lat": 52.892955046747915, "AQHI_IDW": 2.3690647215799689, "NearestReading": "2025-11-20 01:00:00-07:00" }, "geometry": { "type": "Point", "coordinates": [ -113.097390115471839, 52.892955046747915 ] } },
{ "type": "Feature", "properties": { "lon": -113.04739011547184, "lat": 52.892955046747915, "AQHI_IDW": 2.3623983857955499, "NearestReading": "2025-11-20 01:00:00-07:00" }, "geometry": { "type": "Point", "coordinates": [ -113.047390115471842, 52.892955046747915 ] } },
{ "type": "Feature", "properties": { "lon": -112.99739011547184, "lat": 52.892955046747915, "AQHI_IDW": 1.963272014881535, "NearestReading": "2025-11-20 01:00:00-07:00" }, "geometry": { "type": "Point", "coordinates": [ -112.997390115471845, 52.892955046747915 ] } },
{ "type": "Feature", "properties": { "lon": -112.94739011547185, "lat": 52.892955046747915, "AQHI_IDW": 1.9438269137948954, "NearestReading": "2025-11-20 01:00:00-07:00" }, "geometry": { "type": "Point", "coordinates": [ -112.947390115471848, 52.892955046747915 ] } },
{ "type": "Feature", "properties": { "lon": -112.89739011547185, "lat": 52.892955046747915, "AQHI_IDW": 1.9299253675539811, "NearestReading": "2025-11-20 01:00:00-07:00" }, "geometry": { "type": "Point", "coordinates": [ -112.89739011547185, 52.892955046747915 ] } },
{ "type": "Feature", "properties": { "lon": -112.84739011547185, "lat": 52.892955046747915, "AQHI_IDW": 1.9225750648164248, "NearestReading": "2025-11-20 01:00:00-07:00" }, "geometry": { "type": "Point", "coordinates": [ -112.847390115471853, 52.892955046747915 ] } },
{ "type": "Feature", "properties": { "lon": -112.79739011547186, "lat": 52.892955046747915, "AQHI_IDW": 1.9209188937725701, "NearestReading": "2025-11-20 01:00:00-07:00" }, "geometry": { "type": "Point", "coordinates": [ -112.797390115471856, 52.892955046747915 ] } },
{ "type": "Feature", "properties": { "lon": -112.74739011547186, "lat": 52.892955046747915, "AQHI_IDW": 1.9206153918145485, "NearestReading": "2025-11-20 01:00:00-07:00" }, "geometry": { "type": "Point", "coordinates": [ -112.747390115471859, 52.892955046747915 ] } },
{ "type": "Feature", "properties": { "lon": -112.69739011547186, "lat": 52.892955046747915, "AQHI_IDW": 1.9220129419116634, "NearestReading": "2025-11-20 01:00:00-07:00" }, "geometry": { "type": "Point", "coordinates": [ -112.697390115471862, 52.892955046747915 ] } },
{ "type": "Feature", "properties": { "lon": -112.64739011547186, "lat": 52.892955046747915, "AQHI_IDW": 1.9309799081599253, "NearestReading": "2025-11-20 01:00:00-07:00" }, "geometry": { "type": "Point", "coordinates": [ -112.647390115471865, 52.892955046747915 ] } },
{ "type": "Feature", "properties": { "lon": -112.59739011547187, "lat": 52.892955046747915, "AQHI_IDW": 1.9398865232600986, "NearestReading": "2025-11-20 01:00:00-07:00" }, "geometry": { "type": "Point", "coordinates": [ -112.597390115471867, 52.892955046747915 ] } },
{ "type": "Feature", "properties": { "lon": -112.54739011547187, "lat": 52.892955046747915, "AQHI_IDW": 1.9485504224951709, "NearestReading": "2025-11-20 01:00:00-07:00" }, "geometry": { "type": "Point", "coordinates": [ -112.54739011547187, 52.892955046747915 ] } },
{ "type": "Feature", "properties": { "lon": -112.49739011547187, "lat": 52.892955046747915, "AQHI_IDW": 1.9568326308441386, "NearestReading": "2025-11-20 01:00:00-07:00" }, "geometry": { "type": "Point", "coordinates": [ -112.497390115471873, 52.892955046747915 ] } },
{ "type": "Feature", "properties": { "lon": -112.44739011547188, "lat": 52.892955046747915, "AQHI_IDW": 1.9646341386569757, "NearestReading": "2025-11-20 01:00:00-07:00" }, "geometry": { "type": "Point", "coordinates": [ -112.447390115471876, 52.892955046747915 ] } },
{ "type": "Feature", "properties": { "lon": -112.39739011547188, "lat": 52.892955046747915, "AQHI_IDW": 2.1025520270397626, "NearestReading": "2025-11-20 01:00:00-07:00" }, "geometry": { "type": "Point", "coordinates": [ -112.397390115471879, 52.892955046747915 ] } },
{ "type": "Feature", "properties": { "lon": -112.34739011547188, "lat": 52.892955046747915, "AQHI_IDW": 2.1087717334798088, "NearestReading": "2025-11-20 01:00:00-07:00" }, "geometry": { "type": "Point", "coordinates": [ -112.347390115471882, 52.892955046747915 ] } },
{ "type": "Feature", "properties": { "lon": -113.7973901154718, "lat": 52.942955046747912, "AQHI_IDW": 2.3127919209001431, "NearestReading": "2025-11-20 01:00:00-07:00" }, "geometry": { "type": "Point", "coordinates": [ -113.797390115471799, 52.942955046747912 ] } },
{ "type": "Feature", "properties": { "lon": -113.7473901154718, "lat": 52.942955046747912, "AQHI_IDW": 2.3201267367946534, "NearestReading": "2025-11-20 01:00:00-07:00" }, "geometry": { "type": "Point", "coordinates": [ -113.747390115471802, 52.942955046747912 ] } },
{ "type": "Feature", "properties": { "lon": -113.6973901154718, "lat": 52.942955046747912, "AQHI_IDW": 2.3248774711281244, "NearestReading": "2025-11-20 01:00:00-07:00" }, "geometry": { "type": "Point", "coordinates": [ -113.697390115471805, 52.942955046747912 ] } },
{ "type": "Feature", "properties": { "lon": -113.64739011547181, "lat": 52.942955046747912, "AQHI_IDW": 2.3276604381182708, "NearestReading": "2025-11-20 01:00:00-07:00" }, "geometry": { "type": "Point", "coordinates": [ -113.647390115471808, 52.942955046747912 ] } },
{ "type": "Feature", "properties": { "lon": -113.59739011547181, "lat": 52.942955046747912, "AQHI_IDW": 2.3303476408712678, "NearestReading": "2025-11-20 01:00:00-07:00" }, "geometry": { "type": "Point", "coordinates": [ -113.597390115471811, 52.942955046747912 ] } },
{ "type": "Feature", "properties": { "lon": -113.54739011547181, "lat": 52.942955046747912, "AQHI_IDW": 2.3353285770405039, "NearestReading": "2025-11-20 01:00:00-07:00" }, "geometry": { "type": "Point", "coordinates": [ -113.547390115471813, 52.942955046747912 ] } },
{ "type": "Feature", "properties": { "lon": -113.49739011547182, "lat": 52.942955046747912, "AQHI_IDW": 2.3442970319878453, "NearestReading": "2025-11-20 01:00:00-07:00" }, "geometry": { "type": "Point", "coordinates": [ -113.497390115471816, 52.942955046747912 ] } },
{ "type": "Feature", "properties": { "lon": -113.44739011547182, "lat": 52.942955046747912, "AQHI_IDW": 2.3581284030546823, "NearestReading": "2025-11-20 01:00:00-07:00" }, "geometry": { "type": "Point", "coordinates": [ -113.447390115471819, 52.942955046747912 ] } },
{ "type": "Feature", "properties": { "lon": -113.39739011547182, "lat": 52.942955046747912, "AQHI_IDW": 2.3757680097461518, "NearestReading": "2025-11-20 01:00:00-07:00" }, "geometry": { "type": "Point", "coordinates": [ -113.397390115471822, 52.942955046747912 ] } },
{ "type": "Feature", "properties": { "lon": -113.34739011547182, "lat": 52.942955046747912, "AQHI_IDW": 2.3772301066748684, "NearestReading": "2025-11-20 01:00:00-07:00" }, "geometry": { "type": "Point", "coordinates": [ -113.347390115471825, 52.942955046747912 ] } },
{ "type": "Feature", "properties": { "lon": -113.29739011547183, "lat": 52.942955046747912, "AQHI_IDW": 2.3778922622228715, "NearestReading": "2025-11-20 01:00:00-07:00" }, "geometry": { "type": "Point", "coordinates": [ -113.297390115471828, 52.942955046747912 ] } },
{ "type": "Feature", "properties": { "lon": -113.24739011547183, "lat": 52.942955046747912, "AQHI_IDW": 2.3763709783054829, "NearestReading": "2025-11-20 01:00:00-07:00" }, "geometry": { "type": "Point", "coordinates": [ -113.247390115471831, 52.942955046747912 ] } },
{ "type": "Feature", "properties": { "lon": -113.19739011547183, "lat": 52.942955046747912, "AQHI_IDW": 2.3723177337480919, "NearestReading": "2025-11-20 01:00:00-07:00" }, "geometry": { "type": "Point", "coordinates": [ -113.197390115471833, 52.942955046747912 ] } },
{ "type": "Feature", "properties": { "lon": -113.14739011547184, "lat": 52.942955046747912, "AQHI_IDW": 2.3661601684492957, "NearestReading": "2025-11-20 01:00:00-07:00" }, "geometry": { "type": "Point", "coordinates": [ -113.147390115471836, 52.942955046747912 ] } },
{ "type": "Feature", "properties": { "lon": -113.09739011547184, "lat": 52.942955046747912, "AQHI_IDW": 2.3587264852469016, "NearestReading": "2025-11-20 01:00:00-07:00" }, "geometry": { "type": "Point", "coordinates": [ -113.097390115471839, 52.942955046747912 ] } },
{ "type": "Feature", "properties": { "lon": -113.04739011547184, "lat": 52.942955046747912, "AQHI_IDW": 2.3509266351983413, "NearestReading": "2025-11-20 01:00:00-07:00" }, "geometry": { "type": "Point", "coordinates": [ -113.047390115471842, 52.942955046747912 ] } },
{ "type": "Feature", "properties": { "lon": -112.99739011547184, "lat": 52.942955046747912, "AQHI_IDW": 1.9529017929207761, "NearestReading": "2025-11-20 01:00:00-07:00" }, "geometry": { "type": "Point", "coordinates": [ -112.997390115471845, 52.942955046747912 ] } },
{ "type": "Feature", "properties": { "lon": -112.94739011547185, "lat": 52.942955046747912, "AQHI_IDW": 1.9341581567601323, "NearestReading": "2025-11-20 01:00:00-07:00" }, "geometry": { "type": "Point", "coordinates": [ -112.947390115471848, 52.942955046747912 ] } },
{ "type": "Feature", "properties": { "lon": -112.89739011547185, "lat": 52.942955046747912, "AQHI_IDW": 1.9199917775392283, "NearestReading": "2025-11-20 01:00:00-07:00" }, "geometry": { "type": "Point", "coordinates": [ -112.89739011547185, 52.942955046747912 ] } },
{ "type": "Feature", "properties": { "lon": -112.84739011547185, "lat": 52.942955046747912, "AQHI_IDW": 1.9137862709933817, "NearestReading": "2025-11-20 01:00:00-07:00" }, "geometry": { "type": "Point", "coordinates": [ -112.847390115471853, 52.942955046747912 ] } },
{ "type": "Feature", "properties": { "lon": -112.79739011547186, "lat": 52.942955046747912, "AQHI_IDW": 1.912562580108039, "NearestReading": "2025-11-20 01:00:00-07:00" }, "geometry": { "type": "Point", "coordinates": [ -112.797390115471856, 52.942955046747912 ] } },
{ "type": "Feature", "properties": { "lon": -112.74739011547186, "lat": 52.942955046747912, "AQHI_IDW": 1.9129270212017573, "NearestReading": "2025-11-20 01:00:00-07:00" }, "geometry": { "type": "Point", "coordinates": [ -112.747390115471859, 52.942955046747912 ] } },
{ "type": "Feature", "properties": { "lon": -112.69739011547186, "lat": 52.942955046747912, "AQHI_IDW": 1.919950361422984, "NearestReading": "2025-11-20 01:00:00-07:00" }, "geometry": { "type": "Point", "coordinates": [ -112.697390115471862, 52.942955046747912 ] } },
{ "type": "Feature", "properties": { "lon": -112.64739011547186, "lat": 52.942955046747912, "AQHI_IDW": 1.9301773081735847, "NearestReading": "2025-11-20 01:00:00-07:00" }, "geometry": { "type": "Point", "coordinates": [ -112.647390115471865, 52.942955046747912 ] } },
{ "type": "Feature", "properties": { "lon": -112.59739011547187, "lat": 52.942955046747912, "AQHI_IDW": 1.9402210152671244, "NearestReading": "2025-11-20 01:00:00-07:00" }, "geometry": { "type": "Point", "coordinates": [ -112.597390115471867, 52.942955046747912 ] } },
{ "type": "Feature", "properties": { "lon": -112.54739011547187, "lat": 52.942955046747912, "AQHI_IDW": 1.9498778528234011, "NearestReading": "2025-11-20 01:00:00-07:00" }, "geometry": { "type": "Point", "coordinates": [ -112.54739011547187, 52.942955046747912 ] } },
{ "type": "Feature", "properties": { "lon": -112.49739011547187, "lat": 52.942955046747912, "AQHI_IDW": 2.0886647572035133, "NearestReading": "2025-11-20 01:00:00-07:00" }, "geometry": { "type": "Point", "coordinates": [ -112.497390115471873, 52.942955046747912 ] } },
{ "type": "Feature", "properties": { "lon": -112.44739011547188, "lat": 52.942955046747912, "AQHI_IDW": 2.0963935246754235, "NearestReading": "2025-11-20 01:00:00-07:00" }, "geometry": { "type": "Point", "coordinates": [ -112.447390115471876, 52.942955046747912 ] } },
{ "type": "Feature", "properties": { "lon": -112.39739011547188, "lat": 52.942955046747912, "AQHI_IDW": 2.1036072016869602, "NearestReading": "2025-11-20 01:00:00-07:00" }, "geometry": { "type": "Point", "coordinates": [ -112.397390115471879, 52.942955046747912 ] } },
{ "type": "Feature", "properties": { "lon": -112.34739011547188, "lat": 52.942955046747912, "AQHI_IDW": 2.1102787923214508, "NearestReading": "2025-11-20 01:00:00-07:00" }, "geometry": { "type": "Point", "coordinates": [ -112.347390115471882, 52.942955046747912 ] } },
{ "type": "Feature", "properties": { "lon": -113.7973901154718, "lat": 52.992955046747909, "AQHI_IDW": 2.2781828797445001, "NearestReading": "2025-11-20 01:00:00-07:00" }, "geometry": { "type": "Point", "coordinates": [ -113.797390115471799, 52.992955046747909 ] } },
{ "type": "Feature", "properties": { "lon": -113.7473901154718, "lat": 52.992955046747909, "AQHI_IDW": 2.2912385737975955, "NearestReading": "2025-11-20 01:00:00-07:00" }, "geometry": { "type": "Point", "coordinates": [ -113.747390115471802, 52.992955046747909 ] } },
{ "type": "Feature", "properties": { "lon": -113.6973901154718, "lat": 52.992955046747909, "AQHI_IDW": 2.3018550307092842, "NearestReading": "2025-11-20 01:00:00-07:00" }, "geometry": { "type": "Point", "coordinates": [ -113.697390115471805, 52.992955046747909 ] } },
{ "type": "Feature", "properties": { "lon": -113.64739011547181, "lat": 52.992955046747909, "AQHI_IDW": 2.3081054626096922, "NearestReading": "2025-11-20 01:00:00-07:00" }, "geometry": { "type": "Point", "coordinates": [ -113.647390115471808, 52.992955046747909 ] } },
{ "type": "Feature", "properties": { "lon": -113.59739011547181, "lat": 52.992955046747909, "AQHI_IDW": 2.3074609382266251, "NearestReading": "2025-11-20 01:00:00-07:00" }, "geometry": { "type": "Point", "coordinates": [ -113.597390115471811, 52.992955046747909 ] } },
{ "type": "Feature", "properties": { "lon": -113.54739011547181, "lat": 52.992955046747909, "AQHI_IDW": 2.3095335285178673, "NearestReading": "2025-11-20 01:00:00-07:00" }, "geometry": { "type": "Point", "coordinates": [ -113.547390115471813, 52.992955046747909 ] } },
{ "type": "Feature", "properties": { "lon": -113.49739011547182, "lat": 52.992955046747909, "AQHI_IDW": 2.3178664131563895, "NearestReading": "2025-11-20 01:00:00-07:00" }, "geometry": { "type": "Point", "coordinates": [ -113.497390115471816, 52.992955046747909 ] } },
{ "type": "Feature", "properties": { "lon": -113.44739011547182, "lat": 52.992955046747909, "AQHI_IDW": 2.3343117688654114, "NearestReading": "2025-11-20 01:00:00-07:00" }, "geometry": { "type": "Point", "coordinates": [ -113.447390115471819, 52.992955046747909 ] } },
{ "type": "Feature", "properties": { "lon": -113.39739011547182, "lat": 52.992955046747909, "AQHI_IDW": 2.3555116217664227, "NearestReading": "2025-11-20 01:00:00-07:00" }, "geometry": { "type": "Point", "coordinates": [ -113.397390115471822, 52.992955046747909 ] } },
{ "type": "Feature", "properties": { "lon": -113.34739011547182, "lat": 52.992955046747909, "AQHI_IDW": 2.3623442397546475, "NearestReading": "2025-11-20 01:00:00-07:00" }, "geometry": { "type": "Point", "coordinates": [ -113.347390115471825, 52.992955046747909 ] } },
{ "type": "Feature", "properties": { "lon": -113.29739011547183, "lat": 52.992955046747909, "AQHI_IDW": 2.3669189357913005, "NearestReading": "2025-11-20 01:00:00-07:00" }, "geometry": { "type": "Point", "coordinates": [ -113.297390115471828, 52.992955046747909 ] } },
{ "type": "Feature", "properties": { "lon": -113.24739011547183, "lat": 52.992955046747909, "AQHI_IDW": 2.3672548508494038, "NearestReading": "2025-11-20 01:00:00-07:00" }, "geometry": { "type": "Point", "coordinates": [ -113.247390115471831, 52.992955046747909 ] } },
{ "type": "Feature", "properties": { "lon": -113.19739011547183, "lat": 52.992955046747909, "AQHI_IDW": 2.3632460455502455, "NearestReading": "2025-11-20 01:00:00-07:00" }, "geometry": { "type": "Point", "coordinates": [ -113.197390115471833, 52.992955046747909 ] } },
{ "type": "Feature", "properties": { "lon": -113.14739011547184, "lat": 52.992955046747909, "AQHI_IDW": 2.3559520469378223, "NearestReading": "2025-11-20 01:00:00-07:00" }, "geometry": { "type": "Point", "coordinates": [ -113.147390115471836, 52.992955046747909 ] } },
{ "type": "Feature", "properties": { "lon": -113.09739011547184, "lat": 52.992955046747909, "AQHI_IDW": 2.3468704483008849, "NearestReading": "2025-11-20 01:00:00-07:00" }, "geometry": { "type": "Point", "coordinates": [ -113.097390115471839, 52.992955046747909 ] } },
{ "type": "Feature", "properties": { "lon": -113.04739011547184, "lat": 52.992955046747909, "AQHI_IDW": 2.3374387754620267, "NearestReading": "2025-11-20 01:00:00-07:00" }, "geometry": { "type": "Point", "coordinates": [ -113.047390115471842, 52.992955046747909 ] } },
{ "type": "Feature", "properties": { "lon": -112.99739011547184, "lat": 52.992955046747909, "AQHI_IDW": 1.9405490304840192, "NearestReading": "2025-11-20 01:00:00-07:00" }, "geometry": { "type": "Point", "coordinates": [ -112.997390115471845, 52.992955046747909 ] } },
{ "type": "Feature", "properties": { "lon": -112.94739011547185, "lat": 52.992955046747909, "AQHI_IDW": 1.9236147730141717, "NearestReading": "2025-11-20 01:00:00-07:00" }, "geometry": { "type": "Point", "coordinates": [ -112.947390115471848, 52.992955046747909 ] } },
{ "type": "Feature", "properties": { "lon": -112.89739011547185, "lat": 52.992955046747909, "AQHI_IDW": 1.9079507730058851, "NearestReading": "2025-11-20 01:00:00-07:00" }, "geometry": { "type": "Point", "coordinates": [ -112.89739011547185, 52.992955046747909 ] } },
{ "type": "Feature", "properties": { "lon": -112.84739011547185, "lat": 52.992955046747909, "AQHI_IDW": 1.9034404916050833, "NearestReading": "2025-11-20 01:00:00-07:00" }, "geometry": { "type": "Point", "coordinates": [ -112.847390115471853, 52.992955046747909 ] } },
{ "type": "Feature", "properties": { "lon": -112.79739011547186, "lat": 52.992955046747909, "AQHI_IDW": 1.9029242700606277, "NearestReading": "2025-11-20 01:00:00-07:00" }, "geometry": { "type": "Point", "coordinates": [ -112.797390115471856, 52.992955046747909 ] } },
{ "type": "Feature", "properties": { "lon": -112.74739011547186, "lat": 52.992955046747909, "AQHI_IDW": 1.9063435030323361, "NearestReading": "2025-11-20 01:00:00-07:00" }, "geometry": { "type": "Point", "coordinates": [ -112.747390115471859, 52.992955046747909 ] } },
{ "type": "Feature", "properties": { "lon": -112.69739011547186, "lat": 52.992955046747909, "AQHI_IDW": 1.9181079338542963, "NearestReading": "2025-11-20 01:00:00-07:00" }, "geometry": { "type": "Point", "coordinates": [ -112.697390115471862, 52.992955046747909 ] } },
{ "type": "Feature", "properties": { "lon": -112.64739011547186, "lat": 52.992955046747909, "AQHI_IDW": 1.9298131655917536, "NearestReading": "2025-11-20 01:00:00-07:00" }, "geometry": { "type": "Point", "coordinates": [ -112.647390115471865, 52.992955046747909 ] } },
{ "type": "Feature", "properties": { "lon": -112.59739011547187, "lat": 52.992955046747909, "AQHI_IDW": 1.9411595704243882, "NearestReading": "2025-11-20 01:00:00-07:00" }, "geometry": { "type": "Point", "coordinates": [ -112.597390115471867, 52.992955046747909 ] } },
{ "type": "Feature", "properties": { "lon": -112.54739011547187, "lat": 52.992955046747909, "AQHI_IDW": 2.0799274728845321, "NearestReading": "2025-11-20 01:00:00-07:00" }, "geometry": { "type": "Point", "coordinates": [ -112.54739011547187, 52.992955046747909 ] } },
{ "type": "Feature", "properties": { "lon": -112.49739011547187, "lat": 52.992955046747909, "AQHI_IDW": 2.088986005328588, "NearestReading": "2025-11-20 01:00:00-07:00" }, "geometry": { "type": "Point", "coordinates": [ -112.497390115471873, 52.992955046747909 ] } },
{ "type": "Feature", "properties": { "lon": -112.44739011547188, "lat": 52.992955046747909, "AQHI_IDW": 2.097436602648628, "NearestReading": "2025-11-20 01:00:00-07:00" }, "geometry": { "type": "Point", "coordinates": [ -112.447390115471876, 52.992955046747909 ] } },
{ "type": "Feature", "properties": { "lon": -112.39739011547188, "lat": 52.992955046747909, "AQHI_IDW": 2.1052335521511538, "NearestReading": "2025-11-20 01:00:00-07:00" }, "geometry": { "type": "Point", "coordinates": [ -112.397390115471879, 52.992955046747909 ] } },
{ "type": "Feature", "properties": { "lon": -112.34739011547188, "lat": 52.992955046747909, "AQHI_IDW": 2.1123613986927001, "NearestReading": "2025-11-20 01:00:00-07:00" }, "geometry": { "type": "Point", "coordinates": [ -112.347390115471882, 52.992955046747909 ] } },
{ "type": "Feature", "properties": { "lon": -113.7973901154718, "lat": 53.042955046747906, "AQHI_IDW": 2.2604407667961688, "NearestReading": "2025-11-20 01:00:00-07:00" }, "geometry": { "type": "Point", "coordinates": [ -113.797390115471799, 53.042955046747906 ] } },
{ "type": "Feature", "properties": { "lon": -113.7473901154718, "lat": 53.042955046747906, "AQHI_IDW": 2.2759190462913619, "NearestReading": "2025-11-20 01:00:00-07:00" }, "geometry": { "type": "Point", "coordinates": [ -113.747390115471802, 53.042955046747906 ] } },
{ "type": "Feature", "properties": { "lon": -113.6973901154718, "lat": 53.042955046747906, "AQHI_IDW": 2.2853555781877231, "NearestReading": "2025-11-20 01:00:00-07:00" }, "geometry": { "type": "Point", "coordinates": [ -113.697390115471805, 53.042955046747906 ] } },
{ "type": "Feature", "properties": { "lon": -113.64739011547181, "lat": 53.042955046747906, "AQHI_IDW": 2.2857920693428282, "NearestReading": "2025-11-20 01:00:00-07:00" }, "geometry": { "type": "Point", "coordinates": [ -113.647390115471808, 53.042955046747906 ] } },
{ "type": "Feature", "properties": { "lon": -113.59739011547181, "lat": 53.042955046747906, "AQHI_IDW": 2.278876510395103, "NearestReading": "2025-11-20 01:00:00-07:00" }, "geometry": { "type": "Point", "coordinates": [ -113.597390115471811, 53.042955046747906 ] } },
{ "type": "Feature", "properties": { "lon": -113.54739011547181, "lat": 53.042955046747906, "AQHI_IDW": 2.2748237861039553, "NearestReading": "2025-11-20 01:00:00-07:00" }, "geometry": { "type": "Point", "coordinates": [ -113.547390115471813, 53.042955046747906 ] } },
{ "type": "Feature", "properties": { "lon": -113.49739011547182, "lat": 53.042955046747906, "AQHI_IDW": 2.281033758893753, "NearestReading": "2025-11-20 01:00:00-07:00" }, "geometry": { "type": "Point", "coordinates": [ -113.497390115471816, 53.042955046747906 ] } },
{ "type": "Feature", "properties": { "lon": -113.44739011547182, "lat": 53.042955046747906, "AQHI_IDW": 2.3015317481149782, "NearestReading": "2025-11-20 01:00:00-07:00" }, "geometry": { "type": "Point", "coordinates": [ -113.447390115471819, 53.042955046747906 ] } },
{ "type": "Feature", "properties": { "lon": -113.39739011547182, "lat": 53.042955046747906, "AQHI_IDW": 2.3298263132507451, "NearestReading": "2025-11-20 01:00:00-07:00" }, "geometry": { "type": "Point", "coordinates": [ -113.397390115471822, 53.042955046747906 ] } },
{ "type": "Feature", "properties": { "lon": -113.34739011547182, "lat": 53.042955046747906, "AQHI_IDW": 2.3456958245206194, "NearestReading": "2025-11-20 01:00:00-07:00" }, "geometry": { "type": "Point", "coordinates": [ -113.347390115471825, 53.042955046747906 ] } },
{ "type": "Feature", "properties": { "lon": -113.29739011547183, "lat": 53.042955046747906, "AQHI_IDW": 2.3561279155867649, "NearestReading": "2025-11-20 01:00:00-07:00" }, "geometry": { "type": "Point", "coordinates": [ -113.297390115471828, 53.042955046747906 ] } },
{ "type": "Feature", "properties": { "lon": -113.24739011547183, "lat": 53.042955046747906, "AQHI_IDW": 2.3586324255424986, "NearestReading": "2025-11-20 01:00:00-07:00" }, "geometry": { "type": "Point", "coordinates": [ -113.247390115471831, 53.042955046747906 ] } },
{ "type": "Feature", "properties": { "lon": -113.19739011547183, "lat": 53.042955046747906, "AQHI_IDW": 2.3539905067551641, "NearestReading": "2025-11-20 01:00:00-07:00" }, "geometry": { "type": "Point", "coordinates": [ -113.197390115471833, 53.042955046747906 ] } },
{ "type": "Feature", "properties": { "lon": -113.14739011547184, "lat": 53.042955046747906, "AQHI_IDW": 2.3445279273422184, "NearestReading": "2025-11-20 01:00:00-07:00" }, "geometry": { "type": "Point", "coordinates": [ -113.147390115471836, 53.042955046747906 ] } },
{ "type": "Feature", "properties": { "lon": -113.09739011547184, "lat": 53.042955046747906, "AQHI_IDW": 2.3328365873238304, "NearestReading": "2025-11-20 01:00:00-07:00" }, "geometry": { "type": "Point", "coordinates": [ -113.097390115471839, 53.042955046747906 ] } },
{ "type": "Feature", "properties": { "lon": -113.04739011547184, "lat": 53.042955046747906, "AQHI_IDW": 1.9521679811248922, "NearestReading": "2025-11-20 01:00:00-07:00" }, "geometry": { "type": "Point", "coordinates": [ -113.047390115471842, 53.042955046747906 ] } },
{ "type": "Feature", "properties": { "lon": -112.99739011547184, "lat": 53.042955046747906, "AQHI_IDW": 1.9294973160826994, "NearestReading": "2025-11-20 01:00:00-07:00" }, "geometry": { "type": "Point", "coordinates": [ -112.997390115471845, 53.042955046747906 ] } },
{ "type": "Feature", "properties": { "lon": -112.94739011547185, "lat": 53.042955046747906, "AQHI_IDW": 1.9105272266213971, "NearestReading": "2025-11-20 01:00:00-07:00" }, "geometry": { "type": "Point", "coordinates": [ -112.947390115471848, 53.042955046747906 ] } },
{ "type": "Feature", "properties": { "lon": -112.89739011547185, "lat": 53.042955046747906, "AQHI_IDW": 1.8932681540182892, "NearestReading": "2025-11-20 01:00:00-07:00" }, "geometry": { "type": "Point", "coordinates": [ -112.89739011547185, 53.042955046747906 ] } },
{ "type": "Feature", "properties": { "lon": -112.84739011547185, "lat": 53.042955046747906, "AQHI_IDW": 1.8912466868297908, "NearestReading": "2025-11-20 01:00:00-07:00" }, "geometry": { "type": "Point", "coordinates": [ -112.847390115471853, 53.042955046747906 ] } },
{ "type": "Feature", "properties": { "lon": -112.79739011547186, "lat": 53.042955046747906, "AQHI_IDW": 1.8918316430722462, "NearestReading": "2025-11-20 01:00:00-07:00" }, "geometry": { "type": "Point", "coordinates": [ -112.797390115471856, 53.042955046747906 ] } },
{ "type": "Feature", "properties": { "lon": -112.74739011547186, "lat": 53.042955046747906, "AQHI_IDW": 1.9029478809858249, "NearestReading": "2025-11-20 01:00:00-07:00" }, "geometry": { "type": "Point", "coordinates": [ -112.747390115471859, 53.042955046747906 ] } },
{ "type": "Feature", "properties": { "lon": -112.69739011547186, "lat": 53.042955046747906, "AQHI_IDW": 1.9166491428104666, "NearestReading": "2025-11-20 01:00:00-07:00" }, "geometry": { "type": "Point", "coordinates": [ -112.697390115471862, 53.042955046747906 ] } },
{ "type": "Feature", "properties": { "lon": -112.64739011547186, "lat": 53.042955046747906, "AQHI_IDW": 2.057912994914425, "NearestReading": "2025-11-20 01:00:00-07:00" }, "geometry": { "type": "Point", "coordinates": [ -112.647390115471865, 53.042955046747906 ] } },
{ "type": "Feature", "properties": { "lon": -112.59739011547187, "lat": 53.042955046747906, "AQHI_IDW": 2.0692191474199273, "NearestReading": "2025-11-20 01:00:00-07:00" }, "geometry": { "type": "Point", "coordinates": [ -112.597390115471867, 53.042955046747906 ] } },
{ "type": "Feature", "properties": { "lon": -112.54739011547187, "lat": 53.042955046747906, "AQHI_IDW": 2.07994046784885, "NearestReading": "2025-11-20 01:00:00-07:00" }, "geometry": { "type": "Point", "coordinates": [ -112.54739011547187, 53.042955046747906 ] } },
{ "type": "Feature", "properties": { "lon": -112.49739011547187, "lat": 53.042955046747906, "AQHI_IDW": 2.0899484547486722, "NearestReading": "2025-11-20 01:00:00-07:00" }, "geometry": { "type": "Point", "coordinates": [ -112.497390115471873, 53.042955046747906 ] } },
{ "type": "Feature", "properties": { "lon": -112.44739011547188, "lat": 53.042955046747906, "AQHI_IDW": 2.0991659974934667, "NearestReading": "2025-11-20 01:00:00-07:00" }, "geometry": { "type": "Point", "coordinates": [ -112.447390115471876, 53.042955046747906 ] } },
{ "type": "Feature", "properties": { "lon": -112.39739011547188, "lat": 53.042955046747906, "AQHI_IDW": 2.1075603373993448, "NearestReading": "2025-11-20 01:00:00-07:00" }, "geometry": { "type": "Point", "coordinates": [ -112.397390115471879, 53.042955046747906 ] } },
{ "type": "Feature", "properties": { "lon": -112.34739011547188, "lat": 53.042955046747906, "AQHI_IDW": 2.1151343469090689, "NearestReading": "2025-11-20 01:00:00-07:00" }, "geometry": { "type": "Point", "coordinates": [ -112.347390115471882, 53.042955046747906 ] } },
{ "type": "Feature", "properties": { "lon": -112.29739011547188, "lat": 53.042955046747906, "AQHI_IDW": 2.1219173359096546, "NearestReading": "2025-11-20 01:00:00-07:00" }, "geometry": { "type": "Point", "coordinates": [ -112.297390115471885, 53.042955046747906 ] } },
{ "type": "Feature", "properties": { "lon": -112.24739011547189, "lat": 53.042955046747906, "AQHI_IDW": 2.1279564630388701, "NearestReading": "2025-11-20 01:00:00-07:00" }, "geometry": { "type": "Point", "coordinates": [ -112.247390115471887, 53.042955046747906 ] } },
{ "type": "Feature", "properties": { "lon": -113.7973901154718, "lat": 53.092955046747903, "AQHI_IDW": 2.2414619263069691, "NearestReading": "2025-11-20 01:00:00-07:00" }, "geometry": { "type": "Point", "coordinates": [ -113.797390115471799, 53.092955046747903 ] } },
{ "type": "Feature", "properties": { "lon": -113.7473901154718, "lat": 53.092955046747903, "AQHI_IDW": 2.2592761811001236, "NearestReading": "2025-11-20 01:00:00-07:00" }, "geometry": { "type": "Point", "coordinates": [ -113.747390115471802, 53.092955046747903 ] } },
{ "type": "Feature", "properties": { "lon": -113.6973901154718, "lat": 53.092955046747903, "AQHI_IDW": 2.2683350424017266, "NearestReading": "2025-11-20 01:00:00-07:00" }, "geometry": { "type": "Point", "coordinates": [ -113.697390115471805, 53.092955046747903 ] } },
{ "type": "Feature", "properties": { "lon": -113.64739011547181, "lat": 53.092955046747903, "AQHI_IDW": 2.2617478677050551, "NearestReading": "2025-11-20 01:00:00-07:00" }, "geometry": { "type": "Point", "coordinates": [ -113.647390115471808, 53.092955046747903 ] } },
{ "type": "Feature", "properties": { "lon": -113.59739011547181, "lat": 53.092955046747903, "AQHI_IDW": 2.2438485624470195, "NearestReading": "2025-11-20 01:00:00-07:00" }, "geometry": { "type": "Point", "coordinates": [ -113.597390115471811, 53.092955046747903 ] } },
{ "type": "Feature", "properties": { "lon": -113.54739011547181, "lat": 53.092955046747903, "AQHI_IDW": 2.2273991782533691, "NearestReading": "2025-11-20 01:00:00-07:00" }, "geometry": { "type": "Point", "coordinates": [ -113.547390115471813, 53.092955046747903 ] } },
{ "type": "Feature", "properties": { "lon": -113.49739011547182, "lat": 53.092955046747903, "AQHI_IDW": 2.2283907733527739, "NearestReading": "2025-11-20 01:00:00-07:00" }, "geometry": { "type": "Point", "coordinates": [ -113.497390115471816, 53.092955046747903 ] } },
{ "type": "Feature", "properties": { "lon": -113.44739011547182, "lat": 53.092955046747903, "AQHI_IDW": 2.2559847869195462, "NearestReading": "2025-11-20 01:00:00-07:00" }, "geometry": { "type": "Point", "coordinates": [ -113.447390115471819, 53.092955046747903 ] } },
{ "type": "Feature", "properties": { "lon": -113.39739011547182, "lat": 53.092955046747903, "AQHI_IDW": 2.2982943686495045, "NearestReading": "2025-11-20 01:00:00-07:00" }, "geometry": { "type": "Point", "coordinates": [ -113.397390115471822, 53.092955046747903 ] } },
{ "type": "Feature", "properties": { "lon": -113.34739011547182, "lat": 53.092955046747903, "AQHI_IDW": 2.3289066836780932, "NearestReading": "2025-11-20 01:00:00-07:00" }, "geometry": { "type": "Point", "coordinates": [ -113.347390115471825, 53.092955046747903 ] } },
{ "type": "Feature", "properties": { "lon": -113.29739011547183, "lat": 53.092955046747903, "AQHI_IDW": 2.3473282273856619, "NearestReading": "2025-11-20 01:00:00-07:00" }, "geometry": { "type": "Point", "coordinates": [ -113.297390115471828, 53.092955046747903 ] } },
{ "type": "Feature", "properties": { "lon": -113.24739011547183, "lat": 53.092955046747903, "AQHI_IDW": 2.3515176434634526, "NearestReading": "2025-11-20 01:00:00-07:00" }, "geometry": { "type": "Point", "coordinates": [ -113.247390115471831, 53.092955046747903 ] } },
{ "type": "Feature", "properties": { "lon": -113.19739011547183, "lat": 53.092955046747903, "AQHI_IDW": 2.3445920882370563, "NearestReading": "2025-11-20 01:00:00-07:00" }, "geometry": { "type": "Point", "coordinates": [ -113.197390115471833, 53.092955046747903 ] } },
{ "type": "Feature", "properties": { "lon": -113.14739011547184, "lat": 53.092955046747903, "AQHI_IDW": 2.3311628039619094, "NearestReading": "2025-11-20 01:00:00-07:00" }, "geometry": { "type": "Point", "coordinates": [ -113.147390115471836, 53.092955046747903 ] } },
{ "type": "Feature", "properties": { "lon": -113.09739011547184, "lat": 53.092955046747903, "AQHI_IDW": 2.3154485217310121, "NearestReading": "2025-11-20 01:00:00-07:00" }, "geometry": { "type": "Point", "coordinates": [ -113.097390115471839, 53.092955046747903 ] } },
{ "type": "Feature", "properties": { "lon": -113.04739011547184, "lat": 53.092955046747903, "AQHI_IDW": 1.938388783430979, "NearestReading": "2025-11-20 01:00:00-07:00" }, "geometry": { "type": "Point", "coordinates": [ -113.047390115471842, 53.092955046747903 ] } },
{ "type": "Feature", "properties": { "lon": -112.99739011547184, "lat": 53.092955046747903, "AQHI_IDW": 1.9153218983557632, "NearestReading": "2025-11-20 01:00:00-07:00" }, "geometry": { "type": "Point", "coordinates": [ -112.997390115471845, 53.092955046747903 ] } },
{ "type": "Feature", "properties": { "lon": -112.94739011547185, "lat": 53.092955046747903, "AQHI_IDW": 1.8941576984364146, "NearestReading": "2025-11-20 01:00:00-07:00" }, "geometry": { "type": "Point", "coordinates": [ -112.947390115471848, 53.092955046747903 ] } },
{ "type": "Feature", "properties": { "lon": -112.89739011547185, "lat": 53.092955046747903, "AQHI_IDW": 1.8777119789416736, "NearestReading": "2025-11-20 01:00:00-07:00" }, "geometry": { "type": "Point", "coordinates": [ -112.89739011547185, 53.092955046747903 ] } },
{ "type": "Feature", "properties": { "lon": -112.84739011547185, "lat": 53.092955046747903, "AQHI_IDW": 1.8768920893122314, "NearestReading": "2025-11-20 01:00:00-07:00" }, "geometry": { "type": "Point", "coordinates": [ -112.847390115471853, 53.092955046747903 ] } },
{ "type": "Feature", "properties": { "lon": -112.79739011547186, "lat": 53.092955046747903, "AQHI_IDW": 1.8837076095185445, "NearestReading": "2025-11-20 01:00:00-07:00" }, "geometry": { "type": "Point", "coordinates": [ -112.797390115471856, 53.092955046747903 ] } },
{ "type": "Feature", "properties": { "lon": -112.74739011547186, "lat": 53.092955046747903, "AQHI_IDW": 2.0286646775622041, "NearestReading": "2025-11-20 01:00:00-07:00" }, "geometry": { "type": "Point", "coordinates": [ -112.747390115471859, 53.092955046747903 ] } },
{ "type": "Feature", "properties": { "lon": -112.69739011547186, "lat": 53.092955046747903, "AQHI_IDW": 2.0424541259505031, "NearestReading": "2025-11-20 01:00:00-07:00" }, "geometry": { "type": "Point", "coordinates": [ -112.697390115471862, 53.092955046747903 ] } },
{ "type": "Feature", "properties": { "lon": -112.64739011547186, "lat": 53.092955046747903, "AQHI_IDW": 2.0558930876747592, "NearestReading": "2025-11-20 01:00:00-07:00" }, "geometry": { "type": "Point", "coordinates": [ -112.647390115471865, 53.092955046747903 ] } },
{ "type": "Feature", "properties": { "lon": -112.59739011547187, "lat": 53.092955046747903, "AQHI_IDW": 2.0687082036926183, "NearestReading": "2025-11-20 01:00:00-07:00" }, "geometry": { "type": "Point", "coordinates": [ -112.597390115471867, 53.092955046747903 ] } },
{ "type": "Feature", "properties": { "lon": -112.54739011547187, "lat": 53.092955046747903, "AQHI_IDW": 2.0806989289323217, "NearestReading": "2025-11-20 01:00:00-07:00" }, "geometry": { "type": "Point", "coordinates": [ -112.54739011547187, 53.092955046747903 ] } },
{ "type": "Feature", "properties": { "lon": -112.49739011547187, "lat": 53.092955046747903, "AQHI_IDW": 2.0917355685987902, "NearestReading": "2025-11-20 01:00:00-07:00" }, "geometry": { "type": "Point", "coordinates": [ -112.497390115471873, 53.092955046747903 ] } },
{ "type": "Feature", "properties": { "lon": -112.44739011547188, "lat": 53.092955046747903, "AQHI_IDW": 2.1017531531253919, "NearestReading": "2025-11-20 01:00:00-07:00" }, "geometry": { "type": "Point", "coordinates": [ -112.447390115471876, 53.092955046747903 ] } },
{ "type": "Feature", "properties": { "lon": -112.39739011547188, "lat": 53.092955046747903, "AQHI_IDW": 2.1107410457475222, "NearestReading": "2025-11-20 01:00:00-07:00" }, "geometry": { "type": "Point", "coordinates": [ -112.397390115471879, 53.092955046747903 ] } },
{ "type": "Feature", "properties": { "lon": -112.34739011547188, "lat": 53.092955046747903, "AQHI_IDW": 2.1187301105198642, "NearestReading": "2025-11-20 01:00:00-07:00" }, "geometry": { "type": "Point", "coordinates": [ -112.347390115471882, 53.092955046747903 ] } },
{ "type": "Feature", "properties": { "lon": -112.29739011547188, "lat": 53.092955046747903, "AQHI_IDW": 2.1257796894387564, "NearestReading": "2025-11-20 01:00:00-07:00" }, "geometry": { "type": "Point", "coordinates": [ -112.297390115471885, 53.092955046747903 ] } },
{ "type": "Feature", "properties": { "lon": -112.24739011547189, "lat": 53.092955046747903, "AQHI_IDW": 2.1313412369502069, "NearestReading": "2025-11-20 01:00:00-07:00" }, "geometry": { "type": "Point", "coordinates": [ -112.247390115471887, 53.092955046747903 ] } },
{ "type": "Feature", "properties": { "lon": -113.7973901154718, "lat": 53.1429550467479, "AQHI_IDW": 2.2175392304956776, "NearestReading": "2025-11-20 01:00:00-07:00" }, "geometry": { "type": "Point", "coordinates": [ -113.797390115471799, 53.1429550467479 ] } },
{ "type": "Feature", "properties": { "lon": -113.7473901154718, "lat": 53.1429550467479, "AQHI_IDW": 2.240612585721184, "NearestReading": "2025-11-20 01:00:00-07:00" }, "geometry": { "type": "Point", "coordinates": [ -113.747390115471802, 53.1429550467479 ] } },
{ "type": "Feature", "properties": { "lon": -113.6973901154718, "lat": 53.1429550467479, "AQHI_IDW": 2.2526378271215521, "NearestReading": "2025-11-20 01:00:00-07:00" }, "geometry": { "type": "Point", "coordinates": [ -113.697390115471805, 53.1429550467479 ] } },
{ "type": "Feature", "properties": { "lon": -113.64739011547181, "lat": 53.1429550467479, "AQHI_IDW": 2.2396444887306646, "NearestReading": "2025-11-20 01:00:00-07:00" }, "geometry": { "type": "Point", "coordinates": [ -113.647390115471808, 53.1429550467479 ] } },
{ "type": "Feature", "properties": { "lon": -113.59739011547181, "lat": 53.1429550467479, "AQHI_IDW": 2.2044228053350672, "NearestReading": "2025-11-20 01:00:00-07:00" }, "geometry": { "type": "Point", "coordinates": [ -113.597390115471811, 53.1429550467479 ] } },
{ "type": "Feature", "properties": { "lon": -113.54739011547181, "lat": 53.1429550467479, "AQHI_IDW": 2.1640561583236457, "NearestReading": "2025-11-20 01:00:00-07:00" }, "geometry": { "type": "Point", "coordinates": [ -113.547390115471813, 53.1429550467479 ] } },
{ "type": "Feature", "properties": { "lon": -113.49739011547182, "lat": 53.1429550467479, "AQHI_IDW": 2.1536039151410384, "NearestReading": "2025-11-20 01:00:00-07:00" }, "geometry": { "type": "Point", "coordinates": [ -113.497390115471816, 53.1429550467479 ] } },
{ "type": "Feature", "properties": { "lon": -113.44739011547182, "lat": 53.1429550467479, "AQHI_IDW": 2.1949538869774203, "NearestReading": "2025-11-20 01:00:00-07:00" }, "geometry": { "type": "Point", "coordinates": [ -113.447390115471819, 53.1429550467479 ] } },
{ "type": "Feature", "properties": { "lon": -113.39739011547182, "lat": 53.1429550467479, "AQHI_IDW": 2.2639064505952278, "NearestReading": "2025-11-20 01:00:00-07:00" }, "geometry": { "type": "Point", "coordinates": [ -113.397390115471822, 53.1429550467479 ] } },
{ "type": "Feature", "properties": { "lon": -113.34739011547182, "lat": 53.1429550467479, "AQHI_IDW": 2.3166116109637667, "NearestReading": "2025-11-20 01:00:00-07:00" }, "geometry": { "type": "Point", "coordinates": [ -113.347390115471825, 53.1429550467479 ] } },
{ "type": "Feature", "properties": { "lon": -113.29739011547183, "lat": 53.1429550467479, "AQHI_IDW": 2.3437769155045296, "NearestReading": "2025-11-20 01:00:00-07:00" }, "geometry": { "type": "Point", "coordinates": [ -113.297390115471828, 53.1429550467479 ] } },
{ "type": "Feature", "properties": { "lon": -113.24739011547183, "lat": 53.1429550467479, "AQHI_IDW": 2.3470802582281447, "NearestReading": "2025-11-20 01:00:00-07:00" }, "geometry": { "type": "Point", "coordinates": [ -113.247390115471831, 53.1429550467479 ] } },
{ "type": "Feature", "properties": { "lon": -113.19739011547183, "lat": 53.1429550467479, "AQHI_IDW": 2.3345374795399305, "NearestReading": "2025-11-20 01:00:00-07:00" }, "geometry": { "type": "Point", "coordinates": [ -113.197390115471833, 53.1429550467479 ] } },
{ "type": "Feature", "properties": { "lon": -113.14739011547184, "lat": 53.1429550467479, "AQHI_IDW": 2.3142911200893561, "NearestReading": "2025-11-20 01:00:00-07:00" }, "geometry": { "type": "Point", "coordinates": [ -113.147390115471836, 53.1429550467479 ] } },
{ "type": "Feature", "properties": { "lon": -113.09739011547184, "lat": 53.1429550467479, "AQHI_IDW": 2.1777208432798689, "NearestReading": "2025-11-20 01:00:00-07:00" }, "geometry": { "type": "Point", "coordinates": [ -113.097390115471839, 53.1429550467479 ] } },
{ "type": "Feature", "properties": { "lon": -113.04739011547184, "lat": 53.1429550467479, "AQHI_IDW": 1.9230769756432644, "NearestReading": "2025-11-20 01:00:00-07:00" }, "geometry": { "type": "Point", "coordinates": [ -113.047390115471842, 53.1429550467479 ] } },
{ "type": "Feature", "properties": { "lon": -112.99739011547184, "lat": 53.1429550467479, "AQHI_IDW": 1.8969560855266892, "NearestReading": "2025-11-20 01:00:00-07:00" }, "geometry": { "type": "Point", "coordinates": [ -112.997390115471845, 53.1429550467479 ] } },
{ "type": "Feature", "properties": { "lon": -112.94739011547185, "lat": 53.1429550467479, "AQHI_IDW": 1.8735718746591743, "NearestReading": "2025-11-20 01:00:00-07:00" }, "geometry": { "type": "Point", "coordinates": [ -112.947390115471848, 53.1429550467479 ] } },
{ "type": "Feature", "properties": { "lon": -112.89739011547185, "lat": 53.1429550467479, "AQHI_IDW": 1.8589258096708308, "NearestReading": "2025-11-20 01:00:00-07:00" }, "geometry": { "type": "Point", "coordinates": [ -112.89739011547185, 53.1429550467479 ] } },
{ "type": "Feature", "properties": { "lon": -112.84739011547185, "lat": 53.1429550467479, "AQHI_IDW": 1.993034368534603, "NearestReading": "2025-11-20 01:00:00-07:00" }, "geometry": { "type": "Point", "coordinates": [ -112.847390115471853, 53.1429550467479 ] } },
{ "type": "Feature", "properties": { "lon": -112.79739011547186, "lat": 53.1429550467479, "AQHI_IDW": 2.0066678985486357, "NearestReading": "2025-11-20 01:00:00-07:00" }, "geometry": { "type": "Point", "coordinates": [ -112.797390115471856, 53.1429550467479 ] } },
{ "type": "Feature", "properties": { "lon": -112.74739011547186, "lat": 53.1429550467479, "AQHI_IDW": 2.022968237432476, "NearestReading": "2025-11-20 01:00:00-07:00" }, "geometry": { "type": "Point", "coordinates": [ -112.747390115471859, 53.1429550467479 ] } },
{ "type": "Feature", "properties": { "lon": -112.69739011547186, "lat": 53.1429550467479, "AQHI_IDW": 2.0390447002764618, "NearestReading": "2025-11-20 01:00:00-07:00" }, "geometry": { "type": "Point", "coordinates": [ -112.697390115471862, 53.1429550467479 ] } },
{ "type": "Feature", "properties": { "lon": -112.64739011547186, "lat": 53.1429550467479, "AQHI_IDW": 2.0545048924715266, "NearestReading": "2025-11-20 01:00:00-07:00" }, "geometry": { "type": "Point", "coordinates": [ -112.647390115471865, 53.1429550467479 ] } },
{ "type": "Feature", "properties": { "lon": -112.59739011547187, "lat": 53.1429550467479, "AQHI_IDW": 2.0690423901542623, "NearestReading": "2025-11-20 01:00:00-07:00" }, "geometry": { "type": "Point", "coordinates": [ -112.597390115471867, 53.1429550467479 ] } },
{ "type": "Feature", "properties": { "lon": -112.54739011547187, "lat": 53.1429550467479, "AQHI_IDW": 2.0824411056108012, "NearestReading": "2025-11-20 01:00:00-07:00" }, "geometry": { "type": "Point", "coordinates": [ -112.54739011547187, 53.1429550467479 ] } },
{ "type": "Feature", "properties": { "lon": -112.49739011547187, "lat": 53.1429550467479, "AQHI_IDW": 2.0945762940465267, "NearestReading": "2025-11-20 01:00:00-07:00" }, "geometry": { "type": "Point", "coordinates": [ -112.497390115471873, 53.1429550467479 ] } },
{ "type": "Feature", "properties": { "lon": -112.44739011547188, "lat": 53.1429550467479, "AQHI_IDW": 2.1054063103097187, "NearestReading": "2025-11-20 01:00:00-07:00" }, "geometry": { "type": "Point", "coordinates": [ -112.447390115471876, 53.1429550467479 ] } },
{ "type": "Feature", "properties": { "lon": -112.39739011547188, "lat": 53.1429550467479, "AQHI_IDW": 2.1149564710362805, "NearestReading": "2025-11-20 01:00:00-07:00" }, "geometry": { "type": "Point", "coordinates": [ -112.397390115471879, 53.1429550467479 ] } },
{ "type": "Feature", "properties": { "lon": -112.34739011547188, "lat": 53.1429550467479, "AQHI_IDW": 2.1232967415331778, "NearestReading": "2025-11-20 01:00:00-07:00" }, "geometry": { "type": "Point", "coordinates": [ -112.347390115471882, 53.1429550467479 ] } },
{ "type": "Feature", "properties": { "lon": -112.29739011547188, "lat": 53.1429550467479, "AQHI_IDW": 2.1298314220064496, "NearestReading": "2025-11-20 01:00:00-07:00" }, "geometry": { "type": "Point", "coordinates": [ -112.297390115471885, 53.1429550467479 ] } },
{ "type": "Feature", "properties": { "lon": -112.24739011547189, "lat": 53.1429550467479, "AQHI_IDW": 2.1353768525810586, "NearestReading": "2025-11-20 01:00:00-07:00" }, "geometry": { "type": "Point", "coordinates": [ -112.247390115471887, 53.1429550467479 ] } },
{ "type": "Feature", "properties": { "lon": -113.7973901154718, "lat": 53.192955046747898, "AQHI_IDW": 2.1834871586861868, "NearestReading": "2025-11-20 01:00:00-07:00" }, "geometry": { "type": "Point", "coordinates": [ -113.797390115471799, 53.192955046747898 ] } },
{ "type": "Feature", "properties": { "lon": -113.7473901154718, "lat": 53.192955046747898, "AQHI_IDW": 2.2168328768934913, "NearestReading": "2025-11-20 01:00:00-07:00" }, "geometry": { "type": "Point", "coordinates": [ -113.747390115471802, 53.192955046747898 ] } },
{ "type": "Feature", "properties": { "lon": -113.6973901154718, "lat": 53.192955046747898, "AQHI_IDW": 2.2396872703416393, "NearestReading": "2025-11-20 01:00:00-07:00" }, "geometry": { "type": "Point", "coordinates": [ -113.697390115471805, 53.192955046747898 ] } },
{ "type": "Feature", "properties": { "lon": -113.64739011547181, "lat": 53.192955046747898, "AQHI_IDW": 2.2278565648380231, "NearestReading": "2025-11-20 01:00:00-07:00" }, "geometry": { "type": "Point", "coordinates": [ -113.647390115471808, 53.192955046747898 ] } },
{ "type": "Feature", "properties": { "lon": -113.59739011547181, "lat": 53.192955046747898, "AQHI_IDW": 2.1722405063547221, "NearestReading": "2025-11-20 01:00:00-07:00" }, "geometry": { "type": "Point", "coordinates": [ -113.597390115471811, 53.192955046747898 ] } },
{ "type": "Feature", "properties": { "lon": -113.54739011547181, "lat": 53.192955046747898, "AQHI_IDW": 2.0919063933746678, "NearestReading": "2025-11-20 01:00:00-07:00" }, "geometry": { "type": "Point", "coordinates": [ -113.547390115471813, 53.192955046747898 ] } },
{ "type": "Feature", "properties": { "lon": -113.49739011547182, "lat": 53.192955046747898, "AQHI_IDW": 2.0595943426220384, "NearestReading": "2025-11-20 01:00:00-07:00" }, "geometry": { "type": "Point", "coordinates": [ -113.497390115471816, 53.192955046747898 ] } },
{ "type": "Feature", "properties": { "lon": -113.44739011547182, "lat": 53.192955046747898, "AQHI_IDW": 2.1275256640130049, "NearestReading": "2025-11-20 01:00:00-07:00" }, "geometry": { "type": "Point", "coordinates": [ -113.447390115471819, 53.192955046747898 ] } },
{ "type": "Feature", "properties": { "lon": -113.39739011547182, "lat": 53.192955046747898, "AQHI_IDW": 2.2403802732931628, "NearestReading": "2025-11-20 01:00:00-07:00" }, "geometry": { "type": "Point", "coordinates": [ -113.397390115471822, 53.192955046747898 ] } },
{ "type": "Feature", "properties": { "lon": -113.34739011547182, "lat": 53.192955046747898, "AQHI_IDW": 2.3188287378789498, "NearestReading": "2025-11-20 01:00:00-07:00" }, "geometry": { "type": "Point", "coordinates": [ -113.347390115471825, 53.192955046747898 ] } },
{ "type": "Feature", "properties": { "lon": -113.29739011547183, "lat": 53.192955046747898, "AQHI_IDW": 2.3499480619352311, "NearestReading": "2025-11-20 01:00:00-07:00" }, "geometry": { "type": "Point", "coordinates": [ -113.297390115471828, 53.192955046747898 ] } },
{ "type": "Feature", "properties": { "lon": -113.24739011547183, "lat": 53.192955046747898, "AQHI_IDW": 2.3457748301699581, "NearestReading": "2025-11-20 01:00:00-07:00" }, "geometry": { "type": "Point", "coordinates": [ -113.247390115471831, 53.192955046747898 ] } },
{ "type": "Feature", "properties": { "lon": -113.19739011547183, "lat": 53.192955046747898, "AQHI_IDW": 2.3219393225879301, "NearestReading": "2025-11-20 01:00:00-07:00" }, "geometry": { "type": "Point", "coordinates": [ -113.197390115471833, 53.192955046747898 ] } },
{ "type": "Feature", "properties": { "lon": -113.14739011547184, "lat": 53.192955046747898, "AQHI_IDW": 2.2908469406127629, "NearestReading": "2025-11-20 01:00:00-07:00" }, "geometry": { "type": "Point", "coordinates": [ -113.147390115471836, 53.192955046747898 ] } },
{ "type": "Feature", "properties": { "lon": -113.09739011547184, "lat": 53.192955046747898, "AQHI_IDW": 2.1548284628086725, "NearestReading": "2025-11-20 01:00:00-07:00" }, "geometry": { "type": "Point", "coordinates": [ -113.097390115471839, 53.192955046747898 ] } },
{ "type": "Feature", "properties": { "lon": -113.04739011547184, "lat": 53.192955046747898, "AQHI_IDW": 1.9021478247383308, "NearestReading": "2025-11-20 01:00:00-07:00" }, "geometry": { "type": "Point", "coordinates": [ -113.047390115471842, 53.192955046747898 ] } },
{ "type": "Feature", "properties": { "lon": -112.99739011547184, "lat": 53.192955046747898, "AQHI_IDW": 1.8729876890473993, "NearestReading": "2025-11-20 01:00:00-07:00" }, "geometry": { "type": "Point", "coordinates": [ -112.997390115471845, 53.192955046747898 ] } },
{ "type": "Feature", "properties": { "lon": -112.94739011547185, "lat": 53.192955046747898, "AQHI_IDW": 1.8476273783200943, "NearestReading": "2025-11-20 01:00:00-07:00" }, "geometry": { "type": "Point", "coordinates": [ -112.947390115471848, 53.192955046747898 ] } },
{ "type": "Feature", "properties": { "lon": -112.89739011547185, "lat": 53.192955046747898, "AQHI_IDW": 1.9683118501437471, "NearestReading": "2025-11-20 01:00:00-07:00" }, "geometry": { "type": "Point", "coordinates": [ -112.89739011547185, 53.192955046747898 ] } },
{ "type": "Feature", "properties": { "lon": -112.84739011547185, "lat": 53.192955046747898, "AQHI_IDW": 1.9787649096433311, "NearestReading": "2025-11-20 01:00:00-07:00" }, "geometry": { "type": "Point", "coordinates": [ -112.847390115471853, 53.192955046747898 ] } },
{ "type": "Feature", "properties": { "lon": -112.79739011547186, "lat": 53.192955046747898, "AQHI_IDW": 1.9980908024719684, "NearestReading": "2025-11-20 01:00:00-07:00" }, "geometry": { "type": "Point", "coordinates": [ -112.797390115471856, 53.192955046747898 ] } },
{ "type": "Feature", "properties": { "lon": -112.74739011547186, "lat": 53.192955046747898, "AQHI_IDW": 2.0174110576420272, "NearestReading": "2025-11-20 01:00:00-07:00" }, "geometry": { "type": "Point", "coordinates": [ -112.747390115471859, 53.192955046747898 ] } },
{ "type": "Feature", "properties": { "lon": -112.69739011547186, "lat": 53.192955046747898, "AQHI_IDW": 2.0362018577722716, "NearestReading": "2025-11-20 01:00:00-07:00" }, "geometry": { "type": "Point", "coordinates": [ -112.697390115471862, 53.192955046747898 ] } },
{ "type": "Feature", "properties": { "lon": -112.64739011547186, "lat": 53.192955046747898, "AQHI_IDW": 2.0540225522410229, "NearestReading": "2025-11-20 01:00:00-07:00" }, "geometry": { "type": "Point", "coordinates": [ -112.647390115471865, 53.192955046747898 ] } },
{ "type": "Feature", "properties": { "lon": -112.59739011547187, "lat": 53.192955046747898, "AQHI_IDW": 2.0705239911811986, "NearestReading": "2025-11-20 01:00:00-07:00" }, "geometry": { "type": "Point", "coordinates": [ -112.597390115471867, 53.192955046747898 ] } },
{ "type": "Feature", "properties": { "lon": -112.54739011547187, "lat": 53.192955046747898, "AQHI_IDW": 2.0854721329973271, "NearestReading": "2025-11-20 01:00:00-07:00" }, "geometry": { "type": "Point", "coordinates": [ -112.54739011547187, 53.192955046747898 ] } },
{ "type": "Feature", "properties": { "lon": -112.49739011547187, "lat": 53.192955046747898, "AQHI_IDW": 2.0987565996852191, "NearestReading": "2025-11-20 01:00:00-07:00" }, "geometry": { "type": "Point", "coordinates": [ -112.497390115471873, 53.192955046747898 ] } },
{ "type": "Feature", "properties": { "lon": -112.44739011547188, "lat": 53.192955046747898, "AQHI_IDW": 2.1103773571152846, "NearestReading": "2025-11-20 01:00:00-07:00" }, "geometry": { "type": "Point", "coordinates": [ -112.447390115471876, 53.192955046747898 ] } },
{ "type": "Feature", "properties": { "lon": -112.39739011547188, "lat": 53.192955046747898, "AQHI_IDW": 2.1203805043082102, "NearestReading": "2025-11-20 01:00:00-07:00" }, "geometry": { "type": "Point", "coordinates": [ -112.397390115471879, 53.192955046747898 ] } },
{ "type": "Feature", "properties": { "lon": -112.34739011547188, "lat": 53.192955046747898, "AQHI_IDW": 2.1282168246311239, "NearestReading": "2025-11-20 01:00:00-07:00" }, "geometry": { "type": "Point", "coordinates": [ -112.347390115471882, 53.192955046747898 ] } },
{ "type": "Feature", "properties": { "lon": -112.29739011547188, "lat": 53.192955046747898, "AQHI_IDW": 2.1347566163546019, "NearestReading": "2025-11-20 01:00:00-07:00" }, "geometry": { "type": "Point", "coordinates": [ -112.297390115471885, 53.192955046747898 ] } },
{ "type": "Feature", "properties": { "lon": -112.24739011547189, "lat": 53.192955046747898, "AQHI_IDW": 2.1401897243446735, "NearestReading": "2025-11-20 01:00:00-07:00" }, "geometry": { "type": "Point", "coordinates": [ -112.247390115471887, 53.192955046747898 ] } },
{ "type": "Feature", "properties": { "lon": -113.7973901154718, "lat": 53.242955046747895, "AQHI_IDW": 2.128497437263277, "NearestReading": "2025-11-20 01:00:00-07:00" }, "geometry": { "type": "Point", "coordinates": [ -113.797390115471799, 53.242955046747895 ] } },
{ "type": "Feature", "properties": { "lon": -113.7473901154718, "lat": 53.242955046747895, "AQHI_IDW": 2.1785301428237589, "NearestReading": "2025-11-20 01:00:00-07:00" }, "geometry": { "type": "Point", "coordinates": [ -113.747390115471802, 53.242955046747895 ] } },
{ "type": "Feature", "properties": { "lon": -113.6973901154718, "lat": 53.242955046747895, "AQHI_IDW": 2.2272937606052117, "NearestReading": "2025-11-20 01:00:00-07:00" }, "geometry": { "type": "Point", "coordinates": [ -113.697390115471805, 53.242955046747895 ] } },
{ "type": "Feature", "properties": { "lon": -113.64739011547181, "lat": 53.242955046747895, "AQHI_IDW": 2.2384716447034037, "NearestReading": "2025-11-20 01:00:00-07:00" }, "geometry": { "type": "Point", "coordinates": [ -113.647390115471808, 53.242955046747895 ] } },
{ "type": "Feature", "properties": { "lon": -113.59739011547181, "lat": 53.242955046747895, "AQHI_IDW": 2.1796600434887883, "NearestReading": "2025-11-20 01:00:00-07:00" }, "geometry": { "type": "Point", "coordinates": [ -113.597390115471811, 53.242955046747895 ] } },
{ "type": "Feature", "properties": { "lon": -113.54739011547181, "lat": 53.242955046747895, "AQHI_IDW": 2.0603526612244369, "NearestReading": "2025-11-20 01:00:00-07:00" }, "geometry": { "type": "Point", "coordinates": [ -113.547390115471813, 53.242955046747895 ] } },
{ "type": "Feature", "properties": { "lon": -113.49739011547182, "lat": 53.242955046747895, "AQHI_IDW": 2.0016344590773554, "NearestReading": "2025-11-20 01:00:00-07:00" }, "geometry": { "type": "Point", "coordinates": [ -113.497390115471816, 53.242955046747895 ] } },
{ "type": "Feature", "properties": { "lon": -113.44739011547182, "lat": 53.242955046747895, "AQHI_IDW": 2.1065643247945731, "NearestReading": "2025-11-20 01:00:00-07:00" }, "geometry": { "type": "Point", "coordinates": [ -113.447390115471819, 53.242955046747895 ] } },
{ "type": "Feature", "properties": { "lon": -113.39739011547182, "lat": 53.242955046747895, "AQHI_IDW": 2.2623387195636737, "NearestReading": "2025-11-20 01:00:00-07:00" }, "geometry": { "type": "Point", "coordinates": [ -113.397390115471822, 53.242955046747895 ] } },
{ "type": "Feature", "properties": { "lon": -113.34739011547182, "lat": 53.242955046747895, "AQHI_IDW": 2.3500059941928035, "NearestReading": "2025-11-20 01:00:00-07:00" }, "geometry": { "type": "Point", "coordinates": [ -113.347390115471825, 53.242955046747895 ] } },
{ "type": "Feature", "properties": { "lon": -113.29739011547183, "lat": 53.242955046747895, "AQHI_IDW": 2.3688534374115036, "NearestReading": "2025-11-20 01:00:00-07:00" }, "geometry": { "type": "Point", "coordinates": [ -113.297390115471828, 53.242955046747895 ] } },
{ "type": "Feature", "properties": { "lon": -113.24739011547183, "lat": 53.242955046747895, "AQHI_IDW": 2.3454918563999207, "NearestReading": "2025-11-20 01:00:00-07:00" }, "geometry": { "type": "Point", "coordinates": [ -113.247390115471831, 53.242955046747895 ] } },
{ "type": "Feature", "properties": { "lon": -113.19739011547183, "lat": 53.242955046747895, "AQHI_IDW": 2.3023767179159997, "NearestReading": "2025-11-20 01:00:00-07:00" }, "geometry": { "type": "Point", "coordinates": [ -113.197390115471833, 53.242955046747895 ] } },
{ "type": "Feature", "properties": { "lon": -113.14739011547184, "lat": 53.242955046747895, "AQHI_IDW": 2.2585681492661287, "NearestReading": "2025-11-20 01:00:00-07:00" }, "geometry": { "type": "Point", "coordinates": [ -113.147390115471836, 53.242955046747895 ] } },
{ "type": "Feature", "properties": { "lon": -113.09739011547184, "lat": 53.242955046747895, "AQHI_IDW": 2.2294263611883842, "NearestReading": "2025-11-20 01:00:00-07:00" }, "geometry": { "type": "Point", "coordinates": [ -113.097390115471839, 53.242955046747895 ] } },
{ "type": "Feature", "properties": { "lon": -113.04739011547184, "lat": 53.242955046747895, "AQHI_IDW": 1.8731669903245083, "NearestReading": "2025-11-20 01:00:00-07:00" }, "geometry": { "type": "Point", "coordinates": [ -113.047390115471842, 53.242955046747895 ] } },
{ "type": "Feature", "properties": { "lon": -112.99739011547184, "lat": 53.242955046747895, "AQHI_IDW": 1.8416142087379648, "NearestReading": "2025-11-20 01:00:00-07:00" }, "geometry": { "type": "Point", "coordinates": [ -112.997390115471845, 53.242955046747895 ] } },
{ "type": "Feature", "properties": { "lon": -112.94739011547185, "lat": 53.242955046747895, "AQHI_IDW": 1.9398798243887991, "NearestReading": "2025-11-20 01:00:00-07:00" }, "geometry": { "type": "Point", "coordinates": [ -112.947390115471848, 53.242955046747895 ] } },
{ "type": "Feature", "properties": { "lon": -112.89739011547185, "lat": 53.242955046747895, "AQHI_IDW": 1.9428608583455267, "NearestReading": "2025-11-20 01:00:00-07:00" }, "geometry": { "type": "Point", "coordinates": [ -112.89739011547185, 53.242955046747895 ] } },
{ "type": "Feature", "properties": { "lon": -112.84739011547185, "lat": 53.242955046747895, "AQHI_IDW": 1.9659435936666558, "NearestReading": "2025-11-20 01:00:00-07:00" }, "geometry": { "type": "Point", "coordinates": [ -112.847390115471853, 53.242955046747895 ] } },
{ "type": "Feature", "properties": { "lon": -112.79739011547186, "lat": 53.242955046747895, "AQHI_IDW": 1.989252752449753, "NearestReading": "2025-11-20 01:00:00-07:00" }, "geometry": { "type": "Point", "coordinates": [ -112.797390115471856, 53.242955046747895 ] } },
{ "type": "Feature", "properties": { "lon": -112.74739011547186, "lat": 53.242955046747895, "AQHI_IDW": 2.0121863080431046, "NearestReading": "2025-11-20 01:00:00-07:00" }, "geometry": { "type": "Point", "coordinates": [ -112.747390115471859, 53.242955046747895 ] } },
{ "type": "Feature", "properties": { "lon": -112.69739011547186, "lat": 53.242955046747895, "AQHI_IDW": 2.0342085832166372, "NearestReading": "2025-11-20 01:00:00-07:00" }, "geometry": { "type": "Point", "coordinates": [ -112.697390115471862, 53.242955046747895 ] } },
{ "type": "Feature", "properties": { "lon": -112.64739011547186, "lat": 53.242955046747895, "AQHI_IDW": 2.0548044157096212, "NearestReading": "2025-11-20 01:00:00-07:00" }, "geometry": { "type": "Point", "coordinates": [ -112.647390115471865, 53.242955046747895 ] } },
{ "type": "Feature", "properties": { "lon": -112.59739011547187, "lat": 53.242955046747895, "AQHI_IDW": 2.0735504350848353, "NearestReading": "2025-11-20 01:00:00-07:00" }, "geometry": { "type": "Point", "coordinates": [ -112.597390115471867, 53.242955046747895 ] } },
{ "type": "Feature", "properties": { "lon": -112.54739011547187, "lat": 53.242955046747895, "AQHI_IDW": 2.0901866267459503, "NearestReading": "2025-11-20 01:00:00-07:00" }, "geometry": { "type": "Point", "coordinates": [ -112.54739011547187, 53.242955046747895 ] } },
{ "type": "Feature", "properties": { "lon": -112.49739011547187, "lat": 53.242955046747895, "AQHI_IDW": 2.1046348554034218, "NearestReading": "2025-11-20 01:00:00-07:00" }, "geometry": { "type": "Point", "coordinates": [ -112.497390115471873, 53.242955046747895 ] } },
{ "type": "Feature", "properties": { "lon": -112.44739011547188, "lat": 53.242955046747895, "AQHI_IDW": 2.1168947119703221, "NearestReading": "2025-11-20 01:00:00-07:00" }, "geometry": { "type": "Point", "coordinates": [ -112.447390115471876, 53.242955046747895 ] } },
{ "type": "Feature", "properties": { "lon": -112.39739011547188, "lat": 53.242955046747895, "AQHI_IDW": 2.1264747146108434, "NearestReading": "2025-11-20 01:00:00-07:00" }, "geometry": { "type": "Point", "coordinates": [ -112.397390115471879, 53.242955046747895 ] } },
{ "type": "Feature", "properties": { "lon": -112.34739011547188, "lat": 53.242955046747895, "AQHI_IDW": 2.134312952808096, "NearestReading": "2025-11-20 01:00:00-07:00" }, "geometry": { "type": "Point", "coordinates": [ -112.347390115471882, 53.242955046747895 ] } },
{ "type": "Feature", "properties": { "lon": -112.29739011547188, "lat": 53.242955046747895, "AQHI_IDW": 2.1406843900718524, "NearestReading": "2025-11-20 01:00:00-07:00" }, "geometry": { "type": "Point", "coordinates": [ -112.297390115471885, 53.242955046747895 ] } },
{ "type": "Feature", "properties": { "lon": -112.24739011547189, "lat": 53.242955046747895, "AQHI_IDW": 2.1458433798864336, "NearestReading": "2025-11-20 01:00:00-07:00" }, "geometry": { "type": "Point", "coordinates": [ -112.247390115471887, 53.242955046747895 ] } },
{ "type": "Feature", "properties": { "lon": -113.7973901154718, "lat": 53.292955046747892, "AQHI_IDW": 2.0328289963602559, "NearestReading": "2025-11-20 01:00:00-07:00" }, "geometry": { "type": "Point", "coordinates": [ -113.797390115471799, 53.292955046747892 ] } },
{ "type": "Feature", "properties": { "lon": -113.7473901154718, "lat": 53.292955046747892, "AQHI_IDW": 2.1039338061033241, "NearestReading": "2025-11-20 01:00:00-07:00" }, "geometry": { "type": "Point", "coordinates": [ -113.747390115471802, 53.292955046747892 ] } },
{ "type": "Feature", "properties": { "lon": -113.6973901154718, "lat": 53.292955046747892, "AQHI_IDW": 2.2016056195405875, "NearestReading": "2025-11-20 01:00:00-07:00" }, "geometry": { "type": "Point", "coordinates": [ -113.697390115471805, 53.292955046747892 ] } },
{ "type": "Feature", "properties": { "lon": -113.64739011547181, "lat": 53.292955046747892, "AQHI_IDW": 2.2746712181037654, "NearestReading": "2025-11-20 01:00:00-07:00" }, "geometry": { "type": "Point", "coordinates": [ -113.647390115471808, 53.292955046747892 ] } },
{ "type": "Feature", "properties": { "lon": -113.59739011547181, "lat": 53.292955046747892, "AQHI_IDW": 2.2682185591786288, "NearestReading": "2025-11-20 01:00:00-07:00" }, "geometry": { "type": "Point", "coordinates": [ -113.597390115471811, 53.292955046747892 ] } },
{ "type": "Feature", "properties": { "lon": -113.54739011547181, "lat": 53.292955046747892, "AQHI_IDW": 2.1775410681961396, "NearestReading": "2025-11-20 01:00:00-07:00" }, "geometry": { "type": "Point", "coordinates": [ -113.547390115471813, 53.292955046747892 ] } },
{ "type": "Feature", "properties": { "lon": -113.49739011547182, "lat": 53.292955046747892, "AQHI_IDW": 2.1287087297749583, "NearestReading": "2025-11-20 01:00:00-07:00" }, "geometry": { "type": "Point", "coordinates": [ -113.497390115471816, 53.292955046747892 ] } },
{ "type": "Feature", "properties": { "lon": -113.44739011547182, "lat": 53.292955046747892, "AQHI_IDW": 2.2369028372538691, "NearestReading": "2025-11-20 01:00:00-07:00" }, "geometry": { "type": "Point", "coordinates": [ -113.447390115471819, 53.292955046747892 ] } },
{ "type": "Feature", "properties": { "lon": -113.39739011547182, "lat": 53.292955046747892, "AQHI_IDW": 2.367947739122668, "NearestReading": "2025-11-20 01:00:00-07:00" }, "geometry": { "type": "Point", "coordinates": [ -113.397390115471822, 53.292955046747892 ] } },
{ "type": "Feature", "properties": { "lon": -113.34739011547182, "lat": 53.292955046747892, "AQHI_IDW": 2.4158070878600655, "NearestReading": "2025-11-20 01:00:00-07:00" }, "geometry": { "type": "Point", "coordinates": [ -113.347390115471825, 53.292955046747892 ] } },
{ "type": "Feature", "properties": { "lon": -113.29739011547183, "lat": 53.292955046747892, "AQHI_IDW": 2.3963385238175627, "NearestReading": "2025-11-20 01:00:00-07:00" }, "geometry": { "type": "Point", "coordinates": [ -113.297390115471828, 53.292955046747892 ] } },
{ "type": "Feature", "properties": { "lon": -113.24739011547183, "lat": 53.292955046747892, "AQHI_IDW": 2.3395942316584062, "NearestReading": "2025-11-20 01:00:00-07:00" }, "geometry": { "type": "Point", "coordinates": [ -113.247390115471831, 53.292955046747892 ] } },
{ "type": "Feature", "properties": { "lon": -113.19739011547183, "lat": 53.292955046747892, "AQHI_IDW": 2.2679005210790359, "NearestReading": "2025-11-20 01:00:00-07:00" }, "geometry": { "type": "Point", "coordinates": [ -113.197390115471833, 53.292955046747892 ] } },
{ "type": "Feature", "properties": { "lon": -113.14739011547184, "lat": 53.292955046747892, "AQHI_IDW": 2.2121821060865869, "NearestReading": "2025-11-20 01:00:00-07:00" }, "geometry": { "type": "Point", "coordinates": [ -113.147390115471836, 53.292955046747892 ] } },
{ "type": "Feature", "properties": { "lon": -113.09739011547184, "lat": 53.292955046747892, "AQHI_IDW": 1.8737879855156288, "NearestReading": "2025-11-20 01:00:00-07:00" }, "geometry": { "type": "Point", "coordinates": [ -113.097390115471839, 53.292955046747892 ] } },
{ "type": "Feature", "properties": { "lon": -113.04739011547184, "lat": 53.292955046747892, "AQHI_IDW": 1.8326478172835443, "NearestReading": "2025-11-20 01:00:00-07:00" }, "geometry": { "type": "Point", "coordinates": [ -113.047390115471842, 53.292955046747892 ] } },
{ "type": "Feature", "properties": { "lon": -112.99739011547184, "lat": 53.292955046747892, "AQHI_IDW": 1.8007088011320742, "NearestReading": "2025-11-20 01:00:00-07:00" }, "geometry": { "type": "Point", "coordinates": [ -112.997390115471845, 53.292955046747892 ] } },
{ "type": "Feature", "properties": { "lon": -112.94739011547185, "lat": 53.292955046747892, "AQHI_IDW": 1.9037083266326678, "NearestReading": "2025-11-20 01:00:00-07:00" }, "geometry": { "type": "Point", "coordinates": [ -112.947390115471848, 53.292955046747892 ] } },
{ "type": "Feature", "properties": { "lon": -112.89739011547185, "lat": 53.292955046747892, "AQHI_IDW": 1.9237849192188703, "NearestReading": "2025-11-20 01:00:00-07:00" }, "geometry": { "type": "Point", "coordinates": [ -112.89739011547185, 53.292955046747892 ] } },
{ "type": "Feature", "properties": { "lon": -112.84739011547185, "lat": 53.292955046747892, "AQHI_IDW": 1.9522236048564161, "NearestReading": "2025-11-20 01:00:00-07:00" }, "geometry": { "type": "Point", "coordinates": [ -112.847390115471853, 53.292955046747892 ] } },
{ "type": "Feature", "properties": { "lon": -112.79739011547186, "lat": 53.292955046747892, "AQHI_IDW": 1.9802322367496465, "NearestReading": "2025-11-20 01:00:00-07:00" }, "geometry": { "type": "Point", "coordinates": [ -112.797390115471856, 53.292955046747892 ] } },
{ "type": "Feature", "properties": { "lon": -112.74739011547186, "lat": 53.292955046747892, "AQHI_IDW": 2.0074799799823491, "NearestReading": "2025-11-20 01:00:00-07:00" }, "geometry": { "type": "Point", "coordinates": [ -112.747390115471859, 53.292955046747892 ] } },
{ "type": "Feature", "properties": { "lon": -112.69739011547186, "lat": 53.292955046747892, "AQHI_IDW": 2.0334102982279285, "NearestReading": "2025-11-20 01:00:00-07:00" }, "geometry": { "type": "Point", "coordinates": [ -112.697390115471862, 53.292955046747892 ] } },
{ "type": "Feature", "properties": { "lon": -112.64739011547186, "lat": 53.292955046747892, "AQHI_IDW": 2.0573285433379573, "NearestReading": "2025-11-20 01:00:00-07:00" }, "geometry": { "type": "Point", "coordinates": [ -112.647390115471865, 53.292955046747892 ] } },
{ "type": "Feature", "properties": { "lon": -112.59739011547187, "lat": 53.292955046747892, "AQHI_IDW": 2.078658329086728, "NearestReading": "2025-11-20 01:00:00-07:00" }, "geometry": { "type": "Point", "coordinates": [ -112.597390115471867, 53.292955046747892 ] } },
{ "type": "Feature", "properties": { "lon": -112.54739011547187, "lat": 53.292955046747892, "AQHI_IDW": 2.0971039002319456, "NearestReading": "2025-11-20 01:00:00-07:00" }, "geometry": { "type": "Point", "coordinates": [ -112.54739011547187, 53.292955046747892 ] } },
{ "type": "Feature", "properties": { "lon": -112.49739011547187, "lat": 53.292955046747892, "AQHI_IDW": 2.1125471239468823, "NearestReading": "2025-11-20 01:00:00-07:00" }, "geometry": { "type": "Point", "coordinates": [ -112.497390115471873, 53.292955046747892 ] } },
{ "type": "Feature", "properties": { "lon": -112.44739011547188, "lat": 53.292955046747892, "AQHI_IDW": 2.1245518375385886, "NearestReading": "2025-11-20 01:00:00-07:00" }, "geometry": { "type": "Point", "coordinates": [ -112.447390115471876, 53.292955046747892 ] } },
{ "type": "Feature", "properties": { "lon": -112.39739011547188, "lat": 53.292955046747892, "AQHI_IDW": 2.134143598591248, "NearestReading": "2025-11-20 01:00:00-07:00" }, "geometry": { "type": "Point", "coordinates": [ -112.397390115471879, 53.292955046747892 ] } },
{ "type": "Feature", "properties": { "lon": -112.34739011547188, "lat": 53.292955046747892, "AQHI_IDW": 2.1417332652692158, "NearestReading": "2025-11-20 01:00:00-07:00" }, "geometry": { "type": "Point", "coordinates": [ -112.347390115471882, 53.292955046747892 ] } },
{ "type": "Feature", "properties": { "lon": -112.29739011547188, "lat": 53.292955046747892, "AQHI_IDW": 2.147702393116683, "NearestReading": "2025-11-20 01:00:00-07:00" }, "geometry": { "type": "Point", "coordinates": [ -112.297390115471885, 53.292955046747892 ] } },
{ "type": "Feature", "properties": { "lon": -112.24739011547189, "lat": 53.292955046747892, "AQHI_IDW": 2.1523814569412196, "NearestReading": "2025-11-20 01:00:00-07:00" }, "geometry": { "type": "Point", "coordinates": [ -112.247390115471887, 53.292955046747892 ] } },
{ "type": "Feature", "properties": { "lon": -113.7973901154718, "lat": 53.342955046747889, "AQHI_IDW": 1.8670366868192583, "NearestReading": "2025-11-20 01:00:00-07:00" }, "geometry": { "type": "Point", "coordinates": [ -113.797390115471799, 53.342955046747889 ] } },
{ "type": "Feature", "properties": { "lon": -113.7473901154718, "lat": 53.342955046747889, "AQHI_IDW": 1.9538364566921158, "NearestReading": "2025-11-20 01:00:00-07:00" }, "geometry": { "type": "Point", "coordinates": [ -113.747390115471802, 53.342955046747889 ] } },
{ "type": "Feature", "properties": { "lon": -113.6973901154718, "lat": 53.342955046747889, "AQHI_IDW": 2.1287464877934608, "NearestReading": "2025-11-20 01:00:00-07:00" }, "geometry": { "type": "Point", "coordinates": [ -113.697390115471805, 53.342955046747889 ] } },
{ "type": "Feature", "properties": { "lon": -113.64739011547181, "lat": 53.342955046747889, "AQHI_IDW": 2.3148849842546069, "NearestReading": "2025-11-20 01:00:00-07:00" }, "geometry": { "type": "Point", "coordinates": [ -113.647390115471808, 53.342955046747889 ] } },
{ "type": "Feature", "properties": { "lon": -113.59739011547181, "lat": 53.342955046747889, "AQHI_IDW": 2.4275776015788626, "NearestReading": "2025-11-20 01:00:00-07:00" }, "geometry": { "type": "Point", "coordinates": [ -113.597390115471811, 53.342955046747889 ] } },
{ "type": "Feature", "properties": { "lon": -113.54739011547181, "lat": 53.342955046747889, "AQHI_IDW": 2.4524605966536557, "NearestReading": "2025-11-20 01:00:00-07:00" }, "geometry": { "type": "Point", "coordinates": [ -113.547390115471813, 53.342955046747889 ] } },
{ "type": "Feature", "properties": { "lon": -113.49739011547182, "lat": 53.342955046747889, "AQHI_IDW": 2.4595952950740463, "NearestReading": "2025-11-20 01:00:00-07:00" }, "geometry": { "type": "Point", "coordinates": [ -113.497390115471816, 53.342955046747889 ] } },
{ "type": "Feature", "properties": { "lon": -113.44739011547182, "lat": 53.342955046747889, "AQHI_IDW": 2.510007093222876, "NearestReading": "2025-11-20 01:00:00-07:00" }, "geometry": { "type": "Point", "coordinates": [ -113.447390115471819, 53.342955046747889 ] } },
{ "type": "Feature", "properties": { "lon": -113.39739011547182, "lat": 53.342955046747889, "AQHI_IDW": 2.5318931914089213, "NearestReading": "2025-11-20 01:00:00-07:00" }, "geometry": { "type": "Point", "coordinates": [ -113.397390115471822, 53.342955046747889 ] } },
{ "type": "Feature", "properties": { "lon": -113.34739011547182, "lat": 53.342955046747889, "AQHI_IDW": 2.4950823320468491, "NearestReading": "2025-11-20 01:00:00-07:00" }, "geometry": { "type": "Point", "coordinates": [ -113.347390115471825, 53.342955046747889 ] } },
{ "type": "Feature", "properties": { "lon": -113.29739011547183, "lat": 53.342955046747889, "AQHI_IDW": 2.4180354391351186, "NearestReading": "2025-11-20 01:00:00-07:00" }, "geometry": { "type": "Point", "coordinates": [ -113.297390115471828, 53.342955046747889 ] } },
{ "type": "Feature", "properties": { "lon": -113.24739011547183, "lat": 53.342955046747889, "AQHI_IDW": 2.3174312143534617, "NearestReading": "2025-11-20 01:00:00-07:00" }, "geometry": { "type": "Point", "coordinates": [ -113.247390115471831, 53.342955046747889 ] } },
{ "type": "Feature", "properties": { "lon": -113.19739011547183, "lat": 53.342955046747889, "AQHI_IDW": 2.2168306173712944, "NearestReading": "2025-11-20 01:00:00-07:00" }, "geometry": { "type": "Point", "coordinates": [ -113.197390115471833, 53.342955046747889 ] } },
{ "type": "Feature", "properties": { "lon": -113.14739011547184, "lat": 53.342955046747889, "AQHI_IDW": 2.1357360689250555, "NearestReading": "2025-11-20 01:00:00-07:00" }, "geometry": { "type": "Point", "coordinates": [ -113.147390115471836, 53.342955046747889 ] } },
{ "type": "Feature", "properties": { "lon": -113.09739011547184, "lat": 53.342955046747889, "AQHI_IDW": 1.8162157186173906, "NearestReading": "2025-11-20 01:00:00-07:00" }, "geometry": { "type": "Point", "coordinates": [ -113.097390115471839, 53.342955046747889 ] } },
{ "type": "Feature", "properties": { "lon": -113.04739011547184, "lat": 53.342955046747889, "AQHI_IDW": 1.7758193750955236, "NearestReading": "2025-11-20 01:00:00-07:00" }, "geometry": { "type": "Point", "coordinates": [ -113.047390115471842, 53.342955046747889 ] } },
{ "type": "Feature", "properties": { "lon": -112.99739011547184, "lat": 53.342955046747889, "AQHI_IDW": 1.8554446748106865, "NearestReading": "2025-11-20 01:00:00-07:00" }, "geometry": { "type": "Point", "coordinates": [ -112.997390115471845, 53.342955046747889 ] } },
{ "type": "Feature", "properties": { "lon": -112.94739011547185, "lat": 53.342955046747889, "AQHI_IDW": 1.8667355862482822, "NearestReading": "2025-11-20 01:00:00-07:00" }, "geometry": { "type": "Point", "coordinates": [ -112.947390115471848, 53.342955046747889 ] } },
{ "type": "Feature", "properties": { "lon": -112.89739011547185, "lat": 53.342955046747889, "AQHI_IDW": 1.9030793530275787, "NearestReading": "2025-11-20 01:00:00-07:00" }, "geometry": { "type": "Point", "coordinates": [ -112.89739011547185, 53.342955046747889 ] } },
{ "type": "Feature", "properties": { "lon": -112.84739011547185, "lat": 53.342955046747889, "AQHI_IDW": 1.9375200245956774, "NearestReading": "2025-11-20 01:00:00-07:00" }, "geometry": { "type": "Point", "coordinates": [ -112.847390115471853, 53.342955046747889 ] } },
{ "type": "Feature", "properties": { "lon": -112.79739011547186, "lat": 53.342955046747889, "AQHI_IDW": 1.9708728074819917, "NearestReading": "2025-11-20 01:00:00-07:00" }, "geometry": { "type": "Point", "coordinates": [ -112.797390115471856, 53.342955046747889 ] } },
{ "type": "Feature", "properties": { "lon": -112.74739011547186, "lat": 53.342955046747889, "AQHI_IDW": 2.0033754093755682, "NearestReading": "2025-11-20 01:00:00-07:00" }, "geometry": { "type": "Point", "coordinates": [ -112.747390115471859, 53.342955046747889 ] } },
{ "type": "Feature", "properties": { "lon": -112.69739011547186, "lat": 53.342955046747889, "AQHI_IDW": 2.0342366678549455, "NearestReading": "2025-11-20 01:00:00-07:00" }, "geometry": { "type": "Point", "coordinates": [ -112.697390115471862, 53.342955046747889 ] } },
{ "type": "Feature", "properties": { "lon": -112.64739011547186, "lat": 53.342955046747889, "AQHI_IDW": 2.0622741814799426, "NearestReading": "2025-11-20 01:00:00-07:00" }, "geometry": { "type": "Point", "coordinates": [ -112.647390115471865, 53.342955046747889 ] } },
{ "type": "Feature", "properties": { "lon": -112.59739011547187, "lat": 53.342955046747889, "AQHI_IDW": 2.0866060257752816, "NearestReading": "2025-11-20 01:00:00-07:00" }, "geometry": { "type": "Point", "coordinates": [ -112.597390115471867, 53.342955046747889 ] } },
{ "type": "Feature", "properties": { "lon": -112.54739011547187, "lat": 53.342955046747889, "AQHI_IDW": 2.1067679341551879, "NearestReading": "2025-11-20 01:00:00-07:00" }, "geometry": { "type": "Point", "coordinates": [ -112.54739011547187, 53.342955046747889 ] } },
{ "type": "Feature", "properties": { "lon": -112.49739011547187, "lat": 53.342955046747889, "AQHI_IDW": 2.1223155609115452, "NearestReading": "2025-11-20 01:00:00-07:00" }, "geometry": { "type": "Point", "coordinates": [ -112.497390115471873, 53.342955046747889 ] } },
{ "type": "Feature", "properties": { "lon": -112.44739011547188, "lat": 53.342955046747889, "AQHI_IDW": 2.1343850335995005, "NearestReading": "2025-11-20 01:00:00-07:00" }, "geometry": { "type": "Point", "coordinates": [ -112.447390115471876, 53.342955046747889 ] } },
{ "type": "Feature", "properties": { "lon": -112.39739011547188, "lat": 53.342955046747889, "AQHI_IDW": 2.1436149324961198, "NearestReading": "2025-11-20 01:00:00-07:00" }, "geometry": { "type": "Point", "coordinates": [ -112.397390115471879, 53.342955046747889 ] } },
{ "type": "Feature", "properties": { "lon": -112.34739011547188, "lat": 53.342955046747889, "AQHI_IDW": 2.1506050127115612, "NearestReading": "2025-11-20 01:00:00-07:00" }, "geometry": { "type": "Point", "coordinates": [ -112.347390115471882, 53.342955046747889 ] } },
{ "type": "Feature", "properties": { "lon": -112.29739011547188, "lat": 53.342955046747889, "AQHI_IDW": 2.1558669931481695, "NearestReading": "2025-11-20 01:00:00-07:00" }, "geometry": { "type": "Point", "coordinates": [ -112.297390115471885, 53.342955046747889 ] } },
{ "type": "Feature", "properties": { "lon": -112.24739011547189, "lat": 53.342955046747889, "AQHI_IDW": 2.1598137781147919, "NearestReading": "2025-11-20 01:00:00-07:00" }, "geometry": { "type": "Point", "coordinates": [ -112.247390115471887, 53.342955046747889 ] } },
{ "type": "Feature", "properties": { "lon": -113.7973901154718, "lat": 53.392955046747886, "AQHI_IDW": 1.6058920497351268, "NearestReading": "2025-11-20 01:00:00-07:00" }, "geometry": { "type": "Point", "coordinates": [ -113.797390115471799, 53.392955046747886 ] } },
{ "type": "Feature", "properties": { "lon": -113.7473901154718, "lat": 53.392955046747886, "AQHI_IDW": 1.6792194716079665, "NearestReading": "2025-11-20 01:00:00-07:00" }, "geometry": { "type": "Point", "coordinates": [ -113.747390115471802, 53.392955046747886 ] } },
{ "type": "Feature", "properties": { "lon": -113.6973901154718, "lat": 53.392955046747886, "AQHI_IDW": 1.9632809102218596, "NearestReading": "2025-11-20 01:00:00-07:00" }, "geometry": { "type": "Point", "coordinates": [ -113.697390115471805, 53.392955046747886 ] } },
{ "type": "Feature", "properties": { "lon": -113.64739011547181, "lat": 53.392955046747886, "AQHI_IDW": 2.3299950126806288, "NearestReading": "2025-11-20 01:00:00-07:00" }, "geometry": { "type": "Point", "coordinates": [ -113.647390115471808, 53.392955046747886 ] } },
{ "type": "Feature", "properties": { "lon": -113.59739011547181, "lat": 53.392955046747886, "AQHI_IDW": 2.6035544899899499, "NearestReading": "2025-11-20 01:00:00-07:00" }, "geometry": { "type": "Point", "coordinates": [ -113.597390115471811, 53.392955046747886 ] } },
{ "type": "Feature", "properties": { "lon": -113.54739011547181, "lat": 53.392955046747886, "AQHI_IDW": 2.7444335844976386, "NearestReading": "2025-11-20 01:00:00-07:00" }, "geometry": { "type": "Point", "coordinates": [ -113.547390115471813, 53.392955046747886 ] } },
{ "type": "Feature", "properties": { "lon": -113.49739011547182, "lat": 53.392955046747886, "AQHI_IDW": 2.7885523259835634, "NearestReading": "2025-11-20 01:00:00-07:00" }, "geometry": { "type": "Point", "coordinates": [ -113.497390115471816, 53.392955046747886 ] } },
{ "type": "Feature", "properties": { "lon": -113.44739011547182, "lat": 53.392955046747886, "AQHI_IDW": 2.7734153930738263, "NearestReading": "2025-11-20 01:00:00-07:00" }, "geometry": { "type": "Point", "coordinates": [ -113.447390115471819, 53.392955046747886 ] } },
{ "type": "Feature", "properties": { "lon": -113.39739011547182, "lat": 53.392955046747886, "AQHI_IDW": 2.6784432393707038, "NearestReading": "2025-11-20 01:00:00-07:00" }, "geometry": { "type": "Point", "coordinates": [ -113.397390115471822, 53.392955046747886 ] } },
{ "type": "Feature", "properties": { "lon": -113.34739011547182, "lat": 53.392955046747886, "AQHI_IDW": 2.5496139612160382, "NearestReading": "2025-11-20 01:00:00-07:00" }, "geometry": { "type": "Point", "coordinates": [ -113.347390115471825, 53.392955046747886 ] } },
{ "type": "Feature", "properties": { "lon": -113.29739011547183, "lat": 53.392955046747886, "AQHI_IDW": 2.4150569650028921, "NearestReading": "2025-11-20 01:00:00-07:00" }, "geometry": { "type": "Point", "coordinates": [ -113.297390115471828, 53.392955046747886 ] } },
{ "type": "Feature", "properties": { "lon": -113.24739011547183, "lat": 53.392955046747886, "AQHI_IDW": 2.2731328500541421, "NearestReading": "2025-11-20 01:00:00-07:00" }, "geometry": { "type": "Point", "coordinates": [ -113.247390115471831, 53.392955046747886 ] } },
{ "type": "Feature", "properties": { "lon": -113.19739011547183, "lat": 53.392955046747886, "AQHI_IDW": 2.1304339821300466, "NearestReading": "2025-11-20 01:00:00-07:00" }, "geometry": { "type": "Point", "coordinates": [ -113.197390115471833, 53.392955046747886 ] } },
{ "type": "Feature", "properties": { "lon": -113.14739011547184, "lat": 53.392955046747886, "AQHI_IDW": 2.0080383104969668, "NearestReading": "2025-11-20 01:00:00-07:00" }, "geometry": { "type": "Point", "coordinates": [ -113.147390115471836, 53.392955046747886 ] } },
{ "type": "Feature", "properties": { "lon": -113.09739011547184, "lat": 53.392955046747886, "AQHI_IDW": 1.863521176278786, "NearestReading": "2025-11-20 01:00:00-07:00" }, "geometry": { "type": "Point", "coordinates": [ -113.097390115471839, 53.392955046747886 ] } },
{ "type": "Feature", "properties": { "lon": -113.04739011547184, "lat": 53.392955046747886, "AQHI_IDW": 1.7828591831170506, "NearestReading": "2025-11-20 01:00:00-07:00" }, "geometry": { "type": "Point", "coordinates": [ -113.047390115471842, 53.392955046747886 ] } },
{ "type": "Feature", "properties": { "lon": -112.99739011547184, "lat": 53.392955046747886, "AQHI_IDW": 1.7968755081956251, "NearestReading": "2025-11-20 01:00:00-07:00" }, "geometry": { "type": "Point", "coordinates": [ -112.997390115471845, 53.392955046747886 ] } },
{ "type": "Feature", "properties": { "lon": -112.94739011547185, "lat": 53.392955046747886, "AQHI_IDW": 1.8360404018445964, "NearestReading": "2025-11-20 01:00:00-07:00" }, "geometry": { "type": "Point", "coordinates": [ -112.947390115471848, 53.392955046747886 ] } },
{ "type": "Feature", "properties": { "lon": -112.89739011547185, "lat": 53.392955046747886, "AQHI_IDW": 1.8809481841203324, "NearestReading": "2025-11-20 01:00:00-07:00" }, "geometry": { "type": "Point", "coordinates": [ -112.89739011547185, 53.392955046747886 ] } },
{ "type": "Feature", "properties": { "lon": -112.84739011547185, "lat": 53.392955046747886, "AQHI_IDW": 1.920990030234675, "NearestReading": "2025-11-20 01:00:00-07:00" }, "geometry": { "type": "Point", "coordinates": [ -112.847390115471853, 53.392955046747886 ] } },
{ "type": "Feature", "properties": { "lon": -112.79739011547186, "lat": 53.392955046747886, "AQHI_IDW": 1.9602956701531284, "NearestReading": "2025-11-20 01:00:00-07:00" }, "geometry": { "type": "Point", "coordinates": [ -112.797390115471856, 53.392955046747886 ] } },
{ "type": "Feature", "properties": { "lon": -112.74739011547186, "lat": 53.392955046747886, "AQHI_IDW": 1.9997134703730377, "NearestReading": "2025-11-20 01:00:00-07:00" }, "geometry": { "type": "Point", "coordinates": [ -112.747390115471859, 53.392955046747886 ] } },
{ "type": "Feature", "properties": { "lon": -112.69739011547186, "lat": 53.392955046747886, "AQHI_IDW": 2.0373217269828672, "NearestReading": "2025-11-20 01:00:00-07:00" }, "geometry": { "type": "Point", "coordinates": [ -112.697390115471862, 53.392955046747886 ] } },
{ "type": "Feature", "properties": { "lon": -112.64739011547186, "lat": 53.392955046747886, "AQHI_IDW": 2.070718079014608, "NearestReading": "2025-11-20 01:00:00-07:00" }, "geometry": { "type": "Point", "coordinates": [ -112.647390115471865, 53.392955046747886 ] } },
{ "type": "Feature", "properties": { "lon": -112.59739011547187, "lat": 53.392955046747886, "AQHI_IDW": 2.098338942141337, "NearestReading": "2025-11-20 01:00:00-07:00" }, "geometry": { "type": "Point", "coordinates": [ -112.597390115471867, 53.392955046747886 ] } },
{ "type": "Feature", "properties": { "lon": -112.54739011547187, "lat": 53.392955046747886, "AQHI_IDW": 2.1194236131574469, "NearestReading": "2025-11-20 01:00:00-07:00" }, "geometry": { "type": "Point", "coordinates": [ -112.54739011547187, 53.392955046747886 ] } },
{ "type": "Feature", "properties": { "lon": -112.49739011547187, "lat": 53.392955046747886, "AQHI_IDW": 2.1352192418522882, "NearestReading": "2025-11-20 01:00:00-07:00" }, "geometry": { "type": "Point", "coordinates": [ -112.497390115471873, 53.392955046747886 ] } },
{ "type": "Feature", "properties": { "lon": -112.44739011547188, "lat": 53.392955046747886, "AQHI_IDW": 2.146771695557065, "NearestReading": "2025-11-20 01:00:00-07:00" }, "geometry": { "type": "Point", "coordinates": [ -112.447390115471876, 53.392955046747886 ] } },
{ "type": "Feature", "properties": { "lon": -112.39739011547188, "lat": 53.392955046747886, "AQHI_IDW": 2.1550863477168538, "NearestReading": "2025-11-20 01:00:00-07:00" }, "geometry": { "type": "Point", "coordinates": [ -112.397390115471879, 53.392955046747886 ] } },
{ "type": "Feature", "properties": { "lon": -112.34739011547188, "lat": 53.392955046747886, "AQHI_IDW": 2.1610040638293109, "NearestReading": "2025-11-20 01:00:00-07:00" }, "geometry": { "type": "Point", "coordinates": [ -112.347390115471882, 53.392955046747886 ] } },
{ "type": "Feature", "properties": { "lon": -112.29739011547188, "lat": 53.392955046747886, "AQHI_IDW": 2.0687449517932208, "NearestReading": "2025-11-20 01:00:00-07:00" }, "geometry": { "type": "Point", "coordinates": [ -112.297390115471885, 53.392955046747886 ] } },
{ "type": "Feature", "properties": { "lon": -112.24739011547189, "lat": 53.392955046747886, "AQHI_IDW": 2.0697340934072317, "NearestReading": "2025-11-20 01:00:00-07:00" }, "geometry": { "type": "Point", "coordinates": [ -112.247390115471887, 53.392955046747886 ] } },
{ "type": "Feature", "properties": { "lon": -113.7973901154718, "lat": 53.442955046747883, "AQHI_IDW": 1.2883394677355495, "NearestReading": "2025-11-20 01:00:00-07:00" }, "geometry": { "type": "Point", "coordinates": [ -113.797390115471799, 53.442955046747883 ] } },
{ "type": "Feature", "properties": { "lon": -113.7473901154718, "lat": 53.442955046747883, "AQHI_IDW": 1.286665728793523, "NearestReading": "2025-11-20 01:00:00-07:00" }, "geometry": { "type": "Point", "coordinates": [ -113.747390115471802, 53.442955046747883 ] } },
{ "type": "Feature", "properties": { "lon": -113.6973901154718, "lat": 53.442955046747883, "AQHI_IDW": 1.695286312673645, "NearestReading": "2025-11-20 01:00:00-07:00" }, "geometry": { "type": "Point", "coordinates": [ -113.697390115471805, 53.442955046747883 ] } },
{ "type": "Feature", "properties": { "lon": -113.64739011547181, "lat": 53.442955046747883, "AQHI_IDW": 2.3212287603608104, "NearestReading": "2025-11-20 01:00:00-07:00" }, "geometry": { "type": "Point", "coordinates": [ -113.647390115471808, 53.442955046747883 ] } },
{ "type": "Feature", "properties": { "lon": -113.59739011547181, "lat": 53.442955046747883, "AQHI_IDW": 2.769716010570022, "NearestReading": "2025-11-20 01:00:00-07:00" }, "geometry": { "type": "Point", "coordinates": [ -113.597390115471811, 53.442955046747883 ] } },
{ "type": "Feature", "properties": { "lon": -113.54739011547181, "lat": 53.442955046747883, "AQHI_IDW": 2.9649018409664527, "NearestReading": "2025-11-20 01:00:00-07:00" }, "geometry": { "type": "Point", "coordinates": [ -113.547390115471813, 53.442955046747883 ] } },
{ "type": "Feature", "properties": { "lon": -113.49739011547182, "lat": 53.442955046747883, "AQHI_IDW": 3.0207823084018757, "NearestReading": "2025-11-20 01:00:00-07:00" }, "geometry": { "type": "Point", "coordinates": [ -113.497390115471816, 53.442955046747883 ] } },
{ "type": "Feature", "properties": { "lon": -113.44739011547182, "lat": 53.442955046747883, "AQHI_IDW": 2.979463331707227, "NearestReading": "2025-11-20 01:00:00-07:00" }, "geometry": { "type": "Point", "coordinates": [ -113.447390115471819, 53.442955046747883 ] } },
{ "type": "Feature", "properties": { "lon": -113.39739011547182, "lat": 53.442955046747883, "AQHI_IDW": 2.7740396149620405, "NearestReading": "2025-11-20 01:00:00-07:00" }, "geometry": { "type": "Point", "coordinates": [ -113.397390115471822, 53.442955046747883 ] } },
{ "type": "Feature", "properties": { "lon": -113.34739011547182, "lat": 53.442955046747883, "AQHI_IDW": 2.5447453442157677, "NearestReading": "2025-11-20 01:00:00-07:00" }, "geometry": { "type": "Point", "coordinates": [ -113.347390115471825, 53.442955046747883 ] } },
{ "type": "Feature", "properties": { "lon": -113.29739011547183, "lat": 53.442955046747883, "AQHI_IDW": 2.4231536028283944, "NearestReading": "2025-11-20 01:00:00-07:00" }, "geometry": { "type": "Point", "coordinates": [ -113.297390115471828, 53.442955046747883 ] } },
{ "type": "Feature", "properties": { "lon": -113.24739011547183, "lat": 53.442955046747883, "AQHI_IDW": 2.272257886722362, "NearestReading": "2025-11-20 01:00:00-07:00" }, "geometry": { "type": "Point", "coordinates": [ -113.247390115471831, 53.442955046747883 ] } },
{ "type": "Feature", "properties": { "lon": -113.19739011547183, "lat": 53.442955046747883, "AQHI_IDW": 2.039327371261916, "NearestReading": "2025-11-20 01:00:00-07:00" }, "geometry": { "type": "Point", "coordinates": [ -113.197390115471833, 53.442955046747883 ] } },
{ "type": "Feature", "properties": { "lon": -113.14739011547184, "lat": 53.442955046747883, "AQHI_IDW": 1.7426361718018497, "NearestReading": "2025-11-20 01:00:00-07:00" }, "geometry": { "type": "Point", "coordinates": [ -113.147390115471836, 53.442955046747883 ] } },
{ "type": "Feature", "properties": { "lon": -113.09739011547184, "lat": 53.442955046747883, "AQHI_IDW": 1.633983496507462, "NearestReading": "2025-11-20 01:00:00-07:00" }, "geometry": { "type": "Point", "coordinates": [ -113.097390115471839, 53.442955046747883 ] } },
{ "type": "Feature", "properties": { "lon": -113.04739011547184, "lat": 53.442955046747883, "AQHI_IDW": 1.6814114891117811, "NearestReading": "2025-11-20 01:00:00-07:00" }, "geometry": { "type": "Point", "coordinates": [ -113.047390115471842, 53.442955046747883 ] } },
{ "type": "Feature", "properties": { "lon": -112.99739011547184, "lat": 53.442955046747883, "AQHI_IDW": 1.7346410163424548, "NearestReading": "2025-11-20 01:00:00-07:00" }, "geometry": { "type": "Point", "coordinates": [ -112.997390115471845, 53.442955046747883 ] } },
{ "type": "Feature", "properties": { "lon": -112.94739011547185, "lat": 53.442955046747883, "AQHI_IDW": 1.8064254746247834, "NearestReading": "2025-11-20 01:00:00-07:00" }, "geometry": { "type": "Point", "coordinates": [ -112.947390115471848, 53.442955046747883 ] } },
{ "type": "Feature", "properties": { "lon": -112.89739011547185, "lat": 53.442955046747883, "AQHI_IDW": 1.8563039803118324, "NearestReading": "2025-11-20 01:00:00-07:00" }, "geometry": { "type": "Point", "coordinates": [ -112.89739011547185, 53.442955046747883 ] } },
{ "type": "Feature", "properties": { "lon": -112.84739011547185, "lat": 53.442955046747883, "AQHI_IDW": 1.8993297206982347, "NearestReading": "2025-11-20 01:00:00-07:00" }, "geometry": { "type": "Point", "coordinates": [ -112.847390115471853, 53.442955046747883 ] } },
{ "type": "Feature", "properties": { "lon": -112.79739011547186, "lat": 53.442955046747883, "AQHI_IDW": 1.9459432398849352, "NearestReading": "2025-11-20 01:00:00-07:00" }, "geometry": { "type": "Point", "coordinates": [ -112.797390115471856, 53.442955046747883 ] } },
{ "type": "Feature", "properties": { "lon": -112.74739011547186, "lat": 53.442955046747883, "AQHI_IDW": 1.9960782520697282, "NearestReading": "2025-11-20 01:00:00-07:00" }, "geometry": { "type": "Point", "coordinates": [ -112.747390115471859, 53.442955046747883 ] } },
{ "type": "Feature", "properties": { "lon": -112.69739011547186, "lat": 53.442955046747883, "AQHI_IDW": 2.0439560665384562, "NearestReading": "2025-11-20 01:00:00-07:00" }, "geometry": { "type": "Point", "coordinates": [ -112.697390115471862, 53.442955046747883 ] } },
{ "type": "Feature", "properties": { "lon": -112.64739011547186, "lat": 53.442955046747883, "AQHI_IDW": 2.0843811899958813, "NearestReading": "2025-11-20 01:00:00-07:00" }, "geometry": { "type": "Point", "coordinates": [ -112.647390115471865, 53.442955046747883 ] } },
{ "type": "Feature", "properties": { "lon": -112.59739011547187, "lat": 53.442955046747883, "AQHI_IDW": 2.1149581853063748, "NearestReading": "2025-11-20 01:00:00-07:00" }, "geometry": { "type": "Point", "coordinates": [ -112.597390115471867, 53.442955046747883 ] } },
{ "type": "Feature", "properties": { "lon": -112.54739011547187, "lat": 53.442955046747883, "AQHI_IDW": 2.1368656573142468, "NearestReading": "2025-11-20 01:00:00-07:00" }, "geometry": { "type": "Point", "coordinates": [ -112.54739011547187, 53.442955046747883 ] } },
{ "type": "Feature", "properties": { "lon": -112.49739011547187, "lat": 53.442955046747883, "AQHI_IDW": 2.1519457622233351, "NearestReading": "2025-11-20 01:00:00-07:00" }, "geometry": { "type": "Point", "coordinates": [ -112.497390115471873, 53.442955046747883 ] } },
{ "type": "Feature", "properties": { "lon": -112.44739011547188, "lat": 53.442955046747883, "AQHI_IDW": 2.1620460075478234, "NearestReading": "2025-11-20 01:00:00-07:00" }, "geometry": { "type": "Point", "coordinates": [ -112.447390115471876, 53.442955046747883 ] } },
{ "type": "Feature", "properties": { "lon": -112.39739011547188, "lat": 53.442955046747883, "AQHI_IDW": 2.0809374320565976, "NearestReading": "2025-11-20 01:00:00-07:00" }, "geometry": { "type": "Point", "coordinates": [ -112.397390115471879, 53.442955046747883 ] } },
{ "type": "Feature", "properties": { "lon": -112.34739011547188, "lat": 53.442955046747883, "AQHI_IDW": 2.0826742500975088, "NearestReading": "2025-11-20 01:00:00-07:00" }, "geometry": { "type": "Point", "coordinates": [ -112.347390115471882, 53.442955046747883 ] } },
{ "type": "Feature", "properties": { "lon": -114.19739011547178, "lat": 53.49295504674788, "AQHI_IDW": 2.0567911568073201, "NearestReading": "2025-11-20 01:00:00-07:00" }, "geometry": { "type": "Point", "coordinates": [ -114.197390115471777, 53.49295504674788 ] } },
{ "type": "Feature", "properties": { "lon": -114.14739011547178, "lat": 53.49295504674788, "AQHI_IDW": 2.0498107871496369, "NearestReading": "2025-11-20 01:00:00-07:00" }, "geometry": { "type": "Point", "coordinates": [ -114.147390115471779, 53.49295504674788 ] } },
{ "type": "Feature", "properties": { "lon": -114.09739011547178, "lat": 53.49295504674788, "AQHI_IDW": 2.0349084454790725, "NearestReading": "2025-11-20 01:00:00-07:00" }, "geometry": { "type": "Point", "coordinates": [ -114.097390115471782, 53.49295504674788 ] } },
{ "type": "Feature", "properties": { "lon": -114.04739011547179, "lat": 53.49295504674788, "AQHI_IDW": 1.9990703948866202, "NearestReading": "2025-11-20 01:00:00-07:00" }, "geometry": { "type": "Point", "coordinates": [ -114.047390115471785, 53.49295504674788 ] } },
{ "type": "Feature", "properties": { "lon": -113.99739011547179, "lat": 53.49295504674788, "AQHI_IDW": 1.927532636204337, "NearestReading": "2025-11-20 01:00:00-07:00" }, "geometry": { "type": "Point", "coordinates": [ -113.997390115471788, 53.49295504674788 ] } },
{ "type": "Feature", "properties": { "lon": -113.94739011547179, "lat": 53.49295504674788, "AQHI_IDW": 1.8065434905703719, "NearestReading": "2025-11-20 01:00:00-07:00" }, "geometry": { "type": "Point", "coordinates": [ -113.947390115471791, 53.49295504674788 ] } },
{ "type": "Feature", "properties": { "lon": -113.89739011547179, "lat": 53.49295504674788, "AQHI_IDW": 1.6239697702239511, "NearestReading": "2025-11-20 01:00:00-07:00" }, "geometry": { "type": "Point", "coordinates": [ -113.897390115471794, 53.49295504674788 ] } },
{ "type": "Feature", "properties": { "lon": -113.8473901154718, "lat": 53.49295504674788, "AQHI_IDW": 1.3752682875232645, "NearestReading": "2025-11-20 01:00:00-07:00" }, "geometry": { "type": "Point", "coordinates": [ -113.847390115471796, 53.49295504674788 ] } },
{ "type": "Feature", "properties": { "lon": -113.7973901154718, "lat": 53.49295504674788, "AQHI_IDW": 1.1035249899790724, "NearestReading": "2025-11-20 01:00:00-07:00" }, "geometry": { "type": "Point", "coordinates": [ -113.797390115471799, 53.49295504674788 ] } },
{ "type": "Feature", "properties": { "lon": -113.7473901154718, "lat": 53.49295504674788, "AQHI_IDW": 1.0222020340204065, "NearestReading": "2025-11-20 01:00:00-07:00" }, "geometry": { "type": "Point", "coordinates": [ -113.747390115471802, 53.49295504674788 ] } },
{ "type": "Feature", "properties": { "lon": -113.6973901154718, "lat": 53.49295504674788, "AQHI_IDW": 1.5055399068052437, "NearestReading": "2025-11-20 01:00:00-07:00" }, "geometry": { "type": "Point", "coordinates": [ -113.697390115471805, 53.49295504674788 ] } },
{ "type": "Feature", "properties": { "lon": -113.64739011547181, "lat": 53.49295504674788, "AQHI_IDW": 2.3352972340801434, "NearestReading": "2025-11-20 01:00:00-07:00" }, "geometry": { "type": "Point", "coordinates": [ -113.647390115471808, 53.49295504674788 ] } },
{ "type": "Feature", "properties": { "lon": -113.59739011547181, "lat": 53.49295504674788, "AQHI_IDW": 2.8916345633854297, "NearestReading": "2025-11-20 01:00:00-07:00" }, "geometry": { "type": "Point", "coordinates": [ -113.597390115471811, 53.49295504674788 ] } },
{ "type": "Feature", "properties": { "lon": -113.54739011547181, "lat": 53.49295504674788, "AQHI_IDW": 3.0260080577435127, "NearestReading": "2025-11-20 01:00:00-07:00" }, "geometry": { "type": "Point", "coordinates": [ -113.547390115471813, 53.49295504674788 ] } },
{ "type": "Feature", "properties": { "lon": -113.49739011547182, "lat": 53.49295504674788, "AQHI_IDW": 3.147822813405766, "NearestReading": "2025-11-20 01:00:00-07:00" }, "geometry": { "type": "Point", "coordinates": [ -113.497390115471816, 53.49295504674788 ] } },
{ "type": "Feature", "properties": { "lon": -113.44739011547182, "lat": 53.49295504674788, "AQHI_IDW": 3.2513206923501827, "NearestReading": "2025-11-20 01:00:00-07:00" }, "geometry": { "type": "Point", "coordinates": [ -113.447390115471819, 53.49295504674788 ] } },
{ "type": "Feature", "properties": { "lon": -113.39739011547182, "lat": 53.49295504674788, "AQHI_IDW": 2.8698134947199172, "NearestReading": "2025-11-20 01:00:00-07:00" }, "geometry": { "type": "Point", "coordinates": [ -113.397390115471822, 53.49295504674788 ] } },
{ "type": "Feature", "properties": { "lon": -113.34739011547182, "lat": 53.49295504674788, "AQHI_IDW": 2.4754002643250641, "NearestReading": "2025-11-20 01:00:00-07:00" }, "geometry": { "type": "Point", "coordinates": [ -113.347390115471825, 53.49295504674788 ] } },
{ "type": "Feature", "properties": { "lon": -113.29739011547183, "lat": 53.49295504674788, "AQHI_IDW": 2.2585213476674117, "NearestReading": "2025-11-20 01:00:00-07:00" }, "geometry": { "type": "Point", "coordinates": [ -113.297390115471828, 53.49295504674788 ] } },
{ "type": "Feature", "properties": { "lon": -113.24739011547183, "lat": 53.49295504674788, "AQHI_IDW": 2.1882382977968926, "NearestReading": "2025-11-20 01:00:00-07:00" }, "geometry": { "type": "Point", "coordinates": [ -113.247390115471831, 53.49295504674788 ] } },
{ "type": "Feature", "properties": { "lon": -113.19739011547183, "lat": 53.49295504674788, "AQHI_IDW": 1.7909261836350976, "NearestReading": "2025-11-20 01:00:00-07:00" }, "geometry": { "type": "Point", "coordinates": [ -113.197390115471833, 53.49295504674788 ] } },
{ "type": "Feature", "properties": { "lon": -113.14739011547184, "lat": 53.49295504674788, "AQHI_IDW": 1.4003144400335235, "NearestReading": "2025-11-20 01:00:00-07:00" }, "geometry": { "type": "Point", "coordinates": [ -113.147390115471836, 53.49295504674788 ] } },
{ "type": "Feature", "properties": { "lon": -113.09739011547184, "lat": 53.49295504674788, "AQHI_IDW": 1.4132992835439346, "NearestReading": "2025-11-20 01:00:00-07:00" }, "geometry": { "type": "Point", "coordinates": [ -113.097390115471839, 53.49295504674788 ] } },
{ "type": "Feature", "properties": { "lon": -113.04739011547184, "lat": 53.49295504674788, "AQHI_IDW": 1.5733869217349725, "NearestReading": "2025-11-20 01:00:00-07:00" }, "geometry": { "type": "Point", "coordinates": [ -113.047390115471842, 53.49295504674788 ] } },
{ "type": "Feature", "properties": { "lon": -112.99739011547184, "lat": 53.49295504674788, "AQHI_IDW": 1.6989590056745321, "NearestReading": "2025-11-20 01:00:00-07:00" }, "geometry": { "type": "Point", "coordinates": [ -112.997390115471845, 53.49295504674788 ] } },
{ "type": "Feature", "properties": { "lon": -112.94739011547185, "lat": 53.49295504674788, "AQHI_IDW": 1.7815035316622372, "NearestReading": "2025-11-20 01:00:00-07:00" }, "geometry": { "type": "Point", "coordinates": [ -112.947390115471848, 53.49295504674788 ] } },
{ "type": "Feature", "properties": { "lon": -112.89739011547185, "lat": 53.49295504674788, "AQHI_IDW": 1.8224809863826843, "NearestReading": "2025-11-20 01:00:00-07:00" }, "geometry": { "type": "Point", "coordinates": [ -112.89739011547185, 53.49295504674788 ] } },
{ "type": "Feature", "properties": { "lon": -112.84739011547185, "lat": 53.49295504674788, "AQHI_IDW": 1.8628319334270116, "NearestReading": "2025-11-20 01:00:00-07:00" }, "geometry": { "type": "Point", "coordinates": [ -112.847390115471853, 53.49295504674788 ] } },
{ "type": "Feature", "properties": { "lon": -112.79739011547186, "lat": 53.49295504674788, "AQHI_IDW": 1.9222235789872084, "NearestReading": "2025-11-20 01:00:00-07:00" }, "geometry": { "type": "Point", "coordinates": [ -112.797390115471856, 53.49295504674788 ] } },
{ "type": "Feature", "properties": { "lon": -112.74739011547186, "lat": 53.49295504674788, "AQHI_IDW": 1.992627780891058, "NearestReading": "2025-11-20 01:00:00-07:00" }, "geometry": { "type": "Point", "coordinates": [ -112.747390115471859, 53.49295504674788 ] } },
{ "type": "Feature", "properties": { "lon": -112.69739011547186, "lat": 53.49295504674788, "AQHI_IDW": 2.0572779736357587, "NearestReading": "2025-11-20 01:00:00-07:00" }, "geometry": { "type": "Point", "coordinates": [ -112.697390115471862, 53.49295504674788 ] } },
{ "type": "Feature", "properties": { "lon": -112.64739011547186, "lat": 53.49295504674788, "AQHI_IDW": 2.1063132383796588, "NearestReading": "2025-11-20 01:00:00-07:00" }, "geometry": { "type": "Point", "coordinates": [ -112.647390115471865, 53.49295504674788 ] } },
{ "type": "Feature", "properties": { "lon": -112.59739011547187, "lat": 53.49295504674788, "AQHI_IDW": 2.1395257002895982, "NearestReading": "2025-11-20 01:00:00-07:00" }, "geometry": { "type": "Point", "coordinates": [ -112.597390115471867, 53.49295504674788 ] } },
{ "type": "Feature", "properties": { "lon": -112.54739011547187, "lat": 53.49295504674788, "AQHI_IDW": 2.1605015371310059, "NearestReading": "2025-11-20 01:00:00-07:00" }, "geometry": { "type": "Point", "coordinates": [ -112.54739011547187, 53.49295504674788 ] } },
{ "type": "Feature", "properties": { "lon": -112.49739011547187, "lat": 53.49295504674788, "AQHI_IDW": 2.096613787498161, "NearestReading": "2025-11-20 01:00:00-07:00" }, "geometry": { "type": "Point", "coordinates": [ -112.497390115471873, 53.49295504674788 ] } },
{ "type": "Feature", "properties": { "lon": -112.44739011547188, "lat": 53.49295504674788, "AQHI_IDW": 2.1005067561853505, "NearestReading": "2025-11-20 01:00:00-07:00" }, "geometry": { "type": "Point", "coordinates": [ -112.447390115471876, 53.49295504674788 ] } },
{ "type": "Feature", "properties": { "lon": -112.39739011547188, "lat": 53.49295504674788, "AQHI_IDW": 2.1011489355530317, "NearestReading": "2025-11-20 01:00:00-07:00" }, "geometry": { "type": "Point", "coordinates": [ -112.397390115471879, 53.49295504674788 ] } },
{ "type": "Feature", "properties": { "lon": -112.34739011547188, "lat": 53.49295504674788, "AQHI_IDW": 2.0998994941193043, "NearestReading": "2025-11-20 01:00:00-07:00" }, "geometry": { "type": "Point", "coordinates": [ -112.347390115471882, 53.49295504674788 ] } },
{ "type": "Feature", "properties": { "lon": -114.19739011547178, "lat": 53.542955046747878, "AQHI_IDW": 2.0797777184601753, "NearestReading": "2025-11-20 01:00:00-07:00" }, "geometry": { "type": "Point", "coordinates": [ -114.197390115471777, 53.542955046747878 ] } },
{ "type": "Feature", "properties": { "lon": -114.14739011547178, "lat": 53.542955046747878, "AQHI_IDW": 2.0685557359628604, "NearestReading": "2025-11-20 01:00:00-07:00" }, "geometry": { "type": "Point", "coordinates": [ -114.147390115471779, 53.542955046747878 ] } },
{ "type": "Feature", "properties": { "lon": -114.09739011547178, "lat": 53.542955046747878, "AQHI_IDW": 2.0481152449206248, "NearestReading": "2025-11-20 01:00:00-07:00" }, "geometry": { "type": "Point", "coordinates": [ -114.097390115471782, 53.542955046747878 ] } },
{ "type": "Feature", "properties": { "lon": -114.04739011547179, "lat": 53.542955046747878, "AQHI_IDW": 2.0082866038765994, "NearestReading": "2025-11-20 01:00:00-07:00" }, "geometry": { "type": "Point", "coordinates": [ -114.047390115471785, 53.542955046747878 ] } },
{ "type": "Feature", "properties": { "lon": -113.99739011547179, "lat": 53.542955046747878, "AQHI_IDW": 1.9374849067652171, "NearestReading": "2025-11-20 01:00:00-07:00" }, "geometry": { "type": "Point", "coordinates": [ -113.997390115471788, 53.542955046747878 ] } },
{ "type": "Feature", "properties": { "lon": -113.94739011547179, "lat": 53.542955046747878, "AQHI_IDW": 1.8244993501994542, "NearestReading": "2025-11-20 01:00:00-07:00" }, "geometry": { "type": "Point", "coordinates": [ -113.947390115471791, 53.542955046747878 ] } },
{ "type": "Feature", "properties": { "lon": -113.89739011547179, "lat": 53.542955046747878, "AQHI_IDW": 1.6602705456923086, "NearestReading": "2025-11-20 01:00:00-07:00" }, "geometry": { "type": "Point", "coordinates": [ -113.897390115471794, 53.542955046747878 ] } },
{ "type": "Feature", "properties": { "lon": -113.8473901154718, "lat": 53.542955046747878, "AQHI_IDW": 1.4464659517652765, "NearestReading": "2025-11-20 01:00:00-07:00" }, "geometry": { "type": "Point", "coordinates": [ -113.847390115471796, 53.542955046747878 ] } },
{ "type": "Feature", "properties": { "lon": -113.7973901154718, "lat": 53.542955046747878, "AQHI_IDW": 1.2333959031838868, "NearestReading": "2025-11-20 01:00:00-07:00" }, "geometry": { "type": "Point", "coordinates": [ -113.797390115471799, 53.542955046747878 ] } },
{ "type": "Feature", "properties": { "lon": -113.7473901154718, "lat": 53.542955046747878, "AQHI_IDW": 1.2148307997284771, "NearestReading": "2025-11-20 01:00:00-07:00" }, "geometry": { "type": "Point", "coordinates": [ -113.747390115471802, 53.542955046747878 ] } },
{ "type": "Feature", "properties": { "lon": -113.6973901154718, "lat": 53.542955046747878, "AQHI_IDW": 1.6734179153714528, "NearestReading": "2025-11-20 01:00:00-07:00" }, "geometry": { "type": "Point", "coordinates": [ -113.697390115471805, 53.542955046747878 ] } },
{ "type": "Feature", "properties": { "lon": -113.64739011547181, "lat": 53.542955046747878, "AQHI_IDW": 2.4187331957566554, "NearestReading": "2025-11-20 01:00:00-07:00" }, "geometry": { "type": "Point", "coordinates": [ -113.647390115471808, 53.542955046747878 ] } },
{ "type": "Feature", "properties": { "lon": -113.59739011547181, "lat": 53.542955046747878, "AQHI_IDW": 2.9580456002818889, "NearestReading": "2025-11-20 01:00:00-07:00" }, "geometry": { "type": "Point", "coordinates": [ -113.597390115471811, 53.542955046747878 ] } },
{ "type": "Feature", "properties": { "lon": -113.54739011547181, "lat": 53.542955046747878, "AQHI_IDW": 3.2520821058217613, "NearestReading": "2025-11-20 01:00:00-07:00" }, "geometry": { "type": "Point", "coordinates": [ -113.547390115471813, 53.542955046747878 ] } },
{ "type": "Feature", "properties": { "lon": -113.49739011547182, "lat": 53.542955046747878, "AQHI_IDW": 3.9160588787472927, "NearestReading": "2025-11-20 01:00:00-07:00" }, "geometry": { "type": "Point", "coordinates": [ -113.497390115471816, 53.542955046747878 ] } },
{ "type": "Feature", "properties": { "lon": -113.44739011547182, "lat": 53.542955046747878, "AQHI_IDW": 3.5588972427115153, "NearestReading": "2025-11-20 01:00:00-07:00" }, "geometry": { "type": "Point", "coordinates": [ -113.447390115471819, 53.542955046747878 ] } },
{ "type": "Feature", "properties": { "lon": -113.39739011547182, "lat": 53.542955046747878, "AQHI_IDW": 2.9523562002990671, "NearestReading": "2025-11-20 01:00:00-07:00" }, "geometry": { "type": "Point", "coordinates": [ -113.397390115471822, 53.542955046747878 ] } },
{ "type": "Feature", "properties": { "lon": -113.34739011547182, "lat": 53.542955046747878, "AQHI_IDW": 2.6562840041456877, "NearestReading": "2025-11-20 01:00:00-07:00" }, "geometry": { "type": "Point", "coordinates": [ -113.347390115471825, 53.542955046747878 ] } },
{ "type": "Feature", "properties": { "lon": -113.29739011547183, "lat": 53.542955046747878, "AQHI_IDW": 2.1514083857401163, "NearestReading": "2025-11-20 01:00:00-07:00" }, "geometry": { "type": "Point", "coordinates": [ -113.297390115471828, 53.542955046747878 ] } },
{ "type": "Feature", "properties": { "lon": -113.24739011547183, "lat": 53.542955046747878, "AQHI_IDW": 2.1767401071775181, "NearestReading": "2025-11-20 01:00:00-07:00" }, "geometry": { "type": "Point", "coordinates": [ -113.247390115471831, 53.542955046747878 ] } },
{ "type": "Feature", "properties": { "lon": -113.19739011547183, "lat": 53.542955046747878, "AQHI_IDW": 1.5442429188321911, "NearestReading": "2025-11-20 01:00:00-07:00" }, "geometry": { "type": "Point", "coordinates": [ -113.197390115471833, 53.542955046747878 ] } },
{ "type": "Feature", "properties": { "lon": -113.14739011547184, "lat": 53.542955046747878, "AQHI_IDW": 1.0227206605542813, "NearestReading": "2025-11-20 01:00:00-07:00" }, "geometry": { "type": "Point", "coordinates": [ -113.147390115471836, 53.542955046747878 ] } },
{ "type": "Feature", "properties": { "lon": -113.09739011547184, "lat": 53.542955046747878, "AQHI_IDW": 1.2321310087406292, "NearestReading": "2025-11-20 01:00:00-07:00" }, "geometry": { "type": "Point", "coordinates": [ -113.097390115471839, 53.542955046747878 ] } },
{ "type": "Feature", "properties": { "lon": -113.04739011547184, "lat": 53.542955046747878, "AQHI_IDW": 1.5252090107616358, "NearestReading": "2025-11-20 01:00:00-07:00" }, "geometry": { "type": "Point", "coordinates": [ -113.047390115471842, 53.542955046747878 ] } },
{ "type": "Feature", "properties": { "lon": -112.99739011547184, "lat": 53.542955046747878, "AQHI_IDW": 1.7014266572546373, "NearestReading": "2025-11-20 01:00:00-07:00" }, "geometry": { "type": "Point", "coordinates": [ -112.997390115471845, 53.542955046747878 ] } },
{ "type": "Feature", "properties": { "lon": -112.79739011547186, "lat": 53.542955046747878, "AQHI_IDW": 1.8804512323212081, "NearestReading": "2025-11-20 01:00:00-07:00" }, "geometry": { "type": "Point", "coordinates": [ -112.797390115471856, 53.542955046747878 ] } },
{ "type": "Feature", "properties": { "lon": -112.74739011547186, "lat": 53.542955046747878, "AQHI_IDW": 1.9940957265899448, "NearestReading": "2025-11-20 01:00:00-07:00" }, "geometry": { "type": "Point", "coordinates": [ -112.747390115471859, 53.542955046747878 ] } },
{ "type": "Feature", "properties": { "lon": -112.69739011547186, "lat": 53.542955046747878, "AQHI_IDW": 2.0853764638588728, "NearestReading": "2025-11-20 01:00:00-07:00" }, "geometry": { "type": "Point", "coordinates": [ -112.697390115471862, 53.542955046747878 ] } },
{ "type": "Feature", "properties": { "lon": -112.64739011547186, "lat": 53.542955046747878, "AQHI_IDW": 2.1432104075874299, "NearestReading": "2025-11-20 01:00:00-07:00" }, "geometry": { "type": "Point", "coordinates": [ -112.647390115471865, 53.542955046747878 ] } },
{ "type": "Feature", "properties": { "lon": -112.59739011547187, "lat": 53.542955046747878, "AQHI_IDW": 2.1136999211478051, "NearestReading": "2025-11-20 01:00:00-07:00" }, "geometry": { "type": "Point", "coordinates": [ -112.597390115471867, 53.542955046747878 ] } },
{ "type": "Feature", "properties": { "lon": -112.54739011547187, "lat": 53.542955046747878, "AQHI_IDW": 2.1254118728424642, "NearestReading": "2025-11-20 01:00:00-07:00" }, "geometry": { "type": "Point", "coordinates": [ -112.54739011547187, 53.542955046747878 ] } },
{ "type": "Feature", "properties": { "lon": -112.49739011547187, "lat": 53.542955046747878, "AQHI_IDW": 2.1282546585177564, "NearestReading": "2025-11-20 01:00:00-07:00" }, "geometry": { "type": "Point", "coordinates": [ -112.497390115471873, 53.542955046747878 ] } },
{ "type": "Feature", "properties": { "lon": -112.44739011547188, "lat": 53.542955046747878, "AQHI_IDW": 2.1265154815899465, "NearestReading": "2025-11-20 01:00:00-07:00" }, "geometry": { "type": "Point", "coordinates": [ -112.447390115471876, 53.542955046747878 ] } },
{ "type": "Feature", "properties": { "lon": -112.39739011547188, "lat": 53.542955046747878, "AQHI_IDW": 2.1225582675423103, "NearestReading": "2025-11-20 01:00:00-07:00" }, "geometry": { "type": "Point", "coordinates": [ -112.397390115471879, 53.542955046747878 ] } },
{ "type": "Feature", "properties": { "lon": -112.34739011547188, "lat": 53.542955046747878, "AQHI_IDW": 2.1176489569660486, "NearestReading": "2025-11-20 01:00:00-07:00" }, "geometry": { "type": "Point", "coordinates": [ -112.347390115471882, 53.542955046747878 ] } },
{ "type": "Feature", "properties": { "lon": -114.19739011547178, "lat": 53.592955046747875, "AQHI_IDW": 2.1047069944104368, "NearestReading": "2025-11-20 01:00:00-07:00" }, "geometry": { "type": "Point", "coordinates": [ -114.197390115471777, 53.592955046747875 ] } },
{ "type": "Feature", "properties": { "lon": -114.14739011547178, "lat": 53.592955046747875, "AQHI_IDW": 2.091752449948415, "NearestReading": "2025-11-20 01:00:00-07:00" }, "geometry": { "type": "Point", "coordinates": [ -114.147390115471779, 53.592955046747875 ] } },
{ "type": "Feature", "properties": { "lon": -114.09739011547178, "lat": 53.592955046747875, "AQHI_IDW": 2.0704073879776859, "NearestReading": "2025-11-20 01:00:00-07:00" }, "geometry": { "type": "Point", "coordinates": [ -114.097390115471782, 53.592955046747875 ] } },
{ "type": "Feature", "properties": { "lon": -114.04739011547179, "lat": 53.592955046747875, "AQHI_IDW": 2.0337754610703973, "NearestReading": "2025-11-20 01:00:00-07:00" }, "geometry": { "type": "Point", "coordinates": [ -114.047390115471785, 53.592955046747875 ] } },
{ "type": "Feature", "properties": { "lon": -113.99739011547179, "lat": 53.592955046747875, "AQHI_IDW": 1.9746484091987455, "NearestReading": "2025-11-20 01:00:00-07:00" }, "geometry": { "type": "Point", "coordinates": [ -113.997390115471788, 53.592955046747875 ] } },
{ "type": "Feature", "properties": { "lon": -113.94739011547179, "lat": 53.592955046747875, "AQHI_IDW": 1.8875145153385875, "NearestReading": "2025-11-20 01:00:00-07:00" }, "geometry": { "type": "Point", "coordinates": [ -113.947390115471791, 53.592955046747875 ] } },
{ "type": "Feature", "properties": { "lon": -113.89739011547179, "lat": 53.592955046747875, "AQHI_IDW": 1.7721713768176697, "NearestReading": "2025-11-20 01:00:00-07:00" }, "geometry": { "type": "Point", "coordinates": [ -113.897390115471794, 53.592955046747875 ] } },
{ "type": "Feature", "properties": { "lon": -113.8473901154718, "lat": 53.592955046747875, "AQHI_IDW": 1.6437418299164088, "NearestReading": "2025-11-20 01:00:00-07:00" }, "geometry": { "type": "Point", "coordinates": [ -113.847390115471796, 53.592955046747875 ] } },
{ "type": "Feature", "properties": { "lon": -113.7973901154718, "lat": 53.592955046747875, "AQHI_IDW": 1.558745976506426, "NearestReading": "2025-11-20 01:00:00-07:00" }, "geometry": { "type": "Point", "coordinates": [ -113.797390115471799, 53.592955046747875 ] } },
{ "type": "Feature", "properties": { "lon": -113.7473901154718, "lat": 53.592955046747875, "AQHI_IDW": 1.6446643059604655, "NearestReading": "2025-11-20 01:00:00-07:00" }, "geometry": { "type": "Point", "coordinates": [ -113.747390115471802, 53.592955046747875 ] } },
{ "type": "Feature", "properties": { "lon": -113.6973901154718, "lat": 53.592955046747875, "AQHI_IDW": 2.0095282167912272, "NearestReading": "2025-11-20 01:00:00-07:00" }, "geometry": { "type": "Point", "coordinates": [ -113.697390115471805, 53.592955046747875 ] } },
{ "type": "Feature", "properties": { "lon": -113.64739011547181, "lat": 53.592955046747875, "AQHI_IDW": 2.5293654831093941, "NearestReading": "2025-11-20 01:00:00-07:00" }, "geometry": { "type": "Point", "coordinates": [ -113.647390115471808, 53.592955046747875 ] } },
{ "type": "Feature", "properties": { "lon": -113.59739011547181, "lat": 53.592955046747875, "AQHI_IDW": 2.9688460018701401, "NearestReading": "2025-11-20 01:00:00-07:00" }, "geometry": { "type": "Point", "coordinates": [ -113.597390115471811, 53.592955046747875 ] } },
{ "type": "Feature", "properties": { "lon": -113.54739011547181, "lat": 53.592955046747875, "AQHI_IDW": 3.3131109598664295, "NearestReading": "2025-11-20 01:00:00-07:00" }, "geometry": { "type": "Point", "coordinates": [ -113.547390115471813, 53.592955046747875 ] } },
{ "type": "Feature", "properties": { "lon": -113.49739011547182, "lat": 53.592955046747875, "AQHI_IDW": 3.626391152700787, "NearestReading": "2025-11-20 01:00:00-07:00" }, "geometry": { "type": "Point", "coordinates": [ -113.497390115471816, 53.592955046747875 ] } },
{ "type": "Feature", "properties": { "lon": -113.44739011547182, "lat": 53.592955046747875, "AQHI_IDW": 3.4082099693267836, "NearestReading": "2025-11-20 01:00:00-07:00" }, "geometry": { "type": "Point", "coordinates": [ -113.447390115471819, 53.592955046747875 ] } },
{ "type": "Feature", "properties": { "lon": -113.39739011547182, "lat": 53.592955046747875, "AQHI_IDW": 2.9708947243774753, "NearestReading": "2025-11-20 01:00:00-07:00" }, "geometry": { "type": "Point", "coordinates": [ -113.397390115471822, 53.592955046747875 ] } },
{ "type": "Feature", "properties": { "lon": -113.34739011547182, "lat": 53.592955046747875, "AQHI_IDW": 2.7109689347303147, "NearestReading": "2025-11-20 01:00:00-07:00" }, "geometry": { "type": "Point", "coordinates": [ -113.347390115471825, 53.592955046747875 ] } },
{ "type": "Feature", "properties": { "lon": -113.29739011547183, "lat": 53.592955046747875, "AQHI_IDW": 2.4422938885377605, "NearestReading": "2025-11-20 01:00:00-07:00" }, "geometry": { "type": "Point", "coordinates": [ -113.297390115471828, 53.592955046747875 ] } },
{ "type": "Feature", "properties": { "lon": -114.19739011547178, "lat": 53.642955046747872, "AQHI_IDW": 2.1319698448947615, "NearestReading": "2025-11-20 01:00:00-07:00" }, "geometry": { "type": "Point", "coordinates": [ -114.197390115471777, 53.642955046747872 ] } },
{ "type": "Feature", "properties": { "lon": -114.14739011547178, "lat": 53.642955046747872, "AQHI_IDW": 2.1198690927267672, "NearestReading": "2025-11-20 01:00:00-07:00" }, "geometry": { "type": "Point", "coordinates": [ -114.147390115471779, 53.642955046747872 ] } },
{ "type": "Feature", "properties": { "lon": -114.09739011547178, "lat": 53.642955046747872, "AQHI_IDW": 2.1015163760600291, "NearestReading": "2025-11-20 01:00:00-07:00" }, "geometry": { "type": "Point", "coordinates": [ -114.097390115471782, 53.642955046747872 ] } },
{ "type": "Feature", "properties": { "lon": -114.04739011547179, "lat": 53.642955046747872, "AQHI_IDW": 2.0730354287047392, "NearestReading": "2025-11-20 01:00:00-07:00" }, "geometry": { "type": "Point", "coordinates": [ -114.047390115471785, 53.642955046747872 ] } },
{ "type": "Feature", "properties": { "lon": -113.99739011547179, "lat": 53.642955046747872, "AQHI_IDW": 2.0313125768377485, "NearestReading": "2025-11-20 01:00:00-07:00" }, "geometry": { "type": "Point", "coordinates": [ -113.997390115471788, 53.642955046747872 ] } },
{ "type": "Feature", "properties": { "lon": -113.94739011547179, "lat": 53.642955046747872, "AQHI_IDW": 1.9761145856246742, "NearestReading": "2025-11-20 01:00:00-07:00" }, "geometry": { "type": "Point", "coordinates": [ -113.947390115471791, 53.642955046747872 ] } },
{ "type": "Feature", "properties": { "lon": -113.89739011547179, "lat": 53.642955046747872, "AQHI_IDW": 1.9138030908824097, "NearestReading": "2025-11-20 01:00:00-07:00" }, "geometry": { "type": "Point", "coordinates": [ -113.897390115471794, 53.642955046747872 ] } },
{ "type": "Feature", "properties": { "lon": -113.8473901154718, "lat": 53.642955046747872, "AQHI_IDW": 1.8642880525657943, "NearestReading": "2025-11-20 01:00:00-07:00" }, "geometry": { "type": "Point", "coordinates": [ -113.847390115471796, 53.642955046747872 ] } },
{ "type": "Feature", "properties": { "lon": -113.7973901154718, "lat": 53.642955046747872, "AQHI_IDW": 1.8714821748841104, "NearestReading": "2025-11-20 01:00:00-07:00" }, "geometry": { "type": "Point", "coordinates": [ -113.797390115471799, 53.642955046747872 ] } },
{ "type": "Feature", "properties": { "lon": -113.7473901154718, "lat": 53.642955046747872, "AQHI_IDW": 1.9957781869093458, "NearestReading": "2025-11-20 01:00:00-07:00" }, "geometry": { "type": "Point", "coordinates": [ -113.747390115471802, 53.642955046747872 ] } },
{ "type": "Feature", "properties": { "lon": -113.6973901154718, "lat": 53.642955046747872, "AQHI_IDW": 2.26030891813746, "NearestReading": "2025-11-20 01:00:00-07:00" }, "geometry": { "type": "Point", "coordinates": [ -113.697390115471805, 53.642955046747872 ] } },
{ "type": "Feature", "properties": { "lon": -113.64739011547181, "lat": 53.642955046747872, "AQHI_IDW": 2.5942443128238706, "NearestReading": "2025-11-20 01:00:00-07:00" }, "geometry": { "type": "Point", "coordinates": [ -113.647390115471808, 53.642955046747872 ] } },
{ "type": "Feature", "properties": { "lon": -113.59739011547181, "lat": 53.642955046747872, "AQHI_IDW": 2.8933546253579627, "NearestReading": "2025-11-20 01:00:00-07:00" }, "geometry": { "type": "Point", "coordinates": [ -113.597390115471811, 53.642955046747872 ] } },
{ "type": "Feature", "properties": { "lon": -113.54739011547181, "lat": 53.642955046747872, "AQHI_IDW": 3.1135949367421754, "NearestReading": "2025-11-20 01:00:00-07:00" }, "geometry": { "type": "Point", "coordinates": [ -113.547390115471813, 53.642955046747872 ] } },
{ "type": "Feature", "properties": { "lon": -113.49739011547182, "lat": 53.642955046747872, "AQHI_IDW": 3.2947455420389229, "NearestReading": "2025-11-20 01:00:00-07:00" }, "geometry": { "type": "Point", "coordinates": [ -113.497390115471816, 53.642955046747872 ] } },
{ "type": "Feature", "properties": { "lon": -113.44739011547182, "lat": 53.642955046747872, "AQHI_IDW": 3.1505988715399464, "NearestReading": "2025-11-20 01:00:00-07:00" }, "geometry": { "type": "Point", "coordinates": [ -113.447390115471819, 53.642955046747872 ] } },
{ "type": "Feature", "properties": { "lon": -113.39739011547182, "lat": 53.642955046747872, "AQHI_IDW": 2.9329721083698739, "NearestReading": "2025-11-20 01:00:00-07:00" }, "geometry": { "type": "Point", "coordinates": [ -113.397390115471822, 53.642955046747872 ] } },
{ "type": "Feature", "properties": { "lon": -113.34739011547182, "lat": 53.642955046747872, "AQHI_IDW": 2.6755659548117801, "NearestReading": "2025-11-20 01:00:00-07:00" }, "geometry": { "type": "Point", "coordinates": [ -113.347390115471825, 53.642955046747872 ] } },
{ "type": "Feature", "properties": { "lon": -113.29739011547183, "lat": 53.642955046747872, "AQHI_IDW": 2.6543636180606716, "NearestReading": "2025-11-20 01:00:00-07:00" }, "geometry": { "type": "Point", "coordinates": [ -113.297390115471828, 53.642955046747872 ] } },
{ "type": "Feature", "properties": { "lon": -114.19739011547178, "lat": 53.692955046747869, "AQHI_IDW": 2.1613287217368402, "NearestReading": "2025-11-20 01:00:00-07:00" }, "geometry": { "type": "Point", "coordinates": [ -114.197390115471777, 53.692955046747869 ] } },
{ "type": "Feature", "properties": { "lon": -114.14739011547178, "lat": 53.692955046747869, "AQHI_IDW": 2.1519907426931364, "NearestReading": "2025-11-20 01:00:00-07:00" }, "geometry": { "type": "Point", "coordinates": [ -114.147390115471779, 53.692955046747869 ] } },
{ "type": "Feature", "properties": { "lon": -114.09739011547178, "lat": 53.692955046747869, "AQHI_IDW": 2.1389609035746542, "NearestReading": "2025-11-20 01:00:00-07:00" }, "geometry": { "type": "Point", "coordinates": [ -114.097390115471782, 53.692955046747869 ] } },
{ "type": "Feature", "properties": { "lon": -114.04739011547179, "lat": 53.692955046747869, "AQHI_IDW": 2.1206660029804687, "NearestReading": "2025-11-20 01:00:00-07:00" }, "geometry": { "type": "Point", "coordinates": [ -114.047390115471785, 53.692955046747869 ] } },
{ "type": "Feature", "properties": { "lon": -113.99739011547179, "lat": 53.692955046747869, "AQHI_IDW": 2.096846271660445, "NearestReading": "2025-11-20 01:00:00-07:00" }, "geometry": { "type": "Point", "coordinates": [ -113.997390115471788, 53.692955046747869 ] } },
{ "type": "Feature", "properties": { "lon": -113.94739011547179, "lat": 53.692955046747869, "AQHI_IDW": 2.0702661974243015, "NearestReading": "2025-11-20 01:00:00-07:00" }, "geometry": { "type": "Point", "coordinates": [ -113.947390115471791, 53.692955046747869 ] } },
{ "type": "Feature", "properties": { "lon": -113.89739011547179, "lat": 53.692955046747869, "AQHI_IDW": 2.0490350429289284, "NearestReading": "2025-11-20 01:00:00-07:00" }, "geometry": { "type": "Point", "coordinates": [ -113.897390115471794, 53.692955046747869 ] } },
{ "type": "Feature", "properties": { "lon": -113.8473901154718, "lat": 53.692955046747869, "AQHI_IDW": 2.0500202795347535, "NearestReading": "2025-11-20 01:00:00-07:00" }, "geometry": { "type": "Point", "coordinates": [ -113.847390115471796, 53.692955046747869 ] } },
{ "type": "Feature", "properties": { "lon": -113.7973901154718, "lat": 53.692955046747869, "AQHI_IDW": 2.0974271588648996, "NearestReading": "2025-11-20 01:00:00-07:00" }, "geometry": { "type": "Point", "coordinates": [ -113.797390115471799, 53.692955046747869 ] } },
{ "type": "Feature", "properties": { "lon": -113.7473901154718, "lat": 53.692955046747869, "AQHI_IDW": 2.2136948500282405, "NearestReading": "2025-11-20 01:00:00-07:00" }, "geometry": { "type": "Point", "coordinates": [ -113.747390115471802, 53.692955046747869 ] } },
{ "type": "Feature", "properties": { "lon": -113.6973901154718, "lat": 53.692955046747869, "AQHI_IDW": 2.3970222258517881, "NearestReading": "2025-11-20 01:00:00-07:00" }, "geometry": { "type": "Point", "coordinates": [ -113.697390115471805, 53.692955046747869 ] } },
{ "type": "Feature", "properties": { "lon": -113.64739011547181, "lat": 53.692955046747869, "AQHI_IDW": 2.6078657500513569, "NearestReading": "2025-11-20 01:00:00-07:00" }, "geometry": { "type": "Point", "coordinates": [ -113.647390115471808, 53.692955046747869 ] } },
{ "type": "Feature", "properties": { "lon": -113.59739011547181, "lat": 53.692955046747869, "AQHI_IDW": 2.7930794985809979, "NearestReading": "2025-11-20 01:00:00-07:00" }, "geometry": { "type": "Point", "coordinates": [ -113.597390115471811, 53.692955046747869 ] } },
{ "type": "Feature", "properties": { "lon": -113.54739011547181, "lat": 53.692955046747869, "AQHI_IDW": 2.9134757602028696, "NearestReading": "2025-11-20 01:00:00-07:00" }, "geometry": { "type": "Point", "coordinates": [ -113.547390115471813, 53.692955046747869 ] } },
{ "type": "Feature", "properties": { "lon": -113.49739011547182, "lat": 53.692955046747869, "AQHI_IDW": 3.0614601452186334, "NearestReading": "2025-11-20 01:00:00-07:00" }, "geometry": { "type": "Point", "coordinates": [ -113.497390115471816, 53.692955046747869 ] } },
{ "type": "Feature", "properties": { "lon": -113.44739011547182, "lat": 53.692955046747869, "AQHI_IDW": 2.9486076632488438, "NearestReading": "2025-11-20 01:00:00-07:00" }, "geometry": { "type": "Point", "coordinates": [ -113.447390115471819, 53.692955046747869 ] } },
{ "type": "Feature", "properties": { "lon": -113.39739011547182, "lat": 53.692955046747869, "AQHI_IDW": 2.8130492990364813, "NearestReading": "2025-11-20 01:00:00-07:00" }, "geometry": { "type": "Point", "coordinates": [ -113.397390115471822, 53.692955046747869 ] } },
{ "type": "Feature", "properties": { "lon": -113.34739011547182, "lat": 53.692955046747869, "AQHI_IDW": 2.619914735121041, "NearestReading": "2025-11-20 01:00:00-07:00" }, "geometry": { "type": "Point", "coordinates": [ -113.347390115471825, 53.692955046747869 ] } },
{ "type": "Feature", "properties": { "lon": -113.29739011547183, "lat": 53.692955046747869, "AQHI_IDW": 2.7290014478663989, "NearestReading": "2025-11-20 01:00:00-07:00" }, "geometry": { "type": "Point", "coordinates": [ -113.297390115471828, 53.692955046747869 ] } },
{ "type": "Feature", "properties": { "lon": -114.14739011547178, "lat": 53.742955046747866, "AQHI_IDW": 2.1864185033546728, "NearestReading": "2025-11-20 01:00:00-07:00" }, "geometry": { "type": "Point", "coordinates": [ -114.147390115471779, 53.742955046747866 ] } },
{ "type": "Feature", "properties": { "lon": -114.09739011547178, "lat": 53.742955046747866, "AQHI_IDW": 2.1794014088654676, "NearestReading": "2025-11-20 01:00:00-07:00" }, "geometry": { "type": "Point", "coordinates": [ -114.097390115471782, 53.742955046747866 ] } },
{ "type": "Feature", "properties": { "lon": -114.04739011547179, "lat": 53.742955046747866, "AQHI_IDW": 2.1705186081671615, "NearestReading": "2025-11-20 01:00:00-07:00" }, "geometry": { "type": "Point", "coordinates": [ -114.047390115471785, 53.742955046747866 ] } },
{ "type": "Feature", "properties": { "lon": -113.99739011547179, "lat": 53.742955046747866, "AQHI_IDW": 2.161345336001061, "NearestReading": "2025-11-20 01:00:00-07:00" }, "geometry": { "type": "Point", "coordinates": [ -113.997390115471788, 53.742955046747866 ] } },
{ "type": "Feature", "properties": { "lon": -113.94739011547179, "lat": 53.742955046747866, "AQHI_IDW": 2.1555107173217332, "NearestReading": "2025-11-20 01:00:00-07:00" }, "geometry": { "type": "Point", "coordinates": [ -113.947390115471791, 53.742955046747866 ] } },
{ "type": "Feature", "properties": { "lon": -113.89739011547179, "lat": 53.742955046747866, "AQHI_IDW": 2.1601026989279974, "NearestReading": "2025-11-20 01:00:00-07:00" }, "geometry": { "type": "Point", "coordinates": [ -113.897390115471794, 53.742955046747866 ] } },
{ "type": "Feature", "properties": { "lon": -113.8473901154718, "lat": 53.742955046747866, "AQHI_IDW": 2.1860593730551834, "NearestReading": "2025-11-20 01:00:00-07:00" }, "geometry": { "type": "Point", "coordinates": [ -113.847390115471796, 53.742955046747866 ] } },
{ "type": "Feature", "properties": { "lon": -113.7973901154718, "lat": 53.742955046747866, "AQHI_IDW": 2.2413775660587949, "NearestReading": "2025-11-20 01:00:00-07:00" }, "geometry": { "type": "Point", "coordinates": [ -113.797390115471799, 53.742955046747866 ] } },
{ "type": "Feature", "properties": { "lon": -113.7473901154718, "lat": 53.742955046747866, "AQHI_IDW": 2.3353901283173748, "NearestReading": "2025-11-20 01:00:00-07:00" }, "geometry": { "type": "Point", "coordinates": [ -113.747390115471802, 53.742955046747866 ] } },
{ "type": "Feature", "properties": { "lon": -113.6973901154718, "lat": 53.742955046747866, "AQHI_IDW": 2.4603017856272635, "NearestReading": "2025-11-20 01:00:00-07:00" }, "geometry": { "type": "Point", "coordinates": [ -113.697390115471805, 53.742955046747866 ] } },
{ "type": "Feature", "properties": { "lon": -113.64739011547181, "lat": 53.742955046747866, "AQHI_IDW": 2.5917469279514744, "NearestReading": "2025-11-20 01:00:00-07:00" }, "geometry": { "type": "Point", "coordinates": [ -113.647390115471808, 53.742955046747866 ] } },
{ "type": "Feature", "properties": { "lon": -113.59739011547181, "lat": 53.742955046747866, "AQHI_IDW": 2.6982218286944191, "NearestReading": "2025-11-20 01:00:00-07:00" }, "geometry": { "type": "Point", "coordinates": [ -113.597390115471811, 53.742955046747866 ] } },
{ "type": "Feature", "properties": { "lon": -113.54739011547181, "lat": 53.742955046747866, "AQHI_IDW": 2.9555285573853527, "NearestReading": "2025-11-20 01:00:00-07:00" }, "geometry": { "type": "Point", "coordinates": [ -113.547390115471813, 53.742955046747866 ] } },
{ "type": "Feature", "properties": { "lon": -113.49739011547182, "lat": 53.742955046747866, "AQHI_IDW": 2.8769143311652119, "NearestReading": "2025-11-20 01:00:00-07:00" }, "geometry": { "type": "Point", "coordinates": [ -113.497390115471816, 53.742955046747866 ] } },
{ "type": "Feature", "properties": { "lon": -114.14739011547178, "lat": 53.792955046747863, "AQHI_IDW": 2.2200241944863559, "NearestReading": "2025-11-20 01:00:00-07:00" }, "geometry": { "type": "Point", "coordinates": [ -114.147390115471779, 53.792955046747863 ] } },
{ "type": "Feature", "properties": { "lon": -114.09739011547178, "lat": 53.792955046747863, "AQHI_IDW": 2.2181480602985513, "NearestReading": "2025-11-20 01:00:00-07:00" }, "geometry": { "type": "Point", "coordinates": [ -114.097390115471782, 53.792955046747863 ] } },
{ "type": "Feature", "properties": { "lon": -114.04739011547179, "lat": 53.792955046747863, "AQHI_IDW": 2.2171944369565946, "NearestReading": "2025-11-20 01:00:00-07:00" }, "geometry": { "type": "Point", "coordinates": [ -114.047390115471785, 53.792955046747863 ] } },
{ "type": "Feature", "properties": { "lon": -113.99739011547179, "lat": 53.792955046747863, "AQHI_IDW": 2.2188230226965775, "NearestReading": "2025-11-20 01:00:00-07:00" }, "geometry": { "type": "Point", "coordinates": [ -113.997390115471788, 53.792955046747863 ] } },
{ "type": "Feature", "properties": { "lon": -113.94739011547179, "lat": 53.792955046747863, "AQHI_IDW": 2.2262311691919097, "NearestReading": "2025-11-20 01:00:00-07:00" }, "geometry": { "type": "Point", "coordinates": [ -113.947390115471791, 53.792955046747863 ] } },
{ "type": "Feature", "properties": { "lon": -113.89739011547179, "lat": 53.792955046747863, "AQHI_IDW": 2.2443816469353672, "NearestReading": "2025-11-20 01:00:00-07:00" }, "geometry": { "type": "Point", "coordinates": [ -113.897390115471794, 53.792955046747863 ] } },
{ "type": "Feature", "properties": { "lon": -113.8473901154718, "lat": 53.792955046747863, "AQHI_IDW": 2.2783037087276705, "NearestReading": "2025-11-20 01:00:00-07:00" }, "geometry": { "type": "Point", "coordinates": [ -113.847390115471796, 53.792955046747863 ] } },
{ "type": "Feature", "properties": { "lon": -113.7973901154718, "lat": 53.792955046747863, "AQHI_IDW": 2.3285552789876665, "NearestReading": "2025-11-20 01:00:00-07:00" }, "geometry": { "type": "Point", "coordinates": [ -113.797390115471799, 53.792955046747863 ] } },
{ "type": "Feature", "properties": { "lon": -113.7473901154718, "lat": 53.792955046747863, "AQHI_IDW": 2.399671018335658, "NearestReading": "2025-11-20 01:00:00-07:00" }, "geometry": { "type": "Point", "coordinates": [ -113.747390115471802, 53.792955046747863 ] } },
{ "type": "Feature", "properties": { "lon": -113.6973901154718, "lat": 53.792955046747863, "AQHI_IDW": 2.4832881289589115, "NearestReading": "2025-11-20 01:00:00-07:00" }, "geometry": { "type": "Point", "coordinates": [ -113.697390115471805, 53.792955046747863 ] } },
{ "type": "Feature", "properties": { "lon": -113.64739011547181, "lat": 53.792955046747863, "AQHI_IDW": 2.5629253004269152, "NearestReading": "2025-11-20 01:00:00-07:00" }, "geometry": { "type": "Point", "coordinates": [ -113.647390115471808, 53.792955046747863 ] } },
{ "type": "Feature", "properties": { "lon": -113.59739011547181, "lat": 53.792955046747863, "AQHI_IDW": 2.7282820180993554, "NearestReading": "2025-11-20 01:00:00-07:00" }, "geometry": { "type": "Point", "coordinates": [ -113.597390115471811, 53.792955046747863 ] } },
{ "type": "Feature", "properties": { "lon": -113.54739011547181, "lat": 53.792955046747863, "AQHI_IDW": 2.8333269317186898, "NearestReading": "2025-11-20 01:00:00-07:00" }, "geometry": { "type": "Point", "coordinates": [ -113.547390115471813, 53.792955046747863 ] } },
{ "type": "Feature", "properties": { "lon": -113.49739011547182, "lat": 53.792955046747863, "AQHI_IDW": 2.7278093531973329, "NearestReading": "2025-11-20 01:00:00-07:00" }, "geometry": { "type": "Point", "coordinates": [ -113.497390115471816, 53.792955046747863 ] } },
{ "type": "Feature", "properties": { "lon": -114.09739011547178, "lat": 53.842955046747861, "AQHI_IDW": 2.2541581678489506, "NearestReading": "2025-11-20 01:00:00-07:00" }, "geometry": { "type": "Point", "coordinates": [ -114.097390115471782, 53.842955046747861 ] } },
{ "type": "Feature", "properties": { "lon": -114.04739011547179, "lat": 53.842955046747861, "AQHI_IDW": 2.2589301084805458, "NearestReading": "2025-11-20 01:00:00-07:00" }, "geometry": { "type": "Point", "coordinates": [ -114.047390115471785, 53.842955046747861 ] } },
{ "type": "Feature", "properties": { "lon": -113.99739011547179, "lat": 53.842955046747861, "AQHI_IDW": 2.2674536994719374, "NearestReading": "2025-11-20 01:00:00-07:00" }, "geometry": { "type": "Point", "coordinates": [ -113.997390115471788, 53.842955046747861 ] } },
{ "type": "Feature", "properties": { "lon": -113.94739011547179, "lat": 53.842955046747861, "AQHI_IDW": 2.2820730364934128, "NearestReading": "2025-11-20 01:00:00-07:00" }, "geometry": { "type": "Point", "coordinates": [ -113.947390115471791, 53.842955046747861 ] } },
{ "type": "Feature", "properties": { "lon": -113.89739011547179, "lat": 53.842955046747861, "AQHI_IDW": 2.3058082225003806, "NearestReading": "2025-11-20 01:00:00-07:00" }, "geometry": { "type": "Point", "coordinates": [ -113.897390115471794, 53.842955046747861 ] } },
{ "type": "Feature", "properties": { "lon": -113.8473901154718, "lat": 53.842955046747861, "AQHI_IDW": 2.3384264586501469, "NearestReading": "2025-11-20 01:00:00-07:00" }, "geometry": { "type": "Point", "coordinates": [ -113.847390115471796, 53.842955046747861 ] } },
{ "type": "Feature", "properties": { "lon": -113.7973901154718, "lat": 53.842955046747861, "AQHI_IDW": 2.3798676992758381, "NearestReading": "2025-11-20 01:00:00-07:00" }, "geometry": { "type": "Point", "coordinates": [ -113.797390115471799, 53.842955046747861 ] } },
{ "type": "Feature", "properties": { "lon": -113.7473901154718, "lat": 53.842955046747861, "AQHI_IDW": 2.4315558870246572, "NearestReading": "2025-11-20 01:00:00-07:00" }, "geometry": { "type": "Point", "coordinates": [ -113.747390115471802, 53.842955046747861 ] } },
{ "type": "Feature", "properties": { "lon": -113.6973901154718, "lat": 53.842955046747861, "AQHI_IDW": 2.5937174734823714, "NearestReading": "2025-11-20 01:00:00-07:00" }, "geometry": { "type": "Point", "coordinates": [ -113.697390115471805, 53.842955046747861 ] } },
{ "type": "Feature", "properties": { "lon": -113.64739011547181, "lat": 53.842955046747861, "AQHI_IDW": 2.6442213863448973, "NearestReading": "2025-11-20 01:00:00-07:00" }, "geometry": { "type": "Point", "coordinates": [ -113.647390115471808, 53.842955046747861 ] } },
{ "type": "Feature", "properties": { "lon": -113.59739011547181, "lat": 53.842955046747861, "AQHI_IDW": 2.6707157512906003, "NearestReading": "2025-11-20 01:00:00-07:00" }, "geometry": { "type": "Point", "coordinates": [ -113.597390115471811, 53.842955046747861 ] } },
{ "type": "Feature", "properties": { "lon": -113.54739011547181, "lat": 53.842955046747861, "AQHI_IDW": 2.7451614601927989, "NearestReading": "2025-11-20 01:00:00-07:00" }, "geometry": { "type": "Point", "coordinates": [ -113.547390115471813, 53.842955046747861 ] } },
{ "type": "Feature", "properties": { "lon": -113.49739011547182, "lat": 53.842955046747861, "AQHI_IDW": 2.6301974114498461, "NearestReading": "2025-11-20 01:00:00-07:00" }, "geometry": { "type": "Point", "coordinates": [ -113.497390115471816, 53.842955046747861 ] } },
{ "type": "Feature", "properties": { "lon": -114.04739011547179, "lat": 53.892955046747858, "AQHI_IDW": 2.294779824021743, "NearestReading": "2025-11-20 01:00:00-07:00" }, "geometry": { "type": "Point", "coordinates": [ -114.047390115471785, 53.892955046747858 ] } },
{ "type": "Feature", "properties": { "lon": -113.99739011547179, "lat": 53.892955046747858, "AQHI_IDW": 2.3071440960726353, "NearestReading": "2025-11-20 01:00:00-07:00" }, "geometry": { "type": "Point", "coordinates": [ -113.997390115471788, 53.892955046747858 ] } },
{ "type": "Feature", "properties": { "lon": -113.94739011547179, "lat": 53.892955046747858, "AQHI_IDW": 2.3249008212765068, "NearestReading": "2025-11-20 01:00:00-07:00" }, "geometry": { "type": "Point", "coordinates": [ -113.947390115471791, 53.892955046747858 ] } },
{ "type": "Feature", "properties": { "lon": -113.89739011547179, "lat": 53.892955046747858, "AQHI_IDW": 2.349635609624511, "NearestReading": "2025-11-20 01:00:00-07:00" }, "geometry": { "type": "Point", "coordinates": [ -113.897390115471794, 53.892955046747858 ] } },
{ "type": "Feature", "properties": { "lon": -113.8473901154718, "lat": 53.892955046747858, "AQHI_IDW": 2.3770879813534274, "NearestReading": "2025-11-20 01:00:00-07:00" }, "geometry": { "type": "Point", "coordinates": [ -113.847390115471796, 53.892955046747858 ] } },
{ "type": "Feature", "properties": { "lon": -113.7973901154718, "lat": 53.892955046747858, "AQHI_IDW": 2.4094394084615698, "NearestReading": "2025-11-20 01:00:00-07:00" }, "geometry": { "type": "Point", "coordinates": [ -113.797390115471799, 53.892955046747858 ] } },
{ "type": "Feature", "properties": { "lon": -113.7473901154718, "lat": 53.892955046747858, "AQHI_IDW": 2.5569809114879236, "NearestReading": "2025-11-20 01:00:00-07:00" }, "geometry": { "type": "Point", "coordinates": [ -113.747390115471802, 53.892955046747858 ] } },
{ "type": "Feature", "properties": { "lon": -113.6973901154718, "lat": 53.892955046747858, "AQHI_IDW": 2.595293825983032, "NearestReading": "2025-11-20 01:00:00-07:00" }, "geometry": { "type": "Point", "coordinates": [ -113.697390115471805, 53.892955046747858 ] } },
{ "type": "Feature", "properties": { "lon": -113.64739011547181, "lat": 53.892955046747858, "AQHI_IDW": 2.6234147655007178, "NearestReading": "2025-11-20 01:00:00-07:00" }, "geometry": { "type": "Point", "coordinates": [ -113.647390115471808, 53.892955046747858 ] } },
{ "type": "Feature", "properties": { "lon": -113.59739011547181, "lat": 53.892955046747858, "AQHI_IDW": 2.6304602144897928, "NearestReading": "2025-11-20 01:00:00-07:00" }, "geometry": { "type": "Point", "coordinates": [ -113.597390115471811, 53.892955046747858 ] } },
{ "type": "Feature", "properties": { "lon": -113.54739011547181, "lat": 53.892955046747858, "AQHI_IDW": 2.6925978646927557, "NearestReading": "2025-11-20 01:00:00-07:00" }, "geometry": { "type": "Point", "coordinates": [ -113.547390115471813, 53.892955046747858 ] } },
{ "type": "Feature", "properties": { "lon": -113.49739011547182, "lat": 53.892955046747858, "AQHI_IDW": 2.5864003557860853, "NearestReading": "2025-11-20 01:00:00-07:00" }, "geometry": { "type": "Point", "coordinates": [ -113.497390115471816, 53.892955046747858 ] } },
{ "type": "Feature", "properties": { "lon": -114.04739011547179, "lat": 53.942955046747855, "AQHI_IDW": 2.3247768906314632, "NearestReading": "2025-11-20 01:00:00-07:00" }, "geometry": { "type": "Point", "coordinates": [ -114.047390115471785, 53.942955046747855 ] } },
{ "type": "Feature", "properties": { "lon": -113.99739011547179, "lat": 53.942955046747855, "AQHI_IDW": 2.3388416600469104, "NearestReading": "2025-11-20 01:00:00-07:00" }, "geometry": { "type": "Point", "coordinates": [ -113.997390115471788, 53.942955046747855 ] } },
{ "type": "Feature", "properties": { "lon": -113.94739011547179, "lat": 53.942955046747855, "AQHI_IDW": 2.3572448689929222, "NearestReading": "2025-11-20 01:00:00-07:00" }, "geometry": { "type": "Point", "coordinates": [ -113.947390115471791, 53.942955046747855 ] } },
{ "type": "Feature", "properties": { "lon": -113.89739011547179, "lat": 53.942955046747855, "AQHI_IDW": 2.3806321748290444, "NearestReading": "2025-11-20 01:00:00-07:00" }, "geometry": { "type": "Point", "coordinates": [ -113.897390115471794, 53.942955046747855 ] } },
{ "type": "Feature", "properties": { "lon": -113.8473901154718, "lat": 53.942955046747855, "AQHI_IDW": 2.5144085871181669, "NearestReading": "2025-11-20 01:00:00-07:00" }, "geometry": { "type": "Point", "coordinates": [ -113.847390115471796, 53.942955046747855 ] } },
{ "type": "Feature", "properties": { "lon": -113.7973901154718, "lat": 53.942955046747855, "AQHI_IDW": 2.5409893410526263, "NearestReading": "2025-11-20 01:00:00-07:00" }, "geometry": { "type": "Point", "coordinates": [ -113.797390115471799, 53.942955046747855 ] } },
{ "type": "Feature", "properties": { "lon": -113.7473901154718, "lat": 53.942955046747855, "AQHI_IDW": 2.5689007755494333, "NearestReading": "2025-11-20 01:00:00-07:00" }, "geometry": { "type": "Point", "coordinates": [ -113.747390115471802, 53.942955046747855 ] } },
{ "type": "Feature", "properties": { "lon": -113.6973901154718, "lat": 53.942955046747855, "AQHI_IDW": 2.5933950743774634, "NearestReading": "2025-11-20 01:00:00-07:00" }, "geometry": { "type": "Point", "coordinates": [ -113.697390115471805, 53.942955046747855 ] } },
{ "type": "Feature", "properties": { "lon": -113.64739011547181, "lat": 53.942955046747855, "AQHI_IDW": 2.6081509475925486, "NearestReading": "2025-11-20 01:00:00-07:00" }, "geometry": { "type": "Point", "coordinates": [ -113.647390115471808, 53.942955046747855 ] } },
{ "type": "Feature", "properties": { "lon": -113.59739011547181, "lat": 53.942955046747855, "AQHI_IDW": 2.6059911769930983, "NearestReading": "2025-11-20 01:00:00-07:00" }, "geometry": { "type": "Point", "coordinates": [ -113.597390115471811, 53.942955046747855 ] } },
{ "type": "Feature", "properties": { "lon": -113.54739011547181, "lat": 53.942955046747855, "AQHI_IDW": 2.6599332481134246, "NearestReading": "2025-11-20 01:00:00-07:00" }, "geometry": { "type": "Point", "coordinates": [ -113.547390115471813, 53.942955046747855 ] } },
{ "type": "Feature", "properties": { "lon": -113.49739011547182, "lat": 53.942955046747855, "AQHI_IDW": 2.5679433375404788, "NearestReading": "2025-11-20 01:00:00-07:00" }, "geometry": { "type": "Point", "coordinates": [ -113.497390115471816, 53.942955046747855 ] } },
{ "type": "Feature", "properties": { "lon": -114.04739011547179, "lat": 53.992955046747852, "AQHI_IDW": 2.3494790196326765, "NearestReading": "2025-11-20 01:00:00-07:00" }, "geometry": { "type": "Point", "coordinates": [ -114.047390115471785, 53.992955046747852 ] } },
{ "type": "Feature", "properties": { "lon": -113.99739011547179, "lat": 53.992955046747852, "AQHI_IDW": 2.3638709555630002, "NearestReading": "2025-11-20 01:00:00-07:00" }, "geometry": { "type": "Point", "coordinates": [ -113.997390115471788, 53.992955046747852 ] } },
{ "type": "Feature", "properties": { "lon": -113.94739011547179, "lat": 53.992955046747852, "AQHI_IDW": 2.3815437146070182, "NearestReading": "2025-11-20 01:00:00-07:00" }, "geometry": { "type": "Point", "coordinates": [ -113.947390115471791, 53.992955046747852 ] } },
{ "type": "Feature", "properties": { "lon": -113.89739011547179, "lat": 53.992955046747852, "AQHI_IDW": 2.5178529067977409, "NearestReading": "2025-11-20 01:00:00-07:00" }, "geometry": { "type": "Point", "coordinates": [ -113.897390115471794, 53.992955046747852 ] } },
{ "type": "Feature", "properties": { "lon": -113.8473901154718, "lat": 53.992955046747852, "AQHI_IDW": 2.5360233276355673, "NearestReading": "2025-11-20 01:00:00-07:00" }, "geometry": { "type": "Point", "coordinates": [ -113.847390115471796, 53.992955046747852 ] } },
{ "type": "Feature", "properties": { "lon": -113.7973901154718, "lat": 53.992955046747852, "AQHI_IDW": 2.5561404805998271, "NearestReading": "2025-11-20 01:00:00-07:00" }, "geometry": { "type": "Point", "coordinates": [ -113.797390115471799, 53.992955046747852 ] } },
{ "type": "Feature", "properties": { "lon": -113.7473901154718, "lat": 53.992955046747852, "AQHI_IDW": 2.5757691554403652, "NearestReading": "2025-11-20 01:00:00-07:00" }, "geometry": { "type": "Point", "coordinates": [ -113.747390115471802, 53.992955046747852 ] } },
{ "type": "Feature", "properties": { "lon": -113.6973901154718, "lat": 53.992955046747852, "AQHI_IDW": 2.591412379086337, "NearestReading": "2025-11-20 01:00:00-07:00" }, "geometry": { "type": "Point", "coordinates": [ -113.697390115471805, 53.992955046747852 ] } },
{ "type": "Feature", "properties": { "lon": -113.64739011547181, "lat": 53.992955046747852, "AQHI_IDW": 2.5988048289916339, "NearestReading": "2025-11-20 01:00:00-07:00" }, "geometry": { "type": "Point", "coordinates": [ -113.647390115471808, 53.992955046747852 ] } },
{ "type": "Feature", "properties": { "lon": -113.59739011547181, "lat": 53.992955046747852, "AQHI_IDW": 2.703194097844781, "NearestReading": "2025-11-20 01:00:00-07:00" }, "geometry": { "type": "Point", "coordinates": [ -113.597390115471811, 53.992955046747852 ] } },
{ "type": "Feature", "properties": { "lon": -113.54739011547181, "lat": 53.992955046747852, "AQHI_IDW": 2.640204671711718, "NearestReading": "2025-11-20 01:00:00-07:00" }, "geometry": { "type": "Point", "coordinates": [ -113.547390115471813, 53.992955046747852 ] } },
{ "type": "Feature", "properties": { "lon": -113.49739011547182, "lat": 53.992955046747852, "AQHI_IDW": 2.4742661317517149, "NearestReading": "2025-11-20 01:00:00-07:00" }, "geometry": { "type": "Point", "coordinates": [ -113.497390115471816, 53.992955046747852 ] } },
{ "type": "Feature", "properties": { "lon": -114.04739011547179, "lat": 54.042955046747849, "AQHI_IDW": 2.3696556003916038, "NearestReading": "2025-11-20 01:00:00-07:00" }, "geometry": { "type": "Point", "coordinates": [ -114.047390115471785, 54.042955046747849 ] } },
{ "type": "Feature", "properties": { "lon": -113.99739011547179, "lat": 54.042955046747849, "AQHI_IDW": 2.3835697286161173, "NearestReading": "2025-11-20 01:00:00-07:00" }, "geometry": { "type": "Point", "coordinates": [ -113.997390115471788, 54.042955046747849 ] } },
{ "type": "Feature", "properties": { "lon": -113.94739011547179, "lat": 54.042955046747849, "AQHI_IDW": 2.3998539935528811, "NearestReading": "2025-11-20 01:00:00-07:00" }, "geometry": { "type": "Point", "coordinates": [ -113.947390115471791, 54.042955046747849 ] } },
{ "type": "Feature", "properties": { "lon": -113.89739011547179, "lat": 54.042955046747849, "AQHI_IDW": 2.5367328392820552, "NearestReading": "2025-11-20 01:00:00-07:00" }, "geometry": { "type": "Point", "coordinates": [ -113.897390115471794, 54.042955046747849 ] } },
{ "type": "Feature", "properties": { "lon": -113.8473901154718, "lat": 54.042955046747849, "AQHI_IDW": 2.5512991593107888, "NearestReading": "2025-11-20 01:00:00-07:00" }, "geometry": { "type": "Point", "coordinates": [ -113.847390115471796, 54.042955046747849 ] } },
{ "type": "Feature", "properties": { "lon": -113.7973901154718, "lat": 54.042955046747849, "AQHI_IDW": 2.5665007207079635, "NearestReading": "2025-11-20 01:00:00-07:00" }, "geometry": { "type": "Point", "coordinates": [ -113.797390115471799, 54.042955046747849 ] } },
{ "type": "Feature", "properties": { "lon": -113.7473901154718, "lat": 54.042955046747849, "AQHI_IDW": 2.5804388727084184, "NearestReading": "2025-11-20 01:00:00-07:00" }, "geometry": { "type": "Point", "coordinates": [ -113.747390115471802, 54.042955046747849 ] } },
{ "type": "Feature", "properties": { "lon": -113.6973901154718, "lat": 54.042955046747849, "AQHI_IDW": 2.5906436963895754, "NearestReading": "2025-11-20 01:00:00-07:00" }, "geometry": { "type": "Point", "coordinates": [ -113.697390115471805, 54.042955046747849 ] } },
{ "type": "Feature", "properties": { "lon": -113.64739011547181, "lat": 54.042955046747849, "AQHI_IDW": 2.4571773797282703, "NearestReading": "2025-11-20 01:00:00-07:00" }, "geometry": { "type": "Point", "coordinates": [ -113.647390115471808, 54.042955046747849 ] } },
{ "type": "Feature", "properties": { "lon": -113.59739011547181, "lat": 54.042955046747849, "AQHI_IDW": 2.6843888196443362, "NearestReading": "2025-11-20 01:00:00-07:00" }, "geometry": { "type": "Point", "coordinates": [ -113.597390115471811, 54.042955046747849 ] } },
{ "type": "Feature", "properties": { "lon": -113.54739011547181, "lat": 54.042955046747849, "AQHI_IDW": 2.6309101005092272, "NearestReading": "2025-11-20 01:00:00-07:00" }, "geometry": { "type": "Point", "coordinates": [ -113.547390115471813, 54.042955046747849 ] } },
{ "type": "Feature", "properties": { "lon": -113.49739011547182, "lat": 54.042955046747849, "AQHI_IDW": 2.4769353811479546, "NearestReading": "2025-11-20 01:00:00-07:00" }, "geometry": { "type": "Point", "coordinates": [ -113.497390115471816, 54.042955046747849 ] } },
{ "type": "Feature", "properties": { "lon": -114.14739011547178, "lat": 54.092955046747846, "AQHI_IDW": 2.3652975540660441, "NearestReading": "2025-11-20 01:00:00-07:00" }, "geometry": { "type": "Point", "coordinates": [ -114.147390115471779, 54.092955046747846 ] } },
{ "type": "Feature", "properties": { "lon": -114.09739011547178, "lat": 54.092955046747846, "AQHI_IDW": 2.3748402400697066, "NearestReading": "2025-11-20 01:00:00-07:00" }, "geometry": { "type": "Point", "coordinates": [ -114.097390115471782, 54.092955046747846 ] } },
{ "type": "Feature", "properties": { "lon": -114.04739011547179, "lat": 54.092955046747846, "AQHI_IDW": 2.3861019422872589, "NearestReading": "2025-11-20 01:00:00-07:00" }, "geometry": { "type": "Point", "coordinates": [ -114.047390115471785, 54.092955046747846 ] } },
{ "type": "Feature", "properties": { "lon": -113.99739011547179, "lat": 54.092955046747846, "AQHI_IDW": 2.3991211530449048, "NearestReading": "2025-11-20 01:00:00-07:00" }, "geometry": { "type": "Point", "coordinates": [ -113.997390115471788, 54.092955046747846 ] } },
{ "type": "Feature", "properties": { "lon": -113.94739011547179, "lat": 54.092955046747846, "AQHI_IDW": 2.5402568492195519, "NearestReading": "2025-11-20 01:00:00-07:00" }, "geometry": { "type": "Point", "coordinates": [ -113.947390115471791, 54.092955046747846 ] } },
{ "type": "Feature", "properties": { "lon": -113.89739011547179, "lat": 54.092955046747846, "AQHI_IDW": 2.5509274146581316, "NearestReading": "2025-11-20 01:00:00-07:00" }, "geometry": { "type": "Point", "coordinates": [ -113.897390115471794, 54.092955046747846 ] } },
{ "type": "Feature", "properties": { "lon": -113.8473901154718, "lat": 54.092955046747846, "AQHI_IDW": 2.5625759576548703, "NearestReading": "2025-11-20 01:00:00-07:00" }, "geometry": { "type": "Point", "coordinates": [ -113.847390115471796, 54.092955046747846 ] } },
{ "type": "Feature", "properties": { "lon": -113.7973901154718, "lat": 54.092955046747846, "AQHI_IDW": 2.5741749029886969, "NearestReading": "2025-11-20 01:00:00-07:00" }, "geometry": { "type": "Point", "coordinates": [ -113.797390115471799, 54.092955046747846 ] } },
{ "type": "Feature", "properties": { "lon": -113.7473901154718, "lat": 54.092955046747846, "AQHI_IDW": 2.4471698435627349, "NearestReading": "2025-11-20 01:00:00-07:00" }, "geometry": { "type": "Point", "coordinates": [ -113.747390115471802, 54.092955046747846 ] } },
{ "type": "Feature", "properties": { "lon": -113.6973901154718, "lat": 54.092955046747846, "AQHI_IDW": 2.4503165595365957, "NearestReading": "2025-11-20 01:00:00-07:00" }, "geometry": { "type": "Point", "coordinates": [ -113.697390115471805, 54.092955046747846 ] } },
{ "type": "Feature", "properties": { "lon": -113.64739011547181, "lat": 54.092955046747846, "AQHI_IDW": 2.4480140964878712, "NearestReading": "2025-11-20 01:00:00-07:00" }, "geometry": { "type": "Point", "coordinates": [ -113.647390115471808, 54.092955046747846 ] } },
{ "type": "Feature", "properties": { "lon": -113.59739011547181, "lat": 54.092955046747846, "AQHI_IDW": 2.6728394587110862, "NearestReading": "2025-11-20 01:00:00-07:00" }, "geometry": { "type": "Point", "coordinates": [ -113.597390115471811, 54.092955046747846 ] } },
{ "type": "Feature", "properties": { "lon": -113.54739011547181, "lat": 54.092955046747846, "AQHI_IDW": 2.6271388098714805, "NearestReading": "2025-11-20 01:00:00-07:00" }, "geometry": { "type": "Point", "coordinates": [ -113.547390115471813, 54.092955046747846 ] } },
{ "type": "Feature", "properties": { "lon": -113.49739011547182, "lat": 54.092955046747846, "AQHI_IDW": 2.4808854564023179, "NearestReading": "2025-11-20 01:00:00-07:00" }, "geometry": { "type": "Point", "coordinates": [ -113.497390115471816, 54.092955046747846 ] } },
{ "type": "Feature", "properties": { "lon": -114.14739011547178, "lat": 54.142955046747844, "AQHI_IDW": 2.379608752870118, "NearestReading": "2025-11-20 01:00:00-07:00" }, "geometry": { "type": "Point", "coordinates": [ -114.147390115471779, 54.142955046747844 ] } },
{ "type": "Feature", "properties": { "lon": -114.09739011547178, "lat": 54.142955046747844, "AQHI_IDW": 2.3888941539150412, "NearestReading": "2025-11-20 01:00:00-07:00" }, "geometry": { "type": "Point", "coordinates": [ -114.097390115471782, 54.142955046747844 ] } },
{ "type": "Feature", "properties": { "lon": -114.04739011547179, "lat": 54.142955046747844, "AQHI_IDW": 2.3995440894774549, "NearestReading": "2025-11-20 01:00:00-07:00" }, "geometry": { "type": "Point", "coordinates": [ -114.047390115471785, 54.142955046747844 ] } },
{ "type": "Feature", "properties": { "lon": -113.99739011547179, "lat": 54.142955046747844, "AQHI_IDW": 2.4114983832817836, "NearestReading": "2025-11-20 01:00:00-07:00" }, "geometry": { "type": "Point", "coordinates": [ -113.997390115471788, 54.142955046747844 ] } },
{ "type": "Feature", "properties": { "lon": -113.94739011547179, "lat": 54.142955046747844, "AQHI_IDW": 2.5530059150125854, "NearestReading": "2025-11-20 01:00:00-07:00" }, "geometry": { "type": "Point", "coordinates": [ -113.947390115471791, 54.142955046747844 ] } },
{ "type": "Feature", "properties": { "lon": -113.89739011547179, "lat": 54.142955046747844, "AQHI_IDW": 2.5619398763637946, "NearestReading": "2025-11-20 01:00:00-07:00" }, "geometry": { "type": "Point", "coordinates": [ -113.897390115471794, 54.142955046747844 ] } },
{ "type": "Feature", "properties": { "lon": -113.8473901154718, "lat": 54.142955046747844, "AQHI_IDW": 2.5713208742914659, "NearestReading": "2025-11-20 01:00:00-07:00" }, "geometry": { "type": "Point", "coordinates": [ -113.847390115471796, 54.142955046747844 ] } },
{ "type": "Feature", "properties": { "lon": -113.7973901154718, "lat": 54.142955046747844, "AQHI_IDW": 2.4403956562901401, "NearestReading": "2025-11-20 01:00:00-07:00" }, "geometry": { "type": "Point", "coordinates": [ -113.797390115471799, 54.142955046747844 ] } },
{ "type": "Feature", "properties": { "lon": -113.7473901154718, "lat": 54.142955046747844, "AQHI_IDW": 2.4443770636986231, "NearestReading": "2025-11-20 01:00:00-07:00" }, "geometry": { "type": "Point", "coordinates": [ -113.747390115471802, 54.142955046747844 ] } },
{ "type": "Feature", "properties": { "lon": -113.6973901154718, "lat": 54.142955046747844, "AQHI_IDW": 2.4451433195554899, "NearestReading": "2025-11-20 01:00:00-07:00" }, "geometry": { "type": "Point", "coordinates": [ -113.697390115471805, 54.142955046747844 ] } },
{ "type": "Feature", "properties": { "lon": -113.64739011547181, "lat": 54.142955046747844, "AQHI_IDW": 2.4416285464040746, "NearestReading": "2025-11-20 01:00:00-07:00" }, "geometry": { "type": "Point", "coordinates": [ -113.647390115471808, 54.142955046747844 ] } },
{ "type": "Feature", "properties": { "lon": -113.59739011547181, "lat": 54.142955046747844, "AQHI_IDW": 2.6660292639110499, "NearestReading": "2025-11-20 01:00:00-07:00" }, "geometry": { "type": "Point", "coordinates": [ -113.597390115471811, 54.142955046747844 ] } },
{ "type": "Feature", "properties": { "lon": -113.54739011547181, "lat": 54.142955046747844, "AQHI_IDW": 2.6265264754319002, "NearestReading": "2025-11-20 01:00:00-07:00" }, "geometry": { "type": "Point", "coordinates": [ -113.547390115471813, 54.142955046747844 ] } },
{ "type": "Feature", "properties": { "lon": -113.49739011547182, "lat": 54.142955046747844, "AQHI_IDW": 2.4853107029945201, "NearestReading": "2025-11-20 01:00:00-07:00" }, "geometry": { "type": "Point", "coordinates": [ -113.497390115471816, 54.142955046747844 ] } },
{ "type": "Feature", "properties": { "lon": -114.14739011547178, "lat": 54.192955046747841, "AQHI_IDW": 2.3918300575526739, "NearestReading": "2025-11-20 01:00:00-07:00" }, "geometry": { "type": "Point", "coordinates": [ -114.147390115471779, 54.192955046747841 ] } },
{ "type": "Feature", "properties": { "lon": -114.09739011547178, "lat": 54.192955046747841, "AQHI_IDW": 2.4006838609292749, "NearestReading": "2025-11-20 01:00:00-07:00" }, "geometry": { "type": "Point", "coordinates": [ -114.097390115471782, 54.192955046747841 ] } },
{ "type": "Feature", "properties": { "lon": -114.04739011547179, "lat": 54.192955046747841, "AQHI_IDW": 2.4106004554385847, "NearestReading": "2025-11-20 01:00:00-07:00" }, "geometry": { "type": "Point", "coordinates": [ -114.047390115471785, 54.192955046747841 ] } },
{ "type": "Feature", "properties": { "lon": -113.99739011547179, "lat": 54.192955046747841, "AQHI_IDW": 2.4214665180314419, "NearestReading": "2025-11-20 01:00:00-07:00" }, "geometry": { "type": "Point", "coordinates": [ -113.997390115471788, 54.192955046747841 ] } },
{ "type": "Feature", "properties": { "lon": -113.94739011547179, "lat": 54.192955046747841, "AQHI_IDW": 2.5632635278364724, "NearestReading": "2025-11-20 01:00:00-07:00" }, "geometry": { "type": "Point", "coordinates": [ -113.947390115471791, 54.192955046747841 ] } },
{ "type": "Feature", "properties": { "lon": -113.89739011547179, "lat": 54.192955046747841, "AQHI_IDW": 2.4312682298984298, "NearestReading": "2025-11-20 01:00:00-07:00" }, "geometry": { "type": "Point", "coordinates": [ -113.897390115471794, 54.192955046747841 ] } },
{ "type": "Feature", "properties": { "lon": -113.8473901154718, "lat": 54.192955046747841, "AQHI_IDW": 2.4361981340743113, "NearestReading": "2025-11-20 01:00:00-07:00" }, "geometry": { "type": "Point", "coordinates": [ -113.847390115471796, 54.192955046747841 ] } },
{ "type": "Feature", "properties": { "lon": -113.7973901154718, "lat": 54.192955046747841, "AQHI_IDW": 2.4400566055564128, "NearestReading": "2025-11-20 01:00:00-07:00" }, "geometry": { "type": "Point", "coordinates": [ -113.797390115471799, 54.192955046747841 ] } },
{ "type": "Feature", "properties": { "lon": -113.7473901154718, "lat": 54.192955046747841, "AQHI_IDW": 2.4420415520850254, "NearestReading": "2025-11-20 01:00:00-07:00" }, "geometry": { "type": "Point", "coordinates": [ -113.747390115471802, 54.192955046747841 ] } },
{ "type": "Feature", "properties": { "lon": -113.6973901154718, "lat": 54.192955046747841, "AQHI_IDW": 2.4413480235644598, "NearestReading": "2025-11-20 01:00:00-07:00" }, "geometry": { "type": "Point", "coordinates": [ -113.697390115471805, 54.192955046747841 ] } },
{ "type": "Feature", "properties": { "lon": -113.64739011547181, "lat": 54.192955046747841, "AQHI_IDW": 2.4378673904046204, "NearestReading": "2025-11-20 01:00:00-07:00" }, "geometry": { "type": "Point", "coordinates": [ -113.647390115471808, 54.192955046747841 ] } },
{ "type": "Feature", "properties": { "lon": -113.59739011547181, "lat": 54.192955046747841, "AQHI_IDW": 2.6624528695587641, "NearestReading": "2025-11-20 01:00:00-07:00" }, "geometry": { "type": "Point", "coordinates": [ -113.597390115471811, 54.192955046747841 ] } },
{ "type": "Feature", "properties": { "lon": -113.54739011547181, "lat": 54.192955046747841, "AQHI_IDW": 2.6279685402547246, "NearestReading": "2025-11-20 01:00:00-07:00" }, "geometry": { "type": "Point", "coordinates": [ -113.547390115471813, 54.192955046747841 ] } },
{ "type": "Feature", "properties": { "lon": -113.49739011547182, "lat": 54.192955046747841, "AQHI_IDW": 2.4901625464905814, "NearestReading": "2025-11-20 01:00:00-07:00" }, "geometry": { "type": "Point", "coordinates": [ -113.497390115471816, 54.192955046747841 ] } },
{ "type": "Feature", "properties": { "lon": -114.24739011547177, "lat": 54.242955046747838, "AQHI_IDW": 2.3882992743428559, "NearestReading": "2025-11-20 01:00:00-07:00" }, "geometry": { "type": "Point", "coordinates": [ -114.247390115471774, 54.242955046747838 ] } },
{ "type": "Feature", "properties": { "lon": -114.19739011547178, "lat": 54.242955046747838, "AQHI_IDW": 2.3948405425881947, "NearestReading": "2025-11-20 01:00:00-07:00" }, "geometry": { "type": "Point", "coordinates": [ -114.197390115471777, 54.242955046747838 ] } },
{ "type": "Feature", "properties": { "lon": -114.14739011547178, "lat": 54.242955046747838, "AQHI_IDW": 2.4022885552695485, "NearestReading": "2025-11-20 01:00:00-07:00" }, "geometry": { "type": "Point", "coordinates": [ -114.147390115471779, 54.242955046747838 ] } },
{ "type": "Feature", "properties": { "lon": -114.09739011547178, "lat": 54.242955046747838, "AQHI_IDW": 2.4106231611935689, "NearestReading": "2025-11-20 01:00:00-07:00" }, "geometry": { "type": "Point", "coordinates": [ -114.097390115471782, 54.242955046747838 ] } },
{ "type": "Feature", "properties": { "lon": -114.04739011547179, "lat": 54.242955046747838, "AQHI_IDW": 2.4197755161300312, "NearestReading": "2025-11-20 01:00:00-07:00" }, "geometry": { "type": "Point", "coordinates": [ -114.047390115471785, 54.242955046747838 ] } },
{ "type": "Feature", "properties": { "lon": -113.99739011547179, "lat": 54.242955046747838, "AQHI_IDW": 2.4270950306125743, "NearestReading": "2025-11-20 01:00:00-07:00" }, "geometry": { "type": "Point", "coordinates": [ -113.997390115471788, 54.242955046747838 ] } },
{ "type": "Feature", "properties": { "lon": -113.94739011547179, "lat": 54.242955046747838, "AQHI_IDW": 2.4299892275182287, "NearestReading": "2025-11-20 01:00:00-07:00" }, "geometry": { "type": "Point", "coordinates": [ -113.947390115471791, 54.242955046747838 ] } },
{ "type": "Feature", "properties": { "lon": -113.89739011547179, "lat": 54.242955046747838, "AQHI_IDW": 2.4339194579228907, "NearestReading": "2025-11-20 01:00:00-07:00" }, "geometry": { "type": "Point", "coordinates": [ -113.897390115471794, 54.242955046747838 ] } },
{ "type": "Feature", "properties": { "lon": -113.8473901154718, "lat": 54.242955046747838, "AQHI_IDW": 2.437299486483981, "NearestReading": "2025-11-20 01:00:00-07:00" }, "geometry": { "type": "Point", "coordinates": [ -113.847390115471796, 54.242955046747838 ] } },
{ "type": "Feature", "properties": { "lon": -113.7973901154718, "lat": 54.242955046747838, "AQHI_IDW": 2.439602745244434, "NearestReading": "2025-11-20 01:00:00-07:00" }, "geometry": { "type": "Point", "coordinates": [ -113.797390115471799, 54.242955046747838 ] } },
{ "type": "Feature", "properties": { "lon": -113.7473901154718, "lat": 54.242955046747838, "AQHI_IDW": 2.4402533616244431, "NearestReading": "2025-11-20 01:00:00-07:00" }, "geometry": { "type": "Point", "coordinates": [ -113.747390115471802, 54.242955046747838 ] } },
{ "type": "Feature", "properties": { "lon": -113.6973901154718, "lat": 54.242955046747838, "AQHI_IDW": 2.4386912068528765, "NearestReading": "2025-11-20 01:00:00-07:00" }, "geometry": { "type": "Point", "coordinates": [ -113.697390115471805, 54.242955046747838 ] } },
{ "type": "Feature", "properties": { "lon": -113.64739011547181, "lat": 54.242955046747838, "AQHI_IDW": 2.4356127405594359, "NearestReading": "2025-11-20 01:00:00-07:00" }, "geometry": { "type": "Point", "coordinates": [ -113.647390115471808, 54.242955046747838 ] } },
{ "type": "Feature", "properties": { "lon": -113.59739011547181, "lat": 54.242955046747838, "AQHI_IDW": 2.6611839294881263, "NearestReading": "2025-11-20 01:00:00-07:00" }, "geometry": { "type": "Point", "coordinates": [ -113.597390115471811, 54.242955046747838 ] } },
{ "type": "Feature", "properties": { "lon": -113.54739011547181, "lat": 54.242955046747838, "AQHI_IDW": 2.6308766454138675, "NearestReading": "2025-11-20 01:00:00-07:00" }, "geometry": { "type": "Point", "coordinates": [ -113.547390115471813, 54.242955046747838 ] } },
{ "type": "Feature", "properties": { "lon": -113.49739011547182, "lat": 54.242955046747838, "AQHI_IDW": 2.6019144656727211, "NearestReading": "2025-11-20 01:00:00-07:00" }, "geometry": { "type": "Point", "coordinates": [ -113.497390115471816, 54.242955046747838 ] } },
{ "type": "Feature", "properties": { "lon": -114.24739011547177, "lat": 54.292955046747835, "AQHI_IDW": 2.3978761445978032, "NearestReading": "2025-11-20 01:00:00-07:00" }, "geometry": { "type": "Point", "coordinates": [ -114.247390115471774, 54.292955046747835 ] } },
{ "type": "Feature", "properties": { "lon": -114.19739011547178, "lat": 54.292955046747835, "AQHI_IDW": 2.4041989504052355, "NearestReading": "2025-11-20 01:00:00-07:00" }, "geometry": { "type": "Point", "coordinates": [ -114.197390115471777, 54.292955046747835 ] } },
{ "type": "Feature", "properties": { "lon": -114.14739011547178, "lat": 54.292955046747835, "AQHI_IDW": 2.4112739853697152, "NearestReading": "2025-11-20 01:00:00-07:00" }, "geometry": { "type": "Point", "coordinates": [ -114.147390115471779, 54.292955046747835 ] } },
{ "type": "Feature", "properties": { "lon": -114.09739011547178, "lat": 54.292955046747835, "AQHI_IDW": 2.4190591579479546, "NearestReading": "2025-11-20 01:00:00-07:00" }, "geometry": { "type": "Point", "coordinates": [ -114.097390115471782, 54.292955046747835 ] } },
{ "type": "Feature", "properties": { "lon": -114.04739011547179, "lat": 54.292955046747835, "AQHI_IDW": 2.2864854522552522, "NearestReading": "2025-11-20 01:00:00-07:00" }, "geometry": { "type": "Point", "coordinates": [ -114.047390115471785, 54.292955046747835 ] } },
{ "type": "Feature", "properties": { "lon": -113.99739011547179, "lat": 54.292955046747835, "AQHI_IDW": 2.4299319021374672, "NearestReading": "2025-11-20 01:00:00-07:00" }, "geometry": { "type": "Point", "coordinates": [ -113.997390115471788, 54.292955046747835 ] } },
{ "type": "Feature", "properties": { "lon": -113.94739011547179, "lat": 54.292955046747835, "AQHI_IDW": 2.4330038256783584, "NearestReading": "2025-11-20 01:00:00-07:00" }, "geometry": { "type": "Point", "coordinates": [ -113.947390115471791, 54.292955046747835 ] } },
{ "type": "Feature", "properties": { "lon": -113.89739011547179, "lat": 54.292955046747835, "AQHI_IDW": 2.4358203635900262, "NearestReading": "2025-11-20 01:00:00-07:00" }, "geometry": { "type": "Point", "coordinates": [ -113.897390115471794, 54.292955046747835 ] } },
{ "type": "Feature", "properties": { "lon": -113.8473901154718, "lat": 54.292955046747835, "AQHI_IDW": 2.4380310230910713, "NearestReading": "2025-11-20 01:00:00-07:00" }, "geometry": { "type": "Point", "coordinates": [ -113.847390115471796, 54.292955046747835 ] } },
{ "type": "Feature", "properties": { "lon": -113.7973901154718, "lat": 54.292955046747835, "AQHI_IDW": 2.4392338683525323, "NearestReading": "2025-11-20 01:00:00-07:00" }, "geometry": { "type": "Point", "coordinates": [ -113.797390115471799, 54.292955046747835 ] } },
{ "type": "Feature", "properties": { "lon": -113.7473901154718, "lat": 54.292955046747835, "AQHI_IDW": 2.4390083208470204, "NearestReading": "2025-11-20 01:00:00-07:00" }, "geometry": { "type": "Point", "coordinates": [ -113.747390115471802, 54.292955046747835 ] } },
{ "type": "Feature", "properties": { "lon": -113.6973901154718, "lat": 54.292955046747835, "AQHI_IDW": 2.4369618189369935, "NearestReading": "2025-11-20 01:00:00-07:00" }, "geometry": { "type": "Point", "coordinates": [ -113.697390115471805, 54.292955046747835 ] } },
{ "type": "Feature", "properties": { "lon": -113.64739011547181, "lat": 54.292955046747835, "AQHI_IDW": 2.4343774285790682, "NearestReading": "2025-11-20 01:00:00-07:00" }, "geometry": { "type": "Point", "coordinates": [ -113.647390115471808, 54.292955046747835 ] } },
{ "type": "Feature", "properties": { "lon": -113.59739011547181, "lat": 54.292955046747835, "AQHI_IDW": 2.6616059146226223, "NearestReading": "2025-11-20 01:00:00-07:00" }, "geometry": { "type": "Point", "coordinates": [ -113.597390115471811, 54.292955046747835 ] } },
{ "type": "Feature", "properties": { "lon": -113.54739011547181, "lat": 54.292955046747835, "AQHI_IDW": 2.6352390040362188, "NearestReading": "2025-11-20 01:00:00-07:00" }, "geometry": { "type": "Point", "coordinates": [ -113.547390115471813, 54.292955046747835 ] } },
{ "type": "Feature", "properties": { "lon": -113.49739011547182, "lat": 54.292955046747835, "AQHI_IDW": 2.4960024317065019, "NearestReading": "2025-11-20 01:00:00-07:00" }, "geometry": { "type": "Point", "coordinates": [ -113.497390115471816, 54.292955046747835 ] } },
{ "type": "Feature", "properties": { "lon": -114.24739011547177, "lat": 54.342955046747832, "AQHI_IDW": 2.4063063965964981, "NearestReading": "2025-11-20 01:00:00-07:00" }, "geometry": { "type": "Point", "coordinates": [ -114.247390115471774, 54.342955046747832 ] } },
{ "type": "Feature", "properties": { "lon": -114.19739011547178, "lat": 54.342955046747832, "AQHI_IDW": 2.4123600701408452, "NearestReading": "2025-11-20 01:00:00-07:00" }, "geometry": { "type": "Point", "coordinates": [ -114.197390115471777, 54.342955046747832 ] } },
{ "type": "Feature", "properties": { "lon": -114.14739011547178, "lat": 54.342955046747832, "AQHI_IDW": 2.2799799640721155, "NearestReading": "2025-11-20 01:00:00-07:00" }, "geometry": { "type": "Point", "coordinates": [ -114.147390115471779, 54.342955046747832 ] } },
{ "type": "Feature", "properties": { "lon": -114.09739011547178, "lat": 54.342955046747832, "AQHI_IDW": 2.2847013485358891, "NearestReading": "2025-11-20 01:00:00-07:00" }, "geometry": { "type": "Point", "coordinates": [ -114.097390115471782, 54.342955046747832 ] } },
{ "type": "Feature", "properties": { "lon": -114.04739011547179, "lat": 54.342955046747832, "AQHI_IDW": 2.4306536326504569, "NearestReading": "2025-11-20 01:00:00-07:00" }, "geometry": { "type": "Point", "coordinates": [ -114.047390115471785, 54.342955046747832 ] } },
{ "type": "Feature", "properties": { "lon": -113.99739011547179, "lat": 54.342955046747832, "AQHI_IDW": 2.4330284171257008, "NearestReading": "2025-11-20 01:00:00-07:00" }, "geometry": { "type": "Point", "coordinates": [ -113.997390115471788, 54.342955046747832 ] } },
{ "type": "Feature", "properties": { "lon": -113.94739011547179, "lat": 54.342955046747832, "AQHI_IDW": 2.4353091958447504, "NearestReading": "2025-11-20 01:00:00-07:00" }, "geometry": { "type": "Point", "coordinates": [ -113.947390115471791, 54.342955046747832 ] } },
{ "type": "Feature", "properties": { "lon": -113.89739011547179, "lat": 54.342955046747832, "AQHI_IDW": 2.437261839219409, "NearestReading": "2025-11-20 01:00:00-07:00" }, "geometry": { "type": "Point", "coordinates": [ -113.897390115471794, 54.342955046747832 ] } },
{ "type": "Feature", "properties": { "lon": -113.8473901154718, "lat": 54.342955046747832, "AQHI_IDW": 2.4386085181789587, "NearestReading": "2025-11-20 01:00:00-07:00" }, "geometry": { "type": "Point", "coordinates": [ -113.847390115471796, 54.342955046747832 ] } },
{ "type": "Feature", "properties": { "lon": -113.7973901154718, "lat": 54.342955046747832, "AQHI_IDW": 2.4390438008165916, "NearestReading": "2025-11-20 01:00:00-07:00" }, "geometry": { "type": "Point", "coordinates": [ -113.797390115471799, 54.342955046747832 ] } },
{ "type": "Feature", "properties": { "lon": -113.7473901154718, "lat": 54.342955046747832, "AQHI_IDW": 2.4382601484745487, "NearestReading": "2025-11-20 01:00:00-07:00" }, "geometry": { "type": "Point", "coordinates": [ -113.747390115471802, 54.342955046747832 ] } },
{ "type": "Feature", "properties": { "lon": -113.6973901154718, "lat": 54.342955046747832, "AQHI_IDW": 2.4363076493498621, "NearestReading": "2025-11-20 01:00:00-07:00" }, "geometry": { "type": "Point", "coordinates": [ -113.697390115471805, 54.342955046747832 ] } },
{ "type": "Feature", "properties": { "lon": -113.64739011547181, "lat": 54.342955046747832, "AQHI_IDW": 2.4339244820042154, "NearestReading": "2025-11-20 01:00:00-07:00" }, "geometry": { "type": "Point", "coordinates": [ -113.647390115471808, 54.342955046747832 ] } },
{ "type": "Feature", "properties": { "lon": -113.59739011547181, "lat": 54.342955046747832, "AQHI_IDW": 2.6632731242879539, "NearestReading": "2025-11-20 01:00:00-07:00" }, "geometry": { "type": "Point", "coordinates": [ -113.597390115471811, 54.342955046747832 ] } },
{ "type": "Feature", "properties": { "lon": -113.54739011547181, "lat": 54.342955046747832, "AQHI_IDW": 2.5210076880902395, "NearestReading": "2025-11-20 01:00:00-07:00" }, "geometry": { "type": "Point", "coordinates": [ -113.547390115471813, 54.342955046747832 ] } },
{ "type": "Feature", "properties": { "lon": -113.49739011547182, "lat": 54.342955046747832, "AQHI_IDW": 2.4988829260731502, "NearestReading": "2025-11-20 01:00:00-07:00" }, "geometry": { "type": "Point", "coordinates": [ -113.497390115471816, 54.342955046747832 ] } },
{ "type": "Feature", "properties": { "lon": -113.44739011547182, "lat": 54.342955046747832, "AQHI_IDW": 2.478032365392266, "NearestReading": "2025-11-20 01:00:00-07:00" }, "geometry": { "type": "Point", "coordinates": [ -113.447390115471819, 54.342955046747832 ] } },
{ "type": "Feature", "properties": { "lon": -113.39739011547182, "lat": 54.342955046747832, "AQHI_IDW": 2.3589042208499484, "NearestReading": "2025-11-20 01:00:00-07:00" }, "geometry": { "type": "Point", "coordinates": [ -113.397390115471822, 54.342955046747832 ] } },
{ "type": "Feature", "properties": { "lon": -113.34739011547182, "lat": 54.342955046747832, "AQHI_IDW": 2.3484089402560491, "NearestReading": "2025-11-20 01:00:00-07:00" }, "geometry": { "type": "Point", "coordinates": [ -113.347390115471825, 54.342955046747832 ] } },
{ "type": "Feature", "properties": { "lon": -113.29739011547183, "lat": 54.342955046747832, "AQHI_IDW": 2.3402343967424377, "NearestReading": "2025-11-20 01:00:00-07:00" }, "geometry": { "type": "Point", "coordinates": [ -113.297390115471828, 54.342955046747832 ] } },
{ "type": "Feature", "properties": { "lon": -114.24739011547177, "lat": 54.392955046747829, "AQHI_IDW": 2.4137474992787586, "NearestReading": "2025-11-20 01:00:00-07:00" }, "geometry": { "type": "Point", "coordinates": [ -114.247390115471774, 54.392955046747829 ] } },
{ "type": "Feature", "properties": { "lon": -114.19739011547178, "lat": 54.392955046747829, "AQHI_IDW": 2.2796572335594258, "NearestReading": "2025-11-20 01:00:00-07:00" }, "geometry": { "type": "Point", "coordinates": [ -114.197390115471777, 54.392955046747829 ] } },
{ "type": "Feature", "properties": { "lon": -114.14739011547178, "lat": 54.392955046747829, "AQHI_IDW": 2.2836369942124719, "NearestReading": "2025-11-20 01:00:00-07:00" }, "geometry": { "type": "Point", "coordinates": [ -114.147390115471779, 54.392955046747829 ] } },
{ "type": "Feature", "properties": { "lon": -114.09739011547178, "lat": 54.392955046747829, "AQHI_IDW": 2.2877948316638577, "NearestReading": "2025-11-20 01:00:00-07:00" }, "geometry": { "type": "Point", "coordinates": [ -114.097390115471782, 54.392955046747829 ] } },
{ "type": "Feature", "properties": { "lon": -114.04739011547179, "lat": 54.392955046747829, "AQHI_IDW": 2.4336866140912461, "NearestReading": "2025-11-20 01:00:00-07:00" }, "geometry": { "type": "Point", "coordinates": [ -114.047390115471785, 54.392955046747829 ] } },
{ "type": "Feature", "properties": { "lon": -113.99739011547179, "lat": 54.392955046747829, "AQHI_IDW": 2.4354994216503361, "NearestReading": "2025-11-20 01:00:00-07:00" }, "geometry": { "type": "Point", "coordinates": [ -113.997390115471788, 54.392955046747829 ] } },
{ "type": "Feature", "properties": { "lon": -113.94739011547179, "lat": 54.392955046747829, "AQHI_IDW": 2.4371475324095182, "NearestReading": "2025-11-20 01:00:00-07:00" }, "geometry": { "type": "Point", "coordinates": [ -113.947390115471791, 54.392955046747829 ] } },
{ "type": "Feature", "properties": { "lon": -113.89739011547179, "lat": 54.392955046747829, "AQHI_IDW": 2.4384391998126795, "NearestReading": "2025-11-20 01:00:00-07:00" }, "geometry": { "type": "Point", "coordinates": [ -113.897390115471794, 54.392955046747829 ] } },
{ "type": "Feature", "properties": { "lon": -113.8473901154718, "lat": 54.392955046747829, "AQHI_IDW": 2.4391560257335532, "NearestReading": "2025-11-20 01:00:00-07:00" }, "geometry": { "type": "Point", "coordinates": [ -113.847390115471796, 54.392955046747829 ] } },
{ "type": "Feature", "properties": { "lon": -113.7973901154718, "lat": 54.392955046747829, "AQHI_IDW": 2.4390665837562699, "NearestReading": "2025-11-20 01:00:00-07:00" }, "geometry": { "type": "Point", "coordinates": [ -113.797390115471799, 54.392955046747829 ] } },
{ "type": "Feature", "properties": { "lon": -113.7473901154718, "lat": 54.392955046747829, "AQHI_IDW": 2.4379458904434439, "NearestReading": "2025-11-20 01:00:00-07:00" }, "geometry": { "type": "Point", "coordinates": [ -113.747390115471802, 54.392955046747829 ] } },
{ "type": "Feature", "properties": { "lon": -113.6973901154718, "lat": 54.392955046747829, "AQHI_IDW": 2.436345232951215, "NearestReading": "2025-11-20 01:00:00-07:00" }, "geometry": { "type": "Point", "coordinates": [ -113.697390115471805, 54.392955046747829 ] } },
{ "type": "Feature", "properties": { "lon": -113.64739011547181, "lat": 54.392955046747829, "AQHI_IDW": 2.4340697820083377, "NearestReading": "2025-11-20 01:00:00-07:00" }, "geometry": { "type": "Point", "coordinates": [ -113.647390115471808, 54.392955046747829 ] } },
{ "type": "Feature", "properties": { "lon": -113.59739011547181, "lat": 54.392955046747829, "AQHI_IDW": 2.541541139599055, "NearestReading": "2025-11-20 01:00:00-07:00" }, "geometry": { "type": "Point", "coordinates": [ -113.597390115471811, 54.392955046747829 ] } },
{ "type": "Feature", "properties": { "lon": -113.54739011547181, "lat": 54.392955046747829, "AQHI_IDW": 2.5205544066694965, "NearestReading": "2025-11-20 01:00:00-07:00" }, "geometry": { "type": "Point", "coordinates": [ -113.547390115471813, 54.392955046747829 ] } },
{ "type": "Feature", "properties": { "lon": -113.49739011547182, "lat": 54.392955046747829, "AQHI_IDW": 2.5017465655572804, "NearestReading": "2025-11-20 01:00:00-07:00" }, "geometry": { "type": "Point", "coordinates": [ -113.497390115471816, 54.392955046747829 ] } },
{ "type": "Feature", "properties": { "lon": -113.44739011547182, "lat": 54.392955046747829, "AQHI_IDW": 2.4829448631602467, "NearestReading": "2025-11-20 01:00:00-07:00" }, "geometry": { "type": "Point", "coordinates": [ -113.447390115471819, 54.392955046747829 ] } },
{ "type": "Feature", "properties": { "lon": -113.39739011547182, "lat": 54.392955046747829, "AQHI_IDW": 2.364152103092394, "NearestReading": "2025-11-20 01:00:00-07:00" }, "geometry": { "type": "Point", "coordinates": [ -113.397390115471822, 54.392955046747829 ] } },
{ "type": "Feature", "properties": { "lon": -113.34739011547182, "lat": 54.392955046747829, "AQHI_IDW": 2.3546487201192559, "NearestReading": "2025-11-20 01:00:00-07:00" }, "geometry": { "type": "Point", "coordinates": [ -113.347390115471825, 54.392955046747829 ] } },
{ "type": "Feature", "properties": { "lon": -113.29739011547183, "lat": 54.392955046747829, "AQHI_IDW": 2.3490374637688132, "NearestReading": "2025-11-20 01:00:00-07:00" }, "geometry": { "type": "Point", "coordinates": [ -113.297390115471828, 54.392955046747829 ] } },
{ "type": "Feature", "properties": { "lon": -113.24739011547183, "lat": 54.392955046747829, "AQHI_IDW": 2.3448256813332886, "NearestReading": "2025-11-20 01:00:00-07:00" }, "geometry": { "type": "Point", "coordinates": [ -113.247390115471831, 54.392955046747829 ] } },
{ "type": "Feature", "properties": { "lon": -114.29739011547177, "lat": 54.442955046747826, "AQHI_IDW": 2.2765796520888881, "NearestReading": "2025-11-20 01:00:00-07:00" }, "geometry": { "type": "Point", "coordinates": [ -114.297390115471771, 54.442955046747826 ] } },
{ "type": "Feature", "properties": { "lon": -114.24739011547177, "lat": 54.442955046747826, "AQHI_IDW": 2.2797235268691032, "NearestReading": "2025-11-20 01:00:00-07:00" }, "geometry": { "type": "Point", "coordinates": [ -114.247390115471774, 54.442955046747826 ] } },
{ "type": "Feature", "properties": { "lon": -114.19739011547178, "lat": 54.442955046747826, "AQHI_IDW": 2.2831002935416591, "NearestReading": "2025-11-20 01:00:00-07:00" }, "geometry": { "type": "Point", "coordinates": [ -114.197390115471777, 54.442955046747826 ] } },
{ "type": "Feature", "properties": { "lon": -114.14739011547178, "lat": 54.442955046747826, "AQHI_IDW": 2.2866529497915975, "NearestReading": "2025-11-20 01:00:00-07:00" }, "geometry": { "type": "Point", "coordinates": [ -114.147390115471779, 54.442955046747826 ] } },
{ "type": "Feature", "properties": { "lon": -114.09739011547178, "lat": 54.442955046747826, "AQHI_IDW": 2.290301904925319, "NearestReading": "2025-11-20 01:00:00-07:00" }, "geometry": { "type": "Point", "coordinates": [ -114.097390115471782, 54.442955046747826 ] } },
{ "type": "Feature", "properties": { "lon": -114.04739011547179, "lat": 54.442955046747826, "AQHI_IDW": 2.4361818577295593, "NearestReading": "2025-11-20 01:00:00-07:00" }, "geometry": { "type": "Point", "coordinates": [ -114.047390115471785, 54.442955046747826 ] } },
{ "type": "Feature", "properties": { "lon": -113.99739011547179, "lat": 54.442955046747826, "AQHI_IDW": 2.4375333504271874, "NearestReading": "2025-11-20 01:00:00-07:00" }, "geometry": { "type": "Point", "coordinates": [ -113.997390115471788, 54.442955046747826 ] } },
{ "type": "Feature", "properties": { "lon": -113.94739011547179, "lat": 54.442955046747826, "AQHI_IDW": 2.4386830570556048, "NearestReading": "2025-11-20 01:00:00-07:00" }, "geometry": { "type": "Point", "coordinates": [ -113.947390115471791, 54.442955046747826 ] } },
{ "type": "Feature", "properties": { "lon": -113.89739011547179, "lat": 54.442955046747826, "AQHI_IDW": 2.4394757352572549, "NearestReading": "2025-11-20 01:00:00-07:00" }, "geometry": { "type": "Point", "coordinates": [ -113.897390115471794, 54.442955046747826 ] } },
{ "type": "Feature", "properties": { "lon": -113.8473901154718, "lat": 54.442955046747826, "AQHI_IDW": 2.4397407360856813, "NearestReading": "2025-11-20 01:00:00-07:00" }, "geometry": { "type": "Point", "coordinates": [ -113.847390115471796, 54.442955046747826 ] } },
{ "type": "Feature", "properties": { "lon": -113.7973901154718, "lat": 54.442955046747826, "AQHI_IDW": 2.4393031455613974, "NearestReading": "2025-11-20 01:00:00-07:00" }, "geometry": { "type": "Point", "coordinates": [ -113.797390115471799, 54.442955046747826 ] } },
{ "type": "Feature", "properties": { "lon": -113.7473901154718, "lat": 54.442955046747826, "AQHI_IDW": 2.4379985618988194, "NearestReading": "2025-11-20 01:00:00-07:00" }, "geometry": { "type": "Point", "coordinates": [ -113.747390115471802, 54.442955046747826 ] } },
{ "type": "Feature", "properties": { "lon": -113.6973901154718, "lat": 54.442955046747826, "AQHI_IDW": 2.4367727585384418, "NearestReading": "2025-11-20 01:00:00-07:00" }, "geometry": { "type": "Point", "coordinates": [ -113.697390115471805, 54.442955046747826 ] } },
{ "type": "Feature", "properties": { "lon": -113.64739011547181, "lat": 54.442955046747826, "AQHI_IDW": 2.5582275374643362, "NearestReading": "2025-11-20 01:00:00-07:00" }, "geometry": { "type": "Point", "coordinates": [ -113.647390115471808, 54.442955046747826 ] } },
{ "type": "Feature", "properties": { "lon": -113.59739011547181, "lat": 54.442955046747826, "AQHI_IDW": 2.5390906527599015, "NearestReading": "2025-11-20 01:00:00-07:00" }, "geometry": { "type": "Point", "coordinates": [ -113.597390115471811, 54.442955046747826 ] } },
{ "type": "Feature", "properties": { "lon": -113.54739011547181, "lat": 54.442955046747826, "AQHI_IDW": 2.5216672720231426, "NearestReading": "2025-11-20 01:00:00-07:00" }, "geometry": { "type": "Point", "coordinates": [ -113.547390115471813, 54.442955046747826 ] } },
{ "type": "Feature", "properties": { "lon": -113.49739011547182, "lat": 54.442955046747826, "AQHI_IDW": 2.5046066138626664, "NearestReading": "2025-11-20 01:00:00-07:00" }, "geometry": { "type": "Point", "coordinates": [ -113.497390115471816, 54.442955046747826 ] } },
{ "type": "Feature", "properties": { "lon": -113.44739011547182, "lat": 54.442955046747826, "AQHI_IDW": 2.4875435183621573, "NearestReading": "2025-11-20 01:00:00-07:00" }, "geometry": { "type": "Point", "coordinates": [ -113.447390115471819, 54.442955046747826 ] } },
{ "type": "Feature", "properties": { "lon": -113.39739011547182, "lat": 54.442955046747826, "AQHI_IDW": 2.3688630412182081, "NearestReading": "2025-11-20 01:00:00-07:00" }, "geometry": { "type": "Point", "coordinates": [ -113.397390115471822, 54.442955046747826 ] } },
{ "type": "Feature", "properties": { "lon": -113.34739011547182, "lat": 54.442955046747826, "AQHI_IDW": 2.3607169047090313, "NearestReading": "2025-11-20 01:00:00-07:00" }, "geometry": { "type": "Point", "coordinates": [ -113.347390115471825, 54.442955046747826 ] } },
{ "type": "Feature", "properties": { "lon": -113.29739011547183, "lat": 54.442955046747826, "AQHI_IDW": 2.3567432170555698, "NearestReading": "2025-11-20 01:00:00-07:00" }, "geometry": { "type": "Point", "coordinates": [ -113.297390115471828, 54.442955046747826 ] } },
{ "type": "Feature", "properties": { "lon": -113.24739011547183, "lat": 54.442955046747826, "AQHI_IDW": 2.3528897814185874, "NearestReading": "2025-11-20 01:00:00-07:00" }, "geometry": { "type": "Point", "coordinates": [ -113.247390115471831, 54.442955046747826 ] } },
{ "type": "Feature", "properties": { "lon": -113.19739011547183, "lat": 54.442955046747826, "AQHI_IDW": 2.3490366471279227, "NearestReading": "2025-11-20 01:00:00-07:00" }, "geometry": { "type": "Point", "coordinates": [ -113.197390115471833, 54.442955046747826 ] } },
{ "type": "Feature", "properties": { "lon": -113.14739011547184, "lat": 54.442955046747826, "AQHI_IDW": 2.3449828346026269, "NearestReading": "2025-11-20 01:00:00-07:00" }, "geometry": { "type": "Point", "coordinates": [ -113.147390115471836, 54.442955046747826 ] } },
{ "type": "Feature", "properties": { "lon": -114.29739011547177, "lat": 54.492955046747824, "AQHI_IDW": 2.2800718137520075, "NearestReading": "2025-11-20 01:00:00-07:00" }, "geometry": { "type": "Point", "coordinates": [ -114.297390115471771, 54.492955046747824 ] } },
{ "type": "Feature", "properties": { "lon": -114.24739011547177, "lat": 54.492955046747824, "AQHI_IDW": 2.2829534005364951, "NearestReading": "2025-11-20 01:00:00-07:00" }, "geometry": { "type": "Point", "coordinates": [ -114.247390115471774, 54.492955046747824 ] } },
{ "type": "Feature", "properties": { "lon": -114.19739011547178, "lat": 54.492955046747824, "AQHI_IDW": 2.2860032268940476, "NearestReading": "2025-11-20 01:00:00-07:00" }, "geometry": { "type": "Point", "coordinates": [ -114.197390115471777, 54.492955046747824 ] } },
{ "type": "Feature", "properties": { "lon": -114.14739011547178, "lat": 54.492955046747824, "AQHI_IDW": 2.2891645437286399, "NearestReading": "2025-11-20 01:00:00-07:00" }, "geometry": { "type": "Point", "coordinates": [ -114.147390115471779, 54.492955046747824 ] } },
{ "type": "Feature", "properties": { "lon": -114.09739011547178, "lat": 54.492955046747824, "AQHI_IDW": 2.43719950233708, "NearestReading": "2025-11-20 01:00:00-07:00" }, "geometry": { "type": "Point", "coordinates": [ -114.097390115471782, 54.492955046747824 ] } },
{ "type": "Feature", "properties": { "lon": -114.04739011547179, "lat": 54.492955046747824, "AQHI_IDW": 2.4382845524637164, "NearestReading": "2025-11-20 01:00:00-07:00" }, "geometry": { "type": "Point", "coordinates": [ -114.047390115471785, 54.492955046747824 ] } },
{ "type": "Feature", "properties": { "lon": -113.99739011547179, "lat": 54.492955046747824, "AQHI_IDW": 2.439263444500384, "NearestReading": "2025-11-20 01:00:00-07:00" }, "geometry": { "type": "Point", "coordinates": [ -113.997390115471788, 54.492955046747824 ] } },
{ "type": "Feature", "properties": { "lon": -113.94739011547179, "lat": 54.492955046747824, "AQHI_IDW": 2.4400258930321916, "NearestReading": "2025-11-20 01:00:00-07:00" }, "geometry": { "type": "Point", "coordinates": [ -113.947390115471791, 54.492955046747824 ] } },
{ "type": "Feature", "properties": { "lon": -113.89739011547179, "lat": 54.492955046747824, "AQHI_IDW": 2.4404472751637809, "NearestReading": "2025-11-20 01:00:00-07:00" }, "geometry": { "type": "Point", "coordinates": [ -113.897390115471794, 54.492955046747824 ] } },
{ "type": "Feature", "properties": { "lon": -113.8473901154718, "lat": 54.492955046747824, "AQHI_IDW": 2.4403948898373429, "NearestReading": "2025-11-20 01:00:00-07:00" }, "geometry": { "type": "Point", "coordinates": [ -113.847390115471796, 54.492955046747824 ] } },
{ "type": "Feature", "properties": { "lon": -113.7973901154718, "lat": 54.492955046747824, "AQHI_IDW": 2.4397369028619775, "NearestReading": "2025-11-20 01:00:00-07:00" }, "geometry": { "type": "Point", "coordinates": [ -113.797390115471799, 54.492955046747824 ] } },
{ "type": "Feature", "properties": { "lon": -113.7473901154718, "lat": 54.492955046747824, "AQHI_IDW": 2.4385356344510893, "NearestReading": "2025-11-20 01:00:00-07:00" }, "geometry": { "type": "Point", "coordinates": [ -113.747390115471802, 54.492955046747824 ] } },
{ "type": "Feature", "properties": { "lon": -113.6973901154718, "lat": 54.492955046747824, "AQHI_IDW": 2.3042870807182361, "NearestReading": "2025-11-20 01:00:00-07:00" }, "geometry": { "type": "Point", "coordinates": [ -113.697390115471805, 54.492955046747824 ] } },
{ "type": "Feature", "properties": { "lon": -113.64739011547181, "lat": 54.492955046747824, "AQHI_IDW": 2.5550622318111929, "NearestReading": "2025-11-20 01:00:00-07:00" }, "geometry": { "type": "Point", "coordinates": [ -113.647390115471808, 54.492955046747824 ] } },
{ "type": "Feature", "properties": { "lon": -113.59739011547181, "lat": 54.492955046747824, "AQHI_IDW": 2.5384230506629426, "NearestReading": "2025-11-20 01:00:00-07:00" }, "geometry": { "type": "Point", "coordinates": [ -113.597390115471811, 54.492955046747824 ] } },
{ "type": "Feature", "properties": { "lon": -113.54739011547181, "lat": 54.492955046747824, "AQHI_IDW": 2.5230318724623495, "NearestReading": "2025-11-20 01:00:00-07:00" }, "geometry": { "type": "Point", "coordinates": [ -113.547390115471813, 54.492955046747824 ] } },
{ "type": "Feature", "properties": { "lon": -113.49739011547182, "lat": 54.492955046747824, "AQHI_IDW": 2.5074733248342764, "NearestReading": "2025-11-20 01:00:00-07:00" }, "geometry": { "type": "Point", "coordinates": [ -113.497390115471816, 54.492955046747824 ] } },
{ "type": "Feature", "properties": { "lon": -113.44739011547182, "lat": 54.492955046747824, "AQHI_IDW": 2.4919074359466649, "NearestReading": "2025-11-20 01:00:00-07:00" }, "geometry": { "type": "Point", "coordinates": [ -113.447390115471819, 54.492955046747824 ] } },
{ "type": "Feature", "properties": { "lon": -113.39739011547182, "lat": 54.492955046747824, "AQHI_IDW": 2.3731663138988379, "NearestReading": "2025-11-20 01:00:00-07:00" }, "geometry": { "type": "Point", "coordinates": [ -113.397390115471822, 54.492955046747824 ] } },
{ "type": "Feature", "properties": { "lon": -113.34739011547182, "lat": 54.492955046747824, "AQHI_IDW": 2.3672176587664677, "NearestReading": "2025-11-20 01:00:00-07:00" }, "geometry": { "type": "Point", "coordinates": [ -113.347390115471825, 54.492955046747824 ] } },
{ "type": "Feature", "properties": { "lon": -113.29739011547183, "lat": 54.492955046747824, "AQHI_IDW": 2.3636237548998662, "NearestReading": "2025-11-20 01:00:00-07:00" }, "geometry": { "type": "Point", "coordinates": [ -113.297390115471828, 54.492955046747824 ] } },
{ "type": "Feature", "properties": { "lon": -113.24739011547183, "lat": 54.492955046747824, "AQHI_IDW": 2.3601109574174632, "NearestReading": "2025-11-20 01:00:00-07:00" }, "geometry": { "type": "Point", "coordinates": [ -113.247390115471831, 54.492955046747824 ] } },
{ "type": "Feature", "properties": { "lon": -113.19739011547183, "lat": 54.492955046747824, "AQHI_IDW": 2.3565888642634834, "NearestReading": "2025-11-20 01:00:00-07:00" }, "geometry": { "type": "Point", "coordinates": [ -113.197390115471833, 54.492955046747824 ] } },
{ "type": "Feature", "properties": { "lon": -113.14739011547184, "lat": 54.492955046747824, "AQHI_IDW": 2.3529294957246139, "NearestReading": "2025-11-20 01:00:00-07:00" }, "geometry": { "type": "Point", "coordinates": [ -113.147390115471836, 54.492955046747824 ] } },
{ "type": "Feature", "properties": { "lon": -113.09739011547184, "lat": 54.492955046747824, "AQHI_IDW": 2.3489907014958638, "NearestReading": "2025-11-20 01:00:00-07:00" }, "geometry": { "type": "Point", "coordinates": [ -113.097390115471839, 54.492955046747824 ] } },
{ "type": "Feature", "properties": { "lon": -113.04739011547184, "lat": 54.492955046747824, "AQHI_IDW": 2.1488360688818879, "NearestReading": "2025-11-20 01:00:00-07:00" }, "geometry": { "type": "Point", "coordinates": [ -113.047390115471842, 54.492955046747824 ] } },
{ "type": "Feature", "properties": { "lon": -112.99739011547184, "lat": 54.492955046747824, "AQHI_IDW": 2.1491257694514063, "NearestReading": "2025-11-20 01:00:00-07:00" }, "geometry": { "type": "Point", "coordinates": [ -112.997390115471845, 54.492955046747824 ] } },
{ "type": "Feature", "properties": { "lon": -112.94739011547185, "lat": 54.492955046747824, "AQHI_IDW": 2.1490508698800834, "NearestReading": "2025-11-20 01:00:00-07:00" }, "geometry": { "type": "Point", "coordinates": [ -112.947390115471848, 54.492955046747824 ] } },
{ "type": "Feature", "properties": { "lon": -112.89739011547185, "lat": 54.492955046747824, "AQHI_IDW": 2.1488254166303538, "NearestReading": "2025-11-20 01:00:00-07:00" }, "geometry": { "type": "Point", "coordinates": [ -112.89739011547185, 54.492955046747824 ] } },
{ "type": "Feature", "properties": { "lon": -112.84739011547185, "lat": 54.492955046747824, "AQHI_IDW": 2.1487834204174137, "NearestReading": "2025-11-20 01:00:00-07:00" }, "geometry": { "type": "Point", "coordinates": [ -112.847390115471853, 54.492955046747824 ] } },
{ "type": "Feature", "properties": { "lon": -114.29739011547177, "lat": 54.542955046747821, "AQHI_IDW": 2.2830954216782615, "NearestReading": "2025-11-20 01:00:00-07:00" }, "geometry": { "type": "Point", "coordinates": [ -114.297390115471771, 54.542955046747821 ] } },
{ "type": "Feature", "properties": { "lon": -114.24739011547177, "lat": 54.542955046747821, "AQHI_IDW": 2.2857248366456528, "NearestReading": "2025-11-20 01:00:00-07:00" }, "geometry": { "type": "Point", "coordinates": [ -114.247390115471774, 54.542955046747821 ] } },
{ "type": "Feature", "properties": { "lon": -114.19739011547178, "lat": 54.542955046747821, "AQHI_IDW": 2.2884712250703174, "NearestReading": "2025-11-20 01:00:00-07:00" }, "geometry": { "type": "Point", "coordinates": [ -114.197390115471777, 54.542955046747821 ] } },
{ "type": "Feature", "properties": { "lon": -114.14739011547178, "lat": 54.542955046747821, "AQHI_IDW": 2.2912803175613954, "NearestReading": "2025-11-20 01:00:00-07:00" }, "geometry": { "type": "Point", "coordinates": [ -114.147390115471779, 54.542955046747821 ] } },
{ "type": "Feature", "properties": { "lon": -114.09739011547178, "lat": 54.542955046747821, "AQHI_IDW": 2.4392928044050142, "NearestReading": "2025-11-20 01:00:00-07:00" }, "geometry": { "type": "Point", "coordinates": [ -114.097390115471782, 54.542955046747821 ] } },
{ "type": "Feature", "properties": { "lon": -114.04739011547179, "lat": 54.542955046747821, "AQHI_IDW": 2.4401009144934203, "NearestReading": "2025-11-20 01:00:00-07:00" }, "geometry": { "type": "Point", "coordinates": [ -114.047390115471785, 54.542955046747821 ] } },
{ "type": "Feature", "properties": { "lon": -113.99739011547179, "lat": 54.542955046747821, "AQHI_IDW": 2.4407831499616361, "NearestReading": "2025-11-20 01:00:00-07:00" }, "geometry": { "type": "Point", "coordinates": [ -113.997390115471788, 54.542955046747821 ] } },
{ "type": "Feature", "properties": { "lon": -113.94739011547179, "lat": 54.542955046747821, "AQHI_IDW": 2.4412488294494206, "NearestReading": "2025-11-20 01:00:00-07:00" }, "geometry": { "type": "Point", "coordinates": [ -113.947390115471791, 54.542955046747821 ] } },
{ "type": "Feature", "properties": { "lon": -113.89739011547179, "lat": 54.542955046747821, "AQHI_IDW": 2.4413985747950742, "NearestReading": "2025-11-20 01:00:00-07:00" }, "geometry": { "type": "Point", "coordinates": [ -113.897390115471794, 54.542955046747821 ] } },
{ "type": "Feature", "properties": { "lon": -113.8473901154718, "lat": 54.542955046747821, "AQHI_IDW": 2.4411296310131099, "NearestReading": "2025-11-20 01:00:00-07:00" }, "geometry": { "type": "Point", "coordinates": [ -113.847390115471796, 54.542955046747821 ] } },
{ "type": "Feature", "properties": { "lon": -113.7973901154718, "lat": 54.542955046747821, "AQHI_IDW": 2.440342974333757, "NearestReading": "2025-11-20 01:00:00-07:00" }, "geometry": { "type": "Point", "coordinates": [ -113.797390115471799, 54.542955046747821 ] } },
{ "type": "Feature", "properties": { "lon": -113.7473901154718, "lat": 54.542955046747821, "AQHI_IDW": 2.4394538871921871, "NearestReading": "2025-11-20 01:00:00-07:00" }, "geometry": { "type": "Point", "coordinates": [ -113.747390115471802, 54.542955046747821 ] } },
{ "type": "Feature", "properties": { "lon": -113.6973901154718, "lat": 54.542955046747821, "AQHI_IDW": 2.3025333816109308, "NearestReading": "2025-11-20 01:00:00-07:00" }, "geometry": { "type": "Point", "coordinates": [ -113.697390115471805, 54.542955046747821 ] } },
{ "type": "Feature", "properties": { "lon": -113.64739011547181, "lat": 54.542955046747821, "AQHI_IDW": 2.5526711154166359, "NearestReading": "2025-11-20 01:00:00-07:00" }, "geometry": { "type": "Point", "coordinates": [ -113.647390115471808, 54.542955046747821 ] } },
{ "type": "Feature", "properties": { "lon": -113.59739011547181, "lat": 54.542955046747821, "AQHI_IDW": 2.5387162456165409, "NearestReading": "2025-11-20 01:00:00-07:00" }, "geometry": { "type": "Point", "coordinates": [ -113.597390115471811, 54.542955046747821 ] } },
{ "type": "Feature", "properties": { "lon": -113.54739011547181, "lat": 54.542955046747821, "AQHI_IDW": 2.5246040090750519, "NearestReading": "2025-11-20 01:00:00-07:00" }, "geometry": { "type": "Point", "coordinates": [ -113.547390115471813, 54.542955046747821 ] } },
{ "type": "Feature", "properties": { "lon": -113.49739011547182, "lat": 54.542955046747821, "AQHI_IDW": 2.5103538413620723, "NearestReading": "2025-11-20 01:00:00-07:00" }, "geometry": { "type": "Point", "coordinates": [ -113.497390115471816, 54.542955046747821 ] } },
{ "type": "Feature", "properties": { "lon": -113.44739011547182, "lat": 54.542955046747821, "AQHI_IDW": 2.4960957843044933, "NearestReading": "2025-11-20 01:00:00-07:00" }, "geometry": { "type": "Point", "coordinates": [ -113.447390115471819, 54.542955046747821 ] } },
{ "type": "Feature", "properties": { "lon": -113.39739011547182, "lat": 54.542955046747821, "AQHI_IDW": 2.3771595314509315, "NearestReading": "2025-11-20 01:00:00-07:00" }, "geometry": { "type": "Point", "coordinates": [ -113.397390115471822, 54.542955046747821 ] } },
{ "type": "Feature", "properties": { "lon": -113.34739011547182, "lat": 54.542955046747821, "AQHI_IDW": 2.3731156040219257, "NearestReading": "2025-11-20 01:00:00-07:00" }, "geometry": { "type": "Point", "coordinates": [ -113.347390115471825, 54.542955046747821 ] } },
{ "type": "Feature", "properties": { "lon": -113.29739011547183, "lat": 54.542955046747821, "AQHI_IDW": 2.3698684423299303, "NearestReading": "2025-11-20 01:00:00-07:00" }, "geometry": { "type": "Point", "coordinates": [ -113.297390115471828, 54.542955046747821 ] } },
{ "type": "Feature", "properties": { "lon": -113.24739011547183, "lat": 54.542955046747821, "AQHI_IDW": 2.3666922560832049, "NearestReading": "2025-11-20 01:00:00-07:00" }, "geometry": { "type": "Point", "coordinates": [ -113.247390115471831, 54.542955046747821 ] } },
{ "type": "Feature", "properties": { "lon": -113.19739011547183, "lat": 54.542955046747821, "AQHI_IDW": 2.3635285252679323, "NearestReading": "2025-11-20 01:00:00-07:00" }, "geometry": { "type": "Point", "coordinates": [ -113.197390115471833, 54.542955046747821 ] } },
{ "type": "Feature", "properties": { "lon": -113.14739011547184, "lat": 54.542955046747821, "AQHI_IDW": 2.3603062735711093, "NearestReading": "2025-11-20 01:00:00-07:00" }, "geometry": { "type": "Point", "coordinates": [ -113.147390115471836, 54.542955046747821 ] } },
{ "type": "Feature", "properties": { "lon": -113.09739011547184, "lat": 54.542955046747821, "AQHI_IDW": 2.3569641729678814, "NearestReading": "2025-11-20 01:00:00-07:00" }, "geometry": { "type": "Point", "coordinates": [ -113.097390115471839, 54.542955046747821 ] } },
{ "type": "Feature", "properties": { "lon": -113.04739011547184, "lat": 54.542955046747821, "AQHI_IDW": 2.1507840677482015, "NearestReading": "2025-11-20 01:00:00-07:00" }, "geometry": { "type": "Point", "coordinates": [ -113.047390115471842, 54.542955046747821 ] } },
{ "type": "Feature", "properties": { "lon": -112.99739011547184, "lat": 54.542955046747821, "AQHI_IDW": 2.1513539188254454, "NearestReading": "2025-11-20 01:00:00-07:00" }, "geometry": { "type": "Point", "coordinates": [ -112.997390115471845, 54.542955046747821 ] } },
{ "type": "Feature", "properties": { "lon": -112.94739011547185, "lat": 54.542955046747821, "AQHI_IDW": 2.1517284152432512, "NearestReading": "2025-11-20 01:00:00-07:00" }, "geometry": { "type": "Point", "coordinates": [ -112.947390115471848, 54.542955046747821 ] } },
{ "type": "Feature", "properties": { "lon": -112.89739011547185, "lat": 54.542955046747821, "AQHI_IDW": 2.152052455559978, "NearestReading": "2025-11-20 01:00:00-07:00" }, "geometry": { "type": "Point", "coordinates": [ -112.89739011547185, 54.542955046747821 ] } },
{ "type": "Feature", "properties": { "lon": -112.84739011547185, "lat": 54.542955046747821, "AQHI_IDW": 2.1525335601728872, "NearestReading": "2025-11-20 01:00:00-07:00" }, "geometry": { "type": "Point", "coordinates": [ -112.847390115471853, 54.542955046747821 ] } },
{ "type": "Feature", "properties": { "lon": -112.79739011547186, "lat": 54.542955046747821, "AQHI_IDW": 2.1521812720641438, "NearestReading": "2025-11-20 01:00:00-07:00" }, "geometry": { "type": "Point", "coordinates": [ -112.797390115471856, 54.542955046747821 ] } },
{ "type": "Feature", "properties": { "lon": -113.64739011547181, "lat": 54.592955046747818, "AQHI_IDW": 2.5520968476515069, "NearestReading": "2025-11-20 01:00:00-07:00" }, "geometry": { "type": "Point", "coordinates": [ -113.647390115471808, 54.592955046747818 ] } },
{ "type": "Feature", "properties": { "lon": -113.59739011547181, "lat": 54.592955046747818, "AQHI_IDW": 2.5393334846813636, "NearestReading": "2025-11-20 01:00:00-07:00" }, "geometry": { "type": "Point", "coordinates": [ -113.597390115471811, 54.592955046747818 ] } },
{ "type": "Feature", "properties": { "lon": -113.54739011547181, "lat": 54.592955046747818, "AQHI_IDW": 2.5263484087916401, "NearestReading": "2025-11-20 01:00:00-07:00" }, "geometry": { "type": "Point", "coordinates": [ -113.547390115471813, 54.592955046747818 ] } },
{ "type": "Feature", "properties": { "lon": -113.49739011547182, "lat": 54.592955046747818, "AQHI_IDW": 2.5132512175029253, "NearestReading": "2025-11-20 01:00:00-07:00" }, "geometry": { "type": "Point", "coordinates": [ -113.497390115471816, 54.592955046747818 ] } },
{ "type": "Feature", "properties": { "lon": -113.44739011547182, "lat": 54.592955046747818, "AQHI_IDW": 2.5001498334076322, "NearestReading": "2025-11-20 01:00:00-07:00" }, "geometry": { "type": "Point", "coordinates": [ -113.447390115471819, 54.592955046747818 ] } },
{ "type": "Feature", "properties": { "lon": -113.39739011547182, "lat": 54.592955046747818, "AQHI_IDW": 2.381550449178035, "NearestReading": "2025-11-20 01:00:00-07:00" }, "geometry": { "type": "Point", "coordinates": [ -113.397390115471822, 54.592955046747818 ] } },
{ "type": "Feature", "properties": { "lon": -113.34739011547182, "lat": 54.592955046747818, "AQHI_IDW": 2.3785277044093367, "NearestReading": "2025-11-20 01:00:00-07:00" }, "geometry": { "type": "Point", "coordinates": [ -113.347390115471825, 54.592955046747818 ] } },
{ "type": "Feature", "properties": { "lon": -113.29739011547183, "lat": 54.592955046747818, "AQHI_IDW": 2.3756048509944732, "NearestReading": "2025-11-20 01:00:00-07:00" }, "geometry": { "type": "Point", "coordinates": [ -113.297390115471828, 54.592955046747818 ] } },
{ "type": "Feature", "properties": { "lon": -113.24739011547183, "lat": 54.592955046747818, "AQHI_IDW": 2.3727587293813679, "NearestReading": "2025-11-20 01:00:00-07:00" }, "geometry": { "type": "Point", "coordinates": [ -113.247390115471831, 54.592955046747818 ] } },
{ "type": "Feature", "properties": { "lon": -113.19739011547183, "lat": 54.592955046747818, "AQHI_IDW": 2.3699574594257284, "NearestReading": "2025-11-20 01:00:00-07:00" }, "geometry": { "type": "Point", "coordinates": [ -113.197390115471833, 54.592955046747818 ] } },
{ "type": "Feature", "properties": { "lon": -113.14739011547184, "lat": 54.592955046747818, "AQHI_IDW": 2.3671695355635274, "NearestReading": "2025-11-20 01:00:00-07:00" }, "geometry": { "type": "Point", "coordinates": [ -113.147390115471836, 54.592955046747818 ] } },
{ "type": "Feature", "properties": { "lon": -113.09739011547184, "lat": 54.592955046747818, "AQHI_IDW": 2.3643809243301743, "NearestReading": "2025-11-20 01:00:00-07:00" }, "geometry": { "type": "Point", "coordinates": [ -113.097390115471839, 54.592955046747818 ] } },
{ "type": "Feature", "properties": { "lon": -113.04739011547184, "lat": 54.592955046747818, "AQHI_IDW": 2.152541852944645, "NearestReading": "2025-11-20 01:00:00-07:00" }, "geometry": { "type": "Point", "coordinates": [ -113.047390115471842, 54.592955046747818 ] } },
{ "type": "Feature", "properties": { "lon": -112.99739011547184, "lat": 54.592955046747818, "AQHI_IDW": 2.1533011892359815, "NearestReading": "2025-11-20 01:00:00-07:00" }, "geometry": { "type": "Point", "coordinates": [ -112.997390115471845, 54.592955046747818 ] } },
{ "type": "Feature", "properties": { "lon": -112.94739011547185, "lat": 54.592955046747818, "AQHI_IDW": 2.1539616189174269, "NearestReading": "2025-11-20 01:00:00-07:00" }, "geometry": { "type": "Point", "coordinates": [ -112.947390115471848, 54.592955046747818 ] } },
{ "type": "Feature", "properties": { "lon": -112.89739011547185, "lat": 54.592955046747818, "AQHI_IDW": 2.1546205051637526, "NearestReading": "2025-11-20 01:00:00-07:00" }, "geometry": { "type": "Point", "coordinates": [ -112.89739011547185, 54.592955046747818 ] } },
{ "type": "Feature", "properties": { "lon": -112.84739011547185, "lat": 54.592955046747818, "AQHI_IDW": 2.2588742766197534, "NearestReading": "2025-11-20 01:00:00-07:00" }, "geometry": { "type": "Point", "coordinates": [ -112.847390115471853, 54.592955046747818 ] } },
{ "type": "Feature", "properties": { "lon": -112.79739011547186, "lat": 54.592955046747818, "AQHI_IDW": 2.1530826408788331, "NearestReading": "2025-11-20 01:00:00-07:00" }, "geometry": { "type": "Point", "coordinates": [ -112.797390115471856, 54.592955046747818 ] } },
{ "type": "Feature", "properties": { "lon": -112.74739011547186, "lat": 54.592955046747818, "AQHI_IDW": 2.1511180665647349, "NearestReading": "2025-11-20 01:00:00-07:00" }, "geometry": { "type": "Point", "coordinates": [ -112.747390115471859, 54.592955046747818 ] } },
{ "type": "Feature", "properties": { "lon": -113.64739011547181, "lat": 54.642955046747815, "AQHI_IDW": 2.5520190803458132, "NearestReading": "2025-11-20 01:00:00-07:00" }, "geometry": { "type": "Point", "coordinates": [ -113.647390115471808, 54.642955046747815 ] } },
{ "type": "Feature", "properties": { "lon": -113.59739011547181, "lat": 54.642955046747815, "AQHI_IDW": 2.5402177948400055, "NearestReading": "2025-11-20 01:00:00-07:00" }, "geometry": { "type": "Point", "coordinates": [ -113.597390115471811, 54.642955046747815 ] } },
{ "type": "Feature", "properties": { "lon": -113.54739011547181, "lat": 54.642955046747815, "AQHI_IDW": 2.5282353046421631, "NearestReading": "2025-11-20 01:00:00-07:00" }, "geometry": { "type": "Point", "coordinates": [ -113.547390115471813, 54.642955046747815 ] } },
{ "type": "Feature", "properties": { "lon": -113.49739011547182, "lat": 54.642955046747815, "AQHI_IDW": 2.5161641515051372, "NearestReading": "2025-11-20 01:00:00-07:00" }, "geometry": { "type": "Point", "coordinates": [ -113.497390115471816, 54.642955046747815 ] } },
{ "type": "Feature", "properties": { "lon": -113.44739011547182, "lat": 54.642955046747815, "AQHI_IDW": 2.5040959112816159, "NearestReading": "2025-11-20 01:00:00-07:00" }, "geometry": { "type": "Point", "coordinates": [ -113.447390115471819, 54.642955046747815 ] } },
{ "type": "Feature", "properties": { "lon": -113.39739011547182, "lat": 54.642955046747815, "AQHI_IDW": 2.3862551756681207, "NearestReading": "2025-11-20 01:00:00-07:00" }, "geometry": { "type": "Point", "coordinates": [ -113.397390115471822, 54.642955046747815 ] } },
{ "type": "Feature", "properties": { "lon": -113.34739011547182, "lat": 54.642955046747815, "AQHI_IDW": 2.3835369901421566, "NearestReading": "2025-11-20 01:00:00-07:00" }, "geometry": { "type": "Point", "coordinates": [ -113.347390115471825, 54.642955046747815 ] } },
{ "type": "Feature", "properties": { "lon": -113.29739011547183, "lat": 54.642955046747815, "AQHI_IDW": 2.3809183779115068, "NearestReading": "2025-11-20 01:00:00-07:00" }, "geometry": { "type": "Point", "coordinates": [ -113.297390115471828, 54.642955046747815 ] } },
{ "type": "Feature", "properties": { "lon": -113.24739011547183, "lat": 54.642955046747815, "AQHI_IDW": 2.3783889138488705, "NearestReading": "2025-11-20 01:00:00-07:00" }, "geometry": { "type": "Point", "coordinates": [ -113.247390115471831, 54.642955046747815 ] } },
{ "type": "Feature", "properties": { "lon": -113.19739011547183, "lat": 54.642955046747815, "AQHI_IDW": 2.3759363157631501, "NearestReading": "2025-11-20 01:00:00-07:00" }, "geometry": { "type": "Point", "coordinates": [ -113.197390115471833, 54.642955046747815 ] } },
{ "type": "Feature", "properties": { "lon": -113.14739011547184, "lat": 54.642955046747815, "AQHI_IDW": 2.3735542337667934, "NearestReading": "2025-11-20 01:00:00-07:00" }, "geometry": { "type": "Point", "coordinates": [ -113.147390115471836, 54.642955046747815 ] } },
{ "type": "Feature", "properties": { "lon": -113.09739011547184, "lat": 54.642955046747815, "AQHI_IDW": 2.3712542728680504, "NearestReading": "2025-11-20 01:00:00-07:00" }, "geometry": { "type": "Point", "coordinates": [ -113.097390115471839, 54.642955046747815 ] } },
{ "type": "Feature", "properties": { "lon": -113.04739011547184, "lat": 54.642955046747815, "AQHI_IDW": 2.1541108583688366, "NearestReading": "2025-11-20 01:00:00-07:00" }, "geometry": { "type": "Point", "coordinates": [ -113.047390115471842, 54.642955046747815 ] } },
{ "type": "Feature", "properties": { "lon": -112.99739011547184, "lat": 54.642955046747815, "AQHI_IDW": 2.1549909711084672, "NearestReading": "2025-11-20 01:00:00-07:00" }, "geometry": { "type": "Point", "coordinates": [ -112.997390115471845, 54.642955046747815 ] } },
{ "type": "Feature", "properties": { "lon": -112.94739011547185, "lat": 54.642955046747815, "AQHI_IDW": 2.1558271606434385, "NearestReading": "2025-11-20 01:00:00-07:00" }, "geometry": { "type": "Point", "coordinates": [ -112.947390115471848, 54.642955046747815 ] } },
{ "type": "Feature", "properties": { "lon": -112.89739011547185, "lat": 54.642955046747815, "AQHI_IDW": 2.2627226951233324, "NearestReading": "2025-11-20 01:00:00-07:00" }, "geometry": { "type": "Point", "coordinates": [ -112.89739011547185, 54.642955046747815 ] } },
{ "type": "Feature", "properties": { "lon": -112.84739011547185, "lat": 54.642955046747815, "AQHI_IDW": 2.2607309488317795, "NearestReading": "2025-11-20 01:00:00-07:00" }, "geometry": { "type": "Point", "coordinates": [ -112.847390115471853, 54.642955046747815 ] } },
{ "type": "Feature", "properties": { "lon": -112.79739011547186, "lat": 54.642955046747815, "AQHI_IDW": 2.1529632475674991, "NearestReading": "2025-11-20 01:00:00-07:00" }, "geometry": { "type": "Point", "coordinates": [ -112.797390115471856, 54.642955046747815 ] } },
{ "type": "Feature", "properties": { "lon": -113.64739011547181, "lat": 54.692955046747812, "AQHI_IDW": 2.5522595404694326, "NearestReading": "2025-11-20 01:00:00-07:00" }, "geometry": { "type": "Point", "coordinates": [ -113.647390115471808, 54.692955046747812 ] } },
{ "type": "Feature", "properties": { "lon": -113.59739011547181, "lat": 54.692955046747812, "AQHI_IDW": 2.5413222881089177, "NearestReading": "2025-11-20 01:00:00-07:00" }, "geometry": { "type": "Point", "coordinates": [ -113.597390115471811, 54.692955046747812 ] } },
{ "type": "Feature", "properties": { "lon": -113.54739011547181, "lat": 54.692955046747812, "AQHI_IDW": 2.5302384478651594, "NearestReading": "2025-11-20 01:00:00-07:00" }, "geometry": { "type": "Point", "coordinates": [ -113.547390115471813, 54.692955046747812 ] } },
{ "type": "Feature", "properties": { "lon": -113.49739011547182, "lat": 54.692955046747812, "AQHI_IDW": 2.5190875469640459, "NearestReading": "2025-11-20 01:00:00-07:00" }, "geometry": { "type": "Point", "coordinates": [ -113.497390115471816, 54.692955046747812 ] } },
{ "type": "Feature", "properties": { "lon": -113.44739011547182, "lat": 54.692955046747812, "AQHI_IDW": 2.5079489061090361, "NearestReading": "2025-11-20 01:00:00-07:00" }, "geometry": { "type": "Point", "coordinates": [ -113.447390115471819, 54.692955046747812 ] } },
{ "type": "Feature", "properties": { "lon": -113.39739011547182, "lat": 54.692955046747812, "AQHI_IDW": 2.3906408678113364, "NearestReading": "2025-11-20 01:00:00-07:00" }, "geometry": { "type": "Point", "coordinates": [ -113.397390115471822, 54.692955046747812 ] } },
{ "type": "Feature", "properties": { "lon": -113.34739011547182, "lat": 54.692955046747812, "AQHI_IDW": 2.3882023281230316, "NearestReading": "2025-11-20 01:00:00-07:00" }, "geometry": { "type": "Point", "coordinates": [ -113.347390115471825, 54.692955046747812 ] } },
{ "type": "Feature", "properties": { "lon": -113.29739011547183, "lat": 54.692955046747812, "AQHI_IDW": 2.3858671961889706, "NearestReading": "2025-11-20 01:00:00-07:00" }, "geometry": { "type": "Point", "coordinates": [ -113.297390115471828, 54.692955046747812 ] } },
{ "type": "Feature", "properties": { "lon": -113.24739011547183, "lat": 54.692955046747812, "AQHI_IDW": 2.3836347448070616, "NearestReading": "2025-11-20 01:00:00-07:00" }, "geometry": { "type": "Point", "coordinates": [ -113.247390115471831, 54.692955046747812 ] } },
{ "type": "Feature", "properties": { "lon": -113.19739011547183, "lat": 54.692955046747812, "AQHI_IDW": 2.3815058871021098, "NearestReading": "2025-11-20 01:00:00-07:00" }, "geometry": { "type": "Point", "coordinates": [ -113.197390115471833, 54.692955046747812 ] } },
{ "type": "Feature", "properties": { "lon": -113.14739011547184, "lat": 54.692955046747812, "AQHI_IDW": 2.3794891156824334, "NearestReading": "2025-11-20 01:00:00-07:00" }, "geometry": { "type": "Point", "coordinates": [ -113.147390115471836, 54.692955046747812 ] } },
{ "type": "Feature", "properties": { "lon": -113.09739011547184, "lat": 54.692955046747812, "AQHI_IDW": 2.3776084821674712, "NearestReading": "2025-11-20 01:00:00-07:00" }, "geometry": { "type": "Point", "coordinates": [ -113.097390115471839, 54.692955046747812 ] } },
{ "type": "Feature", "properties": { "lon": -113.04739011547184, "lat": 54.692955046747812, "AQHI_IDW": 2.15550268555354, "NearestReading": "2025-11-20 01:00:00-07:00" }, "geometry": { "type": "Point", "coordinates": [ -113.047390115471842, 54.692955046747812 ] } },
{ "type": "Feature", "properties": { "lon": -112.99739011547184, "lat": 54.692955046747812, "AQHI_IDW": 2.156453467112021, "NearestReading": "2025-11-20 01:00:00-07:00" }, "geometry": { "type": "Point", "coordinates": [ -112.997390115471845, 54.692955046747812 ] } },
{ "type": "Feature", "properties": { "lon": -112.94739011547185, "lat": 54.692955046747812, "AQHI_IDW": 2.2657109654192, "NearestReading": "2025-11-20 01:00:00-07:00" }, "geometry": { "type": "Point", "coordinates": [ -112.947390115471848, 54.692955046747812 ] } },
{ "type": "Feature", "properties": { "lon": -112.89739011547185, "lat": 54.692955046747812, "AQHI_IDW": 2.2637345546724981, "NearestReading": "2025-11-20 01:00:00-07:00" }, "geometry": { "type": "Point", "coordinates": [ -112.89739011547185, 54.692955046747812 ] } },
{ "type": "Feature", "properties": { "lon": -112.84739011547185, "lat": 54.692955046747812, "AQHI_IDW": 2.2613499808528359, "NearestReading": "2025-11-20 01:00:00-07:00" }, "geometry": { "type": "Point", "coordinates": [ -112.847390115471853, 54.692955046747812 ] } },
{ "type": "Feature", "properties": { "lon": -112.79739011547186, "lat": 54.692955046747812, "AQHI_IDW": 2.1521305550968068, "NearestReading": "2025-11-20 01:00:00-07:00" }, "geometry": { "type": "Point", "coordinates": [ -112.797390115471856, 54.692955046747812 ] } },
{ "type": "Feature", "properties": { "lon": -112.74739011547186, "lat": 54.692955046747812, "AQHI_IDW": 2.1492723262004283, "NearestReading": "2025-11-20 01:00:00-07:00" }, "geometry": { "type": "Point", "coordinates": [ -112.747390115471859, 54.692955046747812 ] } },
{ "type": "Feature", "properties": { "lon": -112.69739011547186, "lat": 54.692955046747812, "AQHI_IDW": 2.1458665167014752, "NearestReading": "2025-11-20 01:00:00-07:00" }, "geometry": { "type": "Point", "coordinates": [ -112.697390115471862, 54.692955046747812 ] } },
{ "type": "Feature", "properties": { "lon": -113.64739011547181, "lat": 54.742955046747809, "AQHI_IDW": 2.5527641983053297, "NearestReading": "2025-11-20 01:00:00-07:00" }, "geometry": { "type": "Point", "coordinates": [ -113.647390115471808, 54.742955046747809 ] } },
{ "type": "Feature", "properties": { "lon": -113.59739011547181, "lat": 54.742955046747809, "AQHI_IDW": 2.5426074756127095, "NearestReading": "2025-11-20 01:00:00-07:00" }, "geometry": { "type": "Point", "coordinates": [ -113.597390115471811, 54.742955046747809 ] } },
{ "type": "Feature", "properties": { "lon": -113.54739011547181, "lat": 54.742955046747809, "AQHI_IDW": 2.5323341150298284, "NearestReading": "2025-11-20 01:00:00-07:00" }, "geometry": { "type": "Point", "coordinates": [ -113.547390115471813, 54.742955046747809 ] } },
{ "type": "Feature", "properties": { "lon": -113.49739011547182, "lat": 54.742955046747809, "AQHI_IDW": 2.5220135476847614, "NearestReading": "2025-11-20 01:00:00-07:00" }, "geometry": { "type": "Point", "coordinates": [ -113.497390115471816, 54.742955046747809 ] } },
{ "type": "Feature", "properties": { "lon": -113.44739011547182, "lat": 54.742955046747809, "AQHI_IDW": 2.3970329027586801, "NearestReading": "2025-11-20 01:00:00-07:00" }, "geometry": { "type": "Point", "coordinates": [ -113.447390115471819, 54.742955046747809 ] } },
{ "type": "Feature", "properties": { "lon": -113.39739011547182, "lat": 54.742955046747809, "AQHI_IDW": 2.3947482350754763, "NearestReading": "2025-11-20 01:00:00-07:00" }, "geometry": { "type": "Point", "coordinates": [ -113.397390115471822, 54.742955046747809 ] } },
{ "type": "Feature", "properties": { "lon": -113.34739011547182, "lat": 54.742955046747809, "AQHI_IDW": 2.3925661434733918, "NearestReading": "2025-11-20 01:00:00-07:00" }, "geometry": { "type": "Point", "coordinates": [ -113.347390115471825, 54.742955046747809 ] } },
{ "type": "Feature", "properties": { "lon": -113.29739011547183, "lat": 54.742955046747809, "AQHI_IDW": 2.3904925124559404, "NearestReading": "2025-11-20 01:00:00-07:00" }, "geometry": { "type": "Point", "coordinates": [ -113.297390115471828, 54.742955046747809 ] } },
{ "type": "Feature", "properties": { "lon": -113.24739011547183, "lat": 54.742955046747809, "AQHI_IDW": 2.3885333387042196, "NearestReading": "2025-11-20 01:00:00-07:00" }, "geometry": { "type": "Point", "coordinates": [ -113.247390115471831, 54.742955046747809 ] } },
{ "type": "Feature", "properties": { "lon": -113.19739011547183, "lat": 54.742955046747809, "AQHI_IDW": 2.3866977198240948, "NearestReading": "2025-11-20 01:00:00-07:00" }, "geometry": { "type": "Point", "coordinates": [ -113.197390115471833, 54.742955046747809 ] } },
{ "type": "Feature", "properties": { "lon": -113.14739011547184, "lat": 54.742955046747809, "AQHI_IDW": 2.3850020843555524, "NearestReading": "2025-11-20 01:00:00-07:00" }, "geometry": { "type": "Point", "coordinates": [ -113.147390115471836, 54.742955046747809 ] } },
{ "type": "Feature", "properties": { "lon": -113.09739011547184, "lat": 54.742955046747809, "AQHI_IDW": 2.3834752688271013, "NearestReading": "2025-11-20 01:00:00-07:00" }, "geometry": { "type": "Point", "coordinates": [ -113.097390115471839, 54.742955046747809 ] } },
{ "type": "Feature", "properties": { "lon": -113.04739011547184, "lat": 54.742955046747809, "AQHI_IDW": 2.1567334418239019, "NearestReading": "2025-11-20 01:00:00-07:00" }, "geometry": { "type": "Point", "coordinates": [ -113.047390115471842, 54.742955046747809 ] } },
{ "type": "Feature", "properties": { "lon": -112.99739011547184, "lat": 54.742955046747809, "AQHI_IDW": 2.2680973843565635, "NearestReading": "2025-11-20 01:00:00-07:00" }, "geometry": { "type": "Point", "coordinates": [ -112.997390115471845, 54.742955046747809 ] } },
{ "type": "Feature", "properties": { "lon": -112.94739011547185, "lat": 54.742955046747809, "AQHI_IDW": 2.2662227434061895, "NearestReading": "2025-11-20 01:00:00-07:00" }, "geometry": { "type": "Point", "coordinates": [ -112.947390115471848, 54.742955046747809 ] } },
{ "type": "Feature", "properties": { "lon": -112.89739011547185, "lat": 54.742955046747809, "AQHI_IDW": 2.2639141881637941, "NearestReading": "2025-11-20 01:00:00-07:00" }, "geometry": { "type": "Point", "coordinates": [ -112.89739011547185, 54.742955046747809 ] } },
{ "type": "Feature", "properties": { "lon": -112.84739011547185, "lat": 54.742955046747809, "AQHI_IDW": 2.2610765425714727, "NearestReading": "2025-11-20 01:00:00-07:00" }, "geometry": { "type": "Point", "coordinates": [ -112.847390115471853, 54.742955046747809 ] } },
{ "type": "Feature", "properties": { "lon": -112.79739011547186, "lat": 54.742955046747809, "AQHI_IDW": 2.2575666037155462, "NearestReading": "2025-11-20 01:00:00-07:00" }, "geometry": { "type": "Point", "coordinates": [ -112.797390115471856, 54.742955046747809 ] } },
{ "type": "Feature", "properties": { "lon": -112.74739011547186, "lat": 54.742955046747809, "AQHI_IDW": 2.1475744631492124, "NearestReading": "2025-11-20 01:00:00-07:00" }, "geometry": { "type": "Point", "coordinates": [ -112.747390115471859, 54.742955046747809 ] } },
{ "type": "Feature", "properties": { "lon": -112.69739011547186, "lat": 54.742955046747809, "AQHI_IDW": 2.1436752318083885, "NearestReading": "2025-11-20 01:00:00-07:00" }, "geometry": { "type": "Point", "coordinates": [ -112.697390115471862, 54.742955046747809 ] } },
{ "type": "Feature", "properties": { "lon": -112.64739011547186, "lat": 54.742955046747809, "AQHI_IDW": 2.1389296039446801, "NearestReading": "2025-11-20 01:00:00-07:00" }, "geometry": { "type": "Point", "coordinates": [ -112.647390115471865, 54.742955046747809 ] } },
{ "type": "Feature", "properties": { "lon": -112.49739011547187, "lat": 54.742955046747809, "AQHI_IDW": 2.1172255224156733, "NearestReading": "2025-11-20 01:00:00-07:00" }, "geometry": { "type": "Point", "coordinates": [ -112.497390115471873, 54.742955046747809 ] } },
{ "type": "Feature", "properties": { "lon": -112.44739011547188, "lat": 54.742955046747809, "AQHI_IDW": 2.1832633894744995, "NearestReading": "2025-11-20 01:00:00-07:00" }, "geometry": { "type": "Point", "coordinates": [ -112.447390115471876, 54.742955046747809 ] } },
{ "type": "Feature", "properties": { "lon": -113.64739011547181, "lat": 54.792955046747807, "AQHI_IDW": 2.5534878331546063, "NearestReading": "2025-11-20 01:00:00-07:00" }, "geometry": { "type": "Point", "coordinates": [ -113.647390115471808, 54.792955046747807 ] } },
{ "type": "Feature", "properties": { "lon": -113.59739011547181, "lat": 54.792955046747807, "AQHI_IDW": 2.5440395653712109, "NearestReading": "2025-11-20 01:00:00-07:00" }, "geometry": { "type": "Point", "coordinates": [ -113.597390115471811, 54.792955046747807 ] } },
{ "type": "Feature", "properties": { "lon": -113.54739011547181, "lat": 54.792955046747807, "AQHI_IDW": 2.5345007086469571, "NearestReading": "2025-11-20 01:00:00-07:00" }, "geometry": { "type": "Point", "coordinates": [ -113.547390115471813, 54.792955046747807 ] } },
{ "type": "Feature", "properties": { "lon": -113.49739011547182, "lat": 54.792955046747807, "AQHI_IDW": 2.5249326820756068, "NearestReading": "2025-11-20 01:00:00-07:00" }, "geometry": { "type": "Point", "coordinates": [ -113.497390115471816, 54.792955046747807 ] } },
{ "type": "Feature", "properties": { "lon": -113.44739011547182, "lat": 54.792955046747807, "AQHI_IDW": 2.4006597384779442, "NearestReading": "2025-11-20 01:00:00-07:00" }, "geometry": { "type": "Point", "coordinates": [ -113.447390115471819, 54.792955046747807 ] } },
{ "type": "Feature", "properties": { "lon": -113.39739011547182, "lat": 54.792955046747807, "AQHI_IDW": 2.3986078706804892, "NearestReading": "2025-11-20 01:00:00-07:00" }, "geometry": { "type": "Point", "coordinates": [ -113.397390115471822, 54.792955046747807 ] } },
{ "type": "Feature", "properties": { "lon": -113.34739011547182, "lat": 54.792955046747807, "AQHI_IDW": 2.3966599904618184, "NearestReading": "2025-11-20 01:00:00-07:00" }, "geometry": { "type": "Point", "coordinates": [ -113.347390115471825, 54.792955046747807 ] } },
{ "type": "Feature", "properties": { "lon": -113.29739011547183, "lat": 54.792955046747807, "AQHI_IDW": 2.3948251598072634, "NearestReading": "2025-11-20 01:00:00-07:00" }, "geometry": { "type": "Point", "coordinates": [ -113.297390115471828, 54.792955046747807 ] } },
{ "type": "Feature", "properties": { "lon": -113.24739011547183, "lat": 54.792955046747807, "AQHI_IDW": 2.3931136252226608, "NearestReading": "2025-11-20 01:00:00-07:00" }, "geometry": { "type": "Point", "coordinates": [ -113.247390115471831, 54.792955046747807 ] } },
{ "type": "Feature", "properties": { "lon": -113.19739011547183, "lat": 54.792955046747807, "AQHI_IDW": 2.3915390638147964, "NearestReading": "2025-11-20 01:00:00-07:00" }, "geometry": { "type": "Point", "coordinates": [ -113.197390115471833, 54.792955046747807 ] } },
{ "type": "Feature", "properties": { "lon": -113.14739011547184, "lat": 54.792955046747807, "AQHI_IDW": 2.3901214545250289, "NearestReading": "2025-11-20 01:00:00-07:00" }, "geometry": { "type": "Point", "coordinates": [ -113.147390115471836, 54.792955046747807 ] } },
{ "type": "Feature", "properties": { "lon": -113.09739011547184, "lat": 54.792955046747807, "AQHI_IDW": 2.3888901885740963, "NearestReading": "2025-11-20 01:00:00-07:00" }, "geometry": { "type": "Point", "coordinates": [ -113.097390115471839, 54.792955046747807 ] } },
{ "type": "Feature", "properties": { "lon": -113.04739011547184, "lat": 54.792955046747807, "AQHI_IDW": 2.2700940599701913, "NearestReading": "2025-11-20 01:00:00-07:00" }, "geometry": { "type": "Point", "coordinates": [ -113.047390115471842, 54.792955046747807 ] } },
{ "type": "Feature", "properties": { "lon": -112.99739011547184, "lat": 54.792955046747807, "AQHI_IDW": 2.2683369811559362, "NearestReading": "2025-11-20 01:00:00-07:00" }, "geometry": { "type": "Point", "coordinates": [ -112.997390115471845, 54.792955046747807 ] } },
{ "type": "Feature", "properties": { "lon": -112.94739011547185, "lat": 54.792955046747807, "AQHI_IDW": 2.2661658383339338, "NearestReading": "2025-11-20 01:00:00-07:00" }, "geometry": { "type": "Point", "coordinates": [ -112.947390115471848, 54.792955046747807 ] } },
{ "type": "Feature", "properties": { "lon": -112.89739011547185, "lat": 54.792955046747807, "AQHI_IDW": 2.2634913761719138, "NearestReading": "2025-11-20 01:00:00-07:00" }, "geometry": { "type": "Point", "coordinates": [ -112.89739011547185, 54.792955046747807 ] } },
{ "type": "Feature", "properties": { "lon": -112.84739011547185, "lat": 54.792955046747807, "AQHI_IDW": 2.2601944871862831, "NearestReading": "2025-11-20 01:00:00-07:00" }, "geometry": { "type": "Point", "coordinates": [ -112.847390115471853, 54.792955046747807 ] } },
{ "type": "Feature", "properties": { "lon": -112.79739011547186, "lat": 54.792955046747807, "AQHI_IDW": 2.2561130531395568, "NearestReading": "2025-11-20 01:00:00-07:00" }, "geometry": { "type": "Point", "coordinates": [ -112.797390115471856, 54.792955046747807 ] } },
{ "type": "Feature", "properties": { "lon": -112.74739011547186, "lat": 54.792955046747807, "AQHI_IDW": 2.1456583578848218, "NearestReading": "2025-11-20 01:00:00-07:00" }, "geometry": { "type": "Point", "coordinates": [ -112.747390115471859, 54.792955046747807 ] } },
{ "type": "Feature", "properties": { "lon": -112.69739011547186, "lat": 54.792955046747807, "AQHI_IDW": 2.1413669272310494, "NearestReading": "2025-11-20 01:00:00-07:00" }, "geometry": { "type": "Point", "coordinates": [ -112.697390115471862, 54.792955046747807 ] } },
{ "type": "Feature", "properties": { "lon": -112.64739011547186, "lat": 54.792955046747807, "AQHI_IDW": 2.1361910820400696, "NearestReading": "2025-11-20 01:00:00-07:00" }, "geometry": { "type": "Point", "coordinates": [ -112.647390115471865, 54.792955046747807 ] } },
{ "type": "Feature", "properties": { "lon": -112.59739011547187, "lat": 54.792955046747807, "AQHI_IDW": 2.1299276267946357, "NearestReading": "2025-11-20 01:00:00-07:00" }, "geometry": { "type": "Point", "coordinates": [ -112.597390115471867, 54.792955046747807 ] } },
{ "type": "Feature", "properties": { "lon": -112.54739011547187, "lat": 54.792955046747807, "AQHI_IDW": 2.122368868125617, "NearestReading": "2025-11-20 01:00:00-07:00" }, "geometry": { "type": "Point", "coordinates": [ -112.54739011547187, 54.792955046747807 ] } },
{ "type": "Feature", "properties": { "lon": -112.49739011547187, "lat": 54.792955046747807, "AQHI_IDW": 2.1959839234241825, "NearestReading": "2025-11-20 01:00:00-07:00" }, "geometry": { "type": "Point", "coordinates": [ -112.497390115471873, 54.792955046747807 ] } },
{ "type": "Feature", "properties": { "lon": -112.44739011547188, "lat": 54.792955046747807, "AQHI_IDW": 2.1766020118621192, "NearestReading": "2025-11-20 01:00:00-07:00" }, "geometry": { "type": "Point", "coordinates": [ -112.447390115471876, 54.792955046747807 ] } },
{ "type": "Feature", "properties": { "lon": -113.64739011547181, "lat": 54.842955046747804, "AQHI_IDW": 2.5543921677314025, "NearestReading": "2025-11-20 01:00:00-07:00" }, "geometry": { "type": "Point", "coordinates": [ -113.647390115471808, 54.842955046747804 ] } },
{ "type": "Feature", "properties": { "lon": -113.59739011547181, "lat": 54.842955046747804, "AQHI_IDW": 2.5455893785989629, "NearestReading": "2025-11-20 01:00:00-07:00" }, "geometry": { "type": "Point", "coordinates": [ -113.597390115471811, 54.842955046747804 ] } },
{ "type": "Feature", "properties": { "lon": -113.54739011547181, "lat": 54.842955046747804, "AQHI_IDW": 2.5367186533334536, "NearestReading": "2025-11-20 01:00:00-07:00" }, "geometry": { "type": "Point", "coordinates": [ -113.547390115471813, 54.842955046747804 ] } },
{ "type": "Feature", "properties": { "lon": -113.49739011547182, "lat": 54.842955046747804, "AQHI_IDW": 2.5278348829183086, "NearestReading": "2025-11-20 01:00:00-07:00" }, "geometry": { "type": "Point", "coordinates": [ -113.497390115471816, 54.842955046747804 ] } },
{ "type": "Feature", "properties": { "lon": -113.44739011547182, "lat": 54.842955046747804, "AQHI_IDW": 2.4040837805940742, "NearestReading": "2025-11-20 01:00:00-07:00" }, "geometry": { "type": "Point", "coordinates": [ -113.447390115471819, 54.842955046747804 ] } },
{ "type": "Feature", "properties": { "lon": -113.39739011547182, "lat": 54.842955046747804, "AQHI_IDW": 2.4022433959272713, "NearestReading": "2025-11-20 01:00:00-07:00" }, "geometry": { "type": "Point", "coordinates": [ -113.397390115471822, 54.842955046747804 ] } },
{ "type": "Feature", "properties": { "lon": -113.34739011547182, "lat": 54.842955046747804, "AQHI_IDW": 2.4005083425582283, "NearestReading": "2025-11-20 01:00:00-07:00" }, "geometry": { "type": "Point", "coordinates": [ -113.347390115471825, 54.842955046747804 ] } },
{ "type": "Feature", "properties": { "lon": -113.29739011547183, "lat": 54.842955046747804, "AQHI_IDW": 2.3988896460172566, "NearestReading": "2025-11-20 01:00:00-07:00" }, "geometry": { "type": "Point", "coordinates": [ -113.297390115471828, 54.842955046747804 ] } },
{ "type": "Feature", "properties": { "lon": -113.24739011547183, "lat": 54.842955046747804, "AQHI_IDW": 2.3973999243871322, "NearestReading": "2025-11-20 01:00:00-07:00" }, "geometry": { "type": "Point", "coordinates": [ -113.247390115471831, 54.842955046747804 ] } },
{ "type": "Feature", "properties": { "lon": -113.19739011547183, "lat": 54.842955046747804, "AQHI_IDW": 2.3960549893483161, "NearestReading": "2025-11-20 01:00:00-07:00" }, "geometry": { "type": "Point", "coordinates": [ -113.197390115471833, 54.842955046747804 ] } },
{ "type": "Feature", "properties": { "lon": -113.14739011547184, "lat": 54.842955046747804, "AQHI_IDW": 2.3948757176639317, "NearestReading": "2025-11-20 01:00:00-07:00" }, "geometry": { "type": "Point", "coordinates": [ -113.147390115471836, 54.842955046747804 ] } },
{ "type": "Feature", "properties": { "lon": -113.09739011547184, "lat": 54.842955046747804, "AQHI_IDW": 2.2718499180223395, "NearestReading": "2025-11-20 01:00:00-07:00" }, "geometry": { "type": "Point", "coordinates": [ -113.097390115471839, 54.842955046747804 ] } },
{ "type": "Feature", "properties": { "lon": -113.04739011547184, "lat": 54.842955046747804, "AQHI_IDW": 2.2701995775292962, "NearestReading": "2025-11-20 01:00:00-07:00" }, "geometry": { "type": "Point", "coordinates": [ -113.047390115471842, 54.842955046747804 ] } },
{ "type": "Feature", "properties": { "lon": -112.99739011547184, "lat": 54.842955046747804, "AQHI_IDW": 2.2681762903604392, "NearestReading": "2025-11-20 01:00:00-07:00" }, "geometry": { "type": "Point", "coordinates": [ -112.997390115471845, 54.842955046747804 ] } },
{ "type": "Feature", "properties": { "lon": -112.94739011547185, "lat": 54.842955046747804, "AQHI_IDW": 2.2656975700672835, "NearestReading": "2025-11-20 01:00:00-07:00" }, "geometry": { "type": "Point", "coordinates": [ -112.947390115471848, 54.842955046747804 ] } },
{ "type": "Feature", "properties": { "lon": -112.89739011547185, "lat": 54.842955046747804, "AQHI_IDW": 2.2626610342915039, "NearestReading": "2025-11-20 01:00:00-07:00" }, "geometry": { "type": "Point", "coordinates": [ -112.89739011547185, 54.842955046747804 ] } },
{ "type": "Feature", "properties": { "lon": -112.84739011547185, "lat": 54.842955046747804, "AQHI_IDW": 2.258935986682312, "NearestReading": "2025-11-20 01:00:00-07:00" }, "geometry": { "type": "Point", "coordinates": [ -112.847390115471853, 54.842955046747804 ] } },
{ "type": "Feature", "properties": { "lon": -112.79739011547186, "lat": 54.842955046747804, "AQHI_IDW": 2.2543546143345359, "NearestReading": "2025-11-20 01:00:00-07:00" }, "geometry": { "type": "Point", "coordinates": [ -112.797390115471856, 54.842955046747804 ] } },
{ "type": "Feature", "properties": { "lon": -112.74739011547186, "lat": 54.842955046747804, "AQHI_IDW": 2.1436865706225388, "NearestReading": "2025-11-20 01:00:00-07:00" }, "geometry": { "type": "Point", "coordinates": [ -112.747390115471859, 54.842955046747804 ] } },
{ "type": "Feature", "properties": { "lon": -112.69739011547186, "lat": 54.842955046747804, "AQHI_IDW": 2.1391076013399197, "NearestReading": "2025-11-20 01:00:00-07:00" }, "geometry": { "type": "Point", "coordinates": [ -112.697390115471862, 54.842955046747804 ] } },
{ "type": "Feature", "properties": { "lon": -112.64739011547186, "lat": 54.842955046747804, "AQHI_IDW": 2.1336434347013444, "NearestReading": "2025-11-20 01:00:00-07:00" }, "geometry": { "type": "Point", "coordinates": [ -112.647390115471865, 54.842955046747804 ] } },
{ "type": "Feature", "properties": { "lon": -112.59739011547187, "lat": 54.842955046747804, "AQHI_IDW": 2.1271233396642897, "NearestReading": "2025-11-20 01:00:00-07:00" }, "geometry": { "type": "Point", "coordinates": [ -112.597390115471867, 54.842955046747804 ] } },
{ "type": "Feature", "properties": { "lon": -112.54739011547187, "lat": 54.842955046747804, "AQHI_IDW": 2.1193814860407092, "NearestReading": "2025-11-20 01:00:00-07:00" }, "geometry": { "type": "Point", "coordinates": [ -112.54739011547187, 54.842955046747804 ] } },
{ "type": "Feature", "properties": { "lon": -112.49739011547187, "lat": 54.842955046747804, "AQHI_IDW": 2.1910151394447643, "NearestReading": "2025-11-20 01:00:00-07:00" }, "geometry": { "type": "Point", "coordinates": [ -112.497390115471873, 54.842955046747804 ] } },
{ "type": "Feature", "properties": { "lon": -112.44739011547188, "lat": 54.842955046747804, "AQHI_IDW": 2.1718850919121255, "NearestReading": "2025-11-20 01:00:00-07:00" }, "geometry": { "type": "Point", "coordinates": [ -112.447390115471876, 54.842955046747804 ] } },
{ "type": "Feature", "properties": { "lon": -113.64739011547181, "lat": 54.892955046747801, "AQHI_IDW": 2.5554445598994247, "NearestReading": "2025-11-20 01:00:00-07:00" }, "geometry": { "type": "Point", "coordinates": [ -113.647390115471808, 54.892955046747801 ] } },
{ "type": "Feature", "properties": { "lon": -113.59739011547181, "lat": 54.892955046747801, "AQHI_IDW": 2.5472316357363338, "NearestReading": "2025-11-20 01:00:00-07:00" }, "geometry": { "type": "Point", "coordinates": [ -113.597390115471811, 54.892955046747801 ] } },
{ "type": "Feature", "properties": { "lon": -113.54739011547181, "lat": 54.892955046747801, "AQHI_IDW": 2.5389703991967472, "NearestReading": "2025-11-20 01:00:00-07:00" }, "geometry": { "type": "Point", "coordinates": [ -113.547390115471813, 54.892955046747801 ] } },
{ "type": "Feature", "properties": { "lon": -113.49739011547182, "lat": 54.892955046747801, "AQHI_IDW": 2.5307102777162656, "NearestReading": "2025-11-20 01:00:00-07:00" }, "geometry": { "type": "Point", "coordinates": [ -113.497390115471816, 54.892955046747801 ] } },
{ "type": "Feature", "properties": { "lon": -113.44739011547182, "lat": 54.892955046747801, "AQHI_IDW": 2.4073223791003664, "NearestReading": "2025-11-20 01:00:00-07:00" }, "geometry": { "type": "Point", "coordinates": [ -113.447390115471819, 54.892955046747801 ] } },
{ "type": "Feature", "properties": { "lon": -113.39739011547182, "lat": 54.892955046747801, "AQHI_IDW": 2.4056736837607811, "NearestReading": "2025-11-20 01:00:00-07:00" }, "geometry": { "type": "Point", "coordinates": [ -113.397390115471822, 54.892955046747801 ] } },
{ "type": "Feature", "properties": { "lon": -113.34739011547182, "lat": 54.892955046747801, "AQHI_IDW": 2.4041310664211748, "NearestReading": "2025-11-20 01:00:00-07:00" }, "geometry": { "type": "Point", "coordinates": [ -113.347390115471825, 54.892955046747801 ] } },
{ "type": "Feature", "properties": { "lon": -113.29739011547183, "lat": 54.892955046747801, "AQHI_IDW": 2.4027065534780436, "NearestReading": "2025-11-20 01:00:00-07:00" }, "geometry": { "type": "Point", "coordinates": [ -113.297390115471828, 54.892955046747801 ] } },
{ "type": "Feature", "properties": { "lon": -113.24739011547183, "lat": 54.892955046747801, "AQHI_IDW": 2.4014137971634595, "NearestReading": "2025-11-20 01:00:00-07:00" }, "geometry": { "type": "Point", "coordinates": [ -113.247390115471831, 54.892955046747801 ] } },
{ "type": "Feature", "properties": { "lon": -113.19739011547183, "lat": 54.892955046747801, "AQHI_IDW": 2.4002691676587431, "NearestReading": "2025-11-20 01:00:00-07:00" }, "geometry": { "type": "Point", "coordinates": [ -113.197390115471833, 54.892955046747801 ] } },
{ "type": "Feature", "properties": { "lon": -113.14739011547184, "lat": 54.892955046747801, "AQHI_IDW": 2.2734606280491296, "NearestReading": "2025-11-20 01:00:00-07:00" }, "geometry": { "type": "Point", "coordinates": [ -113.147390115471836, 54.892955046747801 ] } },
{ "type": "Feature", "properties": { "lon": -113.09739011547184, "lat": 54.892955046747801, "AQHI_IDW": 2.271899540851865, "NearestReading": "2025-11-20 01:00:00-07:00" }, "geometry": { "type": "Point", "coordinates": [ -113.097390115471839, 54.892955046747801 ] } },
{ "type": "Feature", "properties": { "lon": -113.04739011547184, "lat": 54.892955046747801, "AQHI_IDW": 2.2700133009356933, "NearestReading": "2025-11-20 01:00:00-07:00" }, "geometry": { "type": "Point", "coordinates": [ -113.047390115471842, 54.892955046747801 ] } },
{ "type": "Feature", "properties": { "lon": -112.99739011547184, "lat": 54.892955046747801, "AQHI_IDW": 2.2677277501281528, "NearestReading": "2025-11-20 01:00:00-07:00" }, "geometry": { "type": "Point", "coordinates": [ -112.997390115471845, 54.892955046747801 ] } },
{ "type": "Feature", "properties": { "lon": -112.94739011547185, "lat": 54.892955046747801, "AQHI_IDW": 2.2649544317540249, "NearestReading": "2025-11-20 01:00:00-07:00" }, "geometry": { "type": "Point", "coordinates": [ -112.947390115471848, 54.892955046747801 ] } },
{ "type": "Feature", "properties": { "lon": -112.89739011547185, "lat": 54.892955046747801, "AQHI_IDW": 2.2615854436855476, "NearestReading": "2025-11-20 01:00:00-07:00" }, "geometry": { "type": "Point", "coordinates": [ -112.89739011547185, 54.892955046747801 ] } },
{ "type": "Feature", "properties": { "lon": -112.84739011547185, "lat": 54.892955046747801, "AQHI_IDW": 2.2574875891396577, "NearestReading": "2025-11-20 01:00:00-07:00" }, "geometry": { "type": "Point", "coordinates": [ -112.847390115471853, 54.892955046747801 ] } },
{ "type": "Feature", "properties": { "lon": -112.79739011547186, "lat": 54.892955046747801, "AQHI_IDW": 2.2524968814488266, "NearestReading": "2025-11-20 01:00:00-07:00" }, "geometry": { "type": "Point", "coordinates": [ -112.797390115471856, 54.892955046747801 ] } },
{ "type": "Feature", "properties": { "lon": -112.74739011547186, "lat": 54.892955046747801, "AQHI_IDW": 2.2464150295118226, "NearestReading": "2025-11-20 01:00:00-07:00" }, "geometry": { "type": "Point", "coordinates": [ -112.747390115471859, 54.892955046747801 ] } },
{ "type": "Feature", "properties": { "lon": -112.69739011547186, "lat": 54.892955046747801, "AQHI_IDW": 2.1370161246421913, "NearestReading": "2025-11-20 01:00:00-07:00" }, "geometry": { "type": "Point", "coordinates": [ -112.697390115471862, 54.892955046747801 ] } },
{ "type": "Feature", "properties": { "lon": -112.64739011547186, "lat": 54.892955046747801, "AQHI_IDW": 2.1313956640077398, "NearestReading": "2025-11-20 01:00:00-07:00" }, "geometry": { "type": "Point", "coordinates": [ -112.647390115471865, 54.892955046747801 ] } },
{ "type": "Feature", "properties": { "lon": -112.59739011547187, "lat": 54.892955046747801, "AQHI_IDW": 2.124780472304781, "NearestReading": "2025-11-20 01:00:00-07:00" }, "geometry": { "type": "Point", "coordinates": [ -112.597390115471867, 54.892955046747801 ] } },
{ "type": "Feature", "properties": { "lon": -112.54739011547187, "lat": 54.892955046747801, "AQHI_IDW": 2.2042258673184851, "NearestReading": "2025-11-20 01:00:00-07:00" }, "geometry": { "type": "Point", "coordinates": [ -112.54739011547187, 54.892955046747801 ] } },
{ "type": "Feature", "properties": { "lon": -112.49739011547187, "lat": 54.892955046747801, "AQHI_IDW": 2.1875426447856761, "NearestReading": "2025-11-20 01:00:00-07:00" }, "geometry": { "type": "Point", "coordinates": [ -112.497390115471873, 54.892955046747801 ] } },
{ "type": "Feature", "properties": { "lon": -112.44739011547188, "lat": 54.892955046747801, "AQHI_IDW": 2.169037450418049, "NearestReading": "2025-11-20 01:00:00-07:00" }, "geometry": { "type": "Point", "coordinates": [ -112.447390115471876, 54.892955046747801 ] } },
{ "type": "Feature", "properties": { "lon": -113.34739011547182, "lat": 54.942955046747798, "AQHI_IDW": 2.4075449876032513, "NearestReading": "2025-11-20 01:00:00-07:00" }, "geometry": { "type": "Point", "coordinates": [ -113.347390115471825, 54.942955046747798 ] } },
{ "type": "Feature", "properties": { "lon": -113.29739011547183, "lat": 54.942955046747798, "AQHI_IDW": 2.406293921512809, "NearestReading": "2025-11-20 01:00:00-07:00" }, "geometry": { "type": "Point", "coordinates": [ -113.297390115471828, 54.942955046747798 ] } },
{ "type": "Feature", "properties": { "lon": -113.24739011547183, "lat": 54.942955046747798, "AQHI_IDW": 2.4051749607940858, "NearestReading": "2025-11-20 01:00:00-07:00" }, "geometry": { "type": "Point", "coordinates": [ -113.247390115471831, 54.942955046747798 ] } },
{ "type": "Feature", "properties": { "lon": -113.19739011547183, "lat": 54.942955046747798, "AQHI_IDW": 2.2749836764123046, "NearestReading": "2025-11-20 01:00:00-07:00" }, "geometry": { "type": "Point", "coordinates": [ -113.197390115471833, 54.942955046747798 ] } },
{ "type": "Feature", "properties": { "lon": -113.14739011547184, "lat": 54.942955046747798, "AQHI_IDW": 2.2734955544261553, "NearestReading": "2025-11-20 01:00:00-07:00" }, "geometry": { "type": "Point", "coordinates": [ -113.147390115471836, 54.942955046747798 ] } },
{ "type": "Feature", "properties": { "lon": -113.09739011547184, "lat": 54.942955046747798, "AQHI_IDW": 2.2717290547503564, "NearestReading": "2025-11-20 01:00:00-07:00" }, "geometry": { "type": "Point", "coordinates": [ -113.097390115471839, 54.942955046747798 ] } },
{ "type": "Feature", "properties": { "lon": -113.04739011547184, "lat": 54.942955046747798, "AQHI_IDW": 2.2696191717415659, "NearestReading": "2025-11-20 01:00:00-07:00" }, "geometry": { "type": "Point", "coordinates": [ -113.047390115471842, 54.942955046747798 ] } },
{ "type": "Feature", "properties": { "lon": -112.99739011547184, "lat": 54.942955046747798, "AQHI_IDW": 2.2670899804654114, "NearestReading": "2025-11-20 01:00:00-07:00" }, "geometry": { "type": "Point", "coordinates": [ -112.997390115471845, 54.942955046747798 ] } },
{ "type": "Feature", "properties": { "lon": -112.94739011547185, "lat": 54.942955046747798, "AQHI_IDW": 2.2640515421333678, "NearestReading": "2025-11-20 01:00:00-07:00" }, "geometry": { "type": "Point", "coordinates": [ -112.947390115471848, 54.942955046747798 ] } },
{ "type": "Feature", "properties": { "lon": -112.89739011547185, "lat": 54.942955046747798, "AQHI_IDW": 2.2603962133317963, "NearestReading": "2025-11-20 01:00:00-07:00" }, "geometry": { "type": "Point", "coordinates": [ -112.89739011547185, 54.942955046747798 ] } },
{ "type": "Feature", "properties": { "lon": -112.84739011547185, "lat": 54.942955046747798, "AQHI_IDW": 2.2559948740943767, "NearestReading": "2025-11-20 01:00:00-07:00" }, "geometry": { "type": "Point", "coordinates": [ -112.847390115471853, 54.942955046747798 ] } },
{ "type": "Feature", "properties": { "lon": -112.79739011547186, "lat": 54.942955046747798, "AQHI_IDW": 2.2506939754223154, "NearestReading": "2025-11-20 01:00:00-07:00" }, "geometry": { "type": "Point", "coordinates": [ -112.797390115471856, 54.942955046747798 ] } },
{ "type": "Feature", "properties": { "lon": -112.74739011547186, "lat": 54.942955046747798, "AQHI_IDW": 2.2443147259937968, "NearestReading": "2025-11-20 01:00:00-07:00" }, "geometry": { "type": "Point", "coordinates": [ -112.747390115471859, 54.942955046747798 ] } },
{ "type": "Feature", "properties": { "lon": -112.69739011547186, "lat": 54.942955046747798, "AQHI_IDW": 2.1351698426095487, "NearestReading": "2025-11-20 01:00:00-07:00" }, "geometry": { "type": "Point", "coordinates": [ -112.697390115471862, 54.942955046747798 ] } },
{ "type": "Feature", "properties": { "lon": -112.64739011547186, "lat": 54.942955046747798, "AQHI_IDW": 2.1295099748151989, "NearestReading": "2025-11-20 01:00:00-07:00" }, "geometry": { "type": "Point", "coordinates": [ -112.647390115471865, 54.942955046747798 ] } },
{ "type": "Feature", "properties": { "lon": -112.59739011547187, "lat": 54.942955046747798, "AQHI_IDW": 2.1229367374773749, "NearestReading": "2025-11-20 01:00:00-07:00" }, "geometry": { "type": "Point", "coordinates": [ -112.597390115471867, 54.942955046747798 ] } },
{ "type": "Feature", "properties": { "lon": -112.54739011547187, "lat": 54.942955046747798, "AQHI_IDW": 2.2015831555813659, "NearestReading": "2025-11-20 01:00:00-07:00" }, "geometry": { "type": "Point", "coordinates": [ -112.54739011547187, 54.942955046747798 ] } },
{ "type": "Feature", "properties": { "lon": -112.49739011547187, "lat": 54.942955046747798, "AQHI_IDW": 2.185480886141129, "NearestReading": "2025-11-20 01:00:00-07:00" }, "geometry": { "type": "Point", "coordinates": [ -112.497390115471873, 54.942955046747798 ] } },
{ "type": "Feature", "properties": { "lon": -112.44739011547188, "lat": 54.942955046747798, "AQHI_IDW": 2.1678669955644354, "NearestReading": "2025-11-20 01:00:00-07:00" }, "geometry": { "type": "Point", "coordinates": [ -112.447390115471876, 54.942955046747798 ] } },
{ "type": "Feature", "properties": { "lon": -113.34739011547182, "lat": 54.992955046747795, "AQHI_IDW": 2.4107648580284375, "NearestReading": "2025-11-20 01:00:00-07:00" }, "geometry": { "type": "Point", "coordinates": [ -113.347390115471825, 54.992955046747795 ] } },
{ "type": "Feature", "properties": { "lon": -113.29739011547183, "lat": 54.992955046747795, "AQHI_IDW": 2.4096680235545094, "NearestReading": "2025-11-20 01:00:00-07:00" }, "geometry": { "type": "Point", "coordinates": [ -113.297390115471828, 54.992955046747795 ] } },
{ "type": "Feature", "properties": { "lon": -113.24739011547183, "lat": 54.992955046747795, "AQHI_IDW": 2.2780401285046592, "NearestReading": "2025-11-20 01:00:00-07:00" }, "geometry": { "type": "Point", "coordinates": [ -113.247390115471831, 54.992955046747795 ] } },
{ "type": "Feature", "properties": { "lon": -113.19739011547183, "lat": 54.992955046747795, "AQHI_IDW": 2.2750234754051535, "NearestReading": "2025-11-20 01:00:00-07:00" }, "geometry": { "type": "Point", "coordinates": [ -113.197390115471833, 54.992955046747795 ] } },
{ "type": "Feature", "properties": { "lon": -113.14739011547184, "lat": 54.992955046747795, "AQHI_IDW": 2.2733594575491254, "NearestReading": "2025-11-20 01:00:00-07:00" }, "geometry": { "type": "Point", "coordinates": [ -113.147390115471836, 54.992955046747795 ] } },
{ "type": "Feature", "properties": { "lon": -113.09739011547184, "lat": 54.992955046747795, "AQHI_IDW": 2.2714034416436242, "NearestReading": "2025-11-20 01:00:00-07:00" }, "geometry": { "type": "Point", "coordinates": [ -113.097390115471839, 54.992955046747795 ] } },
{ "type": "Feature", "properties": { "lon": -113.04739011547184, "lat": 54.992955046747795, "AQHI_IDW": 2.2690908799773797, "NearestReading": "2025-11-20 01:00:00-07:00" }, "geometry": { "type": "Point", "coordinates": [ -113.047390115471842, 54.992955046747795 ] } },
{ "type": "Feature", "properties": { "lon": -112.99739011547184, "lat": 54.992955046747795, "AQHI_IDW": 2.266346682214734, "NearestReading": "2025-11-20 01:00:00-07:00" }, "geometry": { "type": "Point", "coordinates": [ -112.997390115471845, 54.992955046747795 ] } },
{ "type": "Feature", "properties": { "lon": -112.94739011547185, "lat": 54.992955046747795, "AQHI_IDW": 2.2630829443221425, "NearestReading": "2025-11-20 01:00:00-07:00" }, "geometry": { "type": "Point", "coordinates": [ -112.947390115471848, 54.992955046747795 ] } },
{ "type": "Feature", "properties": { "lon": -112.69739011547186, "lat": 54.992955046747795, "AQHI_IDW": 2.133611325582256, "NearestReading": "2025-11-20 01:00:00-07:00" }, "geometry": { "type": "Point", "coordinates": [ -112.697390115471862, 54.992955046747795 ] } },
{ "type": "Feature", "properties": { "lon": -112.64739011547186, "lat": 54.992955046747795, "AQHI_IDW": 2.1280102662398974, "NearestReading": "2025-11-20 01:00:00-07:00" }, "geometry": { "type": "Point", "coordinates": [ -112.647390115471865, 54.992955046747795 ] } },
{ "type": "Feature", "properties": { "lon": -112.59739011547187, "lat": 54.992955046747795, "AQHI_IDW": 2.121588602019179, "NearestReading": "2025-11-20 01:00:00-07:00" }, "geometry": { "type": "Point", "coordinates": [ -112.597390115471867, 54.992955046747795 ] } },
{ "type": "Feature", "properties": { "lon": -112.54739011547187, "lat": 54.992955046747795, "AQHI_IDW": 2.2000051970919383, "NearestReading": "2025-11-20 01:00:00-07:00" }, "geometry": { "type": "Point", "coordinates": [ -112.54739011547187, 54.992955046747795 ] } },
{ "type": "Feature", "properties": { "lon": -112.49739011547187, "lat": 54.992955046747795, "AQHI_IDW": 2.1846724986943471, "NearestReading": "2025-11-20 01:00:00-07:00" }, "geometry": { "type": "Point", "coordinates": [ -112.497390115471873, 54.992955046747795 ] } },
{ "type": "Feature", "properties": { "lon": -112.44739011547188, "lat": 54.992955046747795, "AQHI_IDW": 2.1681166201737061, "NearestReading": "2025-11-20 01:00:00-07:00" }, "geometry": { "type": "Point", "coordinates": [ -112.447390115471876, 54.992955046747795 ] } }
]
}
